fasta_id	enzyme_id	true_labels	predicted_labels	true_vector	pred_vector	score_vector
Aagr_HCT6_QPI70575.1	Aagr_HCT6_QPI70575.1	acceptor_superclass::Phenolic acids (C6-C1);acceptor_superclass::Small peptides	acceptor_superclass::Coumarins;acceptor_superclass::Cyclic polyketides;acceptor_superclass::Diterpenoids;acceptor_superclass::Fatty acyls;acceptor_superclass::Lysine alkaloids;acceptor_superclass::Monoterpenoids;acceptor_superclass::Phenanthrenoids;acceptor_superclass::Phenylethanoids (C6-C2);acceptor_superclass::Phenylpropanoids (C6-C3);acceptor_superclass::Pseudoalkaloids;acceptor_superclass::Saccharides;acceptor_superclass::Small peptides;acceptor_superclass::Steroids;acceptor_superclass::Triterpenoids;acceptor_superclass::Tyrosine alkaloids	0,0,0,0,0,0,0,0,0,0,0,0,0,1,0,0,0,0,1,0,0,0,0	1,1,1,0,1,0,0,0,1,1,0,0,1,0,1,1,1,1,1,1,1,0,1	0.010794,0.004016,0.120985,-0.083286,0.003932,-0.009386,-0.152709,-0.106807,0.125743,0.007058,-0.003316,-0.045003,0.133481,-0.002980,0.265555,0.259553,0.132756,0.160111,0.056764,0.102492,0.029987,-0.112090,0.029447
Aagr_HFT-like_Aagr000038l.49.1	Aagr_HFT-like_Aagr000038l.49.1	acceptor_superclass::Fatty Acids and Conjugates	acceptor_superclass::Diterpenoids;acceptor_superclass::Lysine alkaloids;acceptor_superclass::Ornithine alkaloids;acceptor_superclass::Phenolic acids (C6-C1);acceptor_superclass::Phenylpropanoids (C6-C3);acceptor_superclass::Pseudoalkaloids;acceptor_superclass::Small peptides;acceptor_superclass::Tryptophan alkaloids	0,0,0,1,0,0,0,0,0,0,0,0,0,0,0,0,0,0,0,0,0,0,0	0,0,1,0,0,0,0,0,1,0,0,1,0,1,0,1,1,0,1,0,0,1,0	-0.778497,-0.444972,0.167976,-0.006678,-0.175833,-0.256822,-0.262041,-0.548485,0.068749,-0.188361,-0.029176,0.182521,-0.660150,0.070062,-0.235694,0.137757,0.078461,-0.253728,0.007843,-0.366417,-0.675956,0.030918,-0.045620
Abel_TS_WPF47615.1	Abel_TS_WPF47615.1		acceptor_superclass::Fatty acyls;acceptor_superclass::Flavonoids;acceptor_superclass::Isoflavonoids;acceptor_superclass::Ornithine alkaloids;acceptor_superclass::Phenolic acids (C6-C1);acceptor_superclass::Small peptides;acceptor_superclass::Tryptophan alkaloids	0,0,0,0,0,0,0,0,0,0,0,0,0,0,0,0,0,0,0,0,0,0,0	0,0,0,0,1,1,1,0,0,0,0,1,0,1,0,0,0,0,1,0,0,1,0	-1.758281,-1.066326,-0.473283,-0.976596,0.447940,1.115763,0.286713,-2.572305,-1.265910,-0.069927,-0.400180,0.636609,-1.277834,0.474595,-0.589633,-0.454600,-0.380438,-0.750854,0.829846,-0.580441,-0.754991,0.095480,-0.274763
Achi_AT16_PSS01274.1	Achi_AT16_PSS01274.1	acceptor_superclass::Fatty acyls	acceptor_superclass::Diterpenoids;acceptor_superclass::Fatty Acids and Conjugates;acceptor_superclass::Lysine alkaloids;acceptor_superclass::Naphthalenes;acceptor_superclass::Ornithine alkaloids;acceptor_superclass::Phenolic acids (C6-C1);acceptor_superclass::Phenylpropanoids (C6-C3);acceptor_superclass::Pseudoalkaloids;acceptor_superclass::Small peptides	0,0,0,0,1,0,0,0,0,0,0,0,0,0,0,0,0,0,0,0,0,0,0	0,0,1,1,0,0,0,0,1,0,1,1,0,1,0,1,1,0,1,0,0,0,0	-0.679273,-0.394180,0.050093,0.090761,-0.254442,-0.096859,-0.164787,-0.282028,0.356913,-0.221020,0.091643,0.188720,-0.463449,0.132711,-0.134302,0.100272,0.088053,-0.201110,0.035239,-0.148587,-0.545732,-0.053613,-0.109005
Achi_FHT_PSR89440.1	Achi_FHT_PSR89440.1	acceptor_superclass::Fatty Acids and Conjugates;acceptor_superclass::Fatty acyls	acceptor_superclass::Fatty Acids and Conjugates;acceptor_superclass::Fatty acyls;acceptor_superclass::Phenylpropanoids (C6-C3);acceptor_superclass::Small peptides	0,0,0,1,1,0,0,0,0,0,0,0,0,0,0,0,0,0,0,0,0,0,0	0,0,0,1,1,0,0,0,0,0,0,0,0,0,0,1,0,0,1,0,0,0,0	-1.315927,-4.085011,-1.415742,0.235125,0.237050,-0.589193,-1.726246,-1.361626,-1.045080,-0.362961,-1.608427,-0.335821,-1.067747,-0.045507,-0.232589,0.312765,-0.097455,-1.734318,0.229216,-1.603319,-0.263805,-0.615859,-0.251942
Aeri_AT9_AIC83789.1	Aeri_AT9_AIC83789.1	acceptor_superclass::Fatty acyls	acceptor_superclass::Ornithine alkaloids;acceptor_superclass::Phenylethanoids (C6-C2);acceptor_superclass::Pseudoalkaloids	0,0,0,0,1,0,0,0,0,0,0,0,0,0,0,0,0,0,0,0,0,0,0	0,0,0,0,0,0,0,0,0,0,0,1,0,0,1,0,1,0,0,0,0,0,0	-1.856458,-1.732211,-1.590773,-0.622058,-0.187986,-1.034028,-2.836486,-4.112971,-3.590983,-0.548021,-1.611807,0.019524,-0.526404,-1.662369,0.141690,-0.369985,0.031767,-2.113877,-0.212690,-1.799094,-0.583161,-1.078537,-0.588964
Aeuc_AAT1_BDW80083.1	Aeuc_AAT1_BDW80083.1	acceptor_superclass::Naphthalenes	acceptor_superclass::Diterpenoids;acceptor_superclass::Fatty acyls;acceptor_superclass::Lysine alkaloids;acceptor_superclass::Monoterpenoids;acceptor_superclass::Naphthalenes;acceptor_superclass::Phenylpropanoids (C6-C3);acceptor_superclass::Triterpenoids;acceptor_superclass::Tryptophan alkaloids	0,0,0,0,0,0,0,0,0,0,1,0,0,0,0,0,0,0,0,0,0,0,0	0,0,1,0,1,0,0,0,1,1,1,0,0,0,0,1,0,0,0,0,1,1,0	-1.438092,-2.792172,0.933445,-2.750951,0.190450,-0.901913,-3.060702,-1.462751,0.170916,1.098665,0.076120,-1.180969,-0.697661,-2.099560,-0.273177,0.918294,-0.638331,-0.069966,-1.231600,-1.257857,0.112371,0.375640,-1.039583
Aeuc_AAT2_BDW80089.1	Aeuc_AAT2_BDW80089.1	acceptor_superclass::Naphthalenes	acceptor_superclass::Diterpenoids;acceptor_superclass::Lysine alkaloids;acceptor_superclass::Naphthalenes;acceptor_superclass::Ornithine alkaloids;acceptor_superclass::Phenylpropanoids (C6-C3);acceptor_superclass::Pseudoalkaloids;acceptor_superclass::Tryptophan alkaloids	0,0,0,0,0,0,0,0,0,0,1,0,0,0,0,0,0,0,0,0,0,0,0	0,0,1,0,0,0,0,0,1,0,1,1,0,0,0,1,1,0,0,0,0,1,0	-0.934217,-0.851204,0.220494,-0.212648,-0.178374,-0.340307,-0.505963,-0.672360,0.238168,-0.242625,0.046866,0.169565,-0.580432,-0.064083,-0.196665,0.170060,0.123471,-0.393360,-0.109722,-0.337042,-0.863310,0.035681,-0.062191
Aeuc_SAT2_BDW80080.1	Aeuc_SAT2_BDW80080.1	acceptor_superclass::Naphthalenes	acceptor_superclass::Naphthalenes;acceptor_superclass::Triterpenoids;acceptor_superclass::Tryptophan alkaloids;acceptor_superclass::Tyrosine alkaloids	0,0,0,0,0,0,0,0,0,0,1,0,0,0,0,0,0,0,0,0,0,0,0	0,0,0,0,0,0,0,0,0,0,1,0,0,0,0,0,0,0,0,0,1,1,1	-7.266893,-4.300185,-1.906664,-5.264651,-0.773217,-2.697137,-5.353978,-2.645960,-8.413606,-0.640687,3.017498,-0.863036,-4.960389,-6.949304,-1.496226,-0.570914,-0.935011,-4.293508,-8.456814,-10.152072,3.171281,2.947343,1.064969
Amem_AT7-3_WMQ79387.1	Amem_AT7-3_WMQ79387.1	acceptor_superclass::Triterpenoids	acceptor_superclass::Coumarins;acceptor_superclass::Cyclic polyketides;acceptor_superclass::Diterpenoids;acceptor_superclass::Lysine alkaloids;acceptor_superclass::Monoterpenoids;acceptor_superclass::Phenanthrenoids;acceptor_superclass::Phenylethanoids (C6-C2);acceptor_superclass::Phenylpropanoids (C6-C3);acceptor_superclass::Pseudoalkaloids;acceptor_superclass::Saccharides;acceptor_superclass::Small peptides;acceptor_superclass::Steroids;acceptor_superclass::Triterpenoids;acceptor_superclass::Tyrosine alkaloids	0,0,0,0,0,0,0,0,0,0,0,0,0,0,0,0,0,0,0,0,1,0,0	1,1,1,0,0,0,0,0,1,1,0,0,1,0,1,1,1,1,1,1,1,0,1	0.031327,0.013121,0.179562,-0.088489,-0.017772,-0.044066,-0.232793,-0.116223,0.136515,0.017584,-0.026283,-0.044795,0.131145,-0.062324,0.303737,0.333322,0.199622,0.241235,0.030358,0.170473,0.058910,-0.139538,0.066808
Arac_HPT1_QAA12830.1	Arac_HPT1_QAA12830.1	acceptor_superclass::Phenylpropanoids (C6-C3)	acceptor_superclass::Fatty acyls;acceptor_superclass::Flavonoids;acceptor_superclass::Isoflavonoids;acceptor_superclass::Monoterpenoids;acceptor_superclass::Ornithine alkaloids;acceptor_superclass::Phenolic acids (C6-C1);acceptor_superclass::Small peptides;acceptor_superclass::Tryptophan alkaloids	0,0,0,0,0,0,0,0,0,0,0,0,0,0,0,1,0,0,0,0,0,0,0	0,0,0,0,1,1,1,0,0,1,0,1,0,1,0,0,0,0,1,0,0,1,0	-0.980667,-0.539497,-0.252940,-0.447642,0.183740,0.644655,0.175476,-1.441864,-0.719409,0.007112,-0.344931,0.331674,-0.668348,0.223803,-0.311098,-0.238195,-0.205464,-0.356634,0.411921,-0.346577,-0.420400,0.008846,-0.080803
Asat_HCBT_BAC78635.1	Asat_HCBT_BAC78635.1	acceptor_superclass::Small peptides	acceptor_superclass::Fatty Acids and Conjugates;acceptor_superclass::Fatty acyls;acceptor_superclass::Lignans;acceptor_superclass::Phenolic acids (C6-C1);acceptor_superclass::Phenylethanoids (C6-C2);acceptor_superclass::Phenylpropanoids (C6-C3);acceptor_superclass::Pseudoalkaloids;acceptor_superclass::Small peptides;acceptor_superclass::Tyrosine alkaloids	0,0,0,0,0,0,0,0,0,0,0,0,0,0,0,0,0,0,1,0,0,0,0	0,0,0,1,1,0,0,1,0,0,0,0,0,1,1,1,1,0,1,0,0,0,1	-1.990234,-4.316581,-2.251026,0.826037,0.258728,-0.459314,-2.228153,0.249027,-1.843604,-0.753653,-2.903910,-0.215024,-1.802043,1.470758,0.300142,0.264450,0.386905,-1.196730,1.324945,-2.080038,-0.673426,-1.367383,0.471730
Asat_HHT1_BAC78633.1	Asat_HHT1_BAC78633.1	acceptor_superclass::Phenolic acids (C6-C1)	acceptor_superclass::Coumarins;acceptor_superclass::Cyclic polyketides;acceptor_superclass::Diterpenoids;acceptor_superclass::Lysine alkaloids;acceptor_superclass::Monoterpenoids;acceptor_superclass::Phenanthrenoids;acceptor_superclass::Phenylethanoids (C6-C2);acceptor_superclass::Phenylpropanoids (C6-C3);acceptor_superclass::Pseudoalkaloids;acceptor_superclass::Saccharides;acceptor_superclass::Small peptides;acceptor_superclass::Steroids;acceptor_superclass::Triterpenoids;acceptor_superclass::Tyrosine alkaloids	0,0,0,0,0,0,0,0,0,0,0,0,0,1,0,0,0,0,0,0,0,0,0	1,1,1,0,0,0,0,0,1,1,0,0,1,0,1,1,1,1,1,1,1,0,1	0.020821,0.014083,0.142871,-0.083281,-0.007015,-0.024871,-0.167943,-0.110124,0.133473,0.013965,-0.007780,-0.046945,0.132904,-0.019722,0.269000,0.274517,0.150085,0.183137,0.045599,0.125913,0.041167,-0.117807,0.045208
Asat_HHT4_QDC27803.1	Asat_HHT4_QDC27803.1	acceptor_superclass::Phenolic acids (C6-C1)	acceptor_superclass::Flavonoids;acceptor_superclass::Phenolic acids (C6-C1);acceptor_superclass::Pseudoalkaloids;acceptor_superclass::Small peptides;acceptor_superclass::Tyrosine alkaloids	0,0,0,0,0,0,0,0,0,0,0,0,0,1,0,0,0,0,0,0,0,0,0	0,0,0,0,0,1,0,0,0,0,0,0,0,1,0,0,1,0,1,0,0,0,1	-0.529488,-3.716258,-2.587779,-0.160287,-1.387684,0.478163,-0.504949,-1.194176,-2.942821,-1.825133,-1.486423,-0.238901,-0.180202,0.169580,-0.570405,-1.088717,0.314526,-2.637718,0.453802,-0.685199,-0.448431,-1.813966,0.153957
Asch_AKS1_URS65387.1	Asch_AKS1_URS65387.1	acceptor_superclass::Tryptophan alkaloids	acceptor_superclass::Coumarins;acceptor_superclass::Cyclic polyketides;acceptor_superclass::Diterpenoids;acceptor_superclass::Lysine alkaloids;acceptor_superclass::Monoterpenoids;acceptor_superclass::Phenanthrenoids;acceptor_superclass::Phenylethanoids (C6-C2);acceptor_superclass::Phenylpropanoids (C6-C3);acceptor_superclass::Pseudoalkaloids;acceptor_superclass::Saccharides;acceptor_superclass::Small peptides;acceptor_superclass::Steroids;acceptor_superclass::Triterpenoids;acceptor_superclass::Tyrosine alkaloids	0,0,0,0,0,0,0,0,0,0,0,0,0,0,0,0,0,0,0,0,0,1,0	1,1,1,0,0,0,0,0,1,1,0,0,1,0,1,1,1,1,1,1,1,0,1	0.044386,0.025392,0.213021,-0.091438,-0.035674,-0.067740,-0.266919,-0.123939,0.145546,0.024732,-0.036129,-0.046603,0.129070,-0.091343,0.312094,0.361397,0.231426,0.281957,0.013659,0.206309,0.074434,-0.152960,0.093322
Asch_AKS2_URS65388.1	Asch_AKS2_URS65388.1	acceptor_superclass::Tryptophan alkaloids	acceptor_superclass::Diterpenoids;acceptor_superclass::Lysine alkaloids;acceptor_superclass::Ornithine alkaloids;acceptor_superclass::Phenylpropanoids (C6-C3);acceptor_superclass::Pseudoalkaloids;acceptor_superclass::Tryptophan alkaloids;acceptor_superclass::Tyrosine alkaloids	0,0,0,0,0,0,0,0,0,0,0,0,0,0,0,0,0,0,0,0,0,1,0	0,0,1,0,0,0,0,0,1,0,0,1,0,0,0,1,1,0,0,0,0,1,1	-0.742005,-0.826389,0.225987,-0.309664,-0.097898,-0.381110,-0.462961,-0.661883,0.088935,-0.103753,-0.039472,0.095001,-0.378074,-0.115569,-0.093528,0.212912,0.118919,-0.337479,-0.136223,-0.363169,-0.728702,0.011522,0.023794
Asin_FMT_AHL24755.1	Asin_FMT_AHL24755.1	acceptor_superclass::Phenylpropanoids (C6-C3)	acceptor_superclass::Coumarins;acceptor_superclass::Cyclic polyketides;acceptor_superclass::Diterpenoids;acceptor_superclass::Lysine alkaloids;acceptor_superclass::Monoterpenoids;acceptor_superclass::Phenanthrenoids;acceptor_superclass::Phenylethanoids (C6-C2);acceptor_superclass::Phenylpropanoids (C6-C3);acceptor_superclass::Pseudoalkaloids;acceptor_superclass::Saccharides;acceptor_superclass::Small peptides;acceptor_superclass::Steroids;acceptor_superclass::Triterpenoids;acceptor_superclass::Tyrosine alkaloids	0,0,0,0,0,0,0,0,0,0,0,0,0,0,0,1,0,0,0,0,0,0,0	1,1,1,0,0,0,0,0,1,1,0,0,1,0,1,1,1,1,1,1,1,0,1	0.056974,0.023739,0.249811,-0.096747,-0.041791,-0.077851,-0.330929,-0.124012,0.150406,0.026486,-0.052074,-0.047017,0.130203,-0.132038,0.356121,0.422952,0.277013,0.337011,0.002733,0.255331,0.090663,-0.172285,0.109306
Atha_3AT1_AEE27636.1	Atha_3AT1_AEE27636.1	acceptor_superclass::Flavonoids	acceptor_superclass::Coumarins;acceptor_superclass::Flavonoids;acceptor_superclass::Isoflavonoids;acceptor_superclass::Naphthalenes;acceptor_superclass::Ornithine alkaloids;acceptor_superclass::Phenanthrenoids;acceptor_superclass::Pseudoalkaloids;acceptor_superclass::Steroids;acceptor_superclass::Triterpenoids	0,0,0,0,0,1,0,0,0,0,0,0,0,0,0,0,0,0,0,0,0,0,0	1,0,0,0,0,1,1,0,0,0,1,1,1,0,0,0,1,0,0,1,1,0,0	1.096179,-3.622595,-4.104522,-0.830082,-4.003904,2.234158,2.353758,-4.132232,-4.941579,-3.972708,0.121692,0.372077,1.118898,-1.251945,-1.697774,-2.349698,0.839640,-4.566537,-0.931535,1.258763,0.300510,-0.974598,-0.614635
Atha_3AT2_AAF86513.1	Atha_3AT2_AAF86513.1	acceptor_superclass::Flavonoids	acceptor_superclass::Coumarins;acceptor_superclass::Flavonoids;acceptor_superclass::Isoflavonoids;acceptor_superclass::Naphthalenes;acceptor_superclass::Ornithine alkaloids;acceptor_superclass::Phenanthrenoids;acceptor_superclass::Pseudoalkaloids;acceptor_superclass::Steroids;acceptor_superclass::Triterpenoids	0,0,0,0,0,1,0,0,0,0,0,0,0,0,0,0,0,0,0,0,0,0,0	1,0,0,0,0,1,1,0,0,0,1,1,1,0,0,0,1,0,0,1,1,0,0	0.898204,-2.627690,-3.480474,-0.715643,-3.322968,2.061953,2.267879,-3.129350,-3.847946,-3.224781,0.237243,0.082553,0.924689,-1.119548,-1.628742,-1.723117,0.593360,-3.497184,-0.898647,1.379334,0.166632,-0.629311,-0.585589
Atha_5MAT_BAB01191.1	Atha_5MAT_BAB01191.1	acceptor_superclass::Flavonoids	acceptor_superclass::Coumarins;acceptor_superclass::Flavonoids;acceptor_superclass::Isoflavonoids;acceptor_superclass::Naphthalenes;acceptor_superclass::Phenanthrenoids;acceptor_superclass::Steroids	0,0,0,0,0,1,0,0,0,0,0,0,0,0,0,0,0,0,0,0,0,0,0	1,0,0,0,0,1,1,0,0,0,1,0,1,0,0,0,0,0,0,1,0,0,0	1.909734,-2.184406,-9.166472,-2.461221,-2.597139,3.685398,4.170784,-13.109056,-11.020672,-2.896673,1.474180,-0.571128,0.407690,-5.596185,-3.803222,-3.939295,-0.723589,-7.740826,-4.416386,1.925305,-3.108470,-3.802139,-2.405474
Atha_ACT1_NP_200924.1	Atha_ACT1_NP_200924.1	acceptor_superclass::Ornithine alkaloids;acceptor_superclass::Pseudoalkaloids	acceptor_superclass::Fatty acyls;acceptor_superclass::Flavonoids;acceptor_superclass::Isoflavonoids;acceptor_superclass::Ornithine alkaloids;acceptor_superclass::Phenolic acids (C6-C1);acceptor_superclass::Small peptides;acceptor_superclass::Tryptophan alkaloids	0,0,0,0,0,0,0,0,0,0,0,1,0,0,0,0,1,0,0,0,0,0,0	0,0,0,0,1,1,1,0,0,0,0,1,0,1,0,0,0,0,1,0,0,1,0	-0.674073,-0.407138,-0.312163,-0.420764,0.020043,0.610381,0.229488,-1.145835,-0.661108,-0.006861,-0.348243,0.287802,-0.363218,0.240564,-0.130720,-0.116755,-0.211809,-0.425560,0.368803,-0.205994,-0.312231,0.072356,-0.140369
Atha_HHT1_AAL34170.1	Atha_ASFT_NP_851111.1	acceptor_superclass::Fatty Acids and Conjugates;acceptor_superclass::Fatty acyls	acceptor_superclass::Diterpenoids;acceptor_superclass::Monoterpenoids;acceptor_superclass::Triterpenoids	0,0,0,1,1,0,0,0,0,0,0,0,0,0,0,0,0,0,0,0,0,0,0	0,0,1,0,0,0,0,0,0,1,0,0,0,0,0,0,0,0,0,0,1,0,0	-8.424044,-8.937970,1.245697,-4.056771,-1.398302,-0.644704,-8.532084,-2.399437,-3.420602,0.228109,-3.084670,-2.068652,-5.667447,-1.746860,-1.732751,-0.019866,-1.628420,-5.092976,-4.134109,-11.318045,0.288799,-0.924151,-0.103008
Atha_AT3G47170_NP_190301.2	Atha_AT3G47170_NP_190301.2	acceptor_superclass::Ornithine alkaloids;acceptor_superclass::Pseudoalkaloids	acceptor_superclass::Diterpenoids;acceptor_superclass::Ornithine alkaloids;acceptor_superclass::Phenylethanoids (C6-C2);acceptor_superclass::Phenylpropanoids (C6-C3);acceptor_superclass::Pseudoalkaloids;acceptor_superclass::Tyrosine alkaloids	0,0,0,0,0,0,0,0,0,0,0,1,0,0,0,0,1,0,0,0,0,0,0	0,0,1,0,0,0,0,0,0,0,0,1,0,0,1,1,1,0,0,0,0,0,1	-0.738756,-0.748897,0.230706,-0.333655,-0.331093,-0.265354,-0.190607,-0.609197,-0.031521,-0.109743,-0.192155,0.170378,-0.339354,-0.048022,0.117176,0.312406,0.290089,-0.430808,-0.134305,-0.262602,-0.616766,-0.296853,0.110810
Atha_PHT_OAO95042.1	Atha_AT5G07080_OAO95042.1	acceptor_superclass::Ornithine alkaloids;acceptor_superclass::Pseudoalkaloids	acceptor_superclass::Coumarins;acceptor_superclass::Cyclic polyketides;acceptor_superclass::Diterpenoids;acceptor_superclass::Lysine alkaloids;acceptor_superclass::Monoterpenoids;acceptor_superclass::Phenanthrenoids;acceptor_superclass::Phenylethanoids (C6-C2);acceptor_superclass::Phenylpropanoids (C6-C3);acceptor_superclass::Pseudoalkaloids;acceptor_superclass::Saccharides;acceptor_superclass::Small peptides;acceptor_superclass::Steroids;acceptor_superclass::Triterpenoids;acceptor_superclass::Tyrosine alkaloids	0,0,0,0,0,0,0,0,0,0,0,1,0,0,0,0,1,0,0,0,0,0,0	1,1,1,0,0,0,0,0,1,1,0,0,1,0,1,1,1,1,1,1,1,0,1	0.054491,0.003615,0.242378,-0.098995,-0.012341,-0.036323,-0.339221,-0.105709,0.143645,0.014335,-0.045731,-0.049656,0.137694,-0.123515,0.396970,0.440780,0.269569,0.326849,0.022733,0.258110,0.080571,-0.164457,0.082054
Atha_BIA1_CAB10319.1	Atha_BIA1_CAB10319.1	acceptor_superclass::Steroids	acceptor_superclass::Naphthalenes;acceptor_superclass::Triterpenoids;acceptor_superclass::Tryptophan alkaloids;acceptor_superclass::Tyrosine alkaloids	0,0,0,0,0,0,0,0,0,0,0,0,0,0,0,0,0,0,0,1,0,0,0	0,0,0,0,0,0,0,0,0,0,1,0,0,0,0,0,0,0,0,0,1,1,1	-4.923023,-3.852266,-0.714805,-3.378823,-1.053565,-2.808552,-4.515870,-2.646497,-6.256207,-0.345727,0.614982,-0.679696,-1.251659,-4.881425,-0.503949,-0.380211,-0.511589,-2.260910,-6.332395,-7.365243,0.705893,1.977164,1.057639
Atha_CHAT_AAN09797.1	Atha_CHAT_AAN09797.1	acceptor_superclass::Fatty acyls;acceptor_superclass::Monoterpenoids;acceptor_superclass::Phenylethanoids (C6-C2);acceptor_superclass::Phenylpropanoids (C6-C3)	acceptor_superclass::Diterpenoids;acceptor_superclass::Ornithine alkaloids;acceptor_superclass::Phenylpropanoids (C6-C3);acceptor_superclass::Pseudoalkaloids;acceptor_superclass::Tyrosine alkaloids	0,0,0,0,1,0,0,0,0,1,0,0,0,0,1,1,0,0,0,0,0,0,0	0,0,1,0,0,0,0,0,0,0,0,1,0,0,0,1,1,0,0,0,0,0,1	-0.952101,-1.422673,0.335016,-0.755520,-0.141667,-0.665838,-0.719917,-1.029341,-0.212079,-0.016253,-0.259234,0.001836,-0.463710,-0.355865,-0.007367,0.422732,0.272907,-0.659816,-0.299378,-0.608241,-1.107379,-0.134413,0.273295
Atha_COSY_AEE31013.1	Atha_COSY_AEE31013.1		acceptor_superclass::Diterpenoids;acceptor_superclass::Lysine alkaloids;acceptor_superclass::Ornithine alkaloids;acceptor_superclass::Phenolic acids (C6-C1);acceptor_superclass::Phenylethanoids (C6-C2);acceptor_superclass::Phenylpropanoids (C6-C3);acceptor_superclass::Pseudoalkaloids;acceptor_superclass::Tyrosine alkaloids	0,0,0,0,0,0,0,0,0,0,0,0,0,0,0,0,0,0,0,0,0,0,0	0,0,1,0,0,0,0,0,1,0,0,1,0,1,1,1,1,0,0,0,0,0,1	-0.660985,-0.576793,0.218652,-0.160397,-0.354151,-0.175435,-0.053230,-0.488078,0.087499,-0.170860,-0.076910,0.256632,-0.329522,0.037045,0.021919,0.232796,0.270442,-0.297478,-0.067667,-0.154172,-0.522217,-0.246362,0.044984
Atha_DCF_AAQ62868.1	Atha_DCF_AAQ62868.1	acceptor_superclass::Fatty Acids and Conjugates;acceptor_superclass::Fatty acyls	acceptor_superclass::Pseudoalkaloids;acceptor_superclass::Triterpenoids;acceptor_superclass::Tryptophan alkaloids	0,0,0,1,1,0,0,0,0,0,0,0,0,0,0,0,0,0,0,0,0,0,0	0,0,0,0,0,0,0,0,0,0,0,0,0,0,0,0,1,0,0,0,1,1,0	-0.670402,-3.030778,-1.164681,-0.313662,-0.704521,-0.028945,-0.596577,-0.937349,-1.399175,-0.666956,-0.343706,-0.394720,-0.700778,-0.606442,-0.554112,-0.155737,0.030278,-1.291827,-0.250445,-0.551671,0.147485,0.181327,-0.075731
Atha_EPS1_NP_201517.1	Atha_EPS1_NP_201517.1		acceptor_superclass::Fatty Acids and Conjugates;acceptor_superclass::Fatty acyls;acceptor_superclass::Monoterpenoids;acceptor_superclass::Tyrosine alkaloids	0,0,0,0,0,0,0,0,0,0,0,0,0,0,0,0,0,0,0,0,0,0,0	0,0,0,1,1,0,0,0,0,1,0,0,0,0,0,0,0,0,0,0,0,0,1	-3.686553,-3.760303,-2.144948,0.102223,0.277825,-1.599422,-4.104682,-4.131302,-1.825139,0.405994,-2.075631,-3.050772,-3.210202,-1.290248,-0.161913,-0.077068,-2.114075,-2.708705,-1.042733,-3.309755,-0.516482,-0.197605,0.144089
Atha_FACT_AAN13119.1	Atha_FACT_AAN13119.1	acceptor_superclass::Fatty acyls	acceptor_superclass::Coumarins;acceptor_superclass::Cyclic polyketides;acceptor_superclass::Diterpenoids;acceptor_superclass::Lysine alkaloids;acceptor_superclass::Monoterpenoids;acceptor_superclass::Phenanthrenoids;acceptor_superclass::Phenylethanoids (C6-C2);acceptor_superclass::Phenylpropanoids (C6-C3);acceptor_superclass::Pseudoalkaloids;acceptor_superclass::Saccharides;acceptor_superclass::Small peptides;acceptor_superclass::Steroids;acceptor_superclass::Triterpenoids;acceptor_superclass::Tyrosine alkaloids	0,0,0,0,1,0,0,0,0,0,0,0,0,0,0,0,0,0,0,0,0,0,0	1,1,1,0,0,0,0,0,1,1,0,0,1,0,1,1,1,1,1,1,1,0,1	0.031316,0.010663,0.175748,-0.089613,-0.010345,-0.031145,-0.226415,-0.110438,0.136321,0.013578,-0.022178,-0.046931,0.133296,-0.054390,0.309100,0.329480,0.190403,0.230728,0.036580,0.168884,0.053591,-0.135342,0.059373
Atha_GGES_AED96958.1	Atha_GGES_AED96958.1		acceptor_superclass::Diterpenoids;acceptor_superclass::Lysine alkaloids;acceptor_superclass::Ornithine alkaloids;acceptor_superclass::Phenylpropanoids (C6-C3);acceptor_superclass::Pseudoalkaloids;acceptor_superclass::Tyrosine alkaloids	0,0,0,0,0,0,0,0,0,0,0,0,0,0,0,0,0,0,0,0,0,0,0	0,0,1,0,0,0,0,0,1,0,0,1,0,0,0,1,1,0,0,0,0,0,1	-0.635460,-0.632935,0.102670,-0.216992,-0.162333,-0.248819,-0.307881,-0.462058,0.151441,-0.123614,-0.022819,0.065003,-0.292041,-0.014025,-0.031591,0.215297,0.119615,-0.252177,-0.116589,-0.273629,-0.574852,-0.068568,0.042851
Atha_HCT_BAB10316.1	Atha_HCT_BAB10316.1	acceptor_superclass::Flavonoids;acceptor_superclass::Phenolic acids (C6-C1);acceptor_superclass::Phenylpropanoids (C6-C3);acceptor_superclass::Small peptides	acceptor_superclass::Phenolic acids (C6-C1);acceptor_superclass::Small peptides;acceptor_superclass::Tyrosine alkaloids	0,0,0,0,0,1,0,0,0,0,0,0,0,1,0,1,0,0,1,0,0,0,0	0,0,0,0,0,0,0,0,0,0,0,0,0,1,0,0,0,0,1,0,0,0,1	-5.693129,-6.777061,-4.523318,-1.135271,-2.123608,-0.389961,-6.111735,-7.105959,-3.851389,-1.085606,-6.395760,-2.019386,-7.022128,3.323829,-2.076520,-0.683658,-2.039654,-6.532060,2.069036,-3.880582,-1.244303,-1.813137,0.966945
Atha_HHT1_AAL34170.1	Atha_HHT1_AAL34170.1	acceptor_superclass::Fatty Acids and Conjugates;acceptor_superclass::Fatty acyls	acceptor_superclass::Diterpenoids;acceptor_superclass::Monoterpenoids;acceptor_superclass::Triterpenoids	0,0,0,1,1,0,0,0,0,0,0,0,0,0,0,0,0,0,0,0,0,0,0	0,0,1,0,0,0,0,0,0,1,0,0,0,0,0,0,0,0,0,0,1,0,0	-8.424044,-8.937970,1.245697,-4.056771,-1.398302,-0.644704,-8.532084,-2.399437,-3.420602,0.228109,-3.084670,-2.068652,-5.667447,-1.746860,-1.732751,-0.019866,-1.628420,-5.092976,-4.134109,-11.318045,0.288799,-0.924151,-0.103008
Atha_FACT_AAN13119.1	Atha_HHT3_NP_201161.1	acceptor_superclass::Fatty acyls	acceptor_superclass::Fatty acyls;acceptor_superclass::Monoterpenoids;acceptor_superclass::Phenylpropanoids (C6-C3);acceptor_superclass::Triterpenoids;acceptor_superclass::Tryptophan alkaloids;acceptor_superclass::Tyrosine alkaloids	0,0,0,0,1,0,0,0,0,0,0,0,0,0,0,0,0,0,0,0,0,0,0	0,0,0,0,1,0,0,0,0,1,0,0,0,0,0,1,0,0,0,0,1,1,1	-5.734030,-3.965926,-1.939142,-0.321515,1.133614,-1.842538,-5.406590,-3.488370,-4.679741,0.601055,-2.856981,-1.910144,-4.938973,-1.491738,-0.116977,0.618227,-2.456982,-5.184643,-2.588573,-5.874611,1.239746,0.660199,1.173213
Atha_HHT1_AAL34170.1	Atha_HHT_AAL34170.1	acceptor_superclass::Fatty Acids and Conjugates	acceptor_superclass::Diterpenoids;acceptor_superclass::Monoterpenoids;acceptor_superclass::Triterpenoids	0,0,0,1,0,0,0,0,0,0,0,0,0,0,0,0,0,0,0,0,0,0,0	0,0,1,0,0,0,0,0,0,1,0,0,0,0,0,0,0,0,0,0,1,0,0	-8.424044,-8.937970,1.245697,-4.056771,-1.398302,-0.644704,-8.532084,-2.399437,-3.420602,0.228109,-3.084670,-2.068652,-5.667447,-1.746860,-1.732751,-0.019866,-1.628420,-5.092976,-4.134109,-11.318045,0.288799,-0.924151,-0.103008
Atha_PHT_OAO95042.1	Atha_PHT_OAO95042.1	acceptor_superclass::Ornithine alkaloids;acceptor_superclass::Pseudoalkaloids	acceptor_superclass::Ornithine alkaloids;acceptor_superclass::Pseudoalkaloids	0,0,0,0,0,0,0,0,0,0,0,1,0,0,0,0,1,0,0,0,0,0,0	0,0,0,0,0,0,0,0,0,0,0,1,0,0,0,0,1,0,0,0,0,0,0	-5.784975,-2.956109,-4.621444,-1.371047,-0.141000,-1.140849,-4.935157,-8.924180,-8.053622,-1.042386,-4.684394,1.646461,-5.157885,-3.072101,-0.527095,-0.154138,0.669394,-6.135592,-3.219326,-4.284534,-3.065997,-2.720303,-1.534323
Atha_PMAT1_AED94391.1	Atha_PMAT1_AED94391.1	acceptor_superclass::Flavonoids;acceptor_superclass::Isoflavonoids;acceptor_superclass::Steroids	acceptor_superclass::Fatty acyls;acceptor_superclass::Flavonoids;acceptor_superclass::Isoflavonoids;acceptor_superclass::Ornithine alkaloids;acceptor_superclass::Phenolic acids (C6-C1);acceptor_superclass::Small peptides;acceptor_superclass::Tryptophan alkaloids	0,0,0,0,0,1,1,0,0,0,0,0,0,0,0,0,0,0,0,1,0,0,0	0,0,0,0,1,1,1,0,0,0,0,1,0,1,0,0,0,0,1,0,0,1,0	-1.148378,-0.714622,-0.414869,-0.795296,0.187286,0.976991,0.358318,-1.932968,-1.014048,-0.010996,-0.461353,0.482252,-0.703268,0.384529,-0.266213,-0.275026,-0.343846,-0.735917,0.674081,-0.286065,-0.570725,0.169576,-0.275275
Atha_PMAT2_BAB02518.1	Atha_PMAT2_BAB02518.1	acceptor_superclass::Coumarins;acceptor_superclass::Flavonoids;acceptor_superclass::Naphthalenes;acceptor_superclass::Phenanthrenoids;acceptor_superclass::Steroids	acceptor_superclass::Diterpenoids;acceptor_superclass::Isoflavonoids;acceptor_superclass::Lysine alkaloids;acceptor_superclass::Ornithine alkaloids;acceptor_superclass::Phenolic acids (C6-C1);acceptor_superclass::Phenylethanoids (C6-C2);acceptor_superclass::Phenylpropanoids (C6-C3);acceptor_superclass::Pseudoalkaloids;acceptor_superclass::Tyrosine alkaloids	1,0,0,0,0,1,0,0,0,0,1,0,1,0,0,0,0,0,0,1,0,0,0	0,0,1,0,0,0,1,0,1,0,0,1,0,1,1,1,1,0,0,0,0,0,1	-0.741428,-0.636088,0.279425,-0.247274,-0.443499,-0.127180,0.043627,-0.498937,0.075715,-0.208075,-0.102222,0.314467,-0.281801,0.096405,0.149684,0.264678,0.325516,-0.322733,-0.081744,-0.077991,-0.441126,-0.369561,0.091608
Atha_SCT_AAP81804.1	Atha_SCT_AAP81804.1	acceptor_superclass::Ornithine alkaloids	acceptor_superclass::Coumarins;acceptor_superclass::Cyclic polyketides;acceptor_superclass::Diterpenoids;acceptor_superclass::Lysine alkaloids;acceptor_superclass::Monoterpenoids;acceptor_superclass::Phenanthrenoids;acceptor_superclass::Phenylethanoids (C6-C2);acceptor_superclass::Phenylpropanoids (C6-C3);acceptor_superclass::Pseudoalkaloids;acceptor_superclass::Saccharides;acceptor_superclass::Small peptides;acceptor_superclass::Steroids;acceptor_superclass::Triterpenoids;acceptor_superclass::Tyrosine alkaloids	0,0,0,0,0,0,0,0,0,0,0,1,0,0,0,0,0,0,0,0,0,0,0	1,1,1,0,0,0,0,0,1,1,0,0,1,0,1,1,1,1,1,1,1,0,1	0.050125,0.005836,0.232418,-0.096656,-0.015189,-0.040824,-0.323463,-0.108522,0.142655,0.016031,-0.043869,-0.048069,0.136410,-0.115818,0.380930,0.424124,0.260210,0.315849,0.022770,0.244046,0.078700,-0.161029,0.080748
Atha_SDT_AAC23766.1	Atha_SDT_AAC23766.1	acceptor_superclass::Ornithine alkaloids;acceptor_superclass::Pseudoalkaloids	acceptor_superclass::Coumarins;acceptor_superclass::Cyclic polyketides;acceptor_superclass::Diterpenoids;acceptor_superclass::Lysine alkaloids;acceptor_superclass::Monoterpenoids;acceptor_superclass::Phenanthrenoids;acceptor_superclass::Phenylethanoids (C6-C2);acceptor_superclass::Phenylpropanoids (C6-C3);acceptor_superclass::Pseudoalkaloids;acceptor_superclass::Saccharides;acceptor_superclass::Small peptides;acceptor_superclass::Steroids;acceptor_superclass::Triterpenoids;acceptor_superclass::Tyrosine alkaloids	0,0,0,0,0,0,0,0,0,0,0,1,0,0,0,0,1,0,0,0,0,0,0	1,1,1,0,0,0,0,0,1,1,0,0,1,0,1,1,1,1,1,1,1,0,1	0.058248,0.005078,0.255213,-0.099659,-0.017660,-0.045314,-0.360210,-0.107859,0.145607,0.017314,-0.052000,-0.048738,0.137565,-0.139281,0.407332,0.460056,0.286719,0.348270,0.016766,0.273761,0.088382,-0.171033,0.090174
Atha_SHT_AAD12025.1	Atha_SHT_AAD12025.1	acceptor_superclass::Ornithine alkaloids	acceptor_superclass::Cyclic polyketides;acceptor_superclass::Fatty Acids and Conjugates;acceptor_superclass::Fatty acyls;acceptor_superclass::Ornithine alkaloids;acceptor_superclass::Phenylethanoids (C6-C2);acceptor_superclass::Pseudoalkaloids	0,0,0,0,0,0,0,0,0,0,0,1,0,0,0,0,0,0,0,0,0,0,0	0,1,0,1,1,0,0,0,0,0,0,1,0,0,1,0,1,0,0,0,0,0,0	-5.147985,0.337627,-6.153294,1.950529,1.765735,-2.478420,-3.743454,-11.398092,-9.509561,-0.491682,-6.450459,1.604885,-5.485671,-2.459588,1.061238,-0.135838,0.171288,-4.544458,-2.168697,-1.664533,-3.806860,-2.666545,-2.797867
Atha_PHT_OAO95042.1	Atha_SHT_OAO95042.1	acceptor_superclass::Ornithine alkaloids	acceptor_superclass::Ornithine alkaloids;acceptor_superclass::Pseudoalkaloids	0,0,0,0,0,0,0,0,0,0,0,1,0,0,0,0,0,0,0,0,0,0,0	0,0,0,0,0,0,0,0,0,0,0,1,0,0,0,0,1,0,0,0,0,0,0	-1.597162,-3.927081,-1.587040,-0.073700,-0.102210,-1.250485,-2.616249,-3.816290,-1.549790,-0.668800,-1.719799,0.232044,-1.148000,-0.636783,-0.101336,-0.136538,0.049631,-2.717055,-0.304210,-2.413209,-0.126252,-0.220932,-0.202996
Atha_THAA1_BAB11062.1	Atha_THAA1_BAB11062.1	acceptor_superclass::Triterpenoids	acceptor_superclass::Coumarins;acceptor_superclass::Cyclic polyketides;acceptor_superclass::Diterpenoids;acceptor_superclass::Lysine alkaloids;acceptor_superclass::Monoterpenoids;acceptor_superclass::Phenanthrenoids;acceptor_superclass::Phenylethanoids (C6-C2);acceptor_superclass::Phenylpropanoids (C6-C3);acceptor_superclass::Pseudoalkaloids;acceptor_superclass::Saccharides;acceptor_superclass::Small peptides;acceptor_superclass::Steroids;acceptor_superclass::Triterpenoids;acceptor_superclass::Tyrosine alkaloids	0,0,0,0,0,0,0,0,0,0,0,0,0,0,0,0,0,0,0,0,1,0,0	1,1,1,0,0,0,0,0,1,1,0,0,1,0,1,1,1,1,1,1,1,0,1	0.053988,0.016017,0.240404,-0.096649,-0.028035,-0.056901,-0.322563,-0.115283,0.147642,0.020656,-0.046262,-0.048661,0.133588,-0.120633,0.366932,0.419230,0.264988,0.322409,0.014063,0.248619,0.083387,-0.164996,0.093956
Atha_THAA2_AAO63428.1	Atha_THAA2_AAO63428.1	acceptor_superclass::Triterpenoids	acceptor_superclass::Diterpenoids;acceptor_superclass::Lysine alkaloids;acceptor_superclass::Ornithine alkaloids;acceptor_superclass::Phenylpropanoids (C6-C3);acceptor_superclass::Pseudoalkaloids;acceptor_superclass::Tyrosine alkaloids	0,0,0,0,0,0,0,0,0,0,0,0,0,0,0,0,0,0,0,0,1,0,0	0,0,1,0,0,0,0,0,1,0,0,1,0,0,0,1,1,0,0,0,0,0,1	-1.251955,-1.614789,0.556417,-0.694368,-0.303250,-0.682788,-0.788224,-1.238267,0.032088,-0.254761,-0.169997,0.241383,-0.606253,-0.230896,-0.051978,0.409055,0.365523,-0.772474,-0.278654,-0.556399,-1.323079,-0.170133,0.079996
Bdis_PMT_CDG41682.1	Bdis_PMT_CDG41682.1	acceptor_superclass::Phenylpropanoids (C6-C3)	acceptor_superclass::Fatty acyls;acceptor_superclass::Monoterpenoids;acceptor_superclass::Phenylethanoids (C6-C2);acceptor_superclass::Phenylpropanoids (C6-C3)	0,0,0,0,0,0,0,0,0,0,0,0,0,0,0,1,0,0,0,0,0,0,0	0,0,0,0,1,0,0,0,0,1,0,0,0,0,1,1,0,0,0,0,0,0,0	-7.438326,-1.796708,-1.805129,-2.603671,2.932055,-3.472928,-7.039485,-6.616878,-6.292620,1.078113,-1.573705,-0.174904,-3.888424,-7.566532,1.405883,1.126337,-1.406236,-2.627256,-6.267992,-6.343633,-3.778094,-1.568964,-3.122559
Bmul_HQT1_BCY27076.1	Bmul_HQT1_BCY27076.1	acceptor_superclass::Phenolic acids (C6-C1);acceptor_superclass::Phenylpropanoids (C6-C3)	acceptor_superclass::Fatty Acids and Conjugates;acceptor_superclass::Monoterpenoids;acceptor_superclass::Phenolic acids (C6-C1);acceptor_superclass::Small peptides;acceptor_superclass::Tryptophan alkaloids;acceptor_superclass::Tyrosine alkaloids	0,0,0,0,0,0,0,0,0,0,0,0,0,1,0,1,0,0,0,0,0,0,0	0,0,0,1,0,0,0,0,0,1,0,0,0,1,0,0,0,0,1,0,0,1,1	-4.069983,-3.939764,-1.904665,0.113804,-1.470485,-2.246104,-5.149919,-5.611546,-4.571088,0.054968,-4.630372,-1.754837,-4.044185,1.444522,-0.272905,-0.258072,-2.913327,-0.381983,1.670000,-3.311973,-1.099073,0.612749,0.977608
Bmul_HQT1_BDR61289.1	Bmul_HQT1_BDR61289.1	acceptor_superclass::Phenolic acids (C6-C1)	acceptor_superclass::Fatty Acids and Conjugates;acceptor_superclass::Phenolic acids (C6-C1);acceptor_superclass::Small peptides;acceptor_superclass::Triterpenoids;acceptor_superclass::Tyrosine alkaloids	0,0,0,0,0,0,0,0,0,0,0,0,0,1,0,0,0,0,0,0,0,0,0	0,0,0,1,0,0,0,0,0,0,0,0,0,1,0,0,0,0,1,0,1,0,1	-5.950747,-6.643425,-4.111706,1.051645,-0.943567,-1.249587,-5.770352,-7.574644,-5.980279,-0.693842,-6.563242,-1.295208,-8.102738,3.516150,-0.905267,-0.227867,-2.252153,-5.024985,1.252233,-5.032909,0.281471,-1.487539,0.831442
Bser_AT1_QXN66176.1	Bser_AT1_QXN66176.1	acceptor_superclass::Triterpenoids	acceptor_superclass::Fatty acyls;acceptor_superclass::Monoterpenoids;acceptor_superclass::Phenylethanoids (C6-C2);acceptor_superclass::Phenylpropanoids (C6-C3);acceptor_superclass::Triterpenoids;acceptor_superclass::Tryptophan alkaloids	0,0,0,0,0,0,0,0,0,0,0,0,0,0,0,0,0,0,0,0,1,0,0	0,0,0,0,1,0,0,0,0,1,0,0,0,0,1,1,0,0,0,0,1,1,0	-7.789947,-2.391902,-1.870452,-0.806319,2.873954,-3.197465,-5.264060,-2.724146,-5.049821,1.299092,-1.162627,-2.451239,-6.061388,-4.071317,0.659720,0.616707,-2.252348,-5.375367,-5.955653,-7.208618,2.423162,2.085020,-0.184937
Cang_AT20_QLI57449.1	Cang_AT20_QLI57449.1	acceptor_superclass::Monoterpenoids	acceptor_superclass::Fatty acyls;acceptor_superclass::Monoterpenoids;acceptor_superclass::Phenylethanoids (C6-C2);acceptor_superclass::Phenylpropanoids (C6-C3)	0,0,0,0,0,0,0,0,0,1,0,0,0,0,0,0,0,0,0,0,0,0,0	0,0,0,0,1,0,0,0,0,1,0,0,0,0,1,1,0,0,0,0,0,0,0	-9.572502,-2.864422,-2.888483,-0.509383,2.614446,-1.436018,-8.212039,-6.841414,-1.094847,1.833938,-4.134428,-3.871151,-8.854930,-4.892779,0.004255,1.444663,-2.151567,-5.253871,-2.511176,-5.292794,-3.281443,-2.622195,-4.685548
Cann_AT3_NP_001311698.1	Cann_AT3_NP_001311698.1	acceptor_superclass::Tyrosine alkaloids	acceptor_superclass::Diterpenoids;acceptor_superclass::Lysine alkaloids;acceptor_superclass::Naphthalenes;acceptor_superclass::Ornithine alkaloids;acceptor_superclass::Phenylpropanoids (C6-C3);acceptor_superclass::Pseudoalkaloids;acceptor_superclass::Tryptophan alkaloids	0,0,0,0,0,0,0,0,0,0,0,0,0,0,0,0,0,0,0,0,0,0,1	0,0,1,0,0,0,0,0,1,0,1,1,0,0,0,1,1,0,0,0,0,1,0	-0.848820,-0.856824,0.280467,-0.145375,-0.188297,-0.363995,-0.542890,-0.731162,0.183627,-0.278748,0.080920,0.219401,-0.516593,-0.017721,-0.249192,0.192088,0.113722,-0.363471,-0.075912,-0.356270,-0.890874,0.090596,-0.110308
Cblu_HCT_CBI83579.1	Cblu_HCT_CBI83579.1	acceptor_superclass::Phenolic acids (C6-C1);acceptor_superclass::Tyrosine alkaloids	acceptor_superclass::Diterpenoids;acceptor_superclass::Ornithine alkaloids;acceptor_superclass::Phenylethanoids (C6-C2);acceptor_superclass::Phenylpropanoids (C6-C3);acceptor_superclass::Pseudoalkaloids;acceptor_superclass::Tyrosine alkaloids	0,0,0,0,0,0,0,0,0,0,0,0,0,1,0,0,0,0,0,0,0,0,1	0,0,1,0,0,0,0,0,0,0,0,1,0,0,1,1,1,0,0,0,0,0,1	-1.051157,-1.169465,0.292404,-0.581641,-0.251480,-0.522287,-0.567891,-0.891747,-0.002834,-0.083618,-0.281914,0.163085,-0.519046,-0.115967,0.079942,0.413334,0.283281,-0.617121,-0.188562,-0.438232,-1.077063,-0.243968,0.155980
Cblu_HCT_CBI83579.1	Cblu_HST_CBI83579.1	acceptor_superclass::Phenolic acids (C6-C1);acceptor_superclass::Small peptides	acceptor_superclass::Coumarins;acceptor_superclass::Diterpenoids;acceptor_superclass::Fatty acyls;acceptor_superclass::Lysine alkaloids;acceptor_superclass::Monoterpenoids;acceptor_superclass::Naphthalenes;acceptor_superclass::Phenanthrenoids;acceptor_superclass::Phenolic acids (C6-C1);acceptor_superclass::Phenylethanoids (C6-C2);acceptor_superclass::Phenylpropanoids (C6-C3);acceptor_superclass::Pseudoalkaloids;acceptor_superclass::Saccharides;acceptor_superclass::Small peptides;acceptor_superclass::Steroids;acceptor_superclass::Triterpenoids;acceptor_superclass::Tyrosine alkaloids	0,0,0,0,0,0,0,0,0,0,0,0,0,1,0,0,0,0,1,0,0,0,0	1,0,1,0,1,0,0,0,1,1,1,0,1,1,1,1,1,1,1,1,1,0,1	0.000927,-0.002806,0.097014,-0.083748,0.011077,-0.001379,-0.123119,-0.107884,0.116758,0.002520,0.001503,-0.042625,0.131248,0.020462,0.245057,0.230505,0.109218,0.127285,0.064324,0.070646,0.017396,-0.104149,0.018685
Cblu_RAS_CAK55166.1	Cblu_RAS_CAK55166.1	acceptor_superclass::Small peptides;acceptor_superclass::Tyrosine alkaloids	acceptor_superclass::Fatty acyls;acceptor_superclass::Flavonoids;acceptor_superclass::Isoflavonoids;acceptor_superclass::Ornithine alkaloids;acceptor_superclass::Phenolic acids (C6-C1);acceptor_superclass::Small peptides	0,0,0,0,0,0,0,0,0,0,0,0,0,0,0,0,0,0,1,0,0,0,1	0,0,0,0,1,1,1,0,0,0,0,1,0,1,0,0,0,0,1,0,0,0,0	-1.362875,-0.788327,-0.446243,-0.764250,0.371215,0.785649,0.151652,-1.687387,-0.832062,-0.000063,-0.513982,0.513373,-0.969716,0.290153,-0.406051,-0.194756,-0.391740,-0.608822,0.635262,-0.368207,-0.693550,-0.041101,-0.233914
Cbra_HQT-like_GBG71902.1	Cbra_HQT-like_GBG71902.1	acceptor_superclass::Phenolic acids (C6-C1)	acceptor_superclass::Fatty Acids and Conjugates;acceptor_superclass::Fatty acyls;acceptor_superclass::Ornithine alkaloids;acceptor_superclass::Phenylethanoids (C6-C2)	0,0,0,0,0,0,0,0,0,0,0,0,0,1,0,0,0,0,0,0,0,0,0	0,0,0,1,1,0,0,0,0,0,0,1,0,0,1,0,0,0,0,0,0,0,0	-3.157276,-3.865045,-3.117999,1.466135,1.224114,-1.897921,-0.265833,-8.047381,-10.887106,-0.052320,-3.778475,1.307773,-2.694470,-1.042471,0.941130,-0.432597,-1.200506,-2.048388,-4.751382,-5.512237,-0.744644,-2.008378,-1.636258
Cbre_BEAT_AAC18062.1	Cbre_BEAT_AAC18062.1	acceptor_superclass::Phenanthrenoids;acceptor_superclass::Phenylethanoids (C6-C2);acceptor_superclass::Phenylpropanoids (C6-C3)	acceptor_superclass::Fatty acyls;acceptor_superclass::Flavonoids;acceptor_superclass::Isoflavonoids;acceptor_superclass::Monoterpenoids;acceptor_superclass::Ornithine alkaloids;acceptor_superclass::Phenolic acids (C6-C1);acceptor_superclass::Small peptides	0,0,0,0,0,0,0,0,0,0,0,0,1,0,1,1,0,0,0,0,0,0,0	0,0,0,0,1,1,1,0,0,1,0,1,0,1,0,0,0,0,1,0,0,0,0	-2.019417,-1.178306,-0.627587,-1.203178,0.507089,1.080779,0.214873,-2.458644,-1.281649,0.025246,-0.677836,0.818040,-1.438941,0.487610,-0.459891,-0.364802,-0.537861,-0.920930,0.901391,-0.664717,-0.871115,-0.029818,-0.213041
Cbre_BEBT_AAN09796.1	Cbre_BEBT_AAN09796.1	acceptor_superclass::Phenylpropanoids (C6-C3)	acceptor_superclass::Diterpenoids;acceptor_superclass::Monoterpenoids;acceptor_superclass::Phenylpropanoids (C6-C3)	0,0,0,0,0,0,0,0,0,0,0,0,0,0,0,1,0,0,0,0,0,0,0	0,0,1,0,0,0,0,0,0,1,0,0,0,0,0,1,0,0,0,0,0,0,0	-9.859543,-6.868475,0.992859,-4.638018,-0.106067,-1.318348,-10.184039,-2.898418,-1.581437,0.936913,-2.010228,-3.478492,-5.620512,-5.985395,-1.754506,0.828704,-2.224873,-2.873445,-4.279526,-9.718632,-1.984601,-0.191251,-2.534406
Ccan_HCT_ABO47805.1	Ccan_HCT_ABO47805.1	acceptor_superclass::Phenolic acids (C6-C1);acceptor_superclass::Phenylpropanoids (C6-C3)	acceptor_superclass::Fatty acyls;acceptor_superclass::Flavonoids;acceptor_superclass::Isoflavonoids;acceptor_superclass::Ornithine alkaloids;acceptor_superclass::Phenolic acids (C6-C1);acceptor_superclass::Small peptides;acceptor_superclass::Tryptophan alkaloids	0,0,0,0,0,0,0,0,0,0,0,0,0,1,0,1,0,0,0,0,0,0,0	0,0,0,0,1,1,1,0,0,0,0,1,0,1,0,0,0,0,1,0,0,1,0	-1.005648,-0.547538,-0.266647,-0.417637,0.291450,0.638973,0.177697,-1.391577,-0.667485,-0.041674,-0.290156,0.326474,-0.684627,0.194653,-0.379783,-0.259733,-0.237879,-0.350444,0.424247,-0.333659,-0.462516,0.022266,-0.135050
Ccan_HQT_ABO77957.1	Ccan_HQT_ABO77957.1	acceptor_superclass::Phenolic acids (C6-C1);acceptor_superclass::Phenylpropanoids (C6-C3)	acceptor_superclass::Fatty acyls;acceptor_superclass::Flavonoids;acceptor_superclass::Isoflavonoids;acceptor_superclass::Ornithine alkaloids;acceptor_superclass::Phenolic acids (C6-C1);acceptor_superclass::Small peptides;acceptor_superclass::Tryptophan alkaloids	0,0,0,0,0,0,0,0,0,0,0,0,0,1,0,1,0,0,0,0,0,0,0	0,0,0,0,1,1,1,0,0,0,0,1,0,1,0,0,0,0,1,0,0,1,0	-1.234596,-0.711048,-0.339946,-0.645467,0.298796,0.909196,0.283307,-1.904979,-0.914479,-0.037630,-0.308092,0.446586,-0.830985,0.282476,-0.421193,-0.363536,-0.295161,-0.517804,0.588398,-0.454774,-0.534527,0.125227,-0.203609
Ccar_HCT_AAZ80046.1	Ccar_HCT_AAZ80046.1	acceptor_superclass::Phenolic acids (C6-C1)	acceptor_superclass::Coumarins;acceptor_superclass::Cyclic polyketides;acceptor_superclass::Diterpenoids;acceptor_superclass::Lysine alkaloids;acceptor_superclass::Monoterpenoids;acceptor_superclass::Phenanthrenoids;acceptor_superclass::Phenylethanoids (C6-C2);acceptor_superclass::Phenylpropanoids (C6-C3);acceptor_superclass::Pseudoalkaloids;acceptor_superclass::Saccharides;acceptor_superclass::Small peptides;acceptor_superclass::Steroids;acceptor_superclass::Triterpenoids;acceptor_superclass::Tyrosine alkaloids	0,0,0,0,0,0,0,0,0,0,0,0,0,1,0,0,0,0,0,0,0,0,0	1,1,1,0,0,0,0,0,1,1,0,0,1,0,1,1,1,1,1,1,1,0,1	0.016135,0.008583,0.134746,-0.082850,-0.002579,-0.021079,-0.166078,-0.109861,0.128930,0.011974,-0.007687,-0.044745,0.132785,-0.016602,0.269512,0.272699,0.147223,0.178222,0.048792,0.117529,0.038458,-0.116627,0.039572
Ccar_HQT1_CAM84302.2	Ccar_HQT1_CAM84302.2	acceptor_superclass::Phenolic acids (C6-C1)	acceptor_superclass::Coumarins;acceptor_superclass::Cyclic polyketides;acceptor_superclass::Diterpenoids;acceptor_superclass::Lysine alkaloids;acceptor_superclass::Monoterpenoids;acceptor_superclass::Phenanthrenoids;acceptor_superclass::Phenylethanoids (C6-C2);acceptor_superclass::Phenylpropanoids (C6-C3);acceptor_superclass::Pseudoalkaloids;acceptor_superclass::Saccharides;acceptor_superclass::Small peptides;acceptor_superclass::Steroids;acceptor_superclass::Triterpenoids;acceptor_superclass::Tyrosine alkaloids	0,0,0,0,0,0,0,0,0,0,0,0,0,1,0,0,0,0,0,0,0,0,0	1,1,1,0,0,0,0,0,1,1,0,0,1,0,1,1,1,1,1,1,1,0,1	0.041545,0.010686,0.206327,-0.091922,-0.016778,-0.043716,-0.277099,-0.111738,0.139929,0.018130,-0.034403,-0.046138,0.134606,-0.089979,0.341620,0.378947,0.229681,0.279094,0.025843,0.207918,0.069822,-0.149565,0.074305
Ccar_HQT2_ACJ23164.1	Ccar_HQT2_ACJ23164.1	acceptor_superclass::Phenolic acids (C6-C1)	acceptor_superclass::Fatty acyls;acceptor_superclass::Flavonoids;acceptor_superclass::Isoflavonoids;acceptor_superclass::Monoterpenoids;acceptor_superclass::Ornithine alkaloids;acceptor_superclass::Phenolic acids (C6-C1);acceptor_superclass::Small peptides;acceptor_superclass::Tryptophan alkaloids	0,0,0,0,0,0,0,0,0,0,0,0,0,1,0,0,0,0,0,0,0,0,0	0,0,0,0,1,1,1,0,0,1,0,1,0,1,0,0,0,0,1,0,0,1,0	-1.938044,-1.185875,-0.711522,-1.235929,0.463315,1.151879,0.265338,-2.435615,-1.245389,0.056644,-0.731854,0.754753,-1.363062,0.490104,-0.471052,-0.301897,-0.567002,-0.935153,0.963350,-0.463417,-0.916407,0.017630,-0.347486
Ccar_HQT_ABK79689.1	Ccar_HQT_ABK79689.1	acceptor_superclass::Phenolic acids (C6-C1)	acceptor_superclass::Fatty acyls;acceptor_superclass::Flavonoids;acceptor_superclass::Isoflavonoids;acceptor_superclass::Ornithine alkaloids;acceptor_superclass::Phenolic acids (C6-C1);acceptor_superclass::Small peptides;acceptor_superclass::Tryptophan alkaloids	0,0,0,0,0,0,0,0,0,0,0,0,0,1,0,0,0,0,0,0,0,0,0	0,0,0,0,1,1,1,0,0,0,0,1,0,1,0,0,0,0,1,0,0,1,0	-1.164909,-0.655180,-0.341718,-0.566774,0.293683,0.772618,0.211790,-1.642873,-0.811906,-0.024486,-0.348090,0.392058,-0.792810,0.262444,-0.390368,-0.285453,-0.286772,-0.462311,0.531929,-0.355978,-0.539175,0.033937,-0.172430
Ccar_HQT_ABK79690.1	Ccar_HQT_ABK79690.1	acceptor_superclass::Phenolic acids (C6-C1)	acceptor_superclass::Phenolic acids (C6-C1);acceptor_superclass::Pseudoalkaloids;acceptor_superclass::Small peptides	0,0,0,0,0,0,0,0,0,0,0,0,0,1,0,0,0,0,0,0,0,0,0	0,0,0,0,0,0,0,0,0,0,0,0,0,1,0,0,1,0,1,0,0,0,0	-0.805700,-6.318559,-2.965241,-0.279355,-0.900373,-0.110974,-1.463366,-1.248273,-2.149510,-1.654618,-2.025314,-0.124896,-0.657682,0.595804,-0.358239,-0.731434,0.363052,-3.057172,0.540583,-1.757575,-0.315223,-1.737401,-0.056819
Cchi_AT3_AAV66309.1	Cchi_AT3_AAV66309.1	acceptor_superclass::Tyrosine alkaloids	acceptor_superclass::Diterpenoids;acceptor_superclass::Saccharides;acceptor_superclass::Triterpenoids;acceptor_superclass::Tryptophan alkaloids;acceptor_superclass::Tyrosine alkaloids	0,0,0,0,0,0,0,0,0,0,0,0,0,0,0,0,0,0,0,0,0,0,1	0,0,1,0,0,0,0,0,0,0,0,0,0,0,0,0,0,1,0,0,1,1,1	-6.318815,-8.270231,0.546029,-1.967064,-1.651392,-3.304616,-7.468183,-3.685750,-5.128126,-0.127999,-0.263959,-3.263237,-3.175359,-3.992095,-1.078060,-0.577459,-2.932918,1.936569,-4.319311,-9.664533,0.330168,2.032650,0.170042
Ccro_AT1_AXB26761.1	Ccro_AT1_AXB26761.1	acceptor_superclass::Flavonoids	acceptor_superclass::Diterpenoids;acceptor_superclass::Lysine alkaloids;acceptor_superclass::Ornithine alkaloids;acceptor_superclass::Phenylpropanoids (C6-C3);acceptor_superclass::Pseudoalkaloids;acceptor_superclass::Tryptophan alkaloids	0,0,0,0,0,1,0,0,0,0,0,0,0,0,0,0,0,0,0,0,0,0,0	0,0,1,0,0,0,0,0,1,0,0,1,0,0,0,1,1,0,0,0,0,1,0	-1.032970,-0.782064,0.159222,-0.193262,-0.148102,-0.346267,-0.536318,-0.712478,0.167147,-0.244050,-0.000417,0.106859,-0.758348,-0.121533,-0.207966,0.151599,0.072323,-0.403383,-0.115633,-0.438390,-0.885540,0.078445,-0.039843
Ccro_AT1_AXB26761.1	Ccro_AT2_AXB26761.1	acceptor_superclass::Flavonoids	acceptor_superclass::Diterpenoids;acceptor_superclass::Fatty acyls;acceptor_superclass::Lignans;acceptor_superclass::Lysine alkaloids;acceptor_superclass::Monoterpenoids;acceptor_superclass::Phenylpropanoids (C6-C3);acceptor_superclass::Saccharides;acceptor_superclass::Tryptophan alkaloids	0,0,0,0,0,1,0,0,0,0,0,0,0,0,0,0,0,0,0,0,0,0,0	0,0,1,0,1,0,0,1,1,1,0,0,0,0,0,1,0,1,0,0,0,1,0	-1.106757,-4.844306,1.530426,-3.209643,0.624340,-0.780618,-3.554618,0.022163,1.155498,1.332213,-0.544221,-1.810687,-0.825558,-1.731192,-0.747506,1.155339,-0.758723,0.611122,-1.177755,-1.405332,-0.168426,0.100163,-0.877967
Ccro_AT2_AXB26762.1	Ccro_AT2_AXB26762.1	acceptor_superclass::Flavonoids	acceptor_superclass::Flavonoids;acceptor_superclass::Monoterpenoids;acceptor_superclass::Ornithine alkaloids;acceptor_superclass::Phenylpropanoids (C6-C3);acceptor_superclass::Pseudoalkaloids	0,0,0,0,0,1,0,0,0,0,0,0,0,0,0,0,0,0,0,0,0,0,0	0,0,0,0,0,1,0,0,0,1,0,1,0,0,0,1,1,0,0,0,0,0,0	-9.848476,-5.767228,-1.413204,-2.670740,-0.757419,0.489855,-10.166794,-8.583522,-2.624629,0.150657,-7.546833,0.464156,-8.164156,-2.451757,-0.793989,1.003734,0.643905,-5.627125,-1.039537,-8.042195,-7.305295,-4.892213,-4.543214
Ccro_HCT_WKA69991.1	Ccro_HCT_WKA69991.1	acceptor_superclass::Phenolic acids (C6-C1)	acceptor_superclass::Fatty Acids and Conjugates;acceptor_superclass::Fatty acyls;acceptor_superclass::Lignans;acceptor_superclass::Phenolic acids (C6-C1);acceptor_superclass::Phenylethanoids (C6-C2);acceptor_superclass::Phenylpropanoids (C6-C3);acceptor_superclass::Pseudoalkaloids;acceptor_superclass::Small peptides;acceptor_superclass::Tyrosine alkaloids	0,0,0,0,0,0,0,0,0,0,0,0,0,1,0,0,0,0,0,0,0,0,0	0,0,0,1,1,0,0,1,0,0,0,0,0,1,1,1,1,0,1,0,0,0,1	-1.723577,-4.312153,-1.840993,0.280213,0.202530,-0.515998,-1.720187,0.350320,-0.723984,-0.387180,-1.893842,-0.316799,-1.812239,1.190239,0.039274,0.345310,0.204873,-1.320124,0.941267,-1.833869,-0.102118,-0.462336,0.518147
Cint_HCT1_ANN12608.1	Cint_HCT1_ANN12608.1	acceptor_superclass::Phenolic acids (C6-C1)	acceptor_superclass::Diterpenoids;acceptor_superclass::Lysine alkaloids;acceptor_superclass::Ornithine alkaloids;acceptor_superclass::Phenolic acids (C6-C1);acceptor_superclass::Phenylethanoids (C6-C2);acceptor_superclass::Phenylpropanoids (C6-C3);acceptor_superclass::Pseudoalkaloids;acceptor_superclass::Small peptides;acceptor_superclass::Tyrosine alkaloids	0,0,0,0,0,0,0,0,0,0,0,0,0,1,0,0,0,0,0,0,0,0,0	0,0,1,0,0,0,0,0,1,0,0,1,0,1,1,1,1,0,1,0,0,0,1	-0.747816,-0.470904,0.084928,-0.103335,-0.320827,-0.193694,-0.157196,-0.423963,0.153520,-0.094578,-0.202587,0.204697,-0.508172,0.186078,0.040678,0.270570,0.168132,-0.317161,0.032824,-0.236193,-0.687595,-0.302658,0.038989
Cint_HCT2_ANN12609.1	Cint_HCT2_ANN12609.1	acceptor_superclass::Phenolic acids (C6-C1)	acceptor_superclass::Monoterpenoids;acceptor_superclass::Phenolic acids (C6-C1);acceptor_superclass::Phenylpropanoids (C6-C3);acceptor_superclass::Small peptides;acceptor_superclass::Tyrosine alkaloids	0,0,0,0,0,0,0,0,0,0,0,0,0,1,0,0,0,0,0,0,0,0,0	0,0,0,0,0,0,0,0,0,1,0,0,0,1,0,1,0,0,1,0,0,0,1	-6.953157,-7.363440,-3.591951,-0.068555,-0.537281,-1.585710,-7.451513,-6.869906,-2.923498,0.064006,-6.820397,-2.575545,-8.667779,3.107467,-0.492631,0.393883,-2.577578,-6.796184,1.336479,-6.329088,-0.178031,-3.013654,0.908028
Cint_HQT1_ANN12610.1	Cint_HQT1_ANN12610.1	acceptor_superclass::Phenolic acids (C6-C1)	acceptor_superclass::Coumarins;acceptor_superclass::Cyclic polyketides;acceptor_superclass::Diterpenoids;acceptor_superclass::Fatty acyls;acceptor_superclass::Lysine alkaloids;acceptor_superclass::Monoterpenoids;acceptor_superclass::Phenanthrenoids;acceptor_superclass::Phenylethanoids (C6-C2);acceptor_superclass::Phenylpropanoids (C6-C3);acceptor_superclass::Pseudoalkaloids;acceptor_superclass::Saccharides;acceptor_superclass::Small peptides;acceptor_superclass::Steroids;acceptor_superclass::Triterpenoids;acceptor_superclass::Tyrosine alkaloids	0,0,0,0,0,0,0,0,0,0,0,0,0,1,0,0,0,0,0,0,0,0,0	1,1,1,0,1,0,0,0,1,1,0,0,1,0,1,1,1,1,1,1,1,0,1	0.018760,0.003773,0.139573,-0.086551,0.003095,-0.014806,-0.177288,-0.106954,0.127562,0.009564,-0.009400,-0.044406,0.133464,-0.020191,0.282331,0.285504,0.151663,0.181124,0.049880,0.125558,0.037366,-0.119276,0.038518
Cint_HQT2_ANN12611.1	Cint_HQT2_ANN12611.1	acceptor_superclass::Phenolic acids (C6-C1)	acceptor_superclass::Diterpenoids;acceptor_superclass::Lysine alkaloids;acceptor_superclass::Ornithine alkaloids;acceptor_superclass::Phenolic acids (C6-C1);acceptor_superclass::Phenylpropanoids (C6-C3);acceptor_superclass::Pseudoalkaloids;acceptor_superclass::Small peptides	0,0,0,0,0,0,0,0,0,0,0,0,0,1,0,0,0,0,0,0,0,0,0	0,0,1,0,0,0,0,0,1,0,0,1,0,1,0,1,1,0,1,0,0,0,0	-0.742020,-0.414518,0.115617,-0.021239,-0.324876,-0.147018,-0.101531,-0.361639,0.259364,-0.185123,-0.018851,0.261773,-0.497214,0.173063,-0.017208,0.183592,0.173485,-0.260054,0.038419,-0.161318,-0.580689,-0.203627,-0.031360
Cint_HQT3_ANN12612.1	Cint_HQT3_ANN12612.1	acceptor_superclass::Phenolic acids (C6-C1)	acceptor_superclass::Diterpenoids;acceptor_superclass::Lysine alkaloids;acceptor_superclass::Ornithine alkaloids;acceptor_superclass::Phenylpropanoids (C6-C3);acceptor_superclass::Pseudoalkaloids;acceptor_superclass::Tyrosine alkaloids	0,0,0,0,0,0,0,0,0,0,0,0,0,1,0,0,0,0,0,0,0,0,0	0,0,1,0,0,0,0,0,1,0,0,1,0,0,0,1,1,0,0,0,0,0,1	-1.352406,-1.472298,0.375935,-0.743477,-0.263093,-0.744711,-0.802687,-1.124505,0.054387,-0.166366,-0.325518,0.177474,-0.710891,-0.156955,-0.013290,0.465945,0.307886,-0.769184,-0.245301,-0.592344,-1.392066,-0.213333,0.180053
Cint_SHT1_AXY93625.1	Cint_SHT1_AXY93625.1	acceptor_superclass::Ornithine alkaloids;acceptor_superclass::Phenolic acids (C6-C1);acceptor_superclass::Pseudoalkaloids	acceptor_superclass::Coumarins;acceptor_superclass::Cyclic polyketides;acceptor_superclass::Diterpenoids;acceptor_superclass::Lysine alkaloids;acceptor_superclass::Monoterpenoids;acceptor_superclass::Phenanthrenoids;acceptor_superclass::Phenylethanoids (C6-C2);acceptor_superclass::Phenylpropanoids (C6-C3);acceptor_superclass::Pseudoalkaloids;acceptor_superclass::Saccharides;acceptor_superclass::Small peptides;acceptor_superclass::Steroids;acceptor_superclass::Triterpenoids;acceptor_superclass::Tyrosine alkaloids	0,0,0,0,0,0,0,0,0,0,0,1,0,1,0,0,1,0,0,0,0,0,0	1,1,1,0,0,0,0,0,1,1,0,0,1,0,1,1,1,1,1,1,1,0,1	0.019309,0.006822,0.145573,-0.088682,-0.004230,-0.018959,-0.185164,-0.111055,0.130237,0.006721,-0.013866,-0.047369,0.130684,-0.023536,0.283102,0.286271,0.157775,0.188379,0.048016,0.131596,0.037567,-0.124539,0.044342
Cint_SHT2_AXY93626.1	Cint_SHT2_AXY93626.1	acceptor_superclass::Ornithine alkaloids;acceptor_superclass::Phenolic acids (C6-C1);acceptor_superclass::Pseudoalkaloids	acceptor_superclass::Fatty acyls;acceptor_superclass::Flavonoids;acceptor_superclass::Isoflavonoids;acceptor_superclass::Ornithine alkaloids;acceptor_superclass::Phenolic acids (C6-C1);acceptor_superclass::Small peptides;acceptor_superclass::Tryptophan alkaloids	0,0,0,0,0,0,0,0,0,0,0,1,0,1,0,0,1,0,0,0,0,0,0	0,0,0,0,1,1,1,0,0,0,0,1,0,1,0,0,0,0,1,0,0,1,0	-1.282020,-0.706252,-0.328511,-0.637510,0.326227,0.831956,0.230828,-1.818207,-0.924899,-0.002149,-0.384381,0.467243,-0.884784,0.278357,-0.391464,-0.303363,-0.281028,-0.483465,0.597113,-0.450845,-0.561000,0.013584,-0.154918
Cmel_AAT1_CAA94432.1	Cmel_AAT1_CAA94432.1	acceptor_superclass::Fatty acyls;acceptor_superclass::Phenylethanoids (C6-C2);acceptor_superclass::Phenylpropanoids (C6-C3)	acceptor_superclass::Fatty acyls;acceptor_superclass::Flavonoids;acceptor_superclass::Isoflavonoids;acceptor_superclass::Ornithine alkaloids;acceptor_superclass::Phenolic acids (C6-C1);acceptor_superclass::Small peptides;acceptor_superclass::Tryptophan alkaloids	0,0,0,0,1,0,0,0,0,0,0,0,0,0,1,1,0,0,0,0,0,0,0	0,0,0,0,1,1,1,0,0,0,0,1,0,1,0,0,0,0,1,0,0,1,0	-0.508455,-0.190630,-0.150507,-0.090755,0.130833,0.363050,0.127148,-0.713016,-0.363180,-0.073290,-0.146058,0.127562,-0.269219,0.049822,-0.236473,-0.125938,-0.123689,-0.071609,0.164374,-0.254769,-0.201422,0.007882,-0.009872
Cmel_AAT3_AAW51125.1	Cmel_AAT3_AAW51125.1	acceptor_superclass::Fatty acyls	acceptor_superclass::Diterpenoids;acceptor_superclass::Lysine alkaloids;acceptor_superclass::Ornithine alkaloids;acceptor_superclass::Phenylpropanoids (C6-C3);acceptor_superclass::Pseudoalkaloids	0,0,0,0,1,0,0,0,0,0,0,0,0,0,0,0,0,0,0,0,0,0,0	0,0,1,0,0,0,0,0,1,0,0,1,0,0,0,1,1,0,0,0,0,0,0	-3.147935,-2.484644,0.616216,-0.728728,-0.657091,-1.073761,-1.540851,-1.975829,0.669075,-0.861952,-0.316963,0.386089,-2.426704,-0.046974,-0.567785,0.399919,0.360172,-1.518044,-0.280931,-1.157241,-2.867696,-0.064697,-0.098610
Cmel_AAT4_AAW51126.1	Cmel_AAT4_AAW51126.1	acceptor_superclass::Fatty acyls;acceptor_superclass::Monoterpenoids;acceptor_superclass::Phenylpropanoids (C6-C3)	acceptor_superclass::Fatty acyls;acceptor_superclass::Flavonoids;acceptor_superclass::Isoflavonoids;acceptor_superclass::Ornithine alkaloids;acceptor_superclass::Phenolic acids (C6-C1);acceptor_superclass::Small peptides;acceptor_superclass::Tryptophan alkaloids	0,0,0,0,1,0,0,0,0,1,0,0,0,0,0,1,0,0,0,0,0,0,0	0,0,0,0,1,1,1,0,0,0,0,1,0,1,0,0,0,0,1,0,0,1,0	-0.929520,-0.474387,-0.240206,-0.375914,0.269602,0.610218,0.189922,-1.354237,-0.681622,-0.076277,-0.232687,0.330470,-0.598886,0.184949,-0.359205,-0.257656,-0.201445,-0.284705,0.379334,-0.437138,-0.381707,0.014469,-0.093351
Cros_DAT_AAC99311.1	Cros_DAT_AAC99311.1	acceptor_superclass::Tryptophan alkaloids	acceptor_superclass::Diterpenoids;acceptor_superclass::Fatty acyls;acceptor_superclass::Monoterpenoids;acceptor_superclass::Naphthalenes;acceptor_superclass::Phenylpropanoids (C6-C3);acceptor_superclass::Triterpenoids;acceptor_superclass::Tryptophan alkaloids	0,0,0,0,0,0,0,0,0,0,0,0,0,0,0,0,0,0,0,0,0,1,0	0,0,1,0,1,0,0,0,0,1,1,0,0,0,0,1,0,0,0,0,1,1,0	-1.927884,-0.464942,0.261943,-2.000256,0.485856,-0.835954,-2.617533,-2.124901,-0.385269,0.926427,0.006719,-0.969319,-0.868588,-2.098354,-0.212773,0.936359,-0.709720,-0.107629,-0.851222,-0.670345,0.192897,0.996490,-0.523915
Cros_MAT_AAO13736.1	Cros_MAT_AAO13736.1	acceptor_superclass::Tryptophan alkaloids	acceptor_superclass::Lignans;acceptor_superclass::Monoterpenoids;acceptor_superclass::Naphthalenes;acceptor_superclass::Phenylpropanoids (C6-C3);acceptor_superclass::Triterpenoids;acceptor_superclass::Tryptophan alkaloids	0,0,0,0,0,0,0,0,0,0,0,0,0,0,0,0,0,0,0,0,0,1,0	0,0,0,0,0,0,0,1,0,1,1,0,0,0,0,1,0,0,0,0,1,1,0	-10.006779,-4.211420,-0.139230,-6.756617,-1.498668,-3.499078,-9.121540,0.291391,-2.790380,0.012632,2.560556,-2.851036,-7.024366,-7.212669,-2.340581,0.329731,-0.912179,-1.724828,-5.665282,-10.824976,2.735346,2.798009,-0.261191
Cros_TAT_AQP25667.1	Cros_TAT_AQP25667.1	acceptor_superclass::Tryptophan alkaloids	acceptor_superclass::Coumarins;acceptor_superclass::Cyclic polyketides;acceptor_superclass::Diterpenoids;acceptor_superclass::Lysine alkaloids;acceptor_superclass::Monoterpenoids;acceptor_superclass::Phenanthrenoids;acceptor_superclass::Phenylethanoids (C6-C2);acceptor_superclass::Phenylpropanoids (C6-C3);acceptor_superclass::Pseudoalkaloids;acceptor_superclass::Saccharides;acceptor_superclass::Steroids;acceptor_superclass::Triterpenoids;acceptor_superclass::Tyrosine alkaloids	0,0,0,0,0,0,0,0,0,0,0,0,0,0,0,0,0,0,0,0,0,1,0	1,1,1,0,0,0,0,0,1,1,0,0,1,0,1,1,1,1,0,1,1,0,1	0.086851,0.034011,0.337296,-0.107820,-0.073735,-0.125315,-0.463048,-0.137353,0.165112,0.037372,-0.089445,-0.047017,0.126819,-0.224169,0.422947,0.541880,0.380982,0.462736,-0.034337,0.360660,0.131496,-0.218279,0.164085
Csat_HCT_AEJ88365.1	Csat_HCT_AEJ88365.1	acceptor_superclass::Phenolic acids (C6-C1)	acceptor_superclass::Fatty Acids and Conjugates;acceptor_superclass::Fatty acyls;acceptor_superclass::Ornithine alkaloids;acceptor_superclass::Phenolic acids (C6-C1);acceptor_superclass::Phenylethanoids (C6-C2);acceptor_superclass::Pseudoalkaloids;acceptor_superclass::Small peptides;acceptor_superclass::Tyrosine alkaloids	0,0,0,0,0,0,0,0,0,0,0,0,0,1,0,0,0,0,0,0,0,0,0	0,0,0,1,1,0,0,0,0,0,0,1,0,1,1,0,1,0,1,0,0,0,1	-1.887587,-7.018922,-2.807447,0.216193,0.129142,-1.816434,-3.534552,-2.632242,-0.380281,-0.924606,-2.945890,0.156679,-1.398828,0.933166,0.421238,-0.290733,0.020108,-3.893548,0.690314,-3.716692,-0.278927,-1.618328,0.394056
Csco_HQT1_CAM84302.2	Csco_HQT1_CAM84302.2	acceptor_superclass::Phenolic acids (C6-C1)	acceptor_superclass::Fatty acyls;acceptor_superclass::Flavonoids;acceptor_superclass::Isoflavonoids;acceptor_superclass::Monoterpenoids;acceptor_superclass::Ornithine alkaloids;acceptor_superclass::Phenolic acids (C6-C1);acceptor_superclass::Small peptides;acceptor_superclass::Tryptophan alkaloids	0,0,0,0,0,0,0,0,0,0,0,0,0,1,0,0,0,0,0,0,0,0,0	0,0,0,0,1,1,1,0,0,1,0,1,0,1,0,0,0,0,1,0,0,1,0	-1.186593,-0.702168,-0.442676,-0.685445,0.222117,0.786618,0.239639,-1.610911,-0.834583,0.042055,-0.468921,0.458423,-0.777566,0.289915,-0.327123,-0.200864,-0.331472,-0.530398,0.552952,-0.305225,-0.570819,0.026135,-0.220103
Csco_HQT2_ACJ23164.1	Csco_HQT2_ACJ23164.1	acceptor_superclass::Phenolic acids (C6-C1)	acceptor_superclass::Diterpenoids;acceptor_superclass::Ornithine alkaloids;acceptor_superclass::Phenolic acids (C6-C1);acceptor_superclass::Phenylethanoids (C6-C2);acceptor_superclass::Phenylpropanoids (C6-C3);acceptor_superclass::Pseudoalkaloids;acceptor_superclass::Tyrosine alkaloids	0,0,0,0,0,0,0,0,0,0,0,0,0,1,0,0,0,0,0,0,0,0,0	0,0,1,0,0,0,0,0,0,0,0,1,0,1,1,1,1,0,0,0,0,0,1	-0.832898,-0.909053,0.272563,-0.474661,-0.261681,-0.447371,-0.372573,-0.755531,-0.013399,-0.045698,-0.298626,0.179465,-0.359788,0.001419,0.089681,0.385659,0.292383,-0.490071,-0.117787,-0.336314,-0.850404,-0.287202,0.162252
Csin_AT1_THG04858.1	Csin_AT1_THG04858.1	acceptor_superclass::Flavonoids	acceptor_superclass::Fatty acyls;acceptor_superclass::Flavonoids;acceptor_superclass::Isoflavonoids;acceptor_superclass::Ornithine alkaloids;acceptor_superclass::Phenolic acids (C6-C1);acceptor_superclass::Small peptides;acceptor_superclass::Tryptophan alkaloids	0,0,0,0,0,1,0,0,0,0,0,0,0,0,0,0,0,0,0,0,0,0,0	0,0,0,0,1,1,1,0,0,0,0,1,0,1,0,0,0,0,1,0,0,1,0	-0.882224,-0.466609,-0.204380,-0.307491,0.313409,0.543670,0.177198,-1.247153,-0.538629,-0.147974,-0.155621,0.301065,-0.551450,0.146793,-0.425713,-0.242954,-0.217636,-0.318507,0.359670,-0.398397,-0.358601,0.019438,-0.099734
Csin_AT2_THG19836.1	Csin_AT2_THG19836.1	acceptor_superclass::Flavonoids	acceptor_superclass::Coumarins;acceptor_superclass::Cyclic polyketides;acceptor_superclass::Diterpenoids;acceptor_superclass::Lysine alkaloids;acceptor_superclass::Monoterpenoids;acceptor_superclass::Phenanthrenoids;acceptor_superclass::Phenylethanoids (C6-C2);acceptor_superclass::Phenylpropanoids (C6-C3);acceptor_superclass::Pseudoalkaloids;acceptor_superclass::Saccharides;acceptor_superclass::Small peptides;acceptor_superclass::Steroids;acceptor_superclass::Triterpenoids;acceptor_superclass::Tyrosine alkaloids	0,0,0,0,0,1,0,0,0,0,0,0,0,0,0,0,0,0,0,0,0,0,0	1,1,1,0,0,0,0,0,1,1,0,0,1,0,1,1,1,1,1,1,1,0,1	0.056208,0.008255,0.250467,-0.098936,-0.022328,-0.052851,-0.350600,-0.112169,0.144997,0.019101,-0.051898,-0.047208,0.135582,-0.135330,0.392562,0.448686,0.282078,0.342079,0.013843,0.264618,0.087542,-0.170947,0.093333
Csin_CHAT1_GMQ03793.1	Csin_CHAT1_GMQ03793.1	acceptor_superclass::Fatty acyls	acceptor_superclass::Diterpenoids;acceptor_superclass::Lysine alkaloids;acceptor_superclass::Ornithine alkaloids;acceptor_superclass::Phenylpropanoids (C6-C3);acceptor_superclass::Pseudoalkaloids;acceptor_superclass::Tyrosine alkaloids	0,0,0,0,1,0,0,0,0,0,0,0,0,0,0,0,0,0,0,0,0,0,0	0,0,1,0,0,0,0,0,1,0,0,1,0,0,0,1,1,0,0,0,0,0,1	-0.907889,-1.019428,0.237556,-0.397266,-0.233937,-0.418904,-0.500049,-0.729868,0.100691,-0.148509,-0.094734,0.131252,-0.439169,-0.126946,-0.018100,0.297441,0.204799,-0.466340,-0.173379,-0.374899,-0.875312,-0.137195,0.064167
Csin_HCT1_XP_028081726.1	Csin_HCT1_XP_028081726.1	acceptor_superclass::Phenolic acids (C6-C1)	acceptor_superclass::Diterpenoids;acceptor_superclass::Lysine alkaloids;acceptor_superclass::Ornithine alkaloids;acceptor_superclass::Phenolic acids (C6-C1);acceptor_superclass::Phenylpropanoids (C6-C3);acceptor_superclass::Pseudoalkaloids	0,0,0,0,0,0,0,0,0,0,0,0,0,1,0,0,0,0,0,0,0,0,0	0,0,1,0,0,0,0,0,1,0,0,1,0,1,0,1,1,0,0,0,0,0,0	-2.360563,-1.369962,0.255249,-0.197705,-0.597016,-0.534192,-0.831937,-1.112935,0.788219,-0.676880,-0.098369,0.380445,-1.882589,0.181517,-0.372477,0.211746,0.217946,-0.993859,-0.057198,-0.669215,-1.897581,-0.121792,-0.170492
Csin_HCT2_THG02040.1	Csin_HCT2_THG02040.1	acceptor_superclass::Flavonoids;acceptor_superclass::Phenolic acids (C6-C1)	acceptor_superclass::Coumarins;acceptor_superclass::Cyclic polyketides;acceptor_superclass::Diterpenoids;acceptor_superclass::Fatty acyls;acceptor_superclass::Lysine alkaloids;acceptor_superclass::Monoterpenoids;acceptor_superclass::Phenanthrenoids;acceptor_superclass::Phenylethanoids (C6-C2);acceptor_superclass::Phenylpropanoids (C6-C3);acceptor_superclass::Pseudoalkaloids;acceptor_superclass::Saccharides;acceptor_superclass::Small peptides;acceptor_superclass::Steroids;acceptor_superclass::Triterpenoids;acceptor_superclass::Tyrosine alkaloids	0,0,0,0,0,1,0,0,0,0,0,0,0,1,0,0,0,0,0,0,0,0,0	1,1,1,0,1,0,0,0,1,1,0,0,1,0,1,1,1,1,1,1,1,0,1	0.012151,0.005336,0.120371,-0.080478,0.006570,-0.008927,-0.144550,-0.104329,0.126330,0.010475,-0.000056,-0.044767,0.135154,-0.001020,0.263429,0.256422,0.129199,0.156962,0.056785,0.101631,0.031783,-0.107177,0.027335
Dcar_HCBT3_CAB06429.1	Dcar_HCBT1_CAB06427.1	acceptor_superclass::Phenolic acids (C6-C1);acceptor_superclass::Small peptides	acceptor_superclass::Fatty Acids and Conjugates;acceptor_superclass::Fatty acyls;acceptor_superclass::Ornithine alkaloids;acceptor_superclass::Phenolic acids (C6-C1);acceptor_superclass::Phenylethanoids (C6-C2);acceptor_superclass::Pseudoalkaloids;acceptor_superclass::Small peptides;acceptor_superclass::Tyrosine alkaloids	0,0,0,0,0,0,0,0,0,0,0,0,0,1,0,0,0,0,1,0,0,0,0	0,0,0,1,1,0,0,0,0,0,0,1,0,1,1,0,1,0,1,0,0,0,1	-1.965157,-4.370493,-2.766699,0.473588,0.145407,-1.397009,-2.992336,-2.713691,-2.430474,-0.944814,-2.801719,0.261689,-1.126744,0.391611,0.498331,-0.438630,0.179912,-2.940793,0.852312,-2.740294,-0.646445,-1.776005,0.080952
Dcar_HCBT2_CAB06430.1	Dcar_HCBT2_CAB06430.1	acceptor_superclass::Small peptides	acceptor_superclass::Coumarins;acceptor_superclass::Cyclic polyketides;acceptor_superclass::Diterpenoids;acceptor_superclass::Fatty acyls;acceptor_superclass::Lysine alkaloids;acceptor_superclass::Monoterpenoids;acceptor_superclass::Naphthalenes;acceptor_superclass::Phenanthrenoids;acceptor_superclass::Phenolic acids (C6-C1);acceptor_superclass::Phenylethanoids (C6-C2);acceptor_superclass::Phenylpropanoids (C6-C3);acceptor_superclass::Pseudoalkaloids;acceptor_superclass::Saccharides;acceptor_superclass::Small peptides;acceptor_superclass::Steroids;acceptor_superclass::Triterpenoids;acceptor_superclass::Tyrosine alkaloids	0,0,0,0,0,0,0,0,0,0,0,0,0,0,0,0,0,0,1,0,0,0,0	1,1,1,0,1,0,0,0,1,1,1,0,1,1,1,1,1,1,1,1,1,0,1	0.011740,0.008398,0.116639,-0.081762,0.005794,-0.006130,-0.131826,-0.104883,0.127705,0.008365,0.002766,-0.046766,0.133810,0.008986,0.253345,0.242422,0.118737,0.143779,0.058207,0.095097,0.026784,-0.105411,0.026852
Dcar_HCBT3_CAB06429.1	Dcar_HCBT3_CAB06429.1	acceptor_superclass::Small peptides	acceptor_superclass::Coumarins;acceptor_superclass::Cyclic polyketides;acceptor_superclass::Diterpenoids;acceptor_superclass::Fatty acyls;acceptor_superclass::Lysine alkaloids;acceptor_superclass::Monoterpenoids;acceptor_superclass::Naphthalenes;acceptor_superclass::Phenanthrenoids;acceptor_superclass::Phenolic acids (C6-C1);acceptor_superclass::Phenylethanoids (C6-C2);acceptor_superclass::Phenylpropanoids (C6-C3);acceptor_superclass::Pseudoalkaloids;acceptor_superclass::Saccharides;acceptor_superclass::Small peptides;acceptor_superclass::Steroids;acceptor_superclass::Triterpenoids;acceptor_superclass::Tyrosine alkaloids	0,0,0,0,0,0,0,0,0,0,0,0,0,0,0,0,0,0,1,0,0,0,0	1,1,1,0,1,0,0,0,1,1,1,0,1,1,1,1,1,1,1,1,1,0,1	0.009372,0.009418,0.110789,-0.080385,0.003970,-0.008842,-0.122257,-0.106917,0.127185,0.009039,0.004338,-0.046409,0.132804,0.013845,0.243902,0.232208,0.113520,0.137369,0.058282,0.086814,0.025304,-0.103346,0.026313
Dlan_MAT1_QUW17232.1	Dlan_MAT1_QUW17232.1	acceptor_superclass::Flavonoids;acceptor_superclass::Steroids	acceptor_superclass::Coumarins;acceptor_superclass::Cyclic polyketides;acceptor_superclass::Diterpenoids;acceptor_superclass::Fatty acyls;acceptor_superclass::Lysine alkaloids;acceptor_superclass::Monoterpenoids;acceptor_superclass::Phenanthrenoids;acceptor_superclass::Phenylethanoids (C6-C2);acceptor_superclass::Phenylpropanoids (C6-C3);acceptor_superclass::Pseudoalkaloids;acceptor_superclass::Saccharides;acceptor_superclass::Small peptides;acceptor_superclass::Steroids;acceptor_superclass::Triterpenoids;acceptor_superclass::Tyrosine alkaloids	0,0,0,0,0,1,0,0,0,0,0,0,0,0,0,0,0,0,0,1,0,0,0	1,1,1,0,1,0,0,0,1,1,0,0,1,0,1,1,1,1,1,1,1,0,1	0.026899,0.008359,0.157664,-0.086785,0.000629,-0.011014,-0.195047,-0.102796,0.135828,0.009427,-0.010170,-0.049904,0.136080,-0.030456,0.300941,0.303172,0.164130,0.200099,0.049277,0.149363,0.043015,-0.122126,0.042544
Dlan_MAT2_QWS71079.1	Dlan_MAT2_QWS71079.1	acceptor_superclass::Flavonoids;acceptor_superclass::Steroids	acceptor_superclass::Flavonoids;acceptor_superclass::Isoflavonoids;acceptor_superclass::Ornithine alkaloids;acceptor_superclass::Phenanthrenoids;acceptor_superclass::Steroids	0,0,0,0,0,1,0,0,0,0,0,0,0,0,0,0,0,0,0,1,0,0,0	0,0,0,0,0,1,1,0,0,0,0,1,1,0,0,0,0,0,0,1,0,0,0	-0.301097,-2.415492,-3.712295,-0.748893,-1.909842,1.221049,0.762524,-4.699954,-3.677444,-2.537187,-0.570686,0.135460,0.632878,-1.568567,-1.149864,-1.262699,-0.119153,-3.709668,-0.468247,0.502742,-0.071616,-1.114236,-0.932006
Dmor_3MAT1_AAQ63615.1	Dmor_3MAT1_AAQ63615.1	acceptor_superclass::Flavonoids	acceptor_superclass::Fatty acyls;acceptor_superclass::Flavonoids;acceptor_superclass::Isoflavonoids;acceptor_superclass::Ornithine alkaloids;acceptor_superclass::Phenolic acids (C6-C1);acceptor_superclass::Small peptides;acceptor_superclass::Tryptophan alkaloids	0,0,0,0,0,1,0,0,0,0,0,0,0,0,0,0,0,0,0,0,0,0,0	0,0,0,0,1,1,1,0,0,0,0,1,0,1,0,0,0,0,1,0,0,1,0	-0.743386,-0.420691,-0.291158,-0.423599,0.132777,0.593864,0.216074,-1.189578,-0.634244,-0.015394,-0.293976,0.301764,-0.433268,0.225651,-0.225183,-0.157442,-0.218968,-0.401218,0.349544,-0.221781,-0.361603,0.063682,-0.150018
Dmor_3MAT2_AAQ63616.1	Dmor_3MAT2_AAQ63616.1	acceptor_superclass::Flavonoids	acceptor_superclass::Coumarins;acceptor_superclass::Flavonoids;acceptor_superclass::Isoflavonoids;acceptor_superclass::Naphthalenes;acceptor_superclass::Ornithine alkaloids;acceptor_superclass::Phenanthrenoids;acceptor_superclass::Pseudoalkaloids;acceptor_superclass::Triterpenoids	0,0,0,0,0,1,0,0,0,0,0,0,0,0,0,0,0,0,0,0,0,0,0	1,0,0,0,0,1,1,0,0,0,1,1,1,0,0,0,1,0,0,0,1,0,0	0.788567,-4.570923,-3.893575,-2.292987,-4.046648,1.099250,0.290207,-6.802592,-4.151751,-3.712425,0.197761,0.396246,1.313476,-2.380970,-1.430200,-2.708003,0.482189,-5.721117,-1.606338,-0.219693,0.346376,-1.042413,-0.548819
Dmor_3MAT3_BAF50706.1	Dmor_3MAT3_BAF50706.1	acceptor_superclass::Flavonoids;acceptor_superclass::Isoflavonoids	acceptor_superclass::Fatty acyls;acceptor_superclass::Flavonoids;acceptor_superclass::Isoflavonoids;acceptor_superclass::Monoterpenoids;acceptor_superclass::Ornithine alkaloids;acceptor_superclass::Phenolic acids (C6-C1);acceptor_superclass::Small peptides;acceptor_superclass::Tryptophan alkaloids	0,0,0,0,0,1,1,0,0,0,0,0,0,0,0,0,0,0,0,0,0,0,0	0,0,0,0,1,1,1,0,0,1,0,1,0,1,0,0,0,0,1,0,0,1,0	-0.732910,-0.389085,-0.238184,-0.407868,0.106416,0.594461,0.229112,-1.191760,-0.642123,0.000770,-0.299128,0.305913,-0.389426,0.201009,-0.179912,-0.150618,-0.176491,-0.370282,0.322079,-0.232552,-0.330542,0.048845,-0.118887
Dpin_3MAT_AAO12206.1	Dpin_3MAT_AAO12206.1	acceptor_superclass::Flavonoids	acceptor_superclass::Fatty acyls;acceptor_superclass::Flavonoids;acceptor_superclass::Isoflavonoids;acceptor_superclass::Ornithine alkaloids;acceptor_superclass::Phenolic acids (C6-C1);acceptor_superclass::Small peptides;acceptor_superclass::Tryptophan alkaloids	0,0,0,0,0,1,0,0,0,0,0,0,0,0,0,0,0,0,0,0,0,0,0	0,0,0,0,1,1,1,0,0,0,0,1,0,1,0,0,0,0,1,0,0,1,0	-0.793445,-0.444118,-0.307168,-0.487718,0.188943,0.639275,0.229506,-1.233561,-0.621553,-0.042453,-0.326826,0.335815,-0.506092,0.233121,-0.245147,-0.173225,-0.261359,-0.438647,0.390668,-0.232966,-0.426050,0.061922,-0.198495
Dvar_3MAT_AAO12206.1	Dvar_3MAT_AAO12206.1		acceptor_superclass::Fatty acyls;acceptor_superclass::Flavonoids;acceptor_superclass::Isoflavonoids;acceptor_superclass::Ornithine alkaloids;acceptor_superclass::Phenolic acids (C6-C1);acceptor_superclass::Small peptides;acceptor_superclass::Tryptophan alkaloids	0,0,0,0,0,0,0,0,0,0,0,0,0,0,0,0,0,0,0,0,0,0,0	0,0,0,0,1,1,1,0,0,0,0,1,0,1,0,0,0,0,1,0,0,1,0	-0.793445,-0.444118,-0.307168,-0.487718,0.188943,0.639275,0.229506,-1.233561,-0.621553,-0.042453,-0.326826,0.335815,-0.506092,0.233121,-0.245147,-0.173225,-0.261359,-0.438647,0.390668,-0.232966,-0.426050,0.061922,-0.198495
Ecoc_CS_AGT56097.1	Ecoc_BAHD7_AGT56097.1	acceptor_superclass::Ornithine alkaloids	acceptor_superclass::Fatty acyls;acceptor_superclass::Monoterpenoids;acceptor_superclass::Phenylpropanoids (C6-C3);acceptor_superclass::Triterpenoids	0,0,0,0,0,0,0,0,0,0,0,1,0,0,0,0,0,0,0,0,0,0,0	0,0,0,0,1,0,0,0,0,1,0,0,0,0,0,1,0,0,0,0,1,0,0	-7.765692,-2.786770,-0.454599,-4.806952,0.470016,-4.205697,-7.064715,-1.419589,-4.269238,0.292103,-0.621398,-0.054805,-4.806393,-4.616014,-0.109537,0.436760,-0.544713,-2.916690,-5.404272,-8.779550,0.516854,-0.059531,-0.365196
Ecoc_CS_AGT56097.1	Ecoc_CS_AGT56097.1	acceptor_superclass::Ornithine alkaloids	acceptor_superclass::Coumarins;acceptor_superclass::Cyclic polyketides;acceptor_superclass::Diterpenoids;acceptor_superclass::Lysine alkaloids;acceptor_superclass::Monoterpenoids;acceptor_superclass::Phenanthrenoids;acceptor_superclass::Phenylethanoids (C6-C2);acceptor_superclass::Phenylpropanoids (C6-C3);acceptor_superclass::Pseudoalkaloids;acceptor_superclass::Saccharides;acceptor_superclass::Steroids;acceptor_superclass::Triterpenoids;acceptor_superclass::Tyrosine alkaloids	0,0,0,0,0,0,0,0,0,0,0,1,0,0,0,0,0,0,0,0,0,0,0	1,1,1,0,0,0,0,0,1,1,0,0,1,0,1,1,1,1,0,1,1,0,1	0.071571,0.015452,0.294593,-0.104547,-0.040124,-0.075877,-0.412863,-0.119368,0.154647,0.023899,-0.069238,-0.049170,0.133251,-0.179085,0.423292,0.502932,0.331728,0.402620,-0.004223,0.317979,0.107032,-0.193280,0.121603
Ecoc_HQT_AFF19203.1	Ecoc_HQT_AFF19203.1	acceptor_superclass::Phenolic acids (C6-C1)	acceptor_superclass::Phenolic acids (C6-C1);acceptor_superclass::Phenylpropanoids (C6-C3);acceptor_superclass::Small peptides;acceptor_superclass::Triterpenoids	0,0,0,0,0,0,0,0,0,0,0,0,0,1,0,0,0,0,0,0,0,0,0	0,0,0,0,0,0,0,0,0,0,0,0,0,1,0,1,0,0,1,0,1,0,0	-7.396330,-6.093282,-4.465050,-0.397663,-0.589093,-2.131981,-5.943662,-6.626730,-5.889339,-0.794152,-6.802205,-0.561719,-9.123737,2.851551,-0.969875,0.019587,-1.054184,-5.797864,0.365420,-5.900974,0.311861,-2.044036,-0.219847
Egra_5AT_BAF49288.1	Egra_5AT_BAF49288.1	acceptor_superclass::Flavonoids	acceptor_superclass::Flavonoids;acceptor_superclass::Isoflavonoids;acceptor_superclass::Ornithine alkaloids;acceptor_superclass::Pseudoalkaloids;acceptor_superclass::Triterpenoids;acceptor_superclass::Tyrosine alkaloids	0,0,0,0,0,1,0,0,0,0,0,0,0,0,0,0,0,0,0,0,0,0,0	0,0,0,0,0,1,1,0,0,0,0,1,0,0,0,0,1,0,0,0,1,0,1	-0.568079,-3.310449,-4.036767,-0.122212,-2.166126,0.749794,0.485496,-3.790185,-3.072356,-2.658945,-0.805863,0.479572,-0.079801,-0.531951,-0.838276,-1.732050,0.198941,-4.315807,-0.010269,-0.507887,0.181995,-0.931068,0.062896
Epep_BAHD11_NA	Epep_BAHD11_NA	acceptor_superclass::Diterpenoids	acceptor_superclass::Fatty acyls;acceptor_superclass::Flavonoids;acceptor_superclass::Isoflavonoids;acceptor_superclass::Ornithine alkaloids;acceptor_superclass::Phenolic acids (C6-C1);acceptor_superclass::Small peptides;acceptor_superclass::Tryptophan alkaloids	0,0,1,0,0,0,0,0,0,0,0,0,0,0,0,0,0,0,0,0,0,0,0	0,0,0,0,1,1,1,0,0,0,0,1,0,1,0,0,0,0,1,0,0,1,0	-0.898574,-0.517790,-0.195222,-0.369056,0.185016,0.637318,0.213976,-1.492170,-0.693968,-0.121155,-0.235824,0.358470,-0.505856,0.204722,-0.309934,-0.254658,-0.206955,-0.360665,0.361366,-0.466002,-0.321992,0.056516,-0.078836
Epep_BAHD12_NA	Epep_BAHD12_NA	acceptor_superclass::Diterpenoids	acceptor_superclass::Diterpenoids;acceptor_superclass::Lysine alkaloids;acceptor_superclass::Naphthalenes;acceptor_superclass::Ornithine alkaloids;acceptor_superclass::Phenylpropanoids (C6-C3);acceptor_superclass::Pseudoalkaloids;acceptor_superclass::Tryptophan alkaloids;acceptor_superclass::Tyrosine alkaloids	0,0,1,0,0,0,0,0,0,0,0,0,0,0,0,0,0,0,0,0,0,0,0	0,0,1,0,0,0,0,0,1,0,1,1,0,0,0,1,1,0,0,0,0,1,1	-0.651536,-0.625391,0.161454,-0.155810,-0.141293,-0.255899,-0.312459,-0.512861,0.102723,-0.166449,0.064865,0.088628,-0.417595,-0.047911,-0.178787,0.136953,0.089893,-0.229030,-0.095270,-0.303568,-0.571113,0.029489,0.021137
Epep_BAHD6_NA	Epep_BAHD6_NA	acceptor_superclass::Diterpenoids	acceptor_superclass::Coumarins;acceptor_superclass::Cyclic polyketides;acceptor_superclass::Diterpenoids;acceptor_superclass::Lysine alkaloids;acceptor_superclass::Monoterpenoids;acceptor_superclass::Phenanthrenoids;acceptor_superclass::Phenylethanoids (C6-C2);acceptor_superclass::Phenylpropanoids (C6-C3);acceptor_superclass::Pseudoalkaloids;acceptor_superclass::Saccharides;acceptor_superclass::Steroids;acceptor_superclass::Triterpenoids;acceptor_superclass::Tyrosine alkaloids	0,0,1,0,0,0,0,0,0,0,0,0,0,0,0,0,0,0,0,0,0,0,0	1,1,1,0,0,0,0,0,1,1,0,0,1,0,1,1,1,1,0,1,1,0,1	0.076985,0.033705,0.310616,-0.103357,-0.070839,-0.124272,-0.424253,-0.138770,0.159790,0.038174,-0.081337,-0.043782,0.125948,-0.201157,0.392752,0.505351,0.354025,0.429608,-0.029347,0.326042,0.122793,-0.207627,0.154175
Epep_BAHD7_NA	Epep_BAHD7_NA	acceptor_superclass::Diterpenoids	acceptor_superclass::Naphthalenes;acceptor_superclass::Triterpenoids;acceptor_superclass::Tryptophan alkaloids	0,0,1,0,0,0,0,0,0,0,0,0,0,0,0,0,0,0,0,0,0,0,0	0,0,0,0,0,0,0,0,0,0,1,0,0,0,0,0,0,0,0,0,1,1,0	-0.509318,-3.089842,-0.093574,-2.630016,-1.377667,-0.345733,-1.643847,-2.098158,-2.269595,-0.352888,0.924759,-0.649214,-0.038971,-2.418779,-0.557483,-0.528883,-0.468573,-1.047172,-1.479345,-0.229102,0.662889,0.616965,-0.471995
Epep_BAHD8_NA	Epep_BAHD8_NA	acceptor_superclass::Diterpenoids	acceptor_superclass::Coumarins;acceptor_superclass::Cyclic polyketides;acceptor_superclass::Diterpenoids;acceptor_superclass::Lysine alkaloids;acceptor_superclass::Monoterpenoids;acceptor_superclass::Phenanthrenoids;acceptor_superclass::Phenylethanoids (C6-C2);acceptor_superclass::Phenylpropanoids (C6-C3);acceptor_superclass::Pseudoalkaloids;acceptor_superclass::Saccharides;acceptor_superclass::Steroids;acceptor_superclass::Triterpenoids;acceptor_superclass::Tyrosine alkaloids	0,0,1,0,0,0,0,0,0,0,0,0,0,0,0,0,0,0,0,0,0,0,0	1,1,1,0,0,0,0,0,1,1,0,0,1,0,1,1,1,1,0,1,1,0,1	0.067531,0.028634,0.281445,-0.100376,-0.056308,-0.100428,-0.379750,-0.131037,0.155487,0.031855,-0.067187,-0.045828,0.128183,-0.167476,0.376574,0.466087,0.316631,0.384622,-0.013134,0.292595,0.106906,-0.190650,0.131736
Epla_AAT1-1_BDW80081.1	Epla_AAT1-1_BDW80081.1	acceptor_superclass::Naphthalenes	acceptor_superclass::Naphthalenes;acceptor_superclass::Tryptophan alkaloids;acceptor_superclass::Tyrosine alkaloids	0,0,0,0,0,0,0,0,0,0,1,0,0,0,0,0,0,0,0,0,0,0,0	0,0,0,0,0,0,0,0,0,0,1,0,0,0,0,0,0,0,0,0,0,1,1	-6.124324,-3.764759,-1.554547,-5.035852,-2.114387,-3.609887,-7.163064,-4.190540,-4.120914,-0.552261,0.301599,-0.819466,-2.876004,-5.921493,-0.904454,-0.109572,-0.743065,-0.779999,-4.286459,-7.016479,-1.108765,0.345999,0.292898
Epla_AAT1-2_BDW80082.1	Epla_AAT1-2_BDW80082.1	acceptor_superclass::Naphthalenes	acceptor_superclass::Diterpenoids;acceptor_superclass::Lysine alkaloids;acceptor_superclass::Naphthalenes;acceptor_superclass::Ornithine alkaloids;acceptor_superclass::Phenolic acids (C6-C1);acceptor_superclass::Phenylpropanoids (C6-C3);acceptor_superclass::Pseudoalkaloids;acceptor_superclass::Tryptophan alkaloids	0,0,0,0,0,0,0,0,0,0,1,0,0,0,0,0,0,0,0,0,0,0,0	0,0,1,0,0,0,0,0,1,0,1,1,0,1,0,1,1,0,0,0,0,1,0	-0.798131,-0.584450,0.153849,-0.060369,-0.174156,-0.182837,-0.328246,-0.482712,0.280598,-0.231659,0.107917,0.176420,-0.500057,0.014288,-0.173001,0.100445,0.087652,-0.261791,-0.048495,-0.240092,-0.640152,0.038706,-0.091908
Epla_AAT2-1_BDW80086.1	Epla_AAT2-1_BDW80086.1	acceptor_superclass::Naphthalenes	acceptor_superclass::Naphthalenes;acceptor_superclass::Triterpenoids;acceptor_superclass::Tryptophan alkaloids;acceptor_superclass::Tyrosine alkaloids	0,0,0,0,0,0,0,0,0,0,1,0,0,0,0,0,0,0,0,0,0,0,0	0,0,0,0,0,0,0,0,0,0,1,0,0,0,0,0,0,0,0,0,1,1,1	-7.800762,-3.516051,-1.838577,-6.202104,-0.134603,-2.971383,-5.729775,-1.629656,-7.937497,-0.352497,2.767169,-0.678803,-5.204604,-7.073619,-1.313770,-0.032822,-1.000734,-5.565667,-8.339786,-9.847888,3.403008,2.604097,1.069062
Epla_AAT2-2_BDW80087.1	Epla_AAT2-2_BDW80087.1	acceptor_superclass::Naphthalenes	acceptor_superclass::Coumarins;acceptor_superclass::Cyclic polyketides;acceptor_superclass::Diterpenoids;acceptor_superclass::Lysine alkaloids;acceptor_superclass::Monoterpenoids;acceptor_superclass::Phenanthrenoids;acceptor_superclass::Phenylethanoids (C6-C2);acceptor_superclass::Phenylpropanoids (C6-C3);acceptor_superclass::Pseudoalkaloids;acceptor_superclass::Saccharides;acceptor_superclass::Small peptides;acceptor_superclass::Steroids;acceptor_superclass::Triterpenoids;acceptor_superclass::Tyrosine alkaloids	0,0,0,0,0,0,0,0,0,0,1,0,0,0,0,0,0,0,0,0,0,0,0	1,1,1,0,0,0,0,0,1,1,0,0,1,0,1,1,1,1,1,1,1,0,1	0.040048,0.019844,0.203214,-0.091301,-0.030520,-0.061609,-0.263036,-0.121982,0.141944,0.021957,-0.035835,-0.045477,0.129433,-0.085748,0.313818,0.358884,0.225325,0.273026,0.018209,0.197127,0.070154,-0.151846,0.085003
Epla_AAT2-3_BDW80088.1	Epla_AAT2-3_BDW80088.1	acceptor_superclass::Naphthalenes	acceptor_superclass::Coumarins;acceptor_superclass::Cyclic polyketides;acceptor_superclass::Diterpenoids;acceptor_superclass::Lysine alkaloids;acceptor_superclass::Monoterpenoids;acceptor_superclass::Phenanthrenoids;acceptor_superclass::Phenylethanoids (C6-C2);acceptor_superclass::Phenylpropanoids (C6-C3);acceptor_superclass::Pseudoalkaloids;acceptor_superclass::Saccharides;acceptor_superclass::Small peptides;acceptor_superclass::Steroids;acceptor_superclass::Triterpenoids;acceptor_superclass::Tyrosine alkaloids	0,0,0,0,0,0,0,0,0,0,1,0,0,0,0,0,0,0,0,0,0,0,0	1,1,1,0,0,0,0,0,1,1,0,0,1,0,1,1,1,1,1,1,1,0,1	0.043144,0.024835,0.209247,-0.090925,-0.036380,-0.069761,-0.265929,-0.124576,0.144591,0.025024,-0.037119,-0.045505,0.128633,-0.091059,0.310099,0.360801,0.230448,0.280203,0.013296,0.203080,0.074079,-0.153969,0.092120
Epla_SAT1-1_BDW80075.1	Epla_SAT1-1_BDW80075.1	acceptor_superclass::Naphthalenes	acceptor_superclass::Diterpenoids;acceptor_superclass::Naphthalenes;acceptor_superclass::Triterpenoids;acceptor_superclass::Tryptophan alkaloids	0,0,0,0,0,0,0,0,0,0,1,0,0,0,0,0,0,0,0,0,0,0,0	0,0,1,0,0,0,0,0,0,0,1,0,0,0,0,0,0,0,0,0,1,1,0	-9.223602,-4.617455,0.496374,-7.373049,-1.892658,-3.379936,-7.868007,-0.284425,-5.215580,-0.278445,3.321832,-1.178025,-5.482290,-7.968468,-2.003677,-0.115583,-0.262073,-1.583863,-8.042869,-11.826793,1.860680,2.417296,-0.516438
Epla_SAT1-2_BDW80076.1	Epla_SAT1-2_BDW80076.1	acceptor_superclass::Naphthalenes	acceptor_superclass::Fatty acyls;acceptor_superclass::Flavonoids;acceptor_superclass::Isoflavonoids;acceptor_superclass::Ornithine alkaloids;acceptor_superclass::Phenolic acids (C6-C1);acceptor_superclass::Small peptides;acceptor_superclass::Tyrosine alkaloids	0,0,0,0,0,0,0,0,0,0,1,0,0,0,0,0,0,0,0,0,0,0,0	0,0,0,0,1,1,1,0,0,0,0,1,0,1,0,0,0,0,1,0,0,0,1	-0.972987,-0.479078,-0.195158,-0.292418,0.231176,0.418351,0.134342,-1.148058,-0.615527,-0.089635,-0.194967,0.416829,-0.677217,0.159115,-0.344106,-0.234248,-0.137611,-0.272689,0.289700,-0.610260,-0.289962,-0.083686,0.028565
Epla_SAT2-1_BDW80078.1	Epla_SAT2-1_BDW80078.1	acceptor_superclass::Naphthalenes	acceptor_superclass::Diterpenoids;acceptor_superclass::Lysine alkaloids;acceptor_superclass::Naphthalenes;acceptor_superclass::Ornithine alkaloids;acceptor_superclass::Phenolic acids (C6-C1);acceptor_superclass::Phenylpropanoids (C6-C3);acceptor_superclass::Pseudoalkaloids;acceptor_superclass::Tryptophan alkaloids	0,0,0,0,0,0,0,0,0,0,1,0,0,0,0,0,0,0,0,0,0,0,0	0,0,1,0,0,0,0,0,1,0,1,1,0,1,0,1,1,0,0,0,0,1,0	-0.784300,-0.597953,0.171691,-0.062560,-0.169723,-0.203830,-0.342901,-0.510281,0.296405,-0.225906,0.102505,0.187656,-0.484483,0.032149,-0.188353,0.103452,0.097717,-0.279615,-0.057350,-0.232189,-0.660009,0.074613,-0.110720
Epla_SAT2-2_BDW80079.1	Epla_SAT2-2_BDW80079.1	acceptor_superclass::Naphthalenes	acceptor_superclass::Naphthalenes;acceptor_superclass::Triterpenoids;acceptor_superclass::Tryptophan alkaloids;acceptor_superclass::Tyrosine alkaloids	0,0,0,0,0,0,0,0,0,0,1,0,0,0,0,0,0,0,0,0,0,0,0	0,0,0,0,0,0,0,0,0,0,1,0,0,0,0,0,0,0,0,0,1,1,1	-7.294813,-6.017809,-0.137496,-5.890202,-2.174664,-2.998194,-6.618767,-0.873923,-8.017062,-1.056923,2.857009,-1.259223,-2.775332,-6.928088,-2.021675,-0.512102,-0.734963,-1.640976,-8.283562,-10.661994,2.439233,4.993395,1.871165
Epur_HCT_QRI59128.1	Epur_HCT_QRI59128.1	acceptor_superclass::Phenolic acids (C6-C1)	acceptor_superclass::Phenolic acids (C6-C1);acceptor_superclass::Pseudoalkaloids;acceptor_superclass::Small peptides;acceptor_superclass::Tyrosine alkaloids	0,0,0,0,0,0,0,0,0,0,0,0,0,1,0,0,0,0,0,0,0,0,0	0,0,0,0,0,0,0,0,0,0,0,0,0,1,0,0,1,0,1,0,0,0,1	-0.976734,-4.830560,-2.054101,-0.143826,-0.432725,-0.008345,-1.273568,-0.225430,-1.474205,-0.952167,-1.718962,-0.436613,-0.959498,0.669975,-0.336263,-0.205994,0.185525,-1.874674,0.597054,-1.399818,-0.339580,-1.222012,0.097858
Epur_HMT_UHJ19789.2	Epur_HMT_UHJ19789.2	acceptor_superclass::Fatty Acids and Conjugates	acceptor_superclass::Fatty acyls;acceptor_superclass::Flavonoids;acceptor_superclass::Isoflavonoids;acceptor_superclass::Ornithine alkaloids;acceptor_superclass::Phenolic acids (C6-C1);acceptor_superclass::Small peptides;acceptor_superclass::Tryptophan alkaloids	0,0,0,1,0,0,0,0,0,0,0,0,0,0,0,0,0,0,0,0,0,0,0	0,0,0,0,1,1,1,0,0,0,0,1,0,1,0,0,0,0,1,0,0,1,0	-0.808943,-0.430621,-0.319381,-0.413319,0.197607,0.574361,0.169172,-1.097147,-0.543712,-0.050248,-0.322893,0.276719,-0.506994,0.153157,-0.297879,-0.152319,-0.273262,-0.369361,0.393131,-0.241999,-0.416110,0.014837,-0.145768
Epur_HQT_QRI59127.1	Epur_HQT_QRI59127.1	acceptor_superclass::Phenolic acids (C6-C1)	acceptor_superclass::Coumarins;acceptor_superclass::Cyclic polyketides;acceptor_superclass::Diterpenoids;acceptor_superclass::Lysine alkaloids;acceptor_superclass::Monoterpenoids;acceptor_superclass::Phenanthrenoids;acceptor_superclass::Phenolic acids (C6-C1);acceptor_superclass::Phenylethanoids (C6-C2);acceptor_superclass::Phenylpropanoids (C6-C3);acceptor_superclass::Pseudoalkaloids;acceptor_superclass::Saccharides;acceptor_superclass::Small peptides;acceptor_superclass::Steroids;acceptor_superclass::Triterpenoids;acceptor_superclass::Tyrosine alkaloids	0,0,0,0,0,0,0,0,0,0,0,0,0,1,0,0,0,0,0,0,0,0,0	1,1,1,0,0,0,0,0,1,1,0,0,1,1,1,1,1,1,1,1,1,0,1	0.012127,0.010707,0.120066,-0.080932,-0.000924,-0.016506,-0.138428,-0.108974,0.128692,0.011200,-0.000550,-0.045330,0.132676,0.001356,0.250749,0.246459,0.126802,0.153858,0.053353,0.098218,0.031179,-0.108901,0.033053
Epur_HTT_QRI59126.1	Epur_HTT_QRI59126.1	acceptor_superclass::Fatty Acids and Conjugates	acceptor_superclass::Coumarins;acceptor_superclass::Cyclic polyketides;acceptor_superclass::Diterpenoids;acceptor_superclass::Fatty acyls;acceptor_superclass::Lysine alkaloids;acceptor_superclass::Monoterpenoids;acceptor_superclass::Phenanthrenoids;acceptor_superclass::Phenylethanoids (C6-C2);acceptor_superclass::Phenylpropanoids (C6-C3);acceptor_superclass::Pseudoalkaloids;acceptor_superclass::Saccharides;acceptor_superclass::Small peptides;acceptor_superclass::Steroids;acceptor_superclass::Triterpenoids;acceptor_superclass::Tyrosine alkaloids	0,0,0,1,0,0,0,0,0,0,0,0,0,0,0,0,0,0,0,0,0,0,0	1,1,1,0,1,0,0,0,1,1,0,0,1,0,1,1,1,1,1,1,1,0,1	0.011822,0.002002,0.121752,-0.081602,0.009379,-0.005049,-0.151691,-0.103118,0.125101,0.008393,-0.001083,-0.045021,0.135664,-0.003199,0.271494,0.263435,0.132591,0.160374,0.058336,0.104757,0.031229,-0.108620,0.025478
Fana_SAAT_AAG13130.1	Fana_SAAT_AAG13130.1	acceptor_superclass::Cyclic polyketides;acceptor_superclass::Fatty acyls;acceptor_superclass::Phenylethanoids (C6-C2)	acceptor_superclass::Diterpenoids;acceptor_superclass::Lysine alkaloids;acceptor_superclass::Ornithine alkaloids;acceptor_superclass::Phenolic acids (C6-C1);acceptor_superclass::Phenylpropanoids (C6-C3);acceptor_superclass::Pseudoalkaloids;acceptor_superclass::Small peptides	0,1,0,0,1,0,0,0,0,0,0,0,0,0,1,0,0,0,0,0,0,0,0	0,0,1,0,0,0,0,0,1,0,0,1,0,1,0,1,1,0,1,0,0,0,0	-0.934431,-0.491077,0.161448,-0.023230,-0.403085,-0.115311,-0.091141,-0.423066,0.305633,-0.275149,-0.042437,0.296981,-0.647425,0.173260,-0.057209,0.152640,0.217561,-0.352772,0.000594,-0.164769,-0.641846,-0.222362,-0.056825
Fves_VAAT_CAC09062.1	Fves_VAAT_CAC09062.1	acceptor_superclass::Cyclic polyketides;acceptor_superclass::Fatty acyls;acceptor_superclass::Monoterpenoids;acceptor_superclass::Phenylethanoids (C6-C2);acceptor_superclass::Phenylpropanoids (C6-C3)	acceptor_superclass::Naphthalenes;acceptor_superclass::Phenanthrenoids;acceptor_superclass::Triterpenoids;acceptor_superclass::Tryptophan alkaloids	0,1,0,0,1,0,0,0,0,1,0,0,0,0,1,1,0,0,0,0,0,0,0	0,0,0,0,0,0,0,0,0,0,1,0,1,0,0,0,0,0,0,0,1,1,0	-0.453707,-2.516970,-1.243593,-2.039477,-1.898685,-0.260311,-1.162144,-3.563979,-2.319339,-1.159396,0.479239,-0.073706,0.170489,-2.107647,-0.528880,-0.986856,-0.171198,-2.429405,-1.433669,-0.645960,0.627664,0.269547,-0.354130
Gmax_COSY_KRH21316.1	Gmax_COSY_KRH21316.1		acceptor_superclass::Fatty acyls;acceptor_superclass::Phenylpropanoids (C6-C3);acceptor_superclass::Small peptides	0,0,0,0,0,0,0,0,0,0,0,0,0,0,0,0,0,0,0,0,0,0,0	0,0,0,0,1,0,0,0,0,0,0,0,0,0,0,1,0,0,1,0,0,0,0	-2.066076,-3.902946,-1.800159,-0.105577,0.255297,-1.041435,-2.539499,-3.449141,-0.382745,-0.374470,-1.918635,-0.195083,-1.429627,-0.703231,-0.072248,0.218602,-0.220026,-2.723191,0.087357,-2.197931,-0.059813,-0.362687,-0.309101
Gmax_MT7_ABY59019.1	Gmax_IF7MAT_NP_001237760.1	acceptor_superclass::Isoflavonoids	acceptor_superclass::Coumarins;acceptor_superclass::Flavonoids;acceptor_superclass::Isoflavonoids;acceptor_superclass::Ornithine alkaloids;acceptor_superclass::Phenanthrenoids;acceptor_superclass::Pseudoalkaloids;acceptor_superclass::Triterpenoids	0,0,0,0,0,0,1,0,0,0,0,0,0,0,0,0,0,0,0,0,0,0,0	1,0,0,0,0,1,1,0,0,0,0,1,1,0,0,0,1,0,0,0,1,0,0	0.135034,-4.273521,-4.804659,-0.561986,-3.245004,0.807861,0.689478,-6.450777,-4.592456,-3.678506,-0.628059,0.884111,0.831584,-1.450909,-1.077836,-2.461515,0.475366,-5.998235,-0.714392,-0.334713,0.262045,-1.274651,-0.590611
Gmax_IMAT1_AQY54373.1	Gmax_IMAT1_AQY54373.1	acceptor_superclass::Isoflavonoids	acceptor_superclass::Coumarins;acceptor_superclass::Flavonoids;acceptor_superclass::Isoflavonoids;acceptor_superclass::Naphthalenes;acceptor_superclass::Ornithine alkaloids;acceptor_superclass::Phenanthrenoids;acceptor_superclass::Pseudoalkaloids;acceptor_superclass::Steroids;acceptor_superclass::Triterpenoids	0,0,0,0,0,0,1,0,0,0,0,0,0,0,0,0,0,0,0,0,0,0,0	1,0,0,0,0,1,1,0,0,0,1,1,1,0,0,0,1,0,0,1,1,0,0	1.319069,-2.746359,-4.360931,-0.816208,-4.346547,3.167292,3.910182,-3.801414,-4.643017,-4.264069,0.987733,0.134608,1.351172,-1.744399,-2.345384,-2.190738,0.619323,-3.982984,-1.068071,2.659001,0.555233,-0.223443,-0.858472
Gmax_IMAT3_AQY54374.1	Gmax_IMAT3_AQY54374.1	acceptor_superclass::Isoflavonoids	acceptor_superclass::Diterpenoids;acceptor_superclass::Lysine alkaloids;acceptor_superclass::Ornithine alkaloids;acceptor_superclass::Phenolic acids (C6-C1);acceptor_superclass::Phenylethanoids (C6-C2);acceptor_superclass::Phenylpropanoids (C6-C3);acceptor_superclass::Pseudoalkaloids;acceptor_superclass::Tyrosine alkaloids	0,0,0,0,0,0,1,0,0,0,0,0,0,0,0,0,0,0,0,0,0,0,0	0,0,1,0,0,0,0,0,1,0,0,1,0,1,1,1,1,0,0,0,0,0,1	-0.942907,-0.620851,0.191467,-0.165594,-0.451325,-0.188493,-0.065635,-0.484042,0.260087,-0.220533,-0.109912,0.312371,-0.575335,0.121325,0.026828,0.225122,0.294223,-0.404235,-0.030820,-0.150878,-0.679580,-0.335833,0.046525
Gmax_MT7_ABY59019.1	Gmax_MT7_ABY59019.1	acceptor_superclass::Flavonoids;acceptor_superclass::Isoflavonoids	acceptor_superclass::Coumarins;acceptor_superclass::Flavonoids;acceptor_superclass::Isoflavonoids;acceptor_superclass::Ornithine alkaloids;acceptor_superclass::Phenanthrenoids;acceptor_superclass::Pseudoalkaloids;acceptor_superclass::Triterpenoids	0,0,0,0,0,1,1,0,0,0,0,0,0,0,0,0,0,0,0,0,0,0,0	1,0,0,0,0,1,1,0,0,0,0,1,1,0,0,0,1,0,0,0,1,0,0	0.135034,-4.273521,-4.804659,-0.561986,-3.245004,0.807861,0.689478,-6.450777,-4.592456,-3.678506,-0.628059,0.884111,0.831584,-1.450909,-1.077836,-2.461515,0.475366,-5.998235,-0.714392,-0.334713,0.262045,-1.274651,-0.590611
Gmax_SSACT1_KRH01153.1	Gmax_SSACT1_KRH01153.1	acceptor_superclass::Triterpenoids	acceptor_superclass::Coumarins;acceptor_superclass::Flavonoids;acceptor_superclass::Isoflavonoids;acceptor_superclass::Naphthalenes;acceptor_superclass::Ornithine alkaloids;acceptor_superclass::Pseudoalkaloids	0,0,0,0,0,0,0,0,0,0,0,0,0,0,0,0,0,0,0,0,1,0,0	1,0,0,0,0,1,1,0,0,0,1,1,0,0,0,0,1,0,0,0,0,0,0	0.783049,-2.971055,-6.555009,-2.028977,-3.414583,3.094699,4.708792,-9.143471,-10.646022,-3.186858,0.341157,1.430946,-0.143607,-2.352557,-4.295325,-4.160426,0.568582,-4.901281,-4.196085,-0.686545,-1.286753,-2.461012,-2.124151
Gtri_53AAT_BAA74428.1	Gtri_53AAT_BAA74428.1	acceptor_superclass::Flavonoids	acceptor_superclass::Diterpenoids;acceptor_superclass::Lysine alkaloids;acceptor_superclass::Ornithine alkaloids;acceptor_superclass::Phenolic acids (C6-C1);acceptor_superclass::Phenylpropanoids (C6-C3);acceptor_superclass::Pseudoalkaloids	0,0,0,0,0,1,0,0,0,0,0,0,0,0,0,0,0,0,0,0,0,0,0	0,0,1,0,0,0,0,0,1,0,0,1,0,1,0,1,1,0,0,0,0,0,0	-0.713998,-0.372494,0.115568,-0.043887,-0.315820,-0.137596,-0.061521,-0.347275,0.238947,-0.189566,-0.001572,0.247918,-0.435846,0.109285,-0.051972,0.154198,0.193370,-0.229575,-0.009197,-0.127447,-0.473087,-0.170930,-0.006727
Gtri_53AAT_BAA74428.1	Gtri_5AT_BAA74428.1	acceptor_superclass::Flavonoids	acceptor_superclass::Fatty acyls;acceptor_superclass::Flavonoids;acceptor_superclass::Isoflavonoids;acceptor_superclass::Ornithine alkaloids;acceptor_superclass::Phenolic acids (C6-C1);acceptor_superclass::Small peptides;acceptor_superclass::Tryptophan alkaloids	0,0,0,0,0,1,0,0,0,0,0,0,0,0,0,0,0,0,0,0,0,0,0	0,0,0,0,1,1,1,0,0,0,0,1,0,1,0,0,0,0,1,0,0,1,0	-0.756567,-0.349135,-0.139553,-0.291820,0.175073,0.603738,0.222785,-1.276876,-0.642818,-0.034428,-0.202169,0.253823,-0.473433,0.131193,-0.292946,-0.255283,-0.159418,-0.233672,0.324022,-0.330094,-0.332782,0.054913,-0.055751
Gtri_53AAT_BAA74428.1	Gtri_GAT_BAA74428.1	acceptor_superclass::Flavonoids	acceptor_superclass::Coumarins;acceptor_superclass::Cyclic polyketides;acceptor_superclass::Diterpenoids;acceptor_superclass::Lysine alkaloids;acceptor_superclass::Monoterpenoids;acceptor_superclass::Phenanthrenoids;acceptor_superclass::Phenylethanoids (C6-C2);acceptor_superclass::Phenylpropanoids (C6-C3);acceptor_superclass::Pseudoalkaloids;acceptor_superclass::Saccharides;acceptor_superclass::Small peptides;acceptor_superclass::Steroids;acceptor_superclass::Triterpenoids;acceptor_superclass::Tyrosine alkaloids	0,0,0,0,0,1,0,0,0,0,0,0,0,0,0,0,0,0,0,0,0,0,0	1,1,1,0,0,0,0,0,1,1,0,0,1,0,1,1,1,1,1,1,1,0,1	0.024485,0.011900,0.153278,-0.086316,-0.004831,-0.021677,-0.187820,-0.108001,0.133894,0.012348,-0.011713,-0.048217,0.134040,-0.029435,0.287054,0.293705,0.161788,0.197101,0.045425,0.140564,0.043517,-0.122483,0.047198
Hann_HCT1_QBM78941.1	Hann_HCT1_QBM78941.1	acceptor_superclass::Phenolic acids (C6-C1)	acceptor_superclass::Fatty Acids and Conjugates;acceptor_superclass::Fatty acyls;acceptor_superclass::Phenolic acids (C6-C1);acceptor_superclass::Phenylethanoids (C6-C2);acceptor_superclass::Phenylpropanoids (C6-C3);acceptor_superclass::Pseudoalkaloids;acceptor_superclass::Small peptides;acceptor_superclass::Tyrosine alkaloids	0,0,0,0,0,0,0,0,0,0,0,0,0,1,0,0,0,0,0,0,0,0,0	0,0,0,1,1,0,0,0,0,0,0,0,0,1,1,1,1,0,1,0,0,0,1	-2.582188,-6.606918,-2.937782,0.987829,0.962308,-1.051242,-3.083921,-0.183846,-1.446093,-0.696406,-3.645328,-0.315528,-2.294521,1.691613,0.332879,0.542674,0.214249,-2.100787,1.711641,-3.015730,-0.544393,-1.382101,0.680562
Hann_HCT2_QBM78942.1	Hann_HCT2_QBM78942.1	acceptor_superclass::Phenolic acids (C6-C1)	acceptor_superclass::Diterpenoids;acceptor_superclass::Lysine alkaloids;acceptor_superclass::Ornithine alkaloids;acceptor_superclass::Phenolic acids (C6-C1);acceptor_superclass::Phenylpropanoids (C6-C3);acceptor_superclass::Pseudoalkaloids;acceptor_superclass::Tyrosine alkaloids	0,0,0,0,0,0,0,0,0,0,0,0,0,1,0,0,0,0,0,0,0,0,0	0,0,1,0,0,0,0,0,1,0,0,1,0,1,0,1,1,0,0,0,0,0,1	-1.000377,-0.795495,0.128035,-0.254726,-0.271869,-0.343574,-0.433844,-0.630730,0.152779,-0.163009,-0.125021,0.159730,-0.677282,0.005474,-0.073602,0.257051,0.189125,-0.474866,-0.074447,-0.385159,-0.935994,-0.139980,0.010626
Hann_HQT1_QBM78938.1	Hann_HQT1_QBM78938.1	acceptor_superclass::Phenolic acids (C6-C1)	acceptor_superclass::Phenolic acids (C6-C1);acceptor_superclass::Phenylpropanoids (C6-C3);acceptor_superclass::Small peptides;acceptor_superclass::Tyrosine alkaloids	0,0,0,0,0,0,0,0,0,0,0,0,0,1,0,0,0,0,0,0,0,0,0	0,0,0,0,0,0,0,0,0,0,0,0,0,1,0,1,0,0,1,0,0,0,1	-7.676745,-5.645732,-4.820541,-0.660580,-1.102145,-2.634499,-6.849472,-7.067338,-4.896092,-0.691875,-7.501886,-1.187182,-9.422766,3.408250,-0.812463,0.208613,-1.369973,-5.731127,1.634663,-4.561026,-0.340492,-1.882682,0.144631
Hann_HQT2_QBM78939.1	Hann_HQT2_QBM78939.1	acceptor_superclass::Phenolic acids (C6-C1)	acceptor_superclass::Phenolic acids (C6-C1);acceptor_superclass::Small peptides;acceptor_superclass::Tyrosine alkaloids	0,0,0,0,0,0,0,0,0,0,0,0,0,1,0,0,0,0,0,0,0,0,0	0,0,0,0,0,0,0,0,0,0,0,0,0,1,0,0,0,0,1,0,0,0,1	-5.798963,-7.551661,-3.316486,-1.293126,-1.507117,-1.126648,-5.585765,-6.087595,-3.431523,-0.589969,-5.939365,-1.798990,-6.689826,2.972858,-1.122297,-0.268151,-1.621264,-6.615955,0.166053,-5.894330,-0.001320,-3.479985,0.481707
Hann_HQT3_QBM78940.1	Hann_HQT3_QBM78940.1	acceptor_superclass::Phenolic acids (C6-C1)	acceptor_superclass::Diterpenoids;acceptor_superclass::Lysine alkaloids;acceptor_superclass::Ornithine alkaloids;acceptor_superclass::Phenylpropanoids (C6-C3);acceptor_superclass::Pseudoalkaloids;acceptor_superclass::Tyrosine alkaloids	0,0,0,0,0,0,0,0,0,0,0,0,0,1,0,0,0,0,0,0,0,0,0	0,0,1,0,0,0,0,0,1,0,0,1,0,0,0,1,1,0,0,0,0,0,1	-1.100303,-0.940504,0.163812,-0.316340,-0.263719,-0.424265,-0.533430,-0.705556,0.219217,-0.199009,-0.119686,0.151304,-0.733615,-0.020065,-0.088499,0.282224,0.181403,-0.530560,-0.100321,-0.424373,-1.046424,-0.122130,0.027691
Hcan_PMT_KAL4341785.1	Hcan_PMT_KAL4341785.1	acceptor_superclass::Phenylpropanoids (C6-C3)	acceptor_superclass::Lysine alkaloids;acceptor_superclass::Monoterpenoids;acceptor_superclass::Phenylpropanoids (C6-C3)	0,0,0,0,0,0,0,0,0,0,0,0,0,0,0,1,0,0,0,0,0,0,0	0,0,0,0,0,0,0,0,1,1,0,0,0,0,0,1,0,0,0,0,0,0,0	-11.239287,-5.366658,-1.873484,-3.502151,-0.047459,-1.565721,-10.762066,-5.818723,0.440493,1.320570,-4.565936,-4.091110,-10.201510,-4.143251,-1.475113,1.195173,-1.956330,-5.063160,-1.027312,-8.216502,-2.894266,-3.141618,-3.947719
Hmur_ACT_BCN87077.1	Hmur_ACT_BCN87077.1	acceptor_superclass::Ornithine alkaloids;acceptor_superclass::Pseudoalkaloids	acceptor_superclass::Coumarins;acceptor_superclass::Cyclic polyketides;acceptor_superclass::Diterpenoids;acceptor_superclass::Lysine alkaloids;acceptor_superclass::Monoterpenoids;acceptor_superclass::Phenanthrenoids;acceptor_superclass::Phenylethanoids (C6-C2);acceptor_superclass::Phenylpropanoids (C6-C3);acceptor_superclass::Pseudoalkaloids;acceptor_superclass::Saccharides;acceptor_superclass::Small peptides;acceptor_superclass::Steroids;acceptor_superclass::Triterpenoids;acceptor_superclass::Tyrosine alkaloids	0,0,0,0,0,0,0,0,0,0,0,1,0,0,0,0,1,0,0,0,0,0,0	1,1,1,0,0,0,0,0,1,1,0,0,1,0,1,1,1,1,1,1,1,0,1	0.020022,0.018008,0.139962,-0.083003,-0.012466,-0.030818,-0.159869,-0.114040,0.134851,0.014937,-0.007550,-0.046713,0.130518,-0.015609,0.255878,0.263659,0.146109,0.177632,0.043276,0.120180,0.040015,-0.118475,0.048690
Hpol_BAHD3_NA	Hpol_BAHD3_NA	acceptor_superclass::Tyrosine alkaloids	acceptor_superclass::Coumarins;acceptor_superclass::Cyclic polyketides;acceptor_superclass::Diterpenoids;acceptor_superclass::Lysine alkaloids;acceptor_superclass::Monoterpenoids;acceptor_superclass::Phenanthrenoids;acceptor_superclass::Phenylethanoids (C6-C2);acceptor_superclass::Phenylpropanoids (C6-C3);acceptor_superclass::Pseudoalkaloids;acceptor_superclass::Saccharides;acceptor_superclass::Small peptides;acceptor_superclass::Steroids;acceptor_superclass::Triterpenoids;acceptor_superclass::Tyrosine alkaloids	0,0,0,0,0,0,0,0,0,0,0,0,0,0,0,0,0,0,0,0,0,0,1	1,1,1,0,0,0,0,0,1,1,0,0,1,0,1,1,1,1,1,1,1,0,1	0.033394,0.016085,0.180865,-0.088633,-0.018465,-0.043129,-0.229457,-0.114867,0.138772,0.017719,-0.024465,-0.046346,0.131829,-0.060647,0.302502,0.330735,0.196649,0.238754,0.030272,0.172515,0.058404,-0.138608,0.067438
Hvul_ACT1-1_AAO73071.1	Hvul_ACT1-1_AAO73071.1	acceptor_superclass::Ornithine alkaloids	acceptor_superclass::Fatty acyls;acceptor_superclass::Flavonoids;acceptor_superclass::Isoflavonoids;acceptor_superclass::Monoterpenoids;acceptor_superclass::Ornithine alkaloids;acceptor_superclass::Phenolic acids (C6-C1);acceptor_superclass::Small peptides;acceptor_superclass::Tryptophan alkaloids	0,0,0,0,0,0,0,0,0,0,0,1,0,0,0,0,0,0,0,0,0,0,0	0,0,0,0,1,1,1,0,0,1,0,1,0,1,0,0,0,0,1,0,0,1,0	-2.973120,-1.866164,-0.626490,-1.630481,0.744224,1.857966,0.421858,-4.470769,-2.163247,0.035853,-0.711108,1.080701,-2.153341,0.828894,-0.801759,-0.901738,-0.601060,-1.268979,1.410060,-0.954347,-1.268952,0.257593,-0.356166
Hvul_ACT1-1_BAF97626	Hvul_ACT1-1_BAF97626	acceptor_superclass::Ornithine alkaloids;acceptor_superclass::Pseudoalkaloids	acceptor_superclass::Diterpenoids;acceptor_superclass::Lysine alkaloids;acceptor_superclass::Ornithine alkaloids;acceptor_superclass::Phenolic acids (C6-C1);acceptor_superclass::Phenylethanoids (C6-C2);acceptor_superclass::Phenylpropanoids (C6-C3);acceptor_superclass::Pseudoalkaloids;acceptor_superclass::Tyrosine alkaloids	0,0,0,0,0,0,0,0,0,0,0,1,0,0,0,0,1,0,0,0,0,0,0	0,0,1,0,0,0,0,0,1,0,0,1,0,1,1,1,1,0,0,0,0,0,1	-0.872591,-0.861641,0.279240,-0.422349,-0.368081,-0.399370,-0.281453,-0.708669,0.003622,-0.062463,-0.327206,0.238897,-0.414527,0.054236,0.119788,0.392295,0.328178,-0.489543,-0.109721,-0.312299,-0.820659,-0.377948,0.137741
Hvul_ACT1-2_BAF97627.1	Hvul_ACT1-2_BAF97627	acceptor_superclass::Ornithine alkaloids;acceptor_superclass::Pseudoalkaloids	acceptor_superclass::Ornithine alkaloids;acceptor_superclass::Pseudoalkaloids	0,0,0,0,0,0,0,0,0,0,0,1,0,0,0,0,1,0,0,0,0,0,0	0,0,0,0,0,0,0,0,0,0,0,1,0,0,0,0,1,0,0,0,0,0,0	-4.860981,-3.208814,-4.557452,-2.075399,-1.376296,-1.711845,-2.877097,-7.433472,-9.441154,-1.826940,-4.372924,3.025588,-5.847493,-0.165682,-0.709217,-0.674323,1.807391,-4.219150,-1.933328,-4.692653,-1.029232,-2.251544,-0.826925
Hvul_ACT1-2_BAF97627.1	Hvul_ACT1-2_BAF97627.1	acceptor_superclass::Ornithine alkaloids	acceptor_superclass::Diterpenoids;acceptor_superclass::Lysine alkaloids;acceptor_superclass::Ornithine alkaloids;acceptor_superclass::Phenolic acids (C6-C1);acceptor_superclass::Phenylpropanoids (C6-C3);acceptor_superclass::Pseudoalkaloids;acceptor_superclass::Small peptides	0,0,0,0,0,0,0,0,0,0,0,1,0,0,0,0,0,0,0,0,0,0,0	0,0,1,0,0,0,0,0,1,0,0,1,0,1,0,1,1,0,1,0,0,0,0	-0.763901,-0.373450,0.158463,-0.055610,-0.359256,-0.142167,-0.035646,-0.405798,0.151622,-0.170928,-0.105503,0.303510,-0.523720,0.182397,-0.000335,0.206673,0.240071,-0.280757,0.028154,-0.148279,-0.558000,-0.270031,-0.013691
Hvul_ACT2_BAK00935.1	Hvul_ACT2_BAK00935.1	acceptor_superclass::Ornithine alkaloids;acceptor_superclass::Pseudoalkaloids	acceptor_superclass::Diterpenoids;acceptor_superclass::Lysine alkaloids;acceptor_superclass::Ornithine alkaloids;acceptor_superclass::Phenylethanoids (C6-C2);acceptor_superclass::Phenylpropanoids (C6-C3);acceptor_superclass::Pseudoalkaloids;acceptor_superclass::Tyrosine alkaloids	0,0,0,0,0,0,0,0,0,0,0,1,0,0,0,0,1,0,0,0,0,0,0	0,0,1,0,0,0,0,0,1,0,0,1,0,0,1,1,1,0,0,0,0,0,1	-0.951350,-0.880991,0.244208,-0.385966,-0.308345,-0.382880,-0.322626,-0.681734,0.082049,-0.114151,-0.188929,0.193725,-0.544804,-0.011597,0.021958,0.304583,0.285314,-0.514407,-0.124678,-0.333961,-0.846064,-0.268310,0.117383
Hvul_ACT1-1_AAO73071.1	Hvul_ACT_AAO73071.1	acceptor_superclass::Ornithine alkaloids	acceptor_superclass::Fatty acyls;acceptor_superclass::Flavonoids;acceptor_superclass::Isoflavonoids;acceptor_superclass::Monoterpenoids;acceptor_superclass::Ornithine alkaloids;acceptor_superclass::Phenolic acids (C6-C1);acceptor_superclass::Small peptides;acceptor_superclass::Tryptophan alkaloids	0,0,0,0,0,0,0,0,0,0,0,1,0,0,0,0,0,0,0,0,0,0,0	0,0,0,0,1,1,1,0,0,1,0,1,0,1,0,0,0,0,1,0,0,1,0	-2.973120,-1.866164,-0.626490,-1.630481,0.744224,1.857966,0.421858,-4.470769,-2.163247,0.035853,-0.711108,1.080701,-2.153341,0.828894,-0.801759,-0.901738,-0.601060,-1.268979,1.410060,-0.954347,-1.268952,0.257593,-0.356166
Ibat_HQT_BAA87043.1	Ibat_HQT_BAA87043.1	acceptor_superclass::Phenolic acids (C6-C1)	acceptor_superclass::Fatty Acids and Conjugates;acceptor_superclass::Fatty acyls;acceptor_superclass::Ornithine alkaloids;acceptor_superclass::Phenolic acids (C6-C1);acceptor_superclass::Phenylethanoids (C6-C2);acceptor_superclass::Phenylpropanoids (C6-C3);acceptor_superclass::Pseudoalkaloids;acceptor_superclass::Small peptides;acceptor_superclass::Tyrosine alkaloids	0,0,0,0,0,0,0,0,0,0,0,0,0,1,0,0,0,0,0,0,0,0,0	0,0,0,1,1,0,0,0,0,0,0,1,0,1,1,1,1,0,1,0,0,0,1	-2.125134,-5.069555,-2.638491,0.818469,0.280977,-1.197905,-2.672518,-0.975431,-1.326554,-0.847347,-2.949767,0.088379,-1.612516,1.297051,0.397994,0.016145,0.140471,-2.487767,1.102236,-2.811679,-0.521453,-1.468663,0.536048
Ihol_3AT1_BAE72676.1	Ihol_3AT1_BAE72676.1	acceptor_superclass::Flavonoids	acceptor_superclass::Fatty acyls;acceptor_superclass::Monoterpenoids;acceptor_superclass::Phenylethanoids (C6-C2);acceptor_superclass::Phenylpropanoids (C6-C3)	0,0,0,0,0,1,0,0,0,0,0,0,0,0,0,0,0,0,0,0,0,0,0	0,0,0,0,1,0,0,0,0,1,0,0,0,0,1,1,0,0,0,0,0,0,0	-2.285001,-3.920612,-0.374229,-1.159522,0.678895,-2.060832,-4.742708,-4.327668,-2.914113,0.393975,-2.133687,-0.344579,-0.832645,-2.123064,0.345298,0.102019,-0.255433,-1.988051,-0.458379,-3.118197,-0.716297,-1.568357,-1.199864
Ihol_3AT2_BAE94328.1	Ihol_3AT2_BAE94328.1	acceptor_superclass::Flavonoids	acceptor_superclass::Fatty acyls;acceptor_superclass::Flavonoids;acceptor_superclass::Isoflavonoids;acceptor_superclass::Ornithine alkaloids;acceptor_superclass::Phenolic acids (C6-C1);acceptor_superclass::Small peptides	0,0,0,0,0,1,0,0,0,0,0,0,0,0,0,0,0,0,0,0,0,0,0	0,0,0,0,1,1,1,0,0,0,0,1,0,1,0,0,0,0,1,0,0,0,0	-0.942173,-0.488669,-0.180825,-0.302600,0.249745,0.520014,0.144657,-1.262851,-0.661616,-0.062152,-0.187958,0.340676,-0.671395,0.154347,-0.373179,-0.253092,-0.128478,-0.251632,0.337075,-0.488630,-0.362302,-0.038443,-0.082681
Jsam_BEAT1_UJH94663.1	Jsam_BEAT1_UJH94663.1		acceptor_superclass::Fatty acyls;acceptor_superclass::Flavonoids;acceptor_superclass::Isoflavonoids;acceptor_superclass::Ornithine alkaloids;acceptor_superclass::Phenolic acids (C6-C1);acceptor_superclass::Small peptides;acceptor_superclass::Tryptophan alkaloids	0,0,0,0,0,0,0,0,0,0,0,0,0,0,0,0,0,0,0,0,0,0,0	0,0,0,0,1,1,1,0,0,0,0,1,0,1,0,0,0,0,1,0,0,1,0	-0.955474,-0.540470,-0.217418,-0.392153,0.273133,0.670044,0.200282,-1.540557,-0.697012,-0.102367,-0.216882,0.322458,-0.574293,0.228328,-0.368337,-0.306893,-0.245572,-0.421531,0.408881,-0.344831,-0.443608,0.098015,-0.107251
Jsam_BEAT2_UJH94664.1	Jsam_BEAT2_UJH94664.1		acceptor_superclass::Fatty Acids and Conjugates;acceptor_superclass::Ornithine alkaloids;acceptor_superclass::Phenylethanoids (C6-C2);acceptor_superclass::Pseudoalkaloids;acceptor_superclass::Small peptides;acceptor_superclass::Triterpenoids;acceptor_superclass::Tyrosine alkaloids	0,0,0,0,0,0,0,0,0,0,0,0,0,0,0,0,0,0,0,0,0,0,0	0,0,0,1,0,0,0,0,0,0,0,1,0,0,1,0,1,0,1,0,1,0,1	-1.544847,-4.138499,-2.165866,0.395272,-0.654922,-1.322856,-2.214413,-3.276266,-1.861868,-0.972489,-1.477449,0.210293,-0.938255,-0.493783,0.190093,-0.729116,0.092403,-3.389541,0.164925,-2.243928,0.096988,-0.713141,0.135561
Lalb_HMT_BAD89275.1	Lalb_HMT_BAD89275.1	acceptor_superclass::Lysine alkaloids	acceptor_superclass::Fatty acyls;acceptor_superclass::Flavonoids;acceptor_superclass::Isoflavonoids;acceptor_superclass::Ornithine alkaloids;acceptor_superclass::Phenolic acids (C6-C1);acceptor_superclass::Small peptides	0,0,0,0,0,0,0,0,1,0,0,0,0,0,0,0,0,0,0,0,0,0,0	0,0,0,0,1,1,1,0,0,0,0,1,0,1,0,0,0,0,1,0,0,0,0	-2.289707,-1.430888,-0.782353,-1.361587,0.649314,1.177871,0.288760,-2.674923,-1.357476,-0.041463,-0.696364,0.958183,-1.657699,0.572388,-0.660574,-0.351889,-0.572588,-1.021883,1.024135,-0.711332,-0.933035,-0.070557,-0.401270
Lang_RAS_ABI48360.1	Lang_AAT1_ABI48360.1	acceptor_superclass::Tyrosine alkaloids	acceptor_superclass::Fatty acyls;acceptor_superclass::Flavonoids;acceptor_superclass::Isoflavonoids;acceptor_superclass::Ornithine alkaloids;acceptor_superclass::Phenolic acids (C6-C1);acceptor_superclass::Small peptides;acceptor_superclass::Tryptophan alkaloids	0,0,0,0,0,0,0,0,0,0,0,0,0,0,0,0,0,0,0,0,0,0,1	0,0,0,0,1,1,1,0,0,0,0,1,0,1,0,0,0,0,1,0,0,1,0	-0.886332,-0.469139,-0.246785,-0.432821,0.223425,0.694088,0.209276,-1.393514,-0.661253,-0.050123,-0.288110,0.272960,-0.600369,0.199567,-0.360866,-0.264787,-0.234065,-0.388442,0.450950,-0.278133,-0.454160,0.065656,-0.139365
Lang_RAS_ABI48360.1	Lang_AT1_ABI48360.1	acceptor_superclass::Phenolic acids (C6-C1);acceptor_superclass::Small peptides;acceptor_superclass::Tryptophan alkaloids;acceptor_superclass::Tyrosine alkaloids	acceptor_superclass::Diterpenoids;acceptor_superclass::Lysine alkaloids;acceptor_superclass::Ornithine alkaloids;acceptor_superclass::Phenolic acids (C6-C1);acceptor_superclass::Phenylpropanoids (C6-C3);acceptor_superclass::Pseudoalkaloids;acceptor_superclass::Tyrosine alkaloids	0,0,0,0,0,0,0,0,0,0,0,0,0,1,0,0,0,0,1,0,0,1,1	0,0,1,0,0,0,0,0,1,0,0,1,0,1,0,1,1,0,0,0,0,0,1	-0.966607,-0.625650,0.107371,-0.143364,-0.305985,-0.208884,-0.245958,-0.487903,0.272698,-0.192997,-0.064594,0.199820,-0.642964,0.039199,-0.059035,0.194202,0.171368,-0.392312,-0.059235,-0.246060,-0.750100,-0.173877,0.009686
Lang_RAS_ABI48360.1	Lang_RAS_ABI48360.1		acceptor_superclass::Coumarins;acceptor_superclass::Cyclic polyketides;acceptor_superclass::Diterpenoids;acceptor_superclass::Lysine alkaloids;acceptor_superclass::Monoterpenoids;acceptor_superclass::Phenanthrenoids;acceptor_superclass::Phenylethanoids (C6-C2);acceptor_superclass::Phenylpropanoids (C6-C3);acceptor_superclass::Pseudoalkaloids;acceptor_superclass::Saccharides;acceptor_superclass::Small peptides;acceptor_superclass::Steroids;acceptor_superclass::Triterpenoids;acceptor_superclass::Tyrosine alkaloids	0,0,0,0,0,0,0,0,0,0,0,0,0,0,0,0,0,0,0,0,0,0,0	1,1,1,0,0,0,0,0,1,1,0,0,1,0,1,1,1,1,1,1,1,0,1	0.019235,0.017327,0.141996,-0.082800,-0.015818,-0.039689,-0.169424,-0.117416,0.132836,0.017369,-0.011835,-0.043504,0.129724,-0.023931,0.256072,0.272012,0.154850,0.187453,0.038811,0.121835,0.043928,-0.122673,0.053120
Lang_RAS_AEA36976.1	Lang_RAS_AEA36976.1		acceptor_superclass::Diterpenoids;acceptor_superclass::Lysine alkaloids;acceptor_superclass::Ornithine alkaloids;acceptor_superclass::Phenolic acids (C6-C1);acceptor_superclass::Phenylethanoids (C6-C2);acceptor_superclass::Phenylpropanoids (C6-C3);acceptor_superclass::Pseudoalkaloids;acceptor_superclass::Tyrosine alkaloids	0,0,0,0,0,0,0,0,0,0,0,0,0,0,0,0,0,0,0,0,0,0,0	0,0,1,0,0,0,0,0,1,0,0,1,0,1,1,1,1,0,0,0,0,0,1	-0.882933,-0.788481,0.196674,-0.335005,-0.331614,-0.339776,-0.283206,-0.623513,0.116582,-0.085373,-0.275406,0.232642,-0.432148,0.068690,0.112089,0.354913,0.234762,-0.453926,-0.083962,-0.277366,-0.805113,-0.322172,0.091842
Lery_AAT1_BBV14786.1	Lery_AAT1_BBV14786.1	acceptor_superclass::Naphthalenes	acceptor_superclass::Diterpenoids;acceptor_superclass::Lysine alkaloids;acceptor_superclass::Naphthalenes;acceptor_superclass::Ornithine alkaloids;acceptor_superclass::Phenylpropanoids (C6-C3);acceptor_superclass::Pseudoalkaloids;acceptor_superclass::Tryptophan alkaloids	0,0,0,0,0,0,0,0,0,0,1,0,0,0,0,0,0,0,0,0,0,0,0	0,0,1,0,0,0,0,0,1,0,1,1,0,0,0,1,1,0,0,0,0,1,0	-0.746294,-0.692448,0.125645,-0.217181,-0.103846,-0.281797,-0.435159,-0.540371,0.164094,-0.131086,0.021129,0.088720,-0.419774,-0.119214,-0.142186,0.151866,0.092990,-0.303507,-0.139392,-0.292202,-0.675936,0.062151,-0.005121
Lery_AAT2_BDW80085.1	Lery_AAT2_BDW80085.1	acceptor_superclass::Naphthalenes	acceptor_superclass::Naphthalenes;acceptor_superclass::Pseudoalkaloids;acceptor_superclass::Triterpenoids;acceptor_superclass::Tryptophan alkaloids;acceptor_superclass::Tyrosine alkaloids	0,0,0,0,0,0,0,0,0,0,1,0,0,0,0,0,0,0,0,0,0,0,0	0,0,0,0,0,0,0,0,0,0,1,0,0,0,0,0,1,0,0,0,1,1,1	-5.772156,-3.666206,-2.546709,-5.556337,-1.314393,-3.003790,-5.639979,-3.952513,-6.502276,-1.008094,1.473803,-0.132141,-2.537481,-6.903727,-0.951403,-0.510083,0.021564,-3.742585,-6.930487,-7.408663,0.158987,0.665343,0.907710
Lery_SAT1_BBV14785.1	Lery_SAT1_BBV14785.1	acceptor_superclass::Naphthalenes	acceptor_superclass::Coumarins;acceptor_superclass::Cyclic polyketides;acceptor_superclass::Diterpenoids;acceptor_superclass::Lysine alkaloids;acceptor_superclass::Monoterpenoids;acceptor_superclass::Phenanthrenoids;acceptor_superclass::Phenylethanoids (C6-C2);acceptor_superclass::Phenylpropanoids (C6-C3);acceptor_superclass::Pseudoalkaloids;acceptor_superclass::Saccharides;acceptor_superclass::Small peptides;acceptor_superclass::Steroids;acceptor_superclass::Triterpenoids;acceptor_superclass::Tyrosine alkaloids	0,0,0,0,0,0,0,0,0,0,1,0,0,0,0,0,0,0,0,0,0,0,0	1,1,1,0,0,0,0,0,1,1,0,0,1,0,1,1,1,1,1,1,1,0,1	0.045382,0.021094,0.217960,-0.092449,-0.034810,-0.068896,-0.286446,-0.123206,0.144314,0.024317,-0.041651,-0.045018,0.129573,-0.102291,0.326839,0.381212,0.243679,0.295526,0.012272,0.215997,0.077876,-0.159309,0.093362
Lery_SAT2_BDW80077.1	Lery_SAT2_BDW80077.1	acceptor_superclass::Naphthalenes	acceptor_superclass::Diterpenoids;acceptor_superclass::Naphthalenes;acceptor_superclass::Triterpenoids;acceptor_superclass::Tryptophan alkaloids	0,0,0,0,0,0,0,0,0,0,1,0,0,0,0,0,0,0,0,0,0,0,0	0,0,1,0,0,0,0,0,0,0,1,0,0,0,0,0,0,0,0,0,1,1,0	-0.669382,-4.057981,0.385305,-2.969628,-1.295407,-0.556481,-2.076984,-1.676393,-0.509932,-0.079519,0.823123,-0.824985,-0.203126,-2.263046,-0.769109,-0.250053,-0.706988,-0.936427,-1.829801,-0.709243,0.472993,0.812521,-0.324364
Lint_AAT-3_AIW81431.1	Lint_AAT-3_AIW81431.1	acceptor_superclass::Monoterpenoids	acceptor_superclass::Coumarins;acceptor_superclass::Cyclic polyketides;acceptor_superclass::Diterpenoids;acceptor_superclass::Lysine alkaloids;acceptor_superclass::Monoterpenoids;acceptor_superclass::Phenanthrenoids;acceptor_superclass::Phenylethanoids (C6-C2);acceptor_superclass::Phenylpropanoids (C6-C3);acceptor_superclass::Pseudoalkaloids;acceptor_superclass::Saccharides;acceptor_superclass::Small peptides;acceptor_superclass::Steroids;acceptor_superclass::Triterpenoids;acceptor_superclass::Tyrosine alkaloids	0,0,0,0,0,0,0,0,0,1,0,0,0,0,0,0,0,0,0,0,0,0,0	1,1,1,0,0,0,0,0,1,1,0,0,1,0,1,1,1,1,1,1,1,0,1	0.042560,0.004256,0.207549,-0.093363,-0.005509,-0.024997,-0.281803,-0.103439,0.139703,0.012712,-0.031348,-0.049390,0.137926,-0.087037,0.361118,0.387095,0.227496,0.276972,0.034368,0.214165,0.066242,-0.146159,0.064295
Lint_AAT-4_AIW81432.1	Lint_AAT-4_AIW81432.1	acceptor_superclass::Monoterpenoids	acceptor_superclass::Coumarins;acceptor_superclass::Cyclic polyketides;acceptor_superclass::Diterpenoids;acceptor_superclass::Lysine alkaloids;acceptor_superclass::Monoterpenoids;acceptor_superclass::Phenanthrenoids;acceptor_superclass::Phenylethanoids (C6-C2);acceptor_superclass::Phenylpropanoids (C6-C3);acceptor_superclass::Pseudoalkaloids;acceptor_superclass::Saccharides;acceptor_superclass::Steroids;acceptor_superclass::Triterpenoids;acceptor_superclass::Tyrosine alkaloids	0,0,0,0,0,0,0,0,0,1,0,0,0,0,0,0,0,0,0,0,0,0,0	1,1,1,0,0,0,0,0,1,1,0,0,1,0,1,1,1,1,0,1,1,0,1	0.049411,0.025574,0.234184,-0.092983,-0.046925,-0.090807,-0.309842,-0.131371,0.146097,0.030821,-0.050825,-0.041361,0.127329,-0.123109,0.327527,0.400038,0.266521,0.322737,-0.000484,0.230767,0.089253,-0.169509,0.110413
Ljap_HQT_ACZ52698.1	Ljap_HQT_ACZ52698.1	acceptor_superclass::Phenolic acids (C6-C1)	acceptor_superclass::Fatty Acids and Conjugates;acceptor_superclass::Fatty acyls;acceptor_superclass::Lignans;acceptor_superclass::Phenolic acids (C6-C1);acceptor_superclass::Phenylpropanoids (C6-C3);acceptor_superclass::Pseudoalkaloids;acceptor_superclass::Small peptides;acceptor_superclass::Tyrosine alkaloids	0,0,0,0,0,0,0,0,0,0,0,0,0,1,0,0,0,0,0,0,0,0,0	0,0,0,1,1,0,0,1,0,0,0,0,0,1,0,1,1,0,1,0,0,0,1	-1.601286,-5.426920,-2.109576,0.461382,0.506783,-0.470965,-1.857685,0.347603,-0.996711,-0.508963,-2.397776,-0.487715,-1.605808,1.080496,-0.131831,0.679464,0.148194,-1.243174,0.892983,-1.720811,-0.462487,-0.759050,0.085247
Lori_AAT1_WKK95849.1	Lori_AAT1_WKK95849.1	acceptor_superclass::Fatty acyls	acceptor_superclass::Coumarins;acceptor_superclass::Cyclic polyketides;acceptor_superclass::Diterpenoids;acceptor_superclass::Lysine alkaloids;acceptor_superclass::Monoterpenoids;acceptor_superclass::Phenanthrenoids;acceptor_superclass::Phenylethanoids (C6-C2);acceptor_superclass::Phenylpropanoids (C6-C3);acceptor_superclass::Pseudoalkaloids;acceptor_superclass::Saccharides;acceptor_superclass::Small peptides;acceptor_superclass::Steroids;acceptor_superclass::Triterpenoids;acceptor_superclass::Tyrosine alkaloids	0,0,0,0,1,0,0,0,0,0,0,0,0,0,0,0,0,0,0,0,0,0,0	1,1,1,0,0,0,0,0,1,1,0,0,1,0,1,1,1,1,1,1,1,0,1	0.061295,0.011160,0.264500,-0.100513,-0.028063,-0.059878,-0.369173,-0.114069,0.148596,0.020747,-0.056783,-0.048114,0.135041,-0.148674,0.401755,0.464996,0.297051,0.360512,0.008255,0.281497,0.093707,-0.177549,0.102105
Lpur_3MAT1_AAS77404.1	Lpur_3MAT1_AAS77404.1	acceptor_superclass::Flavonoids;acceptor_superclass::Isoflavonoids;acceptor_superclass::Phenolic acids (C6-C1)	acceptor_superclass::Coumarins;acceptor_superclass::Flavonoids;acceptor_superclass::Isoflavonoids;acceptor_superclass::Naphthalenes;acceptor_superclass::Steroids;acceptor_superclass::Tyrosine alkaloids	0,0,0,0,0,1,1,0,0,0,0,0,0,1,0,0,0,0,0,0,0,0,0	1,0,0,0,0,1,1,0,0,0,1,0,0,0,0,0,0,0,0,1,0,0,1	1.073525,-3.524656,-7.984718,-2.386803,-3.451447,2.616563,1.669403,-10.374177,-8.018049,-2.873905,0.807529,-1.907821,-0.044901,-3.299678,-3.989288,-3.795319,-1.096695,-7.580450,-2.650453,1.340803,-1.864822,-1.870860,0.007971
Lrob_AT1_WEX29780.1	Lrob_AT1_WEX29780.1	acceptor_superclass::Phenylethanoids (C6-C2)	acceptor_superclass::Coumarins;acceptor_superclass::Cyclic polyketides;acceptor_superclass::Diterpenoids;acceptor_superclass::Lysine alkaloids;acceptor_superclass::Monoterpenoids;acceptor_superclass::Phenanthrenoids;acceptor_superclass::Phenylethanoids (C6-C2);acceptor_superclass::Phenylpropanoids (C6-C3);acceptor_superclass::Pseudoalkaloids;acceptor_superclass::Saccharides;acceptor_superclass::Small peptides;acceptor_superclass::Steroids;acceptor_superclass::Triterpenoids;acceptor_superclass::Tyrosine alkaloids	0,0,0,0,0,0,0,0,0,0,0,0,0,0,1,0,0,0,0,0,0,0,0	1,1,1,0,0,0,0,0,1,1,0,0,1,0,1,1,1,1,1,1,1,0,1	0.016776,0.020206,0.135735,-0.083437,-0.018606,-0.041645,-0.154304,-0.120741,0.132209,0.016044,-0.010740,-0.043396,0.127058,-0.014372,0.240487,0.253562,0.145174,0.174016,0.039110,0.110530,0.039538,-0.120950,0.054434
Lsat_BOS_QYL33117.1	Lsat_BOS_QYL33117.1	acceptor_superclass::Small peptides	acceptor_superclass::Diterpenoids;acceptor_superclass::Lysine alkaloids;acceptor_superclass::Naphthalenes;acceptor_superclass::Ornithine alkaloids;acceptor_superclass::Phenolic acids (C6-C1);acceptor_superclass::Phenylethanoids (C6-C2);acceptor_superclass::Phenylpropanoids (C6-C3);acceptor_superclass::Pseudoalkaloids	0,0,0,0,0,0,0,0,0,0,0,0,0,0,0,0,0,0,1,0,0,0,0	0,0,1,0,0,0,0,0,1,0,1,1,0,1,1,1,1,0,0,0,0,0,0	-0.616270,-0.461849,0.139578,-0.101110,-0.253321,-0.140444,-0.133746,-0.374939,0.193499,-0.129580,0.030082,0.208319,-0.273308,0.057957,0.008616,0.174668,0.157110,-0.214564,-0.046882,-0.147260,-0.460279,-0.151605,-0.006042
Lsat_BOS_QYL33117.1	Lsat_DS_QYL33117.1	acceptor_superclass::Small peptides	acceptor_superclass::Coumarins;acceptor_superclass::Diterpenoids;acceptor_superclass::Fatty acyls;acceptor_superclass::Lysine alkaloids;acceptor_superclass::Monoterpenoids;acceptor_superclass::Phenanthrenoids;acceptor_superclass::Phenylethanoids (C6-C2);acceptor_superclass::Phenylpropanoids (C6-C3);acceptor_superclass::Pseudoalkaloids;acceptor_superclass::Saccharides;acceptor_superclass::Small peptides;acceptor_superclass::Steroids;acceptor_superclass::Triterpenoids;acceptor_superclass::Tyrosine alkaloids	0,0,0,0,0,0,0,0,0,0,0,0,0,0,0,0,0,0,1,0,0,0,0	1,0,1,0,1,0,0,0,1,1,0,0,1,0,1,1,1,1,1,1,1,0,1	0.029613,-0.000791,0.172849,-0.089031,0.004383,-0.014655,-0.236080,-0.101627,0.131393,0.010457,-0.020441,-0.045782,0.137824,-0.056074,0.332300,0.345563,0.192565,0.233023,0.044792,0.171232,0.052454,-0.131919,0.046351
Ltri_CAAT1_AHA90802.1	Ltri_CAAT1_AHA90802.1	acceptor_superclass::Phenylpropanoids (C6-C3)	acceptor_superclass::Diterpenoids;acceptor_superclass::Lignans;acceptor_superclass::Monoterpenoids;acceptor_superclass::Phenylpropanoids (C6-C3);acceptor_superclass::Triterpenoids;acceptor_superclass::Tryptophan alkaloids	0,0,0,0,0,0,0,0,0,0,0,0,0,0,0,1,0,0,0,0,0,0,0	0,0,1,0,0,0,0,1,0,1,0,0,0,0,0,1,0,0,0,0,1,1,0	-9.388799,-5.951836,2.432637,-6.647019,-2.253752,-3.040248,-9.467142,1.216960,-3.415390,0.139403,-0.892067,-1.381703,-5.065578,-4.903762,-2.491671,0.021450,-1.467713,-0.923372,-4.547760,-11.393086,0.576381,1.511951,-0.985769
Maze_AT1704_NA	Maze_AT1704_NA	acceptor_superclass::Triterpenoids	acceptor_superclass::Diterpenoids;acceptor_superclass::Fatty acyls;acceptor_superclass::Monoterpenoids;acceptor_superclass::Phenylethanoids (C6-C2);acceptor_superclass::Phenylpropanoids (C6-C3);acceptor_superclass::Saccharides;acceptor_superclass::Triterpenoids;acceptor_superclass::Tryptophan alkaloids	0,0,0,0,0,0,0,0,0,0,0,0,0,0,0,0,0,0,0,0,1,0,0	0,0,1,0,1,0,0,0,0,1,0,0,0,0,1,1,0,1,0,0,1,1,0	-1.750890,-2.481782,1.060879,-3.135944,0.386230,-1.159999,-3.684049,-1.323706,-1.630772,1.165129,-0.030919,-1.281587,-0.681069,-2.484185,0.006212,0.948755,-0.747428,0.525993,-1.254071,-1.260610,0.119003,0.484089,-0.844594
Maze_AT8824_KAJ4723782.1	Maze_AT8824_KAJ4723782.1	acceptor_superclass::Triterpenoids	acceptor_superclass::Fatty acyls;acceptor_superclass::Flavonoids;acceptor_superclass::Isoflavonoids;acceptor_superclass::Ornithine alkaloids;acceptor_superclass::Phenolic acids (C6-C1);acceptor_superclass::Small peptides;acceptor_superclass::Tryptophan alkaloids	0,0,0,0,0,0,0,0,0,0,0,0,0,0,0,0,0,0,0,0,1,0,0	0,0,0,0,1,1,1,0,0,0,0,1,0,1,0,0,0,0,1,0,0,1,0	-0.908686,-0.460265,-0.167346,-0.283992,0.234714,0.507079,0.149411,-1.295666,-0.648064,-0.091309,-0.162694,0.327183,-0.610813,0.160823,-0.360834,-0.278784,-0.166036,-0.251232,0.312007,-0.493079,-0.342221,0.010981,-0.027724
Mdom_AAT1_AAU14879.2	Mdom_AAT1_AAU14879.2	acceptor_superclass::Fatty acyls;acceptor_superclass::Phenylpropanoids (C6-C3)	acceptor_superclass::Fatty acyls;acceptor_superclass::Lignans;acceptor_superclass::Lysine alkaloids;acceptor_superclass::Monoterpenoids;acceptor_superclass::Phenylpropanoids (C6-C3)	0,0,0,0,1,0,0,0,0,0,0,0,0,0,0,1,0,0,0,0,0,0,0	0,0,0,0,1,0,0,1,1,1,0,0,0,0,0,1,0,0,0,0,0,0,0	-1.252164,-4.588801,-0.095517,-1.279498,0.140517,-0.632349,-2.106710,0.820044,0.743482,0.533438,-0.934291,-0.924380,-0.999146,-0.224125,-0.250932,0.956108,-0.414597,-0.176564,-0.547600,-1.527629,-0.148304,-0.407424,-0.774353
Mdom_SHT_ALF00095.1	Mdom_SHT_ALF00095.1	acceptor_superclass::Ornithine alkaloids	acceptor_superclass::Fatty Acids and Conjugates;acceptor_superclass::Phenolic acids (C6-C1);acceptor_superclass::Pseudoalkaloids;acceptor_superclass::Small peptides;acceptor_superclass::Tyrosine alkaloids	0,0,0,0,0,0,0,0,0,0,0,1,0,0,0,0,0,0,0,0,0,0,0	0,0,0,1,0,0,0,0,0,0,0,0,0,1,0,0,1,0,1,0,0,0,1	-1.406220,-2.189639,-1.688810,0.680725,-0.101614,-0.135921,-1.094647,-0.489029,-2.428367,-0.736190,-1.841575,-0.038328,-1.065626,0.418507,-0.175181,-0.045941,0.269366,-0.989340,0.604396,-1.144619,-0.572728,-1.006202,0.112257
Mema_HFT_NA	Mema_HFT_NA	acceptor_superclass::Fatty acyls	acceptor_superclass::Phenylpropanoids (C6-C3);acceptor_superclass::Pseudoalkaloids	0,0,0,0,1,0,0,0,0,0,0,0,0,0,0,0,0,0,0,0,0,0,0	0,0,0,0,0,0,0,0,0,0,0,0,0,0,0,1,1,0,0,0,0,0,0	-1.029028,-5.567185,-1.906317,-0.633120,-0.453109,-0.522370,-1.918538,-2.227153,-1.305113,-0.933472,-1.382299,-0.315131,-0.871244,-0.559260,-0.337800,0.007397,0.057080,-2.254633,-0.189253,-1.618425,-0.009744,-0.327700,-0.464963
Mlon_AT1_NA	Mlon_AT1_NA	acceptor_superclass::Phenolic acids (C6-C1)	acceptor_superclass::Phenolic acids (C6-C1);acceptor_superclass::Small peptides;acceptor_superclass::Tyrosine alkaloids	0,0,0,0,0,0,0,0,0,0,0,0,0,1,0,0,0,0,0,0,0,0,0	0,0,0,0,0,0,0,0,0,0,0,0,0,1,0,0,0,0,1,0,0,0,1	-5.508565,-7.481124,-1.924570,-0.508553,-1.729870,-1.390178,-7.120563,-6.248600,-3.029940,-0.237079,-7.119860,-1.636955,-4.876544,3.187503,-0.496606,-0.063335,-2.154177,-4.768620,1.133332,-5.492671,-1.974131,-1.933738,1.593259
Mlon_AT2_NA	Mlon_AT2_NA	acceptor_superclass::Phenolic acids (C6-C1)	acceptor_superclass::Coumarins;acceptor_superclass::Cyclic polyketides;acceptor_superclass::Diterpenoids;acceptor_superclass::Fatty acyls;acceptor_superclass::Lysine alkaloids;acceptor_superclass::Monoterpenoids;acceptor_superclass::Naphthalenes;acceptor_superclass::Phenanthrenoids;acceptor_superclass::Phenolic acids (C6-C1);acceptor_superclass::Phenylethanoids (C6-C2);acceptor_superclass::Phenylpropanoids (C6-C3);acceptor_superclass::Pseudoalkaloids;acceptor_superclass::Saccharides;acceptor_superclass::Small peptides;acceptor_superclass::Steroids;acceptor_superclass::Triterpenoids;acceptor_superclass::Tyrosine alkaloids	0,0,0,0,0,0,0,0,0,0,0,0,0,1,0,0,0,0,0,0,0,0,0	1,1,1,0,1,0,0,0,1,1,1,0,1,1,1,1,1,1,1,1,1,0,1	0.008650,0.002981,0.111804,-0.082996,0.007124,-0.008096,-0.137859,-0.107524,0.122721,0.006507,0.000195,-0.043149,0.132902,0.006557,0.253880,0.246967,0.122466,0.145404,0.057539,0.089584,0.025233,-0.108785,0.026417
Mlon_AT1_NA	Mlon_AT3_NA	acceptor_superclass::Phenolic acids (C6-C1)	acceptor_superclass::Fatty acyls;acceptor_superclass::Flavonoids;acceptor_superclass::Isoflavonoids;acceptor_superclass::Ornithine alkaloids;acceptor_superclass::Phenolic acids (C6-C1);acceptor_superclass::Small peptides	0,0,0,0,0,0,0,0,0,0,0,0,0,1,0,0,0,0,0,0,0,0,0	0,0,0,0,1,1,1,0,0,0,0,1,0,1,0,0,0,0,1,0,0,0,0	-0.999798,-0.547740,-0.250089,-0.388178,0.307886,0.601943,0.132520,-1.338706,-0.637710,-0.037978,-0.301415,0.330934,-0.677336,0.171102,-0.369151,-0.251146,-0.236042,-0.328219,0.440460,-0.343638,-0.459012,-0.031996,-0.129651
Mlon_AT4_NA	Mlon_AT4_NA	acceptor_superclass::Lignans;acceptor_superclass::Phenolic acids (C6-C1)	acceptor_superclass::Fatty Acids and Conjugates;acceptor_superclass::Phenolic acids (C6-C1);acceptor_superclass::Phenylpropanoids (C6-C3);acceptor_superclass::Small peptides	0,0,0,0,0,0,0,1,0,0,0,0,0,1,0,0,0,0,0,0,0,0,0	0,0,0,1,0,0,0,0,0,0,0,0,0,1,0,1,0,0,1,0,0,0,0	-6.785946,-4.373727,-3.022002,0.516334,-0.553004,-1.435762,-6.969909,-7.021123,-4.474647,-0.108579,-6.313101,-0.854385,-7.615683,1.208706,-0.697283,0.083531,-1.561460,-3.860433,0.940790,-4.966422,-1.741251,-1.532367,-0.732658
Mlon_AT6_NA	Mlon_AT6_NA	acceptor_superclass::Phenolic acids (C6-C1)	acceptor_superclass::Diterpenoids;acceptor_superclass::Lysine alkaloids;acceptor_superclass::Ornithine alkaloids;acceptor_superclass::Phenolic acids (C6-C1);acceptor_superclass::Phenylethanoids (C6-C2);acceptor_superclass::Phenylpropanoids (C6-C3);acceptor_superclass::Pseudoalkaloids;acceptor_superclass::Tyrosine alkaloids	0,0,0,0,0,0,0,0,0,0,0,0,0,1,0,0,0,0,0,0,0,0,0	0,0,1,0,0,0,0,0,1,0,0,1,0,1,1,1,1,0,0,0,0,0,1	-0.920214,-0.810777,0.149271,-0.324458,-0.266711,-0.382910,-0.412014,-0.670195,0.060370,-0.106157,-0.231414,0.175648,-0.518574,0.017396,0.022620,0.348003,0.186522,-0.447548,-0.080967,-0.351719,-0.897690,-0.204474,0.071975
Moff_RAS_CBW35684.1	Moff_RAS_CBW35684.1		acceptor_superclass::Coumarins;acceptor_superclass::Cyclic polyketides;acceptor_superclass::Diterpenoids;acceptor_superclass::Fatty acyls;acceptor_superclass::Lysine alkaloids;acceptor_superclass::Monoterpenoids;acceptor_superclass::Naphthalenes;acceptor_superclass::Phenanthrenoids;acceptor_superclass::Phenolic acids (C6-C1);acceptor_superclass::Phenylethanoids (C6-C2);acceptor_superclass::Phenylpropanoids (C6-C3);acceptor_superclass::Pseudoalkaloids;acceptor_superclass::Saccharides;acceptor_superclass::Small peptides;acceptor_superclass::Steroids;acceptor_superclass::Triterpenoids;acceptor_superclass::Tyrosine alkaloids	0,0,0,0,0,0,0,0,0,0,0,0,0,0,0,0,0,0,0,0,0,0,0	1,1,1,0,1,0,0,0,1,1,1,0,1,1,1,1,1,1,1,1,1,0,1	0.006737,0.008277,0.104317,-0.078227,0.006000,-0.008137,-0.115138,-0.106022,0.125300,0.010241,0.006273,-0.044662,0.133829,0.016822,0.239821,0.226916,0.108906,0.132383,0.059853,0.079349,0.024884,-0.100008,0.022556
Mpal_HCT_AXN55971.1	Mpal_HCT_AXN55971.1	acceptor_superclass::Phenolic acids (C6-C1)	acceptor_superclass::Lignans;acceptor_superclass::Phenolic acids (C6-C1);acceptor_superclass::Pseudoalkaloids;acceptor_superclass::Triterpenoids;acceptor_superclass::Tryptophan alkaloids;acceptor_superclass::Tyrosine alkaloids	0,0,0,0,0,0,0,0,0,0,0,0,0,1,0,0,0,0,0,0,0,0,0	0,0,0,0,0,0,0,1,0,0,0,0,0,1,0,0,1,0,0,0,1,1,1	-0.556305,-3.959393,-0.883444,-0.385989,-1.313574,-0.023175,-0.748583,0.155971,-1.273547,-0.994607,-0.611516,-0.058440,-0.767354,0.267039,-0.520208,-0.322447,0.183648,-1.081972,-0.504780,-0.990669,0.127802,0.075058,0.313151
Mpol_HCT_PTQ49430.1	Mpol_HCT_PTQ49430.1	acceptor_superclass::Phenolic acids (C6-C1)	acceptor_superclass::Fatty acyls;acceptor_superclass::Flavonoids;acceptor_superclass::Isoflavonoids;acceptor_superclass::Monoterpenoids;acceptor_superclass::Ornithine alkaloids;acceptor_superclass::Phenolic acids (C6-C1);acceptor_superclass::Small peptides;acceptor_superclass::Tryptophan alkaloids	0,0,0,0,0,0,0,0,0,0,0,0,0,1,0,0,0,0,0,0,0,0,0	0,0,0,0,1,1,1,0,0,1,0,1,0,1,0,0,0,0,1,0,0,1,0	-0.890655,-0.515560,-0.218534,-0.282554,0.093147,0.493492,0.087297,-1.274448,-0.747850,0.050211,-0.342253,0.286447,-0.662351,0.193719,-0.237299,-0.260694,-0.124151,-0.178259,0.312586,-0.486444,-0.329599,0.004992,-0.003999
Msap_AAT_CAC09063.1	Msap_AAT_CAC09063.1	acceptor_superclass::Fatty acyls;acceptor_superclass::Monoterpenoids;acceptor_superclass::Phenylethanoids (C6-C2);acceptor_superclass::Phenylpropanoids (C6-C3)	acceptor_superclass::Fatty acyls;acceptor_superclass::Flavonoids;acceptor_superclass::Isoflavonoids;acceptor_superclass::Ornithine alkaloids;acceptor_superclass::Phenolic acids (C6-C1);acceptor_superclass::Small peptides	0,0,0,0,1,0,0,0,0,1,0,0,0,0,1,1,0,0,0,0,0,0,0	0,0,0,0,1,1,1,0,0,0,0,1,0,1,0,0,0,0,1,0,0,0,0	-0.974881,-0.466611,-0.201452,-0.346675,0.304766,0.568177,0.170275,-1.261668,-0.625132,-0.061798,-0.205339,0.335685,-0.700419,0.169178,-0.403647,-0.255276,-0.160297,-0.269625,0.354144,-0.431704,-0.405749,-0.046650,-0.093884
Mtru_MAT1_ABY91220.1	Mtru_MAT1_ABY91220.1	acceptor_superclass::Flavonoids;acceptor_superclass::Isoflavonoids	acceptor_superclass::Fatty acyls;acceptor_superclass::Flavonoids;acceptor_superclass::Isoflavonoids;acceptor_superclass::Ornithine alkaloids;acceptor_superclass::Phenolic acids (C6-C1);acceptor_superclass::Small peptides;acceptor_superclass::Tryptophan alkaloids	0,0,0,0,0,1,1,0,0,0,0,0,0,0,0,0,0,0,0,0,0,0,0	0,0,0,0,1,1,1,0,0,0,0,1,0,1,0,0,0,0,1,0,0,1,0	-0.689401,-0.420133,-0.273673,-0.392093,0.000445,0.670628,0.304614,-1.247269,-0.700691,-0.026331,-0.289632,0.302506,-0.338508,0.250295,-0.161742,-0.171001,-0.141863,-0.387180,0.385092,-0.263360,-0.241874,0.090638,-0.137905
Mtru_MAT2_ABY91222.1	Mtru_MAT2_ABY91222.1	acceptor_superclass::Flavonoids;acceptor_superclass::Isoflavonoids	acceptor_superclass::Coumarins;acceptor_superclass::Flavonoids;acceptor_superclass::Isoflavonoids;acceptor_superclass::Ornithine alkaloids;acceptor_superclass::Steroids	0,0,0,0,0,1,1,0,0,0,0,0,0,0,0,0,0,0,0,0,0,0,0	1,0,0,0,0,1,1,0,0,0,0,1,0,0,0,0,0,0,0,1,0,0,0	0.808333,-3.327209,-8.676121,-1.654390,-2.957259,3.387153,3.431314,-12.077114,-11.637053,-3.546437,-0.045004,0.356013,-0.171600,-3.668818,-4.689064,-4.446218,-0.465555,-6.670683,-3.998741,1.115102,-3.058580,-2.571774,-1.906295
Mtru_MAT3_ABY91221.1	Mtru_MAT3_ABY91221.1	acceptor_superclass::Flavonoids;acceptor_superclass::Isoflavonoids	acceptor_superclass::Coumarins;acceptor_superclass::Cyclic polyketides;acceptor_superclass::Diterpenoids;acceptor_superclass::Lysine alkaloids;acceptor_superclass::Monoterpenoids;acceptor_superclass::Phenanthrenoids;acceptor_superclass::Phenylethanoids (C6-C2);acceptor_superclass::Phenylpropanoids (C6-C3);acceptor_superclass::Pseudoalkaloids;acceptor_superclass::Saccharides;acceptor_superclass::Small peptides;acceptor_superclass::Steroids;acceptor_superclass::Triterpenoids;acceptor_superclass::Tyrosine alkaloids	0,0,0,0,0,1,1,0,0,0,0,0,0,0,0,0,0,0,0,0,0,0,0	1,1,1,0,0,0,0,0,1,1,0,0,1,0,1,1,1,1,1,1,1,0,1	0.033387,0.018186,0.177693,-0.088143,-0.017824,-0.039496,-0.218346,-0.113726,0.140366,0.016919,-0.021222,-0.048127,0.131751,-0.053246,0.296861,0.320109,0.188446,0.229389,0.032566,0.168535,0.055637,-0.135077,0.065256
Natt_AT1_AET80688.1	Natt_AT1_AET80688.1	acceptor_superclass::Ornithine alkaloids;acceptor_superclass::Pseudoalkaloids	acceptor_superclass::Fatty Acids and Conjugates;acceptor_superclass::Fatty acyls;acceptor_superclass::Lysine alkaloids;acceptor_superclass::Phenolic acids (C6-C1);acceptor_superclass::Phenylethanoids (C6-C2);acceptor_superclass::Phenylpropanoids (C6-C3);acceptor_superclass::Pseudoalkaloids;acceptor_superclass::Small peptides;acceptor_superclass::Tyrosine alkaloids	0,0,0,0,0,0,0,0,0,0,0,1,0,0,0,0,1,0,0,0,0,0,0	0,0,0,1,1,0,0,0,1,0,0,0,0,1,1,1,1,0,1,0,0,0,1	-2.193444,-4.469825,-1.953267,0.639673,0.859495,-0.783429,-2.308971,-0.362106,0.083989,-0.076864,-2.599537,-0.343916,-2.028354,1.066244,0.045977,0.810113,0.063075,-1.415533,1.029499,-2.229573,-0.520510,-0.620445,0.219070
Natt_DH29_AET80686.1	Natt_DH29_AET80686.1	acceptor_superclass::Ornithine alkaloids;acceptor_superclass::Pseudoalkaloids	acceptor_superclass::Ornithine alkaloids;acceptor_superclass::Triterpenoids;acceptor_superclass::Tryptophan alkaloids;acceptor_superclass::Tyrosine alkaloids	0,0,0,0,0,0,0,0,0,0,0,1,0,0,0,0,1,0,0,0,0,0,0	0,0,0,0,0,0,0,0,0,0,0,1,0,0,0,0,0,0,0,0,1,1,1	-3.593145,-2.531047,-1.946109,-3.251213,-2.634135,-2.093051,-2.952670,-4.160861,-8.822393,-0.943484,-0.808390,1.145030,-2.426852,-2.362355,-0.969277,-1.082313,-0.684688,-2.784169,-3.617196,-5.688148,0.779729,1.472909,1.638242
Ntab_ASAT1_XP_016480914.1	Ntab_ASAT1_XP_016480914.1	acceptor_superclass::Saccharides	acceptor_superclass::Diterpenoids;acceptor_superclass::Fatty acyls;acceptor_superclass::Monoterpenoids;acceptor_superclass::Naphthalenes;acceptor_superclass::Phenylpropanoids (C6-C3);acceptor_superclass::Saccharides;acceptor_superclass::Triterpenoids;acceptor_superclass::Tryptophan alkaloids	0,0,0,0,0,0,0,0,0,0,0,0,0,0,0,0,0,1,0,0,0,0,0	0,0,1,0,1,0,0,0,0,1,1,0,0,0,0,1,0,1,0,0,1,1,0	-1.399047,-2.853166,1.873387,-4.066136,0.055491,-1.435248,-4.157057,-1.564798,-2.948864,1.227378,0.647291,-1.324229,-0.179916,-3.595664,-0.183684,0.445175,-0.989094,1.056568,-2.023025,-1.001654,0.059521,0.750957,-0.866613
Ntab_ASAT2_XP_016451255.1	Ntab_ASAT2_XP_016451255.1		acceptor_superclass::Diterpenoids;acceptor_superclass::Naphthalenes;acceptor_superclass::Saccharides;acceptor_superclass::Tryptophan alkaloids	0,0,0,0,0,0,0,0,0,0,0,0,0,0,0,0,0,0,0,0,0,0,0	0,0,1,0,0,0,0,0,0,0,1,0,0,0,0,0,0,1,0,0,0,1,0	-8.983025,-7.882684,1.829970,-6.293215,-2.484884,-2.873719,-9.991119,-0.700701,-3.499122,-0.320090,0.267412,-2.573099,-3.516272,-6.228284,-2.370603,-0.092436,-1.337579,0.373582,-5.450150,-11.525472,-0.461447,2.770769,-0.166071
Ntab_BEBT_AAN09798.1	Ntab_BEBT_AAN09798.1		acceptor_superclass::Fatty acyls;acceptor_superclass::Flavonoids;acceptor_superclass::Isoflavonoids;acceptor_superclass::Ornithine alkaloids;acceptor_superclass::Phenolic acids (C6-C1);acceptor_superclass::Small peptides;acceptor_superclass::Tryptophan alkaloids	0,0,0,0,0,0,0,0,0,0,0,0,0,0,0,0,0,0,0,0,0,0,0	0,0,0,0,1,1,1,0,0,0,0,1,0,1,0,0,0,0,1,0,0,1,0	-0.624934,-0.315309,-0.093005,-0.127510,0.193895,0.426088,0.135922,-1.029492,-0.443932,-0.120783,-0.096721,0.181536,-0.392823,0.095508,-0.349868,-0.231094,-0.132842,-0.171968,0.206427,-0.307103,-0.282812,0.041297,-0.032847
Ntab_HCT_CAD47830.1	Ntab_HCT_CAD47830.1	acceptor_superclass::Phenolic acids (C6-C1);acceptor_superclass::Phenylpropanoids (C6-C3)	acceptor_superclass::Coumarins;acceptor_superclass::Cyclic polyketides;acceptor_superclass::Diterpenoids;acceptor_superclass::Fatty acyls;acceptor_superclass::Lysine alkaloids;acceptor_superclass::Monoterpenoids;acceptor_superclass::Naphthalenes;acceptor_superclass::Phenanthrenoids;acceptor_superclass::Phenolic acids (C6-C1);acceptor_superclass::Phenylethanoids (C6-C2);acceptor_superclass::Phenylpropanoids (C6-C3);acceptor_superclass::Pseudoalkaloids;acceptor_superclass::Saccharides;acceptor_superclass::Small peptides;acceptor_superclass::Steroids;acceptor_superclass::Triterpenoids;acceptor_superclass::Tyrosine alkaloids	0,0,0,0,0,0,0,0,0,0,0,0,0,1,0,1,0,0,0,0,0,0,0	1,1,1,0,1,0,0,0,1,1,1,0,1,1,1,1,1,1,1,1,1,0,1	0.011158,0.005480,0.117728,-0.081632,0.005720,-0.009362,-0.140724,-0.106025,0.126095,0.009470,0.001313,-0.045019,0.134129,0.003131,0.257501,0.251592,0.125783,0.152003,0.056914,0.096426,0.029395,-0.107792,0.027913
Ntab_HQT_CAE46932.1	Ntab_HQT_CAE46932.1	acceptor_superclass::Phenolic acids (C6-C1);acceptor_superclass::Phenylpropanoids (C6-C3)	acceptor_superclass::Phenolic acids (C6-C1);acceptor_superclass::Small peptides;acceptor_superclass::Triterpenoids;acceptor_superclass::Tyrosine alkaloids	0,0,0,0,0,0,0,0,0,0,0,0,0,1,0,1,0,0,0,0,0,0,0	0,0,0,0,0,0,0,0,0,0,0,0,0,1,0,0,0,0,1,0,1,0,1	-5.836945,-7.418266,-4.497621,-0.412020,-1.139363,-1.069789,-5.254090,-6.728083,-2.762805,-0.415885,-5.748253,-3.020074,-8.309941,3.460659,-1.110564,-0.249219,-1.999520,-6.665543,1.425319,-4.836047,0.554921,-3.213624,0.333334
Ntab_MAT1_BAD93691.1	Ntab_MAT1_BAD93691.1	acceptor_superclass::Coumarins;acceptor_superclass::Flavonoids;acceptor_superclass::Naphthalenes;acceptor_superclass::Phenanthrenoids	acceptor_superclass::Fatty acyls;acceptor_superclass::Flavonoids;acceptor_superclass::Isoflavonoids;acceptor_superclass::Ornithine alkaloids;acceptor_superclass::Phenolic acids (C6-C1);acceptor_superclass::Small peptides;acceptor_superclass::Tryptophan alkaloids	1,0,0,0,0,1,0,0,0,0,1,0,1,0,0,0,0,0,0,0,0,0,0	0,0,0,0,1,1,1,0,0,0,0,1,0,1,0,0,0,0,1,0,0,1,0	-0.591181,-0.347753,-0.236974,-0.302167,0.039028,0.569134,0.243645,-1.051414,-0.555584,-0.037635,-0.261340,0.253940,-0.289529,0.201060,-0.165694,-0.145888,-0.146595,-0.326358,0.286206,-0.218042,-0.238264,0.063457,-0.119300
Ntab_SHT_QNO39110.1	Ntab_SHT_QNO39110.1	acceptor_superclass::Ornithine alkaloids	acceptor_superclass::Fatty acyls;acceptor_superclass::Flavonoids;acceptor_superclass::Isoflavonoids;acceptor_superclass::Monoterpenoids;acceptor_superclass::Ornithine alkaloids;acceptor_superclass::Phenolic acids (C6-C1);acceptor_superclass::Small peptides;acceptor_superclass::Tryptophan alkaloids	0,0,0,0,0,0,0,0,0,0,0,1,0,0,0,0,0,0,0,0,0,0,0	0,0,0,0,1,1,1,0,0,1,0,1,0,1,0,0,0,0,1,0,0,1,0	-0.683931,-0.310515,-0.217762,-0.308401,0.116495,0.539023,0.203600,-1.033055,-0.542092,0.002750,-0.247048,0.238496,-0.434858,0.127531,-0.247260,-0.187062,-0.151086,-0.194511,0.275403,-0.296043,-0.310702,0.017177,-0.089633
Obas_CAAT1_QKK36036.1	Obas_CAAT1_QKK36036.1	acceptor_superclass::Phenylethanoids (C6-C2);acceptor_superclass::Phenylpropanoids (C6-C3)	acceptor_superclass::Diterpenoids;acceptor_superclass::Lysine alkaloids;acceptor_superclass::Ornithine alkaloids;acceptor_superclass::Phenylpropanoids (C6-C3);acceptor_superclass::Pseudoalkaloids;acceptor_superclass::Tyrosine alkaloids	0,0,0,0,0,0,0,0,0,0,0,0,0,0,1,1,0,0,0,0,0,0,0	0,0,1,0,0,0,0,0,1,0,0,1,0,0,0,1,1,0,0,0,0,0,1	-1.524336,-1.799321,0.508929,-0.765987,-0.355899,-0.702784,-0.867698,-1.274021,0.103080,-0.309068,-0.192622,0.207690,-0.873690,-0.272486,-0.078097,0.398848,0.383960,-0.926049,-0.313283,-0.647191,-1.546338,-0.153897,0.135040
Obas_CAAT2_QKK36037.1	Obas_CAAT2_QKK36037.1	acceptor_superclass::Phenylpropanoids (C6-C3)	acceptor_superclass::Diterpenoids;acceptor_superclass::Lysine alkaloids;acceptor_superclass::Ornithine alkaloids;acceptor_superclass::Phenylethanoids (C6-C2);acceptor_superclass::Phenylpropanoids (C6-C3);acceptor_superclass::Pseudoalkaloids;acceptor_superclass::Tyrosine alkaloids	0,0,0,0,0,0,0,0,0,0,0,0,0,0,0,1,0,0,0,0,0,0,0	0,0,1,0,0,0,0,0,1,0,0,1,0,0,1,1,1,0,0,0,0,0,1	-0.886492,-0.988193,0.254386,-0.492635,-0.108156,-0.470885,-0.583128,-0.788757,0.100828,-0.055166,-0.114831,0.120858,-0.358397,-0.153245,0.001653,0.300170,0.168123,-0.446470,-0.216744,-0.386787,-0.865708,-0.085916,0.054730
Oeur_AT1_XP_022859703.1	Oeur_AT1_XP_022859703.1	acceptor_superclass::Phenylethanoids (C6-C2)	acceptor_superclass::Coumarins;acceptor_superclass::Cyclic polyketides;acceptor_superclass::Diterpenoids;acceptor_superclass::Lysine alkaloids;acceptor_superclass::Monoterpenoids;acceptor_superclass::Phenanthrenoids;acceptor_superclass::Phenylethanoids (C6-C2);acceptor_superclass::Phenylpropanoids (C6-C3);acceptor_superclass::Pseudoalkaloids;acceptor_superclass::Saccharides;acceptor_superclass::Small peptides;acceptor_superclass::Steroids;acceptor_superclass::Triterpenoids;acceptor_superclass::Tyrosine alkaloids	0,0,0,0,0,0,0,0,0,0,0,0,0,0,1,0,0,0,0,0,0,0,0	1,1,1,0,0,0,0,0,1,1,0,0,1,0,1,1,1,1,1,1,1,0,1	0.023245,0.023427,0.150667,-0.082891,-0.022674,-0.048642,-0.172801,-0.120197,0.136322,0.020601,-0.013744,-0.044406,0.128863,-0.029905,0.252897,0.274070,0.160704,0.195664,0.033317,0.129411,0.048451,-0.125024,0.061623
Osat_AHT1_CAE03579.1	Osat_AHT1_CAE03579.1	acceptor_superclass::Ornithine alkaloids;acceptor_superclass::Pseudoalkaloids	acceptor_superclass::Fatty acyls;acceptor_superclass::Flavonoids;acceptor_superclass::Isoflavonoids;acceptor_superclass::Monoterpenoids;acceptor_superclass::Ornithine alkaloids;acceptor_superclass::Phenolic acids (C6-C1);acceptor_superclass::Small peptides;acceptor_superclass::Tryptophan alkaloids	0,0,0,0,0,0,0,0,0,0,0,1,0,0,0,0,1,0,0,0,0,0,0	0,0,0,0,1,1,1,0,0,1,0,1,0,1,0,0,0,0,1,0,0,1,0	-1.015288,-0.551060,-0.235156,-0.414712,0.188886,0.660260,0.204406,-1.477953,-0.756389,0.004051,-0.298119,0.343957,-0.664493,0.220144,-0.317989,-0.262740,-0.181089,-0.325149,0.403638,-0.374017,-0.424171,0.027497,-0.087578
Osat_AT10_BAD33123.1	Osat_AT10_BAD33123.1	acceptor_superclass::Phenylpropanoids (C6-C3)	acceptor_superclass::Fatty acyls;acceptor_superclass::Monoterpenoids;acceptor_superclass::Ornithine alkaloids;acceptor_superclass::Phenylethanoids (C6-C2);acceptor_superclass::Phenylpropanoids (C6-C3);acceptor_superclass::Pseudoalkaloids	0,0,0,0,0,0,0,0,0,0,0,0,0,0,0,1,0,0,0,0,0,0,0	0,0,0,0,1,0,0,0,0,1,0,1,0,0,1,1,1,0,0,0,0,0,0	-8.675509,-3.531576,-0.876646,-3.573808,2.358848,-3.267882,-6.872695,-4.499945,-6.366798,0.790345,-2.607290,0.181939,-3.764698,-6.294344,0.924969,1.129734,0.300536,-5.284458,-7.943237,-8.794633,-2.382894,-0.646197,-1.739398
Osat_DPW2_BAS75979.1	Osat_DPW2_BAS75979.1	acceptor_superclass::Fatty Acids and Conjugates	acceptor_superclass::Fatty acyls;acceptor_superclass::Flavonoids;acceptor_superclass::Isoflavonoids;acceptor_superclass::Ornithine alkaloids;acceptor_superclass::Phenolic acids (C6-C1);acceptor_superclass::Small peptides;acceptor_superclass::Tryptophan alkaloids	0,0,0,1,0,0,0,0,0,0,0,0,0,0,0,0,0,0,0,0,0,0,0	0,0,0,0,1,1,1,0,0,0,0,1,0,1,0,0,0,0,1,0,0,1,0	-0.870956,-0.451422,-0.265435,-0.430613,0.139571,0.637414,0.240480,-1.282548,-0.663540,-0.002277,-0.303306,0.333199,-0.556875,0.211467,-0.287257,-0.208628,-0.165802,-0.347097,0.353868,-0.333032,-0.360989,0.021474,-0.120915
Osat_FMT_BAF16996.1	Osat_FMT_BAF16996.1	acceptor_superclass::Phenylpropanoids (C6-C3)	acceptor_superclass::Phenylethanoids (C6-C2)	0,0,0,0,0,0,0,0,0,0,0,0,0,0,0,1,0,0,0,0,0,0,0	0,0,0,0,0,0,0,0,0,0,0,0,0,0,1,0,0,0,0,0,0,0,0	-1.465343,-1.145753,-0.435267,-1.261598,-0.179352,-1.098792,-2.956938,-3.857356,-2.872332,-0.019233,-0.914606,-0.136374,-0.366286,-2.286928,0.152249,-0.289154,-0.079828,-1.460029,-0.765712,-1.466346,-0.156990,-0.655837,-0.855117
Osat_HCT4_BAD72437.1	Osat_HCT4_BAD72437.1	acceptor_superclass::Phenolic acids (C6-C1)	acceptor_superclass::Fatty acyls;acceptor_superclass::Flavonoids;acceptor_superclass::Isoflavonoids;acceptor_superclass::Ornithine alkaloids;acceptor_superclass::Phenolic acids (C6-C1);acceptor_superclass::Small peptides;acceptor_superclass::Tryptophan alkaloids	0,0,0,0,0,0,0,0,0,0,0,0,0,1,0,0,0,0,0,0,0,0,0	0,0,0,0,1,1,1,0,0,0,0,1,0,1,0,0,0,0,1,0,0,1,0	-0.936280,-0.474131,-0.260470,-0.452538,0.202278,0.668065,0.248333,-1.356136,-0.695548,-0.005500,-0.292594,0.365703,-0.605160,0.186864,-0.333612,-0.239558,-0.188889,-0.317854,0.393752,-0.398030,-0.385803,0.032989,-0.122868
Osat_MAT-2_BAG96218.1	Osat_MAT-2_BAG96218.1	acceptor_superclass::Flavonoids;acceptor_superclass::Isoflavonoids	acceptor_superclass::Diterpenoids;acceptor_superclass::Lysine alkaloids;acceptor_superclass::Naphthalenes;acceptor_superclass::Ornithine alkaloids;acceptor_superclass::Phenolic acids (C6-C1);acceptor_superclass::Phenylpropanoids (C6-C3);acceptor_superclass::Pseudoalkaloids;acceptor_superclass::Tyrosine alkaloids	0,0,0,0,0,1,1,0,0,0,0,0,0,0,0,0,0,0,0,0,0,0,0	0,0,1,0,0,0,0,0,1,0,1,1,0,1,0,1,1,0,0,0,0,0,1	-0.584687,-0.519314,0.231880,-0.055720,-0.304626,-0.124009,-0.081049,-0.405205,0.162335,-0.226054,0.086399,0.246282,-0.266080,0.065377,-0.077096,0.146967,0.210717,-0.219967,-0.031959,-0.118283,-0.430091,-0.123910,0.018813
Osat_PHT2_BAD72527.1	Osat_PHT2_BAD72527.1	acceptor_superclass::Ornithine alkaloids;acceptor_superclass::Pseudoalkaloids	acceptor_superclass::Coumarins;acceptor_superclass::Cyclic polyketides;acceptor_superclass::Diterpenoids;acceptor_superclass::Lysine alkaloids;acceptor_superclass::Monoterpenoids;acceptor_superclass::Phenanthrenoids;acceptor_superclass::Phenylethanoids (C6-C2);acceptor_superclass::Phenylpropanoids (C6-C3);acceptor_superclass::Pseudoalkaloids;acceptor_superclass::Saccharides;acceptor_superclass::Steroids;acceptor_superclass::Triterpenoids;acceptor_superclass::Tyrosine alkaloids	0,0,0,0,0,0,0,0,0,0,0,1,0,0,0,0,1,0,0,0,0,0,0	1,1,1,0,0,0,0,0,1,1,0,0,1,0,1,1,1,1,0,1,1,0,1	0.086882,0.078089,0.330688,-0.102718,-0.128376,-0.195379,-0.399566,-0.172713,0.178411,0.056670,-0.089457,-0.045276,0.110110,-0.207953,0.311426,0.459709,0.360630,0.439252,-0.065384,0.325214,0.136405,-0.221330,0.208619
Osat_PHT3_BAC79154.1	Osat_PHT3_BAC79154.1	acceptor_superclass::Ornithine alkaloids;acceptor_superclass::Pseudoalkaloids	acceptor_superclass::Ornithine alkaloids;acceptor_superclass::Phenylethanoids (C6-C2);acceptor_superclass::Pseudoalkaloids;acceptor_superclass::Tyrosine alkaloids	0,0,0,0,0,0,0,0,0,0,0,1,0,0,0,0,1,0,0,0,0,0,0	0,0,0,0,0,0,0,0,0,0,0,1,0,0,1,0,1,0,0,0,0,0,1	-4.904610,-3.405269,-2.965154,-1.644927,-0.644992,-2.061492,-3.401950,-6.023715,-8.574508,-0.941756,-3.492334,1.484178,-4.207490,-1.018089,0.017737,-0.262726,1.114514,-3.455246,-3.159616,-5.359865,-1.101467,-0.065200,0.038745
Osat_PHT4_BAC79155.1	Osat_PHT4_BAC79155.1	acceptor_superclass::Ornithine alkaloids;acceptor_superclass::Pseudoalkaloids	acceptor_superclass::Fatty Acids and Conjugates;acceptor_superclass::Ornithine alkaloids;acceptor_superclass::Phenolic acids (C6-C1);acceptor_superclass::Phenylethanoids (C6-C2);acceptor_superclass::Pseudoalkaloids;acceptor_superclass::Small peptides;acceptor_superclass::Tyrosine alkaloids	0,0,0,0,0,0,0,0,0,0,0,1,0,0,0,0,1,0,0,0,0,0,0	0,0,0,1,0,0,0,0,0,0,0,1,0,1,1,0,1,0,1,0,0,0,1	-1.884838,-3.229503,-3.005775,1.288811,-0.626104,-0.974115,-1.552945,-2.289687,-1.531125,-1.387779,-2.100323,0.462178,-1.309305,0.515422,0.206887,-0.570827,0.375147,-2.976159,0.778521,-1.898984,-0.153726,-0.508136,0.624455
Osat_PHT4_BAC79155.1	Osat_PHT_BAC79155.1	acceptor_superclass::Ornithine alkaloids;acceptor_superclass::Pseudoalkaloids	acceptor_superclass::Cyclic polyketides;acceptor_superclass::Fatty Acids and Conjugates;acceptor_superclass::Fatty acyls;acceptor_superclass::Ornithine alkaloids;acceptor_superclass::Phenylethanoids (C6-C2);acceptor_superclass::Phenylpropanoids (C6-C3);acceptor_superclass::Pseudoalkaloids	0,0,0,0,0,0,0,0,0,0,0,1,0,0,0,0,1,0,0,0,0,0,0	0,1,0,1,1,0,0,0,0,0,0,1,0,0,1,1,1,0,0,0,0,0,0	-4.691414,0.468313,-6.047750,0.351105,0.388582,-2.658857,-2.449816,-10.802192,-11.238566,-1.176150,-5.528712,3.237835,-5.785362,-2.241232,1.001775,0.020393,1.784977,-2.197292,-1.763519,-1.728627,-3.664039,-2.129158,-2.902678
Osat_PMT1_BAG87540.1	Osat_PMT1_BAG87540.1	acceptor_superclass::Phenylethanoids (C6-C2);acceptor_superclass::Phenylpropanoids (C6-C3)	acceptor_superclass::Diterpenoids;acceptor_superclass::Monoterpenoids;acceptor_superclass::Naphthalenes;acceptor_superclass::Phenylpropanoids (C6-C3);acceptor_superclass::Saccharides;acceptor_superclass::Triterpenoids;acceptor_superclass::Tryptophan alkaloids	0,0,0,0,0,0,0,0,0,0,0,0,0,0,1,1,0,0,0,0,0,0,0	0,0,1,0,0,0,0,0,0,1,1,0,0,0,0,1,0,1,0,0,1,1,0	-1.418561,-1.240237,1.287994,-2.923334,-0.033984,-1.014138,-3.366065,-1.920203,-2.738480,0.873239,0.093573,-1.065171,-0.233245,-2.969217,-0.066156,0.531685,-0.493957,0.502974,-1.429430,-1.014482,0.005241,0.229827,-0.900412
Osat_PMT2_BAG91648.1	Osat_PMT2_BAG91648.1	acceptor_superclass::Phenylpropanoids (C6-C3)	acceptor_superclass::Diterpenoids;acceptor_superclass::Lysine alkaloids;acceptor_superclass::Ornithine alkaloids;acceptor_superclass::Phenylpropanoids (C6-C3);acceptor_superclass::Pseudoalkaloids;acceptor_superclass::Tyrosine alkaloids	0,0,0,0,0,0,0,0,0,0,0,0,0,0,0,1,0,0,0,0,0,0,0	0,0,1,0,0,0,0,0,1,0,0,1,0,0,0,1,1,0,0,0,0,0,1	-0.935369,-0.809403,0.199984,-0.243308,-0.294185,-0.358219,-0.382300,-0.675273,0.126793,-0.196597,-0.134703,0.166520,-0.589943,-0.027467,-0.068191,0.263989,0.213235,-0.463162,-0.097794,-0.361871,-0.844513,-0.159561,0.009687
Osat_TBT1_ANQ47375.1	Osat_TBT1_ANQ47375.1	acceptor_superclass::Ornithine alkaloids;acceptor_superclass::Pseudoalkaloids;acceptor_superclass::Tryptophan alkaloids	acceptor_superclass::Fatty acyls;acceptor_superclass::Flavonoids;acceptor_superclass::Isoflavonoids;acceptor_superclass::Ornithine alkaloids;acceptor_superclass::Phenolic acids (C6-C1);acceptor_superclass::Small peptides;acceptor_superclass::Tryptophan alkaloids	0,0,0,0,0,0,0,0,0,0,0,1,0,0,0,0,1,0,0,0,0,1,0	0,0,0,0,1,1,1,0,0,0,0,1,0,1,0,0,0,0,1,0,0,1,0	-1.252117,-0.754421,-0.360807,-0.708817,0.271889,0.870616,0.283819,-1.891564,-0.965239,-0.015387,-0.397071,0.495413,-0.786102,0.353247,-0.330685,-0.288515,-0.320269,-0.596017,0.603460,-0.402464,-0.556089,0.101065,-0.193631
Osat_TBT2_ANQ47376.1	Osat_TBT2_ANQ47376.1	acceptor_superclass::Tryptophan alkaloids	acceptor_superclass::Ornithine alkaloids;acceptor_superclass::Pseudoalkaloids;acceptor_superclass::Triterpenoids;acceptor_superclass::Tryptophan alkaloids;acceptor_superclass::Tyrosine alkaloids	0,0,0,0,0,0,0,0,0,0,0,0,0,0,0,0,0,0,0,0,0,1,0	0,0,0,0,0,0,0,0,0,0,0,1,0,0,0,0,1,0,0,0,1,1,1	-6.115921,-2.377757,-3.575350,-2.466142,-0.341258,-1.788602,-3.472308,-5.698792,-11.430768,-1.072411,-1.788600,1.549079,-6.729064,-2.061661,-0.819617,-0.493933,0.267747,-4.680376,-3.911104,-6.338061,0.633453,2.023415,0.059858
Osat_THT1_ANQ47373.1	Osat_THT1_ANQ47373.1	acceptor_superclass::Ornithine alkaloids;acceptor_superclass::Tryptophan alkaloids;acceptor_superclass::Tyrosine alkaloids	acceptor_superclass::Ornithine alkaloids;acceptor_superclass::Triterpenoids;acceptor_superclass::Tryptophan alkaloids;acceptor_superclass::Tyrosine alkaloids	0,0,0,0,0,0,0,0,0,0,0,1,0,0,0,0,0,0,0,0,0,1,1	0,0,0,0,0,0,0,0,0,0,0,1,0,0,0,0,0,0,0,0,1,1,1	-7.149074,-4.576674,-1.574615,-4.604742,-1.816434,-2.441172,-4.860999,-1.123891,-9.045634,-1.294303,-0.544322,1.088583,-6.604423,-1.087478,-1.852218,-0.684084,-0.219300,-4.591892,-4.483417,-9.249461,3.590602,3.406652,2.201486
Osat_THT2_AAM74310.1	Osat_THT2_AAM74310.1	acceptor_superclass::Tryptophan alkaloids;acceptor_superclass::Tyrosine alkaloids	acceptor_superclass::Coumarins;acceptor_superclass::Cyclic polyketides;acceptor_superclass::Diterpenoids;acceptor_superclass::Lysine alkaloids;acceptor_superclass::Monoterpenoids;acceptor_superclass::Phenanthrenoids;acceptor_superclass::Phenylethanoids (C6-C2);acceptor_superclass::Phenylpropanoids (C6-C3);acceptor_superclass::Pseudoalkaloids;acceptor_superclass::Saccharides;acceptor_superclass::Small peptides;acceptor_superclass::Steroids;acceptor_superclass::Triterpenoids;acceptor_superclass::Tyrosine alkaloids	0,0,0,0,0,0,0,0,0,0,0,0,0,0,0,0,0,0,0,0,0,1,1	1,1,1,0,0,0,0,0,1,1,0,0,1,0,1,1,1,1,1,1,1,0,1	0.041668,0.013517,0.206162,-0.092593,-0.020854,-0.047810,-0.273457,-0.114982,0.140981,0.018168,-0.034418,-0.046991,0.132653,-0.087610,0.333563,0.372887,0.228115,0.276484,0.023764,0.205490,0.068812,-0.151115,0.077846
Paff_BAHD21_NA	Paff_BAHD21_NA	acceptor_superclass::Flavonoids	acceptor_superclass::Fatty acyls;acceptor_superclass::Flavonoids;acceptor_superclass::Isoflavonoids;acceptor_superclass::Monoterpenoids;acceptor_superclass::Ornithine alkaloids;acceptor_superclass::Phenolic acids (C6-C1);acceptor_superclass::Small peptides;acceptor_superclass::Tryptophan alkaloids	0,0,0,0,0,1,0,0,0,0,0,0,0,0,0,0,0,0,0,0,0,0,0	0,0,0,0,1,1,1,0,0,1,0,1,0,1,0,0,0,0,1,0,0,1,0	-1.032911,-0.626575,-0.364049,-0.658057,0.146739,0.882254,0.314213,-1.684344,-0.803875,0.033585,-0.456798,0.446714,-0.614075,0.293147,-0.281994,-0.220044,-0.247925,-0.578328,0.569305,-0.288764,-0.473167,0.064809,-0.225718
Papp_HCT_AXN55972.1	Papp_HCT_AXN55972.1	acceptor_superclass::Phenolic acids (C6-C1)	acceptor_superclass::Diterpenoids;acceptor_superclass::Ornithine alkaloids;acceptor_superclass::Phenylpropanoids (C6-C3);acceptor_superclass::Pseudoalkaloids;acceptor_superclass::Tyrosine alkaloids	0,0,0,0,0,0,0,0,0,0,0,0,0,1,0,0,0,0,0,0,0,0,0	0,0,1,0,0,0,0,0,0,0,0,1,0,0,0,1,1,0,0,0,0,0,1	-0.928293,-0.948500,0.279839,-0.309036,-0.239520,-0.388972,-0.456168,-0.810519,-0.073774,-0.247506,-0.076452,0.138159,-0.707933,-0.114839,-0.168752,0.232672,0.222028,-0.509442,-0.119281,-0.479381,-0.941372,-0.014369,0.063518
Paxi_ASAT1_AOR06331.1	Paxi_ASAT1_AOR06331.1	acceptor_superclass::Saccharides	acceptor_superclass::Diterpenoids;acceptor_superclass::Lysine alkaloids;acceptor_superclass::Naphthalenes;acceptor_superclass::Ornithine alkaloids;acceptor_superclass::Phenylpropanoids (C6-C3);acceptor_superclass::Pseudoalkaloids;acceptor_superclass::Tryptophan alkaloids	0,0,0,0,0,0,0,0,0,0,0,0,0,0,0,0,0,1,0,0,0,0,0	0,0,1,0,0,0,0,0,1,0,1,1,0,0,0,1,1,0,0,0,0,1,0	-0.705938,-0.486345,0.106645,-0.063397,-0.123173,-0.172777,-0.324629,-0.440042,0.220187,-0.176778,0.077759,0.139108,-0.419885,-0.012727,-0.165907,0.095409,0.041399,-0.201050,-0.074527,-0.227029,-0.550144,0.091107,-0.076897
Paxi_ASAT1_AOR06331.1	Paxi_ASAT2_AOR06331.1		acceptor_superclass::Fatty acyls;acceptor_superclass::Flavonoids;acceptor_superclass::Isoflavonoids;acceptor_superclass::Ornithine alkaloids;acceptor_superclass::Phenolic acids (C6-C1);acceptor_superclass::Small peptides	0,0,0,0,0,0,0,0,0,0,0,0,0,0,0,0,0,0,0,0,0,0,0	0,0,0,0,1,1,1,0,0,0,0,1,0,1,0,0,0,0,1,0,0,0,0	-1.103811,-0.574904,-0.165417,-0.406778,0.338609,0.627083,0.151358,-1.571944,-0.780833,-0.104376,-0.174203,0.412082,-0.799655,0.200474,-0.454470,-0.306989,-0.189285,-0.337397,0.436268,-0.544945,-0.431715,-0.012265,-0.068658
Paxi_ASAT3_AOR06333.1	Paxi_ASAT3_AOR06333.1		acceptor_superclass::Coumarins;acceptor_superclass::Cyclic polyketides;acceptor_superclass::Diterpenoids;acceptor_superclass::Lysine alkaloids;acceptor_superclass::Monoterpenoids;acceptor_superclass::Phenanthrenoids;acceptor_superclass::Phenylethanoids (C6-C2);acceptor_superclass::Phenylpropanoids (C6-C3);acceptor_superclass::Pseudoalkaloids;acceptor_superclass::Saccharides;acceptor_superclass::Steroids;acceptor_superclass::Triterpenoids;acceptor_superclass::Tyrosine alkaloids	0,0,0,0,0,0,0,0,0,0,0,0,0,0,0,0,0,0,0,0,0,0,0	1,1,1,0,0,0,0,0,1,1,0,0,1,0,1,1,1,1,0,1,1,0,1	0.071688,0.013869,0.295258,-0.103848,-0.038779,-0.077590,-0.417524,-0.118523,0.152892,0.025539,-0.070498,-0.047239,0.134280,-0.183106,0.426795,0.509547,0.335370,0.407121,-0.005083,0.319022,0.109331,-0.193652,0.121250
Paxi_ASAT4_AOR06334.1	Paxi_ASAT4_AOR06334.1		acceptor_superclass::Diterpenoids;acceptor_superclass::Monoterpenoids;acceptor_superclass::Naphthalenes;acceptor_superclass::Phenylpropanoids (C6-C3);acceptor_superclass::Saccharides;acceptor_superclass::Triterpenoids;acceptor_superclass::Tryptophan alkaloids	0,0,0,0,0,0,0,0,0,0,0,0,0,0,0,0,0,0,0,0,0,0,0	0,0,1,0,0,0,0,0,0,1,1,0,0,0,0,1,0,1,0,0,1,1,0	-1.120382,-1.809492,1.512927,-3.785578,-0.442037,-0.867579,-3.248411,-1.615383,-1.945385,0.788308,0.785285,-1.320969,-0.162975,-3.278081,-0.400868,0.126550,-0.830498,0.784820,-1.782230,-0.626218,0.126112,0.782519,-0.538698
Paxi_CFAT_ABG75942.1	Paxi_CFAT_ABG75942.1	acceptor_superclass::Fatty acyls;acceptor_superclass::Monoterpenoids;acceptor_superclass::Phenylethanoids (C6-C2);acceptor_superclass::Phenylpropanoids (C6-C3)	acceptor_superclass::Fatty acyls;acceptor_superclass::Flavonoids;acceptor_superclass::Isoflavonoids;acceptor_superclass::Ornithine alkaloids;acceptor_superclass::Phenolic acids (C6-C1);acceptor_superclass::Small peptides	0,0,0,0,1,0,0,0,0,1,0,0,0,0,1,1,0,0,0,0,0,0,0	0,0,0,0,1,1,1,0,0,0,0,1,0,1,0,0,0,0,1,0,0,0,0	-0.509560,-0.236063,-0.116395,-0.051067,0.167008,0.264573,0.108033,-0.640172,-0.321100,-0.154989,-0.081830,0.208886,-0.345479,0.040031,-0.307694,-0.123514,-0.077906,-0.092856,0.144947,-0.395528,-0.162765,-0.071536,-0.022139
Pbar_AT1_WEX29777.1	Pbar_AT1_WEX29777.1	acceptor_superclass::Phenylethanoids (C6-C2)	acceptor_superclass::Coumarins;acceptor_superclass::Cyclic polyketides;acceptor_superclass::Diterpenoids;acceptor_superclass::Lysine alkaloids;acceptor_superclass::Monoterpenoids;acceptor_superclass::Phenanthrenoids;acceptor_superclass::Phenylethanoids (C6-C2);acceptor_superclass::Phenylpropanoids (C6-C3);acceptor_superclass::Pseudoalkaloids;acceptor_superclass::Saccharides;acceptor_superclass::Small peptides;acceptor_superclass::Steroids;acceptor_superclass::Triterpenoids;acceptor_superclass::Tyrosine alkaloids	0,0,0,0,0,0,0,0,0,0,0,0,0,0,1,0,0,0,0,0,0,0,0	1,1,1,0,0,0,0,0,1,1,0,0,1,0,1,1,1,1,1,1,1,0,1	0.022870,0.019858,0.149104,-0.083213,-0.017380,-0.040788,-0.174015,-0.116652,0.135401,0.018386,-0.012313,-0.045212,0.130361,-0.028034,0.260348,0.277139,0.158887,0.193566,0.037135,0.130074,0.046510,-0.123460,0.056353
Pcam_HCT_QDF44405.1	Pcam_HCT_QDF44405.1	acceptor_superclass::Phenolic acids (C6-C1)	acceptor_superclass::Phenolic acids (C6-C1);acceptor_superclass::Phenylpropanoids (C6-C3);acceptor_superclass::Small peptides;acceptor_superclass::Triterpenoids;acceptor_superclass::Tyrosine alkaloids	0,0,0,0,0,0,0,0,0,0,0,0,0,1,0,0,0,0,0,0,0,0,0	0,0,0,0,0,0,0,0,0,0,0,0,0,1,0,1,0,0,1,0,1,0,1	-7.267172,-8.190625,-4.370441,-1.029869,-0.680860,-0.551271,-6.814134,-5.837806,-2.796232,-0.413963,-7.519997,-2.504329,-8.922298,4.373157,-0.837007,0.800734,-1.668206,-9.354351,1.360908,-5.826358,0.719193,-2.576381,2.008390
Pcam_HQT_QDF44406.1	Pcam_HQT_QDF44406.1	acceptor_superclass::Phenolic acids (C6-C1)	acceptor_superclass::Coumarins;acceptor_superclass::Cyclic polyketides;acceptor_superclass::Diterpenoids;acceptor_superclass::Lysine alkaloids;acceptor_superclass::Monoterpenoids;acceptor_superclass::Phenanthrenoids;acceptor_superclass::Phenylethanoids (C6-C2);acceptor_superclass::Phenylpropanoids (C6-C3);acceptor_superclass::Pseudoalkaloids;acceptor_superclass::Saccharides;acceptor_superclass::Small peptides;acceptor_superclass::Steroids;acceptor_superclass::Triterpenoids;acceptor_superclass::Tyrosine alkaloids	0,0,0,0,0,0,0,0,0,0,0,0,0,1,0,0,0,0,0,0,0,0,0	1,1,1,0,0,0,0,0,1,1,0,0,1,0,1,1,1,1,1,1,1,0,1	0.034428,0.010942,0.188940,-0.094273,-0.018983,-0.045209,-0.250330,-0.117655,0.136068,0.014752,-0.032300,-0.045166,0.129338,-0.070711,0.314438,0.347788,0.209697,0.250775,0.027801,0.182556,0.059495,-0.146730,0.072498
Pcam_RAS_QDF44407.1	Pcam_RAS_QDF44407.1	acceptor_superclass::Phenolic acids (C6-C1)	acceptor_superclass::Phenylethanoids (C6-C2)	0,0,0,0,0,0,0,0,0,0,0,0,0,1,0,0,0,0,0,0,0,0,0	0,0,0,0,0,0,0,0,0,0,0,0,0,0,1,0,0,0,0,0,0,0,0	-1.314050,-2.747340,-0.920919,-1.286876,-0.503784,-0.959934,-2.757337,-2.758834,-2.507974,-0.399539,-1.130649,-0.311900,-0.356628,-1.474634,0.192591,-0.461477,-0.133989,-1.663166,-0.421248,-1.709090,-0.170364,-1.101582,-0.503100
Pcru_3MAT_AAO38058.1	Pcru_3MAT_AAO38058.1	acceptor_superclass::Flavonoids	acceptor_superclass::Coumarins;acceptor_superclass::Cyclic polyketides;acceptor_superclass::Diterpenoids;acceptor_superclass::Lysine alkaloids;acceptor_superclass::Monoterpenoids;acceptor_superclass::Phenanthrenoids;acceptor_superclass::Phenylethanoids (C6-C2);acceptor_superclass::Phenylpropanoids (C6-C3);acceptor_superclass::Pseudoalkaloids;acceptor_superclass::Saccharides;acceptor_superclass::Small peptides;acceptor_superclass::Steroids;acceptor_superclass::Triterpenoids;acceptor_superclass::Tyrosine alkaloids	0,0,0,0,0,1,0,0,0,0,0,0,0,0,0,0,0,0,0,0,0,0,0	1,1,1,0,0,0,0,0,1,1,0,0,1,0,1,1,1,1,1,1,1,0,1	0.047201,0.002997,0.217064,-0.095921,-0.000998,-0.013043,-0.292223,-0.097948,0.143403,0.008590,-0.030450,-0.054098,0.140028,-0.089202,0.379059,0.398233,0.231201,0.282478,0.038316,0.228558,0.065519,-0.146611,0.062009
Pfru_3AT_BAA93475.1	Pfru_3AT_BAA93475.1	acceptor_superclass::Flavonoids	acceptor_superclass::Diterpenoids;acceptor_superclass::Lysine alkaloids;acceptor_superclass::Ornithine alkaloids;acceptor_superclass::Phenolic acids (C6-C1);acceptor_superclass::Phenylpropanoids (C6-C3);acceptor_superclass::Pseudoalkaloids	0,0,0,0,0,1,0,0,0,0,0,0,0,0,0,0,0,0,0,0,0,0,0	0,0,1,0,0,0,0,0,1,0,0,1,0,1,0,1,1,0,0,0,0,0,0	-1.321019,-0.997378,0.198931,-0.166748,-0.409968,-0.346740,-0.507817,-0.745613,0.408292,-0.370626,-0.078662,0.246654,-0.973281,0.063837,-0.252123,0.189113,0.202520,-0.601771,-0.076772,-0.398490,-1.193034,-0.116569,-0.080188
Phyb_AAT_AAW31948.1	Phyb_AAT_AAW31948.1	acceptor_superclass::Fatty acyls;acceptor_superclass::Monoterpenoids	acceptor_superclass::Coumarins;acceptor_superclass::Cyclic polyketides;acceptor_superclass::Diterpenoids;acceptor_superclass::Lysine alkaloids;acceptor_superclass::Monoterpenoids;acceptor_superclass::Phenanthrenoids;acceptor_superclass::Phenylethanoids (C6-C2);acceptor_superclass::Phenylpropanoids (C6-C3);acceptor_superclass::Pseudoalkaloids;acceptor_superclass::Saccharides;acceptor_superclass::Small peptides;acceptor_superclass::Steroids;acceptor_superclass::Triterpenoids;acceptor_superclass::Tyrosine alkaloids	0,0,0,0,1,0,0,0,0,1,0,0,0,0,0,0,0,0,0,0,0,0,0	1,1,1,0,0,0,0,0,1,1,0,0,1,0,1,1,1,1,1,1,1,0,1	0.050075,0.012294,0.228954,-0.096083,-0.020856,-0.045527,-0.308656,-0.111512,0.145301,0.017199,-0.041296,-0.049373,0.134700,-0.108282,0.364492,0.407406,0.251578,0.305997,0.021238,0.236766,0.076696,-0.159154,0.083911
Phyb_BPBT_AAU06226.1	Phyb_BPBT_AAU06226.1	acceptor_superclass::Fatty acyls;acceptor_superclass::Monoterpenoids;acceptor_superclass::Phenylethanoids (C6-C2);acceptor_superclass::Phenylpropanoids (C6-C3)	acceptor_superclass::Fatty acyls;acceptor_superclass::Monoterpenoids;acceptor_superclass::Phenylpropanoids (C6-C3)	0,0,0,0,1,0,0,0,0,1,0,0,0,0,1,1,0,0,0,0,0,0,0	0,0,0,0,1,0,0,0,0,1,0,0,0,0,0,1,0,0,0,0,0,0,0	-9.056746,-4.670790,-1.227224,-1.991022,1.385521,-1.554252,-8.755842,-5.293423,-1.227355,1.122399,-4.089356,-2.272144,-7.350141,-3.793586,-0.327865,0.922394,-1.414419,-4.831641,-2.808500,-7.609492,-2.127878,-2.877829,-2.872293
Phyb_CFAT_ABG75942.1	Phyb_CFAT_ABG75942.1	acceptor_superclass::Phenylpropanoids (C6-C3)	acceptor_superclass::Fatty acyls;acceptor_superclass::Flavonoids;acceptor_superclass::Isoflavonoids;acceptor_superclass::Ornithine alkaloids;acceptor_superclass::Phenolic acids (C6-C1);acceptor_superclass::Small peptides	0,0,0,0,0,0,0,0,0,0,0,0,0,0,0,1,0,0,0,0,0,0,0	0,0,0,0,1,1,1,0,0,0,0,1,0,1,0,0,0,0,1,0,0,0,0	-0.509560,-0.236063,-0.116395,-0.051067,0.167008,0.264573,0.108033,-0.640172,-0.321100,-0.154989,-0.081830,0.208886,-0.345479,0.040031,-0.307694,-0.123514,-0.077906,-0.092856,0.144947,-0.395528,-0.162765,-0.071536,-0.022139
Pnig_PAS_QUS53101.1	Pnig_BAHD1_QUS53101.1	acceptor_superclass::Lysine alkaloids;acceptor_superclass::Pseudoalkaloids	acceptor_superclass::Diterpenoids;acceptor_superclass::Fatty acyls;acceptor_superclass::Lysine alkaloids;acceptor_superclass::Monoterpenoids;acceptor_superclass::Phenylpropanoids (C6-C3)	0,0,0,0,0,0,0,0,1,0,0,0,0,0,0,0,1,0,0,0,0,0,0	0,0,1,0,1,0,0,0,1,1,0,0,0,0,0,1,0,0,0,0,0,0,0	-1.273896,-5.885601,0.517862,-2.389391,0.374799,-0.811801,-3.052149,-0.222690,3.263245,0.967195,-0.801846,-1.380539,-1.018556,-0.689983,-0.627234,1.353213,-0.766126,-0.710938,-1.069429,-1.942962,-0.044570,-0.071820,-0.956310
Pnig_PS_QUS53100.1	Pnig_BAHD2_QUS53100.1	acceptor_superclass::Lysine alkaloids	acceptor_superclass::Fatty acyls;acceptor_superclass::Flavonoids;acceptor_superclass::Isoflavonoids;acceptor_superclass::Ornithine alkaloids;acceptor_superclass::Phenolic acids (C6-C1);acceptor_superclass::Small peptides;acceptor_superclass::Tryptophan alkaloids	0,0,0,0,0,0,0,0,1,0,0,0,0,0,0,0,0,0,0,0,0,0,0	0,0,0,0,1,1,1,0,0,0,0,1,0,1,0,0,0,0,1,0,0,1,0	-1.400216,-0.832078,-0.354359,-0.679192,0.367123,0.787288,0.209200,-1.870823,-0.880872,-0.052108,-0.363976,0.545510,-0.986623,0.330148,-0.474754,-0.305804,-0.320282,-0.583846,0.580496,-0.510628,-0.592958,0.006537,-0.181152
Pnig_HCT1_AEN02914.1	Pnig_HCT1_AEN02914.1	acceptor_superclass::Phenolic acids (C6-C1)	acceptor_superclass::Fatty acyls;acceptor_superclass::Ornithine alkaloids;acceptor_superclass::Phenylethanoids (C6-C2);acceptor_superclass::Pseudoalkaloids	0,0,0,0,0,0,0,0,0,0,0,0,0,1,0,0,0,0,0,0,0,0,0	0,0,0,0,1,0,0,0,0,0,0,1,0,0,1,0,1,0,0,0,0,0,0	-3.876630,-1.237793,-6.615329,-0.678725,0.366394,-1.101327,-1.315845,-12.084349,-10.649742,-1.253427,-4.713269,2.432143,-5.556132,-2.135006,0.279624,-0.947473,1.347154,-4.356772,-2.163018,-1.285353,-4.429761,-4.038785,-3.767731
Pnig_PAS_QUS53101.1	Pnig_PAS_QUS53101.1	acceptor_superclass::Lysine alkaloids;acceptor_superclass::Pseudoalkaloids	acceptor_superclass::Fatty acyls;acceptor_superclass::Flavonoids;acceptor_superclass::Isoflavonoids;acceptor_superclass::Ornithine alkaloids;acceptor_superclass::Phenolic acids (C6-C1);acceptor_superclass::Small peptides	0,0,0,0,0,0,0,0,1,0,0,0,0,0,0,0,1,0,0,0,0,0,0	0,0,0,0,1,1,1,0,0,0,0,1,0,1,0,0,0,0,1,0,0,0,0	-1.409777,-0.843283,-0.306925,-0.593304,0.461470,0.674201,0.141742,-1.719657,-0.777130,-0.122743,-0.319413,0.567345,-1.068563,0.276775,-0.549154,-0.280687,-0.308401,-0.547496,0.562550,-0.593530,-0.581643,-0.093786,-0.186449
Pnig_PHT1_BGB46908.1	Pnig_PHT1_BGB46908.1	acceptor_superclass::Ornithine alkaloids;acceptor_superclass::Pseudoalkaloids	acceptor_superclass::Coumarins;acceptor_superclass::Cyclic polyketides;acceptor_superclass::Diterpenoids;acceptor_superclass::Lysine alkaloids;acceptor_superclass::Monoterpenoids;acceptor_superclass::Phenanthrenoids;acceptor_superclass::Phenylethanoids (C6-C2);acceptor_superclass::Phenylpropanoids (C6-C3);acceptor_superclass::Pseudoalkaloids;acceptor_superclass::Saccharides;acceptor_superclass::Small peptides;acceptor_superclass::Steroids;acceptor_superclass::Triterpenoids;acceptor_superclass::Tyrosine alkaloids	0,0,0,0,0,0,0,0,0,0,0,1,0,0,0,0,1,0,0,0,0,0,0	1,1,1,0,0,0,0,0,1,1,0,0,1,0,1,1,1,1,1,1,1,0,1	0.029915,0.019492,0.171562,-0.087026,-0.022393,-0.047991,-0.210977,-0.118896,0.138197,0.018872,-0.021694,-0.045485,0.129815,-0.050979,0.282602,0.310345,0.186111,0.225604,0.029876,0.157663,0.055479,-0.135366,0.068051
Pnig_PS_QUS53100.1	Pnig_PS_QUS53100.1	acceptor_superclass::Lysine alkaloids	acceptor_superclass::Diterpenoids;acceptor_superclass::Lysine alkaloids;acceptor_superclass::Ornithine alkaloids;acceptor_superclass::Phenylethanoids (C6-C2);acceptor_superclass::Phenylpropanoids (C6-C3);acceptor_superclass::Pseudoalkaloids;acceptor_superclass::Tyrosine alkaloids	0,0,0,0,0,0,0,0,1,0,0,0,0,0,0,0,0,0,0,0,0,0,0	0,0,1,0,0,0,0,0,1,0,0,1,0,0,1,1,1,0,0,0,0,0,1	-0.702916,-0.684037,0.152184,-0.282578,-0.195212,-0.314255,-0.308727,-0.525418,0.132701,-0.078243,-0.104818,0.138899,-0.295068,-0.036925,0.042829,0.260871,0.185465,-0.308294,-0.115071,-0.266831,-0.635173,-0.159828,0.068654
Post_DPBT_Pos.gene30573	Post_DPBT_Pos.gene30573	acceptor_superclass::Monoterpenoids	acceptor_superclass::Diterpenoids;acceptor_superclass::Monoterpenoids;acceptor_superclass::Phenylpropanoids (C6-C3);acceptor_superclass::Triterpenoids;acceptor_superclass::Tryptophan alkaloids	0,0,0,0,0,0,0,0,0,1,0,0,0,0,0,0,0,0,0,0,0,0,0	0,0,1,0,0,0,0,0,0,1,0,0,0,0,0,1,0,0,0,0,1,1,0	-1.283850,-4.836761,0.364167,-3.196216,-0.084962,-1.461678,-4.261485,-3.838751,-0.805307,0.424548,-0.577663,-0.863702,-0.599924,-2.504066,-0.228593,0.405256,-0.516520,-1.618574,-1.583261,-2.307606,0.192057,0.139357,-1.005478
Ppat_HCT1_AMK38063.1	Ppat_HCT1_AMK38063.1	acceptor_superclass::Phenolic acids (C6-C1);acceptor_superclass::Saccharides;acceptor_superclass::Small peptides	acceptor_superclass::Diterpenoids;acceptor_superclass::Lysine alkaloids;acceptor_superclass::Ornithine alkaloids;acceptor_superclass::Phenolic acids (C6-C1);acceptor_superclass::Phenylpropanoids (C6-C3);acceptor_superclass::Pseudoalkaloids;acceptor_superclass::Small peptides	0,0,0,0,0,0,0,0,0,0,0,0,0,1,0,0,0,1,1,0,0,0,0	0,0,1,0,0,0,0,0,1,0,0,1,0,1,0,1,1,0,1,0,0,0,0	-1.251718,-0.807842,0.209195,-0.073671,-0.337695,-0.394992,-0.480830,-0.768871,0.322390,-0.356378,-0.107431,0.231243,-1.080985,0.160403,-0.289735,0.193672,0.177587,-0.558384,0.016277,-0.481858,-1.158455,-0.052925,-0.104576
Ppat_HCT1_AMK38063.1	Ppat_HCT_AMK38063.1	acceptor_superclass::Fatty Acids and Conjugates;acceptor_superclass::Phenolic acids (C6-C1);acceptor_superclass::Phenylpropanoids (C6-C3);acceptor_superclass::Saccharides	acceptor_superclass::Fatty acyls;acceptor_superclass::Monoterpenoids;acceptor_superclass::Phenylethanoids (C6-C2);acceptor_superclass::Phenylpropanoids (C6-C3);acceptor_superclass::Saccharides;acceptor_superclass::Small peptides	0,0,0,1,0,0,0,0,0,0,0,0,0,1,0,1,0,1,0,0,0,0,0	0,0,0,0,1,0,0,0,0,1,0,0,0,0,1,1,0,1,1,0,0,0,0	-2.921191,-2.964269,-0.690301,-0.851313,1.766599,-0.745539,-3.590104,-0.550491,-1.130911,0.720144,-2.505376,-0.968399,-1.871373,-0.558554,0.204077,1.860155,-0.492089,1.094304,0.436189,-1.967965,-0.718617,-0.439160,-0.979342
Pper_AAT1_QEZ90730.1	Pper_AAT1_QEZ90730.1	acceptor_superclass::Fatty acyls	acceptor_superclass::Diterpenoids;acceptor_superclass::Lysine alkaloids;acceptor_superclass::Ornithine alkaloids;acceptor_superclass::Phenolic acids (C6-C1);acceptor_superclass::Phenylpropanoids (C6-C3);acceptor_superclass::Pseudoalkaloids;acceptor_superclass::Tyrosine alkaloids	0,0,0,0,1,0,0,0,0,0,0,0,0,0,0,0,0,0,0,0,0,0,0	0,0,1,0,0,0,0,0,1,0,0,1,0,1,0,1,1,0,0,0,0,0,1	-1.356195,-1.135780,0.282654,-0.365270,-0.405439,-0.492086,-0.542480,-0.894493,0.304996,-0.264790,-0.280999,0.259541,-0.892416,0.039926,-0.071793,0.343102,0.278529,-0.683006,-0.104249,-0.469432,-1.279364,-0.266652,0.027934
Prad_HCT_ABO52899.1	Prad_HCT_ABO52899.1	acceptor_superclass::Phenolic acids (C6-C1);acceptor_superclass::Small peptides	acceptor_superclass::Fatty acyls;acceptor_superclass::Flavonoids;acceptor_superclass::Isoflavonoids;acceptor_superclass::Ornithine alkaloids;acceptor_superclass::Phenolic acids (C6-C1);acceptor_superclass::Small peptides;acceptor_superclass::Tryptophan alkaloids	0,0,0,0,0,0,0,0,0,0,0,0,0,1,0,0,0,0,1,0,0,0,0	0,0,0,0,1,1,1,0,0,0,0,1,0,1,0,0,0,0,1,0,0,1,0	-0.684103,-0.349498,-0.176037,-0.199972,0.150234,0.488157,0.153134,-1.008108,-0.488357,-0.038552,-0.188649,0.188107,-0.387046,0.112444,-0.269531,-0.199995,-0.148522,-0.183927,0.268598,-0.265757,-0.285892,0.013647,-0.074478
Pscu_HCT2_CBI83579.1	Pscu_HCT2_CBI83579.1	acceptor_superclass::Flavonoids;acceptor_superclass::Phenolic acids (C6-C1);acceptor_superclass::Tyrosine alkaloids	acceptor_superclass::Diterpenoids;acceptor_superclass::Ornithine alkaloids;acceptor_superclass::Phenylethanoids (C6-C2);acceptor_superclass::Phenylpropanoids (C6-C3);acceptor_superclass::Pseudoalkaloids;acceptor_superclass::Tyrosine alkaloids	0,0,0,0,0,1,0,0,0,0,0,0,0,1,0,0,0,0,0,0,0,0,1	0,0,1,0,0,0,0,0,0,0,0,1,0,0,1,1,1,0,0,0,0,0,1	-1.051157,-1.169465,0.292404,-0.581641,-0.251480,-0.522287,-0.567891,-0.891747,-0.002834,-0.083618,-0.281914,0.163085,-0.519046,-0.115967,0.079942,0.413334,0.283281,-0.617121,-0.188562,-0.438232,-1.077063,-0.243968,0.155980
Pscu_RAS_CAK55166.1	Pscu_RAS_CAK55166.1		acceptor_superclass::Phenolic acids (C6-C1);acceptor_superclass::Small peptides;acceptor_superclass::Triterpenoids;acceptor_superclass::Tyrosine alkaloids	0,0,0,0,0,0,0,0,0,0,0,0,0,0,0,0,0,0,0,0,0,0,0	0,0,0,0,0,0,0,0,0,0,0,0,0,1,0,0,0,0,1,0,1,0,1	-6.576756,-7.858169,-2.479038,-1.210937,-1.705722,-1.572113,-7.532518,-5.436965,-2.958716,-0.456235,-5.772567,-2.026861,-6.457539,2.005114,-1.208540,-0.131680,-1.995986,-5.681661,0.492948,-6.640832,0.330984,-1.296861,2.022718
Psom_SALAT_AAK73661.1	Psom_SALAT_AAK73661.1	acceptor_superclass::Tyrosine alkaloids	acceptor_superclass::Diterpenoids;acceptor_superclass::Lysine alkaloids;acceptor_superclass::Naphthalenes;acceptor_superclass::Ornithine alkaloids;acceptor_superclass::Phenylpropanoids (C6-C3);acceptor_superclass::Pseudoalkaloids;acceptor_superclass::Tyrosine alkaloids	0,0,0,0,0,0,0,0,0,0,0,0,0,0,0,0,0,0,0,0,0,0,1	0,0,1,0,0,0,0,0,1,0,1,1,0,0,0,1,1,0,0,0,0,0,1	-0.539862,-0.530919,0.125851,-0.175759,-0.108334,-0.234481,-0.248329,-0.432429,0.137319,-0.095568,0.028877,0.066802,-0.287005,-0.021149,-0.099874,0.142552,0.108281,-0.197413,-0.097410,-0.242001,-0.467366,-0.004785,0.026063
Ptri_BEBT_AJD25145.1	Ptri_BEBT_AJD25145.1		acceptor_superclass::Fatty acyls;acceptor_superclass::Lysine alkaloids;acceptor_superclass::Monoterpenoids;acceptor_superclass::Phenylethanoids (C6-C2);acceptor_superclass::Phenylpropanoids (C6-C3)	0,0,0,0,0,0,0,0,0,0,0,0,0,0,0,0,0,0,0,0,0,0,0	0,0,0,0,1,0,0,0,1,1,0,0,0,0,1,1,0,0,0,0,0,0,0	-3.531708,-5.259287,-0.462594,-3.005511,2.166750,-1.751347,-5.800493,-2.840685,1.293268,1.475978,-2.534676,-1.812309,-1.935418,-1.888360,0.099786,2.011944,-1.165253,-1.027778,-0.080701,-3.361661,-0.352574,-0.454595,-0.823232
Ptri_FHT1_AGJ03151.1	Ptri_FHT1_AGJ03151.1	acceptor_superclass::Fatty Acids and Conjugates;acceptor_superclass::Fatty acyls	acceptor_superclass::Coumarins;acceptor_superclass::Cyclic polyketides;acceptor_superclass::Diterpenoids;acceptor_superclass::Lysine alkaloids;acceptor_superclass::Monoterpenoids;acceptor_superclass::Phenanthrenoids;acceptor_superclass::Phenylethanoids (C6-C2);acceptor_superclass::Phenylpropanoids (C6-C3);acceptor_superclass::Pseudoalkaloids;acceptor_superclass::Saccharides;acceptor_superclass::Steroids;acceptor_superclass::Triterpenoids;acceptor_superclass::Tyrosine alkaloids	0,0,0,1,1,0,0,0,0,0,0,0,0,0,0,0,0,0,0,0,0,0,0	1,1,1,0,0,0,0,0,1,1,0,0,1,0,1,1,1,1,0,1,1,0,1	0.069726,0.034775,0.289093,-0.102142,-0.068742,-0.118938,-0.389360,-0.139807,0.157382,0.035175,-0.073573,-0.043684,0.123928,-0.176872,0.366123,0.469975,0.327535,0.395588,-0.023928,0.297948,0.111256,-0.199964,0.145827
Ptri_HBMT1_PNT60021.1	Ptri_HBMT1_PNT60021.1	acceptor_superclass::Phenylpropanoids (C6-C3)	acceptor_superclass::Fatty acyls;acceptor_superclass::Lysine alkaloids;acceptor_superclass::Monoterpenoids;acceptor_superclass::Phenylpropanoids (C6-C3);acceptor_superclass::Pseudoalkaloids	0,0,0,0,0,0,0,0,0,0,0,0,0,0,0,1,0,0,0,0,0,0,0	0,0,0,0,1,0,0,0,1,1,0,0,0,0,0,1,1,0,0,0,0,0,0	-10.082456,-4.915931,-0.034126,-5.234000,0.168991,-2.038105,-10.169389,-3.612372,0.447976,1.066221,-3.323822,-1.445714,-6.898903,-5.774928,-0.733276,1.003960,0.103488,-5.428634,-4.241508,-9.535283,-3.354067,-4.113245,-3.512161
Ptri_HCT6_PNT52620.1	Ptri_HCT6_PNT52620.1	acceptor_superclass::Phenolic acids (C6-C1);acceptor_superclass::Small peptides	acceptor_superclass::Fatty Acids and Conjugates;acceptor_superclass::Fatty acyls;acceptor_superclass::Lignans;acceptor_superclass::Lysine alkaloids;acceptor_superclass::Phenolic acids (C6-C1);acceptor_superclass::Phenylethanoids (C6-C2);acceptor_superclass::Phenylpropanoids (C6-C3);acceptor_superclass::Pseudoalkaloids;acceptor_superclass::Small peptides;acceptor_superclass::Tyrosine alkaloids	0,0,0,0,0,0,0,0,0,0,0,0,0,1,0,0,0,0,1,0,0,0,0	0,0,0,1,1,0,0,1,1,0,0,0,0,1,1,1,1,0,1,0,0,0,1	-2.001826,-4.721873,-1.482242,0.222125,0.421359,-0.681889,-2.319519,0.615959,0.164887,-0.112242,-2.321243,-0.492550,-1.924109,1.328185,0.221008,0.627671,0.052329,-1.076701,0.923603,-2.461869,-0.382331,-0.907788,0.321852
Ptri_HBMT1_PNT60021.1	Ptri_PHBMT1_AJD79571.1	acceptor_superclass::Phenylpropanoids (C6-C3)	acceptor_superclass::Fatty acyls;acceptor_superclass::Lysine alkaloids;acceptor_superclass::Monoterpenoids;acceptor_superclass::Phenylpropanoids (C6-C3);acceptor_superclass::Pseudoalkaloids	0,0,0,0,0,0,0,0,0,0,0,0,0,0,0,1,0,0,0,0,0,0,0	0,0,0,0,1,0,0,0,1,1,0,0,0,0,0,1,1,0,0,0,0,0,0	-10.082456,-4.915931,-0.034126,-5.234000,0.168991,-2.038105,-10.169389,-3.612372,0.447976,1.066221,-3.323822,-1.445714,-6.898903,-5.774928,-0.733276,1.003960,0.103488,-5.428634,-4.241508,-9.535283,-3.354067,-4.113245,-3.512161
Ptri_SABT_AJD25144.1	Ptri_SABT_AJD25144.1	acceptor_superclass::Phenylpropanoids (C6-C3)	acceptor_superclass::Fatty acyls;acceptor_superclass::Lysine alkaloids;acceptor_superclass::Monoterpenoids;acceptor_superclass::Phenylpropanoids (C6-C3);acceptor_superclass::Small peptides	0,0,0,0,0,0,0,0,0,0,0,0,0,0,0,1,0,0,0,0,0,0,0	0,0,0,0,1,0,0,0,1,1,0,0,0,0,0,1,0,0,1,0,0,0,0	-1.775087,-6.273940,-0.783209,-1.567392,1.078416,-0.791322,-3.079973,-0.045144,1.879772,0.662780,-1.769057,-1.253762,-1.538211,-0.110567,-0.246872,1.380775,-0.603065,-0.906213,0.011460,-2.210445,-0.095545,-0.546975,-0.832761
Pvir_FMT_KAG2630178.1	Pvir_FMT_KAG2630178.1	acceptor_superclass::Phenylpropanoids (C6-C3)	acceptor_superclass::Diterpenoids;acceptor_superclass::Monoterpenoids;acceptor_superclass::Phenylpropanoids (C6-C3)	0,0,0,0,0,0,0,0,0,0,0,0,0,0,0,1,0,0,0,0,0,0,0	0,0,1,0,0,0,0,0,0,1,0,0,0,0,0,1,0,0,0,0,0,0,0	-1.037021,-1.626775,0.001688,-2.162218,-0.321792,-0.858486,-2.727319,-2.871975,-3.647679,0.108758,-0.340768,-0.802887,-0.009351,-2.634261,-0.156114,0.398876,-0.257309,-0.471967,-1.355873,-0.727560,-0.145485,-0.156034,-1.192456
Pvir_HCT1a_BAO20883.1	Pvir_HCT1a_BAO20883.1	acceptor_superclass::Phenolic acids (C6-C1)	acceptor_superclass::Fatty acyls;acceptor_superclass::Flavonoids;acceptor_superclass::Isoflavonoids;acceptor_superclass::Ornithine alkaloids;acceptor_superclass::Phenolic acids (C6-C1);acceptor_superclass::Small peptides;acceptor_superclass::Tryptophan alkaloids	0,0,0,0,0,0,0,0,0,0,0,0,0,1,0,0,0,0,0,0,0,0,0	0,0,0,0,1,1,1,0,0,0,0,1,0,1,0,0,0,0,1,0,0,1,0	-0.586989,-0.301372,-0.252320,-0.269536,0.081019,0.480875,0.158835,-0.886320,-0.478035,-0.008914,-0.275933,0.187929,-0.327552,0.112162,-0.189034,-0.110384,-0.201728,-0.240765,0.276243,-0.173363,-0.310023,0.028522,-0.087463
Pvir_HCT2a_AGM90558.1	Pvir_HCT2a_AGM90558.1	acceptor_superclass::Phenolic acids (C6-C1);acceptor_superclass::Phenylpropanoids (C6-C3);acceptor_superclass::Small peptides	acceptor_superclass::Diterpenoids;acceptor_superclass::Lysine alkaloids;acceptor_superclass::Ornithine alkaloids;acceptor_superclass::Phenolic acids (C6-C1);acceptor_superclass::Phenylpropanoids (C6-C3);acceptor_superclass::Pseudoalkaloids	0,0,0,0,0,0,0,0,0,0,0,0,0,1,0,1,0,0,1,0,0,0,0	0,0,1,0,0,0,0,0,1,0,0,1,0,1,0,1,1,0,0,0,0,0,0	-1.001654,-0.665023,0.177648,-0.085126,-0.321176,-0.258897,-0.327489,-0.606499,0.221224,-0.286693,-0.060845,0.234712,-0.800156,0.105665,-0.151609,0.201646,0.169084,-0.419672,-0.000950,-0.351945,-0.896910,-0.114496,-0.046413
Pvir_PMT_KAG2616253.1	Pvir_PMT_KAG2616253.1	acceptor_superclass::Phenylpropanoids (C6-C3)	acceptor_superclass::Fatty acyls;acceptor_superclass::Flavonoids;acceptor_superclass::Isoflavonoids;acceptor_superclass::Ornithine alkaloids;acceptor_superclass::Phenolic acids (C6-C1);acceptor_superclass::Small peptides	0,0,0,0,0,0,0,0,0,0,0,0,0,0,0,1,0,0,0,0,0,0,0	0,0,0,0,1,1,1,0,0,0,0,1,0,1,0,0,0,0,1,0,0,0,0	-1.075759,-0.563700,-0.208719,-0.364390,0.262322,0.478329,0.113985,-1.297796,-0.670461,-0.048146,-0.233164,0.451984,-0.793881,0.182624,-0.391533,-0.231038,-0.167353,-0.363162,0.352744,-0.555091,-0.413001,-0.075944,-0.048646
Pvul_HHHT_AOX15526.1	Pvul_HHHT_AOX15526.1	acceptor_superclass::Fatty Acids and Conjugates	acceptor_superclass::Diterpenoids;acceptor_superclass::Fatty Acids and Conjugates;acceptor_superclass::Lysine alkaloids;acceptor_superclass::Naphthalenes;acceptor_superclass::Ornithine alkaloids;acceptor_superclass::Phenolic acids (C6-C1);acceptor_superclass::Phenylpropanoids (C6-C3);acceptor_superclass::Pseudoalkaloids;acceptor_superclass::Small peptides	0,0,0,1,0,0,0,0,0,0,0,0,0,0,0,0,0,0,0,0,0,0,0	0,0,1,1,0,0,0,0,1,0,1,1,0,1,0,1,1,0,1,0,0,0,0	-0.926008,-0.482915,0.037858,0.027173,-0.310063,-0.152566,-0.224227,-0.376235,0.390056,-0.251859,0.002172,0.177019,-0.684869,0.154695,-0.144851,0.132406,0.111850,-0.322967,0.001542,-0.250777,-0.718402,-0.088944,-0.080643
Rcan_SHT_QNO39111.1	Rcan_SHT_QNO39111.1	acceptor_superclass::Ornithine alkaloids	acceptor_superclass::Diterpenoids;acceptor_superclass::Lysine alkaloids;acceptor_superclass::Ornithine alkaloids;acceptor_superclass::Phenylpropanoids (C6-C3);acceptor_superclass::Pseudoalkaloids;acceptor_superclass::Tyrosine alkaloids	0,0,0,0,0,0,0,0,0,0,0,1,0,0,0,0,0,0,0,0,0,0,0	0,0,1,0,0,0,0,0,1,0,0,1,0,0,0,1,1,0,0,0,0,0,1	-0.689602,-0.641085,0.146471,-0.224789,-0.217602,-0.267374,-0.277536,-0.514486,0.080021,-0.118792,-0.073814,0.130977,-0.374163,-0.036081,-0.025972,0.231316,0.163146,-0.309512,-0.083655,-0.264892,-0.623767,-0.124793,0.055306
Rcom_SHT_QNO39108.1	Rcom_SHT_QNO39108.1	acceptor_superclass::Ornithine alkaloids	acceptor_superclass::Fatty Acids and Conjugates;acceptor_superclass::Ornithine alkaloids;acceptor_superclass::Phenolic acids (C6-C1);acceptor_superclass::Pseudoalkaloids;acceptor_superclass::Small peptides;acceptor_superclass::Tyrosine alkaloids	0,0,0,0,0,0,0,0,0,0,0,1,0,0,0,0,0,0,0,0,0,0,0	0,0,0,1,0,0,0,0,0,0,0,1,0,1,0,0,1,0,1,0,0,0,1	-0.870710,-4.480514,-3.212293,0.514291,-1.482841,-0.617433,-1.501757,-3.967687,-3.450694,-2.099181,-1.917871,0.898667,-0.478053,0.124705,-0.075977,-1.634203,0.663603,-4.427556,0.268702,-2.169444,-0.273766,-1.673081,0.197322
Rglu_AT1_WEX29776.1	Rglu_AT1_WEX29776.1	acceptor_superclass::Phenylethanoids (C6-C2)	acceptor_superclass::Fatty Acids and Conjugates;acceptor_superclass::Fatty acyls;acceptor_superclass::Ornithine alkaloids;acceptor_superclass::Phenylethanoids (C6-C2)	0,0,0,0,0,0,0,0,0,0,0,0,0,0,1,0,0,0,0,0,0,0,0	0,0,0,1,1,0,0,0,0,0,0,1,0,0,1,0,0,0,0,0,0,0,0	-4.312624,-2.880507,-3.834319,0.170826,0.451099,-2.823394,-3.074100,-8.191294,-8.323784,-0.247115,-4.658371,1.054544,-4.801539,-0.312154,1.135719,-0.264771,-0.482642,-3.664223,-2.125328,-3.993212,-0.766219,-2.074506,-0.787490
Rhyb_AAT1_AAW31948.1	Rhyb_AAT1_AAW31948.1	acceptor_superclass::Fatty acyls;acceptor_superclass::Monoterpenoids;acceptor_superclass::Phenylethanoids (C6-C2)	acceptor_superclass::Coumarins;acceptor_superclass::Cyclic polyketides;acceptor_superclass::Diterpenoids;acceptor_superclass::Lysine alkaloids;acceptor_superclass::Monoterpenoids;acceptor_superclass::Phenanthrenoids;acceptor_superclass::Phenylethanoids (C6-C2);acceptor_superclass::Phenylpropanoids (C6-C3);acceptor_superclass::Pseudoalkaloids;acceptor_superclass::Saccharides;acceptor_superclass::Small peptides;acceptor_superclass::Steroids;acceptor_superclass::Triterpenoids;acceptor_superclass::Tyrosine alkaloids	0,0,0,0,1,0,0,0,0,1,0,0,0,0,1,0,0,0,0,0,0,0,0	1,1,1,0,0,0,0,0,1,1,0,0,1,0,1,1,1,1,1,1,1,0,1	0.050075,0.012294,0.228954,-0.096083,-0.020856,-0.045527,-0.308656,-0.111512,0.145301,0.017199,-0.041296,-0.049373,0.134700,-0.108282,0.364492,0.407406,0.251578,0.305997,0.021238,0.236766,0.076696,-0.159154,0.083911
Rser_VS_CAD89104.2	Rser_ACT_CAD89104.2	acceptor_superclass::Tryptophan alkaloids	acceptor_superclass::Fatty acyls;acceptor_superclass::Flavonoids;acceptor_superclass::Isoflavonoids;acceptor_superclass::Monoterpenoids;acceptor_superclass::Ornithine alkaloids;acceptor_superclass::Phenolic acids (C6-C1);acceptor_superclass::Small peptides	0,0,0,0,0,0,0,0,0,0,0,0,0,0,0,0,0,0,0,0,0,1,0	0,0,0,0,1,1,1,0,0,1,0,1,0,1,0,0,0,0,1,0,0,0,0	-2.196100,-1.317160,-0.694608,-1.302881,0.543055,1.229468,0.314107,-2.754159,-1.502248,0.013123,-0.652143,0.909615,-1.602314,0.554717,-0.546926,-0.408201,-0.486583,-0.929174,0.992122,-0.798007,-0.841236,-0.035291,-0.313241
Rser_VS_CAD89104.2	Rser_VS_CAD89104.2	acceptor_superclass::Tryptophan alkaloids	acceptor_superclass::Coumarins;acceptor_superclass::Cyclic polyketides;acceptor_superclass::Diterpenoids;acceptor_superclass::Lysine alkaloids;acceptor_superclass::Monoterpenoids;acceptor_superclass::Phenanthrenoids;acceptor_superclass::Phenylethanoids (C6-C2);acceptor_superclass::Phenylpropanoids (C6-C3);acceptor_superclass::Pseudoalkaloids;acceptor_superclass::Saccharides;acceptor_superclass::Steroids;acceptor_superclass::Triterpenoids;acceptor_superclass::Tyrosine alkaloids	0,0,0,0,0,0,0,0,0,0,0,0,0,0,0,0,0,0,0,0,0,1,0	1,1,1,0,0,0,0,0,1,1,0,0,1,0,1,1,1,1,0,1,1,0,1	0.059548,0.031952,0.256529,-0.097033,-0.053933,-0.093575,-0.332428,-0.131491,0.154034,0.030314,-0.055541,-0.046773,0.126799,-0.137328,0.343351,0.419583,0.283105,0.344348,-0.005686,0.258880,0.094872,-0.177224,0.121808
Rser_YAT_PQ801655	Rser_YAT_PQ801655	acceptor_superclass::Tryptophan alkaloids	acceptor_superclass::Coumarins;acceptor_superclass::Cyclic polyketides;acceptor_superclass::Diterpenoids;acceptor_superclass::Lysine alkaloids;acceptor_superclass::Monoterpenoids;acceptor_superclass::Phenanthrenoids;acceptor_superclass::Phenylethanoids (C6-C2);acceptor_superclass::Phenylpropanoids (C6-C3);acceptor_superclass::Pseudoalkaloids;acceptor_superclass::Saccharides;acceptor_superclass::Small peptides;acceptor_superclass::Steroids;acceptor_superclass::Triterpenoids;acceptor_superclass::Tyrosine alkaloids	0,0,0,0,0,0,0,0,0,0,0,0,0,0,0,0,0,0,0,0,0,1,0	1,1,1,0,0,0,0,0,1,1,0,0,1,0,1,1,1,1,1,1,1,0,1	0.062594,0.015487,0.267795,-0.100381,-0.034648,-0.068702,-0.369087,-0.118589,0.150525,0.023300,-0.058019,-0.048071,0.133119,-0.151213,0.393917,0.462427,0.300116,0.364720,0.003490,0.283354,0.096197,-0.179635,0.109293
Sbic_COSY_OQU75851.1	Sbic_COSY_OQU75851.1		acceptor_superclass::Fatty acyls;acceptor_superclass::Flavonoids;acceptor_superclass::Isoflavonoids;acceptor_superclass::Monoterpenoids;acceptor_superclass::Ornithine alkaloids;acceptor_superclass::Phenolic acids (C6-C1);acceptor_superclass::Small peptides;acceptor_superclass::Tryptophan alkaloids;acceptor_superclass::Tyrosine alkaloids	0,0,0,0,0,0,0,0,0,0,0,0,0,0,0,0,0,0,0,0,0,0,0	0,0,0,0,1,1,1,0,0,1,0,1,0,1,0,0,0,0,1,0,0,1,1	-0.752006,-0.349435,-0.132361,-0.202678,0.013560,0.469777,0.176565,-1.122756,-0.645207,0.024606,-0.201154,0.288833,-0.468896,0.128008,-0.246908,-0.230594,-0.027471,-0.153019,0.198957,-0.493566,-0.212401,0.022999,0.026494
Sbic_FMT_EES15804.1	Sbic_FMT_EES15804.1	acceptor_superclass::Phenylpropanoids (C6-C3)	acceptor_superclass::Fatty acyls;acceptor_superclass::Flavonoids;acceptor_superclass::Isoflavonoids;acceptor_superclass::Ornithine alkaloids;acceptor_superclass::Phenolic acids (C6-C1);acceptor_superclass::Small peptides	0,0,0,0,0,0,0,0,0,0,0,0,0,0,0,1,0,0,0,0,0,0,0	0,0,0,0,1,1,1,0,0,0,0,1,0,1,0,0,0,0,1,0,0,0,0	-0.652195,-0.272112,-0.162886,-0.205978,0.171961,0.460748,0.177366,-0.937482,-0.502784,-0.053199,-0.162314,0.241397,-0.421088,0.099216,-0.302448,-0.177721,-0.092194,-0.143453,0.239921,-0.353516,-0.256689,-0.016029,-0.071876
Sbic_HCT_EES05411.1	Sbic_HCT_EES05411.1	acceptor_superclass::Phenolic acids (C6-C1)	acceptor_superclass::Diterpenoids;acceptor_superclass::Lysine alkaloids;acceptor_superclass::Ornithine alkaloids;acceptor_superclass::Phenolic acids (C6-C1);acceptor_superclass::Phenylpropanoids (C6-C3);acceptor_superclass::Pseudoalkaloids	0,0,0,0,0,0,0,0,0,0,0,0,0,1,0,0,0,0,0,0,0,0,0	0,0,1,0,0,0,0,0,1,0,0,1,0,1,0,1,1,0,0,0,0,0,0	-0.835903,-0.684667,0.175997,-0.149982,-0.311511,-0.191791,-0.244779,-0.569924,0.119549,-0.243899,-0.038847,0.199943,-0.526178,0.004331,-0.069876,0.196843,0.207782,-0.369319,-0.055852,-0.260857,-0.715252,-0.110628,-0.004992
Sbic_PMT_EES17668.1	Sbic_PMT_EES17668.1	acceptor_superclass::Phenylpropanoids (C6-C3)	acceptor_superclass::Diterpenoids;acceptor_superclass::Lysine alkaloids;acceptor_superclass::Ornithine alkaloids;acceptor_superclass::Phenolic acids (C6-C1);acceptor_superclass::Phenylpropanoids (C6-C3);acceptor_superclass::Pseudoalkaloids	0,0,0,0,0,0,0,0,0,0,0,0,0,0,0,1,0,0,0,0,0,0,0	0,0,1,0,0,0,0,0,1,0,0,1,0,1,0,1,1,0,0,0,0,0,0	-0.832406,-0.637672,0.203256,-0.138735,-0.277266,-0.218835,-0.256192,-0.561623,0.183586,-0.207687,-0.045924,0.219727,-0.490935,0.038267,-0.035181,0.195506,0.182801,-0.357508,-0.062576,-0.244322,-0.671123,-0.129396,-0.045728
Sche_AAT10422_BCJ78482.1	Sche_AAT10422_BCJ78482.1	acceptor_superclass::Fatty acyls	acceptor_superclass::Diterpenoids;acceptor_superclass::Lysine alkaloids;acceptor_superclass::Phenylpropanoids (C6-C3);acceptor_superclass::Pseudoalkaloids;acceptor_superclass::Tryptophan alkaloids;acceptor_superclass::Tyrosine alkaloids	0,0,0,0,1,0,0,0,0,0,0,0,0,0,0,0,0,0,0,0,0,0,0	0,0,1,0,0,0,0,0,1,0,0,0,0,0,0,1,1,0,0,0,0,1,1	-0.867490,-1.037386,0.152595,-0.468102,-0.058216,-0.499222,-0.618834,-0.733874,0.043941,-0.108867,-0.124516,-0.047060,-0.524810,-0.261611,-0.120600,0.252161,0.124456,-0.454419,-0.238895,-0.493102,-0.899760,0.020321,0.140694
Schi_CFAT_URQ03862.1	Schi_CFAT_URQ03862.1	acceptor_superclass::Lignans;acceptor_superclass::Phenylpropanoids (C6-C3)	acceptor_superclass::Fatty acyls;acceptor_superclass::Flavonoids;acceptor_superclass::Isoflavonoids;acceptor_superclass::Ornithine alkaloids;acceptor_superclass::Phenolic acids (C6-C1);acceptor_superclass::Small peptides;acceptor_superclass::Tryptophan alkaloids	0,0,0,0,0,0,0,1,0,0,0,0,0,0,0,1,0,0,0,0,0,0,0	0,0,0,0,1,1,1,0,0,0,0,1,0,1,0,0,0,0,1,0,0,1,0	-1.645878,-0.969191,-0.174909,-0.638880,0.479184,0.875404,0.217618,-2.413824,-1.142600,-0.128570,-0.222535,0.617916,-1.223286,0.342455,-0.613322,-0.526113,-0.251176,-0.531555,0.642896,-0.807489,-0.597747,0.022042,-0.086882
Schm_AAT11306_BCJ78485.1	Schm_AAT11306_BCJ78485.1	acceptor_superclass::Fatty acyls	acceptor_superclass::Coumarins;acceptor_superclass::Cyclic polyketides;acceptor_superclass::Diterpenoids;acceptor_superclass::Lysine alkaloids;acceptor_superclass::Monoterpenoids;acceptor_superclass::Phenanthrenoids;acceptor_superclass::Phenylethanoids (C6-C2);acceptor_superclass::Phenylpropanoids (C6-C3);acceptor_superclass::Pseudoalkaloids;acceptor_superclass::Saccharides;acceptor_superclass::Small peptides;acceptor_superclass::Steroids;acceptor_superclass::Triterpenoids;acceptor_superclass::Tyrosine alkaloids	0,0,0,0,1,0,0,0,0,0,0,0,0,0,0,0,0,0,0,0,0,0,0	1,1,1,0,0,0,0,0,1,1,0,0,1,0,1,1,1,1,1,1,1,0,1	0.071585,0.010012,0.292678,-0.104479,-0.030273,-0.062063,-0.413535,-0.112332,0.153136,0.020934,-0.066082,-0.050267,0.136594,-0.175595,0.435888,0.507902,0.328165,0.398919,0.002682,0.318833,0.104569,-0.189188,0.112340
Scru_3MAT_AAO38058	Scru_3MAT_AAO38058		acceptor_superclass::Coumarins;acceptor_superclass::Cyclic polyketides;acceptor_superclass::Diterpenoids;acceptor_superclass::Lysine alkaloids;acceptor_superclass::Monoterpenoids;acceptor_superclass::Phenanthrenoids;acceptor_superclass::Phenylethanoids (C6-C2);acceptor_superclass::Phenylpropanoids (C6-C3);acceptor_superclass::Pseudoalkaloids;acceptor_superclass::Saccharides;acceptor_superclass::Small peptides;acceptor_superclass::Steroids;acceptor_superclass::Triterpenoids;acceptor_superclass::Tyrosine alkaloids	0,0,0,0,0,0,0,0,0,0,0,0,0,0,0,0,0,0,0,0,0,0,0	1,1,1,0,0,0,0,0,1,1,0,0,1,0,1,1,1,1,1,1,1,0,1	0.047201,0.002997,0.217064,-0.095921,-0.000998,-0.013043,-0.292223,-0.097948,0.143403,0.008590,-0.030450,-0.054098,0.140028,-0.089202,0.379059,0.398233,0.231201,0.282478,0.038316,0.228558,0.065519,-0.146611,0.062009
Sfal_HFT-like_KAH8954438.1	Sfal_HFT-like_KAH8954438.1	acceptor_superclass::Fatty Acids and Conjugates;acceptor_superclass::Fatty acyls	acceptor_superclass::Fatty Acids and Conjugates;acceptor_superclass::Fatty acyls;acceptor_superclass::Phenylethanoids (C6-C2);acceptor_superclass::Phenylpropanoids (C6-C3);acceptor_superclass::Small peptides	0,0,0,1,1,0,0,0,0,0,0,0,0,0,0,0,0,0,0,0,0,0,0	0,0,0,1,1,0,0,0,0,0,0,0,0,0,1,1,0,0,1,0,0,0,0	-2.077208,-2.471102,-1.100909,0.523001,0.528271,-0.900724,-2.481824,-1.303338,-1.511397,-0.020662,-2.178251,-0.291914,-1.245534,-0.255428,0.207134,0.163259,-0.178070,-1.148561,0.478769,-1.977082,-0.699184,-1.356754,-0.113462
Sgal_AAT10483_BCJ78483.1	Sgal_AAT10483_BCJ78483.1	acceptor_superclass::Fatty acyls	acceptor_superclass::Diterpenoids;acceptor_superclass::Fatty acyls;acceptor_superclass::Monoterpenoids;acceptor_superclass::Phenylethanoids (C6-C2);acceptor_superclass::Phenylpropanoids (C6-C3);acceptor_superclass::Saccharides	0,0,0,0,1,0,0,0,0,0,0,0,0,0,0,0,0,0,0,0,0,0,0	0,0,1,0,1,0,0,0,0,1,0,0,0,0,1,1,0,1,0,0,0,0,0	-2.402799,-1.743966,0.595407,-2.763820,1.179676,-1.093916,-4.472039,-2.260290,-2.533417,1.120748,-1.403674,-1.162890,-1.010843,-2.441734,0.291594,1.150809,-0.617747,0.718314,-0.653797,-1.852065,-0.606464,-0.492745,-1.218825
Sgla_HQT1_WYJ75404.1	Sgla_HQT1_WYJ75404.1	acceptor_superclass::Phenolic acids (C6-C1);acceptor_superclass::Small peptides	acceptor_superclass::Fatty Acids and Conjugates;acceptor_superclass::Fatty acyls;acceptor_superclass::Lignans;acceptor_superclass::Phenolic acids (C6-C1);acceptor_superclass::Phenylethanoids (C6-C2);acceptor_superclass::Phenylpropanoids (C6-C3);acceptor_superclass::Small peptides;acceptor_superclass::Tyrosine alkaloids	0,0,0,0,0,0,0,0,0,0,0,0,0,1,0,0,0,0,1,0,0,0,0	0,0,0,1,1,0,0,1,0,0,0,0,0,1,1,1,0,0,1,0,0,0,1	-2.803636,-2.552481,-2.057507,1.506019,0.899101,-0.848075,-2.100967,0.518830,-0.608451,-0.208790,-2.737909,-0.317505,-2.189945,1.372307,0.587551,0.599423,-0.073058,-0.835489,1.637662,-1.967526,-0.429594,-0.924368,0.831858
Sgla_HQT2_WYJ75406.1	Sgla_HQT2_WYJ75406.1	acceptor_superclass::Phenolic acids (C6-C1)	acceptor_superclass::Fatty Acids and Conjugates;acceptor_superclass::Phenolic acids (C6-C1);acceptor_superclass::Phenylethanoids (C6-C2);acceptor_superclass::Pseudoalkaloids;acceptor_superclass::Small peptides;acceptor_superclass::Tyrosine alkaloids	0,0,0,0,0,0,0,0,0,0,0,0,0,1,0,0,0,0,0,0,0,0,0	0,0,0,1,0,0,0,0,0,0,0,0,0,1,1,0,1,0,1,0,0,0,1	-1.760978,-4.937730,-1.931725,0.345345,-0.129666,-1.066332,-2.307177,-0.367235,-0.706219,-0.614940,-2.000735,-0.126759,-1.641540,1.089339,0.313441,-0.009736,0.240356,-2.058117,0.784185,-2.465695,-0.090020,-0.662666,0.687816
Sgla_HST_WYJ75403.1	Sgla_HST_WYJ75403.1	acceptor_superclass::Phenolic acids (C6-C1);acceptor_superclass::Small peptides	acceptor_superclass::Fatty acyls;acceptor_superclass::Flavonoids;acceptor_superclass::Isoflavonoids;acceptor_superclass::Ornithine alkaloids;acceptor_superclass::Phenolic acids (C6-C1);acceptor_superclass::Small peptides;acceptor_superclass::Tryptophan alkaloids	0,0,0,0,0,0,0,0,0,0,0,0,0,1,0,0,0,0,1,0,0,0,0	0,0,0,0,1,1,1,0,0,0,0,1,0,1,0,0,0,0,1,0,0,1,0	-0.739342,-0.357877,-0.071792,-0.179054,0.175793,0.572930,0.211052,-1.317305,-0.611594,-0.074056,-0.102705,0.213237,-0.539304,0.137304,-0.389733,-0.335521,-0.091392,-0.148267,0.272475,-0.384222,-0.292637,0.056897,-0.052932
Sgla_RAS_WYJ75405.1	Sgla_RAS_WYJ75405.1	acceptor_superclass::Phenolic acids (C6-C1);acceptor_superclass::Small peptides;acceptor_superclass::Tyrosine alkaloids	acceptor_superclass::Fatty Acids and Conjugates;acceptor_superclass::Flavonoids;acceptor_superclass::Tyrosine alkaloids	0,0,0,0,0,0,0,0,0,0,0,0,0,1,0,0,0,0,1,0,0,0,1	0,0,0,1,0,1,0,0,0,0,0,0,0,0,0,0,0,0,0,0,0,0,1	-1.493406,-6.892150,-2.098881,2.089247,-0.568540,0.103399,-2.107076,-7.510994,-4.778510,-0.002767,-2.591298,-2.682591,-0.967060,-0.608873,-0.106067,-1.313165,-2.448732,-4.130849,-3.241024,-4.799758,-0.250644,-2.426108,0.522954
Shab_AAT11777_BCJ78486.1	Shab_AAT11777_BCJ78486.1	acceptor_superclass::Fatty acyls	acceptor_superclass::Diterpenoids;acceptor_superclass::Lysine alkaloids;acceptor_superclass::Ornithine alkaloids;acceptor_superclass::Phenylethanoids (C6-C2);acceptor_superclass::Phenylpropanoids (C6-C3);acceptor_superclass::Pseudoalkaloids;acceptor_superclass::Tyrosine alkaloids	0,0,0,0,1,0,0,0,0,0,0,0,0,0,0,0,0,0,0,0,0,0,0	0,0,1,0,0,0,0,0,1,0,0,1,0,0,1,1,1,0,0,0,0,0,1	-0.561755,-0.518219,0.064748,-0.191936,-0.147420,-0.268556,-0.272426,-0.380792,0.143454,-0.013480,-0.113149,0.092507,-0.238811,-0.010440,0.031825,0.237805,0.116058,-0.247968,-0.071677,-0.219515,-0.552739,-0.130021,0.045494
Shab_ASAT2_ALU64009.1	Shab_ASAT2_ALU64009.1		acceptor_superclass::Diterpenoids;acceptor_superclass::Fatty acyls;acceptor_superclass::Monoterpenoids;acceptor_superclass::Naphthalenes;acceptor_superclass::Phenylpropanoids (C6-C3);acceptor_superclass::Saccharides	0,0,0,0,0,0,0,0,0,0,0,0,0,0,0,0,0,0,0,0,0,0,0	0,0,1,0,1,0,0,0,0,1,1,0,0,0,0,1,0,1,0,0,0,0,0	-1.310365,-1.639178,1.358442,-4.523913,0.252430,-1.187724,-4.348681,-2.154148,-2.312963,1.100589,0.163112,-1.823401,-0.032434,-3.725048,-0.287361,0.424854,-0.888689,0.818272,-1.568036,-1.032344,-0.224080,-0.147234,-0.864609
Shab_ASAT3-F_AJF98584.1	Shab_ASAT3-F_AJF98584.1		acceptor_superclass::Naphthalenes	0,0,0,0,0,0,0,0,0,0,0,0,0,0,0,0,0,0,0,0,0,0,0	0,0,0,0,0,0,0,0,0,0,1,0,0,0,0,0,0,0,0,0,0,0,0	-5.747386,-3.498116,-2.560768,-4.629089,-1.153864,-1.711897,-6.135713,-8.130003,-4.613828,-0.280538,0.573669,-1.563654,-1.956925,-9.557791,-1.178492,-0.708048,-0.425110,-2.820729,-6.333441,-5.885326,-3.518172,-1.876126,-2.496125
Shab_ASAT3-P_AJF98591.1	Shab_ASAT3-P_AJF98591.1		acceptor_superclass::Diterpenoids;acceptor_superclass::Lysine alkaloids;acceptor_superclass::Naphthalenes;acceptor_superclass::Ornithine alkaloids;acceptor_superclass::Phenylpropanoids (C6-C3);acceptor_superclass::Pseudoalkaloids;acceptor_superclass::Tryptophan alkaloids	0,0,0,0,0,0,0,0,0,0,0,0,0,0,0,0,0,0,0,0,0,0,0	0,0,1,0,0,0,0,0,1,0,1,1,0,0,0,1,1,0,0,0,0,1,0	-0.889125,-0.720323,0.175823,-0.126876,-0.167470,-0.276512,-0.436777,-0.591609,0.308728,-0.240373,0.067429,0.169185,-0.555208,-0.006706,-0.189925,0.129459,0.096489,-0.324634,-0.084961,-0.293159,-0.771053,0.058855,-0.078404
Sind_AT1_BEE35702.1	Sind_AT1_BEE35702.1	acceptor_superclass::Phenylethanoids (C6-C2)	acceptor_superclass::Diterpenoids;acceptor_superclass::Lysine alkaloids;acceptor_superclass::Ornithine alkaloids;acceptor_superclass::Phenolic acids (C6-C1);acceptor_superclass::Phenylethanoids (C6-C2);acceptor_superclass::Phenylpropanoids (C6-C3);acceptor_superclass::Pseudoalkaloids;acceptor_superclass::Tyrosine alkaloids	0,0,0,0,0,0,0,0,0,0,0,0,0,0,1,0,0,0,0,0,0,0,0	0,0,1,0,0,0,0,0,1,0,0,1,0,1,1,1,1,0,0,0,0,0,1	-0.598651,-0.502377,0.085687,-0.209158,-0.216162,-0.252646,-0.206131,-0.445098,0.050420,-0.044251,-0.202398,0.123834,-0.273653,0.083500,0.045053,0.289942,0.121621,-0.233085,-0.049457,-0.244839,-0.551935,-0.211584,0.080619
Sind_AT2_BEE35703.1	Sind_AT2_BEE35703.1	acceptor_superclass::Phenylethanoids (C6-C2)	acceptor_superclass::Diterpenoids;acceptor_superclass::Lysine alkaloids;acceptor_superclass::Ornithine alkaloids;acceptor_superclass::Phenolic acids (C6-C1);acceptor_superclass::Phenylpropanoids (C6-C3);acceptor_superclass::Pseudoalkaloids;acceptor_superclass::Tyrosine alkaloids	0,0,0,0,0,0,0,0,0,0,0,0,0,0,1,0,0,0,0,0,0,0,0	0,0,1,0,0,0,0,0,1,0,0,1,0,1,0,1,1,0,0,0,0,0,1	-0.613435,-0.607469,0.163756,-0.176887,-0.245396,-0.217785,-0.216610,-0.474993,0.103100,-0.132132,-0.073339,0.197299,-0.308154,0.035774,-0.012344,0.235617,0.189518,-0.267920,-0.052596,-0.200962,-0.591856,-0.165646,0.025002
Sind_AT1_BEE35702.1	Sind_SHCT_XP_011083883.1	acceptor_superclass::Phenylethanoids (C6-C2)	acceptor_superclass::Diterpenoids;acceptor_superclass::Lysine alkaloids;acceptor_superclass::Ornithine alkaloids;acceptor_superclass::Phenolic acids (C6-C1);acceptor_superclass::Phenylethanoids (C6-C2);acceptor_superclass::Phenylpropanoids (C6-C3);acceptor_superclass::Pseudoalkaloids;acceptor_superclass::Tyrosine alkaloids	0,0,0,0,0,0,0,0,0,0,0,0,0,0,1,0,0,0,0,0,0,0,0	0,0,1,0,0,0,0,0,1,0,0,1,0,1,1,1,1,0,0,0,0,0,1	-0.598651,-0.502377,0.085687,-0.209158,-0.216162,-0.252646,-0.206131,-0.445098,0.050420,-0.044251,-0.202398,0.123834,-0.273653,0.083500,0.045053,0.289942,0.121621,-0.233085,-0.049457,-0.244839,-0.551935,-0.211584,0.080619
Slyc_AAT1_XP_004244681.1	Slyc_AAT1_XP_004244681.1	acceptor_superclass::Fatty acyls;acceptor_superclass::Phenylethanoids (C6-C2)	acceptor_superclass::Diterpenoids;acceptor_superclass::Monoterpenoids;acceptor_superclass::Naphthalenes;acceptor_superclass::Phenanthrenoids;acceptor_superclass::Phenylpropanoids (C6-C3);acceptor_superclass::Saccharides;acceptor_superclass::Triterpenoids;acceptor_superclass::Tryptophan alkaloids	0,0,0,0,1,0,0,0,0,0,0,0,0,0,1,0,0,0,0,0,0,0,0	0,0,1,0,0,0,0,0,0,1,1,0,1,0,0,1,0,1,0,0,1,1,0	-1.240545,-3.117585,2.163908,-5.247067,-0.865350,-0.917207,-3.991631,-2.264244,-3.690044,0.794047,1.277359,-1.544997,0.113570,-4.510098,-0.699151,0.238965,-1.001990,0.902014,-2.797586,-0.566253,0.270624,1.255993,-0.918234
Slyc_PHT1_UTQ10234.1	Slyc_ACT2_XP_004251197.1	acceptor_superclass::Ornithine alkaloids;acceptor_superclass::Pseudoalkaloids	acceptor_superclass::Fatty Acids and Conjugates;acceptor_superclass::Fatty acyls;acceptor_superclass::Lignans;acceptor_superclass::Phenolic acids (C6-C1);acceptor_superclass::Phenylethanoids (C6-C2);acceptor_superclass::Phenylpropanoids (C6-C3);acceptor_superclass::Pseudoalkaloids;acceptor_superclass::Small peptides;acceptor_superclass::Tyrosine alkaloids	0,0,0,0,0,0,0,0,0,0,0,1,0,0,0,0,1,0,0,0,0,0,0	0,0,0,1,1,0,0,1,0,0,0,0,0,1,1,1,1,0,1,0,0,0,1	-1.794472,-3.651840,-1.622824,0.611533,0.421554,-0.457739,-1.760054,0.307471,-1.306022,-0.295394,-2.168772,-0.356272,-1.597013,0.831642,0.035148,0.709629,0.177535,-0.676216,0.756982,-1.557054,-0.538072,-0.574560,0.114943
Slyc_ASAT1_NP_001316332.1	Slyc_ASAT1_NP_001316332.1	acceptor_superclass::Saccharides	acceptor_superclass::Coumarins;acceptor_superclass::Cyclic polyketides;acceptor_superclass::Diterpenoids;acceptor_superclass::Lysine alkaloids;acceptor_superclass::Monoterpenoids;acceptor_superclass::Phenanthrenoids;acceptor_superclass::Phenylethanoids (C6-C2);acceptor_superclass::Phenylpropanoids (C6-C3);acceptor_superclass::Pseudoalkaloids;acceptor_superclass::Saccharides;acceptor_superclass::Steroids;acceptor_superclass::Triterpenoids;acceptor_superclass::Tyrosine alkaloids	0,0,0,0,0,0,0,0,0,0,0,0,0,0,0,0,0,1,0,0,0,0,0	1,1,1,0,0,0,0,0,1,1,0,0,1,0,1,1,1,1,0,1,1,0,1	0.085992,0.014355,0.335923,-0.109852,-0.045530,-0.086062,-0.480125,-0.118775,0.159647,0.026769,-0.085002,-0.049501,0.135158,-0.222510,0.470088,0.568499,0.380650,0.462338,-0.015940,0.370904,0.125303,-0.211902,0.139358
Slyc_ASAT2_ALU64015.1	Slyc_ASAT2_ALU64015.1		acceptor_superclass::Diterpenoids;acceptor_superclass::Fatty acyls;acceptor_superclass::Flavonoids;acceptor_superclass::Isoflavonoids;acceptor_superclass::Ornithine alkaloids;acceptor_superclass::Phenolic acids (C6-C1);acceptor_superclass::Small peptides;acceptor_superclass::Tryptophan alkaloids;acceptor_superclass::Tyrosine alkaloids	0,0,0,0,0,0,0,0,0,0,0,0,0,0,0,0,0,0,0,0,0,0,0	0,0,1,0,1,1,1,0,0,0,0,1,0,1,0,0,0,0,1,0,0,1,1	-0.849070,-0.377891,0.024101,-0.164732,0.193379,0.542838,0.186502,-1.454942,-0.674578,-0.100048,-0.019581,0.254702,-0.643002,0.169867,-0.454724,-0.374304,-0.037376,-0.146841,0.271455,-0.480255,-0.254014,0.019252,0.031370
Slyc_ASAT3_AJF98582.1	Slyc_ASAT3_AJF98582.1		acceptor_superclass::Diterpenoids;acceptor_superclass::Monoterpenoids;acceptor_superclass::Naphthalenes;acceptor_superclass::Phenanthrenoids;acceptor_superclass::Phenylpropanoids (C6-C3);acceptor_superclass::Saccharides;acceptor_superclass::Triterpenoids;acceptor_superclass::Tryptophan alkaloids	0,0,0,0,0,0,0,0,0,0,0,0,0,0,0,0,0,0,0,0,0,0,0	0,0,1,0,0,0,0,0,0,1,1,0,1,0,0,1,0,1,0,0,1,1,0	-1.220253,-1.490067,1.192805,-3.935595,-0.460695,-0.760333,-3.336254,-2.658369,-2.420069,0.696056,0.626448,-1.320312,0.063398,-3.650045,-0.359803,0.417088,-0.827980,0.189254,-1.943152,-0.591281,0.187549,0.374925,-1.111121
Slyc_ASAT4_AFM77971.1	Slyc_ASAT4_AFM77971.1		acceptor_superclass::Diterpenoids;acceptor_superclass::Ornithine alkaloids;acceptor_superclass::Phenylpropanoids (C6-C3);acceptor_superclass::Pseudoalkaloids;acceptor_superclass::Tyrosine alkaloids	0,0,0,0,0,0,0,0,0,0,0,0,0,0,0,0,0,0,0,0,0,0,0	0,0,1,0,0,0,0,0,0,0,0,1,0,0,0,1,1,0,0,0,0,0,1	-0.581549,-0.701802,0.144922,-0.330866,-0.124382,-0.338411,-0.360920,-0.553946,-0.026811,-0.028654,-0.142313,0.054447,-0.241625,-0.089193,-0.022238,0.252845,0.137950,-0.297752,-0.148305,-0.309005,-0.596752,-0.062688,0.098891
Slyc_GAME36_XP_004246214.1	Slyc_GAME36_XP_004246214.1	acceptor_superclass::Pseudoalkaloids	acceptor_superclass::Coumarins;acceptor_superclass::Cyclic polyketides;acceptor_superclass::Diterpenoids;acceptor_superclass::Lysine alkaloids;acceptor_superclass::Monoterpenoids;acceptor_superclass::Phenanthrenoids;acceptor_superclass::Phenylethanoids (C6-C2);acceptor_superclass::Phenylpropanoids (C6-C3);acceptor_superclass::Pseudoalkaloids;acceptor_superclass::Saccharides;acceptor_superclass::Small peptides;acceptor_superclass::Steroids;acceptor_superclass::Triterpenoids;acceptor_superclass::Tyrosine alkaloids	0,0,0,0,0,0,0,0,0,0,0,0,0,0,0,0,1,0,0,0,0,0,0	1,1,1,0,0,0,0,0,1,1,0,0,1,0,1,1,1,1,1,1,1,0,1	0.054209,0.009063,0.243563,-0.097827,-0.020924,-0.048913,-0.337458,-0.111212,0.145111,0.018140,-0.047973,-0.048496,0.135669,-0.126605,0.385538,0.436043,0.272248,0.330666,0.017131,0.256311,0.083980,-0.166658,0.089263
Slyc_HCT_XP_004235891.1	Slyc_HCT_XP_004235891.1	acceptor_superclass::Flavonoids;acceptor_superclass::Monoterpenoids;acceptor_superclass::Phenolic acids (C6-C1);acceptor_superclass::Triterpenoids;acceptor_superclass::Tyrosine alkaloids	acceptor_superclass::Coumarins;acceptor_superclass::Cyclic polyketides;acceptor_superclass::Diterpenoids;acceptor_superclass::Fatty acyls;acceptor_superclass::Lysine alkaloids;acceptor_superclass::Monoterpenoids;acceptor_superclass::Phenanthrenoids;acceptor_superclass::Phenylethanoids (C6-C2);acceptor_superclass::Phenylpropanoids (C6-C3);acceptor_superclass::Pseudoalkaloids;acceptor_superclass::Saccharides;acceptor_superclass::Small peptides;acceptor_superclass::Steroids;acceptor_superclass::Triterpenoids;acceptor_superclass::Tyrosine alkaloids	0,0,0,0,0,1,0,0,0,1,0,0,0,1,0,0,0,0,0,0,1,0,1	1,1,1,0,1,0,0,0,1,1,0,0,1,0,1,1,1,1,1,1,1,0,1	0.011666,0.004687,0.121064,-0.081940,0.005919,-0.007729,-0.149033,-0.104943,0.127119,0.008567,-0.000551,-0.044623,0.134962,-0.001329,0.264902,0.258985,0.130695,0.157912,0.056788,0.102315,0.030355,-0.109730,0.027641
Slyc_HQT_CAE46933.1	Slyc_HQT_CAE46933.1	acceptor_superclass::Phenolic acids (C6-C1);acceptor_superclass::Phenylpropanoids (C6-C3)	acceptor_superclass::Fatty acyls;acceptor_superclass::Phenolic acids (C6-C1);acceptor_superclass::Phenylpropanoids (C6-C3);acceptor_superclass::Pseudoalkaloids;acceptor_superclass::Small peptides;acceptor_superclass::Tyrosine alkaloids	0,0,0,0,0,0,0,0,0,0,0,0,0,1,0,1,0,0,0,0,0,0,0	0,0,0,0,1,0,0,0,0,0,0,0,0,1,0,1,1,0,1,0,0,0,1	-1.677242,-5.831351,-2.296472,-0.190290,0.037769,-0.726694,-2.448114,-0.846330,-0.104418,-0.748804,-2.441416,-0.343951,-1.437612,0.870487,-0.059786,0.213057,0.128203,-2.303845,0.682723,-2.442632,-0.366155,-1.130145,0.147646
Slyc_PHT1_UTQ10234.1	Slyc_PHT1_UTQ10234.1	acceptor_superclass::Ornithine alkaloids;acceptor_superclass::Pseudoalkaloids	acceptor_superclass::Ornithine alkaloids;acceptor_superclass::Pseudoalkaloids	0,0,0,0,0,0,0,0,0,0,0,1,0,0,0,0,1,0,0,0,0,0,0	0,0,0,0,0,0,0,0,0,0,0,1,0,0,0,0,1,0,0,0,0,0,0	-5.662247,-2.587034,-4.570994,-0.591843,-0.318660,-2.202369,-4.551818,-7.942136,-7.291228,-1.022528,-5.427412,1.605220,-6.698249,-0.339755,-0.074793,-0.104124,0.964207,-3.817183,-0.686329,-3.842067,-2.011010,-2.020031,-1.159981
Slyc_PHT2_UTQ10235.1	Slyc_PHT2_UTQ10235.1	acceptor_superclass::Ornithine alkaloids;acceptor_superclass::Pseudoalkaloids	acceptor_superclass::Fatty acyls;acceptor_superclass::Flavonoids;acceptor_superclass::Isoflavonoids;acceptor_superclass::Ornithine alkaloids;acceptor_superclass::Phenolic acids (C6-C1);acceptor_superclass::Small peptides;acceptor_superclass::Tryptophan alkaloids	0,0,0,0,0,0,0,0,0,0,0,1,0,0,0,0,1,0,0,0,0,0,0	0,0,0,0,1,1,1,0,0,0,0,1,0,1,0,0,0,0,1,0,0,1,0	-0.655564,-0.312588,-0.190033,-0.160547,0.184216,0.378323,0.111885,-0.885975,-0.450616,-0.089030,-0.164121,0.225103,-0.402025,0.126767,-0.278628,-0.170055,-0.151726,-0.190215,0.242973,-0.329566,-0.274805,0.006761,-0.018110
Slyc_SHT_QNO39109.1	Slyc_SHT_QNO39109.1	acceptor_superclass::Ornithine alkaloids	acceptor_superclass::Fatty acyls;acceptor_superclass::Flavonoids;acceptor_superclass::Isoflavonoids;acceptor_superclass::Monoterpenoids;acceptor_superclass::Ornithine alkaloids;acceptor_superclass::Phenolic acids (C6-C1);acceptor_superclass::Small peptides;acceptor_superclass::Tryptophan alkaloids	0,0,0,0,0,0,0,0,0,0,0,1,0,0,0,0,0,0,0,0,0,0,0	0,0,0,0,1,1,1,0,0,1,0,1,0,1,0,0,0,0,1,0,0,1,0	-0.989082,-0.570777,-0.384737,-0.572327,0.200249,0.699594,0.162794,-1.388296,-0.729101,0.007059,-0.459651,0.347435,-0.665673,0.222885,-0.254894,-0.165882,-0.327053,-0.469848,0.516225,-0.244864,-0.530457,0.035511,-0.158178
Smel_SHT_AKP24035.1	Smel_SHT_AKP24035.1	acceptor_superclass::Ornithine alkaloids	acceptor_superclass::Diterpenoids;acceptor_superclass::Triterpenoids;acceptor_superclass::Tryptophan alkaloids;acceptor_superclass::Tyrosine alkaloids	0,0,0,0,0,0,0,0,0,0,0,1,0,0,0,0,0,0,0,0,0,0,0	0,0,1,0,0,0,0,0,0,0,0,0,0,0,0,0,0,0,0,0,1,1,1	-6.292735,-4.707345,0.198678,-4.251195,-2.353370,-1.666049,-6.240256,-2.802866,-6.968396,-0.285404,-1.612413,-0.624376,-4.255103,-1.945848,-1.758702,-0.650689,-2.275046,-1.395524,-2.165423,-7.449474,0.216583,2.558138,0.601071
Smoe_HCT1a_XP_002979061.1	Smoe_HCT1a_XP_002979061.1	acceptor_superclass::Flavonoids;acceptor_superclass::Phenolic acids (C6-C1);acceptor_superclass::Small peptides	acceptor_superclass::Fatty Acids and Conjugates;acceptor_superclass::Phenolic acids (C6-C1);acceptor_superclass::Phenylethanoids (C6-C2);acceptor_superclass::Phenylpropanoids (C6-C3);acceptor_superclass::Pseudoalkaloids;acceptor_superclass::Small peptides;acceptor_superclass::Tyrosine alkaloids	0,0,0,0,0,1,0,0,0,0,0,0,0,1,0,0,0,0,1,0,0,0,0	0,0,0,1,0,0,0,0,0,0,0,0,0,1,1,1,1,0,1,0,0,0,1	-1.528804,-4.963064,-1.747360,0.308665,-0.069185,-0.769449,-2.175229,-0.247054,-1.061923,-0.673018,-2.147262,-0.185588,-1.631450,1.157120,0.181064,0.043161,0.363792,-1.664819,0.792226,-2.326858,-0.211773,-0.787903,0.539646
Sneo_AAT10247_BCJ78484.1	Sneo_AAT10247_BCJ78484.1	acceptor_superclass::Fatty acyls	acceptor_superclass::Diterpenoids;acceptor_superclass::Lysine alkaloids;acceptor_superclass::Ornithine alkaloids;acceptor_superclass::Phenolic acids (C6-C1);acceptor_superclass::Phenylpropanoids (C6-C3);acceptor_superclass::Pseudoalkaloids	0,0,0,0,1,0,0,0,0,0,0,0,0,0,0,0,0,0,0,0,0,0,0	0,0,1,0,0,0,0,0,1,0,0,1,0,1,0,1,1,0,0,0,0,0,0	-0.944974,-0.795166,0.190523,-0.185403,-0.275992,-0.310351,-0.379915,-0.603276,0.278659,-0.227080,-0.045377,0.191347,-0.630916,0.031675,-0.115513,0.206271,0.181340,-0.445840,-0.062667,-0.317963,-0.861551,-0.102098,-0.024842
Snig_AGAT1_WES72146.1	Snig_AGAT1_WES72146.1		acceptor_superclass::Fatty acyls;acceptor_superclass::Flavonoids;acceptor_superclass::Isoflavonoids;acceptor_superclass::Monoterpenoids;acceptor_superclass::Ornithine alkaloids;acceptor_superclass::Phenolic acids (C6-C1);acceptor_superclass::Small peptides	0,0,0,0,0,0,0,0,0,0,0,0,0,0,0,0,0,0,0,0,0,0,0	0,0,0,0,1,1,1,0,0,1,0,1,0,1,0,0,0,0,1,0,0,0,0	-1.032246,-0.549993,-0.344145,-0.551418,0.217301,0.630696,0.186718,-1.342937,-0.748480,0.005572,-0.381791,0.411013,-0.681058,0.199602,-0.267616,-0.181292,-0.257984,-0.387861,0.418909,-0.398219,-0.431778,-0.026584,-0.117327
Snig_ASAT1_ART34015.1	Snig_ASAT1_ART34015.1	acceptor_superclass::Saccharides	acceptor_superclass::Fatty acyls;acceptor_superclass::Flavonoids;acceptor_superclass::Isoflavonoids;acceptor_superclass::Ornithine alkaloids;acceptor_superclass::Phenolic acids (C6-C1);acceptor_superclass::Small peptides	0,0,0,0,0,0,0,0,0,0,0,0,0,0,0,0,0,1,0,0,0,0,0	0,0,0,0,1,1,1,0,0,0,0,1,0,1,0,0,0,0,1,0,0,0,0	-0.537592,-0.247195,-0.101638,-0.100906,0.138734,0.328119,0.123078,-0.798374,-0.420787,-0.108866,-0.072988,0.208776,-0.395753,0.075801,-0.345397,-0.161292,-0.065927,-0.096666,0.191666,-0.368118,-0.183203,-0.033975,-0.036811
Snig_ASAT2_WES72145.1	Snig_ASAT2_WES72145.1		acceptor_superclass::Fatty acyls;acceptor_superclass::Flavonoids;acceptor_superclass::Isoflavonoids;acceptor_superclass::Monoterpenoids;acceptor_superclass::Ornithine alkaloids;acceptor_superclass::Phenolic acids (C6-C1);acceptor_superclass::Small peptides	0,0,0,0,0,0,0,0,0,0,0,0,0,0,0,0,0,0,0,0,0,0,0	0,0,0,0,1,1,1,0,0,1,0,1,0,1,0,0,0,0,1,0,0,0,0	-1.720914,-0.994133,-0.606230,-1.071956,0.530634,0.957712,0.192932,-2.034295,-1.022947,0.008226,-0.648100,0.729905,-1.218143,0.378993,-0.479854,-0.201991,-0.533632,-0.863453,0.861293,-0.465693,-0.838213,-0.084400,-0.303989
Snux_AT_UQZ09626.1	Snux_AT_UQZ09626.1	acceptor_superclass::Tryptophan alkaloids	acceptor_superclass::Diterpenoids;acceptor_superclass::Lignans;acceptor_superclass::Naphthalenes;acceptor_superclass::Saccharides;acceptor_superclass::Triterpenoids;acceptor_superclass::Tryptophan alkaloids;acceptor_superclass::Tyrosine alkaloids	0,0,0,0,0,0,0,0,0,0,0,0,0,0,0,0,0,0,0,0,0,1,0	0,0,1,0,0,0,0,1,0,0,1,0,0,0,0,0,0,1,0,0,1,1,1	-9.241915,-10.336063,2.708390,-5.880344,-2.597929,-1.947638,-9.016916,0.343729,-9.583549,-0.900215,2.630499,-3.548470,-4.141343,-6.082113,-3.491577,-0.795408,-2.904320,1.191598,-7.419679,-13.852664,2.878481,8.243358,1.267840
Soff_AAT1_BDW80084.1	Soff_AAT1_BDW80084.1	acceptor_superclass::Naphthalenes	acceptor_superclass::Diterpenoids;acceptor_superclass::Monoterpenoids;acceptor_superclass::Naphthalenes;acceptor_superclass::Phenylpropanoids (C6-C3);acceptor_superclass::Saccharides;acceptor_superclass::Triterpenoids;acceptor_superclass::Tryptophan alkaloids	0,0,0,0,0,0,0,0,0,0,1,0,0,0,0,0,0,0,0,0,0,0,0	0,0,1,0,0,0,0,0,0,1,1,0,0,0,0,1,0,1,0,0,1,1,0	-1.066179,-1.891824,1.267930,-3.588537,-0.360687,-0.418537,-2.604125,-1.117699,-1.081135,0.852433,0.806841,-1.382239,-0.247053,-2.844526,-0.590241,0.453714,-0.828036,0.738241,-1.682642,-0.386199,0.141767,0.680377,-0.695179
Sole_SOAP10_KNA12459.1	Sole_SOAP10_KNA12459.1	acceptor_superclass::Triterpenoids	acceptor_superclass::Naphthalenes;acceptor_superclass::Ornithine alkaloids;acceptor_superclass::Triterpenoids;acceptor_superclass::Tryptophan alkaloids;acceptor_superclass::Tyrosine alkaloids	0,0,0,0,0,0,0,0,0,0,0,0,0,0,0,0,0,0,0,0,1,0,0	0,0,0,0,0,0,0,0,0,0,1,1,0,0,0,0,0,0,0,0,1,1,1	-2.588627,-1.113280,-2.921723,-4.206328,-1.027437,-2.136773,-1.270667,-4.592286,-10.870406,-1.104135,1.130750,2.031774,-0.720142,-4.924992,-0.496029,-1.110311,-0.548376,-3.227475,-5.998724,-4.658630,0.134559,1.217064,0.905522
Some_HCT_EFJ20018.1	Some_HCT_EFJ20018.1	acceptor_superclass::Phenolic acids (C6-C1)	acceptor_superclass::Coumarins;acceptor_superclass::Cyclic polyketides;acceptor_superclass::Diterpenoids;acceptor_superclass::Lysine alkaloids;acceptor_superclass::Monoterpenoids;acceptor_superclass::Phenanthrenoids;acceptor_superclass::Phenylethanoids (C6-C2);acceptor_superclass::Phenylpropanoids (C6-C3);acceptor_superclass::Pseudoalkaloids;acceptor_superclass::Saccharides;acceptor_superclass::Small peptides;acceptor_superclass::Steroids;acceptor_superclass::Triterpenoids;acceptor_superclass::Tyrosine alkaloids	0,0,0,0,0,0,0,0,0,0,0,0,0,1,0,0,0,0,0,0,0,0,0	1,1,1,0,0,0,0,0,1,1,0,0,1,0,1,1,1,1,1,1,1,0,1	0.036765,0.028217,0.191432,-0.088696,-0.038391,-0.072698,-0.235837,-0.127447,0.143183,0.025862,-0.031721,-0.043586,0.126640,-0.073323,0.282489,0.330752,0.209708,0.254436,0.014896,0.178010,0.067511,-0.148103,0.088294
Spen_AAT12560_BCJ78487.1	Spen_AAT12560_BCJ78487.1	acceptor_superclass::Fatty acyls	acceptor_superclass::Diterpenoids;acceptor_superclass::Lysine alkaloids;acceptor_superclass::Ornithine alkaloids;acceptor_superclass::Phenolic acids (C6-C1);acceptor_superclass::Phenylpropanoids (C6-C3);acceptor_superclass::Pseudoalkaloids;acceptor_superclass::Small peptides	0,0,0,0,1,0,0,0,0,0,0,0,0,0,0,0,0,0,0,0,0,0,0	0,0,1,0,0,0,0,0,1,0,0,1,0,1,0,1,1,0,1,0,0,0,0	-0.840233,-0.483934,0.142875,-0.006801,-0.301035,-0.168168,-0.201051,-0.451377,0.278854,-0.208397,-0.022039,0.257720,-0.585831,0.138682,-0.088199,0.160709,0.165743,-0.312464,0.027000,-0.209123,-0.685950,-0.137473,-0.083533
Spen_AAT1_AIW04708.1	Spen_AAT1_AIW04708.1	acceptor_superclass::Fatty acyls;acceptor_superclass::Phenylethanoids (C6-C2)	acceptor_superclass::Diterpenoids;acceptor_superclass::Fatty acyls;acceptor_superclass::Monoterpenoids;acceptor_superclass::Phenylpropanoids (C6-C3);acceptor_superclass::Saccharides	0,0,0,0,1,0,0,0,0,0,0,0,0,0,1,0,0,0,0,0,0,0,0	0,0,1,0,1,0,0,0,0,1,0,0,0,0,0,1,0,1,0,0,0,0,0	-1.991801,-0.817988,0.202209,-2.376379,1.012470,-0.885033,-3.926038,-3.601118,-4.199127,0.727532,-1.504498,-0.737794,-0.527284,-2.803878,-0.000590,0.723586,-0.445037,0.069236,-0.857544,-1.453458,-0.834758,-0.899217,-1.414732
Spen_ASAT2_ALU64005.1	Spen_ASAT2_ALU64005.1		acceptor_superclass::Saccharides;acceptor_superclass::Triterpenoids;acceptor_superclass::Tryptophan alkaloids;acceptor_superclass::Tyrosine alkaloids	0,0,0,0,0,0,0,0,0,0,0,0,0,0,0,0,0,0,0,0,0,0,0	0,0,0,0,0,0,0,0,0,0,0,0,0,0,0,0,0,1,0,0,1,1,1	-5.632444,-7.532343,-0.346198,-3.233815,-1.992400,-3.154789,-6.640741,-4.762772,-6.450037,-0.569069,-1.488276,-1.510845,-3.049509,-2.914420,-1.042046,-0.844006,-2.638546,0.321454,-3.262398,-8.322234,0.238880,1.010828,0.677803
Spen_ASAT3_AJF98583.1	Spen_ASAT3_AJF98583.1		acceptor_superclass::Diterpenoids;acceptor_superclass::Lysine alkaloids;acceptor_superclass::Naphthalenes;acceptor_superclass::Ornithine alkaloids;acceptor_superclass::Phenylpropanoids (C6-C3);acceptor_superclass::Pseudoalkaloids;acceptor_superclass::Tryptophan alkaloids	0,0,0,0,0,0,0,0,0,0,0,0,0,0,0,0,0,0,0,0,0,0,0	0,0,1,0,0,0,0,0,1,0,1,1,0,0,0,1,1,0,0,0,0,1,0	-0.664377,-0.669057,0.187642,-0.158833,-0.159524,-0.230449,-0.346914,-0.517822,0.154223,-0.169357,0.066702,0.140970,-0.345488,-0.055953,-0.133549,0.160071,0.116761,-0.277082,-0.097042,-0.240950,-0.617778,0.018285,-0.041746
Spim_AAT11589_BCJ78481.1	Spim_AAT11589_BCJ78481.1	acceptor_superclass::Fatty acyls	acceptor_superclass::Fatty acyls;acceptor_superclass::Flavonoids;acceptor_superclass::Isoflavonoids;acceptor_superclass::Ornithine alkaloids;acceptor_superclass::Phenolic acids (C6-C1);acceptor_superclass::Small peptides;acceptor_superclass::Tryptophan alkaloids	0,0,0,0,1,0,0,0,0,0,0,0,0,0,0,0,0,0,0,0,0,0,0	0,0,0,0,1,1,1,0,0,0,0,1,0,1,0,0,0,0,1,0,0,1,0	-2.075670,-1.287697,-0.514624,-1.150803,0.570022,1.261522,0.274948,-2.945363,-1.408901,-0.028704,-0.560958,0.740564,-1.546730,0.510132,-0.641336,-0.522794,-0.478128,-0.876445,0.974329,-0.621695,-0.926167,0.087747,-0.299141
Spot_AT_UQZ09635.1	Spot_AT_UQZ09635.1	acceptor_superclass::Tryptophan alkaloids	acceptor_superclass::Diterpenoids;acceptor_superclass::Fatty acyls;acceptor_superclass::Monoterpenoids;acceptor_superclass::Naphthalenes;acceptor_superclass::Phenylpropanoids (C6-C3);acceptor_superclass::Saccharides;acceptor_superclass::Tryptophan alkaloids	0,0,0,0,0,0,0,0,0,0,0,0,0,0,0,0,0,0,0,0,0,1,0	0,0,1,0,1,0,0,0,0,1,1,0,0,0,0,1,0,1,0,0,0,1,0	-1.278169,-2.522432,1.285994,-2.716569,0.063332,-1.048846,-2.894599,-0.189758,-1.074958,0.955836,0.384929,-1.162267,-0.521238,-1.959442,-0.328006,0.599630,-0.978948,0.891118,-1.464835,-0.661839,-0.009313,0.835544,-0.149547
Squi_ASAT1H_UTN00742.1	Squi_ASAT1H_UTN00742.1		acceptor_superclass::Diterpenoids;acceptor_superclass::Fatty acyls;acceptor_superclass::Monoterpenoids;acceptor_superclass::Naphthalenes;acceptor_superclass::Phenylethanoids (C6-C2);acceptor_superclass::Phenylpropanoids (C6-C3);acceptor_superclass::Saccharides;acceptor_superclass::Triterpenoids;acceptor_superclass::Tryptophan alkaloids	0,0,0,0,0,0,0,0,0,0,0,0,0,0,0,0,0,0,0,0,0,0,0	0,0,1,0,1,0,0,0,0,1,1,0,0,0,1,1,0,1,0,0,1,1,0	-2.112625,-1.352973,1.925288,-3.965008,0.666092,-1.473224,-4.544579,-2.424605,-2.593100,1.555865,0.415835,-1.613263,-0.794652,-3.677206,0.198864,1.124114,-0.849550,1.132665,-1.477332,-1.245783,0.328960,1.183411,-0.778916
Squi_ASAT3H_UTN00743.1	Squi_ASAT3H_UTN00743.1		acceptor_superclass::Coumarins;acceptor_superclass::Cyclic polyketides;acceptor_superclass::Diterpenoids;acceptor_superclass::Lysine alkaloids;acceptor_superclass::Monoterpenoids;acceptor_superclass::Phenanthrenoids;acceptor_superclass::Phenylethanoids (C6-C2);acceptor_superclass::Phenylpropanoids (C6-C3);acceptor_superclass::Pseudoalkaloids;acceptor_superclass::Saccharides;acceptor_superclass::Steroids;acceptor_superclass::Triterpenoids;acceptor_superclass::Tyrosine alkaloids	0,0,0,0,0,0,0,0,0,0,0,0,0,0,0,0,0,0,0,0,0,0,0	1,1,1,0,0,0,0,0,1,1,0,0,1,0,1,1,1,1,0,1,1,0,1	0.082159,0.009076,0.325191,-0.109759,-0.036186,-0.071354,-0.468362,-0.113604,0.156973,0.022234,-0.079911,-0.050869,0.136874,-0.210497,0.472332,0.559251,0.367745,0.446724,-0.007238,0.360701,0.118285,-0.205656,0.127728
Squi_ASAT4H_QNR60312.1	Squi_ASAT4H_QNR60312.1		acceptor_superclass::Diterpenoids;acceptor_superclass::Fatty Acids and Conjugates;acceptor_superclass::Lysine alkaloids;acceptor_superclass::Ornithine alkaloids;acceptor_superclass::Phenolic acids (C6-C1);acceptor_superclass::Phenylpropanoids (C6-C3);acceptor_superclass::Pseudoalkaloids;acceptor_superclass::Small peptides	0,0,0,0,0,0,0,0,0,0,0,0,0,0,0,0,0,0,0,0,0,0,0	0,0,1,1,0,0,0,0,1,0,0,1,0,1,0,1,1,0,1,0,0,0,0	-0.846565,-0.385614,0.117114,0.067903,-0.264092,-0.179093,-0.254316,-0.458543,0.256447,-0.243559,-0.011001,0.245570,-0.633246,0.191728,-0.166384,0.161480,0.101078,-0.250173,0.068606,-0.234201,-0.691144,-0.067103,-0.140380
Squi_TAIAT_QNR60311.1	Squi_TAIAT_QNR60311.1		acceptor_superclass::Fatty acyls;acceptor_superclass::Monoterpenoids;acceptor_superclass::Phenylethanoids (C6-C2);acceptor_superclass::Phenylpropanoids (C6-C3);acceptor_superclass::Triterpenoids;acceptor_superclass::Tryptophan alkaloids;acceptor_superclass::Tyrosine alkaloids	0,0,0,0,0,0,0,0,0,0,0,0,0,0,0,0,0,0,0,0,0,0,0	0,0,0,0,1,0,0,0,0,1,0,0,0,0,1,1,0,0,0,0,1,1,1	-7.074581,-3.467092,-0.110985,-0.445649,1.527514,-3.053179,-6.572119,-2.754795,-4.647752,1.377135,-1.621856,-2.502385,-3.718966,-4.543607,0.375694,0.429599,-2.776777,-3.880135,-6.115908,-8.325899,1.529492,1.267684,0.050696
Sric_SHT_AMB21755.1	Sric_SHT_AMB21755.1	acceptor_superclass::Ornithine alkaloids	acceptor_superclass::Coumarins;acceptor_superclass::Cyclic polyketides;acceptor_superclass::Diterpenoids;acceptor_superclass::Lysine alkaloids;acceptor_superclass::Monoterpenoids;acceptor_superclass::Phenanthrenoids;acceptor_superclass::Phenylethanoids (C6-C2);acceptor_superclass::Phenylpropanoids (C6-C3);acceptor_superclass::Pseudoalkaloids;acceptor_superclass::Saccharides;acceptor_superclass::Small peptides;acceptor_superclass::Steroids;acceptor_superclass::Triterpenoids;acceptor_superclass::Tyrosine alkaloids	0,0,0,0,0,0,0,0,0,0,0,1,0,0,0,0,0,0,0,0,0,0,0	1,1,1,0,0,0,0,0,1,1,0,0,1,0,1,1,1,1,1,1,1,0,1	0.043052,0.011411,0.210537,-0.092988,-0.018308,-0.044001,-0.282258,-0.112373,0.141343,0.017436,-0.035718,-0.047390,0.134004,-0.092463,0.344777,0.382599,0.233262,0.283345,0.025066,0.213096,0.070567,-0.151729,0.076470
Ssin_ASAT1_ART34011.1	Ssin_ASAT1_ART34011.1	acceptor_superclass::Saccharides	acceptor_superclass::Diterpenoids;acceptor_superclass::Lysine alkaloids;acceptor_superclass::Naphthalenes;acceptor_superclass::Ornithine alkaloids;acceptor_superclass::Phenylpropanoids (C6-C3);acceptor_superclass::Pseudoalkaloids;acceptor_superclass::Tryptophan alkaloids;acceptor_superclass::Tyrosine alkaloids	0,0,0,0,0,0,0,0,0,0,0,0,0,0,0,0,0,1,0,0,0,0,0	0,0,1,0,0,0,0,0,1,0,1,1,0,0,0,1,1,0,0,0,0,1,1	-0.681343,-0.785227,0.158395,-0.265823,-0.033487,-0.359522,-0.501527,-0.638132,0.066903,-0.132176,0.005755,0.004115,-0.414876,-0.185476,-0.234911,0.124420,0.054824,-0.285582,-0.179432,-0.374482,-0.684531,0.199144,0.031768
Ssin_ASAT2_ART34012.1	Ssin_ASAT2_ART34012.1		acceptor_superclass::Diterpenoids;acceptor_superclass::Fatty acyls;acceptor_superclass::Phenylpropanoids (C6-C3);acceptor_superclass::Pseudoalkaloids;acceptor_superclass::Tryptophan alkaloids;acceptor_superclass::Tyrosine alkaloids	0,0,0,0,0,0,0,0,0,0,0,0,0,0,0,0,0,0,0,0,0,0,0	0,0,1,0,1,0,0,0,0,0,0,0,0,0,0,1,1,0,0,0,0,1,1	-0.655862,-0.614801,0.103470,-0.253114,0.002566,-0.367089,-0.421229,-0.551779,-0.013794,-0.096969,-0.038226,-0.028240,-0.464003,-0.164158,-0.213988,0.137260,0.002018,-0.195367,-0.157341,-0.422774,-0.585094,0.178974,0.099834
Ssin_ASAT3_ART34013.1	Ssin_ASAT3_ART34013.1		acceptor_superclass::Diterpenoids;acceptor_superclass::Monoterpenoids;acceptor_superclass::Saccharides;acceptor_superclass::Tryptophan alkaloids	0,0,0,0,0,0,0,0,0,0,0,0,0,0,0,0,0,0,0,0,0,0,0	0,0,1,0,0,0,0,0,0,1,0,0,0,0,0,0,0,1,0,0,0,1,0	-5.358224,-6.369411,0.110154,-2.335532,-1.833383,-2.554544,-6.957548,-4.948541,-3.387134,0.051433,-2.372470,-2.225644,-2.111384,-2.940450,-0.675851,-0.393516,-1.992400,1.026230,-1.803234,-6.328663,-2.212306,0.480792,-0.297003
Ssin_ASAT5_ART34014.1	Ssin_ASAT5_ART34014.1		acceptor_superclass::Diterpenoids;acceptor_superclass::Lysine alkaloids;acceptor_superclass::Naphthalenes;acceptor_superclass::Ornithine alkaloids;acceptor_superclass::Phenolic acids (C6-C1);acceptor_superclass::Phenylpropanoids (C6-C3);acceptor_superclass::Pseudoalkaloids;acceptor_superclass::Tryptophan alkaloids	0,0,0,0,0,0,0,0,0,0,0,0,0,0,0,0,0,0,0,0,0,0,0	0,0,1,0,0,0,0,0,1,0,1,1,0,1,0,1,1,0,0,0,0,1,0	-1.461679,-0.933931,0.256428,-0.068090,-0.321658,-0.365971,-0.621137,-0.842324,0.448039,-0.493705,0.044584,0.293809,-1.180072,0.103979,-0.366932,0.126883,0.131167,-0.548221,-0.026699,-0.465863,-1.256492,0.060638,-0.196533
Sspl_5MAT1_AAL50566.1	Sspl_5MAT1_AAL50566.1	acceptor_superclass::Flavonoids	acceptor_superclass::Fatty acyls;acceptor_superclass::Flavonoids;acceptor_superclass::Isoflavonoids;acceptor_superclass::Ornithine alkaloids;acceptor_superclass::Phenolic acids (C6-C1);acceptor_superclass::Small peptides;acceptor_superclass::Tryptophan alkaloids	0,0,0,0,0,1,0,0,0,0,0,0,0,0,0,0,0,0,0,0,0,0,0	0,0,0,0,1,1,1,0,0,0,0,1,0,1,0,0,0,0,1,0,0,1,0	-0.931814,-0.544904,-0.349881,-0.577078,0.195766,0.760823,0.280255,-1.480535,-0.729853,-0.019112,-0.352313,0.397386,-0.535210,0.278907,-0.283662,-0.227103,-0.249839,-0.492470,0.460220,-0.268599,-0.443085,0.101011,-0.212417
Sspl_5MAT2_AAR26385.1	Sspl_5MAT2_AAR26385.1	acceptor_superclass::Flavonoids	acceptor_superclass::Coumarins;acceptor_superclass::Cyclic polyketides;acceptor_superclass::Diterpenoids;acceptor_superclass::Lysine alkaloids;acceptor_superclass::Monoterpenoids;acceptor_superclass::Phenanthrenoids;acceptor_superclass::Phenylethanoids (C6-C2);acceptor_superclass::Phenylpropanoids (C6-C3);acceptor_superclass::Pseudoalkaloids;acceptor_superclass::Saccharides;acceptor_superclass::Small peptides;acceptor_superclass::Steroids;acceptor_superclass::Triterpenoids;acceptor_superclass::Tyrosine alkaloids	0,0,0,0,0,1,0,0,0,0,0,0,0,0,0,0,0,0,0,0,0,0,0	1,1,1,0,0,0,0,0,1,1,0,0,1,0,1,1,1,1,1,1,1,0,1	0.051200,0.018867,0.229724,-0.095424,-0.027363,-0.052458,-0.298860,-0.115000,0.148280,0.019404,-0.040121,-0.050416,0.132960,-0.105213,0.351207,0.395756,0.247888,0.302216,0.017957,0.234011,0.077178,-0.158317,0.089390
Stub_COSY_M0ZYT4	Stub_COSY_M0ZYT4		acceptor_superclass::Fatty acyls;acceptor_superclass::Flavonoids;acceptor_superclass::Isoflavonoids;acceptor_superclass::Ornithine alkaloids;acceptor_superclass::Phenolic acids (C6-C1);acceptor_superclass::Small peptides;acceptor_superclass::Tryptophan alkaloids	0,0,0,0,0,0,0,0,0,0,0,0,0,0,0,0,0,0,0,0,0,0,0	0,0,0,0,1,1,1,0,0,0,0,1,0,1,0,0,0,0,1,0,0,1,0	-1.505827,-0.892293,-0.349305,-0.796883,0.425552,0.960166,0.235206,-2.178852,-1.031974,-0.052448,-0.433296,0.552927,-1.046238,0.348139,-0.489041,-0.365643,-0.342860,-0.687775,0.717258,-0.463603,-0.705155,0.035840,-0.232050
Stub_FHT_NP_001275190.1	Stub_FHT_NP_001275190.1	acceptor_superclass::Fatty Acids and Conjugates;acceptor_superclass::Fatty acyls	acceptor_superclass::Fatty acyls;acceptor_superclass::Flavonoids;acceptor_superclass::Isoflavonoids;acceptor_superclass::Ornithine alkaloids;acceptor_superclass::Phenolic acids (C6-C1);acceptor_superclass::Small peptides;acceptor_superclass::Tryptophan alkaloids	0,0,0,1,1,0,0,0,0,0,0,0,0,0,0,0,0,0,0,0,0,0,0	0,0,0,0,1,1,1,0,0,0,0,1,0,1,0,0,0,0,1,0,0,1,0	-0.834757,-0.429018,-0.234191,-0.314304,0.220095,0.574138,0.157333,-1.237613,-0.614995,-0.073438,-0.251163,0.246921,-0.512530,0.174049,-0.305460,-0.226193,-0.187161,-0.268402,0.345975,-0.311097,-0.358537,0.033747,-0.059522
Taes_ACT1-1_BCN87078.1	Taes_ACT1-1_BCN87078.1	acceptor_superclass::Ornithine alkaloids;acceptor_superclass::Pseudoalkaloids	acceptor_superclass::Ornithine alkaloids;acceptor_superclass::Pseudoalkaloids	0,0,0,0,0,0,0,0,0,0,0,1,0,0,0,0,1,0,0,0,0,0,0	0,0,0,0,0,0,0,0,0,0,0,1,0,0,0,0,1,0,0,0,0,0,0	-4.639660,-2.408923,-4.972099,-2.468215,-1.167207,-2.222575,-3.191724,-8.482791,-8.593572,-1.535109,-4.019013,2.873121,-5.413798,-1.838141,-0.219373,-0.543453,2.149175,-4.828781,-2.520095,-4.483143,-1.604752,-3.623159,-1.216603
Taes_ACT1-2_BCN87079.1	Taes_ACT1-2_BCN87079.1	acceptor_superclass::Ornithine alkaloids;acceptor_superclass::Pseudoalkaloids	acceptor_superclass::Coumarins;acceptor_superclass::Cyclic polyketides;acceptor_superclass::Diterpenoids;acceptor_superclass::Lysine alkaloids;acceptor_superclass::Monoterpenoids;acceptor_superclass::Phenanthrenoids;acceptor_superclass::Phenylethanoids (C6-C2);acceptor_superclass::Phenylpropanoids (C6-C3);acceptor_superclass::Pseudoalkaloids;acceptor_superclass::Saccharides;acceptor_superclass::Small peptides;acceptor_superclass::Steroids;acceptor_superclass::Triterpenoids;acceptor_superclass::Tyrosine alkaloids	0,0,0,0,0,0,0,0,0,0,0,1,0,0,0,0,1,0,0,0,0,0,0	1,1,1,0,0,0,0,0,1,1,0,0,1,0,1,1,1,1,1,1,1,0,1	0.024467,0.016233,0.152556,-0.084444,-0.011392,-0.030557,-0.181087,-0.111889,0.135819,0.015365,-0.011511,-0.047064,0.132341,-0.028926,0.274339,0.285856,0.160776,0.196085,0.041322,0.137089,0.045494,-0.122826,0.051859
Taes_ACT2_AMY96376.1	Taes_ACT2_AMY96376.1	acceptor_superclass::Ornithine alkaloids	acceptor_superclass::Fatty acyls;acceptor_superclass::Flavonoids;acceptor_superclass::Isoflavonoids;acceptor_superclass::Ornithine alkaloids;acceptor_superclass::Phenolic acids (C6-C1);acceptor_superclass::Small peptides;acceptor_superclass::Tryptophan alkaloids	0,0,0,0,0,0,0,0,0,0,0,1,0,0,0,0,0,0,0,0,0,0,0	0,0,0,0,1,1,1,0,0,0,0,1,0,1,0,0,0,0,1,0,0,1,0	-1.087775,-0.622665,-0.261084,-0.498845,0.230677,0.780098,0.256567,-1.708364,-0.845139,-0.022293,-0.295216,0.378997,-0.697371,0.260425,-0.351001,-0.320156,-0.229341,-0.409116,0.488716,-0.390812,-0.483236,0.103442,-0.128329
Tant_HQT1_QCI44191.1	Tant_HQT1_QCI44191.1	acceptor_superclass::Phenolic acids (C6-C1)	acceptor_superclass::Lignans;acceptor_superclass::Phenolic acids (C6-C1);acceptor_superclass::Pseudoalkaloids;acceptor_superclass::Triterpenoids	0,0,0,0,0,0,0,0,0,0,0,0,0,1,0,0,0,0,0,0,0,0,0	0,0,0,0,0,0,0,1,0,0,0,0,0,1,0,0,1,0,0,0,1,0,0	-0.325824,-7.336489,-1.785945,-0.605889,-0.888945,-0.274135,-1.330716,0.156198,-1.244528,-1.254009,-1.236953,-0.333113,-0.869611,0.686918,-0.535196,-0.054249,0.415016,-1.966175,-0.094020,-1.447963,0.154572,-0.318056,-0.093449
Tant_HQT2_QBQ52948.1	Tant_HQT2_QBQ52948.1	acceptor_superclass::Phenolic acids (C6-C1)	acceptor_superclass::Fatty acyls;acceptor_superclass::Flavonoids;acceptor_superclass::Isoflavonoids;acceptor_superclass::Monoterpenoids;acceptor_superclass::Ornithine alkaloids;acceptor_superclass::Phenolic acids (C6-C1);acceptor_superclass::Small peptides;acceptor_superclass::Tryptophan alkaloids	0,0,0,0,0,0,0,0,0,0,0,0,0,1,0,0,0,0,0,0,0,0,0	0,0,0,0,1,1,1,0,0,1,0,1,0,1,0,0,0,0,1,0,0,1,0	-0.773173,-0.400989,-0.260082,-0.344775,0.135271,0.554961,0.169826,-1.093567,-0.572226,0.004619,-0.310838,0.255891,-0.483951,0.139523,-0.242033,-0.158669,-0.188987,-0.250355,0.338811,-0.250002,-0.352623,0.002161,-0.091457
Tcan_TAX10_AAM75818.1	Tcan_TAX10_AAM75818.1	acceptor_superclass::Diterpenoids	acceptor_superclass::Fatty acyls;acceptor_superclass::Flavonoids;acceptor_superclass::Isoflavonoids;acceptor_superclass::Ornithine alkaloids;acceptor_superclass::Phenolic acids (C6-C1);acceptor_superclass::Small peptides;acceptor_superclass::Tyrosine alkaloids	0,0,1,0,0,0,0,0,0,0,0,0,0,0,0,0,0,0,0,0,0,0,0	0,0,0,0,1,1,1,0,0,0,0,1,0,1,0,0,0,0,1,0,0,0,1	-1.507402,-0.833059,-0.193269,-0.468583,0.354910,0.592434,0.147399,-1.785029,-0.969152,-0.034874,-0.281144,0.593212,-1.141140,0.281056,-0.452269,-0.445820,-0.141478,-0.399479,0.452706,-0.850359,-0.441487,-0.087286,0.028490
Tcus_BAPT_AAL92459.1	Tcus_BAPT_AAL92459.1	acceptor_superclass::Diterpenoids	acceptor_superclass::Diterpenoids;acceptor_superclass::Fatty acyls;acceptor_superclass::Monoterpenoids;acceptor_superclass::Phenylethanoids (C6-C2);acceptor_superclass::Phenylpropanoids (C6-C3)	0,0,1,0,0,0,0,0,0,0,0,0,0,0,0,0,0,0,0,0,0,0,0	0,0,1,0,1,0,0,0,0,1,0,0,0,0,1,1,0,0,0,0,0,0,0	-1.699816,-4.637757,0.650170,-2.408448,0.572020,-1.708334,-4.211870,-1.113368,-0.850713,0.949372,-0.992123,-1.030732,-1.077176,-1.484239,0.066775,0.675719,-0.641072,-0.271944,-0.906649,-2.204803,-0.051542,-0.001812,-0.314666
Tcus_DBAT_AAF27621.1	Tcus_DBAT_AAF27621.1	acceptor_superclass::Diterpenoids	acceptor_superclass::Triterpenoids;acceptor_superclass::Tryptophan alkaloids	0,0,1,0,0,0,0,0,0,0,0,0,0,0,0,0,0,0,0,0,0,0,0	0,0,0,0,0,0,0,0,0,0,0,0,0,0,0,0,0,0,0,0,1,1,0	-0.612484,-6.216476,-0.443933,-2.507245,-1.382375,-1.048728,-2.821835,-3.331888,-0.997853,-0.624823,-0.080664,-0.361764,-0.351439,-2.080006,-0.548840,-0.458482,-0.342285,-2.406897,-1.796551,-1.910411,0.618796,0.346562,-0.661378
Tcus_TBT_AAG38049.1	Tcus_DBBT_AAG38049.1	acceptor_superclass::Diterpenoids	acceptor_superclass::Fatty acyls;acceptor_superclass::Flavonoids;acceptor_superclass::Isoflavonoids;acceptor_superclass::Ornithine alkaloids;acceptor_superclass::Phenolic acids (C6-C1);acceptor_superclass::Small peptides;acceptor_superclass::Tryptophan alkaloids	0,0,1,0,0,0,0,0,0,0,0,0,0,0,0,0,0,0,0,0,0,0,0	0,0,0,0,1,1,1,0,0,0,0,1,0,1,0,0,0,0,1,0,0,1,0	-1.527199,-0.883381,-0.194288,-0.561360,0.350821,0.830962,0.215694,-2.219910,-1.120458,-0.051645,-0.243105,0.528940,-1.133664,0.313728,-0.485529,-0.491204,-0.172067,-0.406745,0.547528,-0.738275,-0.524788,0.054802,-0.077178
Tcus_DBNTBT_AAM75818.1	Tcus_DBNTBT_AAM75818.1	acceptor_superclass::Diterpenoids	acceptor_superclass::Fatty acyls;acceptor_superclass::Flavonoids;acceptor_superclass::Isoflavonoids;acceptor_superclass::Ornithine alkaloids;acceptor_superclass::Phenolic acids (C6-C1);acceptor_superclass::Small peptides;acceptor_superclass::Tyrosine alkaloids	0,0,1,0,0,0,0,0,0,0,0,0,0,0,0,0,0,0,0,0,0,0,0	0,0,0,0,1,1,1,0,0,0,0,1,0,1,0,0,0,0,1,0,0,0,1	-1.507402,-0.833059,-0.193269,-0.468583,0.354910,0.592434,0.147399,-1.785029,-0.969152,-0.034874,-0.281144,0.593212,-1.141140,0.281056,-0.452269,-0.445820,-0.141478,-0.399479,0.452706,-0.850359,-0.441487,-0.087286,0.028490
Tcus_TAT_AAF34254.1	Tcus_TAT_AAF34254.1	acceptor_superclass::Diterpenoids	acceptor_superclass::Coumarins;acceptor_superclass::Cyclic polyketides;acceptor_superclass::Diterpenoids;acceptor_superclass::Lysine alkaloids;acceptor_superclass::Monoterpenoids;acceptor_superclass::Phenanthrenoids;acceptor_superclass::Phenylethanoids (C6-C2);acceptor_superclass::Phenylpropanoids (C6-C3);acceptor_superclass::Pseudoalkaloids;acceptor_superclass::Saccharides;acceptor_superclass::Small peptides;acceptor_superclass::Steroids;acceptor_superclass::Triterpenoids;acceptor_superclass::Tyrosine alkaloids	0,0,1,0,0,0,0,0,0,0,0,0,0,0,0,0,0,0,0,0,0,0,0	1,1,1,0,0,0,0,0,1,1,0,0,1,0,1,1,1,1,1,1,1,0,1	0.061262,0.009517,0.264280,-0.100366,-0.025997,-0.057390,-0.370719,-0.112670,0.148038,0.020335,-0.056619,-0.048166,0.135757,-0.149207,0.405661,0.467450,0.297504,0.361310,0.009578,0.282569,0.093749,-0.176909,0.100247
Tcus_TAX19_AAU89980.1	Tcus_TAX19_AAU89980.1		acceptor_superclass::Diterpenoids;acceptor_superclass::Lysine alkaloids;acceptor_superclass::Ornithine alkaloids;acceptor_superclass::Phenolic acids (C6-C1);acceptor_superclass::Phenylpropanoids (C6-C3);acceptor_superclass::Pseudoalkaloids	0,0,0,0,0,0,0,0,0,0,0,0,0,0,0,0,0,0,0,0,0,0,0	0,0,1,0,0,0,0,0,1,0,0,1,0,1,0,1,1,0,0,0,0,0,0	-1.022528,-0.643129,0.111069,-0.111812,-0.334389,-0.241953,-0.284828,-0.541008,0.277770,-0.219940,-0.112192,0.210628,-0.755933,0.089157,-0.050199,0.229690,0.200564,-0.446797,-0.018490,-0.307982,-0.864861,-0.205735,-0.028210
Tcus_TAT_AAF34254.1	Tcus_TAX1_AAF34254.1		acceptor_superclass::Diterpenoids;acceptor_superclass::Monoterpenoids;acceptor_superclass::Phenylpropanoids (C6-C3)	0,0,0,0,0,0,0,0,0,0,0,0,0,0,0,0,0,0,0,0,0,0,0	0,0,1,0,0,0,0,0,0,1,0,0,0,0,0,1,0,0,0,0,0,0,0	-9.214619,-6.988057,1.386567,-5.291353,-1.103241,-1.439277,-8.920118,-3.079947,-3.388358,0.347436,-3.771759,-0.171288,-5.784428,-3.141423,-1.198703,0.045515,-0.461838,-5.154593,-4.757915,-11.056643,-1.393385,-2.913445,-2.062228
Tcus_TBT_AAG38049.1	Tcus_TBT_AAG38049.1	acceptor_superclass::Diterpenoids	acceptor_superclass::Diterpenoids;acceptor_superclass::Fatty acyls;acceptor_superclass::Monoterpenoids;acceptor_superclass::Naphthalenes;acceptor_superclass::Phenylpropanoids (C6-C3);acceptor_superclass::Saccharides;acceptor_superclass::Tryptophan alkaloids	0,0,1,0,0,0,0,0,0,0,0,0,0,0,0,0,0,0,0,0,0,0,0	0,0,1,0,1,0,0,0,0,1,1,0,0,0,0,1,0,1,0,0,0,1,0	-1.444829,-2.736112,1.891798,-3.572723,0.158068,-1.226859,-3.894005,-1.464739,-2.001738,1.257356,0.156308,-1.405056,-0.415316,-3.085670,-0.289028,0.817375,-0.765248,0.896014,-1.742190,-1.227132,-0.037433,0.531377,-0.999246
Tmed_BAHD22_QDM39185.1	Tmed_BAHD22_QDM39185.1	acceptor_superclass::Diterpenoids	acceptor_superclass::Diterpenoids;acceptor_superclass::Fatty acyls;acceptor_superclass::Phenylpropanoids (C6-C3);acceptor_superclass::Pseudoalkaloids;acceptor_superclass::Tryptophan alkaloids;acceptor_superclass::Tyrosine alkaloids	0,0,1,0,0,0,0,0,0,0,0,0,0,0,0,0,0,0,0,0,0,0,0	0,0,1,0,1,0,0,0,0,0,0,0,0,0,0,1,1,0,0,0,0,1,1	-0.900206,-1.139335,0.232576,-0.537605,0.028293,-0.565664,-0.662854,-0.904837,-0.095369,-0.112603,-0.094652,-0.152145,-0.655532,-0.362226,-0.255438,0.187446,0.096271,-0.468432,-0.289777,-0.645547,-0.905223,0.202101,0.208067
Tmed_BAHD6-13_BEK82039.1	Tmed_BAHD6-13_BEK82039.1	acceptor_superclass::Diterpenoids	acceptor_superclass::Diterpenoids;acceptor_superclass::Lysine alkaloids;acceptor_superclass::Phenylpropanoids (C6-C3);acceptor_superclass::Pseudoalkaloids;acceptor_superclass::Tryptophan alkaloids;acceptor_superclass::Tyrosine alkaloids	0,0,1,0,0,0,0,0,0,0,0,0,0,0,0,0,0,0,0,0,0,0,0	0,0,1,0,0,0,0,0,1,0,0,0,0,0,0,1,1,0,0,0,0,1,1	-0.903475,-0.899221,0.131296,-0.381999,-0.111020,-0.436380,-0.516741,-0.708658,0.003858,-0.140078,-0.129108,-0.019714,-0.644417,-0.196184,-0.154505,0.228163,0.105919,-0.389048,-0.184372,-0.506370,-0.861255,0.023021,0.140495
Tmed_DBAT_QDM39186.1	Tmed_DBAT_QDM39186.1	acceptor_superclass::Diterpenoids	acceptor_superclass::Fatty acyls;acceptor_superclass::Flavonoids;acceptor_superclass::Isoflavonoids;acceptor_superclass::Ornithine alkaloids;acceptor_superclass::Phenolic acids (C6-C1);acceptor_superclass::Small peptides	0,0,1,0,0,0,0,0,0,0,0,0,0,0,0,0,0,0,0,0,0,0,0	0,0,0,0,1,1,1,0,0,0,0,1,0,1,0,0,0,0,1,0,0,0,0	-1.397330,-0.797268,-0.314938,-0.510959,0.377547,0.607601,0.134373,-1.592312,-0.817710,-0.087109,-0.295770,0.543680,-1.095694,0.311217,-0.499746,-0.327645,-0.241987,-0.448194,0.486937,-0.667342,-0.480050,-0.109540,-0.074256
Tmed_TAT_QDM39184.1	Tmed_TAT_QDM39184.1	acceptor_superclass::Diterpenoids	acceptor_superclass::Diterpenoids;acceptor_superclass::Monoterpenoids;acceptor_superclass::Phenylpropanoids (C6-C3)	0,0,1,0,0,0,0,0,0,0,0,0,0,0,0,0,0,0,0,0,0,0,0	0,0,1,0,0,0,0,0,0,1,0,0,0,0,0,1,0,0,0,0,0,0,0	-10.291501,-5.888629,1.432812,-5.379590,-0.355457,-1.122918,-9.492257,-2.188218,-2.785629,0.738676,-2.072646,-0.853288,-7.019416,-5.205594,-1.715904,0.464607,-0.752393,-4.651567,-5.075616,-11.252812,-0.621263,-1.386560,-2.433675
Tpra_HST_ACI16630.1	Tpra_HCT1A_ACI16630.1	acceptor_superclass::Phenolic acids (C6-C1)	acceptor_superclass::Fatty Acids and Conjugates;acceptor_superclass::Ornithine alkaloids;acceptor_superclass::Phenolic acids (C6-C1);acceptor_superclass::Phenylethanoids (C6-C2);acceptor_superclass::Pseudoalkaloids;acceptor_superclass::Small peptides;acceptor_superclass::Tyrosine alkaloids	0,0,0,0,0,0,0,0,0,0,0,0,0,1,0,0,0,0,0,0,0,0,0	0,0,0,1,0,0,0,0,0,0,0,1,0,1,1,0,1,0,1,0,0,0,1	-1.379617,-6.770217,-2.307503,0.070502,-0.516230,-1.577061,-3.079456,-2.049376,-1.393874,-1.162909,-2.511370,0.309475,-1.080452,0.958089,0.217596,-0.523585,0.243272,-3.654335,0.307118,-3.413146,-0.272210,-1.557836,0.571044
Tpra_HMT_ACI16631.1	Tpra_HCT2_ACI16631.1	acceptor_superclass::Fatty Acids and Conjugates	acceptor_superclass::Diterpenoids;acceptor_superclass::Lysine alkaloids;acceptor_superclass::Ornithine alkaloids;acceptor_superclass::Phenylpropanoids (C6-C3);acceptor_superclass::Pseudoalkaloids;acceptor_superclass::Tyrosine alkaloids	0,0,0,1,0,0,0,0,0,0,0,0,0,0,0,0,0,0,0,0,0,0,0	0,0,1,0,0,0,0,0,1,0,0,1,0,0,0,1,1,0,0,0,0,0,1	-0.943035,-0.854971,0.166823,-0.257807,-0.298350,-0.290293,-0.356174,-0.577580,0.241079,-0.191564,-0.072519,0.177653,-0.505564,-0.011582,-0.007513,0.247072,0.187206,-0.457590,-0.112247,-0.279275,-0.812913,-0.165043,0.032473
Tpra_HDT1_AXB87812.1	Tpra_HDT1_AXB87812.1	acceptor_superclass::Small peptides;acceptor_superclass::Tyrosine alkaloids	acceptor_superclass::Ornithine alkaloids;acceptor_superclass::Pseudoalkaloids	0,0,0,0,0,0,0,0,0,0,0,0,0,0,0,0,0,0,1,0,0,0,1	0,0,0,0,0,0,0,0,0,0,0,1,0,0,0,0,1,0,0,0,0,0,0	-3.072572,-2.224952,-4.083137,-0.580694,-1.627000,-1.843337,-3.086725,-8.184683,-7.172926,-1.226690,-3.642973,0.879703,-2.794959,-1.419776,-0.530031,-1.047405,0.071968,-1.404991,-0.850959,-1.856776,-3.056233,-0.772392,-0.677406
Tpra_HDT1_AXB87812.1	Tpra_HDT_AXB87812.1	acceptor_superclass::Small peptides	acceptor_superclass::Ornithine alkaloids;acceptor_superclass::Pseudoalkaloids	0,0,0,0,0,0,0,0,0,0,0,0,0,0,0,0,0,0,1,0,0,0,0	0,0,0,0,0,0,0,0,0,0,0,1,0,0,0,0,1,0,0,0,0,0,0	-3.072572,-2.224952,-4.083137,-0.580694,-1.627000,-1.843337,-3.086725,-8.184683,-7.172926,-1.226690,-3.642973,0.879703,-2.794959,-1.419776,-0.530031,-1.047405,0.071968,-1.404991,-0.850959,-1.856776,-3.056233,-0.772392,-0.677406
Tpra_HMT_ACI16631.1	Tpra_HMT_ACI16631.1	acceptor_superclass::Fatty Acids and Conjugates	acceptor_superclass::Coumarins;acceptor_superclass::Cyclic polyketides;acceptor_superclass::Diterpenoids;acceptor_superclass::Fatty acyls;acceptor_superclass::Flavonoids;acceptor_superclass::Lysine alkaloids;acceptor_superclass::Monoterpenoids;acceptor_superclass::Naphthalenes;acceptor_superclass::Phenanthrenoids;acceptor_superclass::Phenolic acids (C6-C1);acceptor_superclass::Phenylethanoids (C6-C2);acceptor_superclass::Phenylpropanoids (C6-C3);acceptor_superclass::Pseudoalkaloids;acceptor_superclass::Saccharides;acceptor_superclass::Small peptides;acceptor_superclass::Steroids;acceptor_superclass::Triterpenoids;acceptor_superclass::Tyrosine alkaloids	0,0,0,1,0,0,0,0,0,0,0,0,0,0,0,0,0,0,0,0,0,0,0	1,1,1,0,1,1,0,0,1,1,1,0,1,1,1,1,1,1,1,1,1,0,1	0.009100,0.003470,0.110980,-0.080152,0.012684,0.002594,-0.128101,-0.101048,0.125592,0.006883,0.006093,-0.046638,0.136011,0.012538,0.259107,0.241577,0.114734,0.139870,0.063586,0.090974,0.025029,-0.100516,0.019058
Tpra_HST_ACI16630.1	Tpra_HST_ACI16630.1	acceptor_superclass::Phenolic acids (C6-C1)	acceptor_superclass::Coumarins;acceptor_superclass::Cyclic polyketides;acceptor_superclass::Diterpenoids;acceptor_superclass::Fatty acyls;acceptor_superclass::Lysine alkaloids;acceptor_superclass::Monoterpenoids;acceptor_superclass::Naphthalenes;acceptor_superclass::Phenanthrenoids;acceptor_superclass::Phenolic acids (C6-C1);acceptor_superclass::Phenylethanoids (C6-C2);acceptor_superclass::Phenylpropanoids (C6-C3);acceptor_superclass::Pseudoalkaloids;acceptor_superclass::Saccharides;acceptor_superclass::Small peptides;acceptor_superclass::Steroids;acceptor_superclass::Triterpenoids;acceptor_superclass::Tyrosine alkaloids	0,0,0,0,0,0,0,0,0,0,0,0,0,1,0,0,0,0,0,0,0,0,0	1,1,1,0,1,0,0,0,1,1,1,0,1,1,1,1,1,1,1,1,1,0,1	0.007499,0.003416,0.108631,-0.079349,0.010848,-0.002793,-0.128086,-0.103172,0.124239,0.008932,0.005086,-0.044228,0.135519,0.011135,0.254220,0.241394,0.115895,0.140474,0.061572,0.086675,0.026335,-0.101694,0.020145
Twal_DBAT_AFD32413.1	Twal_DBAT_AFD32413.1	acceptor_superclass::Diterpenoids	acceptor_superclass::Diterpenoids;acceptor_superclass::Monoterpenoids;acceptor_superclass::Phenylpropanoids (C6-C3);acceptor_superclass::Pseudoalkaloids	0,0,1,0,0,0,0,0,0,0,0,0,0,0,0,0,0,0,0,0,0,0,0	0,0,1,0,0,0,0,0,0,1,0,0,0,0,0,1,1,0,0,0,0,0,0	-10.800225,-7.963271,2.142799,-6.739021,-1.711332,-1.258322,-10.477278,-1.577572,-2.200759,0.350190,-3.034719,-0.607005,-7.120012,-3.551484,-1.890709,0.198547,0.082814,-5.376885,-4.801558,-12.689059,-1.143220,-1.841973,-1.883506
Vhyb_3MAT1_AAS77402.1	Vhyb_3MAT1_AAS77402.1	acceptor_superclass::Flavonoids;acceptor_superclass::Isoflavonoids;acceptor_superclass::Phenolic acids (C6-C1)	acceptor_superclass::Flavonoids;acceptor_superclass::Isoflavonoids;acceptor_superclass::Steroids	0,0,0,0,0,1,1,0,0,0,0,0,0,1,0,0,0,0,0,0,0,0,0	0,0,0,0,0,1,1,0,0,0,0,0,0,0,0,0,0,0,0,1,0,0,0	-0.730320,-3.526084,-8.950591,-0.773069,-0.904507,2.317094,0.062865,-12.528431,-7.942673,-1.834312,-0.879666,-3.217323,-2.425032,-4.052992,-3.034834,-2.796208,-2.385519,-8.965011,-2.687100,1.278377,-2.559671,-3.145471,-1.429080
Vlab_AMAT_AAW22989.1	Vlab_AMAT_AAW22989.1	acceptor_superclass::Fatty acyls	acceptor_superclass::Coumarins;acceptor_superclass::Cyclic polyketides;acceptor_superclass::Diterpenoids;acceptor_superclass::Lysine alkaloids;acceptor_superclass::Monoterpenoids;acceptor_superclass::Phenanthrenoids;acceptor_superclass::Phenylethanoids (C6-C2);acceptor_superclass::Phenylpropanoids (C6-C3);acceptor_superclass::Pseudoalkaloids;acceptor_superclass::Saccharides;acceptor_superclass::Small peptides;acceptor_superclass::Steroids;acceptor_superclass::Triterpenoids;acceptor_superclass::Tyrosine alkaloids	0,0,0,0,1,0,0,0,0,0,0,0,0,0,0,0,0,0,0,0,0,0,0	1,1,1,0,0,0,0,0,1,1,0,0,1,0,1,1,1,1,1,1,1,0,1	0.062665,0.004891,0.267736,-0.101610,-0.018869,-0.046310,-0.379438,-0.107237,0.147847,0.017212,-0.055945,-0.049726,0.138243,-0.150964,0.421842,0.478525,0.300066,0.364712,0.014044,0.289986,0.092903,-0.176285,0.094862
Vvin_3AT_AKF15588.1	Vvin_3AT_AKF15588.1	acceptor_superclass::Flavonoids	acceptor_superclass::Diterpenoids;acceptor_superclass::Monoterpenoids;acceptor_superclass::Phenylethanoids (C6-C2);acceptor_superclass::Phenylpropanoids (C6-C3);acceptor_superclass::Triterpenoids;acceptor_superclass::Tryptophan alkaloids	0,0,0,0,0,1,0,0,0,0,0,0,0,0,0,0,0,0,0,0,0,0,0	0,0,1,0,0,0,0,0,0,1,0,0,0,0,1,1,0,0,0,0,1,1,0	-1.451997,-3.199357,0.255596,-1.980615,-0.363052,-1.229827,-3.046986,-1.731368,-1.282771,0.291420,-0.234211,-0.565775,-0.716398,-1.732645,0.060759,0.223423,-0.419407,-0.686567,-1.060857,-1.668609,0.278237,0.315263,-0.417227
Vvin_AAT2_CBI26419.3	Vvin_AAT2_CBI26419.3	acceptor_superclass::Fatty acyls;acceptor_superclass::Phenylethanoids (C6-C2)	acceptor_superclass::Fatty acyls;acceptor_superclass::Lysine alkaloids;acceptor_superclass::Monoterpenoids;acceptor_superclass::Phenylethanoids (C6-C2);acceptor_superclass::Phenylpropanoids (C6-C3)	0,0,0,0,1,0,0,0,0,0,0,0,0,0,1,0,0,0,0,0,0,0,0	0,0,0,0,1,0,0,0,1,1,0,0,0,0,1,1,0,0,0,0,0,0,0	-11.426027,-3.492999,-4.437758,-0.737048,4.008044,-2.438880,-9.968097,-7.951734,0.120022,2.153340,-4.678850,-5.064695,-10.695251,-5.926951,0.550452,2.203580,-2.366896,-7.304461,-3.142334,-5.792491,-3.433148,-3.636776,-4.749728
Vvin_SHT_QNO39112.1	Vvin_SHT_QNO39112.1	acceptor_superclass::Ornithine alkaloids	acceptor_superclass::Coumarins;acceptor_superclass::Cyclic polyketides;acceptor_superclass::Diterpenoids;acceptor_superclass::Fatty acyls;acceptor_superclass::Lysine alkaloids;acceptor_superclass::Monoterpenoids;acceptor_superclass::Phenanthrenoids;acceptor_superclass::Phenylethanoids (C6-C2);acceptor_superclass::Phenylpropanoids (C6-C3);acceptor_superclass::Pseudoalkaloids;acceptor_superclass::Saccharides;acceptor_superclass::Small peptides;acceptor_superclass::Steroids;acceptor_superclass::Triterpenoids;acceptor_superclass::Tyrosine alkaloids	0,0,0,0,0,0,0,0,0,0,0,1,0,0,0,0,0,0,0,0,0,0,0	1,1,1,0,1,0,0,0,1,1,0,0,1,0,1,1,1,1,1,1,1,0,1	0.024749,0.005236,0.155708,-0.088715,0.001351,-0.014503,-0.199175,-0.105265,0.130917,0.008465,-0.013737,-0.047062,0.134525,-0.032879,0.300208,0.305925,0.166446,0.200407,0.047310,0.146281,0.042113,-0.125403,0.043975
Wlon_BAT1_NA	Wlon_BAT1_NA	acceptor_superclass::Monoterpenoids	acceptor_superclass::Diterpenoids;acceptor_superclass::Lysine alkaloids;acceptor_superclass::Ornithine alkaloids;acceptor_superclass::Phenylpropanoids (C6-C3);acceptor_superclass::Pseudoalkaloids;acceptor_superclass::Tyrosine alkaloids	0,0,0,0,0,0,0,0,0,1,0,0,0,0,0,0,0,0,0,0,0,0,0	0,0,1,0,0,0,0,0,1,0,0,1,0,0,0,1,1,0,0,0,0,0,1	-1.010093,-0.927162,0.193145,-0.318043,-0.208198,-0.398147,-0.486771,-0.738144,0.102269,-0.194267,-0.090559,0.085295,-0.713654,-0.132608,-0.163734,0.215760,0.174590,-0.500279,-0.153932,-0.442288,-0.926113,-0.014354,0.055692
Wlon_BAT2_NA	Wlon_BAT2_NA	acceptor_superclass::Monoterpenoids	acceptor_superclass::Diterpenoids;acceptor_superclass::Triterpenoids;acceptor_superclass::Tryptophan alkaloids;acceptor_superclass::Tyrosine alkaloids	0,0,0,0,0,0,0,0,0,1,0,0,0,0,0,0,0,0,0,0,0,0,0	0,0,1,0,0,0,0,0,0,0,0,0,0,0,0,0,0,0,0,0,1,1,1	-6.443526,-8.082259,1.779732,-3.497152,-2.696502,-1.535839,-6.502552,-1.700956,-6.631425,-0.343807,-1.448859,-1.285429,-3.165255,-2.035530,-1.591257,-0.665996,-1.565647,-1.031098,-4.609909,-10.372943,0.677375,2.316764,0.738676
Wlon_BAT3_NA	Wlon_BAT3_NA	acceptor_superclass::Monoterpenoids	acceptor_superclass::Diterpenoids;acceptor_superclass::Lysine alkaloids;acceptor_superclass::Naphthalenes;acceptor_superclass::Ornithine alkaloids;acceptor_superclass::Phenolic acids (C6-C1);acceptor_superclass::Phenylpropanoids (C6-C3);acceptor_superclass::Pseudoalkaloids;acceptor_superclass::Tryptophan alkaloids	0,0,0,0,0,0,0,0,0,1,0,0,0,0,0,0,0,0,0,0,0,0,0	0,0,1,0,0,0,0,0,1,0,1,1,0,1,0,1,1,0,0,0,0,1,0	-1.697985,-1.142388,0.313032,-0.168286,-0.320316,-0.455856,-0.758887,-0.993735,0.547823,-0.541591,0.038776,0.282017,-1.303333,0.071753,-0.379369,0.139226,0.128708,-0.677093,-0.086487,-0.550553,-1.411231,0.105264,-0.194459
Wvil_BAT1_WvBAHD8	Wvil_BAT1_WvBAHD8	acceptor_superclass::Monoterpenoids	acceptor_superclass::Diterpenoids;acceptor_superclass::Fatty acyls;acceptor_superclass::Lysine alkaloids;acceptor_superclass::Monoterpenoids;acceptor_superclass::Phenylpropanoids (C6-C3);acceptor_superclass::Saccharides;acceptor_superclass::Triterpenoids;acceptor_superclass::Tryptophan alkaloids	0,0,0,0,0,0,0,0,0,1,0,0,0,0,0,0,0,0,0,0,0,0,0	0,0,1,0,1,0,0,0,1,1,0,0,0,0,0,1,0,1,0,0,1,1,0	-1.774919,-6.025228,1.078804,-3.865478,1.028042,-1.234903,-4.497973,-0.642996,1.254552,1.535220,-0.582098,-1.936283,-1.112621,-2.078588,-0.277799,1.807214,-0.955823,0.235672,-1.298801,-2.079340,0.179895,0.376921,-1.392101
Wvil_BAT2_WvBAHD14	Wvil_BAT2_WvBAHD14	acceptor_superclass::Monoterpenoids	acceptor_superclass::Ornithine alkaloids	0,0,0,0,0,0,0,0,0,1,0,0,0,0,0,0,0,0,0,0,0,0,0	0,0,0,0,0,0,0,0,0,0,0,1,0,0,0,0,0,0,0,0,0,0,0	-6.509780,-4.066840,-4.395013,-3.649227,-1.220084,-0.405103,-6.514484,-11.667567,-7.060599,-0.832604,-2.247226,0.044458,-4.270496,-8.352866,-1.768027,-0.991479,-0.629966,-4.770505,-5.832434,-6.053614,-6.862708,-5.784634,-5.390553
Wvil_BAT3_WvBAHD39	Wvil_BAT3_WvBAHD39	acceptor_superclass::Monoterpenoids	acceptor_superclass::Coumarins;acceptor_superclass::Cyclic polyketides;acceptor_superclass::Diterpenoids;acceptor_superclass::Lysine alkaloids;acceptor_superclass::Monoterpenoids;acceptor_superclass::Phenanthrenoids;acceptor_superclass::Phenylethanoids (C6-C2);acceptor_superclass::Phenylpropanoids (C6-C3);acceptor_superclass::Pseudoalkaloids;acceptor_superclass::Saccharides;acceptor_superclass::Steroids;acceptor_superclass::Triterpenoids;acceptor_superclass::Tyrosine alkaloids	0,0,0,0,0,0,0,0,0,1,0,0,0,0,0,0,0,0,0,0,0,0,0	1,1,1,0,0,0,0,0,1,1,0,0,1,0,1,1,1,1,0,1,1,0,1	0.066432,0.025583,0.277985,-0.100320,-0.050753,-0.092308,-0.376496,-0.127536,0.154291,0.029840,-0.064851,-0.046335,0.129544,-0.163280,0.380985,0.464917,0.312144,0.379208,-0.008847,0.290128,0.104212,-0.187560,0.125845
Wvil_BAT4_WvBAHD40	Wvil_BAT4_WvBAHD40	acceptor_superclass::Monoterpenoids	acceptor_superclass::Fatty acyls;acceptor_superclass::Flavonoids;acceptor_superclass::Isoflavonoids;acceptor_superclass::Ornithine alkaloids;acceptor_superclass::Phenolic acids (C6-C1);acceptor_superclass::Small peptides;acceptor_superclass::Tyrosine alkaloids	0,0,0,0,0,0,0,0,0,1,0,0,0,0,0,0,0,0,0,0,0,0,0	0,0,0,0,1,1,1,0,0,0,0,1,0,1,0,0,0,0,1,0,0,0,1	-0.943452,-0.463771,-0.127184,-0.208670,0.234611,0.423633,0.096632,-1.177010,-0.603660,-0.067460,-0.188392,0.357585,-0.687669,0.158315,-0.347938,-0.259030,-0.101601,-0.216183,0.261387,-0.570116,-0.314410,-0.077741,0.026277
Wvil_BAT5_WvBAHD50	Wvil_BAT5_WvBAHD50	acceptor_superclass::Monoterpenoids	acceptor_superclass::Fatty acyls;acceptor_superclass::Flavonoids;acceptor_superclass::Isoflavonoids;acceptor_superclass::Ornithine alkaloids;acceptor_superclass::Phenolic acids (C6-C1);acceptor_superclass::Small peptides	0,0,0,0,0,0,0,0,0,1,0,0,0,0,0,0,0,0,0,0,0,0,0	0,0,0,0,1,1,1,0,0,0,0,1,0,1,0,0,0,0,1,0,0,0,0	-1.081407,-0.540882,-0.189768,-0.325338,0.255078,0.529888,0.125694,-1.388730,-0.718576,-0.031887,-0.242548,0.402948,-0.774814,0.203570,-0.372944,-0.296414,-0.156436,-0.301423,0.339586,-0.582296,-0.375706,-0.056930,-0.001065
Wvil_BAT6_WvBAHD28	Wvil_BAT6_WvBAHD28	acceptor_superclass::Monoterpenoids	acceptor_superclass::Fatty Acids and Conjugates;acceptor_superclass::Ornithine alkaloids;acceptor_superclass::Phenolic acids (C6-C1);acceptor_superclass::Phenylethanoids (C6-C2);acceptor_superclass::Pseudoalkaloids;acceptor_superclass::Small peptides;acceptor_superclass::Tyrosine alkaloids	0,0,0,0,0,0,0,0,0,1,0,0,0,0,0,0,0,0,0,0,0,0,0	0,0,0,1,0,0,0,0,0,0,0,1,0,1,1,0,1,0,1,0,0,0,1	-1.424383,-6.248447,-2.704821,0.125417,-0.368953,-0.971102,-2.487074,-1.340945,-1.389641,-1.194198,-2.434207,0.025342,-1.303976,1.015837,0.185022,-0.520900,0.263716,-3.051082,0.794191,-2.646511,-0.144258,-1.437964,0.455631
Zmay_AAT1_ONM11762.1	Zmay_AAT1_ONM11762.1	acceptor_superclass::Flavonoids	acceptor_superclass::Coumarins;acceptor_superclass::Flavonoids;acceptor_superclass::Isoflavonoids;acceptor_superclass::Naphthalenes;acceptor_superclass::Ornithine alkaloids;acceptor_superclass::Phenanthrenoids;acceptor_superclass::Pseudoalkaloids;acceptor_superclass::Steroids;acceptor_superclass::Triterpenoids	0,0,0,0,0,1,0,0,0,0,0,0,0,0,0,0,0,0,0,0,0,0,0	1,0,0,0,0,1,1,0,0,0,1,1,1,0,0,0,1,0,0,1,1,0,0	1.934791,-3.402127,-4.510538,-1.443156,-4.776695,3.492978,3.835513,-4.851843,-5.439911,-4.660669,1.012678,0.281073,1.958485,-1.920266,-2.411040,-2.567932,0.850272,-4.745724,-1.346337,2.534482,0.306117,-0.974901,-1.276859
Zmay_CAT_ACF87722.1	Zmay_CAT_ACF87722.1		acceptor_superclass::Coumarins;acceptor_superclass::Cyclic polyketides;acceptor_superclass::Diterpenoids;acceptor_superclass::Lysine alkaloids;acceptor_superclass::Monoterpenoids;acceptor_superclass::Phenanthrenoids;acceptor_superclass::Phenylethanoids (C6-C2);acceptor_superclass::Phenylpropanoids (C6-C3);acceptor_superclass::Pseudoalkaloids;acceptor_superclass::Saccharides;acceptor_superclass::Small peptides;acceptor_superclass::Steroids;acceptor_superclass::Triterpenoids;acceptor_superclass::Tyrosine alkaloids	0,0,0,0,0,0,0,0,0,0,0,0,0,0,0,0,0,0,0,0,0,0,0	1,1,1,0,0,0,0,0,1,1,0,0,1,0,1,1,1,1,1,1,1,0,1	0.053637,0.016133,0.240125,-0.096317,-0.029666,-0.060804,-0.324169,-0.116804,0.146980,0.021864,-0.047524,-0.047557,0.133027,-0.122649,0.364955,0.420530,0.266941,0.324489,0.012197,0.248133,0.084570,-0.166363,0.095545
Zmay_FMT_AQK78565.1	Zmay_FMT_AQK78565.1	acceptor_superclass::Phenylpropanoids (C6-C3)	acceptor_superclass::Coumarins;acceptor_superclass::Cyclic polyketides;acceptor_superclass::Diterpenoids;acceptor_superclass::Lysine alkaloids;acceptor_superclass::Monoterpenoids;acceptor_superclass::Phenanthrenoids;acceptor_superclass::Phenylethanoids (C6-C2);acceptor_superclass::Phenylpropanoids (C6-C3);acceptor_superclass::Pseudoalkaloids;acceptor_superclass::Saccharides;acceptor_superclass::Small peptides;acceptor_superclass::Steroids;acceptor_superclass::Triterpenoids;acceptor_superclass::Tyrosine alkaloids	0,0,0,0,0,0,0,0,0,0,0,0,0,0,0,1,0,0,0,0,0,0,0	1,1,1,0,0,0,0,0,1,1,0,0,1,0,1,1,1,1,1,1,1,0,1	0.041458,0.007245,0.203778,-0.092550,-0.008660,-0.028884,-0.272349,-0.105703,0.140175,0.013836,-0.030131,-0.049225,0.136764,-0.082638,0.350192,0.376718,0.222268,0.270738,0.033232,0.207668,0.065199,-0.144897,0.065722
