fasta_id	enzyme_id	true_labels	predicted_labels	true_vector	pred_vector	score_vector
Aagr_HCT6_QPI70575.1	Aagr_HCT6_QPI70575.1	acceptor_superclass::Phenolic acids (C6-C1);acceptor_superclass::Small peptides	acceptor_superclass::Fatty Acids and Conjugates;acceptor_superclass::Phenolic acids (C6-C1);acceptor_superclass::Phenylpropanoids (C6-C3);acceptor_superclass::Small peptides	0,0,0,0,0,0,0,0,0,0,0,0,0,1,0,0,0,0,1,0,0,0,0	0,0,0,1,0,0,0,0,0,0,0,0,0,1,0,1,0,0,1,0,0,0,0	-11.087629,-12.730506,-1.571222,2.285142,-1.148733,-6.048211,-7.555956,-1.067795,-8.785639,-2.663948,-12.874065,-3.443925,-9.846459,2.705059,-2.659653,2.240132,-6.187315,-10.868411,0.969973,-10.301138,-10.207025,-9.803378,-2.305976
Aagr_HFT-like_Aagr000038l.49.1	Aagr_HFT-like_Aagr000038l.49.1	acceptor_superclass::Fatty Acids and Conjugates	acceptor_superclass::Naphthalenes;acceptor_superclass::Ornithine alkaloids;acceptor_superclass::Phenolic acids (C6-C1);acceptor_superclass::Pseudoalkaloids;acceptor_superclass::Tryptophan alkaloids;acceptor_superclass::Tyrosine alkaloids	0,0,0,1,0,0,0,0,0,0,0,0,0,0,0,0,0,0,0,0,0,0,0	0,0,0,0,0,0,0,0,0,0,1,1,0,1,0,0,1,0,0,0,0,1,1	-2.358173,-6.080334,-7.446902,-4.522082,-7.997668,-4.340143,-3.962761,-7.990320,-8.078489,-7.394800,0.025623,6.305003,-5.865737,0.254517,-8.252048,-4.339123,1.377896,-14.578912,-0.577246,-5.571289,-4.875394,1.501454,3.008089
Abel_TS_WPF47615.1	Abel_TS_WPF47615.1		acceptor_superclass::Lignans;acceptor_superclass::Phenylpropanoids (C6-C3);acceptor_superclass::Triterpenoids;acceptor_superclass::Tyrosine alkaloids	0,0,0,0,0,0,0,0,0,0,0,0,0,0,0,0,0,0,0,0,0,0,0	0,0,0,0,0,0,0,1,0,0,0,0,0,0,0,1,0,0,0,0,1,0,1	-10.227770,-9.968700,-8.925834,-6.531982,-11.520155,-2.488194,-7.226355,3.562975,-5.741055,-1.498391,-2.612138,-5.550086,-10.704096,-0.615093,-8.605630,3.891811,-8.258191,-7.598135,-3.698272,-7.895944,3.028257,-7.429499,2.392250
Achi_AT16_PSS01274.1	Achi_AT16_PSS01274.1	acceptor_superclass::Fatty acyls	acceptor_superclass::Fatty acyls;acceptor_superclass::Lysine alkaloids;acceptor_superclass::Monoterpenoids;acceptor_superclass::Phenylethanoids (C6-C2);acceptor_superclass::Phenylpropanoids (C6-C3);acceptor_superclass::Pseudoalkaloids	0,0,0,0,1,0,0,0,0,0,0,0,0,0,0,0,0,0,0,0,0,0,0	0,0,0,0,1,0,0,0,1,1,0,0,0,0,1,1,1,0,0,0,0,0,0	-4.722858,-1.280063,-7.642591,-7.071284,1.166155,-2.394758,-8.350480,-0.868969,1.287751,2.105564,-7.205469,-0.438862,-5.990674,-5.543905,1.412429,1.872815,0.853037,-11.089901,-6.871696,-10.344027,-0.688580,-2.408557,-3.528044
Achi_FHT_PSR89440.1	Achi_FHT_PSR89440.1	acceptor_superclass::Fatty Acids and Conjugates;acceptor_superclass::Fatty acyls	acceptor_superclass::Fatty Acids and Conjugates;acceptor_superclass::Fatty acyls;acceptor_superclass::Phenylpropanoids (C6-C3)	0,0,0,1,1,0,0,0,0,0,0,0,0,0,0,0,0,0,0,0,0,0,0	0,0,0,1,1,0,0,0,0,0,0,0,0,0,0,1,0,0,0,0,0,0,0	-10.126101,-7.240329,-4.120227,8.540396,6.283399,-6.796091,-4.773494,-7.936041,-0.348540,-4.565925,-18.524723,-5.038043,-10.597157,-2.381490,-6.353016,1.138900,-4.355264,-7.710277,-8.671804,-11.393418,-7.459769,-5.022957,-12.712274
Aeri_AT9_AIC83789.1	Aeri_AT9_AIC83789.1	acceptor_superclass::Fatty acyls	acceptor_superclass::Fatty acyls;acceptor_superclass::Lignans;acceptor_superclass::Phenylpropanoids (C6-C3)	0,0,0,0,1,0,0,0,0,0,0,0,0,0,0,0,0,0,0,0,0,0,0	0,0,0,0,1,0,0,1,0,0,0,0,0,0,0,1,0,0,0,0,0,0,0	-9.182450,-7.009076,-14.707993,-6.650214,2.114967,-4.624687,-7.054332,3.709402,-11.587729,-4.847029,-9.962924,-9.538932,-8.149718,-0.146639,-2.560125,4.725234,-9.020076,-6.635406,-7.487355,-3.992526,-6.400647,-8.981557,-9.581843
Aeuc_AAT1_BDW80083.1	Aeuc_AAT1_BDW80083.1	acceptor_superclass::Naphthalenes	acceptor_superclass::Naphthalenes;acceptor_superclass::Tyrosine alkaloids	0,0,0,0,0,0,0,0,0,0,1,0,0,0,0,0,0,0,0,0,0,0,0	0,0,0,0,0,0,0,0,0,0,1,0,0,0,0,0,0,0,0,0,0,0,1	-6.624794,-9.738647,-9.879480,-11.885894,-8.882134,-7.853608,-10.704193,-7.677012,-16.420509,-9.346454,5.872062,-1.009293,-5.810710,-10.007478,-6.075815,-5.577060,-7.787545,-7.282585,-5.399637,-4.299903,-11.200214,-2.438521,0.013398
Aeuc_AAT2_BDW80089.1	Aeuc_AAT2_BDW80089.1	acceptor_superclass::Naphthalenes	acceptor_superclass::Naphthalenes;acceptor_superclass::Ornithine alkaloids;acceptor_superclass::Pseudoalkaloids;acceptor_superclass::Tryptophan alkaloids	0,0,0,0,0,0,0,0,0,0,1,0,0,0,0,0,0,0,0,0,0,0,0	0,0,0,0,0,0,0,0,0,0,1,1,0,0,0,0,1,0,0,0,0,1,0	-2.985374,-5.597977,-1.616529,-8.911749,-6.613520,-4.846797,-6.391221,-7.129848,-8.024805,-3.900670,4.987822,5.605183,-5.282653,-5.413183,-5.612811,-2.670427,2.751250,-14.206200,-2.633475,-8.846848,-0.868947,5.128016,-1.424385
Aeuc_SAT2_BDW80080.1	Aeuc_SAT2_BDW80080.1	acceptor_superclass::Naphthalenes	acceptor_superclass::Flavonoids;acceptor_superclass::Monoterpenoids;acceptor_superclass::Phenylpropanoids (C6-C3);acceptor_superclass::Small peptides;acceptor_superclass::Tryptophan alkaloids;acceptor_superclass::Tyrosine alkaloids	0,0,0,0,0,0,0,0,0,0,1,0,0,0,0,0,0,0,0,0,0,0,0	0,0,0,0,0,1,0,0,0,1,0,0,0,0,0,1,0,0,1,0,0,1,1	-11.884950,-13.992202,-2.983144,-8.688005,-8.383944,0.139720,-10.360716,-11.519582,-7.151761,2.203278,-8.251876,-9.684639,-10.312708,-1.048663,-4.698511,2.320270,-10.902661,-2.289457,4.114461,-12.104999,-3.408355,1.179167,1.863864
Amem_AT7-3_WMQ79387.1	Amem_AT7-3_WMQ79387.1	acceptor_superclass::Triterpenoids	acceptor_superclass::Ornithine alkaloids;acceptor_superclass::Pseudoalkaloids;acceptor_superclass::Tryptophan alkaloids	0,0,0,0,0,0,0,0,0,0,0,0,0,0,0,0,0,0,0,0,1,0,0	0,0,0,0,0,0,0,0,0,0,0,1,0,0,0,0,1,0,0,0,0,1,0	-5.428926,-6.764020,-0.481160,-11.164946,-8.678805,-0.113665,-8.223659,-0.933641,-8.060691,-3.336224,-10.744780,8.959622,-6.472892,-11.313624,-1.760915,-5.028483,7.303676,-12.082225,-3.103828,-6.193977,-5.631871,6.610945,-0.707790
Arac_HPT1_QAA12830.1	Arac_HPT1_QAA12830.1	acceptor_superclass::Phenylpropanoids (C6-C3)	acceptor_superclass::Phenylethanoids (C6-C2);acceptor_superclass::Phenylpropanoids (C6-C3)	0,0,0,0,0,0,0,0,0,0,0,0,0,0,0,1,0,0,0,0,0,0,0	0,0,0,0,0,0,0,0,0,0,0,0,0,0,1,1,0,0,0,0,0,0,0	-9.978400,-6.795372,-6.032507,-1.685798,-7.266989,-1.748431,-18.361927,-4.421725,-9.473407,-3.033803,-12.746698,-3.187595,-10.890571,-2.555877,5.894597,0.677646,-6.443125,-13.047591,-3.546216,-8.305840,-5.761111,-11.305621,-3.239957
Asat_HCBT_BAC78635.1	Asat_HCBT_BAC78635.1	acceptor_superclass::Small peptides	acceptor_superclass::Phenolic acids (C6-C1)	0,0,0,0,0,0,0,0,0,0,0,0,0,0,0,0,0,0,1,0,0,0,0	0,0,0,0,0,0,0,0,0,0,0,0,0,1,0,0,0,0,0,0,0,0,0	-9.604198,-14.776860,-9.826994,-10.941823,-11.811784,-4.263855,-8.049157,-12.331632,-18.824211,-9.935005,-13.907748,-8.396346,-11.577743,4.319732,-8.891004,-8.280238,-8.803730,-6.460699,-2.816263,-6.664783,-4.924715,-7.571334,-2.328912
Asat_HHT1_BAC78633.1	Asat_HHT1_BAC78633.1	acceptor_superclass::Phenolic acids (C6-C1)	acceptor_superclass::Flavonoids;acceptor_superclass::Lignans;acceptor_superclass::Monoterpenoids;acceptor_superclass::Phenolic acids (C6-C1);acceptor_superclass::Small peptides;acceptor_superclass::Tryptophan alkaloids;acceptor_superclass::Tyrosine alkaloids	0,0,0,0,0,0,0,0,0,0,0,0,0,1,0,0,0,0,0,0,0,0,0	0,0,0,0,0,1,0,1,0,1,0,0,0,1,0,0,0,0,1,0,0,1,1	-11.529230,-10.631876,-4.096264,-12.306440,-12.201531,1.275770,-8.415617,1.696317,-10.623590,0.823038,-10.331017,-0.792445,-10.500894,1.368229,-6.840883,-1.070444,-1.074111,-6.807866,5.212547,-9.060543,-6.075668,3.772915,5.288095
Asat_HHT4_QDC27803.1	Asat_HHT4_QDC27803.1	acceptor_superclass::Phenolic acids (C6-C1)	acceptor_superclass::Phenolic acids (C6-C1);acceptor_superclass::Phenylpropanoids (C6-C3);acceptor_superclass::Small peptides	0,0,0,0,0,0,0,0,0,0,0,0,0,1,0,0,0,0,0,0,0,0,0	0,0,0,0,0,0,0,0,0,0,0,0,0,1,0,1,0,0,1,0,0,0,0	-10.682117,-10.882056,-11.011065,-6.394794,-6.902766,-4.060696,-12.636342,-8.347379,-15.120986,-8.079257,-16.865582,-5.632651,-12.073658,9.013827,-6.075223,3.285906,-5.397236,-9.930854,0.687521,-8.995823,-10.932513,-15.059978,-9.834826
Asch_AKS1_URS65387.1	Asch_AKS1_URS65387.1	acceptor_superclass::Tryptophan alkaloids	acceptor_superclass::Cyclic polyketides;acceptor_superclass::Diterpenoids;acceptor_superclass::Fatty acyls;acceptor_superclass::Monoterpenoids;acceptor_superclass::Phenylpropanoids (C6-C3);acceptor_superclass::Saccharides;acceptor_superclass::Triterpenoids	0,0,0,0,0,0,0,0,0,0,0,0,0,0,0,0,0,0,0,0,0,1,0	0,1,1,0,1,0,0,0,0,1,0,0,0,0,0,1,0,1,0,0,1,0,0	-8.265304,0.172200,1.499308,-7.220878,3.300920,-9.483102,-14.565814,-1.808663,-1.542288,4.963200,-6.739585,-5.931222,-7.285760,-8.823259,-0.688040,0.301790,-7.847587,0.021530,-8.840283,-7.551783,4.131113,-6.569752,-10.224617
Asch_AKS2_URS65388.1	Asch_AKS2_URS65388.1	acceptor_superclass::Tryptophan alkaloids	acceptor_superclass::Diterpenoids	0,0,0,0,0,0,0,0,0,0,0,0,0,0,0,0,0,0,0,0,0,1,0	0,0,1,0,0,0,0,0,0,0,0,0,0,0,0,0,0,0,0,0,0,0,0	-8.611276,-11.403148,4.452277,-7.806269,-2.395133,-2.620949,-7.214864,-8.455688,-3.861230,-2.409933,-0.909685,-5.902081,-7.820949,-9.723272,-4.061563,-4.490533,-2.974192,-4.107579,-6.459207,-3.961705,-5.942782,-0.102081,-6.179116
Asin_FMT_AHL24755.1	Asin_FMT_AHL24755.1	acceptor_superclass::Phenylpropanoids (C6-C3)	acceptor_superclass::Diterpenoids;acceptor_superclass::Triterpenoids	0,0,0,0,0,0,0,0,0,0,0,0,0,0,0,1,0,0,0,0,0,0,0	0,0,1,0,0,0,0,0,0,0,0,0,0,0,0,0,0,0,0,0,1,0,0	-8.629820,-5.056202,4.044601,-6.561284,-4.200768,-3.066011,-7.504894,-5.035813,-8.108954,-2.056326,-6.464905,-6.440822,-7.939537,-8.235551,-6.024807,-3.387579,-8.920916,-1.179595,-5.161505,-5.096381,2.474519,-0.620812,-4.836846
Atha_3AT1_AEE27636.1	Atha_3AT1_AEE27636.1	acceptor_superclass::Flavonoids	acceptor_superclass::Flavonoids;acceptor_superclass::Isoflavonoids	0,0,0,0,0,1,0,0,0,0,0,0,0,0,0,0,0,0,0,0,0,0,0	0,0,0,0,0,1,1,0,0,0,0,0,0,0,0,0,0,0,0,0,0,0,0	-7.774582,-10.788149,-10.062304,-8.038279,-6.612092,7.834435,2.420305,-9.721107,-9.878743,-9.156365,-13.734085,-5.222327,-8.434813,-5.137082,-7.684926,-2.528404,-7.260985,-12.952194,-11.974768,-0.689460,-5.891459,-8.401093,-8.203899
Atha_3AT2_AAF86513.1	Atha_3AT2_AAF86513.1	acceptor_superclass::Flavonoids	acceptor_superclass::Flavonoids;acceptor_superclass::Tyrosine alkaloids	0,0,0,0,0,1,0,0,0,0,0,0,0,0,0,0,0,0,0,0,0,0,0	0,0,0,0,0,1,0,0,0,0,0,0,0,0,0,0,0,0,0,0,0,0,1	-4.886961,-10.728341,-9.106822,-8.230256,-9.307557,1.519097,-0.095895,-11.119856,-14.349809,-12.821641,-9.254792,-6.209217,-7.432511,-1.232804,-7.057762,-2.500504,-9.544137,-8.956675,-1.807561,-0.601476,-9.528810,-6.226303,0.028429
Atha_5MAT_BAB01191.1	Atha_5MAT_BAB01191.1	acceptor_superclass::Flavonoids	acceptor_superclass::Flavonoids;acceptor_superclass::Phenolic acids (C6-C1);acceptor_superclass::Saccharides;acceptor_superclass::Small peptides;acceptor_superclass::Tyrosine alkaloids	0,0,0,0,0,1,0,0,0,0,0,0,0,0,0,0,0,0,0,0,0,0,0	0,0,0,0,0,1,0,0,0,0,0,0,0,1,0,0,0,1,1,0,0,0,1	-8.436957,-13.843077,-8.580435,-2.559745,-7.879836,3.496757,-2.927743,-12.996930,-6.298974,-3.375551,-8.264460,-7.955277,-7.787939,1.608303,-8.566407,-2.022178,-8.436724,0.975593,2.950808,-6.545297,-7.438991,-1.127512,4.008698
Atha_ACT1_NP_200924.1	Atha_ACT1_NP_200924.1	acceptor_superclass::Ornithine alkaloids;acceptor_superclass::Pseudoalkaloids	acceptor_superclass::Coumarins;acceptor_superclass::Cyclic polyketides;acceptor_superclass::Fatty acyls;acceptor_superclass::Flavonoids;acceptor_superclass::Naphthalenes;acceptor_superclass::Phenanthrenoids;acceptor_superclass::Phenylethanoids (C6-C2);acceptor_superclass::Steroids	0,0,0,0,0,0,0,0,0,0,0,1,0,0,0,0,1,0,0,0,0,0,0	1,1,0,0,1,1,0,0,0,0,1,0,1,0,1,0,0,0,0,1,0,0,0	5.360351,7.875787,-0.870259,-3.916162,5.465936,0.738871,-8.983654,-2.807430,-0.192938,-0.084874,2.918286,-6.851730,4.957831,-7.204584,6.716823,-0.623323,-7.624805,-3.488994,-2.379880,6.764321,-2.741024,-2.859109,-2.926964
Atha_HHT1_AAL34170.1	Atha_ASFT_NP_851111.1	acceptor_superclass::Fatty Acids and Conjugates;acceptor_superclass::Fatty acyls	acceptor_superclass::Fatty Acids and Conjugates;acceptor_superclass::Flavonoids;acceptor_superclass::Saccharides	0,0,0,1,1,0,0,0,0,0,0,0,0,0,0,0,0,0,0,0,0,0,0	0,0,0,1,0,1,0,0,0,0,0,0,0,0,0,0,0,1,0,0,0,0,0	-10.950061,-10.974224,-3.967225,0.553859,-2.815258,1.144180,-3.585273,-12.704709,-1.708286,-2.704954,-11.525619,-3.627128,-10.196583,-6.804226,-5.823109,-3.652114,-0.768363,4.777822,-3.254041,-6.762136,-11.051345,-3.959253,-3.822024
Atha_AT3G47170_NP_190301.2	Atha_AT3G47170_NP_190301.2	acceptor_superclass::Ornithine alkaloids;acceptor_superclass::Pseudoalkaloids	acceptor_superclass::Coumarins;acceptor_superclass::Isoflavonoids;acceptor_superclass::Naphthalenes;acceptor_superclass::Ornithine alkaloids;acceptor_superclass::Pseudoalkaloids;acceptor_superclass::Tryptophan alkaloids;acceptor_superclass::Tyrosine alkaloids	0,0,0,0,0,0,0,0,0,0,0,1,0,0,0,0,1,0,0,0,0,0,0	1,0,0,0,0,0,1,0,0,0,1,1,0,0,0,0,1,0,0,0,0,1,1	0.655153,-3.380315,-7.762684,-7.517578,-9.025965,-0.659689,1.585818,-8.715351,-7.635684,-6.343358,0.527949,7.598182,-4.351596,-1.176181,-8.805325,-5.492262,3.720134,-14.003546,-2.987737,-5.097552,-1.866229,1.898828,1.270877
Atha_PHT_OAO95042.1	Atha_AT5G07080_OAO95042.1	acceptor_superclass::Ornithine alkaloids;acceptor_superclass::Pseudoalkaloids	acceptor_superclass::Lignans;acceptor_superclass::Monoterpenoids;acceptor_superclass::Ornithine alkaloids;acceptor_superclass::Pseudoalkaloids	0,0,0,0,0,0,0,0,0,0,0,1,0,0,0,0,1,0,0,0,0,0,0	0,0,0,0,0,0,0,1,0,1,0,1,0,0,0,0,1,0,0,0,0,0,0	-2.139493,-3.278239,-5.621607,-12.579865,-1.121913,-3.637416,-9.901632,1.118986,-0.113798,1.000438,-8.019248,8.485858,-6.226818,-4.954736,-3.046698,-2.505862,9.193062,-14.847857,-6.965474,-3.638993,-5.336907,-6.588529,-9.732377
Atha_BIA1_CAB10319.1	Atha_BIA1_CAB10319.1	acceptor_superclass::Steroids	acceptor_superclass::Flavonoids;acceptor_superclass::Monoterpenoids;acceptor_superclass::Phenolic acids (C6-C1);acceptor_superclass::Phenylpropanoids (C6-C3);acceptor_superclass::Small peptides;acceptor_superclass::Tyrosine alkaloids	0,0,0,0,0,0,0,0,0,0,0,0,0,0,0,0,0,0,0,1,0,0,0	0,0,0,0,0,1,0,0,0,1,0,0,0,1,0,1,0,0,1,0,0,0,1	-9.720386,-11.045879,-6.609450,-10.861139,-6.266788,3.526981,-6.296619,-8.085193,-7.160619,4.005967,-11.092271,-12.508979,-10.203156,1.492557,-4.171488,1.810367,-12.230110,-7.462406,3.736149,-9.660214,-0.661916,-0.996499,2.036196
Atha_CHAT_AAN09797.1	Atha_CHAT_AAN09797.1	acceptor_superclass::Fatty acyls;acceptor_superclass::Monoterpenoids;acceptor_superclass::Phenylethanoids (C6-C2);acceptor_superclass::Phenylpropanoids (C6-C3)	acceptor_superclass::Coumarins;acceptor_superclass::Cyclic polyketides;acceptor_superclass::Fatty acyls;acceptor_superclass::Lignans;acceptor_superclass::Monoterpenoids;acceptor_superclass::Phenanthrenoids;acceptor_superclass::Phenylethanoids (C6-C2);acceptor_superclass::Phenylpropanoids (C6-C3);acceptor_superclass::Triterpenoids	0,0,0,0,1,0,0,0,0,1,0,0,0,0,1,1,0,0,0,0,0,0,0	1,1,0,0,1,0,0,1,0,1,0,0,1,0,1,1,0,0,0,0,1,0,0	1.528913,6.029149,-10.101428,-2.819933,2.022730,-1.308461,-3.280101,2.136587,-3.613152,2.866668,-1.319895,-2.413447,0.524198,-5.144914,0.827462,1.220354,-2.879659,-8.716136,-8.115383,-6.877743,5.574247,-3.205989,-3.487051
Atha_COSY_AEE31013.1	Atha_COSY_AEE31013.1		acceptor_superclass::Naphthalenes;acceptor_superclass::Tryptophan alkaloids	0,0,0,0,0,0,0,0,0,0,0,0,0,0,0,0,0,0,0,0,0,0,0	0,0,0,0,0,0,0,0,0,0,1,0,0,0,0,0,0,0,0,0,0,1,0	-6.676639,-10.982114,-0.058646,-9.313230,-6.743331,-1.248849,-6.710773,-8.305927,-7.827917,-5.212961,2.496802,-2.674715,-4.801111,-8.023748,-4.578909,-1.728652,-3.824807,-6.999604,-5.623987,-3.180069,-5.388637,1.706446,-3.817975
Atha_DCF_AAQ62868.1	Atha_DCF_AAQ62868.1	acceptor_superclass::Fatty Acids and Conjugates;acceptor_superclass::Fatty acyls	acceptor_superclass::Fatty Acids and Conjugates;acceptor_superclass::Fatty acyls;acceptor_superclass::Lignans;acceptor_superclass::Monoterpenoids;acceptor_superclass::Phenylethanoids (C6-C2);acceptor_superclass::Phenylpropanoids (C6-C3)	0,0,0,1,1,0,0,0,0,0,0,0,0,0,0,0,0,0,0,0,0,0,0	0,0,0,1,1,0,0,1,0,1,0,0,0,0,1,1,0,0,0,0,0,0,0	-12.067894,-6.677412,-12.442928,1.892444,5.723966,-9.904422,-8.640514,0.966981,-5.196502,0.330337,-15.178115,-7.403056,-10.148622,-3.762645,0.410833,4.974670,-4.919528,-8.305901,-9.810637,-10.750828,-5.799245,-4.323511,-11.016348
Atha_EPS1_NP_201517.1	Atha_EPS1_NP_201517.1		acceptor_superclass::Flavonoids;acceptor_superclass::Monoterpenoids;acceptor_superclass::Phenolic acids (C6-C1);acceptor_superclass::Phenylpropanoids (C6-C3);acceptor_superclass::Small peptides;acceptor_superclass::Triterpenoids;acceptor_superclass::Tryptophan alkaloids;acceptor_superclass::Tyrosine alkaloids	0,0,0,0,0,0,0,0,0,0,0,0,0,0,0,0,0,0,0,0,0,0,0	0,0,0,0,0,1,0,0,0,1,0,0,0,1,0,1,0,0,1,0,1,1,1	-8.368115,-10.063623,-7.236378,-14.096737,-7.729614,3.788407,-6.526177,-6.685285,-7.517420,3.576402,-9.422256,-10.748448,-8.237168,0.904815,-2.966314,2.448250,-11.354485,-10.530122,2.727117,-9.387448,1.745991,0.937527,2.963226
Atha_FACT_AAN13119.1	Atha_FACT_AAN13119.1	acceptor_superclass::Fatty acyls	acceptor_superclass::Diterpenoids;acceptor_superclass::Fatty Acids and Conjugates;acceptor_superclass::Fatty acyls	0,0,0,0,1,0,0,0,0,0,0,0,0,0,0,0,0,0,0,0,0,0,0	0,0,1,1,1,0,0,0,0,0,0,0,0,0,0,0,0,0,0,0,0,0,0	-5.640182,-7.955823,3.435280,3.528563,8.312951,-2.744412,-5.583376,-3.234136,-9.028021,-4.057418,-5.273537,-9.907064,-4.093012,-6.988269,-1.407638,-0.316856,-10.266090,-8.699171,-12.501640,-7.828190,-8.192126,-7.823115,-9.761931
Atha_GGES_AED96958.1	Atha_GGES_AED96958.1		acceptor_superclass::Naphthalenes;acceptor_superclass::Ornithine alkaloids;acceptor_superclass::Pseudoalkaloids;acceptor_superclass::Triterpenoids;acceptor_superclass::Tryptophan alkaloids	0,0,0,0,0,0,0,0,0,0,0,0,0,0,0,0,0,0,0,0,0,0,0	0,0,0,0,0,0,0,0,0,0,1,1,0,0,0,0,1,0,0,0,1,1,0	-0.643689,-1.086253,-4.514264,-9.333014,-4.423759,-3.850768,-4.917502,-4.733297,-5.245905,-1.166735,1.532761,7.573876,-4.395151,-5.741514,-3.614597,-3.147786,5.944196,-15.427498,-3.744496,-10.093107,1.915806,3.225840,-1.116850
Atha_HCT_BAB10316.1	Atha_HCT_BAB10316.1	acceptor_superclass::Flavonoids;acceptor_superclass::Phenolic acids (C6-C1);acceptor_superclass::Phenylpropanoids (C6-C3);acceptor_superclass::Small peptides	acceptor_superclass::Flavonoids;acceptor_superclass::Phenolic acids (C6-C1);acceptor_superclass::Phenylpropanoids (C6-C3);acceptor_superclass::Small peptides;acceptor_superclass::Triterpenoids;acceptor_superclass::Tyrosine alkaloids	0,0,0,0,0,1,0,0,0,0,0,0,0,1,0,1,0,0,1,0,0,0,0	0,0,0,0,0,1,0,0,0,0,0,0,0,1,0,1,0,0,1,0,1,0,1	-8.523740,-12.504912,-7.643654,-12.079430,-8.434284,0.783146,-6.750304,-8.403258,-9.823673,-1.042615,-7.162378,-12.347626,-8.502728,4.482706,-4.880471,0.075989,-14.698932,-10.278906,3.150897,-8.932009,0.022180,-1.015877,2.884902
Atha_HHT1_AAL34170.1	Atha_HHT1_AAL34170.1	acceptor_superclass::Fatty Acids and Conjugates;acceptor_superclass::Fatty acyls	acceptor_superclass::Fatty Acids and Conjugates;acceptor_superclass::Flavonoids;acceptor_superclass::Saccharides	0,0,0,1,1,0,0,0,0,0,0,0,0,0,0,0,0,0,0,0,0,0,0	0,0,0,1,0,1,0,0,0,0,0,0,0,0,0,0,0,1,0,0,0,0,0	-10.950061,-10.974224,-3.967225,0.553859,-2.815258,1.144180,-3.585273,-12.704709,-1.708286,-2.704954,-11.525619,-3.627128,-10.196583,-6.804226,-5.823109,-3.652114,-0.768363,4.777822,-3.254041,-6.762136,-11.051345,-3.959253,-3.822024
Atha_FACT_AAN13119.1	Atha_HHT3_NP_201161.1	acceptor_superclass::Fatty acyls	acceptor_superclass::Monoterpenoids;acceptor_superclass::Phenolic acids (C6-C1);acceptor_superclass::Small peptides	0,0,0,0,1,0,0,0,0,0,0,0,0,0,0,0,0,0,0,0,0,0,0	0,0,0,0,0,0,0,0,0,1,0,0,0,1,0,0,0,0,1,0,0,0,0	-10.663835,-11.064154,-6.040462,-5.645271,-1.989093,-0.462780,-6.708888,-8.472631,-8.362241,0.556977,-10.489545,-15.461505,-11.764896,3.402330,-5.120718,-0.828251,-15.435326,-7.807327,2.717367,-9.086494,-3.717021,-6.732411,-1.012215
Atha_HHT1_AAL34170.1	Atha_HHT_AAL34170.1	acceptor_superclass::Fatty Acids and Conjugates	acceptor_superclass::Fatty Acids and Conjugates;acceptor_superclass::Flavonoids;acceptor_superclass::Saccharides	0,0,0,1,0,0,0,0,0,0,0,0,0,0,0,0,0,0,0,0,0,0,0	0,0,0,1,0,1,0,0,0,0,0,0,0,0,0,0,0,1,0,0,0,0,0	-10.950061,-10.974224,-3.967225,0.553859,-2.815258,1.144180,-3.585273,-12.704709,-1.708286,-2.704954,-11.525619,-3.627128,-10.196583,-6.804226,-5.823109,-3.652114,-0.768363,4.777822,-3.254041,-6.762136,-11.051345,-3.959253,-3.822024
Atha_PHT_OAO95042.1	Atha_PHT_OAO95042.1	acceptor_superclass::Ornithine alkaloids;acceptor_superclass::Pseudoalkaloids	acceptor_superclass::Flavonoids;acceptor_superclass::Ornithine alkaloids;acceptor_superclass::Pseudoalkaloids	0,0,0,0,0,0,0,0,0,0,0,1,0,0,0,0,1,0,0,0,0,0,0	0,0,0,0,0,1,0,0,0,0,0,1,0,0,0,0,1,0,0,0,0,0,0	-9.641746,-10.528070,-8.342759,-4.166179,-5.434758,4.508378,-2.676246,-13.338616,-7.045892,-3.426235,-12.010653,0.048927,-9.550411,-7.187276,-8.352847,-6.632641,2.958193,-2.121108,-8.538273,-6.676257,-6.992215,-2.238656,-4.932185
Atha_PMAT1_AED94391.1	Atha_PMAT1_AED94391.1	acceptor_superclass::Flavonoids;acceptor_superclass::Isoflavonoids;acceptor_superclass::Steroids	acceptor_superclass::Flavonoids;acceptor_superclass::Isoflavonoids	0,0,0,0,0,1,1,0,0,0,0,0,0,0,0,0,0,0,0,1,0,0,0	0,0,0,0,0,1,1,0,0,0,0,0,0,0,0,0,0,0,0,0,0,0,0	-6.916829,-8.913449,-13.810384,-10.717134,-9.007779,5.914166,6.877916,-6.523371,-7.601993,-7.826845,-7.806962,-12.043211,-6.470498,-3.925704,-11.170222,-6.687021,-10.093905,-5.103265,-5.568996,-5.070797,-6.655905,-4.237200,-5.566984
Atha_PMAT2_BAB02518.1	Atha_PMAT2_BAB02518.1	acceptor_superclass::Coumarins;acceptor_superclass::Flavonoids;acceptor_superclass::Naphthalenes;acceptor_superclass::Phenanthrenoids;acceptor_superclass::Steroids	acceptor_superclass::Ornithine alkaloids;acceptor_superclass::Pseudoalkaloids;acceptor_superclass::Tryptophan alkaloids	1,0,0,0,0,1,0,0,0,0,1,0,1,0,0,0,0,0,0,1,0,0,0	0,0,0,0,0,0,0,0,0,0,0,1,0,0,0,0,1,0,0,0,0,1,0	-2.454211,-5.862380,-6.829409,-10.666262,-8.801512,-1.271022,-4.986007,-8.216368,-8.475900,-5.256448,-0.371038,6.518620,-5.290659,-2.461715,-4.450099,-2.829524,5.253860,-13.620878,-1.006451,-9.270060,-3.086160,0.594006,-0.281808
Atha_SCT_AAP81804.1	Atha_SCT_AAP81804.1	acceptor_superclass::Ornithine alkaloids	acceptor_superclass::Diterpenoids;acceptor_superclass::Flavonoids;acceptor_superclass::Ornithine alkaloids;acceptor_superclass::Pseudoalkaloids;acceptor_superclass::Tryptophan alkaloids;acceptor_superclass::Tyrosine alkaloids	0,0,0,0,0,0,0,0,0,0,0,1,0,0,0,0,0,0,0,0,0,0,0	0,0,1,0,0,1,0,0,0,0,0,1,0,0,0,0,1,0,0,0,0,1,1	-6.711341,-9.822852,0.106522,-9.136494,-10.677567,2.470984,-5.355863,-2.923862,-12.216306,-5.025078,-8.104998,3.714733,-5.937884,-9.847239,-2.718961,-5.272281,3.674918,-11.498787,-2.740179,-5.985108,-8.217844,7.835131,2.947183
Atha_SDT_AAC23766.1	Atha_SDT_AAC23766.1	acceptor_superclass::Ornithine alkaloids;acceptor_superclass::Pseudoalkaloids	acceptor_superclass::Diterpenoids;acceptor_superclass::Flavonoids;acceptor_superclass::Ornithine alkaloids;acceptor_superclass::Tryptophan alkaloids	0,0,0,0,0,0,0,0,0,0,0,1,0,0,0,0,1,0,0,0,0,0,0	0,0,1,0,0,1,0,0,0,0,0,1,0,0,0,0,0,0,0,0,0,1,0	-7.692851,-9.771129,1.357528,-2.218498,-4.259976,0.176648,-5.190420,-1.626708,-10.416296,-4.668810,-12.389132,0.762063,-6.846898,-8.355564,-0.272009,-1.197419,-0.113363,-11.575283,-2.891831,-8.755688,-9.708552,0.898782,-0.662856
Atha_SHT_AAD12025.1	Atha_SHT_AAD12025.1	acceptor_superclass::Ornithine alkaloids	acceptor_superclass::Flavonoids;acceptor_superclass::Monoterpenoids;acceptor_superclass::Phenolic acids (C6-C1);acceptor_superclass::Phenylpropanoids (C6-C3);acceptor_superclass::Small peptides;acceptor_superclass::Tyrosine alkaloids	0,0,0,0,0,0,0,0,0,0,0,1,0,0,0,0,0,0,0,0,0,0,0	0,0,0,0,0,1,0,0,0,1,0,0,0,1,0,1,0,0,1,0,0,0,1	-8.605430,-11.017412,-9.414908,-12.550550,-7.383430,2.486344,-6.157332,-7.325809,-8.446301,1.227410,-9.958266,-11.332585,-8.764473,3.425535,-2.412656,1.450915,-12.951353,-11.716643,3.139084,-8.692676,-0.414739,-1.920114,2.202051
Atha_PHT_OAO95042.1	Atha_SHT_OAO95042.1	acceptor_superclass::Ornithine alkaloids	acceptor_superclass::Ornithine alkaloids;acceptor_superclass::Pseudoalkaloids	0,0,0,0,0,0,0,0,0,0,0,1,0,0,0,0,0,0,0,0,0,0,0	0,0,0,0,0,0,0,0,0,0,0,1,0,0,0,0,1,0,0,0,0,0,0	-6.375510,-7.840562,-6.326349,-4.869045,-10.916907,-6.868732,-12.477199,-13.615010,-10.781774,-13.946870,-9.073333,8.975646,-9.105556,-2.225160,-6.496526,-4.779485,6.590460,-11.048566,-4.805329,-11.624863,-11.661807,-6.008661,-10.179029
Atha_THAA1_BAB11062.1	Atha_THAA1_BAB11062.1	acceptor_superclass::Triterpenoids	acceptor_superclass::Diterpenoids;acceptor_superclass::Triterpenoids;acceptor_superclass::Tryptophan alkaloids	0,0,0,0,0,0,0,0,0,0,0,0,0,0,0,0,0,0,0,0,1,0,0	0,0,1,0,0,0,0,0,0,0,0,0,0,0,0,0,0,0,0,0,1,1,0	-8.395576,-3.180089,3.888280,-7.192163,-5.354978,-6.436064,-10.657149,-7.074856,-6.046620,-4.287338,-3.236769,-7.085852,-6.230851,-11.366735,-7.410100,-3.498012,-8.791809,-0.307670,-8.885444,-5.496058,2.746799,2.668597,-6.537598
Atha_THAA2_AAO63428.1	Atha_THAA2_AAO63428.1	acceptor_superclass::Triterpenoids	acceptor_superclass::Naphthalenes;acceptor_superclass::Ornithine alkaloids;acceptor_superclass::Pseudoalkaloids;acceptor_superclass::Tryptophan alkaloids	0,0,0,0,0,0,0,0,0,0,0,0,0,0,0,0,0,0,0,0,1,0,0	0,0,0,0,0,0,0,0,0,0,1,1,0,0,0,0,1,0,0,0,0,1,0	-3.683996,-6.913204,-1.983273,-9.195951,-6.568042,-3.968150,-6.302731,-7.220847,-7.391059,-2.755743,3.153938,4.257492,-5.772741,-4.954993,-6.839623,-3.311676,2.736782,-13.320018,-3.079319,-8.462845,-1.594985,6.272078,-1.529518
Bdis_PMT_CDG41682.1	Bdis_PMT_CDG41682.1	acceptor_superclass::Phenylpropanoids (C6-C3)	acceptor_superclass::Flavonoids;acceptor_superclass::Monoterpenoids	0,0,0,0,0,0,0,0,0,0,0,0,0,0,0,1,0,0,0,0,0,0,0	0,0,0,0,0,1,0,0,0,1,0,0,0,0,0,0,0,0,0,0,0,0,0	-10.711405,-13.110610,-8.103175,-7.698078,-6.877752,5.178555,-4.144325,-12.726382,-8.571634,0.117589,-13.257904,-8.466214,-11.514241,-2.008358,-8.532527,-3.740519,-6.405427,-4.718079,-1.974392,-8.632119,-4.493102,-1.903932,-1.518752
Bmul_HQT1_BCY27076.1	Bmul_HQT1_BCY27076.1	acceptor_superclass::Phenolic acids (C6-C1);acceptor_superclass::Phenylpropanoids (C6-C3)	acceptor_superclass::Flavonoids;acceptor_superclass::Monoterpenoids;acceptor_superclass::Phenolic acids (C6-C1);acceptor_superclass::Phenylpropanoids (C6-C3);acceptor_superclass::Small peptides;acceptor_superclass::Tyrosine alkaloids	0,0,0,0,0,0,0,0,0,0,0,0,0,1,0,1,0,0,0,0,0,0,0	0,0,0,0,0,1,0,0,0,1,0,0,0,1,0,1,0,0,1,0,0,0,1	-9.569028,-11.344507,-10.135849,-6.852116,-5.185221,4.245344,-4.415752,-9.283398,-6.218229,2.201591,-12.722236,-11.704115,-9.955895,2.221709,-4.060265,1.013402,-11.410523,-6.221085,4.084604,-8.139160,-4.726891,-3.669729,2.325821
Bmul_HQT1_BDR61289.1	Bmul_HQT1_BDR61289.1	acceptor_superclass::Phenolic acids (C6-C1)	acceptor_superclass::Flavonoids;acceptor_superclass::Phenolic acids (C6-C1);acceptor_superclass::Phenylpropanoids (C6-C3);acceptor_superclass::Small peptides;acceptor_superclass::Tyrosine alkaloids	0,0,0,0,0,0,0,0,0,0,0,0,0,1,0,0,0,0,0,0,0,0,0	0,0,0,0,0,1,0,0,0,0,0,0,0,1,0,1,0,0,1,0,0,0,1	-8.361993,-13.124310,-7.904690,-11.483782,-9.242686,0.162194,-6.877666,-8.919827,-10.030866,-2.043808,-6.391653,-11.791485,-8.112663,4.958935,-4.859383,0.188691,-14.643133,-9.440413,3.506423,-8.721160,-0.718242,-0.935094,3.079044
Bser_AT1_QXN66176.1	Bser_AT1_QXN66176.1	acceptor_superclass::Triterpenoids	acceptor_superclass::Monoterpenoids;acceptor_superclass::Phenolic acids (C6-C1);acceptor_superclass::Phenylpropanoids (C6-C3);acceptor_superclass::Small peptides	0,0,0,0,0,0,0,0,0,0,0,0,0,0,0,0,0,0,0,0,1,0,0	0,0,0,0,0,0,0,0,0,1,0,0,0,1,0,1,0,0,1,0,0,0,0	-12.279109,-10.294113,-4.063334,-9.171867,-2.501515,-0.004281,-9.211287,-7.497813,-7.164599,5.370845,-12.401940,-13.836712,-12.996283,0.315498,-3.268748,2.145128,-12.994753,-7.513930,2.641869,-12.059669,-1.374973,-3.895193,-1.655511
Cang_AT20_QLI57449.1	Cang_AT20_QLI57449.1	acceptor_superclass::Monoterpenoids	acceptor_superclass::Fatty acyls;acceptor_superclass::Lysine alkaloids;acceptor_superclass::Monoterpenoids;acceptor_superclass::Phenylethanoids (C6-C2);acceptor_superclass::Phenylpropanoids (C6-C3)	0,0,0,0,0,0,0,0,0,1,0,0,0,0,0,0,0,0,0,0,0,0,0	0,0,0,0,1,0,0,0,1,1,0,0,0,0,1,1,0,0,0,0,0,0,0	-12.797045,-4.550899,-2.188781,-5.845605,5.733896,-2.551588,-4.666973,-3.716765,3.503526,3.321496,-15.500252,-6.358871,-13.861545,-7.884562,1.137495,1.749486,-3.040715,-4.853218,-4.447102,-9.874104,-4.110458,-9.073870,-6.305598
Cann_AT3_NP_001311698.1	Cann_AT3_NP_001311698.1	acceptor_superclass::Tyrosine alkaloids	acceptor_superclass::Naphthalenes;acceptor_superclass::Ornithine alkaloids;acceptor_superclass::Pseudoalkaloids;acceptor_superclass::Tryptophan alkaloids	0,0,0,0,0,0,0,0,0,0,0,0,0,0,0,0,0,0,0,0,0,0,1	0,0,0,0,0,0,0,0,0,0,1,1,0,0,0,0,1,0,0,0,0,1,0	-1.072506,-4.084908,-2.889127,-8.249686,-6.829120,-4.503352,-4.921857,-6.779755,-6.957115,-4.322031,4.601572,7.793595,-4.267723,-4.969715,-5.447179,-3.397593,4.772222,-14.992610,-2.261743,-7.587000,-1.138854,4.831576,-0.230048
Cblu_HCT_CBI83579.1	Cblu_HCT_CBI83579.1	acceptor_superclass::Phenolic acids (C6-C1);acceptor_superclass::Tyrosine alkaloids	acceptor_superclass::Naphthalenes;acceptor_superclass::Ornithine alkaloids;acceptor_superclass::Pseudoalkaloids;acceptor_superclass::Tryptophan alkaloids;acceptor_superclass::Tyrosine alkaloids	0,0,0,0,0,0,0,0,0,0,0,0,0,1,0,0,0,0,0,0,0,0,1	0,0,0,0,0,0,0,0,0,0,1,1,0,0,0,0,1,0,0,0,0,1,1	-1.650726,-5.138371,-5.857816,-7.432014,-8.217963,-4.197763,-4.479569,-8.022451,-7.034616,-6.079111,0.965564,8.266719,-5.792928,-1.714900,-6.221247,-3.801505,5.052200,-15.169539,-0.227226,-7.499142,-4.050710,1.990724,1.748475
Cblu_HCT_CBI83579.1	Cblu_HST_CBI83579.1	acceptor_superclass::Phenolic acids (C6-C1);acceptor_superclass::Small peptides	acceptor_superclass::Flavonoids;acceptor_superclass::Phenolic acids (C6-C1);acceptor_superclass::Small peptides;acceptor_superclass::Tryptophan alkaloids;acceptor_superclass::Tyrosine alkaloids	0,0,0,0,0,0,0,0,0,0,0,0,0,1,0,0,0,0,1,0,0,0,0	0,0,0,0,0,1,0,0,0,0,0,0,0,1,0,0,0,0,1,0,0,1,1	-13.436970,-15.018040,-3.046454,-7.846419,-13.096290,1.380548,-3.751582,-4.459333,-15.155246,-5.315597,-8.947017,-4.342926,-11.223489,0.076687,-8.919600,-3.236882,-4.351140,-7.093239,2.537256,-8.301970,-7.949449,4.500303,7.952877
Cblu_RAS_CAK55166.1	Cblu_RAS_CAK55166.1	acceptor_superclass::Small peptides;acceptor_superclass::Tyrosine alkaloids	acceptor_superclass::Flavonoids;acceptor_superclass::Lignans;acceptor_superclass::Phenolic acids (C6-C1);acceptor_superclass::Phenylpropanoids (C6-C3);acceptor_superclass::Small peptides;acceptor_superclass::Tyrosine alkaloids	0,0,0,0,0,0,0,0,0,0,0,0,0,0,0,0,0,0,1,0,0,0,1	0,0,0,0,0,1,0,1,0,0,0,0,0,1,0,1,0,0,1,0,0,0,1	-10.024389,-12.285981,-10.509749,-4.779799,-11.505016,2.896995,-7.524825,0.891197,-8.524001,-6.242813,-11.346703,-10.045431,-9.792315,9.254969,-8.464420,3.740532,-11.900029,-12.039390,3.926690,-10.800392,-5.090598,-10.312742,2.365027
Cbra_HQT-like_GBG71902.1	Cbra_HQT-like_GBG71902.1	acceptor_superclass::Phenolic acids (C6-C1)	acceptor_superclass::Flavonoids;acceptor_superclass::Isoflavonoids;acceptor_superclass::Steroids	0,0,0,0,0,0,0,0,0,0,0,0,0,1,0,0,0,0,0,0,0,0,0	0,0,0,0,0,1,1,0,0,0,0,0,0,0,0,0,0,0,0,1,0,0,0	-5.706054,-7.327097,-11.177701,-3.856387,-4.015674,4.501170,5.049360,-9.234090,-5.682050,-6.960193,-9.894715,-3.290043,-7.904495,-6.934157,-6.931427,-9.486346,-0.061872,-5.780437,-10.312434,0.914408,-7.938581,-8.490057,-6.927657
Cbre_BEAT_AAC18062.1	Cbre_BEAT_AAC18062.1	acceptor_superclass::Phenanthrenoids;acceptor_superclass::Phenylethanoids (C6-C2);acceptor_superclass::Phenylpropanoids (C6-C3)	acceptor_superclass::Flavonoids;acceptor_superclass::Lignans;acceptor_superclass::Naphthalenes;acceptor_superclass::Phenolic acids (C6-C1);acceptor_superclass::Phenylpropanoids (C6-C3);acceptor_superclass::Small peptides;acceptor_superclass::Tyrosine alkaloids	0,0,0,0,0,0,0,0,0,0,0,0,1,0,1,1,0,0,0,0,0,0,0	0,0,0,0,0,1,0,1,0,0,1,0,0,1,0,1,0,0,1,0,0,0,1	-4.708357,-10.213922,-6.710614,-6.527664,-12.411739,2.762008,-5.140135,4.499083,-7.009801,-6.286331,1.003966,-0.753729,-5.598807,2.530457,-7.985393,7.246907,-6.758718,-7.478544,3.947825,-3.594327,-3.179798,-6.000981,6.545037
Cbre_BEBT_AAN09796.1	Cbre_BEBT_AAN09796.1	acceptor_superclass::Phenylpropanoids (C6-C3)	acceptor_superclass::Fatty acyls;acceptor_superclass::Lysine alkaloids;acceptor_superclass::Monoterpenoids;acceptor_superclass::Phenylethanoids (C6-C2);acceptor_superclass::Phenylpropanoids (C6-C3)	0,0,0,0,0,0,0,0,0,0,0,0,0,0,0,1,0,0,0,0,0,0,0	0,0,0,0,1,0,0,0,1,1,0,0,0,0,1,1,0,0,0,0,0,0,0	-11.783050,-3.819867,-3.664348,-4.207662,5.773096,-2.504419,-3.499058,-2.954106,5.035969,3.389587,-15.056598,-5.454437,-12.801722,-7.341924,2.052203,3.238681,-2.125429,-3.078037,-3.296110,-8.684381,-5.209144,-9.463572,-5.361226
Ccan_HCT_ABO47805.1	Ccan_HCT_ABO47805.1	acceptor_superclass::Phenolic acids (C6-C1);acceptor_superclass::Phenylpropanoids (C6-C3)	acceptor_superclass::Flavonoids;acceptor_superclass::Lignans;acceptor_superclass::Phenolic acids (C6-C1);acceptor_superclass::Phenylpropanoids (C6-C3);acceptor_superclass::Small peptides;acceptor_superclass::Tyrosine alkaloids	0,0,0,0,0,0,0,0,0,0,0,0,0,1,0,1,0,0,0,0,0,0,0	0,0,0,0,0,1,0,1,0,0,0,0,0,1,0,1,0,0,1,0,0,0,1	-9.987241,-11.217597,-9.642106,-8.824615,-14.292805,0.921189,-9.040984,2.316541,-7.287107,-5.273356,-7.736825,-7.663112,-10.074522,8.914910,-8.745234,3.697671,-8.406903,-10.424397,3.522339,-11.652061,-1.851047,-8.536548,1.158640
Ccan_HQT_ABO77957.1	Ccan_HQT_ABO77957.1	acceptor_superclass::Phenolic acids (C6-C1);acceptor_superclass::Phenylpropanoids (C6-C3)	acceptor_superclass::Flavonoids;acceptor_superclass::Lignans;acceptor_superclass::Phenolic acids (C6-C1);acceptor_superclass::Phenylpropanoids (C6-C3);acceptor_superclass::Small peptides;acceptor_superclass::Tyrosine alkaloids	0,0,0,0,0,0,0,0,0,0,0,0,0,1,0,1,0,0,0,0,0,0,0	0,0,0,0,0,1,0,1,0,0,0,0,0,1,0,1,0,0,1,0,0,0,1	-8.971215,-12.559865,-10.987677,-4.328338,-11.346949,3.572877,-6.449986,0.904567,-8.711938,-6.900750,-11.058662,-8.954247,-8.765163,9.726628,-9.046742,3.219074,-11.124479,-11.131911,4.381108,-9.672915,-6.007452,-9.286275,3.189599
Ccar_HCT_AAZ80046.1	Ccar_HCT_AAZ80046.1	acceptor_superclass::Phenolic acids (C6-C1)	acceptor_superclass::Diterpenoids;acceptor_superclass::Lignans;acceptor_superclass::Monoterpenoids;acceptor_superclass::Phenolic acids (C6-C1);acceptor_superclass::Small peptides	0,0,0,0,0,0,0,0,0,0,0,0,0,1,0,0,0,0,0,0,0,0,0	0,0,1,0,0,0,0,1,0,1,0,0,0,1,0,0,0,0,1,0,0,0,0	-11.668758,-10.644806,5.427339,-4.940495,-2.546676,-6.987588,-9.632986,0.168595,-8.803639,2.997246,-10.791745,-0.551196,-11.868546,0.651113,-5.445964,-0.979157,-4.423797,-9.793682,1.205193,-9.366063,-4.356795,-4.673821,-0.894539
Ccar_HQT1_CAM84302.2	Ccar_HQT1_CAM84302.2	acceptor_superclass::Phenolic acids (C6-C1)	acceptor_superclass::Ornithine alkaloids;acceptor_superclass::Pseudoalkaloids	0,0,0,0,0,0,0,0,0,0,0,0,0,1,0,0,0,0,0,0,0,0,0	0,0,0,0,0,0,0,0,0,0,0,1,0,0,0,0,1,0,0,0,0,0,0	-7.086548,-9.045251,-12.787633,-10.950755,-3.537519,-6.327698,-12.486545,-0.484033,-3.626221,-2.244868,-11.919888,4.288153,-9.015596,-1.598685,-2.051711,-0.603761,5.161738,-15.544107,-5.537182,-7.907709,-10.368517,-9.234021,-8.699406
Ccar_HQT2_ACJ23164.1	Ccar_HQT2_ACJ23164.1	acceptor_superclass::Phenolic acids (C6-C1)	acceptor_superclass::Lignans;acceptor_superclass::Phenolic acids (C6-C1);acceptor_superclass::Phenylpropanoids (C6-C3)	0,0,0,0,0,0,0,0,0,0,0,0,0,1,0,0,0,0,0,0,0,0,0	0,0,0,0,0,0,0,1,0,0,0,0,0,1,0,1,0,0,0,0,0,0,0	-12.133634,-10.332436,-10.443967,-6.589107,-10.456893,-2.008026,-9.162847,1.632977,-5.215148,-4.118122,-11.323500,-8.812087,-11.966427,10.192916,-6.172825,3.135431,-7.631681,-10.274873,-0.295496,-15.266576,-0.479283,-8.290254,-0.812959
Ccar_HQT_ABK79689.1	Ccar_HQT_ABK79689.1	acceptor_superclass::Phenolic acids (C6-C1)	acceptor_superclass::Flavonoids;acceptor_superclass::Lignans;acceptor_superclass::Phenolic acids (C6-C1);acceptor_superclass::Phenylpropanoids (C6-C3);acceptor_superclass::Small peptides;acceptor_superclass::Tyrosine alkaloids	0,0,0,0,0,0,0,0,0,0,0,0,0,1,0,0,0,0,0,0,0,0,0	0,0,0,0,0,1,0,1,0,0,0,0,0,1,0,1,0,0,1,0,0,0,1	-9.319589,-10.602539,-8.974678,-7.351168,-13.289956,2.372906,-7.953395,3.662354,-6.348789,-3.938677,-7.298614,-6.981229,-9.533627,9.161822,-7.952278,5.388202,-8.185559,-9.603049,3.834354,-10.381095,-1.226906,-8.395111,1.859066
Ccar_HQT_ABK79690.1	Ccar_HQT_ABK79690.1	acceptor_superclass::Phenolic acids (C6-C1)	acceptor_superclass::Phenolic acids (C6-C1)	0,0,0,0,0,0,0,0,0,0,0,0,0,1,0,0,0,0,0,0,0,0,0	0,0,0,0,0,0,0,0,0,0,0,0,0,1,0,0,0,0,0,0,0,0,0	-13.110834,-14.784166,-9.086576,-8.788214,-14.000709,-4.082130,-8.260403,-10.314776,-18.233900,-8.044712,-15.993501,-5.715445,-14.600965,4.201681,-9.365177,-6.021588,-7.158318,-10.707944,-4.209732,-10.080716,-3.912364,-3.780889,-1.616620
Cchi_AT3_AAV66309.1	Cchi_AT3_AAV66309.1	acceptor_superclass::Tyrosine alkaloids	acceptor_superclass::Flavonoids;acceptor_superclass::Monoterpenoids;acceptor_superclass::Phenylpropanoids (C6-C3);acceptor_superclass::Small peptides;acceptor_superclass::Tryptophan alkaloids;acceptor_superclass::Tyrosine alkaloids	0,0,0,0,0,0,0,0,0,0,0,0,0,0,0,0,0,0,0,0,0,0,1	0,0,0,0,0,1,0,0,0,1,0,0,0,0,0,1,0,0,1,0,0,1,1	-8.291100,-11.886818,-9.626570,-12.884669,-10.110743,1.884074,-8.348435,-8.618331,-8.366971,0.752867,-5.502676,-8.749418,-6.434399,-0.839358,-2.693929,3.698763,-11.423714,-9.654102,2.504506,-9.631129,-0.709228,2.017500,5.211870
Ccro_AT1_AXB26761.1	Ccro_AT1_AXB26761.1	acceptor_superclass::Flavonoids	acceptor_superclass::Naphthalenes;acceptor_superclass::Ornithine alkaloids;acceptor_superclass::Pseudoalkaloids;acceptor_superclass::Tryptophan alkaloids;acceptor_superclass::Tyrosine alkaloids	0,0,0,0,0,1,0,0,0,0,0,0,0,0,0,0,0,0,0,0,0,0,0	0,0,0,0,0,0,0,0,0,0,1,1,0,0,0,0,1,0,0,0,0,1,1	-1.624906,-4.491125,-3.274250,-8.655400,-7.079491,-3.999804,-4.743638,-6.688190,-6.828143,-3.565988,3.662947,7.381114,-4.869511,-3.711623,-6.321154,-3.124829,4.681746,-14.870372,-1.829034,-8.083277,-0.982261,5.367229,0.255805
Ccro_AT1_AXB26761.1	Ccro_AT2_AXB26761.1	acceptor_superclass::Flavonoids	acceptor_superclass::Flavonoids;acceptor_superclass::Phenylpropanoids (C6-C3)	0,0,0,0,0,1,0,0,0,0,0,0,0,0,0,0,0,0,0,0,0,0,0	0,0,0,0,0,1,0,0,0,0,0,0,0,0,0,1,0,0,0,0,0,0,0	-9.937706,-9.191616,-11.677750,-8.687187,-9.657598,1.838608,-12.458601,-7.290788,-13.916863,-6.633093,-10.432313,-0.136878,-9.132026,-1.594307,-5.988032,4.118789,-5.321342,-12.842755,-5.801090,-7.177109,-12.468106,-11.408317,-10.894298
Ccro_AT2_AXB26762.1	Ccro_AT2_AXB26762.1	acceptor_superclass::Flavonoids	acceptor_superclass::Flavonoids;acceptor_superclass::Monoterpenoids;acceptor_superclass::Phenolic acids (C6-C1);acceptor_superclass::Phenylpropanoids (C6-C3);acceptor_superclass::Small peptides;acceptor_superclass::Triterpenoids;acceptor_superclass::Tyrosine alkaloids	0,0,0,0,0,1,0,0,0,0,0,0,0,0,0,0,0,0,0,0,0,0,0	0,0,0,0,0,1,0,0,0,1,0,0,0,1,0,1,0,0,1,0,1,0,1	-9.127250,-10.258271,-7.878950,-14.010111,-7.007423,3.422277,-6.568820,-6.945882,-7.922744,3.265161,-10.686132,-11.059643,-9.261395,1.041501,-2.755682,1.826085,-11.646637,-11.711878,2.024842,-9.644325,1.042093,-0.706275,1.671375
Ccro_HCT_WKA69991.1	Ccro_HCT_WKA69991.1	acceptor_superclass::Phenolic acids (C6-C1)	acceptor_superclass::Phenolic acids (C6-C1)	0,0,0,0,0,0,0,0,0,0,0,0,0,1,0,0,0,0,0,0,0,0,0	0,0,0,0,0,0,0,0,0,0,0,0,0,1,0,0,0,0,0,0,0,0,0	-10.317101,-13.339919,-8.849539,-6.458328,-7.001342,-3.451703,-9.007206,-10.797607,-16.237715,-10.784385,-16.681345,-5.920800,-12.384670,5.574413,-9.567714,-4.651678,-7.395380,-8.312572,-5.099766,-8.056903,-10.355874,-12.313988,-10.396363
Cint_HCT1_ANN12608.1	Cint_HCT1_ANN12608.1	acceptor_superclass::Phenolic acids (C6-C1)	acceptor_superclass::Naphthalenes;acceptor_superclass::Ornithine alkaloids;acceptor_superclass::Pseudoalkaloids;acceptor_superclass::Tryptophan alkaloids;acceptor_superclass::Tyrosine alkaloids	0,0,0,0,0,0,0,0,0,0,0,0,0,1,0,0,0,0,0,0,0,0,0	0,0,0,0,0,0,0,0,0,0,1,1,0,0,0,0,1,0,0,0,0,1,1	-1.705737,-4.698081,-4.526203,-8.600743,-7.831064,-4.165816,-4.830640,-7.334639,-7.220017,-4.515578,2.764126,7.549966,-5.294004,-3.079831,-6.352190,-3.326547,4.744419,-15.068541,-1.309412,-8.270673,-2.010223,4.071197,0.503254
Cint_HCT2_ANN12609.1	Cint_HCT2_ANN12609.1	acceptor_superclass::Phenolic acids (C6-C1)	acceptor_superclass::Flavonoids;acceptor_superclass::Phenolic acids (C6-C1);acceptor_superclass::Small peptides;acceptor_superclass::Tryptophan alkaloids;acceptor_superclass::Tyrosine alkaloids	0,0,0,0,0,0,0,0,0,0,0,0,0,1,0,0,0,0,0,0,0,0,0	0,0,0,0,0,1,0,0,0,0,0,0,0,1,0,0,0,0,1,0,0,1,1	-7.598351,-13.803289,-7.640591,-10.237883,-10.232046,0.989781,-5.596085,-9.803671,-9.307981,-3.018495,-5.359718,-11.104511,-7.169016,4.945699,-6.274349,-0.366234,-13.888721,-6.679720,4.004396,-7.786882,-1.361051,0.453666,4.588104
Cint_HQT1_ANN12610.1	Cint_HQT1_ANN12610.1	acceptor_superclass::Phenolic acids (C6-C1)	acceptor_superclass::Flavonoids;acceptor_superclass::Lignans;acceptor_superclass::Phenolic acids (C6-C1);acceptor_superclass::Phenylpropanoids (C6-C3);acceptor_superclass::Small peptides	0,0,0,0,0,0,0,0,0,0,0,0,0,1,0,0,0,0,0,0,0,0,0	0,0,0,0,0,1,0,1,0,0,0,0,0,1,0,1,0,0,1,0,0,0,0	-7.975254,-11.781308,-12.912639,-5.058879,-7.355165,4.871960,-5.543766,2.080316,-11.722282,-7.048946,-12.592944,-9.596048,-7.449809,5.876932,-5.256305,1.865656,-9.284603,-5.928280,1.400831,-7.582160,-9.739810,-7.881991,-4.775937
Cint_HQT2_ANN12611.1	Cint_HQT2_ANN12611.1	acceptor_superclass::Phenolic acids (C6-C1)	acceptor_superclass::Naphthalenes;acceptor_superclass::Ornithine alkaloids;acceptor_superclass::Pseudoalkaloids;acceptor_superclass::Tryptophan alkaloids;acceptor_superclass::Tyrosine alkaloids	0,0,0,0,0,0,0,0,0,0,0,0,0,1,0,0,0,0,0,0,0,0,0	0,0,0,0,0,0,0,0,0,0,1,1,0,0,0,0,1,0,0,0,0,1,1	-1.576414,-4.791902,-4.808502,-8.291218,-7.839207,-4.186662,-4.811328,-7.819823,-7.296085,-5.525784,2.263658,8.442961,-5.464221,-3.094818,-5.598180,-3.518822,5.370052,-15.407968,-0.986273,-8.216255,-2.868144,2.822004,0.707048
Cint_HQT3_ANN12612.1	Cint_HQT3_ANN12612.1	acceptor_superclass::Phenolic acids (C6-C1)	acceptor_superclass::Naphthalenes;acceptor_superclass::Ornithine alkaloids;acceptor_superclass::Pseudoalkaloids;acceptor_superclass::Tryptophan alkaloids;acceptor_superclass::Tyrosine alkaloids	0,0,0,0,0,0,0,0,0,0,0,0,0,1,0,0,0,0,0,0,0,0,0	0,0,0,0,0,0,0,0,0,0,1,1,0,0,0,0,1,0,0,0,0,1,1	-2.583146,-5.710290,-4.756836,-8.316355,-7.694901,-4.062006,-5.433909,-8.055604,-7.796877,-5.513544,1.700812,7.127915,-6.026068,-2.708553,-5.833125,-3.018151,4.187732,-14.809443,-0.949449,-8.747534,-3.111946,2.439374,0.286379
Cint_SHT1_AXY93625.1	Cint_SHT1_AXY93625.1	acceptor_superclass::Ornithine alkaloids;acceptor_superclass::Phenolic acids (C6-C1);acceptor_superclass::Pseudoalkaloids	acceptor_superclass::Ornithine alkaloids;acceptor_superclass::Pseudoalkaloids;acceptor_superclass::Tryptophan alkaloids;acceptor_superclass::Tyrosine alkaloids	0,0,0,0,0,0,0,0,0,0,0,1,0,1,0,0,1,0,0,0,0,0,0	0,0,0,0,0,0,0,0,0,0,0,1,0,0,0,0,1,0,0,0,0,1,1	-9.023115,-9.617537,-2.723908,-10.705050,-10.938153,-2.920712,-12.202156,-2.236808,-10.472340,-2.066239,-8.247731,4.523012,-7.357865,-8.787123,-0.694414,-3.866651,3.726596,-11.087458,-2.480025,-8.988265,-8.210437,7.142740,2.742577
Cint_SHT2_AXY93626.1	Cint_SHT2_AXY93626.1	acceptor_superclass::Ornithine alkaloids;acceptor_superclass::Phenolic acids (C6-C1);acceptor_superclass::Pseudoalkaloids	acceptor_superclass::Ornithine alkaloids;acceptor_superclass::Pseudoalkaloids	0,0,0,0,0,0,0,0,0,0,0,1,0,1,0,0,1,0,0,0,0,0,0	0,0,0,0,0,0,0,0,0,0,0,1,0,0,0,0,1,0,0,0,0,0,0	-4.084007,-7.937016,-8.744807,-15.421609,-15.588470,-2.875082,-8.769768,-6.728773,-6.942942,-13.217987,-1.451711,8.632529,-4.166011,-4.915187,-7.737297,-6.764087,6.887086,-10.758679,-0.993827,-6.225951,-9.184728,-7.466281,-3.468647
Cmel_AAT1_CAA94432.1	Cmel_AAT1_CAA94432.1	acceptor_superclass::Fatty acyls;acceptor_superclass::Phenylethanoids (C6-C2);acceptor_superclass::Phenylpropanoids (C6-C3)	acceptor_superclass::Fatty acyls;acceptor_superclass::Monoterpenoids;acceptor_superclass::Phenylethanoids (C6-C2);acceptor_superclass::Phenylpropanoids (C6-C3)	0,0,0,0,1,0,0,0,0,0,0,0,0,0,1,1,0,0,0,0,0,0,0	0,0,0,0,1,0,0,0,0,1,0,0,0,0,1,1,0,0,0,0,0,0,0	-11.124619,-4.302334,-10.021740,-8.362742,3.458664,-4.623398,-14.618608,-4.731381,-5.596664,5.526984,-13.269495,-6.299936,-12.160076,-6.926315,1.758243,5.695807,-10.032830,-11.699568,-12.295908,-7.670066,-10.445200,-6.341536,-5.784226
Cmel_AAT3_AAW51125.1	Cmel_AAT3_AAW51125.1	acceptor_superclass::Fatty acyls	acceptor_superclass::Fatty acyls;acceptor_superclass::Lysine alkaloids;acceptor_superclass::Monoterpenoids;acceptor_superclass::Phenylethanoids (C6-C2);acceptor_superclass::Phenylpropanoids (C6-C3);acceptor_superclass::Pseudoalkaloids	0,0,0,0,1,0,0,0,0,0,0,0,0,0,0,0,0,0,0,0,0,0,0	0,0,0,0,1,0,0,0,1,1,0,0,0,0,1,1,1,0,0,0,0,0,0	-5.691461,-1.513319,-7.305204,-6.490973,2.211965,-2.036228,-8.577976,-0.105995,2.608074,2.449558,-8.938800,-3.221900,-6.126765,-4.931777,2.617890,3.161523,0.055616,-8.096337,-6.679763,-10.181355,-1.915094,-3.827081,-4.867230
Cmel_AAT4_AAW51126.1	Cmel_AAT4_AAW51126.1	acceptor_superclass::Fatty acyls;acceptor_superclass::Monoterpenoids;acceptor_superclass::Phenylpropanoids (C6-C3)	acceptor_superclass::Phenylpropanoids (C6-C3)	0,0,0,0,1,0,0,0,0,1,0,0,0,0,0,1,0,0,0,0,0,0,0	0,0,0,0,0,0,0,0,0,0,0,0,0,0,0,1,0,0,0,0,0,0,0	-10.999783,-8.968235,-14.762883,-15.838784,-4.306488,-5.368751,-12.130519,-7.459793,-7.543115,-3.413802,-8.375522,-2.323973,-12.090500,-11.933646,-3.828293,4.435240,-6.295507,-7.871401,-12.243945,-6.982003,-13.961177,-8.071321,-7.016788
Cros_DAT_AAC99311.1	Cros_DAT_AAC99311.1	acceptor_superclass::Tryptophan alkaloids	acceptor_superclass::Naphthalenes;acceptor_superclass::Phenylpropanoids (C6-C3);acceptor_superclass::Small peptides	0,0,0,0,0,0,0,0,0,0,0,0,0,0,0,0,0,0,0,0,0,1,0	0,0,0,0,0,0,0,0,0,0,1,0,0,0,0,1,0,0,1,0,0,0,0	-5.127491,-4.701961,-4.880523,-12.475595,-7.123290,-7.614928,-12.842514,-4.407696,-10.409795,-5.754899,3.290729,-10.137497,-3.129185,-7.987940,-1.243461,2.031123,-10.915763,-7.191156,1.144740,-6.456365,-4.953525,-8.355165,-1.301969
Cros_MAT_AAO13736.1	Cros_MAT_AAO13736.1	acceptor_superclass::Tryptophan alkaloids	acceptor_superclass::Flavonoids;acceptor_superclass::Monoterpenoids;acceptor_superclass::Phenylpropanoids (C6-C3);acceptor_superclass::Small peptides	0,0,0,0,0,0,0,0,0,0,0,0,0,0,0,0,0,0,0,0,0,1,0	0,0,0,0,0,1,0,0,0,1,0,0,0,0,0,1,0,0,1,0,0,0,0	-12.312949,-11.061254,-2.502173,-7.538106,-3.542197,0.087221,-9.085979,-8.920290,-6.482496,4.963955,-11.892539,-12.993824,-12.597944,-0.900487,-3.974050,1.452015,-11.505424,-3.602484,2.841584,-11.514186,-2.941313,-2.706235,-1.861456
Cros_TAT_AQP25667.1	Cros_TAT_AQP25667.1	acceptor_superclass::Tryptophan alkaloids	acceptor_superclass::Cyclic polyketides;acceptor_superclass::Monoterpenoids;acceptor_superclass::Saccharides;acceptor_superclass::Triterpenoids	0,0,0,0,0,0,0,0,0,0,0,0,0,0,0,0,0,0,0,0,0,1,0	0,1,0,0,0,0,0,0,0,1,0,0,0,0,0,0,0,1,0,0,1,0,0	-7.579601,1.721965,-1.692355,-8.970139,-0.602829,-7.621556,-10.054140,-1.573761,-0.632962,2.865496,-8.721747,-3.553478,-9.034894,-5.511025,-3.524889,-0.801432,-6.615438,6.293322,-3.021060,-4.275760,9.515488,-5.516292,-4.891090
Csat_HCT_AEJ88365.1	Csat_HCT_AEJ88365.1	acceptor_superclass::Phenolic acids (C6-C1)	acceptor_superclass::Phenolic acids (C6-C1)	0,0,0,0,0,0,0,0,0,0,0,0,0,1,0,0,0,0,0,0,0,0,0	0,0,0,0,0,0,0,0,0,0,0,0,0,1,0,0,0,0,0,0,0,0,0	-14.394583,-14.725520,-9.348284,-4.683221,-6.718793,-4.772387,-8.919135,-9.023521,-17.504227,-4.471070,-18.643726,-13.331727,-13.808255,6.235189,-10.555400,-2.883025,-12.269602,-9.737390,-3.654083,-10.100943,-6.811390,-8.556429,-5.127836
Csco_HQT1_CAM84302.2	Csco_HQT1_CAM84302.2	acceptor_superclass::Phenolic acids (C6-C1)	acceptor_superclass::Phenolic acids (C6-C1);acceptor_superclass::Phenylpropanoids (C6-C3)	0,0,0,0,0,0,0,0,0,0,0,0,0,1,0,0,0,0,0,0,0,0,0	0,0,0,0,0,0,0,0,0,0,0,0,0,1,0,1,0,0,0,0,0,0,0	-12.914332,-10.438542,-11.954114,-1.750370,-5.551642,-3.097578,-16.070538,-4.074008,-9.249165,-5.909227,-18.260317,-7.819035,-12.640241,7.021247,-1.600709,0.106690,-7.538065,-12.535843,-4.456000,-13.718987,-6.908824,-10.495601,-4.144036
Csco_HQT2_ACJ23164.1	Csco_HQT2_ACJ23164.1	acceptor_superclass::Phenolic acids (C6-C1)	acceptor_superclass::Naphthalenes;acceptor_superclass::Ornithine alkaloids;acceptor_superclass::Pseudoalkaloids;acceptor_superclass::Tryptophan alkaloids;acceptor_superclass::Tyrosine alkaloids	0,0,0,0,0,0,0,0,0,0,0,0,0,1,0,0,0,0,0,0,0,0,0	0,0,0,0,0,0,0,0,0,0,1,1,0,0,0,0,1,0,0,0,0,1,1	-1.571302,-4.548738,-4.650376,-8.727478,-7.687182,-4.141484,-4.905579,-7.641809,-7.405508,-5.008032,2.451923,8.167151,-5.376439,-3.458452,-5.547926,-3.434963,5.365345,-15.362877,-1.280468,-8.706515,-2.186978,3.063546,0.350519
Csin_AT1_THG04858.1	Csin_AT1_THG04858.1	acceptor_superclass::Flavonoids	acceptor_superclass::Saccharides;acceptor_superclass::Triterpenoids	0,0,0,0,0,1,0,0,0,0,0,0,0,0,0,0,0,0,0,0,0,0,0	0,0,0,0,0,0,0,0,0,0,0,0,0,0,0,0,0,1,0,0,1,0,0	-11.283322,-7.032207,-6.805406,-2.798818,-8.769726,-7.792478,-10.719233,-5.855702,-4.540004,-5.747779,-5.545670,-11.757658,-10.103506,-3.707054,-8.281468,-5.453557,-6.000025,1.270184,-6.593617,-9.041642,5.472222,-11.879552,-11.255897
Csin_AT2_THG19836.1	Csin_AT2_THG19836.1	acceptor_superclass::Flavonoids	acceptor_superclass::Fatty acyls;acceptor_superclass::Lignans;acceptor_superclass::Lysine alkaloids;acceptor_superclass::Monoterpenoids;acceptor_superclass::Phenylethanoids (C6-C2);acceptor_superclass::Phenylpropanoids (C6-C3);acceptor_superclass::Pseudoalkaloids	0,0,0,0,0,1,0,0,0,0,0,0,0,0,0,0,0,0,0,0,0,0,0	0,0,0,0,1,0,0,1,1,1,0,0,0,0,1,1,1,0,0,0,0,0,0	-5.557086,-1.303960,-9.710899,-7.033485,5.267005,-9.396086,-13.838054,2.848452,4.720431,3.991844,-9.046163,-2.328790,-5.891675,-4.749572,3.268339,4.426360,2.635075,-8.426544,-8.701644,-10.054088,-8.079510,-9.598727,-11.687464
Csin_CHAT1_GMQ03793.1	Csin_CHAT1_GMQ03793.1	acceptor_superclass::Fatty acyls	acceptor_superclass::Lysine alkaloids;acceptor_superclass::Phenylpropanoids (C6-C3);acceptor_superclass::Pseudoalkaloids	0,0,0,0,1,0,0,0,0,0,0,0,0,0,0,0,0,0,0,0,0,0,0	0,0,0,0,0,0,0,0,1,0,0,0,0,0,0,1,1,0,0,0,0,0,0	-8.771597,-8.201513,-2.447022,-9.120754,-1.192053,-1.144470,-7.564998,-4.637102,4.424587,-0.426484,-9.468380,-2.539979,-9.374739,-4.753540,-0.602577,1.376811,1.158270,-6.276833,-5.447139,-8.219232,-6.766814,-1.128749,-5.041704
Csin_HCT1_XP_028081726.1	Csin_HCT1_XP_028081726.1	acceptor_superclass::Phenolic acids (C6-C1)	acceptor_superclass::Naphthalenes;acceptor_superclass::Ornithine alkaloids;acceptor_superclass::Pseudoalkaloids;acceptor_superclass::Tryptophan alkaloids;acceptor_superclass::Tyrosine alkaloids	0,0,0,0,0,0,0,0,0,0,0,0,0,1,0,0,0,0,0,0,0,0,0	0,0,0,0,0,0,0,0,0,0,1,1,0,0,0,0,1,0,0,0,0,1,1	-1.381578,-4.511242,-5.127833,-8.177273,-7.893302,-4.023565,-4.368835,-7.390575,-6.908620,-4.768291,2.178549,7.823302,-5.275041,-2.621767,-6.579160,-3.607534,4.984494,-15.192770,-1.178217,-7.797249,-2.443638,3.674028,0.899303
Csin_HCT2_THG02040.1	Csin_HCT2_THG02040.1	acceptor_superclass::Flavonoids;acceptor_superclass::Phenolic acids (C6-C1)	acceptor_superclass::Diterpenoids;acceptor_superclass::Lignans;acceptor_superclass::Monoterpenoids;acceptor_superclass::Phenolic acids (C6-C1);acceptor_superclass::Small peptides	0,0,0,0,0,1,0,0,0,0,0,0,0,1,0,0,0,0,0,0,0,0,0	0,0,1,0,0,0,0,1,0,1,0,0,0,1,0,0,0,0,1,0,0,0,0	-11.420994,-8.945023,3.511742,-7.516730,-1.429829,-7.956308,-12.281285,1.092778,-7.241380,6.316871,-9.233961,-1.411928,-11.680658,0.853880,-4.166690,-0.796339,-4.742107,-8.784828,0.014479,-9.313066,-2.715783,-6.217930,-2.802819
Dcar_HCBT3_CAB06429.1	Dcar_HCBT1_CAB06427.1	acceptor_superclass::Phenolic acids (C6-C1);acceptor_superclass::Small peptides	acceptor_superclass::Phenolic acids (C6-C1);acceptor_superclass::Small peptides	0,0,0,0,0,0,0,0,0,0,0,0,0,1,0,0,0,0,1,0,0,0,0	0,0,0,0,0,0,0,0,0,0,0,0,0,1,0,0,0,0,1,0,0,0,0	-7.582798,-12.305299,-8.116870,-6.271221,-8.369160,-11.049855,-11.114044,-11.795020,-16.816031,-14.587037,-8.088258,-1.355817,-11.118105,3.830541,-8.645007,-4.312188,-5.066917,-5.717334,5.522874,-8.123384,-12.382434,-9.323263,-1.782610
Dcar_HCBT2_CAB06430.1	Dcar_HCBT2_CAB06430.1	acceptor_superclass::Small peptides	acceptor_superclass::Ornithine alkaloids;acceptor_superclass::Small peptides;acceptor_superclass::Tyrosine alkaloids	0,0,0,0,0,0,0,0,0,0,0,0,0,0,0,0,0,0,1,0,0,0,0	0,0,0,0,0,0,0,0,0,0,0,1,0,0,0,0,0,0,1,0,0,0,1	-11.539112,-14.116286,-4.332190,-7.511597,-11.325999,-1.684800,-8.265788,-2.538831,-13.138184,-3.981174,-11.419862,1.786986,-10.778063,-0.278498,-4.861042,-3.136049,-0.401198,-12.122108,2.697459,-8.430760,-9.430369,-0.485410,4.028903
Dcar_HCBT3_CAB06429.1	Dcar_HCBT3_CAB06429.1	acceptor_superclass::Small peptides	acceptor_superclass::Flavonoids;acceptor_superclass::Phenolic acids (C6-C1);acceptor_superclass::Small peptides;acceptor_superclass::Tyrosine alkaloids	0,0,0,0,0,0,0,0,0,0,0,0,0,0,0,0,0,0,1,0,0,0,0	0,0,0,0,0,1,0,0,0,0,0,0,0,1,0,0,0,0,1,0,0,0,1	-12.699986,-13.526455,-8.005775,-11.137011,-14.587594,1.085136,-7.805133,-0.555517,-12.440815,-3.658434,-11.593345,-2.635221,-11.823840,4.432878,-9.885141,-1.173681,-3.188393,-8.034199,5.782947,-8.421708,-7.673691,-0.597361,4.245931
Dlan_MAT1_QUW17232.1	Dlan_MAT1_QUW17232.1	acceptor_superclass::Flavonoids;acceptor_superclass::Steroids	acceptor_superclass::Coumarins;acceptor_superclass::Flavonoids;acceptor_superclass::Isoflavonoids;acceptor_superclass::Ornithine alkaloids;acceptor_superclass::Pseudoalkaloids;acceptor_superclass::Steroids	0,0,0,0,0,1,0,0,0,0,0,0,0,0,0,0,0,0,0,1,0,0,0	1,0,0,0,0,1,1,0,0,0,0,1,0,0,0,0,1,0,0,1,0,0,0	3.366885,-2.387987,-6.828761,-11.158060,-2.889317,6.931953,1.346890,-1.045052,-5.130170,-5.461493,-5.245568,2.159848,-0.272613,-6.317153,-4.512688,-5.838474,3.677856,-12.231438,-10.037858,4.567863,-3.090979,-6.941232,-12.539268
Dlan_MAT2_QWS71079.1	Dlan_MAT2_QWS71079.1	acceptor_superclass::Flavonoids;acceptor_superclass::Steroids	acceptor_superclass::Flavonoids;acceptor_superclass::Isoflavonoids;acceptor_superclass::Steroids	0,0,0,0,0,1,0,0,0,0,0,0,0,0,0,0,0,0,0,1,0,0,0	0,0,0,0,0,1,1,0,0,0,0,0,0,0,0,0,0,0,0,1,0,0,0	-4.058934,-11.973298,-9.190090,-12.786124,-8.093596,7.021047,2.940336,-8.290519,-13.123046,-10.857078,-6.523475,-6.250499,-5.745169,-0.846423,-11.275098,-4.075048,-9.418832,-4.606578,-5.305265,5.472738,-6.631904,-7.765689,-2.592579
Dmor_3MAT1_AAQ63615.1	Dmor_3MAT1_AAQ63615.1	acceptor_superclass::Flavonoids	acceptor_superclass::Flavonoids;acceptor_superclass::Steroids;acceptor_superclass::Tyrosine alkaloids	0,0,0,0,0,1,0,0,0,0,0,0,0,0,0,0,0,0,0,0,0,0,0	0,0,0,0,0,1,0,0,0,0,0,0,0,0,0,0,0,0,0,1,0,0,1	-4.097589,-5.349021,-7.614191,-4.974820,-4.557198,2.783803,-8.513508,-4.078679,-11.931652,-0.582457,-9.670543,-13.300199,-4.794949,-7.831151,-5.429602,-3.048620,-16.427622,-9.412147,-4.891593,2.823558,-8.393473,-0.299284,3.749032
Dmor_3MAT2_AAQ63616.1	Dmor_3MAT2_AAQ63616.1	acceptor_superclass::Flavonoids	acceptor_superclass::Flavonoids;acceptor_superclass::Isoflavonoids;acceptor_superclass::Phenolic acids (C6-C1)	0,0,0,0,0,1,0,0,0,0,0,0,0,0,0,0,0,0,0,0,0,0,0	0,0,0,0,0,1,1,0,0,0,0,0,0,1,0,0,0,0,0,0,0,0,0	-6.888928,-13.982215,-5.270936,-10.422567,-11.752374,4.302499,0.935844,-12.014671,-14.327767,-12.510832,-11.875113,-4.292086,-10.208458,3.636338,-15.004972,-4.691673,-5.707224,-7.515253,-2.908926,-1.238186,-8.953854,-6.336839,-3.866002
Dmor_3MAT3_BAF50706.1	Dmor_3MAT3_BAF50706.1	acceptor_superclass::Flavonoids;acceptor_superclass::Isoflavonoids	acceptor_superclass::Cyclic polyketides;acceptor_superclass::Diterpenoids;acceptor_superclass::Fatty acyls;acceptor_superclass::Monoterpenoids;acceptor_superclass::Phenylethanoids (C6-C2)	0,0,0,0,0,1,1,0,0,0,0,0,0,0,0,0,0,0,0,0,0,0,0	0,1,1,0,1,0,0,0,0,1,0,0,0,0,1,0,0,0,0,0,0,0,0	-2.143991,4.390413,1.886865,-0.968004,2.881043,-6.644148,-15.245314,-5.098240,-6.501898,2.456459,-5.787893,-5.303275,-2.784703,-9.921951,3.481041,-2.002278,-8.295066,-8.867408,-7.883781,-1.210878,-4.409427,-0.380360,-1.377707
Dpin_3MAT_AAO12206.1	Dpin_3MAT_AAO12206.1	acceptor_superclass::Flavonoids	acceptor_superclass::Flavonoids;acceptor_superclass::Steroids	0,0,0,0,0,1,0,0,0,0,0,0,0,0,0,0,0,0,0,0,0,0,0	0,0,0,0,0,1,0,0,0,0,0,0,0,0,0,0,0,0,0,1,0,0,0	-6.222186,-6.649824,-12.165465,-10.573106,-7.216488,2.886627,-7.736629,-4.491399,-9.863148,-0.875862,-7.996771,-12.474123,-7.054042,-11.452742,-9.343611,-1.876682,-12.870522,-3.324389,-8.889764,2.599562,-7.015042,-1.603416,-2.503555
Dvar_3MAT_AAO12206.1	Dvar_3MAT_AAO12206.1		acceptor_superclass::Flavonoids;acceptor_superclass::Steroids	0,0,0,0,0,0,0,0,0,0,0,0,0,0,0,0,0,0,0,0,0,0,0	0,0,0,0,0,1,0,0,0,0,0,0,0,0,0,0,0,0,0,1,0,0,0	-6.222186,-6.649824,-12.165465,-10.573106,-7.216488,2.886627,-7.736629,-4.491399,-9.863148,-0.875862,-7.996771,-12.474123,-7.054042,-11.452742,-9.343611,-1.876682,-12.870522,-3.324389,-8.889764,2.599562,-7.015042,-1.603416,-2.503555
Ecoc_CS_AGT56097.1	Ecoc_BAHD7_AGT56097.1	acceptor_superclass::Ornithine alkaloids	acceptor_superclass::Flavonoids;acceptor_superclass::Monoterpenoids;acceptor_superclass::Phenolic acids (C6-C1);acceptor_superclass::Phenylpropanoids (C6-C3);acceptor_superclass::Small peptides;acceptor_superclass::Tyrosine alkaloids	0,0,0,0,0,0,0,0,0,0,0,1,0,0,0,0,0,0,0,0,0,0,0	0,0,0,0,0,1,0,0,0,1,0,0,0,1,0,1,0,0,1,0,0,0,1	-11.438008,-11.884678,-5.439805,-9.648909,-5.508994,2.388613,-7.776482,-9.340944,-7.443051,4.079579,-12.021129,-12.497652,-11.770678,0.452007,-4.659327,1.662896,-11.949539,-6.467656,3.212544,-11.111197,-1.923607,-1.973149,0.349757
Ecoc_CS_AGT56097.1	Ecoc_CS_AGT56097.1	acceptor_superclass::Ornithine alkaloids	acceptor_superclass::Diterpenoids;acceptor_superclass::Ornithine alkaloids;acceptor_superclass::Triterpenoids	0,0,0,0,0,0,0,0,0,0,0,1,0,0,0,0,0,0,0,0,0,0,0	0,0,1,0,0,0,0,0,0,0,0,1,0,0,0,0,0,0,0,0,1,0,0	-10.537580,-7.866738,5.697668,-5.535127,-4.714568,-10.213959,-11.226449,-7.238608,-7.896796,-1.483156,-5.969065,1.145999,-11.022821,-4.652540,-7.643919,-5.217836,-5.190465,-5.913748,-3.799001,-5.549371,2.510623,-1.721835,-3.320407
Ecoc_HQT_AFF19203.1	Ecoc_HQT_AFF19203.1	acceptor_superclass::Phenolic acids (C6-C1)	acceptor_superclass::Flavonoids;acceptor_superclass::Monoterpenoids;acceptor_superclass::Phenolic acids (C6-C1);acceptor_superclass::Phenylpropanoids (C6-C3);acceptor_superclass::Small peptides;acceptor_superclass::Triterpenoids;acceptor_superclass::Tyrosine alkaloids	0,0,0,0,0,0,0,0,0,0,0,0,0,1,0,0,0,0,0,0,0,0,0	0,0,0,0,0,1,0,0,0,1,0,0,0,1,0,1,0,0,1,0,1,0,1	-9.069591,-10.757097,-8.582990,-13.822176,-7.144156,2.156583,-6.711795,-7.032276,-8.865197,1.608593,-10.164958,-11.371334,-9.313943,2.824101,-2.512548,1.040862,-12.848288,-12.760769,2.126236,-9.373503,0.631235,-1.807507,1.329542
Egra_5AT_BAF49288.1	Egra_5AT_BAF49288.1	acceptor_superclass::Flavonoids	acceptor_superclass::Steroids;acceptor_superclass::Tyrosine alkaloids	0,0,0,0,0,1,0,0,0,0,0,0,0,0,0,0,0,0,0,0,0,0,0	0,0,0,0,0,0,0,0,0,0,0,0,0,0,0,0,0,0,0,1,0,0,1	-3.145433,-7.413412,-8.917847,-7.849925,-8.350657,-3.788054,-4.111393,-8.759808,-14.721536,-9.634118,-2.249644,-8.061540,-2.968592,-5.270974,-1.291329,-5.881719,-10.780569,-5.035958,-3.733871,0.148531,-5.649419,-2.584036,5.195267
Epep_BAHD11_NA	Epep_BAHD11_NA	acceptor_superclass::Diterpenoids	acceptor_superclass::Lignans;acceptor_superclass::Naphthalenes;acceptor_superclass::Phenylpropanoids (C6-C3);acceptor_superclass::Small peptides;acceptor_superclass::Triterpenoids;acceptor_superclass::Tyrosine alkaloids	0,0,1,0,0,0,0,0,0,0,0,0,0,0,0,0,0,0,0,0,0,0,0	0,0,0,0,0,0,0,1,0,0,1,0,0,0,0,1,0,0,1,0,1,0,1	-6.032039,-10.120182,-2.599345,-6.250984,-13.863422,-0.737722,-6.173314,2.890958,-7.691750,-8.155754,2.107359,-5.251284,-6.399069,-0.121372,-9.957700,4.829568,-9.350114,-6.560700,4.265079,-6.307896,0.513177,-5.991817,5.219878
Epep_BAHD12_NA	Epep_BAHD12_NA	acceptor_superclass::Diterpenoids	acceptor_superclass::Diterpenoids;acceptor_superclass::Naphthalenes;acceptor_superclass::Tryptophan alkaloids	0,0,1,0,0,0,0,0,0,0,0,0,0,0,0,0,0,0,0,0,0,0,0	0,0,1,0,0,0,0,0,0,0,1,0,0,0,0,0,0,0,0,0,0,1,0	-6.189168,-7.831243,3.693383,-9.019137,-3.486630,-3.588432,-6.328641,-7.097632,-5.567006,-1.299472,3.346157,-0.585094,-6.979661,-8.034010,-5.435546,-2.819421,-1.449162,-9.024397,-5.287165,-7.326732,-0.440846,4.164462,-4.476540
Epep_BAHD6_NA	Epep_BAHD6_NA	acceptor_superclass::Diterpenoids	acceptor_superclass::Saccharides;acceptor_superclass::Triterpenoids	0,0,1,0,0,0,0,0,0,0,0,0,0,0,0,0,0,0,0,0,0,0,0	0,0,0,0,0,0,0,0,0,0,0,0,0,0,0,0,0,1,0,0,1,0,0	-10.213768,-4.504317,-0.665165,-8.048333,-3.941905,-5.193513,-8.358670,-3.813694,-7.549625,-0.026695,-9.255869,-5.262559,-11.204517,-3.636099,-6.211052,-2.654898,-10.042465,3.730139,-1.545491,-4.687919,6.941728,-5.645061,-2.363948
Epep_BAHD7_NA	Epep_BAHD7_NA	acceptor_superclass::Diterpenoids	acceptor_superclass::Diterpenoids;acceptor_superclass::Fatty Acids and Conjugates;acceptor_superclass::Triterpenoids;acceptor_superclass::Tryptophan alkaloids	0,0,1,0,0,0,0,0,0,0,0,0,0,0,0,0,0,0,0,0,0,0,0	0,0,1,1,0,0,0,0,0,0,0,0,0,0,0,0,0,0,0,0,1,1,0	-6.687273,-2.550139,5.237275,0.098656,-2.988086,-5.716822,-6.848853,-8.374061,-2.620684,-3.041340,-3.285204,-6.823873,-3.655766,-13.807521,-3.505677,-5.945036,-4.532215,-11.587047,-13.241791,-13.461810,0.240625,1.132899,-8.004986
Epep_BAHD8_NA	Epep_BAHD8_NA	acceptor_superclass::Diterpenoids	acceptor_superclass::Saccharides;acceptor_superclass::Small peptides;acceptor_superclass::Triterpenoids;acceptor_superclass::Tyrosine alkaloids	0,0,1,0,0,0,0,0,0,0,0,0,0,0,0,0,0,0,0,0,0,0,0	0,0,0,0,0,0,0,0,0,0,0,0,0,0,0,0,0,1,1,0,1,0,1	-5.815565,-0.201116,-3.061658,-4.846049,-4.448890,-0.187867,-1.151366,-1.510645,-3.922049,-2.957407,-10.648307,-4.553824,-7.597284,-2.296666,-5.178942,-0.375415,-7.790515,10.459039,2.804204,-1.886244,8.483958,-2.521497,1.099860
Epla_AAT1-1_BDW80081.1	Epla_AAT1-1_BDW80081.1	acceptor_superclass::Naphthalenes	acceptor_superclass::Flavonoids;acceptor_superclass::Monoterpenoids;acceptor_superclass::Phenylpropanoids (C6-C3);acceptor_superclass::Saccharides;acceptor_superclass::Small peptides	0,0,0,0,0,0,0,0,0,0,1,0,0,0,0,0,0,0,0,0,0,0,0	0,0,0,0,0,1,0,0,0,1,0,0,0,0,0,1,0,1,1,0,0,0,0	-11.899404,-12.833900,-0.777968,-6.565778,-5.993110,0.832691,-8.559685,-10.843581,-5.987397,3.713747,-10.128560,-11.168816,-11.834900,-1.315431,-5.715276,0.940958,-9.964523,0.331034,3.432343,-11.107104,-3.637084,-0.232905,-0.535337
Epla_AAT1-2_BDW80082.1	Epla_AAT1-2_BDW80082.1	acceptor_superclass::Naphthalenes	acceptor_superclass::Naphthalenes;acceptor_superclass::Ornithine alkaloids;acceptor_superclass::Pseudoalkaloids;acceptor_superclass::Tryptophan alkaloids	0,0,0,0,0,0,0,0,0,0,1,0,0,0,0,0,0,0,0,0,0,0,0	0,0,0,0,0,0,0,0,0,0,1,1,0,0,0,0,1,0,0,0,0,1,0	-2.822626,-5.091118,-1.785918,-8.809478,-6.239166,-4.477472,-5.409642,-6.855307,-6.473623,-3.395557,3.943157,5.321395,-5.316339,-5.935004,-5.964903,-3.832869,2.603215,-13.623153,-3.738842,-7.304916,-0.837929,4.739854,-1.399440
Epla_AAT2-1_BDW80086.1	Epla_AAT2-1_BDW80086.1	acceptor_superclass::Naphthalenes	acceptor_superclass::Flavonoids;acceptor_superclass::Monoterpenoids;acceptor_superclass::Phenylpropanoids (C6-C3);acceptor_superclass::Small peptides;acceptor_superclass::Tryptophan alkaloids;acceptor_superclass::Tyrosine alkaloids	0,0,0,0,0,0,0,0,0,0,1,0,0,0,0,0,0,0,0,0,0,0,0	0,0,0,0,0,1,0,0,0,1,0,0,0,0,0,1,0,0,1,0,0,1,1	-10.671309,-13.885828,-6.438936,-10.304169,-9.842830,0.695577,-9.793420,-11.179376,-7.957989,0.977770,-6.749598,-8.717960,-8.676689,-1.209188,-4.399156,2.587804,-10.988261,-4.890357,3.313395,-11.440804,-2.890646,1.932230,3.788814
Epla_AAT2-2_BDW80087.1	Epla_AAT2-2_BDW80087.1	acceptor_superclass::Naphthalenes	acceptor_superclass::Diterpenoids;acceptor_superclass::Naphthalenes;acceptor_superclass::Tryptophan alkaloids	0,0,0,0,0,0,0,0,0,0,1,0,0,0,0,0,0,0,0,0,0,0,0	0,0,1,0,0,0,0,0,0,0,1,0,0,0,0,0,0,0,0,0,0,1,0	-8.966550,-6.292347,1.194848,-10.273823,-9.604398,-5.546768,-12.444327,-8.149805,-9.215540,-5.503882,0.565164,-8.082977,-4.512907,-12.765390,-7.071461,-4.749475,-8.084553,-3.949242,-11.034802,-6.396044,-2.011811,6.408169,-5.326979
Epla_AAT2-3_BDW80088.1	Epla_AAT2-3_BDW80088.1	acceptor_superclass::Naphthalenes	acceptor_superclass::Diterpenoids;acceptor_superclass::Flavonoids;acceptor_superclass::Tryptophan alkaloids	0,0,0,0,0,0,0,0,0,0,1,0,0,0,0,0,0,0,0,0,0,0,0	0,0,1,0,0,1,0,0,0,0,0,0,0,0,0,0,0,0,0,0,0,1,0	-9.482377,-8.038111,4.961183,-9.191267,-5.218056,0.335139,-5.922492,-5.086958,-12.414482,-3.748402,-6.155890,-7.363032,-8.892570,-9.921486,-7.914328,-5.047168,-9.114002,-4.589434,-7.326285,-5.595603,-0.225609,0.473137,-3.700434
Epla_SAT1-1_BDW80075.1	Epla_SAT1-1_BDW80075.1	acceptor_superclass::Naphthalenes	acceptor_superclass::Flavonoids;acceptor_superclass::Monoterpenoids;acceptor_superclass::Triterpenoids;acceptor_superclass::Tryptophan alkaloids	0,0,0,0,0,0,0,0,0,0,1,0,0,0,0,0,0,0,0,0,0,0,0	0,0,0,0,0,1,0,0,0,1,0,0,0,0,0,0,0,0,0,0,1,1,0	-8.353354,-9.186802,-4.263317,-14.809379,-7.323911,0.511818,-8.872283,-6.175054,-10.387006,2.787799,-4.931929,-10.422173,-8.308936,-3.575295,-4.813977,-0.180748,-10.052089,-10.773788,-2.854284,-9.870120,4.165421,2.519870,-0.692253
Epla_SAT1-2_BDW80076.1	Epla_SAT1-2_BDW80076.1	acceptor_superclass::Naphthalenes	acceptor_superclass::Lignans;acceptor_superclass::Naphthalenes;acceptor_superclass::Phenylpropanoids (C6-C3);acceptor_superclass::Triterpenoids;acceptor_superclass::Tyrosine alkaloids	0,0,0,0,0,0,0,0,0,0,1,0,0,0,0,0,0,0,0,0,0,0,0	0,0,0,0,0,0,0,1,0,0,1,0,0,0,0,1,0,0,0,0,1,0,1	-10.036132,-10.256822,-4.532072,-8.924048,-14.179920,-5.249011,-8.794116,0.882557,-7.374127,-5.853944,2.886917,-8.586211,-10.182355,-2.711701,-10.343763,3.161220,-11.050074,-7.506233,-0.569446,-9.476769,3.236559,-8.976283,1.122036
Epla_SAT2-1_BDW80078.1	Epla_SAT2-1_BDW80078.1	acceptor_superclass::Naphthalenes	acceptor_superclass::Diterpenoids;acceptor_superclass::Naphthalenes;acceptor_superclass::Ornithine alkaloids;acceptor_superclass::Tryptophan alkaloids	0,0,0,0,0,0,0,0,0,0,1,0,0,0,0,0,0,0,0,0,0,0,0	0,0,1,0,0,0,0,0,0,0,1,1,0,0,0,0,0,0,0,0,0,1,0	-5.154696,-7.823744,0.275601,-6.892606,-5.635421,-4.858107,-7.418042,-7.306093,-8.931643,-4.926730,5.092997,1.207976,-5.315780,-5.414114,-4.833353,-1.724250,-1.686881,-10.193711,-2.618316,-7.067599,-2.492719,3.277364,-2.478086
Epla_SAT2-2_BDW80079.1	Epla_SAT2-2_BDW80079.1	acceptor_superclass::Naphthalenes	acceptor_superclass::Flavonoids;acceptor_superclass::Monoterpenoids;acceptor_superclass::Phenylpropanoids (C6-C3);acceptor_superclass::Small peptides;acceptor_superclass::Triterpenoids;acceptor_superclass::Tryptophan alkaloids;acceptor_superclass::Tyrosine alkaloids	0,0,0,0,0,0,0,0,0,0,1,0,0,0,0,0,0,0,0,0,0,0,0	0,0,0,0,0,1,0,0,0,1,0,0,0,0,0,1,0,0,1,0,1,1,1	-9.031731,-10.893943,-6.397578,-13.042509,-8.119890,3.225211,-7.564795,-7.638732,-7.390738,3.990978,-8.702833,-10.812342,-8.519341,-0.296962,-3.404411,3.120906,-11.221556,-8.236092,3.155058,-10.072506,0.931208,1.783693,3.201833
Epur_HCT_QRI59128.1	Epur_HCT_QRI59128.1	acceptor_superclass::Phenolic acids (C6-C1)	acceptor_superclass::Flavonoids;acceptor_superclass::Phenolic acids (C6-C1);acceptor_superclass::Phenylpropanoids (C6-C3);acceptor_superclass::Small peptides	0,0,0,0,0,0,0,0,0,0,0,0,0,1,0,0,0,0,0,0,0,0,0	0,0,0,0,0,1,0,0,0,0,0,0,0,1,0,1,0,0,1,0,0,0,0	-11.485687,-11.004760,-6.898539,-7.163634,-8.672647,3.139329,-7.373897,-4.486234,-15.361678,-2.349953,-15.153569,-9.053062,-11.675339,11.904409,-10.966727,2.928823,-9.695689,-9.355144,1.419431,-6.693799,-2.979321,-8.676786,-3.481074
Epur_HMT_UHJ19789.2	Epur_HMT_UHJ19789.2	acceptor_superclass::Fatty Acids and Conjugates	acceptor_superclass::Fatty Acids and Conjugates;acceptor_superclass::Flavonoids;acceptor_superclass::Lignans;acceptor_superclass::Phenolic acids (C6-C1);acceptor_superclass::Phenylpropanoids (C6-C3);acceptor_superclass::Small peptides;acceptor_superclass::Triterpenoids;acceptor_superclass::Tyrosine alkaloids	0,0,0,1,0,0,0,0,0,0,0,0,0,0,0,0,0,0,0,0,0,0,0	0,0,0,1,0,1,0,1,0,0,0,0,0,1,0,1,0,0,1,0,1,0,1	-9.896485,-9.926777,-8.890952,0.251439,-7.765387,3.499311,-5.533478,4.611988,-3.670349,-0.708043,-11.612106,-6.788997,-9.915871,8.272243,-6.729338,5.998825,-7.657680,-8.793177,0.557124,-9.191114,0.501806,-9.586338,2.520645
Epur_HQT_QRI59127.1	Epur_HQT_QRI59127.1	acceptor_superclass::Phenolic acids (C6-C1)	acceptor_superclass::Lignans;acceptor_superclass::Monoterpenoids;acceptor_superclass::Phenolic acids (C6-C1);acceptor_superclass::Phenylpropanoids (C6-C3)	0,0,0,0,0,0,0,0,0,0,0,0,0,1,0,0,0,0,0,0,0,0,0	0,0,0,0,0,0,0,1,0,1,0,0,0,1,0,1,0,0,0,0,0,0,0	-9.593771,-6.974683,-1.941388,-11.765949,-1.735526,-3.674433,-13.549258,4.174411,-6.422388,8.410669,-6.118442,-5.883216,-8.808681,0.916231,-3.307850,1.285682,-5.536067,-7.907143,-2.404108,-9.098821,-4.499544,-7.081553,-5.584213
Epur_HTT_QRI59126.1	Epur_HTT_QRI59126.1	acceptor_superclass::Fatty Acids and Conjugates	acceptor_superclass::Fatty acyls;acceptor_superclass::Lignans;acceptor_superclass::Monoterpenoids;acceptor_superclass::Phenolic acids (C6-C1);acceptor_superclass::Phenylethanoids (C6-C2);acceptor_superclass::Phenylpropanoids (C6-C3)	0,0,0,1,0,0,0,0,0,0,0,0,0,0,0,0,0,0,0,0,0,0,0	0,0,0,0,1,0,0,1,0,1,0,0,0,1,1,1,0,0,0,0,0,0,0	-8.558290,-9.176924,-5.402925,-2.914247,1.125666,-1.594220,-7.934556,1.255465,-7.505631,3.641450,-1.371601,-12.385813,-3.808999,1.944969,0.232104,3.843824,-8.549303,-6.407895,-4.243925,-9.313055,-11.267264,-7.821815,-3.066208
Fana_SAAT_AAG13130.1	Fana_SAAT_AAG13130.1	acceptor_superclass::Cyclic polyketides;acceptor_superclass::Fatty acyls;acceptor_superclass::Phenylethanoids (C6-C2)	acceptor_superclass::Naphthalenes;acceptor_superclass::Ornithine alkaloids;acceptor_superclass::Pseudoalkaloids;acceptor_superclass::Tryptophan alkaloids	0,1,0,0,1,0,0,0,0,0,0,0,0,0,1,0,0,0,0,0,0,0,0	0,0,0,0,0,0,0,0,0,0,1,1,0,0,0,0,1,0,0,0,0,1,0	-0.808552,-5.363773,-7.294423,-8.940876,-8.217594,-0.036283,-4.767330,-6.468782,-9.627564,-5.165256,2.068331,2.993037,-0.963358,-4.982817,-3.311607,-1.783448,2.559639,-10.905229,-2.969104,-5.069422,-3.383179,0.418966,-0.492497
Fves_VAAT_CAC09062.1	Fves_VAAT_CAC09062.1	acceptor_superclass::Cyclic polyketides;acceptor_superclass::Fatty acyls;acceptor_superclass::Monoterpenoids;acceptor_superclass::Phenylethanoids (C6-C2);acceptor_superclass::Phenylpropanoids (C6-C3)	acceptor_superclass::Cyclic polyketides;acceptor_superclass::Fatty Acids and Conjugates;acceptor_superclass::Fatty acyls;acceptor_superclass::Lignans;acceptor_superclass::Monoterpenoids;acceptor_superclass::Phenylethanoids (C6-C2);acceptor_superclass::Phenylpropanoids (C6-C3)	0,1,0,0,1,0,0,0,0,1,0,0,0,0,1,1,0,0,0,0,0,0,0	0,1,0,1,1,0,0,1,0,1,0,0,0,0,1,1,0,0,0,0,0,0,0	-5.976668,1.804523,-4.171583,2.653951,6.248886,-1.765206,-7.852747,0.935869,-2.488210,2.952342,-9.995940,-13.712296,-1.792665,-4.982295,4.537430,5.395563,-12.186116,-10.393819,-9.177163,-7.311749,-4.113472,-9.252462,-8.873427
Gmax_COSY_KRH21316.1	Gmax_COSY_KRH21316.1		acceptor_superclass::Fatty Acids and Conjugates;acceptor_superclass::Fatty acyls;acceptor_superclass::Phenylpropanoids (C6-C3)	0,0,0,0,0,0,0,0,0,0,0,0,0,0,0,0,0,0,0,0,0,0,0	0,0,0,1,1,0,0,0,0,0,0,0,0,0,0,1,0,0,0,0,0,0,0	-10.442537,-9.303585,-7.164762,3.535321,2.068945,-3.410932,-5.841028,-8.562745,-8.255732,-6.271455,-14.303370,-4.510166,-10.138803,-4.512819,-9.307988,3.912387,-6.012603,-11.037562,-7.643891,-10.402636,-10.826934,-4.383225,-11.714333
Gmax_MT7_ABY59019.1	Gmax_IF7MAT_NP_001237760.1	acceptor_superclass::Isoflavonoids	acceptor_superclass::Flavonoids;acceptor_superclass::Isoflavonoids	0,0,0,0,0,0,1,0,0,0,0,0,0,0,0,0,0,0,0,0,0,0,0	0,0,0,0,0,1,1,0,0,0,0,0,0,0,0,0,0,0,0,0,0,0,0	-6.762095,-11.590604,-6.638417,-6.705665,-7.088171,5.497386,5.339231,-11.285487,-9.400802,-11.848846,-13.435420,-2.676751,-9.205421,-4.183042,-11.960833,-7.308917,-0.906483,-11.916646,-11.945890,-3.055129,-4.641779,-4.293982,-9.190650
Gmax_IMAT1_AQY54373.1	Gmax_IMAT1_AQY54373.1	acceptor_superclass::Isoflavonoids	acceptor_superclass::Flavonoids;acceptor_superclass::Isoflavonoids;acceptor_superclass::Steroids	0,0,0,0,0,0,1,0,0,0,0,0,0,0,0,0,0,0,0,0,0,0,0	0,0,0,0,0,1,1,0,0,0,0,0,0,0,0,0,0,0,0,1,0,0,0	-2.375262,-6.598686,-4.965266,-4.095297,-5.909416,7.118089,8.662425,-7.645799,-8.700292,-9.951912,-6.645275,-4.749727,-2.543519,-7.187711,-7.570819,-7.493534,-3.095461,-11.455268,-9.963025,0.396883,-2.707123,-2.519782,-5.040009
Gmax_IMAT3_AQY54374.1	Gmax_IMAT3_AQY54374.1	acceptor_superclass::Isoflavonoids	acceptor_superclass::Coumarins;acceptor_superclass::Isoflavonoids;acceptor_superclass::Naphthalenes;acceptor_superclass::Ornithine alkaloids;acceptor_superclass::Pseudoalkaloids;acceptor_superclass::Tryptophan alkaloids;acceptor_superclass::Tyrosine alkaloids	0,0,0,0,0,0,1,0,0,0,0,0,0,0,0,0,0,0,0,0,0,0,0	1,0,0,0,0,0,1,0,0,0,1,1,0,0,0,0,1,0,0,0,0,1,1	0.437382,-3.361892,-7.627530,-8.146852,-9.047556,-0.541326,1.597265,-8.792417,-7.851765,-6.001819,0.539666,7.321056,-4.545732,-1.310860,-8.889513,-5.332233,3.582591,-13.971077,-3.299039,-5.789120,-1.180066,2.050753,0.803264
Gmax_MT7_ABY59019.1	Gmax_MT7_ABY59019.1	acceptor_superclass::Flavonoids;acceptor_superclass::Isoflavonoids	acceptor_superclass::Flavonoids;acceptor_superclass::Isoflavonoids	0,0,0,0,0,1,1,0,0,0,0,0,0,0,0,0,0,0,0,0,0,0,0	0,0,0,0,0,1,1,0,0,0,0,0,0,0,0,0,0,0,0,0,0,0,0	-6.762095,-11.590604,-6.638417,-6.705665,-7.088171,5.497386,5.339231,-11.285487,-9.400802,-11.848846,-13.435420,-2.676751,-9.205421,-4.183042,-11.960833,-7.308917,-0.906483,-11.916646,-11.945890,-3.055129,-4.641779,-4.293982,-9.190650
Gmax_SSACT1_KRH01153.1	Gmax_SSACT1_KRH01153.1	acceptor_superclass::Triterpenoids	acceptor_superclass::Flavonoids;acceptor_superclass::Isoflavonoids;acceptor_superclass::Saccharides;acceptor_superclass::Tyrosine alkaloids	0,0,0,0,0,0,0,0,0,0,0,0,0,0,0,0,0,0,0,0,1,0,0	0,0,0,0,0,1,1,0,0,0,0,0,0,0,0,0,0,1,0,0,0,0,1	-5.580569,-10.823921,-12.095460,-2.486745,-6.987872,4.899902,4.850613,-10.934722,-2.474860,-7.306483,-7.866142,-4.779191,-6.559862,-4.936948,-8.208348,-5.013391,-3.015431,0.593606,-3.869577,-0.370354,-9.249848,-4.379181,1.007855
Gtri_53AAT_BAA74428.1	Gtri_53AAT_BAA74428.1	acceptor_superclass::Flavonoids	acceptor_superclass::Coumarins;acceptor_superclass::Naphthalenes;acceptor_superclass::Ornithine alkaloids;acceptor_superclass::Pseudoalkaloids;acceptor_superclass::Tryptophan alkaloids;acceptor_superclass::Tyrosine alkaloids	0,0,0,0,0,1,0,0,0,0,0,0,0,0,0,0,0,0,0,0,0,0,0	1,0,0,0,0,0,0,0,0,0,1,1,0,0,0,0,1,0,0,0,0,1,1	0.483322,-3.563432,-6.369506,-6.832323,-8.471433,-2.205391,-0.541528,-7.894673,-7.062123,-6.379907,1.916232,8.739736,-3.990548,-1.732310,-7.412871,-4.796813,4.692492,-14.495207,-1.754932,-5.059808,-2.586282,2.768137,1.924793
Gtri_53AAT_BAA74428.1	Gtri_5AT_BAA74428.1	acceptor_superclass::Flavonoids	acceptor_superclass::Flavonoids	0,0,0,0,0,1,0,0,0,0,0,0,0,0,0,0,0,0,0,0,0,0,0	0,0,0,0,0,1,0,0,0,0,0,0,0,0,0,0,0,0,0,0,0,0,0	-5.522627,-7.366965,-13.057639,-7.726658,-8.357345,5.754462,-2.072127,-8.263583,-8.739179,-9.446386,-10.014517,-6.213807,-4.603676,-1.497298,-9.152528,-10.928368,-4.924367,-11.355345,-5.339581,-4.532074,-9.363596,-9.476645,-7.472744
Gtri_53AAT_BAA74428.1	Gtri_GAT_BAA74428.1	acceptor_superclass::Flavonoids	acceptor_superclass::Flavonoids;acceptor_superclass::Isoflavonoids	0,0,0,0,0,1,0,0,0,0,0,0,0,0,0,0,0,0,0,0,0,0,0	0,0,0,0,0,1,1,0,0,0,0,0,0,0,0,0,0,0,0,0,0,0,0	-5.850191,-12.784995,-7.584082,-12.747402,-11.330346,9.355530,2.610887,-4.460470,-15.508654,-10.930035,-11.429898,-1.845288,-8.016874,-3.381900,-11.866867,-6.610437,-1.607374,-13.481977,-5.472555,-0.905447,-7.153814,-2.837237,-4.600350
Hann_HCT1_QBM78941.1	Hann_HCT1_QBM78941.1	acceptor_superclass::Phenolic acids (C6-C1)	acceptor_superclass::Flavonoids;acceptor_superclass::Phenolic acids (C6-C1);acceptor_superclass::Phenylpropanoids (C6-C3);acceptor_superclass::Small peptides	0,0,0,0,0,0,0,0,0,0,0,0,0,1,0,0,0,0,0,0,0,0,0	0,0,0,0,0,1,0,0,0,0,0,0,0,1,0,1,0,0,1,0,0,0,0	-11.439115,-10.962253,-7.182117,-8.923566,-10.060626,4.100941,-7.550611,-4.253035,-15.498389,-1.569573,-13.198430,-8.769633,-11.286192,10.636977,-10.547002,3.195867,-10.274778,-9.177746,1.640921,-5.787763,-1.737748,-7.761304,-1.395982
Hann_HCT2_QBM78942.1	Hann_HCT2_QBM78942.1	acceptor_superclass::Phenolic acids (C6-C1)	acceptor_superclass::Naphthalenes;acceptor_superclass::Ornithine alkaloids;acceptor_superclass::Pseudoalkaloids;acceptor_superclass::Tryptophan alkaloids;acceptor_superclass::Tyrosine alkaloids	0,0,0,0,0,0,0,0,0,0,0,0,0,1,0,0,0,0,0,0,0,0,0	0,0,0,0,0,0,0,0,0,0,1,1,0,0,0,0,1,0,0,0,0,1,1	-1.070310,-4.024249,-5.466060,-8.146281,-8.031980,-4.122939,-4.215340,-7.357669,-6.464615,-5.467111,1.375345,9.264233,-5.309519,-2.329438,-5.303146,-3.828323,6.007066,-15.275776,-0.348614,-7.810794,-2.786270,2.218025,1.879786
Hann_HQT1_QBM78938.1	Hann_HQT1_QBM78938.1	acceptor_superclass::Phenolic acids (C6-C1)	acceptor_superclass::Flavonoids;acceptor_superclass::Monoterpenoids;acceptor_superclass::Phenolic acids (C6-C1);acceptor_superclass::Phenylpropanoids (C6-C3);acceptor_superclass::Small peptides;acceptor_superclass::Triterpenoids;acceptor_superclass::Tyrosine alkaloids	0,0,0,0,0,0,0,0,0,0,0,0,0,1,0,0,0,0,0,0,0,0,0	0,0,0,0,0,1,0,0,0,1,0,0,0,1,0,1,0,0,1,0,1,0,1	-8.408610,-10.419805,-6.279112,-13.797255,-6.848106,1.473741,-6.843389,-6.445388,-9.015382,1.392059,-7.997065,-12.383566,-8.748006,3.306734,-4.188601,0.552756,-13.888566,-11.715431,2.266125,-9.431670,2.394529,-0.493417,2.321917
Hann_HQT2_QBM78939.1	Hann_HQT2_QBM78939.1	acceptor_superclass::Phenolic acids (C6-C1)	acceptor_superclass::Phenolic acids (C6-C1);acceptor_superclass::Small peptides;acceptor_superclass::Tyrosine alkaloids	0,0,0,0,0,0,0,0,0,0,0,0,0,1,0,0,0,0,0,0,0,0,0	0,0,0,0,0,0,0,0,0,0,0,0,0,1,0,0,0,0,1,0,0,0,1	-9.211690,-13.897835,-6.620348,-7.794202,-7.400973,-1.969833,-7.185893,-10.343602,-10.915242,-4.333972,-5.712217,-13.079709,-9.229639,4.799403,-6.627967,-2.067632,-15.520472,-7.640557,2.164937,-8.420783,-3.257250,-3.585304,0.905610
Hann_HQT3_QBM78940.1	Hann_HQT3_QBM78940.1	acceptor_superclass::Phenolic acids (C6-C1)	acceptor_superclass::Naphthalenes;acceptor_superclass::Ornithine alkaloids;acceptor_superclass::Pseudoalkaloids;acceptor_superclass::Tryptophan alkaloids	0,0,0,0,0,0,0,0,0,0,0,0,0,1,0,0,0,0,0,0,0,0,0	0,0,0,0,0,0,0,0,0,0,1,1,0,0,0,0,1,0,0,0,0,1,0	-1.692860,-4.497120,-4.070930,-8.746416,-7.294785,-4.309177,-5.174995,-7.317235,-7.400125,-4.531349,3.008671,7.793653,-5.243451,-3.900324,-5.575657,-3.269299,5.047587,-15.294079,-1.622209,-8.820997,-1.673855,3.736497,-0.012675
Hcan_PMT_KAL4341785.1	Hcan_PMT_KAL4341785.1	acceptor_superclass::Phenylpropanoids (C6-C3)	acceptor_superclass::Diterpenoids;acceptor_superclass::Fatty Acids and Conjugates;acceptor_superclass::Saccharides	0,0,0,0,0,0,0,0,0,0,0,0,0,0,0,1,0,0,0,0,0,0,0	0,0,1,1,0,0,0,0,0,0,0,0,0,0,0,0,0,1,0,0,0,0,0	-11.582057,-11.567434,0.907967,0.486793,-0.781063,-2.231825,-6.036235,-11.644191,-5.895987,-2.134470,-9.727828,-10.853267,-12.273674,-1.572459,-7.272377,-5.923347,-8.597431,2.100163,-1.300136,-7.728932,-8.199992,-6.136997,-5.955801
Hmur_ACT_BCN87077.1	Hmur_ACT_BCN87077.1	acceptor_superclass::Ornithine alkaloids;acceptor_superclass::Pseudoalkaloids	acceptor_superclass::Ornithine alkaloids;acceptor_superclass::Pseudoalkaloids;acceptor_superclass::Small peptides;acceptor_superclass::Tryptophan alkaloids;acceptor_superclass::Tyrosine alkaloids	0,0,0,0,0,0,0,0,0,0,0,1,0,0,0,0,1,0,0,0,0,0,0	0,0,0,0,0,0,0,0,0,0,0,1,0,0,0,0,1,0,1,0,0,1,1	-9.434023,-10.293273,-1.384199,-10.789738,-14.359939,-5.766967,-10.711547,-4.907173,-9.292952,-3.022241,-5.871829,6.737286,-8.640894,-4.363143,-5.563245,-6.390184,4.899650,-9.690578,0.984089,-6.076344,-4.732574,8.731713,5.144925
Hpol_BAHD3_NA	Hpol_BAHD3_NA	acceptor_superclass::Tyrosine alkaloids	acceptor_superclass::Coumarins;acceptor_superclass::Fatty acyls;acceptor_superclass::Flavonoids;acceptor_superclass::Lignans;acceptor_superclass::Ornithine alkaloids;acceptor_superclass::Pseudoalkaloids;acceptor_superclass::Steroids	0,0,0,0,0,0,0,0,0,0,0,0,0,0,0,0,0,0,0,0,0,0,1	1,0,0,0,1,1,0,1,0,0,0,1,0,0,0,0,1,0,0,1,0,0,0	3.094962,-0.173805,-6.013627,-11.472597,1.071712,6.628003,-2.747194,3.339753,-2.458774,-0.913207,-6.603682,0.678262,-0.548625,-6.505962,-1.796177,-2.106560,3.533182,-11.582096,-10.205100,0.586981,-4.435619,-8.079824,-14.674503
Hvul_ACT1-1_AAO73071.1	Hvul_ACT1-1_AAO73071.1	acceptor_superclass::Ornithine alkaloids	acceptor_superclass::Flavonoids;acceptor_superclass::Phenolic acids (C6-C1);acceptor_superclass::Phenylpropanoids (C6-C3);acceptor_superclass::Small peptides	0,0,0,0,0,0,0,0,0,0,0,1,0,0,0,0,0,0,0,0,0,0,0	0,0,0,0,0,1,0,0,0,0,0,0,0,1,0,1,0,0,1,0,0,0,0	-9.154763,-10.481658,-6.911252,-9.232652,-13.948850,1.669163,-10.919346,-0.253344,-8.041110,-9.817099,-6.216103,-7.985055,-8.794407,7.055781,-5.889263,5.091216,-10.137957,-13.242661,6.966838,-11.474847,-4.863212,-13.330509,-1.313880
Hvul_ACT1-1_BAF97626	Hvul_ACT1-1_BAF97626	acceptor_superclass::Ornithine alkaloids;acceptor_superclass::Pseudoalkaloids	acceptor_superclass::Naphthalenes;acceptor_superclass::Ornithine alkaloids;acceptor_superclass::Pseudoalkaloids;acceptor_superclass::Tryptophan alkaloids;acceptor_superclass::Tyrosine alkaloids	0,0,0,0,0,0,0,0,0,0,0,1,0,0,0,0,1,0,0,0,0,0,0	0,0,0,0,0,0,0,0,0,0,1,1,0,0,0,0,1,0,0,0,0,1,1	-0.761127,-3.313488,-4.927947,-8.829824,-7.183157,-4.034732,-4.464869,-7.011915,-6.683962,-4.438946,2.301682,8.939297,-4.868563,-4.011641,-4.955527,-3.817786,6.342990,-15.676193,-1.760015,-8.670310,-1.381933,3.064255,0.214722
Hvul_ACT1-2_BAF97627.1	Hvul_ACT1-2_BAF97627	acceptor_superclass::Ornithine alkaloids;acceptor_superclass::Pseudoalkaloids	acceptor_superclass::Flavonoids;acceptor_superclass::Ornithine alkaloids	0,0,0,0,0,0,0,0,0,0,0,1,0,0,0,0,1,0,0,0,0,0,0	0,0,0,0,0,1,0,0,0,0,0,1,0,0,0,0,0,0,0,0,0,0,0	-10.242845,-11.058690,-14.528231,-9.075417,-7.820372,3.063262,-5.699159,-12.126023,-9.892955,-3.990407,-12.560470,0.357695,-8.975749,-5.678398,-2.362651,-1.718525,-0.168601,-12.318777,-7.289390,-7.950396,-7.070200,-5.483108,-4.985878
Hvul_ACT1-2_BAF97627.1	Hvul_ACT1-2_BAF97627.1	acceptor_superclass::Ornithine alkaloids	acceptor_superclass::Naphthalenes;acceptor_superclass::Ornithine alkaloids;acceptor_superclass::Pseudoalkaloids;acceptor_superclass::Tryptophan alkaloids;acceptor_superclass::Tyrosine alkaloids	0,0,0,0,0,0,0,0,0,0,0,1,0,0,0,0,0,0,0,0,0,0,0	0,0,0,0,0,0,0,0,0,0,1,1,0,0,0,0,1,0,0,0,0,1,1	-0.705022,-3.248269,-4.925031,-8.816421,-7.151819,-4.006143,-4.401141,-6.959056,-6.591564,-4.384491,2.286707,9.015551,-4.838008,-4.006376,-4.949343,-3.804391,6.405595,-15.697285,-1.763510,-8.622638,-1.345821,3.099197,0.279066
Hvul_ACT2_BAK00935.1	Hvul_ACT2_BAK00935.1	acceptor_superclass::Ornithine alkaloids;acceptor_superclass::Pseudoalkaloids	acceptor_superclass::Naphthalenes;acceptor_superclass::Ornithine alkaloids;acceptor_superclass::Pseudoalkaloids;acceptor_superclass::Tryptophan alkaloids;acceptor_superclass::Tyrosine alkaloids	0,0,0,0,0,0,0,0,0,0,0,1,0,0,0,0,1,0,0,0,0,0,0	0,0,0,0,0,0,0,0,0,0,1,1,0,0,0,0,1,0,0,0,0,1,1	-0.652894,-3.679630,-5.224857,-8.373078,-7.610311,-3.836155,-4.043799,-7.330036,-6.605973,-5.022094,2.122382,9.083313,-4.867791,-3.385658,-5.374479,-3.895484,6.270621,-15.544394,-1.393042,-7.880272,-2.229627,2.917834,0.731252
Hvul_ACT1-1_AAO73071.1	Hvul_ACT_AAO73071.1	acceptor_superclass::Ornithine alkaloids	acceptor_superclass::Flavonoids;acceptor_superclass::Phenolic acids (C6-C1);acceptor_superclass::Phenylpropanoids (C6-C3);acceptor_superclass::Small peptides	0,0,0,0,0,0,0,0,0,0,0,1,0,0,0,0,0,0,0,0,0,0,0	0,0,0,0,0,1,0,0,0,0,0,0,0,1,0,1,0,0,1,0,0,0,0	-9.154763,-10.481658,-6.911252,-9.232652,-13.948850,1.669163,-10.919346,-0.253344,-8.041110,-9.817099,-6.216103,-7.985055,-8.794407,7.055781,-5.889263,5.091216,-10.137957,-13.242661,6.966838,-11.474847,-4.863212,-13.330509,-1.313880
Ibat_HQT_BAA87043.1	Ibat_HQT_BAA87043.1	acceptor_superclass::Phenolic acids (C6-C1)		0,0,0,0,0,0,0,0,0,0,0,0,0,1,0,0,0,0,0,0,0,0,0	0,0,0,0,0,0,0,0,0,0,0,0,0,0,0,0,0,0,0,0,0,0,0	-12.567250,-14.143916,-8.085430,-1.607148,-2.409474,-7.373974,-6.016489,-8.571298,-13.965230,-7.364649,-14.225226,-9.640059,-13.138377,-0.238227,-12.299066,-0.936162,-10.717433,-7.202018,-3.081703,-9.771802,-9.311221,-1.389587,-4.477448
Ihol_3AT1_BAE72676.1	Ihol_3AT1_BAE72676.1	acceptor_superclass::Flavonoids	acceptor_superclass::Fatty Acids and Conjugates;acceptor_superclass::Flavonoids	0,0,0,0,0,1,0,0,0,0,0,0,0,0,0,0,0,0,0,0,0,0,0	0,0,0,1,0,1,0,0,0,0,0,0,0,0,0,0,0,0,0,0,0,0,0	-7.559212,-7.377450,-10.386056,1.507551,-2.923558,4.544106,-2.899017,-9.300393,-9.671005,-3.619995,-16.497572,-3.428609,-4.596353,-6.138974,-2.541739,-1.818749,-4.737263,-13.494836,-12.011562,-5.764179,-7.469210,-5.948672,-11.119783
Ihol_3AT2_BAE94328.1	Ihol_3AT2_BAE94328.1	acceptor_superclass::Flavonoids	acceptor_superclass::Flavonoids;acceptor_superclass::Lignans;acceptor_superclass::Phenolic acids (C6-C1);acceptor_superclass::Phenylpropanoids (C6-C3);acceptor_superclass::Small peptides;acceptor_superclass::Tyrosine alkaloids	0,0,0,0,0,1,0,0,0,0,0,0,0,0,0,0,0,0,0,0,0,0,0	0,0,0,0,0,1,0,1,0,0,0,0,0,1,0,1,0,0,1,0,0,0,1	-9.918468,-10.810752,-8.087067,-8.106680,-13.668842,3.744982,-8.870081,2.234315,-7.467215,-5.231544,-6.974831,-5.646543,-10.248539,3.820860,-8.816692,5.530157,-8.686158,-13.589036,1.205264,-9.824889,-2.514493,-12.486445,0.547661
Jsam_BEAT1_UJH94663.1	Jsam_BEAT1_UJH94663.1		acceptor_superclass::Fatty acyls;acceptor_superclass::Flavonoids;acceptor_superclass::Monoterpenoids;acceptor_superclass::Phenylpropanoids (C6-C3)	0,0,0,0,0,0,0,0,0,0,0,0,0,0,0,0,0,0,0,0,0,0,0	0,0,0,0,1,1,0,0,0,1,0,0,0,0,0,1,0,0,0,0,0,0,0	-10.095404,-5.289866,-10.679865,-9.207691,1.912384,3.056676,-8.238492,-4.060513,-7.649470,7.653722,-16.325962,-10.852292,-11.228050,-5.871145,-4.164521,0.339676,-11.959201,-10.886350,-13.310470,-6.100661,-6.826316,-0.895688,-6.870900
Jsam_BEAT2_UJH94664.1	Jsam_BEAT2_UJH94664.1		acceptor_superclass::Phenylpropanoids (C6-C3)	0,0,0,0,0,0,0,0,0,0,0,0,0,0,0,0,0,0,0,0,0,0,0	0,0,0,0,0,0,0,0,0,0,0,0,0,0,0,1,0,0,0,0,0,0,0	-13.493435,-10.457080,-10.979431,-0.032497,-0.323916,-3.327530,-11.416903,-6.556362,-12.402683,-1.309366,-17.098743,-8.738397,-11.276400,-0.175525,-7.577059,6.526482,-8.762881,-12.110732,-6.058594,-11.802940,-10.822537,-8.350200,-12.385235
Lalb_HMT_BAD89275.1	Lalb_HMT_BAD89275.1	acceptor_superclass::Lysine alkaloids	acceptor_superclass::Cyclic polyketides;acceptor_superclass::Fatty acyls;acceptor_superclass::Monoterpenoids;acceptor_superclass::Phenylethanoids (C6-C2);acceptor_superclass::Phenylpropanoids (C6-C3)	0,0,0,0,0,0,0,0,1,0,0,0,0,0,0,0,0,0,0,0,0,0,0	0,1,0,0,1,0,0,0,0,1,0,0,0,0,1,1,0,0,0,0,0,0,0	-6.407547,2.260978,-4.390885,-6.829892,4.032481,-6.059744,-15.417087,-5.774345,-5.187304,6.363038,-9.361738,-3.182608,-7.830406,-9.446217,2.782472,1.433822,-6.665221,-10.524722,-12.951113,-6.324191,-8.320505,-2.368458,-6.254755
Lang_RAS_ABI48360.1	Lang_AAT1_ABI48360.1	acceptor_superclass::Tyrosine alkaloids	acceptor_superclass::Phenolic acids (C6-C1);acceptor_superclass::Small peptides;acceptor_superclass::Tryptophan alkaloids;acceptor_superclass::Tyrosine alkaloids	0,0,0,0,0,0,0,0,0,0,0,0,0,0,0,0,0,0,0,0,0,0,1	0,0,0,0,0,0,0,0,0,0,0,0,0,1,0,0,0,0,1,0,0,1,1	-2.882387,-8.420199,-2.944395,-5.931576,-12.395086,-5.124804,-2.208597,-5.867602,-12.041026,-8.839620,-3.614466,-3.387753,-2.422398,0.006929,-9.150607,-12.111391,-3.909472,-6.278778,3.214295,-4.691173,-5.661036,6.467457,6.540889
Lang_RAS_ABI48360.1	Lang_AT1_ABI48360.1	acceptor_superclass::Phenolic acids (C6-C1);acceptor_superclass::Small peptides;acceptor_superclass::Tryptophan alkaloids;acceptor_superclass::Tyrosine alkaloids	acceptor_superclass::Naphthalenes;acceptor_superclass::Ornithine alkaloids;acceptor_superclass::Pseudoalkaloids;acceptor_superclass::Tryptophan alkaloids;acceptor_superclass::Tyrosine alkaloids	0,0,0,0,0,0,0,0,0,0,0,0,0,1,0,0,0,0,1,0,0,1,1	0,0,0,0,0,0,0,0,0,0,1,1,0,0,0,0,1,0,0,0,0,1,1	-0.340654,-4.159933,-7.544828,-5.195025,-7.688055,-3.205804,-2.180306,-7.458327,-7.131252,-6.635921,0.728330,8.648773,-4.579678,-1.073594,-7.579888,-4.578950,3.709484,-15.711764,-1.178765,-4.606486,-3.878341,1.497600,3.724237
Lang_RAS_ABI48360.1	Lang_RAS_ABI48360.1		acceptor_superclass::Small peptides;acceptor_superclass::Tryptophan alkaloids;acceptor_superclass::Tyrosine alkaloids	0,0,0,0,0,0,0,0,0,0,0,0,0,0,0,0,0,0,0,0,0,0,0	0,0,0,0,0,0,0,0,0,0,0,0,0,0,0,0,0,0,1,0,0,1,1	-11.648096,-12.762000,-3.672766,-7.622080,-15.597713,-0.150565,-4.328606,-6.316206,-13.045244,-7.946706,-8.286824,-0.866745,-9.514761,-2.739164,-8.036868,-4.663045,-1.303155,-5.552033,2.384389,-6.953245,-6.190874,9.247977,8.488620
Lang_RAS_AEA36976.1	Lang_RAS_AEA36976.1		acceptor_superclass::Naphthalenes;acceptor_superclass::Ornithine alkaloids;acceptor_superclass::Pseudoalkaloids;acceptor_superclass::Tryptophan alkaloids;acceptor_superclass::Tyrosine alkaloids	0,0,0,0,0,0,0,0,0,0,0,0,0,0,0,0,0,0,0,0,0,0,0	0,0,0,0,0,0,0,0,0,0,1,1,0,0,0,0,1,0,0,0,0,1,1	-0.329861,-4.290308,-7.522130,-5.228840,-7.891385,-2.949075,-1.905758,-7.595288,-7.397091,-6.846600,0.876707,8.438270,-4.507017,-0.924235,-7.832593,-4.742540,3.447356,-15.582071,-1.229148,-4.379989,-3.855829,1.598631,3.644500
Lery_AAT1_BBV14786.1	Lery_AAT1_BBV14786.1	acceptor_superclass::Naphthalenes	acceptor_superclass::Naphthalenes;acceptor_superclass::Ornithine alkaloids;acceptor_superclass::Pseudoalkaloids;acceptor_superclass::Tryptophan alkaloids;acceptor_superclass::Tyrosine alkaloids	0,0,0,0,0,0,0,0,0,0,1,0,0,0,0,0,0,0,0,0,0,0,0	0,0,0,0,0,0,0,0,0,0,1,1,0,0,0,0,1,0,0,0,0,1,1	-1.687165,-4.711977,-2.809006,-8.465228,-6.988710,-4.330783,-5.162829,-6.580028,-6.640336,-3.757067,4.163874,7.167102,-4.601831,-4.430394,-6.049975,-3.412720,4.420945,-14.584116,-2.150677,-7.457001,-1.287868,5.650753,0.000235
Lery_AAT2_BDW80085.1	Lery_AAT2_BDW80085.1	acceptor_superclass::Naphthalenes	acceptor_superclass::Flavonoids;acceptor_superclass::Monoterpenoids;acceptor_superclass::Phenylpropanoids (C6-C3);acceptor_superclass::Small peptides;acceptor_superclass::Tryptophan alkaloids;acceptor_superclass::Tyrosine alkaloids	0,0,0,0,0,0,0,0,0,0,1,0,0,0,0,0,0,0,0,0,0,0,0	0,0,0,0,0,1,0,0,0,1,0,0,0,0,0,1,0,0,1,0,0,1,1	-10.992791,-12.686503,-3.460502,-10.778337,-8.340508,1.278257,-9.538297,-10.037331,-7.819331,3.621926,-8.098486,-10.580376,-10.052239,-2.124695,-4.971177,2.145761,-10.541968,-4.142235,2.674231,-11.526050,-0.982432,1.986494,1.442920
Lery_SAT1_BBV14785.1	Lery_SAT1_BBV14785.1	acceptor_superclass::Naphthalenes	acceptor_superclass::Naphthalenes	0,0,0,0,0,0,0,0,0,0,1,0,0,0,0,0,0,0,0,0,0,0,0	0,0,0,0,0,0,0,0,0,0,1,0,0,0,0,0,0,0,0,0,0,0,0	-9.678695,-7.664637,-4.594813,-8.419188,-9.385156,-8.877467,-14.314054,-9.453078,-8.928310,-4.349095,3.070875,-8.529078,-5.118125,-6.751873,-5.654783,-4.477829,-10.031655,-3.342361,-9.249905,-4.690157,-1.214493,-1.033961,-5.194495
Lery_SAT2_BDW80077.1	Lery_SAT2_BDW80077.1	acceptor_superclass::Naphthalenes	acceptor_superclass::Naphthalenes	0,0,0,0,0,0,0,0,0,0,1,0,0,0,0,0,0,0,0,0,0,0,0	0,0,0,0,0,0,0,0,0,0,1,0,0,0,0,0,0,0,0,0,0,0,0	-4.779708,-9.344760,-1.321886,-15.631383,-8.809633,-7.904927,-11.845246,-9.453272,-11.224463,-8.727219,7.846942,-4.478539,-5.842084,-11.277914,-7.570720,-7.434402,-8.724118,-6.067988,-4.037268,-5.822079,-10.122994,-8.752132,-3.082528
Lint_AAT-3_AIW81431.1	Lint_AAT-3_AIW81431.1	acceptor_superclass::Monoterpenoids	acceptor_superclass::Fatty acyls;acceptor_superclass::Lignans;acceptor_superclass::Lysine alkaloids;acceptor_superclass::Monoterpenoids;acceptor_superclass::Phenylethanoids (C6-C2);acceptor_superclass::Phenylpropanoids (C6-C3);acceptor_superclass::Pseudoalkaloids	0,0,0,0,0,0,0,0,0,1,0,0,0,0,0,0,0,0,0,0,0,0,0	0,0,0,0,1,0,0,1,1,1,0,0,0,0,1,1,1,0,0,0,0,0,0	-8.139803,-0.892774,-8.212118,-9.585306,3.469363,-9.709887,-14.128845,3.904297,4.694170,5.997284,-10.611835,-3.718669,-8.196914,-3.777553,0.510374,6.135736,0.305222,-5.806134,-6.346144,-10.938570,-5.250321,-9.854797,-10.334063
Lint_AAT-4_AIW81432.1	Lint_AAT-4_AIW81432.1	acceptor_superclass::Monoterpenoids	acceptor_superclass::Diterpenoids;acceptor_superclass::Tryptophan alkaloids	0,0,0,0,0,0,0,0,0,1,0,0,0,0,0,0,0,0,0,0,0,0,0	0,0,1,0,0,0,0,0,0,0,0,0,0,0,0,0,0,0,0,0,0,1,0	-9.128185,-6.640281,3.845318,-2.826539,-5.668824,-6.561231,-11.998686,-6.326104,-7.874645,-4.456427,-1.775909,-8.375935,-3.516417,-10.656872,-4.717036,-0.602265,-8.771892,-4.052434,-8.820264,-9.014895,-5.016490,4.769611,-4.949440
Ljap_HQT_ACZ52698.1	Ljap_HQT_ACZ52698.1	acceptor_superclass::Phenolic acids (C6-C1)	acceptor_superclass::Phenolic acids (C6-C1)	0,0,0,0,0,0,0,0,0,0,0,0,0,1,0,0,0,0,0,0,0,0,0	0,0,0,0,0,0,0,0,0,0,0,0,0,1,0,0,0,0,0,0,0,0,0	-10.230254,-13.520013,-8.489214,-8.024386,-8.565850,-2.923961,-8.702976,-11.084315,-16.110415,-10.246490,-17.636665,-6.183864,-12.505139,7.294988,-9.778068,-5.641971,-6.280166,-8.440526,-4.858104,-7.959763,-8.798383,-12.557626,-10.035205
Lori_AAT1_WKK95849.1	Lori_AAT1_WKK95849.1	acceptor_superclass::Fatty acyls	acceptor_superclass::Fatty acyls;acceptor_superclass::Lignans;acceptor_superclass::Lysine alkaloids;acceptor_superclass::Monoterpenoids;acceptor_superclass::Phenylethanoids (C6-C2);acceptor_superclass::Phenylpropanoids (C6-C3)	0,0,0,0,1,0,0,0,0,0,0,0,0,0,0,0,0,0,0,0,0,0,0	0,0,0,0,1,0,0,1,1,1,0,0,0,0,1,1,0,0,0,0,0,0,0	-7.479743,-4.915346,-10.690755,-5.994560,6.734685,-10.088923,-14.389960,1.055468,0.307015,2.598334,-9.803673,-6.031562,-7.321140,-4.113578,3.563589,3.272561,-2.424823,-9.290462,-10.446679,-10.622867,-8.833448,-14.014988,-13.183638
Lpur_3MAT1_AAS77404.1	Lpur_3MAT1_AAS77404.1	acceptor_superclass::Flavonoids;acceptor_superclass::Isoflavonoids;acceptor_superclass::Phenolic acids (C6-C1)	acceptor_superclass::Flavonoids;acceptor_superclass::Tryptophan alkaloids;acceptor_superclass::Tyrosine alkaloids	0,0,0,0,0,1,1,0,0,0,0,0,0,1,0,0,0,0,0,0,0,0,0	0,0,0,0,0,1,0,0,0,0,0,0,0,0,0,0,0,0,0,0,0,1,1	-8.887938,-15.589334,-10.057707,-11.942665,-12.640549,1.936746,-5.002948,-12.876698,-9.629636,-5.731203,-5.474322,-7.249926,-7.485311,-0.498565,-8.374198,-2.833194,-10.266147,-6.694328,-0.671603,-8.353175,-3.124197,1.823346,4.452127
Lrob_AT1_WEX29780.1	Lrob_AT1_WEX29780.1	acceptor_superclass::Phenylethanoids (C6-C2)	acceptor_superclass::Ornithine alkaloids;acceptor_superclass::Phenylethanoids (C6-C2);acceptor_superclass::Pseudoalkaloids;acceptor_superclass::Tryptophan alkaloids	0,0,0,0,0,0,0,0,0,0,0,0,0,0,1,0,0,0,0,0,0,0,0	0,0,0,0,0,0,0,0,0,0,0,1,0,0,1,0,1,0,0,0,0,1,0	-7.151998,-7.410963,-5.232999,-10.121777,-9.284691,-4.704289,-13.210883,-1.399620,-6.521412,-1.208267,-8.946651,6.148285,-5.477472,-10.052385,2.594607,-2.993188,6.518739,-11.860600,-3.336948,-8.899007,-8.863951,6.071375,-0.451704
Lsat_BOS_QYL33117.1	Lsat_BOS_QYL33117.1	acceptor_superclass::Small peptides	acceptor_superclass::Naphthalenes;acceptor_superclass::Ornithine alkaloids;acceptor_superclass::Pseudoalkaloids;acceptor_superclass::Tryptophan alkaloids	0,0,0,0,0,0,0,0,0,0,0,0,0,0,0,0,0,0,1,0,0,0,0	0,0,0,0,0,0,0,0,0,0,1,1,0,0,0,0,1,0,0,0,0,1,0	-1.900387,-4.841336,-3.533755,-8.487843,-7.313345,-4.437124,-5.410514,-7.445208,-7.828658,-4.999620,3.816135,7.229980,-4.999945,-4.305509,-5.334127,-3.162350,4.237626,-14.798345,-1.830145,-8.391456,-1.823648,3.694421,-0.463934
Lsat_BOS_QYL33117.1	Lsat_DS_QYL33117.1	acceptor_superclass::Small peptides	acceptor_superclass::Ornithine alkaloids;acceptor_superclass::Pseudoalkaloids;acceptor_superclass::Small peptides;acceptor_superclass::Tryptophan alkaloids;acceptor_superclass::Tyrosine alkaloids	0,0,0,0,0,0,0,0,0,0,0,0,0,0,0,0,0,0,1,0,0,0,0	0,0,0,0,0,0,0,0,0,0,0,1,0,0,0,0,1,0,1,0,0,1,1	-6.814265,-7.432551,-0.366115,-10.145937,-14.751662,-1.605633,-6.001926,-5.739225,-8.992076,-4.927531,-6.662079,6.617226,-6.737079,-7.138757,-5.306107,-7.021695,4.241443,-5.869624,1.537653,-2.779295,-0.983300,9.891805,4.924861
Ltri_CAAT1_AHA90802.1	Ltri_CAAT1_AHA90802.1	acceptor_superclass::Phenylpropanoids (C6-C3)	acceptor_superclass::Fatty acyls;acceptor_superclass::Lysine alkaloids;acceptor_superclass::Monoterpenoids;acceptor_superclass::Phenylethanoids (C6-C2);acceptor_superclass::Phenylpropanoids (C6-C3);acceptor_superclass::Pseudoalkaloids	0,0,0,0,0,0,0,0,0,0,0,0,0,0,0,1,0,0,0,0,0,0,0	0,0,0,0,1,0,0,0,1,1,0,0,0,0,1,1,1,0,0,0,0,0,0	-12.065107,-6.666104,-4.287577,-5.324320,1.847160,-1.386194,-4.887260,-6.175658,5.088698,1.406713,-13.645501,-0.138748,-10.984518,-8.758904,1.033417,3.580975,1.064351,-1.582379,-3.162555,-10.528134,-5.801276,-4.989008,-1.942953
Maze_AT1704_NA	Maze_AT1704_NA	acceptor_superclass::Triterpenoids	acceptor_superclass::Fatty Acids and Conjugates;acceptor_superclass::Fatty acyls;acceptor_superclass::Lignans;acceptor_superclass::Monoterpenoids;acceptor_superclass::Phenylethanoids (C6-C2);acceptor_superclass::Phenylpropanoids (C6-C3)	0,0,0,0,0,0,0,0,0,0,0,0,0,0,0,0,0,0,0,0,1,0,0	0,0,0,1,1,0,0,1,0,1,0,0,0,0,1,1,0,0,0,0,0,0,0	-7.702172,-0.152092,-5.263886,3.712313,2.162450,-2.103499,-5.493124,2.141831,-5.052514,2.030992,-9.095121,-11.884643,-3.832858,-5.902358,3.089024,3.718138,-11.602179,-10.047816,-8.894535,-7.587634,-5.028438,-7.107040,-8.252128
Maze_AT8824_KAJ4723782.1	Maze_AT8824_KAJ4723782.1	acceptor_superclass::Triterpenoids	acceptor_superclass::Cyclic polyketides;acceptor_superclass::Fatty acyls;acceptor_superclass::Lysine alkaloids;acceptor_superclass::Monoterpenoids;acceptor_superclass::Phenylethanoids (C6-C2);acceptor_superclass::Phenylpropanoids (C6-C3);acceptor_superclass::Saccharides	0,0,0,0,0,0,0,0,0,0,0,0,0,0,0,0,0,0,0,0,1,0,0	0,1,0,0,1,0,0,0,1,1,0,0,0,0,1,1,0,1,0,0,0,0,0	-6.417782,3.151203,-7.551902,-8.152713,4.876968,-7.945244,-12.900177,-5.377549,3.958711,1.497849,-5.533225,-6.378482,-6.659651,-8.137483,7.084445,3.070062,-2.448263,0.081125,-10.359309,-6.068953,-3.486523,-8.310404,-11.913034
Mdom_AAT1_AAU14879.2	Mdom_AAT1_AAU14879.2	acceptor_superclass::Fatty acyls;acceptor_superclass::Phenylpropanoids (C6-C3)	acceptor_superclass::Fatty acyls;acceptor_superclass::Monoterpenoids;acceptor_superclass::Phenylethanoids (C6-C2);acceptor_superclass::Phenylpropanoids (C6-C3)	0,0,0,0,1,0,0,0,0,0,0,0,0,0,0,1,0,0,0,0,0,0,0	0,0,0,0,1,0,0,0,0,1,0,0,0,0,1,1,0,0,0,0,0,0,0	-9.316311,-7.426184,-14.726045,-9.179978,1.277676,-7.813153,-16.921076,-5.163715,-3.917016,0.636829,-9.299752,-1.269011,-7.978986,-9.307196,2.765071,4.518083,-2.662169,-8.430210,-8.652036,-9.286592,-9.335425,-13.107160,-14.730577
Mdom_SHT_ALF00095.1	Mdom_SHT_ALF00095.1	acceptor_superclass::Ornithine alkaloids	acceptor_superclass::Fatty Acids and Conjugates;acceptor_superclass::Fatty acyls;acceptor_superclass::Phenylethanoids (C6-C2);acceptor_superclass::Phenylpropanoids (C6-C3)	0,0,0,0,0,0,0,0,0,0,0,1,0,0,0,0,0,0,0,0,0,0,0	0,0,0,1,1,0,0,0,0,0,0,0,0,0,1,1,0,0,0,0,0,0,0	-11.839331,-7.490775,-12.720729,1.641259,2.743758,-9.349128,-14.036649,-7.265571,-6.662184,-0.667247,-14.350353,-4.045386,-8.985450,-7.242033,1.162949,4.098265,-5.668836,-10.966516,-8.822206,-12.161015,-10.646041,-8.903193,-12.053756
Mema_HFT_NA	Mema_HFT_NA	acceptor_superclass::Fatty acyls	acceptor_superclass::Fatty Acids and Conjugates;acceptor_superclass::Phenylethanoids (C6-C2);acceptor_superclass::Tyrosine alkaloids	0,0,0,0,1,0,0,0,0,0,0,0,0,0,0,0,0,0,0,0,0,0,0	0,0,0,1,0,0,0,0,0,0,0,0,0,0,1,0,0,0,0,0,0,0,1	-0.807253,-3.049538,-7.208176,1.003314,-4.592624,-5.860574,-4.339285,-10.111471,-11.237952,-10.232695,-3.334739,-2.490696,-0.808865,-5.107543,2.383971,-4.505945,-4.297294,-8.241334,-1.614489,-3.878834,-9.182735,-3.342423,1.828708
Mlon_AT1_NA	Mlon_AT1_NA	acceptor_superclass::Phenolic acids (C6-C1)	acceptor_superclass::Flavonoids;acceptor_superclass::Phenolic acids (C6-C1);acceptor_superclass::Small peptides;acceptor_superclass::Tryptophan alkaloids;acceptor_superclass::Tyrosine alkaloids	0,0,0,0,0,0,0,0,0,0,0,0,0,1,0,0,0,0,0,0,0,0,0	0,0,0,0,0,1,0,0,0,0,0,0,0,1,0,0,0,0,1,0,0,1,1	-7.930782,-13.799883,-8.301442,-8.881215,-9.588715,2.777626,-4.542336,-10.603442,-8.091919,-2.156019,-6.780635,-11.049814,-7.463978,3.575323,-7.223348,-0.565489,-12.862917,-4.860904,4.045232,-7.662952,-2.591332,0.616090,5.448689
Mlon_AT2_NA	Mlon_AT2_NA	acceptor_superclass::Phenolic acids (C6-C1)	acceptor_superclass::Flavonoids;acceptor_superclass::Phenolic acids (C6-C1);acceptor_superclass::Small peptides;acceptor_superclass::Tryptophan alkaloids;acceptor_superclass::Tyrosine alkaloids	0,0,0,0,0,0,0,0,0,0,0,0,0,1,0,0,0,0,0,0,0,0,0	0,0,0,0,0,1,0,0,0,0,0,0,0,1,0,0,0,0,1,0,0,1,1	-12.988456,-13.457961,-6.740184,-12.959999,-12.560681,2.607764,-8.109939,-0.462877,-14.051900,-1.760927,-8.664196,-6.647456,-11.056467,1.486254,-9.150869,-1.408514,-5.468952,-7.788888,1.267392,-9.218618,-8.229497,0.756460,3.314694
Mlon_AT1_NA	Mlon_AT3_NA	acceptor_superclass::Phenolic acids (C6-C1)	acceptor_superclass::Flavonoids;acceptor_superclass::Lignans;acceptor_superclass::Phenolic acids (C6-C1);acceptor_superclass::Phenylpropanoids (C6-C3);acceptor_superclass::Small peptides;acceptor_superclass::Tyrosine alkaloids	0,0,0,0,0,0,0,0,0,0,0,0,0,1,0,0,0,0,0,0,0,0,0	0,0,0,0,0,1,0,1,0,0,0,0,0,1,0,1,0,0,1,0,0,0,1	-5.427550,-12.412971,-9.758532,-6.608568,-13.457850,4.473611,-4.933786,1.237646,-10.187634,-8.578457,-6.305331,-4.148645,-5.753556,5.777997,-10.999691,1.305424,-8.453049,-10.581582,4.304913,-5.165459,-7.490642,-5.893723,6.481247
Mlon_AT4_NA	Mlon_AT4_NA	acceptor_superclass::Lignans;acceptor_superclass::Phenolic acids (C6-C1)	acceptor_superclass::Flavonoids;acceptor_superclass::Monoterpenoids;acceptor_superclass::Phenolic acids (C6-C1);acceptor_superclass::Phenylpropanoids (C6-C3);acceptor_superclass::Small peptides;acceptor_superclass::Triterpenoids;acceptor_superclass::Tyrosine alkaloids	0,0,0,0,0,0,0,1,0,0,0,0,0,1,0,0,0,0,0,0,0,0,0	0,0,0,0,0,1,0,0,0,1,0,0,0,1,0,1,0,0,1,0,1,0,1	-8.173362,-10.195954,-7.857884,-14.263171,-7.565046,2.826318,-6.461619,-6.460975,-8.715649,2.322564,-8.942904,-11.605728,-8.336164,2.452623,-3.058084,1.251061,-12.770136,-12.234558,2.360321,-8.961978,1.870630,-0.182700,2.349297
Mlon_AT6_NA	Mlon_AT6_NA	acceptor_superclass::Phenolic acids (C6-C1)	acceptor_superclass::Diterpenoids;acceptor_superclass::Naphthalenes	0,0,0,0,0,0,0,0,0,0,0,0,0,1,0,0,0,0,0,0,0,0,0	0,0,1,0,0,0,0,0,0,0,1,0,0,0,0,0,0,0,0,0,0,0,0	-7.109796,-8.589943,0.525127,-6.993781,-3.808715,-5.078610,-9.331454,-7.970340,-9.306048,-5.493544,1.735129,-0.568074,-6.973732,-6.539494,-1.886063,-3.107618,-1.664071,-9.076480,-2.923385,-8.914399,-3.453503,-1.511064,-4.327616
Moff_RAS_CBW35684.1	Moff_RAS_CBW35684.1		acceptor_superclass::Flavonoids;acceptor_superclass::Small peptides;acceptor_superclass::Tryptophan alkaloids;acceptor_superclass::Tyrosine alkaloids	0,0,0,0,0,0,0,0,0,0,0,0,0,0,0,0,0,0,0,0,0,0,0	0,0,0,0,0,1,0,0,0,0,0,0,0,0,0,0,0,0,1,0,0,1,1	-13.042276,-14.415765,-1.011776,-6.348380,-11.772290,1.654297,-3.310073,-3.763493,-14.888598,-4.553384,-9.151051,-3.758927,-10.863667,-0.319432,-7.947999,-2.700077,-4.418089,-6.511199,3.139735,-8.614785,-7.540771,5.064572,8.313182
Mpal_HCT_AXN55971.1	Mpal_HCT_AXN55971.1	acceptor_superclass::Phenolic acids (C6-C1)	acceptor_superclass::Phenolic acids (C6-C1);acceptor_superclass::Saccharides;acceptor_superclass::Small peptides;acceptor_superclass::Steroids;acceptor_superclass::Tyrosine alkaloids	0,0,0,0,0,0,0,0,0,0,0,0,0,1,0,0,0,0,0,0,0,0,0	0,0,0,0,0,0,0,0,0,0,0,0,0,1,0,0,0,1,1,1,0,0,1	-5.015744,-11.728090,-7.566299,-12.321968,-9.077582,-3.367657,-9.442221,-5.433277,-15.578302,-4.085472,-4.620885,-9.018985,-5.717793,7.174460,-9.667610,-3.442106,-9.088136,7.430086,4.179138,0.359815,-3.684993,-5.958435,0.396235
Mpol_HCT_PTQ49430.1	Mpol_HCT_PTQ49430.1	acceptor_superclass::Phenolic acids (C6-C1)	acceptor_superclass::Phenolic acids (C6-C1)	0,0,0,0,0,0,0,0,0,0,0,0,0,1,0,0,0,0,0,0,0,0,0	0,0,0,0,0,0,0,0,0,0,0,0,0,1,0,0,0,0,0,0,0,0,0	-11.720309,-10.969922,-10.530923,-4.821515,-8.196643,-8.555925,-10.315125,-8.620323,-9.618113,-12.196387,-12.854277,-8.800097,-10.192924,6.578051,-8.172995,-8.536150,-5.340850,-8.976246,-2.823446,-15.724454,-6.018754,-7.213527,-6.194844
Msap_AAT_CAC09063.1	Msap_AAT_CAC09063.1	acceptor_superclass::Fatty acyls;acceptor_superclass::Monoterpenoids;acceptor_superclass::Phenylethanoids (C6-C2);acceptor_superclass::Phenylpropanoids (C6-C3)	acceptor_superclass::Flavonoids;acceptor_superclass::Phenolic acids (C6-C1);acceptor_superclass::Phenylpropanoids (C6-C3);acceptor_superclass::Small peptides	0,0,0,0,1,0,0,0,0,1,0,0,0,0,1,1,0,0,0,0,0,0,0	0,0,0,0,0,1,0,0,0,0,0,0,0,1,0,1,0,0,1,0,0,0,0	-10.002532,-11.917018,-13.048818,-13.189904,-15.047052,5.372175,-7.587345,-1.185456,-9.417537,-7.920233,-8.053076,-5.829896,-10.281734,3.209128,-9.471461,2.818456,-8.907452,-15.248884,0.619717,-10.706739,-7.121590,-12.452861,-2.827885
Mtru_MAT1_ABY91220.1	Mtru_MAT1_ABY91220.1	acceptor_superclass::Flavonoids;acceptor_superclass::Isoflavonoids	acceptor_superclass::Flavonoids;acceptor_superclass::Phenylpropanoids (C6-C3)	0,0,0,0,0,1,1,0,0,0,0,0,0,0,0,0,0,0,0,0,0,0,0	0,0,0,0,0,1,0,0,0,0,0,0,0,0,0,1,0,0,0,0,0,0,0	-8.989281,-9.473136,-16.395189,-11.862824,-5.807971,4.877851,-3.129394,-5.309099,-8.282619,-4.980462,-10.265768,-13.326997,-9.642887,-7.294657,-8.027711,1.559226,-14.470843,-6.246781,-8.649136,-3.459479,-10.243026,-7.362231,-5.243511
Mtru_MAT2_ABY91222.1	Mtru_MAT2_ABY91222.1	acceptor_superclass::Flavonoids;acceptor_superclass::Isoflavonoids	acceptor_superclass::Flavonoids;acceptor_superclass::Isoflavonoids;acceptor_superclass::Tyrosine alkaloids	0,0,0,0,0,1,1,0,0,0,0,0,0,0,0,0,0,0,0,0,0,0,0	0,0,0,0,0,1,1,0,0,0,0,0,0,0,0,0,0,0,0,0,0,0,1	-8.194180,-12.538788,-12.751474,-8.044985,-7.790434,3.365696,2.432686,-11.151159,-3.056366,-7.134219,-9.217056,-5.698233,-8.778885,-6.009909,-7.520125,-4.325593,-4.956079,-4.245524,-5.132598,-3.722413,-7.184778,-4.172916,0.943823
Mtru_MAT3_ABY91221.1	Mtru_MAT3_ABY91221.1	acceptor_superclass::Flavonoids;acceptor_superclass::Isoflavonoids	acceptor_superclass::Flavonoids;acceptor_superclass::Isoflavonoids;acceptor_superclass::Steroids	0,0,0,0,0,1,1,0,0,0,0,0,0,0,0,0,0,0,0,0,0,0,0	0,0,0,0,0,1,1,0,0,0,0,0,0,0,0,0,0,0,0,1,0,0,0	-4.256158,-11.578416,-7.608731,-10.217305,-11.148909,6.439381,4.989976,-7.299309,-13.320186,-13.051108,-9.334421,-0.996000,-6.235157,-3.892280,-11.575914,-8.148687,-0.868204,-12.083468,-6.246708,2.100166,-5.314924,-2.586798,-4.626925
Natt_AT1_AET80688.1	Natt_AT1_AET80688.1	acceptor_superclass::Ornithine alkaloids;acceptor_superclass::Pseudoalkaloids	acceptor_superclass::Ornithine alkaloids;acceptor_superclass::Pseudoalkaloids;acceptor_superclass::Tryptophan alkaloids	0,0,0,0,0,0,0,0,0,0,0,1,0,0,0,0,1,0,0,0,0,0,0	0,0,0,0,0,0,0,0,0,0,0,1,0,0,0,0,1,0,0,0,0,1,0	-6.162064,-8.221488,-5.004264,-2.266659,-11.283153,-3.955486,-6.709509,-12.424066,-15.720134,-10.656449,-8.105741,1.840225,-5.692188,-0.915623,-8.084054,-6.347278,0.686728,-12.805507,-2.542083,-9.804987,-9.871163,0.294865,-4.441640
Natt_DH29_AET80686.1	Natt_DH29_AET80686.1	acceptor_superclass::Ornithine alkaloids;acceptor_superclass::Pseudoalkaloids	acceptor_superclass::Fatty Acids and Conjugates;acceptor_superclass::Flavonoids;acceptor_superclass::Saccharides;acceptor_superclass::Small peptides	0,0,0,0,0,0,0,0,0,0,0,1,0,0,0,0,1,0,0,0,0,0,0	0,0,0,1,0,1,0,0,0,0,0,0,0,0,0,0,0,1,1,0,0,0,0	-10.567727,-11.360835,-6.510067,2.350677,-2.439805,1.487942,-4.945590,-12.309531,-4.857149,-0.157392,-11.091508,-8.311989,-10.334148,-1.331721,-6.334589,-1.304916,-6.561301,2.920545,1.825343,-7.426982,-10.516997,-5.410233,-1.176783
Ntab_ASAT1_XP_016480914.1	Ntab_ASAT1_XP_016480914.1	acceptor_superclass::Saccharides	acceptor_superclass::Diterpenoids;acceptor_superclass::Monoterpenoids	0,0,0,0,0,0,0,0,0,0,0,0,0,0,0,0,0,1,0,0,0,0,0	0,0,1,0,0,0,0,0,0,1,0,0,0,0,0,0,0,0,0,0,0,0,0	-8.218807,-9.439580,2.086476,-14.648292,-6.002717,-4.465552,-10.306869,-8.668355,-2.186657,0.841403,-3.344030,-6.819233,-7.992186,-13.771286,-5.817919,-7.375822,-4.615263,-9.269954,-13.275741,-10.903259,-1.932352,-5.059129,-10.338336
Ntab_ASAT2_XP_016451255.1	Ntab_ASAT2_XP_016451255.1		acceptor_superclass::Flavonoids;acceptor_superclass::Monoterpenoids;acceptor_superclass::Saccharides	0,0,0,0,0,0,0,0,0,0,0,0,0,0,0,0,0,0,0,0,0,0,0	0,0,0,0,0,1,0,0,0,1,0,0,0,0,0,0,0,1,0,0,0,0,0	-11.133603,-12.381047,-8.104998,-2.074061,-7.264338,2.567599,-6.298588,-13.572999,-5.861581,0.705879,-10.950714,-5.331431,-9.383385,-5.306843,-5.964980,-0.998829,-3.544455,2.906485,-0.261003,-8.544749,-10.270097,-1.296886,-1.245282
Ntab_BEBT_AAN09798.1	Ntab_BEBT_AAN09798.1		acceptor_superclass::Fatty acyls;acceptor_superclass::Monoterpenoids;acceptor_superclass::Phenylethanoids (C6-C2);acceptor_superclass::Phenylpropanoids (C6-C3)	0,0,0,0,0,0,0,0,0,0,0,0,0,0,0,0,0,0,0,0,0,0,0	0,0,0,0,1,0,0,0,0,1,0,0,0,0,1,1,0,0,0,0,0,0,0	-10.258222,-3.368848,-10.195738,-9.590069,3.615971,-4.102188,-12.873703,-5.065872,-4.393217,5.011871,-12.322432,-7.802916,-11.150715,-7.114483,1.132636,4.180255,-9.885743,-10.607275,-12.474896,-7.270384,-9.542255,-5.948500,-6.711037
Ntab_HCT_CAD47830.1	Ntab_HCT_CAD47830.1	acceptor_superclass::Phenolic acids (C6-C1);acceptor_superclass::Phenylpropanoids (C6-C3)	acceptor_superclass::Fatty Acids and Conjugates;acceptor_superclass::Lignans;acceptor_superclass::Phenolic acids (C6-C1);acceptor_superclass::Phenylpropanoids (C6-C3);acceptor_superclass::Small peptides	0,0,0,0,0,0,0,0,0,0,0,0,0,1,0,1,0,0,0,0,0,0,0	0,0,0,1,0,0,0,1,0,0,0,0,0,1,0,1,0,0,1,0,0,0,0	-8.840061,-11.012376,-2.019640,1.593426,-0.682194,-0.938868,-5.265871,1.022256,-9.310791,-3.411295,-13.271023,-5.226640,-8.479293,3.405818,-3.653981,2.376779,-7.515675,-8.960470,1.071275,-8.743951,-8.876183,-9.870848,-4.045854
Ntab_HQT_CAE46932.1	Ntab_HQT_CAE46932.1	acceptor_superclass::Phenolic acids (C6-C1);acceptor_superclass::Phenylpropanoids (C6-C3)	acceptor_superclass::Flavonoids;acceptor_superclass::Phenolic acids (C6-C1);acceptor_superclass::Phenylpropanoids (C6-C3);acceptor_superclass::Small peptides;acceptor_superclass::Triterpenoids;acceptor_superclass::Tyrosine alkaloids	0,0,0,0,0,0,0,0,0,0,0,0,0,1,0,1,0,0,0,0,0,0,0	0,0,0,0,0,1,0,0,0,0,0,0,0,1,0,1,0,0,1,0,1,0,1	-8.492102,-11.586246,-7.428416,-13.490175,-8.069759,0.905355,-7.189956,-7.572994,-10.298847,-0.211732,-7.455137,-11.920393,-8.604973,4.027494,-4.238258,0.094429,-14.137455,-12.182555,2.155005,-9.216523,1.290297,-1.009976,1.988347
Ntab_MAT1_BAD93691.1	Ntab_MAT1_BAD93691.1	acceptor_superclass::Coumarins;acceptor_superclass::Flavonoids;acceptor_superclass::Naphthalenes;acceptor_superclass::Phenanthrenoids	acceptor_superclass::Cyclic polyketides;acceptor_superclass::Fatty acyls;acceptor_superclass::Lysine alkaloids;acceptor_superclass::Monoterpenoids;acceptor_superclass::Phenylethanoids (C6-C2);acceptor_superclass::Phenylpropanoids (C6-C3);acceptor_superclass::Triterpenoids	1,0,0,0,0,1,0,0,0,0,1,0,1,0,0,0,0,0,0,0,0,0,0	0,1,0,0,1,0,0,0,1,1,0,0,0,0,1,1,0,0,0,0,1,0,0	-3.104666,6.738946,-1.061951,-3.060371,5.249449,-2.969693,-14.256817,-1.140161,1.632519,6.591554,-4.877131,-10.020450,-3.792922,-6.554216,8.954159,4.827065,-9.310631,-6.586541,-5.993564,-1.628964,0.297809,-6.289053,-4.732271
Ntab_SHT_QNO39110.1	Ntab_SHT_QNO39110.1	acceptor_superclass::Ornithine alkaloids	acceptor_superclass::Fatty Acids and Conjugates;acceptor_superclass::Phenylethanoids (C6-C2);acceptor_superclass::Phenylpropanoids (C6-C3)	0,0,0,0,0,0,0,0,0,0,0,1,0,0,0,0,0,0,0,0,0,0,0	0,0,0,1,0,0,0,0,0,0,0,0,0,0,1,1,0,0,0,0,0,0,0	-10.329233,-7.292292,-6.137094,0.387532,-6.979249,-0.046939,-17.306829,-4.024514,-9.525161,-2.546236,-14.920042,-3.043951,-11.074480,-1.917159,3.535913,0.370186,-5.610951,-12.079038,-4.477037,-8.222677,-5.006914,-11.328105,-4.110373
Obas_CAAT1_QKK36036.1	Obas_CAAT1_QKK36036.1	acceptor_superclass::Phenylethanoids (C6-C2);acceptor_superclass::Phenylpropanoids (C6-C3)	acceptor_superclass::Naphthalenes;acceptor_superclass::Ornithine alkaloids;acceptor_superclass::Pseudoalkaloids;acceptor_superclass::Tryptophan alkaloids;acceptor_superclass::Tyrosine alkaloids	0,0,0,0,0,0,0,0,0,0,0,0,0,0,1,1,0,0,0,0,0,0,0	0,0,0,0,0,0,0,0,0,0,1,1,0,0,0,0,1,0,0,0,0,1,1	-0.521210,-3.373348,-4.452655,-7.494599,-6.469276,-4.232551,-4.336485,-6.747486,-6.484932,-4.538118,2.825749,8.538164,-4.405942,-3.996120,-5.412110,-3.726068,5.795697,-15.477810,-1.947460,-7.693708,-1.695072,3.513181,0.378077
Obas_CAAT2_QKK36037.1	Obas_CAAT2_QKK36037.1	acceptor_superclass::Phenylpropanoids (C6-C3)	acceptor_superclass::Ornithine alkaloids;acceptor_superclass::Pseudoalkaloids;acceptor_superclass::Triterpenoids;acceptor_superclass::Tryptophan alkaloids	0,0,0,0,0,0,0,0,0,0,0,0,0,0,0,1,0,0,0,0,0,0,0	0,0,0,0,0,0,0,0,0,0,0,1,0,0,0,0,1,0,0,0,1,1,0	-5.539888,-7.068191,-1.368921,-12.536130,-5.551954,-1.912761,-4.507926,-7.394331,-4.414401,-0.238854,-0.566853,2.541354,-8.373096,-5.403838,-7.641686,-1.700728,1.629281,-12.809559,-5.653912,-10.840190,0.241077,6.125443,-3.662764
Oeur_AT1_XP_022859703.1	Oeur_AT1_XP_022859703.1	acceptor_superclass::Phenylethanoids (C6-C2)	acceptor_superclass::Monoterpenoids;acceptor_superclass::Phenylethanoids (C6-C2);acceptor_superclass::Phenylpropanoids (C6-C3)	0,0,0,0,0,0,0,0,0,0,0,0,0,0,1,0,0,0,0,0,0,0,0	0,0,0,0,0,0,0,0,0,1,0,0,0,0,1,1,0,0,0,0,0,0,0	-11.578548,-8.885791,-2.895079,-8.829618,-3.314452,-9.043055,-17.278854,-0.996792,-7.344226,3.062213,-10.750172,-1.414778,-8.628551,-10.423908,3.663239,0.266919,-1.119629,-11.695162,-6.695625,-13.433608,-9.446525,-1.100577,-4.479612
Osat_AHT1_CAE03579.1	Osat_AHT1_CAE03579.1	acceptor_superclass::Ornithine alkaloids;acceptor_superclass::Pseudoalkaloids	acceptor_superclass::Flavonoids;acceptor_superclass::Monoterpenoids;acceptor_superclass::Phenylpropanoids (C6-C3)	0,0,0,0,0,0,0,0,0,0,0,1,0,0,0,0,1,0,0,0,0,0,0	0,0,0,0,0,1,0,0,0,1,0,0,0,0,0,1,0,0,0,0,0,0,0	-10.984300,-7.149747,-12.511735,-6.061704,-1.721975,4.042792,-12.017079,-2.547561,-7.228530,4.305385,-17.755741,-4.068193,-12.257320,-5.184890,-2.771202,3.000390,-6.308721,-11.542180,-12.160274,-6.542772,-6.015962,-6.796911,-7.017703
Osat_AT10_BAD33123.1	Osat_AT10_BAD33123.1	acceptor_superclass::Phenylpropanoids (C6-C3)	acceptor_superclass::Flavonoids;acceptor_superclass::Monoterpenoids	0,0,0,0,0,0,0,0,0,0,0,0,0,0,0,1,0,0,0,0,0,0,0	0,0,0,0,0,1,0,0,0,1,0,0,0,0,0,0,0,0,0,0,0,0,0	-12.227347,-11.485342,-6.852137,-10.612261,-5.756466,0.423495,-10.267612,-10.210288,-10.858603,2.669384,-10.898593,-8.395800,-11.838802,-3.956285,-4.563975,-0.488972,-7.429105,-9.728930,-3.216949,-12.262668,-1.199366,-1.780643,-4.154768
Osat_DPW2_BAS75979.1	Osat_DPW2_BAS75979.1	acceptor_superclass::Fatty Acids and Conjugates	acceptor_superclass::Diterpenoids;acceptor_superclass::Flavonoids	0,0,0,1,0,0,0,0,0,0,0,0,0,0,0,0,0,0,0,0,0,0,0	0,0,1,0,0,1,0,0,0,0,0,0,0,0,0,0,0,0,0,0,0,0,0	-6.169813,-3.851961,6.721277,-0.804844,-8.198264,1.506640,-13.739235,-6.361473,-12.427279,-2.280247,-9.604073,-4.271575,-6.944253,-8.762366,-3.585252,-5.761101,-5.722265,-10.372732,-5.354125,-6.397054,-3.122925,-1.826531,-4.264054
Osat_FMT_BAF16996.1	Osat_FMT_BAF16996.1	acceptor_superclass::Phenylpropanoids (C6-C3)	acceptor_superclass::Flavonoids;acceptor_superclass::Phenylpropanoids (C6-C3)	0,0,0,0,0,0,0,0,0,0,0,0,0,0,0,1,0,0,0,0,0,0,0	0,0,0,0,0,1,0,0,0,0,0,0,0,0,0,1,0,0,0,0,0,0,0	-10.355396,-8.406870,-13.231506,-8.286313,-2.298848,0.239216,-9.442585,-1.229354,-11.596845,-3.153358,-9.312694,-6.759046,-8.146856,-6.668086,-4.733713,5.198977,-8.653402,-10.936419,-10.975103,-5.875988,-11.009875,-9.523395,-13.383886
Osat_HCT4_BAD72437.1	Osat_HCT4_BAD72437.1	acceptor_superclass::Phenolic acids (C6-C1)	acceptor_superclass::Flavonoids;acceptor_superclass::Lignans;acceptor_superclass::Phenolic acids (C6-C1);acceptor_superclass::Phenylpropanoids (C6-C3);acceptor_superclass::Small peptides;acceptor_superclass::Tyrosine alkaloids	0,0,0,0,0,0,0,0,0,0,0,0,0,1,0,0,0,0,0,0,0,0,0	0,0,0,0,0,1,0,1,0,0,0,0,0,1,0,1,0,0,1,0,0,0,1	-5.630706,-9.615905,-7.112237,-4.628515,-11.124063,4.808494,-5.970849,5.459498,-6.021419,-4.137624,-3.093046,-2.527263,-6.300288,6.686040,-6.039039,8.790081,-7.425970,-8.336030,5.134076,-4.610252,-2.999105,-7.731599,5.367618
Osat_MAT-2_BAG96218.1	Osat_MAT-2_BAG96218.1	acceptor_superclass::Flavonoids;acceptor_superclass::Isoflavonoids	acceptor_superclass::Monoterpenoids;acceptor_superclass::Triterpenoids;acceptor_superclass::Tryptophan alkaloids	0,0,0,0,0,1,1,0,0,0,0,0,0,0,0,0,0,0,0,0,0,0,0	0,0,0,0,0,0,0,0,0,1,0,0,0,0,0,0,0,0,0,0,1,1,0	-6.809615,-5.120849,-0.843417,-10.095625,-1.001539,-2.228613,-5.548818,-5.263762,-6.219800,2.731688,-2.166494,-3.268790,-8.155777,-5.278292,-6.402641,-0.681260,-2.102401,-9.525654,-6.563896,-12.771789,3.692132,2.491960,-5.630153
Osat_PHT2_BAD72527.1	Osat_PHT2_BAD72527.1	acceptor_superclass::Ornithine alkaloids;acceptor_superclass::Pseudoalkaloids	acceptor_superclass::Fatty Acids and Conjugates;acceptor_superclass::Naphthalenes;acceptor_superclass::Phenanthrenoids;acceptor_superclass::Phenylethanoids (C6-C2);acceptor_superclass::Tryptophan alkaloids	0,0,0,0,0,0,0,0,0,0,0,1,0,0,0,0,1,0,0,0,0,0,0	0,0,0,1,0,0,0,0,0,0,1,0,1,0,1,0,0,0,0,0,0,1,0	-3.463327,-5.920568,-4.318650,0.645294,-9.221697,-3.143030,-8.347125,-6.993604,-6.430644,-8.670817,2.857624,-7.298674,3.706512,-8.027432,0.136786,-0.358491,-5.247313,-4.256513,-7.339057,-4.940965,-9.271276,6.209202,-3.671192
Osat_PHT3_BAC79154.1	Osat_PHT3_BAC79154.1	acceptor_superclass::Ornithine alkaloids;acceptor_superclass::Pseudoalkaloids	acceptor_superclass::Flavonoids;acceptor_superclass::Monoterpenoids;acceptor_superclass::Small peptides;acceptor_superclass::Tyrosine alkaloids	0,0,0,0,0,0,0,0,0,0,0,1,0,0,0,0,1,0,0,0,0,0,0	0,0,0,0,0,1,0,0,0,1,0,0,0,0,0,0,0,0,1,0,0,0,1	-11.430150,-13.640515,-8.389269,-11.165978,-8.202179,4.196277,-6.281589,-11.905323,-9.117434,0.983807,-12.338030,-10.360056,-11.392902,-0.525656,-6.886316,-1.054158,-10.382727,-7.661335,0.699431,-10.437449,-2.869536,-1.430790,0.950554
Osat_PHT4_BAC79155.1	Osat_PHT4_BAC79155.1	acceptor_superclass::Ornithine alkaloids;acceptor_superclass::Pseudoalkaloids	acceptor_superclass::Ornithine alkaloids;acceptor_superclass::Pseudoalkaloids	0,0,0,0,0,0,0,0,0,0,0,1,0,0,0,0,1,0,0,0,0,0,0	0,0,0,0,0,0,0,0,0,0,0,1,0,0,0,0,1,0,0,0,0,0,0	-5.389843,-7.407320,-4.502110,-3.074710,-11.437163,-8.187610,-11.536636,-15.066373,-10.905322,-14.563601,-9.091594,8.646823,-8.961021,-1.577788,-6.445227,-8.412171,6.563216,-10.304240,-4.050273,-12.204612,-10.920360,-5.113922,-8.154942
Osat_PHT4_BAC79155.1	Osat_PHT_BAC79155.1	acceptor_superclass::Ornithine alkaloids;acceptor_superclass::Pseudoalkaloids	acceptor_superclass::Flavonoids;acceptor_superclass::Lysine alkaloids;acceptor_superclass::Pseudoalkaloids	0,0,0,0,0,0,0,0,0,0,0,1,0,0,0,0,1,0,0,0,0,0,0	0,0,0,0,0,1,0,0,1,0,0,0,0,0,0,0,1,0,0,0,0,0,0	-12.628274,-9.662212,-8.493182,-5.835845,-1.797558,2.318864,-2.454318,-10.684358,0.021064,-1.589870,-15.676314,-0.018991,-12.278063,-8.235891,-3.505099,-0.819777,1.343144,-2.817559,-5.609909,-9.345464,-7.606977,-5.954787,-2.971710
Osat_PMT1_BAG87540.1	Osat_PMT1_BAG87540.1	acceptor_superclass::Phenylethanoids (C6-C2);acceptor_superclass::Phenylpropanoids (C6-C3)		0,0,0,0,0,0,0,0,0,0,0,0,0,0,1,1,0,0,0,0,0,0,0	0,0,0,0,0,0,0,0,0,0,0,0,0,0,0,0,0,0,0,0,0,0,0	-10.786345,-12.203523,-11.392950,-6.980251,-7.836274,-2.260363,-10.165337,-10.593557,-13.444341,-9.166453,-15.732340,-2.656916,-11.790968,-3.721986,-4.046583,-1.464410,-7.395545,-10.967385,-8.628929,-8.550470,-8.954265,-8.754924,-9.708871
Osat_PMT2_BAG91648.1	Osat_PMT2_BAG91648.1	acceptor_superclass::Phenylpropanoids (C6-C3)	acceptor_superclass::Naphthalenes;acceptor_superclass::Ornithine alkaloids;acceptor_superclass::Pseudoalkaloids;acceptor_superclass::Triterpenoids;acceptor_superclass::Tryptophan alkaloids;acceptor_superclass::Tyrosine alkaloids	0,0,0,0,0,0,0,0,0,0,0,0,0,0,0,1,0,0,0,0,0,0,0	0,0,0,0,0,0,0,0,0,0,1,1,0,0,0,0,1,0,0,0,1,1,1	-0.856407,-2.747195,-3.864202,-9.339267,-6.622828,-3.960035,-4.388116,-5.940463,-6.001543,-2.644259,3.090805,8.160019,-4.585198,-4.340620,-5.405205,-3.360739,5.829154,-15.227806,-2.280952,-8.798466,0.293718,4.808113,0.003524
Osat_TBT1_ANQ47375.1	Osat_TBT1_ANQ47375.1	acceptor_superclass::Ornithine alkaloids;acceptor_superclass::Pseudoalkaloids;acceptor_superclass::Tryptophan alkaloids	acceptor_superclass::Monoterpenoids;acceptor_superclass::Triterpenoids	0,0,0,0,0,0,0,0,0,0,0,1,0,0,0,0,1,0,0,0,0,1,0	0,0,0,0,0,0,0,0,0,1,0,0,0,0,0,0,0,0,0,0,1,0,0	-13.726726,-7.684242,-5.316763,-9.453130,-8.459763,-3.150672,-10.067313,-2.161676,-5.239521,0.722030,-10.502579,-15.975656,-13.103016,-0.720536,-12.073875,-1.744743,-10.487786,-8.715215,-7.537140,-14.861349,4.800927,-7.162248,-8.439788
Osat_TBT2_ANQ47376.1	Osat_TBT2_ANQ47376.1	acceptor_superclass::Tryptophan alkaloids	acceptor_superclass::Flavonoids;acceptor_superclass::Tryptophan alkaloids	0,0,0,0,0,0,0,0,0,0,0,0,0,0,0,0,0,0,0,0,0,1,0	0,0,0,0,0,1,0,0,0,0,0,0,0,0,0,0,0,0,0,0,0,1,0	-11.121428,-15.174102,-5.505051,-10.321514,-11.027306,3.285043,-5.457539,-15.499886,-8.844472,-4.842501,-9.319353,-1.851028,-10.171900,-5.910015,-9.862933,-4.507655,-2.281125,-2.496122,-4.947487,-10.120195,-3.680835,1.765550,-0.558832
Osat_THT1_ANQ47373.1	Osat_THT1_ANQ47373.1	acceptor_superclass::Ornithine alkaloids;acceptor_superclass::Tryptophan alkaloids;acceptor_superclass::Tyrosine alkaloids	acceptor_superclass::Flavonoids;acceptor_superclass::Monoterpenoids;acceptor_superclass::Phenolic acids (C6-C1);acceptor_superclass::Phenylpropanoids (C6-C3);acceptor_superclass::Small peptides;acceptor_superclass::Tyrosine alkaloids	0,0,0,0,0,0,0,0,0,0,0,1,0,0,0,0,0,0,0,0,0,1,1	0,0,0,0,0,1,0,0,0,1,0,0,0,1,0,1,0,0,1,0,0,0,1	-9.604428,-11.313307,-7.378681,-12.435776,-7.558716,4.044666,-6.548408,-8.582440,-7.744545,3.164012,-10.604097,-11.068653,-9.520786,0.376949,-4.342327,1.747434,-11.309803,-8.824050,2.702421,-9.885831,-0.126830,-0.046713,2.503103
Osat_THT2_AAM74310.1	Osat_THT2_AAM74310.1	acceptor_superclass::Tryptophan alkaloids;acceptor_superclass::Tyrosine alkaloids	acceptor_superclass::Lignans;acceptor_superclass::Monoterpenoids	0,0,0,0,0,0,0,0,0,0,0,0,0,0,0,0,0,0,0,0,0,1,1	0,0,0,0,0,0,0,1,0,1,0,0,0,0,0,0,0,0,0,0,0,0,0	-10.613411,-9.968892,-2.519653,-11.950207,-2.204645,-1.802384,-11.488121,0.347322,-10.714753,5.974013,-2.773286,-7.581267,-8.783231,-1.160552,-3.691153,-0.900610,-6.959063,-8.879361,-5.592892,-8.334192,-6.167233,-6.514262,-3.533388
Paff_BAHD21_NA	Paff_BAHD21_NA	acceptor_superclass::Flavonoids	acceptor_superclass::Coumarins;acceptor_superclass::Cyclic polyketides;acceptor_superclass::Fatty acyls;acceptor_superclass::Flavonoids;acceptor_superclass::Naphthalenes;acceptor_superclass::Phenanthrenoids;acceptor_superclass::Pseudoalkaloids;acceptor_superclass::Steroids	0,0,0,0,0,1,0,0,0,0,0,0,0,0,0,0,0,0,0,0,0,0,0	1,1,0,0,1,1,0,0,0,0,1,0,1,0,0,0,1,0,0,1,0,0,0	5.495616,3.684519,-6.483655,-8.357776,1.311367,1.445710,-4.302337,-5.938003,-0.398486,-6.517656,3.593797,-0.158846,5.623543,-7.655755,-0.612363,-7.486818,0.600537,-3.513193,-4.361716,6.118618,-4.927474,-3.972885,-6.194992
Papp_HCT_AXN55972.1	Papp_HCT_AXN55972.1	acceptor_superclass::Phenolic acids (C6-C1)	acceptor_superclass::Phenolic acids (C6-C1);acceptor_superclass::Triterpenoids	0,0,0,0,0,0,0,0,0,0,0,0,0,1,0,0,0,0,0,0,0,0,0	0,0,0,0,0,0,0,0,0,0,0,0,0,1,0,0,0,0,0,0,1,0,0	-7.375966,-7.624601,-6.754385,-6.160025,-7.080091,-3.204090,-3.924483,-9.198541,-12.274612,-6.180381,-3.006151,-1.549739,-8.654984,3.154872,-7.289299,-1.358897,-6.127425,-7.886503,-1.875968,-11.559649,1.161525,-3.767415,-0.508865
Paxi_ASAT1_AOR06331.1	Paxi_ASAT1_AOR06331.1	acceptor_superclass::Saccharides	acceptor_superclass::Naphthalenes;acceptor_superclass::Ornithine alkaloids;acceptor_superclass::Pseudoalkaloids;acceptor_superclass::Tryptophan alkaloids	0,0,0,0,0,0,0,0,0,0,0,0,0,0,0,0,0,1,0,0,0,0,0	0,0,0,0,0,0,0,0,0,0,1,1,0,0,0,0,1,0,0,0,0,1,0	-5.235502,-8.548690,-0.158721,-8.880696,-5.575241,-4.219278,-7.434730,-7.370379,-6.900040,-2.131927,2.743682,1.498782,-6.234245,-6.221584,-6.486872,-3.382466,1.211648,-10.794815,-3.914925,-8.026071,-2.426680,6.439719,-3.198410
Paxi_ASAT1_AOR06331.1	Paxi_ASAT2_AOR06331.1		acceptor_superclass::Flavonoids;acceptor_superclass::Lignans;acceptor_superclass::Monoterpenoids;acceptor_superclass::Phenylpropanoids (C6-C3);acceptor_superclass::Triterpenoids;acceptor_superclass::Tyrosine alkaloids	0,0,0,0,0,0,0,0,0,0,0,0,0,0,0,0,0,0,0,0,0,0,0	0,0,0,0,0,1,0,1,0,1,0,0,0,0,0,1,0,0,0,0,1,0,1	-9.463631,-9.104112,-1.591986,-1.763109,-12.049099,0.516322,-8.720602,2.317329,-8.088722,0.808134,-7.766840,-5.078648,-10.184610,-1.012001,-7.865392,2.219019,-7.162993,-8.670978,-1.953761,-8.791448,2.603497,-4.672488,2.956735
Paxi_ASAT3_AOR06333.1	Paxi_ASAT3_AOR06333.1		acceptor_superclass::Diterpenoids;acceptor_superclass::Saccharides;acceptor_superclass::Triterpenoids;acceptor_superclass::Tryptophan alkaloids	0,0,0,0,0,0,0,0,0,0,0,0,0,0,0,0,0,0,0,0,0,0,0	0,0,1,0,0,0,0,0,0,0,0,0,0,0,0,0,0,1,0,0,1,1,0	-7.491325,-1.057496,1.313461,-8.247041,-5.762664,-3.963325,-9.357971,-4.964841,-4.682119,-4.112464,-5.266440,-7.997769,-5.599413,-12.118977,-6.149450,-1.940936,-8.091796,3.395466,-7.491006,-5.855483,3.412218,3.963604,-5.337167
Paxi_ASAT4_AOR06334.1	Paxi_ASAT4_AOR06334.1		acceptor_superclass::Triterpenoids;acceptor_superclass::Tryptophan alkaloids;acceptor_superclass::Tyrosine alkaloids	0,0,0,0,0,0,0,0,0,0,0,0,0,0,0,0,0,0,0,0,0,0,0	0,0,0,0,0,0,0,0,0,0,0,0,0,0,0,0,0,0,0,0,1,1,1	-8.485771,-10.902667,-7.940578,-13.323821,-12.180655,-0.541330,-6.059907,-6.989794,-10.755764,-6.085789,-2.097250,-4.183845,-7.746634,-7.453039,-7.449657,-4.190458,-7.620821,-2.060329,-6.443674,-1.091531,3.791744,0.030321,3.181103
Paxi_CFAT_ABG75942.1	Paxi_CFAT_ABG75942.1	acceptor_superclass::Fatty acyls;acceptor_superclass::Monoterpenoids;acceptor_superclass::Phenylethanoids (C6-C2);acceptor_superclass::Phenylpropanoids (C6-C3)	acceptor_superclass::Cyclic polyketides;acceptor_superclass::Fatty acyls;acceptor_superclass::Lysine alkaloids;acceptor_superclass::Monoterpenoids;acceptor_superclass::Phenylethanoids (C6-C2);acceptor_superclass::Triterpenoids	0,0,0,0,1,0,0,0,0,1,0,0,0,0,1,1,0,0,0,0,0,0,0	0,1,0,0,1,0,0,0,1,1,0,0,0,0,1,0,0,0,0,0,1,0,0	-5.499671,6.458919,-4.307531,-6.959232,4.368234,-7.410422,-11.042349,-4.553024,5.116610,4.527627,-5.961991,-10.880441,-5.632753,-5.842835,5.502528,-1.020236,-4.257388,-3.925366,-9.637351,-8.637491,2.526155,-5.718749,-10.091785
Pbar_AT1_WEX29777.1	Pbar_AT1_WEX29777.1	acceptor_superclass::Phenylethanoids (C6-C2)	acceptor_superclass::Monoterpenoids;acceptor_superclass::Ornithine alkaloids;acceptor_superclass::Pseudoalkaloids;acceptor_superclass::Tryptophan alkaloids	0,0,0,0,0,0,0,0,0,0,0,0,0,0,1,0,0,0,0,0,0,0,0	0,0,0,0,0,0,0,0,0,1,0,1,0,0,0,0,1,0,0,0,0,1,0	-10.183306,-9.122628,-1.023340,-12.998194,-8.078300,-3.741039,-13.812986,-1.927618,-10.988227,0.588034,-8.366159,1.835003,-8.338575,-11.406516,-0.561058,-3.613744,0.877349,-11.002975,-5.918046,-10.138121,-6.763891,5.115882,-0.649161
Pcam_HCT_QDF44405.1	Pcam_HCT_QDF44405.1	acceptor_superclass::Phenolic acids (C6-C1)	acceptor_superclass::Flavonoids;acceptor_superclass::Phenolic acids (C6-C1);acceptor_superclass::Small peptides;acceptor_superclass::Tryptophan alkaloids;acceptor_superclass::Tyrosine alkaloids	0,0,0,0,0,0,0,0,0,0,0,0,0,1,0,0,0,0,0,0,0,0,0	0,0,0,0,0,1,0,0,0,0,0,0,0,1,0,0,0,0,1,0,0,1,1	-7.098393,-14.030924,-7.291597,-9.383247,-10.766081,0.814940,-5.213465,-10.068816,-8.930840,-3.710108,-4.398748,-10.408491,-6.511236,5.119256,-6.612978,-0.382156,-13.384876,-5.060407,4.344552,-7.287388,-1.762103,1.080092,5.127708
Pcam_HQT_QDF44406.1	Pcam_HQT_QDF44406.1	acceptor_superclass::Phenolic acids (C6-C1)	acceptor_superclass::Flavonoids;acceptor_superclass::Lignans;acceptor_superclass::Phenolic acids (C6-C1);acceptor_superclass::Phenylpropanoids (C6-C3)	0,0,0,0,0,0,0,0,0,0,0,0,0,1,0,0,0,0,0,0,0,0,0	0,0,0,0,0,1,0,1,0,0,0,0,0,1,0,1,0,0,0,0,0,0,0	-12.919446,-13.424130,-7.813721,-7.591768,-6.670643,1.161395,-7.601263,0.422555,-12.002491,-2.406261,-8.951005,-12.260036,-10.397740,4.576302,-9.426023,2.464488,-9.854410,-7.832804,-0.307628,-10.395619,-10.687409,-7.447158,-1.219480
Pcam_RAS_QDF44407.1	Pcam_RAS_QDF44407.1	acceptor_superclass::Phenolic acids (C6-C1)	acceptor_superclass::Small peptides;acceptor_superclass::Tryptophan alkaloids;acceptor_superclass::Tyrosine alkaloids	0,0,0,0,0,0,0,0,0,0,0,0,0,1,0,0,0,0,0,0,0,0,0	0,0,0,0,0,0,0,0,0,0,0,0,0,0,0,0,0,0,1,0,0,1,1	-6.686072,-10.217876,-4.577386,-2.016536,-7.105420,-9.991495,-5.522420,-8.709659,-15.357600,-7.908630,-3.305410,-6.197278,-7.492671,-2.501824,-8.162380,-7.083214,-8.279338,-3.963983,2.896341,-7.679600,-5.711049,3.947348,6.204097
Pcru_3MAT_AAO38058.1	Pcru_3MAT_AAO38058.1	acceptor_superclass::Flavonoids	acceptor_superclass::Flavonoids;acceptor_superclass::Isoflavonoids;acceptor_superclass::Steroids	0,0,0,0,0,1,0,0,0,0,0,0,0,0,0,0,0,0,0,0,0,0,0	0,0,0,0,0,1,1,0,0,0,0,0,0,0,0,0,0,0,0,1,0,0,0	-3.427375,-9.869974,-7.228269,-9.914770,-7.790494,11.550510,5.882308,-2.937749,-13.397225,-10.586577,-11.911363,-4.464863,-5.749610,-3.706054,-10.125185,-4.810028,-3.788042,-10.902736,-6.252764,0.549291,-5.810632,-5.202203,-7.286325
Pfru_3AT_BAA93475.1	Pfru_3AT_BAA93475.1	acceptor_superclass::Flavonoids	acceptor_superclass::Naphthalenes;acceptor_superclass::Ornithine alkaloids;acceptor_superclass::Pseudoalkaloids;acceptor_superclass::Triterpenoids;acceptor_superclass::Tryptophan alkaloids	0,0,0,0,0,1,0,0,0,0,0,0,0,0,0,0,0,0,0,0,0,0,0	0,0,0,0,0,0,0,0,0,0,1,1,0,0,0,0,1,0,0,0,1,1,0	-0.332607,-1.960913,-3.519824,-9.939987,-6.187213,-3.377760,-3.633131,-5.680120,-5.478298,-1.807802,3.029727,8.367223,-4.366177,-4.973061,-5.177373,-3.293630,6.334168,-15.271420,-2.857738,-9.058646,1.360902,4.875823,-0.337744
Phyb_AAT_AAW31948.1	Phyb_AAT_AAW31948.1	acceptor_superclass::Fatty acyls;acceptor_superclass::Monoterpenoids	acceptor_superclass::Cyclic polyketides;acceptor_superclass::Fatty acyls;acceptor_superclass::Flavonoids;acceptor_superclass::Lignans;acceptor_superclass::Lysine alkaloids;acceptor_superclass::Monoterpenoids;acceptor_superclass::Ornithine alkaloids;acceptor_superclass::Phenylethanoids (C6-C2);acceptor_superclass::Phenylpropanoids (C6-C3);acceptor_superclass::Pseudoalkaloids	0,0,0,0,1,0,0,0,0,1,0,0,0,0,0,0,0,0,0,0,0,0,0	0,1,0,0,1,1,0,1,1,1,0,1,0,0,1,1,1,0,0,0,0,0,0	-2.630936,1.565396,-7.024717,-8.717027,1.978360,0.686439,-8.628350,8.667491,2.515915,4.487245,-15.255214,3.858150,-5.376249,-5.498753,3.597263,5.024692,5.202622,-4.729625,-1.404016,-8.034648,-3.693554,-5.288352,-7.477745
Phyb_BPBT_AAU06226.1	Phyb_BPBT_AAU06226.1	acceptor_superclass::Fatty acyls;acceptor_superclass::Monoterpenoids;acceptor_superclass::Phenylethanoids (C6-C2);acceptor_superclass::Phenylpropanoids (C6-C3)	acceptor_superclass::Fatty acyls;acceptor_superclass::Lysine alkaloids;acceptor_superclass::Phenylpropanoids (C6-C3);acceptor_superclass::Saccharides	0,0,0,0,1,0,0,0,0,1,0,0,0,0,1,1,0,0,0,0,0,0,0	0,0,0,0,1,0,0,0,1,0,0,0,0,0,0,1,0,1,0,0,0,0,0	-12.052316,-7.852287,-2.986596,-3.514186,1.882427,-1.866230,-3.774837,-7.356634,4.696151,-0.537295,-13.421966,-2.513565,-11.538689,-8.315351,-0.527872,0.917601,-0.318160,0.404238,-3.594260,-8.934297,-7.638638,-6.259187,-3.368029
Phyb_CFAT_ABG75942.1	Phyb_CFAT_ABG75942.1	acceptor_superclass::Phenylpropanoids (C6-C3)	acceptor_superclass::Cyclic polyketides;acceptor_superclass::Fatty acyls;acceptor_superclass::Lysine alkaloids;acceptor_superclass::Monoterpenoids;acceptor_superclass::Phenylethanoids (C6-C2);acceptor_superclass::Triterpenoids	0,0,0,0,0,0,0,0,0,0,0,0,0,0,0,1,0,0,0,0,0,0,0	0,1,0,0,1,0,0,0,1,1,0,0,0,0,1,0,0,0,0,0,1,0,0	-5.499671,6.458919,-4.307531,-6.959232,4.368234,-7.410422,-11.042349,-4.553024,5.116610,4.527627,-5.961991,-10.880441,-5.632753,-5.842835,5.502528,-1.020236,-4.257388,-3.925366,-9.637351,-8.637491,2.526155,-5.718749,-10.091785
Pnig_PAS_QUS53101.1	Pnig_BAHD1_QUS53101.1	acceptor_superclass::Lysine alkaloids;acceptor_superclass::Pseudoalkaloids	acceptor_superclass::Fatty acyls;acceptor_superclass::Lysine alkaloids;acceptor_superclass::Ornithine alkaloids;acceptor_superclass::Phenylethanoids (C6-C2);acceptor_superclass::Phenylpropanoids (C6-C3);acceptor_superclass::Pseudoalkaloids	0,0,0,0,0,0,0,0,1,0,0,0,0,0,0,0,1,0,0,0,0,0,0	0,0,0,0,1,0,0,0,1,0,0,1,0,0,1,1,1,0,0,0,0,0,0	-5.094075,-3.165573,-6.459246,-6.347798,1.471892,-7.639614,-12.022575,-6.390515,7.586337,-0.899316,-7.184347,4.692420,-6.015160,-12.531440,4.450181,1.122843,4.581954,-5.795995,-10.603775,-8.885401,-4.002088,-9.801356,-15.603976
Pnig_PS_QUS53100.1	Pnig_BAHD2_QUS53100.1	acceptor_superclass::Lysine alkaloids	acceptor_superclass::Cyclic polyketides;acceptor_superclass::Fatty acyls;acceptor_superclass::Lysine alkaloids;acceptor_superclass::Phenylethanoids (C6-C2);acceptor_superclass::Pseudoalkaloids;acceptor_superclass::Triterpenoids	0,0,0,0,0,0,0,0,1,0,0,0,0,0,0,0,0,0,0,0,0,0,0	0,1,0,0,1,0,0,0,1,0,0,0,0,0,1,0,1,0,0,0,1,0,0	-7.336305,0.637180,-10.795022,-8.693482,1.005343,-6.232780,-6.248712,-4.929264,6.984951,-1.297471,-7.130133,-7.538600,-6.899333,-3.883454,1.117711,-1.862297,0.817217,-1.909900,-8.983544,-9.392370,0.914851,-9.446174,-10.860387
Pnig_HCT1_AEN02914.1	Pnig_HCT1_AEN02914.1	acceptor_superclass::Phenolic acids (C6-C1)	acceptor_superclass::Flavonoids;acceptor_superclass::Phenolic acids (C6-C1)	0,0,0,0,0,0,0,0,0,0,0,0,0,1,0,0,0,0,0,0,0,0,0	0,0,0,0,0,1,0,0,0,0,0,0,0,1,0,0,0,0,0,0,0,0,0	-3.815920,-10.950483,-12.649834,-12.708097,-11.733917,3.608766,-1.615395,-8.401107,-12.750617,-5.558553,-4.836125,-10.413101,-4.712911,1.765782,-5.234661,-5.311570,-11.537853,-13.787329,-2.547078,-1.834859,-1.986722,-2.577579,-0.270121
Pnig_PAS_QUS53101.1	Pnig_PAS_QUS53101.1	acceptor_superclass::Lysine alkaloids;acceptor_superclass::Pseudoalkaloids	acceptor_superclass::Lysine alkaloids;acceptor_superclass::Pseudoalkaloids;acceptor_superclass::Triterpenoids	0,0,0,0,0,0,0,0,1,0,0,0,0,0,0,0,1,0,0,0,0,0,0	0,0,0,0,0,0,0,0,1,0,0,0,0,0,0,0,1,0,0,0,1,0,0	-7.377898,-1.575456,-10.321470,-7.958078,-2.079571,-5.863266,-3.279593,-4.411789,7.017349,-3.063700,-5.936792,-4.110340,-6.579338,-2.968179,-2.274382,-4.687209,5.035004,-1.677678,-8.110514,-9.495318,2.877851,-8.910103,-9.523622
Pnig_PHT1_BGB46908.1	Pnig_PHT1_BGB46908.1	acceptor_superclass::Ornithine alkaloids;acceptor_superclass::Pseudoalkaloids	acceptor_superclass::Diterpenoids;acceptor_superclass::Ornithine alkaloids;acceptor_superclass::Small peptides;acceptor_superclass::Tyrosine alkaloids	0,0,0,0,0,0,0,0,0,0,0,1,0,0,0,0,1,0,0,0,0,0,0	0,0,1,0,0,0,0,0,0,0,0,1,0,0,0,0,0,0,1,0,0,0,1	-11.124543,-12.297692,1.316929,-2.568756,-8.026445,-9.073010,-10.873898,-4.612713,-9.665134,-0.732835,-7.571742,2.587971,-9.516565,-0.230882,-2.290324,-3.697420,-0.936582,-10.769398,2.431452,-7.873168,-6.457923,-0.264618,2.829913
Pnig_PS_QUS53100.1	Pnig_PS_QUS53100.1	acceptor_superclass::Lysine alkaloids	acceptor_superclass::Fatty acyls;acceptor_superclass::Lysine alkaloids;acceptor_superclass::Monoterpenoids;acceptor_superclass::Phenylethanoids (C6-C2);acceptor_superclass::Phenylpropanoids (C6-C3);acceptor_superclass::Pseudoalkaloids	0,0,0,0,0,0,0,0,1,0,0,0,0,0,0,0,0,0,0,0,0,0,0	0,0,0,0,1,0,0,0,1,1,0,0,0,0,1,1,1,0,0,0,0,0,0	-6.915734,-4.576827,-4.820936,-8.514703,0.097857,-1.279534,-7.612188,-2.264936,5.322663,0.960744,-9.466797,-2.212013,-7.795248,-4.988181,1.539805,2.631042,1.706905,-7.178756,-6.132739,-8.891929,-4.893019,-2.295123,-5.046811
Post_DPBT_Pos.gene30573	Post_DPBT_Pos.gene30573	acceptor_superclass::Monoterpenoids	acceptor_superclass::Phenylpropanoids (C6-C3)	0,0,0,0,0,0,0,0,0,1,0,0,0,0,0,0,0,0,0,0,0,0,0	0,0,0,0,0,0,0,0,0,0,0,0,0,0,0,1,0,0,0,0,0,0,0	-13.804003,-13.200994,-14.539215,-7.757377,-0.533727,-8.641198,-14.319820,-6.052154,-13.077287,-0.728272,-11.741759,-9.117440,-11.390200,-9.435138,-4.264711,0.523961,-8.762067,-8.652432,-11.047578,-11.582985,-9.069177,-6.946073,-12.854271
Ppat_HCT1_AMK38063.1	Ppat_HCT1_AMK38063.1	acceptor_superclass::Phenolic acids (C6-C1);acceptor_superclass::Saccharides;acceptor_superclass::Small peptides	acceptor_superclass::Ornithine alkaloids;acceptor_superclass::Phenolic acids (C6-C1);acceptor_superclass::Tyrosine alkaloids	0,0,0,0,0,0,0,0,0,0,0,0,0,1,0,0,0,1,1,0,0,0,0	0,0,0,0,0,0,0,0,0,0,0,1,0,1,0,0,0,0,0,0,0,0,1	-6.385815,-8.665544,-6.921757,-5.280631,-8.501616,-4.760010,-5.326351,-9.495826,-10.908704,-7.706433,-1.600889,1.852141,-8.532928,2.697350,-8.600538,-2.639006,-3.302509,-11.367850,-0.327598,-9.227316,-3.223895,-0.740537,1.403932
Ppat_HCT1_AMK38063.1	Ppat_HCT_AMK38063.1	acceptor_superclass::Fatty Acids and Conjugates;acceptor_superclass::Phenolic acids (C6-C1);acceptor_superclass::Phenylpropanoids (C6-C3);acceptor_superclass::Saccharides	acceptor_superclass::Phenolic acids (C6-C1);acceptor_superclass::Saccharides;acceptor_superclass::Small peptides;acceptor_superclass::Steroids	0,0,0,1,0,0,0,0,0,0,0,0,0,1,0,1,0,1,0,0,0,0,0	0,0,0,0,0,0,0,0,0,0,0,0,0,1,0,0,0,1,1,1,0,0,0	-3.833042,-10.578537,-6.834900,-11.730094,-8.075684,-5.088230,-10.258733,-4.577735,-13.774891,-4.301419,-3.322587,-6.937452,-4.980559,7.568672,-8.610139,-3.364622,-6.761766,9.351392,5.266556,0.435399,-4.363419,-7.103044,-1.162337
Pper_AAT1_QEZ90730.1	Pper_AAT1_QEZ90730.1	acceptor_superclass::Fatty acyls	acceptor_superclass::Diterpenoids;acceptor_superclass::Fatty acyls	0,0,0,0,1,0,0,0,0,0,0,0,0,0,0,0,0,0,0,0,0,0,0	0,0,1,0,1,0,0,0,0,0,0,0,0,0,0,0,0,0,0,0,0,0,0	-9.425444,-9.994373,4.637396,-5.074729,0.977107,-4.378572,-9.472318,-6.623838,-4.141902,-1.283289,-1.542280,-5.584166,-8.619392,-7.806978,-3.319484,-1.909624,-3.982440,-6.176904,-5.184881,-7.056254,-3.906866,-1.173631,-4.901627
Prad_HCT_ABO52899.1	Prad_HCT_ABO52899.1	acceptor_superclass::Phenolic acids (C6-C1);acceptor_superclass::Small peptides	acceptor_superclass::Flavonoids;acceptor_superclass::Lignans;acceptor_superclass::Phenolic acids (C6-C1);acceptor_superclass::Phenylpropanoids (C6-C3);acceptor_superclass::Small peptides;acceptor_superclass::Tyrosine alkaloids	0,0,0,0,0,0,0,0,0,0,0,0,0,1,0,0,0,0,1,0,0,0,0	0,0,0,0,0,1,0,1,0,0,0,0,0,1,0,1,0,0,1,0,0,0,1	-6.417601,-10.207183,-7.146015,-4.367653,-10.975302,5.030786,-6.474661,3.770695,-6.612697,-6.122717,-6.027346,-6.344343,-6.594402,9.601446,-6.018976,8.292020,-9.611533,-8.172318,7.321033,-6.827868,-4.518310,-8.793305,3.877653
Pscu_HCT2_CBI83579.1	Pscu_HCT2_CBI83579.1	acceptor_superclass::Flavonoids;acceptor_superclass::Phenolic acids (C6-C1);acceptor_superclass::Tyrosine alkaloids	acceptor_superclass::Naphthalenes;acceptor_superclass::Ornithine alkaloids;acceptor_superclass::Pseudoalkaloids;acceptor_superclass::Tryptophan alkaloids;acceptor_superclass::Tyrosine alkaloids	0,0,0,0,0,1,0,0,0,0,0,0,0,1,0,0,0,0,0,0,0,0,1	0,0,0,0,0,0,0,0,0,0,1,1,0,0,0,0,1,0,0,0,0,1,1	-1.650726,-5.138371,-5.857816,-7.432014,-8.217963,-4.197763,-4.479569,-8.022451,-7.034616,-6.079111,0.965564,8.266719,-5.792928,-1.714900,-6.221247,-3.801505,5.052200,-15.169539,-0.227226,-7.499142,-4.050710,1.990724,1.748475
Pscu_RAS_CAK55166.1	Pscu_RAS_CAK55166.1		acceptor_superclass::Flavonoids;acceptor_superclass::Phenolic acids (C6-C1);acceptor_superclass::Small peptides;acceptor_superclass::Tryptophan alkaloids;acceptor_superclass::Tyrosine alkaloids	0,0,0,0,0,0,0,0,0,0,0,0,0,0,0,0,0,0,0,0,0,0,0	0,0,0,0,0,1,0,0,0,0,0,0,0,1,0,0,0,0,1,0,0,1,1	-7.290205,-14.363637,-7.950915,-9.434080,-11.197568,1.069246,-5.217201,-10.585385,-9.072639,-3.965484,-4.597723,-9.901270,-6.504200,4.630686,-6.694722,-0.468696,-12.973574,-5.098940,4.054912,-7.357541,-2.271198,1.143892,5.233502
Psom_SALAT_AAK73661.1	Psom_SALAT_AAK73661.1	acceptor_superclass::Tyrosine alkaloids	acceptor_superclass::Coumarins;acceptor_superclass::Isoflavonoids;acceptor_superclass::Ornithine alkaloids;acceptor_superclass::Pseudoalkaloids;acceptor_superclass::Tryptophan alkaloids;acceptor_superclass::Tyrosine alkaloids	0,0,0,0,0,0,0,0,0,0,0,0,0,0,0,0,0,0,0,0,0,0,1	1,0,0,0,0,0,1,0,0,0,0,1,0,0,0,0,1,0,0,0,0,1,1	0.312100,-2.911920,-8.271500,-8.203272,-8.638352,-0.327379,2.225164,-9.168116,-8.105804,-5.840242,-0.535912,7.499912,-5.230027,-1.125359,-8.678168,-4.465820,3.315755,-14.296240,-3.261081,-6.775575,-0.956762,0.388883,1.152358
Ptri_BEBT_AJD25145.1	Ptri_BEBT_AJD25145.1		acceptor_superclass::Fatty acyls;acceptor_superclass::Lysine alkaloids;acceptor_superclass::Monoterpenoids;acceptor_superclass::Phenylethanoids (C6-C2);acceptor_superclass::Pseudoalkaloids	0,0,0,0,0,0,0,0,0,0,0,0,0,0,0,0,0,0,0,0,0,0,0	0,0,0,0,1,0,0,0,1,1,0,0,0,0,1,0,1,0,0,0,0,0,0	-6.768126,-4.630260,-3.275235,-6.485735,2.373454,-7.259866,-11.679387,-6.666497,7.698727,2.468164,-8.789315,-1.685998,-6.731233,-12.724684,2.246767,-0.035003,0.286075,-6.436100,-12.485071,-9.927104,-4.199196,-10.717983,-16.245184
Ptri_FHT1_AGJ03151.1	Ptri_FHT1_AGJ03151.1	acceptor_superclass::Fatty Acids and Conjugates;acceptor_superclass::Fatty acyls	acceptor_superclass::Fatty Acids and Conjugates;acceptor_superclass::Fatty acyls	0,0,0,1,1,0,0,0,0,0,0,0,0,0,0,0,0,0,0,0,0,0,0	0,0,0,1,1,0,0,0,0,0,0,0,0,0,0,0,0,0,0,0,0,0,0	-7.537023,-9.825796,-1.543437,7.265700,6.737937,-11.596819,-6.743843,-10.431631,-6.579313,-8.935742,-4.539702,-7.757412,-5.426343,-6.830913,-0.183163,-3.067060,-7.886683,-7.488741,-12.376570,-7.433838,-8.130368,-7.378936,-7.365046
Ptri_HBMT1_PNT60021.1	Ptri_HBMT1_PNT60021.1	acceptor_superclass::Phenylpropanoids (C6-C3)	acceptor_superclass::Fatty acyls;acceptor_superclass::Lysine alkaloids;acceptor_superclass::Monoterpenoids;acceptor_superclass::Phenylethanoids (C6-C2);acceptor_superclass::Phenylpropanoids (C6-C3);acceptor_superclass::Pseudoalkaloids	0,0,0,0,0,0,0,0,0,0,0,0,0,0,0,1,0,0,0,0,0,0,0	0,0,0,0,1,0,0,0,1,1,0,0,0,0,1,1,1,0,0,0,0,0,0	-9.939381,-5.653649,-5.612975,-4.399672,1.956139,-0.600695,-0.775399,-4.719866,6.962860,0.156132,-12.742414,-0.845934,-9.801737,-8.480989,0.530640,2.856004,1.639453,-0.157763,-3.545529,-7.098778,-6.006038,-5.801834,-1.525708
Ptri_HCT6_PNT52620.1	Ptri_HCT6_PNT52620.1	acceptor_superclass::Phenolic acids (C6-C1);acceptor_superclass::Small peptides	acceptor_superclass::Phenolic acids (C6-C1);acceptor_superclass::Small peptides	0,0,0,0,0,0,0,0,0,0,0,0,0,1,0,0,0,0,1,0,0,0,0	0,0,0,0,0,0,0,0,0,0,0,0,0,1,0,0,0,0,1,0,0,0,0	-11.140117,-14.227559,-7.797785,-6.433496,-9.053357,-0.499162,-5.795995,-9.957248,-19.491360,-7.942367,-15.085553,-10.811263,-11.757736,9.179440,-13.782148,-2.980973,-10.775754,-9.250427,0.354009,-6.638955,-7.784204,-7.351820,-2.265456
Ptri_HBMT1_PNT60021.1	Ptri_PHBMT1_AJD79571.1	acceptor_superclass::Phenylpropanoids (C6-C3)	acceptor_superclass::Fatty acyls;acceptor_superclass::Lysine alkaloids;acceptor_superclass::Monoterpenoids;acceptor_superclass::Phenylethanoids (C6-C2);acceptor_superclass::Phenylpropanoids (C6-C3);acceptor_superclass::Pseudoalkaloids	0,0,0,0,0,0,0,0,0,0,0,0,0,0,0,1,0,0,0,0,0,0,0	0,0,0,0,1,0,0,0,1,1,0,0,0,0,1,1,1,0,0,0,0,0,0	-9.939381,-5.653649,-5.612975,-4.399672,1.956139,-0.600695,-0.775399,-4.719866,6.962860,0.156132,-12.742414,-0.845934,-9.801737,-8.480989,0.530640,2.856004,1.639453,-0.157763,-3.545529,-7.098778,-6.006038,-5.801834,-1.525708
Ptri_SABT_AJD25144.1	Ptri_SABT_AJD25144.1	acceptor_superclass::Phenylpropanoids (C6-C3)	acceptor_superclass::Fatty acyls;acceptor_superclass::Lysine alkaloids;acceptor_superclass::Monoterpenoids;acceptor_superclass::Phenylethanoids (C6-C2);acceptor_superclass::Phenylpropanoids (C6-C3)	0,0,0,0,0,0,0,0,0,0,0,0,0,0,0,1,0,0,0,0,0,0,0	0,0,0,0,1,0,0,0,1,1,0,0,0,0,1,1,0,0,0,0,0,0,0	-7.068315,-5.156154,-3.563430,-8.602778,1.349714,-6.932425,-12.519424,-6.300302,6.754174,3.426893,-7.629367,-2.180978,-6.709665,-13.503350,2.152015,0.127603,-0.420247,-6.689970,-12.431288,-9.878070,-4.092731,-10.379318,-15.690860
Pvir_FMT_KAG2630178.1	Pvir_FMT_KAG2630178.1	acceptor_superclass::Phenylpropanoids (C6-C3)	acceptor_superclass::Fatty acyls;acceptor_superclass::Lignans;acceptor_superclass::Phenolic acids (C6-C1);acceptor_superclass::Phenylethanoids (C6-C2);acceptor_superclass::Phenylpropanoids (C6-C3)	0,0,0,0,0,0,0,0,0,0,0,0,0,0,0,1,0,0,0,0,0,0,0	0,0,0,0,1,0,0,1,0,0,0,0,0,1,1,1,0,0,0,0,0,0,0	-8.814352,-5.908178,-15.637462,-9.470848,1.490814,-6.162452,-10.660583,3.719797,-9.839953,-2.179253,-9.395572,-9.903467,-7.438681,0.415078,3.503220,7.868560,-9.742414,-6.533279,-4.790611,-3.421393,-5.346992,-12.300979,-7.396664
Pvir_HCT1a_BAO20883.1	Pvir_HCT1a_BAO20883.1	acceptor_superclass::Phenolic acids (C6-C1)	acceptor_superclass::Flavonoids;acceptor_superclass::Lignans;acceptor_superclass::Phenolic acids (C6-C1);acceptor_superclass::Phenylpropanoids (C6-C3);acceptor_superclass::Small peptides;acceptor_superclass::Tyrosine alkaloids	0,0,0,0,0,0,0,0,0,0,0,0,0,1,0,0,0,0,0,0,0,0,0	0,0,0,0,0,1,0,1,0,0,0,0,0,1,0,1,0,0,1,0,0,0,1	-10.416987,-11.236966,-9.569603,-8.314345,-13.902482,0.501459,-8.442076,0.907044,-7.063026,-7.744347,-9.667175,-8.814891,-9.977028,10.785685,-7.624087,2.230254,-8.574830,-11.879087,4.838257,-13.885489,-2.794798,-9.798581,0.115045
Pvir_HCT2a_AGM90558.1	Pvir_HCT2a_AGM90558.1	acceptor_superclass::Phenolic acids (C6-C1);acceptor_superclass::Phenylpropanoids (C6-C3);acceptor_superclass::Small peptides	acceptor_superclass::Naphthalenes;acceptor_superclass::Ornithine alkaloids;acceptor_superclass::Pseudoalkaloids;acceptor_superclass::Tryptophan alkaloids;acceptor_superclass::Tyrosine alkaloids	0,0,0,0,0,0,0,0,0,0,0,0,0,1,0,1,0,0,1,0,0,0,0	0,0,0,0,0,0,0,0,0,0,1,1,0,0,0,0,1,0,0,0,0,1,1	-2.237863,-5.429136,-5.284770,-8.594780,-8.409298,-4.099991,-5.088418,-8.446989,-7.578933,-6.281569,1.002906,8.226036,-6.175323,-2.363105,-5.209622,-3.739173,5.238948,-14.892405,-0.214713,-8.622720,-3.689294,1.284801,0.876747
Pvir_PMT_KAG2616253.1	Pvir_PMT_KAG2616253.1	acceptor_superclass::Phenylpropanoids (C6-C3)	acceptor_superclass::Lignans;acceptor_superclass::Phenolic acids (C6-C1);acceptor_superclass::Phenylpropanoids (C6-C3);acceptor_superclass::Small peptides	0,0,0,0,0,0,0,0,0,0,0,0,0,0,0,1,0,0,0,0,0,0,0	0,0,0,0,0,0,0,1,0,0,0,0,0,1,0,1,0,0,1,0,0,0,0	-11.982059,-9.310815,-7.531021,-3.087276,-6.827017,-2.707611,-13.169067,1.999227,-4.730144,-3.943355,-8.854897,-10.795834,-11.996098,6.429056,-1.352779,9.590191,-11.992615,-9.416343,1.019101,-12.077761,-0.620208,-13.295388,-1.218590
Pvul_HHHT_AOX15526.1	Pvul_HHHT_AOX15526.1	acceptor_superclass::Fatty Acids and Conjugates	acceptor_superclass::Ornithine alkaloids;acceptor_superclass::Pseudoalkaloids;acceptor_superclass::Small peptides;acceptor_superclass::Tyrosine alkaloids	0,0,0,1,0,0,0,0,0,0,0,0,0,0,0,0,0,0,0,0,0,0,0	0,0,0,0,0,0,0,0,0,0,0,1,0,0,0,0,1,0,1,0,0,0,1	-3.612128,-7.004189,-7.086609,-9.257379,-8.344651,-1.923679,-5.665708,-8.627909,-7.121265,-6.893306,-3.170492,7.521258,-6.770215,-1.613222,-2.806897,-3.120050,5.119030,-13.288748,0.088675,-8.654315,-5.411448,-2.216680,1.408236
Rcan_SHT_QNO39111.1	Rcan_SHT_QNO39111.1	acceptor_superclass::Ornithine alkaloids	acceptor_superclass::Naphthalenes;acceptor_superclass::Ornithine alkaloids;acceptor_superclass::Pseudoalkaloids;acceptor_superclass::Tryptophan alkaloids	0,0,0,0,0,0,0,0,0,0,0,1,0,0,0,0,0,0,0,0,0,0,0	0,0,0,0,0,0,0,0,0,0,1,1,0,0,0,0,1,0,0,0,0,1,0	-2.561135,-5.444070,-4.344773,-9.538849,-7.372738,-2.033587,-2.343682,-7.912889,-6.051866,-3.706953,0.365306,5.511273,-6.167525,-3.019167,-7.675760,-3.297681,3.068017,-13.126896,-3.472409,-8.030696,-1.412748,4.236806,-1.003088
Rcom_SHT_QNO39108.1	Rcom_SHT_QNO39108.1	acceptor_superclass::Ornithine alkaloids	acceptor_superclass::Ornithine alkaloids;acceptor_superclass::Phenolic acids (C6-C1);acceptor_superclass::Pseudoalkaloids	0,0,0,0,0,0,0,0,0,0,0,1,0,0,0,0,0,0,0,0,0,0,0	0,0,0,0,0,0,0,0,0,0,0,1,0,1,0,0,1,0,0,0,0,0,0	-6.900270,-8.781350,-7.469862,-5.469443,-12.645308,-7.473533,-12.323243,-13.671748,-13.189379,-14.490054,-10.297223,7.464443,-10.091062,1.521978,-6.286563,-5.294757,5.555471,-10.745603,-1.875629,-11.148335,-10.746495,-7.206476,-7.646857
Rglu_AT1_WEX29776.1	Rglu_AT1_WEX29776.1	acceptor_superclass::Phenylethanoids (C6-C2)	acceptor_superclass::Flavonoids;acceptor_superclass::Monoterpenoids;acceptor_superclass::Phenolic acids (C6-C1);acceptor_superclass::Phenylpropanoids (C6-C3);acceptor_superclass::Small peptides;acceptor_superclass::Tyrosine alkaloids	0,0,0,0,0,0,0,0,0,0,0,0,0,0,1,0,0,0,0,0,0,0,0	0,0,0,0,0,1,0,0,0,1,0,0,0,1,0,1,0,0,1,0,0,0,1	-8.522632,-10.322268,-9.543023,-13.077179,-6.920269,2.021685,-6.431369,-6.501663,-8.434802,1.540718,-10.101236,-11.214147,-8.776892,3.418743,-1.338964,1.858028,-12.885895,-12.869710,2.870320,-8.701495,-0.007623,-2.492669,1.518961
Rhyb_AAT1_AAW31948.1	Rhyb_AAT1_AAW31948.1	acceptor_superclass::Fatty acyls;acceptor_superclass::Monoterpenoids;acceptor_superclass::Phenylethanoids (C6-C2)	acceptor_superclass::Cyclic polyketides;acceptor_superclass::Fatty acyls;acceptor_superclass::Flavonoids;acceptor_superclass::Lignans;acceptor_superclass::Lysine alkaloids;acceptor_superclass::Monoterpenoids;acceptor_superclass::Ornithine alkaloids;acceptor_superclass::Phenylethanoids (C6-C2);acceptor_superclass::Phenylpropanoids (C6-C3);acceptor_superclass::Pseudoalkaloids	0,0,0,0,1,0,0,0,0,1,0,0,0,0,1,0,0,0,0,0,0,0,0	0,1,0,0,1,1,0,1,1,1,0,1,0,0,1,1,1,0,0,0,0,0,0	-2.630936,1.565396,-7.024717,-8.717027,1.978360,0.686439,-8.628350,8.667491,2.515915,4.487245,-15.255214,3.858150,-5.376249,-5.498753,3.597263,5.024692,5.202622,-4.729625,-1.404016,-8.034648,-3.693554,-5.288352,-7.477745
Rser_VS_CAD89104.2	Rser_ACT_CAD89104.2	acceptor_superclass::Tryptophan alkaloids	acceptor_superclass::Diterpenoids;acceptor_superclass::Lignans;acceptor_superclass::Phenolic acids (C6-C1);acceptor_superclass::Phenylpropanoids (C6-C3);acceptor_superclass::Small peptides;acceptor_superclass::Tyrosine alkaloids	0,0,0,0,0,0,0,0,0,0,0,0,0,0,0,0,0,0,0,0,0,1,0	0,0,1,0,0,0,0,1,0,0,0,0,0,1,0,1,0,0,1,0,0,0,1	-8.369987,-10.659986,0.184344,-5.968495,-13.283830,-0.120854,-8.158959,0.374891,-10.486823,-6.114850,-4.581311,-11.294208,-8.545523,0.022008,-10.810943,2.834912,-13.470152,-9.326806,2.916469,-9.538451,-1.376884,-3.798157,4.791338
Rser_VS_CAD89104.2	Rser_VS_CAD89104.2	acceptor_superclass::Tryptophan alkaloids	acceptor_superclass::Diterpenoids;acceptor_superclass::Tryptophan alkaloids	0,0,0,0,0,0,0,0,0,0,0,0,0,0,0,0,0,0,0,0,0,1,0	0,0,1,0,0,0,0,0,0,0,0,0,0,0,0,0,0,0,0,0,0,1,0	-8.635612,-5.337779,3.290715,-7.503616,-7.722551,-4.984628,-11.711921,-6.732783,-7.932719,-5.006302,-1.313943,-8.766930,-3.832839,-12.506506,-6.673803,-2.581383,-8.436592,-3.231289,-10.071982,-7.628803,-2.660230,6.817136,-5.973827
Rser_YAT_PQ801655	Rser_YAT_PQ801655	acceptor_superclass::Tryptophan alkaloids	acceptor_superclass::Diterpenoids;acceptor_superclass::Saccharides;acceptor_superclass::Triterpenoids	0,0,0,0,0,0,0,0,0,0,0,0,0,0,0,0,0,0,0,0,0,1,0	0,0,1,0,0,0,0,0,0,0,0,0,0,0,0,0,0,1,0,0,1,0,0	-9.182402,-3.794169,2.349767,-7.783946,-5.349060,-2.753643,-6.943673,-4.638818,-7.877289,-2.548984,-7.807557,-6.914052,-9.369486,-7.364146,-7.748739,-2.885471,-10.337980,3.880374,-3.440881,-4.635664,6.128729,-0.753493,-3.102924
Sbic_COSY_OQU75851.1	Sbic_COSY_OQU75851.1		acceptor_superclass::Fatty acyls;acceptor_superclass::Monoterpenoids;acceptor_superclass::Phenylethanoids (C6-C2);acceptor_superclass::Phenylpropanoids (C6-C3)	0,0,0,0,0,0,0,0,0,0,0,0,0,0,0,0,0,0,0,0,0,0,0	0,0,0,0,1,0,0,0,0,1,0,0,0,0,1,1,0,0,0,0,0,0,0	-9.454831,-2.684220,-9.628371,-9.406213,3.868994,-4.077507,-14.501518,-5.236221,-5.353127,5.164743,-12.056923,-5.699437,-10.647343,-8.680486,1.999750,4.972419,-9.397439,-10.375408,-12.727724,-5.946745,-10.921516,-5.729434,-6.857418
Sbic_FMT_EES15804.1	Sbic_FMT_EES15804.1	acceptor_superclass::Phenylpropanoids (C6-C3)	acceptor_superclass::Lignans;acceptor_superclass::Phenolic acids (C6-C1);acceptor_superclass::Phenylpropanoids (C6-C3);acceptor_superclass::Small peptides;acceptor_superclass::Tyrosine alkaloids	0,0,0,0,0,0,0,0,0,0,0,0,0,0,0,1,0,0,0,0,0,0,0	0,0,0,0,0,0,0,1,0,0,0,0,0,1,0,1,0,0,1,0,0,0,1	-10.762459,-9.238509,-6.499791,-5.783538,-9.676372,-1.845289,-11.434328,3.093714,-4.736881,-4.416855,-5.821678,-8.404953,-10.971439,6.897864,-1.956486,9.574951,-10.434129,-10.070284,2.876331,-11.847216,-0.542058,-11.875405,0.750777
Sbic_HCT_EES05411.1	Sbic_HCT_EES05411.1	acceptor_superclass::Phenolic acids (C6-C1)	acceptor_superclass::Naphthalenes;acceptor_superclass::Ornithine alkaloids;acceptor_superclass::Pseudoalkaloids;acceptor_superclass::Tryptophan alkaloids;acceptor_superclass::Tyrosine alkaloids	0,0,0,0,0,0,0,0,0,0,0,0,0,1,0,0,0,0,0,0,0,0,0	0,0,0,0,0,0,0,0,0,0,1,1,0,0,0,0,1,0,0,0,0,1,1	-1.624274,-4.678335,-5.664567,-8.561690,-8.018834,-3.456113,-4.392170,-7.797493,-6.557502,-5.851992,0.336876,9.207120,-5.711501,-2.438412,-4.435554,-3.580960,5.996405,-14.961501,-0.393114,-8.095650,-3.261490,0.911271,1.786769
Sbic_PMT_EES17668.1	Sbic_PMT_EES17668.1	acceptor_superclass::Phenylpropanoids (C6-C3)	acceptor_superclass::Naphthalenes;acceptor_superclass::Ornithine alkaloids;acceptor_superclass::Pseudoalkaloids;acceptor_superclass::Tryptophan alkaloids;acceptor_superclass::Tyrosine alkaloids	0,0,0,0,0,0,0,0,0,0,0,0,0,0,0,1,0,0,0,0,0,0,0	0,0,0,0,0,0,0,0,0,0,1,1,0,0,0,0,1,0,0,0,0,1,1	-0.402732,-3.308653,-4.526421,-7.757056,-6.921836,-4.008859,-4.024891,-6.356393,-6.011251,-4.168593,3.083708,8.626231,-4.120089,-3.787414,-5.720971,-3.710660,5.730916,-15.240783,-1.968050,-7.008802,-1.571928,4.493937,0.744070
Sche_AAT10422_BCJ78482.1	Sche_AAT10422_BCJ78482.1	acceptor_superclass::Fatty acyls	acceptor_superclass::Diterpenoids;acceptor_superclass::Fatty acyls;acceptor_superclass::Phenylethanoids (C6-C2)	0,0,0,0,1,0,0,0,0,0,0,0,0,0,0,0,0,0,0,0,0,0,0	0,0,1,0,1,0,0,0,0,0,0,0,0,0,1,0,0,0,0,0,0,0,0	-9.225071,-8.847465,3.899206,-1.955124,2.663643,-6.044192,-11.429401,-5.413749,-5.181254,-3.182185,-2.018871,-5.252122,-7.653585,-7.225240,0.980603,-2.023220,-3.509252,-5.309176,-3.160107,-7.480628,-5.239045,-4.867579,-4.531384
Schi_CFAT_URQ03862.1	Schi_CFAT_URQ03862.1	acceptor_superclass::Lignans;acceptor_superclass::Phenylpropanoids (C6-C3)	acceptor_superclass::Cyclic polyketides;acceptor_superclass::Fatty acyls;acceptor_superclass::Monoterpenoids;acceptor_superclass::Phenylethanoids (C6-C2);acceptor_superclass::Phenylpropanoids (C6-C3)	0,0,0,0,0,0,0,1,0,0,0,0,0,0,0,1,0,0,0,0,0,0,0	0,1,0,0,1,0,0,0,0,1,0,0,0,0,1,1,0,0,0,0,0,0,0	-8.279157,1.835171,-7.820724,-8.788996,5.672798,-6.944735,-15.443585,-4.949372,-0.277931,5.776966,-9.161334,-7.255628,-9.137258,-7.674736,6.660346,4.913187,-7.589399,-7.433760,-11.568717,-7.157784,-6.839639,-7.347240,-9.090724
Schm_AAT11306_BCJ78485.1	Schm_AAT11306_BCJ78485.1	acceptor_superclass::Fatty acyls	acceptor_superclass::Diterpenoids;acceptor_superclass::Fatty acyls;acceptor_superclass::Monoterpenoids	0,0,0,0,1,0,0,0,0,0,0,0,0,0,0,0,0,0,0,0,0,0,0	0,0,1,0,1,0,0,0,0,1,0,0,0,0,0,0,0,0,0,0,0,0,0	-11.912015,-9.206740,6.044827,-1.578083,0.429553,-8.808596,-9.486415,-4.321565,-8.282231,0.487374,-9.630486,-4.654720,-10.751335,-4.769629,-4.047082,-0.093015,-7.630581,-7.052734,-4.216978,-9.548553,-3.506236,-5.573119,-3.744227
Scru_3MAT_AAO38058	Scru_3MAT_AAO38058		acceptor_superclass::Flavonoids;acceptor_superclass::Isoflavonoids;acceptor_superclass::Steroids	0,0,0,0,0,0,0,0,0,0,0,0,0,0,0,0,0,0,0,0,0,0,0	0,0,0,0,0,1,1,0,0,0,0,0,0,0,0,0,0,0,0,1,0,0,0	-3.427375,-9.869974,-7.228269,-9.914770,-7.790494,11.550510,5.882308,-2.937749,-13.397225,-10.586577,-11.911363,-4.464863,-5.749610,-3.706054,-10.125185,-4.810028,-3.788042,-10.902736,-6.252764,0.549291,-5.810632,-5.202203,-7.286325
Sfal_HFT-like_KAH8954438.1	Sfal_HFT-like_KAH8954438.1	acceptor_superclass::Fatty Acids and Conjugates;acceptor_superclass::Fatty acyls	acceptor_superclass::Phenolic acids (C6-C1);acceptor_superclass::Small peptides	0,0,0,1,1,0,0,0,0,0,0,0,0,0,0,0,0,0,0,0,0,0,0	0,0,0,0,0,0,0,0,0,0,0,0,0,1,0,0,0,0,1,0,0,0,0	-8.183342,-11.808518,-8.113276,-2.454672,-6.344569,-11.337054,-10.233875,-11.544942,-16.509928,-13.545650,-9.443383,-2.438261,-10.895095,3.584916,-7.907113,-3.720485,-5.372873,-6.463045,4.347797,-9.001817,-12.710811,-8.750209,-2.458304
Sgal_AAT10483_BCJ78483.1	Sgal_AAT10483_BCJ78483.1	acceptor_superclass::Fatty acyls	acceptor_superclass::Fatty acyls	0,0,0,0,1,0,0,0,0,0,0,0,0,0,0,0,0,0,0,0,0,0,0	0,0,0,0,1,0,0,0,0,0,0,0,0,0,0,0,0,0,0,0,0,0,0	-8.763711,-10.197474,-14.006467,-4.629281,7.844417,-6.759393,-7.202884,-4.769331,-10.648931,-4.483408,-11.732368,-11.325954,-7.798598,-4.385018,-3.875650,-2.659297,-9.286836,-5.875485,-11.382448,-5.095564,-6.924661,-10.485654,-12.019304
Sgla_HQT1_WYJ75404.1	Sgla_HQT1_WYJ75404.1	acceptor_superclass::Phenolic acids (C6-C1);acceptor_superclass::Small peptides	acceptor_superclass::Phenolic acids (C6-C1);acceptor_superclass::Phenylpropanoids (C6-C3)	0,0,0,0,0,0,0,0,0,0,0,0,0,1,0,0,0,0,1,0,0,0,0	0,0,0,0,0,0,0,0,0,0,0,0,0,1,0,1,0,0,0,0,0,0,0	-14.935354,-11.798775,-10.840090,-3.861807,-6.254688,-4.186237,-11.466131,-4.688341,-14.633885,-2.019097,-16.717566,-7.414285,-13.542786,3.402564,-5.917625,5.702466,-8.932187,-13.448783,-3.234856,-11.171832,-9.728095,-6.403213,-5.824253
Sgla_HQT2_WYJ75406.1	Sgla_HQT2_WYJ75406.1	acceptor_superclass::Phenolic acids (C6-C1)	acceptor_superclass::Phenolic acids (C6-C1);acceptor_superclass::Small peptides	0,0,0,0,0,0,0,0,0,0,0,0,0,1,0,0,0,0,0,0,0,0,0	0,0,0,0,0,0,0,0,0,0,0,0,0,1,0,0,0,0,1,0,0,0,0	-7.908528,-13.982078,-9.828081,-7.956656,-8.015224,-6.325884,-8.005511,-12.054346,-18.882309,-12.886566,-12.694027,-6.662014,-11.000772,6.145980,-9.989141,-6.594090,-8.348683,-4.722054,0.991433,-6.150445,-8.591648,-8.726407,-3.169213
Sgla_HST_WYJ75403.1	Sgla_HST_WYJ75403.1	acceptor_superclass::Phenolic acids (C6-C1);acceptor_superclass::Small peptides	acceptor_superclass::Flavonoids;acceptor_superclass::Lignans;acceptor_superclass::Phenolic acids (C6-C1);acceptor_superclass::Phenylpropanoids (C6-C3);acceptor_superclass::Triterpenoids;acceptor_superclass::Tyrosine alkaloids	0,0,0,0,0,0,0,0,0,0,0,0,0,1,0,0,0,0,1,0,0,0,0	0,0,0,0,0,1,0,1,0,0,0,0,0,1,0,1,0,0,0,0,1,0,1	-10.969787,-9.873087,-9.897466,-6.501915,-11.463170,0.347832,-6.664703,3.332853,-4.610760,-1.192226,-10.344965,-6.247955,-11.187120,7.556670,-8.906583,2.197729,-5.260264,-9.266296,-1.597662,-12.553729,2.175280,-6.044011,0.181987
Sgla_RAS_WYJ75405.1	Sgla_RAS_WYJ75405.1	acceptor_superclass::Phenolic acids (C6-C1);acceptor_superclass::Small peptides;acceptor_superclass::Tyrosine alkaloids	acceptor_superclass::Flavonoids;acceptor_superclass::Monoterpenoids;acceptor_superclass::Phenolic acids (C6-C1);acceptor_superclass::Phenylpropanoids (C6-C3);acceptor_superclass::Small peptides;acceptor_superclass::Tyrosine alkaloids	0,0,0,0,0,0,0,0,0,0,0,0,0,1,0,0,0,0,1,0,0,0,1	0,0,0,0,0,1,0,0,0,1,0,0,0,1,0,1,0,0,1,0,0,0,1	-8.710936,-11.836657,-8.193380,-11.413240,-7.312711,1.799856,-6.107827,-8.015911,-8.679311,0.261852,-8.885991,-12.457608,-8.950734,4.140526,-4.166268,0.649071,-14.128538,-10.029661,3.576748,-8.796252,-0.525591,-1.735301,2.773563
Shab_AAT11777_BCJ78486.1	Shab_AAT11777_BCJ78486.1	acceptor_superclass::Fatty acyls	acceptor_superclass::Diterpenoids;acceptor_superclass::Fatty acyls;acceptor_superclass::Phenylethanoids (C6-C2)	0,0,0,0,1,0,0,0,0,0,0,0,0,0,0,0,0,0,0,0,0,0,0	0,0,1,0,1,0,0,0,0,0,0,0,0,0,1,0,0,0,0,0,0,0,0	-9.147733,-8.801301,4.122625,-2.139228,2.680137,-5.906952,-11.207391,-5.433724,-4.936163,-2.956062,-2.077559,-5.328763,-7.659791,-7.375735,0.945614,-2.178928,-3.261247,-5.069880,-3.261845,-7.442667,-5.180974,-4.714368,-4.700557
Shab_ASAT2_ALU64009.1	Shab_ASAT2_ALU64009.1		acceptor_superclass::Naphthalenes	0,0,0,0,0,0,0,0,0,0,0,0,0,0,0,0,0,0,0,0,0,0,0	0,0,0,0,0,0,0,0,0,0,1,0,0,0,0,0,0,0,0,0,0,0,0	-8.289045,-8.123903,-12.124084,-12.264066,-5.277915,-7.028817,-12.419405,-5.751950,-14.644131,-8.550839,0.557166,-7.033092,-6.709233,-10.820992,-4.955240,-3.603456,-11.740047,-8.692691,-9.990990,-6.018051,-8.407545,-9.794743,-8.189194
Shab_ASAT3-F_AJF98584.1	Shab_ASAT3-F_AJF98584.1		acceptor_superclass::Flavonoids;acceptor_superclass::Phenylpropanoids (C6-C3);acceptor_superclass::Saccharides;acceptor_superclass::Tyrosine alkaloids	0,0,0,0,0,0,0,0,0,0,0,0,0,0,0,0,0,0,0,0,0,0,0	0,0,0,0,0,1,0,0,0,0,0,0,0,0,0,1,0,1,0,0,0,0,1	-12.213590,-13.760243,-9.614985,-3.242627,-7.195585,0.960136,-7.074227,-14.240262,-5.988806,-1.598948,-10.176135,-5.171406,-10.424237,-5.072145,-6.249674,0.101545,-5.681729,0.848256,-0.280995,-10.223239,-10.089298,-2.651205,0.705610
Shab_ASAT3-P_AJF98591.1	Shab_ASAT3-P_AJF98591.1		acceptor_superclass::Naphthalenes;acceptor_superclass::Ornithine alkaloids;acceptor_superclass::Pseudoalkaloids;acceptor_superclass::Tryptophan alkaloids	0,0,0,0,0,0,0,0,0,0,0,0,0,0,0,0,0,0,0,0,0,0,0	0,0,0,0,0,0,0,0,0,0,1,1,0,0,0,0,1,0,0,0,0,1,0	-2.380611,-5.975194,-2.736567,-8.567412,-7.021645,-3.983136,-5.526534,-7.028379,-6.921909,-3.693414,3.445665,6.334896,-5.075078,-4.354551,-6.559116,-3.493199,4.066404,-14.368143,-2.211927,-7.474241,-2.144010,5.929092,-0.182539
Sind_AT1_BEE35702.1	Sind_AT1_BEE35702.1	acceptor_superclass::Phenylethanoids (C6-C2)	acceptor_superclass::Ornithine alkaloids;acceptor_superclass::Pseudoalkaloids;acceptor_superclass::Tryptophan alkaloids;acceptor_superclass::Tyrosine alkaloids	0,0,0,0,0,0,0,0,0,0,0,0,0,0,1,0,0,0,0,0,0,0,0	0,0,0,0,0,0,0,0,0,0,0,1,0,0,0,0,1,0,0,0,0,1,1	-1.820227,-5.067563,-6.053132,-7.866999,-8.040680,-3.638265,-4.514472,-7.945678,-6.478744,-6.474041,-0.208533,9.319946,-5.917302,-2.002992,-4.492724,-3.713599,5.687285,-15.028482,-0.106442,-7.568202,-4.121946,0.362467,2.389206
Sind_AT2_BEE35703.1	Sind_AT2_BEE35703.1	acceptor_superclass::Phenylethanoids (C6-C2)	acceptor_superclass::Ornithine alkaloids;acceptor_superclass::Phenolic acids (C6-C1);acceptor_superclass::Pseudoalkaloids;acceptor_superclass::Small peptides;acceptor_superclass::Tyrosine alkaloids	0,0,0,0,0,0,0,0,0,0,0,0,0,0,1,0,0,0,0,0,0,0,0	0,0,0,0,0,0,0,0,0,0,0,1,0,1,0,0,1,0,1,0,0,0,1	-4.977397,-7.371783,-10.301584,-3.329224,-4.805659,-2.933858,-7.656472,-8.860360,-10.709304,-8.282059,-7.296751,2.374686,-7.622355,0.735896,-2.786646,-5.315242,0.845309,-11.596130,0.189198,-9.237503,-6.796479,-8.737723,0.238051
Sind_AT1_BEE35702.1	Sind_SHCT_XP_011083883.1	acceptor_superclass::Phenylethanoids (C6-C2)	acceptor_superclass::Ornithine alkaloids;acceptor_superclass::Pseudoalkaloids;acceptor_superclass::Tryptophan alkaloids;acceptor_superclass::Tyrosine alkaloids	0,0,0,0,0,0,0,0,0,0,0,0,0,0,1,0,0,0,0,0,0,0,0	0,0,0,0,0,0,0,0,0,0,0,1,0,0,0,0,1,0,0,0,0,1,1	-1.820227,-5.067563,-6.053132,-7.866999,-8.040680,-3.638265,-4.514472,-7.945678,-6.478744,-6.474041,-0.208533,9.319946,-5.917302,-2.002992,-4.492724,-3.713599,5.687285,-15.028482,-0.106442,-7.568202,-4.121946,0.362467,2.389206
Slyc_AAT1_XP_004244681.1	Slyc_AAT1_XP_004244681.1	acceptor_superclass::Fatty acyls;acceptor_superclass::Phenylethanoids (C6-C2)	acceptor_superclass::Saccharides;acceptor_superclass::Small peptides;acceptor_superclass::Tyrosine alkaloids	0,0,0,0,1,0,0,0,0,0,0,0,0,0,1,0,0,0,0,0,0,0,0	0,0,0,0,0,0,0,0,0,0,0,0,0,0,0,0,0,1,1,0,0,0,1	-8.979002,-12.242721,-4.239015,-8.640790,-9.829440,-10.815148,-10.102701,-7.408754,-16.122675,-6.318402,-2.239727,-13.006184,-8.679899,-2.714541,-9.092244,-6.035255,-12.598539,2.632154,2.063596,-6.243296,-5.134055,-3.023520,3.423198
Slyc_PHT1_UTQ10234.1	Slyc_ACT2_XP_004251197.1	acceptor_superclass::Ornithine alkaloids;acceptor_superclass::Pseudoalkaloids	acceptor_superclass::Ornithine alkaloids;acceptor_superclass::Pseudoalkaloids	0,0,0,0,0,0,0,0,0,0,0,1,0,0,0,0,1,0,0,0,0,0,0	0,0,0,0,0,0,0,0,0,0,0,1,0,0,0,0,1,0,0,0,0,0,0	-7.433435,-9.013004,-2.885558,-6.165235,-12.568987,-6.814945,-11.062696,-12.550498,-8.681168,-9.463172,-6.414952,8.641366,-9.632734,-6.407151,-7.619616,-9.146635,8.070062,-9.532101,-8.021864,-13.409621,-7.277259,-2.437030,-10.851447
Slyc_ASAT1_NP_001316332.1	Slyc_ASAT1_NP_001316332.1	acceptor_superclass::Saccharides	acceptor_superclass::Diterpenoids	0,0,0,0,0,0,0,0,0,0,0,0,0,0,0,0,0,1,0,0,0,0,0	0,0,1,0,0,0,0,0,0,0,0,0,0,0,0,0,0,0,0,0,0,0,0	-10.870302,-7.605412,5.264176,-4.591415,-2.032496,-5.931010,-10.485961,-4.881253,-9.278921,-0.433776,-6.306750,-7.220303,-9.089123,-6.868710,-5.635296,-2.027861,-10.153384,-4.125581,-5.965952,-7.888144,-0.659757,-3.121882,-5.453139
Slyc_ASAT2_ALU64015.1	Slyc_ASAT2_ALU64015.1		acceptor_superclass::Lignans;acceptor_superclass::Naphthalenes;acceptor_superclass::Phenylpropanoids (C6-C3);acceptor_superclass::Small peptides;acceptor_superclass::Tyrosine alkaloids	0,0,0,0,0,0,0,0,0,0,0,0,0,0,0,0,0,0,0,0,0,0,0	0,0,0,0,0,0,0,1,0,0,1,0,0,0,0,1,0,0,1,0,0,0,1	-5.905179,-10.409049,-4.660337,-13.013093,-15.096321,-1.280220,-9.044412,0.125359,-9.973046,-10.431690,5.243186,-3.388332,-6.803841,-4.293831,-9.170592,5.358042,-10.003292,-9.157616,3.020844,-5.848152,-4.085160,-7.985664,2.123584
Slyc_ASAT3_AJF98582.1	Slyc_ASAT3_AJF98582.1		acceptor_superclass::Saccharides	0,0,0,0,0,0,0,0,0,0,0,0,0,0,0,0,0,0,0,0,0,0,0	0,0,0,0,0,0,0,0,0,0,0,0,0,0,0,0,0,1,0,0,0,0,0	-5.183472,-11.802870,-8.905433,-11.968879,-7.859270,-7.756434,-9.480394,-8.533258,-10.214593,-9.287829,-6.107670,-2.556078,-5.821107,-3.083719,-8.409780,-7.914323,-0.937838,6.187406,-6.458555,-2.200788,-6.382670,-7.641053,-10.540460
Slyc_ASAT4_AFM77971.1	Slyc_ASAT4_AFM77971.1		acceptor_superclass::Diterpenoids;acceptor_superclass::Naphthalenes;acceptor_superclass::Tryptophan alkaloids	0,0,0,0,0,0,0,0,0,0,0,0,0,0,0,0,0,0,0,0,0,0,0	0,0,1,0,0,0,0,0,0,0,1,0,0,0,0,0,0,0,0,0,0,1,0	-7.570024,-11.135846,0.327435,-8.949927,-5.215594,-1.962068,-7.888459,-8.066868,-7.188275,-4.065726,0.568272,-3.339293,-5.974820,-8.009918,-3.898319,-2.500526,-3.156700,-6.810917,-5.383373,-4.656391,-5.423430,0.699189,-4.214039
Slyc_GAME36_XP_004246214.1	Slyc_GAME36_XP_004246214.1	acceptor_superclass::Pseudoalkaloids	acceptor_superclass::Diterpenoids;acceptor_superclass::Naphthalenes;acceptor_superclass::Tryptophan alkaloids	0,0,0,0,0,0,0,0,0,0,0,0,0,0,0,0,1,0,0,0,0,0,0	0,0,1,0,0,0,0,0,0,0,1,0,0,0,0,0,0,0,0,0,0,1,0	-9.091191,-9.111199,2.445891,-9.006136,-10.285644,-2.757041,-10.672842,-7.509332,-12.146446,-6.256348,0.192108,-8.341926,-4.396101,-12.319155,-6.873694,-4.872103,-7.658592,-7.831209,-10.934133,-7.051635,-6.089259,7.123721,-4.111990
Slyc_HCT_XP_004235891.1	Slyc_HCT_XP_004235891.1	acceptor_superclass::Flavonoids;acceptor_superclass::Monoterpenoids;acceptor_superclass::Phenolic acids (C6-C1);acceptor_superclass::Triterpenoids;acceptor_superclass::Tyrosine alkaloids	acceptor_superclass::Diterpenoids;acceptor_superclass::Monoterpenoids;acceptor_superclass::Ornithine alkaloids;acceptor_superclass::Phenolic acids (C6-C1);acceptor_superclass::Small peptides;acceptor_superclass::Tyrosine alkaloids	0,0,0,0,0,1,0,0,0,1,0,0,0,1,0,0,0,0,0,0,1,0,1	0,0,1,0,0,0,0,0,0,1,0,1,0,1,0,0,0,0,1,0,0,0,1	-12.485497,-11.585828,3.497613,-6.709825,-5.132372,-8.645547,-11.890860,-1.053960,-9.026299,4.544838,-7.896480,0.059721,-11.492969,0.901485,-4.481927,-1.678290,-2.537766,-10.546234,1.300266,-9.562277,-5.568909,-2.786543,1.189663
Slyc_HQT_CAE46933.1	Slyc_HQT_CAE46933.1	acceptor_superclass::Phenolic acids (C6-C1);acceptor_superclass::Phenylpropanoids (C6-C3)	acceptor_superclass::Phenolic acids (C6-C1);acceptor_superclass::Phenylpropanoids (C6-C3)	0,0,0,0,0,0,0,0,0,0,0,0,0,1,0,1,0,0,0,0,0,0,0	0,0,0,0,0,0,0,0,0,0,0,0,0,1,0,1,0,0,0,0,0,0,0	-14.698209,-14.271539,-11.531155,-3.177166,-5.531957,-6.186664,-9.282957,-9.126307,-16.194073,-7.795100,-19.813658,-9.684340,-15.026440,5.153740,-9.319394,0.500633,-9.672601,-10.701850,-3.584736,-10.727413,-7.623330,-7.358902,-5.825243
Slyc_PHT1_UTQ10234.1	Slyc_PHT1_UTQ10234.1	acceptor_superclass::Ornithine alkaloids;acceptor_superclass::Pseudoalkaloids	acceptor_superclass::Flavonoids	0,0,0,0,0,0,0,0,0,0,0,1,0,0,0,0,1,0,0,0,0,0,0	0,0,0,0,0,1,0,0,0,0,0,0,0,0,0,0,0,0,0,0,0,0,0	-10.580941,-13.322729,-9.241767,-11.879944,-10.766815,4.683259,-5.047631,-14.028401,-10.671967,-3.062606,-11.391434,-1.655413,-9.890374,-6.404326,-7.828045,-4.699529,-0.755894,-7.916902,-7.123287,-9.060374,-3.301600,-0.154866,-3.703411
Slyc_PHT2_UTQ10235.1	Slyc_PHT2_UTQ10235.1	acceptor_superclass::Ornithine alkaloids;acceptor_superclass::Pseudoalkaloids	acceptor_superclass::Flavonoids;acceptor_superclass::Lignans;acceptor_superclass::Phenolic acids (C6-C1);acceptor_superclass::Phenylpropanoids (C6-C3);acceptor_superclass::Triterpenoids	0,0,0,0,0,0,0,0,0,0,0,1,0,0,0,0,1,0,0,0,0,0,0	0,0,0,0,0,1,0,1,0,0,0,0,0,1,0,1,0,0,0,0,1,0,0	-12.201694,-9.604241,-8.810074,-3.362482,-9.386905,0.911147,-8.902426,3.524799,-4.426042,-0.570956,-11.431419,-7.523291,-12.232130,7.029536,-5.797876,6.259588,-7.938049,-10.803334,-1.234207,-12.360495,1.712687,-10.996755,-0.681157
Slyc_SHT_QNO39109.1	Slyc_SHT_QNO39109.1	acceptor_superclass::Ornithine alkaloids	acceptor_superclass::Ornithine alkaloids;acceptor_superclass::Pseudoalkaloids	0,0,0,0,0,0,0,0,0,0,0,1,0,0,0,0,0,0,0,0,0,0,0	0,0,0,0,0,0,0,0,0,0,0,1,0,0,0,0,1,0,0,0,0,0,0	-6.381056,-7.203849,-12.007391,-13.907817,-9.646235,-3.856550,-8.279260,-6.990614,-4.023803,-9.258255,-5.487504,10.375126,-6.269830,-2.808831,-7.146269,-5.965906,10.095353,-10.606566,-6.732722,-8.851395,-8.814116,-8.289022,-7.924635
Smel_SHT_AKP24035.1	Smel_SHT_AKP24035.1	acceptor_superclass::Ornithine alkaloids	acceptor_superclass::Flavonoids;acceptor_superclass::Monoterpenoids;acceptor_superclass::Phenolic acids (C6-C1);acceptor_superclass::Phenylpropanoids (C6-C3);acceptor_superclass::Small peptides;acceptor_superclass::Tyrosine alkaloids	0,0,0,0,0,0,0,0,0,0,0,1,0,0,0,0,0,0,0,0,0,0,0	0,0,0,0,0,1,0,0,0,1,0,0,0,1,0,1,0,0,1,0,0,0,1	-9.178396,-10.517471,-8.402214,-9.111923,-5.455577,4.233752,-5.155881,-8.026596,-6.135928,3.629147,-11.861753,-11.603865,-9.616463,1.393507,-3.589668,1.776217,-11.082622,-6.992615,3.695883,-8.632558,-2.167066,-1.764813,2.360059
Smoe_HCT1a_XP_002979061.1	Smoe_HCT1a_XP_002979061.1	acceptor_superclass::Flavonoids;acceptor_superclass::Phenolic acids (C6-C1);acceptor_superclass::Small peptides	acceptor_superclass::Ornithine alkaloids;acceptor_superclass::Phenolic acids (C6-C1);acceptor_superclass::Small peptides;acceptor_superclass::Tyrosine alkaloids	0,0,0,0,0,1,0,0,0,0,0,0,0,1,0,0,0,0,1,0,0,0,0	0,0,0,0,0,0,0,0,0,0,0,1,0,1,0,0,0,0,1,0,0,0,1	-6.210591,-12.257656,-5.740711,-9.006097,-13.328025,-10.347261,-10.277712,-12.805688,-17.274130,-13.999316,-4.735126,0.325674,-10.132535,1.642887,-8.378980,-9.064223,-3.465755,-5.569412,5.075678,-8.005629,-8.988925,-5.122255,2.778547
Sneo_AAT10247_BCJ78484.1	Sneo_AAT10247_BCJ78484.1	acceptor_superclass::Fatty acyls	acceptor_superclass::Diterpenoids;acceptor_superclass::Fatty acyls;acceptor_superclass::Phenylethanoids (C6-C2)	0,0,0,0,1,0,0,0,0,0,0,0,0,0,0,0,0,0,0,0,0,0,0	0,0,1,0,1,0,0,0,0,0,0,0,0,0,1,0,0,0,0,0,0,0,0	-9.101718,-9.041344,3.794712,-0.813843,2.624962,-6.338035,-11.548068,-5.372401,-5.948218,-3.933930,-1.278492,-5.359505,-7.163481,-6.565036,0.827632,-1.380067,-4.268360,-5.116868,-2.570849,-7.004974,-5.717192,-4.893773,-4.116871
Snig_AGAT1_WES72146.1	Snig_AGAT1_WES72146.1		acceptor_superclass::Ornithine alkaloids;acceptor_superclass::Pseudoalkaloids	0,0,0,0,0,0,0,0,0,0,0,0,0,0,0,0,0,0,0,0,0,0,0	0,0,0,0,0,0,0,0,0,0,0,1,0,0,0,0,1,0,0,0,0,0,0	-8.045259,-4.396523,-0.791370,-11.883006,-9.108349,-7.262274,-12.618792,-9.235503,-7.612934,-3.485281,-2.706874,0.053413,-8.188116,-13.241429,-8.534542,-8.396813,2.358716,-5.421977,-11.123836,-9.183462,-1.118181,-1.996250,-11.434278
Snig_ASAT1_ART34015.1	Snig_ASAT1_ART34015.1	acceptor_superclass::Saccharides	acceptor_superclass::Flavonoids;acceptor_superclass::Lignans;acceptor_superclass::Phenylpropanoids (C6-C3)	0,0,0,0,0,0,0,0,0,0,0,0,0,0,0,0,0,1,0,0,0,0,0	0,0,0,0,0,1,0,1,0,0,0,0,0,0,0,1,0,0,0,0,0,0,0	-8.432894,-11.240844,-10.885436,-14.311009,-13.800512,2.907700,-7.962175,0.142742,-8.691540,-7.163643,-1.759754,-1.581731,-9.584246,-2.531514,-10.675838,4.566077,-7.175027,-13.464150,-2.916465,-7.771373,-6.256662,-10.665473,-0.622361
Snig_ASAT2_WES72145.1	Snig_ASAT2_WES72145.1		acceptor_superclass::Naphthalenes;acceptor_superclass::Phenylpropanoids (C6-C3)	0,0,0,0,0,0,0,0,0,0,0,0,0,0,0,0,0,0,0,0,0,0,0	0,0,0,0,0,0,0,0,0,0,1,0,0,0,0,1,0,0,0,0,0,0,0	-8.657783,-10.060576,-8.848023,-16.091965,-15.363274,-4.455911,-9.254049,-2.795142,-9.107559,-8.990523,6.759795,-5.425161,-9.220139,-6.579827,-9.399981,1.030625,-9.690974,-9.379012,-2.365235,-7.787884,-1.915252,-10.776962,-3.220191
Snux_AT_UQZ09626.1	Snux_AT_UQZ09626.1	acceptor_superclass::Tryptophan alkaloids	acceptor_superclass::Ornithine alkaloids;acceptor_superclass::Phenylpropanoids (C6-C3);acceptor_superclass::Saccharides;acceptor_superclass::Tryptophan alkaloids;acceptor_superclass::Tyrosine alkaloids	0,0,0,0,0,0,0,0,0,0,0,0,0,0,0,0,0,0,0,0,0,1,0	0,0,0,0,0,0,0,0,0,0,0,1,0,0,0,1,0,1,0,0,0,1,1	-12.441178,-13.058552,-4.946277,-5.404076,-6.668273,-2.872354,-10.015051,-12.627206,-2.343051,-3.180023,-7.576251,0.918669,-8.976902,-6.545552,-2.660886,2.596800,-2.368587,0.818557,-0.757293,-12.703551,-7.657784,0.127726,1.602179
Soff_AAT1_BDW80084.1	Soff_AAT1_BDW80084.1	acceptor_superclass::Naphthalenes	acceptor_superclass::Naphthalenes	0,0,0,0,0,0,0,0,0,0,1,0,0,0,0,0,0,0,0,0,0,0,0	0,0,0,0,0,0,0,0,0,0,1,0,0,0,0,0,0,0,0,0,0,0,0	-6.803210,-10.005729,-11.177823,-12.698449,-9.362647,-7.151666,-11.769413,-7.692813,-16.942152,-10.049933,4.230314,-0.326840,-6.333725,-8.813315,-6.336661,-5.305442,-7.548338,-7.573801,-6.024512,-4.223853,-12.649655,-5.698982,-2.733141
Sole_SOAP10_KNA12459.1	Sole_SOAP10_KNA12459.1	acceptor_superclass::Triterpenoids	acceptor_superclass::Fatty Acids and Conjugates;acceptor_superclass::Flavonoids;acceptor_superclass::Pseudoalkaloids;acceptor_superclass::Saccharides;acceptor_superclass::Tyrosine alkaloids	0,0,0,0,0,0,0,0,0,0,0,0,0,0,0,0,0,0,0,0,1,0,0	0,0,0,1,0,1,0,0,0,0,0,0,0,0,0,0,1,1,0,0,0,0,1	-8.173125,-10.059556,-9.836530,0.095475,-4.789870,3.582683,-0.128516,-11.278468,-0.270994,-3.192969,-10.160797,-0.862904,-7.355506,-5.018833,-5.498497,-0.254137,0.229602,4.448376,-1.027467,-5.163994,-10.048757,-2.875661,1.847879
Some_HCT_EFJ20018.1	Some_HCT_EFJ20018.1	acceptor_superclass::Phenolic acids (C6-C1)	acceptor_superclass::Flavonoids;acceptor_superclass::Ornithine alkaloids;acceptor_superclass::Phenolic acids (C6-C1);acceptor_superclass::Pseudoalkaloids;acceptor_superclass::Small peptides;acceptor_superclass::Tryptophan alkaloids;acceptor_superclass::Tyrosine alkaloids	0,0,0,0,0,0,0,0,0,0,0,0,0,1,0,0,0,0,0,0,0,0,0	0,0,0,0,0,1,0,0,0,0,0,1,0,1,0,0,1,0,1,0,0,1,1	-10.892811,-11.649913,-5.708766,-11.372015,-15.627030,1.190879,-7.184084,-1.502121,-11.630929,-4.868255,-11.022881,1.698428,-10.277731,0.032028,-8.455702,-2.824550,0.512991,-7.711781,4.896605,-7.465582,-6.423350,5.108449,5.862063
Spen_AAT12560_BCJ78487.1	Spen_AAT12560_BCJ78487.1	acceptor_superclass::Fatty acyls	acceptor_superclass::Diterpenoids;acceptor_superclass::Fatty acyls;acceptor_superclass::Phenylethanoids (C6-C2)	0,0,0,0,1,0,0,0,0,0,0,0,0,0,0,0,0,0,0,0,0,0,0	0,0,1,0,1,0,0,0,0,0,0,0,0,0,1,0,0,0,0,0,0,0,0	-9.191821,-9.224076,3.702896,-2.846659,1.164994,-6.050917,-11.224240,-6.102491,-6.553575,-4.288269,-0.474699,-4.248013,-7.714020,-6.978209,0.161793,-1.942696,-4.236525,-6.511982,-2.997530,-7.463428,-4.728414,-4.287933,-4.061049
Spen_AAT1_AIW04708.1	Spen_AAT1_AIW04708.1	acceptor_superclass::Fatty acyls;acceptor_superclass::Phenylethanoids (C6-C2)	acceptor_superclass::Fatty acyls	0,0,0,0,1,0,0,0,0,0,0,0,0,0,1,0,0,0,0,0,0,0,0	0,0,0,0,1,0,0,0,0,0,0,0,0,0,0,0,0,0,0,0,0,0,0	-8.829493,-10.812156,-11.632090,-4.296590,7.738083,-6.876882,-5.439551,-4.707259,-9.980720,-4.054304,-9.800206,-11.562259,-7.799983,-6.941236,-5.296496,-5.107082,-9.441245,-5.057311,-13.104977,-5.348320,-5.642365,-7.509515,-11.275016
Spen_ASAT2_ALU64005.1	Spen_ASAT2_ALU64005.1		acceptor_superclass::Diterpenoids;acceptor_superclass::Monoterpenoids;acceptor_superclass::Saccharides;acceptor_superclass::Small peptides	0,0,0,0,0,0,0,0,0,0,0,0,0,0,0,0,0,0,0,0,0,0,0	0,0,1,0,0,0,0,0,0,1,0,0,0,0,0,0,0,1,1,0,0,0,0	-13.101735,-12.802954,0.604761,-1.311690,-3.319704,-1.022868,-8.055325,-12.563025,-4.800405,1.283842,-11.524270,-8.686171,-12.850574,-2.421710,-6.172623,-2.028310,-6.844306,4.159692,1.293121,-10.511976,-7.972918,-3.099422,-4.046567
Spen_ASAT3_AJF98583.1	Spen_ASAT3_AJF98583.1		acceptor_superclass::Naphthalenes;acceptor_superclass::Ornithine alkaloids;acceptor_superclass::Pseudoalkaloids;acceptor_superclass::Tryptophan alkaloids	0,0,0,0,0,0,0,0,0,0,0,0,0,0,0,0,0,0,0,0,0,0,0	0,0,0,0,0,0,0,0,0,0,1,1,0,0,0,0,1,0,0,0,0,1,0	-2.726342,-6.011095,-2.146820,-9.143575,-6.891676,-3.892717,-5.502917,-7.053257,-6.933100,-3.175427,3.581785,5.941685,-5.395456,-4.593846,-6.709312,-3.336934,3.757239,-14.235417,-2.483154,-7.991564,-1.456507,6.130849,-0.560315
Spim_AAT11589_BCJ78481.1	Spim_AAT11589_BCJ78481.1	acceptor_superclass::Fatty acyls	acceptor_superclass::Lignans;acceptor_superclass::Monoterpenoids;acceptor_superclass::Phenolic acids (C6-C1);acceptor_superclass::Phenylpropanoids (C6-C3);acceptor_superclass::Triterpenoids	0,0,0,0,1,0,0,0,0,0,0,0,0,0,0,0,0,0,0,0,0,0,0	0,0,0,0,0,0,0,1,0,1,0,0,0,1,0,1,0,0,0,0,1,0,0	-12.499204,-8.956435,-8.938701,-6.703408,-6.764080,-1.856419,-12.420403,3.161111,-4.171645,0.306031,-7.877130,-8.575988,-12.817174,1.987859,-3.776727,9.149816,-10.781399,-12.071639,-3.427383,-10.158042,0.504498,-12.659475,-1.202662
Spot_AT_UQZ09635.1	Spot_AT_UQZ09635.1	acceptor_superclass::Tryptophan alkaloids	acceptor_superclass::Naphthalenes;acceptor_superclass::Triterpenoids;acceptor_superclass::Tryptophan alkaloids;acceptor_superclass::Tyrosine alkaloids	0,0,0,0,0,0,0,0,0,0,0,0,0,0,0,0,0,0,0,0,0,1,0	0,0,0,0,0,0,0,0,0,0,1,0,0,0,0,0,0,0,0,0,1,1,1	-7.069236,-6.871651,-3.433146,-2.926016,-4.565159,-7.187935,-2.778744,-2.128898,-8.319454,-2.816124,1.340487,-2.944652,-5.409381,-7.789192,-5.659240,-5.155544,-5.023217,-0.193676,-5.364090,-4.467413,3.485648,11.806337,5.681524
Squi_ASAT1H_UTN00742.1	Squi_ASAT1H_UTN00742.1		acceptor_superclass::Saccharides	0,0,0,0,0,0,0,0,0,0,0,0,0,0,0,0,0,0,0,0,0,0,0	0,0,0,0,0,0,0,0,0,0,0,0,0,0,0,0,0,1,0,0,0,0,0	-4.323253,-10.523051,-8.846473,-12.178699,-7.724292,-7.970285,-9.615736,-7.974648,-9.872995,-8.893188,-3.761419,-2.642271,-3.353688,-4.858418,-7.011950,-6.786031,-1.200584,6.371954,-7.091213,-1.047193,-6.518527,-5.959653,-9.779665
Squi_ASAT3H_UTN00743.1	Squi_ASAT3H_UTN00743.1		acceptor_superclass::Flavonoids;acceptor_superclass::Phenylpropanoids (C6-C3);acceptor_superclass::Saccharides;acceptor_superclass::Small peptides;acceptor_superclass::Triterpenoids	0,0,0,0,0,0,0,0,0,0,0,0,0,0,0,0,0,0,0,0,0,0,0	0,0,0,0,0,1,0,0,0,0,0,0,0,0,0,1,0,1,1,0,1,0,0	-7.133188,-2.428511,-2.460989,-5.428312,-4.094770,2.219468,-2.341740,-0.646983,-6.654434,-2.893703,-12.970317,-6.607419,-8.254770,-4.281153,-4.351346,0.205603,-9.235531,6.792577,1.016965,-4.564221,4.948471,-2.970828,-1.292006
Squi_ASAT4H_QNR60312.1	Squi_ASAT4H_QNR60312.1		acceptor_superclass::Naphthalenes;acceptor_superclass::Ornithine alkaloids;acceptor_superclass::Pseudoalkaloids;acceptor_superclass::Tryptophan alkaloids	0,0,0,0,0,0,0,0,0,0,0,0,0,0,0,0,0,0,0,0,0,0,0	0,0,0,0,0,0,0,0,0,0,1,1,0,0,0,0,1,0,0,0,0,1,0	-2.597770,-5.637589,-2.720547,-8.974218,-6.735645,-3.971622,-5.543222,-6.824540,-7.019421,-2.956678,3.255648,5.891757,-5.297639,-4.329279,-6.654105,-3.315570,3.903102,-14.253500,-2.462438,-8.338471,-1.227593,6.022194,-0.562350
Squi_TAIAT_QNR60311.1	Squi_TAIAT_QNR60311.1		acceptor_superclass::Flavonoids;acceptor_superclass::Monoterpenoids;acceptor_superclass::Phenylpropanoids (C6-C3);acceptor_superclass::Saccharides;acceptor_superclass::Small peptides;acceptor_superclass::Tyrosine alkaloids	0,0,0,0,0,0,0,0,0,0,0,0,0,0,0,0,0,0,0,0,0,0,0	0,0,0,0,0,1,0,0,0,1,0,0,0,0,0,1,0,1,1,0,0,0,1	-11.582948,-13.058676,-8.339404,-2.515861,-6.373878,1.666909,-6.745099,-12.945329,-4.811759,0.517164,-10.871597,-6.640023,-10.070993,-2.917184,-5.139478,0.908372,-6.555844,1.796760,2.218161,-9.654344,-9.638244,-2.160822,1.255696
Sric_SHT_AMB21755.1	Sric_SHT_AMB21755.1	acceptor_superclass::Ornithine alkaloids	acceptor_superclass::Lignans;acceptor_superclass::Ornithine alkaloids;acceptor_superclass::Pseudoalkaloids;acceptor_superclass::Triterpenoids;acceptor_superclass::Tryptophan alkaloids	0,0,0,0,0,0,0,0,0,0,0,1,0,0,0,0,0,0,0,0,0,0,0	0,0,0,0,0,0,0,1,0,0,0,1,0,0,0,0,1,0,0,0,1,1,0	-7.861651,-3.436706,-0.777341,-11.060570,-5.907410,-1.579807,-7.825045,0.099591,-5.660604,-1.397601,-15.601293,5.393343,-10.611590,-9.307180,-3.497367,-2.530915,1.206363,-2.850746,-0.222144,-6.682062,2.617668,1.377879,-1.393871
Ssin_ASAT1_ART34011.1	Ssin_ASAT1_ART34011.1	acceptor_superclass::Saccharides	acceptor_superclass::Diterpenoids;acceptor_superclass::Naphthalenes;acceptor_superclass::Ornithine alkaloids;acceptor_superclass::Pseudoalkaloids;acceptor_superclass::Tryptophan alkaloids	0,0,0,0,0,0,0,0,0,0,0,0,0,0,0,0,0,1,0,0,0,0,0	0,0,1,0,0,0,0,0,0,0,1,1,0,0,0,0,1,0,0,0,0,1,0	-5.809066,-7.643252,2.864841,-8.011735,-3.763098,-5.613005,-8.390468,-6.943917,-6.407218,-3.236258,4.407133,1.669745,-6.655734,-7.937679,-4.116055,-3.201046,0.171182,-11.198235,-3.942146,-7.957918,-1.729037,3.923808,-3.571883
Ssin_ASAT2_ART34012.1	Ssin_ASAT2_ART34012.1		acceptor_superclass::Naphthalenes;acceptor_superclass::Ornithine alkaloids;acceptor_superclass::Pseudoalkaloids;acceptor_superclass::Tryptophan alkaloids	0,0,0,0,0,0,0,0,0,0,0,0,0,0,0,0,0,0,0,0,0,0,0	0,0,0,0,0,0,0,0,0,0,1,1,0,0,0,0,1,0,0,0,0,1,0	-4.448635,-7.730751,-1.830925,-9.064212,-6.198695,-3.994732,-6.975939,-7.367193,-7.670137,-2.445877,2.602003,2.864663,-6.000395,-5.288046,-6.701493,-3.262386,2.021139,-12.251020,-3.481954,-8.748059,-1.971482,6.250713,-2.341130
Ssin_ASAT3_ART34013.1	Ssin_ASAT3_ART34013.1		acceptor_superclass::Flavonoids;acceptor_superclass::Monoterpenoids;acceptor_superclass::Phenolic acids (C6-C1);acceptor_superclass::Phenylpropanoids (C6-C3);acceptor_superclass::Small peptides;acceptor_superclass::Triterpenoids;acceptor_superclass::Tyrosine alkaloids	0,0,0,0,0,0,0,0,0,0,0,0,0,0,0,0,0,0,0,0,0,0,0	0,0,0,0,0,1,0,0,0,1,0,0,0,1,0,1,0,0,1,0,1,0,1	-8.742459,-10.501319,-7.403707,-11.933046,-6.792377,3.930669,-5.824696,-7.254069,-7.100539,3.801478,-10.398903,-12.140667,-9.050445,1.775874,-3.563469,1.932418,-12.169617,-8.722101,3.646058,-8.987663,0.219781,-0.198776,2.835232
Ssin_ASAT5_ART34014.1	Ssin_ASAT5_ART34014.1		acceptor_superclass::Naphthalenes;acceptor_superclass::Ornithine alkaloids;acceptor_superclass::Pseudoalkaloids;acceptor_superclass::Triterpenoids;acceptor_superclass::Tryptophan alkaloids	0,0,0,0,0,0,0,0,0,0,0,0,0,0,0,0,0,0,0,0,0,0,0	0,0,0,0,0,0,0,0,0,0,1,1,0,0,0,0,1,0,0,0,1,1,0	-1.518217,-3.691611,-2.299277,-9.224303,-6.207034,-4.029607,-4.665040,-6.147651,-6.262816,-2.499773,3.767031,7.259308,-4.853971,-4.669393,-5.888381,-3.266958,4.980583,-14.824387,-2.410480,-8.689637,0.329539,5.586957,-0.372140
Sspl_5MAT1_AAL50566.1	Sspl_5MAT1_AAL50566.1	acceptor_superclass::Flavonoids	acceptor_superclass::Cyclic polyketides;acceptor_superclass::Fatty acyls;acceptor_superclass::Monoterpenoids;acceptor_superclass::Phenylethanoids (C6-C2);acceptor_superclass::Phenylpropanoids (C6-C3)	0,0,0,0,0,1,0,0,0,0,0,0,0,0,0,0,0,0,0,0,0,0,0	0,1,0,0,1,0,0,0,0,1,0,0,0,0,1,1,0,0,0,0,0,0,0	-6.178339,3.773671,-4.431117,-7.418924,4.851185,-5.961031,-15.585034,-4.707069,-1.691862,6.206603,-8.520312,-5.829078,-7.298437,-8.421586,5.071677,3.151510,-6.800946,-8.795467,-11.569242,-6.352179,-5.901754,-4.354553,-7.347865
Sspl_5MAT2_AAR26385.1	Sspl_5MAT2_AAR26385.1	acceptor_superclass::Flavonoids	acceptor_superclass::Diterpenoids;acceptor_superclass::Fatty acyls;acceptor_superclass::Lignans;acceptor_superclass::Monoterpenoids;acceptor_superclass::Phenylpropanoids (C6-C3)	0,0,0,0,0,1,0,0,0,0,0,0,0,0,0,0,0,0,0,0,0,0,0	0,0,1,0,1,0,0,1,0,1,0,0,0,0,0,1,0,0,0,0,0,0,0	-10.215165,-6.816322,3.951369,-4.798698,4.378814,-3.959627,-10.463009,1.641906,-7.710266,6.455504,-8.480670,-8.363688,-8.837195,-3.101597,-1.452763,2.351663,-9.994287,-5.200439,-4.772758,-10.329247,-3.517586,-8.386386,-6.498307
Stub_COSY_M0ZYT4	Stub_COSY_M0ZYT4		acceptor_superclass::Lignans;acceptor_superclass::Phenolic acids (C6-C1);acceptor_superclass::Phenylpropanoids (C6-C3);acceptor_superclass::Small peptides;acceptor_superclass::Triterpenoids	0,0,0,0,0,0,0,0,0,0,0,0,0,0,0,0,0,0,0,0,0,0,0	0,0,0,0,0,0,0,1,0,0,0,0,0,1,0,1,0,0,1,0,1,0,0	-10.840005,-9.050128,-6.796512,-5.903965,-10.449473,-0.291582,-9.057851,4.164796,-3.187166,-2.857039,-6.283095,-5.498288,-10.957025,4.766478,-5.658314,7.608346,-6.530600,-10.484567,0.246917,-11.332946,2.323581,-11.906772,-0.226412
Stub_FHT_NP_001275190.1	Stub_FHT_NP_001275190.1	acceptor_superclass::Fatty Acids and Conjugates;acceptor_superclass::Fatty acyls	acceptor_superclass::Lignans;acceptor_superclass::Phenolic acids (C6-C1);acceptor_superclass::Phenylpropanoids (C6-C3);acceptor_superclass::Triterpenoids	0,0,0,1,1,0,0,0,0,0,0,0,0,0,0,0,0,0,0,0,0,0,0	0,0,0,0,0,0,0,1,0,0,0,0,0,1,0,1,0,0,0,0,1,0,0	-13.565564,-8.853692,-7.708304,-2.178105,-5.333847,-2.520873,-13.462984,1.306454,-4.743394,-1.248336,-10.933155,-13.677078,-13.174111,5.543161,-3.237927,7.520063,-13.661306,-11.186233,-1.763825,-12.497745,1.100953,-14.487688,-3.511044
Taes_ACT1-1_BCN87078.1	Taes_ACT1-1_BCN87078.1	acceptor_superclass::Ornithine alkaloids;acceptor_superclass::Pseudoalkaloids	acceptor_superclass::Flavonoids	0,0,0,0,0,0,0,0,0,0,0,1,0,0,0,0,1,0,0,0,0,0,0	0,0,0,0,0,1,0,0,0,0,0,0,0,0,0,0,0,0,0,0,0,0,0	-9.342422,-11.279636,-14.019825,-12.525883,-9.251881,5.405746,-3.913252,-10.939656,-8.803776,-1.975073,-13.363627,-2.604024,-8.832702,-4.241023,-2.724083,-1.448519,-2.642016,-12.446764,-4.958820,-7.378859,-4.464627,-3.169896,-2.357633
Taes_ACT1-2_BCN87079.1	Taes_ACT1-2_BCN87079.1	acceptor_superclass::Ornithine alkaloids;acceptor_superclass::Pseudoalkaloids	acceptor_superclass::Ornithine alkaloids;acceptor_superclass::Pseudoalkaloids;acceptor_superclass::Small peptides;acceptor_superclass::Tryptophan alkaloids;acceptor_superclass::Tyrosine alkaloids	0,0,0,0,0,0,0,0,0,0,0,1,0,0,0,0,1,0,0,0,0,0,0	0,0,0,0,0,0,0,0,0,0,0,1,0,0,0,0,1,0,1,0,0,1,1	-9.288422,-9.959391,-2.165372,-11.695606,-14.230111,-5.405230,-11.587218,-3.986049,-9.030743,-2.625560,-7.021299,7.124632,-8.697606,-4.868721,-5.132340,-5.813633,5.428733,-10.395098,0.653386,-6.592249,-5.214033,8.095590,4.078226
Taes_ACT2_AMY96376.1	Taes_ACT2_AMY96376.1	acceptor_superclass::Ornithine alkaloids	acceptor_superclass::Flavonoids;acceptor_superclass::Lignans;acceptor_superclass::Phenolic acids (C6-C1);acceptor_superclass::Phenylpropanoids (C6-C3);acceptor_superclass::Small peptides;acceptor_superclass::Tyrosine alkaloids	0,0,0,0,0,0,0,0,0,0,0,1,0,0,0,0,0,0,0,0,0,0,0	0,0,0,0,0,1,0,1,0,0,0,0,0,1,0,1,0,0,1,0,0,0,1	-7.868119,-10.107022,-6.968500,-4.066609,-11.208021,4.161432,-7.126611,3.384213,-6.268099,-5.713036,-6.976296,-6.680224,-7.837073,9.766781,-5.525797,8.270622,-9.628906,-9.736991,6.687418,-8.759844,-3.326388,-10.466856,2.630123
Tant_HQT1_QCI44191.1	Tant_HQT1_QCI44191.1	acceptor_superclass::Phenolic acids (C6-C1)	acceptor_superclass::Phenolic acids (C6-C1)	0,0,0,0,0,0,0,0,0,0,0,0,0,1,0,0,0,0,0,0,0,0,0	0,0,0,0,0,0,0,0,0,0,0,0,0,1,0,0,0,0,0,0,0,0,0	-10.431345,-12.333288,-12.101254,-4.335878,-4.268555,-6.414558,-10.964010,-11.054953,-15.479859,-10.203832,-17.925610,-4.885543,-12.150223,6.447778,-6.091635,-2.399382,-4.485149,-8.897058,-3.737987,-9.291491,-10.167911,-14.389194,-11.292933
Tant_HQT2_QBQ52948.1	Tant_HQT2_QBQ52948.1	acceptor_superclass::Phenolic acids (C6-C1)	acceptor_superclass::Lignans;acceptor_superclass::Phenolic acids (C6-C1);acceptor_superclass::Phenylpropanoids (C6-C3);acceptor_superclass::Small peptides	0,0,0,0,0,0,0,0,0,0,0,0,0,1,0,0,0,0,0,0,0,0,0	0,0,0,0,0,0,0,1,0,0,0,0,0,1,0,1,0,0,1,0,0,0,0	-12.039687,-10.531152,-10.372563,-6.603019,-10.366352,-2.252331,-9.496902,1.343706,-5.341675,-5.077266,-11.240829,-9.674952,-11.821822,10.569044,-5.889835,3.520680,-8.429013,-9.983991,0.528422,-15.332192,-1.033116,-8.717319,-0.795133
Tcan_TAX10_AAM75818.1	Tcan_TAX10_AAM75818.1	acceptor_superclass::Diterpenoids	acceptor_superclass::Lignans;acceptor_superclass::Phenolic acids (C6-C1);acceptor_superclass::Phenylpropanoids (C6-C3);acceptor_superclass::Small peptides;acceptor_superclass::Triterpenoids;acceptor_superclass::Tyrosine alkaloids	0,0,1,0,0,0,0,0,0,0,0,0,0,0,0,0,0,0,0,0,0,0,0	0,0,0,0,0,0,0,1,0,0,0,0,0,1,0,1,0,0,1,0,1,0,1	-10.786508,-8.778876,-3.139466,-3.878851,-9.881862,-0.085180,-10.810395,3.347777,-5.686729,-2.181747,-6.190751,-10.757991,-10.722580,6.587762,-4.635609,8.365292,-12.386455,-11.010231,3.122889,-11.190763,1.263379,-11.605905,0.837308
Tcus_BAPT_AAL92459.1	Tcus_BAPT_AAL92459.1	acceptor_superclass::Diterpenoids	acceptor_superclass::Monoterpenoids	0,0,1,0,0,0,0,0,0,0,0,0,0,0,0,0,0,0,0,0,0,0,0	0,0,0,0,0,0,0,0,0,1,0,0,0,0,0,0,0,0,0,0,0,0,0	-11.724823,-11.898912,-8.753185,-12.904702,-2.599772,-6.710669,-14.857324,-3.686661,-12.163224,4.799905,-6.092221,-12.312487,-8.586891,-7.151450,-5.157731,-0.409561,-10.609910,-7.169577,-7.635977,-9.786160,-8.359239,-8.952239,-10.915652
Tcus_DBAT_AAF27621.1	Tcus_DBAT_AAF27621.1	acceptor_superclass::Diterpenoids	acceptor_superclass::Diterpenoids;acceptor_superclass::Naphthalenes	0,0,1,0,0,0,0,0,0,0,0,0,0,0,0,0,0,0,0,0,0,0,0	0,0,1,0,0,0,0,0,0,0,1,0,0,0,0,0,0,0,0,0,0,0,0	-5.145463,-7.136429,9.420704,-10.903945,-7.631625,-6.586207,-9.789644,-9.274152,-1.619748,-2.960089,1.798899,-5.899373,-6.255915,-10.614990,-6.297657,-6.059415,-5.477213,-7.372468,-5.573910,-10.131992,-7.365947,-6.856033,-6.343499
Tcus_TBT_AAG38049.1	Tcus_DBBT_AAG38049.1	acceptor_superclass::Diterpenoids	acceptor_superclass::Lignans;acceptor_superclass::Phenolic acids (C6-C1);acceptor_superclass::Phenylpropanoids (C6-C3);acceptor_superclass::Small peptides;acceptor_superclass::Triterpenoids;acceptor_superclass::Tyrosine alkaloids	0,0,1,0,0,0,0,0,0,0,0,0,0,0,0,0,0,0,0,0,0,0,0	0,0,0,0,0,0,0,1,0,0,0,0,0,1,0,1,0,0,1,0,1,0,1	-10.614031,-9.628129,-1.389704,-5.630232,-11.778746,-1.479185,-10.975135,1.436076,-7.484939,-5.622293,-2.946249,-12.721011,-10.223472,3.949298,-6.854250,6.431364,-14.301385,-10.768040,4.439446,-11.387360,1.223656,-11.857602,0.005472
Tcus_DBNTBT_AAM75818.1	Tcus_DBNTBT_AAM75818.1	acceptor_superclass::Diterpenoids	acceptor_superclass::Lignans;acceptor_superclass::Phenolic acids (C6-C1);acceptor_superclass::Phenylpropanoids (C6-C3);acceptor_superclass::Small peptides;acceptor_superclass::Triterpenoids;acceptor_superclass::Tyrosine alkaloids	0,0,1,0,0,0,0,0,0,0,0,0,0,0,0,0,0,0,0,0,0,0,0	0,0,0,0,0,0,0,1,0,0,0,0,0,1,0,1,0,0,1,0,1,0,1	-10.786508,-8.778876,-3.139466,-3.878851,-9.881862,-0.085180,-10.810395,3.347777,-5.686729,-2.181747,-6.190751,-10.757991,-10.722580,6.587762,-4.635609,8.365292,-12.386455,-11.010231,3.122889,-11.190763,1.263379,-11.605905,0.837308
Tcus_TAT_AAF34254.1	Tcus_TAT_AAF34254.1	acceptor_superclass::Diterpenoids	acceptor_superclass::Diterpenoids	0,0,1,0,0,0,0,0,0,0,0,0,0,0,0,0,0,0,0,0,0,0,0	0,0,1,0,0,0,0,0,0,0,0,0,0,0,0,0,0,0,0,0,0,0,0	-11.173212,-9.953792,7.502994,-0.093066,-1.350139,-7.281240,-8.433177,-4.564398,-9.643058,-0.729174,-8.295357,-4.326679,-9.554962,-4.929713,-4.198677,-1.150709,-7.630219,-7.249455,-3.014637,-8.636643,-3.854522,-3.718506,-2.327807
Tcus_TAX19_AAU89980.1	Tcus_TAX19_AAU89980.1		acceptor_superclass::Diterpenoids;acceptor_superclass::Naphthalenes	0,0,0,0,0,0,0,0,0,0,0,0,0,0,0,0,0,0,0,0,0,0,0	0,0,1,0,0,0,0,0,0,0,1,0,0,0,0,0,0,0,0,0,0,0,0	-8.174063,-9.986115,4.543800,-3.370642,-1.296116,-5.292715,-9.632564,-6.560845,-8.244843,-4.514069,3.312660,-5.326803,-5.681488,-6.909529,-1.967050,-0.878096,-5.863025,-4.269031,-2.817072,-5.573903,-4.477746,-0.730295,-4.424326
Tcus_TAT_AAF34254.1	Tcus_TAX1_AAF34254.1		acceptor_superclass::Monoterpenoids;acceptor_superclass::Phenolic acids (C6-C1);acceptor_superclass::Small peptides	0,0,0,0,0,0,0,0,0,0,0,0,0,0,0,0,0,0,0,0,0,0,0	0,0,0,0,0,0,0,0,0,1,0,0,0,1,0,0,0,0,1,0,0,0,0	-12.676564,-12.956131,-0.359252,-5.373938,-3.951979,-0.313322,-8.838278,-10.866578,-6.021564,2.819835,-11.212289,-12.091890,-12.747193,0.964292,-5.803742,-0.112232,-11.589310,-0.694056,3.828582,-11.595923,-4.300338,-2.365048,-0.995395
Tcus_TBT_AAG38049.1	Tcus_TBT_AAG38049.1	acceptor_superclass::Diterpenoids	acceptor_superclass::Diterpenoids;acceptor_superclass::Monoterpenoids	0,0,1,0,0,0,0,0,0,0,0,0,0,0,0,0,0,0,0,0,0,0,0	0,0,1,0,0,0,0,0,0,1,0,0,0,0,0,0,0,0,0,0,0,0,0	-7.223878,-6.579071,10.390160,-6.476454,-3.890700,-5.043412,-8.193048,-7.413028,-0.119887,1.738027,-2.117013,-9.983850,-6.195400,-9.840240,-6.419427,-3.593728,-8.141285,-8.307105,-7.534925,-11.280374,-5.249327,-4.562255,-7.490163
Tmed_BAHD22_QDM39185.1	Tmed_BAHD22_QDM39185.1	acceptor_superclass::Diterpenoids		0,0,1,0,0,0,0,0,0,0,0,0,0,0,0,0,0,0,0,0,0,0,0	0,0,0,0,0,0,0,0,0,0,0,0,0,0,0,0,0,0,0,0,0,0,0	-6.637194,-7.914361,-9.186614,-2.084868,-0.522607,-1.739967,-7.173503,-6.061712,-5.304670,-3.925709,-6.985378,-2.268257,-6.871906,-5.362192,-7.116425,-2.625937,-6.205093,-13.638973,-8.716701,-2.911507,-6.530056,-3.126438,-0.049131
Tmed_BAHD6-13_BEK82039.1	Tmed_BAHD6-13_BEK82039.1	acceptor_superclass::Diterpenoids	acceptor_superclass::Fatty Acids and Conjugates;acceptor_superclass::Fatty acyls	0,0,1,0,0,0,0,0,0,0,0,0,0,0,0,0,0,0,0,0,0,0,0	0,0,0,1,1,0,0,0,0,0,0,0,0,0,0,0,0,0,0,0,0,0,0	-7.614295,-9.664237,-6.429685,2.008643,1.418612,-4.511058,-9.349692,-6.784142,-7.200181,-5.323598,-5.786985,-3.392399,-7.124038,-3.926306,-7.168327,-3.578177,-5.965932,-11.583120,-6.526060,-3.650688,-8.239710,-3.412009,-0.915008
Tmed_DBAT_QDM39186.1	Tmed_DBAT_QDM39186.1	acceptor_superclass::Diterpenoids	acceptor_superclass::Lignans;acceptor_superclass::Phenolic acids (C6-C1);acceptor_superclass::Phenylpropanoids (C6-C3);acceptor_superclass::Small peptides;acceptor_superclass::Tyrosine alkaloids	0,0,1,0,0,0,0,0,0,0,0,0,0,0,0,0,0,0,0,0,0,0,0	0,0,0,0,0,0,0,1,0,0,0,0,0,1,0,1,0,0,1,0,0,0,1	-9.001034,-9.557330,-1.340675,-7.243869,-11.793862,-0.345411,-11.794777,0.263328,-8.793890,-7.440849,-2.700373,-11.425682,-8.813236,3.625179,-6.432258,7.150340,-14.430102,-11.298617,5.853456,-10.133445,-2.513546,-11.315131,0.149716
Tmed_TAT_QDM39184.1	Tmed_TAT_QDM39184.1	acceptor_superclass::Diterpenoids	acceptor_superclass::Monoterpenoids;acceptor_superclass::Phenolic acids (C6-C1);acceptor_superclass::Small peptides	0,0,1,0,0,0,0,0,0,0,0,0,0,0,0,0,0,0,0,0,0,0,0	0,0,0,0,0,0,0,0,0,1,0,0,0,1,0,0,0,0,1,0,0,0,0	-12.558415,-12.769657,-0.752692,-6.153438,-3.957523,-0.092357,-8.785324,-10.487573,-6.316745,3.063216,-11.322815,-12.513182,-12.744505,1.247034,-5.720400,-0.020158,-12.052748,-1.780902,3.801681,-11.640517,-3.640757,-2.372959,-0.838978
Tpra_HST_ACI16630.1	Tpra_HCT1A_ACI16630.1	acceptor_superclass::Phenolic acids (C6-C1)	acceptor_superclass::Flavonoids;acceptor_superclass::Phenolic acids (C6-C1);acceptor_superclass::Phenylpropanoids (C6-C3);acceptor_superclass::Small peptides	0,0,0,0,0,0,0,0,0,0,0,0,0,1,0,0,0,0,0,0,0,0,0	0,0,0,0,0,1,0,0,0,0,0,0,0,1,0,1,0,0,1,0,0,0,0	-12.164616,-11.086933,-7.219853,-5.001041,-7.400214,1.256710,-7.182597,-3.886054,-15.064761,-2.151941,-17.039248,-9.188479,-12.257050,11.901533,-10.622827,2.413962,-8.904664,-9.032805,0.089207,-8.121891,-3.056870,-7.472989,-4.975474
Tpra_HMT_ACI16631.1	Tpra_HCT2_ACI16631.1	acceptor_superclass::Fatty Acids and Conjugates	acceptor_superclass::Fatty Acids and Conjugates;acceptor_superclass::Fatty acyls;acceptor_superclass::Phenolic acids (C6-C1);acceptor_superclass::Tyrosine alkaloids	0,0,0,1,0,0,0,0,0,0,0,0,0,0,0,0,0,0,0,0,0,0,0	0,0,0,1,1,0,0,0,0,0,0,0,0,1,0,0,0,0,0,0,0,0,1	-7.470474,-9.102702,-6.835198,7.253182,1.197362,-5.914556,-8.868917,-5.919898,-8.461862,-9.467972,-6.068935,-3.422000,-6.607699,1.291993,-3.060752,-1.945284,-8.697687,-6.694939,-1.562053,-3.273109,-9.230408,-7.966383,0.618943
Tpra_HDT1_AXB87812.1	Tpra_HDT1_AXB87812.1	acceptor_superclass::Small peptides;acceptor_superclass::Tyrosine alkaloids	acceptor_superclass::Flavonoids;acceptor_superclass::Phenolic acids (C6-C1);acceptor_superclass::Small peptides;acceptor_superclass::Tyrosine alkaloids	0,0,0,0,0,0,0,0,0,0,0,0,0,0,0,0,0,0,1,0,0,0,1	0,0,0,0,0,1,0,0,0,0,0,0,0,1,0,0,0,0,1,0,0,0,1	-9.160506,-13.441115,-10.800807,-4.685475,-7.227800,4.263546,-2.407007,-12.468406,-6.768405,-3.069918,-11.194041,-7.894604,-9.142202,1.640162,-7.081800,-2.476944,-8.095510,-3.268392,1.393935,-6.522547,-7.307592,-3.430269,1.986281
Tpra_HDT1_AXB87812.1	Tpra_HDT_AXB87812.1	acceptor_superclass::Small peptides	acceptor_superclass::Flavonoids;acceptor_superclass::Phenolic acids (C6-C1);acceptor_superclass::Small peptides;acceptor_superclass::Tyrosine alkaloids	0,0,0,0,0,0,0,0,0,0,0,0,0,0,0,0,0,0,1,0,0,0,0	0,0,0,0,0,1,0,0,0,0,0,0,0,1,0,0,0,0,1,0,0,0,1	-9.160506,-13.441115,-10.800807,-4.685475,-7.227800,4.263546,-2.407007,-12.468406,-6.768405,-3.069918,-11.194041,-7.894604,-9.142202,1.640162,-7.081800,-2.476944,-8.095510,-3.268392,1.393935,-6.522547,-7.307592,-3.430269,1.986281
Tpra_HMT_ACI16631.1	Tpra_HMT_ACI16631.1	acceptor_superclass::Fatty Acids and Conjugates	acceptor_superclass::Fatty Acids and Conjugates;acceptor_superclass::Ornithine alkaloids;acceptor_superclass::Small peptides;acceptor_superclass::Tyrosine alkaloids	0,0,0,1,0,0,0,0,0,0,0,0,0,0,0,0,0,0,0,0,0,0,0	0,0,0,1,0,0,0,0,0,0,0,1,0,0,0,0,0,0,1,0,0,0,1	-8.779698,-13.473247,-2.716909,0.620472,-6.105672,-1.794010,-5.156352,-3.110659,-11.819427,-7.060253,-12.887929,2.376627,-8.182690,-1.385268,-1.460400,-1.351876,-0.849118,-13.685119,0.827897,-7.906989,-11.693278,-4.258033,0.796358
Tpra_HST_ACI16630.1	Tpra_HST_ACI16630.1	acceptor_superclass::Phenolic acids (C6-C1)	acceptor_superclass::Lignans;acceptor_superclass::Monoterpenoids;acceptor_superclass::Phenolic acids (C6-C1);acceptor_superclass::Phenylpropanoids (C6-C3);acceptor_superclass::Small peptides	0,0,0,0,0,0,0,0,0,0,0,0,0,1,0,0,0,0,0,0,0,0,0	0,0,0,0,0,0,0,1,0,1,0,0,0,1,0,1,0,0,1,0,0,0,0	-10.995683,-10.286363,-9.695055,-6.343384,-4.372234,-2.352401,-9.971209,1.552096,-7.419699,0.735941,-7.320755,-12.902081,-8.549331,7.019007,-6.653249,3.776258,-10.461037,-5.602195,0.066254,-9.245757,-8.425773,-11.104911,-5.237669
Twal_DBAT_AFD32413.1	Twal_DBAT_AFD32413.1	acceptor_superclass::Diterpenoids	acceptor_superclass::Diterpenoids;acceptor_superclass::Monoterpenoids;acceptor_superclass::Phenolic acids (C6-C1);acceptor_superclass::Small peptides	0,0,1,0,0,0,0,0,0,0,0,0,0,0,0,0,0,0,0,0,0,0,0	0,0,1,0,0,0,0,0,0,1,0,0,0,1,0,0,0,0,1,0,0,0,0	-13.052854,-12.863749,1.768808,-4.931602,-2.616637,-2.224831,-9.315851,-10.832141,-6.554162,1.090715,-10.524848,-12.656246,-13.359368,0.834322,-6.167514,-2.060351,-12.199295,-1.214510,2.165730,-11.574801,-4.323524,-3.749714,-3.021366
Vhyb_3MAT1_AAS77402.1	Vhyb_3MAT1_AAS77402.1	acceptor_superclass::Flavonoids;acceptor_superclass::Isoflavonoids;acceptor_superclass::Phenolic acids (C6-C1)	acceptor_superclass::Flavonoids;acceptor_superclass::Tryptophan alkaloids;acceptor_superclass::Tyrosine alkaloids	0,0,0,0,0,1,1,0,0,0,0,0,0,1,0,0,0,0,0,0,0,0,0	0,0,0,0,0,1,0,0,0,0,0,0,0,0,0,0,0,0,0,0,0,1,1	-8.014013,-15.406131,-11.051666,-12.197523,-13.099113,2.386854,-3.338485,-12.676471,-10.296920,-6.956079,-5.128979,-7.695242,-7.184001,-0.572968,-8.753007,-4.219417,-10.337928,-7.692395,-1.846889,-6.619976,-3.323794,0.893885,3.522239
Vlab_AMAT_AAW22989.1	Vlab_AMAT_AAW22989.1	acceptor_superclass::Fatty acyls	acceptor_superclass::Fatty acyls;acceptor_superclass::Lignans;acceptor_superclass::Lysine alkaloids;acceptor_superclass::Monoterpenoids;acceptor_superclass::Phenylethanoids (C6-C2);acceptor_superclass::Phenylpropanoids (C6-C3)	0,0,0,0,1,0,0,0,0,0,0,0,0,0,0,0,0,0,0,0,0,0,0	0,0,0,0,1,0,0,1,1,1,0,0,0,0,1,1,0,0,0,0,0,0,0	-6.246865,-2.038873,-10.051373,-6.205266,7.255887,-10.376150,-14.794058,1.876309,2.891345,3.862367,-9.049712,-5.564774,-6.070491,-5.223743,4.455885,3.889745,-1.341460,-7.384205,-10.456804,-10.136691,-7.191179,-12.819048,-13.481827
Vvin_3AT_AKF15588.1	Vvin_3AT_AKF15588.1	acceptor_superclass::Flavonoids	acceptor_superclass::Triterpenoids	0,0,0,0,0,1,0,0,0,0,0,0,0,0,0,0,0,0,0,0,0,0,0	0,0,0,0,0,0,0,0,0,0,0,0,0,0,0,0,0,0,0,0,1,0,0	-8.827847,-6.129220,-11.651178,-5.285918,-5.423562,-3.433489,-9.057913,-6.891003,-9.402844,-2.889142,-11.100180,-11.065969,-3.887801,-7.365591,-1.069801,-1.656991,-9.431327,-3.951518,-10.252343,-5.841212,4.023398,-4.081178,-5.637362
Vvin_AAT2_CBI26419.3	Vvin_AAT2_CBI26419.3	acceptor_superclass::Fatty acyls;acceptor_superclass::Phenylethanoids (C6-C2)	acceptor_superclass::Fatty acyls;acceptor_superclass::Lysine alkaloids;acceptor_superclass::Monoterpenoids;acceptor_superclass::Phenylethanoids (C6-C2);acceptor_superclass::Phenylpropanoids (C6-C3);acceptor_superclass::Pseudoalkaloids	0,0,0,0,1,0,0,0,0,0,0,0,0,0,1,0,0,0,0,0,0,0,0	0,0,0,0,1,0,0,0,1,1,0,0,0,0,1,1,1,0,0,0,0,0,0	-10.824998,-4.381979,-4.198597,-5.144458,4.142484,-1.493043,-2.237728,-3.811361,6.365016,1.138271,-14.033687,-1.605568,-10.956786,-9.552218,1.630882,1.955399,1.539032,-2.865576,-5.369362,-7.866529,-5.460832,-7.477788,-4.377833
Vvin_SHT_QNO39112.1	Vvin_SHT_QNO39112.1	acceptor_superclass::Ornithine alkaloids	acceptor_superclass::Lignans;acceptor_superclass::Ornithine alkaloids;acceptor_superclass::Phenylethanoids (C6-C2);acceptor_superclass::Pseudoalkaloids;acceptor_superclass::Tryptophan alkaloids	0,0,0,0,0,0,0,0,0,0,0,1,0,0,0,0,0,0,0,0,0,0,0	0,0,0,0,0,0,0,1,0,0,0,1,0,0,1,0,1,0,0,0,0,1,0	-5.559200,-5.307618,-8.977862,-11.002365,-7.840506,-4.808910,-12.931849,1.418168,-2.106802,-0.305273,-11.092128,8.723481,-5.432050,-7.164646,2.429856,-0.511765,9.752181,-11.930797,-1.813318,-8.325660,-8.707642,2.294068,-2.850675
Wlon_BAT1_NA	Wlon_BAT1_NA	acceptor_superclass::Monoterpenoids	acceptor_superclass::Naphthalenes;acceptor_superclass::Ornithine alkaloids;acceptor_superclass::Pseudoalkaloids;acceptor_superclass::Tryptophan alkaloids	0,0,0,0,0,0,0,0,0,1,0,0,0,0,0,0,0,0,0,0,0,0,0	0,0,0,0,0,0,0,0,0,0,1,1,0,0,0,0,1,0,0,0,0,1,0	-2.718146,-5.387743,-2.118980,-8.735400,-6.488786,-4.420631,-5.684241,-6.676539,-6.514063,-3.364674,3.814275,5.722940,-5.129754,-5.326636,-6.144363,-3.667741,3.148617,-13.878518,-3.156109,-7.373504,-1.208140,5.492496,-0.869859
Wlon_BAT2_NA	Wlon_BAT2_NA	acceptor_superclass::Monoterpenoids	acceptor_superclass::Flavonoids;acceptor_superclass::Monoterpenoids;acceptor_superclass::Phenolic acids (C6-C1);acceptor_superclass::Phenylpropanoids (C6-C3);acceptor_superclass::Small peptides	0,0,0,0,0,0,0,0,0,1,0,0,0,0,0,0,0,0,0,0,0,0,0	0,0,0,0,0,1,0,0,0,1,0,0,0,1,0,1,0,0,1,0,0,0,0	-12.110085,-11.253724,-3.635099,-8.937263,-3.371689,0.659939,-8.582073,-8.422056,-7.090394,4.641964,-12.217789,-13.693005,-12.840437,0.962477,-4.334141,1.382363,-12.954138,-6.376708,3.081822,-11.756494,-1.545401,-3.179067,-0.857886
Wlon_BAT3_NA	Wlon_BAT3_NA	acceptor_superclass::Monoterpenoids	acceptor_superclass::Naphthalenes;acceptor_superclass::Ornithine alkaloids;acceptor_superclass::Pseudoalkaloids;acceptor_superclass::Tryptophan alkaloids;acceptor_superclass::Tyrosine alkaloids	0,0,0,0,0,0,0,0,0,1,0,0,0,0,0,0,0,0,0,0,0,0,0	0,0,0,0,0,0,0,0,0,0,1,1,0,0,0,0,1,0,0,0,0,1,1	-1.642311,-4.701552,-3.639810,-8.412925,-6.985223,-3.988808,-4.886005,-6.706853,-6.858617,-3.653335,3.259663,7.335684,-4.869296,-3.655375,-6.355981,-3.218239,4.764714,-14.986520,-1.803904,-7.952420,-1.451705,5.271250,0.390353
Wvil_BAT1_WvBAHD8	Wvil_BAT1_WvBAHD8	acceptor_superclass::Monoterpenoids	acceptor_superclass::Diterpenoids;acceptor_superclass::Fatty acyls;acceptor_superclass::Lysine alkaloids;acceptor_superclass::Monoterpenoids	0,0,0,0,0,0,0,0,0,1,0,0,0,0,0,0,0,0,0,0,0,0,0	0,0,1,0,1,0,0,0,1,1,0,0,0,0,0,0,0,0,0,0,0,0,0	-6.762559,-6.978371,0.297627,-10.239924,3.079563,-7.543358,-9.298696,-6.453607,3.479894,1.744286,-5.603606,-9.717055,-6.487539,-12.438825,-1.825284,-3.722869,-6.017217,-5.834742,-12.522329,-8.665623,-3.146437,-10.399322,-13.328932
Wvil_BAT2_WvBAHD14	Wvil_BAT2_WvBAHD14	acceptor_superclass::Monoterpenoids	acceptor_superclass::Monoterpenoids	0,0,0,0,0,0,0,0,0,1,0,0,0,0,0,0,0,0,0,0,0,0,0	0,0,0,0,0,0,0,0,0,1,0,0,0,0,0,0,0,0,0,0,0,0,0	-9.863900,-4.886257,-4.005974,-6.128863,-1.163677,-2.203947,-9.891275,-5.405933,-8.201484,5.564711,-9.279548,-5.644013,-9.100876,-6.045580,-1.115423,-1.977728,-2.209122,-6.213492,-5.924740,-9.524164,-1.765110,-1.957896,-8.603660
Wvil_BAT3_WvBAHD39	Wvil_BAT3_WvBAHD39	acceptor_superclass::Monoterpenoids	acceptor_superclass::Diterpenoids	0,0,0,0,0,0,0,0,0,1,0,0,0,0,0,0,0,0,0,0,0,0,0	0,0,1,0,0,0,0,0,0,0,0,0,0,0,0,0,0,0,0,0,0,0,0	-11.783251,-9.205129,5.398432,-3.583140,-2.658293,-7.837931,-9.366766,-5.454513,-9.158841,-0.662416,-8.951758,-4.311242,-11.093548,-4.876665,-5.609753,-2.276763,-8.089993,-5.849196,-3.385671,-8.011332,-1.207800,-4.081725,-3.277012
Wvil_BAT4_WvBAHD40	Wvil_BAT4_WvBAHD40	acceptor_superclass::Monoterpenoids	acceptor_superclass::Lignans;acceptor_superclass::Phenolic acids (C6-C1);acceptor_superclass::Phenylpropanoids (C6-C3);acceptor_superclass::Small peptides;acceptor_superclass::Tyrosine alkaloids	0,0,0,0,0,0,0,0,0,1,0,0,0,0,0,0,0,0,0,0,0,0,0	0,0,0,0,0,0,0,1,0,0,0,0,0,1,0,1,0,0,1,0,0,0,1	-9.600316,-9.145452,-5.416799,-4.313883,-9.111415,-0.434438,-11.345035,3.780778,-5.635904,-3.264870,-5.456534,-5.435909,-10.074616,5.233999,-2.068757,10.536085,-9.454839,-10.235248,2.731937,-9.585715,-1.572568,-10.449725,2.244768
Wvil_BAT5_WvBAHD50	Wvil_BAT5_WvBAHD50	acceptor_superclass::Monoterpenoids	acceptor_superclass::Fatty Acids and Conjugates;acceptor_superclass::Flavonoids;acceptor_superclass::Lignans;acceptor_superclass::Monoterpenoids;acceptor_superclass::Phenolic acids (C6-C1);acceptor_superclass::Phenylpropanoids (C6-C3);acceptor_superclass::Triterpenoids;acceptor_superclass::Tyrosine alkaloids	0,0,0,0,0,0,0,0,0,1,0,0,0,0,0,0,0,0,0,0,0,0,0	0,0,0,1,0,1,0,1,0,1,0,0,0,1,0,1,0,0,0,0,1,0,1	-10.147061,-8.261291,-5.922940,0.536790,-9.274443,3.911980,-5.316429,4.790326,-3.563368,1.963358,-10.565102,-5.569373,-10.122143,3.768412,-7.331764,4.044630,-5.855404,-9.473577,-1.926184,-8.593802,4.537774,-9.338315,1.190285
Wvil_BAT6_WvBAHD28	Wvil_BAT6_WvBAHD28	acceptor_superclass::Monoterpenoids	acceptor_superclass::Ornithine alkaloids;acceptor_superclass::Phenolic acids (C6-C1)	0,0,0,0,0,0,0,0,0,1,0,0,0,0,0,0,0,0,0,0,0,0,0	0,0,0,0,0,0,0,0,0,0,0,1,0,1,0,0,0,0,0,0,0,0,0	-10.179907,-11.418615,-8.395018,-7.399054,-14.838966,-3.921607,-10.492422,-10.220576,-17.735775,-9.947959,-7.621855,3.878691,-11.583452,0.982919,-7.978643,-4.383721,-3.608911,-11.849601,-1.854452,-9.059603,-8.736681,-2.168041,-0.245483
Zmay_AAT1_ONM11762.1	Zmay_AAT1_ONM11762.1	acceptor_superclass::Flavonoids	acceptor_superclass::Flavonoids;acceptor_superclass::Isoflavonoids;acceptor_superclass::Steroids	0,0,0,0,0,1,0,0,0,0,0,0,0,0,0,0,0,0,0,0,0,0,0	0,0,0,0,0,1,1,0,0,0,0,0,0,0,0,0,0,0,0,1,0,0,0	-4.885911,-10.197703,-6.053834,-7.615329,-5.121163,8.433780,7.882260,-8.536842,-8.331944,-8.832852,-9.763711,-6.729280,-6.296399,-5.807668,-10.150444,-5.748678,-6.444665,-10.381795,-10.576211,1.443607,-4.441596,-6.250966,-6.720224
Zmay_CAT_ACF87722.1	Zmay_CAT_ACF87722.1		acceptor_superclass::Diterpenoids;acceptor_superclass::Monoterpenoids	0,0,0,0,0,0,0,0,0,0,0,0,0,0,0,0,0,0,0,0,0,0,0	0,0,1,0,0,0,0,0,0,1,0,0,0,0,0,0,0,0,0,0,0,0,0	-13.051488,-11.644936,4.221251,-5.751837,-4.042179,-4.902954,-9.648641,-3.909604,-12.596176,0.064379,-10.387244,-4.197597,-11.889886,-5.352427,-5.145249,-1.745353,-7.584267,-7.502180,-2.846490,-9.812085,-3.941281,-2.941514,-1.126121
Zmay_FMT_AQK78565.1	Zmay_FMT_AQK78565.1	acceptor_superclass::Phenylpropanoids (C6-C3)	acceptor_superclass::Diterpenoids;acceptor_superclass::Fatty acyls;acceptor_superclass::Monoterpenoids;acceptor_superclass::Phenylpropanoids (C6-C3)	0,0,0,0,0,0,0,0,0,0,0,0,0,0,0,1,0,0,0,0,0,0,0	0,0,1,0,1,0,0,0,0,1,0,0,0,0,0,1,0,0,0,0,0,0,0	-11.521757,-10.238925,2.948021,-3.457755,1.662311,-2.547371,-8.466170,-1.123761,-11.534369,1.449230,-9.293494,-8.902617,-9.720026,-4.511229,-2.775201,1.207173,-10.811759,-6.612521,-5.230989,-10.502755,-5.799367,-7.375423,-4.424038
