fasta_id	enzyme_id	true_labels	predicted_labels	true_vector	pred_vector	score_vector
Aagr_HCT6_QPI70575.1	Aagr_HCT6_QPI70575.1	acceptor_superclass::Phenolic acids (C6-C1);acceptor_superclass::Small peptides	acceptor_superclass::Fatty Acids and Conjugates;acceptor_superclass::Phenolic acids (C6-C1);acceptor_superclass::Small peptides;acceptor_superclass::Tyrosine alkaloids	0,0,0,0,0,0,0,0,0,0,0,0,0,1,0,0,0,0,1,0,0,0,0	0,0,0,1,0,0,0,0,0,0,0,0,0,1,0,0,0,0,1,0,0,0,1	-0.582241,-0.705667,-1.235374,0.142677,-0.321016,-0.345549,-0.641882,-1.038885,-0.842285,-0.550867,-0.683317,-0.121409,-0.731373,0.563832,-0.166685,-0.048507,-0.283169,-0.983001,0.323138,-0.523971,-0.723130,-0.626353,0.241153
Aagr_HFT-like_Aagr000038l.49.1	Aagr_HFT-like_Aagr000038l.49.1	acceptor_superclass::Fatty Acids and Conjugates	acceptor_superclass::Triterpenoids;acceptor_superclass::Tryptophan alkaloids	0,0,0,1,0,0,0,0,0,0,0,0,0,0,0,0,0,0,0,0,0,0,0	0,0,0,0,0,0,0,0,0,0,0,0,0,0,0,0,0,0,0,0,1,1,0	-1.231674,-0.996990,-0.160901,-0.126343,-0.041982,-0.460007,-0.901879,-0.658368,-0.729327,-0.039884,-0.663107,-0.150099,-0.625644,-0.150527,-0.310137,-0.295032,-0.136500,-0.209610,-0.481116,-1.427904,0.237324,0.401920,-0.039209
Abel_TS_WPF47615.1	Abel_TS_WPF47615.1		acceptor_superclass::Diterpenoids;acceptor_superclass::Lysine alkaloids;acceptor_superclass::Monoterpenoids;acceptor_superclass::Naphthalenes;acceptor_superclass::Phenylethanoids (C6-C2);acceptor_superclass::Phenylpropanoids (C6-C3);acceptor_superclass::Saccharides	0,0,0,0,0,0,0,0,0,0,0,0,0,0,0,0,0,0,0,0,0,0,0	0,0,1,0,0,0,0,0,1,1,1,0,0,0,1,1,0,1,0,0,0,0,0	-0.582567,-0.345146,0.109349,-0.895452,-0.165969,-0.507718,-0.780344,-0.135399,0.100111,0.044238,0.260385,-0.578468,-0.020680,-1.213550,0.075706,0.145189,-0.411873,0.024546,-1.002764,-0.659040,-0.225217,-0.170656,-0.492866
Achi_AT16_PSS01274.1	Achi_AT16_PSS01274.1	acceptor_superclass::Fatty acyls	acceptor_superclass::Fatty Acids and Conjugates;acceptor_superclass::Fatty acyls;acceptor_superclass::Monoterpenoids;acceptor_superclass::Phenylpropanoids (C6-C3)	0,0,0,0,1,0,0,0,0,0,0,0,0,0,0,0,0,0,0,0,0,0,0	0,0,0,1,1,0,0,0,0,1,0,0,0,0,0,1,0,0,0,0,0,0,0	-0.642561,-0.890695,-0.419527,0.076935,0.232572,-0.275456,-0.834966,-0.126631,-0.202821,0.140030,-0.619451,-0.545731,-0.329578,-0.398703,-0.047297,0.207549,-0.531939,-0.638178,-0.396014,-0.614437,-0.572949,-0.702400,-0.362194
Achi_FHT_PSR89440.1	Achi_FHT_PSR89440.1	acceptor_superclass::Fatty Acids and Conjugates;acceptor_superclass::Fatty acyls	acceptor_superclass::Fatty Acids and Conjugates;acceptor_superclass::Fatty acyls;acceptor_superclass::Monoterpenoids;acceptor_superclass::Phenolic acids (C6-C1);acceptor_superclass::Phenylpropanoids (C6-C3)	0,0,0,1,1,0,0,0,0,0,0,0,0,0,0,0,0,0,0,0,0,0,0	0,0,0,1,1,0,0,0,0,1,0,0,0,1,0,1,0,0,0,0,0,0,0	-0.713650,-1.272731,-0.696540,0.509613,0.244843,-0.233898,-0.885540,-0.074097,-1.140927,0.002712,-0.789386,-0.424551,-0.512789,0.237100,-0.074401,0.138644,-0.525049,-1.236629,-0.071095,-0.772866,-0.230776,-0.597297,-0.011793
Aeri_AT9_AIC83789.1	Aeri_AT9_AIC83789.1	acceptor_superclass::Fatty acyls	acceptor_superclass::Ornithine alkaloids;acceptor_superclass::Phenylethanoids (C6-C2);acceptor_superclass::Pseudoalkaloids	0,0,0,0,1,0,0,0,0,0,0,0,0,0,0,0,0,0,0,0,0,0,0	0,0,0,0,0,0,0,0,0,0,0,1,0,0,1,0,1,0,0,0,0,0,0	-0.436308,-0.271221,-0.433398,-0.388739,-0.132306,-0.007928,-0.378215,-0.516675,-0.632266,-0.000092,-0.388902,0.164328,-0.110157,-0.858799,0.101038,-0.033702,0.098840,-0.678094,-0.574199,-0.176104,-0.534885,-0.548419,-0.302722
Aeuc_AAT1_BDW80083.1	Aeuc_AAT1_BDW80083.1	acceptor_superclass::Naphthalenes	acceptor_superclass::Diterpenoids;acceptor_superclass::Lysine alkaloids;acceptor_superclass::Naphthalenes	0,0,0,0,0,0,0,0,0,0,1,0,0,0,0,0,0,0,0,0,0,0,0	0,0,1,0,0,0,0,0,1,0,1,0,0,0,0,0,0,0,0,0,0,0,0	-0.864073,-0.185297,0.088315,-1.103804,-0.152333,-0.472643,-0.803651,-1.071181,0.096286,-0.092099,0.467023,-0.205068,-0.601151,-1.291970,-0.174928,-0.149907,-0.112796,-0.007307,-1.089020,-0.512550,-0.326297,-0.113036,-0.372258
Aeuc_AAT2_BDW80089.1	Aeuc_AAT2_BDW80089.1	acceptor_superclass::Naphthalenes	acceptor_superclass::Naphthalenes	0,0,0,0,0,0,0,0,0,0,1,0,0,0,0,0,0,0,0,0,0,0,0	0,0,0,0,0,0,0,0,0,0,1,0,0,0,0,0,0,0,0,0,0,0,0	-0.648026,-0.258674,-0.284292,-0.893905,-0.253945,-0.460412,-0.512296,-0.518124,-0.414398,-0.282953,0.652749,-0.185325,-0.349915,-1.221424,-0.207261,-0.216704,-0.024016,-0.467359,-1.137038,-0.454691,-0.097602,-0.023351,-0.442996
Aeuc_SAT2_BDW80080.1	Aeuc_SAT2_BDW80080.1	acceptor_superclass::Naphthalenes	acceptor_superclass::Naphthalenes;acceptor_superclass::Triterpenoids;acceptor_superclass::Tryptophan alkaloids;acceptor_superclass::Tyrosine alkaloids	0,0,0,0,0,0,0,0,0,0,1,0,0,0,0,0,0,0,0,0,0,0,0	0,0,0,0,0,0,0,0,0,0,1,0,0,0,0,0,0,0,0,0,1,1,1	-0.785726,-0.471089,-0.163122,-0.498177,-0.371478,-0.446206,-0.544912,-0.486720,-0.822810,-0.221282,0.687645,-0.277602,-0.785726,-0.828347,-0.264101,-0.289488,-0.094344,-0.321763,-0.957435,-0.356238,0.193051,0.308611,0.095612
Amem_AT7-3_WMQ79387.1	Amem_AT7-3_WMQ79387.1	acceptor_superclass::Triterpenoids	acceptor_superclass::Phenolic acids (C6-C1);acceptor_superclass::Tyrosine alkaloids	0,0,0,0,0,0,0,0,0,0,0,0,0,0,0,0,0,0,0,0,1,0,0	0,0,0,0,0,0,0,0,0,0,0,0,0,1,0,0,0,0,0,0,0,0,1	-0.762080,-0.791255,-0.788529,-0.137217,-0.471480,-0.216258,-0.479758,-0.290898,-0.680961,-0.332690,-0.519897,-0.209217,-0.762080,0.009632,-0.116795,-0.206219,-0.210673,-0.710151,-0.045486,-0.511271,-0.301375,-0.251818,0.202586
Arac_HPT1_QAA12830.1	Arac_HPT1_QAA12830.1	acceptor_superclass::Phenylpropanoids (C6-C3)	acceptor_superclass::Fatty Acids and Conjugates;acceptor_superclass::Phenolic acids (C6-C1);acceptor_superclass::Phenylethanoids (C6-C2);acceptor_superclass::Small peptides	0,0,0,0,0,0,0,0,0,0,0,0,0,0,0,1,0,0,0,0,0,0,0	0,0,0,1,0,0,0,0,0,0,0,0,0,1,1,0,0,0,1,0,0,0,0	-0.319431,-0.750969,-1.059243,0.263737,-0.212851,-0.152848,-0.592092,-0.345537,-0.905565,-0.177048,-0.935297,-0.140271,-0.118380,0.171173,0.352984,-0.089310,-0.511655,-0.802351,0.215972,-0.391220,-0.507396,-1.074063,-0.053608
Asat_HCBT_BAC78635.1	Asat_HCBT_BAC78635.1	acceptor_superclass::Small peptides	acceptor_superclass::Fatty Acids and Conjugates;acceptor_superclass::Phenolic acids (C6-C1);acceptor_superclass::Small peptides;acceptor_superclass::Tyrosine alkaloids	0,0,0,0,0,0,0,0,0,0,0,0,0,0,0,0,0,0,1,0,0,0,0	0,0,0,1,0,0,0,0,0,0,0,0,0,1,0,0,0,0,1,0,0,0,1	-0.635634,-0.832377,-1.218260,0.344993,-0.441470,-0.270152,-0.669562,-0.123599,-1.209092,-0.407063,-1.097162,-0.190367,-0.530919,0.832775,-0.066024,-0.312113,-0.593321,-0.951995,0.624839,-0.600222,-0.162389,-0.720702,0.363113
Asat_HHT1_BAC78633.1	Asat_HHT1_BAC78633.1	acceptor_superclass::Phenolic acids (C6-C1)	acceptor_superclass::Fatty Acids and Conjugates;acceptor_superclass::Lignans;acceptor_superclass::Phenolic acids (C6-C1);acceptor_superclass::Small peptides;acceptor_superclass::Tyrosine alkaloids	0,0,0,0,0,0,0,0,0,0,0,0,0,1,0,0,0,0,0,0,0,0,0	0,0,0,1,0,0,0,1,0,0,0,0,0,1,0,0,0,0,1,0,0,0,1	-0.512909,-1.220264,-1.307153,0.316361,-0.436120,-0.227926,-0.693184,0.127317,-1.344596,-0.327258,-0.893287,-0.198616,-0.393699,0.733056,-0.017670,-0.015985,-0.516102,-1.201836,0.517647,-0.552884,-0.167665,-0.835690,0.272610
Asat_HHT4_QDC27803.1	Asat_HHT4_QDC27803.1	acceptor_superclass::Phenolic acids (C6-C1)	acceptor_superclass::Fatty Acids and Conjugates;acceptor_superclass::Phenolic acids (C6-C1);acceptor_superclass::Small peptides;acceptor_superclass::Tyrosine alkaloids	0,0,0,0,0,0,0,0,0,0,0,0,0,1,0,0,0,0,0,0,0,0,0	0,0,0,1,0,0,0,0,0,0,0,0,0,1,0,0,0,0,1,0,0,0,1	-0.859819,-0.828967,-1.107260,0.234914,-0.327371,-0.301462,-0.836417,-0.100005,-1.015573,-0.319884,-1.104654,-0.218299,-0.856906,0.803102,-0.121120,-0.217581,-0.559916,-0.951800,0.535770,-0.827596,-0.184500,-0.616648,0.362576
Asch_AKS1_URS65387.1	Asch_AKS1_URS65387.1	acceptor_superclass::Tryptophan alkaloids	acceptor_superclass::Fatty Acids and Conjugates;acceptor_superclass::Monoterpenoids;acceptor_superclass::Phenylethanoids (C6-C2);acceptor_superclass::Phenylpropanoids (C6-C3);acceptor_superclass::Triterpenoids;acceptor_superclass::Tryptophan alkaloids;acceptor_superclass::Tyrosine alkaloids	0,0,0,0,0,0,0,0,0,0,0,0,0,0,0,0,0,0,0,0,0,1,0	0,0,0,1,0,0,0,0,0,1,0,0,0,0,1,1,0,0,0,0,1,1,1	-0.971359,-0.936089,-0.508972,0.165837,-0.065620,-1.089374,-1.064224,-0.344642,-0.877745,0.251223,-0.337762,-1.057671,-0.321169,-0.173085,0.155177,0.031168,-1.024233,-0.396329,-0.390303,-0.500176,0.431725,0.205431,0.185394
Asch_AKS2_URS65388.1	Asch_AKS2_URS65388.1	acceptor_superclass::Tryptophan alkaloids	acceptor_superclass::Naphthalenes;acceptor_superclass::Triterpenoids;acceptor_superclass::Tryptophan alkaloids;acceptor_superclass::Tyrosine alkaloids	0,0,0,0,0,0,0,0,0,0,0,0,0,0,0,0,0,0,0,0,0,1,0	0,0,0,0,0,0,0,0,0,0,1,0,0,0,0,0,0,0,0,0,1,1,1	-0.864428,-0.722506,-0.055242,-0.437530,-0.328527,-0.670143,-0.840745,-0.187856,-0.600700,-0.139018,0.182773,-0.733172,-0.542387,-0.516072,-0.232328,-0.155592,-0.745249,-0.167718,-0.611240,-0.493510,0.252552,0.329764,0.273534
Asin_FMT_AHL24755.1	Asin_FMT_AHL24755.1	acceptor_superclass::Phenylpropanoids (C6-C3)	acceptor_superclass::Diterpenoids;acceptor_superclass::Naphthalenes;acceptor_superclass::Tryptophan alkaloids	0,0,0,0,0,0,0,0,0,0,0,0,0,0,0,1,0,0,0,0,0,0,0	0,0,1,0,0,0,0,0,0,0,1,0,0,0,0,0,0,0,0,0,0,1,0	-0.839205,-0.284245,0.028753,-0.932170,-0.337983,-0.570564,-0.801282,-0.232973,-0.509090,-0.173709,0.338775,-0.370646,-0.423015,-0.934519,-0.289887,-0.252554,-0.462730,-0.230312,-0.907044,-0.768584,-0.132028,0.120696,-0.391128
Atha_3AT1_AEE27636.1	Atha_3AT1_AEE27636.1	acceptor_superclass::Flavonoids	acceptor_superclass::Coumarins;acceptor_superclass::Flavonoids;acceptor_superclass::Isoflavonoids;acceptor_superclass::Ornithine alkaloids;acceptor_superclass::Phenanthrenoids;acceptor_superclass::Pseudoalkaloids;acceptor_superclass::Steroids	0,0,0,0,0,1,0,0,0,0,0,0,0,0,0,0,0,0,0,0,0,0,0	1,0,0,0,0,1,1,0,0,0,0,1,1,0,0,0,1,0,0,1,0,0,0	0.599684,-0.081864,-1.147598,-0.480405,-0.597590,0.900051,0.799657,-1.157822,-1.122559,-0.790562,-0.288183,0.340483,0.441052,-0.348284,-0.381891,-0.586433,0.339429,-1.092415,-0.417194,0.389024,-0.497361,-0.909736,-0.487375
Atha_3AT2_AAF86513.1	Atha_3AT2_AAF86513.1	acceptor_superclass::Flavonoids	acceptor_superclass::Coumarins;acceptor_superclass::Flavonoids;acceptor_superclass::Isoflavonoids;acceptor_superclass::Ornithine alkaloids;acceptor_superclass::Phenanthrenoids;acceptor_superclass::Pseudoalkaloids;acceptor_superclass::Steroids	0,0,0,0,0,1,0,0,0,0,0,0,0,0,0,0,0,0,0,0,0,0,0	1,0,0,0,0,1,1,0,0,0,0,1,1,0,0,0,1,0,0,1,0,0,0	0.690065,-0.316432,-1.337418,-0.222724,-0.665558,0.846668,0.861852,-1.310273,-1.405042,-0.904116,-0.173910,0.179799,0.567253,-0.053098,-0.406741,-0.637116,0.185471,-1.222434,-0.312721,0.345667,-0.286846,-0.825141,-0.391810
Atha_5MAT_BAB01191.1	Atha_5MAT_BAB01191.1	acceptor_superclass::Flavonoids	acceptor_superclass::Coumarins;acceptor_superclass::Flavonoids;acceptor_superclass::Isoflavonoids;acceptor_superclass::Ornithine alkaloids;acceptor_superclass::Phenanthrenoids;acceptor_superclass::Pseudoalkaloids;acceptor_superclass::Steroids;acceptor_superclass::Tyrosine alkaloids	0,0,0,0,0,1,0,0,0,0,0,0,0,0,0,0,0,0,0,0,0,0,0	1,0,0,0,0,1,1,0,0,0,0,1,1,0,0,0,1,0,0,1,0,0,1	0.412916,-0.255719,-1.202622,-0.134766,-0.575637,0.545117,0.695240,-0.981518,-1.514132,-0.753728,-0.047206,0.225764,0.412916,-0.186495,-0.124668,-0.561011,0.134726,-1.040900,-0.160692,0.369524,-0.577240,-0.796017,0.176045
Atha_ACT1_NP_200924.1	Atha_ACT1_NP_200924.1	acceptor_superclass::Ornithine alkaloids;acceptor_superclass::Pseudoalkaloids	acceptor_superclass::Coumarins;acceptor_superclass::Flavonoids;acceptor_superclass::Isoflavonoids;acceptor_superclass::Naphthalenes;acceptor_superclass::Phenanthrenoids;acceptor_superclass::Steroids;acceptor_superclass::Tyrosine alkaloids	0,0,0,0,0,0,0,0,0,0,0,1,0,0,0,0,1,0,0,0,0,0,0	1,0,0,0,0,1,1,0,0,0,1,0,1,0,0,0,0,0,0,1,0,0,1	0.613977,-0.329828,-0.778574,-0.289062,-0.743968,0.544558,0.648665,-0.528782,-1.330240,-0.699266,0.041184,-0.191498,0.476266,-0.463356,-0.376242,-0.687551,-0.505503,-0.983512,-0.215649,0.610460,-0.032495,-0.581174,0.135147
Atha_HHT1_AAL34170.1	Atha_ASFT_NP_851111.1	acceptor_superclass::Fatty Acids and Conjugates;acceptor_superclass::Fatty acyls	acceptor_superclass::Fatty Acids and Conjugates;acceptor_superclass::Fatty acyls;acceptor_superclass::Monoterpenoids;acceptor_superclass::Phenolic acids (C6-C1);acceptor_superclass::Phenylpropanoids (C6-C3)	0,0,0,1,1,0,0,0,0,0,0,0,0,0,0,0,0,0,0,0,0,0,0	0,0,0,1,1,0,0,0,0,1,0,0,0,1,0,1,0,0,0,0,0,0,0	-1.021254,-1.108454,-0.465574,0.329802,0.345713,-0.593055,-0.994219,-0.544781,-0.772471,0.036079,-0.825390,-0.487492,-0.721478,0.060542,-0.158321,0.013155,-0.466930,-0.907466,-0.304323,-1.026796,-0.135052,-0.330584,-0.075550
Atha_AT3G47170_NP_190301.2	Atha_AT3G47170_NP_190301.2	acceptor_superclass::Ornithine alkaloids;acceptor_superclass::Pseudoalkaloids	acceptor_superclass::Diterpenoids;acceptor_superclass::Fatty acyls;acceptor_superclass::Flavonoids;acceptor_superclass::Monoterpenoids;acceptor_superclass::Ornithine alkaloids	0,0,0,0,0,0,0,0,0,0,0,1,0,0,0,0,1,0,0,0,0,0,0	0,0,1,0,1,1,0,0,0,1,0,1,0,0,0,0,0,0,0,0,0,0,0	-0.364211,-0.090337,0.023236,-0.446888,0.004054,0.053341,-0.438987,-0.552755,-0.246117,0.138726,-0.332472,0.008468,-0.249634,-1.231277,-0.010898,-0.106170,-0.024841,-0.506333,-0.831891,-0.310003,-0.717867,-0.553545,-0.476844
Atha_PHT_OAO95042.1	Atha_AT5G07080_OAO95042.1	acceptor_superclass::Ornithine alkaloids;acceptor_superclass::Pseudoalkaloids	acceptor_superclass::Cyclic polyketides;acceptor_superclass::Diterpenoids;acceptor_superclass::Fatty acyls;acceptor_superclass::Flavonoids;acceptor_superclass::Monoterpenoids;acceptor_superclass::Ornithine alkaloids;acceptor_superclass::Pseudoalkaloids	0,0,0,0,0,0,0,0,0,0,0,1,0,0,0,0,1,0,0,0,0,0,0	0,1,1,0,1,1,0,0,0,1,0,1,0,0,0,0,1,0,0,0,0,0,0	-0.555230,0.078219,0.010284,-0.801444,0.186294,0.196458,-0.400212,-0.672152,-0.083096,0.151774,-0.469323,0.221015,-0.467256,-1.243448,-0.142942,-0.134233,0.254455,-0.623163,-0.878414,-0.366606,-0.644572,-0.625310,-0.597126
Atha_BIA1_CAB10319.1	Atha_BIA1_CAB10319.1	acceptor_superclass::Steroids	acceptor_superclass::Cyclic polyketides;acceptor_superclass::Triterpenoids;acceptor_superclass::Tryptophan alkaloids	0,0,0,0,0,0,0,0,0,0,0,0,0,0,0,0,0,0,0,1,0,0,0	0,1,0,0,0,0,0,0,0,0,0,0,0,0,0,0,0,0,0,0,1,1,0	-0.784684,0.038622,-0.240523,-0.626744,-0.356043,-0.362650,-0.582215,-0.347030,-0.640843,-0.044593,-0.027342,-0.297414,-0.286897,-0.840566,-0.099209,-0.118696,-0.309263,-0.253032,-0.598124,-0.594916,0.206763,0.047435,-0.136940
Atha_CHAT_AAN09797.1	Atha_CHAT_AAN09797.1	acceptor_superclass::Fatty acyls;acceptor_superclass::Monoterpenoids;acceptor_superclass::Phenylethanoids (C6-C2);acceptor_superclass::Phenylpropanoids (C6-C3)	acceptor_superclass::Fatty acyls	0,0,0,0,1,0,0,0,0,1,0,0,0,0,1,1,0,0,0,0,0,0,0	0,0,0,0,1,0,0,0,0,0,0,0,0,0,0,0,0,0,0,0,0,0,0	-1.007702,-0.700734,-0.408688,-0.220415,0.083286,-0.372588,-0.926079,-0.225896,-0.337056,-0.003000,-0.445531,-0.397162,-1.007702,-0.335040,-0.188761,-0.011687,-0.254076,-0.613907,-0.446620,-0.712299,-0.142021,-0.289205,-0.150873
Atha_COSY_AEE31013.1	Atha_COSY_AEE31013.1		acceptor_superclass::Flavonoids	0,0,0,0,0,0,0,0,0,0,0,0,0,0,0,0,0,0,0,0,0,0,0	0,0,0,0,0,1,0,0,0,0,0,0,0,0,0,0,0,0,0,0,0,0,0	-0.259309,-0.656536,-0.341420,-0.043740,-0.169325,0.126610,-0.331852,-0.366269,-0.659495,-0.015816,-0.449701,-0.215824,-0.186450,-0.641054,-0.105778,-0.068405,-0.273137,-0.873084,-0.430681,-0.149431,-0.476731,-0.438903,-0.235782
Atha_DCF_AAQ62868.1	Atha_DCF_AAQ62868.1	acceptor_superclass::Fatty Acids and Conjugates;acceptor_superclass::Fatty acyls	acceptor_superclass::Fatty Acids and Conjugates;acceptor_superclass::Fatty acyls;acceptor_superclass::Phenolic acids (C6-C1);acceptor_superclass::Tyrosine alkaloids	0,0,0,1,1,0,0,0,0,0,0,0,0,0,0,0,0,0,0,0,0,0,0	0,0,0,1,1,0,0,0,0,0,0,0,0,1,0,0,0,0,0,0,0,0,1	-0.813018,-0.703809,-0.806255,0.330732,0.000590,-0.249205,-0.693910,-0.602039,-1.173200,-0.217058,-0.506030,-0.214382,-0.481370,0.131673,-0.237124,-0.239576,-0.388073,-0.826487,-0.184514,-0.990407,-0.009994,-0.367897,0.078490
Atha_EPS1_NP_201517.1	Atha_EPS1_NP_201517.1		acceptor_superclass::Phenanthrenoids;acceptor_superclass::Phenylethanoids (C6-C2);acceptor_superclass::Steroids	0,0,0,0,0,0,0,0,0,0,0,0,0,0,0,0,0,0,0,0,0,0,0	0,0,0,0,0,0,0,0,0,0,0,0,1,0,1,0,0,0,0,1,0,0,0	-0.106515,-0.139293,-0.585889,-0.717751,-0.438931,-0.117650,-0.341601,-0.232569,-0.102860,-0.127170,-0.512841,-0.349999,0.041701,-0.818365,0.014379,-0.029430,-0.377204,-0.313629,-0.171829,0.228716,-0.192490,-0.497076,-0.186274
Atha_FACT_AAN13119.1	Atha_FACT_AAN13119.1	acceptor_superclass::Fatty acyls	acceptor_superclass::Fatty Acids and Conjugates;acceptor_superclass::Fatty acyls;acceptor_superclass::Phenolic acids (C6-C1);acceptor_superclass::Tyrosine alkaloids	0,0,0,0,1,0,0,0,0,0,0,0,0,0,0,0,0,0,0,0,0,0,0	0,0,0,1,1,0,0,0,0,0,0,0,0,1,0,0,0,0,0,0,0,0,1	-0.749377,-0.621369,-0.747105,0.294885,0.058233,-0.443642,-0.814938,-1.106325,-0.941099,-0.282977,-0.637507,-0.280351,-0.476842,0.075824,-0.117508,-0.024589,-0.404508,-0.910785,-0.119273,-0.584650,-0.362221,-0.335953,0.133073
Atha_GGES_AED96958.1	Atha_GGES_AED96958.1		acceptor_superclass::Phenylpropanoids (C6-C3)	0,0,0,0,0,0,0,0,0,0,0,0,0,0,0,0,0,0,0,0,0,0,0	0,0,0,0,0,0,0,0,0,0,0,0,0,0,0,1,0,0,0,0,0,0,0	-0.757861,-0.465431,-0.379153,-0.558702,-0.278450,-0.474390,-0.846656,-0.471305,-0.103461,-0.029439,-0.636985,-0.215399,-0.684422,-0.444924,-0.020165,0.120397,-0.281795,-0.233062,-0.122479,-0.500894,-0.533223,-0.471417,-0.027760
Atha_HCT_BAB10316.1	Atha_HCT_BAB10316.1	acceptor_superclass::Flavonoids;acceptor_superclass::Phenolic acids (C6-C1);acceptor_superclass::Phenylpropanoids (C6-C3);acceptor_superclass::Small peptides	acceptor_superclass::Fatty Acids and Conjugates;acceptor_superclass::Lignans;acceptor_superclass::Phenolic acids (C6-C1);acceptor_superclass::Small peptides;acceptor_superclass::Tyrosine alkaloids	0,0,0,0,0,1,0,0,0,0,0,0,0,1,0,1,0,0,1,0,0,0,0	0,0,0,1,0,0,0,1,0,0,0,0,0,1,0,0,0,0,1,0,0,0,1	-0.804814,-0.947159,-1.077998,0.196276,-0.251743,-0.400473,-0.902770,0.030726,-0.802034,-0.333123,-1.045601,-0.315877,-0.804814,0.798340,-0.353194,-0.134123,-0.503168,-1.038298,0.506855,-0.762274,-0.202212,-0.815251,0.231196
Atha_HHT1_AAL34170.1	Atha_HHT1_AAL34170.1	acceptor_superclass::Fatty Acids and Conjugates;acceptor_superclass::Fatty acyls	acceptor_superclass::Fatty Acids and Conjugates;acceptor_superclass::Fatty acyls;acceptor_superclass::Monoterpenoids;acceptor_superclass::Phenolic acids (C6-C1);acceptor_superclass::Phenylpropanoids (C6-C3)	0,0,0,1,1,0,0,0,0,0,0,0,0,0,0,0,0,0,0,0,0,0,0	0,0,0,1,1,0,0,0,0,1,0,0,0,1,0,1,0,0,0,0,0,0,0	-1.021254,-1.108454,-0.465574,0.329802,0.345713,-0.593055,-0.994219,-0.544781,-0.772471,0.036079,-0.825390,-0.487492,-0.721478,0.060542,-0.158321,0.013155,-0.466930,-0.907466,-0.304323,-1.026796,-0.135052,-0.330584,-0.075550
Atha_FACT_AAN13119.1	Atha_HHT3_NP_201161.1	acceptor_superclass::Fatty acyls	acceptor_superclass::Fatty Acids and Conjugates;acceptor_superclass::Fatty acyls;acceptor_superclass::Phenolic acids (C6-C1);acceptor_superclass::Phenylpropanoids (C6-C3);acceptor_superclass::Tyrosine alkaloids	0,0,0,0,1,0,0,0,0,0,0,0,0,0,0,0,0,0,0,0,0,0,0	0,0,0,1,1,0,0,0,0,0,0,0,0,1,0,1,0,0,0,0,0,0,1	-0.756178,-0.862264,-0.774582,0.202292,0.087917,-0.288186,-0.833469,-0.322536,-1.125956,-0.152844,-0.611681,-0.264735,-0.475061,0.081537,-0.080775,0.015949,-0.422841,-1.029321,-0.136897,-0.630548,-0.090037,-0.425820,0.129283
Atha_HHT1_AAL34170.1	Atha_HHT_AAL34170.1	acceptor_superclass::Fatty Acids and Conjugates	acceptor_superclass::Fatty Acids and Conjugates;acceptor_superclass::Fatty acyls;acceptor_superclass::Monoterpenoids;acceptor_superclass::Phenolic acids (C6-C1);acceptor_superclass::Phenylpropanoids (C6-C3)	0,0,0,1,0,0,0,0,0,0,0,0,0,0,0,0,0,0,0,0,0,0,0	0,0,0,1,1,0,0,0,0,1,0,0,0,1,0,1,0,0,0,0,0,0,0	-1.021254,-1.108454,-0.465574,0.329802,0.345713,-0.593055,-0.994219,-0.544781,-0.772471,0.036079,-0.825390,-0.487492,-0.721478,0.060542,-0.158321,0.013155,-0.466930,-0.907466,-0.304323,-1.026796,-0.135052,-0.330584,-0.075550
Atha_PHT_OAO95042.1	Atha_PHT_OAO95042.1	acceptor_superclass::Ornithine alkaloids;acceptor_superclass::Pseudoalkaloids	acceptor_superclass::Fatty acyls;acceptor_superclass::Flavonoids;acceptor_superclass::Monoterpenoids;acceptor_superclass::Ornithine alkaloids;acceptor_superclass::Phenylpropanoids (C6-C3);acceptor_superclass::Pseudoalkaloids	0,0,0,0,0,0,0,0,0,0,0,1,0,0,0,0,1,0,0,0,0,0,0	0,0,0,0,1,1,0,0,0,1,0,1,0,0,0,1,1,0,0,0,0,0,0	-0.760900,-0.177052,-0.000064,-0.572951,0.164855,0.175587,-0.496868,-0.354505,-0.000371,0.098327,-0.496245,0.168133,-0.626578,-1.212522,-0.285776,0.132907,0.340238,-0.632487,-0.919404,-0.649472,-0.481166,-0.619626,-0.841159
Atha_PMAT1_AED94391.1	Atha_PMAT1_AED94391.1	acceptor_superclass::Flavonoids;acceptor_superclass::Isoflavonoids;acceptor_superclass::Steroids	acceptor_superclass::Flavonoids;acceptor_superclass::Isoflavonoids;acceptor_superclass::Ornithine alkaloids;acceptor_superclass::Pseudoalkaloids;acceptor_superclass::Steroids	0,0,0,0,0,1,1,0,0,0,0,0,0,0,0,0,0,0,0,1,0,0,0	0,0,0,0,0,1,1,0,0,0,0,1,0,0,0,0,1,0,0,1,0,0,0	-0.065019,-0.117855,-1.076710,-0.163003,-0.679397,0.621319,0.610644,-0.549725,-1.280097,-0.676884,-0.744206,0.218268,-0.274862,-0.253357,-0.575625,-0.717332,0.095336,-1.032870,-0.167808,0.112757,-0.146807,-0.786780,-0.133291
Atha_PMAT2_BAB02518.1	Atha_PMAT2_BAB02518.1	acceptor_superclass::Coumarins;acceptor_superclass::Flavonoids;acceptor_superclass::Naphthalenes;acceptor_superclass::Phenanthrenoids;acceptor_superclass::Steroids	acceptor_superclass::Cyclic polyketides;acceptor_superclass::Flavonoids;acceptor_superclass::Isoflavonoids;acceptor_superclass::Ornithine alkaloids;acceptor_superclass::Steroids	1,0,0,0,0,1,0,0,0,0,1,0,1,0,0,0,0,0,0,1,0,0,0	0,1,0,0,0,1,1,0,0,0,0,1,0,0,0,0,0,0,0,1,0,0,0	-0.033356,0.010660,-1.023852,-0.203593,-0.618013,0.530192,0.509781,-0.678325,-1.361604,-0.632247,-0.568485,0.011149,-0.037179,-0.435173,-0.384647,-0.594358,-0.137428,-0.984466,-0.233215,0.155481,-0.106045,-0.742517,-0.081280
Atha_SCT_AAP81804.1	Atha_SCT_AAP81804.1	acceptor_superclass::Ornithine alkaloids	acceptor_superclass::Diterpenoids;acceptor_superclass::Flavonoids;acceptor_superclass::Monoterpenoids;acceptor_superclass::Pseudoalkaloids	0,0,0,0,0,0,0,0,0,0,0,1,0,0,0,0,0,0,0,0,0,0,0	0,0,1,0,0,1,0,0,0,1,0,0,0,0,0,0,1,0,0,0,0,0,0	-0.351185,-0.436152,0.266813,-0.843673,-0.040258,0.124766,-0.330076,-0.615897,-0.155035,0.118781,-0.245022,-0.007765,-0.293601,-1.315688,-0.096384,-0.138149,0.165015,-0.523557,-1.036848,-0.392128,-0.560261,-0.690036,-0.910612
Atha_SDT_AAC23766.1	Atha_SDT_AAC23766.1	acceptor_superclass::Ornithine alkaloids;acceptor_superclass::Pseudoalkaloids	acceptor_superclass::Diterpenoids;acceptor_superclass::Fatty acyls;acceptor_superclass::Flavonoids;acceptor_superclass::Lysine alkaloids;acceptor_superclass::Monoterpenoids;acceptor_superclass::Ornithine alkaloids;acceptor_superclass::Phenylpropanoids (C6-C3);acceptor_superclass::Pseudoalkaloids	0,0,0,0,0,0,0,0,0,0,0,1,0,0,0,0,1,0,0,0,0,0,0	0,0,1,0,1,1,0,0,1,1,0,1,0,0,0,1,1,0,0,0,0,0,0	-0.366319,-0.045354,0.247818,-1.056507,0.273563,0.350393,-0.436484,-0.349146,0.092260,0.201164,-0.356849,0.170786,-0.366319,-1.532889,-0.029008,0.059555,0.217550,-0.344198,-1.113088,-0.383519,-1.048970,-0.734265,-1.031753
Atha_SHT_AAD12025.1	Atha_SHT_AAD12025.1	acceptor_superclass::Ornithine alkaloids	acceptor_superclass::Fatty Acids and Conjugates;acceptor_superclass::Ornithine alkaloids;acceptor_superclass::Phenolic acids (C6-C1);acceptor_superclass::Phenylethanoids (C6-C2);acceptor_superclass::Small peptides;acceptor_superclass::Tyrosine alkaloids	0,0,0,0,0,0,0,0,0,0,0,1,0,0,0,0,0,0,0,0,0,0,0	0,0,0,1,0,0,0,0,0,0,0,1,0,1,1,0,0,0,1,0,0,0,1	-0.412746,-0.796608,-1.038043,0.249001,-0.265870,-0.090482,-0.522385,-0.311761,-1.116499,-0.241705,-0.889390,0.015592,-0.270484,0.256663,0.049586,-0.149957,-0.192747,-0.774170,0.156553,-0.465346,-0.417342,-0.925337,0.013111
Atha_PHT_OAO95042.1	Atha_SHT_OAO95042.1	acceptor_superclass::Ornithine alkaloids	acceptor_superclass::Fatty acyls;acceptor_superclass::Flavonoids;acceptor_superclass::Monoterpenoids;acceptor_superclass::Ornithine alkaloids;acceptor_superclass::Phenylpropanoids (C6-C3);acceptor_superclass::Pseudoalkaloids	0,0,0,0,0,0,0,0,0,0,0,1,0,0,0,0,0,0,0,0,0,0,0	0,0,0,0,1,1,0,0,0,1,0,1,0,0,0,1,1,0,0,0,0,0,0	-0.760900,-0.177052,-0.000064,-0.572951,0.164855,0.175587,-0.496868,-0.354505,-0.000371,0.098327,-0.496245,0.168133,-0.626578,-1.212522,-0.285776,0.132907,0.340238,-0.632487,-0.919404,-0.649472,-0.481166,-0.619626,-0.841159
Atha_THAA1_BAB11062.1	Atha_THAA1_BAB11062.1	acceptor_superclass::Triterpenoids	acceptor_superclass::Naphthalenes;acceptor_superclass::Tryptophan alkaloids	0,0,0,0,0,0,0,0,0,0,0,0,0,0,0,0,0,0,0,0,1,0,0	0,0,0,0,0,0,0,0,0,0,1,0,0,0,0,0,0,0,0,0,0,1,0	-0.717267,-0.317305,-0.212768,-0.696396,-0.358564,-0.417152,-0.690127,-0.872593,-0.442766,-0.202386,0.058284,-0.246490,-0.287592,-0.892343,-0.028960,-0.143145,-0.353070,-0.077335,-0.655930,-0.134721,-0.016350,0.030206,-0.104417
Atha_THAA2_AAO63428.1	Atha_THAA2_AAO63428.1	acceptor_superclass::Triterpenoids	acceptor_superclass::Naphthalenes;acceptor_superclass::Triterpenoids;acceptor_superclass::Tryptophan alkaloids	0,0,0,0,0,0,0,0,0,0,0,0,0,0,0,0,0,0,0,0,1,0,0	0,0,0,0,0,0,0,0,0,0,1,0,0,0,0,0,0,0,0,0,1,1,0	-0.879260,-0.804399,-0.160083,-0.352683,-0.267983,-0.547809,-0.876539,-0.726823,-0.776662,-0.168837,0.032862,-0.567152,-0.381462,-0.596547,-0.081718,-0.056853,-0.650463,-0.241508,-0.587032,-0.391561,0.208164,0.249754,-0.050497
Bdis_PMT_CDG41682.1	Bdis_PMT_CDG41682.1	acceptor_superclass::Phenylpropanoids (C6-C3)	acceptor_superclass::Diterpenoids;acceptor_superclass::Fatty acyls;acceptor_superclass::Monoterpenoids;acceptor_superclass::Phenylethanoids (C6-C2);acceptor_superclass::Phenylpropanoids (C6-C3)	0,0,0,0,0,0,0,0,0,0,0,0,0,0,0,1,0,0,0,0,0,0,0	0,0,1,0,1,0,0,0,0,1,0,0,0,0,1,1,0,0,0,0,0,0,0	-0.621622,-0.217717,0.003036,-0.500800,0.189040,-0.154327,-0.706098,-0.780226,-0.311204,0.263959,-0.660399,-0.021294,-0.071416,-1.116243,0.310252,0.171765,-0.116217,-0.288931,-0.862226,-0.555109,-0.583943,-0.655751,-0.690273
Bmul_HQT1_BCY27076.1	Bmul_HQT1_BCY27076.1	acceptor_superclass::Phenolic acids (C6-C1);acceptor_superclass::Phenylpropanoids (C6-C3)	acceptor_superclass::Phenolic acids (C6-C1);acceptor_superclass::Phenylethanoids (C6-C2);acceptor_superclass::Phenylpropanoids (C6-C3);acceptor_superclass::Small peptides;acceptor_superclass::Tyrosine alkaloids	0,0,0,0,0,0,0,0,0,0,0,0,0,1,0,1,0,0,0,0,0,0,0	0,0,0,0,0,0,0,0,0,0,0,0,0,1,1,1,0,0,1,0,0,0,1	-0.662680,-0.533399,-0.678350,-0.170119,-0.113298,-0.533936,-0.895165,-0.724515,-0.757538,-0.100571,-0.922850,-0.451555,-0.410536,0.121071,0.013004,0.088519,-0.782368,-0.547697,0.298688,-0.293856,-0.542356,-0.339098,0.211152
Bmul_HQT1_BDR61289.1	Bmul_HQT1_BDR61289.1	acceptor_superclass::Phenolic acids (C6-C1)	acceptor_superclass::Fatty Acids and Conjugates;acceptor_superclass::Lignans;acceptor_superclass::Phenolic acids (C6-C1);acceptor_superclass::Small peptides;acceptor_superclass::Tyrosine alkaloids	0,0,0,0,0,0,0,0,0,0,0,0,0,1,0,0,0,0,0,0,0,0,0	0,0,0,1,0,0,0,1,0,0,0,0,0,1,0,0,0,0,1,0,0,0,1	-0.758432,-0.895436,-1.317136,0.235950,-0.307335,-0.208633,-0.822937,0.073411,-1.148876,-0.272706,-1.113806,-0.092853,-0.799911,0.848743,-0.148430,-0.006928,-0.384160,-1.168461,0.586933,-0.696292,-0.223527,-0.744047,0.403065
Bser_AT1_QXN66176.1	Bser_AT1_QXN66176.1	acceptor_superclass::Triterpenoids	acceptor_superclass::Monoterpenoids;acceptor_superclass::Triterpenoids;acceptor_superclass::Tryptophan alkaloids	0,0,0,0,0,0,0,0,0,0,0,0,0,0,0,0,0,0,0,0,1,0,0	0,0,0,0,0,0,0,0,0,1,0,0,0,0,0,0,0,0,0,0,1,1,0	-0.947009,-0.367349,-0.154810,-0.330633,-0.093693,-0.740986,-1.010802,-0.458368,-0.675925,0.091786,-0.235742,-0.560051,-0.133208,-0.391568,-0.100437,-0.080756,-0.669091,-0.097838,-0.417615,-0.799900,0.307071,0.209279,-0.098644
Cang_AT20_QLI57449.1	Cang_AT20_QLI57449.1	acceptor_superclass::Monoterpenoids	acceptor_superclass::Fatty acyls;acceptor_superclass::Lignans;acceptor_superclass::Monoterpenoids;acceptor_superclass::Phenylethanoids (C6-C2);acceptor_superclass::Phenylpropanoids (C6-C3)	0,0,0,0,0,0,0,0,0,1,0,0,0,0,0,0,0,0,0,0,0,0,0	0,0,0,0,1,0,0,1,0,1,0,0,0,0,1,1,0,0,0,0,0,0,0	-0.723649,-1.138344,-0.277404,-0.040711,0.031028,-0.438931,-1.028227,0.118624,-0.102060,0.136412,-0.603887,-0.685441,-0.546759,-0.224788,0.093634,0.185803,-0.663664,-0.506251,-0.242383,-0.841008,-0.437220,-0.552445,-0.291144
Cann_AT3_NP_001311698.1	Cann_AT3_NP_001311698.1	acceptor_superclass::Tyrosine alkaloids	acceptor_superclass::Naphthalenes;acceptor_superclass::Triterpenoids;acceptor_superclass::Tryptophan alkaloids	0,0,0,0,0,0,0,0,0,0,0,0,0,0,0,0,0,0,0,0,0,0,1	0,0,0,0,0,0,0,0,0,0,1,0,0,0,0,0,0,0,0,0,1,1,0	-0.873485,-0.442260,-0.407384,-0.515355,-0.265506,-0.850489,-0.829152,-0.357371,-0.487825,-0.048011,0.294302,-0.826307,-0.418488,-0.738245,-0.001770,-0.097750,-0.705922,-0.357553,-0.768178,-0.504661,0.262918,0.187884,-0.037982
Cblu_HCT_CBI83579.1	Cblu_HCT_CBI83579.1	acceptor_superclass::Phenolic acids (C6-C1);acceptor_superclass::Tyrosine alkaloids	acceptor_superclass::Fatty Acids and Conjugates;acceptor_superclass::Lignans;acceptor_superclass::Phenolic acids (C6-C1);acceptor_superclass::Small peptides;acceptor_superclass::Tyrosine alkaloids	0,0,0,0,0,0,0,0,0,0,0,0,0,1,0,0,0,0,0,0,0,0,1	0,0,0,1,0,0,0,1,0,0,0,0,0,1,0,0,0,0,1,0,0,0,1	-0.730177,-1.067217,-1.046835,0.329173,-0.260493,-0.412259,-0.822032,0.040468,-0.894823,-0.377711,-1.080131,-0.306244,-0.730177,0.823153,-0.387357,-0.139823,-0.518871,-1.087824,0.571541,-0.700782,-0.268508,-0.879626,0.254085
Cblu_HCT_CBI83579.1	Cblu_HST_CBI83579.1	acceptor_superclass::Phenolic acids (C6-C1);acceptor_superclass::Small peptides	acceptor_superclass::Fatty Acids and Conjugates;acceptor_superclass::Lignans;acceptor_superclass::Phenolic acids (C6-C1);acceptor_superclass::Phenylpropanoids (C6-C3);acceptor_superclass::Small peptides;acceptor_superclass::Tyrosine alkaloids	0,0,0,0,0,0,0,0,0,0,0,0,0,1,0,0,0,0,1,0,0,0,0	0,0,0,1,0,0,0,1,0,0,0,0,0,1,0,1,0,0,1,0,0,0,1	-0.731808,-1.130777,-1.025075,0.386892,-0.202753,-0.283312,-0.930948,0.228497,-1.103528,-0.172181,-1.069481,-0.273788,-0.765655,0.780298,-0.298738,0.051843,-0.504058,-1.263861,0.569007,-0.706197,-0.331343,-0.686853,0.395679
Cblu_RAS_CAK55166.1	Cblu_RAS_CAK55166.1	acceptor_superclass::Small peptides;acceptor_superclass::Tyrosine alkaloids	acceptor_superclass::Fatty Acids and Conjugates;acceptor_superclass::Lignans;acceptor_superclass::Phenolic acids (C6-C1);acceptor_superclass::Small peptides;acceptor_superclass::Tyrosine alkaloids	0,0,0,0,0,0,0,0,0,0,0,0,0,0,0,0,0,0,1,0,0,0,1	0,0,0,1,0,0,0,1,0,0,0,0,0,1,0,0,0,0,1,0,0,0,1	-0.570708,-0.800109,-1.109459,0.180221,-0.193620,-0.186184,-0.715513,0.030797,-0.813630,-0.225745,-0.871096,-0.369689,-0.625671,0.326528,-0.060544,-0.084937,-0.437270,-0.838114,0.229558,-0.472212,-0.246352,-0.702406,0.233150
Cbra_HQT-like_GBG71902.1	Cbra_HQT-like_GBG71902.1	acceptor_superclass::Phenolic acids (C6-C1)	acceptor_superclass::Diterpenoids;acceptor_superclass::Fatty Acids and Conjugates;acceptor_superclass::Ornithine alkaloids;acceptor_superclass::Pseudoalkaloids;acceptor_superclass::Triterpenoids;acceptor_superclass::Tryptophan alkaloids;acceptor_superclass::Tyrosine alkaloids	0,0,0,0,0,0,0,0,0,0,0,0,0,1,0,0,0,0,0,0,0,0,0	0,0,1,1,0,0,0,0,0,0,0,1,0,0,0,0,1,0,0,0,1,1,1	-1.143479,-1.207959,0.173389,0.786617,-0.974538,-0.112707,-0.074070,-1.533063,-1.704930,-0.458685,-0.705030,0.799269,-1.143479,-0.376436,-0.159878,-0.249932,0.674289,-0.035937,-0.983851,-0.995978,0.281641,0.410314,0.135960
Cbre_BEAT_AAC18062.1	Cbre_BEAT_AAC18062.1	acceptor_superclass::Phenanthrenoids;acceptor_superclass::Phenylethanoids (C6-C2);acceptor_superclass::Phenylpropanoids (C6-C3)	acceptor_superclass::Fatty acyls;acceptor_superclass::Monoterpenoids;acceptor_superclass::Phenylethanoids (C6-C2);acceptor_superclass::Phenylpropanoids (C6-C3);acceptor_superclass::Triterpenoids;acceptor_superclass::Tryptophan alkaloids	0,0,0,0,0,0,0,0,0,0,0,0,1,0,1,1,0,0,0,0,0,0,0	0,0,0,0,1,0,0,0,0,1,0,0,0,0,1,1,0,0,0,0,1,1,0	-0.825563,-0.317844,-0.118042,-0.293250,0.064689,-0.470771,-0.893210,-0.822651,-0.855584,0.175460,-0.329684,-0.193425,-0.825563,-0.894795,0.044324,0.000314,-0.343608,-0.087072,-0.803240,-0.455354,0.148714,0.020738,-0.261583
Cbre_BEBT_AAN09796.1	Cbre_BEBT_AAN09796.1	acceptor_superclass::Phenylpropanoids (C6-C3)	acceptor_superclass::Fatty acyls;acceptor_superclass::Monoterpenoids;acceptor_superclass::Phenylpropanoids (C6-C3)	0,0,0,0,0,0,0,0,0,0,0,0,0,0,0,1,0,0,0,0,0,0,0	0,0,0,0,1,0,0,0,0,1,0,0,0,0,0,1,0,0,0,0,0,0,0	-1.067186,-1.309375,-0.120896,-0.005097,0.226347,-0.629199,-1.058857,-0.512169,-0.195719,0.049133,-0.490330,-0.700552,-0.771367,-0.274657,-0.109399,0.177091,-0.553670,-0.540686,-0.362911,-0.958544,-0.298125,-0.188022,-0.270688
Ccan_HCT_ABO47805.1	Ccan_HCT_ABO47805.1	acceptor_superclass::Phenolic acids (C6-C1);acceptor_superclass::Phenylpropanoids (C6-C3)	acceptor_superclass::Fatty Acids and Conjugates;acceptor_superclass::Phenolic acids (C6-C1);acceptor_superclass::Small peptides;acceptor_superclass::Tyrosine alkaloids	0,0,0,0,0,0,0,0,0,0,0,0,0,1,0,1,0,0,0,0,0,0,0	0,0,0,1,0,0,0,0,0,0,0,0,0,1,0,0,0,0,1,0,0,0,1	-0.921498,-0.919835,-1.039766,0.343809,-0.198034,-0.358141,-0.923595,-0.036517,-0.929394,-0.265988,-1.072912,-0.232767,-0.892771,0.821304,-0.274604,-0.173127,-0.516708,-1.042828,0.557702,-0.773166,-0.237229,-0.608557,0.361430
Ccan_HQT_ABO77957.1	Ccan_HQT_ABO77957.1	acceptor_superclass::Phenolic acids (C6-C1);acceptor_superclass::Phenylpropanoids (C6-C3)	acceptor_superclass::Fatty Acids and Conjugates;acceptor_superclass::Phenolic acids (C6-C1);acceptor_superclass::Small peptides;acceptor_superclass::Tyrosine alkaloids	0,0,0,0,0,0,0,0,0,0,0,0,0,1,0,1,0,0,0,0,0,0,0	0,0,0,1,0,0,0,0,0,0,0,0,0,1,0,0,0,0,1,0,0,0,1	-0.630870,-0.730018,-1.218514,0.040450,-0.508744,-0.128533,-0.545511,-0.142946,-0.917962,-0.491362,-0.819810,-0.071825,-0.782306,0.622156,-0.190802,-0.318574,-0.313314,-1.035321,0.437408,-0.661340,-0.225192,-0.746023,0.303449
Ccar_HCT_AAZ80046.1	Ccar_HCT_AAZ80046.1	acceptor_superclass::Phenolic acids (C6-C1)	acceptor_superclass::Fatty Acids and Conjugates;acceptor_superclass::Phenolic acids (C6-C1);acceptor_superclass::Small peptides;acceptor_superclass::Triterpenoids;acceptor_superclass::Tyrosine alkaloids	0,0,0,0,0,0,0,0,0,0,0,0,0,1,0,0,0,0,0,0,0,0,0	0,0,0,1,0,0,0,0,0,0,0,0,0,1,0,0,0,0,1,0,1,0,1	-0.781110,-0.977407,-1.310706,0.255799,-0.274484,-0.269443,-0.761636,-0.117810,-0.965517,-0.363713,-0.914189,-0.295455,-0.906663,0.864571,-0.156406,-0.163664,-0.478116,-0.948867,0.523935,-0.760151,0.033713,-0.646008,0.468882
Ccar_HQT1_CAM84302.2	Ccar_HQT1_CAM84302.2	acceptor_superclass::Phenolic acids (C6-C1)	acceptor_superclass::Phenolic acids (C6-C1);acceptor_superclass::Phenylpropanoids (C6-C3);acceptor_superclass::Small peptides	0,0,0,0,0,0,0,0,0,0,0,0,0,1,0,0,0,0,0,0,0,0,0	0,0,0,0,0,0,0,0,0,0,0,0,0,1,0,1,0,0,1,0,0,0,0	-0.890135,-0.782992,-0.834866,-0.044629,-0.206648,-0.439808,-0.769600,-0.687307,-0.577494,-0.385221,-0.755967,-0.116206,-1.022216,0.435611,-0.217260,0.009922,-0.223021,-0.944889,0.147616,-0.871887,-0.527948,-0.521817,-0.009217
Ccar_HQT2_ACJ23164.1	Ccar_HQT2_ACJ23164.1	acceptor_superclass::Phenolic acids (C6-C1)	acceptor_superclass::Fatty Acids and Conjugates;acceptor_superclass::Phenolic acids (C6-C1);acceptor_superclass::Small peptides;acceptor_superclass::Tyrosine alkaloids	0,0,0,0,0,0,0,0,0,0,0,0,0,1,0,0,0,0,0,0,0,0,0	0,0,0,1,0,0,0,0,0,0,0,0,0,1,0,0,0,0,1,0,0,0,1	-0.680398,-1.051220,-0.941319,0.213300,-0.373352,-0.252104,-0.510207,-0.093988,-1.007696,-0.552989,-0.871616,-0.207587,-0.680398,0.744791,-0.425006,-0.250170,-0.338565,-1.172662,0.379234,-0.663717,-0.304565,-0.844210,0.176568
Ccar_HQT_ABK79689.1	Ccar_HQT_ABK79689.1	acceptor_superclass::Phenolic acids (C6-C1)	acceptor_superclass::Fatty Acids and Conjugates;acceptor_superclass::Lignans;acceptor_superclass::Phenolic acids (C6-C1);acceptor_superclass::Small peptides;acceptor_superclass::Triterpenoids;acceptor_superclass::Tyrosine alkaloids	0,0,0,0,0,0,0,0,0,0,0,0,0,1,0,0,0,0,0,0,0,0,0	0,0,0,1,0,0,0,1,0,0,0,0,0,1,0,0,0,0,1,0,1,0,1	-0.789633,-1.154948,-1.269894,0.296106,-0.261757,-0.403928,-0.759696,0.018308,-0.995845,-0.271747,-0.891578,-0.483207,-0.897535,0.878154,-0.089697,-0.161628,-0.633349,-1.038122,0.499134,-0.778605,0.107385,-0.747486,0.402928
Ccar_HQT_ABK79690.1	Ccar_HQT_ABK79690.1	acceptor_superclass::Phenolic acids (C6-C1)	acceptor_superclass::Fatty Acids and Conjugates;acceptor_superclass::Phenolic acids (C6-C1);acceptor_superclass::Phenylpropanoids (C6-C3);acceptor_superclass::Small peptides;acceptor_superclass::Tyrosine alkaloids	0,0,0,0,0,0,0,0,0,0,0,0,0,1,0,0,0,0,0,0,0,0,0	0,0,0,1,0,0,0,0,0,0,0,0,0,1,0,1,0,0,1,0,0,0,1	-0.671134,-0.972813,-1.151316,0.229497,-0.273956,-0.459611,-0.742962,-0.890980,-0.805050,-0.480649,-0.942111,-0.340261,-0.855997,0.845603,-0.185482,0.007532,-0.544080,-1.021021,0.572303,-0.636710,-0.700856,-0.726396,0.132588
Cchi_AT3_AAV66309.1	Cchi_AT3_AAV66309.1	acceptor_superclass::Tyrosine alkaloids	acceptor_superclass::Naphthalenes;acceptor_superclass::Saccharides;acceptor_superclass::Triterpenoids;acceptor_superclass::Tryptophan alkaloids	0,0,0,0,0,0,0,0,0,0,0,0,0,0,0,0,0,0,0,0,0,0,1	0,0,0,0,0,0,0,0,0,0,1,0,0,0,0,0,0,1,0,0,1,1,0	-0.944451,-0.842721,-0.134712,-0.424151,-0.378030,-0.710970,-0.973326,-0.828179,-0.456347,-0.292567,0.199999,-0.718686,-0.457960,-0.659807,-0.029130,-0.057772,-0.709126,0.204304,-0.695881,-0.589416,0.173546,0.265916,-0.095900
Ccro_AT1_AXB26761.1	Ccro_AT1_AXB26761.1	acceptor_superclass::Flavonoids	acceptor_superclass::Diterpenoids;acceptor_superclass::Fatty acyls;acceptor_superclass::Lysine alkaloids;acceptor_superclass::Monoterpenoids;acceptor_superclass::Ornithine alkaloids;acceptor_superclass::Phenylethanoids (C6-C2);acceptor_superclass::Phenylpropanoids (C6-C3);acceptor_superclass::Pseudoalkaloids	0,0,0,0,0,1,0,0,0,0,0,0,0,0,0,0,0,0,0,0,0,0,0	0,0,1,0,1,0,0,0,1,1,0,1,0,0,1,1,1,0,0,0,0,0,0	-1.222471,-0.467987,0.280103,-0.790976,0.282394,-0.098653,-1.195234,-0.490903,0.561594,0.513133,-1.015538,0.178858,-1.140048,-1.252289,0.219643,0.296944,0.290822,-0.212023,-0.783747,-1.170423,-1.153756,-0.572923,-0.852663
Ccro_AT1_AXB26761.1	Ccro_AT2_AXB26761.1	acceptor_superclass::Flavonoids	acceptor_superclass::Diterpenoids;acceptor_superclass::Fatty acyls;acceptor_superclass::Lysine alkaloids;acceptor_superclass::Monoterpenoids;acceptor_superclass::Ornithine alkaloids;acceptor_superclass::Phenylethanoids (C6-C2);acceptor_superclass::Phenylpropanoids (C6-C3);acceptor_superclass::Pseudoalkaloids	0,0,0,0,0,1,0,0,0,0,0,0,0,0,0,0,0,0,0,0,0,0,0	0,0,1,0,1,0,0,0,1,1,0,1,0,0,1,1,1,0,0,0,0,0,0	-1.216094,-0.674487,0.374322,-0.611528,0.296811,-0.070383,-1.198652,-0.071011,0.605386,0.511047,-0.898175,0.074601,-1.083771,-1.226623,0.135292,0.546073,0.233964,-0.598066,-0.822441,-1.229194,-0.865030,-0.685199,-0.906707
Ccro_AT2_AXB26762.1	Ccro_AT2_AXB26762.1	acceptor_superclass::Flavonoids	acceptor_superclass::Diterpenoids;acceptor_superclass::Fatty acyls;acceptor_superclass::Flavonoids;acceptor_superclass::Lysine alkaloids;acceptor_superclass::Monoterpenoids;acceptor_superclass::Ornithine alkaloids;acceptor_superclass::Phenylethanoids (C6-C2);acceptor_superclass::Phenylpropanoids (C6-C3);acceptor_superclass::Pseudoalkaloids	0,0,0,0,0,1,0,0,0,0,0,0,0,0,0,0,0,0,0,0,0,0,0	0,0,1,0,1,1,0,0,1,1,0,1,0,0,1,1,1,0,0,0,0,0,0	-1.002291,-0.461679,0.308252,-0.732550,0.385219,0.129373,-1.182679,-0.141905,0.472908,0.454201,-1.073800,0.022390,-1.002291,-1.150531,0.218200,0.430813,0.117342,-0.285794,-0.882501,-1.164188,-1.169945,-0.758246,-1.114236
Ccro_HCT_WKA69991.1	Ccro_HCT_WKA69991.1	acceptor_superclass::Phenolic acids (C6-C1)	acceptor_superclass::Fatty Acids and Conjugates;acceptor_superclass::Phenolic acids (C6-C1);acceptor_superclass::Small peptides;acceptor_superclass::Tyrosine alkaloids	0,0,0,0,0,0,0,0,0,0,0,0,0,1,0,0,0,0,0,0,0,0,0	0,0,0,1,0,0,0,0,0,0,0,0,0,1,0,0,0,0,1,0,0,0,1	-0.525081,-0.703122,-1.266497,0.214416,-0.456616,-0.234170,-0.477281,-1.086147,-1.072490,-0.588243,-0.859709,-0.059473,-0.615447,0.691962,-0.222583,-0.135851,-0.289119,-1.023383,0.474588,-0.382566,-0.434890,-0.447516,0.253557
Cint_HCT1_ANN12608.1	Cint_HCT1_ANN12608.1	acceptor_superclass::Phenolic acids (C6-C1)	acceptor_superclass::Fatty Acids and Conjugates;acceptor_superclass::Phenolic acids (C6-C1);acceptor_superclass::Small peptides;acceptor_superclass::Tyrosine alkaloids	0,0,0,0,0,0,0,0,0,0,0,0,0,1,0,0,0,0,0,0,0,0,0	0,0,0,1,0,0,0,0,0,0,0,0,0,1,0,0,0,0,1,0,0,0,1	-0.904503,-0.932887,-0.986973,0.249610,-0.163276,-0.224271,-0.859765,-0.031714,-0.716593,-0.306558,-0.982712,-0.230080,-1.049912,0.722909,-0.440653,-0.195255,-0.405919,-1.117783,0.417908,-0.806180,-0.259603,-0.629218,0.289574
Cint_HCT2_ANN12609.1	Cint_HCT2_ANN12609.1	acceptor_superclass::Phenolic acids (C6-C1)	acceptor_superclass::Fatty Acids and Conjugates;acceptor_superclass::Phenolic acids (C6-C1);acceptor_superclass::Phenylpropanoids (C6-C3);acceptor_superclass::Small peptides;acceptor_superclass::Tyrosine alkaloids	0,0,0,0,0,0,0,0,0,0,0,0,0,1,0,0,0,0,0,0,0,0,0	0,0,0,1,0,0,0,0,0,0,0,0,0,1,0,1,0,0,1,0,0,0,1	-0.798685,-0.868947,-1.050600,0.177038,-0.152671,-0.417291,-0.869779,-0.882207,-0.662892,-0.475806,-0.949029,-0.209287,-0.932872,0.673365,-0.221164,0.005342,-0.417452,-0.992587,0.428717,-0.753905,-0.837604,-0.645039,0.144829
Cint_HQT1_ANN12610.1	Cint_HQT1_ANN12610.1	acceptor_superclass::Phenolic acids (C6-C1)	acceptor_superclass::Fatty Acids and Conjugates;acceptor_superclass::Phenolic acids (C6-C1);acceptor_superclass::Small peptides;acceptor_superclass::Tyrosine alkaloids	0,0,0,0,0,0,0,0,0,0,0,0,0,1,0,0,0,0,0,0,0,0,0	0,0,0,1,0,0,0,0,0,0,0,0,0,1,0,0,0,0,1,0,0,0,1	-0.450471,-0.922792,-1.199148,0.142503,-0.181468,-0.190243,-0.585166,-0.075582,-0.994373,-0.309781,-0.880598,-0.482187,-0.542879,0.644289,-0.116086,-0.164401,-0.654031,-1.128202,0.423138,-0.526287,-0.149717,-0.895760,0.308191
Cint_HQT2_ANN12611.1	Cint_HQT2_ANN12611.1	acceptor_superclass::Phenolic acids (C6-C1)	acceptor_superclass::Phenolic acids (C6-C1);acceptor_superclass::Small peptides;acceptor_superclass::Tyrosine alkaloids	0,0,0,0,0,0,0,0,0,0,0,0,0,1,0,0,0,0,0,0,0,0,0	0,0,0,0,0,0,0,0,0,0,0,0,0,1,0,0,0,0,1,0,0,0,1	-0.657825,-0.820024,-0.948105,-0.013911,-0.284236,-0.224226,-0.551433,-0.256708,-0.910483,-0.470709,-0.806625,-0.161481,-0.657825,0.580168,-0.266201,-0.160409,-0.292324,-1.098520,0.276187,-0.703723,-0.402380,-0.931968,0.118962
Cint_HQT3_ANN12612.1	Cint_HQT3_ANN12612.1	acceptor_superclass::Phenolic acids (C6-C1)	acceptor_superclass::Phenolic acids (C6-C1);acceptor_superclass::Small peptides;acceptor_superclass::Tyrosine alkaloids	0,0,0,0,0,0,0,0,0,0,0,0,0,1,0,0,0,0,0,0,0,0,0	0,0,0,0,0,0,0,0,0,0,0,0,0,1,0,0,0,0,1,0,0,0,1	-0.699969,-0.712902,-0.922092,-0.081667,-0.296990,-0.149722,-0.657878,-0.048980,-0.675918,-0.411401,-0.660962,-0.119543,-0.957288,0.449908,-0.310408,-0.193412,-0.218533,-1.064224,0.189046,-0.917036,-0.222066,-0.768257,0.089593
Cint_SHT1_AXY93625.1	Cint_SHT1_AXY93625.1	acceptor_superclass::Ornithine alkaloids;acceptor_superclass::Phenolic acids (C6-C1);acceptor_superclass::Pseudoalkaloids	acceptor_superclass::Fatty Acids and Conjugates;acceptor_superclass::Phenolic acids (C6-C1);acceptor_superclass::Phenylethanoids (C6-C2);acceptor_superclass::Small peptides;acceptor_superclass::Tyrosine alkaloids	0,0,0,0,0,0,0,0,0,0,0,1,0,1,0,0,1,0,0,0,0,0,0	0,0,0,1,0,0,0,0,0,0,0,0,0,1,1,0,0,0,1,0,0,0,1	-0.345739,-0.678429,-1.267225,0.361791,-0.290297,-0.049686,-0.387622,-0.532575,-1.288973,-0.298978,-0.939960,-0.046799,-0.200497,0.361399,0.117853,-0.224662,-0.320964,-0.899911,0.179537,-0.379197,-0.153772,-0.976475,0.129897
Cint_SHT2_AXY93626.1	Cint_SHT2_AXY93626.1	acceptor_superclass::Ornithine alkaloids;acceptor_superclass::Phenolic acids (C6-C1);acceptor_superclass::Pseudoalkaloids	acceptor_superclass::Fatty Acids and Conjugates;acceptor_superclass::Ornithine alkaloids;acceptor_superclass::Phenolic acids (C6-C1);acceptor_superclass::Phenylethanoids (C6-C2);acceptor_superclass::Small peptides;acceptor_superclass::Tyrosine alkaloids	0,0,0,0,0,0,0,0,0,0,0,1,0,1,0,0,1,0,0,0,0,0,0	0,0,0,1,0,0,0,0,0,0,0,1,0,1,1,0,0,0,1,0,0,0,1	-0.441368,-0.605175,-1.115264,0.251859,-0.398260,-0.090458,-0.417392,-0.524123,-1.298932,-0.349273,-0.870253,0.021545,-0.215178,0.286693,0.094882,-0.297392,-0.341365,-0.912692,0.210593,-0.525567,-0.328532,-0.790365,0.126451
Cmel_AAT1_CAA94432.1	Cmel_AAT1_CAA94432.1	acceptor_superclass::Fatty acyls;acceptor_superclass::Phenylethanoids (C6-C2);acceptor_superclass::Phenylpropanoids (C6-C3)	acceptor_superclass::Diterpenoids;acceptor_superclass::Fatty acyls;acceptor_superclass::Monoterpenoids;acceptor_superclass::Phenylpropanoids (C6-C3)	0,0,0,0,1,0,0,0,0,0,0,0,0,0,1,1,0,0,0,0,0,0,0	0,0,1,0,1,0,0,0,0,1,0,0,0,0,0,1,0,0,0,0,0,0,0	-1.050630,-0.913992,0.015287,-0.207742,0.246813,-0.527005,-1.185692,-0.297729,-0.160513,0.224794,-0.702706,-0.463336,-0.645883,-0.245875,-0.141594,0.134373,-0.448028,-0.310496,-0.427141,-1.177939,-0.147428,-0.207533,-0.354703
Cmel_AAT3_AAW51125.1	Cmel_AAT3_AAW51125.1	acceptor_superclass::Fatty acyls	acceptor_superclass::Fatty Acids and Conjugates;acceptor_superclass::Fatty acyls;acceptor_superclass::Monoterpenoids;acceptor_superclass::Phenylpropanoids (C6-C3)	0,0,0,0,1,0,0,0,0,0,0,0,0,0,0,0,0,0,0,0,0,0,0	0,0,0,1,1,0,0,0,0,1,0,0,0,0,0,1,0,0,0,0,0,0,0	-0.717812,-0.983193,-0.299496,0.020990,0.295572,-0.389816,-0.991082,-0.098809,-0.116431,0.168045,-0.527096,-0.625570,-0.559689,-0.299775,-0.103563,0.258534,-0.558717,-0.627767,-0.372949,-0.780889,-0.483013,-0.634433,-0.342570
Cmel_AAT4_AAW51126.1	Cmel_AAT4_AAW51126.1	acceptor_superclass::Fatty acyls;acceptor_superclass::Monoterpenoids;acceptor_superclass::Phenylpropanoids (C6-C3)	acceptor_superclass::Diterpenoids;acceptor_superclass::Saccharides;acceptor_superclass::Triterpenoids;acceptor_superclass::Tryptophan alkaloids	0,0,0,0,1,0,0,0,0,1,0,0,0,0,0,1,0,0,0,0,0,0,0	0,0,1,0,0,0,0,0,0,0,0,0,0,0,0,0,0,1,0,0,1,1,0	-0.881257,-0.202457,0.275580,-0.653608,-0.121066,-0.529171,-0.865081,-1.164836,-0.526353,-0.120676,-0.319437,-0.183016,-0.165847,-1.026934,-0.016777,-0.129649,-0.406582,0.216415,-0.843976,-0.487523,0.170900,0.216026,-0.380167
Cros_DAT_AAC99311.1	Cros_DAT_AAC99311.1	acceptor_superclass::Tryptophan alkaloids	acceptor_superclass::Cyclic polyketides;acceptor_superclass::Diterpenoids;acceptor_superclass::Lignans;acceptor_superclass::Lysine alkaloids;acceptor_superclass::Monoterpenoids;acceptor_superclass::Naphthalenes;acceptor_superclass::Saccharides;acceptor_superclass::Triterpenoids;acceptor_superclass::Tryptophan alkaloids	0,0,0,0,0,0,0,0,0,0,0,0,0,0,0,0,0,0,0,0,0,1,0	0,1,1,0,0,0,0,1,1,1,1,0,0,0,0,0,0,1,0,0,1,1,0	-1.167594,0.000606,0.471093,-1.140183,-0.103763,-0.713820,-0.875547,0.135044,0.082121,0.248164,0.243861,-0.309718,-0.773192,-1.450502,-0.043752,-0.012149,-0.129642,0.311017,-1.276329,-0.515369,0.370142,0.413197,-0.066263
Cros_MAT_AAO13736.1	Cros_MAT_AAO13736.1	acceptor_superclass::Tryptophan alkaloids	acceptor_superclass::Diterpenoids;acceptor_superclass::Naphthalenes;acceptor_superclass::Saccharides;acceptor_superclass::Triterpenoids;acceptor_superclass::Tryptophan alkaloids	0,0,0,0,0,0,0,0,0,0,0,0,0,0,0,0,0,0,0,0,0,1,0	0,0,1,0,0,0,0,0,0,0,1,0,0,0,0,0,0,1,0,0,1,1,0	-1.133305,-0.290782,0.260176,-0.914611,-0.133392,-0.720711,-0.937256,-0.966581,-0.049823,-0.088073,0.104422,-0.401826,-0.620816,-1.156945,-0.249505,-0.157603,-0.333793,0.340416,-1.010886,-0.419996,0.128761,0.236628,-0.303934
Cros_TAT_AQP25667.1	Cros_TAT_AQP25667.1	acceptor_superclass::Tryptophan alkaloids	acceptor_superclass::Diterpenoids;acceptor_superclass::Monoterpenoids;acceptor_superclass::Naphthalenes;acceptor_superclass::Phenylpropanoids (C6-C3);acceptor_superclass::Saccharides;acceptor_superclass::Triterpenoids;acceptor_superclass::Tryptophan alkaloids	0,0,0,0,0,0,0,0,0,0,0,0,0,0,0,0,0,0,0,0,0,1,0	0,0,1,0,0,0,0,0,0,1,1,0,0,0,0,1,0,1,0,0,1,1,0	-1.309419,-0.732417,0.525370,-0.354737,-0.003396,-0.767804,-1.206195,-0.349504,-0.432879,0.241873,0.031173,-0.594594,-1.309419,-1.075780,-0.215363,0.039093,-0.465856,0.253511,-1.305529,-0.876452,0.531633,0.752008,-0.207814
Csat_HCT_AEJ88365.1	Csat_HCT_AEJ88365.1	acceptor_superclass::Phenolic acids (C6-C1)	acceptor_superclass::Fatty Acids and Conjugates;acceptor_superclass::Lignans;acceptor_superclass::Phenolic acids (C6-C1);acceptor_superclass::Phenylpropanoids (C6-C3);acceptor_superclass::Small peptides;acceptor_superclass::Tyrosine alkaloids	0,0,0,0,0,0,0,0,0,0,0,0,0,1,0,0,0,0,0,0,0,0,0	0,0,0,1,0,0,0,1,0,0,0,0,0,1,0,1,0,0,1,0,0,0,1	-0.584689,-1.133592,-1.192292,0.453326,-0.250441,-0.239809,-0.834443,0.302971,-1.251968,-0.199966,-1.003252,-0.368185,-0.578725,0.793410,-0.188823,0.011968,-0.652444,-1.300988,0.589354,-0.524018,-0.284556,-0.726302,0.429202
Csco_HQT1_CAM84302.2	Csco_HQT1_CAM84302.2	acceptor_superclass::Phenolic acids (C6-C1)	acceptor_superclass::Phenolic acids (C6-C1);acceptor_superclass::Phenylpropanoids (C6-C3);acceptor_superclass::Small peptides	0,0,0,0,0,0,0,0,0,0,0,0,0,1,0,0,0,0,0,0,0,0,0	0,0,0,0,0,0,0,0,0,0,0,0,0,1,0,1,0,0,1,0,0,0,0	-0.890135,-0.782992,-0.834866,-0.044629,-0.206648,-0.439808,-0.769600,-0.687307,-0.577494,-0.385221,-0.755967,-0.116206,-1.022216,0.435611,-0.217260,0.009922,-0.223021,-0.944889,0.147616,-0.871887,-0.527948,-0.521817,-0.009217
Csco_HQT2_ACJ23164.1	Csco_HQT2_ACJ23164.1	acceptor_superclass::Phenolic acids (C6-C1)	acceptor_superclass::Fatty Acids and Conjugates;acceptor_superclass::Phenolic acids (C6-C1);acceptor_superclass::Small peptides;acceptor_superclass::Triterpenoids;acceptor_superclass::Tyrosine alkaloids	0,0,0,0,0,0,0,0,0,0,0,0,0,1,0,0,0,0,0,0,0,0,0	0,0,0,1,0,0,0,0,0,0,0,0,0,1,0,0,0,0,1,0,1,0,1	-0.606757,-1.120134,-1.050299,0.248057,-0.302915,-0.190691,-0.549672,-0.066187,-1.049934,-0.380630,-0.857434,-0.459170,-0.767848,0.753069,-0.345364,-0.274595,-0.598185,-1.084703,0.402383,-0.693398,0.029837,-0.650718,0.332842
Csin_AT1_THG04858.1	Csin_AT1_THG04858.1	acceptor_superclass::Flavonoids	acceptor_superclass::Diterpenoids;acceptor_superclass::Fatty acyls;acceptor_superclass::Lysine alkaloids;acceptor_superclass::Monoterpenoids;acceptor_superclass::Phenylpropanoids (C6-C3)	0,0,0,0,0,1,0,0,0,0,0,0,0,0,0,0,0,0,0,0,0,0,0	0,0,1,0,1,0,0,0,1,1,0,0,0,0,0,1,0,0,0,0,0,0,0	-1.364118,-1.384626,0.339137,-0.178493,0.274614,-0.992331,-1.267992,-0.046458,0.170811,0.314960,-0.642076,-1.013809,-1.049719,-0.467809,-0.231925,0.347884,-0.651333,-0.274053,-0.661992,-1.394070,-0.348529,-0.093880,-0.574698
Csin_AT2_THG19836.1	Csin_AT2_THG19836.1	acceptor_superclass::Flavonoids	acceptor_superclass::Fatty acyls;acceptor_superclass::Monoterpenoids;acceptor_superclass::Phenylethanoids (C6-C2);acceptor_superclass::Phenylpropanoids (C6-C3)	0,0,0,0,0,1,0,0,0,0,0,0,0,0,0,0,0,0,0,0,0,0,0	0,0,0,0,1,0,0,0,0,1,0,0,0,0,1,1,0,0,0,0,0,0,0	-0.683628,-0.880307,-0.428477,-0.048357,0.122255,-0.333815,-0.734189,-0.289780,-0.253984,0.089334,-0.646831,-0.488745,-0.633656,-0.518495,0.055279,0.124901,-0.281553,-0.727466,-0.468564,-0.687759,-0.438139,-0.668903,-0.418388
Csin_CHAT1_GMQ03793.1	Csin_CHAT1_GMQ03793.1	acceptor_superclass::Fatty acyls	acceptor_superclass::Fatty acyls;acceptor_superclass::Monoterpenoids;acceptor_superclass::Phenylethanoids (C6-C2);acceptor_superclass::Phenylpropanoids (C6-C3)	0,0,0,0,1,0,0,0,0,0,0,0,0,0,0,0,0,0,0,0,0,0,0	0,0,0,0,1,0,0,0,0,1,0,0,0,0,1,1,0,0,0,0,0,0,0	-0.910152,-0.756866,-0.329778,-0.312292,0.203412,-0.304911,-1.012695,-0.247306,-0.159582,0.287875,-0.599589,-0.527069,-0.802133,-0.480288,0.018438,0.218764,-0.405460,-0.606349,-0.411389,-0.677882,-0.578021,-0.546078,-0.248553
Csin_HCT1_XP_028081726.1	Csin_HCT1_XP_028081726.1	acceptor_superclass::Phenolic acids (C6-C1)	acceptor_superclass::Fatty Acids and Conjugates;acceptor_superclass::Lignans;acceptor_superclass::Phenolic acids (C6-C1);acceptor_superclass::Small peptides;acceptor_superclass::Tyrosine alkaloids	0,0,0,0,0,0,0,0,0,0,0,0,0,1,0,0,0,0,0,0,0,0,0	0,0,0,1,0,0,0,1,0,0,0,0,0,1,0,0,0,0,1,0,0,0,1	-0.774084,-0.957775,-1.113335,0.229859,-0.189157,-0.214541,-0.889511,0.094475,-0.975650,-0.224056,-1.019423,-0.271379,-0.911304,0.780327,-0.295336,-0.016283,-0.474349,-1.215707,0.507122,-0.758640,-0.280425,-0.707564,0.389744
Csin_HCT2_THG02040.1	Csin_HCT2_THG02040.1	acceptor_superclass::Flavonoids;acceptor_superclass::Phenolic acids (C6-C1)	acceptor_superclass::Fatty Acids and Conjugates;acceptor_superclass::Phenolic acids (C6-C1);acceptor_superclass::Small peptides;acceptor_superclass::Tyrosine alkaloids	0,0,0,0,0,1,0,0,0,0,0,0,0,1,0,0,0,0,0,0,0,0,0	0,0,0,1,0,0,0,0,0,0,0,0,0,1,0,0,0,0,1,0,0,0,1	-0.774391,-0.948658,-1.133283,0.194880,-0.315820,-0.404280,-0.733292,-0.120379,-0.949359,-0.450768,-0.986133,-0.309306,-0.774391,0.942643,-0.370434,-0.214003,-0.485370,-1.146660,0.534380,-0.765770,-0.169888,-0.823599,0.318741
Dcar_HCBT3_CAB06429.1	Dcar_HCBT1_CAB06427.1	acceptor_superclass::Phenolic acids (C6-C1);acceptor_superclass::Small peptides	acceptor_superclass::Fatty Acids and Conjugates;acceptor_superclass::Phenolic acids (C6-C1);acceptor_superclass::Phenylethanoids (C6-C2);acceptor_superclass::Small peptides;acceptor_superclass::Tyrosine alkaloids	0,0,0,0,0,0,0,0,0,0,0,0,0,1,0,0,0,0,1,0,0,0,0	0,0,0,1,0,0,0,0,0,0,0,0,0,1,1,0,0,0,1,0,0,0,1	-0.425548,-0.714179,-0.858552,0.007426,-0.215685,-0.253600,-0.621837,-0.273101,-0.920668,-0.153632,-1.034851,-0.136211,-0.307668,0.205097,0.063637,-0.047059,-0.372508,-0.755655,0.329101,-0.412065,-0.279863,-0.854466,0.062658
Dcar_HCBT2_CAB06430.1	Dcar_HCBT2_CAB06430.1	acceptor_superclass::Small peptides	acceptor_superclass::Phenylpropanoids (C6-C3);acceptor_superclass::Small peptides	0,0,0,0,0,0,0,0,0,0,0,0,0,0,0,0,0,0,1,0,0,0,0	0,0,0,0,0,0,0,0,0,0,0,0,0,0,0,1,0,0,1,0,0,0,0	-0.844263,-0.376176,-0.626793,-0.257468,-0.190949,-0.202388,-0.755753,-0.102800,-0.493694,-0.116107,-1.027626,-0.012943,-0.730507,-0.057631,-0.063498,0.024148,-0.199046,-0.801246,0.109003,-0.605510,-0.462391,-0.705534,-0.124316
Dcar_HCBT3_CAB06429.1	Dcar_HCBT3_CAB06429.1	acceptor_superclass::Small peptides	acceptor_superclass::Phenolic acids (C6-C1);acceptor_superclass::Small peptides;acceptor_superclass::Tyrosine alkaloids	0,0,0,0,0,0,0,0,0,0,0,0,0,0,0,0,0,0,1,0,0,0,0	0,0,0,0,0,0,0,0,0,0,0,0,0,1,0,0,0,0,1,0,0,0,1	-0.464624,-0.803021,-0.840213,-0.005451,-0.350118,-0.175760,-0.661063,-0.072790,-0.929026,-0.169839,-0.977154,-0.037422,-0.341105,0.184617,-0.061792,-0.011321,-0.332553,-1.031288,0.306709,-0.448430,-0.388989,-0.807085,0.008105
Dlan_MAT1_QUW17232.1	Dlan_MAT1_QUW17232.1	acceptor_superclass::Flavonoids;acceptor_superclass::Steroids	acceptor_superclass::Coumarins;acceptor_superclass::Flavonoids;acceptor_superclass::Isoflavonoids;acceptor_superclass::Ornithine alkaloids;acceptor_superclass::Phenanthrenoids;acceptor_superclass::Small peptides;acceptor_superclass::Steroids	0,0,0,0,0,1,0,0,0,0,0,0,0,0,0,0,0,0,0,1,0,0,0	1,0,0,0,0,1,1,0,0,0,0,1,1,0,0,0,0,0,1,1,0,0,0	0.203712,-0.087169,-1.126722,-0.297702,-0.417143,0.499876,0.425484,-0.688246,-1.026060,-0.513011,-0.526178,0.024048,0.203712,-0.289285,-0.119468,-0.391008,-0.095481,-0.820038,0.066829,0.661826,-0.596542,-1.064633,-0.033299
Dlan_MAT2_QWS71079.1	Dlan_MAT2_QWS71079.1	acceptor_superclass::Flavonoids;acceptor_superclass::Steroids	acceptor_superclass::Coumarins;acceptor_superclass::Flavonoids;acceptor_superclass::Isoflavonoids;acceptor_superclass::Phenanthrenoids;acceptor_superclass::Steroids	0,0,0,0,0,1,0,0,0,0,0,0,0,0,0,0,0,0,0,1,0,0,0	1,0,0,0,0,1,1,0,0,0,0,0,1,0,0,0,0,0,0,1,0,0,0	0.567813,-0.131737,-1.006925,-0.552275,-0.487882,0.533728,0.491934,-1.067369,-0.890530,-0.613792,-0.329158,-0.054957,0.560807,-0.362691,-0.223889,-0.379989,-0.112325,-0.791895,-0.219284,0.555653,-0.464708,-0.957567,-0.368445
Dmor_3MAT1_AAQ63615.1	Dmor_3MAT1_AAQ63615.1	acceptor_superclass::Flavonoids	acceptor_superclass::Coumarins;acceptor_superclass::Cyclic polyketides;acceptor_superclass::Flavonoids;acceptor_superclass::Isoflavonoids;acceptor_superclass::Phenanthrenoids;acceptor_superclass::Steroids	0,0,0,0,0,1,0,0,0,0,0,0,0,0,0,0,0,0,0,0,0,0,0	1,1,0,0,0,1,1,0,0,0,0,0,1,0,0,0,0,0,0,1,0,0,0	0.529043,0.065153,-1.003700,-0.356438,-0.317105,0.758006,0.721777,-0.781209,-0.894086,-0.598937,-0.292796,-0.065378,0.475521,-0.734562,-0.462143,-0.461485,-0.016685,-0.816356,-0.492623,0.552733,-0.401656,-0.937151,-0.363150
Dmor_3MAT2_AAQ63616.1	Dmor_3MAT2_AAQ63616.1	acceptor_superclass::Flavonoids	acceptor_superclass::Coumarins;acceptor_superclass::Flavonoids;acceptor_superclass::Isoflavonoids;acceptor_superclass::Naphthalenes;acceptor_superclass::Phenanthrenoids;acceptor_superclass::Steroids;acceptor_superclass::Tyrosine alkaloids	0,0,0,0,0,1,0,0,0,0,0,0,0,0,0,0,0,0,0,0,0,0,0	1,0,0,0,0,1,1,0,0,0,1,0,1,0,0,0,0,0,0,1,0,0,1	0.603851,-0.149597,-0.839238,-0.550630,-0.502622,0.668484,0.646805,-0.836612,-0.937108,-0.641577,0.160402,-0.169335,0.346771,-0.622509,-0.387306,-0.609077,-0.265370,-1.045188,-0.384097,0.488109,-0.218092,-0.721783,0.093399
Dmor_3MAT3_BAF50706.1	Dmor_3MAT3_BAF50706.1	acceptor_superclass::Flavonoids;acceptor_superclass::Isoflavonoids	acceptor_superclass::Coumarins;acceptor_superclass::Cyclic polyketides;acceptor_superclass::Flavonoids;acceptor_superclass::Isoflavonoids;acceptor_superclass::Ornithine alkaloids;acceptor_superclass::Phenanthrenoids;acceptor_superclass::Steroids	0,0,0,0,0,1,1,0,0,0,0,0,0,0,0,0,0,0,0,0,0,0,0	1,1,0,0,0,1,1,0,0,0,0,1,1,0,0,0,0,0,0,1,0,0,0	0.208089,0.107842,-0.926471,-0.530088,-0.267448,0.524435,0.441406,-1.039110,-0.989924,-0.379714,-0.220611,0.035565,0.208089,-0.770319,-0.004968,-0.370942,-0.030577,-0.659928,-0.369428,0.679381,-0.551177,-0.792374,-0.167580
Dpin_3MAT_AAO12206.1	Dpin_3MAT_AAO12206.1	acceptor_superclass::Flavonoids	acceptor_superclass::Coumarins;acceptor_superclass::Cyclic polyketides;acceptor_superclass::Flavonoids;acceptor_superclass::Isoflavonoids;acceptor_superclass::Ornithine alkaloids;acceptor_superclass::Phenanthrenoids;acceptor_superclass::Pseudoalkaloids;acceptor_superclass::Steroids	0,0,0,0,0,1,0,0,0,0,0,0,0,0,0,0,0,0,0,0,0,0,0	1,1,0,0,0,1,1,0,0,0,0,1,1,0,0,0,1,0,0,1,0,0,0	0.397646,0.190127,-0.964757,-0.395359,-0.415159,0.771235,0.687067,-0.717089,-0.778138,-0.583851,-0.465419,0.012916,0.225981,-0.802718,-0.477655,-0.505295,0.022913,-0.795688,-0.463188,0.604918,-0.342145,-0.976990,-0.374394
Dvar_3MAT_AAO12206.1	Dvar_3MAT_AAO12206.1		acceptor_superclass::Coumarins;acceptor_superclass::Cyclic polyketides;acceptor_superclass::Flavonoids;acceptor_superclass::Isoflavonoids;acceptor_superclass::Ornithine alkaloids;acceptor_superclass::Phenanthrenoids;acceptor_superclass::Pseudoalkaloids;acceptor_superclass::Steroids	0,0,0,0,0,0,0,0,0,0,0,0,0,0,0,0,0,0,0,0,0,0,0	1,1,0,0,0,1,1,0,0,0,0,1,1,0,0,0,1,0,0,1,0,0,0	0.459598,0.321234,-1.007668,-0.560435,-0.275352,0.809429,0.636723,-0.728750,-0.810008,-0.455416,-0.339704,0.124633,0.459598,-0.754059,-0.130483,-0.436445,0.121880,-0.770265,-0.300679,0.843500,-0.770383,-1.130681,-0.183858
Ecoc_CS_AGT56097.1	Ecoc_BAHD7_AGT56097.1	acceptor_superclass::Ornithine alkaloids	acceptor_superclass::Cyclic polyketides;acceptor_superclass::Fatty acyls;acceptor_superclass::Lysine alkaloids;acceptor_superclass::Monoterpenoids;acceptor_superclass::Phenylethanoids (C6-C2);acceptor_superclass::Phenylpropanoids (C6-C3)	0,0,0,0,0,0,0,0,0,0,0,1,0,0,0,0,0,0,0,0,0,0,0	0,1,0,0,1,0,0,0,1,1,0,0,0,0,1,1,0,0,0,0,0,0,0	-1.168320,0.112441,-0.022444,-1.022436,0.025064,-0.652180,-0.975851,-0.556163,0.038182,0.125096,-0.221592,-0.121715,-0.600844,-1.160415,0.101586,0.173245,-0.147786,-0.065938,-0.951235,-0.648033,-0.189375,-0.023609,-0.592945
Ecoc_CS_AGT56097.1	Ecoc_CS_AGT56097.1	acceptor_superclass::Ornithine alkaloids	acceptor_superclass::Cyclic polyketides;acceptor_superclass::Diterpenoids;acceptor_superclass::Fatty acyls;acceptor_superclass::Monoterpenoids;acceptor_superclass::Phenylethanoids (C6-C2);acceptor_superclass::Phenylpropanoids (C6-C3);acceptor_superclass::Saccharides;acceptor_superclass::Triterpenoids	0,0,0,0,0,0,0,0,0,0,0,1,0,0,0,0,0,0,0,0,0,0,0	0,1,1,0,1,0,0,0,0,1,0,0,0,0,1,1,0,1,0,0,1,0,0	-1.095197,0.050556,0.028304,-0.984354,0.115099,-0.477080,-1.008049,-0.528818,-0.035291,0.320375,-0.203558,-0.189048,-1.095197,-1.113925,0.143930,0.158794,-0.109193,0.081946,-1.072806,-0.573561,0.029070,-0.030938,-0.371794
Ecoc_HQT_AFF19203.1	Ecoc_HQT_AFF19203.1	acceptor_superclass::Phenolic acids (C6-C1)	acceptor_superclass::Fatty Acids and Conjugates;acceptor_superclass::Phenolic acids (C6-C1);acceptor_superclass::Phenylethanoids (C6-C2);acceptor_superclass::Small peptides;acceptor_superclass::Tyrosine alkaloids	0,0,0,0,0,0,0,0,0,0,0,0,0,1,0,0,0,0,0,0,0,0,0	0,0,0,1,0,0,0,0,0,0,0,0,0,1,1,0,0,0,1,0,0,0,1	-0.654513,-0.658348,-1.095133,0.043490,-0.352784,-0.290534,-0.781510,-0.184876,-0.719696,-0.304860,-0.817144,-0.127414,-0.663130,0.418279,0.058966,-0.132448,-0.431462,-0.891680,0.312487,-0.689426,-0.398777,-0.924931,0.123124
Egra_5AT_BAF49288.1	Egra_5AT_BAF49288.1	acceptor_superclass::Flavonoids	acceptor_superclass::Coumarins;acceptor_superclass::Flavonoids;acceptor_superclass::Isoflavonoids;acceptor_superclass::Phenanthrenoids;acceptor_superclass::Steroids	0,0,0,0,0,1,0,0,0,0,0,0,0,0,0,0,0,0,0,0,0,0,0	1,0,0,0,0,1,1,0,0,0,0,0,1,0,0,0,0,0,0,1,0,0,0	0.312768,-0.040883,-1.076772,-0.408583,-0.537890,0.538975,0.462144,-1.075007,-0.999021,-0.614889,-0.397231,-0.006960,0.092987,-0.140696,-0.331081,-0.475962,-0.102694,-0.955600,-0.234381,0.503693,-0.149510,-0.750684,-0.232621
Epep_BAHD11_NA	Epep_BAHD11_NA	acceptor_superclass::Diterpenoids	acceptor_superclass::Diterpenoids;acceptor_superclass::Naphthalenes;acceptor_superclass::Triterpenoids;acceptor_superclass::Tryptophan alkaloids	0,0,1,0,0,0,0,0,0,0,0,0,0,0,0,0,0,0,0,0,0,0,0	0,0,1,0,0,0,0,0,0,0,1,0,0,0,0,0,0,0,0,0,1,1,0	-1.010295,-0.318679,0.410637,-0.677252,-0.125031,-0.492648,-0.669280,-0.399714,-0.816045,-0.025258,0.211994,-0.503671,-0.163638,-0.965132,-0.412472,-0.110701,-0.382848,-0.257103,-0.955568,-0.974623,0.463364,0.418232,-0.348001
Epep_BAHD12_NA	Epep_BAHD12_NA	acceptor_superclass::Diterpenoids	acceptor_superclass::Naphthalenes;acceptor_superclass::Triterpenoids;acceptor_superclass::Tryptophan alkaloids	0,0,1,0,0,0,0,0,0,0,0,0,0,0,0,0,0,0,0,0,0,0,0	0,0,0,0,0,0,0,0,0,0,1,0,0,0,0,0,0,0,0,0,1,1,0	-0.596486,-0.309483,-0.263130,-0.595642,-0.239650,-0.539254,-0.623362,-0.420308,-0.860372,-0.099004,0.263952,-0.434642,-0.143373,-0.931039,-0.142005,-0.270101,-0.513267,-0.516082,-0.865868,-0.164720,0.165899,0.081178,-0.244239
Epep_BAHD6_NA	Epep_BAHD6_NA	acceptor_superclass::Diterpenoids	acceptor_superclass::Diterpenoids;acceptor_superclass::Monoterpenoids;acceptor_superclass::Phenylpropanoids (C6-C3);acceptor_superclass::Saccharides;acceptor_superclass::Triterpenoids;acceptor_superclass::Tryptophan alkaloids	0,0,1,0,0,0,0,0,0,0,0,0,0,0,0,0,0,0,0,0,0,0,0	0,0,1,0,0,0,0,0,0,1,0,0,0,0,0,1,0,1,0,0,1,1,0	-1.307646,-0.885202,0.580908,-0.545132,-0.160443,-0.836954,-1.236131,-0.119206,-0.150558,0.261573,-0.273883,-0.620595,-0.429479,-1.027470,-0.077861,0.101103,-0.539536,0.415252,-0.827954,-0.960473,0.334578,0.606583,-0.078197
Epep_BAHD7_NA	Epep_BAHD7_NA	acceptor_superclass::Diterpenoids	acceptor_superclass::Naphthalenes;acceptor_superclass::Triterpenoids;acceptor_superclass::Tryptophan alkaloids	0,0,1,0,0,0,0,0,0,0,0,0,0,0,0,0,0,0,0,0,0,0,0	0,0,0,0,0,0,0,0,0,0,1,0,0,0,0,0,0,0,0,0,1,1,0	-0.543160,-0.303796,-0.437487,-0.655415,-0.247490,-0.444832,-0.407332,-0.434142,-0.902934,-0.171896,0.438202,-0.471607,-0.194054,-0.997990,-0.151158,-0.352619,-0.471965,-0.671202,-1.000042,-0.022330,0.327475,0.092550,-0.270758
Epep_BAHD8_NA	Epep_BAHD8_NA	acceptor_superclass::Diterpenoids	acceptor_superclass::Diterpenoids;acceptor_superclass::Lignans;acceptor_superclass::Monoterpenoids;acceptor_superclass::Saccharides;acceptor_superclass::Triterpenoids;acceptor_superclass::Tryptophan alkaloids;acceptor_superclass::Tyrosine alkaloids	0,0,1,0,0,0,0,0,0,0,0,0,0,0,0,0,0,0,0,0,0,0,0	0,0,1,0,0,0,0,1,0,1,0,0,0,0,0,0,0,1,0,0,1,1,1	-0.967090,-0.785091,0.139246,-0.316617,-0.308965,-0.643664,-1.125878,0.281811,-0.277710,0.103467,-0.253452,-0.811922,-0.967090,-0.789748,-0.406513,-0.037754,-0.731390,0.285261,-0.732378,-0.458068,0.423972,0.553486,0.002049
Epla_AAT1-1_BDW80081.1	Epla_AAT1-1_BDW80081.1	acceptor_superclass::Naphthalenes	acceptor_superclass::Diterpenoids;acceptor_superclass::Naphthalenes;acceptor_superclass::Saccharides	0,0,0,0,0,0,0,0,0,0,1,0,0,0,0,0,0,0,0,0,0,0,0	0,0,1,0,0,0,0,0,0,0,1,0,0,0,0,0,0,1,0,0,0,0,0	-0.844255,-0.444749,0.009927,-0.916763,-0.304413,-0.529713,-0.805057,-0.882687,-0.169297,-0.151903,0.380527,-0.339126,-0.507027,-1.089496,-0.135093,-0.147837,-0.317872,0.127021,-0.945818,-0.493178,-0.237575,-0.008687,-0.305200
Epla_AAT1-2_BDW80082.1	Epla_AAT1-2_BDW80082.1	acceptor_superclass::Naphthalenes	acceptor_superclass::Monoterpenoids;acceptor_superclass::Naphthalenes;acceptor_superclass::Saccharides;acceptor_superclass::Tryptophan alkaloids	0,0,0,0,0,0,0,0,0,0,1,0,0,0,0,0,0,0,0,0,0,0,0	0,0,0,0,0,0,0,0,0,1,1,0,0,0,0,0,0,1,0,0,0,1,0	-0.845556,-0.324015,-0.012872,-0.987464,-0.308102,-0.464837,-0.822901,-0.112203,-0.168760,0.048204,0.525291,-0.389240,-0.845556,-1.145708,-0.108813,-0.134166,-0.218911,0.107564,-1.036044,-0.421728,-0.025575,0.279117,-0.214707
Epla_AAT2-1_BDW80086.1	Epla_AAT2-1_BDW80086.1	acceptor_superclass::Naphthalenes	acceptor_superclass::Naphthalenes;acceptor_superclass::Triterpenoids;acceptor_superclass::Tryptophan alkaloids;acceptor_superclass::Tyrosine alkaloids	0,0,0,0,0,0,0,0,0,0,1,0,0,0,0,0,0,0,0,0,0,0,0	0,0,0,0,0,0,0,0,0,0,1,0,0,0,0,0,0,0,0,0,1,1,1	-0.757561,-0.466523,-0.181992,-0.538545,-0.276437,-0.409195,-0.477922,-0.480255,-0.783258,-0.207879,0.557203,-0.412723,-0.757561,-0.762446,-0.304570,-0.296132,-0.270501,-0.449666,-0.843238,-0.263144,0.178624,0.175030,0.069214
Epla_AAT2-2_BDW80087.1	Epla_AAT2-2_BDW80087.1	acceptor_superclass::Naphthalenes	acceptor_superclass::Naphthalenes;acceptor_superclass::Triterpenoids;acceptor_superclass::Tryptophan alkaloids	0,0,0,0,0,0,0,0,0,0,1,0,0,0,0,0,0,0,0,0,0,0,0	0,0,0,0,0,0,0,0,0,0,1,0,0,0,0,0,0,0,0,0,1,1,0	-0.592571,-0.682343,-0.000279,-0.706092,-0.285744,-0.431457,-0.458099,-1.040409,-0.615893,-0.410618,0.786786,-0.500376,-0.237003,-1.040743,-0.289258,-0.250959,-0.409652,-0.248222,-1.034568,-0.318767,0.167769,0.166915,-0.193745
Epla_AAT2-3_BDW80088.1	Epla_AAT2-3_BDW80088.1	acceptor_superclass::Naphthalenes	acceptor_superclass::Diterpenoids;acceptor_superclass::Naphthalenes;acceptor_superclass::Triterpenoids;acceptor_superclass::Tryptophan alkaloids	0,0,0,0,0,0,0,0,0,0,1,0,0,0,0,0,0,0,0,0,0,0,0	0,0,1,0,0,0,0,0,0,0,1,0,0,0,0,0,0,0,0,0,1,1,0	-0.906446,-0.622255,0.134666,-0.727150,-0.309062,-0.582160,-0.691475,-1.251595,-0.340399,-0.372834,0.640862,-0.280025,-0.529726,-1.071859,-0.242481,-0.176711,-0.138871,-0.018692,-1.080183,-0.604329,0.179565,0.315463,-0.267802
Epla_SAT1-1_BDW80075.1	Epla_SAT1-1_BDW80075.1	acceptor_superclass::Naphthalenes	acceptor_superclass::Diterpenoids;acceptor_superclass::Naphthalenes;acceptor_superclass::Triterpenoids;acceptor_superclass::Tryptophan alkaloids	0,0,0,0,0,0,0,0,0,0,1,0,0,0,0,0,0,0,0,0,0,0,0	0,0,1,0,0,0,0,0,0,0,1,0,0,0,0,0,0,0,0,0,1,1,0	-0.899381,-0.528549,0.233541,-0.800227,-0.329770,-0.685750,-0.776487,-0.363815,-0.488229,-0.119672,0.669420,-0.524849,-0.517069,-0.818496,-0.397771,-0.198191,-0.262155,-0.179761,-0.935278,-1.161805,0.417384,0.531795,-0.108678
Epla_SAT1-2_BDW80076.1	Epla_SAT1-2_BDW80076.1	acceptor_superclass::Naphthalenes	acceptor_superclass::Diterpenoids;acceptor_superclass::Monoterpenoids;acceptor_superclass::Naphthalenes;acceptor_superclass::Saccharides;acceptor_superclass::Triterpenoids;acceptor_superclass::Tryptophan alkaloids;acceptor_superclass::Tyrosine alkaloids	0,0,0,0,0,0,0,0,0,0,1,0,0,0,0,0,0,0,0,0,0,0,0	0,0,1,0,0,0,0,0,0,1,1,0,0,0,0,0,0,1,0,0,1,1,1	-1.249088,-0.752399,0.313726,-0.659402,-0.330668,-0.901758,-0.945093,-0.044103,-0.424513,0.012092,0.526012,-0.446092,-0.821880,-0.846180,-0.214220,-0.087884,-0.260720,0.031831,-1.065484,-0.940798,0.584955,0.579315,0.001906
Epla_SAT2-1_BDW80078.1	Epla_SAT2-1_BDW80078.1	acceptor_superclass::Naphthalenes	acceptor_superclass::Naphthalenes;acceptor_superclass::Triterpenoids;acceptor_superclass::Tryptophan alkaloids	0,0,0,0,0,0,0,0,0,0,1,0,0,0,0,0,0,0,0,0,0,0,0	0,0,0,0,0,0,0,0,0,0,1,0,0,0,0,0,0,0,0,0,1,1,0	-0.812498,-0.544183,-0.093982,-0.436052,-0.377121,-0.590163,-0.694594,-0.429689,-0.729384,-0.165745,0.585534,-0.473291,-0.329131,-0.799165,-0.245469,-0.243575,-0.355938,-0.297275,-0.870793,-1.032192,0.240672,0.284824,-0.053330
Epla_SAT2-2_BDW80079.1	Epla_SAT2-2_BDW80079.1	acceptor_superclass::Naphthalenes	acceptor_superclass::Naphthalenes;acceptor_superclass::Triterpenoids;acceptor_superclass::Tryptophan alkaloids;acceptor_superclass::Tyrosine alkaloids	0,0,0,0,0,0,0,0,0,0,1,0,0,0,0,0,0,0,0,0,0,0,0	0,0,0,0,0,0,0,0,0,0,1,0,0,0,0,0,0,0,0,0,1,1,1	-0.806050,-0.699122,-0.054950,-0.332884,-0.399951,-0.501260,-0.625923,-0.389671,-0.774333,-0.222156,0.575954,-0.441668,-0.806050,-0.780730,-0.284659,-0.282094,-0.249387,-0.297650,-0.861186,-0.417551,0.186305,0.361524,0.110754
Epur_HCT_QRI59128.1	Epur_HCT_QRI59128.1	acceptor_superclass::Phenolic acids (C6-C1)	acceptor_superclass::Fatty Acids and Conjugates;acceptor_superclass::Lignans;acceptor_superclass::Phenolic acids (C6-C1);acceptor_superclass::Phenylpropanoids (C6-C3);acceptor_superclass::Small peptides;acceptor_superclass::Tyrosine alkaloids	0,0,0,0,0,0,0,0,0,0,0,0,0,1,0,0,0,0,0,0,0,0,0	0,0,0,1,0,0,0,1,0,0,0,0,0,1,0,1,0,0,1,0,0,0,1	-0.795364,-1.093159,-1.214213,0.249931,-0.249732,-0.209505,-0.835549,0.123411,-1.019174,-0.249563,-0.966991,-0.188415,-0.937120,0.835333,-0.264111,0.001186,-0.337071,-1.254061,0.523059,-0.753942,-0.228403,-0.708855,0.375505
Epur_HMT_UHJ19789.2	Epur_HMT_UHJ19789.2	acceptor_superclass::Fatty Acids and Conjugates	acceptor_superclass::Fatty Acids and Conjugates;acceptor_superclass::Lignans;acceptor_superclass::Phenolic acids (C6-C1);acceptor_superclass::Small peptides;acceptor_superclass::Tyrosine alkaloids	0,0,0,1,0,0,0,0,0,0,0,0,0,0,0,0,0,0,0,0,0,0,0	0,0,0,1,0,0,0,1,0,0,0,0,0,1,0,0,0,0,1,0,0,0,1	-0.594901,-1.070588,-0.824547,0.155834,-0.228628,-0.323415,-0.809353,0.300528,-0.888699,-0.227298,-0.786121,-0.538318,-0.685631,0.426647,-0.319079,-0.153018,-0.669691,-0.862608,0.249562,-0.493415,-0.269223,-0.667014,0.233615
Epur_HQT_QRI59127.1	Epur_HQT_QRI59127.1	acceptor_superclass::Phenolic acids (C6-C1)	acceptor_superclass::Fatty Acids and Conjugates;acceptor_superclass::Phenolic acids (C6-C1);acceptor_superclass::Small peptides;acceptor_superclass::Tyrosine alkaloids	0,0,0,0,0,0,0,0,0,0,0,0,0,1,0,0,0,0,0,0,0,0,0	0,0,0,1,0,0,0,0,0,0,0,0,0,1,0,0,0,0,1,0,0,0,1	-0.638016,-0.765962,-1.077652,0.053486,-0.306603,-0.102011,-0.592331,-0.176206,-0.869091,-0.472898,-0.827313,-0.122343,-0.881082,0.701151,-0.368353,-0.257783,-0.287737,-1.169094,0.392771,-0.764489,-0.179032,-0.782592,0.217906
Epur_HTT_QRI59126.1	Epur_HTT_QRI59126.1	acceptor_superclass::Fatty Acids and Conjugates	acceptor_superclass::Lignans;acceptor_superclass::Phenolic acids (C6-C1);acceptor_superclass::Small peptides	0,0,0,1,0,0,0,0,0,0,0,0,0,0,0,0,0,0,0,0,0,0,0	0,0,0,0,0,0,0,1,0,0,0,0,0,1,0,0,0,0,1,0,0,0,0	-0.555264,-0.694209,-0.775265,-0.250521,-0.255929,-0.118286,-0.515158,0.111711,-0.582771,-0.374453,-0.707805,-0.247054,-0.555264,0.136890,-0.252786,-0.122834,-0.250488,-0.825409,0.107668,-0.497372,-0.688166,-1.025633,-0.113548
Fana_SAAT_AAG13130.1	Fana_SAAT_AAG13130.1	acceptor_superclass::Cyclic polyketides;acceptor_superclass::Fatty acyls;acceptor_superclass::Phenylethanoids (C6-C2)	acceptor_superclass::Cyclic polyketides;acceptor_superclass::Flavonoids;acceptor_superclass::Ornithine alkaloids;acceptor_superclass::Pseudoalkaloids	0,1,0,0,1,0,0,0,0,0,0,0,0,0,1,0,0,0,0,0,0,0,0	0,1,0,0,0,1,0,0,0,0,0,1,0,0,0,0,1,0,0,0,0,0,0	-0.643510,0.667819,-0.355794,-0.938179,-0.198257,0.037219,-0.330063,-0.548167,-0.288937,-0.058572,-0.379964,0.073081,-0.386256,-1.112119,-0.099642,-0.025961,0.070065,-0.398836,-0.702955,-0.349145,-0.158910,-0.400454,-0.445516
Fves_VAAT_CAC09062.1	Fves_VAAT_CAC09062.1	acceptor_superclass::Cyclic polyketides;acceptor_superclass::Fatty acyls;acceptor_superclass::Monoterpenoids;acceptor_superclass::Phenylethanoids (C6-C2);acceptor_superclass::Phenylpropanoids (C6-C3)	acceptor_superclass::Cyclic polyketides;acceptor_superclass::Ornithine alkaloids	0,1,0,0,1,0,0,0,0,1,0,0,0,0,1,1,0,0,0,0,0,0,0	0,1,0,0,0,0,0,0,0,0,0,1,0,0,0,0,0,0,0,0,0,0,0	-0.430379,0.094009,-0.481735,-0.765390,-0.250880,-0.135090,-0.342685,-0.941006,-0.708691,-0.288325,-0.202301,0.098206,-0.072176,-0.795681,-0.046411,-0.302065,-0.141097,-0.349315,-0.569216,-0.053213,-0.054978,-0.320887,-0.123933
Gmax_COSY_KRH21316.1	Gmax_COSY_KRH21316.1		acceptor_superclass::Flavonoids;acceptor_superclass::Monoterpenoids	0,0,0,0,0,0,0,0,0,0,0,0,0,0,0,0,0,0,0,0,0,0,0	0,0,0,0,0,1,0,0,0,1,0,0,0,0,0,0,0,0,0,0,0,0,0	-0.155271,-0.048207,-0.230788,-0.488932,-0.060162,0.221736,-0.229956,-0.445135,-0.220348,0.036735,-0.440068,-0.043833,-0.168211,-1.084995,-0.132959,-0.139917,-0.083856,-0.648990,-0.627926,-0.026665,-0.750266,-0.695677,-0.351385
Gmax_MT7_ABY59019.1	Gmax_IF7MAT_NP_001237760.1	acceptor_superclass::Isoflavonoids	acceptor_superclass::Coumarins;acceptor_superclass::Flavonoids;acceptor_superclass::Isoflavonoids;acceptor_superclass::Ornithine alkaloids;acceptor_superclass::Phenanthrenoids;acceptor_superclass::Phenolic acids (C6-C1);acceptor_superclass::Pseudoalkaloids;acceptor_superclass::Small peptides;acceptor_superclass::Steroids;acceptor_superclass::Tyrosine alkaloids	0,0,0,0,0,0,1,0,0,0,0,0,0,0,0,0,0,0,0,0,0,0,0	1,0,0,0,0,1,1,0,0,0,0,1,1,1,0,0,1,0,1,1,0,0,1	0.597694,-0.258284,-1.294265,-0.082271,-0.777878,0.719351,0.905437,-0.963698,-1.584244,-0.931459,-0.270488,0.296030,0.597694,0.086643,-0.337905,-0.664481,0.069553,-1.237683,0.200080,0.715218,-0.603668,-1.289895,0.165195
Gmax_IMAT1_AQY54373.1	Gmax_IMAT1_AQY54373.1	acceptor_superclass::Isoflavonoids	acceptor_superclass::Flavonoids;acceptor_superclass::Isoflavonoids;acceptor_superclass::Ornithine alkaloids;acceptor_superclass::Pseudoalkaloids;acceptor_superclass::Triterpenoids	0,0,0,0,0,0,1,0,0,0,0,0,0,0,0,0,0,0,0,0,0,0,0	0,0,0,0,0,1,1,0,0,0,0,1,0,0,0,0,1,0,0,0,1,0,0	-0.064919,-0.079422,-0.964516,-0.441364,-0.844666,0.465959,0.515500,-0.857424,-1.279162,-0.750399,-0.489031,0.402145,-0.169884,-0.317382,-0.460423,-0.750880,0.283711,-0.835071,-0.183802,-0.086850,0.106474,-0.596621,-0.121086
Gmax_IMAT3_AQY54374.1	Gmax_IMAT3_AQY54374.1	acceptor_superclass::Isoflavonoids	acceptor_superclass::Coumarins;acceptor_superclass::Flavonoids;acceptor_superclass::Isoflavonoids;acceptor_superclass::Ornithine alkaloids;acceptor_superclass::Phenanthrenoids;acceptor_superclass::Pseudoalkaloids;acceptor_superclass::Steroids	0,0,0,0,0,0,1,0,0,0,0,0,0,0,0,0,0,0,0,0,0,0,0	1,0,0,0,0,1,1,0,0,0,0,1,1,0,0,0,1,0,0,1,0,0,0	0.748904,-0.057895,-1.238101,-0.465868,-0.841546,0.768728,0.854648,-1.142623,-1.305463,-0.959443,-0.251182,0.190182,0.419241,-0.074170,-0.539908,-0.681496,0.081849,-1.088169,-0.164059,0.692285,-0.341669,-1.004135,-0.288821
Gmax_MT7_ABY59019.1	Gmax_MT7_ABY59019.1	acceptor_superclass::Flavonoids;acceptor_superclass::Isoflavonoids	acceptor_superclass::Coumarins;acceptor_superclass::Flavonoids;acceptor_superclass::Isoflavonoids;acceptor_superclass::Ornithine alkaloids;acceptor_superclass::Phenanthrenoids;acceptor_superclass::Phenolic acids (C6-C1);acceptor_superclass::Pseudoalkaloids;acceptor_superclass::Small peptides;acceptor_superclass::Steroids;acceptor_superclass::Tyrosine alkaloids	0,0,0,0,0,1,1,0,0,0,0,0,0,0,0,0,0,0,0,0,0,0,0	1,0,0,0,0,1,1,0,0,0,0,1,1,1,0,0,1,0,1,1,0,0,1	0.597694,-0.258284,-1.294265,-0.082271,-0.777878,0.719351,0.905437,-0.963698,-1.584244,-0.931459,-0.270488,0.296030,0.597694,0.086643,-0.337905,-0.664481,0.069553,-1.237683,0.200080,0.715218,-0.603668,-1.289895,0.165195
Gmax_SSACT1_KRH01153.1	Gmax_SSACT1_KRH01153.1	acceptor_superclass::Triterpenoids	acceptor_superclass::Coumarins;acceptor_superclass::Flavonoids;acceptor_superclass::Isoflavonoids;acceptor_superclass::Ornithine alkaloids;acceptor_superclass::Phenanthrenoids;acceptor_superclass::Pseudoalkaloids;acceptor_superclass::Steroids	0,0,0,0,0,0,0,0,0,0,0,0,0,0,0,0,0,0,0,0,1,0,0	1,0,0,0,0,1,1,0,0,0,0,1,1,0,0,0,1,0,0,1,0,0,0	0.176526,-0.226455,-0.449754,-0.473651,-0.808812,0.617463,0.685244,-0.936088,-1.138171,-0.635592,-0.012038,0.589944,0.176526,-0.673727,-0.233662,-0.487429,0.524231,-0.686546,-0.607005,0.252903,-0.604755,-0.596304,-0.130038
Gtri_53AAT_BAA74428.1	Gtri_53AAT_BAA74428.1	acceptor_superclass::Flavonoids	acceptor_superclass::Flavonoids;acceptor_superclass::Isoflavonoids;acceptor_superclass::Ornithine alkaloids;acceptor_superclass::Pseudoalkaloids;acceptor_superclass::Steroids	0,0,0,0,0,1,0,0,0,0,0,0,0,0,0,0,0,0,0,0,0,0,0	0,0,0,0,0,1,1,0,0,0,0,1,0,0,0,0,1,0,0,1,0,0,0	-0.066846,-0.129504,-0.873692,-0.294195,-0.275942,0.449689,0.345359,-1.007110,-1.155442,-0.543333,-0.324180,0.104659,-0.066846,-0.254484,-0.269736,-0.435843,0.025849,-0.980241,-0.386620,0.166180,-0.284003,-0.776597,-0.002986
Gtri_53AAT_BAA74428.1	Gtri_5AT_BAA74428.1	acceptor_superclass::Flavonoids	acceptor_superclass::Coumarins;acceptor_superclass::Flavonoids;acceptor_superclass::Isoflavonoids;acceptor_superclass::Phenanthrenoids;acceptor_superclass::Steroids;acceptor_superclass::Triterpenoids	0,0,0,0,0,1,0,0,0,0,0,0,0,0,0,0,0,0,0,0,0,0,0	1,0,0,0,0,1,1,0,0,0,0,0,1,0,0,0,0,0,0,1,1,0,0	0.175114,-0.169453,-0.925847,-0.251860,-0.342823,0.488270,0.406460,-1.124421,-1.111331,-0.662606,-0.242414,-0.015637,0.143163,-0.187646,-0.391970,-0.470053,-0.048727,-1.023719,-0.538076,0.114383,0.028115,-0.621877,-0.325056
Gtri_53AAT_BAA74428.1	Gtri_GAT_BAA74428.1	acceptor_superclass::Flavonoids	acceptor_superclass::Coumarins;acceptor_superclass::Flavonoids;acceptor_superclass::Isoflavonoids;acceptor_superclass::Phenanthrenoids;acceptor_superclass::Steroids;acceptor_superclass::Triterpenoids	0,0,0,0,0,1,0,0,0,0,0,0,0,0,0,0,0,0,0,0,0,0,0	1,0,0,0,0,1,1,0,0,0,0,0,1,0,0,0,0,0,0,1,1,0,0	0.156680,-0.483828,-0.929271,-0.370636,-0.331806,0.483337,0.377407,-0.895985,-1.167155,-0.721045,-0.092672,-0.080261,0.155653,-0.289236,-0.390836,-0.537440,-0.260748,-1.068218,-0.413869,0.121826,0.256200,-0.659547,-0.052971
Hann_HCT1_QBM78941.1	Hann_HCT1_QBM78941.1	acceptor_superclass::Phenolic acids (C6-C1)	acceptor_superclass::Fatty Acids and Conjugates;acceptor_superclass::Phenolic acids (C6-C1);acceptor_superclass::Small peptides;acceptor_superclass::Triterpenoids;acceptor_superclass::Tyrosine alkaloids	0,0,0,0,0,0,0,0,0,0,0,0,0,1,0,0,0,0,0,0,0,0,0	0,0,0,1,0,0,0,0,0,0,0,0,0,1,0,0,0,0,1,0,1,0,1	-0.574542,-0.953947,-1.485264,0.369284,-0.265627,-0.197752,-0.531356,-0.335091,-1.127337,-0.405909,-0.939572,-0.303717,-0.690630,0.955009,-0.154995,-0.203615,-0.490282,-1.050997,0.590310,-0.471785,0.119554,-0.656749,0.586013
Hann_HCT2_QBM78942.1	Hann_HCT2_QBM78942.1	acceptor_superclass::Phenolic acids (C6-C1)	acceptor_superclass::Fatty Acids and Conjugates;acceptor_superclass::Phenolic acids (C6-C1);acceptor_superclass::Small peptides;acceptor_superclass::Tyrosine alkaloids	0,0,0,0,0,0,0,0,0,0,0,0,0,1,0,0,0,0,0,0,0,0,0	0,0,0,1,0,0,0,0,0,0,0,0,0,1,0,0,0,0,1,0,0,0,1	-0.848092,-0.906781,-1.055011,0.228844,-0.240722,-0.237832,-0.833582,-0.044556,-0.762902,-0.331563,-0.979838,-0.148277,-0.898090,0.689078,-0.298294,-0.195392,-0.384294,-1.063254,0.413542,-0.791764,-0.283596,-0.726163,0.244169
Hann_HQT1_QBM78938.1	Hann_HQT1_QBM78938.1	acceptor_superclass::Phenolic acids (C6-C1)	acceptor_superclass::Fatty Acids and Conjugates;acceptor_superclass::Lignans;acceptor_superclass::Phenolic acids (C6-C1);acceptor_superclass::Small peptides;acceptor_superclass::Tyrosine alkaloids	0,0,0,0,0,0,0,0,0,0,0,0,0,1,0,0,0,0,0,0,0,0,0	0,0,0,1,0,0,0,1,0,0,0,0,0,1,0,0,0,0,1,0,0,0,1	-0.766100,-1.104002,-1.132340,0.288060,-0.416548,-0.468810,-0.687449,0.060372,-0.984251,-0.475839,-0.966351,-0.380335,-0.766100,0.887643,-0.264257,-0.194612,-0.523259,-1.078496,0.638109,-0.586601,-0.233389,-0.916528,0.272384
Hann_HQT2_QBM78939.1	Hann_HQT2_QBM78939.1	acceptor_superclass::Phenolic acids (C6-C1)	acceptor_superclass::Fatty Acids and Conjugates;acceptor_superclass::Phenolic acids (C6-C1);acceptor_superclass::Small peptides;acceptor_superclass::Tyrosine alkaloids	0,0,0,0,0,0,0,0,0,0,0,0,0,1,0,0,0,0,0,0,0,0,0	0,0,0,1,0,0,0,0,0,0,0,0,0,1,0,0,0,0,1,0,0,0,1	-0.632834,-0.903413,-1.034798,0.015180,-0.311031,-0.112362,-0.579818,-0.121382,-0.921060,-0.412053,-0.840494,-0.248503,-0.816942,0.586584,-0.274197,-0.218633,-0.413596,-1.016508,0.396485,-0.727334,-0.071488,-0.713970,0.240269
Hann_HQT3_QBM78940.1	Hann_HQT3_QBM78940.1	acceptor_superclass::Phenolic acids (C6-C1)	acceptor_superclass::Phenolic acids (C6-C1);acceptor_superclass::Small peptides;acceptor_superclass::Tyrosine alkaloids	0,0,0,0,0,0,0,0,0,0,0,0,0,1,0,0,0,0,0,0,0,0,0	0,0,0,0,0,0,0,0,0,0,0,0,0,1,0,0,0,0,1,0,0,0,1	-0.819752,-0.775061,-0.821458,-0.090819,-0.242142,-0.264631,-0.788685,-0.071295,-0.642576,-0.357771,-0.694872,-0.208118,-1.010202,0.549487,-0.373502,-0.176266,-0.297822,-1.049507,0.246276,-0.933514,-0.164173,-0.614633,0.135217
Hcan_PMT_KAL4341785.1	Hcan_PMT_KAL4341785.1	acceptor_superclass::Phenylpropanoids (C6-C3)	acceptor_superclass::Fatty acyls;acceptor_superclass::Lignans;acceptor_superclass::Lysine alkaloids;acceptor_superclass::Monoterpenoids;acceptor_superclass::Phenylpropanoids (C6-C3)	0,0,0,0,0,0,0,0,0,0,0,0,0,0,0,1,0,0,0,0,0,0,0	0,0,0,0,1,0,0,1,1,1,0,0,0,0,0,1,0,0,0,0,0,0,0	-0.983073,-0.968086,-0.614980,-0.166719,0.318014,-0.432025,-1.153128,0.193344,0.016519,0.005655,-0.829089,-0.806463,-0.983073,-0.097807,-0.181227,0.167562,-0.624075,-0.677237,-0.100641,-0.752438,-0.530154,-0.903070,-0.339273
Hmur_ACT_BCN87077.1	Hmur_ACT_BCN87077.1	acceptor_superclass::Ornithine alkaloids;acceptor_superclass::Pseudoalkaloids	acceptor_superclass::Ornithine alkaloids;acceptor_superclass::Phenolic acids (C6-C1);acceptor_superclass::Pseudoalkaloids	0,0,0,0,0,0,0,0,0,0,0,1,0,0,0,0,1,0,0,0,0,0,0	0,0,0,0,0,0,0,0,0,0,0,1,0,1,0,0,1,0,0,0,0,0,0	-0.508336,-0.414398,-0.964552,-0.279696,-0.371339,-0.150777,-0.248654,-0.804854,-0.747821,-0.551414,-0.517910,0.459377,-0.538887,0.030331,-0.271880,-0.194344,0.416600,-0.820017,-0.170294,-0.504805,-0.532987,-0.513029,-0.186972
Hpol_BAHD3_NA	Hpol_BAHD3_NA	acceptor_superclass::Tyrosine alkaloids	acceptor_superclass::Coumarins;acceptor_superclass::Flavonoids;acceptor_superclass::Isoflavonoids;acceptor_superclass::Naphthalenes;acceptor_superclass::Triterpenoids	0,0,0,0,0,0,0,0,0,0,0,0,0,0,0,0,0,0,0,0,0,0,1	1,0,0,0,0,1,1,0,0,0,1,0,0,0,0,0,0,0,0,0,1,0,0	0.040338,-0.528017,-0.886976,-0.330648,-0.475630,0.135072,0.188825,-0.767703,-1.042071,-0.572834,0.216995,-0.270240,-0.069621,-0.162527,-0.304982,-0.405183,-0.144375,-0.957668,-0.478857,-0.148706,0.147239,-0.235910,-0.077628
Hvul_ACT1-1_AAO73071.1	Hvul_ACT1-1_AAO73071.1	acceptor_superclass::Ornithine alkaloids	acceptor_superclass::Ornithine alkaloids;acceptor_superclass::Pseudoalkaloids	0,0,0,0,0,0,0,0,0,0,0,1,0,0,0,0,0,0,0,0,0,0,0	0,0,0,0,0,0,0,0,0,0,0,1,0,0,0,0,1,0,0,0,0,0,0	-0.677056,-0.339156,-0.751923,-0.455238,-0.220075,-0.140924,-0.475647,-0.357005,-0.497431,-0.357962,-0.636578,0.584356,-0.590838,-0.155926,-0.250565,-0.147838,0.552094,-0.751830,-0.179510,-0.672015,-0.356114,-0.626993,-0.236270
Hvul_ACT1-1_BAF97626	Hvul_ACT1-1_BAF97626	acceptor_superclass::Ornithine alkaloids;acceptor_superclass::Pseudoalkaloids	acceptor_superclass::Ornithine alkaloids;acceptor_superclass::Pseudoalkaloids	0,0,0,0,0,0,0,0,0,0,0,1,0,0,0,0,1,0,0,0,0,0,0	0,0,0,0,0,0,0,0,0,0,0,1,0,0,0,0,1,0,0,0,0,0,0	-0.822293,-0.399664,-0.745873,-0.410667,-0.206665,-0.187645,-0.554958,-0.383414,-0.585054,-0.257254,-0.636226,0.564128,-0.822293,-0.152032,-0.119620,-0.049585,0.480508,-0.690705,-0.269503,-0.684009,-0.623007,-0.840976,-0.191577
Hvul_ACT1-2_BAF97627.1	Hvul_ACT1-2_BAF97627	acceptor_superclass::Ornithine alkaloids;acceptor_superclass::Pseudoalkaloids	acceptor_superclass::Ornithine alkaloids;acceptor_superclass::Pseudoalkaloids	0,0,0,0,0,0,0,0,0,0,0,1,0,0,0,0,1,0,0,0,0,0,0	0,0,0,0,0,0,0,0,0,0,0,1,0,0,0,0,1,0,0,0,0,0,0	-0.613794,-0.543109,-0.815567,-0.289950,-0.377921,-0.257869,-0.373293,-0.738650,-0.664678,-0.474371,-0.573664,0.528171,-0.582656,-0.047001,-0.262705,-0.150011,0.493365,-0.752513,-0.176367,-0.661178,-0.604211,-0.529365,-0.259082
Hvul_ACT1-2_BAF97627.1	Hvul_ACT1-2_BAF97627.1	acceptor_superclass::Ornithine alkaloids	acceptor_superclass::Ornithine alkaloids;acceptor_superclass::Pseudoalkaloids	0,0,0,0,0,0,0,0,0,0,0,1,0,0,0,0,0,0,0,0,0,0,0	0,0,0,0,0,0,0,0,0,0,0,1,0,0,0,0,1,0,0,0,0,0,0	-0.608317,-0.467117,-0.793143,-0.360171,-0.335341,-0.134064,-0.397484,-0.375443,-0.618827,-0.431601,-0.576550,0.554834,-0.561394,-0.085207,-0.305279,-0.250137,0.534451,-0.794263,-0.120626,-0.680229,-0.294298,-0.580178,-0.135362
Hvul_ACT2_BAK00935.1	Hvul_ACT2_BAK00935.1	acceptor_superclass::Ornithine alkaloids;acceptor_superclass::Pseudoalkaloids	acceptor_superclass::Ornithine alkaloids;acceptor_superclass::Pseudoalkaloids	0,0,0,0,0,0,0,0,0,0,0,1,0,0,0,0,1,0,0,0,0,0,0	0,0,0,0,0,0,0,0,0,0,0,1,0,0,0,0,1,0,0,0,0,0,0	-0.667142,-0.386436,-0.954514,-0.293460,-0.316752,-0.109547,-0.427193,-0.248986,-0.575852,-0.430417,-0.623369,0.524915,-0.677177,-0.111491,-0.202738,-0.143031,0.466301,-0.627142,-0.048781,-0.514817,-0.340145,-0.627998,-0.068345
Hvul_ACT1-1_AAO73071.1	Hvul_ACT_AAO73071.1	acceptor_superclass::Ornithine alkaloids	acceptor_superclass::Ornithine alkaloids;acceptor_superclass::Pseudoalkaloids	0,0,0,0,0,0,0,0,0,0,0,1,0,0,0,0,0,0,0,0,0,0,0	0,0,0,0,0,0,0,0,0,0,0,1,0,0,0,0,1,0,0,0,0,0,0	-0.719144,-0.424251,-0.764735,-0.367907,-0.265298,-0.133977,-0.474045,-0.366664,-0.556232,-0.393340,-0.676193,0.568370,-0.646066,-0.145023,-0.191197,-0.094135,0.477598,-0.545810,-0.098222,-0.719312,-0.439212,-0.670897,-0.212052
Ibat_HQT_BAA87043.1	Ibat_HQT_BAA87043.1	acceptor_superclass::Phenolic acids (C6-C1)	acceptor_superclass::Fatty Acids and Conjugates;acceptor_superclass::Phenolic acids (C6-C1);acceptor_superclass::Small peptides;acceptor_superclass::Tyrosine alkaloids	0,0,0,0,0,0,0,0,0,0,0,0,0,1,0,0,0,0,0,0,0,0,0	0,0,0,1,0,0,0,0,0,0,0,0,0,1,0,0,0,0,1,0,0,0,1	-0.582560,-0.908259,-1.067378,0.135867,-0.285353,-0.173674,-0.715539,-0.077184,-1.014087,-0.354169,-0.967542,-0.324885,-0.665736,0.739600,-0.216300,-0.184665,-0.582494,-0.915000,0.559952,-0.680298,-0.177996,-0.750520,0.337311
Ihol_3AT1_BAE72676.1	Ihol_3AT1_BAE72676.1	acceptor_superclass::Flavonoids	acceptor_superclass::Diterpenoids;acceptor_superclass::Fatty acyls;acceptor_superclass::Lysine alkaloids;acceptor_superclass::Monoterpenoids;acceptor_superclass::Phenylethanoids (C6-C2);acceptor_superclass::Phenylpropanoids (C6-C3);acceptor_superclass::Pseudoalkaloids	0,0,0,0,0,1,0,0,0,0,0,0,0,0,0,0,0,0,0,0,0,0,0	0,0,1,0,1,0,0,0,1,1,0,0,0,0,1,1,1,0,0,0,0,0,0	-0.856197,-0.330265,0.298378,-0.672891,0.354820,-0.047990,-0.937150,-0.637692,0.176143,0.439076,-0.665205,-0.062839,-0.723965,-1.402183,0.133963,0.147216,0.078747,-0.339724,-1.010872,-0.787799,-0.979434,-0.674091,-0.790053
Ihol_3AT2_BAE94328.1	Ihol_3AT2_BAE94328.1	acceptor_superclass::Flavonoids	acceptor_superclass::Diterpenoids;acceptor_superclass::Fatty acyls;acceptor_superclass::Lysine alkaloids;acceptor_superclass::Monoterpenoids;acceptor_superclass::Phenylethanoids (C6-C2);acceptor_superclass::Phenylpropanoids (C6-C3)	0,0,0,0,0,1,0,0,0,0,0,0,0,0,0,0,0,0,0,0,0,0,0	0,0,1,0,1,0,0,0,1,1,0,0,0,0,1,1,0,0,0,0,0,0,0	-0.806391,-0.074609,0.445859,-0.571912,0.417523,-0.002962,-0.835888,-0.513420,0.059340,0.524832,-0.659620,-0.097439,-0.634143,-1.378472,0.085221,0.121105,-0.060739,-0.397004,-1.014761,-0.759261,-0.869408,-0.554866,-0.780317
Jsam_BEAT1_UJH94663.1	Jsam_BEAT1_UJH94663.1		acceptor_superclass::Fatty Acids and Conjugates;acceptor_superclass::Fatty acyls;acceptor_superclass::Phenylethanoids (C6-C2);acceptor_superclass::Phenylpropanoids (C6-C3)	0,0,0,0,0,0,0,0,0,0,0,0,0,0,0,0,0,0,0,0,0,0,0	0,0,0,1,1,0,0,0,0,0,0,0,0,0,1,1,0,0,0,0,0,0,0	-0.277126,-0.868214,-0.504789,0.025347,0.318433,-0.167231,-0.599786,-0.314984,-0.292126,-0.015546,-0.436055,-0.202038,-0.036424,-0.456562,0.032652,0.218689,-0.209293,-0.836687,-0.494724,-0.476414,-0.745660,-1.126441,-0.589233
Jsam_BEAT2_UJH94664.1	Jsam_BEAT2_UJH94664.1		acceptor_superclass::Fatty Acids and Conjugates;acceptor_superclass::Small peptides;acceptor_superclass::Tyrosine alkaloids	0,0,0,0,0,0,0,0,0,0,0,0,0,0,0,0,0,0,0,0,0,0,0	0,0,0,1,0,0,0,0,0,0,0,0,0,0,0,0,0,0,1,0,0,0,1	-0.546098,-0.802668,-0.647604,0.407592,-0.299816,-0.246311,-0.501239,-0.277735,-0.996545,-0.268060,-0.723868,-0.240462,-0.546098,-0.081335,-0.076518,-0.176806,-0.268654,-0.684018,0.026117,-0.286664,-0.238711,-0.485255,0.095081
Lalb_HMT_BAD89275.1	Lalb_HMT_BAD89275.1	acceptor_superclass::Lysine alkaloids	acceptor_superclass::Fatty acyls;acceptor_superclass::Lysine alkaloids;acceptor_superclass::Monoterpenoids;acceptor_superclass::Phenylpropanoids (C6-C3)	0,0,0,0,0,0,0,0,1,0,0,0,0,0,0,0,0,0,0,0,0,0,0	0,0,0,0,1,0,0,0,1,1,0,0,0,0,0,1,0,0,0,0,0,0,0	-1.053843,-0.640337,-0.090198,-0.543614,0.465142,-0.313142,-1.059348,-0.528759,0.077913,0.276263,-0.731376,-0.439590,-0.879672,-0.663727,-0.135754,0.223226,-0.223197,-0.432004,-0.607552,-0.950012,-0.500478,-0.608789,-0.448956
Lang_RAS_ABI48360.1	Lang_AAT1_ABI48360.1	acceptor_superclass::Tyrosine alkaloids	acceptor_superclass::Fatty Acids and Conjugates;acceptor_superclass::Phenolic acids (C6-C1);acceptor_superclass::Small peptides;acceptor_superclass::Tyrosine alkaloids	0,0,0,0,0,0,0,0,0,0,0,0,0,0,0,0,0,0,0,0,0,0,1	0,0,0,1,0,0,0,0,0,0,0,0,0,1,0,0,0,0,1,0,0,0,1	-0.640763,-0.668706,-0.819412,0.050380,-0.425470,-0.282307,-0.622336,-0.906724,-0.648712,-0.384458,-0.957242,-0.116643,-0.778739,0.271071,-0.250474,-0.101069,-0.178284,-0.544174,0.260985,-0.468041,-0.712307,-0.430050,0.116804
Lang_RAS_ABI48360.1	Lang_AT1_ABI48360.1	acceptor_superclass::Phenolic acids (C6-C1);acceptor_superclass::Small peptides;acceptor_superclass::Tryptophan alkaloids;acceptor_superclass::Tyrosine alkaloids	acceptor_superclass::Fatty Acids and Conjugates;acceptor_superclass::Lignans;acceptor_superclass::Phenolic acids (C6-C1);acceptor_superclass::Small peptides;acceptor_superclass::Tyrosine alkaloids	0,0,0,0,0,0,0,0,0,0,0,0,0,1,0,0,0,0,1,0,0,1,1	0,0,0,1,0,0,0,1,0,0,0,0,0,1,0,0,0,0,1,0,0,0,1	-0.648508,-0.682480,-0.823168,0.060229,-0.391712,-0.118219,-0.547360,0.004348,-0.684832,-0.324058,-0.966966,-0.118096,-0.648508,0.234766,-0.203164,-0.098469,-0.126373,-0.598456,0.129239,-0.513172,-0.393658,-0.804983,0.112617
Lang_RAS_ABI48360.1	Lang_RAS_ABI48360.1		acceptor_superclass::Fatty Acids and Conjugates;acceptor_superclass::Lignans;acceptor_superclass::Phenolic acids (C6-C1);acceptor_superclass::Small peptides;acceptor_superclass::Tyrosine alkaloids	0,0,0,0,0,0,0,0,0,0,0,0,0,0,0,0,0,0,0,0,0,0,0	0,0,0,1,0,0,0,1,0,0,0,0,0,1,0,0,0,0,1,0,0,0,1	-0.648508,-0.682480,-0.823168,0.060229,-0.391712,-0.118219,-0.547360,0.004348,-0.684832,-0.324058,-0.966966,-0.118096,-0.648508,0.234766,-0.203164,-0.098469,-0.126373,-0.598456,0.129239,-0.513172,-0.393658,-0.804983,0.112617
Lang_RAS_AEA36976.1	Lang_RAS_AEA36976.1		acceptor_superclass::Phenolic acids (C6-C1);acceptor_superclass::Small peptides	0,0,0,0,0,0,0,0,0,0,0,0,0,0,0,0,0,0,0,0,0,0,0	0,0,0,0,0,0,0,0,0,0,0,0,0,1,0,0,0,0,1,0,0,0,0	-0.565361,-0.520536,-0.784235,-0.106796,-0.327103,-0.018638,-0.476202,-0.058958,-0.601140,-0.306880,-0.936058,-0.025997,-0.565361,0.073877,-0.197103,-0.078257,-0.035031,-0.597335,0.043022,-0.455509,-0.540751,-0.931202,-0.003819
Lery_AAT1_BBV14786.1	Lery_AAT1_BBV14786.1	acceptor_superclass::Naphthalenes	acceptor_superclass::Diterpenoids;acceptor_superclass::Naphthalenes;acceptor_superclass::Saccharides;acceptor_superclass::Tryptophan alkaloids	0,0,0,0,0,0,0,0,0,0,1,0,0,0,0,0,0,0,0,0,0,0,0	0,0,1,0,0,0,0,0,0,0,1,0,0,0,0,0,0,1,0,0,0,1,0	-0.832244,-0.338863,0.141821,-1.024155,-0.150738,-0.555411,-0.765051,-1.182290,-0.056906,-0.138143,0.569748,-0.331050,-0.418602,-1.313484,-0.103297,-0.155389,-0.248726,0.171042,-1.197920,-0.467198,-0.212043,0.039566,-0.391923
Lery_AAT2_BDW80085.1	Lery_AAT2_BDW80085.1	acceptor_superclass::Naphthalenes	acceptor_superclass::Diterpenoids;acceptor_superclass::Naphthalenes;acceptor_superclass::Pseudoalkaloids;acceptor_superclass::Triterpenoids	0,0,0,0,0,0,0,0,0,0,1,0,0,0,0,0,0,0,0,0,0,0,0	0,0,1,0,0,0,0,0,0,0,1,0,0,0,0,0,1,0,0,0,1,0,0	-0.654907,-0.261667,0.186723,-1.104002,-0.297771,-0.366034,-0.453507,-0.111140,-0.227309,-0.147383,0.730319,-0.178164,-0.423531,-1.366176,-0.205974,-0.176242,0.056464,-0.222000,-1.349755,-0.453369,0.070036,-0.094694,-0.268559
Lery_SAT1_BBV14785.1	Lery_SAT1_BBV14785.1	acceptor_superclass::Naphthalenes	acceptor_superclass::Naphthalenes	0,0,0,0,0,0,0,0,0,0,1,0,0,0,0,0,0,0,0,0,0,0,0	0,0,0,0,0,0,0,0,0,0,1,0,0,0,0,0,0,0,0,0,0,0,0	-0.747631,-0.761311,-0.082802,-0.596248,-0.216526,-0.577044,-0.713894,-1.011889,-0.480000,-0.263801,0.532289,-0.348863,-0.372334,-0.896233,-0.128944,-0.171158,-0.314308,-0.129324,-0.982630,-0.581455,-0.000647,-0.024048,-0.308458
Lery_SAT2_BDW80077.1	Lery_SAT2_BDW80077.1	acceptor_superclass::Naphthalenes	acceptor_superclass::Diterpenoids;acceptor_superclass::Naphthalenes;acceptor_superclass::Triterpenoids;acceptor_superclass::Tryptophan alkaloids	0,0,0,0,0,0,0,0,0,0,1,0,0,0,0,0,0,0,0,0,0,0,0	0,0,1,0,0,0,0,0,0,0,1,0,0,0,0,0,0,0,0,0,1,1,0	-0.963773,-0.485364,0.089157,-0.667062,-0.282778,-0.507595,-0.661026,-0.539736,-0.542615,-0.107044,0.695008,-0.355709,-0.963773,-1.033284,-0.189506,-0.219617,-0.128820,-0.184942,-1.142806,-0.482573,0.150986,0.281904,-0.089071
Lint_AAT-3_AIW81431.1	Lint_AAT-3_AIW81431.1	acceptor_superclass::Monoterpenoids	acceptor_superclass::Fatty acyls;acceptor_superclass::Lignans;acceptor_superclass::Phenylpropanoids (C6-C3)	0,0,0,0,0,0,0,0,0,1,0,0,0,0,0,0,0,0,0,0,0,0,0	0,0,0,0,1,0,0,1,0,0,0,0,0,0,0,1,0,0,0,0,0,0,0	-0.780911,-1.013085,-0.371617,-0.171973,0.207716,-0.363602,-0.935620,0.081028,-0.174800,-0.044209,-0.603307,-0.689950,-0.780911,-0.309346,-0.266890,0.066293,-0.544000,-0.709562,-0.233810,-0.592101,-0.558121,-0.699875,-0.352012
Lint_AAT-4_AIW81432.1	Lint_AAT-4_AIW81432.1	acceptor_superclass::Monoterpenoids	acceptor_superclass::Fatty Acids and Conjugates;acceptor_superclass::Saccharides;acceptor_superclass::Triterpenoids;acceptor_superclass::Tryptophan alkaloids	0,0,0,0,0,0,0,0,0,1,0,0,0,0,0,0,0,0,0,0,0,0,0	0,0,0,1,0,0,0,0,0,0,0,0,0,0,0,0,0,1,0,0,1,1,0	-1.245121,-1.399855,-0.283025,0.067735,-0.386017,-0.785013,-1.105849,-0.576665,-0.860065,-0.310682,-0.155834,-0.610075,-0.684539,-0.103522,-0.073093,-0.049326,-0.505235,0.049287,-0.403739,-1.018506,0.534033,0.533333,-0.139830
Ljap_HQT_ACZ52698.1	Ljap_HQT_ACZ52698.1	acceptor_superclass::Phenolic acids (C6-C1)	acceptor_superclass::Fatty Acids and Conjugates;acceptor_superclass::Lignans;acceptor_superclass::Phenolic acids (C6-C1);acceptor_superclass::Small peptides;acceptor_superclass::Tyrosine alkaloids	0,0,0,0,0,0,0,0,0,0,0,0,0,1,0,0,0,0,0,0,0,0,0	0,0,0,1,0,0,0,1,0,0,0,0,0,1,0,0,0,0,1,0,0,0,1	-0.489009,-0.861008,-1.049261,0.098542,-0.297965,-0.074582,-0.607955,0.063666,-0.990826,-0.257618,-0.877477,-0.191561,-0.607616,0.461876,-0.188048,-0.110498,-0.413559,-1.187966,0.352638,-0.575988,-0.342411,-0.883793,0.179029
Lori_AAT1_WKK95849.1	Lori_AAT1_WKK95849.1	acceptor_superclass::Fatty acyls	acceptor_superclass::Fatty acyls;acceptor_superclass::Lysine alkaloids;acceptor_superclass::Monoterpenoids;acceptor_superclass::Phenylethanoids (C6-C2);acceptor_superclass::Phenylpropanoids (C6-C3)	0,0,0,0,1,0,0,0,0,0,0,0,0,0,0,0,0,0,0,0,0,0,0	0,0,0,0,1,0,0,0,1,1,0,0,0,0,1,1,0,0,0,0,0,0,0	-0.875504,-0.779203,-0.326575,-0.150455,0.204745,-0.479630,-1.142626,-0.041299,0.011227,0.201049,-0.527563,-0.572996,-0.678206,-0.341553,0.044235,0.303799,-0.569631,-0.510067,-0.364900,-0.905736,-0.450976,-0.647536,-0.353155
Lpur_3MAT1_AAS77404.1	Lpur_3MAT1_AAS77404.1	acceptor_superclass::Flavonoids;acceptor_superclass::Isoflavonoids;acceptor_superclass::Phenolic acids (C6-C1)	acceptor_superclass::Coumarins;acceptor_superclass::Flavonoids;acceptor_superclass::Isoflavonoids;acceptor_superclass::Phenanthrenoids;acceptor_superclass::Steroids;acceptor_superclass::Tyrosine alkaloids	0,0,0,0,0,1,1,0,0,0,0,0,0,1,0,0,0,0,0,0,0,0,0	1,0,0,0,0,1,1,0,0,0,0,0,1,0,0,0,0,0,0,1,0,0,1	0.311446,-0.632717,-1.037024,-0.271996,-0.550484,0.410370,0.291944,-0.531427,-0.953051,-0.450011,-0.065338,-0.162245,0.355094,-0.453955,-0.134891,-0.392216,-0.200802,-0.876157,-0.223302,0.372040,-0.282038,-0.583506,0.000413
Lrob_AT1_WEX29780.1	Lrob_AT1_WEX29780.1	acceptor_superclass::Phenylethanoids (C6-C2)	acceptor_superclass::Fatty Acids and Conjugates;acceptor_superclass::Phenolic acids (C6-C1);acceptor_superclass::Phenylethanoids (C6-C2);acceptor_superclass::Small peptides;acceptor_superclass::Tyrosine alkaloids	0,0,0,0,0,0,0,0,0,0,0,0,0,0,1,0,0,0,0,0,0,0,0	0,0,0,1,0,0,0,0,0,0,0,0,0,1,1,0,0,0,1,0,0,0,1	-0.314813,-1.056743,-1.338297,0.501385,-0.683354,-0.300211,-0.407268,-1.535391,-1.467575,-0.484956,-0.597293,-0.054097,-0.146455,0.577828,0.023781,-0.185944,-0.249655,-0.923282,0.348510,-0.509085,-0.303364,-0.525148,0.123719
Lsat_BOS_QYL33117.1	Lsat_BOS_QYL33117.1	acceptor_superclass::Small peptides	acceptor_superclass::Flavonoids	0,0,0,0,0,0,0,0,0,0,0,0,0,0,0,0,0,0,1,0,0,0,0	0,0,0,0,0,1,0,0,0,0,0,0,0,0,0,0,0,0,0,0,0,0,0	-0.368424,-0.139604,-0.720671,-0.815372,-0.355088,0.137313,-0.203685,-0.174775,-0.381394,-0.280206,-0.375102,-0.040344,-0.368424,-0.391488,-0.114310,-0.179876,-0.022943,-0.726063,-0.126897,-0.035081,-0.596760,-0.680309,-0.076699
Lsat_BOS_QYL33117.1	Lsat_DS_QYL33117.1	acceptor_superclass::Small peptides	acceptor_superclass::Flavonoids	0,0,0,0,0,0,0,0,0,0,0,0,0,0,0,0,0,0,1,0,0,0,0	0,0,0,0,0,1,0,0,0,0,0,0,0,0,0,0,0,0,0,0,0,0,0	-0.197518,-0.170552,-0.658616,-0.838211,-0.408208,0.130288,-0.131733,-0.482784,-0.371186,-0.292325,-0.323579,-0.028684,-0.404397,-0.435166,-0.124512,-0.148074,-0.038059,-0.753545,-0.240471,-0.086738,-0.290428,-0.566430,-0.207171
Ltri_CAAT1_AHA90802.1	Ltri_CAAT1_AHA90802.1	acceptor_superclass::Phenylpropanoids (C6-C3)	acceptor_superclass::Cyclic polyketides;acceptor_superclass::Diterpenoids;acceptor_superclass::Fatty acyls;acceptor_superclass::Lysine alkaloids;acceptor_superclass::Monoterpenoids;acceptor_superclass::Saccharides	0,0,0,0,0,0,0,0,0,0,0,0,0,0,0,1,0,0,0,0,0,0,0	0,1,1,0,1,0,0,0,1,1,0,0,0,0,0,0,0,1,0,0,0,0,0	-1.023917,0.046965,0.415549,-1.483505,0.149450,-0.504622,-0.946189,-1.245235,0.724048,0.157743,-0.176283,-0.164473,-0.843600,-1.445022,-0.102340,-0.003230,-0.047377,0.175717,-1.085133,-0.690658,-0.546949,-0.542362,-0.662537
Maze_AT1704_NA	Maze_AT1704_NA	acceptor_superclass::Triterpenoids	acceptor_superclass::Monoterpenoids;acceptor_superclass::Phenylethanoids (C6-C2);acceptor_superclass::Triterpenoids	0,0,0,0,0,0,0,0,0,0,0,0,0,0,0,0,0,0,0,0,1,0,0	0,0,0,0,0,0,0,0,0,1,0,0,0,0,1,0,0,0,0,0,1,0,0	-0.867895,-0.427904,-0.346029,-0.507863,-0.174065,-0.620797,-0.916244,-0.181184,-0.751626,0.053184,-0.196857,-0.628814,-0.472225,-0.455911,0.020472,-0.098844,-0.797405,-0.434037,-0.508015,-0.524508,0.061557,-0.078954,-0.151256
Maze_AT8824_KAJ4723782.1	Maze_AT8824_KAJ4723782.1	acceptor_superclass::Triterpenoids	acceptor_superclass::Diterpenoids;acceptor_superclass::Triterpenoids;acceptor_superclass::Tryptophan alkaloids	0,0,0,0,0,0,0,0,0,0,0,0,0,0,0,0,0,0,0,0,1,0,0	0,0,1,0,0,0,0,0,0,0,0,0,0,0,0,0,0,0,0,0,1,1,0	-1.067963,-0.302909,0.074990,-0.541618,-0.182919,-0.637244,-0.929380,-0.182927,-0.700712,-0.004757,-0.027146,-0.530980,-0.432834,-0.507474,-0.192893,-0.114049,-0.540577,-0.227368,-0.644835,-1.068073,0.351007,0.236481,-0.172229
Mdom_AAT1_AAU14879.2	Mdom_AAT1_AAU14879.2	acceptor_superclass::Fatty acyls;acceptor_superclass::Phenylpropanoids (C6-C3)	acceptor_superclass::Fatty acyls;acceptor_superclass::Monoterpenoids;acceptor_superclass::Phenylpropanoids (C6-C3)	0,0,0,0,1,0,0,0,0,0,0,0,0,0,0,1,0,0,0,0,0,0,0	0,0,0,0,1,0,0,0,0,1,0,0,0,0,0,1,0,0,0,0,0,0,0	-1.096167,-1.176725,-0.296214,-0.029321,0.405485,-0.432675,-1.127824,-0.199451,-0.466554,0.243518,-0.829729,-0.454029,-0.846471,-0.161222,-0.073093,0.276532,-0.339666,-0.704058,-0.343907,-1.067684,-0.369697,-0.558994,-0.400107
Mdom_SHT_ALF00095.1	Mdom_SHT_ALF00095.1	acceptor_superclass::Ornithine alkaloids	acceptor_superclass::Fatty Acids and Conjugates;acceptor_superclass::Ornithine alkaloids;acceptor_superclass::Phenolic acids (C6-C1);acceptor_superclass::Phenylethanoids (C6-C2);acceptor_superclass::Small peptides;acceptor_superclass::Tyrosine alkaloids	0,0,0,0,0,0,0,0,0,0,0,1,0,0,0,0,0,0,0,0,0,0,0	0,0,0,1,0,0,0,0,0,0,0,1,0,1,1,0,0,0,1,0,0,0,1	-0.365567,-0.752356,-1.101082,0.315659,-0.383451,-0.132829,-0.494461,-0.295767,-1.339947,-0.299066,-1.039572,0.003291,-0.169031,0.504171,0.023441,-0.203097,-0.370036,-0.795118,0.417395,-0.385504,-0.196676,-0.879685,0.233124
Mema_HFT_NA	Mema_HFT_NA	acceptor_superclass::Fatty acyls	acceptor_superclass::Fatty Acids and Conjugates	0,0,0,0,1,0,0,0,0,0,0,0,0,0,0,0,0,0,0,0,0,0,0	0,0,0,1,0,0,0,0,0,0,0,0,0,0,0,0,0,0,0,0,0,0,0	-0.822573,-1.112287,-0.327327,0.208588,-0.071475,-0.239019,-0.643569,-0.531862,-0.782238,-0.179441,-0.517819,-0.247596,-0.596101,-0.213494,-0.229285,-0.072890,-0.144012,-0.540270,-0.431956,-0.734200,-0.018275,-0.057995,-0.207973
Mlon_AT1_NA	Mlon_AT1_NA	acceptor_superclass::Phenolic acids (C6-C1)	acceptor_superclass::Fatty Acids and Conjugates;acceptor_superclass::Lignans;acceptor_superclass::Phenolic acids (C6-C1);acceptor_superclass::Phenylpropanoids (C6-C3);acceptor_superclass::Small peptides;acceptor_superclass::Tyrosine alkaloids	0,0,0,0,0,0,0,0,0,0,0,0,0,1,0,0,0,0,0,0,0,0,0	0,0,0,1,0,0,0,1,0,0,0,0,0,1,0,1,0,0,1,0,0,0,1	-0.852814,-1.008309,-0.899652,0.283684,-0.126947,-0.307395,-1.053517,0.159986,-1.003431,-0.093577,-1.128950,-0.314151,-0.837326,0.699986,-0.260610,0.069705,-0.542477,-1.206172,0.522953,-0.805852,-0.319494,-0.610912,0.351714
Mlon_AT2_NA	Mlon_AT2_NA	acceptor_superclass::Phenolic acids (C6-C1)	acceptor_superclass::Fatty Acids and Conjugates;acceptor_superclass::Lignans;acceptor_superclass::Phenolic acids (C6-C1);acceptor_superclass::Phenylethanoids (C6-C2);acceptor_superclass::Phenylpropanoids (C6-C3);acceptor_superclass::Small peptides;acceptor_superclass::Tyrosine alkaloids	0,0,0,0,0,0,0,0,0,0,0,0,0,1,0,0,0,0,0,0,0,0,0	0,0,0,1,0,0,0,1,0,0,0,0,0,1,1,1,0,0,1,0,0,0,1	-0.776965,-0.862344,-1.205243,0.346959,-0.093763,-0.303442,-0.930582,0.084487,-0.878404,-0.105994,-1.177422,-0.404274,-0.837323,0.643142,0.079097,0.012806,-0.613147,-0.808114,0.464161,-0.680118,-0.267894,-0.855228,0.313720
Mlon_AT1_NA	Mlon_AT3_NA	acceptor_superclass::Phenolic acids (C6-C1)	acceptor_superclass::Fatty Acids and Conjugates;acceptor_superclass::Phenolic acids (C6-C1);acceptor_superclass::Phenylpropanoids (C6-C3);acceptor_superclass::Small peptides;acceptor_superclass::Tyrosine alkaloids	0,0,0,0,0,0,0,0,0,0,0,0,0,1,0,0,0,0,0,0,0,0,0	0,0,0,1,0,0,0,0,0,0,0,0,0,1,0,1,0,0,1,0,0,0,1	-0.830940,-0.971580,-0.873531,0.257479,-0.125161,-0.539491,-1.013491,-0.872688,-0.753866,-0.376241,-1.108130,-0.328460,-0.808943,0.683176,-0.220820,0.044769,-0.593429,-1.003412,0.588065,-0.776099,-0.823487,-0.510432,0.226349
Mlon_AT4_NA	Mlon_AT4_NA	acceptor_superclass::Lignans;acceptor_superclass::Phenolic acids (C6-C1)	acceptor_superclass::Fatty Acids and Conjugates;acceptor_superclass::Phenolic acids (C6-C1);acceptor_superclass::Small peptides;acceptor_superclass::Tyrosine alkaloids	0,0,0,0,0,0,0,1,0,0,0,0,0,1,0,0,0,0,0,0,0,0,0	0,0,0,1,0,0,0,0,0,0,0,0,0,1,0,0,0,0,1,0,0,0,1	-0.656416,-0.943531,-0.738234,0.235458,-0.291205,-0.350884,-0.750460,-1.058606,-0.741820,-0.271251,-0.911842,-0.230721,-0.676613,0.246416,-0.213333,-0.026359,-0.311678,-0.743907,0.297015,-0.522939,-0.771803,-0.537687,0.049637
Mlon_AT6_NA	Mlon_AT6_NA	acceptor_superclass::Phenolic acids (C6-C1)	acceptor_superclass::Fatty Acids and Conjugates;acceptor_superclass::Lignans;acceptor_superclass::Phenolic acids (C6-C1);acceptor_superclass::Small peptides;acceptor_superclass::Tyrosine alkaloids	0,0,0,0,0,0,0,0,0,0,0,0,0,1,0,0,0,0,0,0,0,0,0	0,0,0,1,0,0,0,1,0,0,0,0,0,1,0,0,0,0,1,0,0,0,1	-0.794207,-0.649876,-0.853630,0.220706,-0.243885,-0.253783,-0.867108,0.134180,-0.698244,-0.162704,-1.022463,-0.305878,-0.850992,0.236085,-0.019936,-0.071508,-0.532145,-0.823642,0.255851,-0.688309,-0.438623,-0.777246,0.160896
Moff_RAS_CBW35684.1	Moff_RAS_CBW35684.1		acceptor_superclass::Fatty Acids and Conjugates;acceptor_superclass::Lignans;acceptor_superclass::Phenolic acids (C6-C1);acceptor_superclass::Small peptides;acceptor_superclass::Tyrosine alkaloids	0,0,0,0,0,0,0,0,0,0,0,0,0,0,0,0,0,0,0,0,0,0,0	0,0,0,1,0,0,0,1,0,0,0,0,0,1,0,0,0,0,1,0,0,0,1	-0.524788,-0.848348,-1.061974,0.142460,-0.266269,-0.091345,-0.679084,0.122178,-1.043432,-0.197204,-0.843200,-0.270432,-0.520381,0.363864,-0.136981,-0.018734,-0.466668,-1.092198,0.302760,-0.472793,-0.362130,-0.687782,0.274606
Mpal_HCT_AXN55971.1	Mpal_HCT_AXN55971.1	acceptor_superclass::Phenolic acids (C6-C1)	acceptor_superclass::Fatty Acids and Conjugates;acceptor_superclass::Ornithine alkaloids;acceptor_superclass::Phenolic acids (C6-C1);acceptor_superclass::Small peptides;acceptor_superclass::Triterpenoids;acceptor_superclass::Tryptophan alkaloids;acceptor_superclass::Tyrosine alkaloids	0,0,0,0,0,0,0,0,0,0,0,0,0,1,0,0,0,0,0,0,0,0,0	0,0,0,1,0,0,0,0,0,0,0,1,0,1,0,0,0,0,1,0,1,1,1	-0.717548,-1.145407,-0.665243,0.125597,-0.417861,-0.430814,-0.691699,-0.857062,-1.331199,-0.271559,-1.085885,0.052851,-0.290533,0.727455,-0.263253,-0.553257,-0.212108,-0.207266,0.374814,-0.848940,0.153792,0.062991,0.214741
Mpol_HCT_PTQ49430.1	Mpol_HCT_PTQ49430.1	acceptor_superclass::Phenolic acids (C6-C1)	acceptor_superclass::Fatty Acids and Conjugates;acceptor_superclass::Phenolic acids (C6-C1);acceptor_superclass::Small peptides;acceptor_superclass::Triterpenoids;acceptor_superclass::Tyrosine alkaloids	0,0,0,0,0,0,0,0,0,0,0,0,0,1,0,0,0,0,0,0,0,0,0	0,0,0,1,0,0,0,0,0,0,0,0,0,1,0,0,0,0,1,0,1,0,1	-0.647669,-1.141141,-0.790782,0.571809,-0.558271,-0.375461,-0.470230,-0.721558,-1.116058,-0.232760,-1.009102,-0.293883,-0.435466,0.641495,-0.221130,-0.240493,-0.452212,-0.230130,0.306772,-0.710211,0.102127,-0.354136,0.291717
Msap_AAT_CAC09063.1	Msap_AAT_CAC09063.1	acceptor_superclass::Fatty acyls;acceptor_superclass::Monoterpenoids;acceptor_superclass::Phenylethanoids (C6-C2);acceptor_superclass::Phenylpropanoids (C6-C3)	acceptor_superclass::Monoterpenoids;acceptor_superclass::Phenylethanoids (C6-C2);acceptor_superclass::Phenylpropanoids (C6-C3);acceptor_superclass::Pseudoalkaloids	0,0,0,0,1,0,0,0,0,1,0,0,0,0,1,1,0,0,0,0,0,0,0	0,0,0,0,0,0,0,0,0,1,0,0,0,0,1,1,1,0,0,0,0,0,0	-0.590856,-0.467173,-0.178262,-0.208462,-0.007451,-0.191041,-0.726672,-1.181141,-0.482404,0.164175,-0.763281,-0.015544,-0.213109,-0.839962,0.148551,0.136106,0.030226,-0.398783,-0.497618,-0.433226,-0.760273,-0.607777,-0.459909
Mtru_MAT1_ABY91220.1	Mtru_MAT1_ABY91220.1	acceptor_superclass::Flavonoids;acceptor_superclass::Isoflavonoids	acceptor_superclass::Flavonoids;acceptor_superclass::Isoflavonoids;acceptor_superclass::Ornithine alkaloids;acceptor_superclass::Pseudoalkaloids	0,0,0,0,0,1,1,0,0,0,0,0,0,0,0,0,0,0,0,0,0,0,0	0,0,0,0,0,1,1,0,0,0,0,1,0,0,0,0,1,0,0,0,0,0,0	-0.129193,-0.076683,-0.696091,-0.527538,-0.768362,0.422414,0.447491,-0.444465,-1.061238,-0.669186,-0.246367,0.112099,-0.373457,-0.590956,-0.482175,-0.652307,0.119470,-0.878664,-0.422991,-0.126111,-0.008385,-0.616405,-0.212264
Mtru_MAT2_ABY91222.1	Mtru_MAT2_ABY91222.1	acceptor_superclass::Flavonoids;acceptor_superclass::Isoflavonoids	acceptor_superclass::Coumarins;acceptor_superclass::Flavonoids;acceptor_superclass::Isoflavonoids;acceptor_superclass::Naphthalenes;acceptor_superclass::Ornithine alkaloids;acceptor_superclass::Phenanthrenoids;acceptor_superclass::Steroids;acceptor_superclass::Tyrosine alkaloids	0,0,0,0,0,1,1,0,0,0,0,0,0,0,0,0,0,0,0,0,0,0,0	1,0,0,0,0,1,1,0,0,0,1,1,1,0,0,0,0,0,0,1,0,0,1	0.461362,-0.189989,-0.766392,-0.512026,-0.808984,0.501633,0.682521,-0.734193,-1.069319,-0.814843,0.128934,0.163349,0.225897,-0.555112,-0.526486,-0.758113,-0.071874,-0.905336,-0.386656,0.338317,-0.107340,-0.707880,0.009447
Mtru_MAT3_ABY91221.1	Mtru_MAT3_ABY91221.1	acceptor_superclass::Flavonoids;acceptor_superclass::Isoflavonoids	acceptor_superclass::Coumarins;acceptor_superclass::Flavonoids;acceptor_superclass::Isoflavonoids;acceptor_superclass::Ornithine alkaloids;acceptor_superclass::Phenanthrenoids;acceptor_superclass::Pseudoalkaloids;acceptor_superclass::Steroids;acceptor_superclass::Triterpenoids	0,0,0,0,0,1,1,0,0,0,0,0,0,0,0,0,0,0,0,0,0,0,0	1,0,0,0,0,1,1,0,0,0,0,1,1,0,0,0,1,0,0,1,1,0,0	0.682291,-0.229309,-1.098979,-0.322783,-1.031310,0.712538,0.998653,-1.224207,-1.582113,-0.949993,-0.064743,0.291310,0.513148,-0.133293,-0.562281,-0.769286,0.276644,-1.042572,-0.336151,0.500935,0.074389,-0.682643,-0.321836
Natt_AT1_AET80688.1	Natt_AT1_AET80688.1	acceptor_superclass::Ornithine alkaloids;acceptor_superclass::Pseudoalkaloids	acceptor_superclass::Fatty Acids and Conjugates;acceptor_superclass::Ornithine alkaloids;acceptor_superclass::Pseudoalkaloids;acceptor_superclass::Tyrosine alkaloids	0,0,0,0,0,0,0,0,0,0,0,1,0,0,0,0,1,0,0,0,0,0,0	0,0,0,1,0,0,0,0,0,0,0,1,0,0,0,0,1,0,0,0,0,0,1	-0.676376,-0.662761,-0.772855,0.026099,-0.135545,-0.321326,-0.577200,-0.314932,-0.839597,-0.215078,-0.637072,0.082196,-0.569413,-0.050735,-0.160044,-0.168209,0.017220,-0.736023,-0.130924,-0.530381,-0.154049,-0.470102,0.016994
Natt_DH29_AET80686.1	Natt_DH29_AET80686.1	acceptor_superclass::Ornithine alkaloids;acceptor_superclass::Pseudoalkaloids	acceptor_superclass::Cyclic polyketides;acceptor_superclass::Diterpenoids;acceptor_superclass::Ornithine alkaloids;acceptor_superclass::Pseudoalkaloids;acceptor_superclass::Tryptophan alkaloids	0,0,0,0,0,0,0,0,0,0,0,1,0,0,0,0,1,0,0,0,0,0,0	0,1,1,0,0,0,0,0,0,0,0,1,0,0,0,0,1,0,0,0,0,1,0	-0.571827,0.064606,0.097981,-1.136481,-0.542208,-0.200592,-0.450967,-0.186152,-0.202317,-0.211603,-0.002641,0.125907,-0.437857,-1.197961,-0.368865,-0.257578,0.076780,-0.137174,-0.717153,-0.342355,-0.351886,0.014557,-0.495532
Ntab_ASAT1_XP_016480914.1	Ntab_ASAT1_XP_016480914.1	acceptor_superclass::Saccharides	acceptor_superclass::Diterpenoids;acceptor_superclass::Lysine alkaloids;acceptor_superclass::Pseudoalkaloids;acceptor_superclass::Saccharides;acceptor_superclass::Triterpenoids;acceptor_superclass::Tryptophan alkaloids	0,0,0,0,0,0,0,0,0,0,0,0,0,0,0,0,0,1,0,0,0,0,0	0,0,1,0,0,0,0,0,1,0,0,0,0,0,0,0,1,1,0,0,1,1,0	-2.369111,-1.610433,1.426118,-0.519844,-0.790562,-1.389942,-1.412601,-2.280330,0.178141,-0.574724,-0.086179,-0.529713,-1.098994,-1.074201,-0.331745,-0.117397,0.031709,2.843986,-1.477355,-1.955718,1.368253,2.403677,-1.014352
Ntab_ASAT2_XP_016451255.1	Ntab_ASAT2_XP_016451255.1		acceptor_superclass::Monoterpenoids;acceptor_superclass::Naphthalenes;acceptor_superclass::Phenylpropanoids (C6-C3);acceptor_superclass::Saccharides;acceptor_superclass::Triterpenoids;acceptor_superclass::Tryptophan alkaloids	0,0,0,0,0,0,0,0,0,0,0,0,0,0,0,0,0,0,0,0,0,0,0	0,0,0,0,0,0,0,0,0,1,1,0,0,0,0,1,0,1,0,0,1,1,0	-0.905000,-0.083084,-0.058074,-0.878693,-0.064486,-0.567681,-1.067156,-0.145440,-0.042561,0.310890,0.078433,-0.543287,-0.905000,-1.181515,-0.002092,0.028904,-0.415014,0.359392,-1.017340,-0.396987,0.139721,0.249666,-0.215009
Ntab_BEBT_AAN09798.1	Ntab_BEBT_AAN09798.1		acceptor_superclass::Fatty Acids and Conjugates;acceptor_superclass::Fatty acyls;acceptor_superclass::Monoterpenoids;acceptor_superclass::Phenylethanoids (C6-C2);acceptor_superclass::Phenylpropanoids (C6-C3)	0,0,0,0,0,0,0,0,0,0,0,0,0,0,0,0,0,0,0,0,0,0,0	0,0,0,1,1,0,0,0,0,1,0,0,0,0,1,1,0,0,0,0,0,0,0	-0.964394,-1.234117,-0.282458,0.001081,0.386428,-0.576808,-1.189677,-0.618796,-0.007645,0.129959,-0.819599,-0.848690,-0.765035,-0.165820,0.100624,0.325816,-0.785749,-0.545536,-0.148953,-0.937504,-0.646186,-0.596131,-0.329155
Ntab_HCT_CAD47830.1	Ntab_HCT_CAD47830.1	acceptor_superclass::Phenolic acids (C6-C1);acceptor_superclass::Phenylpropanoids (C6-C3)	acceptor_superclass::Fatty Acids and Conjugates;acceptor_superclass::Phenolic acids (C6-C1);acceptor_superclass::Small peptides;acceptor_superclass::Tyrosine alkaloids	0,0,0,0,0,0,0,0,0,0,0,0,0,1,0,1,0,0,0,0,0,0,0	0,0,0,1,0,0,0,0,0,0,0,0,0,1,0,0,0,0,1,0,0,0,1	-0.650726,-0.992275,-1.194910,0.381185,-0.230687,-0.355956,-0.683298,-1.083612,-0.960070,-0.611771,-0.853144,-0.213643,-0.789694,0.830439,-0.318951,-0.078266,-0.388508,-1.139914,0.487588,-0.653569,-0.757336,-0.564070,0.221130
Ntab_HQT_CAE46932.1	Ntab_HQT_CAE46932.1	acceptor_superclass::Phenolic acids (C6-C1);acceptor_superclass::Phenylpropanoids (C6-C3)	acceptor_superclass::Phenolic acids (C6-C1);acceptor_superclass::Small peptides;acceptor_superclass::Tyrosine alkaloids	0,0,0,0,0,0,0,0,0,0,0,0,0,1,0,1,0,0,0,0,0,0,0	0,0,0,0,0,0,0,0,0,0,0,0,0,1,0,0,0,0,1,0,0,0,1	-0.629485,-0.841859,-1.160893,-0.007760,-0.448719,-0.194942,-0.735797,-0.017742,-0.904245,-0.333630,-0.876001,-0.227590,-0.793239,0.636168,-0.185817,-0.078774,-0.463016,-1.058292,0.523398,-0.610975,-0.226297,-0.736875,0.324865
Ntab_MAT1_BAD93691.1	Ntab_MAT1_BAD93691.1	acceptor_superclass::Coumarins;acceptor_superclass::Flavonoids;acceptor_superclass::Naphthalenes;acceptor_superclass::Phenanthrenoids	acceptor_superclass::Flavonoids;acceptor_superclass::Isoflavonoids;acceptor_superclass::Steroids	1,0,0,0,0,1,0,0,0,0,1,0,1,0,0,0,0,0,0,0,0,0,0	0,0,0,0,0,1,1,0,0,0,0,0,0,0,0,0,0,0,0,1,0,0,0	-0.023466,-0.401700,-1.028288,-0.289825,-0.437639,0.444371,0.344014,-0.829790,-0.940286,-0.575591,-0.319383,-0.055246,-0.023466,-0.339139,-0.028736,-0.366225,-0.024701,-0.881069,-0.095517,0.272883,-0.801141,-1.181460,-0.130114
Ntab_SHT_QNO39110.1	Ntab_SHT_QNO39110.1	acceptor_superclass::Ornithine alkaloids	acceptor_superclass::Fatty Acids and Conjugates;acceptor_superclass::Phenolic acids (C6-C1);acceptor_superclass::Phenylethanoids (C6-C2);acceptor_superclass::Small peptides;acceptor_superclass::Tyrosine alkaloids	0,0,0,0,0,0,0,0,0,0,0,1,0,0,0,0,0,0,0,0,0,0,0	0,0,0,1,0,0,0,0,0,0,0,0,0,1,1,0,0,0,1,0,0,0,1	-0.169281,-0.728466,-1.472125,0.418719,-0.422091,-0.096932,-0.288311,-0.459330,-1.474925,-0.344417,-0.916079,-0.113544,-0.082323,0.601707,0.117754,-0.299224,-0.452134,-0.884790,0.426266,-0.114969,-0.016187,-0.873900,0.408559
Obas_CAAT1_QKK36036.1	Obas_CAAT1_QKK36036.1	acceptor_superclass::Phenylethanoids (C6-C2);acceptor_superclass::Phenylpropanoids (C6-C3)	acceptor_superclass::Flavonoids;acceptor_superclass::Triterpenoids;acceptor_superclass::Tyrosine alkaloids	0,0,0,0,0,0,0,0,0,0,0,0,0,0,1,1,0,0,0,0,0,0,0	0,0,0,0,0,1,0,0,0,0,0,0,0,0,0,0,0,0,0,0,1,0,1	-0.477584,-0.543840,-0.833686,-0.186268,-0.516590,0.013121,-0.275260,-0.451194,-0.794104,-0.350504,-0.388828,-0.412200,-0.566384,-0.089855,-0.432714,-0.427789,-0.417765,-0.736898,-0.002053,-0.372543,0.173707,-0.148679,0.311754
Obas_CAAT2_QKK36037.1	Obas_CAAT2_QKK36037.1	acceptor_superclass::Phenylpropanoids (C6-C3)	acceptor_superclass::Diterpenoids;acceptor_superclass::Fatty acyls;acceptor_superclass::Lignans;acceptor_superclass::Lysine alkaloids;acceptor_superclass::Monoterpenoids;acceptor_superclass::Phenylethanoids (C6-C2);acceptor_superclass::Phenylpropanoids (C6-C3);acceptor_superclass::Saccharides	0,0,0,0,0,0,0,0,0,0,0,0,0,0,0,1,0,0,0,0,0,0,0	0,0,1,0,1,0,0,1,1,1,0,0,0,0,1,1,0,1,0,0,0,0,0	-1.225482,-0.192585,0.408607,-1.292152,0.159628,-0.703623,-1.103816,0.586596,0.663246,0.342377,-0.159969,-0.322088,-0.854598,-1.452322,0.182385,0.232576,-0.253971,0.376278,-1.222618,-0.784403,-0.227271,-0.242527,-0.408166
Oeur_AT1_XP_022859703.1	Oeur_AT1_XP_022859703.1	acceptor_superclass::Phenylethanoids (C6-C2)	acceptor_superclass::Fatty Acids and Conjugates;acceptor_superclass::Phenolic acids (C6-C1);acceptor_superclass::Phenylethanoids (C6-C2);acceptor_superclass::Small peptides;acceptor_superclass::Tyrosine alkaloids	0,0,0,0,0,0,0,0,0,0,0,0,0,0,1,0,0,0,0,0,0,0,0	0,0,0,1,0,0,0,0,0,0,0,0,0,1,1,0,0,0,1,0,0,0,1	-0.508937,-1.207757,-1.285676,0.324244,-0.624141,-0.289540,-0.679953,-0.055906,-1.256716,-0.260813,-0.734677,-0.044193,-0.326440,0.502457,0.304896,-0.056652,-0.337604,-0.926954,0.352651,-0.630507,-0.180706,-0.697303,0.078310
Osat_AHT1_CAE03579.1	Osat_AHT1_CAE03579.1	acceptor_superclass::Ornithine alkaloids;acceptor_superclass::Pseudoalkaloids	acceptor_superclass::Ornithine alkaloids;acceptor_superclass::Phenolic acids (C6-C1);acceptor_superclass::Pseudoalkaloids;acceptor_superclass::Small peptides	0,0,0,0,0,0,0,0,0,0,0,1,0,0,0,0,1,0,0,0,0,0,0	0,0,0,0,0,0,0,0,0,0,0,1,0,1,0,0,1,0,1,0,0,0,0	-0.670505,-0.668855,-0.988742,-0.008118,-0.270243,-0.214737,-0.484586,-0.536564,-0.745424,-0.372713,-0.716451,0.391701,-0.583200,0.108705,-0.087666,-0.142472,0.329836,-0.729659,0.027490,-0.732627,-0.232172,-0.682491,-0.020979
Osat_AT10_BAD33123.1	Osat_AT10_BAD33123.1	acceptor_superclass::Phenylpropanoids (C6-C3)	acceptor_superclass::Diterpenoids;acceptor_superclass::Fatty acyls;acceptor_superclass::Monoterpenoids;acceptor_superclass::Phenylethanoids (C6-C2);acceptor_superclass::Phenylpropanoids (C6-C3);acceptor_superclass::Pseudoalkaloids;acceptor_superclass::Saccharides;acceptor_superclass::Tryptophan alkaloids	0,0,0,0,0,0,0,0,0,0,0,0,0,0,0,1,0,0,0,0,0,0,0	0,0,1,0,1,0,0,0,0,1,0,0,0,0,1,1,1,1,0,0,0,1,0	-1.264353,-0.720946,0.202488,-0.365540,0.144160,-0.507769,-1.110594,-0.601154,-0.097927,0.308516,-0.607236,-0.168475,-0.760342,-0.908111,0.134114,0.205557,0.005149,0.027845,-0.923611,-1.265301,-0.237612,0.082574,-0.464652
Osat_DPW2_BAS75979.1	Osat_DPW2_BAS75979.1	acceptor_superclass::Fatty Acids and Conjugates	acceptor_superclass::Fatty Acids and Conjugates;acceptor_superclass::Flavonoids;acceptor_superclass::Phenylethanoids (C6-C2)	0,0,0,1,0,0,0,0,0,0,0,0,0,0,0,0,0,0,0,0,0,0,0	0,0,0,1,0,1,0,0,0,0,0,0,0,0,1,0,0,0,0,0,0,0,0	-0.488513,-0.724258,-0.846090,0.036738,-0.155457,0.013769,-0.495454,-0.197892,-0.901924,-0.081771,-0.532415,-0.097682,-0.276819,-0.287527,0.033143,-0.055445,-0.238716,-0.981134,-0.285061,-0.303522,-0.344877,-0.598211,-0.079690
Osat_FMT_BAF16996.1	Osat_FMT_BAF16996.1	acceptor_superclass::Phenylpropanoids (C6-C3)	acceptor_superclass::Fatty acyls;acceptor_superclass::Monoterpenoids;acceptor_superclass::Ornithine alkaloids;acceptor_superclass::Phenylethanoids (C6-C2);acceptor_superclass::Phenylpropanoids (C6-C3);acceptor_superclass::Pseudoalkaloids	0,0,0,0,0,0,0,0,0,0,0,0,0,0,0,1,0,0,0,0,0,0,0	0,0,0,0,1,0,0,0,0,1,0,1,0,0,1,1,1,0,0,0,0,0,0	-0.507355,-0.090360,-0.133072,-0.558460,0.112400,-0.021892,-0.516268,-0.627375,-0.293705,0.218706,-0.414039,0.007738,-0.205470,-1.193824,0.187164,0.051808,0.016052,-0.478508,-0.834047,-0.308018,-0.620413,-0.605161,-0.502632
Osat_HCT4_BAD72437.1	Osat_HCT4_BAD72437.1	acceptor_superclass::Phenolic acids (C6-C1)	acceptor_superclass::Phenolic acids (C6-C1);acceptor_superclass::Triterpenoids;acceptor_superclass::Tryptophan alkaloids;acceptor_superclass::Tyrosine alkaloids	0,0,0,0,0,0,0,0,0,0,0,0,0,1,0,0,0,0,0,0,0,0,0	0,0,0,0,0,0,0,0,0,0,0,0,0,1,0,0,0,0,0,0,1,1,1	-0.669568,-0.573798,-0.915084,-0.358797,-0.609501,-0.313155,-0.420536,-0.245035,-0.652745,-0.268016,-0.270252,-0.460761,-0.760636,0.041987,-0.223441,-0.266370,-0.484492,-0.480752,-0.041473,-0.428023,0.261455,0.071159,0.259270
Osat_MAT-2_BAG96218.1	Osat_MAT-2_BAG96218.1	acceptor_superclass::Flavonoids;acceptor_superclass::Isoflavonoids	acceptor_superclass::Flavonoids;acceptor_superclass::Isoflavonoids;acceptor_superclass::Naphthalenes;acceptor_superclass::Ornithine alkaloids;acceptor_superclass::Pseudoalkaloids	0,0,0,0,0,1,1,0,0,0,0,0,0,0,0,0,0,0,0,0,0,0,0	0,0,0,0,0,1,1,0,0,0,1,1,0,0,0,0,1,0,0,0,0,0,0	-0.316510,-0.168807,-0.362607,-0.758478,-0.631293,0.438568,0.215152,-0.647577,-0.560633,-0.436475,0.114215,0.498234,-0.316510,-0.971002,-0.164795,-0.304791,0.669537,-0.354829,-0.956164,-0.065898,-0.702463,-0.210314,-0.218334
Osat_PHT2_BAD72527.1	Osat_PHT2_BAD72527.1	acceptor_superclass::Ornithine alkaloids;acceptor_superclass::Pseudoalkaloids	acceptor_superclass::Phenolic acids (C6-C1);acceptor_superclass::Triterpenoids;acceptor_superclass::Tryptophan alkaloids;acceptor_superclass::Tyrosine alkaloids	0,0,0,0,0,0,0,0,0,0,0,1,0,0,0,0,1,0,0,0,0,0,0	0,0,0,0,0,0,0,0,0,0,0,0,0,1,0,0,0,0,0,0,1,1,1	-1.325657,-1.068589,-0.259687,-0.128511,-0.670049,-0.867998,-0.401873,-1.034823,-0.570727,-0.071247,-0.322256,-1.185586,-0.760989,0.190568,-0.469770,-0.087492,-0.831411,-0.108784,-0.315413,-1.149582,1.004372,1.152740,0.171615
Osat_PHT3_BAC79154.1	Osat_PHT3_BAC79154.1	acceptor_superclass::Ornithine alkaloids;acceptor_superclass::Pseudoalkaloids	acceptor_superclass::Fatty Acids and Conjugates;acceptor_superclass::Ornithine alkaloids;acceptor_superclass::Pseudoalkaloids;acceptor_superclass::Tyrosine alkaloids	0,0,0,0,0,0,0,0,0,0,0,1,0,0,0,0,1,0,0,0,0,0,0	0,0,0,1,0,0,0,0,0,0,0,1,0,0,0,0,1,0,0,0,0,0,1	-0.982079,-0.621167,-0.631650,0.122509,-0.352825,-0.266088,-0.684042,-0.652085,-0.836800,-0.140563,-0.655147,0.492356,-0.982079,-0.241548,-0.009757,-0.083959,0.427456,-0.505868,-0.323647,-0.775051,-0.374999,-0.236617,0.058479
Osat_PHT4_BAC79155.1	Osat_PHT4_BAC79155.1	acceptor_superclass::Ornithine alkaloids;acceptor_superclass::Pseudoalkaloids	acceptor_superclass::Ornithine alkaloids;acceptor_superclass::Pseudoalkaloids	0,0,0,0,0,0,0,0,0,0,0,1,0,0,0,0,1,0,0,0,0,0,0	0,0,0,0,0,0,0,0,0,0,0,1,0,0,0,0,1,0,0,0,0,0,0	-0.711959,-0.579083,-0.709293,-0.122439,-0.506807,-0.226807,-0.484616,-0.621150,-0.643513,-0.315554,-0.592298,0.622374,-0.272491,-0.451966,-0.053368,-0.196379,0.631355,-0.299558,-0.289819,-0.517089,-0.260204,-0.211103,-0.234862
Osat_PHT4_BAC79155.1	Osat_PHT_BAC79155.1	acceptor_superclass::Ornithine alkaloids;acceptor_superclass::Pseudoalkaloids	acceptor_superclass::Ornithine alkaloids;acceptor_superclass::Pseudoalkaloids	0,0,0,0,0,0,0,0,0,0,0,1,0,0,0,0,1,0,0,0,0,0,0	0,0,0,0,0,0,0,0,0,0,0,1,0,0,0,0,1,0,0,0,0,0,0	-0.712881,-0.334910,-0.649824,-0.397267,-0.412693,-0.215463,-0.471441,-0.753203,-0.683723,-0.235314,-0.656154,0.633602,-0.209221,-0.444140,-0.109569,-0.306654,0.533903,-0.257235,-0.273667,-0.707173,-0.184395,-0.063640,-0.090048
Osat_PMT1_BAG87540.1	Osat_PMT1_BAG87540.1	acceptor_superclass::Phenylethanoids (C6-C2);acceptor_superclass::Phenylpropanoids (C6-C3)	acceptor_superclass::Fatty acyls;acceptor_superclass::Monoterpenoids;acceptor_superclass::Ornithine alkaloids;acceptor_superclass::Phenylethanoids (C6-C2);acceptor_superclass::Phenylpropanoids (C6-C3);acceptor_superclass::Pseudoalkaloids	0,0,0,0,0,0,0,0,0,0,0,0,0,0,1,1,0,0,0,0,0,0,0	0,0,0,0,1,0,0,0,0,1,0,1,0,0,1,1,1,0,0,0,0,0,0	-0.625547,-0.228059,-0.212763,-0.485415,0.308129,-0.023385,-0.631448,-0.802625,-0.211396,0.202780,-0.517788,0.263667,-0.078120,-1.159625,0.145920,0.372482,0.285066,-0.409362,-0.926031,-0.763231,-0.585805,-0.752933,-0.807679
Osat_PMT2_BAG91648.1	Osat_PMT2_BAG91648.1	acceptor_superclass::Phenylpropanoids (C6-C3)	acceptor_superclass::Fatty acyls;acceptor_superclass::Monoterpenoids;acceptor_superclass::Ornithine alkaloids;acceptor_superclass::Phenylethanoids (C6-C2);acceptor_superclass::Phenylpropanoids (C6-C3);acceptor_superclass::Pseudoalkaloids	0,0,0,0,0,0,0,0,0,0,0,0,0,0,0,1,0,0,0,0,0,0,0	0,0,0,0,1,0,0,0,0,1,0,1,0,0,1,1,1,0,0,0,0,0,0	-0.747392,-0.657300,-0.253935,-0.085895,0.124862,-0.184423,-0.783914,-0.412844,-0.539948,0.273627,-0.631781,0.017512,-0.285272,-0.792988,0.295880,0.262322,0.096973,-0.503250,-0.636526,-0.677776,-0.625852,-0.424231,-0.506992
Osat_TBT1_ANQ47375.1	Osat_TBT1_ANQ47375.1	acceptor_superclass::Ornithine alkaloids;acceptor_superclass::Pseudoalkaloids;acceptor_superclass::Tryptophan alkaloids	acceptor_superclass::Ornithine alkaloids;acceptor_superclass::Pseudoalkaloids;acceptor_superclass::Triterpenoids;acceptor_superclass::Tryptophan alkaloids;acceptor_superclass::Tyrosine alkaloids	0,0,0,0,0,0,0,0,0,0,0,1,0,0,0,0,1,0,0,0,0,1,0	0,0,0,0,0,0,0,0,0,0,0,1,0,0,0,0,1,0,0,0,1,1,1	-0.859026,-0.423168,-0.283668,-0.183004,-0.508978,-0.241585,-0.554188,-0.897597,-0.817174,-0.201461,-0.141718,0.439040,-0.859026,-0.510748,-0.207428,-0.210073,0.409953,-0.440847,-0.666056,-0.584972,0.031270,0.223461,0.199160
Osat_TBT2_ANQ47376.1	Osat_TBT2_ANQ47376.1	acceptor_superclass::Tryptophan alkaloids	acceptor_superclass::Ornithine alkaloids;acceptor_superclass::Pseudoalkaloids;acceptor_superclass::Triterpenoids;acceptor_superclass::Tryptophan alkaloids;acceptor_superclass::Tyrosine alkaloids	0,0,0,0,0,0,0,0,0,0,0,0,0,0,0,0,0,0,0,0,0,1,0	0,0,0,0,0,0,0,0,0,0,0,1,0,0,0,0,1,0,0,0,1,1,1	-0.824722,-0.379766,-0.284472,-0.268792,-0.622630,-0.213482,-0.431978,-0.851071,-0.861004,-0.243138,-0.024445,0.535887,-0.824722,-0.530228,-0.275886,-0.299607,0.496451,-0.436918,-0.733014,-0.572130,0.041995,0.417531,0.261462
Osat_THT1_ANQ47373.1	Osat_THT1_ANQ47373.1	acceptor_superclass::Ornithine alkaloids;acceptor_superclass::Tryptophan alkaloids;acceptor_superclass::Tyrosine alkaloids	acceptor_superclass::Ornithine alkaloids;acceptor_superclass::Pseudoalkaloids;acceptor_superclass::Tryptophan alkaloids	0,0,0,0,0,0,0,0,0,0,0,1,0,0,0,0,0,0,0,0,0,1,1	0,0,0,0,0,0,0,0,0,0,0,1,0,0,0,0,1,0,0,0,0,1,0	-0.926704,-0.581044,-0.376137,-0.466274,-0.504898,-0.386021,-0.663285,-0.787494,-0.476912,-0.306410,-0.184838,0.173128,-0.651217,-0.561139,-0.241726,-0.216034,0.227668,-0.115768,-0.463394,-0.615423,-0.013069,0.223006,-0.123702
Osat_THT2_AAM74310.1	Osat_THT2_AAM74310.1	acceptor_superclass::Tryptophan alkaloids;acceptor_superclass::Tyrosine alkaloids	acceptor_superclass::Ornithine alkaloids;acceptor_superclass::Pseudoalkaloids;acceptor_superclass::Tryptophan alkaloids	0,0,0,0,0,0,0,0,0,0,0,0,0,0,0,0,0,0,0,0,0,1,1	0,0,0,0,0,0,0,0,0,0,0,1,0,0,0,0,1,0,0,0,0,1,0	-0.865489,-0.137657,-0.178323,-0.738170,-0.379102,-0.177739,-0.673133,-0.265434,-0.309919,-0.168793,-0.256616,0.406065,-0.726198,-0.871793,-0.300860,-0.155235,0.390926,-0.268636,-0.504324,-0.601743,-0.497192,0.145505,-0.348797
Paff_BAHD21_NA	Paff_BAHD21_NA	acceptor_superclass::Flavonoids	acceptor_superclass::Coumarins;acceptor_superclass::Cyclic polyketides;acceptor_superclass::Flavonoids;acceptor_superclass::Isoflavonoids;acceptor_superclass::Ornithine alkaloids;acceptor_superclass::Phenanthrenoids;acceptor_superclass::Pseudoalkaloids;acceptor_superclass::Steroids	0,0,0,0,0,1,0,0,0,0,0,0,0,0,0,0,0,0,0,0,0,0,0	1,1,0,0,0,1,1,0,0,0,0,1,1,0,0,0,1,0,0,1,0,0,0	0.659257,0.240750,-1.016265,-0.624037,-0.496588,0.840662,0.881509,-1.088273,-1.170650,-0.604622,-0.084053,0.026696,0.659257,-0.652282,-0.021927,-0.481951,0.017963,-0.688112,-0.386503,0.866197,-0.628075,-0.872318,-0.054982
Papp_HCT_AXN55972.1	Papp_HCT_AXN55972.1	acceptor_superclass::Phenolic acids (C6-C1)	acceptor_superclass::Fatty Acids and Conjugates;acceptor_superclass::Ornithine alkaloids;acceptor_superclass::Phenolic acids (C6-C1);acceptor_superclass::Triterpenoids;acceptor_superclass::Tryptophan alkaloids;acceptor_superclass::Tyrosine alkaloids	0,0,0,0,0,0,0,0,0,0,0,0,0,1,0,0,0,0,0,0,0,0,0	0,0,0,1,0,0,0,0,0,0,0,1,0,1,0,0,0,0,0,0,1,1,1	-1.503274,-1.328842,-0.129096,0.610526,-0.576508,-0.582831,-0.943758,-0.763433,-1.159439,-0.197192,-1.038005,0.189925,-1.503274,0.249188,-0.137074,-0.022983,-0.016800,-0.104002,-0.424251,-1.293695,0.308826,0.085695,0.100979
Paxi_ASAT1_AOR06331.1	Paxi_ASAT1_AOR06331.1	acceptor_superclass::Saccharides	acceptor_superclass::Cyclic polyketides;acceptor_superclass::Diterpenoids;acceptor_superclass::Monoterpenoids;acceptor_superclass::Naphthalenes;acceptor_superclass::Saccharides;acceptor_superclass::Tryptophan alkaloids	0,0,0,0,0,0,0,0,0,0,0,0,0,0,0,0,0,1,0,0,0,0,0	0,1,1,0,0,0,0,0,0,1,1,0,0,0,0,0,0,1,0,0,0,1,0	-0.961360,0.023629,0.078165,-0.954085,-0.205451,-0.681920,-0.790612,-0.429044,-0.100501,0.029927,0.229047,-0.310741,-0.316249,-1.396673,-0.092483,-0.060959,-0.185522,0.105461,-1.217019,-0.615574,-0.251003,0.301421,-0.565298
Paxi_ASAT1_AOR06331.1	Paxi_ASAT2_AOR06331.1		acceptor_superclass::Diterpenoids;acceptor_superclass::Monoterpenoids;acceptor_superclass::Naphthalenes;acceptor_superclass::Phenylethanoids (C6-C2);acceptor_superclass::Saccharides;acceptor_superclass::Triterpenoids;acceptor_superclass::Tryptophan alkaloids	0,0,0,0,0,0,0,0,0,0,0,0,0,0,0,0,0,0,0,0,0,0,0	0,0,1,0,0,0,0,0,0,1,1,0,0,0,1,0,0,1,0,0,1,1,0	-0.983235,-0.042870,0.106126,-0.975746,-0.131227,-0.624845,-0.794796,-0.192386,-0.149383,0.204452,0.182450,-0.265567,-0.342843,-1.361184,0.110180,-0.024810,-0.151605,0.387963,-1.250497,-0.587377,0.237798,0.208332,-0.138654
Paxi_ASAT3_AOR06333.1	Paxi_ASAT3_AOR06333.1		acceptor_superclass::Diterpenoids;acceptor_superclass::Monoterpenoids;acceptor_superclass::Naphthalenes;acceptor_superclass::Phenylethanoids (C6-C2);acceptor_superclass::Phenylpropanoids (C6-C3);acceptor_superclass::Saccharides	0,0,0,0,0,0,0,0,0,0,0,0,0,0,0,0,0,0,0,0,0,0,0	0,0,1,0,0,0,0,0,0,1,1,0,0,0,1,1,0,1,0,0,0,0,0	-0.744221,-0.258905,0.022572,-1.016678,-0.115639,-0.623105,-0.851212,-0.115590,-0.021801,0.148228,0.325888,-0.559450,-0.282445,-1.272945,0.152929,0.072878,-0.448282,0.128800,-1.055605,-0.478800,-0.097871,-0.246486,-0.143793
Paxi_ASAT4_AOR06334.1	Paxi_ASAT4_AOR06334.1		acceptor_superclass::Diterpenoids;acceptor_superclass::Lysine alkaloids;acceptor_superclass::Monoterpenoids;acceptor_superclass::Phenanthrenoids;acceptor_superclass::Phenylethanoids (C6-C2);acceptor_superclass::Phenylpropanoids (C6-C3);acceptor_superclass::Saccharides;acceptor_superclass::Triterpenoids;acceptor_superclass::Tryptophan alkaloids	0,0,0,0,0,0,0,0,0,0,0,0,0,0,0,0,0,0,0,0,0,0,0	0,0,1,0,0,0,0,0,1,1,0,0,1,0,1,1,0,1,0,0,1,1,0	-1.047443,-0.324386,0.685597,-1.104876,-0.176372,-0.644912,-0.962975,-0.382748,0.064810,0.253226,-0.074919,-0.589385,0.040577,-1.492022,0.076293,0.087392,-0.420764,0.541122,-1.221319,-0.962566,0.135069,0.601758,-0.574329
Paxi_CFAT_ABG75942.1	Paxi_CFAT_ABG75942.1	acceptor_superclass::Fatty acyls;acceptor_superclass::Monoterpenoids;acceptor_superclass::Phenylethanoids (C6-C2);acceptor_superclass::Phenylpropanoids (C6-C3)	acceptor_superclass::Cyclic polyketides;acceptor_superclass::Diterpenoids;acceptor_superclass::Fatty acyls;acceptor_superclass::Lysine alkaloids;acceptor_superclass::Monoterpenoids;acceptor_superclass::Saccharides	0,0,0,0,1,0,0,0,0,1,0,0,0,0,1,1,0,0,0,0,0,0,0	0,1,1,0,1,0,0,0,1,1,0,0,0,0,0,0,0,1,0,0,0,0,0	-1.073426,0.220433,0.605572,-1.376523,0.142162,-0.546761,-0.944303,-1.244724,0.511239,0.114414,-0.194759,-0.137949,-0.796041,-1.523307,-0.237598,-0.068113,-0.102362,0.192336,-1.119105,-0.607830,-0.356612,-0.297770,-0.566634
Pbar_AT1_WEX29777.1	Pbar_AT1_WEX29777.1	acceptor_superclass::Phenylethanoids (C6-C2)	acceptor_superclass::Fatty Acids and Conjugates;acceptor_superclass::Phenolic acids (C6-C1);acceptor_superclass::Phenylethanoids (C6-C2);acceptor_superclass::Small peptides;acceptor_superclass::Tyrosine alkaloids	0,0,0,0,0,0,0,0,0,0,0,0,0,0,1,0,0,0,0,0,0,0,0	0,0,0,1,0,0,0,0,0,0,0,0,0,1,1,0,0,0,1,0,0,0,1	-0.504613,-0.904370,-1.147803,0.418007,-0.672094,-0.288231,-0.427003,-0.462352,-1.357322,-0.436742,-0.759313,-0.177895,-0.504613,0.501050,0.199400,-0.234981,-0.390557,-0.816606,0.496057,-0.387426,-0.272675,-0.735486,0.340186
Pcam_HCT_QDF44405.1	Pcam_HCT_QDF44405.1	acceptor_superclass::Phenolic acids (C6-C1)	acceptor_superclass::Fatty Acids and Conjugates;acceptor_superclass::Lignans;acceptor_superclass::Phenolic acids (C6-C1);acceptor_superclass::Phenylpropanoids (C6-C3);acceptor_superclass::Small peptides;acceptor_superclass::Tyrosine alkaloids	0,0,0,0,0,0,0,0,0,0,0,0,0,1,0,0,0,0,0,0,0,0,0	0,0,0,1,0,0,0,1,0,0,0,0,0,1,0,1,0,0,1,0,0,0,1	-0.865456,-1.150583,-1.051830,0.322130,-0.208675,-0.249492,-0.941466,0.170421,-1.056892,-0.211487,-1.021446,-0.273182,-0.996777,0.847791,-0.341947,0.009093,-0.448305,-1.259337,0.526070,-0.855097,-0.213818,-0.617988,0.382976
Pcam_HQT_QDF44406.1	Pcam_HQT_QDF44406.1	acceptor_superclass::Phenolic acids (C6-C1)	acceptor_superclass::Fatty Acids and Conjugates;acceptor_superclass::Phenolic acids (C6-C1);acceptor_superclass::Small peptides;acceptor_superclass::Tyrosine alkaloids	0,0,0,0,0,0,0,0,0,0,0,0,0,1,0,0,0,0,0,0,0,0,0	0,0,0,1,0,0,0,0,0,0,0,0,0,1,0,0,0,0,1,0,0,0,1	-0.560399,-1.029064,-1.220084,0.430980,-0.445282,-0.367558,-0.537456,-1.145841,-1.160042,-0.576948,-0.898237,-0.220153,-0.598109,0.913093,-0.265861,-0.131814,-0.442478,-1.053290,0.562910,-0.551784,-0.410833,-0.535383,0.157721
Pcam_RAS_QDF44407.1	Pcam_RAS_QDF44407.1	acceptor_superclass::Phenolic acids (C6-C1)	acceptor_superclass::Fatty Acids and Conjugates;acceptor_superclass::Phenanthrenoids;acceptor_superclass::Phenolic acids (C6-C1);acceptor_superclass::Phenylethanoids (C6-C2);acceptor_superclass::Phenylpropanoids (C6-C3);acceptor_superclass::Small peptides	0,0,0,0,0,0,0,0,0,0,0,0,0,1,0,0,0,0,0,0,0,0,0	0,0,0,1,0,0,0,0,0,0,0,0,1,1,1,1,0,0,1,0,0,0,0	-0.293653,-0.996226,-0.966960,0.235891,-0.309377,-0.315607,-0.700513,-1.452254,-0.933155,-0.213208,-0.973169,-0.110103,0.162330,0.095103,0.190493,0.062759,-0.333283,-0.583135,0.306455,-0.550212,-0.916171,-0.935937,-0.188715
Pcru_3MAT_AAO38058.1	Pcru_3MAT_AAO38058.1	acceptor_superclass::Flavonoids	acceptor_superclass::Coumarins;acceptor_superclass::Cyclic polyketides;acceptor_superclass::Flavonoids;acceptor_superclass::Isoflavonoids;acceptor_superclass::Naphthalenes;acceptor_superclass::Ornithine alkaloids;acceptor_superclass::Phenanthrenoids;acceptor_superclass::Steroids	0,0,0,0,0,1,0,0,0,0,0,0,0,0,0,0,0,0,0,0,0,0,0	1,1,0,0,0,1,1,0,0,0,1,1,1,0,0,0,0,0,0,1,0,0,0	0.923882,0.357429,-0.835443,-0.760227,-0.242331,0.770806,0.711935,-0.982938,-0.753226,-0.471172,0.037634,0.079892,1.082733,-1.183578,-0.116654,-0.517782,-0.133612,-0.939958,-0.622180,0.838372,-0.654975,-1.102757,-0.175428
Pfru_3AT_BAA93475.1	Pfru_3AT_BAA93475.1	acceptor_superclass::Flavonoids	acceptor_superclass::Coumarins;acceptor_superclass::Flavonoids;acceptor_superclass::Isoflavonoids;acceptor_superclass::Ornithine alkaloids;acceptor_superclass::Phenanthrenoids;acceptor_superclass::Pseudoalkaloids;acceptor_superclass::Steroids;acceptor_superclass::Tyrosine alkaloids	0,0,0,0,0,1,0,0,0,0,0,0,0,0,0,0,0,0,0,0,0,0,0	1,0,0,0,0,1,1,0,0,0,0,1,1,0,0,0,1,0,0,1,0,0,1	0.145165,-0.225639,-0.894731,-0.290161,-0.535991,0.545581,0.551166,-0.641213,-1.128515,-0.610828,-0.299593,0.058817,0.145165,-0.328131,-0.260752,-0.514549,0.006999,-0.974022,-0.138404,0.513940,-0.428591,-0.699771,0.068478
Phyb_AAT_AAW31948.1	Phyb_AAT_AAW31948.1	acceptor_superclass::Fatty acyls;acceptor_superclass::Monoterpenoids	acceptor_superclass::Cyclic polyketides;acceptor_superclass::Ornithine alkaloids;acceptor_superclass::Pseudoalkaloids	0,0,0,0,1,0,0,0,0,1,0,0,0,0,0,0,0,0,0,0,0,0,0	0,1,0,0,0,0,0,0,0,0,0,1,0,0,0,0,1,0,0,0,0,0,0	-0.613265,0.396679,-0.518344,-1.072526,-0.106366,-0.135230,-0.476058,-0.523836,-0.310871,-0.184156,-0.099035,0.203974,-0.376788,-0.974808,-0.018521,-0.105381,0.094596,-0.358590,-0.717253,-0.270392,-0.386178,-0.298351,-0.427635
Phyb_BPBT_AAU06226.1	Phyb_BPBT_AAU06226.1	acceptor_superclass::Fatty acyls;acceptor_superclass::Monoterpenoids;acceptor_superclass::Phenylethanoids (C6-C2);acceptor_superclass::Phenylpropanoids (C6-C3)	acceptor_superclass::Fatty acyls;acceptor_superclass::Lignans;acceptor_superclass::Monoterpenoids;acceptor_superclass::Phenylpropanoids (C6-C3)	0,0,0,0,1,0,0,0,0,1,0,0,0,0,1,1,0,0,0,0,0,0,0	0,0,0,0,1,0,0,1,0,1,0,0,0,0,0,1,0,0,0,0,0,0,0	-1.139081,-1.139205,-0.270033,-0.085484,0.215123,-0.510821,-1.184560,0.095240,-0.057890,0.016017,-0.726719,-0.742953,-1.139081,-0.280495,-0.219083,0.144585,-0.537923,-0.561082,-0.323179,-0.885766,-0.354715,-0.541858,-0.366424
Phyb_CFAT_ABG75942.1	Phyb_CFAT_ABG75942.1	acceptor_superclass::Phenylpropanoids (C6-C3)	acceptor_superclass::Cyclic polyketides;acceptor_superclass::Diterpenoids;acceptor_superclass::Fatty acyls;acceptor_superclass::Lignans;acceptor_superclass::Lysine alkaloids;acceptor_superclass::Monoterpenoids;acceptor_superclass::Phenylpropanoids (C6-C3)	0,0,0,0,0,0,0,0,0,0,0,0,0,0,0,1,0,0,0,0,0,0,0	0,1,1,0,1,0,0,1,1,1,0,0,0,0,0,1,0,0,0,0,0,0,0	-1.118491,0.066535,0.598022,-1.193372,0.135929,-0.520889,-1.013695,0.220684,0.582762,0.270526,-0.046999,-0.281956,-0.768916,-1.481948,-0.096481,0.388664,-0.027868,-0.202881,-1.165297,-0.914205,-0.301839,-0.187073,-0.812599
Pnig_PAS_QUS53101.1	Pnig_BAHD1_QUS53101.1	acceptor_superclass::Lysine alkaloids;acceptor_superclass::Pseudoalkaloids	acceptor_superclass::Diterpenoids;acceptor_superclass::Fatty acyls;acceptor_superclass::Lignans;acceptor_superclass::Lysine alkaloids;acceptor_superclass::Monoterpenoids;acceptor_superclass::Phenylpropanoids (C6-C3)	0,0,0,0,0,0,0,0,1,0,0,0,0,0,0,0,1,0,0,0,0,0,0	0,0,1,0,1,0,0,1,1,1,0,0,0,0,0,1,0,0,0,0,0,0,0	-1.033152,-0.746718,0.350332,-0.745686,0.166525,-0.394284,-1.126289,0.208846,0.786424,0.339388,-0.244368,-0.503904,-0.955239,-1.162464,-0.131499,0.429781,-0.157562,-0.280176,-0.920008,-1.028541,-0.544211,-0.264391,-0.650990
Pnig_PS_QUS53100.1	Pnig_BAHD2_QUS53100.1	acceptor_superclass::Lysine alkaloids	acceptor_superclass::Diterpenoids;acceptor_superclass::Fatty acyls;acceptor_superclass::Lysine alkaloids;acceptor_superclass::Monoterpenoids;acceptor_superclass::Phenylethanoids (C6-C2);acceptor_superclass::Phenylpropanoids (C6-C3)	0,0,0,0,0,0,0,0,1,0,0,0,0,0,0,0,0,0,0,0,0,0,0	0,0,1,0,1,0,0,0,1,1,0,0,0,0,1,1,0,0,0,0,0,0,0	-1.246686,-0.527573,0.021635,-0.761112,0.021417,-0.330500,-1.045951,-0.189378,0.402815,0.172741,-0.489173,-0.318133,-1.246686,-0.910519,0.043043,0.200587,-0.044083,-0.024452,-0.864942,-0.902669,-0.468530,-0.333990,-0.515937
Pnig_HCT1_AEN02914.1	Pnig_HCT1_AEN02914.1	acceptor_superclass::Phenolic acids (C6-C1)	acceptor_superclass::Fatty Acids and Conjugates;acceptor_superclass::Flavonoids;acceptor_superclass::Ornithine alkaloids;acceptor_superclass::Phenolic acids (C6-C1);acceptor_superclass::Pseudoalkaloids;acceptor_superclass::Small peptides;acceptor_superclass::Tyrosine alkaloids	0,0,0,0,0,0,0,0,0,0,0,0,0,1,0,0,0,0,0,0,0,0,0	0,0,0,1,0,1,0,0,0,0,0,1,0,1,0,0,1,0,1,0,0,0,1	-0.101549,-1.092448,-0.756279,0.218561,-0.602194,0.183835,-0.087752,-1.151156,-1.141343,-0.688750,-0.829809,0.439710,-0.210890,0.328757,-0.380926,-0.413365,0.276079,-0.828314,0.365001,-0.735199,-0.083655,-0.949405,0.037564
Pnig_PAS_QUS53101.1	Pnig_PAS_QUS53101.1	acceptor_superclass::Lysine alkaloids;acceptor_superclass::Pseudoalkaloids	acceptor_superclass::Diterpenoids;acceptor_superclass::Fatty acyls;acceptor_superclass::Lignans;acceptor_superclass::Lysine alkaloids;acceptor_superclass::Monoterpenoids;acceptor_superclass::Phenylethanoids (C6-C2);acceptor_superclass::Phenylpropanoids (C6-C3)	0,0,0,0,0,0,0,0,1,0,0,0,0,0,0,0,1,0,0,0,0,0,0	0,0,1,0,1,0,0,1,1,1,0,0,0,0,1,1,0,0,0,0,0,0,0	-1.222804,-0.653133,0.312976,-0.911966,0.268157,-0.447461,-1.166986,0.076823,0.788815,0.371604,-0.370787,-0.458137,-1.158619,-1.207134,0.095155,0.291134,-0.197320,-0.002575,-0.940380,-0.968344,-0.603345,-0.294820,-0.511215
Pnig_PHT1_BGB46908.1	Pnig_PHT1_BGB46908.1	acceptor_superclass::Ornithine alkaloids;acceptor_superclass::Pseudoalkaloids	acceptor_superclass::Ornithine alkaloids;acceptor_superclass::Pseudoalkaloids;acceptor_superclass::Tryptophan alkaloids;acceptor_superclass::Tyrosine alkaloids	0,0,0,0,0,0,0,0,0,0,0,1,0,0,0,0,1,0,0,0,0,0,0	0,0,0,0,0,0,0,0,0,0,0,1,0,0,0,0,1,0,0,0,0,1,1	-0.834484,-0.358898,-0.558750,-0.437470,-0.401179,-0.257673,-0.533722,-0.480817,-0.543032,-0.268741,-0.468562,0.387364,-0.605782,-0.341607,-0.422803,-0.333347,0.446426,-0.419444,-0.229705,-0.756549,-0.042452,0.109179,0.064029
Pnig_PS_QUS53100.1	Pnig_PS_QUS53100.1	acceptor_superclass::Lysine alkaloids	acceptor_superclass::Diterpenoids;acceptor_superclass::Fatty acyls;acceptor_superclass::Lysine alkaloids;acceptor_superclass::Monoterpenoids;acceptor_superclass::Phenylethanoids (C6-C2);acceptor_superclass::Phenylpropanoids (C6-C3);acceptor_superclass::Saccharides	0,0,0,0,0,0,0,0,1,0,0,0,0,0,0,0,0,0,0,0,0,0,0	0,0,1,0,1,0,0,0,1,1,0,0,0,0,1,1,0,1,0,0,0,0,0	-1.108184,-0.525800,0.042097,-0.803988,0.020029,-0.456170,-0.997457,-0.156707,0.473187,0.222655,-0.491120,-0.278885,-1.031594,-0.902784,0.113447,0.192658,-0.117938,0.015234,-0.737844,-0.930715,-0.378061,-0.267748,-0.410188
Post_DPBT_Pos.gene30573	Post_DPBT_Pos.gene30573	acceptor_superclass::Monoterpenoids	acceptor_superclass::Fatty acyls;acceptor_superclass::Monoterpenoids;acceptor_superclass::Phenylpropanoids (C6-C3)	0,0,0,0,0,0,0,0,0,1,0,0,0,0,0,0,0,0,0,0,0,0,0	0,0,0,0,1,0,0,0,0,1,0,0,0,0,0,1,0,0,0,0,0,0,0	-0.975671,-0.789104,-0.219555,-0.195581,0.162904,-0.407025,-0.968840,-0.673986,-0.191769,0.078757,-0.737422,-0.468187,-0.702156,-0.399336,-0.002710,0.125970,-0.436024,-0.432292,-0.355310,-0.823143,-0.375129,-0.125873,-0.181944
Ppat_HCT1_AMK38063.1	Ppat_HCT1_AMK38063.1	acceptor_superclass::Phenolic acids (C6-C1);acceptor_superclass::Saccharides;acceptor_superclass::Small peptides	acceptor_superclass::Diterpenoids;acceptor_superclass::Fatty Acids and Conjugates;acceptor_superclass::Ornithine alkaloids;acceptor_superclass::Phenolic acids (C6-C1);acceptor_superclass::Phenylpropanoids (C6-C3);acceptor_superclass::Pseudoalkaloids;acceptor_superclass::Saccharides;acceptor_superclass::Triterpenoids;acceptor_superclass::Tryptophan alkaloids	0,0,0,0,0,0,0,0,0,0,0,0,0,1,0,0,0,1,1,0,0,0,0	0,0,1,1,0,0,0,0,0,0,0,1,0,1,0,1,1,1,0,0,1,1,0	-1.712405,-1.321136,0.076241,0.537390,-0.550485,-0.495827,-1.098484,-0.731802,-0.829924,-0.057709,-1.204324,0.249507,-1.712405,0.005958,-0.013581,0.146669,0.166366,0.138004,-0.613325,-1.487411,0.202678,0.276333,-0.017150
Ppat_HCT1_AMK38063.1	Ppat_HCT_AMK38063.1	acceptor_superclass::Fatty Acids and Conjugates;acceptor_superclass::Phenolic acids (C6-C1);acceptor_superclass::Phenylpropanoids (C6-C3);acceptor_superclass::Saccharides	acceptor_superclass::Ornithine alkaloids;acceptor_superclass::Phenolic acids (C6-C1);acceptor_superclass::Pseudoalkaloids;acceptor_superclass::Saccharides;acceptor_superclass::Small peptides;acceptor_superclass::Triterpenoids;acceptor_superclass::Tryptophan alkaloids;acceptor_superclass::Tyrosine alkaloids	0,0,0,1,0,0,0,0,0,0,0,0,0,1,0,1,0,1,0,0,0,0,0	0,0,0,0,0,0,0,0,0,0,0,1,0,1,0,0,1,1,1,0,1,1,1	-1.220698,-1.110227,-0.025564,-0.551300,-0.412092,-0.561070,-1.015282,-0.739933,-0.617319,-0.025097,-1.224144,0.181961,-0.582798,0.256675,-0.271427,-0.358217,0.126341,0.370961,0.099777,-1.302046,0.318140,0.673323,0.049246
Pper_AAT1_QEZ90730.1	Pper_AAT1_QEZ90730.1	acceptor_superclass::Fatty acyls	acceptor_superclass::Fatty acyls;acceptor_superclass::Monoterpenoids;acceptor_superclass::Phenylpropanoids (C6-C3)	0,0,0,0,1,0,0,0,0,0,0,0,0,0,0,0,0,0,0,0,0,0,0	0,0,0,0,1,0,0,0,0,1,0,0,0,0,0,1,0,0,0,0,0,0,0	-0.628731,-0.970246,-0.401692,-0.113009,0.316129,-0.142067,-0.764672,-0.288601,-0.518174,0.143985,-0.661299,-0.519927,-0.569430,-0.264011,-0.054734,0.167850,-0.442822,-0.819736,-0.363929,-0.731189,-0.501897,-0.725545,-0.333696
Prad_HCT_ABO52899.1	Prad_HCT_ABO52899.1	acceptor_superclass::Phenolic acids (C6-C1);acceptor_superclass::Small peptides	acceptor_superclass::Fatty Acids and Conjugates;acceptor_superclass::Phenolic acids (C6-C1);acceptor_superclass::Small peptides;acceptor_superclass::Tyrosine alkaloids	0,0,0,0,0,0,0,0,0,0,0,0,0,1,0,0,0,0,1,0,0,0,0	0,0,0,1,0,0,0,0,0,0,0,0,0,1,0,0,0,0,1,0,0,0,1	-0.773578,-1.120304,-1.039121,0.231032,-0.122702,-0.383118,-0.903685,-0.100212,-0.864560,-0.235623,-0.894288,-0.441295,-0.814889,0.697859,-0.105044,-0.083055,-0.581964,-0.942612,0.398114,-0.878326,-0.155279,-0.802002,0.266282
Pscu_HCT2_CBI83579.1	Pscu_HCT2_CBI83579.1	acceptor_superclass::Flavonoids;acceptor_superclass::Phenolic acids (C6-C1);acceptor_superclass::Tyrosine alkaloids	acceptor_superclass::Fatty Acids and Conjugates;acceptor_superclass::Phenolic acids (C6-C1);acceptor_superclass::Small peptides;acceptor_superclass::Tyrosine alkaloids	0,0,0,0,0,1,0,0,0,0,0,0,0,1,0,0,0,0,0,0,0,0,1	0,0,0,1,0,0,0,0,0,0,0,0,0,1,0,0,0,0,1,0,0,0,1	-0.698065,-1.066520,-0.994199,0.354611,-0.224340,-0.499390,-0.874208,-0.972222,-0.863824,-0.499136,-1.050154,-0.294936,-0.725322,0.782952,-0.290799,-0.012051,-0.541738,-1.031109,0.643089,-0.675513,-0.842734,-0.581022,0.246032
Pscu_RAS_CAK55166.1	Pscu_RAS_CAK55166.1		acceptor_superclass::Fatty Acids and Conjugates;acceptor_superclass::Phenolic acids (C6-C1);acceptor_superclass::Small peptides;acceptor_superclass::Tyrosine alkaloids	0,0,0,0,0,0,0,0,0,0,0,0,0,0,0,0,0,0,0,0,0,0,0	0,0,0,1,0,0,0,0,0,0,0,0,0,1,0,0,0,0,1,0,0,0,1	-0.568632,-0.755407,-0.987974,0.173575,-0.273495,-0.288277,-0.710701,-1.010830,-0.728948,-0.392287,-0.821762,-0.267778,-0.615730,0.309509,-0.149971,-0.024574,-0.377061,-0.841055,0.306307,-0.438205,-0.779038,-0.571702,0.197809
Psom_SALAT_AAK73661.1	Psom_SALAT_AAK73661.1	acceptor_superclass::Tyrosine alkaloids	acceptor_superclass::Cyclic polyketides;acceptor_superclass::Triterpenoids	0,0,0,0,0,0,0,0,0,0,0,0,0,0,0,0,0,0,0,0,0,0,1	0,1,0,0,0,0,0,0,0,0,0,0,0,0,0,0,0,0,0,0,1,0,0	-0.716156,0.218682,-0.278684,-0.620854,-0.093576,-0.297246,-0.514681,-0.612480,-0.700847,-0.113235,-0.125153,-0.272762,-0.070139,-0.824365,-0.174229,-0.128419,-0.364522,-0.336897,-0.737000,-0.527033,0.238031,-0.233926,-0.457610
Ptri_BEBT_AJD25145.1	Ptri_BEBT_AJD25145.1		acceptor_superclass::Fatty acyls;acceptor_superclass::Lysine alkaloids;acceptor_superclass::Monoterpenoids;acceptor_superclass::Phenylethanoids (C6-C2);acceptor_superclass::Phenylpropanoids (C6-C3)	0,0,0,0,0,0,0,0,0,0,0,0,0,0,0,0,0,0,0,0,0,0,0	0,0,0,0,1,0,0,0,1,1,0,0,0,0,1,1,0,0,0,0,0,0,0	-1.063158,-0.837096,-0.253348,-0.261975,0.347771,-0.575300,-1.205704,-0.493806,0.073978,0.166559,-0.750976,-0.675820,-0.969085,-0.332877,0.110225,0.297671,-0.646819,-0.385625,-0.270082,-0.862998,-0.699258,-0.509000,-0.218153
Ptri_FHT1_AGJ03151.1	Ptri_FHT1_AGJ03151.1	acceptor_superclass::Fatty Acids and Conjugates;acceptor_superclass::Fatty acyls	acceptor_superclass::Fatty Acids and Conjugates;acceptor_superclass::Fatty acyls;acceptor_superclass::Phenolic acids (C6-C1)	0,0,0,1,1,0,0,0,0,0,0,0,0,0,0,0,0,0,0,0,0,0,0	0,0,0,1,1,0,0,0,0,0,0,0,0,1,0,0,0,0,0,0,0,0,0	-0.931742,-1.183452,-0.465323,0.587748,0.128635,-0.365447,-0.909083,-0.518158,-0.956799,-0.226261,-0.847974,-0.283602,-0.931742,0.188903,-0.468839,-0.145685,-0.354714,-0.985162,-0.209936,-0.972482,-0.116413,-0.456223,-0.022488
Ptri_HBMT1_PNT60021.1	Ptri_HBMT1_PNT60021.1	acceptor_superclass::Phenylpropanoids (C6-C3)	acceptor_superclass::Fatty acyls;acceptor_superclass::Phenylpropanoids (C6-C3)	0,0,0,0,0,0,0,0,0,0,0,0,0,0,0,1,0,0,0,0,0,0,0	0,0,0,0,1,0,0,0,0,0,0,0,0,0,0,1,0,0,0,0,0,0,0	-0.882299,-0.935839,-0.184624,-0.210958,0.104385,-0.501210,-0.927684,-0.547749,-0.216245,-0.013928,-0.513672,-0.460165,-0.776152,-0.347214,-0.105006,0.105776,-0.410329,-0.588726,-0.378056,-0.854211,-0.438205,-0.489109,-0.334000
Ptri_HCT6_PNT52620.1	Ptri_HCT6_PNT52620.1	acceptor_superclass::Phenolic acids (C6-C1);acceptor_superclass::Small peptides	acceptor_superclass::Fatty Acids and Conjugates;acceptor_superclass::Phenolic acids (C6-C1);acceptor_superclass::Small peptides;acceptor_superclass::Tyrosine alkaloids	0,0,0,0,0,0,0,0,0,0,0,0,0,1,0,0,0,0,1,0,0,0,0	0,0,0,1,0,0,0,0,0,0,0,0,0,1,0,0,0,0,1,0,0,0,1	-0.727947,-1.014419,-1.120594,0.326947,-0.269535,-0.373275,-0.820421,-0.008839,-0.904371,-0.359293,-1.169787,-0.248112,-0.727947,0.860899,-0.337587,-0.144093,-0.483948,-1.083252,0.607190,-0.707593,-0.299042,-0.951202,0.209717
Ptri_HBMT1_PNT60021.1	Ptri_PHBMT1_AJD79571.1	acceptor_superclass::Phenylpropanoids (C6-C3)	acceptor_superclass::Fatty acyls;acceptor_superclass::Phenylpropanoids (C6-C3)	0,0,0,0,0,0,0,0,0,0,0,0,0,0,0,1,0,0,0,0,0,0,0	0,0,0,0,1,0,0,0,0,0,0,0,0,0,0,1,0,0,0,0,0,0,0	-1.000795,-0.924562,-0.221077,-0.195465,0.059208,-0.414649,-0.929098,-0.169424,-0.270085,-0.050000,-0.537619,-0.418506,-1.000795,-0.338778,-0.226279,0.039319,-0.342218,-0.611698,-0.414008,-0.839983,-0.320217,-0.569813,-0.322601
Ptri_SABT_AJD25144.1	Ptri_SABT_AJD25144.1	acceptor_superclass::Phenylpropanoids (C6-C3)	acceptor_superclass::Fatty acyls;acceptor_superclass::Monoterpenoids;acceptor_superclass::Phenylpropanoids (C6-C3)	0,0,0,0,0,0,0,0,0,0,0,0,0,0,0,1,0,0,0,0,0,0,0	0,0,0,0,1,0,0,0,0,1,0,0,0,0,0,1,0,0,0,0,0,0,0	-0.847283,-0.812293,-0.374547,-0.002457,0.219898,-0.431315,-1.049281,-0.049169,-0.180834,0.155452,-0.631358,-0.653303,-0.673043,-0.173631,-0.110656,0.201274,-0.639529,-0.629496,-0.239600,-0.811005,-0.350195,-0.503193,-0.201933
Pvir_FMT_KAG2630178.1	Pvir_FMT_KAG2630178.1	acceptor_superclass::Phenylpropanoids (C6-C3)	acceptor_superclass::Fatty acyls;acceptor_superclass::Monoterpenoids;acceptor_superclass::Phenylethanoids (C6-C2);acceptor_superclass::Phenylpropanoids (C6-C3);acceptor_superclass::Pseudoalkaloids	0,0,0,0,0,0,0,0,0,0,0,0,0,0,0,1,0,0,0,0,0,0,0	0,0,0,0,1,0,0,0,0,1,0,0,0,0,1,1,1,0,0,0,0,0,0	-0.601920,-0.461678,-0.216408,-0.242579,0.020444,-0.152150,-0.583803,-0.764330,-0.424171,0.134251,-0.556828,-0.094993,-0.310756,-0.961619,0.107429,0.087811,0.057850,-0.445480,-0.801811,-0.547294,-0.639902,-0.480941,-0.628634
Pvir_HCT1a_BAO20883.1	Pvir_HCT1a_BAO20883.1	acceptor_superclass::Phenolic acids (C6-C1)	acceptor_superclass::Fatty Acids and Conjugates;acceptor_superclass::Phenolic acids (C6-C1);acceptor_superclass::Phenylpropanoids (C6-C3);acceptor_superclass::Small peptides;acceptor_superclass::Tyrosine alkaloids	0,0,0,0,0,0,0,0,0,0,0,0,0,1,0,0,0,0,0,0,0,0,0	0,0,0,1,0,0,0,0,0,0,0,0,0,1,0,1,0,0,1,0,0,0,1	-0.708250,-0.840355,-1.292111,0.285122,-0.311197,-0.461542,-0.793693,-1.036365,-0.964170,-0.503794,-1.038459,-0.179272,-0.757900,0.853914,-0.099909,0.022498,-0.490609,-0.970866,0.610721,-0.634799,-0.689336,-0.653324,0.245231
Pvir_HCT2a_AGM90558.1	Pvir_HCT2a_AGM90558.1	acceptor_superclass::Phenolic acids (C6-C1);acceptor_superclass::Phenylpropanoids (C6-C3);acceptor_superclass::Small peptides	acceptor_superclass::Fatty Acids and Conjugates;acceptor_superclass::Phenolic acids (C6-C1);acceptor_superclass::Small peptides;acceptor_superclass::Triterpenoids;acceptor_superclass::Tyrosine alkaloids	0,0,0,0,0,0,0,0,0,0,0,0,0,1,0,1,0,0,1,0,0,0,0	0,0,0,1,0,0,0,0,0,0,0,0,0,1,0,0,0,0,1,0,1,0,1	-0.535037,-1.234292,-1.153784,0.521863,-0.456558,-0.362381,-0.587018,-0.187840,-1.378338,-0.300463,-0.751732,-0.469536,-0.401379,0.729066,-0.078551,-0.314258,-0.663259,-0.909801,0.365104,-0.697991,0.148395,-0.550328,0.438258
Pvir_PMT_KAG2616253.1	Pvir_PMT_KAG2616253.1	acceptor_superclass::Phenylpropanoids (C6-C3)	acceptor_superclass::Fatty acyls;acceptor_superclass::Monoterpenoids;acceptor_superclass::Phenylethanoids (C6-C2);acceptor_superclass::Phenylpropanoids (C6-C3);acceptor_superclass::Pseudoalkaloids	0,0,0,0,0,0,0,0,0,0,0,0,0,0,0,1,0,0,0,0,0,0,0	0,0,0,0,1,0,0,0,0,1,0,0,0,0,1,1,1,0,0,0,0,0,0	-0.713439,-0.405590,-0.119584,-0.398664,0.027925,-0.158769,-0.701216,-0.943300,-0.289404,0.227260,-0.556633,-0.064491,-0.441148,-0.975861,0.125443,0.094282,0.075965,-0.354178,-0.758459,-0.599353,-0.607002,-0.410126,-0.469091
Pvul_HHHT_AOX15526.1	Pvul_HHHT_AOX15526.1	acceptor_superclass::Fatty Acids and Conjugates	acceptor_superclass::Ornithine alkaloids;acceptor_superclass::Phenolic acids (C6-C1);acceptor_superclass::Phenylethanoids (C6-C2);acceptor_superclass::Small peptides;acceptor_superclass::Tyrosine alkaloids	0,0,0,1,0,0,0,0,0,0,0,0,0,0,0,0,0,0,0,0,0,0,0	0,0,0,0,0,0,0,0,0,0,0,1,0,1,1,0,0,0,1,0,0,0,1	-0.428278,-0.599299,-0.904711,-0.020089,-0.450675,-0.202402,-0.574814,-0.295669,-0.885146,-0.221404,-0.877819,0.027789,-0.226602,0.032501,0.290211,-0.147902,-0.293698,-0.610534,0.207439,-0.404109,-0.434664,-0.746046,0.071134
Rcan_SHT_QNO39111.1	Rcan_SHT_QNO39111.1	acceptor_superclass::Ornithine alkaloids	acceptor_superclass::Fatty Acids and Conjugates;acceptor_superclass::Phenolic acids (C6-C1);acceptor_superclass::Small peptides;acceptor_superclass::Tyrosine alkaloids	0,0,0,0,0,0,0,0,0,0,0,1,0,0,0,0,0,0,0,0,0,0,0	0,0,0,1,0,0,0,0,0,0,0,0,0,1,0,0,0,0,1,0,0,0,1	-0.649592,-0.929848,-0.680480,0.297466,-0.327027,-0.396196,-0.704871,-0.195570,-1.127324,-0.209717,-0.882138,-0.028380,-0.360455,0.276697,-0.111652,-0.123415,-0.242147,-0.670094,0.176690,-0.651820,-0.186531,-0.652844,0.085404
Rcom_SHT_QNO39108.1	Rcom_SHT_QNO39108.1	acceptor_superclass::Ornithine alkaloids	acceptor_superclass::Fatty Acids and Conjugates;acceptor_superclass::Ornithine alkaloids;acceptor_superclass::Phenolic acids (C6-C1);acceptor_superclass::Phenylethanoids (C6-C2);acceptor_superclass::Small peptides;acceptor_superclass::Tyrosine alkaloids	0,0,0,0,0,0,0,0,0,0,0,1,0,0,0,0,0,0,0,0,0,0,0	0,0,0,1,0,0,0,0,0,0,0,1,0,1,1,0,0,0,1,0,0,0,1	-0.370196,-0.545943,-1.294793,0.204294,-0.404218,-0.044205,-0.270276,-0.471678,-1.230959,-0.487677,-0.862425,0.045260,-0.370196,0.489368,0.043837,-0.205781,-0.183814,-1.001657,0.420945,-0.197182,-0.381740,-1.201120,0.176695
Rglu_AT1_WEX29776.1	Rglu_AT1_WEX29776.1	acceptor_superclass::Phenylethanoids (C6-C2)	acceptor_superclass::Fatty Acids and Conjugates;acceptor_superclass::Phenolic acids (C6-C1);acceptor_superclass::Phenylethanoids (C6-C2);acceptor_superclass::Small peptides;acceptor_superclass::Tyrosine alkaloids	0,0,0,0,0,0,0,0,0,0,0,0,0,0,1,0,0,0,0,0,0,0,0	0,0,0,1,0,0,0,0,0,0,0,0,0,1,1,0,0,0,1,0,0,0,1	-0.493919,-0.915280,-1.235765,0.297983,-0.578941,-0.451466,-0.645304,-1.325397,-1.227142,-0.336778,-0.674345,-0.136367,-0.309786,0.496170,0.131282,-0.061450,-0.389867,-0.744743,0.374353,-0.547120,-0.423147,-0.533425,0.186649
Rhyb_AAT1_AAW31948.1	Rhyb_AAT1_AAW31948.1	acceptor_superclass::Fatty acyls;acceptor_superclass::Monoterpenoids;acceptor_superclass::Phenylethanoids (C6-C2)	acceptor_superclass::Cyclic polyketides;acceptor_superclass::Ornithine alkaloids;acceptor_superclass::Pseudoalkaloids	0,0,0,0,1,0,0,0,0,1,0,0,0,0,1,0,0,0,0,0,0,0,0	0,1,0,0,0,0,0,0,0,0,0,1,0,0,0,0,1,0,0,0,0,0,0	-0.668581,0.411471,-0.352518,-0.906541,-0.082254,-0.152204,-0.452043,-0.467167,-0.285520,-0.094901,-0.092881,0.052352,-0.381494,-0.927434,-0.128988,-0.026830,0.106964,-0.439660,-0.765164,-0.541027,-0.101513,-0.330048,-0.432071
Rser_VS_CAD89104.2	Rser_ACT_CAD89104.2	acceptor_superclass::Tryptophan alkaloids	acceptor_superclass::Monoterpenoids;acceptor_superclass::Naphthalenes;acceptor_superclass::Triterpenoids;acceptor_superclass::Tryptophan alkaloids	0,0,0,0,0,0,0,0,0,0,0,0,0,0,0,0,0,0,0,0,0,1,0	0,0,0,0,0,0,0,0,0,1,1,0,0,0,0,0,0,0,0,0,1,1,0	-0.977848,-0.965675,-0.079354,-0.124209,-0.146822,-0.757503,-0.821738,-0.638503,-1.049478,0.153905,0.013306,-0.929570,-0.319863,-0.494896,-0.095607,-0.169084,-0.895408,-0.576256,-0.738284,-0.838594,0.324529,0.400909,-0.192600
Rser_VS_CAD89104.2	Rser_VS_CAD89104.2	acceptor_superclass::Tryptophan alkaloids	acceptor_superclass::Diterpenoids;acceptor_superclass::Monoterpenoids;acceptor_superclass::Triterpenoids;acceptor_superclass::Tryptophan alkaloids	0,0,0,0,0,0,0,0,0,0,0,0,0,0,0,0,0,0,0,0,0,1,0	0,0,1,0,0,0,0,0,0,1,0,0,0,0,0,0,0,0,0,0,1,1,0	-1.025638,-0.696698,0.068681,-0.413690,-0.083904,-0.477675,-0.827213,-0.623837,-1.012739,0.075250,-0.059390,-0.585181,-0.225733,-0.473994,-0.081414,-0.112114,-0.591115,-0.278629,-0.654654,-1.232404,0.405405,0.379899,-0.142769
Rser_YAT_PQ801655	Rser_YAT_PQ801655	acceptor_superclass::Tryptophan alkaloids	acceptor_superclass::Diterpenoids;acceptor_superclass::Fatty acyls;acceptor_superclass::Monoterpenoids;acceptor_superclass::Phenylpropanoids (C6-C3);acceptor_superclass::Triterpenoids;acceptor_superclass::Tryptophan alkaloids	0,0,0,0,0,0,0,0,0,0,0,0,0,0,0,0,0,0,0,0,0,1,0	0,0,1,0,1,0,0,0,0,1,0,0,0,0,0,1,0,0,0,0,1,1,0	-1.287043,-0.284530,0.411006,-0.471024,0.177799,-0.561636,-1.072337,-0.205075,-0.444771,0.332903,-0.114115,-0.619849,-0.543338,-1.014355,-0.239308,0.155963,-0.528876,-0.241231,-0.904535,-1.036676,0.131755,0.258268,-0.433869
Sbic_COSY_OQU75851.1	Sbic_COSY_OQU75851.1		acceptor_superclass::Diterpenoids;acceptor_superclass::Ornithine alkaloids;acceptor_superclass::Pseudoalkaloids;acceptor_superclass::Saccharides;acceptor_superclass::Tryptophan alkaloids	0,0,0,0,0,0,0,0,0,0,0,0,0,0,0,0,0,0,0,0,0,0,0	0,0,1,0,0,0,0,0,0,0,0,1,0,0,0,0,1,1,0,0,0,1,0	-0.679323,-0.035812,0.194103,-0.708314,-0.414656,-0.021716,-0.397123,-0.559733,-0.125618,-0.008517,-0.396557,0.315610,-0.446663,-1.446010,-0.306544,-0.100820,0.411323,0.106976,-1.002220,-0.335943,-0.590616,0.097751,-0.771144
Sbic_FMT_EES15804.1	Sbic_FMT_EES15804.1	acceptor_superclass::Phenylpropanoids (C6-C3)	acceptor_superclass::Fatty acyls;acceptor_superclass::Monoterpenoids;acceptor_superclass::Phenylethanoids (C6-C2);acceptor_superclass::Phenylpropanoids (C6-C3);acceptor_superclass::Pseudoalkaloids	0,0,0,0,0,0,0,0,0,0,0,0,0,0,0,1,0,0,0,0,0,0,0	0,0,0,0,1,0,0,0,0,1,0,0,0,0,1,1,1,0,0,0,0,0,0	-0.528772,-0.401708,-0.167662,-0.419844,0.009510,-0.020083,-0.544533,-1.022800,-0.362278,0.138291,-0.520123,-0.097575,-0.275509,-0.981511,0.119023,0.057526,0.070290,-0.387754,-0.778537,-0.473685,-0.597423,-0.535735,-0.579696
Sbic_HCT_EES05411.1	Sbic_HCT_EES05411.1	acceptor_superclass::Phenolic acids (C6-C1)	acceptor_superclass::Fatty Acids and Conjugates;acceptor_superclass::Lignans;acceptor_superclass::Phenolic acids (C6-C1);acceptor_superclass::Small peptides;acceptor_superclass::Tyrosine alkaloids	0,0,0,0,0,0,0,0,0,0,0,0,0,1,0,0,0,0,0,0,0,0,0	0,0,0,1,0,0,0,1,0,0,0,0,0,1,0,0,0,0,1,0,0,0,1	-0.574978,-1.298713,-1.118555,0.373982,-0.502688,-0.259286,-0.685760,0.098262,-1.309417,-0.367111,-0.746082,-0.189706,-0.497939,0.653776,-0.103722,-0.077269,-0.433635,-1.096519,0.407174,-0.702434,-0.119294,-0.635640,0.212983
Sbic_PMT_EES17668.1	Sbic_PMT_EES17668.1	acceptor_superclass::Phenylpropanoids (C6-C3)	acceptor_superclass::Diterpenoids;acceptor_superclass::Fatty acyls;acceptor_superclass::Lysine alkaloids;acceptor_superclass::Monoterpenoids;acceptor_superclass::Phenylethanoids (C6-C2);acceptor_superclass::Phenylpropanoids (C6-C3);acceptor_superclass::Pseudoalkaloids	0,0,0,0,0,0,0,0,0,0,0,0,0,0,0,1,0,0,0,0,0,0,0	0,0,1,0,1,0,0,0,1,1,0,0,0,0,1,1,1,0,0,0,0,0,0	-1.103288,-0.371493,0.191732,-0.507757,0.142670,-0.367561,-1.035625,-0.690662,0.001146,0.373927,-0.793440,-0.015249,-0.685222,-1.078092,0.170424,0.217586,0.089582,-0.057684,-0.799502,-0.901319,-0.543465,-0.207115,-0.509813
Sche_AAT10422_BCJ78482.1	Sche_AAT10422_BCJ78482.1	acceptor_superclass::Fatty acyls	acceptor_superclass::Fatty acyls;acceptor_superclass::Monoterpenoids;acceptor_superclass::Phenylpropanoids (C6-C3)	0,0,0,0,1,0,0,0,0,0,0,0,0,0,0,0,0,0,0,0,0,0,0	0,0,0,0,1,0,0,0,0,1,0,0,0,0,0,1,0,0,0,0,0,0,0	-0.928003,-0.557159,-0.201954,-0.530402,0.487365,-0.330024,-1.049162,-0.317786,-0.062298,0.213802,-0.816849,-0.402567,-0.928003,-0.599556,-0.002630,0.227961,-0.401185,-0.466093,-0.551553,-0.865418,-0.571726,-0.696490,-0.635099
Schi_CFAT_URQ03862.1	Schi_CFAT_URQ03862.1	acceptor_superclass::Lignans;acceptor_superclass::Phenylpropanoids (C6-C3)	acceptor_superclass::Diterpenoids;acceptor_superclass::Lysine alkaloids;acceptor_superclass::Saccharides;acceptor_superclass::Tryptophan alkaloids	0,0,0,0,0,0,0,1,0,0,0,0,0,0,0,1,0,0,0,0,0,0,0	0,0,1,0,0,0,0,0,1,0,0,0,0,0,0,0,0,1,0,0,0,1,0	-1.218957,-0.497098,0.445033,-1.090200,-0.167631,-0.627267,-1.002247,-1.153777,0.313672,-0.126824,-0.049410,-0.400049,-1.052459,-1.018556,-0.420427,-0.060032,-0.233276,0.209004,-0.860971,-0.826524,-0.059403,0.071019,-0.350469
Schm_AAT11306_BCJ78485.1	Schm_AAT11306_BCJ78485.1	acceptor_superclass::Fatty acyls	acceptor_superclass::Fatty acyls;acceptor_superclass::Lysine alkaloids;acceptor_superclass::Monoterpenoids;acceptor_superclass::Phenylethanoids (C6-C2);acceptor_superclass::Phenylpropanoids (C6-C3)	0,0,0,0,1,0,0,0,0,0,0,0,0,0,0,0,0,0,0,0,0,0,0	0,0,0,0,1,0,0,0,1,1,0,0,0,0,1,1,0,0,0,0,0,0,0	-0.804872,-0.604677,-0.037995,-0.466092,0.327282,-0.220781,-0.844531,-0.275423,0.037304,0.164435,-0.555029,-0.247189,-0.516849,-0.745393,0.005795,0.244637,-0.158894,-0.538959,-0.681466,-0.838712,-0.495527,-0.551587,-0.610678
Scru_3MAT_AAO38058	Scru_3MAT_AAO38058		acceptor_superclass::Coumarins;acceptor_superclass::Cyclic polyketides;acceptor_superclass::Flavonoids;acceptor_superclass::Isoflavonoids;acceptor_superclass::Naphthalenes;acceptor_superclass::Ornithine alkaloids;acceptor_superclass::Phenanthrenoids;acceptor_superclass::Steroids	0,0,0,0,0,0,0,0,0,0,0,0,0,0,0,0,0,0,0,0,0,0,0	1,1,0,0,0,1,1,0,0,0,1,1,1,0,0,0,0,0,0,1,0,0,0	0.923882,0.357429,-0.835443,-0.760227,-0.242331,0.770806,0.711935,-0.982938,-0.753226,-0.471172,0.037634,0.079892,1.082733,-1.183578,-0.116654,-0.517782,-0.133612,-0.939958,-0.622180,0.838372,-0.654975,-1.102757,-0.175428
Sfal_HFT-like_KAH8954438.1	Sfal_HFT-like_KAH8954438.1	acceptor_superclass::Fatty Acids and Conjugates;acceptor_superclass::Fatty acyls	acceptor_superclass::Fatty Acids and Conjugates;acceptor_superclass::Phenylpropanoids (C6-C3)	0,0,0,1,1,0,0,0,0,0,0,0,0,0,0,0,0,0,0,0,0,0,0	0,0,0,1,0,0,0,0,0,0,0,0,0,0,0,1,0,0,0,0,0,0,0	-0.853918,-1.023415,-0.344628,0.113111,-0.035717,-0.479843,-0.950893,-0.809517,-0.403518,-0.076460,-0.766485,-0.320144,-0.669056,-0.179439,-0.124042,0.025391,-0.300667,-0.486197,-0.142823,-0.815542,-0.625541,-0.344660,-0.109939
Sgal_AAT10483_BCJ78483.1	Sgal_AAT10483_BCJ78483.1	acceptor_superclass::Fatty acyls	acceptor_superclass::Fatty acyls;acceptor_superclass::Monoterpenoids;acceptor_superclass::Phenylethanoids (C6-C2);acceptor_superclass::Phenylpropanoids (C6-C3)	0,0,0,0,1,0,0,0,0,0,0,0,0,0,0,0,0,0,0,0,0,0,0	0,0,0,0,1,0,0,0,0,1,0,0,0,0,1,1,0,0,0,0,0,0,0	-0.817275,-0.634126,-0.153831,-0.437652,0.450159,-0.284491,-0.965975,-0.744756,-0.254221,0.304853,-0.799744,-0.368009,-0.424426,-0.614507,0.218826,0.242339,-0.382827,-0.456035,-0.551760,-0.862702,-0.566475,-0.658797,-0.556965
Sgla_HQT1_WYJ75404.1	Sgla_HQT1_WYJ75404.1	acceptor_superclass::Phenolic acids (C6-C1);acceptor_superclass::Small peptides	acceptor_superclass::Fatty Acids and Conjugates;acceptor_superclass::Phenolic acids (C6-C1);acceptor_superclass::Small peptides;acceptor_superclass::Tyrosine alkaloids	0,0,0,0,0,0,0,0,0,0,0,0,0,1,0,0,0,0,1,0,0,0,0	0,0,0,1,0,0,0,0,0,0,0,0,0,1,0,0,0,0,1,0,0,0,1	-0.670362,-1.112489,-1.272263,0.349897,-0.302493,-0.326988,-0.814944,-0.040268,-0.982705,-0.216503,-0.886720,-0.468410,-0.699714,0.741340,-0.040386,-0.166317,-0.636809,-0.865458,0.492142,-0.625636,-0.061498,-0.680936,0.386786
Sgla_HQT2_WYJ75406.1	Sgla_HQT2_WYJ75406.1	acceptor_superclass::Phenolic acids (C6-C1)	acceptor_superclass::Fatty Acids and Conjugates;acceptor_superclass::Phenolic acids (C6-C1);acceptor_superclass::Small peptides;acceptor_superclass::Tyrosine alkaloids	0,0,0,0,0,0,0,0,0,0,0,0,0,1,0,0,0,0,0,0,0,0,0	0,0,0,1,0,0,0,0,0,0,0,0,0,1,0,0,0,0,1,0,0,0,1	-0.674254,-0.903505,-1.238297,0.090434,-0.398573,-0.184143,-0.695731,-0.049563,-1.059470,-0.346311,-0.847359,-0.150858,-0.787915,0.651420,-0.221499,-0.103367,-0.379078,-1.140692,0.432663,-0.574794,-0.100234,-0.663908,0.365939
Sgla_HST_WYJ75403.1	Sgla_HST_WYJ75403.1	acceptor_superclass::Phenolic acids (C6-C1);acceptor_superclass::Small peptides	acceptor_superclass::Fatty Acids and Conjugates;acceptor_superclass::Lignans;acceptor_superclass::Phenolic acids (C6-C1);acceptor_superclass::Small peptides;acceptor_superclass::Tyrosine alkaloids	0,0,0,0,0,0,0,0,0,0,0,0,0,1,0,0,0,0,1,0,0,0,0	0,0,0,1,0,0,0,1,0,0,0,0,0,1,0,0,0,0,1,0,0,0,1	-0.850963,-0.848658,-1.142524,0.162090,-0.226443,-0.438448,-0.904334,0.021376,-0.789368,-0.290072,-1.192113,-0.250364,-0.850963,0.880155,-0.228452,-0.072513,-0.443902,-0.953767,0.502202,-0.830791,-0.233278,-0.965207,0.199853
Sgla_RAS_WYJ75405.1	Sgla_RAS_WYJ75405.1	acceptor_superclass::Phenolic acids (C6-C1);acceptor_superclass::Small peptides;acceptor_superclass::Tyrosine alkaloids	acceptor_superclass::Fatty Acids and Conjugates;acceptor_superclass::Lignans;acceptor_superclass::Phenolic acids (C6-C1);acceptor_superclass::Small peptides;acceptor_superclass::Tyrosine alkaloids	0,0,0,0,0,0,0,0,0,0,0,0,0,1,0,0,0,0,1,0,0,0,1	0,0,0,1,0,0,0,1,0,0,0,0,0,1,0,0,0,0,1,0,0,0,1	-0.466319,-1.582308,-1.319964,0.797826,-0.530939,-0.258044,-0.679112,0.249533,-1.707957,-0.361566,-0.885732,-0.210339,-0.346361,0.960979,-0.001662,-0.009068,-0.553385,-1.329508,0.593235,-0.649634,-0.054724,-0.632695,0.298794
Shab_AAT11777_BCJ78486.1	Shab_AAT11777_BCJ78486.1	acceptor_superclass::Fatty acyls	acceptor_superclass::Fatty acyls;acceptor_superclass::Monoterpenoids;acceptor_superclass::Phenylethanoids (C6-C2);acceptor_superclass::Phenylpropanoids (C6-C3)	0,0,0,0,1,0,0,0,0,0,0,0,0,0,0,0,0,0,0,0,0,0,0	0,0,0,0,1,0,0,0,0,1,0,0,0,0,1,1,0,0,0,0,0,0,0	-0.638719,-0.607085,-0.256383,-0.409890,0.464157,-0.200947,-0.804383,-0.715860,-0.320576,0.268056,-0.738155,-0.294459,-0.305512,-0.623296,0.193222,0.206331,-0.323206,-0.607838,-0.569507,-0.742906,-0.653666,-0.848547,-0.534728
Shab_ASAT2_ALU64009.1	Shab_ASAT2_ALU64009.1		acceptor_superclass::Cyclic polyketides;acceptor_superclass::Diterpenoids;acceptor_superclass::Naphthalenes	0,0,0,0,0,0,0,0,0,0,0,0,0,0,0,0,0,0,0,0,0,0,0	0,1,1,0,0,0,0,0,0,0,1,0,0,0,0,0,0,0,0,0,0,0,0	-0.612167,0.140187,0.021598,-1.235264,-0.084660,-0.363581,-0.654692,-0.211435,-0.037154,-0.089741,0.205143,-0.434335,-0.166236,-1.450995,-0.143072,-0.079929,-0.335409,-0.235677,-1.175621,-0.387089,-0.484243,-0.173899,-0.702242
Shab_ASAT3-F_AJF98584.1	Shab_ASAT3-F_AJF98584.1		acceptor_superclass::Diterpenoids;acceptor_superclass::Monoterpenoids;acceptor_superclass::Naphthalenes	0,0,0,0,0,0,0,0,0,0,0,0,0,0,0,0,0,0,0,0,0,0,0	0,0,1,0,0,0,0,0,0,1,1,0,0,0,0,0,0,0,0,0,0,0,0	-0.408733,-0.195035,0.403630,-0.946155,-0.069487,-0.281946,-0.537073,-0.403912,-0.222939,0.063481,0.288260,-0.457533,-0.041174,-1.540436,-0.129334,-0.110647,-0.275786,-0.128090,-1.239714,-0.182760,-0.116605,-0.341240,-0.410351
Shab_ASAT3-P_AJF98591.1	Shab_ASAT3-P_AJF98591.1		acceptor_superclass::Cyclic polyketides;acceptor_superclass::Diterpenoids;acceptor_superclass::Lysine alkaloids;acceptor_superclass::Naphthalenes;acceptor_superclass::Pseudoalkaloids	0,0,0,0,0,0,0,0,0,0,0,0,0,0,0,0,0,0,0,0,0,0,0	0,1,1,0,0,0,0,0,1,0,1,0,0,0,0,0,1,0,0,0,0,0,0	-0.658872,0.027276,0.184106,-1.131719,-0.192408,-0.466467,-0.705026,-0.283223,0.005110,-0.038366,0.190530,-0.057784,-0.343462,-1.576671,-0.179684,-0.060206,0.037395,-0.035098,-1.154031,-0.280834,-0.441355,-0.039979,-0.663715
Sind_AT1_BEE35702.1	Sind_AT1_BEE35702.1	acceptor_superclass::Phenylethanoids (C6-C2)	acceptor_superclass::Fatty Acids and Conjugates;acceptor_superclass::Phenolic acids (C6-C1);acceptor_superclass::Phenylethanoids (C6-C2);acceptor_superclass::Small peptides;acceptor_superclass::Triterpenoids;acceptor_superclass::Tyrosine alkaloids	0,0,0,0,0,0,0,0,0,0,0,0,0,0,1,0,0,0,0,0,0,0,0	0,0,0,1,0,0,0,0,0,0,0,0,0,1,1,0,0,0,1,0,1,0,1	-0.301452,-0.959473,-1.371995,0.506601,-0.481596,-0.336459,-0.519554,-0.397975,-1.353412,-0.193379,-0.798549,-0.418198,-0.214546,0.573717,0.347147,-0.229294,-0.645903,-0.752030,0.406692,-0.332015,0.058852,-0.802813,0.440362
Sind_AT2_BEE35703.1	Sind_AT2_BEE35703.1	acceptor_superclass::Phenylethanoids (C6-C2)	acceptor_superclass::Fatty Acids and Conjugates;acceptor_superclass::Phenolic acids (C6-C1);acceptor_superclass::Phenylethanoids (C6-C2);acceptor_superclass::Small peptides;acceptor_superclass::Tyrosine alkaloids	0,0,0,0,0,0,0,0,0,0,0,0,0,0,1,0,0,0,0,0,0,0,0	0,0,0,1,0,0,0,0,0,0,0,0,0,1,1,0,0,0,1,0,0,0,1	-0.585912,-0.817948,-1.080808,0.362116,-0.438822,-0.322815,-0.521516,-0.479683,-1.226116,-0.332102,-0.869051,-0.182535,-0.585912,0.466861,0.172674,-0.163319,-0.405188,-0.831849,0.408318,-0.441451,-0.315987,-0.854017,0.199982
Sind_AT1_BEE35702.1	Sind_SHCT_XP_011083883.1	acceptor_superclass::Phenylethanoids (C6-C2)	acceptor_superclass::Fatty Acids and Conjugates;acceptor_superclass::Phenolic acids (C6-C1);acceptor_superclass::Phenylethanoids (C6-C2);acceptor_superclass::Small peptides;acceptor_superclass::Tyrosine alkaloids	0,0,0,0,0,0,0,0,0,0,0,0,0,0,1,0,0,0,0,0,0,0,0	0,0,0,1,0,0,0,0,0,0,0,0,0,1,1,0,0,0,1,0,0,0,1	-0.319798,-0.901255,-1.263433,0.377364,-0.631630,-0.376107,-0.520604,-1.357787,-1.303977,-0.392508,-0.759452,-0.214326,-0.214102,0.564527,0.100457,-0.104652,-0.472369,-0.791463,0.499055,-0.308715,-0.439576,-0.581093,0.227002
Slyc_AAT1_XP_004244681.1	Slyc_AAT1_XP_004244681.1	acceptor_superclass::Fatty acyls;acceptor_superclass::Phenylethanoids (C6-C2)	acceptor_superclass::Cyclic polyketides;acceptor_superclass::Diterpenoids;acceptor_superclass::Fatty acyls;acceptor_superclass::Lysine alkaloids;acceptor_superclass::Monoterpenoids;acceptor_superclass::Ornithine alkaloids;acceptor_superclass::Phenylpropanoids (C6-C3);acceptor_superclass::Pseudoalkaloids;acceptor_superclass::Saccharides;acceptor_superclass::Tryptophan alkaloids	0,0,0,0,1,0,0,0,0,0,0,0,0,0,1,0,0,0,0,0,0,0,0	0,1,1,0,1,0,0,0,1,1,0,1,0,0,0,1,1,1,0,0,0,1,0	-1.573832,0.397314,2.062031,-2.103201,0.180824,-0.339751,-1.220488,-0.198325,1.326140,0.461843,-0.082285,0.195122,-0.933866,-2.643225,-0.515579,0.447355,0.433294,1.028421,-2.054955,-1.541552,-1.780268,0.287115,-2.036193
Slyc_PHT1_UTQ10234.1	Slyc_ACT2_XP_004251197.1	acceptor_superclass::Ornithine alkaloids;acceptor_superclass::Pseudoalkaloids	acceptor_superclass::Ornithine alkaloids;acceptor_superclass::Pseudoalkaloids	0,0,0,0,0,0,0,0,0,0,0,1,0,0,0,0,1,0,0,0,0,0,0	0,0,0,0,0,0,0,0,0,0,0,1,0,0,0,0,1,0,0,0,0,0,0	-0.740681,-0.641619,-0.640880,-0.011653,-0.218153,-0.374156,-0.603008,-0.900568,-0.707924,-0.281248,-0.686496,0.287210,-0.572034,-0.128959,-0.162638,-0.094711,0.254543,-0.657727,-0.161199,-0.644972,-0.536561,-0.380486,-0.161331
Slyc_ASAT1_NP_001316332.1	Slyc_ASAT1_NP_001316332.1	acceptor_superclass::Saccharides	acceptor_superclass::Cyclic polyketides;acceptor_superclass::Diterpenoids;acceptor_superclass::Lysine alkaloids;acceptor_superclass::Monoterpenoids;acceptor_superclass::Naphthalenes;acceptor_superclass::Phenylethanoids (C6-C2);acceptor_superclass::Phenylpropanoids (C6-C3);acceptor_superclass::Tryptophan alkaloids	0,0,0,0,0,0,0,0,0,0,0,0,0,0,0,0,0,1,0,0,0,0,0	0,1,1,0,0,0,0,0,1,1,1,0,0,0,1,1,0,0,0,0,0,1,0	-1.190668,0.092515,0.506344,-1.297609,-0.104273,-0.529220,-0.997964,-0.055235,0.324631,0.207603,0.030352,-0.323142,-0.648210,-1.537264,0.115696,0.294971,-0.141563,-0.014262,-1.226050,-1.072062,-0.145717,0.030467,-0.666817
Slyc_ASAT2_ALU64015.1	Slyc_ASAT2_ALU64015.1		acceptor_superclass::Cyclic polyketides;acceptor_superclass::Diterpenoids;acceptor_superclass::Lysine alkaloids;acceptor_superclass::Monoterpenoids;acceptor_superclass::Naphthalenes;acceptor_superclass::Phenylethanoids (C6-C2);acceptor_superclass::Phenylpropanoids (C6-C3);acceptor_superclass::Saccharides	0,0,0,0,0,0,0,0,0,0,0,0,0,0,0,0,0,0,0,0,0,0,0	0,1,1,0,0,0,0,0,1,1,1,0,0,0,1,1,0,1,0,0,0,0,0	-0.796206,0.143984,0.224085,-1.105604,-0.008184,-0.502013,-0.857845,-0.202693,0.202349,0.120051,0.237018,-0.484410,-0.185488,-1.399389,0.054511,0.251935,-0.297127,0.021794,-1.146333,-0.843270,-0.215076,-0.128550,-0.605487
Slyc_ASAT3_AJF98582.1	Slyc_ASAT3_AJF98582.1		acceptor_superclass::Cyclic polyketides;acceptor_superclass::Diterpenoids;acceptor_superclass::Fatty acyls;acceptor_superclass::Lysine alkaloids;acceptor_superclass::Naphthalenes	0,0,0,0,0,0,0,0,0,0,0,0,0,0,0,0,0,0,0,0,0,0,0	0,1,1,0,1,0,0,0,1,0,1,0,0,0,0,0,0,0,0,0,0,0,0	-0.470177,0.101992,0.296630,-1.060666,0.011272,-0.325448,-0.608046,-1.026170,0.036092,-0.042399,0.197154,-0.249690,-0.123002,-1.556030,-0.162148,-0.169191,-0.298643,-0.125183,-1.155496,-0.202978,-0.483717,-0.451092,-0.440221
Slyc_ASAT4_AFM77971.1	Slyc_ASAT4_AFM77971.1		acceptor_superclass::Monoterpenoids;acceptor_superclass::Phenylethanoids (C6-C2);acceptor_superclass::Triterpenoids;acceptor_superclass::Tyrosine alkaloids	0,0,0,0,0,0,0,0,0,0,0,0,0,0,0,0,0,0,0,0,0,0,0	0,0,0,0,0,0,0,0,0,1,0,0,0,0,1,0,0,0,0,0,1,0,1	-0.567895,-0.144191,-0.615280,-0.127211,-0.204029,-0.463329,-0.774475,-0.420209,-1.004458,0.067262,-0.590329,-0.388579,-0.567895,-0.307474,0.081162,-0.129997,-0.684812,-0.268143,-0.134024,-0.004925,0.395690,-0.047623,0.133354
Slyc_GAME36_XP_004246214.1	Slyc_GAME36_XP_004246214.1	acceptor_superclass::Pseudoalkaloids	acceptor_superclass::Diterpenoids;acceptor_superclass::Naphthalenes	0,0,0,0,0,0,0,0,0,0,0,0,0,0,0,0,1,0,0,0,0,0,0	0,0,1,0,0,0,0,0,0,0,1,0,0,0,0,0,0,0,0,0,0,0,0	-0.479934,-0.227730,0.146352,-0.858667,-0.157780,-0.304083,-0.492785,-0.635668,-0.217928,-0.104099,0.343634,-0.378295,-0.340552,-1.265904,-0.266519,-0.179926,-0.410216,-0.251260,-1.021376,-0.138905,-0.432339,-0.402457,-0.304006
Slyc_HCT_XP_004235891.1	Slyc_HCT_XP_004235891.1	acceptor_superclass::Flavonoids;acceptor_superclass::Monoterpenoids;acceptor_superclass::Phenolic acids (C6-C1);acceptor_superclass::Triterpenoids;acceptor_superclass::Tyrosine alkaloids	acceptor_superclass::Fatty Acids and Conjugates;acceptor_superclass::Phenolic acids (C6-C1);acceptor_superclass::Small peptides;acceptor_superclass::Tyrosine alkaloids	0,0,0,0,0,1,0,0,0,1,0,0,0,1,0,0,0,0,0,0,1,0,1	0,0,0,1,0,0,0,0,0,0,0,0,0,1,0,0,0,0,1,0,0,0,1	-0.650270,-0.926275,-1.175580,0.300268,-0.247770,-0.371533,-0.714695,-1.058360,-0.888149,-0.573712,-0.916842,-0.136599,-0.756577,0.751670,-0.261201,-0.042275,-0.338461,-1.067247,0.500139,-0.649869,-0.838936,-0.666200,0.175037
Slyc_HQT_CAE46933.1	Slyc_HQT_CAE46933.1	acceptor_superclass::Phenolic acids (C6-C1);acceptor_superclass::Phenylpropanoids (C6-C3)	acceptor_superclass::Phenolic acids (C6-C1);acceptor_superclass::Small peptides;acceptor_superclass::Tyrosine alkaloids	0,0,0,0,0,0,0,0,0,0,0,0,0,1,0,1,0,0,0,0,0,0,0	0,0,0,0,0,0,0,0,0,0,0,0,0,1,0,0,0,0,1,0,0,0,1	-0.788221,-0.778248,-1.000870,-0.134348,-0.182198,-0.330165,-0.844274,-0.084413,-0.717821,-0.262926,-0.727232,-0.326245,-0.897046,0.487690,-0.073044,-0.071279,-0.492339,-0.878403,0.358037,-0.860801,-0.200215,-0.714318,0.187728
Slyc_PHT1_UTQ10234.1	Slyc_PHT1_UTQ10234.1	acceptor_superclass::Ornithine alkaloids;acceptor_superclass::Pseudoalkaloids	acceptor_superclass::Fatty Acids and Conjugates;acceptor_superclass::Ornithine alkaloids;acceptor_superclass::Pseudoalkaloids	0,0,0,0,0,0,0,0,0,0,0,1,0,0,0,0,1,0,0,0,0,0,0	0,0,0,1,0,0,0,0,0,0,0,1,0,0,0,0,1,0,0,0,0,0,0	-0.749768,-0.669150,-0.711239,0.060066,-0.160248,-0.345425,-0.609982,-0.386445,-0.744099,-0.190016,-0.709017,0.268329,-0.584206,-0.118410,-0.077470,-0.097552,0.234777,-0.635549,-0.117488,-0.657320,-0.248684,-0.494639,-0.081821
Slyc_PHT2_UTQ10235.1	Slyc_PHT2_UTQ10235.1	acceptor_superclass::Ornithine alkaloids;acceptor_superclass::Pseudoalkaloids	acceptor_superclass::Ornithine alkaloids;acceptor_superclass::Pseudoalkaloids	0,0,0,0,0,0,0,0,0,0,0,1,0,0,0,0,1,0,0,0,0,0,0	0,0,0,0,0,0,0,0,0,0,0,1,0,0,0,0,1,0,0,0,0,0,0	-0.689906,-0.527071,-0.593302,-0.089480,-0.075138,-0.215862,-0.585095,-0.447999,-0.652617,-0.193852,-0.616559,0.364561,-0.445450,-0.278494,-0.170682,-0.166849,0.312453,-0.674710,-0.264880,-0.747799,-0.360911,-0.519199,-0.231390
Slyc_SHT_QNO39109.1	Slyc_SHT_QNO39109.1	acceptor_superclass::Ornithine alkaloids	acceptor_superclass::Fatty Acids and Conjugates;acceptor_superclass::Ornithine alkaloids;acceptor_superclass::Phenolic acids (C6-C1);acceptor_superclass::Phenylethanoids (C6-C2);acceptor_superclass::Small peptides;acceptor_superclass::Tyrosine alkaloids	0,0,0,0,0,0,0,0,0,0,0,1,0,0,0,0,0,0,0,0,0,0,0	0,0,0,1,0,0,0,0,0,0,0,1,0,1,1,0,0,0,1,0,0,0,1	-0.417079,-0.470691,-1.066779,0.148155,-0.334644,-0.108496,-0.432533,-0.312608,-1.073013,-0.302392,-0.916001,0.058445,-0.417079,0.233063,0.007977,-0.163461,-0.158531,-0.783387,0.284181,-0.301721,-0.433842,-0.878098,0.095565
Smel_SHT_AKP24035.1	Smel_SHT_AKP24035.1	acceptor_superclass::Ornithine alkaloids	acceptor_superclass::Cyclic polyketides;acceptor_superclass::Diterpenoids;acceptor_superclass::Lignans;acceptor_superclass::Monoterpenoids;acceptor_superclass::Triterpenoids	0,0,0,0,0,0,0,0,0,0,0,1,0,0,0,0,0,0,0,0,0,0,0	0,1,1,0,0,0,0,1,0,1,0,0,0,0,0,0,0,0,0,0,1,0,0	-1.004263,0.096340,0.276098,-0.932910,-0.304127,-0.372269,-0.781636,0.010973,-0.259580,0.061848,-0.321300,-0.375607,-0.650170,-0.934827,-0.162676,-0.002190,-0.373265,-0.334740,-0.632567,-0.651822,0.064444,-0.042257,-0.438877
Smoe_HCT1a_XP_002979061.1	Smoe_HCT1a_XP_002979061.1	acceptor_superclass::Flavonoids;acceptor_superclass::Phenolic acids (C6-C1);acceptor_superclass::Small peptides	acceptor_superclass::Fatty Acids and Conjugates;acceptor_superclass::Phenolic acids (C6-C1);acceptor_superclass::Small peptides;acceptor_superclass::Tyrosine alkaloids	0,0,0,0,0,1,0,0,0,0,0,0,0,1,0,0,0,0,1,0,0,0,0	0,0,0,1,0,0,0,0,0,0,0,0,0,1,0,0,0,0,1,0,0,0,1	-0.772904,-0.940660,-1.171349,0.420132,-0.557459,-0.556175,-0.778676,-1.017931,-1.061092,-0.534398,-0.967306,-0.202725,-0.894609,0.915495,-0.299354,-0.113117,-0.437708,-0.773232,0.678315,-0.598620,-0.524487,-0.275476,0.457650
Sneo_AAT10247_BCJ78484.1	Sneo_AAT10247_BCJ78484.1	acceptor_superclass::Fatty acyls	acceptor_superclass::Fatty acyls;acceptor_superclass::Monoterpenoids;acceptor_superclass::Phenylethanoids (C6-C2);acceptor_superclass::Phenylpropanoids (C6-C3)	0,0,0,0,1,0,0,0,0,0,0,0,0,0,0,0,0,0,0,0,0,0,0	0,0,0,0,1,0,0,0,0,1,0,0,0,0,1,1,0,0,0,0,0,0,0	-0.729637,-0.687696,-0.228823,-0.397153,0.389160,-0.207978,-0.864120,-0.737182,-0.245715,0.244948,-0.731216,-0.318183,-0.456257,-0.581132,0.187008,0.182470,-0.294358,-0.541115,-0.557365,-0.871583,-0.585480,-0.728709,-0.567599
Snig_AGAT1_WES72146.1	Snig_AGAT1_WES72146.1		acceptor_superclass::Triterpenoids	0,0,0,0,0,0,0,0,0,0,0,0,0,0,0,0,0,0,0,0,0,0,0	0,0,0,0,0,0,0,0,0,0,0,0,0,0,0,0,0,0,0,0,1,0,0	-0.786187,-0.119318,-0.138199,-0.582872,-0.071111,-0.200536,-0.594378,-0.556825,-0.721862,-0.030342,-0.219352,-0.404045,-0.251716,-0.643358,-0.193361,-0.131973,-0.428300,-0.453257,-0.616903,-0.705143,0.273905,-0.000987,-0.316447
Snig_ASAT1_ART34015.1	Snig_ASAT1_ART34015.1	acceptor_superclass::Saccharides	acceptor_superclass::Diterpenoids;acceptor_superclass::Monoterpenoids;acceptor_superclass::Naphthalenes;acceptor_superclass::Phenylethanoids (C6-C2);acceptor_superclass::Phenylpropanoids (C6-C3)	0,0,0,0,0,0,0,0,0,0,0,0,0,0,0,0,0,1,0,0,0,0,0	0,0,1,0,0,0,0,0,0,1,1,0,0,0,1,1,0,0,0,0,0,0,0	-0.920519,-0.122923,0.142346,-0.847407,-0.204541,-0.569462,-0.847343,-0.069755,-0.084500,0.066963,0.212534,-0.555498,-0.391499,-1.222903,0.052336,0.142731,-0.432519,-0.162417,-1.021567,-0.833649,-0.147944,-0.014311,-0.377701
Snig_ASAT2_WES72145.1	Snig_ASAT2_WES72145.1		acceptor_superclass::Cyclic polyketides;acceptor_superclass::Diterpenoids;acceptor_superclass::Fatty acyls;acceptor_superclass::Lysine alkaloids;acceptor_superclass::Monoterpenoids;acceptor_superclass::Naphthalenes;acceptor_superclass::Saccharides	0,0,0,0,0,0,0,0,0,0,0,0,0,0,0,0,0,0,0,0,0,0,0	0,1,1,0,1,0,0,0,1,1,1,0,0,0,0,0,0,1,0,0,0,0,0	-0.711214,0.123616,0.464052,-1.245927,0.219143,-0.390443,-0.779637,-1.246778,0.251726,0.042186,0.204916,-0.415455,-0.297756,-1.668424,-0.092214,-0.072794,-0.321343,0.135816,-1.281896,-0.464236,-0.446881,-0.256770,-0.514658
Snux_AT_UQZ09626.1	Snux_AT_UQZ09626.1	acceptor_superclass::Tryptophan alkaloids	acceptor_superclass::Diterpenoids;acceptor_superclass::Monoterpenoids;acceptor_superclass::Phenylpropanoids (C6-C3);acceptor_superclass::Saccharides;acceptor_superclass::Triterpenoids;acceptor_superclass::Tryptophan alkaloids;acceptor_superclass::Tyrosine alkaloids	0,0,0,0,0,0,0,0,0,0,0,0,0,0,0,0,0,0,0,0,0,1,0	0,0,1,0,0,0,0,0,0,1,0,0,0,0,0,1,0,1,0,0,1,1,1	-1.406793,-0.650084,0.499079,-0.488948,-0.176237,-0.869810,-1.152389,-0.225592,-0.365553,0.349795,-0.160655,-0.589223,-0.600755,-1.033640,-0.051208,0.028508,-0.514720,0.372433,-0.946509,-0.693089,0.771454,0.844746,0.035714
Soff_AAT1_BDW80084.1	Soff_AAT1_BDW80084.1	acceptor_superclass::Naphthalenes	acceptor_superclass::Fatty acyls;acceptor_superclass::Monoterpenoids;acceptor_superclass::Naphthalenes;acceptor_superclass::Tryptophan alkaloids	0,0,0,0,0,0,0,0,0,0,1,0,0,0,0,0,0,0,0,0,0,0,0	0,0,0,0,1,0,0,0,0,1,1,0,0,0,0,0,0,0,0,0,0,1,0	-0.739330,-0.006440,-0.082520,-1.019958,0.085621,-0.446290,-0.785814,-0.324629,-0.181806,0.146901,0.514341,-0.422960,-0.739330,-1.221472,-0.147431,-0.118742,-0.263507,-0.072433,-1.105995,-0.312954,-0.069230,0.004165,-0.261326
Sole_SOAP10_KNA12459.1	Sole_SOAP10_KNA12459.1	acceptor_superclass::Triterpenoids	acceptor_superclass::Cyclic polyketides;acceptor_superclass::Diterpenoids;acceptor_superclass::Monoterpenoids;acceptor_superclass::Ornithine alkaloids;acceptor_superclass::Phenylpropanoids (C6-C3);acceptor_superclass::Pseudoalkaloids;acceptor_superclass::Saccharides;acceptor_superclass::Tryptophan alkaloids	0,0,0,0,0,0,0,0,0,0,0,0,0,0,0,0,0,0,0,0,1,0,0	0,1,1,0,0,0,0,0,0,1,0,1,0,0,0,1,1,1,0,0,0,1,0	-1.293067,0.308095,0.887992,-1.144139,-0.090998,-0.518839,-0.880835,-0.967187,-0.032220,0.253343,-0.270502,0.118042,-0.530095,-1.652559,-0.309765,0.038076,0.076598,0.533936,-1.362584,-0.822141,-0.418416,0.728920,-0.882010
Some_HCT_EFJ20018.1	Some_HCT_EFJ20018.1	acceptor_superclass::Phenolic acids (C6-C1)	acceptor_superclass::Fatty Acids and Conjugates;acceptor_superclass::Lignans;acceptor_superclass::Phenolic acids (C6-C1);acceptor_superclass::Small peptides;acceptor_superclass::Triterpenoids;acceptor_superclass::Tyrosine alkaloids	0,0,0,0,0,0,0,0,0,0,0,0,0,1,0,0,0,0,0,0,0,0,0	0,0,0,1,0,0,0,1,0,0,0,0,0,1,0,0,0,0,1,0,1,0,1	-0.779559,-0.988529,-1.196566,0.410869,-0.504731,-0.371170,-0.762626,0.038821,-1.117569,-0.293483,-0.986913,-0.395014,-0.907112,0.939864,-0.209874,-0.227047,-0.601413,-0.691359,0.672329,-0.650018,0.070741,-0.368150,0.644415
Spen_AAT12560_BCJ78487.1	Spen_AAT12560_BCJ78487.1	acceptor_superclass::Fatty acyls	acceptor_superclass::Fatty acyls;acceptor_superclass::Monoterpenoids;acceptor_superclass::Phenylpropanoids (C6-C3)	0,0,0,0,1,0,0,0,0,0,0,0,0,0,0,0,0,0,0,0,0,0,0	0,0,0,0,1,0,0,0,0,1,0,0,0,0,0,1,0,0,0,0,0,0,0	-0.757367,-0.561349,-0.015673,-0.600226,0.283392,-0.268479,-0.815522,-0.444707,-0.061996,0.099022,-0.631743,-0.246355,-0.514984,-0.825422,-0.063641,0.168549,-0.183810,-0.452334,-0.712310,-0.833364,-0.783460,-0.676993,-0.749221
Spen_AAT1_AIW04708.1	Spen_AAT1_AIW04708.1	acceptor_superclass::Fatty acyls;acceptor_superclass::Phenylethanoids (C6-C2)	acceptor_superclass::Fatty acyls;acceptor_superclass::Monoterpenoids;acceptor_superclass::Phenylethanoids (C6-C2);acceptor_superclass::Phenylpropanoids (C6-C3)	0,0,0,0,1,0,0,0,0,0,0,0,0,0,1,0,0,0,0,0,0,0,0	0,0,0,0,1,0,0,0,0,1,0,0,0,0,1,1,0,0,0,0,0,0,0	-0.801760,-0.381123,-0.148328,-0.639785,0.578033,-0.176464,-0.964395,-0.432717,-0.003735,0.253553,-0.762372,-0.307409,-0.801760,-0.814994,0.034117,0.231731,-0.281993,-0.463170,-0.713336,-0.802986,-0.665992,-0.820172,-0.759299
Spen_ASAT2_ALU64005.1	Spen_ASAT2_ALU64005.1		acceptor_superclass::Cyclic polyketides;acceptor_superclass::Diterpenoids;acceptor_superclass::Lysine alkaloids;acceptor_superclass::Monoterpenoids;acceptor_superclass::Naphthalenes;acceptor_superclass::Phenylpropanoids (C6-C3)	0,0,0,0,0,0,0,0,0,0,0,0,0,0,0,0,0,0,0,0,0,0,0	0,1,1,0,0,0,0,0,1,1,1,0,0,0,0,1,0,0,0,0,0,0,0	-0.758592,0.151021,0.158073,-1.305644,-0.078524,-0.463142,-0.809135,-0.173191,0.057964,0.003838,0.112128,-0.376696,-0.288117,-1.479872,-0.106765,0.003266,-0.312234,-0.104723,-1.111472,-0.474006,-0.506162,-0.087407,-0.715195
Spen_ASAT3_AJF98583.1	Spen_ASAT3_AJF98583.1		acceptor_superclass::Diterpenoids;acceptor_superclass::Monoterpenoids;acceptor_superclass::Naphthalenes	0,0,0,0,0,0,0,0,0,0,0,0,0,0,0,0,0,0,0,0,0,0,0	0,0,1,0,0,0,0,0,0,1,1,0,0,0,0,0,0,0,0,0,0,0,0	-0.549567,-0.207306,0.105287,-0.816993,-0.211674,-0.442553,-0.638212,-0.494117,-0.360508,0.001565,0.276979,-0.404158,-0.243999,-1.189438,-0.076284,-0.100901,-0.306694,-0.145910,-1.026080,-0.278836,-0.013680,-0.223149,-0.133650
Spim_AAT11589_BCJ78481.1	Spim_AAT11589_BCJ78481.1	acceptor_superclass::Fatty acyls	acceptor_superclass::Diterpenoids;acceptor_superclass::Fatty acyls;acceptor_superclass::Lysine alkaloids;acceptor_superclass::Monoterpenoids;acceptor_superclass::Phenylethanoids (C6-C2);acceptor_superclass::Phenylpropanoids (C6-C3)	0,0,0,0,1,0,0,0,0,0,0,0,0,0,0,0,0,0,0,0,0,0,0	0,0,1,0,1,0,0,0,1,1,0,0,0,0,1,1,0,0,0,0,0,0,0	-0.859013,-0.374209,0.038565,-0.610001,0.531671,-0.242705,-0.966020,-0.273263,0.180304,0.315821,-0.782313,-0.256020,-0.294342,-0.860984,0.226451,0.458578,-0.267540,-0.430244,-0.724984,-0.763319,-0.664187,-0.716124,-0.807539
Spot_AT_UQZ09635.1	Spot_AT_UQZ09635.1	acceptor_superclass::Tryptophan alkaloids	acceptor_superclass::Diterpenoids;acceptor_superclass::Monoterpenoids;acceptor_superclass::Phenylethanoids (C6-C2);acceptor_superclass::Phenylpropanoids (C6-C3);acceptor_superclass::Saccharides;acceptor_superclass::Triterpenoids;acceptor_superclass::Tryptophan alkaloids;acceptor_superclass::Tyrosine alkaloids	0,0,0,0,0,0,0,0,0,0,0,0,0,0,0,0,0,0,0,0,0,1,0	0,0,1,0,0,0,0,0,0,1,0,0,0,0,1,1,0,1,0,0,1,1,1	-1.418174,-0.356288,0.365433,-0.725200,-0.211656,-0.929270,-1.240990,-0.036464,-0.120870,0.368118,-0.074628,-0.668318,-0.745889,-1.081536,0.005463,0.041611,-0.680508,0.476338,-0.931263,-0.548426,0.699486,0.719212,0.233338
Squi_ASAT1H_UTN00742.1	Squi_ASAT1H_UTN00742.1		acceptor_superclass::Cyclic polyketides;acceptor_superclass::Diterpenoids;acceptor_superclass::Fatty acyls;acceptor_superclass::Monoterpenoids;acceptor_superclass::Naphthalenes;acceptor_superclass::Saccharides;acceptor_superclass::Tryptophan alkaloids	0,0,0,0,0,0,0,0,0,0,0,0,0,0,0,0,0,0,0,0,0,0,0	0,1,1,0,1,0,0,0,0,1,1,0,0,0,0,0,0,1,0,0,0,1,0	-0.911756,0.062894,0.656775,-1.102394,0.167041,-0.525785,-0.978388,-1.226526,-0.047846,0.133490,0.131340,-0.604798,-0.323136,-1.583876,-0.007660,-0.051212,-0.726135,0.289751,-1.274091,-0.447799,-0.131772,0.169932,-0.459195
Squi_ASAT3H_UTN00743.1	Squi_ASAT3H_UTN00743.1		acceptor_superclass::Cyclic polyketides;acceptor_superclass::Diterpenoids;acceptor_superclass::Fatty acyls;acceptor_superclass::Lysine alkaloids;acceptor_superclass::Monoterpenoids;acceptor_superclass::Naphthalenes;acceptor_superclass::Phenylethanoids (C6-C2);acceptor_superclass::Saccharides;acceptor_superclass::Steroids	0,0,0,0,0,0,0,0,0,0,0,0,0,0,0,0,0,0,0,0,0,0,0	0,1,1,0,1,0,0,0,1,1,1,0,0,0,1,0,0,1,0,1,0,0,0	-0.307326,0.367055,0.076402,-1.356957,0.039310,-0.121622,-0.530249,-0.171030,0.156855,0.265834,0.253014,-0.531730,-0.307326,-1.684073,0.018213,-0.020533,-0.312748,0.217867,-1.099602,0.172185,-0.525408,-0.252872,-0.563321
Squi_ASAT4H_QNR60312.1	Squi_ASAT4H_QNR60312.1		acceptor_superclass::Monoterpenoids;acceptor_superclass::Triterpenoids;acceptor_superclass::Tryptophan alkaloids;acceptor_superclass::Tyrosine alkaloids	0,0,0,0,0,0,0,0,0,0,0,0,0,0,0,0,0,0,0,0,0,0,0	0,0,0,0,0,0,0,0,0,1,0,0,0,0,0,0,0,0,0,0,1,1,1	-1.116893,-0.543150,-0.258624,-0.040275,-0.144653,-0.789141,-1.088061,-0.836151,-0.813340,0.065907,-0.362881,-0.562068,-0.373230,-0.386204,-0.010158,-0.003338,-0.717932,-0.220440,-0.393533,-0.467491,0.567245,0.461715,0.307716
Squi_TAIAT_QNR60311.1	Squi_TAIAT_QNR60311.1		acceptor_superclass::Diterpenoids;acceptor_superclass::Phenylethanoids (C6-C2);acceptor_superclass::Phenylpropanoids (C6-C3);acceptor_superclass::Saccharides;acceptor_superclass::Triterpenoids;acceptor_superclass::Tryptophan alkaloids	0,0,0,0,0,0,0,0,0,0,0,0,0,0,0,0,0,0,0,0,0,0,0	0,0,1,0,0,0,0,0,0,0,0,0,0,0,1,1,0,1,0,0,1,1,0	-1.235538,-0.725163,0.084070,-0.462634,-0.269570,-0.654505,-1.106525,-0.766823,-0.594269,-0.067686,-0.322474,-0.454056,-0.543338,-0.675592,0.045284,0.015198,-0.554664,0.109560,-0.611704,-0.623685,0.376102,0.360651,-0.266200
Sric_SHT_AMB21755.1	Sric_SHT_AMB21755.1	acceptor_superclass::Ornithine alkaloids	acceptor_superclass::Cyclic polyketides;acceptor_superclass::Diterpenoids;acceptor_superclass::Monoterpenoids;acceptor_superclass::Triterpenoids	0,0,0,0,0,0,0,0,0,0,0,1,0,0,0,0,0,0,0,0,0,0,0	0,1,1,0,0,0,0,0,0,1,0,0,0,0,0,0,0,0,0,0,1,0,0	-0.942920,0.177744,0.171537,-0.834381,-0.237171,-0.281620,-0.694240,-0.176730,-0.434630,0.031266,-0.319663,-0.390583,-0.551631,-0.946134,-0.145379,-0.011649,-0.440584,-0.456578,-0.664479,-0.574799,0.047045,-0.156049,-0.449065
Ssin_ASAT1_ART34011.1	Ssin_ASAT1_ART34011.1	acceptor_superclass::Saccharides	acceptor_superclass::Diterpenoids;acceptor_superclass::Monoterpenoids;acceptor_superclass::Naphthalenes;acceptor_superclass::Phenylpropanoids (C6-C3);acceptor_superclass::Tryptophan alkaloids	0,0,0,0,0,0,0,0,0,0,0,0,0,0,0,0,0,1,0,0,0,0,0	0,0,1,0,0,0,0,0,0,1,1,0,0,0,0,1,0,0,0,0,0,1,0	-0.874656,-0.193688,0.107006,-0.853919,-0.042418,-0.800082,-0.928567,-0.140611,-0.047093,0.178339,0.136187,-0.809716,-0.297253,-1.361844,-0.066473,0.032771,-0.638725,-0.088580,-1.152834,-0.358287,-0.158340,0.283917,-0.510223
Ssin_ASAT2_ART34012.1	Ssin_ASAT2_ART34012.1		acceptor_superclass::Diterpenoids;acceptor_superclass::Lignans;acceptor_superclass::Lysine alkaloids;acceptor_superclass::Monoterpenoids;acceptor_superclass::Phenylethanoids (C6-C2);acceptor_superclass::Phenylpropanoids (C6-C3);acceptor_superclass::Saccharides	0,0,0,0,0,0,0,0,0,0,0,0,0,0,0,0,0,0,0,0,0,0,0	0,0,1,0,0,0,0,1,1,1,0,0,0,0,1,1,0,1,0,0,0,0,0	-0.860779,-0.082801,0.121158,-1.053497,-0.082361,-0.619294,-1.109534,0.088312,0.108834,0.134581,-0.112894,-0.433357,-0.503696,-1.242827,0.004755,0.115980,-0.429478,0.130187,-0.919387,-0.492457,-0.726784,-0.197398,-0.634574
Ssin_ASAT3_ART34013.1	Ssin_ASAT3_ART34013.1		acceptor_superclass::Fatty acyls;acceptor_superclass::Lysine alkaloids;acceptor_superclass::Monoterpenoids;acceptor_superclass::Phenylethanoids (C6-C2);acceptor_superclass::Phenylpropanoids (C6-C3)	0,0,0,0,0,0,0,0,0,0,0,0,0,0,0,0,0,0,0,0,0,0,0	0,0,0,0,1,0,0,0,1,1,0,0,0,0,1,1,0,0,0,0,0,0,0	-0.666234,-0.005099,-0.005673,-1.103312,0.037182,-0.531484,-0.887110,-0.007994,0.057985,0.125873,-0.064078,-0.484665,-0.314867,-1.300307,0.024599,0.107041,-0.444428,-0.180149,-0.911363,-0.324257,-0.615883,-0.329267,-0.634701
Ssin_ASAT5_ART34014.1	Ssin_ASAT5_ART34014.1		acceptor_superclass::Diterpenoids;acceptor_superclass::Monoterpenoids;acceptor_superclass::Phenylpropanoids (C6-C3);acceptor_superclass::Triterpenoids;acceptor_superclass::Tryptophan alkaloids	0,0,0,0,0,0,0,0,0,0,0,0,0,0,0,0,0,0,0,0,0,0,0	0,0,1,0,0,0,0,0,0,1,0,0,0,0,0,1,0,0,0,0,1,1,0	-1.138735,-0.318013,0.167081,-0.606822,-0.153814,-0.654964,-1.081960,-0.331809,-0.534090,0.158938,-0.203951,-0.532734,-0.377342,-0.704600,-0.010471,0.032356,-0.555787,-0.088420,-0.638734,-1.103790,0.256063,0.255051,-0.205172
Sspl_5MAT1_AAL50566.1	Sspl_5MAT1_AAL50566.1	acceptor_superclass::Flavonoids	acceptor_superclass::Coumarins;acceptor_superclass::Fatty Acids and Conjugates;acceptor_superclass::Flavonoids;acceptor_superclass::Isoflavonoids;acceptor_superclass::Phenanthrenoids;acceptor_superclass::Steroids;acceptor_superclass::Triterpenoids;acceptor_superclass::Tyrosine alkaloids	0,0,0,0,0,1,0,0,0,0,0,0,0,0,0,0,0,0,0,0,0,0,0	1,0,0,1,0,1,1,0,0,0,0,0,1,0,0,0,0,0,0,1,1,0,1	0.700565,-0.538195,-1.400621,0.003306,-0.515658,0.398650,0.564863,-1.041941,-1.372291,-0.608512,-0.252518,-0.335721,0.880867,-0.292153,-0.119032,-0.534570,-0.448203,-0.939838,-0.227102,0.791338,0.224658,-0.774174,0.094186
Sspl_5MAT2_AAR26385.1	Sspl_5MAT2_AAR26385.1	acceptor_superclass::Flavonoids	acceptor_superclass::Monoterpenoids;acceptor_superclass::Phenylethanoids (C6-C2);acceptor_superclass::Phenylpropanoids (C6-C3);acceptor_superclass::Triterpenoids;acceptor_superclass::Tryptophan alkaloids	0,0,0,0,0,1,0,0,0,0,0,0,0,0,0,0,0,0,0,0,0,0,0	0,0,0,0,0,0,0,0,0,1,0,0,0,0,1,1,0,0,0,0,1,1,0	-1.058426,-0.175430,-0.420820,-0.347206,-0.130622,-0.677723,-0.835822,-0.706715,-0.589879,0.141632,-0.319959,-0.182836,-0.366842,-0.792693,0.191783,0.082404,-0.221695,-0.293467,-0.659785,-0.435538,0.206156,0.177391,-0.245646
Stub_COSY_M0ZYT4	Stub_COSY_M0ZYT4		acceptor_superclass::Fatty acyls;acceptor_superclass::Flavonoids;acceptor_superclass::Monoterpenoids;acceptor_superclass::Steroids	0,0,0,0,0,0,0,0,0,0,0,0,0,0,0,0,0,0,0,0,0,0,0	0,0,0,0,1,1,0,0,0,1,0,0,0,0,0,0,0,0,0,1,0,0,0	-0.058878,-0.241481,-0.270067,-0.367524,0.123348,0.241142,-0.223889,-0.346567,-0.453221,0.101124,-0.368638,-0.205623,-0.113956,-0.938818,-0.195882,-0.125760,-0.264846,-1.047870,-0.621207,0.011567,-0.765685,-0.859007,-0.288372
Stub_FHT_NP_001275190.1	Stub_FHT_NP_001275190.1	acceptor_superclass::Fatty Acids and Conjugates;acceptor_superclass::Fatty acyls	acceptor_superclass::Fatty Acids and Conjugates;acceptor_superclass::Fatty acyls;acceptor_superclass::Phenolic acids (C6-C1);acceptor_superclass::Small peptides;acceptor_superclass::Tyrosine alkaloids	0,0,0,1,1,0,0,0,0,0,0,0,0,0,0,0,0,0,0,0,0,0,0	0,0,0,1,1,0,0,0,0,0,0,0,0,1,0,0,0,0,1,0,0,0,1	-0.829003,-1.316869,-0.735505,0.737921,0.029249,-0.384725,-0.830627,-0.459458,-1.118106,-0.314427,-0.881515,-0.410478,-0.829003,0.392243,-0.272279,-0.117251,-0.510907,-1.081524,0.098997,-0.775326,-0.133876,-0.699869,0.068868
Taes_ACT1-1_BCN87078.1	Taes_ACT1-1_BCN87078.1	acceptor_superclass::Ornithine alkaloids;acceptor_superclass::Pseudoalkaloids	acceptor_superclass::Ornithine alkaloids;acceptor_superclass::Pseudoalkaloids	0,0,0,0,0,0,0,0,0,0,0,1,0,0,0,0,1,0,0,0,0,0,0	0,0,0,0,0,0,0,0,0,0,0,1,0,0,0,0,1,0,0,0,0,0,0	-0.653170,-0.443042,-0.936470,-0.281370,-0.330420,-0.088489,-0.364513,-0.473786,-0.638567,-0.460073,-0.672824,0.607705,-0.630991,-0.049011,-0.165821,-0.162929,0.516532,-0.640350,-0.032251,-0.678230,-0.334643,-0.741997,-0.151049
Taes_ACT1-2_BCN87079.1	Taes_ACT1-2_BCN87079.1	acceptor_superclass::Ornithine alkaloids;acceptor_superclass::Pseudoalkaloids	acceptor_superclass::Ornithine alkaloids;acceptor_superclass::Pseudoalkaloids	0,0,0,0,0,0,0,0,0,0,0,1,0,0,0,0,1,0,0,0,0,0,0	0,0,0,0,0,0,0,0,0,0,0,1,0,0,0,0,1,0,0,0,0,0,0	-0.843439,-0.428084,-0.816941,-0.378483,-0.274192,-0.173018,-0.492635,-0.411454,-0.597563,-0.298942,-0.651348,0.622092,-0.843439,-0.112693,-0.094890,-0.087160,0.553144,-0.711793,-0.220599,-0.659710,-0.682930,-0.896973,-0.189314
Taes_ACT2_AMY96376.1	Taes_ACT2_AMY96376.1	acceptor_superclass::Ornithine alkaloids	acceptor_superclass::Ornithine alkaloids;acceptor_superclass::Pseudoalkaloids	0,0,0,0,0,0,0,0,0,0,0,1,0,0,0,0,0,0,0,0,0,0,0	0,0,0,0,0,0,0,0,0,0,0,1,0,0,0,0,1,0,0,0,0,0,0	-0.667571,-0.643962,-0.935650,-0.322618,-0.372301,-0.176942,-0.385504,-0.640570,-0.711996,-0.455107,-0.520029,0.512555,-0.632811,-0.029014,-0.329911,-0.222842,0.536085,-0.825927,-0.102085,-0.579674,-0.230498,-0.622013,-0.037905
Tant_HQT1_QCI44191.1	Tant_HQT1_QCI44191.1	acceptor_superclass::Phenolic acids (C6-C1)	acceptor_superclass::Phenolic acids (C6-C1);acceptor_superclass::Small peptides;acceptor_superclass::Tyrosine alkaloids	0,0,0,0,0,0,0,0,0,0,0,0,0,1,0,0,0,0,0,0,0,0,0	0,0,0,0,0,0,0,0,0,0,0,0,0,1,0,0,0,0,1,0,0,0,1	-0.861955,-0.978363,-0.971467,-0.009510,-0.251577,-0.319873,-0.803586,-0.024153,-0.763582,-0.314217,-0.742873,-0.394622,-1.021622,0.627033,-0.221747,-0.170271,-0.503102,-0.970463,0.344441,-1.010119,-0.081837,-0.587797,0.224165
Tant_HQT2_QBQ52948.1	Tant_HQT2_QBQ52948.1	acceptor_superclass::Phenolic acids (C6-C1)	acceptor_superclass::Fatty Acids and Conjugates;acceptor_superclass::Phenolic acids (C6-C1);acceptor_superclass::Small peptides;acceptor_superclass::Tyrosine alkaloids	0,0,0,0,0,0,0,0,0,0,0,0,0,1,0,0,0,0,0,0,0,0,0	0,0,0,1,0,0,0,0,0,0,0,0,0,1,0,0,0,0,1,0,0,0,1	-0.667721,-0.866737,-0.901635,0.096102,-0.344396,-0.374892,-0.660117,-0.747744,-0.871818,-0.513625,-0.825016,-0.234090,-0.868006,0.672709,-0.311277,-0.092166,-0.419537,-0.998607,0.379262,-0.718737,-0.529925,-0.484030,0.099068
Tcan_TAX10_AAM75818.1	Tcan_TAX10_AAM75818.1	acceptor_superclass::Diterpenoids	acceptor_superclass::Diterpenoids;acceptor_superclass::Fatty acyls;acceptor_superclass::Monoterpenoids;acceptor_superclass::Phenylethanoids (C6-C2);acceptor_superclass::Phenylpropanoids (C6-C3);acceptor_superclass::Tryptophan alkaloids	0,0,1,0,0,0,0,0,0,0,0,0,0,0,0,0,0,0,0,0,0,0,0	0,0,1,0,1,0,0,0,0,1,0,0,0,0,1,1,0,0,0,0,0,1,0	-1.366966,-0.838947,0.451056,-0.445774,0.105302,-0.608127,-1.149124,-0.390418,-0.008648,0.372617,-0.692470,-0.185752,-1.034106,-0.813953,0.014601,0.181105,-0.050472,-0.072542,-0.779771,-1.284418,-0.179260,0.036238,-0.601418
Tcus_BAPT_AAL92459.1	Tcus_BAPT_AAL92459.1	acceptor_superclass::Diterpenoids	acceptor_superclass::Diterpenoids;acceptor_superclass::Fatty acyls;acceptor_superclass::Lysine alkaloids;acceptor_superclass::Monoterpenoids;acceptor_superclass::Phenylpropanoids (C6-C3)	0,0,1,0,0,0,0,0,0,0,0,0,0,0,0,0,0,0,0,0,0,0,0	0,0,1,0,1,0,0,0,1,1,0,0,0,0,0,1,0,0,0,0,0,0,0	-1.311969,-0.447138,0.425089,-0.717462,0.445982,-0.496910,-1.350506,-0.111195,0.224598,0.505238,-0.856931,-0.260807,-1.311969,-1.028674,-0.021075,0.335369,-0.223554,-0.001100,-1.062449,-1.158599,-0.308805,-0.105160,-0.766547
Tcus_DBAT_AAF27621.1	Tcus_DBAT_AAF27621.1	acceptor_superclass::Diterpenoids	acceptor_superclass::Diterpenoids;acceptor_superclass::Fatty acyls;acceptor_superclass::Lignans;acceptor_superclass::Lysine alkaloids;acceptor_superclass::Monoterpenoids;acceptor_superclass::Phenylpropanoids (C6-C3);acceptor_superclass::Pseudoalkaloids	0,0,1,0,0,0,0,0,0,0,0,0,0,0,0,0,0,0,0,0,0,0,0	0,0,1,0,1,0,0,1,1,1,0,0,0,0,0,1,1,0,0,0,0,0,0	-1.151748,-0.634506,0.524975,-0.684848,0.007830,-0.506739,-1.050714,0.013002,0.219169,0.185986,-0.601982,-0.033037,-0.969027,-1.093597,-0.235200,0.195502,0.139003,-0.217244,-0.798629,-1.024408,-0.740065,-0.336847,-0.891229
Tcus_TBT_AAG38049.1	Tcus_DBBT_AAG38049.1	acceptor_superclass::Diterpenoids	acceptor_superclass::Diterpenoids;acceptor_superclass::Fatty acyls;acceptor_superclass::Lysine alkaloids;acceptor_superclass::Monoterpenoids;acceptor_superclass::Phenylpropanoids (C6-C3)	0,0,1,0,0,0,0,0,0,0,0,0,0,0,0,0,0,0,0,0,0,0,0	0,0,1,0,1,0,0,0,1,1,0,0,0,0,0,1,0,0,0,0,0,0,0	-1.010785,-0.756253,0.630044,-0.399472,0.496698,-0.515587,-1.171686,-0.168018,0.195402,0.480046,-0.552076,-0.361335,-0.562829,-1.057443,-0.049041,0.446998,-0.181512,-0.351402,-0.946941,-1.052837,-0.559675,-0.382125,-0.835303
Tcus_DBNTBT_AAM75818.1	Tcus_DBNTBT_AAM75818.1	acceptor_superclass::Diterpenoids	acceptor_superclass::Diterpenoids;acceptor_superclass::Fatty acyls;acceptor_superclass::Lysine alkaloids;acceptor_superclass::Monoterpenoids;acceptor_superclass::Phenylpropanoids (C6-C3);acceptor_superclass::Pseudoalkaloids;acceptor_superclass::Saccharides	0,0,1,0,0,0,0,0,0,0,0,0,0,0,0,0,0,0,0,0,0,0,0	0,0,1,0,1,0,0,0,1,1,0,0,0,0,0,1,1,1,0,0,0,0,0	-1.357850,-0.919592,0.490410,-0.420012,0.046768,-0.556866,-1.124650,-0.914895,0.002216,0.178237,-0.666323,-0.184841,-1.010660,-0.771888,-0.008643,0.181385,0.006493,0.060849,-0.804099,-1.301781,-0.134260,-0.016710,-0.812071
Tcus_TAT_AAF34254.1	Tcus_TAT_AAF34254.1	acceptor_superclass::Diterpenoids	acceptor_superclass::Diterpenoids;acceptor_superclass::Fatty acyls;acceptor_superclass::Lysine alkaloids;acceptor_superclass::Monoterpenoids;acceptor_superclass::Phenylpropanoids (C6-C3)	0,0,1,0,0,0,0,0,0,0,0,0,0,0,0,0,0,0,0,0,0,0,0	0,0,1,0,1,0,0,0,1,1,0,0,0,0,0,1,0,0,0,0,0,0,0	-1.086956,-0.707225,0.495082,-0.560220,0.294852,-0.307804,-1.070001,-0.234864,0.044673,0.204947,-0.496339,-0.238189,-1.086956,-1.032765,-0.158739,0.209284,-0.119346,-0.340884,-0.977495,-1.024135,-0.546624,-0.439387,-0.771528
Tcus_TAX19_AAU89980.1	Tcus_TAX19_AAU89980.1		acceptor_superclass::Diterpenoids;acceptor_superclass::Fatty acyls;acceptor_superclass::Monoterpenoids;acceptor_superclass::Phenylethanoids (C6-C2);acceptor_superclass::Phenylpropanoids (C6-C3)	0,0,0,0,0,0,0,0,0,0,0,0,0,0,0,0,0,0,0,0,0,0,0	0,0,1,0,1,0,0,0,0,1,0,0,0,0,1,1,0,0,0,0,0,0,0	-1.095111,-0.690854,0.215907,-0.325179,0.105864,-0.483261,-1.127501,-0.186331,-0.167038,0.275723,-0.625106,-0.234576,-0.731011,-0.714430,0.027819,0.229930,-0.220325,-0.422133,-0.609682,-1.125082,-0.348605,-0.319670,-0.484540
Tcus_TAT_AAF34254.1	Tcus_TAX1_AAF34254.1		acceptor_superclass::Diterpenoids;acceptor_superclass::Fatty acyls;acceptor_superclass::Lysine alkaloids;acceptor_superclass::Monoterpenoids;acceptor_superclass::Phenylpropanoids (C6-C3);acceptor_superclass::Pseudoalkaloids	0,0,0,0,0,0,0,0,0,0,0,0,0,0,0,0,0,0,0,0,0,0,0	0,0,1,0,1,0,0,0,1,1,0,0,0,0,0,1,1,0,0,0,0,0,0	-0.984981,-0.694274,0.540820,-0.626813,0.230840,-0.458483,-1.026848,-0.268451,0.049894,0.191800,-0.509075,-0.148149,-0.777444,-1.075564,-0.228992,0.202848,0.000718,-0.334065,-0.900983,-1.038648,-0.843508,-0.448567,-0.889174
Tcus_TBT_AAG38049.1	Tcus_TBT_AAG38049.1	acceptor_superclass::Diterpenoids	acceptor_superclass::Diterpenoids;acceptor_superclass::Fatty acyls;acceptor_superclass::Lysine alkaloids;acceptor_superclass::Monoterpenoids;acceptor_superclass::Phenylpropanoids (C6-C3)	0,0,1,0,0,0,0,0,0,0,0,0,0,0,0,0,0,0,0,0,0,0,0	0,0,1,0,1,0,0,0,1,1,0,0,0,0,0,1,0,0,0,0,0,0,0	-1.010785,-0.756253,0.630044,-0.399472,0.496698,-0.515587,-1.171686,-0.168018,0.195402,0.480046,-0.552076,-0.361335,-0.562829,-1.057443,-0.049041,0.446998,-0.181512,-0.351402,-0.946941,-1.052837,-0.559675,-0.382125,-0.835303
Tmed_BAHD22_QDM39185.1	Tmed_BAHD22_QDM39185.1	acceptor_superclass::Diterpenoids	acceptor_superclass::Diterpenoids;acceptor_superclass::Fatty acyls;acceptor_superclass::Lysine alkaloids;acceptor_superclass::Monoterpenoids;acceptor_superclass::Phenylethanoids (C6-C2);acceptor_superclass::Phenylpropanoids (C6-C3)	0,0,1,0,0,0,0,0,0,0,0,0,0,0,0,0,0,0,0,0,0,0,0	0,0,1,0,1,0,0,0,1,1,0,0,0,0,1,1,0,0,0,0,0,0,0	-1.117091,-0.673938,0.423945,-0.665424,0.150283,-0.487512,-1.105765,-0.172187,0.195560,0.399977,-0.474087,-0.442093,-0.922502,-1.116918,0.116999,0.163680,-0.318064,-0.049135,-0.952906,-0.951488,-0.390055,-0.296593,-0.550601
Tmed_BAHD6-13_BEK82039.1	Tmed_BAHD6-13_BEK82039.1	acceptor_superclass::Diterpenoids	acceptor_superclass::Diterpenoids;acceptor_superclass::Fatty acyls;acceptor_superclass::Lysine alkaloids;acceptor_superclass::Monoterpenoids;acceptor_superclass::Phenylethanoids (C6-C2);acceptor_superclass::Phenylpropanoids (C6-C3);acceptor_superclass::Saccharides;acceptor_superclass::Tryptophan alkaloids	0,0,1,0,0,0,0,0,0,0,0,0,0,0,0,0,0,0,0,0,0,0,0	0,0,1,0,1,0,0,0,1,1,0,0,0,0,1,1,0,1,0,0,0,1,0	-1.375872,-0.905973,0.488195,-0.486390,0.052341,-0.759718,-1.313043,-0.111255,0.026957,0.386159,-0.588868,-0.462441,-1.046143,-0.839624,0.047534,0.175418,-0.417885,0.092637,-0.751753,-1.222811,-0.230607,0.001082,-0.390066
Tmed_DBAT_QDM39186.1	Tmed_DBAT_QDM39186.1	acceptor_superclass::Diterpenoids	acceptor_superclass::Diterpenoids;acceptor_superclass::Fatty acyls;acceptor_superclass::Lysine alkaloids;acceptor_superclass::Monoterpenoids;acceptor_superclass::Phenylpropanoids (C6-C3);acceptor_superclass::Pseudoalkaloids	0,0,1,0,0,0,0,0,0,0,0,0,0,0,0,0,0,0,0,0,0,0,0	0,0,1,0,1,0,0,0,1,1,0,0,0,0,0,1,1,0,0,0,0,0,0	-1.142868,-0.365746,0.572004,-0.824158,0.158570,-0.413237,-1.031512,-0.845116,0.396657,0.238247,-0.590112,-0.047362,-0.951937,-1.199113,-0.131563,0.105375,0.128636,-0.118714,-0.930678,-1.040984,-0.509903,-0.425704,-0.802186
Tmed_TAT_QDM39184.1	Tmed_TAT_QDM39184.1	acceptor_superclass::Diterpenoids	acceptor_superclass::Diterpenoids;acceptor_superclass::Fatty acyls;acceptor_superclass::Lysine alkaloids;acceptor_superclass::Monoterpenoids;acceptor_superclass::Phenylpropanoids (C6-C3)	0,0,1,0,0,0,0,0,0,0,0,0,0,0,0,0,0,0,0,0,0,0,0	0,0,1,0,1,0,0,0,1,1,0,0,0,0,0,1,0,0,0,0,0,0,0	-0.990248,-0.656448,0.383685,-0.287931,0.411351,-0.379628,-1.065413,-0.171777,0.013424,0.345180,-0.538421,-0.293814,-0.672265,-0.922589,-0.177690,0.326386,-0.149634,-0.523551,-0.818683,-0.992646,-0.469107,-0.462627,-0.725225
Tpra_HST_ACI16630.1	Tpra_HCT1A_ACI16630.1	acceptor_superclass::Phenolic acids (C6-C1)	acceptor_superclass::Fatty Acids and Conjugates;acceptor_superclass::Phenolic acids (C6-C1);acceptor_superclass::Phenylpropanoids (C6-C3);acceptor_superclass::Small peptides;acceptor_superclass::Tyrosine alkaloids	0,0,0,0,0,0,0,0,0,0,0,0,0,1,0,0,0,0,0,0,0,0,0	0,0,0,1,0,0,0,0,0,0,0,0,0,1,0,1,0,0,1,0,0,0,1	-0.772313,-0.984912,-1.185307,0.340714,-0.191730,-0.453449,-0.837975,-1.083118,-0.827678,-0.494299,-1.025888,-0.173035,-0.837294,0.831986,-0.203301,0.014041,-0.399144,-1.044242,0.560739,-0.768955,-0.837712,-0.681524,0.158631
Tpra_HMT_ACI16631.1	Tpra_HCT2_ACI16631.1	acceptor_superclass::Fatty Acids and Conjugates	acceptor_superclass::Coumarins;acceptor_superclass::Fatty Acids and Conjugates;acceptor_superclass::Flavonoids;acceptor_superclass::Phenolic acids (C6-C1);acceptor_superclass::Phenylethanoids (C6-C2);acceptor_superclass::Small peptides;acceptor_superclass::Steroids;acceptor_superclass::Tyrosine alkaloids	0,0,0,1,0,0,0,0,0,0,0,0,0,0,0,0,0,0,0,0,0,0,0	1,0,0,1,0,1,0,0,0,0,0,0,0,1,1,0,0,0,1,1,0,0,1	0.006097,-0.577725,-1.139487,0.085825,-0.478532,0.090260,-0.217907,-0.195742,-1.039444,-0.317764,-0.666731,-0.022852,-0.113421,0.011033,0.058853,-0.241091,-0.103845,-0.751943,0.194685,0.005266,-0.493402,-0.919371,0.141589
Tpra_HDT1_AXB87812.1	Tpra_HDT1_AXB87812.1	acceptor_superclass::Small peptides;acceptor_superclass::Tyrosine alkaloids	acceptor_superclass::Fatty Acids and Conjugates;acceptor_superclass::Ornithine alkaloids;acceptor_superclass::Phenolic acids (C6-C1);acceptor_superclass::Small peptides	0,0,0,0,0,0,0,0,0,0,0,0,0,0,0,0,0,0,1,0,0,0,1	0,0,0,1,0,0,0,0,0,0,0,1,0,1,0,0,0,0,1,0,0,0,0	-0.123584,-0.516777,-1.084697,0.065054,-0.608230,-0.066301,-0.182621,-1.242974,-1.156473,-0.428031,-0.919214,0.094123,-0.098286,0.278164,-0.095642,-0.198291,-0.102294,-0.768307,0.374922,-0.018555,-0.601636,-0.706827,-0.063668
Tpra_HDT1_AXB87812.1	Tpra_HDT_AXB87812.1	acceptor_superclass::Small peptides	acceptor_superclass::Fatty Acids and Conjugates;acceptor_superclass::Phenolic acids (C6-C1);acceptor_superclass::Phenylethanoids (C6-C2);acceptor_superclass::Small peptides;acceptor_superclass::Tyrosine alkaloids	0,0,0,0,0,0,0,0,0,0,0,0,0,0,0,0,0,0,1,0,0,0,0	0,0,0,1,0,0,0,0,0,0,0,0,0,1,1,0,0,0,1,0,0,0,1	-0.123037,-0.572770,-1.115651,0.195026,-0.490394,-0.012473,-0.186680,-0.331248,-1.172374,-0.290340,-0.961467,-0.040725,-0.105440,0.272574,0.047788,-0.206992,-0.242278,-0.707690,0.394953,-0.008434,-0.225549,-0.845992,0.254494
Tpra_HMT_ACI16631.1	Tpra_HMT_ACI16631.1	acceptor_superclass::Fatty Acids and Conjugates	acceptor_superclass::Flavonoids;acceptor_superclass::Ornithine alkaloids;acceptor_superclass::Phenolic acids (C6-C1);acceptor_superclass::Small peptides	0,0,0,1,0,0,0,0,0,0,0,0,0,0,0,0,0,0,0,0,0,0,0	0,0,0,0,0,1,0,0,0,0,0,1,0,1,0,0,0,0,1,0,0,0,0	-0.008628,-0.529207,-1.049881,-0.051842,-0.585934,0.001653,-0.199706,-1.212321,-1.022266,-0.389170,-0.615319,0.003563,-0.113412,0.014251,-0.056126,-0.195140,-0.085386,-0.793346,0.205923,-0.001552,-0.865084,-0.776167,-0.002624
Tpra_HST_ACI16630.1	Tpra_HST_ACI16630.1	acceptor_superclass::Phenolic acids (C6-C1)	acceptor_superclass::Fatty Acids and Conjugates;acceptor_superclass::Phenolic acids (C6-C1);acceptor_superclass::Small peptides;acceptor_superclass::Tyrosine alkaloids	0,0,0,0,0,0,0,0,0,0,0,0,0,1,0,0,0,0,0,0,0,0,0	0,0,0,1,0,0,0,0,0,0,0,0,0,1,0,0,0,0,1,0,0,0,1	-0.790301,-1.036437,-1.256546,0.307029,-0.137440,-0.278859,-0.841542,-0.053438,-0.935589,-0.265380,-1.064466,-0.320464,-0.856448,0.868399,-0.099477,-0.076483,-0.500696,-0.971300,0.527512,-0.789330,-0.141520,-0.810470,0.355969
Twal_DBAT_AFD32413.1	Twal_DBAT_AFD32413.1	acceptor_superclass::Diterpenoids	acceptor_superclass::Diterpenoids;acceptor_superclass::Fatty acyls;acceptor_superclass::Lysine alkaloids;acceptor_superclass::Monoterpenoids;acceptor_superclass::Phenylpropanoids (C6-C3);acceptor_superclass::Pseudoalkaloids	0,0,1,0,0,0,0,0,0,0,0,0,0,0,0,0,0,0,0,0,0,0,0	0,0,1,0,1,0,0,0,1,1,0,0,0,0,0,1,1,0,0,0,0,0,0	-1.131465,-0.448453,0.564518,-0.913728,0.143874,-0.233796,-1.023101,-0.021910,0.345429,0.230635,-0.395275,-0.081622,-1.131465,-1.311935,-0.115528,0.238183,0.148474,-0.123639,-1.136076,-0.938571,-0.635313,-0.376889,-0.811982
Vhyb_3MAT1_AAS77402.1	Vhyb_3MAT1_AAS77402.1	acceptor_superclass::Flavonoids;acceptor_superclass::Isoflavonoids;acceptor_superclass::Phenolic acids (C6-C1)	acceptor_superclass::Coumarins;acceptor_superclass::Flavonoids;acceptor_superclass::Isoflavonoids;acceptor_superclass::Phenanthrenoids;acceptor_superclass::Small peptides;acceptor_superclass::Steroids	0,0,0,0,0,1,1,0,0,0,0,0,0,1,0,0,0,0,0,0,0,0,0	1,0,0,0,0,1,1,0,0,0,0,0,1,0,0,0,0,0,1,1,0,0,0	0.124745,-0.373654,-1.304215,-0.161116,-0.295186,0.490474,0.423163,-0.815370,-1.088823,-0.587772,-0.434486,-0.041428,0.124745,-0.146256,-0.167573,-0.428802,-0.064310,-1.069311,0.028380,0.452484,-0.648395,-1.081625,-0.029808
Vlab_AMAT_AAW22989.1	Vlab_AMAT_AAW22989.1	acceptor_superclass::Fatty acyls	acceptor_superclass::Fatty acyls;acceptor_superclass::Lignans;acceptor_superclass::Lysine alkaloids;acceptor_superclass::Monoterpenoids;acceptor_superclass::Phenylethanoids (C6-C2);acceptor_superclass::Phenylpropanoids (C6-C3)	0,0,0,0,1,0,0,0,0,0,0,0,0,0,0,0,0,0,0,0,0,0,0	0,0,0,0,1,0,0,1,1,1,0,0,0,0,1,1,0,0,0,0,0,0,0	-0.863621,-0.771099,-0.095326,-0.303888,0.387158,-0.354942,-1.139062,0.264341,0.345845,0.240826,-0.627519,-0.500656,-0.810587,-0.574649,0.077942,0.514891,-0.409740,-0.651941,-0.507138,-0.858887,-0.769385,-0.888317,-0.570748
Vvin_3AT_AKF15588.1	Vvin_3AT_AKF15588.1	acceptor_superclass::Flavonoids	acceptor_superclass::Diterpenoids;acceptor_superclass::Monoterpenoids;acceptor_superclass::Phenylethanoids (C6-C2);acceptor_superclass::Phenylpropanoids (C6-C3);acceptor_superclass::Saccharides;acceptor_superclass::Triterpenoids;acceptor_superclass::Tryptophan alkaloids	0,0,0,0,0,1,0,0,0,0,0,0,0,0,0,0,0,0,0,0,0,0,0	0,0,1,0,0,0,0,0,0,1,0,0,0,0,1,1,0,1,0,0,1,1,0	-1.358553,-0.438656,0.216942,-0.733195,-0.132881,-0.826723,-1.210547,-0.163470,-0.089670,0.308140,-0.247822,-0.276629,-0.753040,-0.947490,0.183987,0.163823,-0.243543,0.272426,-0.862338,-1.031869,0.316497,0.326978,-0.140626
Vvin_AAT2_CBI26419.3	Vvin_AAT2_CBI26419.3	acceptor_superclass::Fatty acyls;acceptor_superclass::Phenylethanoids (C6-C2)	acceptor_superclass::Fatty acyls;acceptor_superclass::Monoterpenoids;acceptor_superclass::Phenylpropanoids (C6-C3)	0,0,0,0,1,0,0,0,0,0,0,0,0,0,1,0,0,0,0,0,0,0,0	0,0,0,0,1,0,0,0,0,1,0,0,0,0,0,1,0,0,0,0,0,0,0	-0.903019,-0.901169,-0.200345,-0.087379,0.288878,-0.409404,-1.104275,-0.167838,-0.095848,0.224116,-0.685204,-0.578755,-0.628854,-0.318246,-0.051390,0.250541,-0.529796,-0.449168,-0.378468,-0.983045,-0.385848,-0.435883,-0.336812
Vvin_SHT_QNO39112.1	Vvin_SHT_QNO39112.1	acceptor_superclass::Ornithine alkaloids	acceptor_superclass::Fatty Acids and Conjugates;acceptor_superclass::Phenolic acids (C6-C1);acceptor_superclass::Small peptides	0,0,0,0,0,0,0,0,0,0,0,1,0,0,0,0,0,0,0,0,0,0,0	0,0,0,1,0,0,0,0,0,0,0,0,0,1,0,0,0,0,1,0,0,0,0	-0.280694,-0.563108,-1.055122,0.191194,-0.347365,-0.172141,-0.433698,-1.296810,-1.192655,-0.499050,-0.819071,-0.010279,-0.198894,0.291212,-0.122934,-0.140846,-0.297788,-0.925010,0.236657,-0.198922,-0.796747,-0.921597,-0.014891
Wlon_BAT1_NA	Wlon_BAT1_NA	acceptor_superclass::Monoterpenoids	acceptor_superclass::Diterpenoids;acceptor_superclass::Monoterpenoids;acceptor_superclass::Phenylethanoids (C6-C2);acceptor_superclass::Phenylpropanoids (C6-C3)	0,0,0,0,0,0,0,0,0,1,0,0,0,0,0,0,0,0,0,0,0,0,0	0,0,1,0,0,0,0,0,0,1,0,0,0,0,1,1,0,0,0,0,0,0,0	-0.986589,-0.570448,0.150768,-0.198634,-0.008498,-0.252695,-0.810149,-0.487789,-0.464263,0.203069,-0.590616,-0.101480,-0.986589,-0.871494,0.198277,0.126683,-0.071955,-0.205868,-0.815936,-0.688564,-0.181077,-0.172214,-0.448613
Wlon_BAT2_NA	Wlon_BAT2_NA	acceptor_superclass::Monoterpenoids	acceptor_superclass::Diterpenoids;acceptor_superclass::Monoterpenoids;acceptor_superclass::Phenylethanoids (C6-C2);acceptor_superclass::Phenylpropanoids (C6-C3);acceptor_superclass::Triterpenoids;acceptor_superclass::Tryptophan alkaloids	0,0,0,0,0,0,0,0,0,1,0,0,0,0,0,0,0,0,0,0,0,0,0	0,0,1,0,0,0,0,0,0,1,0,0,0,0,1,1,0,0,0,0,1,1,0	-1.111766,-0.652239,0.295803,-0.153334,-0.075889,-0.398403,-0.992170,-0.353782,-0.422460,0.279637,-0.664681,-0.163267,-1.111766,-0.805606,0.078311,0.135860,-0.147264,-0.008684,-0.898200,-0.904277,0.034411,0.263734,-0.318274
Wlon_BAT3_NA	Wlon_BAT3_NA	acceptor_superclass::Monoterpenoids	acceptor_superclass::Diterpenoids;acceptor_superclass::Fatty acyls;acceptor_superclass::Monoterpenoids;acceptor_superclass::Phenylethanoids (C6-C2);acceptor_superclass::Phenylpropanoids (C6-C3)	0,0,0,0,0,0,0,0,0,1,0,0,0,0,0,0,0,0,0,0,0,0,0	0,0,1,0,1,0,0,0,0,1,0,0,0,0,1,1,0,0,0,0,0,0,0	-1.029993,-0.514736,0.107543,-0.412311,0.266853,-0.437825,-1.150176,-0.534397,-0.261745,0.440084,-0.887203,-0.061535,-0.376121,-0.779654,0.451049,0.314987,-0.194481,-0.245452,-0.604647,-1.084033,-0.375551,-0.408058,-0.632414
Wvil_BAT1_WvBAHD8	Wvil_BAT1_WvBAHD8	acceptor_superclass::Monoterpenoids	acceptor_superclass::Fatty acyls;acceptor_superclass::Monoterpenoids;acceptor_superclass::Phenylpropanoids (C6-C3)	0,0,0,0,0,0,0,0,0,1,0,0,0,0,0,0,0,0,0,0,0,0,0	0,0,0,0,1,0,0,0,0,1,0,0,0,0,0,1,0,0,0,0,0,0,0	-1.165163,-1.207728,-0.078654,-0.047788,0.275067,-0.668684,-1.290581,-0.450223,-0.025673,0.129294,-0.595504,-0.815795,-0.898696,-0.354281,-0.022944,0.272424,-0.716249,-0.421375,-0.310543,-0.940815,-0.489275,-0.221099,-0.131139
Wvil_BAT2_WvBAHD14	Wvil_BAT2_WvBAHD14	acceptor_superclass::Monoterpenoids	acceptor_superclass::Diterpenoids;acceptor_superclass::Fatty acyls;acceptor_superclass::Lysine alkaloids;acceptor_superclass::Monoterpenoids;acceptor_superclass::Ornithine alkaloids;acceptor_superclass::Phenylpropanoids (C6-C3);acceptor_superclass::Pseudoalkaloids	0,0,0,0,0,0,0,0,0,1,0,0,0,0,0,0,0,0,0,0,0,0,0	0,0,1,0,1,0,0,0,1,1,0,1,0,0,0,1,1,0,0,0,0,0,0	-0.630742,-0.222810,0.489518,-0.880472,0.313400,-0.013097,-0.900481,-0.499942,0.199713,0.155146,-0.492638,0.192374,-0.384957,-1.613672,-0.097226,0.272836,0.323672,-0.276825,-1.172201,-0.725076,-1.445806,-0.813377,-1.193626
Wvil_BAT3_WvBAHD39	Wvil_BAT3_WvBAHD39	acceptor_superclass::Monoterpenoids	acceptor_superclass::Diterpenoids;acceptor_superclass::Monoterpenoids;acceptor_superclass::Phenylethanoids (C6-C2);acceptor_superclass::Phenylpropanoids (C6-C3);acceptor_superclass::Saccharides;acceptor_superclass::Triterpenoids;acceptor_superclass::Tryptophan alkaloids	0,0,0,0,0,0,0,0,0,1,0,0,0,0,0,0,0,0,0,0,0,0,0	0,0,1,0,0,0,0,0,0,1,0,0,0,0,1,1,0,1,0,0,1,1,0	-1.161507,-0.787530,0.167036,-0.288133,-0.086609,-0.461368,-0.963779,-0.853469,-0.323022,0.193531,-0.670188,-0.184671,-0.693416,-0.762907,0.188101,0.062512,-0.175645,0.088485,-0.717970,-0.910000,0.034075,0.070239,-0.675663
Wvil_BAT4_WvBAHD40	Wvil_BAT4_WvBAHD40	acceptor_superclass::Monoterpenoids	acceptor_superclass::Diterpenoids;acceptor_superclass::Fatty acyls;acceptor_superclass::Monoterpenoids;acceptor_superclass::Phenylethanoids (C6-C2);acceptor_superclass::Phenylpropanoids (C6-C3)	0,0,0,0,0,0,0,0,0,1,0,0,0,0,0,0,0,0,0,0,0,0,0	0,0,1,0,1,0,0,0,0,1,0,0,0,0,1,1,0,0,0,0,0,0,0	-1.238861,-0.627484,0.215107,-0.252466,0.183496,-0.375736,-1.178236,-0.577452,-0.247610,0.401147,-0.878457,-0.080473,-1.238861,-0.909444,0.395689,0.356733,-0.083377,-0.043776,-0.851182,-1.150722,-0.443449,-0.320686,-0.665331
Wvil_BAT5_WvBAHD50	Wvil_BAT5_WvBAHD50	acceptor_superclass::Monoterpenoids	acceptor_superclass::Diterpenoids;acceptor_superclass::Fatty acyls;acceptor_superclass::Flavonoids;acceptor_superclass::Monoterpenoids;acceptor_superclass::Phenylethanoids (C6-C2);acceptor_superclass::Phenylpropanoids (C6-C3);acceptor_superclass::Pseudoalkaloids	0,0,0,0,0,0,0,0,0,1,0,0,0,0,0,0,0,0,0,0,0,0,0	0,0,1,0,1,1,0,0,0,1,0,0,0,0,1,1,1,0,0,0,0,0,0	-0.723204,-0.550085,0.053750,-0.252940,0.234390,0.027838,-0.860428,-0.539605,-0.183030,0.211925,-0.773475,-0.029211,-0.723204,-1.021526,0.080455,0.268642,0.080819,-0.437661,-0.746119,-0.709292,-0.842275,-0.715981,-0.664399
Wvil_BAT6_WvBAHD28	Wvil_BAT6_WvBAHD28	acceptor_superclass::Monoterpenoids	acceptor_superclass::Fatty Acids and Conjugates;acceptor_superclass::Phenolic acids (C6-C1);acceptor_superclass::Small peptides;acceptor_superclass::Tyrosine alkaloids	0,0,0,0,0,0,0,0,0,1,0,0,0,0,0,0,0,0,0,0,0,0,0	0,0,0,1,0,0,0,0,0,0,0,0,0,1,0,0,0,0,1,0,0,0,1	-0.737363,-1.144184,-0.972872,0.297156,-0.438072,-0.358112,-0.627681,-0.050965,-1.027203,-0.484840,-0.930016,-0.422770,-0.737363,0.742656,-0.288767,-0.177370,-0.558514,-1.117132,0.530911,-0.563813,-0.165490,-0.754050,0.261534
Zmay_AAT1_ONM11762.1	Zmay_AAT1_ONM11762.1	acceptor_superclass::Flavonoids	acceptor_superclass::Coumarins;acceptor_superclass::Flavonoids;acceptor_superclass::Isoflavonoids;acceptor_superclass::Naphthalenes;acceptor_superclass::Ornithine alkaloids;acceptor_superclass::Phenanthrenoids;acceptor_superclass::Pseudoalkaloids;acceptor_superclass::Steroids	0,0,0,0,0,1,0,0,0,0,0,0,0,0,0,0,0,0,0,0,0,0,0	1,0,0,0,0,1,1,0,0,0,1,1,1,0,0,0,1,0,0,1,0,0,0	0.237538,-0.066288,-0.464895,-1.034647,-0.763964,0.543681,0.583883,-1.033309,-0.226356,-0.567687,0.056899,0.383521,0.123268,-1.134428,-0.268297,-0.546028,0.435690,-0.208881,-0.717981,0.166716,-0.493681,-0.695356,-0.472914
Zmay_CAT_ACF87722.1	Zmay_CAT_ACF87722.1		acceptor_superclass::Diterpenoids;acceptor_superclass::Fatty acyls;acceptor_superclass::Monoterpenoids;acceptor_superclass::Ornithine alkaloids;acceptor_superclass::Phenylpropanoids (C6-C3);acceptor_superclass::Pseudoalkaloids	0,0,0,0,0,0,0,0,0,0,0,0,0,0,0,0,0,0,0,0,0,0,0	0,0,1,0,1,0,0,0,0,1,0,1,0,0,0,1,1,0,0,0,0,0,0	-0.857918,-0.426653,0.104719,-0.284429,0.060343,-0.293823,-0.765662,-0.812375,-0.283637,0.211391,-0.579892,0.084837,-0.476487,-1.119052,-0.017456,0.163207,0.257233,-0.244040,-0.888834,-0.745612,-0.689601,-0.178792,-0.699502
Zmay_FMT_AQK78565.1	Zmay_FMT_AQK78565.1	acceptor_superclass::Phenylpropanoids (C6-C3)	acceptor_superclass::Fatty acyls;acceptor_superclass::Monoterpenoids;acceptor_superclass::Phenylethanoids (C6-C2);acceptor_superclass::Phenylpropanoids (C6-C3);acceptor_superclass::Pseudoalkaloids	0,0,0,0,0,0,0,0,0,0,0,0,0,0,0,1,0,0,0,0,0,0,0	0,0,0,0,1,0,0,0,0,1,0,0,0,0,1,1,1,0,0,0,0,0,0	-0.598028,-0.300893,-0.163989,-0.509287,0.117185,-0.152950,-0.667106,-0.651667,-0.232583,0.152604,-0.487610,-0.026169,-0.358674,-1.161785,0.100918,0.140838,0.124215,-0.472249,-0.859587,-0.465811,-0.707951,-0.554496,-0.746822
