fasta_id	enzyme_id	true_labels	predicted_labels	true_vector	pred_vector	score_vector
Aagr_HCT6_QPI70575.1	Aagr_HCT6_QPI70575.1	acceptor_superclass::Phenolic acids (C6-C1);acceptor_superclass::Small peptides	acceptor_superclass::Phenolic acids (C6-C1);acceptor_superclass::Phenylpropanoids (C6-C3)	0,0,0,0,0,0,0,0,0,0,0,0,0,1,0,0,0,0,1,0,0,0,0	0,0,0,0,0,0,0,0,0,0,0,0,0,1,0,1,0,0,0,0,0,0,0	-0.817907,-0.931655,-1.031004,-0.905739,-0.227071,-0.785378,-1.095796,0.000000,-1.089370,-0.782933,-0.714573,-0.350372,-0.767171,0.696222,-0.160040,0.412127,-0.874665,-0.908782,-0.563454,-1.174189,-1.064843,-0.714984,-0.691340
Aagr_HFT-like_Aagr000038l.49.1	Aagr_HFT-like_Aagr000038l.49.1	acceptor_superclass::Fatty Acids and Conjugates	acceptor_superclass::Fatty Acids and Conjugates;acceptor_superclass::Fatty acyls	0,0,0,1,0,0,0,0,0,0,0,0,0,0,0,0,0,0,0,0,0,0,0	0,0,0,1,1,0,0,0,0,0,0,0,0,0,0,0,0,0,0,0,0,0,0	-1.201978,-1.331810,-0.961989,1.007073,0.062397,-0.346865,-0.709422,-1.111697,-0.673505,-1.045536,-1.088722,-0.496467,-1.188488,-0.265064,-1.205312,-0.838561,-0.041300,-1.222685,-0.680369,-1.076996,-0.804624,-0.818821,-0.307171
Abel_TS_WPF47615.1	Abel_TS_WPF47615.1			0,0,0,0,0,0,0,0,0,0,0,0,0,0,0,0,0,0,0,0,0,0,0	0,0,0,0,0,0,0,0,0,0,0,0,0,0,0,0,0,0,0,0,0,0,0	-1.110081,-1.272179,-0.880171,-1.507098,-1.997056,-0.717606,-0.527428,-0.664619,-0.637830,-1.177111,-0.588231,-1.565212,-1.110081,-1.170907,-1.646929,-0.624159,-1.560615,-0.769617,-1.268812,-1.114442,-0.371391,-1.102647,-0.152843
Achi_AT16_PSS01274.1	Achi_AT16_PSS01274.1	acceptor_superclass::Fatty acyls	acceptor_superclass::Fatty acyls;acceptor_superclass::Phenylpropanoids (C6-C3);acceptor_superclass::Pseudoalkaloids	0,0,0,0,1,0,0,0,0,0,0,0,0,0,0,0,0,0,0,0,0,0,0	0,0,0,0,1,0,0,0,0,0,0,0,0,0,0,1,1,0,0,0,0,0,0	-0.942521,-1.028653,-1.066027,-0.727076,0.359463,-0.826277,-0.944986,-1.323367,-0.559614,-0.589953,-0.821698,-0.483947,-0.738621,-0.583465,-0.761768,0.083682,0.062809,-1.307764,-0.749816,-0.833993,-1.218085,-0.998340,-1.100175
Achi_FHT_PSR89440.1	Achi_FHT_PSR89440.1	acceptor_superclass::Fatty Acids and Conjugates;acceptor_superclass::Fatty acyls	acceptor_superclass::Fatty Acids and Conjugates;acceptor_superclass::Fatty acyls	0,0,0,1,1,0,0,0,0,0,0,0,0,0,0,0,0,0,0,0,0,0,0	0,0,0,1,1,0,0,0,0,0,0,0,0,0,0,0,0,0,0,0,0,0,0	-0.944412,-1.183861,-0.823008,0.722489,0.915972,-1.062921,-0.941762,0.000000,-0.965175,-0.885189,-1.078972,-1.088538,-0.959400,-0.939431,-0.478718,-0.157331,-1.137002,-1.212777,-0.807916,-1.044407,-0.842224,-0.897363,-0.830911
Aeri_AT9_AIC83789.1	Aeri_AT9_AIC83789.1	acceptor_superclass::Fatty acyls	acceptor_superclass::Phenylethanoids (C6-C2);acceptor_superclass::Phenylpropanoids (C6-C3)	0,0,0,0,1,0,0,0,0,0,0,0,0,0,0,0,0,0,0,0,0,0,0	0,0,0,0,0,0,0,0,0,0,0,0,0,0,1,1,0,0,0,0,0,0,0	-1.190007,-0.628958,-0.749046,-0.908110,-0.256095,-1.268494,-0.967829,-0.598338,-1.532697,-0.415546,-0.860308,-0.371764,-0.782259,-1.021366,0.044214,0.271117,-0.332497,-0.900192,-0.523239,-0.630910,-1.973017,-1.220909,-1.184023
Aeuc_AAT1_BDW80083.1	Aeuc_AAT1_BDW80083.1	acceptor_superclass::Naphthalenes	acceptor_superclass::Naphthalenes	0,0,0,0,0,0,0,0,0,0,1,0,0,0,0,0,0,0,0,0,0,0,0	0,0,0,0,0,0,0,0,0,0,1,0,0,0,0,0,0,0,0,0,0,0,0	-0.975213,-0.874761,-1.215091,-1.094781,-1.094392,-0.343647,-0.900610,-1.145911,-0.587709,-0.407018,1.167322,-1.165949,-0.953892,-0.801903,-0.577252,-0.894489,-0.788678,-1.526393,-0.976885,-1.346554,-0.618926,-0.959861,-1.293864
Aeuc_AAT2_BDW80089.1	Aeuc_AAT2_BDW80089.1	acceptor_superclass::Naphthalenes	acceptor_superclass::Naphthalenes	0,0,0,0,0,0,0,0,0,0,1,0,0,0,0,0,0,0,0,0,0,0,0	0,0,0,0,0,0,0,0,0,0,1,0,0,0,0,0,0,0,0,0,0,0,0	-1.119261,-1.043681,-0.934303,-0.837710,-0.658752,-0.861015,-0.692244,-0.954031,-1.136366,-0.991844,0.647932,-0.828572,-1.051701,-1.028221,-0.985997,-0.331444,-0.880221,-1.019554,-0.833022,-1.131777,-1.203642,-1.481137,-0.734783
Aeuc_SAT2_BDW80080.1	Aeuc_SAT2_BDW80080.1	acceptor_superclass::Naphthalenes	acceptor_superclass::Naphthalenes	0,0,0,0,0,0,0,0,0,0,1,0,0,0,0,0,0,0,0,0,0,0,0	0,0,0,0,0,0,0,0,0,0,1,0,0,0,0,0,0,0,0,0,0,0,0	-1.114157,-0.929814,-0.605670,-0.924603,-1.029586,-0.750419,-0.771568,-0.711006,-1.095542,-1.250952,1.187928,-1.285592,-1.122740,-0.940987,-1.461919,-0.865548,-0.983748,-0.974277,-0.919581,-0.700686,-0.796253,-0.925022,-0.366832
Amem_AT7-3_WMQ79387.1	Amem_AT7-3_WMQ79387.1	acceptor_superclass::Triterpenoids		0,0,0,0,0,0,0,0,0,0,0,0,0,0,0,0,0,0,0,0,1,0,0	0,0,0,0,0,0,0,0,0,0,0,0,0,0,0,0,0,0,0,0,0,0,0	-0.672085,-1.384358,-1.015764,-0.707307,-1.982126,-0.197032,-0.715939,-0.760194,-0.599427,-0.341745,-0.772240,-0.986677,-0.924932,-0.805113,-1.267972,-0.448239,-1.361460,-0.887527,-0.352550,-0.908112,-1.806645,-0.759357,-1.453297
Arac_HPT1_QAA12830.1	Arac_HPT1_QAA12830.1	acceptor_superclass::Phenylpropanoids (C6-C3)	acceptor_superclass::Phenylethanoids (C6-C2)	0,0,0,0,0,0,0,0,0,0,0,0,0,0,0,1,0,0,0,0,0,0,0	0,0,0,0,0,0,0,0,0,0,0,0,0,0,1,0,0,0,0,0,0,0,0	-1.110749,-0.842052,-1.256080,-0.709975,-0.956212,-1.393189,-1.020695,-0.918111,-0.940096,-0.878725,-0.834064,-0.381455,-0.964479,-0.025833,0.087371,-1.352661,-0.920370,-1.029385,-0.181233,-1.155338,-0.897883,-1.030012,-0.521093
Asat_HCBT_BAC78635.1	Asat_HCBT_BAC78635.1	acceptor_superclass::Small peptides	acceptor_superclass::Phenolic acids (C6-C1);acceptor_superclass::Small peptides	0,0,0,0,0,0,0,0,0,0,0,0,0,0,0,0,0,0,1,0,0,0,0	0,0,0,0,0,0,0,0,0,0,0,0,0,1,0,0,0,0,1,0,0,0,0	-0.982453,-1.206132,-1.262818,-1.266432,-1.248149,-0.908385,-1.041599,-1.016122,-1.025645,-1.343035,-1.135838,-0.284541,-0.885667,0.982422,-0.820548,-0.406317,-0.775678,-0.982263,0.513633,-0.916289,-0.944363,-1.122680,-0.570201
Asat_HHT1_BAC78633.1	Asat_HHT1_BAC78633.1	acceptor_superclass::Phenolic acids (C6-C1)	acceptor_superclass::Phenolic acids (C6-C1);acceptor_superclass::Phenylpropanoids (C6-C3);acceptor_superclass::Small peptides	0,0,0,0,0,0,0,0,0,0,0,0,0,1,0,0,0,0,0,0,0,0,0	0,0,0,0,0,0,0,0,0,0,0,0,0,1,0,1,0,0,1,0,0,0,0	-1.032461,-1.072153,-1.293678,-1.144105,-0.932505,-0.641150,-1.117620,-0.966377,-0.966065,-1.128625,-1.169804,-0.619146,-1.032461,0.498010,-0.484726,0.483277,-0.778089,-0.991047,0.705220,-0.963040,-0.572864,-1.215341,-0.360603
Asat_HHT4_QDC27803.1	Asat_HHT4_QDC27803.1	acceptor_superclass::Phenolic acids (C6-C1)	acceptor_superclass::Phenolic acids (C6-C1);acceptor_superclass::Small peptides	0,0,0,0,0,0,0,0,0,0,0,0,0,1,0,0,0,0,0,0,0,0,0	0,0,0,0,0,0,0,0,0,0,0,0,0,1,0,0,0,0,1,0,0,0,0	-0.953949,-1.204447,-1.028374,-1.361269,-1.231361,-0.498984,-0.826367,-0.878788,-1.141796,-1.339708,-0.837810,-1.159980,-1.016588,1.554078,-0.888997,-0.213671,-1.134869,-1.088171,0.181539,-0.995995,-0.730684,-1.038201,-0.671260
Asch_AKS1_URS65387.1	Asch_AKS1_URS65387.1	acceptor_superclass::Tryptophan alkaloids	acceptor_superclass::Fatty acyls;acceptor_superclass::Monoterpenoids;acceptor_superclass::Phenylethanoids (C6-C2);acceptor_superclass::Tryptophan alkaloids	0,0,0,0,0,0,0,0,0,0,0,0,0,0,0,0,0,0,0,0,0,1,0	0,0,0,0,1,0,0,0,0,1,0,0,0,0,1,0,0,0,0,0,0,1,0	-0.961368,-0.872677,-1.236728,-0.829308,0.162808,-0.636041,-0.989363,-1.369664,-0.960032,0.126497,-1.189221,-1.220069,-0.869607,-1.170935,0.015335,-0.830766,-0.842170,-0.675558,-1.393852,-0.565903,-0.286224,0.337821,-0.657536
Asch_AKS2_URS65388.1	Asch_AKS2_URS65388.1	acceptor_superclass::Tryptophan alkaloids	acceptor_superclass::Diterpenoids	0,0,0,0,0,0,0,0,0,0,0,0,0,0,0,0,0,0,0,0,0,1,0	0,0,1,0,0,0,0,0,0,0,0,0,0,0,0,0,0,0,0,0,0,0,0	-0.932210,-0.828498,0.064096,-1.017693,-1.159531,-0.928898,-0.892624,-0.722511,-0.744780,-0.621346,-0.489818,-1.140602,-1.262650,-0.607525,-1.843054,-1.397450,-1.158488,-0.571439,-1.265407,-1.166910,-0.127911,-0.489857,-0.926581
Asin_FMT_AHL24755.1	Asin_FMT_AHL24755.1	acceptor_superclass::Phenylpropanoids (C6-C3)	acceptor_superclass::Ornithine alkaloids;acceptor_superclass::Triterpenoids	0,0,0,0,0,0,0,0,0,0,0,0,0,0,0,1,0,0,0,0,0,0,0	0,0,0,0,0,0,0,0,0,0,0,1,0,0,0,0,0,0,0,0,1,0,0	-1.043390,-1.050154,-0.684785,-0.787276,-0.722505,-0.909041,-0.909232,-1.003291,-1.182614,-0.569527,-0.311102,0.130358,-0.907641,-1.143947,-0.913126,-0.653741,-0.361229,-1.244404,-0.884933,-1.582087,0.494526,-0.926517,-0.392927
Atha_3AT1_AEE27636.1	Atha_3AT1_AEE27636.1	acceptor_superclass::Flavonoids	acceptor_superclass::Flavonoids	0,0,0,0,0,1,0,0,0,0,0,0,0,0,0,0,0,0,0,0,0,0,0	0,0,0,0,0,1,0,0,0,0,0,0,0,0,0,0,0,0,0,0,0,0,0	-1.172701,-0.826162,-1.309993,-1.086678,-1.108136,0.724164,-0.408155,-0.878492,-1.099468,-0.773722,-1.135412,-0.621455,-1.188715,-0.948299,-1.142570,-1.080198,-0.819958,-1.232052,-1.264632,-1.116925,-0.334879,-0.862702,-0.367217
Atha_3AT2_AAF86513.1	Atha_3AT2_AAF86513.1	acceptor_superclass::Flavonoids	acceptor_superclass::Flavonoids	0,0,0,0,0,1,0,0,0,0,0,0,0,0,0,0,0,0,0,0,0,0,0	0,0,0,0,0,1,0,0,0,0,0,0,0,0,0,0,0,0,0,0,0,0,0	-0.643541,-0.970703,-1.173560,-1.061104,-1.340790,0.982644,-0.375734,-1.018884,-1.143252,-1.436491,-0.404770,-0.833410,-0.570756,-0.629245,-1.164714,-0.976204,-0.797764,-1.227636,-1.246663,-1.321531,-0.788196,-1.114159,-0.512846
Atha_5MAT_BAB01191.1	Atha_5MAT_BAB01191.1	acceptor_superclass::Flavonoids	acceptor_superclass::Flavonoids;acceptor_superclass::Isoflavonoids	0,0,0,0,0,1,0,0,0,0,0,0,0,0,0,0,0,0,0,0,0,0,0	0,0,0,0,0,1,1,0,0,0,0,0,0,0,0,0,0,0,0,0,0,0,0	-1.016136,-1.090466,-0.656136,-0.717271,-0.910400,0.374023,0.980106,-1.342577,-1.256892,-0.966434,-0.628636,-1.183126,-1.198266,-0.324178,-1.170739,-1.379627,-0.271842,-0.448853,-1.779303,-0.953395,-0.647661,-1.647295,-0.793070
Atha_ACT1_NP_200924.1	Atha_ACT1_NP_200924.1	acceptor_superclass::Ornithine alkaloids;acceptor_superclass::Pseudoalkaloids	acceptor_superclass::Flavonoids;acceptor_superclass::Steroids	0,0,0,0,0,0,0,0,0,0,0,1,0,0,0,0,1,0,0,0,0,0,0	0,0,0,0,0,1,0,0,0,0,0,0,0,0,0,0,0,0,0,1,0,0,0	-0.047107,-0.731463,-0.746519,-0.759626,-1.180748,1.485854,-0.133066,-1.191145,-0.905489,-1.288888,-0.076432,-0.589487,-0.140389,-1.661092,-1.008503,-1.205928,-0.893219,-1.175214,-0.613407,0.323891,-1.523160,-0.720145,-0.999169
Atha_HHT1_AAL34170.1	Atha_ASFT_NP_851111.1	acceptor_superclass::Fatty Acids and Conjugates;acceptor_superclass::Fatty acyls	acceptor_superclass::Fatty Acids and Conjugates;acceptor_superclass::Fatty acyls	0,0,0,1,1,0,0,0,0,0,0,0,0,0,0,0,0,0,0,0,0,0,0	0,0,0,1,1,0,0,0,0,0,0,0,0,0,0,0,0,0,0,0,0,0,0	-0.971889,-0.938172,-0.843137,0.937620,1.058132,-0.847131,-0.758334,-1.115350,-0.996371,-1.270143,-1.052788,-1.209296,-0.884221,-0.697012,-0.956320,-0.867125,-0.808085,-0.772082,-0.997950,-1.012719,-1.076169,-0.852278,-1.178522
Atha_AT3G47170_NP_190301.2	Atha_AT3G47170_NP_190301.2	acceptor_superclass::Ornithine alkaloids;acceptor_superclass::Pseudoalkaloids	acceptor_superclass::Phenylpropanoids (C6-C3);acceptor_superclass::Pseudoalkaloids	0,0,0,0,0,0,0,0,0,0,0,1,0,0,0,0,1,0,0,0,0,0,0	0,0,0,0,0,0,0,0,0,0,0,0,0,0,0,1,1,0,0,0,0,0,0	-0.525406,-1.346959,-1.248285,-0.447475,-1.176830,-0.800084,-1.060871,0.000000,-0.851490,-0.946441,-0.311284,-0.086761,-0.491305,-0.958854,-1.454044,0.034740,0.314274,-1.104162,-1.124773,-1.172523,-1.100529,-0.725739,-0.787833
Atha_PHT_OAO95042.1	Atha_AT5G07080_OAO95042.1	acceptor_superclass::Ornithine alkaloids;acceptor_superclass::Pseudoalkaloids	acceptor_superclass::Ornithine alkaloids;acceptor_superclass::Pseudoalkaloids	0,0,0,0,0,0,0,0,0,0,0,1,0,0,0,0,1,0,0,0,0,0,0	0,0,0,0,0,0,0,0,0,0,0,1,0,0,0,0,1,0,0,0,0,0,0	-1.188532,-1.011081,-0.946784,-1.104472,-0.531950,-0.702065,-0.765140,-0.844975,-0.890139,-1.017524,-1.217961,0.872292,-1.153415,-0.921928,-0.877638,-0.870958,0.679466,-1.024372,-0.965078,-0.954823,-0.883572,-1.080165,-1.095240
Atha_BIA1_CAB10319.1	Atha_BIA1_CAB10319.1	acceptor_superclass::Steroids		0,0,0,0,0,0,0,0,0,0,0,0,0,0,0,0,0,0,0,1,0,0,0	0,0,0,0,0,0,0,0,0,0,0,0,0,0,0,0,0,0,0,0,0,0,0	-1.243949,-0.615715,-0.274291,-0.469676,-0.124187,-1.478930,-0.513084,-1.022621,-1.345909,-0.917135,-1.202566,-0.744376,-1.243949,-0.887709,-0.815286,-1.474645,-0.521394,-1.020977,-0.773100,-1.286368,-0.037536,-0.449625,-1.128019
Atha_CHAT_AAN09797.1	Atha_CHAT_AAN09797.1	acceptor_superclass::Fatty acyls;acceptor_superclass::Monoterpenoids;acceptor_superclass::Phenylethanoids (C6-C2);acceptor_superclass::Phenylpropanoids (C6-C3)	acceptor_superclass::Fatty acyls;acceptor_superclass::Phenylpropanoids (C6-C3)	0,0,0,0,1,0,0,0,0,1,0,0,0,0,1,1,0,0,0,0,0,0,0	0,0,0,0,1,0,0,0,0,0,0,0,0,0,0,1,0,0,0,0,0,0,0	-1.086877,-0.879642,-1.264206,-0.303374,0.315370,-0.226535,-0.836109,-0.753827,-0.830455,-0.083464,-0.868626,-0.693852,-1.297086,-1.199837,-0.840221,0.344288,-0.716974,-0.878327,-0.369742,-0.894837,-0.562253,-0.525534,-0.634039
Atha_COSY_AEE31013.1	Atha_COSY_AEE31013.1			0,0,0,0,0,0,0,0,0,0,0,0,0,0,0,0,0,0,0,0,0,0,0	0,0,0,0,0,0,0,0,0,0,0,0,0,0,0,0,0,0,0,0,0,0,0	-0.997911,-1.209396,-0.819073,-0.955463,-1.012479,-1.184651,-0.785505,0.000000,-0.782750,-0.893481,-1.117817,-0.493945,-1.067935,-1.155003,-0.830741,-1.062654,-0.733236,-1.097354,-1.249045,-0.947199,-0.795855,-0.635449,-0.749261
Atha_DCF_AAQ62868.1	Atha_DCF_AAQ62868.1	acceptor_superclass::Fatty Acids and Conjugates;acceptor_superclass::Fatty acyls	acceptor_superclass::Fatty Acids and Conjugates;acceptor_superclass::Fatty acyls	0,0,0,1,1,0,0,0,0,0,0,0,0,0,0,0,0,0,0,0,0,0,0	0,0,0,1,1,0,0,0,0,0,0,0,0,0,0,0,0,0,0,0,0,0,0	-1.054752,-1.044925,-0.869778,0.054834,1.081594,-1.364390,-1.013961,0.000000,-1.300419,-0.976728,-0.876586,-0.357883,-0.866597,-0.476838,-0.028020,-0.578506,-0.608568,-1.012057,-1.634322,-1.143550,-1.051447,-0.886694,-1.477700
Atha_EPS1_NP_201517.1	Atha_EPS1_NP_201517.1		acceptor_superclass::Lysine alkaloids;acceptor_superclass::Small peptides	0,0,0,0,0,0,0,0,0,0,0,0,0,0,0,0,0,0,0,0,0,0,0	0,0,0,0,0,0,0,0,1,0,0,0,0,0,0,0,0,0,1,0,0,0,0	-0.477006,-0.851740,-1.034606,-0.287931,-1.481127,-0.533218,-1.060241,-0.798922,0.424352,-1.447818,-0.725952,-1.526613,-0.935319,-0.527082,-2.102756,-0.752943,-1.300723,-1.042151,0.630346,-0.468373,-1.612301,-1.857994,-1.598721
Atha_FACT_AAN13119.1	Atha_FACT_AAN13119.1	acceptor_superclass::Fatty acyls	acceptor_superclass::Fatty acyls	0,0,0,0,1,0,0,0,0,0,0,0,0,0,0,0,0,0,0,0,0,0,0	0,0,0,0,1,0,0,0,0,0,0,0,0,0,0,0,0,0,0,0,0,0,0	-0.940194,-0.829008,-1.024606,-0.277817,1.013832,-1.066110,-1.209516,0.000000,-1.030559,-0.414713,-1.003050,-1.030233,-0.931198,-0.949486,-0.354256,-0.530959,-1.052775,-1.118827,-0.919184,-0.904708,-0.752293,-1.140088,-0.942566
Atha_GGES_AED96958.1	Atha_GGES_AED96958.1		acceptor_superclass::Phenolic acids (C6-C1);acceptor_superclass::Phenylpropanoids (C6-C3);acceptor_superclass::Small peptides;acceptor_superclass::Tyrosine alkaloids	0,0,0,0,0,0,0,0,0,0,0,0,0,0,0,0,0,0,0,0,0,0,0	0,0,0,0,0,0,0,0,0,0,0,0,0,1,0,1,0,0,1,0,0,0,1	-1.377385,-1.161441,-0.441056,-1.210590,-1.472855,-1.104242,-1.246646,-0.447688,-0.719969,-0.078282,-1.251406,-0.481722,-1.377385,0.381375,-1.244676,0.361886,-0.573837,-0.912949,0.046699,-1.324492,-0.429604,-1.146192,0.019226
Atha_HCT_BAB10316.1	Atha_HCT_BAB10316.1	acceptor_superclass::Flavonoids;acceptor_superclass::Phenolic acids (C6-C1);acceptor_superclass::Phenylpropanoids (C6-C3);acceptor_superclass::Small peptides	acceptor_superclass::Phenolic acids (C6-C1);acceptor_superclass::Phenylpropanoids (C6-C3);acceptor_superclass::Small peptides	0,0,0,0,0,1,0,0,0,0,0,0,0,1,0,1,0,0,1,0,0,0,0	0,0,0,0,0,0,0,0,0,0,0,0,0,1,0,1,0,0,1,0,0,0,0	-0.914216,-0.812278,-1.044730,-0.906778,-1.024794,-0.311263,-1.252144,0.000000,-0.701512,-0.752144,-0.939015,-0.788792,-0.957877,0.889266,-0.708561,0.208020,-0.866124,-1.061664,0.290955,-1.014221,-0.895748,-1.199641,-0.516789
Atha_HHT1_AAL34170.1	Atha_HHT1_AAL34170.1	acceptor_superclass::Fatty Acids and Conjugates;acceptor_superclass::Fatty acyls	acceptor_superclass::Fatty Acids and Conjugates;acceptor_superclass::Fatty acyls	0,0,0,1,1,0,0,0,0,0,0,0,0,0,0,0,0,0,0,0,0,0,0	0,0,0,1,1,0,0,0,0,0,0,0,0,0,0,0,0,0,0,0,0,0,0	-0.983735,-0.895964,-0.941514,0.914136,0.934394,-0.741476,-0.910989,-1.152404,-0.911200,-1.114860,-1.046984,-1.180896,-0.900389,-0.926664,-0.586578,-0.826769,-0.997568,-0.806510,-1.072200,-1.017177,-1.117479,-0.925684,-1.041043
Atha_FACT_AAN13119.1	Atha_HHT3_NP_201161.1	acceptor_superclass::Fatty acyls	acceptor_superclass::Fatty Acids and Conjugates;acceptor_superclass::Fatty acyls	0,0,0,0,1,0,0,0,0,0,0,0,0,0,0,0,0,0,0,0,0,0,0	0,0,0,1,1,0,0,0,0,0,0,0,0,0,0,0,0,0,0,0,0,0,0	-0.882532,-0.831797,-0.992498,0.185923,0.993771,-1.147163,-1.270330,-0.912190,-0.959699,-0.457513,-0.988355,-1.030264,-0.916081,-0.972211,-0.563199,-0.732878,-1.021667,-1.077713,-0.884015,-0.923910,-0.940228,-1.195530,-0.945622
Atha_HHT1_AAL34170.1	Atha_HHT_AAL34170.1	acceptor_superclass::Fatty Acids and Conjugates	acceptor_superclass::Fatty Acids and Conjugates;acceptor_superclass::Fatty acyls	0,0,0,1,0,0,0,0,0,0,0,0,0,0,0,0,0,0,0,0,0,0,0	0,0,0,1,1,0,0,0,0,0,0,0,0,0,0,0,0,0,0,0,0,0,0	-0.971889,-0.938172,-0.843137,0.937620,1.058132,-0.847131,-0.758334,-1.115350,-0.996371,-1.270143,-1.052788,-1.209296,-0.884221,-0.697012,-0.956320,-0.867125,-0.808085,-0.772082,-0.997950,-1.012719,-1.076169,-0.852278,-1.178522
Atha_PHT_OAO95042.1	Atha_PHT_OAO95042.1	acceptor_superclass::Ornithine alkaloids;acceptor_superclass::Pseudoalkaloids	acceptor_superclass::Ornithine alkaloids;acceptor_superclass::Pseudoalkaloids	0,0,0,0,0,0,0,0,0,0,0,1,0,0,0,0,1,0,0,0,0,0,0	0,0,0,0,0,0,0,0,0,0,0,1,0,0,0,0,1,0,0,0,0,0,0	-1.169908,-0.977003,-0.894205,-1.122775,-0.722650,-0.620358,-0.914890,-0.938851,-0.909193,-1.132144,-1.226498,0.899151,-1.169908,-0.802657,-1.121490,-0.799800,0.758439,-0.927093,-0.654836,-1.037065,-0.883763,-0.983522,-1.135115
Atha_PMAT1_AED94391.1	Atha_PMAT1_AED94391.1	acceptor_superclass::Flavonoids;acceptor_superclass::Isoflavonoids;acceptor_superclass::Steroids	acceptor_superclass::Flavonoids;acceptor_superclass::Isoflavonoids;acceptor_superclass::Monoterpenoids;acceptor_superclass::Ornithine alkaloids	0,0,0,0,0,1,1,0,0,0,0,0,0,0,0,0,0,0,0,1,0,0,0	0,0,0,0,0,1,1,0,0,1,0,1,0,0,0,0,0,0,0,0,0,0,0	-1.043599,-1.010400,-0.628420,-0.934717,-0.983238,0.530621,0.527072,-0.824695,-1.433204,0.026562,-1.085476,0.011362,-1.043599,-0.431692,-1.409329,-1.863680,-0.456752,-1.059256,-1.551914,-0.573233,-0.783731,-0.718994,-1.430043
Atha_PMAT2_BAB02518.1	Atha_PMAT2_BAB02518.1	acceptor_superclass::Coumarins;acceptor_superclass::Flavonoids;acceptor_superclass::Naphthalenes;acceptor_superclass::Phenanthrenoids;acceptor_superclass::Steroids	acceptor_superclass::Isoflavonoids;acceptor_superclass::Pseudoalkaloids;acceptor_superclass::Tyrosine alkaloids	1,0,0,0,0,1,0,0,0,0,1,0,1,0,0,0,0,0,0,1,0,0,0	0,0,0,0,0,0,1,0,0,0,0,0,0,0,0,0,1,0,0,0,0,0,1	-1.150166,-0.894620,-0.732105,-0.701857,-0.785872,-0.187665,0.051798,-0.839618,-1.390515,-0.059132,-1.177209,-0.132956,-1.097386,-1.416519,-1.116780,-0.434030,0.098210,-0.651896,-0.768032,-0.630200,-0.521982,-1.042876,0.195977
Atha_SCT_AAP81804.1	Atha_SCT_AAP81804.1	acceptor_superclass::Ornithine alkaloids	acceptor_superclass::Ornithine alkaloids;acceptor_superclass::Pseudoalkaloids	0,0,0,0,0,0,0,0,0,0,0,1,0,0,0,0,0,0,0,0,0,0,0	0,0,0,0,0,0,0,0,0,0,0,1,0,0,0,0,1,0,0,0,0,0,0	-1.201668,-1.195805,-0.125051,-1.256461,-1.139711,-1.310192,-0.859970,-1.172822,-0.943668,-1.111713,-1.036681,0.314346,-1.245217,-1.034004,-1.491219,-2.276673,0.286715,-1.152309,-1.278002,-1.206131,-0.919997,-1.262888,-1.741884
Atha_SDT_AAC23766.1	Atha_SDT_AAC23766.1	acceptor_superclass::Ornithine alkaloids;acceptor_superclass::Pseudoalkaloids	acceptor_superclass::Ornithine alkaloids;acceptor_superclass::Pseudoalkaloids	0,0,0,0,0,0,0,0,0,0,0,1,0,0,0,0,1,0,0,0,0,0,0	0,0,0,0,0,0,0,0,0,0,0,1,0,0,0,0,1,0,0,0,0,0,0	-0.927691,-1.260163,-1.517926,-1.063961,-0.864389,-0.280070,-1.153332,-0.886563,-0.821362,-1.223894,-0.705106,0.970251,-0.973433,-0.920819,-1.441773,-1.599012,0.147577,-1.023273,-0.990483,-0.974462,-1.022080,-0.633666,-0.723175
Atha_SHT_AAD12025.1	Atha_SHT_AAD12025.1	acceptor_superclass::Ornithine alkaloids	acceptor_superclass::Ornithine alkaloids	0,0,0,0,0,0,0,0,0,0,0,1,0,0,0,0,0,0,0,0,0,0,0	0,0,0,0,0,0,0,0,0,0,0,1,0,0,0,0,0,0,0,0,0,0,0	-0.998917,-0.858414,-1.183175,-0.638397,-1.061894,-0.584525,-1.097302,-0.854593,-0.993586,-0.943000,-0.777020,0.756892,-1.003661,-0.415214,-0.237239,-1.190525,-0.110888,-0.928081,-0.473788,-0.996827,-1.051455,-0.531125,-1.099221
Atha_PHT_OAO95042.1	Atha_SHT_OAO95042.1	acceptor_superclass::Ornithine alkaloids	acceptor_superclass::Ornithine alkaloids;acceptor_superclass::Pseudoalkaloids	0,0,0,0,0,0,0,0,0,0,0,1,0,0,0,0,0,0,0,0,0,0,0	0,0,0,0,0,0,0,0,0,0,0,1,0,0,0,0,1,0,0,0,0,0,0	-1.085897,-1.035804,-0.802057,-1.170243,-0.516592,-1.036055,-0.835721,-0.882059,-0.979047,-0.948339,-1.138769,0.881693,-1.043148,-0.999123,-0.908777,-0.799010,0.932437,-1.015468,-0.917766,-1.044437,-0.902613,-0.924397,-1.150111
Atha_THAA1_BAB11062.1	Atha_THAA1_BAB11062.1	acceptor_superclass::Triterpenoids	acceptor_superclass::Triterpenoids	0,0,0,0,0,0,0,0,0,0,0,0,0,0,0,0,0,0,0,0,1,0,0	0,0,0,0,0,0,0,0,0,0,0,0,0,0,0,0,0,0,0,0,1,0,0	-1.201477,-0.376753,-0.654583,-1.155718,-0.897521,-0.252216,-1.413123,-1.241076,-0.821142,-0.743456,-1.036818,-0.137825,-1.079020,-1.212222,-0.356212,-0.319939,-1.248366,-0.864913,-0.399937,-0.017124,0.074637,-0.666715,-0.945209
Atha_THAA2_AAO63428.1	Atha_THAA2_AAO63428.1	acceptor_superclass::Triterpenoids	acceptor_superclass::Triterpenoids	0,0,0,0,0,0,0,0,0,0,0,0,0,0,0,0,0,0,0,0,1,0,0	0,0,0,0,0,0,0,0,0,0,0,0,0,0,0,0,0,0,0,0,1,0,0	-0.980583,-0.893899,-0.842897,-0.970557,-0.975003,-1.220772,-1.372801,-0.902776,-1.168456,-0.214627,-0.863205,-1.283218,-0.926495,-0.866741,-0.609930,-0.635629,-1.393085,-0.781659,-0.744942,-0.329002,0.065954,-0.126494,-0.872021
Bdis_PMT_CDG41682.1	Bdis_PMT_CDG41682.1	acceptor_superclass::Phenylpropanoids (C6-C3)	acceptor_superclass::Phenylpropanoids (C6-C3)	0,0,0,0,0,0,0,0,0,0,0,0,0,0,0,1,0,0,0,0,0,0,0	0,0,0,0,0,0,0,0,0,0,0,0,0,0,0,1,0,0,0,0,0,0,0	-0.861610,-0.949151,-1.232035,-1.361336,-0.508002,-0.973186,-1.363379,-1.116641,-1.016546,-0.330111,-0.886226,-0.866260,-0.625153,-0.914187,-0.002303,0.784239,-1.181005,-1.361022,-1.287628,-0.892094,-1.223203,-1.540309,-1.391744
Bmul_HQT1_BCY27076.1	Bmul_HQT1_BCY27076.1	acceptor_superclass::Phenolic acids (C6-C1);acceptor_superclass::Phenylpropanoids (C6-C3)		0,0,0,0,0,0,0,0,0,0,0,0,0,1,0,1,0,0,0,0,0,0,0	0,0,0,0,0,0,0,0,0,0,0,0,0,0,0,0,0,0,0,0,0,0,0	-0.875799,-1.210455,-0.931097,-0.283507,-0.953333,-1.090807,-1.181383,-0.481837,-1.481011,-1.096922,-0.965251,-0.799617,-0.875799,-0.152992,-1.679173,-0.589500,-1.578734,-1.127286,-1.683377,-0.739913,-2.509792,-0.096033,-0.947645
Bmul_HQT1_BDR61289.1	Bmul_HQT1_BDR61289.1	acceptor_superclass::Phenolic acids (C6-C1)	acceptor_superclass::Phenolic acids (C6-C1);acceptor_superclass::Small peptides	0,0,0,0,0,0,0,0,0,0,0,0,0,1,0,0,0,0,0,0,0,0,0	0,0,0,0,0,0,0,0,0,0,0,0,0,1,0,0,0,0,1,0,0,0,0	-1.009488,-0.907107,-1.007323,-1.402956,-0.712475,-0.544850,-1.024624,-1.146346,-0.895378,-1.000348,-1.041986,-1.077659,-1.075384,1.194254,-0.884151,-0.546408,-1.006985,-1.031107,0.205538,-0.894625,-0.716341,-0.959355,-0.179431
Bser_AT1_QXN66176.1	Bser_AT1_QXN66176.1	acceptor_superclass::Triterpenoids	acceptor_superclass::Phenylpropanoids (C6-C3)	0,0,0,0,0,0,0,0,0,0,0,0,0,0,0,0,0,0,0,0,1,0,0	0,0,0,0,0,0,0,0,0,0,0,0,0,0,0,1,0,0,0,0,0,0,0	-0.978541,-1.276217,-0.996377,-1.143983,-0.850600,-1.689840,-1.099646,-1.191713,-1.205002,-0.788959,-1.144451,-0.037550,-0.779136,-1.344333,-0.792488,0.035646,-0.980900,-0.944554,-1.166001,-0.645692,-0.522012,-0.393398,-0.722011
Cang_AT20_QLI57449.1	Cang_AT20_QLI57449.1	acceptor_superclass::Monoterpenoids	acceptor_superclass::Fatty acyls;acceptor_superclass::Phenylethanoids (C6-C2);acceptor_superclass::Phenylpropanoids (C6-C3)	0,0,0,0,0,0,0,0,0,1,0,0,0,0,0,0,0,0,0,0,0,0,0	0,0,0,0,1,0,0,0,0,0,0,0,0,0,1,1,0,0,0,0,0,0,0	-0.912767,-1.205029,-0.625342,-1.103377,0.040276,-1.089347,-0.875891,-0.694007,-0.770039,-0.301148,-0.925920,-1.032870,-0.858314,-0.774658,0.374493,0.226453,-0.805394,-0.838294,-1.289235,-1.042861,-1.332552,-1.452250,-2.128633
Cann_AT3_NP_001311698.1	Cann_AT3_NP_001311698.1	acceptor_superclass::Tyrosine alkaloids	acceptor_superclass::Tyrosine alkaloids	0,0,0,0,0,0,0,0,0,0,0,0,0,0,0,0,0,0,0,0,0,0,1	0,0,0,0,0,0,0,0,0,0,0,0,0,0,0,0,0,0,0,0,0,0,1	-1.252810,-1.094304,-1.037896,-0.747876,-1.136140,-1.343663,-0.969509,-0.660941,-1.053455,-2.168057,-0.761065,-1.001912,-1.252810,-0.933171,-0.885166,-0.693190,-1.356855,-0.809950,-1.448699,-1.120141,-0.815774,-0.621161,0.772503
Cblu_HCT_CBI83579.1	Cblu_HCT_CBI83579.1	acceptor_superclass::Phenolic acids (C6-C1);acceptor_superclass::Tyrosine alkaloids	acceptor_superclass::Phenolic acids (C6-C1);acceptor_superclass::Small peptides	0,0,0,0,0,0,0,0,0,0,0,0,0,1,0,0,0,0,0,0,0,0,1	0,0,0,0,0,0,0,0,0,0,0,0,0,1,0,0,0,0,1,0,0,0,0	-0.943037,-1.041201,-0.904842,-0.838565,-0.889252,-0.650356,-0.977892,-0.987826,-1.054330,-0.586610,-0.907335,-0.956508,-0.989694,1.019715,-1.184569,-0.365446,-1.236151,-0.939446,0.628721,-0.934045,-0.675131,-0.772746,-0.389284
Cblu_HCT_CBI83579.1	Cblu_HST_CBI83579.1	acceptor_superclass::Phenolic acids (C6-C1);acceptor_superclass::Small peptides	acceptor_superclass::Flavonoids;acceptor_superclass::Phenolic acids (C6-C1);acceptor_superclass::Tyrosine alkaloids	0,0,0,0,0,0,0,0,0,0,0,0,0,1,0,0,0,0,1,0,0,0,0	0,0,0,0,0,1,0,0,0,0,0,0,0,1,0,0,0,0,0,0,0,0,1	-0.964247,-1.039537,-1.028101,-1.013206,-1.011405,0.342139,-0.925395,-0.908499,-1.046945,-0.418086,-0.914573,-0.917000,-0.964247,0.883635,-1.022593,-0.095811,-1.193978,-1.026329,-0.246015,-0.998034,-0.772562,-0.729029,0.832754
Cblu_RAS_CAK55166.1	Cblu_RAS_CAK55166.1	acceptor_superclass::Small peptides;acceptor_superclass::Tyrosine alkaloids		0,0,0,0,0,0,0,0,0,0,0,0,0,0,0,0,0,0,1,0,0,0,1	0,0,0,0,0,0,0,0,0,0,0,0,0,0,0,0,0,0,0,0,0,0,0	-0.940593,-0.865738,-1.153371,-0.582815,-0.869992,-0.797667,-1.055494,-0.590609,-0.879403,-0.495471,-0.910558,-1.059618,-0.913097,-0.001321,-0.951853,-0.906549,-1.013818,-1.045100,-0.171013,-0.929825,-0.951723,-0.436630,-0.379727
Cbra_HQT-like_GBG71902.1	Cbra_HQT-like_GBG71902.1	acceptor_superclass::Phenolic acids (C6-C1)	acceptor_superclass::Isoflavonoids;acceptor_superclass::Ornithine alkaloids;acceptor_superclass::Phenolic acids (C6-C1);acceptor_superclass::Phenylpropanoids (C6-C3);acceptor_superclass::Pseudoalkaloids	0,0,0,0,0,0,0,0,0,0,0,0,0,1,0,0,0,0,0,0,0,0,0	0,0,0,0,0,0,1,0,0,0,0,1,0,1,0,1,1,0,0,0,0,0,0	-1.782129,-1.067434,-1.395360,-2.855932,-3.865638,-1.160965,0.280676,-0.813710,-1.000677,-0.663174,-2.072187,0.966933,-0.900842,0.896516,-1.199799,0.420318,2.167654,-1.212718,-0.825727,-2.742722,-0.930050,-1.125271,-1.508717
Cbre_BEAT_AAC18062.1	Cbre_BEAT_AAC18062.1	acceptor_superclass::Phenanthrenoids;acceptor_superclass::Phenylethanoids (C6-C2);acceptor_superclass::Phenylpropanoids (C6-C3)		0,0,0,0,0,0,0,0,0,0,0,0,1,0,1,1,0,0,0,0,0,0,0	0,0,0,0,0,0,0,0,0,0,0,0,0,0,0,0,0,0,0,0,0,0,0	-0.997490,-1.260959,-0.661959,-0.177888,-0.633414,-0.622346,-0.448701,-1.364717,-1.315991,-1.839209,-1.191583,-0.645285,-0.997490,-0.598704,-2.148508,-1.702376,-0.429618,-1.389965,-0.322977,-0.931276,-0.260005,-0.789834,-1.103861
Cbre_BEBT_AAN09796.1	Cbre_BEBT_AAN09796.1	acceptor_superclass::Phenylpropanoids (C6-C3)	acceptor_superclass::Fatty acyls;acceptor_superclass::Monoterpenoids;acceptor_superclass::Phenylpropanoids (C6-C3)	0,0,0,0,0,0,0,0,0,0,0,0,0,0,0,1,0,0,0,0,0,0,0	0,0,0,0,1,0,0,0,0,1,0,0,0,0,0,1,0,0,0,0,0,0,0	-1.158015,-0.945617,-0.758583,-1.323697,0.161057,-0.773226,-0.688802,-0.495104,-0.945029,0.388764,-0.969998,-1.052590,-1.110520,-0.739257,-0.360897,1.293797,-0.878539,-0.853330,-0.940869,-1.091572,-0.943095,-0.319147,-0.985204
Ccan_HCT_ABO47805.1	Ccan_HCT_ABO47805.1	acceptor_superclass::Phenolic acids (C6-C1);acceptor_superclass::Phenylpropanoids (C6-C3)	acceptor_superclass::Flavonoids;acceptor_superclass::Monoterpenoids;acceptor_superclass::Phenolic acids (C6-C1);acceptor_superclass::Small peptides;acceptor_superclass::Tyrosine alkaloids	0,0,0,0,0,0,0,0,0,0,0,0,0,1,0,1,0,0,0,0,0,0,0	0,0,0,0,0,1,0,0,0,1,0,0,0,1,0,0,0,0,1,0,0,0,1	-1.057336,-1.010351,-0.904274,-0.956055,-0.762761,0.054004,-0.953544,-1.012974,-1.128805,0.090989,-1.119006,-0.716426,-0.987739,1.004351,-1.023415,-0.196010,-0.858925,-1.022672,0.579548,-0.956316,-0.161719,-0.923289,0.155858
Ccan_HQT_ABO77957.1	Ccan_HQT_ABO77957.1	acceptor_superclass::Phenolic acids (C6-C1);acceptor_superclass::Phenylpropanoids (C6-C3)	acceptor_superclass::Phenolic acids (C6-C1)	0,0,0,0,0,0,0,0,0,0,0,0,0,1,0,1,0,0,0,0,0,0,0	0,0,0,0,0,0,0,0,0,0,0,0,0,1,0,0,0,0,0,0,0,0,0	-0.995818,-0.983452,-1.156470,-0.868708,-0.970015,-0.720454,-0.689541,-1.251791,-0.897315,-1.038012,-0.948084,-0.872234,-0.929282,1.054315,-1.154715,-0.419649,-0.806971,-0.566119,-0.377030,-1.058746,-0.552163,-0.958351,-1.146943
Ccar_HCT_AAZ80046.1	Ccar_HCT_AAZ80046.1	acceptor_superclass::Phenolic acids (C6-C1)	acceptor_superclass::Flavonoids;acceptor_superclass::Phenolic acids (C6-C1);acceptor_superclass::Small peptides	0,0,0,0,0,0,0,0,0,0,0,0,0,1,0,0,0,0,0,0,0,0,0	0,0,0,0,0,1,0,0,0,0,0,0,0,1,0,0,0,0,1,0,0,0,0	-1.035290,-1.024131,-1.194325,-1.006960,-1.135632,0.010465,-1.066918,-1.006956,-0.721803,-0.390627,-1.061347,-0.852539,-1.054839,0.929831,-0.735032,-0.131003,-0.924894,-1.001030,0.179463,-1.186287,-0.084169,-0.963503,-0.095402
Ccar_HQT1_CAM84302.2	Ccar_HQT1_CAM84302.2	acceptor_superclass::Phenolic acids (C6-C1)	acceptor_superclass::Phenolic acids (C6-C1)	0,0,0,0,0,0,0,0,0,0,0,0,0,1,0,0,0,0,0,0,0,0,0	0,0,0,0,0,0,0,0,0,0,0,0,0,1,0,0,0,0,0,0,0,0,0	-1.085867,-0.951183,-0.874768,-1.050676,-1.014016,-0.833461,-1.036571,-0.714646,-0.873223,-0.381574,-0.977483,-1.163892,-1.126543,0.805559,-0.985796,-0.700092,-0.902987,-1.130481,-1.051980,-1.049626,-0.675173,-1.120036,-0.805259
Ccar_HQT2_ACJ23164.1	Ccar_HQT2_ACJ23164.1	acceptor_superclass::Phenolic acids (C6-C1)	acceptor_superclass::Phenolic acids (C6-C1)	0,0,0,0,0,0,0,0,0,0,0,0,0,1,0,0,0,0,0,0,0,0,0	0,0,0,0,0,0,0,0,0,0,0,0,0,1,0,0,0,0,0,0,0,0,0	-1.024535,-0.924940,-0.972247,-0.628928,-0.821190,-0.616949,-0.924199,-0.963542,-1.052552,-1.460836,-1.060776,-0.965201,-1.044968,0.874979,-1.176537,-0.829243,-0.877054,-0.928072,-0.642572,-0.899530,-1.132133,-0.982511,-1.036596
Ccar_HQT_ABK79689.1	Ccar_HQT_ABK79689.1	acceptor_superclass::Phenolic acids (C6-C1)	acceptor_superclass::Phenolic acids (C6-C1)	0,0,0,0,0,0,0,0,0,0,0,0,0,1,0,0,0,0,0,0,0,0,0	0,0,0,0,0,0,0,0,0,0,0,0,0,1,0,0,0,0,0,0,0,0,0	-0.948357,-1.143935,-0.837445,-1.168487,-1.129861,-1.073244,-1.107872,-0.751732,-1.166818,-0.699936,-0.892744,-1.074681,-0.984384,1.106014,-1.148350,-0.477563,-0.873392,-1.165809,-0.679176,-0.858027,-0.660275,-1.346972,-1.556059
Ccar_HQT_ABK79690.1	Ccar_HQT_ABK79690.1	acceptor_superclass::Phenolic acids (C6-C1)	acceptor_superclass::Phenolic acids (C6-C1)	0,0,0,0,0,0,0,0,0,0,0,0,0,1,0,0,0,0,0,0,0,0,0	0,0,0,0,0,0,0,0,0,0,0,0,0,1,0,0,0,0,0,0,0,0,0	-1.010668,-0.997012,-0.740550,-1.455021,-1.045180,-0.774954,-0.948339,-0.810170,-1.046182,-0.501062,-1.003607,-1.191425,-1.017142,1.151171,-0.701506,-0.479651,-0.995121,-1.125585,-0.672329,-0.992770,-0.790245,-1.010155,-1.111212
Cchi_AT3_AAV66309.1	Cchi_AT3_AAV66309.1	acceptor_superclass::Tyrosine alkaloids	acceptor_superclass::Tyrosine alkaloids	0,0,0,0,0,0,0,0,0,0,0,0,0,0,0,0,0,0,0,0,0,0,1	0,0,0,0,0,0,0,0,0,0,0,0,0,0,0,0,0,0,0,0,0,0,1	-1.014436,-1.055354,-1.340191,-0.732571,-0.778831,-0.625507,-0.978527,-0.803651,-0.968630,-1.739106,-0.559068,-1.176378,-1.037386,-0.705655,-0.695096,-0.829327,-1.107635,-0.670344,-1.073281,-0.902201,-0.847257,-0.636747,0.676052
Ccro_AT1_AXB26761.1	Ccro_AT1_AXB26761.1	acceptor_superclass::Flavonoids	acceptor_superclass::Flavonoids	0,0,0,0,0,1,0,0,0,0,0,0,0,0,0,0,0,0,0,0,0,0,0	0,0,0,0,0,1,0,0,0,0,0,0,0,0,0,0,0,0,0,0,0,0,0	-1.027611,-1.089742,-0.942129,-0.847076,-1.269526,1.044885,-1.014643,-1.038035,-0.663854,-0.839035,-1.005669,-0.888523,-1.111459,-0.987353,-1.445988,-1.212132,-1.007104,-0.992684,-1.153568,-1.007414,-0.861051,-0.997131,-1.018594
Ccro_AT1_AXB26761.1	Ccro_AT2_AXB26761.1	acceptor_superclass::Flavonoids	acceptor_superclass::Flavonoids	0,0,0,0,0,1,0,0,0,0,0,0,0,0,0,0,0,0,0,0,0,0,0	0,0,0,0,0,1,0,0,0,0,0,0,0,0,0,0,0,0,0,0,0,0,0	-1.039045,-1.055893,-0.949762,-0.928502,-1.144641,0.989632,-1.026959,-0.987442,-0.677730,-0.862652,-1.030949,-0.880702,-1.039045,-1.038250,-1.184349,-1.284335,-0.852393,-0.877349,-1.085997,-1.027777,-1.005240,-1.059547,-1.041309
Ccro_AT2_AXB26762.1	Ccro_AT2_AXB26762.1	acceptor_superclass::Flavonoids	acceptor_superclass::Flavonoids	0,0,0,0,0,1,0,0,0,0,0,0,0,0,0,0,0,0,0,0,0,0,0	0,0,0,0,0,1,0,0,0,0,0,0,0,0,0,0,0,0,0,0,0,0,0	-0.975318,-1.032425,-0.526253,-0.995986,-1.051477,1.123757,-1.184996,-0.590610,-0.996333,-1.228792,-0.955329,-0.980899,-0.888012,-0.691568,-1.244998,-1.388302,-0.832850,-1.334821,-0.730559,-1.128439,-1.388335,-1.170537,-1.044565
Ccro_HCT_WKA69991.1	Ccro_HCT_WKA69991.1	acceptor_superclass::Phenolic acids (C6-C1)	acceptor_superclass::Phenolic acids (C6-C1);acceptor_superclass::Small peptides	0,0,0,0,0,0,0,0,0,0,0,0,0,1,0,0,0,0,0,0,0,0,0	0,0,0,0,0,0,0,0,0,0,0,0,0,1,0,0,0,0,1,0,0,0,0	-1.287190,-0.967573,-1.191150,-1.081910,-1.109823,-0.298733,-0.947453,-0.827812,-0.956585,-0.606803,-1.553486,-0.543964,-1.298082,0.500233,-0.722432,-0.676051,-0.603022,-0.843940,0.418962,-1.073506,-0.541887,-0.837348,-0.119994
Cint_HCT1_ANN12608.1	Cint_HCT1_ANN12608.1	acceptor_superclass::Phenolic acids (C6-C1)	acceptor_superclass::Flavonoids;acceptor_superclass::Phenolic acids (C6-C1);acceptor_superclass::Triterpenoids;acceptor_superclass::Tyrosine alkaloids	0,0,0,0,0,0,0,0,0,0,0,0,0,1,0,0,0,0,0,0,0,0,0	0,0,0,0,0,1,0,0,0,0,0,0,0,1,0,0,0,0,0,0,1,0,1	-1.082991,-1.045850,-1.004010,-0.875614,-1.021404,0.253929,-1.005284,-1.074404,-0.906396,-0.301396,-1.073734,-0.923984,-1.042296,0.780509,-0.962115,-0.285493,-1.048604,-1.007993,-0.459883,-1.061506,0.038964,-0.808690,0.439567
Cint_HCT2_ANN12609.1	Cint_HCT2_ANN12609.1	acceptor_superclass::Phenolic acids (C6-C1)	acceptor_superclass::Phenolic acids (C6-C1)	0,0,0,0,0,0,0,0,0,0,0,0,0,1,0,0,0,0,0,0,0,0,0	0,0,0,0,0,0,0,0,0,0,0,0,0,1,0,0,0,0,0,0,0,0,0	-0.996030,-0.971869,-0.794944,-0.819440,-1.076612,-0.029344,-1.219767,-0.996779,-0.889190,-0.669044,-0.987123,-0.987918,-0.979917,0.969015,-1.030733,-0.475361,-0.860793,-1.067221,-0.277627,-1.026551,-0.027349,-1.100457,-0.257728
Cint_HQT1_ANN12610.1	Cint_HQT1_ANN12610.1	acceptor_superclass::Phenolic acids (C6-C1)	acceptor_superclass::Phenolic acids (C6-C1)	0,0,0,0,0,0,0,0,0,0,0,0,0,1,0,0,0,0,0,0,0,0,0	0,0,0,0,0,0,0,0,0,0,0,0,0,1,0,0,0,0,0,0,0,0,0	-0.933877,-0.839440,-1.011531,-0.996824,-0.458409,-1.024356,-1.025821,0.000000,-1.038217,-0.430953,-0.862840,-1.151962,-1.014931,1.063870,-1.250313,-0.424996,-1.009202,-1.290814,-1.142902,-0.992575,-0.946793,-1.236727,-0.869069
Cint_HQT2_ANN12611.1	Cint_HQT2_ANN12611.1	acceptor_superclass::Phenolic acids (C6-C1)	acceptor_superclass::Phenolic acids (C6-C1)	0,0,0,0,0,0,0,0,0,0,0,0,0,1,0,0,0,0,0,0,0,0,0	0,0,0,0,0,0,0,0,0,0,0,0,0,1,0,0,0,0,0,0,0,0,0	-0.954265,-0.973782,-1.068969,-0.491010,-0.811493,-1.231410,-0.754099,-1.071560,-1.118333,-1.406792,-0.985382,-1.036232,-0.954265,0.651171,-1.050711,-0.518273,-1.043028,-0.980150,-1.038424,-1.115839,-1.131980,-0.822950,-0.874497
Cint_HQT3_ANN12612.1	Cint_HQT3_ANN12612.1	acceptor_superclass::Phenolic acids (C6-C1)	acceptor_superclass::Phenolic acids (C6-C1)	0,0,0,0,0,0,0,0,0,0,0,0,0,1,0,0,0,0,0,0,0,0,0	0,0,0,0,0,0,0,0,0,0,0,0,0,1,0,0,0,0,0,0,0,0,0	-1.060585,-0.957540,-1.067548,-0.712550,-1.196515,-0.751854,-1.163553,-0.736168,-1.002348,-0.395849,-0.840614,-1.319651,-0.999048,0.919206,-1.124358,-0.125823,-1.021592,-1.098920,-1.591146,-1.087760,-0.616794,-1.183868,-0.680031
Cint_SHT1_AXY93625.1	Cint_SHT1_AXY93625.1	acceptor_superclass::Ornithine alkaloids;acceptor_superclass::Phenolic acids (C6-C1);acceptor_superclass::Pseudoalkaloids	acceptor_superclass::Ornithine alkaloids	0,0,0,0,0,0,0,0,0,0,0,1,0,1,0,0,1,0,0,0,0,0,0	0,0,0,0,0,0,0,0,0,0,0,1,0,0,0,0,0,0,0,0,0,0,0	-1.091024,-0.575580,-0.998840,-1.311849,-0.888057,-1.246212,-1.001361,-1.300697,-1.147625,-1.634134,-1.165252,0.630012,-1.053526,-0.217825,-0.624564,-1.076133,-0.402953,-0.994697,-0.824474,-1.016988,-1.253406,-1.167188,-1.191273
Cint_SHT2_AXY93626.1	Cint_SHT2_AXY93626.1	acceptor_superclass::Ornithine alkaloids;acceptor_superclass::Phenolic acids (C6-C1);acceptor_superclass::Pseudoalkaloids	acceptor_superclass::Ornithine alkaloids;acceptor_superclass::Pseudoalkaloids	0,0,0,0,0,0,0,0,0,0,0,1,0,1,0,0,1,0,0,0,0,0,0	0,0,0,0,0,0,0,0,0,0,0,1,0,0,0,0,1,0,0,0,0,0,0	-0.952111,-0.962206,-1.008822,-0.908234,-1.353681,-0.956385,-0.775094,-1.073163,-1.117483,-1.112299,-1.003364,0.666731,-0.607426,-0.159287,-0.638634,-1.006914,0.316324,-1.029799,-0.771434,-0.924954,-1.082150,-0.562405,-0.624980
Cmel_AAT1_CAA94432.1	Cmel_AAT1_CAA94432.1	acceptor_superclass::Fatty acyls;acceptor_superclass::Phenylethanoids (C6-C2);acceptor_superclass::Phenylpropanoids (C6-C3)	acceptor_superclass::Fatty acyls	0,0,0,0,1,0,0,0,0,0,0,0,0,0,1,1,0,0,0,0,0,0,0	0,0,0,0,1,0,0,0,0,0,0,0,0,0,0,0,0,0,0,0,0,0,0	-1.331127,-0.757831,-0.065042,-0.625658,0.571464,-1.178168,-1.056876,0.000000,-0.448337,-0.506711,-1.536442,-1.069626,-1.347005,-0.597911,-0.656847,-0.922214,-1.486037,-1.309120,-1.131654,-1.306060,-0.391375,-1.249867,-0.981548
Cmel_AAT3_AAW51125.1	Cmel_AAT3_AAW51125.1	acceptor_superclass::Fatty acyls	acceptor_superclass::Fatty acyls;acceptor_superclass::Monoterpenoids;acceptor_superclass::Phenylethanoids (C6-C2);acceptor_superclass::Phenylpropanoids (C6-C3)	0,0,0,0,1,0,0,0,0,0,0,0,0,0,0,0,0,0,0,0,0,0,0	0,0,0,0,1,0,0,0,0,1,0,0,0,0,1,1,0,0,0,0,0,0,0	-0.930378,-0.963935,-0.794756,-1.207168,0.446779,-1.119736,-1.096298,-1.129019,-0.803752,0.344574,-0.858009,-1.141046,-1.023864,-0.700612,0.098116,0.762533,-1.220122,-1.057097,-0.761829,-0.876917,-0.683990,-1.004190,-0.835470
Cmel_AAT4_AAW51126.1	Cmel_AAT4_AAW51126.1	acceptor_superclass::Fatty acyls;acceptor_superclass::Monoterpenoids;acceptor_superclass::Phenylpropanoids (C6-C3)		0,0,0,0,1,0,0,0,0,1,0,0,0,0,0,1,0,0,0,0,0,0,0	0,0,0,0,0,0,0,0,0,0,0,0,0,0,0,0,0,0,0,0,0,0,0	-0.525635,-0.656410,-0.217299,-1.070324,-0.249091,-0.814311,-1.225941,-1.198485,-1.290408,-1.011737,-0.817883,-0.631840,-0.525635,-0.725214,-1.126228,-1.065848,-1.113903,-1.066825,-1.193248,-0.306433,-0.449229,-0.984080,-1.299623
Cros_DAT_AAC99311.1	Cros_DAT_AAC99311.1	acceptor_superclass::Tryptophan alkaloids	acceptor_superclass::Tryptophan alkaloids;acceptor_superclass::Tyrosine alkaloids	0,0,0,0,0,0,0,0,0,0,0,0,0,0,0,0,0,0,0,0,0,1,0	0,0,0,0,0,0,0,0,0,0,0,0,0,0,0,0,0,0,0,0,0,1,1	-1.198637,-0.815440,-0.979560,-1.082353,-0.217711,-0.216128,-0.526363,-0.557298,-0.641261,-0.732833,-0.900120,-1.153207,-1.448931,-1.565022,-0.996102,-0.628282,-0.833356,-0.703995,-0.751940,-0.974291,-0.458143,0.225305,0.334154
Cros_MAT_AAO13736.1	Cros_MAT_AAO13736.1	acceptor_superclass::Tryptophan alkaloids	acceptor_superclass::Tryptophan alkaloids	0,0,0,0,0,0,0,0,0,0,0,0,0,0,0,0,0,0,0,0,0,1,0	0,0,0,0,0,0,0,0,0,0,0,0,0,0,0,0,0,0,0,0,0,1,0	-0.896295,-0.958114,-0.459671,-1.156754,-0.884745,-1.145432,-0.294980,-0.834769,-0.850727,-0.726326,-0.672597,-1.486379,-0.870275,-0.535856,-0.679781,-1.392992,-1.348338,-0.887672,-1.784456,-0.405671,-0.159777,0.564702,-1.100604
Cros_TAT_AQP25667.1	Cros_TAT_AQP25667.1	acceptor_superclass::Tryptophan alkaloids	acceptor_superclass::Tryptophan alkaloids	0,0,0,0,0,0,0,0,0,0,0,0,0,0,0,0,0,0,0,0,0,1,0	0,0,0,0,0,0,0,0,0,0,0,0,0,0,0,0,0,0,0,0,0,1,0	-0.885797,-1.010550,-0.089618,-0.528191,-0.451903,-1.562920,-1.098904,0.000000,-0.847958,-1.491144,-0.829962,-0.464886,-0.686413,-1.161819,-0.908642,-0.385030,-0.922071,-0.603202,-0.988980,-1.198311,-0.879334,0.318982,-1.016650
Csat_HCT_AEJ88365.1	Csat_HCT_AEJ88365.1	acceptor_superclass::Phenolic acids (C6-C1)	acceptor_superclass::Phenolic acids (C6-C1);acceptor_superclass::Small peptides	0,0,0,0,0,0,0,0,0,0,0,0,0,1,0,0,0,0,0,0,0,0,0	0,0,0,0,0,0,0,0,0,0,0,0,0,1,0,0,0,0,1,0,0,0,0	-0.951193,-1.012538,-1.179445,-0.992305,-0.719971,-0.240288,-1.100784,-1.145275,-1.046022,-0.450365,-1.010559,-0.852933,-0.897885,0.668200,-0.921868,-0.636992,-0.943566,-0.978985,0.760721,-0.975457,-1.060782,-1.004052,-0.008614
Csco_HQT1_CAM84302.2	Csco_HQT1_CAM84302.2	acceptor_superclass::Phenolic acids (C6-C1)	acceptor_superclass::Phenolic acids (C6-C1)	0,0,0,0,0,0,0,0,0,0,0,0,0,1,0,0,0,0,0,0,0,0,0	0,0,0,0,0,0,0,0,0,0,0,0,0,1,0,0,0,0,0,0,0,0,0	-1.028899,-0.963980,-0.942747,-1.043334,-0.930566,-0.603035,-1.137130,-0.782244,-0.861958,-0.427782,-1.003506,-1.050783,-1.090856,0.854583,-0.785065,-0.723558,-0.899712,-1.073773,-1.047989,-1.016773,-0.697815,-1.105783,-1.108919
Csco_HQT2_ACJ23164.1	Csco_HQT2_ACJ23164.1	acceptor_superclass::Phenolic acids (C6-C1)	acceptor_superclass::Phenolic acids (C6-C1)	0,0,0,0,0,0,0,0,0,0,0,0,0,1,0,0,0,0,0,0,0,0,0	0,0,0,0,0,0,0,0,0,0,0,0,0,1,0,0,0,0,0,0,0,0,0	-1.100839,-0.903531,-1.119640,-0.602698,-0.822544,-1.131145,-0.885552,-1.030793,-1.120883,-1.208212,-1.132783,-0.931506,-1.100839,1.014003,-1.404591,-0.895852,-0.692941,-0.911634,-0.793268,-1.104541,-1.205654,-0.939494,-1.246360
Csin_AT1_THG04858.1	Csin_AT1_THG04858.1	acceptor_superclass::Flavonoids	acceptor_superclass::Fatty acyls;acceptor_superclass::Phenylpropanoids (C6-C3)	0,0,0,0,0,1,0,0,0,0,0,0,0,0,0,0,0,0,0,0,0,0,0	0,0,0,0,1,0,0,0,0,0,0,0,0,0,0,1,0,0,0,0,0,0,0	-1.244082,-1.063671,-0.588858,-0.241720,1.159602,-0.747783,-0.776881,-0.831937,-0.695590,-0.326389,-1.086304,-1.666694,-1.275377,-0.783770,-0.099863,1.147267,-1.262410,-0.776045,-1.545935,-0.977880,-1.322006,-1.427246,-1.296631
Csin_AT2_THG19836.1	Csin_AT2_THG19836.1	acceptor_superclass::Flavonoids	acceptor_superclass::Fatty acyls;acceptor_superclass::Phenylethanoids (C6-C2);acceptor_superclass::Phenylpropanoids (C6-C3)	0,0,0,0,0,1,0,0,0,0,0,0,0,0,0,0,0,0,0,0,0,0,0	0,0,0,0,1,0,0,0,0,0,0,0,0,0,1,1,0,0,0,0,0,0,0	-1.075296,-0.877593,-0.964163,-0.286597,1.109995,-0.990879,-1.208229,-1.043173,-0.611149,-0.416157,-1.139871,-1.273707,-1.075296,-1.337119,0.604945,0.045751,-1.011102,-0.748077,-1.258744,-1.354947,-1.232262,-1.354652,-0.693512
Csin_CHAT1_GMQ03793.1	Csin_CHAT1_GMQ03793.1	acceptor_superclass::Fatty acyls	acceptor_superclass::Fatty acyls;acceptor_superclass::Pseudoalkaloids	0,0,0,0,1,0,0,0,0,0,0,0,0,0,0,0,0,0,0,0,0,0,0	0,0,0,0,1,0,0,0,0,0,0,0,0,0,0,0,1,0,0,0,0,0,0	-0.911936,-0.867526,-1.427646,-0.631138,0.170418,-0.480185,-0.985574,-1.222134,-0.673425,-0.273327,-0.957295,-0.295527,-0.843929,-1.378356,-0.130515,-0.233675,0.273843,-0.974480,-1.096963,-0.952354,-0.874004,-0.820648,-0.638862
Csin_HCT1_XP_028081726.1	Csin_HCT1_XP_028081726.1	acceptor_superclass::Phenolic acids (C6-C1)	acceptor_superclass::Flavonoids;acceptor_superclass::Phenolic acids (C6-C1);acceptor_superclass::Small peptides	0,0,0,0,0,0,0,0,0,0,0,0,0,1,0,0,0,0,0,0,0,0,0	0,0,0,0,0,1,0,0,0,0,0,0,0,1,0,0,0,0,1,0,0,0,0	-1.048248,-1.009434,-1.140703,-1.011059,-0.847881,0.255968,-1.182085,-1.458299,-0.812934,-1.201152,-0.988915,-0.937868,-1.031394,1.207549,-0.934478,-0.778767,-0.643391,-1.035667,0.732312,-1.034362,-0.573802,-0.626604,-0.185949
Csin_HCT2_THG02040.1	Csin_HCT2_THG02040.1	acceptor_superclass::Flavonoids;acceptor_superclass::Phenolic acids (C6-C1)	acceptor_superclass::Phenolic acids (C6-C1)	0,0,0,0,0,1,0,0,0,0,0,0,0,1,0,0,0,0,0,0,0,0,0	0,0,0,0,0,0,0,0,0,0,0,0,0,1,0,0,0,0,0,0,0,0,0	-0.973682,-0.954808,-1.166318,-1.005405,-1.262701,-0.823305,-0.986618,-1.266643,-1.038422,-1.010361,-1.082459,-1.237723,-0.973682,1.247130,-1.016075,-0.694287,-1.014332,-1.070231,-0.199853,-0.961992,-0.981157,-0.812064,-0.891754
Dcar_HCBT3_CAB06429.1	Dcar_HCBT1_CAB06427.1	acceptor_superclass::Phenolic acids (C6-C1);acceptor_superclass::Small peptides	acceptor_superclass::Phenylpropanoids (C6-C3);acceptor_superclass::Small peptides	0,0,0,0,0,0,0,0,0,0,0,0,0,1,0,0,0,0,1,0,0,0,0	0,0,0,0,0,0,0,0,0,0,0,0,0,0,0,1,0,0,1,0,0,0,0	-1.078068,-0.953154,-1.016784,-1.022963,-0.707185,-1.285776,-0.939349,0.000000,-1.148951,-1.119637,-1.061884,-0.682120,-1.019590,-0.811300,-0.838061,0.164518,-1.020792,-1.007076,0.983304,-0.957678,-1.077241,-1.180898,-0.975956
Dcar_HCBT2_CAB06430.1	Dcar_HCBT2_CAB06430.1	acceptor_superclass::Small peptides	acceptor_superclass::Phenolic acids (C6-C1);acceptor_superclass::Small peptides	0,0,0,0,0,0,0,0,0,0,0,0,0,0,0,0,0,0,1,0,0,0,0	0,0,0,0,0,0,0,0,0,0,0,0,0,1,0,0,0,0,1,0,0,0,0	-0.801266,-0.714159,-1.042562,-0.851764,-0.865233,-1.351394,-0.977766,-0.868749,-0.786209,-1.271695,-0.686001,-0.375896,-0.763557,0.474487,-1.357578,-0.181936,-0.765891,-0.901642,0.535935,-0.871977,-1.676584,-0.790870,-1.043680
Dcar_HCBT3_CAB06429.1	Dcar_HCBT3_CAB06429.1	acceptor_superclass::Small peptides	acceptor_superclass::Phenolic acids (C6-C1);acceptor_superclass::Small peptides	0,0,0,0,0,0,0,0,0,0,0,0,0,0,0,0,0,0,1,0,0,0,0	0,0,0,0,0,0,0,0,0,0,0,0,0,1,0,0,0,0,1,0,0,0,0	-0.919933,-0.923029,-0.694020,-0.866974,-1.066569,-1.435436,-1.046226,-0.912648,-1.034892,-0.975530,-0.849245,-0.508704,-0.868956,0.425356,-1.150975,-0.193165,-0.934519,-0.918103,0.881161,-0.943616,-1.222434,-1.094519,-1.170645
Dlan_MAT1_QUW17232.1	Dlan_MAT1_QUW17232.1	acceptor_superclass::Flavonoids;acceptor_superclass::Steroids	acceptor_superclass::Flavonoids;acceptor_superclass::Isoflavonoids;acceptor_superclass::Steroids	0,0,0,0,0,1,0,0,0,0,0,0,0,0,0,0,0,0,0,1,0,0,0	0,0,0,0,0,1,1,0,0,0,0,0,0,0,0,0,0,0,0,1,0,0,0	-0.385520,-0.873975,-0.795393,-1.079829,-0.364296,0.961709,0.009189,-0.921941,-0.965190,-0.766824,-0.421665,-1.265314,-0.494751,-0.565152,-1.089145,-1.187768,-1.555542,-1.169216,-0.693692,0.744125,-0.976833,-0.781896,-0.768319
Dlan_MAT2_QWS71079.1	Dlan_MAT2_QWS71079.1	acceptor_superclass::Flavonoids;acceptor_superclass::Steroids	acceptor_superclass::Flavonoids;acceptor_superclass::Isoflavonoids;acceptor_superclass::Steroids	0,0,0,0,0,1,0,0,0,0,0,0,0,0,0,0,0,0,0,1,0,0,0	0,0,0,0,0,1,1,0,0,0,0,0,0,0,0,0,0,0,0,1,0,0,0	-0.511014,-0.974071,-1.002732,-1.048788,-1.132657,1.105695,0.447115,-0.811275,-0.996196,-1.029266,-0.606982,-1.209010,-0.511014,-0.492332,-1.372789,-0.826337,-1.270338,-0.890981,-0.317215,0.756645,-0.767395,-1.033892,-0.878053
Dmor_3MAT1_AAQ63615.1	Dmor_3MAT1_AAQ63615.1	acceptor_superclass::Flavonoids	acceptor_superclass::Flavonoids;acceptor_superclass::Isoflavonoids	0,0,0,0,0,1,0,0,0,0,0,0,0,0,0,0,0,0,0,0,0,0,0	0,0,0,0,0,1,1,0,0,0,0,0,0,0,0,0,0,0,0,0,0,0,0	-0.928173,-1.092361,-1.110126,-1.051170,-0.912612,1.286635,0.051190,-1.209695,-1.230632,-0.872018,-0.850491,-1.153810,-0.775266,-0.490476,-0.780719,-1.127676,-0.990522,-0.894073,-1.107711,-0.574303,-1.619472,-1.141015,-1.085734
Dmor_3MAT2_AAQ63616.1	Dmor_3MAT2_AAQ63616.1	acceptor_superclass::Flavonoids	acceptor_superclass::Flavonoids	0,0,0,0,0,1,0,0,0,0,0,0,0,0,0,0,0,0,0,0,0,0,0	0,0,0,0,0,1,0,0,0,0,0,0,0,0,0,0,0,0,0,0,0,0,0	-0.787975,-1.161690,-0.842259,-1.161831,-0.706752,0.784710,-0.873626,-1.158406,-1.088820,-0.734860,-0.755921,-0.508376,-0.988498,-0.539495,-1.195727,-0.748245,-0.418787,-1.311620,-0.940050,-1.091521,-1.094188,-0.754347,-0.541884
Dmor_3MAT3_BAF50706.1	Dmor_3MAT3_BAF50706.1	acceptor_superclass::Flavonoids;acceptor_superclass::Isoflavonoids	acceptor_superclass::Flavonoids;acceptor_superclass::Steroids	0,0,0,0,0,1,1,0,0,0,0,0,0,0,0,0,0,0,0,0,0,0,0	0,0,0,0,0,1,0,0,0,0,0,0,0,0,0,0,0,0,0,1,0,0,0	-0.527349,-0.935651,-1.106188,-0.734071,-1.248097,0.805575,-0.623909,-1.066527,-0.947845,-0.980447,-0.755756,-1.379434,-0.271046,-0.697474,-0.526791,-0.902235,-1.024264,-0.563681,-1.098690,0.013820,-0.884814,-1.189092,-1.002802
Dpin_3MAT_AAO12206.1	Dpin_3MAT_AAO12206.1	acceptor_superclass::Flavonoids	acceptor_superclass::Flavonoids	0,0,0,0,0,1,0,0,0,0,0,0,0,0,0,0,0,0,0,0,0,0,0	0,0,0,0,0,1,0,0,0,0,0,0,0,0,0,0,0,0,0,0,0,0,0	-0.854014,-0.805102,-1.014047,-0.965390,-0.652507,0.387268,-0.681914,-0.854428,-0.905807,-1.174890,-0.916103,-0.831723,-0.854014,-1.132713,-0.630028,-1.053866,-0.766762,-0.948248,-0.978512,-0.634150,-1.025132,-0.984402,-1.211934
Dvar_3MAT_AAO12206.1	Dvar_3MAT_AAO12206.1		acceptor_superclass::Flavonoids	0,0,0,0,0,0,0,0,0,0,0,0,0,0,0,0,0,0,0,0,0,0,0	0,0,0,0,0,1,0,0,0,0,0,0,0,0,0,0,0,0,0,0,0,0,0	-0.898155,-0.865295,-1.112987,-0.972577,-0.693502,0.972228,-0.765006,-0.859648,-0.915140,-1.236012,-0.942611,-0.729105,-1.033991,-1.278454,-0.896478,-1.038480,-0.904482,-1.083274,-1.412233,-0.538607,-1.026537,-1.096679,-1.074717
Ecoc_CS_AGT56097.1	Ecoc_BAHD7_AGT56097.1	acceptor_superclass::Ornithine alkaloids	acceptor_superclass::Ornithine alkaloids	0,0,0,0,0,0,0,0,0,0,0,1,0,0,0,0,0,0,0,0,0,0,0	0,0,0,0,0,0,0,0,0,0,0,1,0,0,0,0,0,0,0,0,0,0,0	-1.053728,-1.002209,-0.491089,-1.363276,-0.610461,-1.025176,-1.042933,0.000000,-0.900884,-0.859758,-0.926945,0.714412,-0.894610,-1.143886,-0.389101,-0.292949,-0.924243,-1.014438,-1.329343,-0.888138,-0.526989,-1.069132,-0.482850
Ecoc_CS_AGT56097.1	Ecoc_CS_AGT56097.1	acceptor_superclass::Ornithine alkaloids	acceptor_superclass::Ornithine alkaloids	0,0,0,0,0,0,0,0,0,0,0,1,0,0,0,0,0,0,0,0,0,0,0	0,0,0,0,0,0,0,0,0,0,0,1,0,0,0,0,0,0,0,0,0,0,0	-1.097088,-0.945780,-0.771702,-1.243960,-0.684380,-0.972852,-0.911110,-1.375657,-0.812005,-0.629184,-0.870749,0.744071,-0.966049,-1.209896,-0.585831,-0.699729,-0.845693,-1.141421,-1.194169,-0.887362,-0.242470,-0.830862,-0.291767
Ecoc_HQT_AFF19203.1	Ecoc_HQT_AFF19203.1	acceptor_superclass::Phenolic acids (C6-C1)	acceptor_superclass::Phenolic acids (C6-C1);acceptor_superclass::Small peptides	0,0,0,0,0,0,0,0,0,0,0,0,0,1,0,0,0,0,0,0,0,0,0	0,0,0,0,0,0,0,0,0,0,0,0,0,1,0,0,0,0,1,0,0,0,0	-0.774227,-1.086089,-0.985692,-0.415409,-1.022044,-1.732498,-0.676092,-1.242014,-0.889048,-1.645406,-0.545282,-0.419456,-0.732834,0.838685,-0.969164,-1.552139,-0.936738,-0.971428,0.065429,-0.936419,-0.673184,-1.275074,-0.590555
Egra_5AT_BAF49288.1	Egra_5AT_BAF49288.1	acceptor_superclass::Flavonoids	acceptor_superclass::Flavonoids	0,0,0,0,0,1,0,0,0,0,0,0,0,0,0,0,0,0,0,0,0,0,0	0,0,0,0,0,1,0,0,0,0,0,0,0,0,0,0,0,0,0,0,0,0,0	-1.022707,-0.926981,-0.967857,-1.032634,-1.128547,0.041871,-0.068161,-0.623154,-1.097070,-1.138180,-1.118070,-0.965635,-1.022707,-0.071255,-1.003033,-1.061874,-1.102446,-0.873709,-1.232567,-0.478317,-0.922312,-1.167857,-1.406166
Epep_BAHD11_NA	Epep_BAHD11_NA	acceptor_superclass::Diterpenoids	acceptor_superclass::Diterpenoids	0,0,1,0,0,0,0,0,0,0,0,0,0,0,0,0,0,0,0,0,0,0,0	0,0,1,0,0,0,0,0,0,0,0,0,0,0,0,0,0,0,0,0,0,0,0	-1.380839,-0.706299,0.493638,-1.306277,-0.790740,-1.485477,-1.223447,-0.642119,-1.064018,-0.589237,-1.182481,-0.645263,-1.313330,-1.264719,-0.590072,-0.261793,-0.130053,-1.556918,-1.085275,-0.742317,-0.018734,-0.100769,-1.029393
Epep_BAHD12_NA	Epep_BAHD12_NA	acceptor_superclass::Diterpenoids	acceptor_superclass::Diterpenoids	0,0,1,0,0,0,0,0,0,0,0,0,0,0,0,0,0,0,0,0,0,0,0	0,0,1,0,0,0,0,0,0,0,0,0,0,0,0,0,0,0,0,0,0,0,0	-0.713796,-0.996452,0.319231,-0.604656,-0.401203,-1.017073,-0.932761,-1.022539,-0.946299,-0.199230,-0.464387,-0.700344,-0.621598,-1.084322,-0.297759,-0.940580,-0.607495,-1.303926,-1.435648,-0.512318,-0.482968,-0.555737,-1.571775
Epep_BAHD6_NA	Epep_BAHD6_NA	acceptor_superclass::Diterpenoids	acceptor_superclass::Diterpenoids;acceptor_superclass::Monoterpenoids;acceptor_superclass::Phenylpropanoids (C6-C3);acceptor_superclass::Tryptophan alkaloids	0,0,1,0,0,0,0,0,0,0,0,0,0,0,0,0,0,0,0,0,0,0,0	0,0,1,0,0,0,0,0,0,1,0,0,0,0,0,1,0,0,0,0,0,1,0	-1.060951,-1.204985,0.252760,-1.154519,-1.301690,-0.422842,-0.927615,-0.819817,-0.829604,0.577812,-1.128293,-2.022374,-0.606847,-1.184055,-0.887688,0.488564,-1.950875,-1.306056,-0.522538,-1.264545,-1.053394,0.172907,-0.585028
Epep_BAHD7_NA	Epep_BAHD7_NA	acceptor_superclass::Diterpenoids	acceptor_superclass::Diterpenoids;acceptor_superclass::Triterpenoids	0,0,1,0,0,0,0,0,0,0,0,0,0,0,0,0,0,0,0,0,0,0,0	0,0,1,0,0,0,0,0,0,0,0,0,0,0,0,0,0,0,0,0,1,0,0	-1.072226,-0.844135,0.549889,-1.665170,-0.785696,-0.821705,-0.589663,-0.786965,-1.269615,-0.996566,-0.576970,-0.638174,-1.069603,-0.682861,-0.386094,-0.494625,-0.436816,-0.943760,-1.094930,-0.356254,0.095152,-0.731247,-2.153550
Epep_BAHD8_NA	Epep_BAHD8_NA	acceptor_superclass::Diterpenoids	acceptor_superclass::Diterpenoids;acceptor_superclass::Tryptophan alkaloids	0,0,1,0,0,0,0,0,0,0,0,0,0,0,0,0,0,0,0,0,0,0,0	0,0,1,0,0,0,0,0,0,0,0,0,0,0,0,0,0,0,0,0,0,1,0	-0.680316,-1.452899,0.873077,-0.532081,-1.096034,-0.452020,-1.174942,-0.477672,-1.234945,-1.131468,-0.718974,-1.884196,-0.680316,-1.040595,-1.674904,-1.716437,-1.638766,-0.900335,-0.655013,-0.862982,-0.818041,0.340298,-0.603480
Epla_AAT1-1_BDW80081.1	Epla_AAT1-1_BDW80081.1	acceptor_superclass::Naphthalenes	acceptor_superclass::Naphthalenes	0,0,0,0,0,0,0,0,0,0,1,0,0,0,0,0,0,0,0,0,0,0,0	0,0,0,0,0,0,0,0,0,0,1,0,0,0,0,0,0,0,0,0,0,0,0	-0.907030,-1.082469,-1.108224,-0.788310,-0.992167,-1.034264,-1.177253,0.000000,-1.210535,-1.502288,0.894426,-0.819113,-0.952869,-1.126644,-1.397072,-0.711861,-0.718591,-0.400046,-1.021790,-0.894592,-0.654416,-0.923385,-1.261832
Epla_AAT1-2_BDW80082.1	Epla_AAT1-2_BDW80082.1	acceptor_superclass::Naphthalenes	acceptor_superclass::Naphthalenes	0,0,0,0,0,0,0,0,0,0,1,0,0,0,0,0,0,0,0,0,0,0,0	0,0,0,0,0,0,0,0,0,0,1,0,0,0,0,0,0,0,0,0,0,0,0	-1.091570,-1.029975,-1.042292,-1.069906,-1.248053,-0.804594,-1.100956,-0.809624,-1.052139,-1.156941,0.880207,-0.622011,-1.024896,-1.128778,-0.994370,-1.603342,-0.918098,-0.484268,-0.864806,-0.734763,-0.756379,-0.892283,-1.065060
Epla_AAT2-1_BDW80086.1	Epla_AAT2-1_BDW80086.1	acceptor_superclass::Naphthalenes	acceptor_superclass::Naphthalenes	0,0,0,0,0,0,0,0,0,0,1,0,0,0,0,0,0,0,0,0,0,0,0	0,0,0,0,0,0,0,0,0,0,1,0,0,0,0,0,0,0,0,0,0,0,0	-0.992478,-1.170694,-0.958703,-1.231382,-1.345409,-0.968381,-0.886065,-0.943977,-1.050615,-0.858565,0.933061,-1.158440,-0.965285,-0.784699,-0.946526,-0.762917,-1.189447,-1.276597,-0.607656,-0.869773,-1.197445,-0.622362,-1.101035
Epla_AAT2-2_BDW80087.1	Epla_AAT2-2_BDW80087.1	acceptor_superclass::Naphthalenes	acceptor_superclass::Naphthalenes	0,0,0,0,0,0,0,0,0,0,1,0,0,0,0,0,0,0,0,0,0,0,0	0,0,0,0,0,0,0,0,0,0,1,0,0,0,0,0,0,0,0,0,0,0,0	-0.951292,-1.209232,-0.911897,-1.410296,-1.268089,-0.558152,-0.638041,-0.712367,-0.878469,-1.189253,1.026056,-1.316132,-0.953679,-1.100070,-0.846788,-0.735636,-1.498594,-1.225606,-0.322560,-1.051818,-1.312801,-1.066853,-0.715918
Epla_AAT2-3_BDW80088.1	Epla_AAT2-3_BDW80088.1	acceptor_superclass::Naphthalenes	acceptor_superclass::Naphthalenes	0,0,0,0,0,0,0,0,0,0,1,0,0,0,0,0,0,0,0,0,0,0,0	0,0,0,0,0,0,0,0,0,0,1,0,0,0,0,0,0,0,0,0,0,0,0	-0.905138,-0.956638,-0.794144,-1.093201,-0.868783,-0.977289,-1.387842,0.000000,-0.831349,-1.334197,1.026172,-0.987993,-1.119422,-1.346717,-0.939140,-0.846256,-1.165614,-1.000926,-0.982455,-1.088162,-1.191792,-0.957952,-0.267974
Epla_SAT1-1_BDW80075.1	Epla_SAT1-1_BDW80075.1	acceptor_superclass::Naphthalenes	acceptor_superclass::Naphthalenes;acceptor_superclass::Phenylpropanoids (C6-C3)	0,0,0,0,0,0,0,0,0,0,1,0,0,0,0,0,0,0,0,0,0,0,0	0,0,0,0,0,0,0,0,0,0,1,0,0,0,0,1,0,0,0,0,0,0,0	-0.990642,-1.058302,-1.120233,-1.187260,-1.698611,-1.285701,-1.176028,-0.753719,-1.285243,-0.611866,0.889456,-0.950541,-0.990642,-1.183684,-0.760745,0.099955,-1.287152,-0.708644,-1.232717,-1.151749,-0.773068,-0.251615,-0.642106
Epla_SAT1-2_BDW80076.1	Epla_SAT1-2_BDW80076.1	acceptor_superclass::Naphthalenes	acceptor_superclass::Naphthalenes	0,0,0,0,0,0,0,0,0,0,1,0,0,0,0,0,0,0,0,0,0,0,0	0,0,0,0,0,0,0,0,0,0,1,0,0,0,0,0,0,0,0,0,0,0,0	-0.871724,-1.100010,-0.962552,-1.237112,-1.601138,-1.283039,-1.172862,-0.767633,-1.296635,-0.618301,0.846652,-0.903346,-0.871724,-1.033591,-1.017061,-0.113945,-1.156157,-0.929188,-1.134581,-1.008644,-0.672105,-0.351425,-0.855595
Epla_SAT2-1_BDW80078.1	Epla_SAT2-1_BDW80078.1	acceptor_superclass::Naphthalenes	acceptor_superclass::Naphthalenes	0,0,0,0,0,0,0,0,0,0,1,0,0,0,0,0,0,0,0,0,0,0,0	0,0,0,0,0,0,0,0,0,0,1,0,0,0,0,0,0,0,0,0,0,0,0	-0.990114,-1.127121,-0.900124,-0.791901,-1.513046,-1.057744,-1.065973,0.000000,-1.013047,-1.214285,1.013368,-0.595219,-0.971655,-1.089420,-1.121949,-1.708958,-0.328287,-0.798790,-1.273347,-1.007710,-0.840179,-0.632350,-0.684076
Epla_SAT2-2_BDW80079.1	Epla_SAT2-2_BDW80079.1	acceptor_superclass::Naphthalenes	acceptor_superclass::Naphthalenes	0,0,0,0,0,0,0,0,0,0,1,0,0,0,0,0,0,0,0,0,0,0,0	0,0,0,0,0,0,0,0,0,0,1,0,0,0,0,0,0,0,0,0,0,0,0	-1.107527,-1.043920,-0.696382,-0.612707,-1.515988,-0.991953,-0.983888,-0.781680,-0.881121,-1.389422,0.895141,-1.039294,-1.098200,-1.018214,-1.276603,-1.300065,-0.791992,-0.865000,-0.738062,-1.002945,-1.201404,-0.422793,-0.398823
Epur_HCT_QRI59128.1	Epur_HCT_QRI59128.1	acceptor_superclass::Phenolic acids (C6-C1)	acceptor_superclass::Phenolic acids (C6-C1)	0,0,0,0,0,0,0,0,0,0,0,0,0,1,0,0,0,0,0,0,0,0,0	0,0,0,0,0,0,0,0,0,0,0,0,0,1,0,0,0,0,0,0,0,0,0	-1.019006,-1.116327,-1.003338,-1.029307,-0.942127,-0.452561,-0.929007,0.000000,-0.984031,-1.108595,-1.096225,-0.737211,-1.025954,1.011741,-1.026814,-0.437501,-0.900439,-1.039769,-0.506275,-0.955449,-1.165056,-0.839166,-0.400155
Epur_HMT_UHJ19789.2	Epur_HMT_UHJ19789.2	acceptor_superclass::Fatty Acids and Conjugates	acceptor_superclass::Fatty Acids and Conjugates	0,0,0,1,0,0,0,0,0,0,0,0,0,0,0,0,0,0,0,0,0,0,0	0,0,0,1,0,0,0,0,0,0,0,0,0,0,0,0,0,0,0,0,0,0,0	-0.654345,-1.030661,-0.914439,0.511134,-0.972253,-0.541806,-1.186282,0.000000,-1.031773,-1.346358,-0.641233,-0.847997,-0.486033,-0.256710,-1.329846,-0.533740,-1.025539,-0.839605,-0.394845,-1.147980,-0.803260,-0.455974,-0.138242
Epur_HQT_QRI59127.1	Epur_HQT_QRI59127.1	acceptor_superclass::Phenolic acids (C6-C1)	acceptor_superclass::Phenolic acids (C6-C1)	0,0,0,0,0,0,0,0,0,0,0,0,0,1,0,0,0,0,0,0,0,0,0	0,0,0,0,0,0,0,0,0,0,0,0,0,1,0,0,0,0,0,0,0,0,0	-0.979630,-0.980444,-0.978192,-1.084110,-0.977281,-0.530486,-0.978797,-0.915837,-1.027420,-0.698943,-1.026791,-1.146997,-0.944496,0.864107,-1.283995,-0.217990,-0.900796,-1.216987,-1.452833,-1.117302,-0.821631,-0.921867,-0.677169
Epur_HTT_QRI59126.1	Epur_HTT_QRI59126.1	acceptor_superclass::Fatty Acids and Conjugates		0,0,0,1,0,0,0,0,0,0,0,0,0,0,0,0,0,0,0,0,0,0,0	0,0,0,0,0,0,0,0,0,0,0,0,0,0,0,0,0,0,0,0,0,0,0	-0.836995,-0.839772,-0.743606,-0.033464,-1.058247,-0.638803,-1.062319,-0.431819,-0.953721,-1.629175,-0.751114,-0.755144,-0.679678,-0.015129,-0.802171,-0.686416,-0.571073,-0.995462,-0.736348,-1.057593,-1.372385,-1.275819,-1.036034
Fana_SAAT_AAG13130.1	Fana_SAAT_AAG13130.1	acceptor_superclass::Cyclic polyketides;acceptor_superclass::Fatty acyls;acceptor_superclass::Phenylethanoids (C6-C2)	acceptor_superclass::Cyclic polyketides;acceptor_superclass::Fatty acyls;acceptor_superclass::Monoterpenoids;acceptor_superclass::Phenylethanoids (C6-C2)	0,1,0,0,1,0,0,0,0,0,0,0,0,0,1,0,0,0,0,0,0,0,0	0,1,0,0,1,0,0,0,0,1,0,0,0,0,1,0,0,0,0,0,0,0,0	-1.043921,0.342413,-1.194001,-1.022714,0.551317,-0.647168,-0.817153,0.000000,-0.770407,0.954448,-1.513942,-0.641802,-1.199141,-0.975150,1.206671,-0.189186,-0.954594,-0.783375,-1.205977,-0.821389,-0.924003,-0.723255,-0.801401
Fves_VAAT_CAC09062.1	Fves_VAAT_CAC09062.1	acceptor_superclass::Cyclic polyketides;acceptor_superclass::Fatty acyls;acceptor_superclass::Monoterpenoids;acceptor_superclass::Phenylethanoids (C6-C2);acceptor_superclass::Phenylpropanoids (C6-C3)	acceptor_superclass::Cyclic polyketides;acceptor_superclass::Fatty acyls;acceptor_superclass::Monoterpenoids	0,1,0,0,1,0,0,0,0,1,0,0,0,0,1,1,0,0,0,0,0,0,0	0,1,0,0,1,0,0,0,0,1,0,0,0,0,0,0,0,0,0,0,0,0,0	-0.965113,0.469365,-0.870279,-1.578463,0.940927,-0.562033,-0.843373,-1.279229,-1.142108,0.201363,-0.918753,-0.413689,-0.965113,-0.657422,-0.010426,-0.067571,-0.684586,-1.072083,-1.052144,-0.625585,-1.080228,-1.528258,-1.266528
Gmax_COSY_KRH21316.1	Gmax_COSY_KRH21316.1			0,0,0,0,0,0,0,0,0,0,0,0,0,0,0,0,0,0,0,0,0,0,0	0,0,0,0,0,0,0,0,0,0,0,0,0,0,0,0,0,0,0,0,0,0,0	-0.824520,-0.942647,-1.137896,-0.486367,-0.145825,-0.849043,-0.976498,-0.875387,-0.625711,-1.028210,-0.849839,-0.500837,-1.001291,-1.061666,-1.016490,-0.934251,-0.597705,-0.971518,-0.729127,-1.097970,-1.201376,-0.798485,-0.543363
Gmax_MT7_ABY59019.1	Gmax_IF7MAT_NP_001237760.1	acceptor_superclass::Isoflavonoids	acceptor_superclass::Flavonoids;acceptor_superclass::Isoflavonoids	0,0,0,0,0,0,1,0,0,0,0,0,0,0,0,0,0,0,0,0,0,0,0	0,0,0,0,0,1,1,0,0,0,0,0,0,0,0,0,0,0,0,0,0,0,0	-0.961424,-0.997020,-0.939857,-1.025952,-1.094660,0.855867,1.009119,-1.226770,-1.089433,-1.085497,-0.851505,-1.169850,-0.912969,-0.895712,-0.746571,-0.837680,-1.093498,-1.019970,-1.003999,-0.775359,-0.826453,-1.000773,-1.244720
Gmax_IMAT1_AQY54373.1	Gmax_IMAT1_AQY54373.1	acceptor_superclass::Isoflavonoids	acceptor_superclass::Flavonoids;acceptor_superclass::Isoflavonoids	0,0,0,0,0,0,1,0,0,0,0,0,0,0,0,0,0,0,0,0,0,0,0	0,0,0,0,0,1,1,0,0,0,0,0,0,0,0,0,0,0,0,0,0,0,0	-1.021522,-0.647436,-0.722419,-1.162025,-0.894128,0.579725,0.291052,-1.165317,-1.013551,-0.758659,-1.286360,-0.582026,-1.156913,-1.434790,-0.547219,-1.115119,-0.756929,-0.945868,-0.656669,-0.437299,-0.641661,-0.798667,-0.717670
Gmax_IMAT3_AQY54374.1	Gmax_IMAT3_AQY54374.1	acceptor_superclass::Isoflavonoids	acceptor_superclass::Flavonoids;acceptor_superclass::Isoflavonoids;acceptor_superclass::Steroids	0,0,0,0,0,0,1,0,0,0,0,0,0,0,0,0,0,0,0,0,0,0,0	0,0,0,0,0,1,1,0,0,0,0,0,0,0,0,0,0,0,0,1,0,0,0	-0.573125,-1.218883,-1.260872,-1.387227,-1.273904,0.349617,0.515516,0.000000,-1.023235,-0.970005,-0.633737,-1.370089,-0.421403,-1.032532,-1.045919,-1.119259,-1.146186,-1.050211,-0.629617,0.095869,-1.006060,-0.923135,-0.814541
Gmax_MT7_ABY59019.1	Gmax_MT7_ABY59019.1	acceptor_superclass::Flavonoids;acceptor_superclass::Isoflavonoids	acceptor_superclass::Flavonoids;acceptor_superclass::Isoflavonoids	0,0,0,0,0,1,1,0,0,0,0,0,0,0,0,0,0,0,0,0,0,0,0	0,0,0,0,0,1,1,0,0,0,0,0,0,0,0,0,0,0,0,0,0,0,0	-0.655642,-1.160097,-1.190112,-1.191199,-1.260358,0.032430,0.965407,0.000000,-0.979805,-1.081952,-0.636609,-1.266782,-0.569112,-0.949537,-0.918467,-0.965459,-1.394996,-1.064923,-1.197713,-0.323323,-1.084341,-1.089385,-1.179434
Gmax_SSACT1_KRH01153.1	Gmax_SSACT1_KRH01153.1	acceptor_superclass::Triterpenoids	acceptor_superclass::Isoflavonoids;acceptor_superclass::Pseudoalkaloids	0,0,0,0,0,0,0,0,0,0,0,0,0,0,0,0,0,0,0,0,1,0,0	0,0,0,0,0,0,1,0,0,0,0,0,0,0,0,0,1,0,0,0,0,0,0	-0.466048,-1.705295,-0.951875,-1.433462,-1.807318,-0.094584,1.353289,0.000000,-0.497911,-1.051728,-0.657397,-0.434351,-0.427376,-1.330549,-1.381804,-1.432042,0.367538,-1.274534,-0.724819,-0.448161,-1.327174,-0.980811,-1.623662
Gtri_53AAT_BAA74428.1	Gtri_53AAT_BAA74428.1	acceptor_superclass::Flavonoids	acceptor_superclass::Flavonoids	0,0,0,0,0,1,0,0,0,0,0,0,0,0,0,0,0,0,0,0,0,0,0	0,0,0,0,0,1,0,0,0,0,0,0,0,0,0,0,0,0,0,0,0,0,0	-0.894839,-0.960211,-0.946908,-0.678502,-0.800549,0.956121,-0.879094,-0.875777,-0.801292,-1.113952,-0.916121,-1.029572,-0.970520,-1.117712,-0.845540,-1.186159,-1.216129,-0.981694,-1.282761,-1.231381,-1.048139,-1.050702,-1.200158
Gtri_53AAT_BAA74428.1	Gtri_5AT_BAA74428.1	acceptor_superclass::Flavonoids	acceptor_superclass::Flavonoids	0,0,0,0,0,1,0,0,0,0,0,0,0,0,0,0,0,0,0,0,0,0,0	0,0,0,0,0,1,0,0,0,0,0,0,0,0,0,0,0,0,0,0,0,0,0	-0.948114,-0.955385,-0.887068,-0.706617,-0.898008,0.912315,-0.946621,0.000000,-0.784758,-1.053801,-0.983204,-0.904628,-0.986750,-1.121793,-0.858509,-1.372881,-1.093417,-0.945269,-1.324507,-1.181590,-0.936259,-1.031784,-1.044098
Gtri_53AAT_BAA74428.1	Gtri_GAT_BAA74428.1	acceptor_superclass::Flavonoids	acceptor_superclass::Flavonoids	0,0,0,0,0,1,0,0,0,0,0,0,0,0,0,0,0,0,0,0,0,0,0	0,0,0,0,0,1,0,0,0,0,0,0,0,0,0,0,0,0,0,0,0,0,0	-0.988802,-0.951659,-0.967031,-0.591521,-0.809846,1.001599,-0.941819,-0.912291,-0.790683,-1.103734,-0.975180,-1.112461,-1.043212,-1.175989,-0.905793,-1.236219,-1.261338,-0.921495,-1.334214,-1.171294,-0.956170,-1.130489,-1.318556
Hann_HCT1_QBM78941.1	Hann_HCT1_QBM78941.1	acceptor_superclass::Phenolic acids (C6-C1)	acceptor_superclass::Monoterpenoids;acceptor_superclass::Phenolic acids (C6-C1)	0,0,0,0,0,0,0,0,0,0,0,0,0,1,0,0,0,0,0,0,0,0,0	0,0,0,0,0,0,0,0,0,1,0,0,0,1,0,0,0,0,0,0,0,0,0	-1.348870,-1.058819,-0.891315,-1.175697,-0.632162,-0.007620,-0.777232,-1.026144,-0.862367,0.593156,-1.329163,-0.648886,-1.321727,0.572843,-0.485909,-0.081254,-1.412024,-1.270418,-0.145130,-1.218185,-0.407819,-0.796992,-0.207002
Hann_HCT2_QBM78942.1	Hann_HCT2_QBM78942.1	acceptor_superclass::Phenolic acids (C6-C1)	acceptor_superclass::Phenolic acids (C6-C1);acceptor_superclass::Small peptides;acceptor_superclass::Triterpenoids;acceptor_superclass::Tyrosine alkaloids	0,0,0,0,0,0,0,0,0,0,0,0,0,1,0,0,0,0,0,0,0,0,0	0,0,0,0,0,0,0,0,0,0,0,0,0,1,0,0,0,0,1,0,1,0,1	-0.890592,-1.145503,-0.753217,-0.912504,-1.277249,-0.001602,-1.015722,-0.827962,-0.780834,-0.227724,-0.782005,-1.056468,-0.890592,0.785940,-1.625217,-0.502872,-1.226874,-1.059541,0.095571,-0.818843,0.067469,-1.403192,0.043727
Hann_HQT1_QBM78938.1	Hann_HQT1_QBM78938.1	acceptor_superclass::Phenolic acids (C6-C1)	acceptor_superclass::Phenolic acids (C6-C1);acceptor_superclass::Small peptides	0,0,0,0,0,0,0,0,0,0,0,0,0,1,0,0,0,0,0,0,0,0,0	0,0,0,0,0,0,0,0,0,0,0,0,0,1,0,0,0,0,1,0,0,0,0	-1.008877,-1.274654,-0.782195,-1.235269,-1.458194,-0.980376,-1.004742,-0.826990,-1.199698,-0.938825,-0.937965,-1.122414,-1.025843,0.968544,-1.377451,-1.058159,-0.942745,-1.261873,0.037518,-0.791986,-0.681412,-1.124288,-0.934824
Hann_HQT2_QBM78939.1	Hann_HQT2_QBM78939.1	acceptor_superclass::Phenolic acids (C6-C1)	acceptor_superclass::Phenolic acids (C6-C1)	0,0,0,0,0,0,0,0,0,0,0,0,0,1,0,0,0,0,0,0,0,0,0	0,0,0,0,0,0,0,0,0,0,0,0,0,1,0,0,0,0,0,0,0,0,0	-0.957596,-1.003895,-0.991614,-1.127850,-1.207170,-0.945382,-0.918568,-0.984189,-0.932310,-1.415373,-0.933878,-0.978474,-0.973644,1.097025,-1.247493,-0.707410,-0.740551,-1.027981,-0.350340,-1.037992,-0.709972,-1.016296,-0.769059
Hann_HQT3_QBM78940.1	Hann_HQT3_QBM78940.1	acceptor_superclass::Phenolic acids (C6-C1)	acceptor_superclass::Phenolic acids (C6-C1)	0,0,0,0,0,0,0,0,0,0,0,0,0,1,0,0,0,0,0,0,0,0,0	0,0,0,0,0,0,0,0,0,0,0,0,0,1,0,0,0,0,0,0,0,0,0	-0.960921,-1.008704,-0.915072,-0.860873,-0.913686,-0.523652,-1.200702,-1.044818,-1.023771,-0.760985,-0.833297,-1.350497,-0.936247,1.104288,-0.690028,-0.166516,-1.199425,-1.025697,-1.035199,-1.181627,-1.025074,-1.053097,-1.208825
Hcan_PMT_KAL4341785.1	Hcan_PMT_KAL4341785.1	acceptor_superclass::Phenylpropanoids (C6-C3)	acceptor_superclass::Fatty acyls;acceptor_superclass::Phenylpropanoids (C6-C3)	0,0,0,0,0,0,0,0,0,0,0,0,0,0,0,1,0,0,0,0,0,0,0	0,0,0,0,1,0,0,0,0,0,0,0,0,0,0,1,0,0,0,0,0,0,0	-0.917246,-1.046275,-1.454396,-0.665063,0.247601,-0.566314,-1.037730,-0.726501,-0.654939,-0.207831,-0.922317,-1.505193,-0.917246,-0.876433,-0.380825,0.437112,-1.024669,-1.097781,-1.590619,-1.012049,-1.298051,-1.182443,-0.625664
Hmur_ACT_BCN87077.1	Hmur_ACT_BCN87077.1	acceptor_superclass::Ornithine alkaloids;acceptor_superclass::Pseudoalkaloids	acceptor_superclass::Ornithine alkaloids;acceptor_superclass::Pseudoalkaloids	0,0,0,0,0,0,0,0,0,0,0,1,0,0,0,0,1,0,0,0,0,0,0	0,0,0,0,0,0,0,0,0,0,0,1,0,0,0,0,1,0,0,0,0,0,0	-1.031786,-0.939424,-1.019055,-1.187094,-0.791615,-0.833907,-0.919937,0.000000,-1.002432,-1.107926,-1.007048,1.026738,-1.018309,-0.863945,-0.926693,-0.844670,0.696808,-1.217314,-1.216065,-0.978578,-1.040000,-0.860989,-0.712095
Hpol_BAHD3_NA	Hpol_BAHD3_NA	acceptor_superclass::Tyrosine alkaloids	acceptor_superclass::Monoterpenoids;acceptor_superclass::Phenylethanoids (C6-C2)	0,0,0,0,0,0,0,0,0,0,0,0,0,0,0,0,0,0,0,0,0,0,1	0,0,0,0,0,0,0,0,0,1,0,0,0,0,1,0,0,0,0,0,0,0,0	-0.731093,-0.841733,-1.289396,-0.107454,-0.015941,-0.170174,-0.479498,-0.822716,-0.987201,0.378646,-0.622167,-1.723051,-0.897052,-0.630922,0.241875,-0.393324,-1.540903,-0.908473,-0.372822,-1.470265,-0.958026,-0.654694,-0.771914
Hvul_ACT1-1_AAO73071.1	Hvul_ACT1-1_AAO73071.1	acceptor_superclass::Ornithine alkaloids	acceptor_superclass::Ornithine alkaloids;acceptor_superclass::Pseudoalkaloids	0,0,0,0,0,0,0,0,0,0,0,1,0,0,0,0,0,0,0,0,0,0,0	0,0,0,0,0,0,0,0,0,0,0,1,0,0,0,0,1,0,0,0,0,0,0	-0.922981,-0.939633,-1.068322,-1.232326,-0.995814,-1.167725,-1.117426,-0.877720,-1.052297,-0.933684,-1.017010,1.076138,-0.949080,-0.856968,-0.913588,-0.667049,0.862444,-0.953566,-0.976685,-0.838091,-0.989818,-0.898352,-0.900104
Hvul_ACT1-1_BAF97626	Hvul_ACT1-1_BAF97626	acceptor_superclass::Ornithine alkaloids;acceptor_superclass::Pseudoalkaloids	acceptor_superclass::Ornithine alkaloids;acceptor_superclass::Pseudoalkaloids	0,0,0,0,0,0,0,0,0,0,0,1,0,0,0,0,1,0,0,0,0,0,0	0,0,0,0,0,0,0,0,0,0,0,1,0,0,0,0,1,0,0,0,0,0,0	-0.933295,-0.956768,-1.040578,-1.135784,-0.943408,-1.271706,-1.078671,0.000000,-0.980959,-0.927220,-1.042422,1.090167,-0.975273,-0.953475,-0.804769,-0.651555,0.690172,-0.946427,-0.892376,-0.866721,-1.086618,-0.871880,-0.842461
Hvul_ACT1-2_BAF97627.1	Hvul_ACT1-2_BAF97627	acceptor_superclass::Ornithine alkaloids;acceptor_superclass::Pseudoalkaloids	acceptor_superclass::Ornithine alkaloids;acceptor_superclass::Pseudoalkaloids	0,0,0,0,0,0,0,0,0,0,0,1,0,0,0,0,1,0,0,0,0,0,0	0,0,0,0,0,0,0,0,0,0,0,1,0,0,0,0,1,0,0,0,0,0,0	-0.943770,-1.129668,-0.946285,-1.029997,-1.072504,-1.105607,-0.780710,-0.957413,-0.998326,-1.151274,-0.918349,0.876304,-0.912637,-0.806371,-1.148247,-1.007079,0.677379,-0.982541,-0.772404,-0.930106,-0.977228,-1.020345,-0.851403
Hvul_ACT1-2_BAF97627.1	Hvul_ACT1-2_BAF97627.1	acceptor_superclass::Ornithine alkaloids	acceptor_superclass::Ornithine alkaloids;acceptor_superclass::Pseudoalkaloids	0,0,0,0,0,0,0,0,0,0,0,1,0,0,0,0,0,0,0,0,0,0,0	0,0,0,0,0,0,0,0,0,0,0,1,0,0,0,0,1,0,0,0,0,0,0	-0.963855,-1.109394,-0.980530,-0.969940,-1.016086,-1.114903,-0.866686,-0.955755,-1.032478,-1.010455,-0.979060,0.831155,-0.963855,-0.923079,-1.073659,-0.842876,0.817296,-0.959814,-0.690113,-0.979077,-0.977847,-0.974989,-0.794758
Hvul_ACT2_BAK00935.1	Hvul_ACT2_BAK00935.1	acceptor_superclass::Ornithine alkaloids;acceptor_superclass::Pseudoalkaloids	acceptor_superclass::Ornithine alkaloids;acceptor_superclass::Pseudoalkaloids	0,0,0,0,0,0,0,0,0,0,0,1,0,0,0,0,1,0,0,0,0,0,0	0,0,0,0,0,0,0,0,0,0,0,1,0,0,0,0,1,0,0,0,0,0,0	-1.176963,-1.066643,-1.052045,-0.739370,-1.064126,-0.942647,-0.896271,-0.716169,-1.006807,-1.046668,-1.130136,1.081615,-1.130365,-0.816994,-1.281650,-1.030272,0.673215,-1.098840,-0.853865,-0.821473,-0.857679,-0.822305,-0.477498
Hvul_ACT1-1_AAO73071.1	Hvul_ACT_AAO73071.1	acceptor_superclass::Ornithine alkaloids	acceptor_superclass::Ornithine alkaloids;acceptor_superclass::Pseudoalkaloids	0,0,0,0,0,0,0,0,0,0,0,1,0,0,0,0,0,0,0,0,0,0,0	0,0,0,0,0,0,0,0,0,0,0,1,0,0,0,0,1,0,0,0,0,0,0	-1.036471,-0.959190,-1.110313,-1.249573,-0.856465,-1.178399,-0.979425,-0.865048,-0.973634,-0.765488,-1.123152,1.054658,-1.065161,-0.823948,-0.778864,-0.695916,0.909785,-0.938577,-1.090507,-0.962060,-0.920278,-0.893429,-0.908357
Ibat_HQT_BAA87043.1	Ibat_HQT_BAA87043.1	acceptor_superclass::Phenolic acids (C6-C1)	acceptor_superclass::Phenolic acids (C6-C1);acceptor_superclass::Small peptides	0,0,0,0,0,0,0,0,0,0,0,0,0,1,0,0,0,0,0,0,0,0,0	0,0,0,0,0,0,0,0,0,0,0,0,0,1,0,0,0,0,1,0,0,0,0	-0.948275,-1.044452,-1.178314,-0.238012,-1.079523,-0.545762,-0.874641,-1.294895,-1.249084,-1.596795,-1.111665,-0.694643,-0.948275,0.903726,-1.445492,-0.304687,-0.933136,-1.057940,0.056975,-1.030876,-1.275003,-0.810033,-0.796441
Ihol_3AT1_BAE72676.1	Ihol_3AT1_BAE72676.1	acceptor_superclass::Flavonoids	acceptor_superclass::Monoterpenoids	0,0,0,0,0,1,0,0,0,0,0,0,0,0,0,0,0,0,0,0,0,0,0	0,0,0,0,0,0,0,0,0,1,0,0,0,0,0,0,0,0,0,0,0,0,0	-1.030027,-0.786367,-0.688706,-0.833668,-0.853666,-0.148690,-1.155058,0.000000,-0.903925,0.551090,-1.014015,-0.672929,-1.134098,-1.105378,-0.624699,-0.729366,-0.306547,-1.041256,-1.068533,-1.334194,-1.160160,-0.822052,-1.214329
Ihol_3AT2_BAE94328.1	Ihol_3AT2_BAE94328.1	acceptor_superclass::Flavonoids	acceptor_superclass::Monoterpenoids	0,0,0,0,0,1,0,0,0,0,0,0,0,0,0,0,0,0,0,0,0,0,0	0,0,0,0,0,0,0,0,0,1,0,0,0,0,0,0,0,0,0,0,0,0,0	-0.905619,-0.920941,-0.606975,-0.667846,-0.873514,-0.390528,-1.146897,0.000000,-1.039473,0.329951,-0.878518,-0.399207,-0.974391,-1.273772,-0.632519,-0.947669,-0.252753,-1.215639,-1.046340,-1.502831,-1.371593,-0.407523,-1.315110
Jsam_BEAT1_UJH94663.1	Jsam_BEAT1_UJH94663.1		acceptor_superclass::Fatty acyls;acceptor_superclass::Phenylpropanoids (C6-C3)	0,0,0,0,0,0,0,0,0,0,0,0,0,0,0,0,0,0,0,0,0,0,0	0,0,0,0,1,0,0,0,0,0,0,0,0,0,0,1,0,0,0,0,0,0,0	-1.138348,-1.303834,-0.885701,-0.911881,0.635798,-0.723980,-0.945139,-1.375958,-0.885976,-0.066054,-0.842760,-0.693767,-0.911462,-0.802234,-0.949703,0.506211,-0.715168,-1.316913,-1.131239,-1.141201,-0.319072,-1.783061,-0.814949
Jsam_BEAT2_UJH94664.1	Jsam_BEAT2_UJH94664.1		acceptor_superclass::Fatty Acids and Conjugates;acceptor_superclass::Pseudoalkaloids	0,0,0,0,0,0,0,0,0,0,0,0,0,0,0,0,0,0,0,0,0,0,0	0,0,0,1,0,0,0,0,0,0,0,0,0,0,0,0,1,0,0,0,0,0,0	-1.206365,-1.093091,-1.100201,0.479269,-0.300399,-0.386980,-0.874348,0.000000,-1.087134,-1.112258,-1.293819,-0.393317,-1.180129,-1.190462,-0.501554,-1.199405,0.079705,-0.844373,-0.940843,-1.015800,-0.983027,-1.041078,-1.339599
Lalb_HMT_BAD89275.1	Lalb_HMT_BAD89275.1	acceptor_superclass::Lysine alkaloids	acceptor_superclass::Fatty acyls;acceptor_superclass::Phenylpropanoids (C6-C3)	0,0,0,0,0,0,0,0,1,0,0,0,0,0,0,0,0,0,0,0,0,0,0	0,0,0,0,1,0,0,0,0,0,0,0,0,0,0,1,0,0,0,0,0,0,0	-1.104957,-0.963233,-1.460574,-0.857666,0.333002,-0.876478,-0.961078,-0.816517,-0.955530,-1.318799,-1.328030,-1.332054,-1.174438,-1.266202,-0.711841,0.555120,-0.650860,-0.671827,-0.761578,-1.514452,-1.142943,-0.842947,-0.706978
Lang_RAS_ABI48360.1	Lang_AAT1_ABI48360.1	acceptor_superclass::Tyrosine alkaloids	acceptor_superclass::Phenolic acids (C6-C1);acceptor_superclass::Small peptides;acceptor_superclass::Tryptophan alkaloids;acceptor_superclass::Tyrosine alkaloids	0,0,0,0,0,0,0,0,0,0,0,0,0,0,0,0,0,0,0,0,0,0,1	0,0,0,0,0,0,0,0,0,0,0,0,0,1,0,0,0,0,1,0,0,1,1	-1.064066,-1.041309,-1.022492,-0.592436,-1.293408,-0.797551,-1.094409,0.000000,-0.956841,-1.102928,-1.112605,-0.728938,-1.058162,0.262593,-1.293718,-1.085784,-0.701355,-0.869113,0.802282,-0.988524,-1.052896,0.745560,0.857893
Lang_RAS_ABI48360.1	Lang_AT1_ABI48360.1	acceptor_superclass::Phenolic acids (C6-C1);acceptor_superclass::Small peptides;acceptor_superclass::Tryptophan alkaloids;acceptor_superclass::Tyrosine alkaloids	acceptor_superclass::Tyrosine alkaloids	0,0,0,0,0,0,0,0,0,0,0,0,0,1,0,0,0,0,1,0,0,1,1	0,0,0,0,0,0,0,0,0,0,0,0,0,0,0,0,0,0,0,0,0,0,1	-1.067174,-1.036977,-1.080914,-0.827705,-1.295671,-0.778880,-1.019761,-0.859359,-0.895099,-1.208917,-1.126055,-0.728564,-1.111874,-0.247874,-1.529535,-1.430831,-0.627951,-0.954365,-0.438366,-0.953942,-0.510828,-0.938320,0.934114
Lang_RAS_ABI48360.1	Lang_RAS_ABI48360.1		acceptor_superclass::Tyrosine alkaloids	0,0,0,0,0,0,0,0,0,0,0,0,0,0,0,0,0,0,0,0,0,0,0	0,0,0,0,0,0,0,0,0,0,0,0,0,0,0,0,0,0,0,0,0,0,1	-1.067174,-1.036977,-1.080914,-0.827705,-1.295671,-0.778880,-1.019761,-0.859359,-0.895099,-1.208917,-1.126055,-0.728564,-1.111874,-0.247874,-1.529535,-1.430831,-0.627951,-0.954365,-0.438366,-0.953942,-0.510828,-0.938320,0.934114
Lang_RAS_AEA36976.1	Lang_RAS_AEA36976.1		acceptor_superclass::Phenolic acids (C6-C1);acceptor_superclass::Small peptides;acceptor_superclass::Tryptophan alkaloids;acceptor_superclass::Tyrosine alkaloids	0,0,0,0,0,0,0,0,0,0,0,0,0,0,0,0,0,0,0,0,0,0,0	0,0,0,0,0,0,0,0,0,0,0,0,0,1,0,0,0,0,1,0,0,1,1	-1.080436,-0.708523,-1.052514,-0.777375,-1.082252,-0.672205,-1.077943,-1.029025,-0.742352,-0.980548,-1.085240,-0.786072,-1.152240,0.302903,-1.238325,-1.273570,-0.743000,-0.705726,0.720284,-1.009517,-0.560660,0.663386,1.216390
Lery_AAT1_BBV14786.1	Lery_AAT1_BBV14786.1	acceptor_superclass::Naphthalenes	acceptor_superclass::Naphthalenes	0,0,0,0,0,0,0,0,0,0,1,0,0,0,0,0,0,0,0,0,0,0,0	0,0,0,0,0,0,0,0,0,0,1,0,0,0,0,0,0,0,0,0,0,0,0	-0.984677,-1.002113,-1.139216,-1.260020,-0.576545,-0.842409,-1.044127,-1.068002,-1.094800,-1.136605,0.876926,-0.751132,-0.861917,-0.961260,-0.970205,-1.109113,-0.764162,-0.776084,-1.301939,-0.966403,-0.974438,-0.679855,-0.934499
Lery_AAT2_BDW80085.1	Lery_AAT2_BDW80085.1	acceptor_superclass::Naphthalenes	acceptor_superclass::Naphthalenes	0,0,0,0,0,0,0,0,0,0,1,0,0,0,0,0,0,0,0,0,0,0,0	0,0,0,0,0,0,0,0,0,0,1,0,0,0,0,0,0,0,0,0,0,0,0	-1.140075,-1.094905,-0.805797,-1.259990,-1.306673,-1.014012,-0.639017,-0.890648,-0.891401,-1.330703,0.789576,-0.816244,-1.149041,-0.810434,-1.117836,-0.803455,-0.876422,-1.031780,-0.460181,-1.379551,-1.286652,-1.431556,-0.811292
Lery_SAT1_BBV14785.1	Lery_SAT1_BBV14785.1	acceptor_superclass::Naphthalenes	acceptor_superclass::Naphthalenes	0,0,0,0,0,0,0,0,0,0,1,0,0,0,0,0,0,0,0,0,0,0,0	0,0,0,0,0,0,0,0,0,0,1,0,0,0,0,0,0,0,0,0,0,0,0	-0.826307,-0.875060,-1.202062,-0.893026,-0.678639,-0.971667,-1.096636,0.000000,-1.151852,-0.691174,1.158113,-0.669296,-0.787120,-1.184307,-0.924954,-0.899120,-0.943448,-0.796457,-1.055707,-1.327134,-0.974815,-1.173746,-1.057218
Lery_SAT2_BDW80077.1	Lery_SAT2_BDW80077.1	acceptor_superclass::Naphthalenes	acceptor_superclass::Naphthalenes	0,0,0,0,0,0,0,0,0,0,1,0,0,0,0,0,0,0,0,0,0,0,0	0,0,0,0,0,0,0,0,0,0,1,0,0,0,0,0,0,0,0,0,0,0,0	-1.124907,-1.090458,-1.147734,-0.908221,-1.403210,-1.114392,-0.909683,-1.185260,-0.908058,-1.007866,0.947271,-0.836384,-1.124907,-1.080409,-1.030974,-1.285198,-0.744560,-0.808294,-1.104382,-1.263031,-0.984332,-0.880718,-1.019683
Lint_AAT-3_AIW81431.1	Lint_AAT-3_AIW81431.1	acceptor_superclass::Monoterpenoids	acceptor_superclass::Fatty acyls;acceptor_superclass::Monoterpenoids;acceptor_superclass::Pseudoalkaloids	0,0,0,0,0,0,0,0,0,1,0,0,0,0,0,0,0,0,0,0,0,0,0	0,0,0,0,1,0,0,0,0,1,0,0,0,0,0,0,1,0,0,0,0,0,0	-1.150571,-1.112317,-0.362283,-0.499963,0.358734,-1.158540,-0.984623,-1.022672,-0.945300,0.528794,-0.955379,-0.532454,-1.283189,-0.556473,-0.669275,-0.290106,0.044057,-1.367134,-1.098946,-0.562465,-0.497365,-0.505172,-0.052334
Lint_AAT-4_AIW81432.1	Lint_AAT-4_AIW81432.1	acceptor_superclass::Monoterpenoids	acceptor_superclass::Tryptophan alkaloids	0,0,0,0,0,0,0,0,0,1,0,0,0,0,0,0,0,0,0,0,0,0,0	0,0,0,0,0,0,0,0,0,0,0,0,0,0,0,0,0,0,0,0,0,1,0	-0.495755,-1.181158,-1.412505,-0.891635,-0.616922,-0.928207,-0.650517,0.000000,-0.686247,-0.249177,-0.544247,-1.186592,-0.569837,-0.485172,-0.438279,-1.731644,-0.791431,-0.794233,-0.130321,-0.808644,-0.517910,0.760564,-0.492623
Ljap_HQT_ACZ52698.1	Ljap_HQT_ACZ52698.1	acceptor_superclass::Phenolic acids (C6-C1)	acceptor_superclass::Phenolic acids (C6-C1)	0,0,0,0,0,0,0,0,0,0,0,0,0,1,0,0,0,0,0,0,0,0,0	0,0,0,0,0,0,0,0,0,0,0,0,0,1,0,0,0,0,0,0,0,0,0	-0.952210,-0.919794,-0.955344,-0.935442,-1.173475,-0.777807,-0.999137,-1.145786,-1.133244,-1.014742,-0.976173,-0.456785,-1.098564,0.535156,-1.145867,-0.898396,-0.605258,-0.967529,-0.888058,-0.921653,-1.336251,-1.046715,-0.805897
Lori_AAT1_WKK95849.1	Lori_AAT1_WKK95849.1	acceptor_superclass::Fatty acyls	acceptor_superclass::Fatty acyls;acceptor_superclass::Monoterpenoids;acceptor_superclass::Phenylethanoids (C6-C2);acceptor_superclass::Phenylpropanoids (C6-C3)	0,0,0,0,1,0,0,0,0,0,0,0,0,0,0,0,0,0,0,0,0,0,0	0,0,0,0,1,0,0,0,0,1,0,0,0,0,1,1,0,0,0,0,0,0,0	-0.999207,-1.041775,-1.139539,-1.287973,0.260536,-0.779933,-0.802439,-0.987876,-0.502742,0.148314,-0.873882,-1.233110,-0.999207,-0.482037,0.492469,0.829095,-0.977407,-1.079988,-0.580859,-1.009479,-0.846869,-1.472126,-1.026828
Lpur_3MAT1_AAS77404.1	Lpur_3MAT1_AAS77404.1	acceptor_superclass::Flavonoids;acceptor_superclass::Isoflavonoids;acceptor_superclass::Phenolic acids (C6-C1)	acceptor_superclass::Flavonoids;acceptor_superclass::Isoflavonoids	0,0,0,0,0,1,1,0,0,0,0,0,0,1,0,0,0,0,0,0,0,0,0	0,0,0,0,0,1,1,0,0,0,0,0,0,0,0,0,0,0,0,0,0,0,0	-0.722789,-0.979545,-0.873815,-1.068065,-1.220015,0.734172,0.219972,-1.019357,-0.971708,-0.623265,-0.839296,-0.634948,-0.486859,-0.731793,-0.792798,-1.435690,-0.852761,-1.128912,-0.471961,-0.369825,-0.989246,-0.662960,-0.928368
Lrob_AT1_WEX29780.1	Lrob_AT1_WEX29780.1	acceptor_superclass::Phenylethanoids (C6-C2)	acceptor_superclass::Phenylethanoids (C6-C2)	0,0,0,0,0,0,0,0,0,0,0,0,0,0,1,0,0,0,0,0,0,0,0	0,0,0,0,0,0,0,0,0,0,0,0,0,0,1,0,0,0,0,0,0,0,0	-0.986686,-1.118584,-1.126554,-0.546141,-1.163633,-1.024287,-0.822899,-1.217808,-0.908814,-1.079517,-1.018704,-1.052366,-1.098001,-0.498178,1.049476,-0.356186,-0.912485,-0.952165,-0.718928,-1.244632,-0.994985,-1.139530,-1.075523
Lsat_BOS_QYL33117.1	Lsat_BOS_QYL33117.1	acceptor_superclass::Small peptides	acceptor_superclass::Small peptides	0,0,0,0,0,0,0,0,0,0,0,0,0,0,0,0,0,0,1,0,0,0,0	0,0,0,0,0,0,0,0,0,0,0,0,0,0,0,0,0,0,1,0,0,0,0	-0.848619,-1.128070,-1.226951,-1.336529,-0.840422,-1.051963,-0.994554,-1.033629,-0.804683,-0.875516,-0.908187,-0.547845,-0.778899,-0.798402,-0.548223,-0.616209,-0.552896,-1.329004,0.871224,-0.743919,-0.207820,-0.908486,-0.492434
Lsat_BOS_QYL33117.1	Lsat_DS_QYL33117.1	acceptor_superclass::Small peptides	acceptor_superclass::Small peptides	0,0,0,0,0,0,0,0,0,0,0,0,0,0,0,0,0,0,1,0,0,0,0	0,0,0,0,0,0,0,0,0,0,0,0,0,0,0,0,0,0,1,0,0,0,0	-0.948614,-1.250778,-1.246222,-1.149358,-0.802109,-0.771789,-0.824431,0.000000,-0.820258,-0.797126,-0.976098,-0.431291,-0.880278,-0.675370,-0.454578,-0.410435,-0.363072,-1.131399,0.876659,-0.717109,-0.663848,-0.945717,-0.657156
Ltri_CAAT1_AHA90802.1	Ltri_CAAT1_AHA90802.1	acceptor_superclass::Phenylpropanoids (C6-C3)	acceptor_superclass::Fatty acyls;acceptor_superclass::Lignans;acceptor_superclass::Monoterpenoids;acceptor_superclass::Phenylethanoids (C6-C2);acceptor_superclass::Phenylpropanoids (C6-C3)	0,0,0,0,0,0,0,0,0,0,0,0,0,0,0,1,0,0,0,0,0,0,0	0,0,0,0,1,0,0,1,0,1,0,0,0,0,1,1,0,0,0,0,0,0,0	-0.972111,-1.008832,-1.013755,-0.802595,0.308615,-0.958523,-0.927925,0.269100,-0.282345,0.030867,-0.832919,-0.618575,-1.005535,-1.433067,0.786048,0.655636,-0.885371,-0.900689,-1.486988,-0.796213,-1.063753,-1.470941,-1.609705
Maze_AT1704_NA	Maze_AT1704_NA	acceptor_superclass::Triterpenoids		0,0,0,0,0,0,0,0,0,0,0,0,0,0,0,0,0,0,0,0,1,0,0	0,0,0,0,0,0,0,0,0,0,0,0,0,0,0,0,0,0,0,0,0,0,0	-0.834879,-0.887270,-0.366692,-1.065813,-0.901959,-0.810871,-1.257237,-0.784778,-1.228054,-1.144597,-0.878190,-0.949285,-0.834879,-0.964043,-0.688465,-0.589885,-1.494247,-0.971235,-1.470925,-0.621200,-0.061427,-0.698064,-1.439167
Maze_AT8824_KAJ4723782.1	Maze_AT8824_KAJ4723782.1	acceptor_superclass::Triterpenoids	acceptor_superclass::Triterpenoids	0,0,0,0,0,0,0,0,0,0,0,0,0,0,0,0,0,0,0,0,1,0,0	0,0,0,0,0,0,0,0,0,0,0,0,0,0,0,0,0,0,0,0,1,0,0	-1.110173,-0.693893,-0.166288,-0.506092,-0.296526,-0.757818,-1.122644,0.000000,-1.036217,-0.156845,-1.115744,-0.774747,-0.948815,-0.657249,-0.466046,-0.609677,-0.938741,-0.893175,-0.677294,-1.185995,0.598676,-0.270197,-0.525214
Mdom_AAT1_AAU14879.2	Mdom_AAT1_AAU14879.2	acceptor_superclass::Fatty acyls;acceptor_superclass::Phenylpropanoids (C6-C3)	acceptor_superclass::Fatty acyls	0,0,0,0,1,0,0,0,0,0,0,0,0,0,0,1,0,0,0,0,0,0,0	0,0,0,0,1,0,0,0,0,0,0,0,0,0,0,0,0,0,0,0,0,0,0	-1.054486,-1.183074,-0.998466,-0.413065,1.058105,-1.121186,-0.899466,-0.822996,-0.531761,-0.397108,-0.979708,-0.993290,-1.054486,-0.814814,-0.596236,-0.914800,-0.789516,-1.031224,-0.743625,-1.141048,-0.790024,-0.835508,-1.032233
Mdom_SHT_ALF00095.1	Mdom_SHT_ALF00095.1	acceptor_superclass::Ornithine alkaloids	acceptor_superclass::Ornithine alkaloids;acceptor_superclass::Pseudoalkaloids	0,0,0,0,0,0,0,0,0,0,0,1,0,0,0,0,0,0,0,0,0,0,0	0,0,0,0,0,0,0,0,0,0,0,1,0,0,0,0,1,0,0,0,0,0,0	-0.912301,-1.124756,-0.975814,-1.211957,-1.544303,-0.465490,-1.148615,-0.832890,-1.123606,-1.557895,-0.806811,0.976731,-0.912301,-0.011960,-1.284903,-0.424233,0.014920,-1.055782,-0.164599,-0.614203,-0.880376,-1.125249,-0.952499
Mema_HFT_NA	Mema_HFT_NA	acceptor_superclass::Fatty acyls	acceptor_superclass::Fatty Acids and Conjugates;acceptor_superclass::Fatty acyls	0,0,0,0,1,0,0,0,0,0,0,0,0,0,0,0,0,0,0,0,0,0,0	0,0,0,1,1,0,0,0,0,0,0,0,0,0,0,0,0,0,0,0,0,0,0	-1.052274,-1.226391,-0.402667,1.176964,0.754610,-0.639148,-0.394365,-0.918463,-0.882203,-0.504280,-0.981743,-0.302464,-1.066595,-0.876816,-0.778103,-1.635790,-0.614775,-1.362783,-1.420033,-0.990575,-1.546880,-0.690848,-0.507384
Mlon_AT1_NA	Mlon_AT1_NA	acceptor_superclass::Phenolic acids (C6-C1)	acceptor_superclass::Phenolic acids (C6-C1);acceptor_superclass::Small peptides;acceptor_superclass::Tyrosine alkaloids	0,0,0,0,0,0,0,0,0,0,0,0,0,1,0,0,0,0,0,0,0,0,0	0,0,0,0,0,0,0,0,0,0,0,0,0,1,0,0,0,0,1,0,0,0,1	-1.090456,-0.879098,-0.930796,-1.015166,-0.993464,-0.079905,-0.945672,-1.001928,-1.009951,-0.774003,-1.049792,-1.175664,-1.090456,0.968367,-0.872688,-0.755039,-1.097748,-1.134572,0.231319,-1.114902,-1.208851,-0.779051,0.167953
Mlon_AT2_NA	Mlon_AT2_NA	acceptor_superclass::Phenolic acids (C6-C1)	acceptor_superclass::Phenolic acids (C6-C1);acceptor_superclass::Small peptides	0,0,0,0,0,0,0,0,0,0,0,0,0,1,0,0,0,0,0,0,0,0,0	0,0,0,0,0,0,0,0,0,0,0,0,0,1,0,0,0,0,1,0,0,0,0	-1.204292,-0.911756,-0.952647,-0.981855,-0.839162,-0.898511,-1.068552,-0.091325,-0.992415,-1.103288,-1.127759,-0.943620,-1.204292,1.003833,-0.686960,-0.277038,-0.974458,-0.880961,0.452733,-1.026384,-1.148230,-0.926162,-0.290484
Mlon_AT1_NA	Mlon_AT3_NA	acceptor_superclass::Phenolic acids (C6-C1)	acceptor_superclass::Phenolic acids (C6-C1);acceptor_superclass::Small peptides;acceptor_superclass::Tyrosine alkaloids	0,0,0,0,0,0,0,0,0,0,0,0,0,1,0,0,0,0,0,0,0,0,0	0,0,0,0,0,0,0,0,0,0,0,0,0,1,0,0,0,0,1,0,0,0,1	-1.066696,-0.884484,-0.847606,-1.059371,-0.848580,-0.040011,-0.928398,-1.045887,-0.989033,-0.866527,-1.040228,-1.261521,-1.050076,1.094619,-0.753275,-0.839947,-1.283509,-1.064536,0.512693,-1.048436,-1.188356,-0.807629,0.164040
Mlon_AT4_NA	Mlon_AT4_NA	acceptor_superclass::Lignans;acceptor_superclass::Phenolic acids (C6-C1)	acceptor_superclass::Fatty Acids and Conjugates;acceptor_superclass::Small peptides;acceptor_superclass::Tyrosine alkaloids	0,0,0,0,0,0,0,1,0,0,0,0,0,1,0,0,0,0,0,0,0,0,0	0,0,0,1,0,0,0,0,0,0,0,0,0,0,0,0,0,0,1,0,0,0,1	-1.015373,-0.996972,-0.666485,0.069718,-0.844586,-0.651451,-1.137304,0.000000,-1.160940,-0.871489,-1.100811,-0.973511,-1.042491,-0.040191,-1.347705,-0.475135,-0.884113,-0.972538,0.609039,-0.849692,-1.070018,-0.651668,0.150267
Mlon_AT6_NA	Mlon_AT6_NA	acceptor_superclass::Phenolic acids (C6-C1)	acceptor_superclass::Tyrosine alkaloids	0,0,0,0,0,0,0,0,0,0,0,0,0,1,0,0,0,0,0,0,0,0,0	0,0,0,0,0,0,0,0,0,0,0,0,0,0,0,0,0,0,0,0,0,0,1	-0.917970,-0.788034,-0.966818,-0.570097,-0.193010,-0.462517,-1.541838,0.000000,-1.322632,-0.683395,-0.962656,-1.092605,-0.977419,-0.443732,-0.572437,-0.430536,-1.134083,-1.099218,-0.152941,-1.120310,-1.012449,-0.673148,0.053364
Moff_RAS_CBW35684.1	Moff_RAS_CBW35684.1		acceptor_superclass::Phenolic acids (C6-C1);acceptor_superclass::Small peptides	0,0,0,0,0,0,0,0,0,0,0,0,0,0,0,0,0,0,0,0,0,0,0	0,0,0,0,0,0,0,0,0,0,0,0,0,1,0,0,0,0,1,0,0,0,0	-0.644031,-0.854424,-1.113210,-0.633818,-0.789671,-0.948801,-1.027725,-0.712317,-0.924931,-1.137927,-0.678064,-1.133542,-0.644031,0.490091,-1.037668,-0.167205,-1.069187,-0.883940,0.411515,-0.841796,-1.235751,-0.826455,-0.075117
Mpal_HCT_AXN55971.1	Mpal_HCT_AXN55971.1	acceptor_superclass::Phenolic acids (C6-C1)	acceptor_superclass::Phenolic acids (C6-C1);acceptor_superclass::Phenylpropanoids (C6-C3);acceptor_superclass::Saccharides;acceptor_superclass::Small peptides	0,0,0,0,0,0,0,0,0,0,0,0,0,1,0,0,0,0,0,0,0,0,0	0,0,0,0,0,0,0,0,0,0,0,0,0,1,0,1,0,1,1,0,0,0,0	-0.779596,-1.094570,-1.159456,-0.109004,-0.164022,-1.234992,-0.926074,0.000000,-1.080163,-0.561578,-0.469661,-0.993695,-0.738237,1.094364,-0.644429,0.455202,-1.028263,0.075377,0.902817,-0.601673,-1.310799,-0.738652,-0.634798
Mpol_HCT_PTQ49430.1	Mpol_HCT_PTQ49430.1	acceptor_superclass::Phenolic acids (C6-C1)	acceptor_superclass::Fatty Acids and Conjugates;acceptor_superclass::Phenolic acids (C6-C1)	0,0,0,0,0,0,0,0,0,0,0,0,0,1,0,0,0,0,0,0,0,0,0	0,0,0,1,0,0,0,0,0,0,0,0,0,1,0,0,0,0,0,0,0,0,0	-1.194249,-1.169096,-1.093521,0.014423,-0.918401,-0.586314,-0.889865,-1.353204,-0.939361,-0.782511,-1.064890,-0.748175,-1.214206,0.919890,-0.498123,-1.210141,-0.991732,-0.311713,-0.471545,-0.828325,-1.076168,-1.217889,-1.096565
Msap_AAT_CAC09063.1	Msap_AAT_CAC09063.1	acceptor_superclass::Fatty acyls;acceptor_superclass::Monoterpenoids;acceptor_superclass::Phenylethanoids (C6-C2);acceptor_superclass::Phenylpropanoids (C6-C3)	acceptor_superclass::Monoterpenoids;acceptor_superclass::Phenylpropanoids (C6-C3)	0,0,0,0,1,0,0,0,0,1,0,0,0,0,1,1,0,0,0,0,0,0,0	0,0,0,0,0,0,0,0,0,1,0,0,0,0,0,1,0,0,0,0,0,0,0	-0.987781,-0.853086,-0.784481,-0.784857,-0.728545,-1.383667,-1.181152,-1.077281,-1.265859,0.268587,-0.968004,-0.945788,-0.896939,-1.111275,-0.002429,0.966149,-1.246372,-1.198910,-0.526913,-0.672237,-0.997890,-1.313605,-0.972021
Mtru_MAT1_ABY91220.1	Mtru_MAT1_ABY91220.1	acceptor_superclass::Flavonoids;acceptor_superclass::Isoflavonoids	acceptor_superclass::Flavonoids;acceptor_superclass::Isoflavonoids	0,0,0,0,0,1,1,0,0,0,0,0,0,0,0,0,0,0,0,0,0,0,0	0,0,0,0,0,1,1,0,0,0,0,0,0,0,0,0,0,0,0,0,0,0,0	-1.048983,-1.237154,-0.729711,-0.930431,-0.842145,0.755913,0.775739,-1.017374,-1.019318,-0.850600,-0.643959,-1.106600,-1.164228,-1.008357,-1.718156,-1.318078,-0.639405,-0.750082,-0.912155,-0.343962,-0.452118,-1.083235,-0.002280
Mtru_MAT2_ABY91222.1	Mtru_MAT2_ABY91222.1	acceptor_superclass::Flavonoids;acceptor_superclass::Isoflavonoids	acceptor_superclass::Flavonoids;acceptor_superclass::Isoflavonoids	0,0,0,0,0,1,1,0,0,0,0,0,0,0,0,0,0,0,0,0,0,0,0	0,0,0,0,0,1,1,0,0,0,0,0,0,0,0,0,0,0,0,0,0,0,0	-0.485585,-0.826583,-0.879125,-0.648037,-0.792213,0.247862,0.780701,0.000000,-0.992722,-1.201883,-0.488325,-1.164219,-0.470694,-0.955420,-1.384064,-1.285930,-1.307438,-1.135826,-1.261615,-0.630160,-1.287926,-0.711164,-1.102334
Mtru_MAT3_ABY91221.1	Mtru_MAT3_ABY91221.1	acceptor_superclass::Flavonoids;acceptor_superclass::Isoflavonoids	acceptor_superclass::Flavonoids;acceptor_superclass::Isoflavonoids	0,0,0,0,0,1,1,0,0,0,0,0,0,0,0,0,0,0,0,0,0,0,0	0,0,0,0,0,1,1,0,0,0,0,0,0,0,0,0,0,0,0,0,0,0,0	-0.979254,-0.673763,-0.896202,-1.203840,-1.410925,1.442774,0.582819,-1.103163,-0.684795,-1.285657,-1.003806,-1.300366,-1.028059,-1.208080,-1.009145,-0.716524,-1.224529,-0.735043,-0.278987,-0.886143,-0.582002,-1.501389,-0.890927
Natt_AT1_AET80688.1	Natt_AT1_AET80688.1	acceptor_superclass::Ornithine alkaloids;acceptor_superclass::Pseudoalkaloids	acceptor_superclass::Fatty acyls;acceptor_superclass::Ornithine alkaloids;acceptor_superclass::Pseudoalkaloids	0,0,0,0,0,0,0,0,0,0,0,1,0,0,0,0,1,0,0,0,0,0,0	0,0,0,0,1,0,0,0,0,0,0,1,0,0,0,0,1,0,0,0,0,0,0	-0.952824,-1.116886,-0.542258,-0.450158,0.047358,-1.199500,-1.249218,-0.993208,-1.314104,-0.426759,-0.821757,0.603858,-0.952824,-0.991907,-0.931641,-1.055593,0.369922,-1.009977,-0.712009,-0.910664,-0.622408,-0.815499,-1.021588
Natt_DH29_AET80686.1	Natt_DH29_AET80686.1	acceptor_superclass::Ornithine alkaloids;acceptor_superclass::Pseudoalkaloids		0,0,0,0,0,0,0,0,0,0,0,1,0,0,0,0,1,0,0,0,0,0,0	0,0,0,0,0,0,0,0,0,0,0,0,0,0,0,0,0,0,0,0,0,0,0	-0.618276,-0.796918,-0.336668,-1.418098,-0.940197,-1.180007,-1.332583,-1.062467,-0.804540,-0.080673,-0.602640,-0.140869,-0.618276,-1.115693,-0.520349,-0.816469,-0.790543,-0.931570,-0.047843,-0.968696,-0.479521,-0.591070,-0.034644
Ntab_ASAT1_XP_016480914.1	Ntab_ASAT1_XP_016480914.1	acceptor_superclass::Saccharides	acceptor_superclass::Saccharides;acceptor_superclass::Tryptophan alkaloids	0,0,0,0,0,0,0,0,0,0,0,0,0,0,0,0,0,1,0,0,0,0,0	0,0,0,0,0,0,0,0,0,0,0,0,0,0,0,0,0,1,0,0,0,1,0	-0.935760,-1.102654,-1.385460,-0.919374,-1.171655,-0.118144,-0.876629,0.000000,-1.461768,-0.571942,-1.135885,-0.975571,-1.438961,-1.061845,-0.300526,-1.074157,-0.837183,1.585626,-0.285365,-1.354161,-1.794299,0.387397,-1.200745
Ntab_ASAT2_XP_016451255.1	Ntab_ASAT2_XP_016451255.1		acceptor_superclass::Saccharides	0,0,0,0,0,0,0,0,0,0,0,0,0,0,0,0,0,0,0,0,0,0,0	0,0,0,0,0,0,0,0,0,0,0,0,0,0,0,0,0,1,0,0,0,0,0	-0.833972,-0.830329,-1.215619,-1.157974,-0.779183,-0.878064,-0.942951,-1.439240,-0.899403,-0.776329,-0.526933,-1.530225,-0.808513,-1.395250,-1.135777,-0.756549,-1.317877,0.478801,-0.464078,-0.421244,-0.418907,-0.593194,-0.426275
Ntab_BEBT_AAN09798.1	Ntab_BEBT_AAN09798.1		acceptor_superclass::Fatty acyls;acceptor_superclass::Monoterpenoids;acceptor_superclass::Phenylethanoids (C6-C2);acceptor_superclass::Phenylpropanoids (C6-C3)	0,0,0,0,0,0,0,0,0,0,0,0,0,0,0,0,0,0,0,0,0,0,0	0,0,0,0,1,0,0,0,0,1,0,0,0,0,1,1,0,0,0,0,0,0,0	-0.959635,-1.116826,-0.567007,-1.363329,0.557917,-0.848523,-1.028128,-0.826146,-0.777711,0.088279,-1.112207,-1.195141,-0.958337,-0.782661,0.499429,0.793516,-1.087441,-0.894793,-1.082457,-0.877927,-1.240822,-1.152768,-1.239775
Ntab_HCT_CAD47830.1	Ntab_HCT_CAD47830.1	acceptor_superclass::Phenolic acids (C6-C1);acceptor_superclass::Phenylpropanoids (C6-C3)	acceptor_superclass::Flavonoids;acceptor_superclass::Monoterpenoids;acceptor_superclass::Phenolic acids (C6-C1);acceptor_superclass::Triterpenoids;acceptor_superclass::Tyrosine alkaloids	0,0,0,0,0,0,0,0,0,0,0,0,0,1,0,1,0,0,0,0,0,0,0	0,0,0,0,0,1,0,0,0,1,0,0,0,1,0,0,0,0,0,0,1,0,1	-0.959558,-1.005988,-1.035066,-0.735159,-0.716468,0.084848,-0.959715,-1.015352,-1.093590,0.391492,-1.001271,-1.120335,-0.965339,0.965163,-0.955755,-0.239694,-1.296689,-0.919329,-0.401585,-1.052658,0.629195,-0.824288,0.433097
Ntab_HQT_CAE46932.1	Ntab_HQT_CAE46932.1	acceptor_superclass::Phenolic acids (C6-C1);acceptor_superclass::Phenylpropanoids (C6-C3)	acceptor_superclass::Phenolic acids (C6-C1)	0,0,0,0,0,0,0,0,0,0,0,0,0,1,0,1,0,0,0,0,0,0,0	0,0,0,0,0,0,0,0,0,0,0,0,0,1,0,0,0,0,0,0,0,0,0	-0.981941,-0.915988,-0.911840,-0.907229,-1.419994,-0.455624,-0.993857,-1.269749,-0.873156,-0.709951,-1.089339,-1.195410,-1.041536,1.059256,-1.079010,-0.312461,-1.090945,-0.952788,-0.018137,-0.975813,-0.631651,-0.959667,-1.138073
Ntab_MAT1_BAD93691.1	Ntab_MAT1_BAD93691.1	acceptor_superclass::Coumarins;acceptor_superclass::Flavonoids;acceptor_superclass::Naphthalenes;acceptor_superclass::Phenanthrenoids	acceptor_superclass::Flavonoids;acceptor_superclass::Isoflavonoids	1,0,0,0,0,1,0,0,0,0,1,0,1,0,0,0,0,0,0,0,0,0,0	0,0,0,0,0,1,1,0,0,0,0,0,0,0,0,0,0,0,0,0,0,0,0	-1.224751,-1.254236,-0.693293,-0.286032,-0.964244,1.301504,0.062077,-1.365227,-0.895413,-0.929034,-1.045217,-1.408905,-1.366431,-0.345328,-1.056184,-2.104043,-1.026925,-1.471792,-0.922983,-1.137568,-1.132360,-1.911498,-1.724771
Ntab_SHT_QNO39110.1	Ntab_SHT_QNO39110.1	acceptor_superclass::Ornithine alkaloids	acceptor_superclass::Ornithine alkaloids;acceptor_superclass::Pseudoalkaloids	0,0,0,0,0,0,0,0,0,0,0,1,0,0,0,0,0,0,0,0,0,0,0	0,0,0,0,0,0,0,0,0,0,0,1,0,0,0,0,1,0,0,0,0,0,0	-0.972737,-0.863847,-1.038514,-0.988822,-0.566865,-0.610167,-0.845197,0.000000,-1.126288,-1.154782,-1.062503,0.943410,-1.088703,-0.408891,-0.526247,-0.699351,0.060046,-0.909672,-0.789609,-0.909031,-0.973326,-1.081099,-1.039444
Obas_CAAT1_QKK36036.1	Obas_CAAT1_QKK36036.1	acceptor_superclass::Phenylethanoids (C6-C2);acceptor_superclass::Phenylpropanoids (C6-C3)	acceptor_superclass::Fatty Acids and Conjugates;acceptor_superclass::Small peptides	0,0,0,0,0,0,0,0,0,0,0,0,0,0,1,1,0,0,0,0,0,0,0	0,0,0,1,0,0,0,0,0,0,0,0,0,0,0,0,0,0,1,0,0,0,0	-0.776089,-0.922382,-1.100610,0.490269,-0.250055,-0.517582,-1.449566,-0.894356,-0.657173,-1.429270,-0.504177,-1.088909,-0.839033,-0.778139,-0.826001,-0.609008,-1.102648,-0.907952,0.609206,-0.490741,-1.052742,-0.814936,-0.040829
Obas_CAAT2_QKK36037.1	Obas_CAAT2_QKK36037.1	acceptor_superclass::Phenylpropanoids (C6-C3)	acceptor_superclass::Fatty acyls;acceptor_superclass::Monoterpenoids;acceptor_superclass::Phenylpropanoids (C6-C3)	0,0,0,0,0,0,0,0,0,0,0,0,0,0,0,1,0,0,0,0,0,0,0	0,0,0,0,1,0,0,0,0,1,0,0,0,0,0,1,0,0,0,0,0,0,0	-1.019176,-0.865087,-0.518811,-0.605630,0.309625,-1.057360,-0.896628,-0.216648,-0.640183,0.238730,-1.140890,-0.578184,-0.976906,-1.081640,-0.043950,0.000923,-0.519392,-0.418132,-1.811920,-0.871025,-1.875053,-1.141340,-1.007635
Oeur_AT1_XP_022859703.1	Oeur_AT1_XP_022859703.1	acceptor_superclass::Phenylethanoids (C6-C2)	acceptor_superclass::Phenylethanoids (C6-C2)	0,0,0,0,0,0,0,0,0,0,0,0,0,0,1,0,0,0,0,0,0,0,0	0,0,0,0,0,0,0,0,0,0,0,0,0,0,1,0,0,0,0,0,0,0,0	-0.937803,-1.019225,-1.221455,-1.174135,-1.137784,-0.980555,-0.746656,0.000000,-0.807943,-0.694229,-0.816794,-1.009599,-0.945362,-0.440539,0.757703,-0.913610,-1.060110,-0.997934,-0.658128,-1.225445,-1.027963,-1.099416,-0.818010
Osat_AHT1_CAE03579.1	Osat_AHT1_CAE03579.1	acceptor_superclass::Ornithine alkaloids;acceptor_superclass::Pseudoalkaloids	acceptor_superclass::Ornithine alkaloids;acceptor_superclass::Pseudoalkaloids	0,0,0,0,0,0,0,0,0,0,0,1,0,0,0,0,1,0,0,0,0,0,0	0,0,0,0,0,0,0,0,0,0,0,1,0,0,0,0,1,0,0,0,0,0,0	-0.895827,-1.189925,-0.986779,-1.096093,-1.379564,-1.263724,-1.068434,0.000000,-0.986517,-1.163948,-0.981184,0.901013,-0.867225,-0.233788,-1.138097,-1.406699,0.977197,-1.125250,-1.082378,-1.122176,-1.063667,-0.746286,-0.759417
Osat_AT10_BAD33123.1	Osat_AT10_BAD33123.1	acceptor_superclass::Phenylpropanoids (C6-C3)	acceptor_superclass::Phenylpropanoids (C6-C3);acceptor_superclass::Tyrosine alkaloids	0,0,0,0,0,0,0,0,0,0,0,0,0,0,0,1,0,0,0,0,0,0,0	0,0,0,0,0,0,0,0,0,0,0,0,0,0,0,1,0,0,0,0,0,0,1	-1.022526,-1.375807,-0.520051,-0.944988,-0.496241,-0.937736,-1.146301,-1.216743,-0.784880,-0.734771,-1.107850,-1.438994,-1.061936,-0.948929,-0.549851,0.166211,-1.001498,-0.950233,-0.818030,-0.957963,-0.687970,-0.191369,0.346189
Osat_DPW2_BAS75979.1	Osat_DPW2_BAS75979.1	acceptor_superclass::Fatty Acids and Conjugates	acceptor_superclass::Fatty Acids and Conjugates;acceptor_superclass::Fatty acyls	0,0,0,1,0,0,0,0,0,0,0,0,0,0,0,0,0,0,0,0,0,0,0	0,0,0,1,1,0,0,0,0,0,0,0,0,0,0,0,0,0,0,0,0,0,0	-1.056968,-1.327417,-1.195710,0.240074,0.021640,-1.033878,-0.914697,0.000000,-1.131128,-0.999926,-1.087175,-1.335859,-1.020301,-1.116205,-0.600139,-0.042717,-1.401604,-1.316887,-2.180419,-1.222864,-0.951188,-1.123173,-2.265541
Osat_FMT_BAF16996.1	Osat_FMT_BAF16996.1	acceptor_superclass::Phenylpropanoids (C6-C3)	acceptor_superclass::Monoterpenoids;acceptor_superclass::Phenylpropanoids (C6-C3)	0,0,0,0,0,0,0,0,0,0,0,0,0,0,0,1,0,0,0,0,0,0,0	0,0,0,0,0,0,0,0,0,1,0,0,0,0,0,1,0,0,0,0,0,0,0	-1.004094,-0.781368,-0.978287,-1.122415,-0.820627,-0.655783,-1.097718,-0.885604,-0.868967,0.013372,-1.014341,-0.588165,-1.004094,-0.923355,-0.565634,0.762447,-0.653086,-0.791584,-0.705066,-0.988607,-0.521222,-1.475649,-0.890083
Osat_HCT4_BAD72437.1	Osat_HCT4_BAD72437.1	acceptor_superclass::Phenolic acids (C6-C1)	acceptor_superclass::Tryptophan alkaloids	0,0,0,0,0,0,0,0,0,0,0,0,0,1,0,0,0,0,0,0,0,0,0	0,0,0,0,0,0,0,0,0,0,0,0,0,0,0,0,0,0,0,0,0,1,0	-1.000401,-0.929869,-1.428738,-1.405253,-1.410859,-1.219151,-0.997305,-1.020985,-0.822511,-1.630854,-0.638295,-1.273347,-1.291355,-0.123884,-1.082227,-0.100954,-0.789553,-0.568347,-1.925902,-0.667203,-1.141263,0.053415,-0.414360
Osat_MAT-2_BAG96218.1	Osat_MAT-2_BAG96218.1	acceptor_superclass::Flavonoids;acceptor_superclass::Isoflavonoids	acceptor_superclass::Flavonoids;acceptor_superclass::Ornithine alkaloids	0,0,0,0,0,1,1,0,0,0,0,0,0,0,0,0,0,0,0,0,0,0,0	0,0,0,0,0,1,0,0,0,0,0,1,0,0,0,0,0,0,0,0,0,0,0	-0.589890,-0.776460,-1.278229,-0.548315,-0.742117,0.698324,-0.086533,-1.017618,-1.049834,-1.866412,-0.567209,0.379261,-0.589890,-0.751899,-1.013508,-0.201024,-0.169288,-0.869608,-1.136500,-0.756427,-1.703386,-0.594223,-1.630216
Osat_PHT2_BAD72527.1	Osat_PHT2_BAD72527.1	acceptor_superclass::Ornithine alkaloids;acceptor_superclass::Pseudoalkaloids	acceptor_superclass::Cyclic polyketides;acceptor_superclass::Fatty acyls;acceptor_superclass::Phenolic acids (C6-C1);acceptor_superclass::Triterpenoids	0,0,0,0,0,0,0,0,0,0,0,1,0,0,0,0,1,0,0,0,0,0,0	0,1,0,0,1,0,0,0,0,0,0,0,0,1,0,0,0,0,0,0,1,0,0	-1.163272,0.199986,-1.395701,-3.146671,0.684301,-0.911956,-2.900093,-1.578084,-1.114414,-1.293579,-1.236066,-2.989540,-1.360230,0.947087,-1.582400,-1.238439,-3.514975,-0.248579,-1.199136,-1.286442,0.962521,-1.327399,-2.746670
Osat_PHT3_BAC79154.1	Osat_PHT3_BAC79154.1	acceptor_superclass::Ornithine alkaloids;acceptor_superclass::Pseudoalkaloids	acceptor_superclass::Ornithine alkaloids;acceptor_superclass::Pseudoalkaloids	0,0,0,0,0,0,0,0,0,0,0,1,0,0,0,0,1,0,0,0,0,0,0	0,0,0,0,0,0,0,0,0,0,0,1,0,0,0,0,1,0,0,0,0,0,0	-0.909630,-0.880839,-1.006091,-0.649056,-0.731289,-0.601403,-1.056320,-0.899510,-0.895178,-0.914691,-0.911984,1.149766,-0.909630,-0.716455,-0.856960,-1.178114,1.078947,-1.238303,-0.632932,-0.980938,-1.101323,-0.372967,-0.699670
Osat_PHT4_BAC79155.1	Osat_PHT4_BAC79155.1	acceptor_superclass::Ornithine alkaloids;acceptor_superclass::Pseudoalkaloids	acceptor_superclass::Ornithine alkaloids;acceptor_superclass::Pseudoalkaloids	0,0,0,0,0,0,0,0,0,0,0,1,0,0,0,0,1,0,0,0,0,0,0	0,0,0,0,0,0,0,0,0,0,0,1,0,0,0,0,1,0,0,0,0,0,0	-1.078955,-0.863502,-1.277518,-0.140063,-1.268868,-1.561032,-0.854339,-1.013905,-1.024838,-1.292614,-1.004657,0.989991,-1.025006,-1.238279,-0.883967,-1.749552,0.614679,-1.041994,-1.347657,-0.672126,-1.137586,-0.597125,-1.143077
Osat_PHT4_BAC79155.1	Osat_PHT_BAC79155.1	acceptor_superclass::Ornithine alkaloids;acceptor_superclass::Pseudoalkaloids	acceptor_superclass::Ornithine alkaloids;acceptor_superclass::Pseudoalkaloids	0,0,0,0,0,0,0,0,0,0,0,1,0,0,0,0,1,0,0,0,0,0,0	0,0,0,0,0,0,0,0,0,0,0,1,0,0,0,0,1,0,0,0,0,0,0	-1.078955,-0.863502,-1.277518,-0.140063,-1.268868,-1.561032,-0.854339,-1.013905,-1.024838,-1.292614,-1.004657,0.989991,-1.025006,-1.238279,-0.883967,-1.749552,0.614679,-1.041994,-1.347657,-0.672126,-1.137586,-0.597125,-1.143077
Osat_PMT1_BAG87540.1	Osat_PMT1_BAG87540.1	acceptor_superclass::Phenylethanoids (C6-C2);acceptor_superclass::Phenylpropanoids (C6-C3)	acceptor_superclass::Monoterpenoids;acceptor_superclass::Phenylpropanoids (C6-C3)	0,0,0,0,0,0,0,0,0,0,0,0,0,0,1,1,0,0,0,0,0,0,0	0,0,0,0,0,0,0,0,0,1,0,0,0,0,0,1,0,0,0,0,0,0,0	-1.178037,-0.932862,-1.493270,-1.121745,-0.140116,-0.118019,-1.139033,-1.018557,-1.114836,0.034784,-0.985534,-0.527377,-1.132562,-1.344334,-0.337023,1.613284,-0.674046,-0.612843,-1.297635,-1.374923,-0.353069,-1.687502,-1.098709
Osat_PMT2_BAG91648.1	Osat_PMT2_BAG91648.1	acceptor_superclass::Phenylpropanoids (C6-C3)	acceptor_superclass::Phenylethanoids (C6-C2);acceptor_superclass::Phenylpropanoids (C6-C3)	0,0,0,0,0,0,0,0,0,0,0,0,0,0,0,1,0,0,0,0,0,0,0	0,0,0,0,0,0,0,0,0,0,0,0,0,0,1,1,0,0,0,0,0,0,0	-1.027679,-0.974854,-1.074717,-0.870556,-0.512448,-0.732082,-0.937061,-0.686660,-1.189371,-0.204219,-1.115339,-0.786943,-0.821648,-0.573819,0.398138,1.124060,-0.311607,-0.921053,-1.244092,-0.910486,-0.772536,-0.579386,-0.524247
Osat_TBT1_ANQ47375.1	Osat_TBT1_ANQ47375.1	acceptor_superclass::Ornithine alkaloids;acceptor_superclass::Pseudoalkaloids;acceptor_superclass::Tryptophan alkaloids	acceptor_superclass::Ornithine alkaloids;acceptor_superclass::Pseudoalkaloids;acceptor_superclass::Tryptophan alkaloids	0,0,0,0,0,0,0,0,0,0,0,1,0,0,0,0,1,0,0,0,0,1,0	0,0,0,0,0,0,0,0,0,0,0,1,0,0,0,0,1,0,0,0,0,1,0	-1.092063,-1.223368,-1.035081,-1.427693,-1.326811,-1.287495,-0.916320,0.000000,-0.783138,-0.861593,-0.996377,0.595736,-0.923553,-1.079134,-0.894506,-0.830633,0.165018,-1.130103,-1.097831,-0.971858,-1.130899,0.479791,-0.120975
Osat_TBT2_ANQ47376.1	Osat_TBT2_ANQ47376.1	acceptor_superclass::Tryptophan alkaloids	acceptor_superclass::Ornithine alkaloids;acceptor_superclass::Pseudoalkaloids;acceptor_superclass::Tryptophan alkaloids	0,0,0,0,0,0,0,0,0,0,0,0,0,0,0,0,0,0,0,0,0,1,0	0,0,0,0,0,0,0,0,0,0,0,1,0,0,0,0,1,0,0,0,0,1,0	-0.995249,-1.068935,-1.169023,-1.360106,-1.401952,-0.741997,-1.036265,-1.164530,-0.928804,-1.186627,-0.841883,1.202313,-0.995249,-0.920411,-1.387964,-1.397235,0.678160,-1.006088,-1.406666,-0.840707,-0.619520,1.030198,-0.300706
Osat_THT1_ANQ47373.1	Osat_THT1_ANQ47373.1	acceptor_superclass::Ornithine alkaloids;acceptor_superclass::Tryptophan alkaloids;acceptor_superclass::Tyrosine alkaloids	acceptor_superclass::Tryptophan alkaloids;acceptor_superclass::Tyrosine alkaloids	0,0,0,0,0,0,0,0,0,0,0,1,0,0,0,0,0,0,0,0,0,1,1	0,0,0,0,0,0,0,0,0,0,0,0,0,0,0,0,0,0,0,0,0,1,1	-1.115931,-0.989510,-1.008378,-0.773160,-1.238684,-1.572546,-1.047667,-0.964652,-1.127384,-0.386748,-0.574462,-0.301888,-1.174562,-0.818218,-1.242446,-0.670069,-0.279256,-0.765775,-0.654611,-0.796948,-0.704576,0.693713,0.367536
Osat_THT2_AAM74310.1	Osat_THT2_AAM74310.1	acceptor_superclass::Tryptophan alkaloids;acceptor_superclass::Tyrosine alkaloids	acceptor_superclass::Ornithine alkaloids;acceptor_superclass::Pseudoalkaloids;acceptor_superclass::Tryptophan alkaloids	0,0,0,0,0,0,0,0,0,0,0,0,0,0,0,0,0,0,0,0,0,1,1	0,0,0,0,0,0,0,0,0,0,0,1,0,0,0,0,1,0,0,0,0,1,0	-0.741002,-0.975571,-1.155973,-0.281929,-0.964158,-1.046038,-1.461255,-0.911218,-1.080357,-1.289906,-0.565488,1.331780,-0.657652,-1.295761,-1.070471,-1.232729,0.449549,-0.901148,-0.434700,-0.672727,-1.601866,0.680755,-0.036372
Paff_BAHD21_NA	Paff_BAHD21_NA	acceptor_superclass::Flavonoids	acceptor_superclass::Coumarins;acceptor_superclass::Flavonoids;acceptor_superclass::Naphthalenes;acceptor_superclass::Ornithine alkaloids;acceptor_superclass::Phenanthrenoids;acceptor_superclass::Pseudoalkaloids	0,0,0,0,0,1,0,0,0,0,0,0,0,0,0,0,0,0,0,0,0,0,0	1,0,0,0,0,1,0,0,0,0,1,1,1,0,0,0,1,0,0,0,0,0,0	0.234560,-0.950065,-1.237708,-1.333220,-1.118576,1.072423,-0.002018,0.000000,-1.191830,-2.330757,0.188183,0.064354,0.109091,-1.025207,-1.065454,-0.114264,0.201251,-0.833038,-0.860254,-0.667137,-1.032202,-1.028903,-1.078314
Papp_HCT_AXN55972.1	Papp_HCT_AXN55972.1	acceptor_superclass::Phenolic acids (C6-C1)	acceptor_superclass::Fatty Acids and Conjugates;acceptor_superclass::Phenolic acids (C6-C1);acceptor_superclass::Small peptides	0,0,0,0,0,0,0,0,0,0,0,0,0,1,0,0,0,0,0,0,0,0,0	0,0,0,1,0,0,0,0,0,0,0,0,0,1,0,0,0,0,1,0,0,0,0	-1.107376,-1.082610,-0.808847,0.254061,-0.771443,-1.780359,-1.362371,0.000000,-0.789020,-0.709570,-1.030012,-0.761929,-0.857980,0.732640,-0.906269,-0.396647,-0.541683,-0.051798,0.754127,-0.786366,-1.355248,-0.873855,-0.799527
Paxi_ASAT1_AOR06331.1	Paxi_ASAT1_AOR06331.1	acceptor_superclass::Saccharides		0,0,0,0,0,0,0,0,0,0,0,0,0,0,0,0,0,1,0,0,0,0,0	0,0,0,0,0,0,0,0,0,0,0,0,0,0,0,0,0,0,0,0,0,0,0	-1.067672,-0.824313,-1.266121,-0.640995,-0.565806,-1.037053,-0.739602,-1.255338,-0.888878,-0.957463,-0.663853,-1.072361,-1.067672,-1.127588,-0.896685,-1.064236,-1.105564,-0.292469,-0.986992,-0.997528,-0.969141,-1.094952,-0.828398
Paxi_ASAT1_AOR06331.1	Paxi_ASAT2_AOR06331.1		acceptor_superclass::Saccharides	0,0,0,0,0,0,0,0,0,0,0,0,0,0,0,0,0,0,0,0,0,0,0	0,0,0,0,0,0,0,0,0,0,0,0,0,0,0,0,0,1,0,0,0,0,0	-1.105858,-0.765202,-1.386910,-0.622697,-0.448562,-1.132487,-0.778254,-1.091503,-0.862954,-0.526001,-0.743941,-0.780714,-0.946986,-1.229800,-0.549283,-0.709479,-0.972963,0.957693,-1.298717,-0.920899,-1.111123,-1.232841,-0.740329
Paxi_ASAT3_AOR06333.1	Paxi_ASAT3_AOR06333.1			0,0,0,0,0,0,0,0,0,0,0,0,0,0,0,0,0,0,0,0,0,0,0	0,0,0,0,0,0,0,0,0,0,0,0,0,0,0,0,0,0,0,0,0,0,0	-1.096427,-0.872102,-1.234749,-0.864674,-1.195079,-1.000342,-0.790411,-1.085422,-1.143249,-0.214480,-0.816491,-0.841560,-0.990977,-0.883865,-0.833932,-1.061538,-0.360897,-0.185724,-0.973610,-1.219019,-1.377178,-0.784085,-1.467868
Paxi_ASAT4_AOR06334.1	Paxi_ASAT4_AOR06334.1		acceptor_superclass::Saccharides	0,0,0,0,0,0,0,0,0,0,0,0,0,0,0,0,0,0,0,0,0,0,0	0,0,0,0,0,0,0,0,0,0,0,0,0,0,0,0,0,1,0,0,0,0,0	-0.664262,-1.286171,-0.509914,-0.942779,-1.656136,-0.077662,-0.688129,-1.123655,-0.900232,-1.247603,-1.092628,-1.179913,-0.446384,-0.462000,-1.693047,-2.209570,-1.198607,0.346905,-2.436536,-0.846254,-1.045630,-1.151399,-1.365299
Paxi_CFAT_ABG75942.1	Paxi_CFAT_ABG75942.1	acceptor_superclass::Fatty acyls;acceptor_superclass::Monoterpenoids;acceptor_superclass::Phenylethanoids (C6-C2);acceptor_superclass::Phenylpropanoids (C6-C3)	acceptor_superclass::Phenylpropanoids (C6-C3)	0,0,0,0,1,0,0,0,0,1,0,0,0,0,1,1,0,0,0,0,0,0,0	0,0,0,0,0,0,0,0,0,0,0,0,0,0,0,1,0,0,0,0,0,0,0	-1.172905,-0.812794,-0.839701,-1.256807,-0.751404,-1.392567,-1.123361,-0.603159,-0.685417,-1.086977,-1.368328,-0.793840,-1.137680,-1.126795,-0.914093,1.000791,-0.869432,-1.092227,-0.763173,-1.125434,-0.865485,-0.796015,-1.070149
Pbar_AT1_WEX29777.1	Pbar_AT1_WEX29777.1	acceptor_superclass::Phenylethanoids (C6-C2)	acceptor_superclass::Phenylethanoids (C6-C2)	0,0,0,0,0,0,0,0,0,0,0,0,0,0,1,0,0,0,0,0,0,0,0	0,0,0,0,0,0,0,0,0,0,0,0,0,0,1,0,0,0,0,0,0,0,0	-0.837047,-1.044683,-1.095457,-0.633895,-1.052069,-1.241188,-0.933538,-1.077435,-1.021641,-0.820382,-0.998970,-0.919187,-0.907106,-0.553911,0.884586,-0.664864,-0.919343,-0.840282,-0.382967,-1.281635,-1.082999,-1.043784,-1.092884
Pcam_HCT_QDF44405.1	Pcam_HCT_QDF44405.1	acceptor_superclass::Phenolic acids (C6-C1)	acceptor_superclass::Phenolic acids (C6-C1);acceptor_superclass::Small peptides	0,0,0,0,0,0,0,0,0,0,0,0,0,1,0,0,0,0,0,0,0,0,0	0,0,0,0,0,0,0,0,0,0,0,0,0,1,0,0,0,0,1,0,0,0,0	-0.993079,-1.048046,-0.899491,-0.821919,-1.166010,-0.112162,-0.876614,0.000000,-0.962815,-1.081165,-0.980644,-1.235502,-0.981838,1.040626,-1.219021,-0.406118,-1.292580,-0.985314,0.002759,-0.950022,-0.943598,-0.895842,-0.121993
Pcam_HQT_QDF44406.1	Pcam_HQT_QDF44406.1	acceptor_superclass::Phenolic acids (C6-C1)	acceptor_superclass::Phenolic acids (C6-C1)	0,0,0,0,0,0,0,0,0,0,0,0,0,1,0,0,0,0,0,0,0,0,0	0,0,0,0,0,0,0,0,0,0,0,0,0,1,0,0,0,0,0,0,0,0,0	-1.202692,-0.933434,-0.981026,-0.841722,-0.726244,-0.710175,-0.816878,0.000000,-1.192367,-0.731017,-1.404490,-0.481205,-1.311854,1.096452,-1.061995,-0.973319,-0.787349,-0.578975,-0.215336,-0.950582,-0.631228,-0.966078,-0.765186
Pcam_RAS_QDF44407.1	Pcam_RAS_QDF44407.1	acceptor_superclass::Phenolic acids (C6-C1)	acceptor_superclass::Flavonoids;acceptor_superclass::Phenylethanoids (C6-C2);acceptor_superclass::Phenylpropanoids (C6-C3);acceptor_superclass::Small peptides	0,0,0,0,0,0,0,0,0,0,0,0,0,1,0,0,0,0,0,0,0,0,0	0,0,0,0,0,1,0,0,0,0,0,0,0,0,1,1,0,0,1,0,0,0,0	-0.419521,-1.237448,-1.098534,-0.065425,-0.775738,0.282594,-1.103043,-0.674917,-0.906547,-0.716119,-0.510303,-0.596069,-0.419521,-0.439540,0.020658,0.100480,-1.171142,-1.348017,0.085759,-0.714847,-0.371018,-1.659100,-0.397252
Pcru_3MAT_AAO38058.1	Pcru_3MAT_AAO38058.1	acceptor_superclass::Flavonoids		0,0,0,0,0,1,0,0,0,0,0,0,0,0,0,0,0,0,0,0,0,0,0	0,0,0,0,0,0,0,0,0,0,0,0,0,0,0,0,0,0,0,0,0,0,0	-0.862501,-0.795204,-0.918812,-0.957781,-0.677299,-0.195781,-0.711608,-1.114939,-1.257009,-0.847449,-0.843545,-1.003684,-0.742209,-1.215909,-0.439086,-0.953707,-1.189736,-1.216778,-1.282007,-0.928523,-1.063910,-0.842413,-1.146151
Pfru_3AT_BAA93475.1	Pfru_3AT_BAA93475.1	acceptor_superclass::Flavonoids	acceptor_superclass::Flavonoids	0,0,0,0,0,1,0,0,0,0,0,0,0,0,0,0,0,0,0,0,0,0,0	0,0,0,0,0,1,0,0,0,0,0,0,0,0,0,0,0,0,0,0,0,0,0	-1.536196,-1.065324,-0.593695,-1.210072,-1.181934,1.312956,-0.047300,0.000000,-0.935029,-1.511454,-1.665684,-0.402233,-1.315485,-0.150679,-0.963451,-1.013391,-0.397772,-0.852274,-0.385980,-0.766511,-0.132042,-1.037680,-0.448856
Phyb_AAT_AAW31948.1	Phyb_AAT_AAW31948.1	acceptor_superclass::Fatty acyls;acceptor_superclass::Monoterpenoids	acceptor_superclass::Cyclic polyketides;acceptor_superclass::Fatty acyls;acceptor_superclass::Monoterpenoids;acceptor_superclass::Phenylethanoids (C6-C2)	0,0,0,0,1,0,0,0,0,1,0,0,0,0,0,0,0,0,0,0,0,0,0	0,1,0,0,1,0,0,0,0,1,0,0,0,0,1,0,0,0,0,0,0,0,0	-1.053970,0.170120,-1.275908,-1.186378,0.863290,-1.076006,-0.899339,-1.093162,-1.002525,0.822260,-0.811600,-0.619131,-1.081507,-0.982575,0.927889,-0.438622,-0.568595,-1.064141,-1.253625,-0.709869,-1.020448,-0.928398,-0.896155
Phyb_BPBT_AAU06226.1	Phyb_BPBT_AAU06226.1	acceptor_superclass::Fatty acyls;acceptor_superclass::Monoterpenoids;acceptor_superclass::Phenylethanoids (C6-C2);acceptor_superclass::Phenylpropanoids (C6-C3)	acceptor_superclass::Monoterpenoids	0,0,0,0,1,0,0,0,0,1,0,0,0,0,1,1,0,0,0,0,0,0,0	0,0,0,0,0,0,0,0,0,1,0,0,0,0,0,0,0,0,0,0,0,0,0	-0.962271,-0.962831,-0.719809,-0.876526,-0.427481,-0.428853,-1.136289,-0.816259,-0.825563,0.389489,-0.951943,-0.938360,-1.093885,-1.196241,-0.778893,-0.121738,-0.877630,-1.011010,-1.030754,-1.052467,-0.889434,-0.994354,-1.155855
Phyb_CFAT_ABG75942.1	Phyb_CFAT_ABG75942.1	acceptor_superclass::Phenylpropanoids (C6-C3)	acceptor_superclass::Fatty acyls;acceptor_superclass::Monoterpenoids;acceptor_superclass::Phenylethanoids (C6-C2);acceptor_superclass::Phenylpropanoids (C6-C3)	0,0,0,0,0,0,0,0,0,0,0,0,0,0,0,1,0,0,0,0,0,0,0	0,0,0,0,1,0,0,0,0,1,0,0,0,0,1,1,0,0,0,0,0,0,0	-1.225292,-0.929888,-0.700311,-1.150846,0.614974,-1.069407,-0.928545,0.000000,-0.454760,0.800978,-1.398023,-0.787759,-1.191894,-1.046289,0.799812,0.883947,-0.868136,-1.068240,-0.669190,-1.141846,-0.933511,-0.865384,-0.760630
Pnig_PAS_QUS53101.1	Pnig_BAHD1_QUS53101.1	acceptor_superclass::Lysine alkaloids;acceptor_superclass::Pseudoalkaloids	acceptor_superclass::Lysine alkaloids;acceptor_superclass::Pseudoalkaloids	0,0,0,0,0,0,0,0,1,0,0,0,0,0,0,0,1,0,0,0,0,0,0	0,0,0,0,0,0,0,0,1,0,0,0,0,0,0,0,1,0,0,0,0,0,0	-1.060664,-1.060295,-0.995790,-0.880420,-0.318253,-0.825024,-1.037564,-0.900341,0.992793,-0.273140,-0.829802,-0.757208,-1.138062,-1.213333,-0.540131,-0.214281,0.813272,-0.987971,-0.887585,-1.031726,-1.321652,-0.891848,-1.476815
Pnig_PS_QUS53100.1	Pnig_BAHD2_QUS53100.1	acceptor_superclass::Lysine alkaloids	acceptor_superclass::Lysine alkaloids	0,0,0,0,0,0,0,0,1,0,0,0,0,0,0,0,0,0,0,0,0,0,0	0,0,0,0,0,0,0,0,1,0,0,0,0,0,0,0,0,0,0,0,0,0,0	-1.167322,-0.838686,-1.055433,-1.074482,-0.335071,-0.709141,-1.026754,-1.313419,0.963088,-1.241249,-1.268511,-1.132697,-1.283939,-0.790229,-0.434407,-0.657894,-0.209775,-1.049862,-0.471492,-1.212045,-1.147061,-0.957965,-1.063209
Pnig_HCT1_AEN02914.1	Pnig_HCT1_AEN02914.1	acceptor_superclass::Phenolic acids (C6-C1)	acceptor_superclass::Diterpenoids;acceptor_superclass::Phenolic acids (C6-C1);acceptor_superclass::Pseudoalkaloids;acceptor_superclass::Small peptides	0,0,0,0,0,0,0,0,0,0,0,0,0,1,0,0,0,0,0,0,0,0,0	0,0,1,0,0,0,0,0,0,0,0,0,0,1,0,0,1,0,1,0,0,0,0	-1.453877,-1.387764,0.601000,-2.333286,-1.904770,-0.517728,-1.748737,-1.733323,-1.011496,-1.137089,-1.186005,-0.194060,-1.826776,1.510053,-1.863397,-3.885900,1.050450,-1.365719,1.473380,-2.074301,-0.489505,-1.543674,-0.945766
Pnig_PAS_QUS53101.1	Pnig_PAS_QUS53101.1	acceptor_superclass::Lysine alkaloids;acceptor_superclass::Pseudoalkaloids	acceptor_superclass::Lysine alkaloids;acceptor_superclass::Pseudoalkaloids	0,0,0,0,0,0,0,0,1,0,0,0,0,0,0,0,1,0,0,0,0,0,0	0,0,0,0,0,0,0,0,1,0,0,0,0,0,0,0,1,0,0,0,0,0,0	-1.181524,-0.974801,-1.111934,-1.028170,-0.557006,-0.739628,-1.027439,-0.944378,0.993338,-0.315215,-0.975794,-0.817671,-1.268162,-1.292294,-0.691199,-0.177673,0.838832,-0.926191,-0.833802,-1.086272,-1.255952,-0.890276,-1.165267
Pnig_PHT1_BGB46908.1	Pnig_PHT1_BGB46908.1	acceptor_superclass::Ornithine alkaloids;acceptor_superclass::Pseudoalkaloids	acceptor_superclass::Ornithine alkaloids;acceptor_superclass::Pseudoalkaloids;acceptor_superclass::Tryptophan alkaloids	0,0,0,0,0,0,0,0,0,0,0,1,0,0,0,0,1,0,0,0,0,0,0	0,0,0,0,0,0,0,0,0,0,0,1,0,0,0,0,1,0,0,0,0,1,0	-1.193401,-0.899990,-1.346303,-0.814270,-0.786526,-0.171741,-0.760899,0.000000,-0.819972,-0.704136,-1.085070,0.498619,-1.115367,-1.118846,-0.771085,-1.043621,0.350364,-0.960076,-0.823374,-0.808193,-0.852183,0.059444,-0.152950
Pnig_PS_QUS53100.1	Pnig_PS_QUS53100.1	acceptor_superclass::Lysine alkaloids	acceptor_superclass::Lysine alkaloids	0,0,0,0,0,0,0,0,1,0,0,0,0,0,0,0,0,0,0,0,0,0,0	0,0,0,0,0,0,0,0,1,0,0,0,0,0,0,0,0,0,0,0,0,0,0	-0.960688,-0.839303,-0.931519,-0.883115,-0.481952,-0.650397,-1.059285,-1.296035,0.981541,-0.610953,-1.086038,-1.017738,-1.028968,-0.961063,-0.577683,-0.881445,-0.377921,-0.965089,-0.524615,-1.113925,-1.283915,-0.933119,-1.372367
Post_DPBT_Pos.gene30573	Post_DPBT_Pos.gene30573	acceptor_superclass::Monoterpenoids	acceptor_superclass::Fatty acyls;acceptor_superclass::Phenylethanoids (C6-C2)	0,0,0,0,0,0,0,0,0,1,0,0,0,0,0,0,0,0,0,0,0,0,0	0,0,0,0,1,0,0,0,0,0,0,0,0,0,1,0,0,0,0,0,0,0,0	-0.834132,-0.678176,-0.890843,-1.643131,0.447343,-0.661459,-0.489048,-1.073008,-0.066839,-0.701775,-0.877449,-1.882515,-0.889399,-0.385574,0.215617,-0.189356,-1.611706,-1.233707,-0.963417,-1.078411,-1.574684,-0.732847,-0.719690
Ppat_HCT1_AMK38063.1	Ppat_HCT1_AMK38063.1	acceptor_superclass::Phenolic acids (C6-C1);acceptor_superclass::Saccharides;acceptor_superclass::Small peptides	acceptor_superclass::Phenolic acids (C6-C1)	0,0,0,0,0,0,0,0,0,0,0,0,0,1,0,0,0,1,1,0,0,0,0	0,0,0,0,0,0,0,0,0,0,0,0,0,1,0,0,0,0,0,0,0,0,0	-1.348317,-0.797290,-0.982581,-1.036961,-1.563877,-0.705090,-1.074831,-1.180312,-0.485550,-1.623497,-1.370048,-1.390363,-1.564888,0.458818,-1.188447,-0.472361,-1.025616,-1.106982,-0.197163,-1.443618,-0.381264,-1.022531,-0.713203
Ppat_HCT1_AMK38063.1	Ppat_HCT_AMK38063.1	acceptor_superclass::Fatty Acids and Conjugates;acceptor_superclass::Phenolic acids (C6-C1);acceptor_superclass::Phenylpropanoids (C6-C3);acceptor_superclass::Saccharides	acceptor_superclass::Phenolic acids (C6-C1)	0,0,0,1,0,0,0,0,0,0,0,0,0,1,0,1,0,1,0,0,0,0,0	0,0,0,0,0,0,0,0,0,0,0,0,0,1,0,0,0,0,0,0,0,0,0	-1.348317,-0.797290,-0.982581,-1.036961,-1.563877,-0.705090,-1.074831,-1.180312,-0.485550,-1.623497,-1.370048,-1.390363,-1.564888,0.458818,-1.188447,-0.472361,-1.025616,-1.106982,-0.197163,-1.443618,-0.381264,-1.022531,-0.713203
Pper_AAT1_QEZ90730.1	Pper_AAT1_QEZ90730.1	acceptor_superclass::Fatty acyls	acceptor_superclass::Fatty acyls	0,0,0,0,1,0,0,0,0,0,0,0,0,0,0,0,0,0,0,0,0,0,0	0,0,0,0,1,0,0,0,0,0,0,0,0,0,0,0,0,0,0,0,0,0,0	-0.997335,-1.041867,-0.955927,-0.834698,0.714468,-0.920213,-1.062106,-0.998239,-1.152483,-0.938446,-1.315711,-0.833678,-0.974844,-0.500390,-0.533845,-0.146896,-0.559864,-0.819006,-1.333778,-0.844807,-1.095186,-0.981690,-1.136442
Prad_HCT_ABO52899.1	Prad_HCT_ABO52899.1	acceptor_superclass::Phenolic acids (C6-C1);acceptor_superclass::Small peptides	acceptor_superclass::Phenolic acids (C6-C1);acceptor_superclass::Phenylpropanoids (C6-C3);acceptor_superclass::Small peptides	0,0,0,0,0,0,0,0,0,0,0,0,0,1,0,0,0,0,1,0,0,0,0	0,0,0,0,0,0,0,0,0,0,0,0,0,1,0,1,0,0,1,0,0,0,0	-0.914813,-0.992054,-0.963491,-0.647693,-0.689704,-0.236950,-1.102116,-1.246867,-0.927061,-0.661116,-0.830167,-0.798592,-0.842145,0.727242,-0.440724,0.035334,-1.000453,-1.015686,0.166171,-1.021219,-0.700528,-1.363047,-1.238093
Pscu_HCT2_CBI83579.1	Pscu_HCT2_CBI83579.1	acceptor_superclass::Flavonoids;acceptor_superclass::Phenolic acids (C6-C1);acceptor_superclass::Tyrosine alkaloids	acceptor_superclass::Phenolic acids (C6-C1);acceptor_superclass::Small peptides	0,0,0,0,0,1,0,0,0,0,0,0,0,1,0,0,0,0,0,0,0,0,1	0,0,0,0,0,0,0,0,0,0,0,0,0,1,0,0,0,0,1,0,0,0,0	-0.943037,-1.041201,-0.904842,-0.838565,-0.889252,-0.650356,-0.977892,-0.987826,-1.054330,-0.586610,-0.907335,-0.956508,-0.989694,1.019715,-1.184569,-0.365446,-1.236151,-0.939446,0.628721,-0.934045,-0.675131,-0.772746,-0.389284
Pscu_RAS_CAK55166.1	Pscu_RAS_CAK55166.1		acceptor_superclass::Small peptides;acceptor_superclass::Tyrosine alkaloids	0,0,0,0,0,0,0,0,0,0,0,0,0,0,0,0,0,0,0,0,0,0,0	0,0,0,0,0,0,0,0,0,0,0,0,0,0,0,0,0,0,1,0,0,0,1	-0.857131,-0.897050,-1.136150,-0.683316,-0.798333,-0.576361,-0.986080,-0.601651,-1.006288,-0.646836,-0.875988,-1.106481,-0.840363,-0.095799,-0.687071,-0.628470,-0.877223,-1.019078,0.749870,-0.917731,-0.998784,-0.483036,0.804466
Psom_SALAT_AAK73661.1	Psom_SALAT_AAK73661.1	acceptor_superclass::Tyrosine alkaloids	acceptor_superclass::Monoterpenoids;acceptor_superclass::Triterpenoids	0,0,0,0,0,0,0,0,0,0,0,0,0,0,0,0,0,0,0,0,0,0,1	0,0,0,0,0,0,0,0,0,1,0,0,0,0,0,0,0,0,0,0,1,0,0	-0.600811,-1.063787,-1.444184,-1.254378,-1.176821,-0.679907,-0.704264,-0.732979,-0.940227,0.010484,-0.762828,-0.677644,-0.442311,-0.984641,-1.228847,-0.570897,-1.041421,-0.693774,-1.215667,-0.777411,0.058711,-0.684710,-0.374542
Ptri_BEBT_AJD25145.1	Ptri_BEBT_AJD25145.1		acceptor_superclass::Fatty acyls;acceptor_superclass::Monoterpenoids;acceptor_superclass::Phenylethanoids (C6-C2);acceptor_superclass::Phenylpropanoids (C6-C3)	0,0,0,0,0,0,0,0,0,0,0,0,0,0,0,0,0,0,0,0,0,0,0	0,0,0,0,1,0,0,0,0,1,0,0,0,0,1,1,0,0,0,0,0,0,0	-1.076136,-1.043017,-1.088992,-0.958582,0.434152,-0.738687,-1.110584,-0.860934,-0.719713,0.443487,-1.172634,-1.120095,-1.166335,-1.233325,0.122915,0.376477,-1.076359,-0.803112,-0.959875,-1.007199,-0.642031,-0.877839,-1.079903
Ptri_FHT1_AGJ03151.1	Ptri_FHT1_AGJ03151.1	acceptor_superclass::Fatty Acids and Conjugates;acceptor_superclass::Fatty acyls	acceptor_superclass::Fatty Acids and Conjugates;acceptor_superclass::Fatty acyls	0,0,0,1,1,0,0,0,0,0,0,0,0,0,0,0,0,0,0,0,0,0,0	0,0,0,1,1,0,0,0,0,0,0,0,0,0,0,0,0,0,0,0,0,0,0	-0.931278,-0.883230,-1.021904,1.092602,0.877820,-0.339551,-0.847219,-0.666032,-1.106810,-1.100947,-1.018799,-0.948636,-0.808665,-0.251281,-0.967534,-0.283224,-0.540126,-1.010149,-1.007377,-1.148131,-1.222831,-1.098610,-1.007386
Ptri_HBMT1_PNT60021.1	Ptri_HBMT1_PNT60021.1	acceptor_superclass::Phenylpropanoids (C6-C3)	acceptor_superclass::Phenylethanoids (C6-C2);acceptor_superclass::Phenylpropanoids (C6-C3)	0,0,0,0,0,0,0,0,0,0,0,0,0,0,0,1,0,0,0,0,0,0,0	0,0,0,0,0,0,0,0,0,0,0,0,0,0,1,1,0,0,0,0,0,0,0	-1.054776,-0.936790,-1.002033,-1.000602,-0.025497,-1.180456,-1.055138,-0.888295,-0.797064,-0.033854,-0.744439,-1.159172,-1.054776,-0.973369,0.029362,0.845008,-1.537215,-0.937050,-0.705831,-1.138226,-0.596892,-1.427206,-0.673496
Ptri_HCT6_PNT52620.1	Ptri_HCT6_PNT52620.1	acceptor_superclass::Phenolic acids (C6-C1);acceptor_superclass::Small peptides	acceptor_superclass::Phenolic acids (C6-C1);acceptor_superclass::Small peptides	0,0,0,0,0,0,0,0,0,0,0,0,0,1,0,0,0,0,1,0,0,0,0	0,0,0,0,0,0,0,0,0,0,0,0,0,1,0,0,0,0,1,0,0,0,0	-1.001890,-1.000885,-1.021518,-0.772398,-1.072211,-0.398375,-1.063448,0.000000,-0.776986,-0.894662,-1.009368,-0.949103,-1.038502,0.970767,-1.316696,-0.628547,-0.896593,-0.990609,0.912909,-0.870661,-0.942288,-1.212629,-0.335089
Ptri_HBMT1_PNT60021.1	Ptri_PHBMT1_AJD79571.1	acceptor_superclass::Phenylpropanoids (C6-C3)	acceptor_superclass::Fatty acyls;acceptor_superclass::Monoterpenoids;acceptor_superclass::Phenylpropanoids (C6-C3)	0,0,0,0,0,0,0,0,0,0,0,0,0,0,0,1,0,0,0,0,0,0,0	0,0,0,0,1,0,0,0,0,1,0,0,0,0,0,1,0,0,0,0,0,0,0	-1.021091,-0.928834,-1.012329,-0.916909,0.053644,-1.134708,-1.033088,-1.015840,-0.763387,0.002604,-0.665627,-1.188529,-1.183518,-1.049057,-0.383618,0.784165,-1.480386,-1.093226,-0.520321,-1.510515,-0.629817,-1.453653,-0.725705
Ptri_SABT_AJD25144.1	Ptri_SABT_AJD25144.1	acceptor_superclass::Phenylpropanoids (C6-C3)	acceptor_superclass::Fatty acyls;acceptor_superclass::Monoterpenoids;acceptor_superclass::Phenylethanoids (C6-C2);acceptor_superclass::Phenylpropanoids (C6-C3)	0,0,0,0,0,0,0,0,0,0,0,0,0,0,0,1,0,0,0,0,0,0,0	0,0,0,0,1,0,0,0,0,1,0,0,0,0,1,1,0,0,0,0,0,0,0	-1.018026,-0.940771,-1.039766,-1.003572,0.616574,-1.050632,-0.929973,-1.086152,-0.856271,0.153529,-1.146951,-1.005197,-1.079207,-0.977098,0.068062,0.120385,-0.894955,-1.136885,-0.827072,-0.937295,-1.225948,-0.940759,-1.073391
Pvir_FMT_KAG2630178.1	Pvir_FMT_KAG2630178.1	acceptor_superclass::Phenylpropanoids (C6-C3)	acceptor_superclass::Phenylpropanoids (C6-C3)	0,0,0,0,0,0,0,0,0,0,0,0,0,0,0,1,0,0,0,0,0,0,0	0,0,0,0,0,0,0,0,0,0,0,0,0,0,0,1,0,0,0,0,0,0,0	-1.036499,-1.029116,-0.992463,-1.048865,-0.756186,-1.381635,-1.233225,-1.183436,-0.883318,-0.272569,-1.003585,-0.791420,-1.031076,-1.020693,-0.589976,0.409080,-0.644411,-0.952730,-0.408108,-0.889609,-0.790344,-0.882983,-0.764594
Pvir_HCT1a_BAO20883.1	Pvir_HCT1a_BAO20883.1	acceptor_superclass::Phenolic acids (C6-C1)	acceptor_superclass::Phenolic acids (C6-C1);acceptor_superclass::Small peptides	0,0,0,0,0,0,0,0,0,0,0,0,0,1,0,0,0,0,0,0,0,0,0	0,0,0,0,0,0,0,0,0,0,0,0,0,1,0,0,0,0,1,0,0,0,0	-0.965196,-1.109358,-1.148485,-1.535999,-1.169581,-0.646818,-0.944127,-1.108057,-0.878238,-1.093824,-0.991033,-1.061326,-0.984392,1.480357,-0.753039,-0.399716,-1.055166,-0.915127,0.127787,-0.901715,-0.554878,-1.096006,-0.880867
Pvir_HCT2a_AGM90558.1	Pvir_HCT2a_AGM90558.1	acceptor_superclass::Phenolic acids (C6-C1);acceptor_superclass::Phenylpropanoids (C6-C3);acceptor_superclass::Small peptides	acceptor_superclass::Phenolic acids (C6-C1);acceptor_superclass::Small peptides	0,0,0,0,0,0,0,0,0,0,0,0,0,1,0,1,0,0,1,0,0,0,0	0,0,0,0,0,0,0,0,0,0,0,0,0,1,0,0,0,0,1,0,0,0,0	-0.925302,-1.049019,-1.194300,-0.736180,-1.169624,-0.721382,-0.704394,-0.534538,-1.105004,-0.737567,-0.943128,-0.887036,-0.874904,0.617982,-0.283660,-1.176460,-1.177641,-1.069437,0.018534,-1.190739,-1.125956,-0.716925,-0.855315
Pvir_PMT_KAG2616253.1	Pvir_PMT_KAG2616253.1	acceptor_superclass::Phenylpropanoids (C6-C3)	acceptor_superclass::Monoterpenoids;acceptor_superclass::Phenylethanoids (C6-C2);acceptor_superclass::Phenylpropanoids (C6-C3)	0,0,0,0,0,0,0,0,0,0,0,0,0,0,0,1,0,0,0,0,0,0,0	0,0,0,0,0,0,0,0,0,1,0,0,0,0,1,1,0,0,0,0,0,0,0	-0.987964,-0.795711,-0.927764,-0.811428,-0.009704,-1.185219,-1.121356,-1.077342,-1.182986,0.313686,-0.894913,-1.056959,-0.987964,-1.050494,0.364875,0.995803,-1.131955,-0.876910,-1.062632,-1.108775,-1.472595,-0.793910,-0.640462
Pvul_HHHT_AOX15526.1	Pvul_HHHT_AOX15526.1	acceptor_superclass::Fatty Acids and Conjugates	acceptor_superclass::Phenylpropanoids (C6-C3)	0,0,0,1,0,0,0,0,0,0,0,0,0,0,0,0,0,0,0,0,0,0,0	0,0,0,0,0,0,0,0,0,0,0,0,0,0,0,1,0,0,0,0,0,0,0	-0.843991,-1.087421,-0.963395,-0.675735,-0.993943,-1.015434,-0.866116,0.000000,-1.079316,-0.978819,-0.977913,-0.514543,-0.609169,-0.810864,-0.338623,0.054087,-0.871978,-1.029494,-0.412914,-0.554464,-0.928858,-1.147854,-0.249230
Rcan_SHT_QNO39111.1	Rcan_SHT_QNO39111.1	acceptor_superclass::Ornithine alkaloids	acceptor_superclass::Ornithine alkaloids;acceptor_superclass::Phenolic acids (C6-C1);acceptor_superclass::Pseudoalkaloids	0,0,0,0,0,0,0,0,0,0,0,1,0,0,0,0,0,0,0,0,0,0,0	0,0,0,0,0,0,0,0,0,0,0,1,0,1,0,0,1,0,0,0,0,0,0	-1.174085,-1.074665,-0.836816,-0.552951,-0.929154,-1.062032,-1.052699,-0.775457,-1.082661,-0.782198,-1.020815,0.593795,-0.960717,0.048725,-0.481054,-0.218887,0.082108,-0.991975,-0.021739,-1.341198,-0.760932,-1.222074,-1.167584
Rcom_SHT_QNO39108.1	Rcom_SHT_QNO39108.1	acceptor_superclass::Ornithine alkaloids	acceptor_superclass::Ornithine alkaloids	0,0,0,0,0,0,0,0,0,0,0,1,0,0,0,0,0,0,0,0,0,0,0	0,0,0,0,0,0,0,0,0,0,0,1,0,0,0,0,0,0,0,0,0,0,0	-1.093411,-0.982472,-0.978442,-0.850832,-0.669037,-0.739882,-1.240161,-1.281118,-1.116933,-1.203481,-0.873826,0.570068,-1.183840,-0.321633,-0.429736,-0.513708,-0.377153,-1.197934,-0.681929,-1.253676,-0.140694,-1.192127,-0.703708
Rglu_AT1_WEX29776.1	Rglu_AT1_WEX29776.1	acceptor_superclass::Phenylethanoids (C6-C2)	acceptor_superclass::Phenylethanoids (C6-C2)	0,0,0,0,0,0,0,0,0,0,0,0,0,0,1,0,0,0,0,0,0,0,0	0,0,0,0,0,0,0,0,0,0,0,0,0,0,1,0,0,0,0,0,0,0,0	-0.880943,-0.971660,-1.185297,-0.751702,-1.187399,-1.078989,-0.967486,-0.864538,-0.970802,-0.781191,-0.901356,-1.302184,-0.905916,-0.489064,1.068346,-0.686208,-1.284751,-0.856216,-0.474098,-1.170903,-0.691775,-1.104122,-0.869795
Rhyb_AAT1_AAW31948.1	Rhyb_AAT1_AAW31948.1	acceptor_superclass::Fatty acyls;acceptor_superclass::Monoterpenoids;acceptor_superclass::Phenylethanoids (C6-C2)	acceptor_superclass::Cyclic polyketides;acceptor_superclass::Fatty acyls;acceptor_superclass::Monoterpenoids	0,0,0,0,1,0,0,0,0,1,0,0,0,0,1,0,0,0,0,0,0,0,0	0,1,0,0,1,0,0,0,0,1,0,0,0,0,0,0,0,0,0,0,0,0,0	-1.067940,0.054323,-1.076249,-1.251374,0.821357,-1.019929,-0.792921,-1.192883,-0.984630,0.724992,-0.806981,-0.622557,-1.067940,-0.903862,-0.182738,-1.036638,-0.883852,-1.125903,-1.176995,-0.965787,-1.128357,-1.018476,-1.085706
Rser_VS_CAD89104.2	Rser_ACT_CAD89104.2	acceptor_superclass::Tryptophan alkaloids	acceptor_superclass::Tryptophan alkaloids	0,0,0,0,0,0,0,0,0,0,0,0,0,0,0,0,0,0,0,0,0,1,0	0,0,0,0,0,0,0,0,0,0,0,0,0,0,0,0,0,0,0,0,0,1,0	-1.207065,-1.155337,-0.669372,-0.696619,-0.902449,-1.140392,-0.972927,-0.876877,-1.291799,-0.955494,-0.931264,-1.336337,-0.961108,-0.949876,-1.041944,-0.558034,-1.188224,-1.095573,-1.092675,-0.676028,-0.934915,0.937292,-0.667955
Rser_VS_CAD89104.2	Rser_VS_CAD89104.2	acceptor_superclass::Tryptophan alkaloids	acceptor_superclass::Tryptophan alkaloids	0,0,0,0,0,0,0,0,0,0,0,0,0,0,0,0,0,0,0,0,0,1,0	0,0,0,0,0,0,0,0,0,0,0,0,0,0,0,0,0,0,0,0,0,1,0	-1.106484,-1.225687,-0.479912,-0.736181,-0.978285,-0.797215,-0.950669,-0.919706,-1.395018,-0.777488,-0.898791,-1.358021,-0.865527,-0.900051,-1.170177,-1.001738,-1.445451,-1.098897,-1.240854,-0.762106,-1.047594,0.918659,-0.649921
Rser_YAT_PQ801655	Rser_YAT_PQ801655	acceptor_superclass::Tryptophan alkaloids	acceptor_superclass::Tryptophan alkaloids	0,0,0,0,0,0,0,0,0,0,0,0,0,0,0,0,0,0,0,0,0,1,0	0,0,0,0,0,0,0,0,0,0,0,0,0,0,0,0,0,0,0,0,0,1,0	-1.018270,-0.960832,-0.157617,-0.764390,-0.706310,-0.885789,-0.997292,-0.783623,-1.198224,-0.390607,-0.780594,-0.912739,-0.948485,-1.272416,-0.642903,-0.082956,-0.897246,-0.940322,-0.538959,-0.711075,-0.602882,0.169327,-0.640980
Sbic_COSY_OQU75851.1	Sbic_COSY_OQU75851.1			0,0,0,0,0,0,0,0,0,0,0,0,0,0,0,0,0,0,0,0,0,0,0	0,0,0,0,0,0,0,0,0,0,0,0,0,0,0,0,0,0,0,0,0,0,0	-0.825132,-0.851819,-1.151544,-0.629234,-0.945924,-0.431954,-1.378061,-0.696435,-1.086831,-1.199757,-0.858991,-0.367385,-0.825132,-0.486823,-1.553968,-0.768857,-0.629448,-0.649675,-0.819262,-1.005396,-1.156979,-0.380168,-0.674435
Sbic_FMT_EES15804.1	Sbic_FMT_EES15804.1	acceptor_superclass::Phenylpropanoids (C6-C3)	acceptor_superclass::Phenylpropanoids (C6-C3)	0,0,0,0,0,0,0,0,0,0,0,0,0,0,0,1,0,0,0,0,0,0,0	0,0,0,0,0,0,0,0,0,0,0,0,0,0,0,1,0,0,0,0,0,0,0	-0.781953,-1.096802,-0.860436,-1.096673,-1.109134,-0.868799,-1.099200,-1.073173,-0.761468,-0.979607,-0.990787,-0.692857,-0.781953,-1.007049,-0.540134,0.901906,-0.431341,-0.962425,-0.754209,-1.039976,-0.691211,-1.137249,-0.999843
Sbic_HCT_EES05411.1	Sbic_HCT_EES05411.1	acceptor_superclass::Phenolic acids (C6-C1)	acceptor_superclass::Phenolic acids (C6-C1);acceptor_superclass::Phenylpropanoids (C6-C3);acceptor_superclass::Small peptides	0,0,0,0,0,0,0,0,0,0,0,0,0,1,0,0,0,0,0,0,0,0,0	0,0,0,0,0,0,0,0,0,0,0,0,0,1,0,1,0,0,1,0,0,0,0	-1.114820,-1.007410,-1.231417,-0.654821,-0.904244,-0.841731,-0.987034,0.000000,-0.975107,-0.873467,-1.138722,-0.572700,-1.003221,0.774003,-0.468310,0.279770,-0.859791,-1.062407,0.743184,-1.345838,-1.104898,-0.822954,-0.588086
Sbic_PMT_EES17668.1	Sbic_PMT_EES17668.1	acceptor_superclass::Phenylpropanoids (C6-C3)	acceptor_superclass::Phenylpropanoids (C6-C3)	0,0,0,0,0,0,0,0,0,0,0,0,0,0,0,1,0,0,0,0,0,0,0	0,0,0,0,0,0,0,0,0,0,0,0,0,0,0,1,0,0,0,0,0,0,0	-1.177949,-0.748145,-0.649201,-0.839080,-0.620422,-1.022796,-0.928733,0.000000,-0.827388,-0.243160,-1.432585,-1.151530,-1.158074,-0.697433,-0.167818,0.377407,-1.196049,-1.044682,-1.038147,-1.166044,-0.841592,-0.794770,-0.681453
Sche_AAT10422_BCJ78482.1	Sche_AAT10422_BCJ78482.1	acceptor_superclass::Fatty acyls	acceptor_superclass::Fatty acyls;acceptor_superclass::Phenylethanoids (C6-C2)	0,0,0,0,1,0,0,0,0,0,0,0,0,0,0,0,0,0,0,0,0,0,0	0,0,0,0,1,0,0,0,0,0,0,0,0,0,1,0,0,0,0,0,0,0,0	-1.048094,-1.068325,-0.931415,-0.734149,1.048953,-1.073756,-0.887337,-1.027703,-0.878830,-0.678456,-1.055223,-1.050109,-0.900916,-1.219634,0.092124,-0.674770,-1.373835,-1.109398,-1.057096,-0.885362,-1.328840,-0.963319,-0.978786
Schi_CFAT_URQ03862.1	Schi_CFAT_URQ03862.1	acceptor_superclass::Lignans;acceptor_superclass::Phenylpropanoids (C6-C3)	acceptor_superclass::Phenylpropanoids (C6-C3)	0,0,0,0,0,0,0,1,0,0,0,0,0,0,0,1,0,0,0,0,0,0,0	0,0,0,0,0,0,0,0,0,0,0,0,0,0,0,1,0,0,0,0,0,0,0	-0.966610,-1.356036,-0.469065,-1.401826,-1.110911,-0.559657,-1.049565,0.000000,-0.768004,-0.353284,-0.707137,-1.253963,-1.134021,-1.427386,-0.462908,0.526273,-0.939359,-1.371227,-0.650364,-0.699968,-0.720790,-1.038862,-0.256889
Schm_AAT11306_BCJ78485.1	Schm_AAT11306_BCJ78485.1	acceptor_superclass::Fatty acyls	acceptor_superclass::Fatty acyls	0,0,0,0,1,0,0,0,0,0,0,0,0,0,0,0,0,0,0,0,0,0,0	0,0,0,0,1,0,0,0,0,0,0,0,0,0,0,0,0,0,0,0,0,0,0	-0.925177,-0.980793,-0.881931,-1.074380,0.420300,-0.634327,-1.023401,0.000000,-0.912117,-0.583303,-1.012072,-0.832733,-1.015116,-1.297549,-0.337402,-0.538318,-0.786846,-0.734412,-1.074413,-1.048081,-1.037411,-0.766200,-1.203543
Scru_3MAT_AAO38058	Scru_3MAT_AAO38058		acceptor_superclass::Flavonoids	0,0,0,0,0,0,0,0,0,0,0,0,0,0,0,0,0,0,0,0,0,0,0	0,0,0,0,0,1,0,0,0,0,0,0,0,0,0,0,0,0,0,0,0,0,0	-0.655474,-0.809440,-0.916758,-1.056823,-0.721057,0.952687,-0.771742,-1.187616,-1.206024,-0.902621,-0.596544,-1.030722,-0.655474,-1.220048,-0.512849,-1.013409,-1.108607,-1.180232,-1.018819,-0.888219,-0.963989,-0.810780,-0.974363
Sfal_HFT-like_KAH8954438.1	Sfal_HFT-like_KAH8954438.1	acceptor_superclass::Fatty Acids and Conjugates;acceptor_superclass::Fatty acyls	acceptor_superclass::Tyrosine alkaloids	0,0,0,1,1,0,0,0,0,0,0,0,0,0,0,0,0,0,0,0,0,0,0	0,0,0,0,0,0,0,0,0,0,0,0,0,0,0,0,0,0,0,0,0,0,1	-1.180371,-1.252378,-1.140286,-0.247040,-0.608351,-0.107679,-1.262196,-0.588737,-0.442139,-0.596590,-1.127391,-0.250809,-1.180371,-1.343952,-1.301687,-1.573629,-0.270429,-1.028738,-0.519744,-0.985303,-1.373815,-0.300969,0.129792
Sgal_AAT10483_BCJ78483.1	Sgal_AAT10483_BCJ78483.1	acceptor_superclass::Fatty acyls	acceptor_superclass::Fatty acyls	0,0,0,0,1,0,0,0,0,0,0,0,0,0,0,0,0,0,0,0,0,0,0	0,0,0,0,1,0,0,0,0,0,0,0,0,0,0,0,0,0,0,0,0,0,0	-1.093044,-0.915700,-1.157660,-0.913685,1.028228,-1.228138,-0.952859,-1.088989,-0.897112,-0.730450,-1.231067,-1.060468,-1.093044,-1.090728,-0.020503,-0.685887,-1.045765,-1.089630,-0.919086,-1.023346,-1.318844,-0.805282,-1.194034
Sgla_HQT1_WYJ75404.1	Sgla_HQT1_WYJ75404.1	acceptor_superclass::Phenolic acids (C6-C1);acceptor_superclass::Small peptides	acceptor_superclass::Phenolic acids (C6-C1)	0,0,0,0,0,0,0,0,0,0,0,0,0,1,0,0,0,0,1,0,0,0,0	0,0,0,0,0,0,0,0,0,0,0,0,0,1,0,0,0,0,0,0,0,0,0	-0.872017,-1.196662,-1.282719,-0.950792,-0.803077,-0.260472,-0.932944,0.000000,-0.923515,-1.210785,-0.794458,-0.719868,-0.803301,1.000227,-1.175234,-0.103053,-0.628431,-1.169154,-0.213581,-1.017217,-1.009785,-0.786714,-1.354137
Sgla_HQT2_WYJ75406.1	Sgla_HQT2_WYJ75406.1	acceptor_superclass::Phenolic acids (C6-C1)	acceptor_superclass::Phenolic acids (C6-C1)	0,0,0,0,0,0,0,0,0,0,0,0,0,1,0,0,0,0,0,0,0,0,0	0,0,0,0,0,0,0,0,0,0,0,0,0,1,0,0,0,0,0,0,0,0,0	-1.048025,-0.996500,-0.853946,-1.230017,-0.804059,-0.786444,-1.026293,-1.502039,-0.865855,-1.039556,-1.084155,-0.724986,-1.290715,0.877190,-1.223637,-1.526006,-0.836235,-0.811275,-0.316625,-0.895174,-0.365806,-0.818011,-0.795017
Sgla_HST_WYJ75403.1	Sgla_HST_WYJ75403.1	acceptor_superclass::Phenolic acids (C6-C1);acceptor_superclass::Small peptides	acceptor_superclass::Phenolic acids (C6-C1)	0,0,0,0,0,0,0,0,0,0,0,0,0,1,0,0,0,0,1,0,0,0,0	0,0,0,0,0,0,0,0,0,0,0,0,0,1,0,0,0,0,0,0,0,0,0	-1.123408,-1.229224,-0.988141,-1.252607,-1.331929,-0.486225,-1.010077,-1.032568,-0.884506,-1.132833,-1.135092,-1.133573,-1.129169,1.097049,-1.006770,-1.472345,-1.147151,-0.770385,-0.199130,-0.857235,-0.500827,-1.150279,-0.792812
Sgla_RAS_WYJ75405.1	Sgla_RAS_WYJ75405.1	acceptor_superclass::Phenolic acids (C6-C1);acceptor_superclass::Small peptides;acceptor_superclass::Tyrosine alkaloids	acceptor_superclass::Phenolic acids (C6-C1);acceptor_superclass::Phenylpropanoids (C6-C3);acceptor_superclass::Tyrosine alkaloids	0,0,0,0,0,0,0,0,0,0,0,0,0,1,0,0,0,0,1,0,0,0,1	0,0,0,0,0,0,0,0,0,0,0,0,0,1,0,1,0,0,0,0,0,0,1	-0.962623,-1.070824,-1.031972,-1.325145,-1.288949,-0.093131,-1.129599,-0.344515,-1.104689,-1.024528,-1.221510,-0.610794,-0.962623,0.599216,-0.444078,0.541954,-0.888198,-1.333528,-1.821393,-0.773268,-0.356024,-0.952517,0.257150
Shab_AAT11777_BCJ78486.1	Shab_AAT11777_BCJ78486.1	acceptor_superclass::Fatty acyls	acceptor_superclass::Fatty acyls	0,0,0,0,1,0,0,0,0,0,0,0,0,0,0,0,0,0,0,0,0,0,0	0,0,0,0,1,0,0,0,0,0,0,0,0,0,0,0,0,0,0,0,0,0,0	-1.065277,-0.909731,-1.157470,-1.022133,0.955692,-1.104996,-0.939532,-1.012111,-0.955524,-0.681786,-1.141520,-0.836427,-1.000806,-1.149523,-0.660049,-0.804795,-1.087992,-0.933928,-1.008092,-0.997391,-1.106496,-0.849593,-0.586021
Shab_ASAT2_ALU64009.1	Shab_ASAT2_ALU64009.1			0,0,0,0,0,0,0,0,0,0,0,0,0,0,0,0,0,0,0,0,0,0,0	0,0,0,0,0,0,0,0,0,0,0,0,0,0,0,0,0,0,0,0,0,0,0	-0.929023,-0.990939,-0.788316,-0.759475,-0.795895,-1.131182,-0.986565,-0.986732,-0.616472,-2.245317,-1.140197,-1.213293,-0.929023,-0.829083,-1.345934,-1.341420,-0.830026,-0.724504,-0.862708,-1.226781,-0.961927,-1.090483,-0.901278
Shab_ASAT3-F_AJF98584.1	Shab_ASAT3-F_AJF98584.1			0,0,0,0,0,0,0,0,0,0,0,0,0,0,0,0,0,0,0,0,0,0,0	0,0,0,0,0,0,0,0,0,0,0,0,0,0,0,0,0,0,0,0,0,0,0	-0.849859,-0.990047,-0.440958,-0.816558,-1.075731,-1.092373,-1.136652,-1.039224,-1.082067,-0.943329,-0.897216,-1.252699,-0.739209,-1.338432,-0.877745,-0.582724,-0.591020,-0.532345,-0.690203,-0.861039,-0.860914,-1.532569,-1.552648
Shab_ASAT3-P_AJF98591.1	Shab_ASAT3-P_AJF98591.1			0,0,0,0,0,0,0,0,0,0,0,0,0,0,0,0,0,0,0,0,0,0,0	0,0,0,0,0,0,0,0,0,0,0,0,0,0,0,0,0,0,0,0,0,0,0	-0.931556,-1.045791,-0.691600,-1.036897,-1.116198,-0.783437,-1.005020,-0.928381,-1.130631,-0.414125,-0.867728,-1.079346,-0.931556,-1.030130,-0.531576,-0.204453,-1.165699,-0.522884,-1.002999,-0.921665,-0.343602,-0.861700,-0.779962
Sind_AT1_BEE35702.1	Sind_AT1_BEE35702.1	acceptor_superclass::Phenylethanoids (C6-C2)	acceptor_superclass::Phenylethanoids (C6-C2)	0,0,0,0,0,0,0,0,0,0,0,0,0,0,1,0,0,0,0,0,0,0,0	0,0,0,0,0,0,0,0,0,0,0,0,0,0,1,0,0,0,0,0,0,0,0	-0.853836,-0.913779,-0.849457,-0.570847,-1.046962,-1.188255,-0.852348,-0.903009,-1.046042,-0.658580,-0.953086,-0.879543,-0.853836,-0.748163,0.911018,-0.808485,-1.181983,-0.950977,-0.802796,-0.941824,-1.121110,-0.977591,-0.923191
Sind_AT2_BEE35703.1	Sind_AT2_BEE35703.1	acceptor_superclass::Phenylethanoids (C6-C2)	acceptor_superclass::Phenylethanoids (C6-C2)	0,0,0,0,0,0,0,0,0,0,0,0,0,0,1,0,0,0,0,0,0,0,0	0,0,0,0,0,0,0,0,0,0,0,0,0,0,1,0,0,0,0,0,0,0,0	-0.851018,-0.756728,-0.953240,-0.647320,-0.821537,-1.204267,-1.110506,-1.193541,-0.993959,-0.500918,-0.885130,-0.383233,-0.851018,-0.397063,0.146669,-0.913503,-0.578294,-1.118148,-0.906874,-1.029351,-1.374969,-1.283506,-1.451508
Sind_AT1_BEE35702.1	Sind_SHCT_XP_011083883.1	acceptor_superclass::Phenylethanoids (C6-C2)	acceptor_superclass::Phenylethanoids (C6-C2)	0,0,0,0,0,0,0,0,0,0,0,0,0,0,1,0,0,0,0,0,0,0,0	0,0,0,0,0,0,0,0,0,0,0,0,0,0,1,0,0,0,0,0,0,0,0	-0.895926,-1.079549,-0.844433,-0.652852,-0.928497,-1.165785,-0.698447,0.000000,-1.019121,-0.689972,-0.995687,-0.874050,-0.935476,-0.634295,1.011522,-1.116004,-1.182459,-0.962429,-0.587893,-1.007308,-1.035908,-0.978631,-0.740691
Slyc_AAT1_XP_004244681.1	Slyc_AAT1_XP_004244681.1	acceptor_superclass::Fatty acyls;acceptor_superclass::Phenylethanoids (C6-C2)	acceptor_superclass::Diterpenoids;acceptor_superclass::Ornithine alkaloids;acceptor_superclass::Phenolic acids (C6-C1);acceptor_superclass::Phenylethanoids (C6-C2);acceptor_superclass::Pseudoalkaloids;acceptor_superclass::Saccharides;acceptor_superclass::Small peptides	0,0,0,0,1,0,0,0,0,0,0,0,0,0,1,0,0,0,0,0,0,0,0	0,0,1,0,0,0,0,0,0,0,0,1,0,1,1,0,1,1,1,0,0,0,0	-1.069734,-1.069696,0.564410,-2.205496,-0.448541,-0.432898,-1.856190,0.000000,-0.617393,-2.030891,-0.447722,0.456513,-0.738672,1.717154,1.119564,-0.516365,0.771595,0.865649,1.404398,-1.034420,-0.883775,-1.494921,-2.157347
Slyc_PHT1_UTQ10234.1	Slyc_ACT2_XP_004251197.1	acceptor_superclass::Ornithine alkaloids;acceptor_superclass::Pseudoalkaloids	acceptor_superclass::Ornithine alkaloids;acceptor_superclass::Pseudoalkaloids	0,0,0,0,0,0,0,0,0,0,0,1,0,0,0,0,1,0,0,0,0,0,0	0,0,0,0,0,0,0,0,0,0,0,1,0,0,0,0,1,0,0,0,0,0,0	-1.115601,-1.008778,-0.765941,-0.440607,-0.431043,-0.928617,-1.210935,-0.730130,-1.007387,-0.881542,-1.006552,0.773293,-1.115601,-0.969586,-0.862757,-0.865670,0.847462,-0.842389,-0.841016,-1.070695,-0.605530,-1.052695,-0.978155
Slyc_ASAT1_NP_001316332.1	Slyc_ASAT1_NP_001316332.1	acceptor_superclass::Saccharides	acceptor_superclass::Saccharides	0,0,0,0,0,0,0,0,0,0,0,0,0,0,0,0,0,1,0,0,0,0,0	0,0,0,0,0,0,0,0,0,0,0,0,0,0,0,0,0,1,0,0,0,0,0	-0.971427,-1.110848,-1.112926,-1.272455,-1.495914,-1.109344,-1.197026,-1.169321,-0.957046,-1.546100,-1.068433,-0.927901,-0.974068,-1.087718,-1.426857,-1.890785,-0.844468,0.878168,-0.635445,-0.514454,-1.068392,-0.999640,-0.593740
Slyc_ASAT2_ALU64015.1	Slyc_ASAT2_ALU64015.1			0,0,0,0,0,0,0,0,0,0,0,0,0,0,0,0,0,0,0,0,0,0,0	0,0,0,0,0,0,0,0,0,0,0,0,0,0,0,0,0,0,0,0,0,0,0	-1.053308,-0.711486,-1.386587,-1.114192,-0.710919,-0.712302,-1.030740,-1.042901,-0.790521,-0.984986,-0.947032,-0.910157,-0.982123,-0.971879,-0.996997,-0.868861,-1.262666,-0.571625,-1.004420,-1.577967,-0.853776,-1.030627,-0.848931
Slyc_ASAT3_AJF98582.1	Slyc_ASAT3_AJF98582.1			0,0,0,0,0,0,0,0,0,0,0,0,0,0,0,0,0,0,0,0,0,0,0	0,0,0,0,0,0,0,0,0,0,0,0,0,0,0,0,0,0,0,0,0,0,0	-1.158437,-1.009011,-0.819782,-1.181184,-1.267563,-1.220948,-1.136182,-1.211114,-0.892297,-1.186976,-0.935140,-0.812126,-0.955013,-1.295156,-0.688181,-1.157641,-0.676382,-0.933294,-0.957554,-1.052567,-1.226072,-1.366678,-1.078156
Slyc_ASAT4_AFM77971.1	Slyc_ASAT4_AFM77971.1		acceptor_superclass::Monoterpenoids;acceptor_superclass::Phenylethanoids (C6-C2);acceptor_superclass::Phenylpropanoids (C6-C3)	0,0,0,0,0,0,0,0,0,0,0,0,0,0,0,0,0,0,0,0,0,0,0	0,0,0,0,0,0,0,0,0,1,0,0,0,0,1,1,0,0,0,0,0,0,0	-1.140629,-0.588914,-1.681025,-1.393167,-0.285660,-1.042205,-1.216457,-1.295562,-1.621232,0.066947,-1.260687,-0.108960,-0.964850,-0.570147,0.179792,0.465790,-0.634594,-1.023993,-1.104381,-0.439409,-0.911532,-0.989567,-0.647908
Slyc_GAME36_XP_004246214.1	Slyc_GAME36_XP_004246214.1	acceptor_superclass::Pseudoalkaloids	acceptor_superclass::Diterpenoids	0,0,0,0,0,0,0,0,0,0,0,0,0,0,0,0,1,0,0,0,0,0,0	0,0,1,0,0,0,0,0,0,0,0,0,0,0,0,0,0,0,0,0,0,0,0	-0.889007,-1.052703,0.214263,-0.219776,-0.559968,-1.416653,-0.562720,-0.634576,-0.970957,-0.690872,-0.150647,-1.916025,-0.889007,-0.543477,-1.878475,-0.790792,-1.748203,-1.086851,-1.512033,-0.779541,-1.186857,-0.645835,-1.207065
Slyc_HCT_XP_004235891.1	Slyc_HCT_XP_004235891.1	acceptor_superclass::Flavonoids;acceptor_superclass::Monoterpenoids;acceptor_superclass::Phenolic acids (C6-C1);acceptor_superclass::Triterpenoids;acceptor_superclass::Tyrosine alkaloids	acceptor_superclass::Phenolic acids (C6-C1);acceptor_superclass::Phenylpropanoids (C6-C3)	0,0,0,0,0,1,0,0,0,1,0,0,0,1,0,0,0,0,0,0,1,0,1	0,0,0,0,0,0,0,0,0,0,0,0,0,1,0,1,0,0,0,0,0,0,0	-0.990315,-1.082984,-1.004492,-0.839247,-0.873588,-0.631890,-0.995032,0.000000,-1.146136,-1.239560,-0.967993,-0.687897,-0.967222,0.906399,-1.170382,0.181477,-0.921245,-1.085694,-0.165941,-0.954142,-1.127603,-0.880414,-0.297959
Slyc_HQT_CAE46933.1	Slyc_HQT_CAE46933.1	acceptor_superclass::Phenolic acids (C6-C1);acceptor_superclass::Phenylpropanoids (C6-C3)	acceptor_superclass::Phenolic acids (C6-C1);acceptor_superclass::Phenylpropanoids (C6-C3)	0,0,0,0,0,0,0,0,0,0,0,0,0,1,0,1,0,0,0,0,0,0,0	0,0,0,0,0,0,0,0,0,0,0,0,0,1,0,1,0,0,0,0,0,0,0	-1.055040,-0.829048,-0.994067,-1.100667,-0.562608,-1.009493,-0.967102,0.000000,-1.124879,-1.047434,-1.000728,-1.029651,-0.999777,1.214416,-0.515582,0.883939,-1.246081,-1.032798,-0.808904,-1.018359,-0.881697,-1.023978,-1.257191
Slyc_PHT1_UTQ10234.1	Slyc_PHT1_UTQ10234.1	acceptor_superclass::Ornithine alkaloids;acceptor_superclass::Pseudoalkaloids	acceptor_superclass::Ornithine alkaloids;acceptor_superclass::Pseudoalkaloids	0,0,0,0,0,0,0,0,0,0,0,1,0,0,0,0,1,0,0,0,0,0,0	0,0,0,0,0,0,0,0,0,0,0,1,0,0,0,0,1,0,0,0,0,0,0	-1.115734,-0.986401,-0.735600,-0.564212,-0.575972,-0.944969,-1.138667,0.000000,-0.968319,-1.129087,-1.007840,0.913210,-1.123011,-1.081455,-0.877604,-0.940521,0.883448,-1.012988,-0.832534,-1.104722,-0.905676,-1.201257,-0.959892
Slyc_PHT2_UTQ10235.1	Slyc_PHT2_UTQ10235.1	acceptor_superclass::Ornithine alkaloids;acceptor_superclass::Pseudoalkaloids	acceptor_superclass::Ornithine alkaloids;acceptor_superclass::Pseudoalkaloids	0,0,0,0,0,0,0,0,0,0,0,1,0,0,0,0,1,0,0,0,0,0,0	0,0,0,0,0,0,0,0,0,0,0,1,0,0,0,0,1,0,0,0,0,0,0	-1.069606,-0.989664,-0.846343,-0.464354,-0.421271,-0.940142,-0.966714,-0.937800,-0.960080,-1.156856,-0.848998,1.186177,-0.985075,-1.120678,-0.900338,-1.217594,1.326324,-1.036123,-1.160100,-1.235786,-0.975181,-1.156309,-1.404384
Slyc_SHT_QNO39109.1	Slyc_SHT_QNO39109.1	acceptor_superclass::Ornithine alkaloids	acceptor_superclass::Ornithine alkaloids;acceptor_superclass::Phenolic acids (C6-C1);acceptor_superclass::Pseudoalkaloids	0,0,0,0,0,0,0,0,0,0,0,1,0,0,0,0,0,0,0,0,0,0,0	0,0,0,0,0,0,0,0,0,0,0,1,0,1,0,0,1,0,0,0,0,0,0	-1.035031,-0.817559,-0.971234,-0.894311,-0.850815,-1.085808,-1.236855,-0.995942,-1.123663,-1.170547,-1.051330,0.752836,-1.035031,0.023670,-1.242608,-1.162901,0.620431,-1.054366,-0.455755,-0.982243,-0.739475,-0.842648,-1.005009
Smel_SHT_AKP24035.1	Smel_SHT_AKP24035.1	acceptor_superclass::Ornithine alkaloids	acceptor_superclass::Ornithine alkaloids	0,0,0,0,0,0,0,0,0,0,0,1,0,0,0,0,0,0,0,0,0,0,0	0,0,0,0,0,0,0,0,0,0,0,1,0,0,0,0,0,0,0,0,0,0,0	-0.969179,-0.656931,-0.244120,-1.072061,-0.899878,-0.945479,-0.939077,-0.947354,-1.512696,-0.675657,-1.018811,0.761010,-1.155154,-0.714400,-0.662093,-0.633084,-0.410354,-1.289516,-0.989402,-0.698668,-0.624929,-1.087942,-0.989387
Smoe_HCT1a_XP_002979061.1	Smoe_HCT1a_XP_002979061.1	acceptor_superclass::Flavonoids;acceptor_superclass::Phenolic acids (C6-C1);acceptor_superclass::Small peptides	acceptor_superclass::Phenolic acids (C6-C1);acceptor_superclass::Small peptides	0,0,0,0,0,1,0,0,0,0,0,0,0,1,0,0,0,0,1,0,0,0,0	0,0,0,0,0,0,0,0,0,0,0,0,0,1,0,0,0,0,1,0,0,0,0	-0.937114,-0.937294,-1.059871,-0.795905,-1.027129,-1.165860,-0.968729,-0.527366,-1.067901,-0.671021,-0.965466,-1.210310,-0.937114,1.095735,-0.924099,-0.619028,-0.835000,-1.044820,0.098549,-1.131050,-0.959662,-0.793525,-1.018245
Sneo_AAT10247_BCJ78484.1	Sneo_AAT10247_BCJ78484.1	acceptor_superclass::Fatty acyls	acceptor_superclass::Fatty acyls	0,0,0,0,1,0,0,0,0,0,0,0,0,0,0,0,0,0,0,0,0,0,0	0,0,0,0,1,0,0,0,0,0,0,0,0,0,0,0,0,0,0,0,0,0,0	-0.824728,-0.991997,-1.053335,-0.769116,0.709357,-1.069321,-1.073503,-1.353201,-0.932098,-0.791908,-0.958873,-0.935430,-0.824728,-1.027002,-0.138722,-1.128919,-0.867406,-1.017668,-0.852459,-0.948096,-1.162615,-0.944879,-1.351915
Snig_AGAT1_WES72146.1	Snig_AGAT1_WES72146.1		acceptor_superclass::Flavonoids	0,0,0,0,0,0,0,0,0,0,0,0,0,0,0,0,0,0,0,0,0,0,0	0,0,0,0,0,1,0,0,0,0,0,0,0,0,0,0,0,0,0,0,0,0,0	-0.595951,-0.837548,-0.847189,-1.101054,-0.560455,0.104389,-0.949850,0.000000,-1.119154,-0.601943,-0.577059,-0.856272,-0.395048,-0.687459,-0.697302,-0.405964,-1.008788,-1.222893,-1.508990,-1.407859,-0.355218,-0.474978,-1.561459
Snig_ASAT1_ART34015.1	Snig_ASAT1_ART34015.1	acceptor_superclass::Saccharides	acceptor_superclass::Saccharides	0,0,0,0,0,0,0,0,0,0,0,0,0,0,0,0,0,1,0,0,0,0,0	0,0,0,0,0,0,0,0,0,0,0,0,0,0,0,0,0,1,0,0,0,0,0	-0.984214,-0.932754,-1.148632,-0.867614,-1.071624,-1.243237,-0.772494,-1.017235,-1.079034,-1.337045,-0.840966,-1.403265,-0.984214,-0.678813,-1.253126,-1.621123,-1.198602,0.017884,-1.298550,-1.123732,-0.818470,-0.522665,-0.771921
Snig_ASAT2_WES72145.1	Snig_ASAT2_WES72145.1			0,0,0,0,0,0,0,0,0,0,0,0,0,0,0,0,0,0,0,0,0,0,0	0,0,0,0,0,0,0,0,0,0,0,0,0,0,0,0,0,0,0,0,0,0,0	-1.006349,-0.959418,-0.943761,-1.110718,-0.586307,-0.828731,-0.859175,-1.143547,-0.615050,-1.546264,-0.781048,-0.892221,-1.006349,-1.188747,-0.440412,-0.952550,-0.643588,-0.354948,-0.665611,-1.272896,-1.419586,-0.778968,-0.345573
Snux_AT_UQZ09626.1	Snux_AT_UQZ09626.1	acceptor_superclass::Tryptophan alkaloids	acceptor_superclass::Tryptophan alkaloids	0,0,0,0,0,0,0,0,0,0,0,0,0,0,0,0,0,0,0,0,0,1,0	0,0,0,0,0,0,0,0,0,0,0,0,0,0,0,0,0,0,0,0,0,1,0	-1.183378,-1.194963,-0.082371,-1.246919,-1.071925,-1.135655,-1.008147,-0.812600,-0.946317,-0.330123,-1.422716,-0.883882,-1.183378,-1.322825,-1.046091,-0.722539,-1.270233,-0.976371,-0.781795,-0.931447,-0.483369,0.955117,-0.683537
Soff_AAT1_BDW80084.1	Soff_AAT1_BDW80084.1	acceptor_superclass::Naphthalenes	acceptor_superclass::Fatty acyls;acceptor_superclass::Monoterpenoids;acceptor_superclass::Naphthalenes	0,0,0,0,0,0,0,0,0,0,1,0,0,0,0,0,0,0,0,0,0,0,0	0,0,0,0,1,0,0,0,0,1,1,0,0,0,0,0,0,0,0,0,0,0,0	-0.936818,-0.982843,-1.246262,-0.848897,0.089289,-1.103384,-1.176530,-1.341166,-1.127713,0.282952,0.620824,-0.217884,-0.986132,-1.184531,-0.583155,-0.661538,-0.347032,-0.880510,-1.107374,-1.185877,-0.948477,-0.634473,-0.500245
Sole_SOAP10_KNA12459.1	Sole_SOAP10_KNA12459.1	acceptor_superclass::Triterpenoids	acceptor_superclass::Monoterpenoids;acceptor_superclass::Phenylethanoids (C6-C2);acceptor_superclass::Phenylpropanoids (C6-C3)	0,0,0,0,0,0,0,0,0,0,0,0,0,0,0,0,0,0,0,0,1,0,0	0,0,0,0,0,0,0,0,0,1,0,0,0,0,1,1,0,0,0,0,0,0,0	-1.285079,-0.859134,-0.352069,-0.502131,-0.605894,-2.065121,-1.523806,0.000000,-0.779508,0.037658,-1.580579,-0.487532,-0.978961,-0.799484,0.914268,0.108690,-1.351335,-0.530532,-1.472660,-1.176094,-1.430869,-0.266053,-0.977722
Some_HCT_EFJ20018.1	Some_HCT_EFJ20018.1	acceptor_superclass::Phenolic acids (C6-C1)	acceptor_superclass::Flavonoids;acceptor_superclass::Phenolic acids (C6-C1);acceptor_superclass::Small peptides	0,0,0,0,0,0,0,0,0,0,0,0,0,1,0,0,0,0,0,0,0,0,0	0,0,0,0,0,1,0,0,0,0,0,0,0,1,0,0,0,0,1,0,0,0,0	-0.944418,-0.991286,-1.051762,-0.874887,-1.439687,0.678741,-0.980977,-0.438772,-0.815507,-0.721741,-1.008909,-1.189787,-0.966247,1.059541,-1.056881,-0.133511,-1.036349,-0.977578,0.969692,-1.046109,-0.861472,-0.776598,-0.697453
Spen_AAT12560_BCJ78487.1	Spen_AAT12560_BCJ78487.1	acceptor_superclass::Fatty acyls	acceptor_superclass::Fatty acyls	0,0,0,0,1,0,0,0,0,0,0,0,0,0,0,0,0,0,0,0,0,0,0	0,0,0,0,1,0,0,0,0,0,0,0,0,0,0,0,0,0,0,0,0,0,0	-0.920659,-0.980920,-0.732026,-1.127391,0.749048,-0.691566,-1.005951,-1.409395,-0.891886,-0.770090,-0.893500,-0.654987,-0.914397,-0.920029,-0.537480,-0.737101,-0.908176,-0.972898,-0.825434,-1.323657,-0.846991,-1.026896,-1.211627
Spen_AAT1_AIW04708.1	Spen_AAT1_AIW04708.1	acceptor_superclass::Fatty acyls;acceptor_superclass::Phenylethanoids (C6-C2)	acceptor_superclass::Fatty acyls	0,0,0,0,1,0,0,0,0,0,0,0,0,0,1,0,0,0,0,0,0,0,0	0,0,0,0,1,0,0,0,0,0,0,0,0,0,0,0,0,0,0,0,0,0,0	-0.933887,-1.015135,-0.982867,-0.898405,1.131942,-0.845291,-0.958166,-1.401433,-1.090400,-0.722151,-0.940444,-0.869002,-0.867767,-1.324593,-0.716055,-0.998983,-1.290920,-0.925412,-0.970603,-1.018577,-0.985100,-0.910040,-1.102042
Spen_ASAT2_ALU64005.1	Spen_ASAT2_ALU64005.1			0,0,0,0,0,0,0,0,0,0,0,0,0,0,0,0,0,0,0,0,0,0,0	0,0,0,0,0,0,0,0,0,0,0,0,0,0,0,0,0,0,0,0,0,0,0	-1.076089,-1.006273,-0.843088,-1.192688,-0.797632,-1.267445,-1.017180,0.000000,-0.949365,-1.037616,-1.163920,-0.726914,-1.049183,-0.695641,-1.234038,-0.983468,-0.891248,-0.647584,-0.744684,-1.317800,-0.687582,-0.898185,-0.808072
Spen_ASAT3_AJF98583.1	Spen_ASAT3_AJF98583.1			0,0,0,0,0,0,0,0,0,0,0,0,0,0,0,0,0,0,0,0,0,0,0	0,0,0,0,0,0,0,0,0,0,0,0,0,0,0,0,0,0,0,0,0,0,0	-0.769883,-1.136462,-0.842952,-0.999383,-0.894399,-1.068284,-1.175196,-1.184849,-1.150151,-0.881638,-0.506045,-0.965714,-0.737137,-1.216853,-0.677256,-0.684279,-0.545367,-0.736778,-1.073187,-1.002642,-1.040983,-1.197713,-0.924810
Spim_AAT11589_BCJ78481.1	Spim_AAT11589_BCJ78481.1	acceptor_superclass::Fatty acyls	acceptor_superclass::Fatty acyls;acceptor_superclass::Phenylethanoids (C6-C2)	0,0,0,0,1,0,0,0,0,0,0,0,0,0,0,0,0,0,0,0,0,0,0	0,0,0,0,1,0,0,0,0,0,0,0,0,0,1,0,0,0,0,0,0,0,0	-1.238190,-1.057902,-0.812716,-1.224202,1.102282,-1.120248,-0.839057,0.000000,-0.809718,-0.943652,-1.403535,-0.863602,-0.976338,-0.800121,0.440786,-0.761054,-1.008050,-0.879226,-0.628860,-1.045109,-1.189157,-1.093752,-1.243645
Spot_AT_UQZ09635.1	Spot_AT_UQZ09635.1	acceptor_superclass::Tryptophan alkaloids	acceptor_superclass::Tryptophan alkaloids	0,0,0,0,0,0,0,0,0,0,0,0,0,0,0,0,0,0,0,0,0,1,0	0,0,0,0,0,0,0,0,0,0,0,0,0,0,0,0,0,0,0,0,0,1,0	-1.166390,-1.331359,-1.341263,-0.746849,-2.179598,-1.244221,-1.292107,0.000000,-0.473052,-1.248035,-1.122854,-0.314915,-1.515544,-0.969467,-1.951870,-1.848063,-0.376810,-0.913388,-1.156417,-0.830901,-0.658642,0.751455,-1.341760
Squi_ASAT1H_UTN00742.1	Squi_ASAT1H_UTN00742.1			0,0,0,0,0,0,0,0,0,0,0,0,0,0,0,0,0,0,0,0,0,0,0	0,0,0,0,0,0,0,0,0,0,0,0,0,0,0,0,0,0,0,0,0,0,0	-1.084112,-1.198413,-0.729580,-1.013526,-0.711632,-1.435653,-0.915222,-0.997723,-1.203909,-0.843460,-0.458739,-0.918037,-1.091832,-1.007525,-1.364687,-1.734103,-1.460092,-0.323746,-1.331051,-1.217346,-0.719568,-0.261488,-1.057083
Squi_ASAT3H_UTN00743.1	Squi_ASAT3H_UTN00743.1			0,0,0,0,0,0,0,0,0,0,0,0,0,0,0,0,0,0,0,0,0,0,0	0,0,0,0,0,0,0,0,0,0,0,0,0,0,0,0,0,0,0,0,0,0,0	-0.701848,-0.604210,-1.191390,-1.330657,-0.347411,-1.167345,-0.804246,-1.427887,-0.886256,-0.527223,-0.776836,-1.157025,-0.853142,-0.910788,-1.072476,-1.722580,-0.375935,-0.453504,-1.721975,-0.178068,-1.649709,-1.108854,-1.612541
Squi_ASAT4H_QNR60312.1	Squi_ASAT4H_QNR60312.1		acceptor_superclass::Triterpenoids	0,0,0,0,0,0,0,0,0,0,0,0,0,0,0,0,0,0,0,0,0,0,0	0,0,0,0,0,0,0,0,0,0,0,0,0,0,0,0,0,0,0,0,1,0,0	-1.114856,-0.758177,-1.745997,-0.997892,-0.802122,-0.539170,-0.851392,0.000000,-0.739841,-0.236320,-1.003702,-1.270462,-0.915426,-0.725324,-1.040015,-1.215328,-1.539833,-0.989353,-1.218730,-1.186013,0.121378,-0.268352,-1.390039
Squi_TAIAT_QNR60311.1	Squi_TAIAT_QNR60311.1			0,0,0,0,0,0,0,0,0,0,0,0,0,0,0,0,0,0,0,0,0,0,0	0,0,0,0,0,0,0,0,0,0,0,0,0,0,0,0,0,0,0,0,0,0,0	-1.117559,-1.067945,-0.575633,-0.773079,-1.355119,-0.286820,-1.149670,-0.829212,-0.993831,-0.899277,-1.409449,-1.191817,-0.978442,-1.341157,-0.839980,-1.084215,-1.010395,-0.789531,-0.820356,-0.600403,-0.152018,-1.040593,-1.366014
Sric_SHT_AMB21755.1	Sric_SHT_AMB21755.1	acceptor_superclass::Ornithine alkaloids	acceptor_superclass::Ornithine alkaloids	0,0,0,0,0,0,0,0,0,0,0,1,0,0,0,0,0,0,0,0,0,0,0	0,0,0,0,0,0,0,0,0,0,0,1,0,0,0,0,0,0,0,0,0,0,0	-0.681410,-0.392648,-0.588557,-1.239772,-0.348596,-0.858382,-1.347940,-1.203791,-1.319481,-0.725951,-0.720715,0.757937,-0.823131,-0.858720,-0.378378,-1.009060,-0.424293,-1.258538,-0.838428,-0.589591,-0.579216,-0.900876,-1.210110
Ssin_ASAT1_ART34011.1	Ssin_ASAT1_ART34011.1	acceptor_superclass::Saccharides		0,0,0,0,0,0,0,0,0,0,0,0,0,0,0,0,0,1,0,0,0,0,0	0,0,0,0,0,0,0,0,0,0,0,0,0,0,0,0,0,0,0,0,0,0,0	-1.115587,-1.055533,-1.278062,-0.701273,-1.570584,-0.753089,-1.125219,0.000000,-0.755307,-1.788146,-1.071805,-0.855914,-1.421495,-1.470843,-1.506422,-0.452257,-0.750337,-0.263366,-1.132610,-1.001763,-1.211099,-0.215242,-1.225886
Ssin_ASAT2_ART34012.1	Ssin_ASAT2_ART34012.1		acceptor_superclass::Saccharides	0,0,0,0,0,0,0,0,0,0,0,0,0,0,0,0,0,0,0,0,0,0,0	0,0,0,0,0,0,0,0,0,0,0,0,0,0,0,0,0,1,0,0,0,0,0	-1.238358,-1.077814,-0.784457,-0.501063,-1.430879,-0.831705,-1.258911,-1.290160,-1.158286,-1.216567,-1.446429,-0.780448,-1.224999,-1.190281,-1.609982,-1.748866,-0.792614,0.154926,-1.189226,-0.944559,-0.770283,-0.575891,-1.208869
Ssin_ASAT3_ART34013.1	Ssin_ASAT3_ART34013.1			0,0,0,0,0,0,0,0,0,0,0,0,0,0,0,0,0,0,0,0,0,0,0	0,0,0,0,0,0,0,0,0,0,0,0,0,0,0,0,0,0,0,0,0,0,0	-1.056174,-0.889934,-1.262962,-0.985761,-0.755629,-1.262600,-1.077141,0.000000,-0.893469,-0.556918,-0.749616,-1.206581,-1.193230,-0.941767,-1.142201,-0.452317,-0.757066,-1.066310,-0.812470,-0.826367,-1.215179,-0.981647,-1.351025
Ssin_ASAT5_ART34014.1	Ssin_ASAT5_ART34014.1		acceptor_superclass::Triterpenoids	0,0,0,0,0,0,0,0,0,0,0,0,0,0,0,0,0,0,0,0,0,0,0	0,0,0,0,0,0,0,0,0,0,0,0,0,0,0,0,0,0,0,0,1,0,0	-0.920180,-0.875195,-0.505804,-0.928196,-0.947577,-0.225558,-1.173302,0.000000,-1.221064,-0.869534,-1.006716,-1.014520,-0.840340,-0.786108,-1.616019,-0.607931,-1.244909,-0.978943,-0.663814,-0.996954,0.123105,-0.976834,-1.049262
Sspl_5MAT1_AAL50566.1	Sspl_5MAT1_AAL50566.1	acceptor_superclass::Flavonoids	acceptor_superclass::Flavonoids;acceptor_superclass::Isoflavonoids;acceptor_superclass::Phenolic acids (C6-C1);acceptor_superclass::Steroids	0,0,0,0,0,1,0,0,0,0,0,0,0,0,0,0,0,0,0,0,0,0,0	0,0,0,0,0,1,1,0,0,0,0,0,0,1,0,0,0,0,0,1,0,0,0	-0.229739,-0.936169,-1.098881,-1.490964,-1.247675,0.974381,0.920948,-0.923172,-1.149853,-1.539535,-0.194661,-0.683923,-0.229739,0.162990,-0.967932,-0.511795,-1.375165,-0.779505,-0.943902,0.141311,-0.723928,-1.290003,-1.391561
Sspl_5MAT2_AAR26385.1	Sspl_5MAT2_AAR26385.1	acceptor_superclass::Flavonoids	acceptor_superclass::Tryptophan alkaloids	0,0,0,0,0,1,0,0,0,0,0,0,0,0,0,0,0,0,0,0,0,0,0	0,0,0,0,0,0,0,0,0,0,0,0,0,0,0,0,0,0,0,0,0,1,0	-1.267450,-0.484972,-1.186283,-0.573244,-0.608222,-1.436890,-1.284891,-0.721131,-0.497314,-0.765558,-0.849638,-0.798959,-0.937917,-1.536423,-0.292391,-1.757683,-1.157098,-1.243438,-0.717403,-0.490642,-1.395712,0.060091,-0.100348
Stub_COSY_M0ZYT4	Stub_COSY_M0ZYT4			0,0,0,0,0,0,0,0,0,0,0,0,0,0,0,0,0,0,0,0,0,0,0	0,0,0,0,0,0,0,0,0,0,0,0,0,0,0,0,0,0,0,0,0,0,0	-0.868236,-0.971222,-0.959026,-0.532003,-0.966223,-0.955506,-0.577398,-1.098881,-0.844442,-1.076628,-0.832175,-0.549600,-1.039877,-1.220897,-0.929145,-1.340139,-0.579460,-0.937442,-1.108947,-0.767319,-0.989879,-0.532627,-0.484616
Stub_FHT_NP_001275190.1	Stub_FHT_NP_001275190.1	acceptor_superclass::Fatty Acids and Conjugates;acceptor_superclass::Fatty acyls	acceptor_superclass::Fatty Acids and Conjugates;acceptor_superclass::Fatty acyls	0,0,0,1,1,0,0,0,0,0,0,0,0,0,0,0,0,0,0,0,0,0,0	0,0,0,1,1,0,0,0,0,0,0,0,0,0,0,0,0,0,0,0,0,0,0	-1.053099,-1.302769,-0.900507,1.128697,0.617235,-0.663267,-1.066461,-1.012758,-1.311866,-0.820034,-1.052871,-1.016249,-0.987471,-0.929680,-1.068612,-0.413736,-1.329163,-1.151178,-0.971832,-0.996826,-0.144727,-1.381959,-0.268455
Taes_ACT1-1_BCN87078.1	Taes_ACT1-1_BCN87078.1	acceptor_superclass::Ornithine alkaloids;acceptor_superclass::Pseudoalkaloids	acceptor_superclass::Ornithine alkaloids;acceptor_superclass::Pseudoalkaloids	0,0,0,0,0,0,0,0,0,0,0,1,0,0,0,0,1,0,0,0,0,0,0	0,0,0,0,0,0,0,0,0,0,0,1,0,0,0,0,1,0,0,0,0,0,0	-1.059468,-0.953553,-0.983398,-1.301854,-0.968316,-1.139555,-0.976780,-1.177747,-0.987759,-0.984657,-1.120630,1.183565,-1.134049,-0.656485,-1.166093,-1.162650,1.145629,-0.884343,-1.065743,-1.086010,-0.993857,-1.161555,-1.092999
Taes_ACT1-2_BCN87079.1	Taes_ACT1-2_BCN87079.1	acceptor_superclass::Ornithine alkaloids;acceptor_superclass::Pseudoalkaloids	acceptor_superclass::Ornithine alkaloids;acceptor_superclass::Pseudoalkaloids	0,0,0,0,0,0,0,0,0,0,0,1,0,0,0,0,1,0,0,0,0,0,0	0,0,0,0,0,0,0,0,0,0,0,1,0,0,0,0,1,0,0,0,0,0,0	-0.975477,-1.010059,-1.143184,-0.895528,-1.191998,-1.140538,-0.925311,-0.978533,-0.885699,-1.052389,-1.025874,1.132196,-1.030584,-0.827524,-0.900722,-1.206469,0.887968,-0.885295,-1.200839,-1.057739,-1.074158,-1.058022,-1.489754
Taes_ACT2_AMY96376.1	Taes_ACT2_AMY96376.1	acceptor_superclass::Ornithine alkaloids	acceptor_superclass::Ornithine alkaloids;acceptor_superclass::Pseudoalkaloids	0,0,0,0,0,0,0,0,0,0,0,1,0,0,0,0,0,0,0,0,0,0,0	0,0,0,0,0,0,0,0,0,0,0,1,0,0,0,0,1,0,0,0,0,0,0	-1.005737,-0.935535,-1.070962,-1.037268,-0.923685,-1.004591,-0.629864,-0.892191,-1.016570,-1.286461,-1.048425,0.655816,-0.958607,-0.599030,-1.033699,-0.839013,0.839523,-1.116744,-0.852666,-0.949488,-1.160146,-0.769655,-0.750131
Tant_HQT1_QCI44191.1	Tant_HQT1_QCI44191.1	acceptor_superclass::Phenolic acids (C6-C1)	acceptor_superclass::Phenolic acids (C6-C1);acceptor_superclass::Phenylpropanoids (C6-C3)	0,0,0,0,0,0,0,0,0,0,0,0,0,1,0,0,0,0,0,0,0,0,0	0,0,0,0,0,0,0,0,0,0,0,0,0,1,0,1,0,0,0,0,0,0,0	-0.967922,-0.853300,-1.031624,-0.699559,-0.927794,-0.273482,-1.298885,-1.047495,-0.825564,-0.831551,-0.893241,-1.236287,-1.009514,1.009508,-0.538952,0.251647,-1.135826,-0.878495,-0.611390,-1.278189,-1.076687,-1.061001,-1.621447
Tant_HQT2_QBQ52948.1	Tant_HQT2_QBQ52948.1	acceptor_superclass::Phenolic acids (C6-C1)	acceptor_superclass::Phenolic acids (C6-C1)	0,0,0,0,0,0,0,0,0,0,0,0,0,1,0,0,0,0,0,0,0,0,0	0,0,0,0,0,0,0,0,0,0,0,0,0,1,0,0,0,0,0,0,0,0,0	-1.014449,-1.038485,-0.727858,-0.723088,-1.327708,-0.714156,-1.056172,-0.849372,-0.987422,-1.496020,-1.087891,-1.063793,-0.999454,0.816532,-0.889985,-0.507764,-1.042166,-0.985517,-0.975931,-0.954167,-1.300403,-0.978065,-1.243657
Tcan_TAX10_AAM75818.1	Tcan_TAX10_AAM75818.1	acceptor_superclass::Diterpenoids	acceptor_superclass::Diterpenoids	0,0,1,0,0,0,0,0,0,0,0,0,0,0,0,0,0,0,0,0,0,0,0	0,0,1,0,0,0,0,0,0,0,0,0,0,0,0,0,0,0,0,0,0,0,0	-0.910505,-0.882416,0.503722,-1.065169,-1.114847,-0.394880,-0.849929,-0.989928,-1.245995,-0.468267,-0.988916,-0.477784,-0.910505,-0.554190,-0.898912,-0.491481,-1.089569,-0.585193,-0.639353,-0.829197,-0.981614,-0.704877,-1.347932
Tcus_BAPT_AAL92459.1	Tcus_BAPT_AAL92459.1	acceptor_superclass::Diterpenoids	acceptor_superclass::Monoterpenoids;acceptor_superclass::Ornithine alkaloids	0,0,1,0,0,0,0,0,0,0,0,0,0,0,0,0,0,0,0,0,0,0,0	0,0,0,0,0,0,0,0,0,1,0,1,0,0,0,0,0,0,0,0,0,0,0	-1.024842,-0.920924,-0.408549,-1.655635,-0.364539,-1.295037,-1.061722,-0.962957,-1.425866,0.616825,-1.329859,0.229639,-0.914319,-1.018946,-0.473450,-1.045995,-0.193284,-1.481637,-2.280245,-0.991939,-1.214561,-1.019395,-1.381089
Tcus_DBAT_AAF27621.1	Tcus_DBAT_AAF27621.1	acceptor_superclass::Diterpenoids	acceptor_superclass::Diterpenoids	0,0,1,0,0,0,0,0,0,0,0,0,0,0,0,0,0,0,0,0,0,0,0	0,0,1,0,0,0,0,0,0,0,0,0,0,0,0,0,0,0,0,0,0,0,0	-0.886641,-1.078182,0.914153,-0.977976,-1.460328,-0.964001,-0.980383,-0.732377,-0.768639,-1.179341,-1.123103,-0.521394,-0.767650,-0.996162,-0.920619,-1.103292,-0.346494,-0.955544,-1.316627,-1.006782,-1.004785,-1.135089,-1.406051
Tcus_TBT_AAG38049.1	Tcus_DBBT_AAG38049.1	acceptor_superclass::Diterpenoids	acceptor_superclass::Diterpenoids;acceptor_superclass::Monoterpenoids	0,0,1,0,0,0,0,0,0,0,0,0,0,0,0,0,0,0,0,0,0,0,0	0,0,1,0,0,0,0,0,0,1,0,0,0,0,0,0,0,0,0,0,0,0,0	-1.195585,-1.269100,0.736548,-1.174958,-0.322489,-1.289774,-0.751852,-1.109094,-1.324776,0.048832,-1.399688,-0.878443,-1.089964,-1.316068,-0.563588,-0.048763,-1.146743,-1.203382,-1.475064,-1.322636,-1.177673,-0.895006,-1.464807
Tcus_DBNTBT_AAM75818.1	Tcus_DBNTBT_AAM75818.1	acceptor_superclass::Diterpenoids	acceptor_superclass::Diterpenoids	0,0,1,0,0,0,0,0,0,0,0,0,0,0,0,0,0,0,0,0,0,0,0	0,0,1,0,0,0,0,0,0,0,0,0,0,0,0,0,0,0,0,0,0,0,0	-0.910505,-0.882416,0.503722,-1.065169,-1.114847,-0.394880,-0.849929,-0.989928,-1.245995,-0.468267,-0.988916,-0.477784,-0.910505,-0.554190,-0.898912,-0.491481,-1.089569,-0.585193,-0.639353,-0.829197,-0.981614,-0.704877,-1.347932
Tcus_TAT_AAF34254.1	Tcus_TAT_AAF34254.1	acceptor_superclass::Diterpenoids	acceptor_superclass::Diterpenoids	0,0,1,0,0,0,0,0,0,0,0,0,0,0,0,0,0,0,0,0,0,0,0	0,0,1,0,0,0,0,0,0,0,0,0,0,0,0,0,0,0,0,0,0,0,0	-0.876736,-0.964629,0.374340,-0.725858,-0.789490,-0.636142,-0.911406,-0.915213,-1.148170,-1.086947,-0.845067,-0.830766,-0.876736,-1.035418,-1.129995,-0.823182,-1.020894,-0.957302,-1.306202,-0.873601,-0.770001,-0.897049,-0.897246
Tcus_TAX19_AAU89980.1	Tcus_TAX19_AAU89980.1		acceptor_superclass::Diterpenoids;acceptor_superclass::Monoterpenoids	0,0,0,0,0,0,0,0,0,0,0,0,0,0,0,0,0,0,0,0,0,0,0	0,0,1,0,0,0,0,0,0,1,0,0,0,0,0,0,0,0,0,0,0,0,0	-0.944918,-1.005191,0.461281,-0.297116,-0.867034,-1.202091,-0.987692,-1.038886,-1.117724,0.251317,-0.877965,-0.542292,-0.968058,-0.876752,-0.868180,-1.140833,-0.956763,-0.785521,-0.647205,-0.852461,-0.806634,-0.720434,-0.814497
Tcus_TAT_AAF34254.1	Tcus_TAX1_AAF34254.1		acceptor_superclass::Diterpenoids	0,0,0,0,0,0,0,0,0,0,0,0,0,0,0,0,0,0,0,0,0,0,0	0,0,1,0,0,0,0,0,0,0,0,0,0,0,0,0,0,0,0,0,0,0,0	-0.911559,-0.957095,0.889381,-0.645372,-0.694963,-0.705349,-0.987007,-0.797260,-1.079125,-1.019728,-0.824348,-0.980589,-0.924417,-1.131929,-1.147217,-0.728776,-1.012392,-1.065073,-1.160851,-0.938377,-0.797037,-0.943433,-0.936849
Tcus_TBT_AAG38049.1	Tcus_TBT_AAG38049.1	acceptor_superclass::Diterpenoids	acceptor_superclass::Diterpenoids;acceptor_superclass::Monoterpenoids	0,0,1,0,0,0,0,0,0,0,0,0,0,0,0,0,0,0,0,0,0,0,0	0,0,1,0,0,0,0,0,0,1,0,0,0,0,0,0,0,0,0,0,0,0,0	-1.195585,-1.269100,0.736548,-1.174958,-0.322489,-1.289774,-0.751852,-1.109094,-1.324776,0.048832,-1.399688,-0.878443,-1.089964,-1.316068,-0.563588,-0.048763,-1.146743,-1.203382,-1.475064,-1.322636,-1.177673,-0.895006,-1.464807
Tmed_BAHD22_QDM39185.1	Tmed_BAHD22_QDM39185.1	acceptor_superclass::Diterpenoids	acceptor_superclass::Diterpenoids	0,0,1,0,0,0,0,0,0,0,0,0,0,0,0,0,0,0,0,0,0,0,0	0,0,1,0,0,0,0,0,0,0,0,0,0,0,0,0,0,0,0,0,0,0,0	-0.945604,-1.034422,0.327960,-0.887364,-0.765055,-0.856215,-1.217999,-1.263315,-0.728929,-0.049757,-1.025019,-0.976215,-0.941626,-1.036791,-0.316155,-0.719792,-0.828453,-0.881362,-0.827770,-0.971249,-0.591964,-0.867176,-0.701583
Tmed_BAHD6-13_BEK82039.1	Tmed_BAHD6-13_BEK82039.1	acceptor_superclass::Diterpenoids	acceptor_superclass::Diterpenoids	0,0,1,0,0,0,0,0,0,0,0,0,0,0,0,0,0,0,0,0,0,0,0	0,0,1,0,0,0,0,0,0,0,0,0,0,0,0,0,0,0,0,0,0,0,0	-1.190022,-1.315733,1.070344,-0.099205,-0.818501,-1.044068,-0.909467,-0.639104,-1.025063,-1.439579,-1.042956,-1.080928,-1.012368,-0.687611,-1.422677,-0.790329,-1.510237,-0.941575,-0.274038,-0.779571,-1.110155,-0.745073,-1.139013
Tmed_DBAT_QDM39186.1	Tmed_DBAT_QDM39186.1	acceptor_superclass::Diterpenoids	acceptor_superclass::Diterpenoids	0,0,1,0,0,0,0,0,0,0,0,0,0,0,0,0,0,0,0,0,0,0,0	0,0,1,0,0,0,0,0,0,0,0,0,0,0,0,0,0,0,0,0,0,0,0	-1.061423,-0.973137,1.012204,-1.341798,-1.178278,-0.665329,-1.167830,-0.813997,-0.956747,-1.046446,-1.241101,-0.450327,-1.160108,-0.993204,-1.062133,-1.170931,-0.486440,-1.061380,-1.448165,-0.917098,-1.166703,-1.159603,-1.106657
Tmed_TAT_QDM39184.1	Tmed_TAT_QDM39184.1	acceptor_superclass::Diterpenoids	acceptor_superclass::Diterpenoids	0,0,1,0,0,0,0,0,0,0,0,0,0,0,0,0,0,0,0,0,0,0,0	0,0,1,0,0,0,0,0,0,0,0,0,0,0,0,0,0,0,0,0,0,0,0	-0.973701,-1.078809,0.485633,-1.063142,-0.634242,-1.082894,-0.930332,-0.862640,-1.202169,-0.486646,-0.992701,-0.509835,-1.020488,-1.243441,-1.012749,-0.618786,-0.620297,-1.352587,-1.154713,-0.838169,-0.862237,-0.711977,-0.873516
Tpra_HST_ACI16630.1	Tpra_HCT1A_ACI16630.1	acceptor_superclass::Phenolic acids (C6-C1)	acceptor_superclass::Phenolic acids (C6-C1)	0,0,0,0,0,0,0,0,0,0,0,0,0,1,0,0,0,0,0,0,0,0,0	0,0,0,0,0,0,0,0,0,0,0,0,0,1,0,0,0,0,0,0,0,0,0	-1.031454,-1.100203,-0.941283,-1.137025,-0.887571,-0.314215,-0.973141,-0.868135,-1.065022,-0.177670,-1.034377,-0.831867,-1.028990,1.159831,-1.221452,-0.586954,-0.830194,-1.093784,-0.026809,-0.882419,-0.290536,-1.183623,-0.488942
Tpra_HMT_ACI16631.1	Tpra_HCT2_ACI16631.1	acceptor_superclass::Fatty Acids and Conjugates	acceptor_superclass::Fatty Acids and Conjugates;acceptor_superclass::Small peptides;acceptor_superclass::Tyrosine alkaloids	0,0,0,1,0,0,0,0,0,0,0,0,0,0,0,0,0,0,0,0,0,0,0	0,0,0,1,0,0,0,0,0,0,0,0,0,0,0,0,0,0,1,0,0,0,1	-0.630111,-1.121606,-1.235641,0.900093,-1.145570,-0.441702,-0.950437,-0.638175,-1.102436,-0.864462,-0.759746,-0.901147,-0.789158,-0.834795,-0.764610,-1.047557,-0.963767,-0.870025,0.303309,-0.543582,-0.808231,-0.666031,0.735010
Tpra_HDT1_AXB87812.1	Tpra_HDT1_AXB87812.1	acceptor_superclass::Small peptides;acceptor_superclass::Tyrosine alkaloids	acceptor_superclass::Fatty Acids and Conjugates;acceptor_superclass::Small peptides	0,0,0,0,0,0,0,0,0,0,0,0,0,0,0,0,0,0,1,0,0,0,1	0,0,0,1,0,0,0,0,0,0,0,0,0,0,0,0,0,0,1,0,0,0,0	-1.047514,-0.884430,-1.045528,0.031429,-0.600940,-1.097585,-0.729366,-0.684281,-1.080061,-0.750693,-1.039347,-0.724410,-1.047514,-0.622775,-0.768058,-0.792880,-0.637228,-0.981285,0.767489,-0.900311,-1.174873,-0.981347,-1.041259
Tpra_HDT1_AXB87812.1	Tpra_HDT_AXB87812.1	acceptor_superclass::Small peptides	acceptor_superclass::Fatty Acids and Conjugates;acceptor_superclass::Small peptides;acceptor_superclass::Tyrosine alkaloids	0,0,0,0,0,0,0,0,0,0,0,0,0,0,0,0,0,0,1,0,0,0,0	0,0,0,1,0,0,0,0,0,0,0,0,0,0,0,0,0,0,1,0,0,0,1	-1.064669,-0.874401,-1.003342,0.058191,-0.805913,-1.228278,-0.815835,-0.808656,-1.036281,-1.093910,-1.100673,-0.659159,-1.033178,-0.620354,-0.692135,-0.653247,-0.603874,-1.149294,0.790173,-0.484668,-1.124556,-1.197088,0.881804
Tpra_HMT_ACI16631.1	Tpra_HMT_ACI16631.1	acceptor_superclass::Fatty Acids and Conjugates	acceptor_superclass::Fatty Acids and Conjugates	0,0,0,1,0,0,0,0,0,0,0,0,0,0,0,0,0,0,0,0,0,0,0	0,0,0,1,0,0,0,0,0,0,0,0,0,0,0,0,0,0,0,0,0,0,0	-0.650376,-0.991795,-0.994424,0.883039,-0.800465,-0.748826,-0.978855,-0.640895,-1.126135,-0.568920,-0.760635,-0.978862,-0.650376,-0.816707,-0.413350,-0.639071,-0.996771,-0.945069,-0.139800,-0.959287,-0.814242,-0.631732,-0.084417
Tpra_HST_ACI16630.1	Tpra_HST_ACI16630.1	acceptor_superclass::Phenolic acids (C6-C1)	acceptor_superclass::Phenolic acids (C6-C1);acceptor_superclass::Small peptides	0,0,0,0,0,0,0,0,0,0,0,0,0,1,0,0,0,0,0,0,0,0,0	0,0,0,0,0,0,0,0,0,0,0,0,0,1,0,0,0,0,1,0,0,0,0	-0.976536,-1.077139,-1.011894,-1.001699,-0.884751,-0.594828,-1.034682,0.000000,-1.013103,-0.855847,-0.977978,-0.759117,-0.968632,1.169026,-1.207239,-0.356170,-0.865862,-1.063889,0.085321,-0.789404,-1.032840,-1.222561,-0.905333
Twal_DBAT_AFD32413.1	Twal_DBAT_AFD32413.1	acceptor_superclass::Diterpenoids	acceptor_superclass::Diterpenoids	0,0,1,0,0,0,0,0,0,0,0,0,0,0,0,0,0,0,0,0,0,0,0	0,0,1,0,0,0,0,0,0,0,0,0,0,0,0,0,0,0,0,0,0,0,0	-1.067283,-1.017656,0.964592,-1.134994,-1.332208,-0.731808,-1.066846,-0.676688,-0.861810,-1.182162,-1.243534,-0.590531,-1.155011,-1.027742,-1.047101,-1.022760,-0.363523,-0.939478,-1.446428,-0.858846,-1.087338,-1.064283,-0.969888
Vhyb_3MAT1_AAS77402.1	Vhyb_3MAT1_AAS77402.1	acceptor_superclass::Flavonoids;acceptor_superclass::Isoflavonoids;acceptor_superclass::Phenolic acids (C6-C1)	acceptor_superclass::Flavonoids;acceptor_superclass::Isoflavonoids	0,0,0,0,0,1,1,0,0,0,0,0,0,1,0,0,0,0,0,0,0,0,0	0,0,0,0,0,1,1,0,0,0,0,0,0,0,0,0,0,0,0,0,0,0,0	-0.392548,-1.142766,-1.027464,-1.102606,-1.044437,0.629587,0.028666,0.000000,-0.973923,-1.006303,-0.506523,-0.910891,-0.402028,-0.052579,-1.357682,-0.940871,-0.555401,-1.007934,-0.790318,-0.224052,-1.054885,-1.465987,-0.965520
Vlab_AMAT_AAW22989.1	Vlab_AMAT_AAW22989.1	acceptor_superclass::Fatty acyls	acceptor_superclass::Fatty acyls;acceptor_superclass::Phenylpropanoids (C6-C3)	0,0,0,0,1,0,0,0,0,0,0,0,0,0,0,0,0,0,0,0,0,0,0	0,0,0,0,1,0,0,0,0,0,0,0,0,0,0,1,0,0,0,0,0,0,0	-0.990030,-1.113738,-0.636548,-0.335066,0.275883,-0.543248,-1.195013,-1.091614,-0.471952,-0.711570,-0.958171,-1.043210,-1.061390,-0.904086,-0.342823,0.797517,-1.270271,-0.601726,-0.946388,-1.057476,-0.610803,-1.204451,-0.547196
Vvin_3AT_AKF15588.1	Vvin_3AT_AKF15588.1	acceptor_superclass::Flavonoids		0,0,0,0,0,1,0,0,0,0,0,0,0,0,0,0,0,0,0,0,0,0,0	0,0,0,0,0,0,0,0,0,0,0,0,0,0,0,0,0,0,0,0,0,0,0	-0.643587,-0.791661,-0.973104,-1.000837,-1.057871,-1.173655,-1.142582,-1.022905,-0.507902,-1.182476,-0.792967,-0.432357,-0.363592,-1.343673,-0.502207,-0.448177,-0.580205,-1.001520,-0.883477,-1.274357,-0.570826,-1.156931,-1.480487
Vvin_AAT2_CBI26419.3	Vvin_AAT2_CBI26419.3	acceptor_superclass::Fatty acyls;acceptor_superclass::Phenylethanoids (C6-C2)	acceptor_superclass::Fatty acyls	0,0,0,0,1,0,0,0,0,0,0,0,0,0,1,0,0,0,0,0,0,0,0	0,0,0,0,1,0,0,0,0,0,0,0,0,0,0,0,0,0,0,0,0,0,0	-0.930896,-1.075678,-0.940152,-0.919737,0.947438,-1.028855,-1.077814,-0.884978,-0.894251,-0.524531,-1.169148,-1.060292,-0.979033,-0.987678,-0.080151,-0.140433,-1.014056,-0.921719,-0.801842,-0.815794,-1.237412,-0.974579,-0.978237
Vvin_SHT_QNO39112.1	Vvin_SHT_QNO39112.1	acceptor_superclass::Ornithine alkaloids	acceptor_superclass::Ornithine alkaloids;acceptor_superclass::Pseudoalkaloids	0,0,0,0,0,0,0,0,0,0,0,1,0,0,0,0,0,0,0,0,0,0,0	0,0,0,0,0,0,0,0,0,0,0,1,0,0,0,0,1,0,0,0,0,0,0	-1.253894,-0.972810,-1.047900,-0.790668,-0.606288,-1.167242,-1.006118,-0.938246,-1.322108,-0.923345,-1.223525,0.893311,-1.253894,-0.064754,-0.874254,-0.487510,0.013289,-0.822313,-0.582351,-0.834009,-0.644662,-0.838384,-0.639450
Wlon_BAT1_NA	Wlon_BAT1_NA	acceptor_superclass::Monoterpenoids	acceptor_superclass::Monoterpenoids	0,0,0,0,0,0,0,0,0,1,0,0,0,0,0,0,0,0,0,0,0,0,0	0,0,0,0,0,0,0,0,0,1,0,0,0,0,0,0,0,0,0,0,0,0,0	-1.017438,-1.075969,-0.710231,-0.932967,-0.941148,-0.987081,-0.967910,0.000000,-0.945738,0.792421,-0.897691,-0.403748,-0.998700,-1.453071,-0.644266,-0.461361,-1.032706,-1.045829,-1.209468,-1.070426,-0.616788,-0.809359,-1.185192
Wlon_BAT2_NA	Wlon_BAT2_NA	acceptor_superclass::Monoterpenoids	acceptor_superclass::Monoterpenoids	0,0,0,0,0,0,0,0,0,1,0,0,0,0,0,0,0,0,0,0,0,0,0	0,0,0,0,0,0,0,0,0,1,0,0,0,0,0,0,0,0,0,0,0,0,0	-0.737217,-1.030109,-0.561540,-1.232832,-1.219939,-1.011957,-1.064969,-0.747089,-1.088424,0.896637,-0.723674,-1.340195,-0.737217,-1.038738,-0.947066,-1.045735,-1.360738,-0.828409,-0.714973,-0.836759,-1.041124,-0.438224,-0.953937
Wlon_BAT3_NA	Wlon_BAT3_NA	acceptor_superclass::Monoterpenoids	acceptor_superclass::Monoterpenoids;acceptor_superclass::Phenylpropanoids (C6-C3)	0,0,0,0,0,0,0,0,0,1,0,0,0,0,0,0,0,0,0,0,0,0,0	0,0,0,0,0,0,0,0,0,1,0,0,0,0,0,1,0,0,0,0,0,0,0	-0.934179,-0.938048,-0.654918,-1.172243,-0.544328,-0.999058,-0.949154,-1.274453,-1.233093,1.073528,-1.013674,-0.891940,-0.951215,-1.019218,-0.108508,0.078139,-1.022038,-0.775324,-1.192873,-1.126768,-1.230881,-1.142081,-1.252208
Wvil_BAT1_WvBAHD8	Wvil_BAT1_WvBAHD8	acceptor_superclass::Monoterpenoids	acceptor_superclass::Monoterpenoids;acceptor_superclass::Phenylpropanoids (C6-C3)	0,0,0,0,0,0,0,0,0,1,0,0,0,0,0,0,0,0,0,0,0,0,0	0,0,0,0,0,0,0,0,0,1,0,0,0,0,0,1,0,0,0,0,0,0,0	-0.801423,-1.105707,-0.678518,-0.963608,-0.178672,-0.338952,-0.935133,-0.491061,-0.796851,0.157143,-0.779966,-1.466180,-0.801423,-1.288739,-0.207961,0.553877,-1.095335,-1.126797,-1.562465,-0.804843,-0.836425,-0.574263,-0.444617
Wvil_BAT2_WvBAHD14	Wvil_BAT2_WvBAHD14	acceptor_superclass::Monoterpenoids		0,0,0,0,0,0,0,0,0,1,0,0,0,0,0,0,0,0,0,0,0,0,0	0,0,0,0,0,0,0,0,0,0,0,0,0,0,0,0,0,0,0,0,0,0,0	-1.037624,-1.318874,-0.383250,-0.619739,-0.422943,-0.472871,-0.837704,-1.442021,-1.376716,-0.854796,-0.965154,-1.508217,-0.949000,-1.382456,-0.638062,-0.304406,-1.265194,-1.004287,-0.987738,-1.191791,-1.685955,-1.438286,-0.799122
Wvil_BAT3_WvBAHD39	Wvil_BAT3_WvBAHD39	acceptor_superclass::Monoterpenoids	acceptor_superclass::Monoterpenoids	0,0,0,0,0,0,0,0,0,1,0,0,0,0,0,0,0,0,0,0,0,0,0	0,0,0,0,0,0,0,0,0,1,0,0,0,0,0,0,0,0,0,0,0,0,0	-0.856067,-0.937579,-0.849365,-1.184827,-0.847778,-0.895205,-1.028197,-1.099620,-0.971237,0.810973,-0.815847,-1.178664,-0.721889,-1.069201,-0.595819,-0.111561,-1.337117,-1.034010,-1.003008,-1.088282,-0.748664,-0.725810,-0.963404
Wvil_BAT4_WvBAHD40	Wvil_BAT4_WvBAHD40	acceptor_superclass::Monoterpenoids	acceptor_superclass::Monoterpenoids;acceptor_superclass::Phenylpropanoids (C6-C3)	0,0,0,0,0,0,0,0,0,1,0,0,0,0,0,0,0,0,0,0,0,0,0	0,0,0,0,0,0,0,0,0,1,0,0,0,0,0,1,0,0,0,0,0,0,0	-1.105289,-0.723526,-0.659562,-1.509080,-0.551446,-0.746060,-0.962330,-1.217854,-1.108349,0.829686,-1.124758,-1.234893,-1.015565,-1.045334,-0.191869,0.109329,-1.149681,-0.970516,-1.387046,-0.909595,-1.024429,-1.237613,-1.146362
Wvil_BAT5_WvBAHD50	Wvil_BAT5_WvBAHD50	acceptor_superclass::Monoterpenoids		0,0,0,0,0,0,0,0,0,1,0,0,0,0,0,0,0,0,0,0,0,0,0	0,0,0,0,0,0,0,0,0,0,0,0,0,0,0,0,0,0,0,0,0,0,0	-1.028978,-1.225060,-0.578761,-0.910458,-0.134332,-0.532384,-0.999231,-1.155486,-1.244618,-0.403811,-1.064092,-0.722347,-0.920400,-1.127359,-0.030044,-0.176105,-0.635687,-0.971246,-0.553484,-0.870181,-1.399571,-1.124992,-0.990068
Wvil_BAT6_WvBAHD28	Wvil_BAT6_WvBAHD28	acceptor_superclass::Monoterpenoids	acceptor_superclass::Phenolic acids (C6-C1);acceptor_superclass::Small peptides	0,0,0,0,0,0,0,0,0,1,0,0,0,0,0,0,0,0,0,0,0,0,0	0,0,0,0,0,0,0,0,0,0,0,0,0,1,0,0,0,0,1,0,0,0,0	-0.833008,-0.941343,-0.385237,-1.669803,-1.557393,-0.643439,-1.333689,-0.845757,-0.996811,-0.511128,-1.064988,-0.696188,-0.962304,0.694348,-0.575039,-0.106706,-0.664510,-1.281736,0.113323,-1.089361,-0.373695,-0.859794,-0.746351
Zmay_AAT1_ONM11762.1	Zmay_AAT1_ONM11762.1	acceptor_superclass::Flavonoids	acceptor_superclass::Fatty Acids and Conjugates;acceptor_superclass::Flavonoids;acceptor_superclass::Isoflavonoids	0,0,0,0,0,1,0,0,0,0,0,0,0,0,0,0,0,0,0,0,0,0,0	0,0,0,1,0,1,1,0,0,0,0,0,0,0,0,0,0,0,0,0,0,0,0	-1.555632,-1.380868,-0.830135,0.058980,-0.524066,1.135114,1.022562,-0.990540,-1.257823,-0.478203,-1.870488,-0.409946,-1.563117,-0.865250,-0.840501,-1.438411,-0.457286,-0.478205,-0.955038,-0.937854,-0.431392,-0.885632,-0.047136
Zmay_CAT_ACF87722.1	Zmay_CAT_ACF87722.1		acceptor_superclass::Monoterpenoids;acceptor_superclass::Phenylpropanoids (C6-C3)	0,0,0,0,0,0,0,0,0,0,0,0,0,0,0,0,0,0,0,0,0,0,0	0,0,0,0,0,0,0,0,0,1,0,0,0,0,0,1,0,0,0,0,0,0,0	-1.074333,-0.739937,-1.237576,-0.875922,-0.389334,-1.064694,-1.011187,-0.886806,-1.243377,0.347459,-1.150736,-1.085145,-1.178560,-0.940143,-0.503002,0.973151,-1.005131,-0.945764,-1.123744,-1.222737,-0.752972,-0.822687,-0.853589
Zmay_FMT_AQK78565.1	Zmay_FMT_AQK78565.1	acceptor_superclass::Phenylpropanoids (C6-C3)	acceptor_superclass::Monoterpenoids;acceptor_superclass::Phenylpropanoids (C6-C3)	0,0,0,0,0,0,0,0,0,0,0,0,0,0,0,1,0,0,0,0,0,0,0	0,0,0,0,0,0,0,0,0,1,0,0,0,0,0,1,0,0,0,0,0,0,0	-1.021044,-0.937424,-0.906089,-1.580474,-0.979647,-0.671557,-1.121801,-1.117531,-0.928331,0.060565,-1.023330,-0.780308,-1.126948,-0.912005,-1.023502,0.339575,-0.479392,-0.937435,-0.590112,-0.836799,-0.765452,-1.260471,-1.578959
