fasta_id	enzyme_id	embedding_path	true_labels	predicted_labels	true_vector	pred_vector	score_vector
Aagr_HCT6_QPI70575.1	Aagr_HCT6_QPI70575.1	/content/drive/MyDrive/CS_5782_Final_Project/code_and_data/BAHD_lastLayer_embeddings/Aagr_HCT6_QPI70575.1_hidden_layer_steps10.pt	acceptor_superclass::Phenolic acids (C6-C1);acceptor_superclass::Small peptides	acceptor_superclass::Phenolic acids (C6-C1);acceptor_superclass::Phenylethanoids (C6-C2);acceptor_superclass::Phenylpropanoids (C6-C3);acceptor_superclass::Small peptides;acceptor_superclass::Tyrosine alkaloids	0,0,0,0,0,0,0,0,0,0,0,0,0,1,0,0,0,0,1,0,0,0,0	0,0,0,0,0,0,0,0,0,0,0,0,0,1,1,1,0,0,1,0,0,0,1	-0.897786,-1.429544,-1.432193,-0.443307,-0.372492,-0.648335,-2.603514,-1.768020,-1.611206,-0.609567,-1.337450,-0.769739,-0.714432,4.625572,0.162690,1.014781,-0.885469,-0.942802,0.985311,-2.024428,-0.524926,-2.173915,0.040696
Aagr_HFT-like_Aagr000038l.49.1	Aagr_HFT-like_Aagr000038l.49.1	/content/drive/MyDrive/CS_5782_Final_Project/code_and_data/BAHD_lastLayer_embeddings/Aagr_HFT-like_Aagr000038l.49.1_hidden_layer_steps10.pt	acceptor_superclass::Fatty Acids and Conjugates	acceptor_superclass::Fatty Acids and Conjugates;acceptor_superclass::Fatty acyls;acceptor_superclass::Phenylpropanoids (C6-C3);acceptor_superclass::Triterpenoids	0,0,0,1,0,0,0,0,0,0,0,0,0,0,0,0,0,0,0,0,0,0,0	0,0,0,1,1,0,0,0,0,0,0,0,0,0,0,1,0,0,0,0,1,0,0	-1.544847,-1.721906,-1.672001,2.456189,3.338172,-1.904064,-2.539600,-1.399045,-1.263677,-1.873560,-1.350738,-2.029957,-1.492976,-1.186853,-0.968905,0.716261,-0.675287,-0.409192,-0.874977,-1.377340,0.168526,-0.307413,-2.943541
Abel_TS_WPF47615.1	Abel_TS_WPF47615.1	/content/drive/MyDrive/CS_5782_Final_Project/code_and_data/BAHD_lastLayer_embeddings/Abel_TS_WPF47615.1_hidden_layer_steps10.pt		acceptor_superclass::Naphthalenes;acceptor_superclass::Tyrosine alkaloids	0,0,0,0,0,0,0,0,0,0,0,0,0,0,0,0,0,0,0,0,0,0,0	0,0,0,0,0,0,0,0,0,0,1,0,0,0,0,0,0,0,0,0,0,0,1	-1.406121,-1.588435,-1.316785,-2.402290,-3.884670,-1.593076,-1.724769,-0.639062,-0.100326,-2.070710,1.003546,-1.742500,-0.894166,-2.800358,-1.419161,-2.421975,-1.250541,-0.730112,-0.932730,-0.701187,-0.743657,-0.570621,0.541763
Achi_AT16_PSS01274.1	Achi_AT16_PSS01274.1	/content/drive/MyDrive/CS_5782_Final_Project/code_and_data/BAHD_lastLayer_embeddings/Achi_AT16_PSS01274.1_hidden_layer_steps10.pt	acceptor_superclass::Fatty acyls	acceptor_superclass::Fatty acyls;acceptor_superclass::Lysine alkaloids	0,0,0,0,1,0,0,0,0,0,0,0,0,0,0,0,0,0,0,0,0,0,0	0,0,0,0,1,0,0,0,1,0,0,0,0,0,0,0,0,0,0,0,0,0,0	-0.982073,-0.896196,-1.884807,-0.802993,2.913249,-1.306289,-0.908015,-1.089378,0.086626,-0.209757,-0.999013,-1.889513,-1.124811,-1.562140,-1.116689,-0.518021,-0.382376,-1.939093,-0.781456,-1.313232,-1.714488,-1.288746,-1.788751
Achi_FHT_PSR89440.1	Achi_FHT_PSR89440.1	/content/drive/MyDrive/CS_5782_Final_Project/code_and_data/BAHD_lastLayer_embeddings/Achi_FHT_PSR89440.1_hidden_layer_steps10.pt	acceptor_superclass::Fatty Acids and Conjugates;acceptor_superclass::Fatty acyls	acceptor_superclass::Fatty Acids and Conjugates;acceptor_superclass::Fatty acyls	0,0,0,1,1,0,0,0,0,0,0,0,0,0,0,0,0,0,0,0,0,0,0	0,0,0,1,1,0,0,0,0,0,0,0,0,0,0,0,0,0,0,0,0,0,0	-1.179977,-1.122452,-1.044345,4.773497,4.703087,-1.172972,-0.627900,-0.971519,-0.781378,-1.737325,-2.242097,-1.787583,-1.110249,-2.204200,-0.300603,-2.923239,-1.860460,-1.795750,-1.329954,-1.310150,-1.133302,-1.339873,-0.836311
Aeri_AT9_AIC83789.1	Aeri_AT9_AIC83789.1	/content/drive/MyDrive/CS_5782_Final_Project/code_and_data/BAHD_lastLayer_embeddings/Aeri_AT9_AIC83789.1_hidden_layer_steps10.pt	acceptor_superclass::Fatty acyls	acceptor_superclass::Coumarins;acceptor_superclass::Fatty Acids and Conjugates;acceptor_superclass::Fatty acyls;acceptor_superclass::Lignans;acceptor_superclass::Naphthalenes;acceptor_superclass::Ornithine alkaloids;acceptor_superclass::Phenanthrenoids;acceptor_superclass::Pseudoalkaloids	0,0,0,0,1,0,0,0,0,0,0,0,0,0,0,0,0,0,0,0,0,0,0	1,0,0,1,1,0,0,1,0,0,1,1,1,0,0,0,1,0,0,0,0,0,0	0.169737,-1.448975,-0.677334,0.498693,0.492918,-2.714224,-1.498256,0.066362,-1.744305,-0.612817,0.845730,0.167514,0.628510,-2.114129,-1.272278,-0.836244,0.946633,-1.208701,-3.693123,-0.390684,-2.113666,-3.301044,-0.263828
Aeuc_AAT1_BDW80083.1	Aeuc_AAT1_BDW80083.1	/content/drive/MyDrive/CS_5782_Final_Project/code_and_data/BAHD_lastLayer_embeddings/Aeuc_AAT1_BDW80083.1_hidden_layer_steps10.pt	acceptor_superclass::Naphthalenes	acceptor_superclass::Naphthalenes;acceptor_superclass::Triterpenoids;acceptor_superclass::Tryptophan alkaloids	0,0,0,0,0,0,0,0,0,0,1,0,0,0,0,0,0,0,0,0,0,0,0	0,0,0,0,0,0,0,0,0,0,1,0,0,0,0,0,0,0,0,0,1,1,0	-1.310200,-0.971965,-2.475651,-1.621693,-2.168765,-0.763533,-0.749494,-1.493998,-0.866031,-1.115300,6.698555,-0.946561,-1.308050,-3.260306,-1.129072,-1.267328,-0.046092,-1.437843,-0.089051,-1.925954,0.064784,0.119729,-0.380135
Aeuc_AAT2_BDW80089.1	Aeuc_AAT2_BDW80089.1	/content/drive/MyDrive/CS_5782_Final_Project/code_and_data/BAHD_lastLayer_embeddings/Aeuc_AAT2_BDW80089.1_hidden_layer_steps10.pt	acceptor_superclass::Naphthalenes	acceptor_superclass::Fatty acyls;acceptor_superclass::Naphthalenes	0,0,0,0,0,0,0,0,0,0,1,0,0,0,0,0,0,0,0,0,0,0,0	0,0,0,0,1,0,0,0,0,0,1,0,0,0,0,0,0,0,0,0,0,0,0	-1.162638,-0.997473,-1.462193,-1.410170,0.110111,-2.007172,-1.089882,-1.281906,-1.489657,-1.535977,7.869828,-1.488688,-1.573900,-2.879664,-1.028678,-1.988637,-1.122509,-0.911913,-1.850264,-0.790834,-1.447704,-2.177187,-1.529152
Aeuc_SAT2_BDW80080.1	Aeuc_SAT2_BDW80080.1	/content/drive/MyDrive/CS_5782_Final_Project/code_and_data/BAHD_lastLayer_embeddings/Aeuc_SAT2_BDW80080.1_hidden_layer_steps10.pt	acceptor_superclass::Naphthalenes	acceptor_superclass::Naphthalenes	0,0,0,0,0,0,0,0,0,0,1,0,0,0,0,0,0,0,0,0,0,0,0	0,0,0,0,0,0,0,0,0,0,1,0,0,0,0,0,0,0,0,0,0,0,0	-1.215323,-1.314429,-1.882284,-1.181160,-1.666082,-1.953235,-0.367874,-0.838588,-1.656578,-2.094445,8.277812,-1.111283,-0.846033,-2.846886,-1.710616,-1.544456,-0.730702,-0.569850,-1.091045,-0.883228,-0.321395,-0.915050,-0.661122
Amem_AT7-3_WMQ79387.1	Amem_AT7-3_WMQ79387.1	/content/drive/MyDrive/CS_5782_Final_Project/code_and_data/BAHD_lastLayer_embeddings/Amem_AT7-3_WMQ79387.1_hidden_layer_steps10.pt	acceptor_superclass::Triterpenoids	acceptor_superclass::Diterpenoids;acceptor_superclass::Monoterpenoids;acceptor_superclass::Tyrosine alkaloids	0,0,0,0,0,0,0,0,0,0,0,0,0,0,0,0,0,0,0,0,1,0,0	0,0,1,0,0,0,0,0,0,1,0,0,0,0,0,0,0,0,0,0,0,0,1	-1.464452,-1.717178,0.055376,-1.200822,-4.194174,-1.680529,-1.721761,-1.999814,-1.155044,0.542389,-0.805752,-3.618574,-1.871927,-2.946306,-1.600248,-1.768305,-1.537904,-0.535205,-0.614159,-1.080003,-0.924460,-1.323918,0.164121
Arac_HPT1_QAA12830.1	Arac_HPT1_QAA12830.1	/content/drive/MyDrive/CS_5782_Final_Project/code_and_data/BAHD_lastLayer_embeddings/Arac_HPT1_QAA12830.1_hidden_layer_steps10.pt	acceptor_superclass::Phenylpropanoids (C6-C3)	acceptor_superclass::Phenylethanoids (C6-C2)	0,0,0,0,0,0,0,0,0,0,0,0,0,0,0,1,0,0,0,0,0,0,0	0,0,0,0,0,0,0,0,0,0,0,0,0,0,1,0,0,0,0,0,0,0,0	-0.862107,-1.569685,-1.917602,-0.376835,-0.956714,-2.956299,-1.642968,-1.129966,-0.935602,-1.321514,-1.764864,-0.545941,-0.428101,-1.488073,1.187343,-1.697955,-1.151434,-0.750830,-0.030549,-0.752332,-1.482090,-1.100523,-0.692325
Asat_HCBT_BAC78635.1	Asat_HCBT_BAC78635.1	/content/drive/MyDrive/CS_5782_Final_Project/code_and_data/BAHD_lastLayer_embeddings/Asat_HCBT_BAC78635.1_hidden_layer_steps10.pt	acceptor_superclass::Small peptides	acceptor_superclass::Phenolic acids (C6-C1);acceptor_superclass::Small peptides	0,0,0,0,0,0,0,0,0,0,0,0,0,0,0,0,0,0,1,0,0,0,0	0,0,0,0,0,0,0,0,0,0,0,0,0,1,0,0,0,0,1,0,0,0,0	-1.391381,-1.271042,-1.973973,-1.817392,-1.315296,-1.274152,-1.171576,-1.060725,-1.609955,-1.232721,-2.360463,-0.565788,-1.168474,7.556374,-1.729431,-0.290724,-1.057419,-1.771121,0.805819,-1.052588,-0.879343,-0.757090,-0.899851
Asat_HHT1_BAC78633.1	Asat_HHT1_BAC78633.1	/content/drive/MyDrive/CS_5782_Final_Project/code_and_data/BAHD_lastLayer_embeddings/Asat_HHT1_BAC78633.1_hidden_layer_steps10.pt	acceptor_superclass::Phenolic acids (C6-C1)	acceptor_superclass::Phenolic acids (C6-C1);acceptor_superclass::Small peptides	0,0,0,0,0,0,0,0,0,0,0,0,0,1,0,0,0,0,0,0,0,0,0	0,0,0,0,0,0,0,0,0,0,0,0,0,1,0,0,0,0,1,0,0,0,0	-1.029919,-1.369427,-2.099730,-1.374686,-1.517432,-0.933413,-1.370858,-0.992626,-1.280735,-1.282562,-1.993149,-1.198847,-0.836795,3.593473,-1.464513,-0.177825,-1.725909,-1.310930,2.412422,-1.225222,-0.710968,-1.333597,-0.829731
Asat_HHT4_QDC27803.1	Asat_HHT4_QDC27803.1	/content/drive/MyDrive/CS_5782_Final_Project/code_and_data/BAHD_lastLayer_embeddings/Asat_HHT4_QDC27803.1_hidden_layer_steps10.pt	acceptor_superclass::Phenolic acids (C6-C1)	acceptor_superclass::Phenolic acids (C6-C1);acceptor_superclass::Phenylpropanoids (C6-C3);acceptor_superclass::Small peptides	0,0,0,0,0,0,0,0,0,0,0,0,0,1,0,0,0,0,0,0,0,0,0	0,0,0,0,0,0,0,0,0,0,0,0,0,1,0,1,0,0,1,0,0,0,0	-1.053514,-1.016473,-1.888025,-0.507841,-1.659621,-1.415618,-1.067123,-0.884028,-1.736890,-1.255916,-2.014799,-2.207775,-1.357130,5.123675,-1.822890,0.216010,-2.550532,-1.268772,1.955153,-1.226981,-1.304443,-0.650166,-0.059122
Asch_AKS1_URS65387.1	Asch_AKS1_URS65387.1	/content/drive/MyDrive/CS_5782_Final_Project/code_and_data/BAHD_lastLayer_embeddings/Asch_AKS1_URS65387.1_hidden_layer_steps10.pt	acceptor_superclass::Tryptophan alkaloids	acceptor_superclass::Monoterpenoids;acceptor_superclass::Tryptophan alkaloids	0,0,0,0,0,0,0,0,0,0,0,0,0,0,0,0,0,0,0,0,0,1,0	0,0,0,0,0,0,0,0,0,1,0,0,0,0,0,0,0,0,0,0,0,1,0	-1.184966,-1.283485,-1.113212,-1.808961,-0.077440,-0.642902,-1.375317,-1.688216,-2.475616,0.328971,-1.351754,-1.658840,-0.770567,-0.788579,-0.718063,-0.561629,-1.774673,-1.266744,-0.971611,-0.200146,-2.143955,0.460863,-0.826676
Asch_AKS2_URS65388.1	Asch_AKS2_URS65388.1	/content/drive/MyDrive/CS_5782_Final_Project/code_and_data/BAHD_lastLayer_embeddings/Asch_AKS2_URS65388.1_hidden_layer_steps10.pt	acceptor_superclass::Tryptophan alkaloids	acceptor_superclass::Diterpenoids;acceptor_superclass::Naphthalenes;acceptor_superclass::Triterpenoids;acceptor_superclass::Tryptophan alkaloids	0,0,0,0,0,0,0,0,0,0,0,0,0,0,0,0,0,0,0,0,0,1,0	0,0,1,0,0,0,0,0,0,0,1,0,0,0,0,0,0,0,0,0,1,1,0	-1.319402,-0.437705,0.330661,-2.714009,-1.825191,-2.512628,-0.900758,-0.984964,-0.773624,-1.229835,0.253480,-1.311346,-1.190729,-1.861796,-1.987203,-2.553133,-0.049243,-1.261241,-1.843086,-1.113466,1.368065,0.593652,-0.521813
Asin_FMT_AHL24755.1	Asin_FMT_AHL24755.1	/content/drive/MyDrive/CS_5782_Final_Project/code_and_data/BAHD_lastLayer_embeddings/Asin_FMT_AHL24755.1_hidden_layer_steps10.pt	acceptor_superclass::Phenylpropanoids (C6-C3)	acceptor_superclass::Phenanthrenoids	0,0,0,0,0,0,0,0,0,0,0,0,0,0,0,1,0,0,0,0,0,0,0	0,0,0,0,0,0,0,0,0,0,0,0,1,0,0,0,0,0,0,0,0,0,0	-1.339097,-1.000888,-1.179563,-1.060510,-2.526680,-0.763718,-0.714161,-1.806252,-1.854667,-0.543721,-0.526037,-0.492181,0.089730,-2.086820,-0.405702,-0.241108,-0.879702,-1.815527,-3.084132,-2.275916,-0.522557,-0.457356,-1.945793
Atha_3AT1_AEE27636.1	Atha_3AT1_AEE27636.1	/content/drive/MyDrive/CS_5782_Final_Project/code_and_data/BAHD_lastLayer_embeddings/Atha_3AT1_AEE27636.1_hidden_layer_steps10.pt	acceptor_superclass::Flavonoids	acceptor_superclass::Flavonoids;acceptor_superclass::Isoflavonoids	0,0,0,0,0,1,0,0,0,0,0,0,0,0,0,0,0,0,0,0,0,0,0	0,0,0,0,0,1,1,0,0,0,0,0,0,0,0,0,0,0,0,0,0,0,0	-1.221628,-1.207893,-2.399431,-0.707748,-2.699916,7.843183,0.475179,-0.948813,-2.473512,-1.710226,-0.889632,-2.270772,-1.041278,-1.110393,-2.071656,-0.964257,-2.116250,-1.188371,-2.356159,-0.532079,-0.741272,-1.681725,-0.728555
Atha_3AT2_AAF86513.1	Atha_3AT2_AAF86513.1	/content/drive/MyDrive/CS_5782_Final_Project/code_and_data/BAHD_lastLayer_embeddings/Atha_3AT2_AAF86513.1_hidden_layer_steps10.pt	acceptor_superclass::Flavonoids	acceptor_superclass::Flavonoids;acceptor_superclass::Naphthalenes;acceptor_superclass::Phenanthrenoids	0,0,0,0,0,1,0,0,0,0,0,0,0,0,0,0,0,0,0,0,0,0,0	0,0,0,0,0,1,0,0,0,0,1,0,1,0,0,0,0,0,0,0,0,0,0	-0.333522,-1.016036,-2.184146,-1.291766,-2.290502,7.616197,-0.134924,-1.625057,-1.945328,-1.951471,0.015085,-0.730264,0.193559,-1.724732,-1.182138,-2.117683,-1.267774,-1.489695,-1.629837,-0.808888,-1.332929,-1.630128,-0.521008
Atha_5MAT_BAB01191.1	Atha_5MAT_BAB01191.1	/content/drive/MyDrive/CS_5782_Final_Project/code_and_data/BAHD_lastLayer_embeddings/Atha_5MAT_BAB01191.1_hidden_layer_steps10.pt	acceptor_superclass::Flavonoids	acceptor_superclass::Coumarins;acceptor_superclass::Flavonoids;acceptor_superclass::Isoflavonoids;acceptor_superclass::Monoterpenoids;acceptor_superclass::Naphthalenes;acceptor_superclass::Phenanthrenoids;acceptor_superclass::Steroids;acceptor_superclass::Triterpenoids	0,0,0,0,0,1,0,0,0,0,0,0,0,0,0,0,0,0,0,0,0,0,0	1,0,0,0,0,1,1,0,0,1,1,0,1,0,0,0,0,0,0,1,1,0,0	1.388486,-0.413654,-1.591299,-2.951729,-1.878683,4.913410,1.627908,-2.410312,-1.804906,0.159660,1.077855,-0.655519,1.471435,-2.971087,-0.259255,-0.514326,-0.577010,-1.827237,-1.046754,1.908092,1.433336,-1.564372,-1.689870
Atha_ACT1_NP_200924.1	Atha_ACT1_NP_200924.1	/content/drive/MyDrive/CS_5782_Final_Project/code_and_data/BAHD_lastLayer_embeddings/Atha_ACT1_NP_200924.1_hidden_layer_steps10.pt	acceptor_superclass::Ornithine alkaloids;acceptor_superclass::Pseudoalkaloids	acceptor_superclass::Coumarins;acceptor_superclass::Flavonoids;acceptor_superclass::Isoflavonoids;acceptor_superclass::Naphthalenes;acceptor_superclass::Pseudoalkaloids;acceptor_superclass::Steroids	0,0,0,0,0,0,0,0,0,0,0,1,0,0,0,0,1,0,0,0,0,0,0	1,0,0,0,0,1,1,0,0,0,1,0,0,0,0,0,1,0,0,1,0,0,0	0.793237,-1.976915,-1.902960,-1.208403,-2.227217,4.959710,0.901510,-0.378322,-1.825362,-1.559383,0.697969,-1.086632,-0.022869,-4.599170,-2.630507,-2.812222,0.287754,-1.956909,-1.664363,1.796046,-1.519583,-0.935567,-0.826912
Atha_HHT1_AAL34170.1	Atha_ASFT_NP_851111.1	/content/drive/MyDrive/CS_5782_Final_Project/code_and_data/BAHD_lastLayer_embeddings/Atha_HHT1_AAL34170.1_hidden_layer_steps10.pt	acceptor_superclass::Fatty Acids and Conjugates;acceptor_superclass::Fatty acyls	acceptor_superclass::Fatty Acids and Conjugates;acceptor_superclass::Fatty acyls	0,0,0,1,1,0,0,0,0,0,0,0,0,0,0,0,0,0,0,0,0,0,0	0,0,0,1,1,0,0,0,0,0,0,0,0,0,0,0,0,0,0,0,0,0,0	-1.269791,-1.261432,-1.448359,5.200464,3.148729,-1.831258,-1.353354,-1.194707,-1.354729,-1.805154,-1.808288,-1.965780,-1.163777,-2.165485,-1.459761,-1.740952,-1.525991,-0.775415,-1.259565,-1.594721,-0.924333,-0.701958,-0.441926
Atha_AT3G47170_NP_190301.2	Atha_AT3G47170_NP_190301.2	/content/drive/MyDrive/CS_5782_Final_Project/code_and_data/BAHD_lastLayer_embeddings/Atha_AT3G47170_NP_190301.2_hidden_layer_steps10.pt	acceptor_superclass::Ornithine alkaloids;acceptor_superclass::Pseudoalkaloids	acceptor_superclass::Ornithine alkaloids;acceptor_superclass::Pseudoalkaloids;acceptor_superclass::Tryptophan alkaloids	0,0,0,0,0,0,0,0,0,0,0,1,0,0,0,0,1,0,0,0,0,0,0	0,0,0,0,0,0,0,0,0,0,0,1,0,0,0,0,1,0,0,0,0,1,0	-1.496607,-0.985362,-1.625780,-1.361094,-0.966184,-0.569854,-1.182759,-1.821762,-1.760742,-0.155699,-1.799345,0.953825,-1.555157,-1.522637,-1.395665,-1.339672,0.714430,-1.930496,-1.142392,-2.063118,-0.297557,0.316143,-1.394152
Atha_PHT_OAO95042.1	Atha_AT5G07080_OAO95042.1	/content/drive/MyDrive/CS_5782_Final_Project/code_and_data/BAHD_lastLayer_embeddings/Atha_PHT_OAO95042.1_hidden_layer_steps10.pt	acceptor_superclass::Ornithine alkaloids;acceptor_superclass::Pseudoalkaloids	acceptor_superclass::Ornithine alkaloids;acceptor_superclass::Pseudoalkaloids	0,0,0,0,0,0,0,0,0,0,0,1,0,0,0,0,1,0,0,0,0,0,0	0,0,0,0,0,0,0,0,0,0,0,1,0,0,0,0,1,0,0,0,0,0,0	-1.334865,-0.986397,-1.172248,-0.810081,-0.723510,-1.276290,-1.108357,-1.133316,-1.254467,-1.280739,-1.413061,3.575777,-1.186998,-2.304479,-1.274863,-0.417246,2.277344,-1.377889,-1.648033,-1.463575,-0.865444,-1.694308,-1.852362
Atha_BIA1_CAB10319.1	Atha_BIA1_CAB10319.1	/content/drive/MyDrive/CS_5782_Final_Project/code_and_data/BAHD_lastLayer_embeddings/Atha_BIA1_CAB10319.1_hidden_layer_steps10.pt	acceptor_superclass::Steroids	acceptor_superclass::Ornithine alkaloids;acceptor_superclass::Pseudoalkaloids;acceptor_superclass::Triterpenoids;acceptor_superclass::Tryptophan alkaloids	0,0,0,0,0,0,0,0,0,0,0,0,0,0,0,0,0,0,0,1,0,0,0	0,0,0,0,0,0,0,0,0,0,0,1,0,0,0,0,1,0,0,0,1,1,0	-0.619854,-1.152424,-0.146945,-1.119367,-0.592941,-1.507798,-1.292917,-0.799506,-0.760042,-1.791954,-1.476203,0.390751,-0.637539,-2.052365,-0.574802,-2.202606,0.515420,-1.034210,-2.502810,-1.143321,1.581591,0.086651,-2.445096
Atha_CHAT_AAN09797.1	Atha_CHAT_AAN09797.1	/content/drive/MyDrive/CS_5782_Final_Project/code_and_data/BAHD_lastLayer_embeddings/Atha_CHAT_AAN09797.1_hidden_layer_steps10.pt	acceptor_superclass::Fatty acyls;acceptor_superclass::Monoterpenoids;acceptor_superclass::Phenylethanoids (C6-C2);acceptor_superclass::Phenylpropanoids (C6-C3)	acceptor_superclass::Fatty acyls;acceptor_superclass::Monoterpenoids;acceptor_superclass::Phenylpropanoids (C6-C3)	0,0,0,0,1,0,0,0,0,1,0,0,0,0,1,1,0,0,0,0,0,0,0	0,0,0,0,1,0,0,0,0,1,0,0,0,0,0,1,0,0,0,0,0,0,0	-1.641712,-0.916568,-1.045128,-1.258327,2.357251,-1.719412,-0.648913,-1.298839,-0.695472,0.646210,-1.956462,-1.412462,-2.012676,-2.474468,-0.364108,1.021319,-1.252431,-1.302400,-1.604373,-1.659116,-1.476064,-0.610995,-1.189118
Atha_COSY_AEE31013.1	Atha_COSY_AEE31013.1	/content/drive/MyDrive/CS_5782_Final_Project/code_and_data/BAHD_lastLayer_embeddings/Atha_COSY_AEE31013.1_hidden_layer_steps10.pt			0,0,0,0,0,0,0,0,0,0,0,0,0,0,0,0,0,0,0,0,0,0,0	0,0,0,0,0,0,0,0,0,0,0,0,0,0,0,0,0,0,0,0,0,0,0	-1.158800,-1.217111,-0.802226,-0.831100,-1.811129,-2.207250,-1.839760,-0.385312,-0.558986,-1.663725,-0.894696,-0.626921,-1.546076,-2.044127,-1.912996,-2.090715,-0.283248,-1.326038,-1.299272,-1.044162,-1.437566,-0.709093,-0.561583
Atha_DCF_AAQ62868.1	Atha_DCF_AAQ62868.1	/content/drive/MyDrive/CS_5782_Final_Project/code_and_data/BAHD_lastLayer_embeddings/Atha_DCF_AAQ62868.1_hidden_layer_steps10.pt	acceptor_superclass::Fatty Acids and Conjugates;acceptor_superclass::Fatty acyls	acceptor_superclass::Fatty Acids and Conjugates;acceptor_superclass::Fatty acyls;acceptor_superclass::Phenylethanoids (C6-C2)	0,0,0,1,1,0,0,0,0,0,0,0,0,0,0,0,0,0,0,0,0,0,0	0,0,0,1,1,0,0,0,0,0,0,0,0,0,1,0,0,0,0,0,0,0,0	-1.932583,-0.774552,-0.183595,2.507696,4.460553,-2.650848,-0.480405,-1.491958,-0.713839,-1.070639,-1.824891,-3.396930,-1.978572,-0.505743,0.005385,-1.359324,-0.710079,-1.034707,-1.445366,-1.744760,-1.309659,-2.757000,-2.733929
Atha_EPS1_NP_201517.1	Atha_EPS1_NP_201517.1	/content/drive/MyDrive/CS_5782_Final_Project/code_and_data/BAHD_lastLayer_embeddings/Atha_EPS1_NP_201517.1_hidden_layer_steps10.pt		acceptor_superclass::Fatty Acids and Conjugates;acceptor_superclass::Small peptides	0,0,0,0,0,0,0,0,0,0,0,0,0,0,0,0,0,0,0,0,0,0,0	0,0,0,1,0,0,0,0,0,0,0,0,0,0,0,0,0,0,1,0,0,0,0	-0.392997,-0.445987,-0.772906,0.117374,-2.798303,-0.374061,-2.786006,-0.384097,-1.259210,-2.042034,-1.915932,-2.658995,-0.837973,-4.688137,-2.179063,-2.683465,-1.180765,-1.398016,2.102948,-0.506536,-1.455101,-0.072913,-1.239731
Atha_FACT_AAN13119.1	Atha_FACT_AAN13119.1	/content/drive/MyDrive/CS_5782_Final_Project/code_and_data/BAHD_lastLayer_embeddings/Atha_FACT_AAN13119.1_hidden_layer_steps10.pt	acceptor_superclass::Fatty acyls	acceptor_superclass::Fatty Acids and Conjugates;acceptor_superclass::Fatty acyls;acceptor_superclass::Phenylethanoids (C6-C2)	0,0,0,0,1,0,0,0,0,0,0,0,0,0,0,0,0,0,0,0,0,0,0	0,0,0,1,1,0,0,0,0,0,0,0,0,0,1,0,0,0,0,0,0,0,0	-1.045984,-0.952357,-1.363422,1.892156,4.470074,-2.220280,-1.542597,-0.965785,-1.207900,-0.448781,-1.686947,-2.211930,-0.910884,-0.930069,0.050257,-0.431855,-1.721013,-1.534700,-1.901245,-1.582019,-0.642528,-1.603899,-1.968383
Atha_GGES_AED96958.1	Atha_GGES_AED96958.1	/content/drive/MyDrive/CS_5782_Final_Project/code_and_data/BAHD_lastLayer_embeddings/Atha_GGES_AED96958.1_hidden_layer_steps10.pt		acceptor_superclass::Diterpenoids;acceptor_superclass::Phenolic acids (C6-C1);acceptor_superclass::Phenylpropanoids (C6-C3);acceptor_superclass::Small peptides;acceptor_superclass::Tyrosine alkaloids	0,0,0,0,0,0,0,0,0,0,0,0,0,0,0,0,0,0,0,0,0,0,0	0,0,1,0,0,0,0,0,0,0,0,0,0,1,0,1,0,0,1,0,0,0,1	-1.299366,-0.823500,0.672467,-1.333741,-1.664474,-1.864379,-1.691591,-0.503148,-0.373566,-0.437490,-2.408072,-1.490245,-1.030967,0.987739,-1.973770,1.975888,-1.176703,-0.276124,1.066573,-1.550828,-1.001855,-1.214397,1.493261
Atha_HCT_BAB10316.1	Atha_HCT_BAB10316.1	/content/drive/MyDrive/CS_5782_Final_Project/code_and_data/BAHD_lastLayer_embeddings/Atha_HCT_BAB10316.1_hidden_layer_steps10.pt	acceptor_superclass::Flavonoids;acceptor_superclass::Phenolic acids (C6-C1);acceptor_superclass::Phenylpropanoids (C6-C3);acceptor_superclass::Small peptides	acceptor_superclass::Flavonoids;acceptor_superclass::Phenolic acids (C6-C1);acceptor_superclass::Small peptides	0,0,0,0,0,1,0,0,0,0,0,0,0,1,0,1,0,0,1,0,0,0,0	0,0,0,0,0,1,0,0,0,0,0,0,0,1,0,0,0,0,1,0,0,0,0	-0.951746,-1.121326,-1.337821,-1.446132,-1.521176,0.205499,-1.608358,-1.051000,-1.366488,-0.603946,-1.028527,-1.747656,-1.108778,8.779300,-1.140921,-0.796723,-1.684480,-1.469573,1.468646,-1.241947,-1.151560,-1.395898,-0.511906
Atha_HHT1_AAL34170.1	Atha_HHT1_AAL34170.1	/content/drive/MyDrive/CS_5782_Final_Project/code_and_data/BAHD_lastLayer_embeddings/Atha_HHT1_AAL34170.1_hidden_layer_steps10.pt	acceptor_superclass::Fatty Acids and Conjugates;acceptor_superclass::Fatty acyls	acceptor_superclass::Fatty Acids and Conjugates;acceptor_superclass::Fatty acyls	0,0,0,1,1,0,0,0,0,0,0,0,0,0,0,0,0,0,0,0,0,0,0	0,0,0,1,1,0,0,0,0,0,0,0,0,0,0,0,0,0,0,0,0,0,0	-1.269791,-1.261432,-1.448359,5.200464,3.148729,-1.831258,-1.353354,-1.194707,-1.354729,-1.805154,-1.808288,-1.965780,-1.163777,-2.165485,-1.459761,-1.740952,-1.525991,-0.775415,-1.259565,-1.594721,-0.924333,-0.701958,-0.441926
Atha_FACT_AAN13119.1	Atha_HHT3_NP_201161.1	/content/drive/MyDrive/CS_5782_Final_Project/code_and_data/BAHD_lastLayer_embeddings/Atha_FACT_AAN13119.1_hidden_layer_steps10.pt	acceptor_superclass::Fatty acyls	acceptor_superclass::Fatty Acids and Conjugates;acceptor_superclass::Fatty acyls;acceptor_superclass::Phenylethanoids (C6-C2)	0,0,0,0,1,0,0,0,0,0,0,0,0,0,0,0,0,0,0,0,0,0,0	0,0,0,1,1,0,0,0,0,0,0,0,0,0,1,0,0,0,0,0,0,0,0	-1.045984,-0.952357,-1.363422,1.892156,4.470074,-2.220280,-1.542597,-0.965785,-1.207900,-0.448781,-1.686947,-2.211930,-0.910884,-0.930069,0.050257,-0.431855,-1.721013,-1.534700,-1.901245,-1.582019,-0.642528,-1.603899,-1.968383
Atha_HHT1_AAL34170.1	Atha_HHT_AAL34170.1	/content/drive/MyDrive/CS_5782_Final_Project/code_and_data/BAHD_lastLayer_embeddings/Atha_HHT1_AAL34170.1_hidden_layer_steps10.pt	acceptor_superclass::Fatty Acids and Conjugates	acceptor_superclass::Fatty Acids and Conjugates;acceptor_superclass::Fatty acyls	0,0,0,1,0,0,0,0,0,0,0,0,0,0,0,0,0,0,0,0,0,0,0	0,0,0,1,1,0,0,0,0,0,0,0,0,0,0,0,0,0,0,0,0,0,0	-1.269791,-1.261432,-1.448359,5.200464,5.240802,-1.831258,-1.353354,-1.194707,-1.354729,-1.805154,-1.808288,-1.965780,-1.163777,-2.165485,-1.459761,-1.740952,-1.525991,-0.775415,-1.259565,-1.594721,-0.924333,-0.701958,-0.441926
Atha_PHT_OAO95042.1	Atha_PHT_OAO95042.1	/content/drive/MyDrive/CS_5782_Final_Project/code_and_data/BAHD_lastLayer_embeddings/Atha_PHT_OAO95042.1_hidden_layer_steps10.pt	acceptor_superclass::Ornithine alkaloids;acceptor_superclass::Pseudoalkaloids	acceptor_superclass::Ornithine alkaloids;acceptor_superclass::Pseudoalkaloids	0,0,0,0,0,0,0,0,0,0,0,1,0,0,0,0,1,0,0,0,0,0,0	0,0,0,0,0,0,0,0,0,0,0,1,0,0,0,0,1,0,0,0,0,0,0	-1.334865,-0.986397,-1.172248,-0.810081,-0.723510,-1.276290,-1.108357,-1.133316,-1.254467,-1.280739,-1.413061,3.575777,-1.186998,-2.304479,-1.274863,-0.417246,2.277344,-1.377889,-1.648033,-1.463575,-0.865444,-1.694308,-1.852362
Atha_PMAT1_AED94391.1	Atha_PMAT1_AED94391.1	/content/drive/MyDrive/CS_5782_Final_Project/code_and_data/BAHD_lastLayer_embeddings/Atha_PMAT1_AED94391.1_hidden_layer_steps10.pt	acceptor_superclass::Flavonoids;acceptor_superclass::Isoflavonoids;acceptor_superclass::Steroids	acceptor_superclass::Coumarins;acceptor_superclass::Flavonoids;acceptor_superclass::Isoflavonoids;acceptor_superclass::Steroids;acceptor_superclass::Triterpenoids	0,0,0,0,0,1,1,0,0,0,0,0,0,0,0,0,0,0,0,1,0,0,0	1,0,0,0,0,1,1,0,0,0,0,0,0,0,0,0,0,0,0,1,1,0,0	0.023645,-1.415617,-0.277867,-1.072428,-1.582262,1.578641,0.960494,-0.280307,-0.891691,-1.237335,-0.834619,-0.604226,-0.542437,-1.835256,-1.059610,-4.036280,-0.524028,-1.078706,-2.997335,0.164724,0.447305,-0.844358,-2.103906
Atha_PMAT2_BAB02518.1	Atha_PMAT2_BAB02518.1	/content/drive/MyDrive/CS_5782_Final_Project/code_and_data/BAHD_lastLayer_embeddings/Atha_PMAT2_BAB02518.1_hidden_layer_steps10.pt	acceptor_superclass::Coumarins;acceptor_superclass::Flavonoids;acceptor_superclass::Naphthalenes;acceptor_superclass::Phenanthrenoids;acceptor_superclass::Steroids	acceptor_superclass::Flavonoids;acceptor_superclass::Isoflavonoids;acceptor_superclass::Monoterpenoids;acceptor_superclass::Steroids	1,0,0,0,0,1,0,0,0,0,1,0,1,0,0,0,0,0,0,1,0,0,0	0,0,0,0,0,1,1,0,0,1,0,0,0,0,0,0,0,0,0,1,0,0,0	-0.471870,-0.900787,-1.588607,-1.338344,-1.116772,4.438523,1.557363,-2.352276,-1.574346,0.470964,-0.411117,-1.798493,-0.417849,-4.120298,-1.202850,-1.956483,-1.502219,-1.556558,-1.686709,0.473493,-0.953725,-0.957452,-1.220351
Atha_SCT_AAP81804.1	Atha_SCT_AAP81804.1	/content/drive/MyDrive/CS_5782_Final_Project/code_and_data/BAHD_lastLayer_embeddings/Atha_SCT_AAP81804.1_hidden_layer_steps10.pt	acceptor_superclass::Ornithine alkaloids	acceptor_superclass::Fatty acyls;acceptor_superclass::Ornithine alkaloids;acceptor_superclass::Pseudoalkaloids;acceptor_superclass::Steroids	0,0,0,0,0,0,0,0,0,0,0,1,0,0,0,0,0,0,0,0,0,0,0	0,0,0,0,1,0,0,0,0,0,0,1,0,0,0,0,1,0,0,1,0,0,0	-1.080716,-1.351577,-0.156199,-0.258829,0.026396,-1.471934,-0.664487,-1.458892,-1.339790,-0.790586,-1.818608,2.583532,-0.867376,-5.111452,-0.911593,-2.601721,2.452747,-1.230677,-2.065384,0.068455,-0.932429,-2.114290,-2.035849
Atha_SDT_AAC23766.1	Atha_SDT_AAC23766.1	/content/drive/MyDrive/CS_5782_Final_Project/code_and_data/BAHD_lastLayer_embeddings/Atha_SDT_AAC23766.1_hidden_layer_steps10.pt	acceptor_superclass::Ornithine alkaloids;acceptor_superclass::Pseudoalkaloids	acceptor_superclass::Ornithine alkaloids;acceptor_superclass::Pseudoalkaloids	0,0,0,0,0,0,0,0,0,0,0,1,0,0,0,0,1,0,0,0,0,0,0	0,0,0,0,0,0,0,0,0,0,0,1,0,0,0,0,1,0,0,0,0,0,0	-1.763708,-1.486665,-0.353134,-0.638586,-0.870934,-1.761821,-1.402548,-0.743013,-0.413100,-2.295030,-1.255311,1.859653,-1.410933,-2.912317,-0.694768,-1.145563,0.964372,-0.267571,-0.232912,-0.970389,-2.024038,-1.452151,-1.003900
Atha_SHT_AAD12025.1	Atha_SHT_AAD12025.1	/content/drive/MyDrive/CS_5782_Final_Project/code_and_data/BAHD_lastLayer_embeddings/Atha_SHT_AAD12025.1_hidden_layer_steps10.pt	acceptor_superclass::Ornithine alkaloids	acceptor_superclass::Ornithine alkaloids	0,0,0,0,0,0,0,0,0,0,0,1,0,0,0,0,0,0,0,0,0,0,0	0,0,0,0,0,0,0,0,0,0,0,1,0,0,0,0,0,0,0,0,0,0,0	-1.096154,-1.508662,-2.004807,-1.354218,-2.275034,-1.342564,-2.031715,-0.892081,-0.456485,-1.678382,-1.083912,3.412225,-0.946271,-1.801478,-0.487353,-1.924024,-0.715342,-1.561324,-1.469707,-1.222186,-1.666400,-1.208048,-0.534490
Atha_PHT_OAO95042.1	Atha_SHT_OAO95042.1	/content/drive/MyDrive/CS_5782_Final_Project/code_and_data/BAHD_lastLayer_embeddings/Atha_PHT_OAO95042.1_hidden_layer_steps10.pt	acceptor_superclass::Ornithine alkaloids	acceptor_superclass::Ornithine alkaloids;acceptor_superclass::Pseudoalkaloids	0,0,0,0,0,0,0,0,0,0,0,1,0,0,0,0,0,0,0,0,0,0,0	0,0,0,0,0,0,0,0,0,0,0,1,0,0,0,0,1,0,0,0,0,0,0	-1.334865,-0.986397,-1.172248,-0.810081,-0.723510,-1.276290,-1.108357,-1.133316,-1.254467,-1.280739,-1.413061,3.575777,-1.186998,-2.304479,-1.274863,-0.417246,3.687009,-1.377889,-1.648033,-1.463575,-0.865444,-1.694308,-1.852362
Atha_THAA1_BAB11062.1	Atha_THAA1_BAB11062.1	/content/drive/MyDrive/CS_5782_Final_Project/code_and_data/BAHD_lastLayer_embeddings/Atha_THAA1_BAB11062.1_hidden_layer_steps10.pt	acceptor_superclass::Triterpenoids	acceptor_superclass::Naphthalenes;acceptor_superclass::Phenylethanoids (C6-C2);acceptor_superclass::Steroids;acceptor_superclass::Triterpenoids	0,0,0,0,0,0,0,0,0,0,0,0,0,0,0,0,0,0,0,0,1,0,0	0,0,0,0,0,0,0,0,0,0,1,0,0,0,1,0,0,0,0,1,1,0,0	-0.455651,-0.712394,-0.547505,-0.909327,-1.700561,-2.063466,-1.065065,-1.576825,-0.097342,-2.239210,0.526381,-2.077020,-0.038535,-2.180919,0.215578,-0.741606,-1.297223,-0.828796,-1.792804,0.989260,0.444453,-0.623023,-1.948584
Atha_THAA2_AAO63428.1	Atha_THAA2_AAO63428.1	/content/drive/MyDrive/CS_5782_Final_Project/code_and_data/BAHD_lastLayer_embeddings/Atha_THAA2_AAO63428.1_hidden_layer_steps10.pt	acceptor_superclass::Triterpenoids	acceptor_superclass::Monoterpenoids;acceptor_superclass::Phenylpropanoids (C6-C3);acceptor_superclass::Steroids;acceptor_superclass::Triterpenoids	0,0,0,0,0,0,0,0,0,0,0,0,0,0,0,0,0,0,0,0,1,0,0	0,0,0,0,0,0,0,0,0,1,0,0,0,0,0,1,0,0,0,1,1,0,0	-1.384767,-1.153552,-0.674999,-0.656129,-0.693777,-0.790831,-1.735967,-0.609563,-1.868959,0.632636,-1.469722,-0.667698,-0.819698,-2.885607,-1.738909,0.603795,-2.061077,-0.841093,-1.715281,0.033778,2.007990,-0.748468,-0.898993
Bdis_PMT_CDG41682.1	Bdis_PMT_CDG41682.1	/content/drive/MyDrive/CS_5782_Final_Project/code_and_data/BAHD_lastLayer_embeddings/Bdis_PMT_CDG41682.1_hidden_layer_steps10.pt	acceptor_superclass::Phenylpropanoids (C6-C3)	acceptor_superclass::Phenylethanoids (C6-C2);acceptor_superclass::Phenylpropanoids (C6-C3)	0,0,0,0,0,0,0,0,0,0,0,0,0,0,0,1,0,0,0,0,0,0,0	0,0,0,0,0,0,0,0,0,0,0,0,0,0,1,1,0,0,0,0,0,0,0	-1.433788,-0.703159,-1.975961,-1.156763,-1.195516,-1.438377,-1.196980,-0.840196,-1.095311,-0.388443,-1.908835,-0.555278,-1.348126,-3.656797,0.246548,2.581650,-1.398067,-1.226947,-2.158468,-1.920298,-1.334934,-1.845890,-1.152825
Bmul_HQT1_BCY27076.1	Bmul_HQT1_BCY27076.1	/content/drive/MyDrive/CS_5782_Final_Project/code_and_data/BAHD_lastLayer_embeddings/Bmul_HQT1_BCY27076.1_hidden_layer_steps10.pt	acceptor_superclass::Phenolic acids (C6-C1);acceptor_superclass::Phenylpropanoids (C6-C3)	acceptor_superclass::Phenolic acids (C6-C1);acceptor_superclass::Phenylethanoids (C6-C2);acceptor_superclass::Phenylpropanoids (C6-C3);acceptor_superclass::Steroids;acceptor_superclass::Tyrosine alkaloids	0,0,0,0,0,0,0,0,0,0,0,0,0,1,0,1,0,0,0,0,0,0,0	0,0,0,0,0,0,0,0,0,0,0,0,0,1,1,1,0,0,0,1,0,0,1	-2.086533,-0.750514,-1.321357,-1.379429,-0.415470,-2.903685,-1.815622,-0.088402,-1.506233,-1.174401,-3.305322,-1.285369,-1.150092,1.482059,0.566735,1.526304,-2.090404,-1.298335,-0.858976,0.129706,-2.184834,-0.093348,0.360963
Bmul_HQT1_BDR61289.1	Bmul_HQT1_BDR61289.1	/content/drive/MyDrive/CS_5782_Final_Project/code_and_data/BAHD_lastLayer_embeddings/Bmul_HQT1_BDR61289.1_hidden_layer_steps10.pt	acceptor_superclass::Phenolic acids (C6-C1)	acceptor_superclass::Phenolic acids (C6-C1);acceptor_superclass::Small peptides	0,0,0,0,0,0,0,0,0,0,0,0,0,1,0,0,0,0,0,0,0,0,0	0,0,0,0,0,0,0,0,0,0,0,0,0,1,0,0,0,0,1,0,0,0,0	-0.709896,-0.975643,-2.119886,-1.668833,-0.745313,-0.715370,-1.393296,-1.200850,-0.774155,-0.661277,-1.076814,-2.038350,-0.823101,7.482506,-1.805235,-0.515773,-1.506736,-0.930477,0.991768,-0.613513,-0.871217,-1.871024,-1.007560
Bser_AT1_QXN66176.1	Bser_AT1_QXN66176.1	/content/drive/MyDrive/CS_5782_Final_Project/code_and_data/BAHD_lastLayer_embeddings/Bser_AT1_QXN66176.1_hidden_layer_steps10.pt	acceptor_superclass::Triterpenoids	acceptor_superclass::Naphthalenes;acceptor_superclass::Ornithine alkaloids;acceptor_superclass::Tryptophan alkaloids	0,0,0,0,0,0,0,0,0,0,0,0,0,0,0,0,0,0,0,0,1,0,0	0,0,0,0,0,0,0,0,0,0,1,1,0,0,0,0,0,0,0,0,0,1,0	-0.766648,-0.785076,-0.753272,-2.023325,-1.721333,-2.596085,-2.262711,-1.654443,-1.427325,-2.048330,0.152077,1.388485,-0.930867,-2.575915,-1.706948,-1.608756,-1.121996,-1.664194,-1.779709,-1.433783,-0.056482,0.642979,-0.663209
Cang_AT20_QLI57449.1	Cang_AT20_QLI57449.1	/content/drive/MyDrive/CS_5782_Final_Project/code_and_data/BAHD_lastLayer_embeddings/Cang_AT20_QLI57449.1_hidden_layer_steps10.pt	acceptor_superclass::Monoterpenoids	acceptor_superclass::Fatty acyls;acceptor_superclass::Phenylethanoids (C6-C2);acceptor_superclass::Phenylpropanoids (C6-C3)	0,0,0,0,0,0,0,0,0,1,0,0,0,0,0,0,0,0,0,0,0,0,0	0,0,0,0,1,0,0,0,0,0,0,0,0,0,1,1,0,0,0,0,0,0,0	-1.440846,-1.573003,-1.242532,-1.732291,1.893019,-1.076616,-0.899204,-0.578187,-0.306966,-0.454675,-2.208987,-3.610113,-1.386646,-4.035417,1.350537,1.576309,-1.636494,-0.921818,-0.480978,-1.233998,-2.241005,-1.011976,-2.360986
Cann_AT3_NP_001311698.1	Cann_AT3_NP_001311698.1	/content/drive/MyDrive/CS_5782_Final_Project/code_and_data/BAHD_lastLayer_embeddings/Cann_AT3_NP_001311698.1_hidden_layer_steps10.pt	acceptor_superclass::Tyrosine alkaloids	acceptor_superclass::Tyrosine alkaloids	0,0,0,0,0,0,0,0,0,0,0,0,0,0,0,0,0,0,0,0,0,0,1	0,0,0,0,0,0,0,0,0,0,0,0,0,0,0,0,0,0,0,0,0,0,1	-1.463189,-1.055516,-0.472904,-0.922347,-0.526146,-1.310815,-1.633466,-1.234609,-1.063754,-0.903842,-0.393913,-1.405826,-1.445030,-4.055727,-0.723502,-1.218174,-1.451383,-0.835943,-2.052380,-1.285738,-1.998664,-0.143675,2.424715
Cblu_HCT_CBI83579.1	Cblu_HCT_CBI83579.1	/content/drive/MyDrive/CS_5782_Final_Project/code_and_data/BAHD_lastLayer_embeddings/Cblu_HCT_CBI83579.1_hidden_layer_steps10.pt	acceptor_superclass::Phenolic acids (C6-C1);acceptor_superclass::Tyrosine alkaloids	acceptor_superclass::Flavonoids;acceptor_superclass::Phenolic acids (C6-C1);acceptor_superclass::Small peptides;acceptor_superclass::Tyrosine alkaloids	0,0,0,0,0,0,0,0,0,0,0,0,0,1,0,0,0,0,0,0,0,0,1	0,0,0,0,0,1,0,0,0,0,0,0,0,1,0,0,0,0,1,0,0,0,1	-0.875391,-1.303006,-1.348936,-0.960338,-1.728149,0.878275,-1.090784,-1.276905,-1.329997,-0.534371,-1.565190,-1.933843,-0.817819,7.758783,-1.661734,-0.329889,-1.820090,-1.317825,1.448096,-0.748071,-0.905298,-1.055662,2.120168
Cblu_HCT_CBI83579.1	Cblu_HST_CBI83579.1	/content/drive/MyDrive/CS_5782_Final_Project/code_and_data/BAHD_lastLayer_embeddings/Cblu_HCT_CBI83579.1_hidden_layer_steps10.pt	acceptor_superclass::Phenolic acids (C6-C1);acceptor_superclass::Small peptides	acceptor_superclass::Flavonoids;acceptor_superclass::Phenolic acids (C6-C1);acceptor_superclass::Tyrosine alkaloids	0,0,0,0,0,0,0,0,0,0,0,0,0,1,0,0,0,0,1,0,0,0,0	0,0,0,0,0,1,0,0,0,0,0,0,0,1,0,0,0,0,0,0,0,0,1	-0.875391,-1.303006,-1.348936,-0.960338,-1.728149,0.878275,-1.090784,-1.276905,-1.329997,-0.534371,-1.565190,-1.933843,-0.817819,7.758783,-1.661734,-0.329889,-1.820090,-1.317825,-0.951101,-0.748071,-0.905298,-1.055662,2.810675
Cblu_RAS_CAK55166.1	Cblu_RAS_CAK55166.1	/content/drive/MyDrive/CS_5782_Final_Project/code_and_data/BAHD_lastLayer_embeddings/Cblu_RAS_CAK55166.1_hidden_layer_steps10.pt	acceptor_superclass::Small peptides;acceptor_superclass::Tyrosine alkaloids	acceptor_superclass::Tryptophan alkaloids;acceptor_superclass::Tyrosine alkaloids	0,0,0,0,0,0,0,0,0,0,0,0,0,0,0,0,0,0,1,0,0,0,1	0,0,0,0,0,0,0,0,0,0,0,0,0,0,0,0,0,0,0,0,0,1,1	-1.816212,-1.119109,-1.967293,-1.549919,-1.924683,-1.426376,-1.051328,-0.359308,-0.954618,-1.510616,-1.220439,-1.591212,-1.794981,-0.161950,-0.815854,-1.944648,-1.961682,-1.176842,-0.105990,-1.599043,-2.230944,0.012839,0.125399
Cbra_HQT-like_GBG71902.1	Cbra_HQT-like_GBG71902.1	/content/drive/MyDrive/CS_5782_Final_Project/code_and_data/BAHD_lastLayer_embeddings/Cbra_HQT-like_GBG71902.1_hidden_layer_steps10.pt	acceptor_superclass::Phenolic acids (C6-C1)	acceptor_superclass::Cyclic polyketides;acceptor_superclass::Isoflavonoids;acceptor_superclass::Lysine alkaloids;acceptor_superclass::Monoterpenoids;acceptor_superclass::Ornithine alkaloids;acceptor_superclass::Phenolic acids (C6-C1);acceptor_superclass::Pseudoalkaloids;acceptor_superclass::Triterpenoids;acceptor_superclass::Tryptophan alkaloids;acceptor_superclass::Tyrosine alkaloids	0,0,0,0,0,0,0,0,0,0,0,0,0,1,0,0,0,0,0,0,0,0,0	0,1,0,0,0,0,1,0,1,1,0,1,0,1,0,0,1,0,0,0,1,1,1	-2.908021,0.018425,-2.370260,-2.102728,-4.051503,-0.680042,1.375896,-0.466083,0.033003,0.367968,-2.303511,2.656886,-1.400772,0.464911,-0.870057,-2.344551,3.348385,-1.126284,-0.209164,-2.864869,0.787820,0.049157,0.932737
Cbre_BEAT_AAC18062.1	Cbre_BEAT_AAC18062.1	/content/drive/MyDrive/CS_5782_Final_Project/code_and_data/BAHD_lastLayer_embeddings/Cbre_BEAT_AAC18062.1_hidden_layer_steps10.pt	acceptor_superclass::Phenanthrenoids;acceptor_superclass::Phenylethanoids (C6-C2);acceptor_superclass::Phenylpropanoids (C6-C3)	acceptor_superclass::Ornithine alkaloids;acceptor_superclass::Tyrosine alkaloids	0,0,0,0,0,0,0,0,0,0,0,0,1,0,1,1,0,0,0,0,0,0,0	0,0,0,0,0,0,0,0,0,0,0,1,0,0,0,0,0,0,0,0,0,0,1	-0.507951,-1.310010,-0.812474,-1.215745,-1.434964,-0.332770,-1.273404,-1.849162,-1.604059,-1.678050,-0.930611,0.888337,-0.507951,-2.622541,-2.434170,-0.004035,-0.103528,-0.478856,-0.667031,-1.718336,-1.342659,-0.697062,0.348927
Cbre_BEBT_AAN09796.1	Cbre_BEBT_AAN09796.1	/content/drive/MyDrive/CS_5782_Final_Project/code_and_data/BAHD_lastLayer_embeddings/Cbre_BEBT_AAN09796.1_hidden_layer_steps10.pt	acceptor_superclass::Phenylpropanoids (C6-C3)	acceptor_superclass::Fatty acyls;acceptor_superclass::Monoterpenoids;acceptor_superclass::Phenylpropanoids (C6-C3)	0,0,0,0,0,0,0,0,0,0,0,0,0,0,0,1,0,0,0,0,0,0,0	0,0,0,0,1,0,0,0,0,1,0,0,0,0,0,1,0,0,0,0,0,0,0	-1.417714,-0.843544,-0.244489,-1.261390,1.360387,-1.684697,-0.905557,-1.202355,-0.498088,1.070880,-1.822104,-2.384485,-1.530872,-2.346813,-0.416145,0.638972,-1.239662,-0.980861,-1.555642,-1.692274,-1.112673,-1.169433,-0.985123
Ccan_HCT_ABO47805.1	Ccan_HCT_ABO47805.1	/content/drive/MyDrive/CS_5782_Final_Project/code_and_data/BAHD_lastLayer_embeddings/Ccan_HCT_ABO47805.1_hidden_layer_steps10.pt	acceptor_superclass::Phenolic acids (C6-C1);acceptor_superclass::Phenylpropanoids (C6-C3)	acceptor_superclass::Flavonoids;acceptor_superclass::Phenolic acids (C6-C1);acceptor_superclass::Small peptides;acceptor_superclass::Triterpenoids	0,0,0,0,0,0,0,0,0,0,0,0,0,1,0,1,0,0,0,0,0,0,0	0,0,0,0,0,1,0,0,0,0,0,0,0,1,0,0,0,0,1,0,1,0,0	-1.166312,-1.190495,-0.453716,-1.375814,-1.444268,0.292372,-1.493414,-1.086214,-1.677580,-0.401363,-1.671075,-1.347867,-1.052720,8.496355,-1.321288,-0.244510,-1.945611,-1.359676,1.338589,-0.982524,0.162901,-1.336032,-0.252578
Ccan_HQT_ABO77957.1	Ccan_HQT_ABO77957.1	/content/drive/MyDrive/CS_5782_Final_Project/code_and_data/BAHD_lastLayer_embeddings/Ccan_HQT_ABO77957.1_hidden_layer_steps10.pt	acceptor_superclass::Phenolic acids (C6-C1);acceptor_superclass::Phenylpropanoids (C6-C3)	acceptor_superclass::Phenolic acids (C6-C1);acceptor_superclass::Triterpenoids	0,0,0,0,0,0,0,0,0,0,0,0,0,1,0,1,0,0,0,0,0,0,0	0,0,0,0,0,0,0,0,0,0,0,0,0,1,0,0,0,0,0,0,1,0,0	-0.787957,-1.471624,-2.101117,-1.098492,-1.996490,-0.653667,-1.298832,-1.697164,-1.369580,-2.146311,-1.390698,-2.370770,-1.030554,7.148156,-1.676486,-0.506860,-1.468030,-0.740992,-0.399279,-1.506582,0.009261,-1.874836,-2.284029
Ccar_HCT_AAZ80046.1	Ccar_HCT_AAZ80046.1	/content/drive/MyDrive/CS_5782_Final_Project/code_and_data/BAHD_lastLayer_embeddings/Ccar_HCT_AAZ80046.1_hidden_layer_steps10.pt	acceptor_superclass::Phenolic acids (C6-C1)	acceptor_superclass::Flavonoids;acceptor_superclass::Phenolic acids (C6-C1);acceptor_superclass::Phenylpropanoids (C6-C3);acceptor_superclass::Small peptides;acceptor_superclass::Triterpenoids;acceptor_superclass::Tyrosine alkaloids	0,0,0,0,0,0,0,0,0,0,0,0,0,1,0,0,0,0,0,0,0,0,0	0,0,0,0,0,1,0,0,0,0,0,0,0,1,0,1,0,0,1,0,1,0,1	-1.454278,-1.491479,-1.659554,-1.483697,-2.027654,0.285900,-1.296110,-1.184674,-1.025158,-1.269872,-1.239999,-1.644721,-1.550533,9.450897,-1.627444,0.466664,-1.370631,-1.491121,0.082944,-1.187836,0.339908,-1.292415,0.088893
Ccar_HQT1_CAM84302.2	Ccar_HQT1_CAM84302.2	/content/drive/MyDrive/CS_5782_Final_Project/code_and_data/BAHD_lastLayer_embeddings/Ccar_HQT1_CAM84302.2_hidden_layer_steps10.pt	acceptor_superclass::Phenolic acids (C6-C1)	acceptor_superclass::Phenolic acids (C6-C1)	0,0,0,0,0,0,0,0,0,0,0,0,0,1,0,0,0,0,0,0,0,0,0	0,0,0,0,0,0,0,0,0,0,0,0,0,1,0,0,0,0,0,0,0,0,0	-1.078022,-1.147967,-1.549466,-1.339718,-1.986092,-2.058709,-1.114143,-1.140891,-0.671070,-0.747757,-1.455160,-2.536631,-1.313470,8.345409,-1.240425,-1.042660,-1.383852,-1.386307,-1.573280,-0.968414,-0.794955,-0.739707,-1.058414
Ccar_HQT2_ACJ23164.1	Ccar_HQT2_ACJ23164.1	/content/drive/MyDrive/CS_5782_Final_Project/code_and_data/BAHD_lastLayer_embeddings/Ccar_HQT2_ACJ23164.1_hidden_layer_steps10.pt	acceptor_superclass::Phenolic acids (C6-C1)	acceptor_superclass::Phenolic acids (C6-C1)	0,0,0,0,0,0,0,0,0,0,0,0,0,1,0,0,0,0,0,0,0,0,0	0,0,0,0,0,0,0,0,0,0,0,0,0,1,0,0,0,0,0,0,0,0,0	-1.723114,-1.225078,-0.616697,-1.789275,-2.074067,-1.799584,-1.316415,-0.887708,-1.440053,-2.294520,-1.456715,-1.214400,-1.675013,8.235790,-2.326706,-1.675679,-0.688436,-1.470325,-1.140257,-1.006628,-1.884373,-1.398981,-1.747421
Ccar_HQT_ABK79689.1	Ccar_HQT_ABK79689.1	/content/drive/MyDrive/CS_5782_Final_Project/code_and_data/BAHD_lastLayer_embeddings/Ccar_HQT_ABK79689.1_hidden_layer_steps10.pt	acceptor_superclass::Phenolic acids (C6-C1)	acceptor_superclass::Phenolic acids (C6-C1)	0,0,0,0,0,0,0,0,0,0,0,0,0,1,0,0,0,0,0,0,0,0,0	0,0,0,0,0,0,0,0,0,0,0,0,0,1,0,0,0,0,0,0,0,0,0	-1.414597,-1.197121,-1.031466,-1.060865,-1.598350,-3.299355,-0.990729,-1.018203,-1.391286,-1.494102,-1.180642,-1.786426,-1.532247,9.139450,-1.608766,-0.826271,-1.274903,-0.987023,-0.812750,-1.561538,-0.831534,-1.859767,-1.913638
Ccar_HQT_ABK79690.1	Ccar_HQT_ABK79690.1	/content/drive/MyDrive/CS_5782_Final_Project/code_and_data/BAHD_lastLayer_embeddings/Ccar_HQT_ABK79690.1_hidden_layer_steps10.pt	acceptor_superclass::Phenolic acids (C6-C1)	acceptor_superclass::Phenolic acids (C6-C1)	0,0,0,0,0,0,0,0,0,0,0,0,0,1,0,0,0,0,0,0,0,0,0	0,0,0,0,0,0,0,0,0,0,0,0,0,1,0,0,0,0,0,0,0,0,0	-1.383366,-1.358518,-1.106551,-0.641581,-1.313580,-2.512326,-1.201489,-1.078326,-1.360916,-1.803732,-1.309291,-1.461712,-1.676464,8.714787,-2.060420,-0.786435,-1.238191,-0.737868,-0.414446,-1.124134,-1.048408,-1.837745,-1.352583
Cchi_AT3_AAV66309.1	Cchi_AT3_AAV66309.1	/content/drive/MyDrive/CS_5782_Final_Project/code_and_data/BAHD_lastLayer_embeddings/Cchi_AT3_AAV66309.1_hidden_layer_steps10.pt	acceptor_superclass::Tyrosine alkaloids	acceptor_superclass::Tyrosine alkaloids	0,0,0,0,0,0,0,0,0,0,0,0,0,0,0,0,0,0,0,0,0,0,1	0,0,0,0,0,0,0,0,0,0,0,0,0,0,0,0,0,0,0,0,0,0,1	-1.707911,-0.871714,-1.404994,-1.097550,-1.777638,-1.989949,-0.905438,-1.052045,-1.811813,-1.818600,-0.598624,-1.098620,-1.499139,-1.499409,-2.138200,-0.960110,-1.389084,-0.506738,-2.595847,-1.279531,-1.334903,-0.826430,2.598961
Ccro_AT1_AXB26761.1	Ccro_AT1_AXB26761.1	/content/drive/MyDrive/CS_5782_Final_Project/code_and_data/BAHD_lastLayer_embeddings/Ccro_AT1_AXB26761.1_hidden_layer_steps10.pt	acceptor_superclass::Flavonoids	acceptor_superclass::Flavonoids	0,0,0,0,0,1,0,0,0,0,0,0,0,0,0,0,0,0,0,0,0,0,0	0,0,0,0,0,1,0,0,0,0,0,0,0,0,0,0,0,0,0,0,0,0,0	-1.121960,-1.109604,-1.086192,-1.598539,-1.151194,3.823169,-1.453733,-1.205507,-1.127072,-0.812017,-1.924911,-1.482560,-1.207825,-2.090375,-1.324593,-1.015299,-0.643594,-1.899429,-0.906225,-1.346312,-1.165875,-1.365345,-1.521399
Ccro_AT1_AXB26761.1	Ccro_AT2_AXB26761.1	/content/drive/MyDrive/CS_5782_Final_Project/code_and_data/BAHD_lastLayer_embeddings/Ccro_AT1_AXB26761.1_hidden_layer_steps10.pt	acceptor_superclass::Flavonoids	acceptor_superclass::Flavonoids	0,0,0,0,0,1,0,0,0,0,0,0,0,0,0,0,0,0,0,0,0,0,0	0,0,0,0,0,1,0,0,0,0,0,0,0,0,0,0,0,0,0,0,0,0,0	-1.121960,-1.109604,-1.086192,-1.598539,-1.151194,3.823169,-1.453733,-1.205507,-1.127072,-0.812017,-1.924911,-1.482560,-1.207825,-2.090375,-1.324593,-1.015299,-0.643594,-1.899429,-0.906225,-1.346312,-1.165875,-1.365345,-1.521399
Ccro_AT2_AXB26762.1	Ccro_AT2_AXB26762.1	/content/drive/MyDrive/CS_5782_Final_Project/code_and_data/BAHD_lastLayer_embeddings/Ccro_AT2_AXB26762.1_hidden_layer_steps10.pt	acceptor_superclass::Flavonoids	acceptor_superclass::Flavonoids	0,0,0,0,0,1,0,0,0,0,0,0,0,0,0,0,0,0,0,0,0,0,0	0,0,0,0,0,1,0,0,0,0,0,0,0,0,0,0,0,0,0,0,0,0,0	-1.121960,-1.109604,-1.086192,-1.598539,-1.151194,3.823169,-1.453733,-1.205507,-1.127072,-0.812017,-1.924911,-1.482560,-1.207825,-2.090375,-1.324593,-1.015299,-0.643594,-1.899429,-0.906225,-1.346312,-1.165875,-1.365345,-1.521399
Ccro_HCT_WKA69991.1	Ccro_HCT_WKA69991.1	/content/drive/MyDrive/CS_5782_Final_Project/code_and_data/BAHD_lastLayer_embeddings/Ccro_HCT_WKA69991.1_hidden_layer_steps10.pt	acceptor_superclass::Phenolic acids (C6-C1)	acceptor_superclass::Phenolic acids (C6-C1);acceptor_superclass::Small peptides	0,0,0,0,0,0,0,0,0,0,0,0,0,1,0,0,0,0,0,0,0,0,0	0,0,0,0,0,0,0,0,0,0,0,0,0,1,0,0,0,0,1,0,0,0,0	-0.803437,-0.726343,-2.670721,-1.496582,-1.165142,-1.260645,-1.492290,-1.114669,-0.725510,-0.362244,-1.877479,-1.206650,-0.966492,4.812166,-2.058474,-0.780129,-0.645638,-1.800570,0.706378,-1.309579,-0.103093,-1.538800,-1.403563
Cint_HCT1_ANN12608.1	Cint_HCT1_ANN12608.1	/content/drive/MyDrive/CS_5782_Final_Project/code_and_data/BAHD_lastLayer_embeddings/Cint_HCT1_ANN12608.1_hidden_layer_steps10.pt	acceptor_superclass::Phenolic acids (C6-C1)	acceptor_superclass::Flavonoids;acceptor_superclass::Phenolic acids (C6-C1);acceptor_superclass::Phenylpropanoids (C6-C3);acceptor_superclass::Small peptides;acceptor_superclass::Triterpenoids;acceptor_superclass::Tyrosine alkaloids	0,0,0,0,0,0,0,0,0,0,0,0,0,1,0,0,0,0,0,0,0,0,0	0,0,0,0,0,1,0,0,0,0,0,0,0,1,0,1,0,0,1,0,1,0,1	-1.197571,-1.328091,-1.316845,-0.744349,-1.897035,0.670557,-1.446355,-1.200932,-1.199083,-0.316922,-1.003532,-2.398222,-1.325527,9.365296,-2.008880,0.015908,-1.975694,-1.434040,0.442988,-1.308728,0.086583,-1.095438,0.369290
Cint_HCT2_ANN12609.1	Cint_HCT2_ANN12609.1	/content/drive/MyDrive/CS_5782_Final_Project/code_and_data/BAHD_lastLayer_embeddings/Cint_HCT2_ANN12609.1_hidden_layer_steps10.pt	acceptor_superclass::Phenolic acids (C6-C1)	acceptor_superclass::Flavonoids;acceptor_superclass::Phenolic acids (C6-C1);acceptor_superclass::Tyrosine alkaloids	0,0,0,0,0,0,0,0,0,0,0,0,0,1,0,0,0,0,0,0,0,0,0	0,0,0,0,0,1,0,0,0,0,0,0,0,1,0,0,0,0,0,0,0,0,1	-0.904795,-0.936942,-1.133110,-1.285231,-1.311880,0.105378,-1.618575,-0.813873,-0.981665,-0.296041,-1.216919,-1.469396,-0.714801,7.871974,-1.296882,-0.119387,-2.070731,-1.494753,-0.277080,-1.311724,-0.457408,-1.667347,0.072141
Cint_HQT1_ANN12610.1	Cint_HQT1_ANN12610.1	/content/drive/MyDrive/CS_5782_Final_Project/code_and_data/BAHD_lastLayer_embeddings/Cint_HQT1_ANN12610.1_hidden_layer_steps10.pt	acceptor_superclass::Phenolic acids (C6-C1)	acceptor_superclass::Phenolic acids (C6-C1);acceptor_superclass::Phenylpropanoids (C6-C3)	0,0,0,0,0,0,0,0,0,0,0,0,0,1,0,0,0,0,0,0,0,0,0	0,0,0,0,0,0,0,0,0,0,0,0,0,1,0,1,0,0,0,0,0,0,0	-1.494218,-1.473788,-2.074626,-1.197439,-0.788405,-2.064241,-0.598371,-1.049618,-1.069960,-0.915019,-1.275108,-1.637082,-1.605237,9.437111,-0.925412,0.459287,-0.925005,-1.531589,-0.824365,-1.161411,-1.356136,-2.019989,-2.493495
Cint_HQT2_ANN12611.1	Cint_HQT2_ANN12611.1	/content/drive/MyDrive/CS_5782_Final_Project/code_and_data/BAHD_lastLayer_embeddings/Cint_HQT2_ANN12611.1_hidden_layer_steps10.pt	acceptor_superclass::Phenolic acids (C6-C1)	acceptor_superclass::Phenolic acids (C6-C1)	0,0,0,0,0,0,0,0,0,0,0,0,0,1,0,0,0,0,0,0,0,0,0	0,0,0,0,0,0,0,0,0,0,0,0,0,1,0,0,0,0,0,0,0,0,0	-1.047592,-1.316639,-1.290626,-0.954655,-1.405683,-1.823202,-1.058580,-1.030651,-1.066527,-1.947922,-1.327944,-2.757854,-1.056007,7.004768,-1.304131,-1.364007,-2.239371,-0.909376,-1.029141,-1.213204,-1.630746,-1.505495,-0.499247
Cint_HQT3_ANN12612.1	Cint_HQT3_ANN12612.1	/content/drive/MyDrive/CS_5782_Final_Project/code_and_data/BAHD_lastLayer_embeddings/Cint_HQT3_ANN12612.1_hidden_layer_steps10.pt	acceptor_superclass::Phenolic acids (C6-C1)	acceptor_superclass::Monoterpenoids;acceptor_superclass::Phenolic acids (C6-C1);acceptor_superclass::Phenylpropanoids (C6-C3)	0,0,0,0,0,0,0,0,0,0,0,0,0,1,0,0,0,0,0,0,0,0,0	0,0,0,0,0,0,0,0,0,1,0,0,0,1,0,1,0,0,0,0,0,0,0	-1.053478,-1.028709,-2.272838,-1.293450,-3.407038,-1.135911,-1.589288,-1.041743,-1.367997,0.396734,-0.588616,-1.707068,-1.049368,8.015600,-1.437482,0.082987,-2.207165,-1.325221,-1.504845,-1.375580,-1.017940,-1.521531,-1.378419
Cint_SHT1_AXY93625.1	Cint_SHT1_AXY93625.1	/content/drive/MyDrive/CS_5782_Final_Project/code_and_data/BAHD_lastLayer_embeddings/Cint_SHT1_AXY93625.1_hidden_layer_steps10.pt	acceptor_superclass::Ornithine alkaloids;acceptor_superclass::Phenolic acids (C6-C1);acceptor_superclass::Pseudoalkaloids	acceptor_superclass::Ornithine alkaloids;acceptor_superclass::Phenolic acids (C6-C1)	0,0,0,0,0,0,0,0,0,0,0,1,0,1,0,0,1,0,0,0,0,0,0	0,0,0,0,0,0,0,0,0,0,0,1,0,1,0,0,0,0,0,0,0,0,0	-1.665491,-0.968100,-2.142230,-2.509788,-1.224966,-1.604327,-1.324231,-1.045546,-1.586081,-2.253602,-2.697225,4.716689,-1.084513,0.246607,-0.885000,-2.961420,-0.415020,-1.446447,-1.199246,-1.328542,-1.515924,-1.725179,-1.523564
Cint_SHT2_AXY93626.1	Cint_SHT2_AXY93626.1	/content/drive/MyDrive/CS_5782_Final_Project/code_and_data/BAHD_lastLayer_embeddings/Cint_SHT2_AXY93626.1_hidden_layer_steps10.pt	acceptor_superclass::Ornithine alkaloids;acceptor_superclass::Phenolic acids (C6-C1);acceptor_superclass::Pseudoalkaloids	acceptor_superclass::Ornithine alkaloids;acceptor_superclass::Pseudoalkaloids;acceptor_superclass::Tyrosine alkaloids	0,0,0,0,0,0,0,0,0,0,0,1,0,1,0,0,1,0,0,0,0,0,0	0,0,0,0,0,0,0,0,0,0,0,1,0,0,0,0,1,0,0,0,0,0,1	-0.990721,-1.326615,-2.223074,-1.863607,-2.077836,-2.363461,-1.134742,-1.424474,-1.560151,-1.836296,-1.300233,4.481273,-0.501514,-1.155591,-1.377944,-3.279217,1.860908,-0.986777,-1.062718,-0.635398,-1.473509,-1.102278,0.728321
Cmel_AAT1_CAA94432.1	Cmel_AAT1_CAA94432.1	/content/drive/MyDrive/CS_5782_Final_Project/code_and_data/BAHD_lastLayer_embeddings/Cmel_AAT1_CAA94432.1_hidden_layer_steps10.pt	acceptor_superclass::Fatty acyls;acceptor_superclass::Phenylethanoids (C6-C2);acceptor_superclass::Phenylpropanoids (C6-C3)	acceptor_superclass::Fatty acyls;acceptor_superclass::Flavonoids;acceptor_superclass::Monoterpenoids	0,0,0,0,1,0,0,0,0,0,0,0,0,0,1,1,0,0,0,0,0,0,0	0,0,0,0,1,1,0,0,0,1,0,0,0,0,0,0,0,0,0,0,0,0,0	-1.550289,-1.003335,-0.427965,-1.204293,1.898808,0.961209,-1.869295,-1.467823,-0.023382,1.078556,-1.943473,-2.771306,-1.360623,-1.475576,-1.533303,-0.950471,-1.360945,-1.870265,-0.785083,-2.140099,-1.138512,-2.311746,-1.985417
Cmel_AAT3_AAW51125.1	Cmel_AAT3_AAW51125.1	/content/drive/MyDrive/CS_5782_Final_Project/code_and_data/BAHD_lastLayer_embeddings/Cmel_AAT3_AAW51125.1_hidden_layer_steps10.pt	acceptor_superclass::Fatty acyls	acceptor_superclass::Fatty acyls;acceptor_superclass::Lysine alkaloids;acceptor_superclass::Monoterpenoids;acceptor_superclass::Phenylethanoids (C6-C2);acceptor_superclass::Phenylpropanoids (C6-C3)	0,0,0,0,1,0,0,0,0,0,0,0,0,0,0,0,0,0,0,0,0,0,0	0,0,0,0,1,0,0,0,1,1,0,0,0,0,1,1,0,0,0,0,0,0,0	-1.171484,-1.241830,-1.829326,-1.178433,0.613289,-1.487523,-1.120256,-1.402740,0.068768,0.429119,-1.235712,-2.315459,-1.427421,-1.120152,0.579811,1.342105,-1.281719,-1.639160,-2.411634,-0.980110,-1.059736,-1.314047,-1.844111
Cmel_AAT4_AAW51126.1	Cmel_AAT4_AAW51126.1	/content/drive/MyDrive/CS_5782_Final_Project/code_and_data/BAHD_lastLayer_embeddings/Cmel_AAT4_AAW51126.1_hidden_layer_steps10.pt	acceptor_superclass::Fatty acyls;acceptor_superclass::Monoterpenoids;acceptor_superclass::Phenylpropanoids (C6-C3)	acceptor_superclass::Cyclic polyketides;acceptor_superclass::Diterpenoids;acceptor_superclass::Fatty acyls	0,0,0,0,1,0,0,0,0,1,0,0,0,0,0,1,0,0,0,0,0,0,0	0,1,1,0,1,0,0,0,0,0,0,0,0,0,0,0,0,0,0,0,0,0,0	-0.713955,0.563339,1.209798,-1.613347,0.621009,-2.149388,-2.689549,-1.064806,-1.025609,-1.222363,-1.337101,-0.988327,-0.915420,-5.556280,-0.343467,-2.073182,-1.318867,-1.077532,-0.613105,-0.860433,-0.041053,-1.127394,-1.422126
Cros_DAT_AAC99311.1	Cros_DAT_AAC99311.1	/content/drive/MyDrive/CS_5782_Final_Project/code_and_data/BAHD_lastLayer_embeddings/Cros_DAT_AAC99311.1_hidden_layer_steps10.pt	acceptor_superclass::Tryptophan alkaloids	acceptor_superclass::Diterpenoids;acceptor_superclass::Fatty acyls;acceptor_superclass::Phenylpropanoids (C6-C3);acceptor_superclass::Tryptophan alkaloids;acceptor_superclass::Tyrosine alkaloids	0,0,0,0,0,0,0,0,0,0,0,0,0,0,0,0,0,0,0,0,0,1,0	0,0,1,0,1,0,0,0,0,0,0,0,0,0,0,1,0,0,0,0,0,1,1	-1.330324,-0.730402,0.216578,-1.795276,0.300076,-1.697881,-0.211421,-0.510230,-0.649419,-1.397995,-1.162665,-1.609945,-1.362788,-4.219278,-0.620836,0.096336,-0.021704,-0.284846,-1.146922,-0.846169,-1.028757,2.557373,0.909508
Cros_MAT_AAO13736.1	Cros_MAT_AAO13736.1	/content/drive/MyDrive/CS_5782_Final_Project/code_and_data/BAHD_lastLayer_embeddings/Cros_MAT_AAO13736.1_hidden_layer_steps10.pt	acceptor_superclass::Tryptophan alkaloids	acceptor_superclass::Isoflavonoids;acceptor_superclass::Monoterpenoids;acceptor_superclass::Tryptophan alkaloids	0,0,0,0,0,0,0,0,0,0,0,0,0,0,0,0,0,0,0,0,0,1,0	0,0,0,0,0,0,1,0,0,1,0,0,0,0,0,0,0,0,0,0,0,1,0	-1.711280,-1.185347,-1.081019,-2.272010,-2.893292,-1.186902,0.318210,-0.979354,-1.692075,0.455611,-1.487651,-2.763154,-1.920752,-2.358189,-2.654536,-0.910471,-2.101569,-0.796786,-1.485883,-1.248106,-0.787599,2.113039,-0.300401
Cros_TAT_AQP25667.1	Cros_TAT_AQP25667.1	/content/drive/MyDrive/CS_5782_Final_Project/code_and_data/BAHD_lastLayer_embeddings/Cros_TAT_AQP25667.1_hidden_layer_steps10.pt	acceptor_superclass::Tryptophan alkaloids	acceptor_superclass::Triterpenoids;acceptor_superclass::Tryptophan alkaloids	0,0,0,0,0,0,0,0,0,0,0,0,0,0,0,0,0,0,0,0,0,1,0	0,0,0,0,0,0,0,0,0,0,0,0,0,0,0,0,0,0,0,0,1,1,0	-0.987222,-1.288665,-0.470346,-0.565732,-0.900001,-2.110022,-1.894307,-2.660986,-1.507396,-0.803202,-1.034545,-2.438456,-0.572378,-4.456703,-1.476816,-2.443522,-1.865879,-0.263704,-2.529219,-1.585381,0.078808,2.093139,-0.977866
Csat_HCT_AEJ88365.1	Csat_HCT_AEJ88365.1	/content/drive/MyDrive/CS_5782_Final_Project/code_and_data/BAHD_lastLayer_embeddings/Csat_HCT_AEJ88365.1_hidden_layer_steps10.pt	acceptor_superclass::Phenolic acids (C6-C1)	acceptor_superclass::Phenolic acids (C6-C1);acceptor_superclass::Small peptides;acceptor_superclass::Tyrosine alkaloids	0,0,0,0,0,0,0,0,0,0,0,0,0,1,0,0,0,0,0,0,0,0,0	0,0,0,0,0,0,0,0,0,0,0,0,0,1,0,0,0,0,1,0,0,0,1	-1.198361,-1.367863,-1.323500,-1.623936,-1.991884,-0.037971,-1.491968,-0.887440,-0.699826,-1.037058,-1.992643,-1.971663,-1.031833,8.233145,-1.677086,-0.485809,-0.921179,-1.525538,2.598754,-1.497422,-0.827915,-0.743469,0.376027
Csco_HQT1_CAM84302.2	Csco_HQT1_CAM84302.2	/content/drive/MyDrive/CS_5782_Final_Project/code_and_data/BAHD_lastLayer_embeddings/Csco_HQT1_CAM84302.2_hidden_layer_steps10.pt	acceptor_superclass::Phenolic acids (C6-C1)	acceptor_superclass::Phenolic acids (C6-C1)	0,0,0,0,0,0,0,0,0,0,0,0,0,1,0,0,0,0,0,0,0,0,0	0,0,0,0,0,0,0,0,0,0,0,0,0,1,0,0,0,0,0,0,0,0,0	-1.078022,-1.147967,-1.549466,-1.339718,-1.986092,-2.058709,-1.114143,-1.140891,-0.671070,-0.747757,-1.455160,-2.536631,-1.313470,8.345409,-1.240425,-1.042660,-1.383852,-1.386307,-1.573280,-0.968414,-0.794955,-0.739707,-1.058414
Csco_HQT2_ACJ23164.1	Csco_HQT2_ACJ23164.1	/content/drive/MyDrive/CS_5782_Final_Project/code_and_data/BAHD_lastLayer_embeddings/Csco_HQT2_ACJ23164.1_hidden_layer_steps10.pt	acceptor_superclass::Phenolic acids (C6-C1)	acceptor_superclass::Phenolic acids (C6-C1)	0,0,0,0,0,0,0,0,0,0,0,0,0,1,0,0,0,0,0,0,0,0,0	0,0,0,0,0,0,0,0,0,0,0,0,0,1,0,0,0,0,0,0,0,0,0	-1.723114,-1.225078,-0.616697,-1.789275,-2.074067,-1.799584,-1.316415,-0.887708,-1.440053,-2.294520,-1.456715,-1.214400,-1.675013,8.235790,-2.326706,-1.675679,-0.688436,-1.470325,-1.140257,-1.006628,-1.884373,-1.398981,-1.747421
Csin_AT1_THG04858.1	Csin_AT1_THG04858.1	/content/drive/MyDrive/CS_5782_Final_Project/code_and_data/BAHD_lastLayer_embeddings/Csin_AT1_THG04858.1_hidden_layer_steps10.pt	acceptor_superclass::Flavonoids	acceptor_superclass::Fatty acyls;acceptor_superclass::Lysine alkaloids;acceptor_superclass::Monoterpenoids;acceptor_superclass::Phenylethanoids (C6-C2);acceptor_superclass::Phenylpropanoids (C6-C3);acceptor_superclass::Saccharides	0,0,0,0,0,1,0,0,0,0,0,0,0,0,0,0,0,0,0,0,0,0,0	0,0,0,0,1,0,0,0,1,1,0,0,0,0,1,1,0,1,0,0,0,0,0	-0.767092,-1.186506,-2.018048,-1.014110,2.029846,-1.608141,-1.115194,-1.257201,0.369340,0.186284,-2.078085,-2.938033,-0.858978,-0.209634,0.129242,1.807182,-0.387036,0.672142,-0.703519,-1.762385,-2.642990,-1.978389,-1.795143
Csin_AT2_THG19836.1	Csin_AT2_THG19836.1	/content/drive/MyDrive/CS_5782_Final_Project/code_and_data/BAHD_lastLayer_embeddings/Csin_AT2_THG19836.1_hidden_layer_steps10.pt	acceptor_superclass::Flavonoids	acceptor_superclass::Fatty acyls;acceptor_superclass::Monoterpenoids;acceptor_superclass::Phenylethanoids (C6-C2);acceptor_superclass::Phenylpropanoids (C6-C3)	0,0,0,0,0,1,0,0,0,0,0,0,0,0,0,0,0,0,0,0,0,0,0	0,0,0,0,1,0,0,0,0,1,0,0,0,0,1,1,0,0,0,0,0,0,0	-0.967829,-1.458166,-0.825544,-1.768056,2.811882,-2.007914,-0.502282,-0.922855,-0.392261,0.875410,-2.365567,-1.210662,-1.118551,-5.474361,0.713981,0.212707,-1.129740,-1.814470,-1.799235,-1.562223,-2.414939,-0.987470,-1.141412
Csin_CHAT1_GMQ03793.1	Csin_CHAT1_GMQ03793.1	/content/drive/MyDrive/CS_5782_Final_Project/code_and_data/BAHD_lastLayer_embeddings/Csin_CHAT1_GMQ03793.1_hidden_layer_steps10.pt	acceptor_superclass::Fatty acyls	acceptor_superclass::Fatty acyls	0,0,0,0,1,0,0,0,0,0,0,0,0,0,0,0,0,0,0,0,0,0,0	0,0,0,0,1,0,0,0,0,0,0,0,0,0,0,0,0,0,0,0,0,0,0	-1.520810,-1.171026,-0.842747,-2.102544,0.860784,-0.922325,-0.817585,-1.756682,-0.105279,-0.075466,-1.003372,-1.983403,-1.790482,-0.713528,-0.505451,-0.994693,-0.639661,-1.505255,-1.882893,-1.494530,-1.003615,-1.538610,-1.345239
Csin_HCT1_XP_028081726.1	Csin_HCT1_XP_028081726.1	/content/drive/MyDrive/CS_5782_Final_Project/code_and_data/BAHD_lastLayer_embeddings/Csin_HCT1_XP_028081726.1_hidden_layer_steps10.pt	acceptor_superclass::Phenolic acids (C6-C1)	acceptor_superclass::Flavonoids;acceptor_superclass::Phenolic acids (C6-C1);acceptor_superclass::Small peptides	0,0,0,0,0,0,0,0,0,0,0,0,0,1,0,0,0,0,0,0,0,0,0	0,0,0,0,0,1,0,0,0,0,0,0,0,1,0,0,0,0,1,0,0,0,0	-1.110906,-1.155405,-1.557734,-0.765418,-1.738529,0.768093,-1.950077,-1.355914,-1.241787,-1.003206,-1.233721,-1.499269,-0.933879,8.373742,-1.713277,-1.316374,-0.931038,-1.370331,1.628840,-1.201721,-1.022578,-1.076962,-0.250985
Csin_HCT2_THG02040.1	Csin_HCT2_THG02040.1	/content/drive/MyDrive/CS_5782_Final_Project/code_and_data/BAHD_lastLayer_embeddings/Csin_HCT2_THG02040.1_hidden_layer_steps10.pt	acceptor_superclass::Flavonoids;acceptor_superclass::Phenolic acids (C6-C1)	acceptor_superclass::Phenolic acids (C6-C1);acceptor_superclass::Small peptides;acceptor_superclass::Tyrosine alkaloids	0,0,0,0,0,1,0,0,0,0,0,0,0,1,0,0,0,0,0,0,0,0,0	0,0,0,0,0,0,0,0,0,0,0,0,0,1,0,0,0,0,1,0,0,0,1	-1.346291,-1.572134,-0.930300,-1.157261,-2.328780,-0.066743,-1.362542,-1.254442,-1.454048,-1.017986,-1.509138,-1.333303,-1.668211,8.994424,-2.036225,-0.285101,-1.577677,-1.025295,1.132342,-0.764016,-0.194116,-0.969189,0.473043
Dcar_HCBT3_CAB06429.1	Dcar_HCBT1_CAB06427.1	/content/drive/MyDrive/CS_5782_Final_Project/code_and_data/BAHD_lastLayer_embeddings/Dcar_HCBT3_CAB06429.1_hidden_layer_steps10.pt	acceptor_superclass::Phenolic acids (C6-C1);acceptor_superclass::Small peptides	acceptor_superclass::Small peptides	0,0,0,0,0,0,0,0,0,0,0,0,0,1,0,0,0,0,1,0,0,0,0	0,0,0,0,0,0,0,0,0,0,0,0,0,0,0,0,0,0,1,0,0,0,0	-1.219799,-0.750788,-1.254391,-0.771155,-1.272696,-2.800113,-1.499625,-1.569237,-1.826839,-0.410863,-1.483057,-0.899636,-1.067359,-1.347683,-0.887680,-0.170261,-1.607941,-1.499274,4.132586,-1.796984,-1.459314,-1.448349,-1.054150
Dcar_HCBT2_CAB06430.1	Dcar_HCBT2_CAB06430.1	/content/drive/MyDrive/CS_5782_Final_Project/code_and_data/BAHD_lastLayer_embeddings/Dcar_HCBT2_CAB06430.1_hidden_layer_steps10.pt	acceptor_superclass::Small peptides	acceptor_superclass::Phenolic acids (C6-C1);acceptor_superclass::Phenylpropanoids (C6-C3);acceptor_superclass::Small peptides	0,0,0,0,0,0,0,0,0,0,0,0,0,0,0,0,0,0,1,0,0,0,0	0,0,0,0,0,0,0,0,0,0,0,0,0,1,0,1,0,0,1,0,0,0,0	-1.162628,-1.152573,-1.230597,-1.244469,-1.437851,-2.695683,-1.476109,-0.965928,-0.550054,-0.185999,-1.718508,-0.285012,-0.815738,0.674538,-1.044814,0.295890,-0.382697,-0.641380,2.660983,-1.386860,-2.107277,-1.970452,-0.431274
Dcar_HCBT3_CAB06429.1	Dcar_HCBT3_CAB06429.1	/content/drive/MyDrive/CS_5782_Final_Project/code_and_data/BAHD_lastLayer_embeddings/Dcar_HCBT3_CAB06429.1_hidden_layer_steps10.pt	acceptor_superclass::Small peptides	acceptor_superclass::Phenolic acids (C6-C1);acceptor_superclass::Small peptides	0,0,0,0,0,0,0,0,0,0,0,0,0,0,0,0,0,0,1,0,0,0,0	0,0,0,0,0,0,0,0,0,0,0,0,0,1,0,0,0,0,1,0,0,0,0	-1.219799,-0.750788,-1.254391,-0.771155,-1.272696,-2.800113,-1.499625,-1.569237,-1.826839,-0.410863,-1.483057,-0.899636,-1.067359,1.574548,-0.887680,-0.170261,-1.607941,-1.499274,4.132586,-1.796984,-1.459314,-1.448349,-1.054150
Dlan_MAT1_QUW17232.1	Dlan_MAT1_QUW17232.1	/content/drive/MyDrive/CS_5782_Final_Project/code_and_data/BAHD_lastLayer_embeddings/Dlan_MAT1_QUW17232.1_hidden_layer_steps10.pt	acceptor_superclass::Flavonoids;acceptor_superclass::Steroids	acceptor_superclass::Flavonoids;acceptor_superclass::Isoflavonoids;acceptor_superclass::Phenolic acids (C6-C1);acceptor_superclass::Steroids	0,0,0,0,0,1,0,0,0,0,0,0,0,0,0,0,0,0,0,1,0,0,0	0,0,0,0,0,1,1,0,0,0,0,0,0,1,0,0,0,0,0,1,0,0,0	-0.737250,-1.337511,-2.138171,-1.883320,-1.711128,6.279352,1.760879,-0.890390,-1.400842,-2.296088,-1.665430,-1.201448,-0.960468,0.063265,-3.066365,-1.521227,-1.194258,-1.340218,-0.678352,2.638427,-1.734586,-1.301558,-1.155378
Dlan_MAT2_QWS71079.1	Dlan_MAT2_QWS71079.1	/content/drive/MyDrive/CS_5782_Final_Project/code_and_data/BAHD_lastLayer_embeddings/Dlan_MAT2_QWS71079.1_hidden_layer_steps10.pt	acceptor_superclass::Flavonoids;acceptor_superclass::Steroids	acceptor_superclass::Flavonoids;acceptor_superclass::Isoflavonoids;acceptor_superclass::Steroids	0,0,0,0,0,1,0,0,0,0,0,0,0,0,0,0,0,0,0,1,0,0,0	0,0,0,0,0,1,1,0,0,0,0,0,0,0,0,0,0,0,0,1,0,0,0	-0.671620,-1.050902,-1.558384,-2.118374,-1.414576,5.596968,0.565104,-1.370767,-0.955245,-1.475503,-1.934038,-1.617115,-0.685681,-1.363551,-3.057456,-0.765912,-0.833444,-0.853456,-1.188376,2.893532,-0.914785,-1.507024,-0.537528
Dmor_3MAT1_AAQ63615.1	Dmor_3MAT1_AAQ63615.1	/content/drive/MyDrive/CS_5782_Final_Project/code_and_data/BAHD_lastLayer_embeddings/Dmor_3MAT1_AAQ63615.1_hidden_layer_steps10.pt	acceptor_superclass::Flavonoids	acceptor_superclass::Flavonoids;acceptor_superclass::Isoflavonoids	0,0,0,0,0,1,0,0,0,0,0,0,0,0,0,0,0,0,0,0,0,0,0	0,0,0,0,0,1,1,0,0,0,0,0,0,0,0,0,0,0,0,0,0,0,0	-1.071587,-1.042117,-0.567695,-0.871675,-1.614479,4.878441,0.625685,-1.427777,-1.093881,-1.518797,-1.758003,-2.447533,-1.161777,-2.181982,-1.855119,-1.758685,-1.489795,-0.751212,-2.672764,-0.751554,-0.784504,-1.515565,-2.078429
Dmor_3MAT2_AAQ63616.1	Dmor_3MAT2_AAQ63616.1	/content/drive/MyDrive/CS_5782_Final_Project/code_and_data/BAHD_lastLayer_embeddings/Dmor_3MAT2_AAQ63616.1_hidden_layer_steps10.pt	acceptor_superclass::Flavonoids	acceptor_superclass::Flavonoids;acceptor_superclass::Isoflavonoids	0,0,0,0,0,1,0,0,0,0,0,0,0,0,0,0,0,0,0,0,0,0,0	0,0,0,0,0,1,1,0,0,0,0,0,0,0,0,0,0,0,0,0,0,0,0	-1.228952,-1.403620,-1.595955,-0.808751,-1.744147,4.768678,0.640299,-1.719058,-1.103644,-1.652031,-1.555667,-1.365620,-1.466021,-2.894088,-1.471497,-2.753704,-1.284979,-2.009279,-1.972638,-1.661320,-1.175325,-1.125213,-1.295289
Dmor_3MAT3_BAF50706.1	Dmor_3MAT3_BAF50706.1	/content/drive/MyDrive/CS_5782_Final_Project/code_and_data/BAHD_lastLayer_embeddings/Dmor_3MAT3_BAF50706.1_hidden_layer_steps10.pt	acceptor_superclass::Flavonoids;acceptor_superclass::Isoflavonoids	acceptor_superclass::Flavonoids;acceptor_superclass::Phenanthrenoids;acceptor_superclass::Phenylpropanoids (C6-C3)	0,0,0,0,0,1,1,0,0,0,0,0,0,0,0,0,0,0,0,0,0,0,0	0,0,0,0,0,1,0,0,0,0,0,0,1,0,0,1,0,0,0,0,0,0,0	-0.145809,-1.158026,-1.854244,-1.645200,-1.830181,4.424143,-1.440981,-0.794623,-1.180719,-1.042076,-0.933748,-2.058515,0.365916,-0.936819,-0.687702,0.138442,-0.633921,-1.476730,-1.666443,-0.137478,-0.671621,-1.301102,-1.201066
Dpin_3MAT_AAO12206.1	Dpin_3MAT_AAO12206.1	/content/drive/MyDrive/CS_5782_Final_Project/code_and_data/BAHD_lastLayer_embeddings/Dpin_3MAT_AAO12206.1_hidden_layer_steps10.pt	acceptor_superclass::Flavonoids	acceptor_superclass::Flavonoids	0,0,0,0,0,1,0,0,0,0,0,0,0,0,0,0,0,0,0,0,0,0,0	0,0,0,0,0,1,0,0,0,0,0,0,0,0,0,0,0,0,0,0,0,0,0	-0.569942,-0.993289,-1.205588,-1.518141,-1.490162,3.332361,-0.241896,-1.210618,-1.245163,-1.616312,-0.097138,-1.971984,-0.591735,-2.022311,-1.072523,-3.208657,-1.215675,-1.381171,-0.811943,-0.437776,-1.633208,-2.175142,-1.099683
Dvar_3MAT_AAO12206.1	Dvar_3MAT_AAO12206.1	/content/drive/MyDrive/CS_5782_Final_Project/code_and_data/BAHD_lastLayer_embeddings/Dvar_3MAT_AAO12206.1_hidden_layer_steps10.pt		acceptor_superclass::Flavonoids	0,0,0,0,0,0,0,0,0,0,0,0,0,0,0,0,0,0,0,0,0,0,0	0,0,0,0,0,1,0,0,0,0,0,0,0,0,0,0,0,0,0,0,0,0,0	-0.569942,-0.993289,-1.205588,-1.518141,-1.490162,6.342857,-0.241896,-1.210618,-1.245163,-1.616312,-0.097138,-1.971984,-0.591735,-2.022311,-1.072523,-3.208657,-1.215675,-1.381171,-0.811943,-0.437776,-1.633208,-2.175142,-1.099683
Ecoc_CS_AGT56097.1	Ecoc_BAHD7_AGT56097.1	/content/drive/MyDrive/CS_5782_Final_Project/code_and_data/BAHD_lastLayer_embeddings/Ecoc_CS_AGT56097.1_hidden_layer_steps10.pt	acceptor_superclass::Ornithine alkaloids	acceptor_superclass::Ornithine alkaloids;acceptor_superclass::Triterpenoids	0,0,0,0,0,0,0,0,0,0,0,1,0,0,0,0,0,0,0,0,0,0,0	0,0,0,0,0,0,0,0,0,0,0,1,0,0,0,0,0,0,0,0,1,0,0	-1.457991,-0.919784,-0.417215,-1.837459,-1.693663,-1.679574,-1.137413,-1.187075,-0.809796,-1.809523,-0.842927,2.089645,-1.305249,-2.343524,-0.443841,-1.895077,-1.815575,-1.182981,-1.387425,-0.880297,0.003627,-0.462794,-1.166456
Ecoc_CS_AGT56097.1	Ecoc_CS_AGT56097.1	/content/drive/MyDrive/CS_5782_Final_Project/code_and_data/BAHD_lastLayer_embeddings/Ecoc_CS_AGT56097.1_hidden_layer_steps10.pt	acceptor_superclass::Ornithine alkaloids	acceptor_superclass::Ornithine alkaloids;acceptor_superclass::Triterpenoids	0,0,0,0,0,0,0,0,0,0,0,1,0,0,0,0,0,0,0,0,0,0,0	0,0,0,0,0,0,0,0,0,0,0,1,0,0,0,0,0,0,0,0,1,0,0	-1.457991,-0.919784,-0.417215,-1.837459,-1.693663,-1.679574,-1.137413,-1.187075,-0.809796,-1.809523,-0.842927,2.089645,-1.305249,-2.343524,-0.443841,-1.895077,-1.815575,-1.182981,-1.387425,-0.880297,0.003627,-0.462794,-1.166456
Ecoc_HQT_AFF19203.1	Ecoc_HQT_AFF19203.1	/content/drive/MyDrive/CS_5782_Final_Project/code_and_data/BAHD_lastLayer_embeddings/Ecoc_HQT_AFF19203.1_hidden_layer_steps10.pt	acceptor_superclass::Phenolic acids (C6-C1)	acceptor_superclass::Fatty Acids and Conjugates;acceptor_superclass::Phenolic acids (C6-C1);acceptor_superclass::Small peptides	0,0,0,0,0,0,0,0,0,0,0,0,0,1,0,0,0,0,0,0,0,0,0	0,0,0,1,0,0,0,0,0,0,0,0,0,1,0,0,0,0,1,0,0,0,0	-1.063381,-1.470706,-2.128704,0.023988,-1.733393,-4.012757,-0.950057,-1.873780,-0.899683,-2.469383,-1.325807,-1.049674,-0.695750,5.997231,-1.563219,-1.345199,-0.996538,-1.011043,0.059493,-0.784195,-1.434304,-1.484291,-0.133179
Egra_5AT_BAF49288.1	Egra_5AT_BAF49288.1	/content/drive/MyDrive/CS_5782_Final_Project/code_and_data/BAHD_lastLayer_embeddings/Egra_5AT_BAF49288.1_hidden_layer_steps10.pt	acceptor_superclass::Flavonoids	acceptor_superclass::Flavonoids;acceptor_superclass::Isoflavonoids;acceptor_superclass::Phenylethanoids (C6-C2);acceptor_superclass::Steroids	0,0,0,0,0,1,0,0,0,0,0,0,0,0,0,0,0,0,0,0,0,0,0	0,0,0,0,0,1,1,0,0,0,0,0,0,0,1,0,0,0,0,1,0,0,0	-0.953101,-1.332423,-1.492950,-0.442359,-2.205798,5.084970,0.498695,-1.687791,-1.234034,-1.428775,-1.658837,-2.100534,-1.032104,-2.013875,0.132176,-1.674377,-2.491037,-1.425262,-0.963170,0.335662,-0.175343,-2.771714,-1.544142
Epep_BAHD11_NA	Epep_BAHD11_NA	/content/drive/MyDrive/CS_5782_Final_Project/code_and_data/BAHD_lastLayer_embeddings/Epep_BAHD11_NA_hidden_layer_steps10.pt	acceptor_superclass::Diterpenoids	acceptor_superclass::Diterpenoids;acceptor_superclass::Triterpenoids	0,0,1,0,0,0,0,0,0,0,0,0,0,0,0,0,0,0,0,0,0,0,0	0,0,1,0,0,0,0,0,0,0,0,0,0,0,0,0,0,0,0,0,1,0,0	-1.750428,-0.945003,1.403402,-1.164054,-0.344247,-2.948408,-1.091784,-0.367675,-1.329786,-0.189329,-1.334680,-2.149193,-1.770490,-2.247623,-0.530388,-1.778560,-1.281477,-1.165845,-1.616282,-1.608794,0.469819,-0.085259,-1.677155
Epep_BAHD12_NA	Epep_BAHD12_NA	/content/drive/MyDrive/CS_5782_Final_Project/code_and_data/BAHD_lastLayer_embeddings/Epep_BAHD12_NA_hidden_layer_steps10.pt	acceptor_superclass::Diterpenoids	acceptor_superclass::Diterpenoids	0,0,1,0,0,0,0,0,0,0,0,0,0,0,0,0,0,0,0,0,0,0,0	0,0,1,0,0,0,0,0,0,0,0,0,0,0,0,0,0,0,0,0,0,0,0	-1.297992,-0.915196,3.136642,-1.352809,-0.985505,-3.215432,-0.876322,-1.116798,-1.691215,-0.451290,-1.458667,-1.871417,-1.080428,-3.270911,-0.360132,-0.167492,-2.780469,-0.724947,-1.274732,-1.141296,-0.012065,-0.990401,-0.306094
Epep_BAHD6_NA	Epep_BAHD6_NA	/content/drive/MyDrive/CS_5782_Final_Project/code_and_data/BAHD_lastLayer_embeddings/Epep_BAHD6_NA_hidden_layer_steps10.pt	acceptor_superclass::Diterpenoids	acceptor_superclass::Diterpenoids;acceptor_superclass::Fatty acyls;acceptor_superclass::Monoterpenoids;acceptor_superclass::Phenylpropanoids (C6-C3)	0,0,1,0,0,0,0,0,0,0,0,0,0,0,0,0,0,0,0,0,0,0,0	0,0,1,0,1,0,0,0,0,1,0,0,0,0,0,1,0,0,0,0,0,0,0	-1.197928,-1.473386,1.290421,-0.586469,0.004468,-2.208660,-0.992883,-0.839392,-0.359382,0.387899,-1.622002,-2.457436,-0.995995,-1.913311,-0.990363,0.098975,-1.903310,-0.552538,-2.171724,-1.213630,-1.353993,-0.630259,-1.729024
Epep_BAHD7_NA	Epep_BAHD7_NA	/content/drive/MyDrive/CS_5782_Final_Project/code_and_data/BAHD_lastLayer_embeddings/Epep_BAHD7_NA_hidden_layer_steps10.pt	acceptor_superclass::Diterpenoids	acceptor_superclass::Diterpenoids;acceptor_superclass::Isoflavonoids;acceptor_superclass::Naphthalenes;acceptor_superclass::Phenylpropanoids (C6-C3);acceptor_superclass::Triterpenoids;acceptor_superclass::Tryptophan alkaloids	0,0,1,0,0,0,0,0,0,0,0,0,0,0,0,0,0,0,0,0,0,0,0	0,0,1,0,0,0,1,0,0,0,1,0,0,0,0,1,0,0,0,0,1,1,0	-1.318179,-1.011873,2.633039,-3.168494,-1.925785,-1.248978,0.091267,-1.240473,-2.300381,-1.430546,0.264544,-2.524046,-1.071511,-3.132459,-0.907253,0.033911,-1.407535,-0.985655,-0.132719,-0.633552,0.150102,0.262944,-0.937108
Epep_BAHD8_NA	Epep_BAHD8_NA	/content/drive/MyDrive/CS_5782_Final_Project/code_and_data/BAHD_lastLayer_embeddings/Epep_BAHD8_NA_hidden_layer_steps10.pt	acceptor_superclass::Diterpenoids	acceptor_superclass::Diterpenoids;acceptor_superclass::Lignans;acceptor_superclass::Phenylpropanoids (C6-C3);acceptor_superclass::Small peptides;acceptor_superclass::Triterpenoids;acceptor_superclass::Tryptophan alkaloids	0,0,1,0,0,0,0,0,0,0,0,0,0,0,0,0,0,0,0,0,0,0,0	0,0,1,0,0,0,0,1,0,0,0,0,0,0,0,1,0,0,1,0,1,1,0	-0.923345,-1.255964,2.064654,-1.942261,-1.032753,-0.764600,-1.740506,0.168412,-0.827338,-0.670488,-2.527165,-4.566485,-0.577893,-1.870039,-1.000038,1.398431,-2.971130,-1.041988,0.200924,-0.753080,0.639809,0.150996,-0.938526
Epla_AAT1-1_BDW80081.1	Epla_AAT1-1_BDW80081.1	/content/drive/MyDrive/CS_5782_Final_Project/code_and_data/BAHD_lastLayer_embeddings/Epla_AAT1-1_BDW80081.1_hidden_layer_steps10.pt	acceptor_superclass::Naphthalenes	acceptor_superclass::Naphthalenes;acceptor_superclass::Tryptophan alkaloids	0,0,0,0,0,0,0,0,0,0,1,0,0,0,0,0,0,0,0,0,0,0,0	0,0,0,0,0,0,0,0,0,0,1,0,0,0,0,0,0,0,0,0,0,1,0	-0.705243,-1.093029,-1.554699,-0.479605,-1.312298,-1.931926,-1.527112,-1.134950,-1.207006,-0.557815,6.829237,-2.722305,-0.737652,-4.969920,-0.810364,-0.730103,-2.110393,-1.554057,-1.474329,-1.224298,-0.940800,0.172845,-0.339014
Epla_AAT1-2_BDW80082.1	Epla_AAT1-2_BDW80082.1	/content/drive/MyDrive/CS_5782_Final_Project/code_and_data/BAHD_lastLayer_embeddings/Epla_AAT1-2_BDW80082.1_hidden_layer_steps10.pt	acceptor_superclass::Naphthalenes	acceptor_superclass::Naphthalenes	0,0,0,0,0,0,0,0,0,0,1,0,0,0,0,0,0,0,0,0,0,0,0	0,0,0,0,0,0,0,0,0,0,1,0,0,0,0,0,0,0,0,0,0,0,0	-0.998494,-0.968843,-1.260957,-1.264749,-1.490099,-1.566654,-1.457795,-1.307060,-1.528912,-1.047169,6.352571,-1.677916,-0.944470,-5.064895,-0.157949,-1.193821,-2.077326,-0.975627,-1.531939,-1.489506,-1.349104,-0.146958,-0.375439
Epla_AAT2-1_BDW80086.1	Epla_AAT2-1_BDW80086.1	/content/drive/MyDrive/CS_5782_Final_Project/code_and_data/BAHD_lastLayer_embeddings/Epla_AAT2-1_BDW80086.1_hidden_layer_steps10.pt	acceptor_superclass::Naphthalenes	acceptor_superclass::Naphthalenes	0,0,0,0,0,0,0,0,0,0,1,0,0,0,0,0,0,0,0,0,0,0,0	0,0,0,0,0,0,0,0,0,0,1,0,0,0,0,0,0,0,0,0,0,0,0	-1.056135,-1.488095,-1.537499,-1.391452,-2.065675,-1.022622,-0.949337,-1.456304,-1.396066,-2.680300,7.689474,-2.368309,-1.471906,-1.982154,-2.489075,-3.417455,-1.315855,-1.845501,-0.630027,-1.874625,-1.009507,-0.262527,-1.689276
Epla_AAT2-2_BDW80087.1	Epla_AAT2-2_BDW80087.1	/content/drive/MyDrive/CS_5782_Final_Project/code_and_data/BAHD_lastLayer_embeddings/Epla_AAT2-2_BDW80087.1_hidden_layer_steps10.pt	acceptor_superclass::Naphthalenes	acceptor_superclass::Naphthalenes	0,0,0,0,0,0,0,0,0,0,1,0,0,0,0,0,0,0,0,0,0,0,0	0,0,0,0,0,0,0,0,0,0,1,0,0,0,0,0,0,0,0,0,0,0,0	-1.050960,-1.485690,-1.979275,-1.237667,-0.559134,-1.669787,-1.388399,-0.634090,-1.003940,-2.580189,8.070599,-2.522561,-1.175917,-2.405179,-1.753671,-0.815612,-1.369727,-1.513417,-1.430392,-1.447555,-2.029717,-1.010246,-1.516814
Epla_AAT2-3_BDW80088.1	Epla_AAT2-3_BDW80088.1	/content/drive/MyDrive/CS_5782_Final_Project/code_and_data/BAHD_lastLayer_embeddings/Epla_AAT2-3_BDW80088.1_hidden_layer_steps10.pt	acceptor_superclass::Naphthalenes	acceptor_superclass::Naphthalenes	0,0,0,0,0,0,0,0,0,0,1,0,0,0,0,0,0,0,0,0,0,0,0	0,0,0,0,0,0,0,0,0,0,1,0,0,0,0,0,0,0,0,0,0,0,0	-0.855391,-1.786344,-1.243033,-1.784413,-2.013357,-2.594901,-1.911953,-1.718441,-0.848590,-1.927652,7.245203,-1.611795,-1.149894,-2.558268,-1.717541,-1.384383,-1.439918,-1.255067,-1.964050,-1.446420,-1.666900,-0.894881,-2.301581
Epla_SAT1-1_BDW80075.1	Epla_SAT1-1_BDW80075.1	/content/drive/MyDrive/CS_5782_Final_Project/code_and_data/BAHD_lastLayer_embeddings/Epla_SAT1-1_BDW80075.1_hidden_layer_steps10.pt	acceptor_superclass::Naphthalenes	acceptor_superclass::Naphthalenes	0,0,0,0,0,0,0,0,0,0,1,0,0,0,0,0,0,0,0,0,0,0,0	0,0,0,0,0,0,0,0,0,0,1,0,0,0,0,0,0,0,0,0,0,0,0	-1.393158,-0.621888,-0.778817,-1.116312,-2.029730,-3.438123,-1.040002,-0.936436,-1.312569,-0.552845,7.108857,-3.021407,-1.639029,-1.446085,-1.775478,-1.454416,-1.699475,-1.202714,-2.066814,-2.010229,-0.691275,-1.778346,-1.641197
Epla_SAT1-2_BDW80076.1	Epla_SAT1-2_BDW80076.1	/content/drive/MyDrive/CS_5782_Final_Project/code_and_data/BAHD_lastLayer_embeddings/Epla_SAT1-2_BDW80076.1_hidden_layer_steps10.pt	acceptor_superclass::Naphthalenes	acceptor_superclass::Naphthalenes	0,0,0,0,0,0,0,0,0,0,1,0,0,0,0,0,0,0,0,0,0,0,0	0,0,0,0,0,0,0,0,0,0,1,0,0,0,0,0,0,0,0,0,0,0,0	-1.481925,-0.694622,-1.474539,-2.100927,-1.225604,-2.035283,-1.409677,-0.788473,-1.212901,-1.177543,6.694214,-2.739546,-1.504791,-1.582852,-1.334207,-0.915287,-1.679437,-1.034209,-1.878739,-1.891562,-0.048539,-1.159925,-0.641744
Epla_SAT2-1_BDW80078.1	Epla_SAT2-1_BDW80078.1	/content/drive/MyDrive/CS_5782_Final_Project/code_and_data/BAHD_lastLayer_embeddings/Epla_SAT2-1_BDW80078.1_hidden_layer_steps10.pt	acceptor_superclass::Naphthalenes	acceptor_superclass::Naphthalenes	0,0,0,0,0,0,0,0,0,0,1,0,0,0,0,0,0,0,0,0,0,0,0	0,0,0,0,0,0,0,0,0,0,1,0,0,0,0,0,0,0,0,0,0,0,0	-1.202062,-0.973596,-1.127644,-0.982697,-3.409924,-1.987763,-1.102045,-1.042060,-1.098007,-2.065140,6.820539,-1.669024,-0.805821,-2.182629,-1.987632,-2.172299,-0.725353,-1.042995,-2.598289,-0.029817,-0.430177,-0.807141,-0.975255
Epla_SAT2-2_BDW80079.1	Epla_SAT2-2_BDW80079.1	/content/drive/MyDrive/CS_5782_Final_Project/code_and_data/BAHD_lastLayer_embeddings/Epla_SAT2-2_BDW80079.1_hidden_layer_steps10.pt	acceptor_superclass::Naphthalenes	acceptor_superclass::Naphthalenes	0,0,0,0,0,0,0,0,0,0,1,0,0,0,0,0,0,0,0,0,0,0,0	0,0,0,0,0,0,0,0,0,0,1,0,0,0,0,0,0,0,0,0,0,0,0	-0.975658,-1.041703,-1.183068,-1.046140,-3.415258,-1.361384,-0.822641,-0.644692,-1.143064,-0.746914,6.943429,-0.733241,-0.810485,-2.365000,-1.411280,-2.028711,-1.103773,-1.109821,-2.131963,-0.640897,-1.325483,-1.019072,-0.308247
Epur_HCT_QRI59128.1	Epur_HCT_QRI59128.1	/content/drive/MyDrive/CS_5782_Final_Project/code_and_data/BAHD_lastLayer_embeddings/Epur_HCT_QRI59128.1_hidden_layer_steps10.pt	acceptor_superclass::Phenolic acids (C6-C1)	acceptor_superclass::Phenolic acids (C6-C1);acceptor_superclass::Small peptides;acceptor_superclass::Tyrosine alkaloids	0,0,0,0,0,0,0,0,0,0,0,0,0,1,0,0,0,0,0,0,0,0,0	0,0,0,0,0,0,0,0,0,0,0,0,0,1,0,0,0,0,1,0,0,0,1	-1.512869,-1.379145,-1.730312,-1.111244,-2.209203,-0.177476,-0.881486,-1.099321,-1.047078,-0.236269,-1.407849,-1.787393,-1.426883,8.800858,-1.362853,-0.228151,-1.467461,-1.209529,0.325679,-1.393784,-0.211423,-1.302566,0.630038
Epur_HMT_UHJ19789.2	Epur_HMT_UHJ19789.2	/content/drive/MyDrive/CS_5782_Final_Project/code_and_data/BAHD_lastLayer_embeddings/Epur_HMT_UHJ19789.2_hidden_layer_steps10.pt	acceptor_superclass::Fatty Acids and Conjugates	acceptor_superclass::Fatty Acids and Conjugates;acceptor_superclass::Phenolic acids (C6-C1);acceptor_superclass::Small peptides	0,0,0,1,0,0,0,0,0,0,0,0,0,0,0,0,0,0,0,0,0,0,0	0,0,0,1,0,0,0,0,0,0,0,0,0,1,0,0,0,0,1,0,0,0,0	-0.749557,-1.512790,-2.252170,1.918199,-1.016062,-0.743190,-1.578747,-1.447422,-1.115976,-1.343123,-0.096598,-1.893857,-1.076061,2.103209,-1.274156,-0.755162,-2.657247,-1.588056,0.287734,-1.107052,-0.888271,-1.022565,-0.471380
Epur_HQT_QRI59127.1	Epur_HQT_QRI59127.1	/content/drive/MyDrive/CS_5782_Final_Project/code_and_data/BAHD_lastLayer_embeddings/Epur_HQT_QRI59127.1_hidden_layer_steps10.pt	acceptor_superclass::Phenolic acids (C6-C1)	acceptor_superclass::Phenolic acids (C6-C1);acceptor_superclass::Tyrosine alkaloids	0,0,0,0,0,0,0,0,0,0,0,0,0,1,0,0,0,0,0,0,0,0,0	0,0,0,0,0,0,0,0,0,0,0,0,0,1,0,0,0,0,0,0,0,0,1	-1.215698,-1.166271,-1.105723,-1.812799,-1.393998,-1.079066,-0.981548,-1.637287,-1.184674,-1.545550,-2.047728,-0.606768,-1.385142,7.249791,-1.291997,-1.455324,-0.932610,-1.272486,-0.460863,-1.351230,-0.974183,-0.500839,0.145989
Epur_HTT_QRI59126.1	Epur_HTT_QRI59126.1	/content/drive/MyDrive/CS_5782_Final_Project/code_and_data/BAHD_lastLayer_embeddings/Epur_HTT_QRI59126.1_hidden_layer_steps10.pt	acceptor_superclass::Fatty Acids and Conjugates	acceptor_superclass::Fatty Acids and Conjugates;acceptor_superclass::Phenolic acids (C6-C1)	0,0,0,1,0,0,0,0,0,0,0,0,0,0,0,0,0,0,0,0,0,0,0	0,0,0,1,0,0,0,0,0,0,0,0,0,1,0,0,0,0,0,0,0,0,0	-0.466934,-1.090521,-1.316928,0.625821,-1.628562,-0.211210,-1.897618,-0.876762,-0.634013,-2.049773,-0.436678,-1.470697,-0.633235,2.471263,-1.053952,-0.919878,-1.829109,-1.064858,-1.243278,-1.336433,-1.462229,-1.541528,-0.678605
Fana_SAAT_AAG13130.1	Fana_SAAT_AAG13130.1	/content/drive/MyDrive/CS_5782_Final_Project/code_and_data/BAHD_lastLayer_embeddings/Fana_SAAT_AAG13130.1_hidden_layer_steps10.pt	acceptor_superclass::Cyclic polyketides;acceptor_superclass::Fatty acyls;acceptor_superclass::Phenylethanoids (C6-C2)	acceptor_superclass::Cyclic polyketides;acceptor_superclass::Fatty acyls;acceptor_superclass::Monoterpenoids;acceptor_superclass::Phenylethanoids (C6-C2);acceptor_superclass::Phenylpropanoids (C6-C3)	0,1,0,0,1,0,0,0,0,0,0,0,0,0,1,0,0,0,0,0,0,0,0	0,1,0,0,1,0,0,0,0,1,0,0,0,0,1,1,0,0,0,0,0,0,0	-0.982989,3.415451,-1.704085,-2.047796,3.975887,-0.752486,-1.000903,-1.304639,-1.389197,3.976817,-1.219725,-1.568243,-1.004192,-3.136576,2.977129,1.144880,-2.121910,-1.030162,-0.797932,-0.802430,-0.806843,-0.568645,-0.487134
Fves_VAAT_CAC09062.1	Fves_VAAT_CAC09062.1	/content/drive/MyDrive/CS_5782_Final_Project/code_and_data/BAHD_lastLayer_embeddings/Fves_VAAT_CAC09062.1_hidden_layer_steps10.pt	acceptor_superclass::Cyclic polyketides;acceptor_superclass::Fatty acyls;acceptor_superclass::Monoterpenoids;acceptor_superclass::Phenylethanoids (C6-C2);acceptor_superclass::Phenylpropanoids (C6-C3)	acceptor_superclass::Cyclic polyketides;acceptor_superclass::Fatty acyls;acceptor_superclass::Monoterpenoids;acceptor_superclass::Phenylethanoids (C6-C2);acceptor_superclass::Triterpenoids	0,1,0,0,1,0,0,0,0,1,0,0,0,0,1,1,0,0,0,0,0,0,0	0,1,0,0,1,0,0,0,0,1,0,0,0,0,1,0,0,0,0,0,1,0,0	-0.789213,3.351585,-1.588226,-1.829404,3.646254,-2.547315,-1.744743,-1.466754,-1.380151,1.709497,-0.922905,-1.975416,-0.947580,-1.998544,1.812610,-0.605700,-2.650756,-2.502850,-1.150713,-1.548000,0.592821,-1.281634,-0.936582
Gmax_COSY_KRH21316.1	Gmax_COSY_KRH21316.1	/content/drive/MyDrive/CS_5782_Final_Project/code_and_data/BAHD_lastLayer_embeddings/Gmax_COSY_KRH21316.1_hidden_layer_steps10.pt		acceptor_superclass::Pseudoalkaloids	0,0,0,0,0,0,0,0,0,0,0,0,0,0,0,0,0,0,0,0,0,0,0	0,0,0,0,0,0,0,0,0,0,0,0,0,0,0,0,1,0,0,0,0,0,0	-1.180283,-1.142768,-2.432719,-1.098305,-0.099791,-1.747421,-0.343152,-1.117331,-0.624330,-0.992623,-2.205521,-0.444130,-1.154281,-3.894382,-1.220061,-0.267756,0.308730,-1.779564,-0.871244,-1.653598,-0.878169,-2.441056,-0.169998
Gmax_MT7_ABY59019.1	Gmax_IF7MAT_NP_001237760.1	/content/drive/MyDrive/CS_5782_Final_Project/code_and_data/BAHD_lastLayer_embeddings/Gmax_MT7_ABY59019.1_hidden_layer_steps10.pt	acceptor_superclass::Isoflavonoids	acceptor_superclass::Flavonoids;acceptor_superclass::Isoflavonoids	0,0,0,0,0,0,1,0,0,0,0,0,0,0,0,0,0,0,0,0,0,0,0	0,0,0,0,0,1,1,0,0,0,0,0,0,0,0,0,0,0,0,0,0,0,0	-0.727638,-1.034395,-1.505756,-1.130494,-1.296096,2.921313,4.674438,-1.355841,-1.342317,-1.417023,-1.502317,-1.618235,-0.856822,-1.860233,-0.816164,-1.468622,-0.957837,-1.144751,-1.281964,-0.168323,-0.512820,-2.313145,-1.250608
Gmax_IMAT1_AQY54373.1	Gmax_IMAT1_AQY54373.1	/content/drive/MyDrive/CS_5782_Final_Project/code_and_data/BAHD_lastLayer_embeddings/Gmax_IMAT1_AQY54373.1_hidden_layer_steps10.pt	acceptor_superclass::Isoflavonoids	acceptor_superclass::Flavonoids;acceptor_superclass::Isoflavonoids;acceptor_superclass::Steroids	0,0,0,0,0,0,1,0,0,0,0,0,0,0,0,0,0,0,0,0,0,0,0	0,0,0,0,0,1,1,0,0,0,0,0,0,0,0,0,0,0,0,1,0,0,0	-0.482165,-0.968753,-1.934734,-2.600338,-1.928185,6.637166,4.584709,-1.082904,-1.484550,-1.718813,-0.806283,-0.463137,-0.705474,-0.765944,-0.463591,-1.412517,-0.943594,-1.161132,-1.839608,0.237999,-0.411027,-1.202965,-0.895736
Gmax_IMAT3_AQY54374.1	Gmax_IMAT3_AQY54374.1	/content/drive/MyDrive/CS_5782_Final_Project/code_and_data/BAHD_lastLayer_embeddings/Gmax_IMAT3_AQY54374.1_hidden_layer_steps10.pt	acceptor_superclass::Isoflavonoids	acceptor_superclass::Flavonoids;acceptor_superclass::Isoflavonoids;acceptor_superclass::Steroids	0,0,0,0,0,0,1,0,0,0,0,0,0,0,0,0,0,0,0,0,0,0,0	0,0,0,0,0,1,1,0,0,0,0,0,0,0,0,0,0,0,0,1,0,0,0	-0.914508,-1.077478,-1.965035,-1.524245,-2.211611,2.895998,4.471401,-1.295495,-1.106389,-2.547524,-1.436102,-1.518812,-0.742897,-1.173172,-1.788434,-2.588917,-0.640538,-1.193920,-1.409894,0.406556,-0.490255,-1.948552,-1.621764
Gmax_MT7_ABY59019.1	Gmax_MT7_ABY59019.1	/content/drive/MyDrive/CS_5782_Final_Project/code_and_data/BAHD_lastLayer_embeddings/Gmax_MT7_ABY59019.1_hidden_layer_steps10.pt	acceptor_superclass::Flavonoids;acceptor_superclass::Isoflavonoids	acceptor_superclass::Flavonoids;acceptor_superclass::Isoflavonoids	0,0,0,0,0,1,1,0,0,0,0,0,0,0,0,0,0,0,0,0,0,0,0	0,0,0,0,0,1,1,0,0,0,0,0,0,0,0,0,0,0,0,0,0,0,0	-0.727638,-1.034395,-1.505756,-1.130494,-1.296096,0.109285,4.674438,-1.355841,-1.342317,-1.417023,-1.502317,-1.618235,-0.856822,-1.860233,-0.816164,-1.468622,-0.957837,-1.144751,-1.281964,-0.168323,-0.512820,-2.313145,-1.250608
Gmax_SSACT1_KRH01153.1	Gmax_SSACT1_KRH01153.1	/content/drive/MyDrive/CS_5782_Final_Project/code_and_data/BAHD_lastLayer_embeddings/Gmax_SSACT1_KRH01153.1_hidden_layer_steps10.pt	acceptor_superclass::Triterpenoids	acceptor_superclass::Flavonoids;acceptor_superclass::Isoflavonoids;acceptor_superclass::Lysine alkaloids;acceptor_superclass::Steroids	0,0,0,0,0,0,0,0,0,0,0,0,0,0,0,0,0,0,0,0,1,0,0	0,0,0,0,0,1,1,0,1,0,0,0,0,0,0,0,0,0,0,1,0,0,0	-0.805912,-1.538103,-0.234261,-1.942963,-3.335517,2.625944,5.135858,-0.208956,0.235819,-1.940573,-0.969976,-1.335568,-1.003680,-1.987302,-3.163809,-0.214785,-1.040175,-1.686258,-2.472246,0.299815,-1.833570,-1.426424,-2.010090
Gtri_53AAT_BAA74428.1	Gtri_53AAT_BAA74428.1	/content/drive/MyDrive/CS_5782_Final_Project/code_and_data/BAHD_lastLayer_embeddings/Gtri_53AAT_BAA74428.1_hidden_layer_steps10.pt	acceptor_superclass::Flavonoids	acceptor_superclass::Flavonoids	0,0,0,0,0,1,0,0,0,0,0,0,0,0,0,0,0,0,0,0,0,0,0	0,0,0,0,0,1,0,0,0,0,0,0,0,0,0,0,0,0,0,0,0,0,0	-0.434057,-1.319232,-1.193794,-1.050956,-1.337314,6.601056,-0.537713,-0.584641,-1.157232,-1.363683,-1.230799,-1.175826,-0.428841,-2.593474,-0.749221,-1.381523,-1.572272,-1.255041,-1.783236,-0.417479,-1.984872,-1.509666,-1.291170
Gtri_53AAT_BAA74428.1	Gtri_5AT_BAA74428.1	/content/drive/MyDrive/CS_5782_Final_Project/code_and_data/BAHD_lastLayer_embeddings/Gtri_53AAT_BAA74428.1_hidden_layer_steps10.pt	acceptor_superclass::Flavonoids	acceptor_superclass::Flavonoids	0,0,0,0,0,1,0,0,0,0,0,0,0,0,0,0,0,0,0,0,0,0,0	0,0,0,0,0,1,0,0,0,0,0,0,0,0,0,0,0,0,0,0,0,0,0	-0.434057,-1.319232,-1.193794,-1.050956,-1.337314,6.601056,-0.537713,-0.584641,-1.157232,-1.363683,-1.230799,-1.175826,-0.428841,-2.593474,-0.749221,-1.381523,-1.572272,-1.255041,-1.783236,-0.417479,-1.984872,-1.509666,-1.291170
Gtri_53AAT_BAA74428.1	Gtri_GAT_BAA74428.1	/content/drive/MyDrive/CS_5782_Final_Project/code_and_data/BAHD_lastLayer_embeddings/Gtri_53AAT_BAA74428.1_hidden_layer_steps10.pt	acceptor_superclass::Flavonoids	acceptor_superclass::Flavonoids	0,0,0,0,0,1,0,0,0,0,0,0,0,0,0,0,0,0,0,0,0,0,0	0,0,0,0,0,1,0,0,0,0,0,0,0,0,0,0,0,0,0,0,0,0,0	-0.434057,-1.319232,-1.193794,-1.050956,-1.337314,6.601056,-0.537713,-0.584641,-1.157232,-1.363683,-1.230799,-1.175826,-0.428841,-2.593474,-0.749221,-1.381523,-1.572272,-1.255041,-1.783236,-0.417479,-1.984872,-1.509666,-1.291170
Hann_HCT1_QBM78941.1	Hann_HCT1_QBM78941.1	/content/drive/MyDrive/CS_5782_Final_Project/code_and_data/BAHD_lastLayer_embeddings/Hann_HCT1_QBM78941.1_hidden_layer_steps10.pt	acceptor_superclass::Phenolic acids (C6-C1)	acceptor_superclass::Flavonoids;acceptor_superclass::Phenolic acids (C6-C1);acceptor_superclass::Phenylpropanoids (C6-C3);acceptor_superclass::Small peptides;acceptor_superclass::Tyrosine alkaloids	0,0,0,0,0,0,0,0,0,0,0,0,0,1,0,0,0,0,0,0,0,0,0	0,0,0,0,0,1,0,0,0,0,0,0,0,1,0,1,0,0,1,0,0,0,1	-1.625220,-1.066786,-1.910279,-1.615787,-1.753616,0.949171,-1.165367,-1.322139,-1.760687,-0.111012,-1.316311,-1.159600,-1.541981,9.061757,-0.451821,1.515988,-1.330940,-1.405993,1.437890,-1.089137,-0.385288,-1.367225,0.449666
Hann_HCT2_QBM78942.1	Hann_HCT2_QBM78942.1	/content/drive/MyDrive/CS_5782_Final_Project/code_and_data/BAHD_lastLayer_embeddings/Hann_HCT2_QBM78942.1_hidden_layer_steps10.pt	acceptor_superclass::Phenolic acids (C6-C1)	acceptor_superclass::Phenolic acids (C6-C1);acceptor_superclass::Small peptides	0,0,0,0,0,0,0,0,0,0,0,0,0,1,0,0,0,0,0,0,0,0,0	0,0,0,0,0,0,0,0,0,0,0,0,0,1,0,0,0,0,1,0,0,0,0	-1.075376,-1.076492,-0.488404,-0.811926,-0.807084,-0.642819,-1.636785,-0.834117,-1.428080,-0.098943,-1.098701,-1.923248,-1.082230,8.128270,-1.342661,-0.039307,-2.118160,-1.346729,0.325786,-1.868935,-0.314432,-1.859307,-0.108550
Hann_HQT1_QBM78938.1	Hann_HQT1_QBM78938.1	/content/drive/MyDrive/CS_5782_Final_Project/code_and_data/BAHD_lastLayer_embeddings/Hann_HQT1_QBM78938.1_hidden_layer_steps10.pt	acceptor_superclass::Phenolic acids (C6-C1)	acceptor_superclass::Phenolic acids (C6-C1)	0,0,0,0,0,0,0,0,0,0,0,0,0,1,0,0,0,0,0,0,0,0,0	0,0,0,0,0,0,0,0,0,0,0,0,0,1,0,0,0,0,0,0,0,0,0	-0.783680,-0.987822,-1.207235,-1.660376,-1.764405,-1.806551,-0.876680,-1.056765,-1.516167,-0.708240,-0.899126,-2.523654,-0.980083,8.758341,-1.245417,-1.908441,-2.011429,-1.360464,-0.388270,-1.152156,-0.813718,-1.505383,-1.041129
Hann_HQT2_QBM78939.1	Hann_HQT2_QBM78939.1	/content/drive/MyDrive/CS_5782_Final_Project/code_and_data/BAHD_lastLayer_embeddings/Hann_HQT2_QBM78939.1_hidden_layer_steps10.pt	acceptor_superclass::Phenolic acids (C6-C1)	acceptor_superclass::Phenolic acids (C6-C1)	0,0,0,0,0,0,0,0,0,0,0,0,0,1,0,0,0,0,0,0,0,0,0	0,0,0,0,0,0,0,0,0,0,0,0,0,1,0,0,0,0,0,0,0,0,0	-1.116351,-1.111302,-1.223804,-1.785238,-1.743256,-2.093111,-0.638466,-1.131582,-1.169810,-2.436177,-1.422462,-1.604952,-1.267300,7.899909,-1.402709,-1.465578,-1.135094,-1.784233,-0.868740,-1.297663,-1.262248,-0.935571,-1.281270
Hann_HQT3_QBM78940.1	Hann_HQT3_QBM78940.1	/content/drive/MyDrive/CS_5782_Final_Project/code_and_data/BAHD_lastLayer_embeddings/Hann_HQT3_QBM78940.1_hidden_layer_steps10.pt	acceptor_superclass::Phenolic acids (C6-C1)	acceptor_superclass::Phenolic acids (C6-C1);acceptor_superclass::Phenylpropanoids (C6-C3)	0,0,0,0,0,0,0,0,0,0,0,0,0,1,0,0,0,0,0,0,0,0,0	0,0,0,0,0,0,0,0,0,0,0,0,0,1,0,1,0,0,0,0,0,0,0	-1.638288,-1.635606,-1.546102,-2.195118,-2.195101,-0.828614,-1.014740,-1.350264,-1.275965,-1.247489,-1.646438,-1.254934,-1.732362,8.158212,-1.539637,0.108428,-2.114707,-1.160563,-1.105791,-1.707850,-0.886461,-1.053557,-1.121805
Hcan_PMT_KAL4341785.1	Hcan_PMT_KAL4341785.1	/content/drive/MyDrive/CS_5782_Final_Project/code_and_data/BAHD_lastLayer_embeddings/Hcan_PMT_KAL4341785.1_hidden_layer_steps10.pt	acceptor_superclass::Phenylpropanoids (C6-C3)	acceptor_superclass::Fatty acyls;acceptor_superclass::Monoterpenoids	0,0,0,0,0,0,0,0,0,0,0,0,0,0,0,1,0,0,0,0,0,0,0	0,0,0,0,1,0,0,0,0,1,0,0,0,0,0,0,0,0,0,0,0,0,0	-0.942161,-1.011084,-0.681152,-1.307473,0.382650,-0.413678,-1.020957,-1.137510,-0.947264,1.101925,-2.349842,-2.588267,-0.904306,-0.751231,-0.005457,-0.259640,-1.656817,-0.917428,-1.331796,-0.891562,-1.075812,-1.597572,-0.056389
Hmur_ACT_BCN87077.1	Hmur_ACT_BCN87077.1	/content/drive/MyDrive/CS_5782_Final_Project/code_and_data/BAHD_lastLayer_embeddings/Hmur_ACT_BCN87077.1_hidden_layer_steps10.pt	acceptor_superclass::Ornithine alkaloids;acceptor_superclass::Pseudoalkaloids	acceptor_superclass::Ornithine alkaloids;acceptor_superclass::Pseudoalkaloids	0,0,0,0,0,0,0,0,0,0,0,1,0,0,0,0,1,0,0,0,0,0,0	0,0,0,0,0,0,0,0,0,0,0,1,0,0,0,0,1,0,0,0,0,0,0	-0.640532,-0.982550,-1.046313,-1.495820,-0.998270,-1.092449,-1.703683,-1.219647,-1.386143,-1.851113,-0.683789,9.526199,-0.824248,-2.658649,-0.857545,-1.736601,3.586346,-1.408014,-1.520349,-1.344300,-1.073359,-1.157021,-1.319527
Hpol_BAHD3_NA	Hpol_BAHD3_NA	/content/drive/MyDrive/CS_5782_Final_Project/code_and_data/BAHD_lastLayer_embeddings/Hpol_BAHD3_NA_hidden_layer_steps10.pt	acceptor_superclass::Tyrosine alkaloids	acceptor_superclass::Fatty Acids and Conjugates;acceptor_superclass::Fatty acyls;acceptor_superclass::Phenylethanoids (C6-C2);acceptor_superclass::Phenylpropanoids (C6-C3);acceptor_superclass::Tryptophan alkaloids	0,0,0,0,0,0,0,0,0,0,0,0,0,0,0,0,0,0,0,0,0,0,1	0,0,0,1,1,0,0,0,0,0,0,0,0,0,1,1,0,0,0,0,0,1,0	-1.690152,-0.470198,-2.613932,0.631571,1.224036,-1.057440,-0.948340,-0.878365,-1.314421,-0.880055,-1.125391,-1.539172,-1.636252,-4.350808,1.116863,1.383659,-1.304431,-1.312916,-0.614056,-2.038949,-0.965564,0.193991,-1.312741
Hvul_ACT1-1_AAO73071.1	Hvul_ACT1-1_AAO73071.1	/content/drive/MyDrive/CS_5782_Final_Project/code_and_data/BAHD_lastLayer_embeddings/Hvul_ACT1-1_AAO73071.1_hidden_layer_steps10.pt	acceptor_superclass::Ornithine alkaloids	acceptor_superclass::Ornithine alkaloids;acceptor_superclass::Pseudoalkaloids	0,0,0,0,0,0,0,0,0,0,0,1,0,0,0,0,0,0,0,0,0,0,0	0,0,0,0,0,0,0,0,0,0,0,1,0,0,0,0,1,0,0,0,0,0,0	-1.155382,-1.012410,-1.678538,-1.460967,-2.024379,-1.976110,-1.581624,-0.737804,-1.353310,-1.582495,-1.440886,11.150434,-1.113746,-1.985283,-1.220927,-0.856927,4.059670,-1.513693,-1.570845,-1.096807,-1.259483,-1.293573,-1.257979
Hvul_ACT1-1_BAF97626	Hvul_ACT1-1_BAF97626	/content/drive/MyDrive/CS_5782_Final_Project/code_and_data/BAHD_lastLayer_embeddings/Hvul_ACT1-1_BAF97626_hidden_layer_steps10.pt	acceptor_superclass::Ornithine alkaloids;acceptor_superclass::Pseudoalkaloids	acceptor_superclass::Ornithine alkaloids;acceptor_superclass::Pseudoalkaloids	0,0,0,0,0,0,0,0,0,0,0,1,0,0,0,0,1,0,0,0,0,0,0	0,0,0,0,0,0,0,0,0,0,0,1,0,0,0,0,1,0,0,0,0,0,0	-1.155382,-1.012410,-1.678538,-1.460967,-2.024379,-1.976110,-1.581624,-0.737804,-1.353310,-1.582495,-1.440886,11.150434,-1.113746,-1.985283,-1.220927,-0.856927,2.421576,-1.513693,-1.570845,-1.096807,-1.259483,-1.293573,-1.257979
Hvul_ACT1-2_BAF97627.1	Hvul_ACT1-2_BAF97627	/content/drive/MyDrive/CS_5782_Final_Project/code_and_data/BAHD_lastLayer_embeddings/Hvul_ACT1-2_BAF97627.1_hidden_layer_steps10.pt	acceptor_superclass::Ornithine alkaloids;acceptor_superclass::Pseudoalkaloids	acceptor_superclass::Ornithine alkaloids;acceptor_superclass::Pseudoalkaloids	0,0,0,0,0,0,0,0,0,0,0,1,0,0,0,0,1,0,0,0,0,0,0	0,0,0,0,0,0,0,0,0,0,0,1,0,0,0,0,1,0,0,0,0,0,0	-1.213647,-1.184619,-1.542567,-1.760986,-1.989136,-1.637920,-1.363257,-1.095921,-1.269017,-1.385164,-1.623655,10.993415,-1.211569,-1.908554,-1.157408,-1.388290,3.282922,-1.239876,-1.569450,-1.539409,-1.331141,-1.163603,-1.150704
Hvul_ACT1-2_BAF97627.1	Hvul_ACT1-2_BAF97627.1	/content/drive/MyDrive/CS_5782_Final_Project/code_and_data/BAHD_lastLayer_embeddings/Hvul_ACT1-2_BAF97627.1_hidden_layer_steps10.pt	acceptor_superclass::Ornithine alkaloids	acceptor_superclass::Ornithine alkaloids;acceptor_superclass::Pseudoalkaloids	0,0,0,0,0,0,0,0,0,0,0,1,0,0,0,0,0,0,0,0,0,0,0	0,0,0,0,0,0,0,0,0,0,0,1,0,0,0,0,1,0,0,0,0,0,0	-1.213647,-1.184619,-1.542567,-1.760986,-1.989136,-1.637920,-1.363257,-1.095921,-1.269017,-1.385164,-1.623655,10.993415,-1.211569,-1.908554,-1.157408,-1.388290,4.469639,-1.239876,-1.569450,-1.539409,-1.331141,-1.163603,-1.150704
Hvul_ACT2_BAK00935.1	Hvul_ACT2_BAK00935.1	/content/drive/MyDrive/CS_5782_Final_Project/code_and_data/BAHD_lastLayer_embeddings/Hvul_ACT2_BAK00935.1_hidden_layer_steps10.pt	acceptor_superclass::Ornithine alkaloids;acceptor_superclass::Pseudoalkaloids	acceptor_superclass::Ornithine alkaloids;acceptor_superclass::Pseudoalkaloids	0,0,0,0,0,0,0,0,0,0,0,1,0,0,0,0,1,0,0,0,0,0,0	0,0,0,0,0,0,0,0,0,0,0,1,0,0,0,0,1,0,0,0,0,0,0	-0.741918,-0.999685,-1.222239,-1.515262,-1.169457,-1.745892,-1.196205,-0.915334,-1.085516,-1.327071,-0.927602,9.412794,-0.711131,-2.703495,-1.009523,-2.552088,2.814754,-1.585585,-1.122216,-1.198090,-1.936684,-0.838183,-0.840623
Hvul_ACT1-1_AAO73071.1	Hvul_ACT_AAO73071.1	/content/drive/MyDrive/CS_5782_Final_Project/code_and_data/BAHD_lastLayer_embeddings/Hvul_ACT1-1_AAO73071.1_hidden_layer_steps10.pt	acceptor_superclass::Ornithine alkaloids	acceptor_superclass::Ornithine alkaloids;acceptor_superclass::Pseudoalkaloids	0,0,0,0,0,0,0,0,0,0,0,1,0,0,0,0,0,0,0,0,0,0,0	0,0,0,0,0,0,0,0,0,0,0,1,0,0,0,0,1,0,0,0,0,0,0	-1.155382,-1.012410,-1.678538,-1.460967,-2.024379,-1.976110,-1.581624,-0.737804,-1.353310,-1.582495,-1.440886,11.150434,-1.113746,-1.985283,-1.220927,-0.856927,4.059670,-1.513693,-1.570845,-1.096807,-1.259483,-1.293573,-1.257979
Ibat_HQT_BAA87043.1	Ibat_HQT_BAA87043.1	/content/drive/MyDrive/CS_5782_Final_Project/code_and_data/BAHD_lastLayer_embeddings/Ibat_HQT_BAA87043.1_hidden_layer_steps10.pt	acceptor_superclass::Phenolic acids (C6-C1)	acceptor_superclass::Phenolic acids (C6-C1);acceptor_superclass::Phenylpropanoids (C6-C3);acceptor_superclass::Small peptides	0,0,0,0,0,0,0,0,0,0,0,0,0,1,0,0,0,0,0,0,0,0,0	0,0,0,0,0,0,0,0,0,0,0,0,0,1,0,1,0,0,1,0,0,0,0	-1.254466,-0.860664,-0.806116,-1.701807,-1.302601,-1.860791,-1.154016,-0.802231,-1.188142,-2.510160,-1.917984,-2.822153,-1.002278,7.691147,-0.910131,0.495044,-2.516897,-1.653148,0.396093,-1.136508,-1.700700,-1.499348,-0.803692
Ihol_3AT1_BAE72676.1	Ihol_3AT1_BAE72676.1	/content/drive/MyDrive/CS_5782_Final_Project/code_and_data/BAHD_lastLayer_embeddings/Ihol_3AT1_BAE72676.1_hidden_layer_steps10.pt	acceptor_superclass::Flavonoids	acceptor_superclass::Flavonoids;acceptor_superclass::Monoterpenoids;acceptor_superclass::Phenylpropanoids (C6-C3)	0,0,0,0,0,1,0,0,0,0,0,0,0,0,0,0,0,0,0,0,0,0,0	0,0,0,0,0,1,0,0,0,1,0,0,0,0,0,1,0,0,0,0,0,0,0	-0.913897,-1.291574,-1.278934,-0.268445,-2.851608,2.549969,-1.670002,-1.031077,-1.207944,0.020086,-0.939972,-0.467660,-1.085296,-3.789813,-1.017399,0.572378,-1.821515,-1.274302,-2.811101,-1.385683,-1.598344,-0.665836,-2.598838
Ihol_3AT2_BAE94328.1	Ihol_3AT2_BAE94328.1	/content/drive/MyDrive/CS_5782_Final_Project/code_and_data/BAHD_lastLayer_embeddings/Ihol_3AT2_BAE94328.1_hidden_layer_steps10.pt	acceptor_superclass::Flavonoids	acceptor_superclass::Flavonoids;acceptor_superclass::Monoterpenoids	0,0,0,0,0,1,0,0,0,0,0,0,0,0,0,0,0,0,0,0,0,0,0	0,0,0,0,0,1,0,0,0,1,0,0,0,0,0,0,0,0,0,0,0,0,0	-0.900351,-1.551323,-0.216286,-0.153470,-1.974637,2.024572,-2.114319,-1.525303,-1.754523,1.734128,-0.610707,-1.944559,-1.203198,-3.919692,-0.340385,-0.445876,-1.353131,-2.130224,-1.704221,-1.456014,-2.342164,-1.182655,-2.739228
Jsam_BEAT1_UJH94663.1	Jsam_BEAT1_UJH94663.1	/content/drive/MyDrive/CS_5782_Final_Project/code_and_data/BAHD_lastLayer_embeddings/Jsam_BEAT1_UJH94663.1_hidden_layer_steps10.pt		acceptor_superclass::Fatty acyls;acceptor_superclass::Flavonoids;acceptor_superclass::Monoterpenoids;acceptor_superclass::Ornithine alkaloids;acceptor_superclass::Phenylethanoids (C6-C2)	0,0,0,0,0,0,0,0,0,0,0,0,0,0,0,0,0,0,0,0,0,0,0	0,0,0,0,1,1,0,0,0,1,0,1,0,0,1,0,0,0,0,0,0,0,0	-0.132115,-1.224153,-1.550687,-1.773681,3.540750,0.021267,-1.570252,-1.640481,-0.673986,1.351078,-0.591541,0.565510,-0.370382,-2.734292,0.485002,-0.196389,-0.233805,-0.805516,-0.197188,-2.172859,-1.799274,-2.026669,-0.903546
Jsam_BEAT2_UJH94664.1	Jsam_BEAT2_UJH94664.1	/content/drive/MyDrive/CS_5782_Final_Project/code_and_data/BAHD_lastLayer_embeddings/Jsam_BEAT2_UJH94664.1_hidden_layer_steps10.pt		acceptor_superclass::Fatty Acids and Conjugates;acceptor_superclass::Fatty acyls	0,0,0,0,0,0,0,0,0,0,0,0,0,0,0,0,0,0,0,0,0,0,0	0,0,0,1,1,0,0,0,0,0,0,0,0,0,0,0,0,0,0,0,0,0,0	-1.903881,-1.323184,-1.335024,0.889071,0.507086,-2.520197,-1.622275,-1.513552,-1.107018,-0.077904,-0.630250,-1.950626,-2.103899,-1.337865,-1.221107,-3.437769,-0.034006,-0.626060,-1.153410,-0.966506,-1.327963,-0.961342,-1.529505
Lalb_HMT_BAD89275.1	Lalb_HMT_BAD89275.1	/content/drive/MyDrive/CS_5782_Final_Project/code_and_data/BAHD_lastLayer_embeddings/Lalb_HMT_BAD89275.1_hidden_layer_steps10.pt	acceptor_superclass::Lysine alkaloids	acceptor_superclass::Fatty acyls	0,0,0,0,0,0,0,0,1,0,0,0,0,0,0,0,0,0,0,0,0,0,0	0,0,0,0,1,0,0,0,0,0,0,0,0,0,0,0,0,0,0,0,0,0,0	-2.414824,-1.165496,-1.556896,-0.463854,4.065398,-1.875908,-0.764377,-0.690646,-1.243880,-0.157403,-2.046486,-1.530735,-2.689974,-2.887941,-0.493346,-0.713985,-1.558764,-1.000544,-1.244785,-1.704244,-2.037170,-2.154436,-1.644670
Lang_RAS_ABI48360.1	Lang_AAT1_ABI48360.1	/content/drive/MyDrive/CS_5782_Final_Project/code_and_data/BAHD_lastLayer_embeddings/Lang_RAS_ABI48360.1_hidden_layer_steps10.pt	acceptor_superclass::Tyrosine alkaloids	acceptor_superclass::Phenolic acids (C6-C1);acceptor_superclass::Small peptides;acceptor_superclass::Tryptophan alkaloids;acceptor_superclass::Tyrosine alkaloids	0,0,0,0,0,0,0,0,0,0,0,0,0,0,0,0,0,0,0,0,0,0,1	0,0,0,0,0,0,0,0,0,0,0,0,0,1,0,0,0,0,1,0,0,1,1	-0.907548,-1.154296,-1.239874,-0.975118,-2.184644,-1.517565,-1.163137,-1.041436,-1.211709,-1.296015,-1.211477,-1.899427,-0.925984,1.209543,-1.610841,-2.495624,-1.368090,-1.052319,2.550911,-1.377068,-0.738555,2.413645,2.899187
Lang_RAS_ABI48360.1	Lang_AT1_ABI48360.1	/content/drive/MyDrive/CS_5782_Final_Project/code_and_data/BAHD_lastLayer_embeddings/Lang_RAS_ABI48360.1_hidden_layer_steps10.pt	acceptor_superclass::Phenolic acids (C6-C1);acceptor_superclass::Small peptides;acceptor_superclass::Tryptophan alkaloids;acceptor_superclass::Tyrosine alkaloids	acceptor_superclass::Tyrosine alkaloids	0,0,0,0,0,0,0,0,0,0,0,0,0,1,0,0,0,0,1,0,0,1,1	0,0,0,0,0,0,0,0,0,0,0,0,0,0,0,0,0,0,0,0,0,0,1	-0.907548,-1.154296,-1.239874,-0.975118,-2.184644,-1.517565,-1.163137,-1.041436,-1.211709,-1.296015,-1.211477,-1.899427,-0.925984,-0.838014,-1.610841,-2.495624,-1.368090,-1.052319,-0.020949,-1.377068,-0.738555,-1.038649,2.899187
Lang_RAS_ABI48360.1	Lang_RAS_ABI48360.1	/content/drive/MyDrive/CS_5782_Final_Project/code_and_data/BAHD_lastLayer_embeddings/Lang_RAS_ABI48360.1_hidden_layer_steps10.pt		acceptor_superclass::Phenolic acids (C6-C1);acceptor_superclass::Small peptides;acceptor_superclass::Tryptophan alkaloids;acceptor_superclass::Tyrosine alkaloids	0,0,0,0,0,0,0,0,0,0,0,0,0,0,0,0,0,0,0,0,0,0,0	0,0,0,0,0,0,0,0,0,0,0,0,0,1,0,0,0,0,1,0,0,1,1	-0.907548,-1.154296,-1.239874,-0.975118,-2.184644,-1.517565,-1.163137,-1.041436,-1.211709,-1.296015,-1.211477,-1.899427,-0.925984,1.209543,-1.610841,-2.495624,-1.368090,-1.052319,2.550911,-1.377068,-0.738555,2.413645,3.942469
Lang_RAS_AEA36976.1	Lang_RAS_AEA36976.1	/content/drive/MyDrive/CS_5782_Final_Project/code_and_data/BAHD_lastLayer_embeddings/Lang_RAS_AEA36976.1_hidden_layer_steps10.pt		acceptor_superclass::Phenolic acids (C6-C1);acceptor_superclass::Small peptides;acceptor_superclass::Tryptophan alkaloids;acceptor_superclass::Tyrosine alkaloids	0,0,0,0,0,0,0,0,0,0,0,0,0,0,0,0,0,0,0,0,0,0,0	0,0,0,0,0,0,0,0,0,0,0,0,0,1,0,0,0,0,1,0,0,1,1	-0.950684,-0.998265,-1.321962,-0.637945,-2.319344,-2.243001,-2.294948,-1.032304,-1.404961,-1.793286,-1.521583,-1.282191,-0.804679,1.623202,-1.632087,-1.366895,-1.704176,-0.930093,1.852233,-1.464805,-1.468984,0.893647,2.745752
Lery_AAT1_BBV14786.1	Lery_AAT1_BBV14786.1	/content/drive/MyDrive/CS_5782_Final_Project/code_and_data/BAHD_lastLayer_embeddings/Lery_AAT1_BBV14786.1_hidden_layer_steps10.pt	acceptor_superclass::Naphthalenes	acceptor_superclass::Naphthalenes	0,0,0,0,0,0,0,0,0,0,1,0,0,0,0,0,0,0,0,0,0,0,0	0,0,0,0,0,0,0,0,0,0,1,0,0,0,0,0,0,0,0,0,0,0,0	-1.303952,-1.153171,-1.214138,-2.040540,-1.574486,-1.537686,-1.561571,-1.030778,-0.626652,-1.792415,5.926608,-1.363890,-1.023027,-3.867124,-0.730624,-0.785740,-0.705330,-1.545090,-2.175167,-1.002429,-0.966634,-1.578313,-1.275460
Lery_AAT2_BDW80085.1	Lery_AAT2_BDW80085.1	/content/drive/MyDrive/CS_5782_Final_Project/code_and_data/BAHD_lastLayer_embeddings/Lery_AAT2_BDW80085.1_hidden_layer_steps10.pt	acceptor_superclass::Naphthalenes	acceptor_superclass::Naphthalenes	0,0,0,0,0,0,0,0,0,0,1,0,0,0,0,0,0,0,0,0,0,0,0	0,0,0,0,0,0,0,0,0,0,1,0,0,0,0,0,0,0,0,0,0,0,0	-1.038977,-1.664656,-1.607121,-1.727703,-1.760654,-2.094816,-1.425930,-1.022138,-0.796922,-1.560786,8.037131,-2.241543,-0.923734,-3.626314,-1.411829,-1.141587,-1.767927,-1.267099,-1.582588,-1.014086,-2.158361,-1.811059,-2.011635
Lery_SAT1_BBV14785.1	Lery_SAT1_BBV14785.1	/content/drive/MyDrive/CS_5782_Final_Project/code_and_data/BAHD_lastLayer_embeddings/Lery_SAT1_BBV14785.1_hidden_layer_steps10.pt	acceptor_superclass::Naphthalenes	acceptor_superclass::Naphthalenes	0,0,0,0,0,0,0,0,0,0,1,0,0,0,0,0,0,0,0,0,0,0,0	0,0,0,0,0,0,0,0,0,0,1,0,0,0,0,0,0,0,0,0,0,0,0	-0.365569,-1.328319,-1.105213,-0.734901,-1.564267,-1.434157,-2.141731,-1.690049,-1.873315,-1.559849,7.204745,-1.788911,-0.760012,-2.303675,-1.232492,-2.514883,-2.903814,-0.721511,-2.060994,-1.368739,-0.752260,-2.916697,-1.763576
Lery_SAT2_BDW80077.1	Lery_SAT2_BDW80077.1	/content/drive/MyDrive/CS_5782_Final_Project/code_and_data/BAHD_lastLayer_embeddings/Lery_SAT2_BDW80077.1_hidden_layer_steps10.pt	acceptor_superclass::Naphthalenes	acceptor_superclass::Naphthalenes	0,0,0,0,0,0,0,0,0,0,1,0,0,0,0,0,0,0,0,0,0,0,0	0,0,0,0,0,0,0,0,0,0,1,0,0,0,0,0,0,0,0,0,0,0,0	-1.003520,-1.037665,-2.530296,-1.043773,-1.884390,-3.210618,-1.333101,-1.591871,-0.373843,-2.015369,7.032887,-0.836333,-0.749861,-3.616028,-0.991897,-2.376393,-0.251297,-1.041703,-2.250346,-1.421494,-1.094949,-0.389510,-1.477928
Lint_AAT-3_AIW81431.1	Lint_AAT-3_AIW81431.1	/content/drive/MyDrive/CS_5782_Final_Project/code_and_data/BAHD_lastLayer_embeddings/Lint_AAT-3_AIW81431.1_hidden_layer_steps10.pt	acceptor_superclass::Monoterpenoids	acceptor_superclass::Phenylpropanoids (C6-C3);acceptor_superclass::Triterpenoids	0,0,0,0,0,0,0,0,0,1,0,0,0,0,0,0,0,0,0,0,0,0,0	0,0,0,0,0,0,0,0,0,0,0,0,0,0,0,1,0,0,0,0,1,0,0	-0.236466,-1.721272,-0.856100,-1.417683,-0.082920,-1.026738,-1.503439,-0.971359,-0.228315,-0.487780,-1.680401,-1.247950,-0.392221,-1.894735,-1.421032,0.660002,-0.820858,-2.430508,-3.075878,-0.846212,0.171878,-0.658748,-1.129094
Lint_AAT-4_AIW81432.1	Lint_AAT-4_AIW81432.1	/content/drive/MyDrive/CS_5782_Final_Project/code_and_data/BAHD_lastLayer_embeddings/Lint_AAT-4_AIW81432.1_hidden_layer_steps10.pt	acceptor_superclass::Monoterpenoids	acceptor_superclass::Coumarins;acceptor_superclass::Monoterpenoids;acceptor_superclass::Phenanthrenoids;acceptor_superclass::Tryptophan alkaloids	0,0,0,0,0,0,0,0,0,1,0,0,0,0,0,0,0,0,0,0,0,0,0	1,0,0,0,0,0,0,0,0,1,0,0,1,0,0,0,0,0,0,0,0,1,0	0.323399,-1.159505,-0.785653,-0.702572,-0.935372,-0.320487,-2.313151,-1.156291,-1.787357,0.255815,-0.502161,-3.561262,0.239680,-1.461719,-0.045421,-1.056940,-2.324376,-0.794684,-1.096015,-0.950868,-1.629529,2.392563,-0.126918
Ljap_HQT_ACZ52698.1	Ljap_HQT_ACZ52698.1	/content/drive/MyDrive/CS_5782_Final_Project/code_and_data/BAHD_lastLayer_embeddings/Ljap_HQT_ACZ52698.1_hidden_layer_steps10.pt	acceptor_superclass::Phenolic acids (C6-C1)	acceptor_superclass::Phenolic acids (C6-C1)	0,0,0,0,0,0,0,0,0,0,0,0,0,1,0,0,0,0,0,0,0,0,0	0,0,0,0,0,0,0,0,0,0,0,0,0,1,0,0,0,0,0,0,0,0,0	-1.356763,-1.168424,-1.166439,-0.871938,-2.182173,-2.457687,-1.158292,-0.838754,-1.027516,-1.397510,-2.060113,-1.791153,-1.122949,7.862382,-0.962779,-0.156719,-1.003870,-1.020150,-1.128814,-1.389087,-1.837271,-2.363263,-2.728645
Lori_AAT1_WKK95849.1	Lori_AAT1_WKK95849.1	/content/drive/MyDrive/CS_5782_Final_Project/code_and_data/BAHD_lastLayer_embeddings/Lori_AAT1_WKK95849.1_hidden_layer_steps10.pt	acceptor_superclass::Fatty acyls	acceptor_superclass::Fatty acyls;acceptor_superclass::Monoterpenoids;acceptor_superclass::Phenylethanoids (C6-C2);acceptor_superclass::Phenylpropanoids (C6-C3)	0,0,0,0,1,0,0,0,0,0,0,0,0,0,0,0,0,0,0,0,0,0,0	0,0,0,0,1,0,0,0,0,1,0,0,0,0,1,1,0,0,0,0,0,0,0	-0.979161,-1.350209,-0.575147,-2.097213,1.279868,-1.819872,-1.131591,-1.621923,-0.833013,1.431360,-0.898089,-2.334567,-1.027405,-0.257956,0.789673,3.335615,-1.132306,-1.348087,-1.331866,-1.030168,-0.924979,-2.191834,-2.270075
Lpur_3MAT1_AAS77404.1	Lpur_3MAT1_AAS77404.1	/content/drive/MyDrive/CS_5782_Final_Project/code_and_data/BAHD_lastLayer_embeddings/Lpur_3MAT1_AAS77404.1_hidden_layer_steps10.pt	acceptor_superclass::Flavonoids;acceptor_superclass::Isoflavonoids;acceptor_superclass::Phenolic acids (C6-C1)	acceptor_superclass::Flavonoids;acceptor_superclass::Isoflavonoids;acceptor_superclass::Small peptides;acceptor_superclass::Tryptophan alkaloids	0,0,0,0,0,1,1,0,0,0,0,0,0,1,0,0,0,0,0,0,0,0,0	0,0,0,0,0,1,1,0,0,0,0,0,0,0,0,0,0,0,1,0,0,1,0	-0.619443,-1.797133,-1.109410,-2.821760,-3.871106,5.621703,1.803295,-0.984476,-0.400717,-1.970948,-1.263508,-2.435621,-0.577128,-0.827790,-2.251751,-2.618096,-2.575926,-1.192045,0.120726,-0.362339,-0.705521,0.246554,-0.404294
Lrob_AT1_WEX29780.1	Lrob_AT1_WEX29780.1	/content/drive/MyDrive/CS_5782_Final_Project/code_and_data/BAHD_lastLayer_embeddings/Lrob_AT1_WEX29780.1_hidden_layer_steps10.pt	acceptor_superclass::Phenylethanoids (C6-C2)	acceptor_superclass::Phenylethanoids (C6-C2)	0,0,0,0,0,0,0,0,0,0,0,0,0,0,1,0,0,0,0,0,0,0,0	0,0,0,0,0,0,0,0,0,0,0,0,0,0,1,0,0,0,0,0,0,0,0	-1.039521,-1.510258,-1.397830,-0.811560,-2.029325,-1.928695,-1.375154,-1.079257,-1.224651,-1.801320,-0.581161,-0.773416,-1.220403,-1.608417,4.176675,-1.429196,-0.873873,-1.198971,-1.057077,-2.078511,-1.165795,-1.124531,-1.607098
Lsat_BOS_QYL33117.1	Lsat_BOS_QYL33117.1	/content/drive/MyDrive/CS_5782_Final_Project/code_and_data/BAHD_lastLayer_embeddings/Lsat_BOS_QYL33117.1_hidden_layer_steps10.pt	acceptor_superclass::Small peptides	acceptor_superclass::Small peptides;acceptor_superclass::Triterpenoids	0,0,0,0,0,0,0,0,0,0,0,0,0,0,0,0,0,0,1,0,0,0,0	0,0,0,0,0,0,0,0,0,0,0,0,0,0,0,0,0,0,1,0,1,0,0	-1.130556,-0.856879,-1.219129,-1.131823,-1.316524,-0.849409,-0.598483,-1.203219,-0.872663,-1.398235,-1.787652,-1.594969,-1.332007,-1.348106,-1.243469,-2.253905,-1.567081,-1.540889,3.138338,-1.135437,0.006034,-0.743606,-0.495447
Lsat_BOS_QYL33117.1	Lsat_DS_QYL33117.1	/content/drive/MyDrive/CS_5782_Final_Project/code_and_data/BAHD_lastLayer_embeddings/Lsat_BOS_QYL33117.1_hidden_layer_steps10.pt	acceptor_superclass::Small peptides	acceptor_superclass::Small peptides;acceptor_superclass::Triterpenoids	0,0,0,0,0,0,0,0,0,0,0,0,0,0,0,0,0,0,1,0,0,0,0	0,0,0,0,0,0,0,0,0,0,0,0,0,0,0,0,0,0,1,0,1,0,0	-1.130556,-0.856879,-1.219129,-1.131823,-1.316524,-0.849409,-0.598483,-1.203219,-0.872663,-1.398235,-1.787652,-1.594969,-1.332007,-1.348106,-1.243469,-2.253905,-1.567081,-1.540889,3.138338,-1.135437,0.006034,-0.743606,-0.495447
Ltri_CAAT1_AHA90802.1	Ltri_CAAT1_AHA90802.1	/content/drive/MyDrive/CS_5782_Final_Project/code_and_data/BAHD_lastLayer_embeddings/Ltri_CAAT1_AHA90802.1_hidden_layer_steps10.pt	acceptor_superclass::Phenylpropanoids (C6-C3)	acceptor_superclass::Fatty Acids and Conjugates;acceptor_superclass::Fatty acyls;acceptor_superclass::Lignans;acceptor_superclass::Monoterpenoids;acceptor_superclass::Naphthalenes;acceptor_superclass::Phenylethanoids (C6-C2);acceptor_superclass::Phenylpropanoids (C6-C3)	0,0,0,0,0,0,0,0,0,0,0,0,0,0,0,1,0,0,0,0,0,0,0	0,0,0,1,1,0,0,1,0,1,1,0,0,0,1,1,0,0,0,0,0,0,0	-1.247405,-0.933667,-2.233367,0.654714,1.523763,-1.914630,-1.719962,2.238667,-0.119288,0.866483,0.186899,-1.128881,-1.279317,-3.465172,0.703986,3.185290,-1.794970,-1.321554,-2.221888,-1.970235,-0.045478,-2.215917,-2.084738
Maze_AT1704_NA	Maze_AT1704_NA	/content/drive/MyDrive/CS_5782_Final_Project/code_and_data/BAHD_lastLayer_embeddings/Maze_AT1704_NA_hidden_layer_steps10.pt	acceptor_superclass::Triterpenoids	acceptor_superclass::Triterpenoids	0,0,0,0,0,0,0,0,0,0,0,0,0,0,0,0,0,0,0,0,1,0,0	0,0,0,0,0,0,0,0,0,0,0,0,0,0,0,0,0,0,0,0,1,0,0	-0.653175,-0.843009,-0.415839,-0.511087,-0.241840,-1.743370,-1.295566,-1.249724,-1.282674,-0.271089,-0.837558,-2.172299,-1.447969,-1.094333,-1.786589,-0.944553,-3.604697,-0.563640,-1.275585,-1.070442,2.316398,-0.477198,-2.793495
Maze_AT8824_KAJ4723782.1	Maze_AT8824_KAJ4723782.1	/content/drive/MyDrive/CS_5782_Final_Project/code_and_data/BAHD_lastLayer_embeddings/Maze_AT8824_KAJ4723782.1_hidden_layer_steps10.pt	acceptor_superclass::Triterpenoids	acceptor_superclass::Fatty acyls;acceptor_superclass::Triterpenoids;acceptor_superclass::Tryptophan alkaloids	0,0,0,0,0,0,0,0,0,0,0,0,0,0,0,0,0,0,0,0,1,0,0	0,0,0,0,1,0,0,0,0,0,0,0,0,0,0,0,0,0,0,0,1,1,0	-1.418451,-0.852310,-0.280403,-0.122136,0.955243,-1.635357,-0.430197,-0.907235,-1.356383,-1.607782,-1.973408,-2.556685,-1.143162,-1.817688,-1.850316,-1.057214,-3.131648,-0.851579,-1.372912,-0.680365,1.157988,0.553765,-0.647000
Mdom_AAT1_AAU14879.2	Mdom_AAT1_AAU14879.2	/content/drive/MyDrive/CS_5782_Final_Project/code_and_data/BAHD_lastLayer_embeddings/Mdom_AAT1_AAU14879.2_hidden_layer_steps10.pt	acceptor_superclass::Fatty acyls;acceptor_superclass::Phenylpropanoids (C6-C3)	acceptor_superclass::Fatty acyls;acceptor_superclass::Monoterpenoids;acceptor_superclass::Triterpenoids	0,0,0,0,1,0,0,0,0,0,0,0,0,0,0,1,0,0,0,0,0,0,0	0,0,0,0,1,0,0,0,0,1,0,0,0,0,0,0,0,0,0,0,1,0,0	-1.289253,-1.658840,-2.563686,-0.657293,4.126940,-2.345427,-1.590979,-0.918956,-0.513049,0.272718,-0.767464,-0.727930,-1.110808,-0.802681,-1.547708,-3.103749,-0.895820,-0.697623,-1.468311,-1.767536,0.234283,-1.209615,-1.813625
Mdom_SHT_ALF00095.1	Mdom_SHT_ALF00095.1	/content/drive/MyDrive/CS_5782_Final_Project/code_and_data/BAHD_lastLayer_embeddings/Mdom_SHT_ALF00095.1_hidden_layer_steps10.pt	acceptor_superclass::Ornithine alkaloids	acceptor_superclass::Ornithine alkaloids;acceptor_superclass::Pseudoalkaloids	0,0,0,0,0,0,0,0,0,0,0,1,0,0,0,0,0,0,0,0,0,0,0	0,0,0,0,0,0,0,0,0,0,0,1,0,0,0,0,1,0,0,0,0,0,0	-1.119709,-1.143379,-1.243212,-1.354177,-2.340881,-1.661063,-1.421932,-1.388213,-1.750883,-1.194998,-1.889164,5.304557,-1.063341,-0.602032,-0.470401,-1.276869,0.010150,-1.610936,-0.504584,-1.065513,-0.397223,-1.035926,-0.980989
Mema_HFT_NA	Mema_HFT_NA	/content/drive/MyDrive/CS_5782_Final_Project/code_and_data/BAHD_lastLayer_embeddings/Mema_HFT_NA_hidden_layer_steps10.pt	acceptor_superclass::Fatty acyls	acceptor_superclass::Fatty Acids and Conjugates;acceptor_superclass::Fatty acyls	0,0,0,0,1,0,0,0,0,0,0,0,0,0,0,0,0,0,0,0,0,0,0	0,0,0,1,1,0,0,0,0,0,0,0,0,0,0,0,0,0,0,0,0,0,0	-1.303723,-1.429746,-2.140378,4.852895,1.061591,-0.260078,-2.202635,-1.036590,-1.526664,-1.113661,-0.947594,-1.071361,-1.756835,-2.447682,-1.471252,-2.505533,-0.571308,-0.726531,-1.379963,-0.677216,-0.443620,-0.648607,-1.452747
Mlon_AT1_NA	Mlon_AT1_NA	/content/drive/MyDrive/CS_5782_Final_Project/code_and_data/BAHD_lastLayer_embeddings/Mlon_AT1_NA_hidden_layer_steps10.pt	acceptor_superclass::Phenolic acids (C6-C1)	acceptor_superclass::Flavonoids;acceptor_superclass::Phenolic acids (C6-C1);acceptor_superclass::Small peptides;acceptor_superclass::Tyrosine alkaloids	0,0,0,0,0,0,0,0,0,0,0,0,0,1,0,0,0,0,0,0,0,0,0	0,0,0,0,0,1,0,0,0,0,0,0,0,1,0,0,0,0,1,0,0,0,1	-1.101027,-0.907933,-1.416234,-1.015605,-1.208070,0.191212,-1.181912,-1.013754,-1.421216,-0.867894,-1.955068,-2.075230,-0.970448,7.986938,-1.126945,-1.125204,-1.948228,-1.403016,1.075428,-0.950343,-1.213500,-0.743723,1.192393
Mlon_AT2_NA	Mlon_AT2_NA	/content/drive/MyDrive/CS_5782_Final_Project/code_and_data/BAHD_lastLayer_embeddings/Mlon_AT2_NA_hidden_layer_steps10.pt	acceptor_superclass::Phenolic acids (C6-C1)	acceptor_superclass::Flavonoids;acceptor_superclass::Lignans;acceptor_superclass::Phenolic acids (C6-C1);acceptor_superclass::Small peptides;acceptor_superclass::Tyrosine alkaloids	0,0,0,0,0,0,0,0,0,0,0,0,0,1,0,0,0,0,0,0,0,0,0	0,0,0,0,0,1,0,1,0,0,0,0,0,1,0,0,0,0,1,0,0,0,1	-1.487166,-0.715132,-2.512145,-1.250002,-0.489903,0.088004,-0.714647,0.525275,-1.546616,-1.283109,-2.584928,-1.472148,-1.571578,3.827864,-0.007522,-0.660016,-1.303890,-1.569601,1.354459,-1.187535,-0.911371,-0.928489,0.439442
Mlon_AT1_NA	Mlon_AT3_NA	/content/drive/MyDrive/CS_5782_Final_Project/code_and_data/BAHD_lastLayer_embeddings/Mlon_AT1_NA_hidden_layer_steps10.pt	acceptor_superclass::Phenolic acids (C6-C1)	acceptor_superclass::Flavonoids;acceptor_superclass::Phenolic acids (C6-C1);acceptor_superclass::Small peptides;acceptor_superclass::Tyrosine alkaloids	0,0,0,0,0,0,0,0,0,0,0,0,0,1,0,0,0,0,0,0,0,0,0	0,0,0,0,0,1,0,0,0,0,0,0,0,1,0,0,0,0,1,0,0,0,1	-1.101027,-0.907933,-1.416234,-1.015605,-1.208070,0.191212,-1.181912,-1.013754,-1.421216,-0.867894,-1.955068,-2.075230,-0.970448,7.986938,-1.126945,-1.125204,-1.948228,-1.403016,1.075428,-0.950343,-1.213500,-0.743723,1.192393
Mlon_AT4_NA	Mlon_AT4_NA	/content/drive/MyDrive/CS_5782_Final_Project/code_and_data/BAHD_lastLayer_embeddings/Mlon_AT4_NA_hidden_layer_steps10.pt	acceptor_superclass::Lignans;acceptor_superclass::Phenolic acids (C6-C1)	acceptor_superclass::Fatty Acids and Conjugates;acceptor_superclass::Phenolic acids (C6-C1);acceptor_superclass::Tyrosine alkaloids	0,0,0,0,0,0,0,1,0,0,0,0,0,1,0,0,0,0,0,0,0,0,0	0,0,0,1,0,0,0,0,0,0,0,0,0,1,0,0,0,0,0,0,0,0,1	-1.590261,-1.001142,-1.061694,0.366468,-0.899787,-1.401592,-0.784066,-1.097286,-0.392709,-0.587872,-2.041209,-0.364175,-1.583380,0.558697,-1.270585,-1.504665,-0.685497,-0.839824,-0.295783,-0.891318,-2.373855,-1.246913,0.520736
Mlon_AT6_NA	Mlon_AT6_NA	/content/drive/MyDrive/CS_5782_Final_Project/code_and_data/BAHD_lastLayer_embeddings/Mlon_AT6_NA_hidden_layer_steps10.pt	acceptor_superclass::Phenolic acids (C6-C1)	acceptor_superclass::Lignans;acceptor_superclass::Phenolic acids (C6-C1)	0,0,0,0,0,0,0,0,0,0,0,0,0,1,0,0,0,0,0,0,0,0,0	0,0,0,0,0,0,0,1,0,0,0,0,0,1,0,0,0,0,0,0,0,0,0	-1.834614,-1.336913,-1.282027,-0.174008,-0.939563,-2.886591,-2.333857,0.527371,-1.333632,-3.149500,-1.671552,-1.151215,-1.887939,1.122927,-1.198752,-0.544831,-1.100153,-1.266896,-0.412926,-0.923642,-1.359272,-2.875236,-2.177407
Moff_RAS_CBW35684.1	Moff_RAS_CBW35684.1	/content/drive/MyDrive/CS_5782_Final_Project/code_and_data/BAHD_lastLayer_embeddings/Moff_RAS_CBW35684.1_hidden_layer_steps10.pt		acceptor_superclass::Phenolic acids (C6-C1);acceptor_superclass::Small peptides;acceptor_superclass::Tyrosine alkaloids	0,0,0,0,0,0,0,0,0,0,0,0,0,0,0,0,0,0,0,0,0,0,0	0,0,0,0,0,0,0,0,0,0,0,0,0,1,0,0,0,0,1,0,0,0,1	-1.585515,-1.246547,-1.790207,-1.327719,-1.696397,-1.723990,-1.199980,-0.542958,-1.316862,-1.060799,-1.449774,-1.452591,-1.519451,0.155715,-0.548885,-0.745064,-1.777662,-1.079390,2.219786,-1.716035,-1.821710,-0.177746,2.636083
Mpal_HCT_AXN55971.1	Mpal_HCT_AXN55971.1	/content/drive/MyDrive/CS_5782_Final_Project/code_and_data/BAHD_lastLayer_embeddings/Mpal_HCT_AXN55971.1_hidden_layer_steps10.pt	acceptor_superclass::Phenolic acids (C6-C1)	acceptor_superclass::Flavonoids;acceptor_superclass::Monoterpenoids;acceptor_superclass::Phenolic acids (C6-C1);acceptor_superclass::Phenylpropanoids (C6-C3);acceptor_superclass::Saccharides;acceptor_superclass::Small peptides	0,0,0,0,0,0,0,0,0,0,0,0,0,1,0,0,0,0,0,0,0,0,0	0,0,0,0,0,1,0,0,0,1,0,0,0,1,0,1,0,1,1,0,0,0,0	-0.760973,-0.951981,-1.952211,-0.046405,-0.788862,0.146647,-0.950356,-0.429426,-1.185754,0.466323,-0.640674,-2.652814,-0.631693,9.729883,-0.820654,1.118197,-2.952415,0.842309,0.583799,-0.960798,-1.163217,-1.482132,-1.326495
Mpol_HCT_PTQ49430.1	Mpol_HCT_PTQ49430.1	/content/drive/MyDrive/CS_5782_Final_Project/code_and_data/BAHD_lastLayer_embeddings/Mpol_HCT_PTQ49430.1_hidden_layer_steps10.pt	acceptor_superclass::Phenolic acids (C6-C1)	acceptor_superclass::Fatty Acids and Conjugates;acceptor_superclass::Phenolic acids (C6-C1);acceptor_superclass::Saccharides	0,0,0,0,0,0,0,0,0,0,0,0,0,1,0,0,0,0,0,0,0,0,0	0,0,0,1,0,0,0,0,0,0,0,0,0,1,0,0,0,1,0,0,0,0,0	-0.738395,-1.291635,-1.654818,0.535504,-1.872172,-1.405191,-1.342777,-1.724687,-0.732645,-1.864535,-1.121421,-1.778843,-0.715439,11.328786,-3.178144,-4.346385,-0.855079,1.089143,-1.242363,-0.089441,-1.860559,-0.606709,-1.327055
Msap_AAT_CAC09063.1	Msap_AAT_CAC09063.1	/content/drive/MyDrive/CS_5782_Final_Project/code_and_data/BAHD_lastLayer_embeddings/Msap_AAT_CAC09063.1_hidden_layer_steps10.pt	acceptor_superclass::Fatty acyls;acceptor_superclass::Monoterpenoids;acceptor_superclass::Phenylethanoids (C6-C2);acceptor_superclass::Phenylpropanoids (C6-C3)	acceptor_superclass::Flavonoids;acceptor_superclass::Monoterpenoids;acceptor_superclass::Phenylethanoids (C6-C2);acceptor_superclass::Phenylpropanoids (C6-C3);acceptor_superclass::Small peptides;acceptor_superclass::Steroids	0,0,0,0,1,0,0,0,0,1,0,0,0,0,1,1,0,0,0,0,0,0,0	0,0,0,0,0,1,0,0,0,1,0,0,0,0,1,1,0,0,1,1,0,0,0	-0.792296,-1.066420,-0.858950,-1.489862,-1.570241,0.055229,-1.208003,-1.694298,-0.879811,2.254235,-1.079903,-1.606689,-0.663922,-3.996540,0.439796,3.447854,-1.503699,-1.429063,0.316059,0.047399,-2.314141,-2.015540,-1.934581
Mtru_MAT1_ABY91220.1	Mtru_MAT1_ABY91220.1	/content/drive/MyDrive/CS_5782_Final_Project/code_and_data/BAHD_lastLayer_embeddings/Mtru_MAT1_ABY91220.1_hidden_layer_steps10.pt	acceptor_superclass::Flavonoids;acceptor_superclass::Isoflavonoids	acceptor_superclass::Flavonoids;acceptor_superclass::Isoflavonoids	0,0,0,0,0,1,1,0,0,0,0,0,0,0,0,0,0,0,0,0,0,0,0	0,0,0,0,0,1,1,0,0,0,0,0,0,0,0,0,0,0,0,0,0,0,0	-0.596999,-1.989024,-0.957665,-1.639024,-1.798023,3.814685,5.031649,-0.678803,-1.032866,-2.715684,-0.389795,-2.263888,-0.626170,-2.118390,-2.724311,-2.490339,-0.706725,-0.889947,-1.366588,-0.046511,-1.813095,-0.252976,-2.054607
Mtru_MAT2_ABY91222.1	Mtru_MAT2_ABY91222.1	/content/drive/MyDrive/CS_5782_Final_Project/code_and_data/BAHD_lastLayer_embeddings/Mtru_MAT2_ABY91222.1_hidden_layer_steps10.pt	acceptor_superclass::Flavonoids;acceptor_superclass::Isoflavonoids	acceptor_superclass::Fatty Acids and Conjugates;acceptor_superclass::Flavonoids;acceptor_superclass::Isoflavonoids	0,0,0,0,0,1,1,0,0,0,0,0,0,0,0,0,0,0,0,0,0,0,0	0,0,0,1,0,1,1,0,0,0,0,0,0,0,0,0,0,0,0,0,0,0,0	-0.589795,-0.728228,-0.678059,0.057247,-0.087079,3.401785,5.015107,-1.366035,-1.809586,-1.906331,-0.527057,-2.178227,-0.702048,-3.403177,-1.856828,-1.412409,-1.504374,-1.662336,-1.165012,-0.527960,-0.123078,-1.605448,-0.089181
Mtru_MAT3_ABY91221.1	Mtru_MAT3_ABY91221.1	/content/drive/MyDrive/CS_5782_Final_Project/code_and_data/BAHD_lastLayer_embeddings/Mtru_MAT3_ABY91221.1_hidden_layer_steps10.pt	acceptor_superclass::Flavonoids;acceptor_superclass::Isoflavonoids	acceptor_superclass::Fatty Acids and Conjugates;acceptor_superclass::Flavonoids;acceptor_superclass::Isoflavonoids	0,0,0,0,0,1,1,0,0,0,0,0,0,0,0,0,0,0,0,0,0,0,0	0,0,0,1,0,1,1,0,0,0,0,0,0,0,0,0,0,0,0,0,0,0,0	-0.419469,-0.906322,-1.500718,0.415042,-1.171112,4.499325,3.596872,-1.753316,-1.895306,-2.042876,-0.336703,-1.137552,-0.660282,-3.226405,-1.909223,-2.473103,-2.385045,-0.927933,-1.260235,-1.183160,-0.922190,-2.090126,-0.290655
Natt_AT1_AET80688.1	Natt_AT1_AET80688.1	/content/drive/MyDrive/CS_5782_Final_Project/code_and_data/BAHD_lastLayer_embeddings/Natt_AT1_AET80688.1_hidden_layer_steps10.pt	acceptor_superclass::Ornithine alkaloids;acceptor_superclass::Pseudoalkaloids	acceptor_superclass::Ornithine alkaloids;acceptor_superclass::Pseudoalkaloids	0,0,0,0,0,0,0,0,0,0,0,1,0,0,0,0,1,0,0,0,0,0,0	0,0,0,0,0,0,0,0,0,0,0,1,0,0,0,0,1,0,0,0,0,0,0	-1.216686,-1.087465,-1.351411,-0.870576,-0.817703,-0.445731,-1.411042,-0.896856,-1.646790,-1.631912,-1.903350,5.957156,-1.193834,-1.266915,-1.905033,-1.977011,3.909845,-1.332030,-1.113960,-1.530048,-0.750462,-0.690609,-1.980601
Natt_DH29_AET80686.1	Natt_DH29_AET80686.1	/content/drive/MyDrive/CS_5782_Final_Project/code_and_data/BAHD_lastLayer_embeddings/Natt_DH29_AET80686.1_hidden_layer_steps10.pt	acceptor_superclass::Ornithine alkaloids;acceptor_superclass::Pseudoalkaloids	acceptor_superclass::Diterpenoids;acceptor_superclass::Ornithine alkaloids	0,0,0,0,0,0,0,0,0,0,0,1,0,0,0,0,1,0,0,0,0,0,0	0,0,1,0,0,0,0,0,0,0,0,1,0,0,0,0,0,0,0,0,0,0,0	-0.521589,-1.423589,0.838986,-2.244421,-1.699264,-2.637937,-0.049633,-1.070700,-1.186669,-1.125528,-0.074324,1.688286,-0.893338,-3.982216,-1.049245,-1.370659,-1.674262,-0.987504,-2.129825,-0.531659,-2.956535,-1.129436,-0.859087
Ntab_ASAT1_XP_016480914.1	Ntab_ASAT1_XP_016480914.1	/content/drive/MyDrive/CS_5782_Final_Project/code_and_data/BAHD_lastLayer_embeddings/Ntab_ASAT1_XP_016480914.1_hidden_layer_steps10.pt	acceptor_superclass::Saccharides	acceptor_superclass::Diterpenoids;acceptor_superclass::Saccharides	0,0,0,0,0,0,0,0,0,0,0,0,0,0,0,0,0,1,0,0,0,0,0	0,0,1,0,0,0,0,0,0,0,0,0,0,0,0,0,0,1,0,0,0,0,0	-1.671272,-0.405999,0.310633,-1.882667,-0.979430,-3.367501,-1.502708,-1.375175,-0.162936,-0.877125,-1.861711,-2.686389,-1.867611,-2.362279,-0.696227,-2.080302,-2.295070,3.183527,-2.736310,-0.692869,-0.736386,-0.937629,-1.179334
Ntab_ASAT2_XP_016451255.1	Ntab_ASAT2_XP_016451255.1	/content/drive/MyDrive/CS_5782_Final_Project/code_and_data/BAHD_lastLayer_embeddings/Ntab_ASAT2_XP_016451255.1_hidden_layer_steps10.pt		acceptor_superclass::Naphthalenes;acceptor_superclass::Saccharides;acceptor_superclass::Tryptophan alkaloids	0,0,0,0,0,0,0,0,0,0,0,0,0,0,0,0,0,0,0,0,0,0,0	0,0,0,0,0,0,0,0,0,0,1,0,0,0,0,0,0,1,0,0,0,1,0	-1.101113,-0.530912,-1.235718,-2.522161,-2.681534,-3.386941,-1.470442,-1.571459,-0.210045,-1.771179,0.001463,-2.629040,-1.468902,-4.218836,-1.621092,-2.099954,-1.237534,1.853847,-1.473513,-0.352232,-1.499955,0.466923,-1.028311
Ntab_BEBT_AAN09798.1	Ntab_BEBT_AAN09798.1	/content/drive/MyDrive/CS_5782_Final_Project/code_and_data/BAHD_lastLayer_embeddings/Ntab_BEBT_AAN09798.1_hidden_layer_steps10.pt		acceptor_superclass::Fatty acyls;acceptor_superclass::Flavonoids;acceptor_superclass::Monoterpenoids;acceptor_superclass::Phenylethanoids (C6-C2);acceptor_superclass::Phenylpropanoids (C6-C3)	0,0,0,0,0,0,0,0,0,0,0,0,0,0,0,0,0,0,0,0,0,0,0	0,0,0,0,1,1,0,0,0,1,0,0,0,0,1,1,0,0,0,0,0,0,0	-0.984029,-1.487212,-1.147625,-1.637126,2.350160,0.393814,-1.452038,-0.889016,-0.543884,0.985495,-2.662773,-1.945201,-0.781278,-1.340445,0.731806,1.397948,-0.954918,-1.084191,-1.737776,-0.995014,-1.504831,-1.279146,-2.358171
Ntab_HCT_CAD47830.1	Ntab_HCT_CAD47830.1	/content/drive/MyDrive/CS_5782_Final_Project/code_and_data/BAHD_lastLayer_embeddings/Ntab_HCT_CAD47830.1_hidden_layer_steps10.pt	acceptor_superclass::Phenolic acids (C6-C1);acceptor_superclass::Phenylpropanoids (C6-C3)	acceptor_superclass::Flavonoids;acceptor_superclass::Monoterpenoids;acceptor_superclass::Phenolic acids (C6-C1);acceptor_superclass::Small peptides;acceptor_superclass::Triterpenoids;acceptor_superclass::Tyrosine alkaloids	0,0,0,0,0,0,0,0,0,0,0,0,0,1,0,1,0,0,0,0,0,0,0	0,0,0,0,0,1,0,0,0,1,0,0,0,1,0,0,0,0,1,0,1,0,1	-1.827220,-1.109869,-1.522106,-0.873277,-1.616360,1.099928,-0.878217,-0.870718,-1.653046,0.439126,-1.833626,-1.968336,-2.053524,9.588110,-0.940626,-0.568876,-1.983742,-0.794282,0.191966,-1.251305,0.910337,-1.810094,1.336057
Ntab_HQT_CAE46932.1	Ntab_HQT_CAE46932.1	/content/drive/MyDrive/CS_5782_Final_Project/code_and_data/BAHD_lastLayer_embeddings/Ntab_HQT_CAE46932.1_hidden_layer_steps10.pt	acceptor_superclass::Phenolic acids (C6-C1);acceptor_superclass::Phenylpropanoids (C6-C3)	acceptor_superclass::Phenolic acids (C6-C1);acceptor_superclass::Phenylpropanoids (C6-C3)	0,0,0,0,0,0,0,0,0,0,0,0,0,1,0,1,0,0,0,0,0,0,0	0,0,0,0,0,0,0,0,0,0,0,0,0,1,0,1,0,0,0,0,0,0,0	-1.292986,-1.375562,-0.947137,-2.025994,-2.474640,-1.746962,-1.098999,-1.225561,-0.852590,-1.457479,-1.688660,-2.235880,-1.022372,7.558491,-1.238344,0.139432,-1.409876,-0.832880,-0.411992,-0.951300,-1.679852,-1.730088,-1.202361
Ntab_MAT1_BAD93691.1	Ntab_MAT1_BAD93691.1	/content/drive/MyDrive/CS_5782_Final_Project/code_and_data/BAHD_lastLayer_embeddings/Ntab_MAT1_BAD93691.1_hidden_layer_steps10.pt	acceptor_superclass::Coumarins;acceptor_superclass::Flavonoids;acceptor_superclass::Naphthalenes;acceptor_superclass::Phenanthrenoids	acceptor_superclass::Flavonoids;acceptor_superclass::Isoflavonoids;acceptor_superclass::Monoterpenoids	1,0,0,0,0,1,0,0,0,0,1,0,1,0,0,0,0,0,0,0,0,0,0	0,0,0,0,0,1,1,0,0,1,0,0,0,0,0,0,0,0,0,0,0,0,0	-0.442182,-0.970771,-0.943276,-0.775713,-1.765726,6.216459,0.615757,-1.540896,-1.674930,0.125212,-0.163574,-2.908152,-0.107998,-3.039004,-0.913288,-2.878018,-2.477882,-2.079377,-1.263359,-0.105092,-1.685760,-1.699676,-2.305321
Ntab_SHT_QNO39110.1	Ntab_SHT_QNO39110.1	/content/drive/MyDrive/CS_5782_Final_Project/code_and_data/BAHD_lastLayer_embeddings/Ntab_SHT_QNO39110.1_hidden_layer_steps10.pt	acceptor_superclass::Ornithine alkaloids	acceptor_superclass::Ornithine alkaloids	0,0,0,0,0,0,0,0,0,0,0,1,0,0,0,0,0,0,0,0,0,0,0	0,0,0,0,0,0,0,0,0,0,0,1,0,0,0,0,0,0,0,0,0,0,0	-1.433964,-0.994137,-1.715267,-1.074326,-1.401218,-1.849618,-1.451960,-1.698412,-1.658321,-0.914147,-2.309995,3.803626,-1.379664,-1.322804,-0.125872,-0.835555,-1.084896,-1.102968,-0.902232,-0.991888,-1.501175,-1.651817,-0.921940
Obas_CAAT1_QKK36036.1	Obas_CAAT1_QKK36036.1	/content/drive/MyDrive/CS_5782_Final_Project/code_and_data/BAHD_lastLayer_embeddings/Obas_CAAT1_QKK36036.1_hidden_layer_steps10.pt	acceptor_superclass::Phenylethanoids (C6-C2);acceptor_superclass::Phenylpropanoids (C6-C3)	acceptor_superclass::Fatty Acids and Conjugates;acceptor_superclass::Isoflavonoids;acceptor_superclass::Naphthalenes;acceptor_superclass::Small peptides;acceptor_superclass::Tyrosine alkaloids	0,0,0,0,0,0,0,0,0,0,0,0,0,0,1,1,0,0,0,0,0,0,0	0,0,0,1,0,0,1,0,0,0,1,0,0,0,0,0,0,0,1,0,0,0,1	-0.553183,-1.699464,-1.474397,0.938188,-1.489359,-0.449798,0.187163,-0.966878,-1.534293,-1.102379,0.263511,-1.376112,-0.612972,-3.319620,-1.174682,-3.292417,-0.708556,-1.198955,0.647534,-0.203622,-1.397282,-2.431672,1.207190
Obas_CAAT2_QKK36037.1	Obas_CAAT2_QKK36037.1	/content/drive/MyDrive/CS_5782_Final_Project/code_and_data/BAHD_lastLayer_embeddings/Obas_CAAT2_QKK36037.1_hidden_layer_steps10.pt	acceptor_superclass::Phenylpropanoids (C6-C3)	acceptor_superclass::Fatty acyls;acceptor_superclass::Monoterpenoids;acceptor_superclass::Phenylethanoids (C6-C2);acceptor_superclass::Phenylpropanoids (C6-C3);acceptor_superclass::Tryptophan alkaloids	0,0,0,0,0,0,0,0,0,0,0,0,0,0,0,1,0,0,0,0,0,0,0	0,0,0,0,1,0,0,0,0,1,0,0,0,0,1,1,0,0,0,0,0,1,0	-0.220043,-0.739852,-0.369559,-0.149319,0.668898,-1.180969,-1.414092,-0.191172,-1.030974,2.220176,-2.059653,-4.828700,-0.237978,-4.758988,0.891777,2.158587,-3.443851,-0.960075,-1.356715,-0.839363,-1.498332,0.278177,-0.742284
Oeur_AT1_XP_022859703.1	Oeur_AT1_XP_022859703.1	/content/drive/MyDrive/CS_5782_Final_Project/code_and_data/BAHD_lastLayer_embeddings/Oeur_AT1_XP_022859703.1_hidden_layer_steps10.pt	acceptor_superclass::Phenylethanoids (C6-C2)	acceptor_superclass::Phenylethanoids (C6-C2)	0,0,0,0,0,0,0,0,0,0,0,0,0,0,1,0,0,0,0,0,0,0,0	0,0,0,0,0,0,0,0,0,0,0,0,0,0,1,0,0,0,0,0,0,0,0	-1.436069,-1.506273,-2.079754,-1.059743,-2.036592,-1.528908,-1.119014,-0.843651,-1.265132,-1.660406,-0.931505,-0.514669,-1.671362,-0.816274,3.782318,-1.230527,-0.956452,-1.406208,-1.046738,-1.510067,-0.935544,-1.721565,-1.247944
Osat_AHT1_CAE03579.1	Osat_AHT1_CAE03579.1	/content/drive/MyDrive/CS_5782_Final_Project/code_and_data/BAHD_lastLayer_embeddings/Osat_AHT1_CAE03579.1_hidden_layer_steps10.pt	acceptor_superclass::Ornithine alkaloids;acceptor_superclass::Pseudoalkaloids	acceptor_superclass::Ornithine alkaloids;acceptor_superclass::Phenolic acids (C6-C1);acceptor_superclass::Pseudoalkaloids	0,0,0,0,0,0,0,0,0,0,0,1,0,0,0,0,1,0,0,0,0,0,0	0,0,0,0,0,0,0,0,0,0,0,1,0,1,0,0,1,0,0,0,0,0,0	-1.190821,-1.250638,-1.379592,-1.064442,-2.001994,-2.335853,-0.840670,-1.030555,-0.785739,-2.666555,-1.627827,8.008951,-0.938819,0.946689,-2.096087,-2.621517,3.866186,-1.345849,-1.424496,-1.167059,-1.090658,-0.921156,-0.306727
Osat_AT10_BAD33123.1	Osat_AT10_BAD33123.1	/content/drive/MyDrive/CS_5782_Final_Project/code_and_data/BAHD_lastLayer_embeddings/Osat_AT10_BAD33123.1_hidden_layer_steps10.pt	acceptor_superclass::Phenylpropanoids (C6-C3)	acceptor_superclass::Monoterpenoids;acceptor_superclass::Phenylethanoids (C6-C2);acceptor_superclass::Phenylpropanoids (C6-C3);acceptor_superclass::Triterpenoids	0,0,0,0,0,0,0,0,0,0,0,0,0,0,0,1,0,0,0,0,0,0,0	0,0,0,0,0,0,0,0,0,1,0,0,0,0,1,1,0,0,0,0,1,0,0	-0.930087,-1.479679,-1.380090,-1.502485,-1.852384,-2.542860,-1.914987,-0.684508,-0.149498,0.143460,-0.836184,-1.595979,-0.598895,-4.274795,0.600385,2.135447,-1.757746,-1.118784,-2.233132,-1.710859,0.188290,-0.621299,-0.794212
Osat_DPW2_BAS75979.1	Osat_DPW2_BAS75979.1	/content/drive/MyDrive/CS_5782_Final_Project/code_and_data/BAHD_lastLayer_embeddings/Osat_DPW2_BAS75979.1_hidden_layer_steps10.pt	acceptor_superclass::Fatty Acids and Conjugates	acceptor_superclass::Fatty Acids and Conjugates;acceptor_superclass::Fatty acyls;acceptor_superclass::Isoflavonoids;acceptor_superclass::Phenylethanoids (C6-C2);acceptor_superclass::Phenylpropanoids (C6-C3)	0,0,0,1,0,0,0,0,0,0,0,0,0,0,0,0,0,0,0,0,0,0,0	0,0,0,1,1,0,1,0,0,0,0,0,0,0,1,1,0,0,0,0,0,0,0	-1.729725,-1.063125,-1.484581,1.525215,2.333323,-3.928712,0.616218,-1.327277,-1.997359,-1.719311,-0.936974,-3.150054,-1.197854,-4.293051,0.376558,0.387580,-1.875082,-1.957749,-2.710109,-1.916913,-2.169170,-0.128771,-2.107305
Osat_FMT_BAF16996.1	Osat_FMT_BAF16996.1	/content/drive/MyDrive/CS_5782_Final_Project/code_and_data/BAHD_lastLayer_embeddings/Osat_FMT_BAF16996.1_hidden_layer_steps10.pt	acceptor_superclass::Phenylpropanoids (C6-C3)	acceptor_superclass::Flavonoids;acceptor_superclass::Monoterpenoids;acceptor_superclass::Phenylpropanoids (C6-C3)	0,0,0,0,0,0,0,0,0,0,0,0,0,0,0,1,0,0,0,0,0,0,0	0,0,0,0,0,1,0,0,0,1,0,0,0,0,0,1,0,0,0,0,0,0,0	-1.155163,-0.912648,-1.509119,-2.640547,-1.023699,0.849026,-1.916898,-1.755140,-2.083459,0.845519,-0.986927,-0.927292,-0.861782,-3.961741,-0.575978,3.636981,-0.524061,-1.435560,-0.998957,-0.846453,-0.663659,-2.734438,-0.862534
Osat_HCT4_BAD72437.1	Osat_HCT4_BAD72437.1	/content/drive/MyDrive/CS_5782_Final_Project/code_and_data/BAHD_lastLayer_embeddings/Osat_HCT4_BAD72437.1_hidden_layer_steps10.pt	acceptor_superclass::Phenolic acids (C6-C1)	acceptor_superclass::Phenolic acids (C6-C1);acceptor_superclass::Pseudoalkaloids;acceptor_superclass::Steroids;acceptor_superclass::Tryptophan alkaloids;acceptor_superclass::Tyrosine alkaloids	0,0,0,0,0,0,0,0,0,0,0,0,0,1,0,0,0,0,0,0,0,0,0	0,0,0,0,0,0,0,0,0,0,0,0,0,1,0,0,1,0,0,1,0,1,1	-0.279752,-1.260805,-1.741821,-2.834359,-1.629878,-0.217975,-1.317159,-0.220001,-0.909085,-1.499620,-0.868929,-0.872204,-1.360753,0.884944,-3.748641,-0.232800,0.175730,-1.210256,-1.248953,0.040958,-2.732608,0.031836,0.060070
Osat_MAT-2_BAG96218.1	Osat_MAT-2_BAG96218.1	/content/drive/MyDrive/CS_5782_Final_Project/code_and_data/BAHD_lastLayer_embeddings/Osat_MAT-2_BAG96218.1_hidden_layer_steps10.pt	acceptor_superclass::Flavonoids;acceptor_superclass::Isoflavonoids	acceptor_superclass::Flavonoids;acceptor_superclass::Phenolic acids (C6-C1)	0,0,0,0,0,1,1,0,0,0,0,0,0,0,0,0,0,0,0,0,0,0,0	0,0,0,0,0,1,0,0,0,0,0,0,0,1,0,0,0,0,0,0,0,0,0	-0.902933,-0.651032,-0.927191,-2.665199,-3.915927,4.384602,-0.352921,-0.179994,-0.229573,-3.823344,-1.672572,-2.471901,-1.269744,0.785402,-1.916427,-0.217477,-0.685075,-0.650485,-2.515654,-0.321257,-2.696683,-1.078297,-1.410047
Osat_PHT2_BAD72527.1	Osat_PHT2_BAD72527.1	/content/drive/MyDrive/CS_5782_Final_Project/code_and_data/BAHD_lastLayer_embeddings/Osat_PHT2_BAD72527.1_hidden_layer_steps10.pt	acceptor_superclass::Ornithine alkaloids;acceptor_superclass::Pseudoalkaloids	acceptor_superclass::Ornithine alkaloids;acceptor_superclass::Phenolic acids (C6-C1);acceptor_superclass::Saccharides	0,0,0,0,0,0,0,0,0,0,0,1,0,0,0,0,1,0,0,0,0,0,0	0,0,0,0,0,0,0,0,0,0,0,1,0,1,0,0,0,1,0,0,0,0,0	-3.230064,-1.298277,-4.990906,-2.450249,-2.713428,-1.825858,-1.844477,-2.336039,-1.213626,-5.057538,-4.500247,1.620633,-3.363830,1.280451,-4.592340,-1.479251,-1.128258,0.421414,-2.513546,-2.067945,-1.402632,-1.584063,-4.616115
Osat_PHT3_BAC79154.1	Osat_PHT3_BAC79154.1	/content/drive/MyDrive/CS_5782_Final_Project/code_and_data/BAHD_lastLayer_embeddings/Osat_PHT3_BAC79154.1_hidden_layer_steps10.pt	acceptor_superclass::Ornithine alkaloids;acceptor_superclass::Pseudoalkaloids	acceptor_superclass::Ornithine alkaloids;acceptor_superclass::Pseudoalkaloids	0,0,0,0,0,0,0,0,0,0,0,1,0,0,0,0,1,0,0,0,0,0,0	0,0,0,0,0,0,0,0,0,0,0,1,0,0,0,0,1,0,0,0,0,0,0	-1.586450,-1.435675,-1.555466,-1.222032,-1.608006,-1.744314,-0.731843,-0.373672,-1.569496,-1.394961,-1.660790,6.410863,-1.428592,-2.770359,-0.749718,-0.206332,3.159250,-1.567791,-0.268056,-1.849954,-2.567142,-0.038145,-0.483599
Osat_PHT4_BAC79155.1	Osat_PHT4_BAC79155.1	/content/drive/MyDrive/CS_5782_Final_Project/code_and_data/BAHD_lastLayer_embeddings/Osat_PHT4_BAC79155.1_hidden_layer_steps10.pt	acceptor_superclass::Ornithine alkaloids;acceptor_superclass::Pseudoalkaloids	acceptor_superclass::Ornithine alkaloids;acceptor_superclass::Pseudoalkaloids	0,0,0,0,0,0,0,0,0,0,0,1,0,0,0,0,1,0,0,0,0,0,0	0,0,0,0,0,0,0,0,0,0,0,1,0,0,0,0,1,0,0,0,0,0,0	-1.238357,-1.402038,-1.229676,-0.536219,-1.439584,-3.127804,-2.035975,-1.202877,-1.549196,-1.455532,-1.592346,5.505540,-1.183133,-4.050131,-0.347056,-1.186393,3.851769,-0.950854,-2.186456,-0.633931,-1.658117,-0.806223,-1.297540
Osat_PHT4_BAC79155.1	Osat_PHT_BAC79155.1	/content/drive/MyDrive/CS_5782_Final_Project/code_and_data/BAHD_lastLayer_embeddings/Osat_PHT4_BAC79155.1_hidden_layer_steps10.pt	acceptor_superclass::Ornithine alkaloids;acceptor_superclass::Pseudoalkaloids	acceptor_superclass::Ornithine alkaloids;acceptor_superclass::Pseudoalkaloids	0,0,0,0,0,0,0,0,0,0,0,1,0,0,0,0,1,0,0,0,0,0,0	0,0,0,0,0,0,0,0,0,0,0,1,0,0,0,0,1,0,0,0,0,0,0	-1.238357,-1.402038,-1.229676,-0.536219,-1.439584,-3.127804,-2.035975,-1.202877,-1.549196,-1.455532,-1.592346,5.505540,-1.183133,-4.050131,-0.347056,-1.186393,3.851769,-0.950854,-2.186456,-0.633931,-1.658117,-0.806223,-1.297540
Osat_PMT1_BAG87540.1	Osat_PMT1_BAG87540.1	/content/drive/MyDrive/CS_5782_Final_Project/code_and_data/BAHD_lastLayer_embeddings/Osat_PMT1_BAG87540.1_hidden_layer_steps10.pt	acceptor_superclass::Phenylethanoids (C6-C2);acceptor_superclass::Phenylpropanoids (C6-C3)	acceptor_superclass::Diterpenoids;acceptor_superclass::Phenylpropanoids (C6-C3)	0,0,0,0,0,0,0,0,0,0,0,0,0,0,1,1,0,0,0,0,0,0,0	0,0,1,0,0,0,0,0,0,0,0,0,0,0,0,1,0,0,0,0,0,0,0	-2.216892,-1.140942,0.104112,-0.274031,-1.200060,-2.147566,-1.467988,-0.786235,-0.672867,-0.693901,-1.925535,-2.401953,-2.007849,-4.352941,-0.247691,3.388472,-3.018979,-0.777310,-2.869052,-1.603007,-2.289328,-1.854068,-1.825961
Osat_PMT2_BAG91648.1	Osat_PMT2_BAG91648.1	/content/drive/MyDrive/CS_5782_Final_Project/code_and_data/BAHD_lastLayer_embeddings/Osat_PMT2_BAG91648.1_hidden_layer_steps10.pt	acceptor_superclass::Phenylpropanoids (C6-C3)	acceptor_superclass::Phenylpropanoids (C6-C3)	0,0,0,0,0,0,0,0,0,0,0,0,0,0,0,1,0,0,0,0,0,0,0	0,0,0,0,0,0,0,0,0,0,0,0,0,0,0,1,0,0,0,0,0,0,0	-1.105498,-1.535759,-1.398924,-1.731910,-1.057387,-1.035491,-0.174250,-0.631741,-1.458236,-0.550138,-1.815533,-1.414061,-0.569892,-3.353877,-0.310698,4.141943,-0.283129,-1.258111,-1.893647,-0.833066,-1.099041,-0.966992,-0.717532
Osat_TBT1_ANQ47375.1	Osat_TBT1_ANQ47375.1	/content/drive/MyDrive/CS_5782_Final_Project/code_and_data/BAHD_lastLayer_embeddings/Osat_TBT1_ANQ47375.1_hidden_layer_steps10.pt	acceptor_superclass::Ornithine alkaloids;acceptor_superclass::Pseudoalkaloids;acceptor_superclass::Tryptophan alkaloids	acceptor_superclass::Ornithine alkaloids;acceptor_superclass::Pseudoalkaloids;acceptor_superclass::Tryptophan alkaloids;acceptor_superclass::Tyrosine alkaloids	0,0,0,0,0,0,0,0,0,0,0,1,0,0,0,0,1,0,0,0,0,1,0	0,0,0,0,0,0,0,0,0,0,0,1,0,0,0,0,1,0,0,0,0,1,1	-1.303638,-1.418520,-2.025802,-1.988469,-1.694301,-3.002757,-1.451239,-1.947719,-1.010466,-1.740759,-1.339796,3.677999,-1.188147,-4.380284,-2.516733,-3.099381,1.717264,-2.184958,-1.418292,-1.331838,-0.885422,3.953370,0.819622
Osat_TBT2_ANQ47376.1	Osat_TBT2_ANQ47376.1	/content/drive/MyDrive/CS_5782_Final_Project/code_and_data/BAHD_lastLayer_embeddings/Osat_TBT2_ANQ47376.1_hidden_layer_steps10.pt	acceptor_superclass::Tryptophan alkaloids	acceptor_superclass::Ornithine alkaloids;acceptor_superclass::Pseudoalkaloids;acceptor_superclass::Tryptophan alkaloids;acceptor_superclass::Tyrosine alkaloids	0,0,0,0,0,0,0,0,0,0,0,0,0,0,0,0,0,0,0,0,0,1,0	0,0,0,0,0,0,0,0,0,0,0,1,0,0,0,0,1,0,0,0,0,1,1	-1.630037,-1.216413,-1.840010,-0.922542,-2.748109,-2.113082,-0.745575,-1.565355,-1.368305,-1.027747,-1.749171,7.512743,-1.819706,-4.436044,-2.045063,-2.461652,4.991550,-1.422001,-2.498172,-1.325407,-1.376192,4.039703,0.757394
Osat_THT1_ANQ47373.1	Osat_THT1_ANQ47373.1	/content/drive/MyDrive/CS_5782_Final_Project/code_and_data/BAHD_lastLayer_embeddings/Osat_THT1_ANQ47373.1_hidden_layer_steps10.pt	acceptor_superclass::Ornithine alkaloids;acceptor_superclass::Tryptophan alkaloids;acceptor_superclass::Tyrosine alkaloids	acceptor_superclass::Ornithine alkaloids;acceptor_superclass::Pseudoalkaloids;acceptor_superclass::Tryptophan alkaloids;acceptor_superclass::Tyrosine alkaloids	0,0,0,0,0,0,0,0,0,0,0,1,0,0,0,0,0,0,0,0,0,1,1	0,0,0,0,0,0,0,0,0,0,0,1,0,0,0,0,1,0,0,0,0,1,1	-1.716867,-1.476980,-2.109550,-1.326151,-2.833949,-2.051764,-0.621053,-1.039770,-1.008083,-0.917819,-1.029020,0.509400,-1.842538,-2.728117,-2.004952,-2.968388,0.445621,-0.301242,-1.509864,-1.241142,-1.993918,3.508485,0.724056
Osat_THT2_AAM74310.1	Osat_THT2_AAM74310.1	/content/drive/MyDrive/CS_5782_Final_Project/code_and_data/BAHD_lastLayer_embeddings/Osat_THT2_AAM74310.1_hidden_layer_steps10.pt	acceptor_superclass::Tryptophan alkaloids;acceptor_superclass::Tyrosine alkaloids	acceptor_superclass::Ornithine alkaloids;acceptor_superclass::Pseudoalkaloids;acceptor_superclass::Tryptophan alkaloids;acceptor_superclass::Tyrosine alkaloids	0,0,0,0,0,0,0,0,0,0,0,0,0,0,0,0,0,0,0,0,0,1,1	0,0,0,0,0,0,0,0,0,0,0,1,0,0,0,0,1,0,0,0,0,1,1	-0.586071,-1.315356,-1.946561,-0.680927,-3.123904,-0.187765,-2.079358,-0.684317,-1.145183,-2.201964,-0.772421,3.872456,-0.614756,-2.555454,-1.016468,-1.896326,0.033954,-1.017236,-0.695590,-0.796811,-2.269633,3.458543,1.630043
Paff_BAHD21_NA	Paff_BAHD21_NA	/content/drive/MyDrive/CS_5782_Final_Project/code_and_data/BAHD_lastLayer_embeddings/Paff_BAHD21_NA_hidden_layer_steps10.pt	acceptor_superclass::Flavonoids	acceptor_superclass::Flavonoids;acceptor_superclass::Isoflavonoids	0,0,0,0,0,1,0,0,0,0,0,0,0,0,0,0,0,0,0,0,0,0,0	0,0,0,0,0,1,1,0,0,0,0,0,0,0,0,0,0,0,0,0,0,0,0	-0.345705,-1.515326,-1.865386,-2.199832,-0.804426,5.127994,0.674213,-0.867299,-2.000271,-0.940826,-2.816232,-0.585522,-0.535833,-3.170956,-2.059216,-2.838226,-0.344912,-1.219234,-2.578885,-0.011807,-1.416726,-1.018889,-1.768816
Papp_HCT_AXN55972.1	Papp_HCT_AXN55972.1	/content/drive/MyDrive/CS_5782_Final_Project/code_and_data/BAHD_lastLayer_embeddings/Papp_HCT_AXN55972.1_hidden_layer_steps10.pt	acceptor_superclass::Phenolic acids (C6-C1)	acceptor_superclass::Ornithine alkaloids;acceptor_superclass::Phenolic acids (C6-C1);acceptor_superclass::Saccharides;acceptor_superclass::Triterpenoids	0,0,0,0,0,0,0,0,0,0,0,0,0,1,0,0,0,0,0,0,0,0,0	0,0,0,0,0,0,0,0,0,0,0,1,0,1,0,0,0,1,0,0,1,0,0	-1.688995,-1.724256,-0.832656,-0.670585,-1.892263,-2.037730,-0.942974,-1.928269,-1.409695,-2.064546,-3.089126,0.403822,-1.637016,9.019346,-2.664288,-1.351059,-1.069607,0.312200,-1.209990,-1.547850,0.007948,-0.323962,-1.169459
Paxi_ASAT1_AOR06331.1	Paxi_ASAT1_AOR06331.1	/content/drive/MyDrive/CS_5782_Final_Project/code_and_data/BAHD_lastLayer_embeddings/Paxi_ASAT1_AOR06331.1_hidden_layer_steps10.pt	acceptor_superclass::Saccharides	acceptor_superclass::Saccharides	0,0,0,0,0,0,0,0,0,0,0,0,0,0,0,0,0,1,0,0,0,0,0	0,0,0,0,0,0,0,0,0,0,0,0,0,0,0,0,0,1,0,0,0,0,0	-1.252608,-1.646211,-1.406568,-1.322976,-1.387665,-1.274677,-0.891827,-1.216042,-1.328133,-1.469835,-1.182866,-1.419453,-1.068505,-4.235452,-1.573701,-1.107581,-1.334985,1.143588,-1.527036,-1.184713,-1.967313,-1.039136,-0.560026
Paxi_ASAT1_AOR06331.1	Paxi_ASAT2_AOR06331.1	/content/drive/MyDrive/CS_5782_Final_Project/code_and_data/BAHD_lastLayer_embeddings/Paxi_ASAT1_AOR06331.1_hidden_layer_steps10.pt		acceptor_superclass::Saccharides	0,0,0,0,0,0,0,0,0,0,0,0,0,0,0,0,0,0,0,0,0,0,0	0,0,0,0,0,0,0,0,0,0,0,0,0,0,0,0,0,1,0,0,0,0,0	-1.252608,-1.646211,-1.406568,-1.322976,-1.387665,-1.274677,-0.891827,-1.216042,-1.328133,-1.469835,-1.182866,-1.419453,-1.068505,-4.235452,-1.573701,-1.107581,-1.334985,5.101870,-1.527036,-1.184713,-1.967313,-1.039136,-0.560026
Paxi_ASAT3_AOR06333.1	Paxi_ASAT3_AOR06333.1	/content/drive/MyDrive/CS_5782_Final_Project/code_and_data/BAHD_lastLayer_embeddings/Paxi_ASAT3_AOR06333.1_hidden_layer_steps10.pt		acceptor_superclass::Pseudoalkaloids	0,0,0,0,0,0,0,0,0,0,0,0,0,0,0,0,0,0,0,0,0,0,0	0,0,0,0,0,0,0,0,0,0,0,0,0,0,0,0,1,0,0,0,0,0,0	-1.199613,-0.921540,-1.969664,-1.882102,-1.962079,-2.222214,-1.961478,-0.958431,-1.593287,-1.219621,-0.454582,-0.979148,-1.375958,-2.745480,-0.191909,-1.955332,0.354546,-0.983540,-1.175056,-1.379145,-2.270818,-1.850656,-1.935145
Paxi_ASAT4_AOR06334.1	Paxi_ASAT4_AOR06334.1	/content/drive/MyDrive/CS_5782_Final_Project/code_and_data/BAHD_lastLayer_embeddings/Paxi_ASAT4_AOR06334.1_hidden_layer_steps10.pt		acceptor_superclass::Saccharides	0,0,0,0,0,0,0,0,0,0,0,0,0,0,0,0,0,0,0,0,0,0,0	0,0,0,0,0,0,0,0,0,0,0,0,0,0,0,0,0,1,0,0,0,0,0	-0.810252,-1.399195,-0.906535,-0.121210,-2.847185,-0.590816,-1.470318,-0.586245,-0.364834,-0.910520,-0.649936,-1.057081,-0.468721,-5.539019,-0.541354,-1.831847,-1.553948,0.828427,-2.919634,-0.630503,-2.410667,-1.681333,-1.795990
Paxi_CFAT_ABG75942.1	Paxi_CFAT_ABG75942.1	/content/drive/MyDrive/CS_5782_Final_Project/code_and_data/BAHD_lastLayer_embeddings/Paxi_CFAT_ABG75942.1_hidden_layer_steps10.pt	acceptor_superclass::Fatty acyls;acceptor_superclass::Monoterpenoids;acceptor_superclass::Phenylethanoids (C6-C2);acceptor_superclass::Phenylpropanoids (C6-C3)	acceptor_superclass::Lignans;acceptor_superclass::Phenylpropanoids (C6-C3)	0,0,0,0,1,0,0,0,0,1,0,0,0,0,1,1,0,0,0,0,0,0,0	0,0,0,0,0,0,0,1,0,0,0,0,0,0,0,1,0,0,0,0,0,0,0	-1.032978,-1.095496,-1.864014,-1.802321,-1.610637,-1.204134,-1.275477,0.126950,-1.536440,-1.356742,-1.374745,-1.168384,-1.217650,-3.939163,-1.968277,3.978957,-1.387956,-1.194108,-0.931954,-1.747670,-0.716996,-1.134208,-1.122633
Pbar_AT1_WEX29777.1	Pbar_AT1_WEX29777.1	/content/drive/MyDrive/CS_5782_Final_Project/code_and_data/BAHD_lastLayer_embeddings/Pbar_AT1_WEX29777.1_hidden_layer_steps10.pt	acceptor_superclass::Phenylethanoids (C6-C2)	acceptor_superclass::Monoterpenoids;acceptor_superclass::Phenylethanoids (C6-C2)	0,0,0,0,0,0,0,0,0,0,0,0,0,0,1,0,0,0,0,0,0,0,0	0,0,0,0,0,0,0,0,0,1,0,0,0,0,1,0,0,0,0,0,0,0,0	-0.672178,-0.832595,-2.072365,-0.876472,-1.398451,-1.631960,-1.443343,-1.271979,-1.298181,0.011015,-1.342968,-1.229189,-0.865719,-1.389903,3.664590,-1.235134,-1.354598,-1.112582,-0.884069,-1.577176,-1.602256,-1.734149,-0.841787
Pcam_HCT_QDF44405.1	Pcam_HCT_QDF44405.1	/content/drive/MyDrive/CS_5782_Final_Project/code_and_data/BAHD_lastLayer_embeddings/Pcam_HCT_QDF44405.1_hidden_layer_steps10.pt	acceptor_superclass::Phenolic acids (C6-C1)	acceptor_superclass::Flavonoids;acceptor_superclass::Phenolic acids (C6-C1);acceptor_superclass::Small peptides;acceptor_superclass::Tyrosine alkaloids	0,0,0,0,0,0,0,0,0,0,0,0,0,1,0,0,0,0,0,0,0,0,0	0,0,0,0,0,1,0,0,0,0,0,0,0,1,0,0,0,0,1,0,0,0,1	-1.464444,-1.231720,-0.980036,-0.995751,-1.680491,0.549967,-0.944643,-0.780546,-0.966981,-0.483106,-1.451591,-2.379858,-1.585019,9.566919,-1.544509,-0.026814,-1.612374,-1.416398,0.653332,-1.038619,-0.143840,-1.785206,0.666914
Pcam_HQT_QDF44406.1	Pcam_HQT_QDF44406.1	/content/drive/MyDrive/CS_5782_Final_Project/code_and_data/BAHD_lastLayer_embeddings/Pcam_HQT_QDF44406.1_hidden_layer_steps10.pt	acceptor_superclass::Phenolic acids (C6-C1)	acceptor_superclass::Phenolic acids (C6-C1);acceptor_superclass::Phenylpropanoids (C6-C3);acceptor_superclass::Small peptides;acceptor_superclass::Triterpenoids;acceptor_superclass::Tyrosine alkaloids	0,0,0,0,0,0,0,0,0,0,0,0,0,1,0,0,0,0,0,0,0,0,0	0,0,0,0,0,0,0,0,0,0,0,0,0,1,0,1,0,0,1,0,1,0,1	-1.313661,-0.858279,-1.568888,-1.038626,-1.562806,-1.122522,-1.438015,-1.499385,-1.644248,-1.037915,-2.093035,-1.269735,-1.221815,6.466448,-1.373218,0.221919,-1.683763,-1.763534,0.114691,-1.719424,0.034649,-0.862374,0.012408
Pcam_RAS_QDF44407.1	Pcam_RAS_QDF44407.1	/content/drive/MyDrive/CS_5782_Final_Project/code_and_data/BAHD_lastLayer_embeddings/Pcam_RAS_QDF44407.1_hidden_layer_steps10.pt	acceptor_superclass::Phenolic acids (C6-C1)	acceptor_superclass::Phenylethanoids (C6-C2);acceptor_superclass::Small peptides;acceptor_superclass::Triterpenoids;acceptor_superclass::Tyrosine alkaloids	0,0,0,0,0,0,0,0,0,0,0,0,0,1,0,0,0,0,0,0,0,0,0	0,0,0,0,0,0,0,0,0,0,0,0,0,0,1,0,0,0,1,0,1,0,1	-0.544350,-0.768888,-1.435307,-0.118576,-2.362714,-0.766590,-0.149303,-1.283910,-0.355176,-2.032213,-2.032135,-1.386505,-0.481653,-0.299482,2.325585,-0.711297,-1.105061,-1.188376,0.382636,-1.340554,0.496051,-1.732598,0.273373
Pcru_3MAT_AAO38058.1	Pcru_3MAT_AAO38058.1	/content/drive/MyDrive/CS_5782_Final_Project/code_and_data/BAHD_lastLayer_embeddings/Pcru_3MAT_AAO38058.1_hidden_layer_steps10.pt	acceptor_superclass::Flavonoids	acceptor_superclass::Flavonoids	0,0,0,0,0,1,0,0,0,0,0,0,0,0,0,0,0,0,0,0,0,0,0	0,0,0,0,0,1,0,0,0,0,0,0,0,0,0,0,0,0,0,0,0,0,0	-0.732697,-0.899648,-1.837170,-1.042909,-0.479326,1.275082,-0.576738,-2.043633,-1.492622,-0.934009,-1.352922,-1.840560,-0.938667,-2.819034,-1.682881,-1.734128,-1.929031,-1.040912,-2.713934,-0.589634,-1.214718,-1.767020,-2.557517
Pfru_3AT_BAA93475.1	Pfru_3AT_BAA93475.1	/content/drive/MyDrive/CS_5782_Final_Project/code_and_data/BAHD_lastLayer_embeddings/Pfru_3AT_BAA93475.1_hidden_layer_steps10.pt	acceptor_superclass::Flavonoids	acceptor_superclass::Coumarins;acceptor_superclass::Flavonoids;acceptor_superclass::Isoflavonoids;acceptor_superclass::Lysine alkaloids;acceptor_superclass::Naphthalenes;acceptor_superclass::Phenanthrenoids;acceptor_superclass::Steroids	0,0,0,0,0,1,0,0,0,0,0,0,0,0,0,0,0,0,0,0,0,0,0	1,0,0,0,0,1,1,0,1,0,1,0,1,0,0,0,0,0,0,1,0,0,0	0.653614,-0.825463,-1.034146,-2.816704,-2.733497,4.730338,1.342403,-0.911237,0.233384,-2.120963,0.018048,-1.933288,0.445438,-2.607305,-0.983318,-0.941392,-1.374400,-1.063412,-0.664427,0.288922,-1.892503,-0.969668,-2.086362
Phyb_AAT_AAW31948.1	Phyb_AAT_AAW31948.1	/content/drive/MyDrive/CS_5782_Final_Project/code_and_data/BAHD_lastLayer_embeddings/Phyb_AAT_AAW31948.1_hidden_layer_steps10.pt	acceptor_superclass::Fatty acyls;acceptor_superclass::Monoterpenoids	acceptor_superclass::Cyclic polyketides;acceptor_superclass::Fatty acyls;acceptor_superclass::Monoterpenoids;acceptor_superclass::Phenylethanoids (C6-C2)	0,0,0,0,1,0,0,0,0,1,0,0,0,0,0,0,0,0,0,0,0,0,0	0,1,0,0,1,0,0,0,0,1,0,0,0,0,1,0,0,0,0,0,0,0,0	-0.907081,1.943928,-1.398368,-1.809284,3.544605,-1.448521,-1.261091,-1.500134,-0.782410,3.203316,-0.537627,-0.984906,-0.822569,-2.742577,4.076046,-0.614628,-1.058843,-0.842432,-1.523766,-0.816706,-1.394831,-0.864309,-1.928665
Phyb_BPBT_AAU06226.1	Phyb_BPBT_AAU06226.1	/content/drive/MyDrive/CS_5782_Final_Project/code_and_data/BAHD_lastLayer_embeddings/Phyb_BPBT_AAU06226.1_hidden_layer_steps10.pt	acceptor_superclass::Fatty acyls;acceptor_superclass::Monoterpenoids;acceptor_superclass::Phenylethanoids (C6-C2);acceptor_superclass::Phenylpropanoids (C6-C3)	acceptor_superclass::Phenylpropanoids (C6-C3)	0,0,0,0,1,0,0,0,0,1,0,0,0,0,1,1,0,0,0,0,0,0,0	0,0,0,0,0,0,0,0,0,0,0,0,0,0,0,1,0,0,0,0,0,0,0	-1.603038,-1.461736,-1.517372,-0.528080,-0.603960,-1.187741,-1.561898,-0.727415,-0.845437,-0.509512,-2.230475,-1.896328,-1.665821,-2.532595,-1.301880,1.051871,-1.115409,-1.071264,-1.125110,-1.076812,-1.891543,-1.726071,-1.297163
Phyb_CFAT_ABG75942.1	Phyb_CFAT_ABG75942.1	/content/drive/MyDrive/CS_5782_Final_Project/code_and_data/BAHD_lastLayer_embeddings/Phyb_CFAT_ABG75942.1_hidden_layer_steps10.pt	acceptor_superclass::Phenylpropanoids (C6-C3)	acceptor_superclass::Fatty acyls;acceptor_superclass::Lignans;acceptor_superclass::Monoterpenoids;acceptor_superclass::Phenylethanoids (C6-C2);acceptor_superclass::Phenylpropanoids (C6-C3)	0,0,0,0,0,0,0,0,0,0,0,0,0,0,0,1,0,0,0,0,0,0,0	0,0,0,0,1,0,0,1,0,1,0,0,0,0,1,1,0,0,0,0,0,0,0	-1.032978,-1.095496,-1.864014,-1.802321,2.439760,-1.204134,-1.275477,0.126950,-1.536440,2.898751,-1.374745,-1.168384,-1.217650,-3.939163,2.750714,3.978957,-1.387956,-1.194108,-0.931954,-1.747670,-0.716996,-1.134208,-1.122633
Pnig_PAS_QUS53101.1	Pnig_BAHD1_QUS53101.1	/content/drive/MyDrive/CS_5782_Final_Project/code_and_data/BAHD_lastLayer_embeddings/Pnig_PAS_QUS53101.1_hidden_layer_steps10.pt	acceptor_superclass::Lysine alkaloids;acceptor_superclass::Pseudoalkaloids	acceptor_superclass::Lysine alkaloids;acceptor_superclass::Pseudoalkaloids	0,0,0,0,0,0,0,0,1,0,0,0,0,0,0,0,1,0,0,0,0,0,0	0,0,0,0,0,0,0,0,1,0,0,0,0,0,0,0,1,0,0,0,0,0,0	-1.210498,-1.177304,-1.139942,-1.033902,-0.722287,-1.893349,-1.086758,-0.447740,4.786057,-0.388076,-0.701099,-2.683527,-1.457882,-2.377309,-1.278992,-1.154761,2.272230,-1.420882,-2.093064,-0.818347,-1.075837,-1.355893,-1.922015
Pnig_PS_QUS53100.1	Pnig_BAHD2_QUS53100.1	/content/drive/MyDrive/CS_5782_Final_Project/code_and_data/BAHD_lastLayer_embeddings/Pnig_PS_QUS53100.1_hidden_layer_steps10.pt	acceptor_superclass::Lysine alkaloids	acceptor_superclass::Lysine alkaloids	0,0,0,0,0,0,0,0,1,0,0,0,0,0,0,0,0,0,0,0,0,0,0	0,0,0,0,0,0,0,0,1,0,0,0,0,0,0,0,0,0,0,0,0,0,0	-0.884828,-1.385149,-1.013443,-1.755661,-1.079180,-1.670656,-1.785868,-1.164745,4.702418,-1.108381,-1.589855,-1.545974,-0.682362,-2.605504,-1.269582,-0.965265,-0.152976,-1.295189,-1.950760,-1.042542,-0.915434,-1.218282,-1.774301
Pnig_HCT1_AEN02914.1	Pnig_HCT1_AEN02914.1	/content/drive/MyDrive/CS_5782_Final_Project/code_and_data/BAHD_lastLayer_embeddings/Pnig_HCT1_AEN02914.1_hidden_layer_steps10.pt	acceptor_superclass::Phenolic acids (C6-C1)	acceptor_superclass::Flavonoids;acceptor_superclass::Isoflavonoids;acceptor_superclass::Ornithine alkaloids;acceptor_superclass::Phenolic acids (C6-C1);acceptor_superclass::Triterpenoids	0,0,0,0,0,0,0,0,0,0,0,0,0,1,0,0,0,0,0,0,0,0,0	0,0,0,0,0,1,1,0,0,0,0,1,0,1,0,0,0,0,0,0,1,0,0	-0.454992,-1.046658,-0.314021,-3.248047,-1.169991,1.429795,0.376765,-2.611751,-0.202660,-2.369159,-0.579660,0.339739,-1.394419,9.299194,-2.936298,-3.984316,-1.474781,-1.958796,-2.311728,-0.856405,0.730938,-3.229835,-0.363684
Pnig_PAS_QUS53101.1	Pnig_PAS_QUS53101.1	/content/drive/MyDrive/CS_5782_Final_Project/code_and_data/BAHD_lastLayer_embeddings/Pnig_PAS_QUS53101.1_hidden_layer_steps10.pt	acceptor_superclass::Lysine alkaloids;acceptor_superclass::Pseudoalkaloids	acceptor_superclass::Lysine alkaloids;acceptor_superclass::Pseudoalkaloids	0,0,0,0,0,0,0,0,1,0,0,0,0,0,0,0,1,0,0,0,0,0,0	0,0,0,0,0,0,0,0,1,0,0,0,0,0,0,0,1,0,0,0,0,0,0	-1.210498,-1.177304,-1.139942,-1.033902,-0.722287,-1.893349,-1.086758,-0.447740,4.786057,-0.388076,-0.701099,-2.683527,-1.457882,-2.377309,-1.278992,-1.154761,2.272230,-1.420882,-2.093064,-0.818347,-1.075837,-1.355893,-1.922015
Pnig_PHT1_BGB46908.1	Pnig_PHT1_BGB46908.1	/content/drive/MyDrive/CS_5782_Final_Project/code_and_data/BAHD_lastLayer_embeddings/Pnig_PHT1_BGB46908.1_hidden_layer_steps10.pt	acceptor_superclass::Ornithine alkaloids;acceptor_superclass::Pseudoalkaloids	acceptor_superclass::Ornithine alkaloids;acceptor_superclass::Pseudoalkaloids;acceptor_superclass::Small peptides;acceptor_superclass::Tryptophan alkaloids	0,0,0,0,0,0,0,0,0,0,0,1,0,0,0,0,1,0,0,0,0,0,0	0,0,0,0,0,0,0,0,0,0,0,1,0,0,0,0,1,0,1,0,0,1,0	-2.164062,-1.778595,-1.541862,-2.274580,-1.898754,-0.345116,-0.061266,-1.360416,-1.461522,-2.247561,-1.980837,4.551654,-2.101853,-1.395617,-2.467596,-1.888380,3.473983,-1.599964,0.454785,-0.270906,-1.782342,0.375790,-0.090248
Pnig_PS_QUS53100.1	Pnig_PS_QUS53100.1	/content/drive/MyDrive/CS_5782_Final_Project/code_and_data/BAHD_lastLayer_embeddings/Pnig_PS_QUS53100.1_hidden_layer_steps10.pt	acceptor_superclass::Lysine alkaloids	acceptor_superclass::Lysine alkaloids	0,0,0,0,0,0,0,0,1,0,0,0,0,0,0,0,0,0,0,0,0,0,0	0,0,0,0,0,0,0,0,1,0,0,0,0,0,0,0,0,0,0,0,0,0,0	-0.884828,-1.385149,-1.013443,-1.755661,-1.079180,-1.670656,-1.785868,-1.164745,4.702418,-1.108381,-1.589855,-1.545974,-0.682362,-2.605504,-1.269582,-0.965265,-0.152976,-1.295189,-1.950760,-1.042542,-0.915434,-1.218282,-1.774301
Post_DPBT_Pos.gene30573	Post_DPBT_Pos.gene30573	/content/drive/MyDrive/CS_5782_Final_Project/code_and_data/BAHD_lastLayer_embeddings/Post_DPBT_Pos.gene30573_hidden_layer_steps10.pt	acceptor_superclass::Monoterpenoids	acceptor_superclass::Fatty acyls;acceptor_superclass::Lysine alkaloids;acceptor_superclass::Monoterpenoids;acceptor_superclass::Phenylethanoids (C6-C2)	0,0,0,0,0,0,0,0,0,1,0,0,0,0,0,0,0,0,0,0,0,0,0	0,0,0,0,1,0,0,0,1,1,0,0,0,0,1,0,0,0,0,0,0,0,0	-0.835229,-0.668543,-0.680788,-1.242590,1.130113,-0.341942,-1.789250,-1.493007,0.487089,1.622175,-1.281931,-2.745577,-1.376450,-1.793265,0.229645,-0.351982,-1.983703,-1.381015,-1.450601,-1.469856,-1.510998,-1.470932,-0.213052
Ppat_HCT1_AMK38063.1	Ppat_HCT1_AMK38063.1	/content/drive/MyDrive/CS_5782_Final_Project/code_and_data/BAHD_lastLayer_embeddings/Ppat_HCT1_AMK38063.1_hidden_layer_steps10.pt	acceptor_superclass::Phenolic acids (C6-C1);acceptor_superclass::Saccharides;acceptor_superclass::Small peptides	acceptor_superclass::Fatty Acids and Conjugates;acceptor_superclass::Phenolic acids (C6-C1);acceptor_superclass::Phenylpropanoids (C6-C3);acceptor_superclass::Saccharides	0,0,0,0,0,0,0,0,0,0,0,0,0,1,0,0,0,1,1,0,0,0,0	0,0,0,1,0,0,0,0,0,0,0,0,0,1,0,1,0,1,0,0,0,0,0	-1.168672,-1.406221,-1.388156,4.348621,-1.573460,-1.549787,-1.261500,-1.199388,-1.305768,-2.313013,-1.321905,-2.398706,-1.240780,6.850155,-1.033078,3.445831,-1.865802,4.739108,-0.861447,-1.857738,-0.934187,-1.392670,-1.215473
Ppat_HCT1_AMK38063.1	Ppat_HCT_AMK38063.1	/content/drive/MyDrive/CS_5782_Final_Project/code_and_data/BAHD_lastLayer_embeddings/Ppat_HCT1_AMK38063.1_hidden_layer_steps10.pt	acceptor_superclass::Fatty Acids and Conjugates;acceptor_superclass::Phenolic acids (C6-C1);acceptor_superclass::Phenylpropanoids (C6-C3);acceptor_superclass::Saccharides	acceptor_superclass::Phenolic acids (C6-C1);acceptor_superclass::Saccharides;acceptor_superclass::Small peptides	0,0,0,1,0,0,0,0,0,0,0,0,0,1,0,1,0,1,0,0,0,0,0	0,0,0,0,0,0,0,0,0,0,0,0,0,1,0,0,0,1,1,0,0,0,0	-1.168672,-1.406221,-1.388156,-0.697936,-1.573460,-1.549787,-1.261500,-1.199388,-1.305768,-2.313013,-1.321905,-2.398706,-1.240780,6.850155,-1.033078,-1.104923,-1.865802,4.739108,4.013592,-1.857738,-0.934187,-1.392670,-1.215473
Pper_AAT1_QEZ90730.1	Pper_AAT1_QEZ90730.1	/content/drive/MyDrive/CS_5782_Final_Project/code_and_data/BAHD_lastLayer_embeddings/Pper_AAT1_QEZ90730.1_hidden_layer_steps10.pt	acceptor_superclass::Fatty acyls	acceptor_superclass::Fatty acyls;acceptor_superclass::Lysine alkaloids;acceptor_superclass::Phenylpropanoids (C6-C3)	0,0,0,0,1,0,0,0,0,0,0,0,0,0,0,0,0,0,0,0,0,0,0	0,0,0,0,1,0,0,0,1,0,0,0,0,0,0,1,0,0,0,0,0,0,0	-1.352943,-0.896693,-1.308167,-1.151268,2.391544,-1.434183,-1.863915,-0.758552,0.013291,-0.491575,-1.612012,-1.058249,-1.355148,-1.910204,-1.537436,0.991742,-0.976525,-1.284153,-1.660263,-0.968752,-0.360201,-1.659552,-2.066577
Prad_HCT_ABO52899.1	Prad_HCT_ABO52899.1	/content/drive/MyDrive/CS_5782_Final_Project/code_and_data/BAHD_lastLayer_embeddings/Prad_HCT_ABO52899.1_hidden_layer_steps10.pt	acceptor_superclass::Phenolic acids (C6-C1);acceptor_superclass::Small peptides	acceptor_superclass::Phenolic acids (C6-C1);acceptor_superclass::Small peptides	0,0,0,0,0,0,0,0,0,0,0,0,0,1,0,0,0,0,1,0,0,0,0	0,0,0,0,0,0,0,0,0,0,0,0,0,1,0,0,0,0,1,0,0,0,0	-1.255259,-1.237697,-0.803067,-1.199979,-1.066012,-0.952588,-1.759777,-1.322474,-0.726324,-0.016122,-1.542832,-1.909920,-1.400779,8.235841,-1.238730,-0.127425,-1.007376,-1.224881,0.137866,-1.789801,-0.890580,-1.974179,-1.420240
Pscu_HCT2_CBI83579.1	Pscu_HCT2_CBI83579.1	/content/drive/MyDrive/CS_5782_Final_Project/code_and_data/BAHD_lastLayer_embeddings/Pscu_HCT2_CBI83579.1_hidden_layer_steps10.pt	acceptor_superclass::Flavonoids;acceptor_superclass::Phenolic acids (C6-C1);acceptor_superclass::Tyrosine alkaloids	acceptor_superclass::Phenolic acids (C6-C1);acceptor_superclass::Small peptides;acceptor_superclass::Tyrosine alkaloids	0,0,0,0,0,1,0,0,0,0,0,0,0,1,0,0,0,0,0,0,0,0,1	0,0,0,0,0,0,0,0,0,0,0,0,0,1,0,0,0,0,1,0,0,0,1	-0.875391,-1.303006,-1.348936,-0.960338,-1.728149,-1.047018,-1.090784,-1.276905,-1.329997,-0.534371,-1.565190,-1.933843,-0.817819,7.758783,-1.661734,-0.329889,-1.820090,-1.317825,1.448096,-0.748071,-0.905298,-1.055662,2.120168
Pscu_RAS_CAK55166.1	Pscu_RAS_CAK55166.1	/content/drive/MyDrive/CS_5782_Final_Project/code_and_data/BAHD_lastLayer_embeddings/Pscu_RAS_CAK55166.1_hidden_layer_steps10.pt		acceptor_superclass::Small peptides;acceptor_superclass::Tryptophan alkaloids;acceptor_superclass::Tyrosine alkaloids	0,0,0,0,0,0,0,0,0,0,0,0,0,0,0,0,0,0,0,0,0,0,0	0,0,0,0,0,0,0,0,0,0,0,0,0,0,0,0,0,0,1,0,0,1,1	-1.816212,-1.119109,-1.967293,-1.549919,-1.924683,-1.426376,-1.051328,-0.359308,-0.954618,-1.510616,-1.220439,-1.591212,-1.794981,-0.161950,-0.815854,-1.944648,-1.961682,-1.176842,2.648773,-1.599043,-2.230944,0.012839,3.046991
Psom_SALAT_AAK73661.1	Psom_SALAT_AAK73661.1	/content/drive/MyDrive/CS_5782_Final_Project/code_and_data/BAHD_lastLayer_embeddings/Psom_SALAT_AAK73661.1_hidden_layer_steps10.pt	acceptor_superclass::Tyrosine alkaloids	acceptor_superclass::Monoterpenoids;acceptor_superclass::Triterpenoids	0,0,0,0,0,0,0,0,0,0,0,0,0,0,0,0,0,0,0,0,0,0,1	0,0,0,0,0,0,0,0,0,1,0,0,0,0,0,0,0,0,0,0,1,0,0	-1.227262,-0.889597,-1.220569,-2.045167,-2.767417,-0.507307,-0.779399,-1.660619,-0.736990,0.518006,-1.195506,-0.163282,-0.223179,-2.139459,-0.905318,-1.259281,-0.474127,-1.452397,-1.484805,-1.776791,1.921406,-1.227900,-2.031162
Ptri_BEBT_AJD25145.1	Ptri_BEBT_AJD25145.1	/content/drive/MyDrive/CS_5782_Final_Project/code_and_data/BAHD_lastLayer_embeddings/Ptri_BEBT_AJD25145.1_hidden_layer_steps10.pt		acceptor_superclass::Fatty acyls;acceptor_superclass::Monoterpenoids;acceptor_superclass::Phenylethanoids (C6-C2);acceptor_superclass::Phenylpropanoids (C6-C3)	0,0,0,0,0,0,0,0,0,0,0,0,0,0,0,0,0,0,0,0,0,0,0	0,0,0,0,1,0,0,0,0,1,0,0,0,0,1,1,0,0,0,0,0,0,0	-1.150648,-1.234396,-1.845250,-0.995010,2.122446,-1.504244,-1.667300,-1.300278,-0.884016,0.643780,-1.541161,-1.789439,-1.126162,-2.732775,1.040107,2.442092,-1.376025,-1.482111,-1.841580,-0.864114,-1.640189,-1.595451,-1.737926
Ptri_FHT1_AGJ03151.1	Ptri_FHT1_AGJ03151.1	/content/drive/MyDrive/CS_5782_Final_Project/code_and_data/BAHD_lastLayer_embeddings/Ptri_FHT1_AGJ03151.1_hidden_layer_steps10.pt	acceptor_superclass::Fatty Acids and Conjugates;acceptor_superclass::Fatty acyls	acceptor_superclass::Fatty Acids and Conjugates;acceptor_superclass::Fatty acyls;acceptor_superclass::Small peptides	0,0,0,1,1,0,0,0,0,0,0,0,0,0,0,0,0,0,0,0,0,0,0	0,0,0,1,1,0,0,0,0,0,0,0,0,0,0,0,0,0,1,0,0,0,0	-1.510842,-1.021733,-1.186200,4.447882,4.598430,-2.270290,-1.802527,-1.187681,-1.212265,-1.935124,-1.710967,-0.849473,-1.278406,-1.356980,-1.374558,-1.331346,-1.152023,-1.291847,0.075273,-1.751965,-1.872900,-1.853020,-1.332125
Ptri_HBMT1_PNT60021.1	Ptri_HBMT1_PNT60021.1	/content/drive/MyDrive/CS_5782_Final_Project/code_and_data/BAHD_lastLayer_embeddings/Ptri_HBMT1_PNT60021.1_hidden_layer_steps10.pt	acceptor_superclass::Phenylpropanoids (C6-C3)	acceptor_superclass::Monoterpenoids;acceptor_superclass::Phenylpropanoids (C6-C3)	0,0,0,0,0,0,0,0,0,0,0,0,0,0,0,1,0,0,0,0,0,0,0	0,0,0,0,0,0,0,0,0,1,0,0,0,0,0,1,0,0,0,0,0,0,0	-1.054021,-1.362741,-1.379486,-1.736914,-1.213783,-1.007385,-1.319870,-1.479972,-0.727536,0.521305,-0.377963,-0.990416,-1.302463,-2.254624,-0.831733,2.681488,-1.734833,-0.991714,-1.347347,-1.676655,-1.467535,-1.137139,-1.560175
Ptri_HCT6_PNT52620.1	Ptri_HCT6_PNT52620.1	/content/drive/MyDrive/CS_5782_Final_Project/code_and_data/BAHD_lastLayer_embeddings/Ptri_HCT6_PNT52620.1_hidden_layer_steps10.pt	acceptor_superclass::Phenolic acids (C6-C1);acceptor_superclass::Small peptides	acceptor_superclass::Flavonoids;acceptor_superclass::Phenolic acids (C6-C1);acceptor_superclass::Phenylpropanoids (C6-C3);acceptor_superclass::Small peptides	0,0,0,0,0,0,0,0,0,0,0,0,0,1,0,0,0,0,1,0,0,0,0	0,0,0,0,0,1,0,0,0,0,0,0,0,1,0,1,0,0,1,0,0,0,0	-1.330438,-1.030777,-1.213512,-1.462270,-1.423000,0.418755,-1.840652,-1.408280,-1.400827,-0.121110,-2.011581,-1.532532,-1.170006,8.879922,-1.378617,0.104327,-1.232166,-1.524274,1.549962,-1.161526,-0.431348,-1.799690,-0.029932
Ptri_HBMT1_PNT60021.1	Ptri_PHBMT1_AJD79571.1	/content/drive/MyDrive/CS_5782_Final_Project/code_and_data/BAHD_lastLayer_embeddings/Ptri_HBMT1_PNT60021.1_hidden_layer_steps10.pt	acceptor_superclass::Phenylpropanoids (C6-C3)	acceptor_superclass::Monoterpenoids;acceptor_superclass::Phenylpropanoids (C6-C3)	0,0,0,0,0,0,0,0,0,0,0,0,0,0,0,1,0,0,0,0,0,0,0	0,0,0,0,0,0,0,0,0,1,0,0,0,0,0,1,0,0,0,0,0,0,0	-1.054021,-1.362741,-1.379486,-1.736914,-1.213783,-1.007385,-1.319870,-1.479972,-0.727536,0.521305,-0.377963,-0.990416,-1.302463,-2.254624,-0.831733,2.681488,-1.734833,-0.991714,-1.347347,-1.676655,-1.467535,-1.137139,-1.560175
Ptri_SABT_AJD25144.1	Ptri_SABT_AJD25144.1	/content/drive/MyDrive/CS_5782_Final_Project/code_and_data/BAHD_lastLayer_embeddings/Ptri_SABT_AJD25144.1_hidden_layer_steps10.pt	acceptor_superclass::Phenylpropanoids (C6-C3)	acceptor_superclass::Fatty acyls;acceptor_superclass::Monoterpenoids;acceptor_superclass::Phenylethanoids (C6-C2);acceptor_superclass::Phenylpropanoids (C6-C3)	0,0,0,0,0,0,0,0,0,0,0,0,0,0,0,1,0,0,0,0,0,0,0	0,0,0,0,1,0,0,0,0,1,0,0,0,0,1,1,0,0,0,0,0,0,0	-0.936259,-0.935107,-1.202656,-1.103362,2.373636,-2.189978,-1.492863,-1.684110,-1.180771,1.100241,-0.930842,-2.516380,-0.863340,-2.278024,1.884337,0.905360,-1.531758,-1.780679,-1.933084,-0.781698,-1.488819,-0.994055,-1.788798
Pvir_FMT_KAG2630178.1	Pvir_FMT_KAG2630178.1	/content/drive/MyDrive/CS_5782_Final_Project/code_and_data/BAHD_lastLayer_embeddings/Pvir_FMT_KAG2630178.1_hidden_layer_steps10.pt	acceptor_superclass::Phenylpropanoids (C6-C3)	acceptor_superclass::Monoterpenoids;acceptor_superclass::Phenylpropanoids (C6-C3)	0,0,0,0,0,0,0,0,0,0,0,0,0,0,0,1,0,0,0,0,0,0,0	0,0,0,0,0,0,0,0,0,1,0,0,0,0,0,1,0,0,0,0,0,0,0	-2.291408,-0.906119,-1.340898,-1.789232,-1.624989,-2.024519,-1.191669,-1.358968,-1.552684,0.095535,-2.772283,-1.037372,-2.419169,-3.373189,-1.333012,2.119692,-1.121209,-1.124735,-1.958338,-0.919197,-0.672124,-1.105514,-0.172443
Pvir_HCT1a_BAO20883.1	Pvir_HCT1a_BAO20883.1	/content/drive/MyDrive/CS_5782_Final_Project/code_and_data/BAHD_lastLayer_embeddings/Pvir_HCT1a_BAO20883.1_hidden_layer_steps10.pt	acceptor_superclass::Phenolic acids (C6-C1)	acceptor_superclass::Phenolic acids (C6-C1);acceptor_superclass::Small peptides	0,0,0,0,0,0,0,0,0,0,0,0,0,1,0,0,0,0,0,0,0,0,0	0,0,0,0,0,0,0,0,0,0,0,0,0,1,0,0,0,0,1,0,0,0,0	-0.531175,-0.882409,-1.624737,-0.819656,-1.440715,-1.234070,-1.763758,-1.276538,-0.806387,-0.612374,-1.299064,-1.961705,-0.425089,6.200805,-1.436342,-0.860764,-1.588310,-0.503736,1.654351,-0.389562,-1.025848,-1.723801,-1.289781
Pvir_HCT2a_AGM90558.1	Pvir_HCT2a_AGM90558.1	/content/drive/MyDrive/CS_5782_Final_Project/code_and_data/BAHD_lastLayer_embeddings/Pvir_HCT2a_AGM90558.1_hidden_layer_steps10.pt	acceptor_superclass::Phenolic acids (C6-C1);acceptor_superclass::Phenylpropanoids (C6-C3);acceptor_superclass::Small peptides	acceptor_superclass::Phenolic acids (C6-C1);acceptor_superclass::Small peptides	0,0,0,0,0,0,0,0,0,0,0,0,0,1,0,1,0,0,1,0,0,0,0	0,0,0,0,0,0,0,0,0,0,0,0,0,1,0,0,0,0,1,0,0,0,0	-1.534089,-1.011770,-1.507405,-0.971823,-0.996072,-0.611438,-1.070183,-0.798298,-1.181775,-1.436247,-1.606475,-3.235319,-1.610949,6.101519,-0.573790,-0.743722,-2.021052,-1.232786,0.252758,-0.893576,-1.422992,-1.836200,-0.961276
Pvir_PMT_KAG2616253.1	Pvir_PMT_KAG2616253.1	/content/drive/MyDrive/CS_5782_Final_Project/code_and_data/BAHD_lastLayer_embeddings/Pvir_PMT_KAG2616253.1_hidden_layer_steps10.pt	acceptor_superclass::Phenylpropanoids (C6-C3)	acceptor_superclass::Monoterpenoids;acceptor_superclass::Phenylethanoids (C6-C2);acceptor_superclass::Phenylpropanoids (C6-C3)	0,0,0,0,0,0,0,0,0,0,0,0,0,0,0,1,0,0,0,0,0,0,0	0,0,0,0,0,0,0,0,0,1,0,0,0,0,1,1,0,0,0,0,0,0,0	-1.091218,-1.042981,-1.750963,-0.825688,-0.410400,-1.159226,-1.034270,-2.287378,-1.514055,0.809943,-1.334037,-2.173596,-1.602565,-3.237529,0.190833,3.158654,-1.256993,-1.271858,-1.356522,-1.187731,-1.327089,-0.901624,-1.597310
Pvul_HHHT_AOX15526.1	Pvul_HHHT_AOX15526.1	/content/drive/MyDrive/CS_5782_Final_Project/code_and_data/BAHD_lastLayer_embeddings/Pvul_HHHT_AOX15526.1_hidden_layer_steps10.pt	acceptor_superclass::Fatty Acids and Conjugates	acceptor_superclass::Phenylpropanoids (C6-C3);acceptor_superclass::Small peptides;acceptor_superclass::Tyrosine alkaloids	0,0,0,1,0,0,0,0,0,0,0,0,0,0,0,0,0,0,0,0,0,0,0	0,0,0,0,0,0,0,0,0,0,0,0,0,0,0,1,0,0,1,0,0,0,1	-1.276335,-0.989041,-0.767482,-0.035864,-1.776102,-0.677999,-1.335974,-1.282258,-1.543621,-0.399284,-2.162848,-1.502262,-0.971994,-0.389806,-0.022969,0.684336,-1.435881,-1.042535,0.768257,-1.614661,-0.890612,-1.575373,0.176920
Rcan_SHT_QNO39111.1	Rcan_SHT_QNO39111.1	/content/drive/MyDrive/CS_5782_Final_Project/code_and_data/BAHD_lastLayer_embeddings/Rcan_SHT_QNO39111.1_hidden_layer_steps10.pt	acceptor_superclass::Ornithine alkaloids	acceptor_superclass::Ornithine alkaloids;acceptor_superclass::Pseudoalkaloids;acceptor_superclass::Small peptides	0,0,0,0,0,0,0,0,0,0,0,1,0,0,0,0,0,0,0,0,0,0,0	0,0,0,0,0,0,0,0,0,0,0,1,0,0,0,0,1,0,1,0,0,0,0	-1.264454,-1.782337,-1.238901,-1.393216,-1.921810,-1.934295,-1.342935,-0.763817,-0.787115,-1.388504,-1.289410,5.243891,-1.522341,-0.442303,-1.331742,-0.740189,0.837384,-1.030999,0.242591,-1.069072,-1.577757,-1.361696,-1.376650
Rcom_SHT_QNO39108.1	Rcom_SHT_QNO39108.1	/content/drive/MyDrive/CS_5782_Final_Project/code_and_data/BAHD_lastLayer_embeddings/Rcom_SHT_QNO39108.1_hidden_layer_steps10.pt	acceptor_superclass::Ornithine alkaloids	acceptor_superclass::Ornithine alkaloids;acceptor_superclass::Phenolic acids (C6-C1)	0,0,0,0,0,0,0,0,0,0,0,1,0,0,0,0,0,0,0,0,0,0,0	0,0,0,0,0,0,0,0,0,0,0,1,0,1,0,0,0,0,0,0,0,0,0	-0.812176,-0.823896,-1.382973,-0.913254,-0.230167,-1.281310,-2.205435,-1.053209,-1.056934,-1.426039,-0.973310,3.935574,-0.988855,0.142293,-0.612353,-1.112059,-0.199822,-1.253505,-2.226269,-1.714380,-1.000129,-2.473977,-0.346373
Rglu_AT1_WEX29776.1	Rglu_AT1_WEX29776.1	/content/drive/MyDrive/CS_5782_Final_Project/code_and_data/BAHD_lastLayer_embeddings/Rglu_AT1_WEX29776.1_hidden_layer_steps10.pt	acceptor_superclass::Phenylethanoids (C6-C2)	acceptor_superclass::Phenylethanoids (C6-C2)	0,0,0,0,0,0,0,0,0,0,0,0,0,0,1,0,0,0,0,0,0,0,0	0,0,0,0,0,0,0,0,0,0,0,0,0,0,1,0,0,0,0,0,0,0,0	-1.020930,-1.347647,-1.916649,-0.714175,-2.375524,-2.363077,-1.085288,-0.831153,-1.124980,-1.595465,-0.964200,-0.647685,-1.262607,-1.148920,3.645927,-1.125499,-1.290069,-1.010546,-1.844603,-1.695453,-1.284178,-2.146168,-1.439265
Rhyb_AAT1_AAW31948.1	Rhyb_AAT1_AAW31948.1	/content/drive/MyDrive/CS_5782_Final_Project/code_and_data/BAHD_lastLayer_embeddings/Rhyb_AAT1_AAW31948.1_hidden_layer_steps10.pt	acceptor_superclass::Fatty acyls;acceptor_superclass::Monoterpenoids;acceptor_superclass::Phenylethanoids (C6-C2)	acceptor_superclass::Cyclic polyketides;acceptor_superclass::Fatty acyls;acceptor_superclass::Monoterpenoids;acceptor_superclass::Phenylethanoids (C6-C2)	0,0,0,0,1,0,0,0,0,1,0,0,0,0,1,0,0,0,0,0,0,0,0	0,1,0,0,1,0,0,0,0,1,0,0,0,0,1,0,0,0,0,0,0,0,0	-0.907081,1.943928,-1.398368,-1.809284,3.544605,-1.448521,-1.261091,-1.500134,-0.782410,3.203316,-0.537627,-0.984906,-0.822569,-2.742577,1.055706,-0.614628,-1.058843,-0.842432,-1.523766,-0.816706,-1.394831,-0.864309,-1.928665
Rser_VS_CAD89104.2	Rser_ACT_CAD89104.2	/content/drive/MyDrive/CS_5782_Final_Project/code_and_data/BAHD_lastLayer_embeddings/Rser_VS_CAD89104.2_hidden_layer_steps10.pt	acceptor_superclass::Tryptophan alkaloids	acceptor_superclass::Tryptophan alkaloids;acceptor_superclass::Tyrosine alkaloids	0,0,0,0,0,0,0,0,0,0,0,0,0,0,0,0,0,0,0,0,0,1,0	0,0,0,0,0,0,0,0,0,0,0,0,0,0,0,0,0,0,0,0,0,1,1	-1.087900,-1.029856,-1.629587,-1.148954,-1.620214,-0.802727,-1.134772,-1.114192,-1.243260,-0.360525,-0.514153,-2.534835,-0.979207,-2.882946,-1.193839,-1.221083,-2.267463,-1.318550,-0.985904,-1.337290,-0.041777,3.858803,0.113801
Rser_VS_CAD89104.2	Rser_VS_CAD89104.2	/content/drive/MyDrive/CS_5782_Final_Project/code_and_data/BAHD_lastLayer_embeddings/Rser_VS_CAD89104.2_hidden_layer_steps10.pt	acceptor_superclass::Tryptophan alkaloids	acceptor_superclass::Tryptophan alkaloids;acceptor_superclass::Tyrosine alkaloids	0,0,0,0,0,0,0,0,0,0,0,0,0,0,0,0,0,0,0,0,0,1,0	0,0,0,0,0,0,0,0,0,0,0,0,0,0,0,0,0,0,0,0,0,1,1	-1.087900,-1.029856,-1.629587,-1.148954,-1.620214,-0.802727,-1.134772,-1.114192,-1.243260,-0.360525,-0.514153,-2.534835,-0.979207,-2.882946,-1.193839,-1.221083,-2.267463,-1.318550,-0.985904,-1.337290,-0.041777,3.858803,0.113801
Rser_YAT_PQ801655	Rser_YAT_PQ801655	/content/drive/MyDrive/CS_5782_Final_Project/code_and_data/BAHD_lastLayer_embeddings/Rser_YAT_PQ801655_hidden_layer_steps10.pt	acceptor_superclass::Tryptophan alkaloids	acceptor_superclass::Diterpenoids;acceptor_superclass::Naphthalenes;acceptor_superclass::Steroids;acceptor_superclass::Tryptophan alkaloids	0,0,0,0,0,0,0,0,0,0,0,0,0,0,0,0,0,0,0,0,0,1,0	0,0,1,0,0,0,0,0,0,0,1,0,0,0,0,0,0,0,0,1,0,1,0	-0.316595,-0.193630,1.018539,-0.344914,-0.035034,-1.902342,-2.846105,-0.505543,-2.315400,-1.371467,1.900974,-1.741160,-0.419398,-5.042336,-0.781695,-0.125820,-1.702217,-1.352967,-1.844025,0.690072,-0.018858,1.555986,-1.499379
Sbic_COSY_OQU75851.1	Sbic_COSY_OQU75851.1	/content/drive/MyDrive/CS_5782_Final_Project/code_and_data/BAHD_lastLayer_embeddings/Sbic_COSY_OQU75851.1_hidden_layer_steps10.pt		acceptor_superclass::Diterpenoids;acceptor_superclass::Ornithine alkaloids;acceptor_superclass::Tryptophan alkaloids	0,0,0,0,0,0,0,0,0,0,0,0,0,0,0,0,0,0,0,0,0,0,0	0,0,1,0,0,0,0,0,0,0,0,1,0,0,0,0,0,0,0,0,0,1,0	-1.942693,-0.910755,0.095637,-0.984932,-1.066661,-2.183439,-2.404613,-1.864637,-0.927998,-3.939286,-4.414861,2.338460,-2.288742,-5.353083,-0.158244,-0.172929,-0.404152,-0.769172,-2.985872,-1.947839,-0.666468,1.331357,-1.077852
Sbic_FMT_EES15804.1	Sbic_FMT_EES15804.1	/content/drive/MyDrive/CS_5782_Final_Project/code_and_data/BAHD_lastLayer_embeddings/Sbic_FMT_EES15804.1_hidden_layer_steps10.pt	acceptor_superclass::Phenylpropanoids (C6-C3)	acceptor_superclass::Phenylethanoids (C6-C2);acceptor_superclass::Phenylpropanoids (C6-C3)	0,0,0,0,0,0,0,0,0,0,0,0,0,0,0,1,0,0,0,0,0,0,0	0,0,0,0,0,0,0,0,0,0,0,0,0,0,1,1,0,0,0,0,0,0,0	-1.003865,-1.103272,-0.684833,-2.109699,-1.560312,-0.947179,-2.119606,-0.890601,-0.978398,-1.644286,-1.300342,-1.663162,-0.936715,-4.107209,0.295603,1.962999,-0.971557,-1.068659,-1.738074,-1.385835,-0.038949,-2.397316,-0.511356
Sbic_HCT_EES05411.1	Sbic_HCT_EES05411.1	/content/drive/MyDrive/CS_5782_Final_Project/code_and_data/BAHD_lastLayer_embeddings/Sbic_HCT_EES05411.1_hidden_layer_steps10.pt	acceptor_superclass::Phenolic acids (C6-C1)	acceptor_superclass::Phenolic acids (C6-C1);acceptor_superclass::Phenylpropanoids (C6-C3);acceptor_superclass::Small peptides	0,0,0,0,0,0,0,0,0,0,0,0,0,1,0,0,0,0,0,0,0,0,0	0,0,0,0,0,0,0,0,0,0,0,0,0,1,0,1,0,0,1,0,0,0,0	-1.474556,-0.974691,-1.569127,-0.608841,-1.851471,-0.747734,-1.005797,-1.178615,-1.247596,-2.031792,-1.571264,-2.849298,-1.559183,6.582276,-1.545429,1.155780,-2.218782,-1.628947,2.742139,-1.574032,-1.465035,-1.451848,-1.181089
Sbic_PMT_EES17668.1	Sbic_PMT_EES17668.1	/content/drive/MyDrive/CS_5782_Final_Project/code_and_data/BAHD_lastLayer_embeddings/Sbic_PMT_EES17668.1_hidden_layer_steps10.pt	acceptor_superclass::Phenylpropanoids (C6-C3)	acceptor_superclass::Phenylpropanoids (C6-C3)	0,0,0,0,0,0,0,0,0,0,0,0,0,0,0,1,0,0,0,0,0,0,0	0,0,0,0,0,0,0,0,0,0,0,0,0,0,0,1,0,0,0,0,0,0,0	-1.151641,-1.015975,-2.183846,-0.965791,-2.435052,-0.849677,-1.084674,-1.845309,-0.864876,-1.029138,-1.498434,-2.551746,-1.057849,-3.168991,-1.269469,2.313729,-1.294622,-1.445764,-0.706273,-1.161291,-1.630657,-0.389040,-0.813570
Sche_AAT10422_BCJ78482.1	Sche_AAT10422_BCJ78482.1	/content/drive/MyDrive/CS_5782_Final_Project/code_and_data/BAHD_lastLayer_embeddings/Sche_AAT10422_BCJ78482.1_hidden_layer_steps10.pt	acceptor_superclass::Fatty acyls	acceptor_superclass::Fatty acyls;acceptor_superclass::Phenylethanoids (C6-C2)	0,0,0,0,1,0,0,0,0,0,0,0,0,0,0,0,0,0,0,0,0,0,0	0,0,0,0,1,0,0,0,0,0,0,0,0,0,1,0,0,0,0,0,0,0,0	-1.323664,-1.124347,-0.753716,-1.011099,7.752973,-2.531633,-1.200356,-1.238959,-0.748247,-1.017682,-1.970902,-1.605030,-1.372481,-3.916013,0.679044,-1.685757,-2.011693,-1.370168,-1.221146,-0.783871,-2.153275,-1.678265,-1.304181
Schi_CFAT_URQ03862.1	Schi_CFAT_URQ03862.1	/content/drive/MyDrive/CS_5782_Final_Project/code_and_data/BAHD_lastLayer_embeddings/Schi_CFAT_URQ03862.1_hidden_layer_steps10.pt	acceptor_superclass::Lignans;acceptor_superclass::Phenylpropanoids (C6-C3)	acceptor_superclass::Diterpenoids;acceptor_superclass::Phenylpropanoids (C6-C3)	0,0,0,0,0,0,0,1,0,0,0,0,0,0,0,1,0,0,0,0,0,0,0	0,0,1,0,0,0,0,0,0,0,0,0,0,0,0,1,0,0,0,0,0,0,0	-2.340718,-1.727187,0.628917,-2.887015,-2.509926,-1.852540,-0.410219,-1.069684,-0.424449,-0.138051,-1.645898,-0.387351,-2.787862,-1.256129,-1.737629,2.522083,-0.083232,-1.326248,-2.520728,-1.529467,-0.984617,-1.979270,-2.996799
Schm_AAT11306_BCJ78485.1	Schm_AAT11306_BCJ78485.1	/content/drive/MyDrive/CS_5782_Final_Project/code_and_data/BAHD_lastLayer_embeddings/Schm_AAT11306_BCJ78485.1_hidden_layer_steps10.pt	acceptor_superclass::Fatty acyls	acceptor_superclass::Fatty acyls	0,0,0,0,1,0,0,0,0,0,0,0,0,0,0,0,0,0,0,0,0,0,0	0,0,0,0,1,0,0,0,0,0,0,0,0,0,0,0,0,0,0,0,0,0,0	-1.234749,-0.979807,-1.212145,-0.952765,6.818292,-1.569733,-1.769642,-1.329177,-1.317818,-1.150060,-1.011674,-1.292962,-1.574589,-3.298210,-0.400500,-1.351009,-1.592901,-1.214760,-0.905959,-1.701316,-1.003987,-1.313934,-1.343568
Scru_3MAT_AAO38058	Scru_3MAT_AAO38058	/content/drive/MyDrive/CS_5782_Final_Project/code_and_data/BAHD_lastLayer_embeddings/Scru_3MAT_AAO38058_hidden_layer_steps10.pt		acceptor_superclass::Flavonoids	0,0,0,0,0,0,0,0,0,0,0,0,0,0,0,0,0,0,0,0,0,0,0	0,0,0,0,0,1,0,0,0,0,0,0,0,0,0,0,0,0,0,0,0,0,0	-0.732697,-0.899648,-1.837170,-1.042909,-0.479326,4.821063,-0.576738,-2.043633,-1.492622,-0.934009,-1.352922,-1.840560,-0.938667,-2.819034,-1.682881,-1.734128,-1.929031,-1.040912,-2.713934,-0.589634,-1.214718,-1.767020,-2.557517
Sfal_HFT-like_KAH8954438.1	Sfal_HFT-like_KAH8954438.1	/content/drive/MyDrive/CS_5782_Final_Project/code_and_data/BAHD_lastLayer_embeddings/Sfal_HFT-like_KAH8954438.1_hidden_layer_steps10.pt	acceptor_superclass::Fatty Acids and Conjugates;acceptor_superclass::Fatty acyls	acceptor_superclass::Fatty Acids and Conjugates;acceptor_superclass::Fatty acyls;acceptor_superclass::Steroids	0,0,0,1,1,0,0,0,0,0,0,0,0,0,0,0,0,0,0,0,0,0,0	0,0,0,1,1,0,0,0,0,0,0,0,0,0,0,0,0,0,0,1,0,0,0	-0.628641,-1.575448,-2.016936,1.975021,1.194284,-1.383581,-1.540984,-0.694466,-0.225627,-1.609781,-0.313248,-0.368752,-0.195457,-2.434468,-1.496712,-2.577175,-1.110665,-1.118236,-1.239203,0.631315,-1.476952,-1.853904,-0.688854
Sgal_AAT10483_BCJ78483.1	Sgal_AAT10483_BCJ78483.1	/content/drive/MyDrive/CS_5782_Final_Project/code_and_data/BAHD_lastLayer_embeddings/Sgal_AAT10483_BCJ78483.1_hidden_layer_steps10.pt	acceptor_superclass::Fatty acyls	acceptor_superclass::Fatty acyls;acceptor_superclass::Phenylethanoids (C6-C2)	0,0,0,0,1,0,0,0,0,0,0,0,0,0,0,0,0,0,0,0,0,0,0	0,0,0,0,1,0,0,0,0,0,0,0,0,0,1,0,0,0,0,0,0,0,0	-1.034478,-1.095976,-1.279423,-0.936640,7.531571,-1.556211,-1.303904,-1.198791,-1.120478,-1.045689,-1.021465,-2.426482,-1.099477,-3.057124,0.558051,-0.781176,-1.954022,-1.370301,-0.927616,-0.807512,-1.846271,-0.998322,-1.129193
Sgla_HQT1_WYJ75404.1	Sgla_HQT1_WYJ75404.1	/content/drive/MyDrive/CS_5782_Final_Project/code_and_data/BAHD_lastLayer_embeddings/Sgla_HQT1_WYJ75404.1_hidden_layer_steps10.pt	acceptor_superclass::Phenolic acids (C6-C1);acceptor_superclass::Small peptides	acceptor_superclass::Phenolic acids (C6-C1)	0,0,0,0,0,0,0,0,0,0,0,0,0,1,0,0,0,0,1,0,0,0,0	0,0,0,0,0,0,0,0,0,0,0,0,0,1,0,0,0,0,0,0,0,0,0	-1.260558,-1.231519,-2.481698,-1.372055,-0.965211,-1.191174,-1.527446,-0.903719,-1.105953,-1.469138,-1.347986,-1.139906,-1.643053,6.969546,-2.958733,-1.199487,-1.076525,-1.657844,-0.444800,-1.143846,-0.128996,-0.550341,-2.653006
Sgla_HQT2_WYJ75406.1	Sgla_HQT2_WYJ75406.1	/content/drive/MyDrive/CS_5782_Final_Project/code_and_data/BAHD_lastLayer_embeddings/Sgla_HQT2_WYJ75406.1_hidden_layer_steps10.pt	acceptor_superclass::Phenolic acids (C6-C1)	acceptor_superclass::Phenolic acids (C6-C1);acceptor_superclass::Small peptides	0,0,0,0,0,0,0,0,0,0,0,0,0,1,0,0,0,0,0,0,0,0,0	0,0,0,0,0,0,0,0,0,0,0,0,0,1,0,0,0,0,1,0,0,0,0	-1.078104,-1.863951,-0.428012,-1.045475,-1.969091,-3.137476,-1.163625,-1.761134,-0.570850,-1.642946,-2.045507,-1.290236,-1.355085,4.006102,-1.748189,-1.064954,-1.333756,-1.570285,0.217752,-1.349140,-0.697854,-0.651522,-1.834421
Sgla_HST_WYJ75403.1	Sgla_HST_WYJ75403.1	/content/drive/MyDrive/CS_5782_Final_Project/code_and_data/BAHD_lastLayer_embeddings/Sgla_HST_WYJ75403.1_hidden_layer_steps10.pt	acceptor_superclass::Phenolic acids (C6-C1);acceptor_superclass::Small peptides	acceptor_superclass::Phenolic acids (C6-C1);acceptor_superclass::Small peptides	0,0,0,0,0,0,0,0,0,0,0,0,0,1,0,0,0,0,1,0,0,0,0	0,0,0,0,0,0,0,0,0,0,0,0,0,1,0,0,0,0,1,0,0,0,0	-0.903084,-1.045536,-1.953103,-1.313291,-0.473595,-0.772224,-1.232839,-1.023507,-1.677831,-0.390722,-1.075665,-1.509449,-1.074490,8.603425,-1.132401,-1.023473,-1.731985,-0.632522,0.354043,-1.130277,-1.047848,-2.066555,-1.370163
Sgla_RAS_WYJ75405.1	Sgla_RAS_WYJ75405.1	/content/drive/MyDrive/CS_5782_Final_Project/code_and_data/BAHD_lastLayer_embeddings/Sgla_RAS_WYJ75405.1_hidden_layer_steps10.pt	acceptor_superclass::Phenolic acids (C6-C1);acceptor_superclass::Small peptides;acceptor_superclass::Tyrosine alkaloids	acceptor_superclass::Phenolic acids (C6-C1);acceptor_superclass::Phenylethanoids (C6-C2)	0,0,0,0,0,0,0,0,0,0,0,0,0,1,0,0,0,0,1,0,0,0,1	0,0,0,0,0,0,0,0,0,0,0,0,0,1,1,0,0,0,0,0,0,0,0	-0.786034,-0.945275,-2.539215,-0.246313,-1.280247,-0.142375,-1.032327,-1.138196,-2.252149,-0.704904,-1.761933,-0.989635,-1.078423,3.107233,0.023117,-0.682594,-1.316703,-1.054495,-0.116022,-1.714728,-1.196495,-1.184091,-0.190713
Shab_AAT11777_BCJ78486.1	Shab_AAT11777_BCJ78486.1	/content/drive/MyDrive/CS_5782_Final_Project/code_and_data/BAHD_lastLayer_embeddings/Shab_AAT11777_BCJ78486.1_hidden_layer_steps10.pt	acceptor_superclass::Fatty acyls	acceptor_superclass::Fatty acyls;acceptor_superclass::Phenylethanoids (C6-C2)	0,0,0,0,1,0,0,0,0,0,0,0,0,0,0,0,0,0,0,0,0,0,0	0,0,0,0,1,0,0,0,0,0,0,0,0,0,1,0,0,0,0,0,0,0,0	-0.906337,-1.261483,-1.703250,-1.081018,6.726676,-1.959375,-1.418646,-1.361540,-1.112604,-1.359042,-1.181606,-1.363874,-0.841702,-3.927760,0.998338,-0.965526,-1.512453,-1.089729,-1.160745,-0.861850,-2.116122,-1.131045,-1.322029
Shab_ASAT2_ALU64009.1	Shab_ASAT2_ALU64009.1	/content/drive/MyDrive/CS_5782_Final_Project/code_and_data/BAHD_lastLayer_embeddings/Shab_ASAT2_ALU64009.1_hidden_layer_steps10.pt			0,0,0,0,0,0,0,0,0,0,0,0,0,0,0,0,0,0,0,0,0,0,0	0,0,0,0,0,0,0,0,0,0,0,0,0,0,0,0,0,0,0,0,0,0,0	-1.460324,-1.505074,-0.543980,-1.717304,-2.327659,-1.181997,-1.640851,-1.045777,-1.243362,-2.929830,-1.002485,-2.409487,-1.799214,-2.442286,-2.992232,-2.632455,-1.413942,-0.723068,-2.005839,-1.127283,-0.746058,-1.895979,-1.078430
Shab_ASAT3-F_AJF98584.1	Shab_ASAT3-F_AJF98584.1	/content/drive/MyDrive/CS_5782_Final_Project/code_and_data/BAHD_lastLayer_embeddings/Shab_ASAT3-F_AJF98584.1_hidden_layer_steps10.pt			0,0,0,0,0,0,0,0,0,0,0,0,0,0,0,0,0,0,0,0,0,0,0	0,0,0,0,0,0,0,0,0,0,0,0,0,0,0,0,0,0,0,0,0,0,0	-1.232984,-1.103889,-1.367198,-0.904236,-0.827827,-2.099967,-1.613711,-0.930176,-2.173527,-1.644075,-0.715525,-2.242567,-1.200354,-2.320847,-2.024507,-2.316872,-1.428429,-0.611260,-0.680207,-1.861968,-1.439746,-2.202104,-1.781580
Shab_ASAT3-P_AJF98591.1	Shab_ASAT3-P_AJF98591.1	/content/drive/MyDrive/CS_5782_Final_Project/code_and_data/BAHD_lastLayer_embeddings/Shab_ASAT3-P_AJF98591.1_hidden_layer_steps10.pt			0,0,0,0,0,0,0,0,0,0,0,0,0,0,0,0,0,0,0,0,0,0,0	0,0,0,0,0,0,0,0,0,0,0,0,0,0,0,0,0,0,0,0,0,0,0	-1.605762,-1.186853,-1.334741,-2.410601,-1.889975,-1.228384,-1.433252,-0.427313,-1.733811,-0.924115,-1.535798,-1.453857,-1.665631,-1.630681,-1.411371,-1.132685,-1.184885,-0.126864,-1.493673,-1.685951,-1.107608,-1.302532,-1.362885
Sind_AT1_BEE35702.1	Sind_AT1_BEE35702.1	/content/drive/MyDrive/CS_5782_Final_Project/code_and_data/BAHD_lastLayer_embeddings/Sind_AT1_BEE35702.1_hidden_layer_steps10.pt	acceptor_superclass::Phenylethanoids (C6-C2)	acceptor_superclass::Phenylethanoids (C6-C2)	0,0,0,0,0,0,0,0,0,0,0,0,0,0,1,0,0,0,0,0,0,0,0	0,0,0,0,0,0,0,0,0,0,0,0,0,0,1,0,0,0,0,0,0,0,0	-1.051352,-1.325204,-1.387975,-0.507292,-1.813893,-2.143161,-0.829202,-1.143272,-1.476842,-1.900572,-1.062360,-1.025209,-1.368670,-1.255738,4.161289,-1.978757,-1.896903,-1.142327,-1.358578,-1.202080,-1.069993,-1.216960,-1.109653
Sind_AT2_BEE35703.1	Sind_AT2_BEE35703.1	/content/drive/MyDrive/CS_5782_Final_Project/code_and_data/BAHD_lastLayer_embeddings/Sind_AT2_BEE35703.1_hidden_layer_steps10.pt	acceptor_superclass::Phenylethanoids (C6-C2)	acceptor_superclass::Phenylethanoids (C6-C2)	0,0,0,0,0,0,0,0,0,0,0,0,0,0,1,0,0,0,0,0,0,0,0	0,0,0,0,0,0,0,0,0,0,0,0,0,0,1,0,0,0,0,0,0,0,0	-1.262319,-1.210960,-0.682755,-0.243350,-1.920353,-1.807019,-1.587229,-1.779865,-1.634787,-1.636512,-2.370859,-0.037062,-1.398718,-1.322881,2.464044,-0.318649,-0.653143,-1.285028,-1.135573,-1.495308,-1.488336,-2.334353,-2.173834
Sind_AT1_BEE35702.1	Sind_SHCT_XP_011083883.1	/content/drive/MyDrive/CS_5782_Final_Project/code_and_data/BAHD_lastLayer_embeddings/Sind_AT1_BEE35702.1_hidden_layer_steps10.pt	acceptor_superclass::Phenylethanoids (C6-C2)	acceptor_superclass::Phenylethanoids (C6-C2)	0,0,0,0,0,0,0,0,0,0,0,0,0,0,1,0,0,0,0,0,0,0,0	0,0,0,0,0,0,0,0,0,0,0,0,0,0,1,0,0,0,0,0,0,0,0	-1.051352,-1.325204,-1.387975,-0.507292,-1.813893,-2.143161,-0.829202,-1.143272,-1.476842,-1.900572,-1.062360,-1.025209,-1.368670,-1.255738,4.161289,-1.978757,-1.896903,-1.142327,-1.358578,-1.202080,-1.069993,-1.216960,-1.109653
Slyc_AAT1_XP_004244681.1	Slyc_AAT1_XP_004244681.1	/content/drive/MyDrive/CS_5782_Final_Project/code_and_data/BAHD_lastLayer_embeddings/Slyc_AAT1_XP_004244681.1_hidden_layer_steps10.pt	acceptor_superclass::Fatty acyls;acceptor_superclass::Phenylethanoids (C6-C2)	acceptor_superclass::Diterpenoids;acceptor_superclass::Fatty acyls;acceptor_superclass::Ornithine alkaloids;acceptor_superclass::Phenanthrenoids;acceptor_superclass::Pseudoalkaloids;acceptor_superclass::Saccharides;acceptor_superclass::Small peptides;acceptor_superclass::Triterpenoids;acceptor_superclass::Tryptophan alkaloids;acceptor_superclass::Tyrosine alkaloids	0,0,0,0,1,0,0,0,0,0,0,0,0,0,1,0,0,0,0,0,0,0,0	0,0,1,0,1,0,0,0,0,0,0,1,1,0,0,0,1,1,1,0,1,1,1	-1.103734,-4.124901,1.352600,-2.908921,2.421999,-1.322563,-0.435047,-1.966554,-1.662142,-0.999263,-1.324091,1.001084,0.043657,-0.071492,-5.015786,-2.133001,1.314719,1.071590,2.768728,-2.782239,3.452395,0.716729,0.267403
Slyc_PHT1_UTQ10234.1	Slyc_ACT2_XP_004251197.1	/content/drive/MyDrive/CS_5782_Final_Project/code_and_data/BAHD_lastLayer_embeddings/Slyc_PHT1_UTQ10234.1_hidden_layer_steps10.pt	acceptor_superclass::Ornithine alkaloids;acceptor_superclass::Pseudoalkaloids	acceptor_superclass::Ornithine alkaloids;acceptor_superclass::Pseudoalkaloids	0,0,0,0,0,0,0,0,0,0,0,1,0,0,0,0,1,0,0,0,0,0,0	0,0,0,0,0,0,0,0,0,0,0,1,0,0,0,0,1,0,0,0,0,0,0	-1.503554,-1.120489,-0.997582,-1.313887,-1.494415,-1.418670,-1.232614,-1.086656,-0.850948,-0.696517,-1.315357,6.038276,-1.285714,-2.498411,-1.463408,-1.442341,5.102798,-1.074807,-1.065577,-1.762277,-1.801836,-1.556348,-1.504108
Slyc_ASAT1_NP_001316332.1	Slyc_ASAT1_NP_001316332.1	/content/drive/MyDrive/CS_5782_Final_Project/code_and_data/BAHD_lastLayer_embeddings/Slyc_ASAT1_NP_001316332.1_hidden_layer_steps10.pt	acceptor_superclass::Saccharides	acceptor_superclass::Saccharides	0,0,0,0,0,0,0,0,0,0,0,0,0,0,0,0,0,1,0,0,0,0,0	0,0,0,0,0,0,0,0,0,0,0,0,0,0,0,0,0,1,0,0,0,0,0	-1.613025,-1.700678,-0.186751,-2.406868,-2.564800,-1.942639,-0.863870,-0.981738,-1.405373,-1.223410,-1.761302,-1.231063,-1.422275,-2.091278,-0.673859,-2.062415,-0.869284,2.503755,-1.308872,-1.173398,-2.215892,-1.429278,-2.135996
Slyc_ASAT2_ALU64015.1	Slyc_ASAT2_ALU64015.1	/content/drive/MyDrive/CS_5782_Final_Project/code_and_data/BAHD_lastLayer_embeddings/Slyc_ASAT2_ALU64015.1_hidden_layer_steps10.pt		acceptor_superclass::Phenylpropanoids (C6-C3)	0,0,0,0,0,0,0,0,0,0,0,0,0,0,0,0,0,0,0,0,0,0,0	0,0,0,0,0,0,0,0,0,0,0,0,0,0,0,1,0,0,0,0,0,0,0	-1.607439,-1.518833,-1.584151,-1.192210,-1.847140,-1.154834,-0.962024,-1.342806,-1.041682,-2.873827,-1.410955,-2.585945,-1.814778,-2.315029,-1.549357,0.249685,-1.138632,-0.214898,-0.898440,-1.279983,-1.252528,-1.991501,-1.529705
Slyc_ASAT3_AJF98582.1	Slyc_ASAT3_AJF98582.1	/content/drive/MyDrive/CS_5782_Final_Project/code_and_data/BAHD_lastLayer_embeddings/Slyc_ASAT3_AJF98582.1_hidden_layer_steps10.pt			0,0,0,0,0,0,0,0,0,0,0,0,0,0,0,0,0,0,0,0,0,0,0	0,0,0,0,0,0,0,0,0,0,0,0,0,0,0,0,0,0,0,0,0,0,0	-1.265136,-1.512603,-1.047573,-1.547664,-3.086688,-1.928833,-1.644146,-1.014748,-1.158900,-2.436372,-1.166022,-0.162371,-1.053117,-3.075242,-2.408843,-2.047820,-1.591550,-0.717515,-1.447128,-1.081413,-0.927363,-1.845656,-1.792494
Slyc_ASAT4_AFM77971.1	Slyc_ASAT4_AFM77971.1	/content/drive/MyDrive/CS_5782_Final_Project/code_and_data/BAHD_lastLayer_embeddings/Slyc_ASAT4_AFM77971.1_hidden_layer_steps10.pt		acceptor_superclass::Monoterpenoids;acceptor_superclass::Ornithine alkaloids;acceptor_superclass::Phenylethanoids (C6-C2)	0,0,0,0,0,0,0,0,0,0,0,0,0,0,0,0,0,0,0,0,0,0,0	0,0,0,0,0,0,0,0,0,1,0,1,0,0,1,0,0,0,0,0,0,0,0	-1.566912,-1.051346,-2.548610,-1.681260,-3.189670,-0.207704,-0.888422,-1.093191,-1.759619,0.559616,-2.061965,0.324629,-1.016312,-0.811681,0.423422,-0.557984,-0.219608,-0.178583,-0.535833,-0.452850,-1.362321,-1.270278,-1.611375
Slyc_GAME36_XP_004246214.1	Slyc_GAME36_XP_004246214.1	/content/drive/MyDrive/CS_5782_Final_Project/code_and_data/BAHD_lastLayer_embeddings/Slyc_GAME36_XP_004246214.1_hidden_layer_steps10.pt	acceptor_superclass::Pseudoalkaloids	acceptor_superclass::Monoterpenoids;acceptor_superclass::Naphthalenes;acceptor_superclass::Steroids;acceptor_superclass::Tryptophan alkaloids	0,0,0,0,0,0,0,0,0,0,0,0,0,0,0,0,1,0,0,0,0,0,0	0,0,0,0,0,0,0,0,0,1,1,0,0,0,0,0,0,0,0,1,0,1,0	-0.985645,-1.858546,-0.072682,-2.379313,-2.885949,-1.117214,-1.398462,-0.955876,-2.156417,0.374092,0.062991,-1.133212,-1.096866,-4.572547,-1.713099,-1.028471,-2.094799,-0.492046,-0.900947,0.672526,-1.693683,0.758767,-0.656667
Slyc_HCT_XP_004235891.1	Slyc_HCT_XP_004235891.1	/content/drive/MyDrive/CS_5782_Final_Project/code_and_data/BAHD_lastLayer_embeddings/Slyc_HCT_XP_004235891.1_hidden_layer_steps10.pt	acceptor_superclass::Flavonoids;acceptor_superclass::Monoterpenoids;acceptor_superclass::Phenolic acids (C6-C1);acceptor_superclass::Triterpenoids;acceptor_superclass::Tyrosine alkaloids	acceptor_superclass::Phenolic acids (C6-C1);acceptor_superclass::Phenylpropanoids (C6-C3);acceptor_superclass::Small peptides	0,0,0,0,0,1,0,0,0,1,0,0,0,1,0,0,0,0,0,0,1,0,1	0,0,0,0,0,0,0,0,0,0,0,0,0,1,0,1,0,0,1,0,0,0,0	-1.389031,-0.800176,-1.542246,-1.026647,-1.427329,-0.827862,-1.273061,-1.285414,-1.642962,-1.986969,-1.122973,-2.152025,-1.381060,9.180305,-1.737648,0.729450,-1.622402,-1.380360,0.951908,-1.379105,-1.264988,-1.296341,-0.743796
Slyc_HQT_CAE46933.1	Slyc_HQT_CAE46933.1	/content/drive/MyDrive/CS_5782_Final_Project/code_and_data/BAHD_lastLayer_embeddings/Slyc_HQT_CAE46933.1_hidden_layer_steps10.pt	acceptor_superclass::Phenolic acids (C6-C1);acceptor_superclass::Phenylpropanoids (C6-C3)	acceptor_superclass::Phenolic acids (C6-C1);acceptor_superclass::Phenylpropanoids (C6-C3);acceptor_superclass::Small peptides	0,0,0,0,0,0,0,0,0,0,0,0,0,1,0,1,0,0,0,0,0,0,0	0,0,0,0,0,0,0,0,0,0,0,0,0,1,0,1,0,0,1,0,0,0,0	-1.493532,-1.121720,-0.833371,-1.198305,-0.032003,-2.151868,-0.756798,-0.730919,-0.996316,-2.474380,-1.446677,-2.217438,-1.289068,7.580811,-1.021694,0.914957,-1.230167,-1.154061,0.136174,-1.292016,-1.557494,-1.698193,-2.045333
Slyc_PHT1_UTQ10234.1	Slyc_PHT1_UTQ10234.1	/content/drive/MyDrive/CS_5782_Final_Project/code_and_data/BAHD_lastLayer_embeddings/Slyc_PHT1_UTQ10234.1_hidden_layer_steps10.pt	acceptor_superclass::Ornithine alkaloids;acceptor_superclass::Pseudoalkaloids	acceptor_superclass::Ornithine alkaloids;acceptor_superclass::Pseudoalkaloids	0,0,0,0,0,0,0,0,0,0,0,1,0,0,0,0,1,0,0,0,0,0,0	0,0,0,0,0,0,0,0,0,0,0,1,0,0,0,0,1,0,0,0,0,0,0	-1.503554,-1.120489,-0.997582,-1.313887,-1.494415,-1.418670,-1.232614,-1.086656,-0.850948,-0.696517,-1.315357,6.038276,-1.285714,-2.498411,-1.463408,-1.442341,5.102798,-1.074807,-1.065577,-1.762277,-1.801836,-1.556348,-1.504108
Slyc_PHT2_UTQ10235.1	Slyc_PHT2_UTQ10235.1	/content/drive/MyDrive/CS_5782_Final_Project/code_and_data/BAHD_lastLayer_embeddings/Slyc_PHT2_UTQ10235.1_hidden_layer_steps10.pt	acceptor_superclass::Ornithine alkaloids;acceptor_superclass::Pseudoalkaloids	acceptor_superclass::Ornithine alkaloids;acceptor_superclass::Pseudoalkaloids	0,0,0,0,0,0,0,0,0,0,0,1,0,0,0,0,1,0,0,0,0,0,0	0,0,0,0,0,0,0,0,0,0,0,1,0,0,0,0,1,0,0,0,0,0,0	-1.721704,-1.394893,-0.925469,-1.170967,-1.050148,-2.069174,-0.890901,-0.929773,-0.611891,-2.105702,-1.604886,6.805798,-1.321086,-2.076668,-1.651233,-1.638319,5.688113,-1.227966,-1.828154,-1.190915,-1.932294,-1.517441,-2.549018
Slyc_SHT_QNO39109.1	Slyc_SHT_QNO39109.1	/content/drive/MyDrive/CS_5782_Final_Project/code_and_data/BAHD_lastLayer_embeddings/Slyc_SHT_QNO39109.1_hidden_layer_steps10.pt	acceptor_superclass::Ornithine alkaloids	acceptor_superclass::Fatty acyls;acceptor_superclass::Ornithine alkaloids	0,0,0,0,0,0,0,0,0,0,0,1,0,0,0,0,0,0,0,0,0,0,0	0,0,0,0,1,0,0,0,0,0,0,1,0,0,0,0,0,0,0,0,0,0,0	-1.878234,-0.931981,-1.769574,-1.166504,0.302044,-1.370272,-1.167094,-1.069646,-0.959942,-1.346972,-2.987985,2.418444,-1.852077,-1.867793,-1.432304,-1.188895,-0.829628,-1.149305,-0.774784,-1.442233,-1.658894,-0.390038,-1.021389
Smel_SHT_AKP24035.1	Smel_SHT_AKP24035.1	/content/drive/MyDrive/CS_5782_Final_Project/code_and_data/BAHD_lastLayer_embeddings/Smel_SHT_AKP24035.1_hidden_layer_steps10.pt	acceptor_superclass::Ornithine alkaloids	acceptor_superclass::Ornithine alkaloids	0,0,0,0,0,0,0,0,0,0,0,1,0,0,0,0,0,0,0,0,0,0,0	0,0,0,0,0,0,0,0,0,0,0,1,0,0,0,0,0,0,0,0,0,0,0	-1.080530,-0.745788,-0.238322,-0.372309,-2.412505,-1.515063,-1.707787,-0.575842,-1.279295,-1.841750,-2.885479,2.056513,-0.910790,-3.770496,-1.380113,-2.189662,-0.609804,-1.106336,-1.016994,-1.042080,-0.714206,-0.933659,-1.290993
Smoe_HCT1a_XP_002979061.1	Smoe_HCT1a_XP_002979061.1	/content/drive/MyDrive/CS_5782_Final_Project/code_and_data/BAHD_lastLayer_embeddings/Smoe_HCT1a_XP_002979061.1_hidden_layer_steps10.pt	acceptor_superclass::Flavonoids;acceptor_superclass::Phenolic acids (C6-C1);acceptor_superclass::Small peptides	acceptor_superclass::Phenolic acids (C6-C1);acceptor_superclass::Small peptides	0,0,0,0,0,1,0,0,0,0,0,0,0,1,0,0,0,0,1,0,0,0,0	0,0,0,0,0,0,0,0,0,0,0,0,0,1,0,0,0,0,1,0,0,0,0	-0.960671,-1.115167,-1.278120,-0.807600,-2.521915,-0.576865,-1.832503,-0.946226,-1.132496,-1.612162,-1.276570,-1.615036,-0.912239,7.116160,-1.783918,-1.052234,-1.486908,-1.256430,0.230901,-1.161970,-0.801511,-1.260037,-0.332488
Sneo_AAT10247_BCJ78484.1	Sneo_AAT10247_BCJ78484.1	/content/drive/MyDrive/CS_5782_Final_Project/code_and_data/BAHD_lastLayer_embeddings/Sneo_AAT10247_BCJ78484.1_hidden_layer_steps10.pt	acceptor_superclass::Fatty acyls	acceptor_superclass::Fatty acyls;acceptor_superclass::Phenylethanoids (C6-C2)	0,0,0,0,1,0,0,0,0,0,0,0,0,0,0,0,0,0,0,0,0,0,0	0,0,0,0,1,0,0,0,0,0,0,0,0,0,1,0,0,0,0,0,0,0,0	-1.391704,-1.169564,-0.811633,-1.298743,6.960910,-1.600505,-1.525684,-1.673974,-0.960702,-1.347686,-1.520457,-1.195743,-1.546961,-4.026528,0.198054,-2.282933,-1.261498,-1.436479,-0.953314,-1.377165,-1.804829,-1.172611,-1.138152
Snig_AGAT1_WES72146.1	Snig_AGAT1_WES72146.1	/content/drive/MyDrive/CS_5782_Final_Project/code_and_data/BAHD_lastLayer_embeddings/Snig_AGAT1_WES72146.1_hidden_layer_steps10.pt		acceptor_superclass::Fatty acyls;acceptor_superclass::Flavonoids;acceptor_superclass::Monoterpenoids;acceptor_superclass::Phenylethanoids (C6-C2);acceptor_superclass::Pseudoalkaloids;acceptor_superclass::Small peptides;acceptor_superclass::Tryptophan alkaloids	0,0,0,0,0,0,0,0,0,0,0,0,0,0,0,0,0,0,0,0,0,0,0	0,0,0,0,1,1,0,0,0,1,0,0,0,0,1,0,1,0,1,0,0,1,0	-0.887443,-0.562710,-0.341509,-1.418579,1.455224,0.827451,-0.624892,-1.611756,-1.365257,0.242194,-1.422113,-0.752661,-0.805467,-1.841799,0.550515,-1.154000,0.135041,-1.890116,0.252529,-1.571597,-1.291406,0.439159,-1.720917
Snig_ASAT1_ART34015.1	Snig_ASAT1_ART34015.1	/content/drive/MyDrive/CS_5782_Final_Project/code_and_data/BAHD_lastLayer_embeddings/Snig_ASAT1_ART34015.1_hidden_layer_steps10.pt	acceptor_superclass::Saccharides	acceptor_superclass::Saccharides	0,0,0,0,0,0,0,0,0,0,0,0,0,0,0,0,0,1,0,0,0,0,0	0,0,0,0,0,0,0,0,0,0,0,0,0,0,0,0,0,1,0,0,0,0,0	-1.907138,-1.226373,-0.981172,-1.207561,-3.036261,-3.543475,-0.631017,-0.372255,-2.085216,-1.871828,-1.656695,-2.512734,-1.515079,-1.306109,-2.062650,-1.416307,-1.771758,1.717784,-2.181986,-1.318004,-0.717809,-1.069842,-0.856001
Snig_ASAT2_WES72145.1	Snig_ASAT2_WES72145.1	/content/drive/MyDrive/CS_5782_Final_Project/code_and_data/BAHD_lastLayer_embeddings/Snig_ASAT2_WES72145.1_hidden_layer_steps10.pt			0,0,0,0,0,0,0,0,0,0,0,0,0,0,0,0,0,0,0,0,0,0,0	0,0,0,0,0,0,0,0,0,0,0,0,0,0,0,0,0,0,0,0,0,0,0	-1.254985,-1.300708,-0.640549,-1.747765,-2.047591,-1.743650,-1.174449,-1.826918,-1.043035,-2.539631,-0.841017,-0.847246,-1.364560,-3.726998,-1.003029,-1.825691,-1.476474,-0.128653,-0.598315,-1.095874,-1.886058,-1.672515,-0.917346
Snux_AT_UQZ09626.1	Snux_AT_UQZ09626.1	/content/drive/MyDrive/CS_5782_Final_Project/code_and_data/BAHD_lastLayer_embeddings/Snux_AT_UQZ09626.1_hidden_layer_steps10.pt	acceptor_superclass::Tryptophan alkaloids	acceptor_superclass::Tryptophan alkaloids	0,0,0,0,0,0,0,0,0,0,0,0,0,0,0,0,0,0,0,0,0,1,0	0,0,0,0,0,0,0,0,0,0,0,0,0,0,0,0,0,0,0,0,0,1,0	-1.223447,-1.462985,-0.440914,-1.531628,-2.490867,-1.677285,-1.591872,-1.305454,-1.183544,-0.416589,-1.423988,-1.163460,-1.321343,-1.699230,-1.975074,-2.922736,-0.840559,-1.221929,-1.074258,-0.674602,-1.773857,2.610409,-0.688010
Soff_AAT1_BDW80084.1	Soff_AAT1_BDW80084.1	/content/drive/MyDrive/CS_5782_Final_Project/code_and_data/BAHD_lastLayer_embeddings/Soff_AAT1_BDW80084.1_hidden_layer_steps10.pt	acceptor_superclass::Naphthalenes	acceptor_superclass::Fatty acyls;acceptor_superclass::Naphthalenes	0,0,0,0,0,0,0,0,0,0,1,0,0,0,0,0,0,0,0,0,0,0,0	0,0,0,0,1,0,0,0,0,0,1,0,0,0,0,0,0,0,0,0,0,0,0	-1.323154,-0.950286,-1.078631,-1.539456,0.420808,-2.855160,-3.093817,-1.595503,-1.358803,-0.688259,5.209018,-1.296363,-1.235722,-4.269557,-0.214041,-2.320589,-1.533153,-1.894430,-2.081156,-2.861182,-1.221050,-0.789765,-1.230143
Sole_SOAP10_KNA12459.1	Sole_SOAP10_KNA12459.1	/content/drive/MyDrive/CS_5782_Final_Project/code_and_data/BAHD_lastLayer_embeddings/Sole_SOAP10_KNA12459.1_hidden_layer_steps10.pt	acceptor_superclass::Triterpenoids	acceptor_superclass::Cyclic polyketides;acceptor_superclass::Fatty acyls;acceptor_superclass::Phenylethanoids (C6-C2);acceptor_superclass::Phenylpropanoids (C6-C3);acceptor_superclass::Tryptophan alkaloids	0,0,0,0,0,0,0,0,0,0,0,0,0,0,0,0,0,0,0,0,1,0,0	0,1,0,0,1,0,0,0,0,0,0,0,0,0,1,1,0,0,0,0,0,1,0	-2.121490,0.217161,-0.931155,-1.284269,1.895698,-3.011567,-1.886024,-3.423825,-0.663750,-2.026011,-1.404427,-2.728177,-2.157643,-2.883723,2.717807,1.272901,-0.665907,-0.404759,-1.711809,-0.617622,-1.861973,0.047220,-2.090644
Some_HCT_EFJ20018.1	Some_HCT_EFJ20018.1	/content/drive/MyDrive/CS_5782_Final_Project/code_and_data/BAHD_lastLayer_embeddings/Some_HCT_EFJ20018.1_hidden_layer_steps10.pt	acceptor_superclass::Phenolic acids (C6-C1)	acceptor_superclass::Flavonoids;acceptor_superclass::Phenolic acids (C6-C1);acceptor_superclass::Small peptides	0,0,0,0,0,0,0,0,0,0,0,0,0,1,0,0,0,0,0,0,0,0,0	0,0,0,0,0,1,0,0,0,0,0,0,0,1,0,0,0,0,1,0,0,0,0	-0.960671,-1.115167,-1.278120,-0.807600,-2.521915,2.316447,-1.832503,-0.946226,-1.132496,-1.612162,-1.276570,-1.615036,-0.912239,7.116160,-1.783918,-1.052234,-1.486908,-1.256430,3.175900,-1.161970,-0.801511,-1.260037,-0.332488
Spen_AAT12560_BCJ78487.1	Spen_AAT12560_BCJ78487.1	/content/drive/MyDrive/CS_5782_Final_Project/code_and_data/BAHD_lastLayer_embeddings/Spen_AAT12560_BCJ78487.1_hidden_layer_steps10.pt	acceptor_superclass::Fatty acyls	acceptor_superclass::Fatty acyls;acceptor_superclass::Phenylethanoids (C6-C2)	0,0,0,0,1,0,0,0,0,0,0,0,0,0,0,0,0,0,0,0,0,0,0	0,0,0,0,1,0,0,0,0,0,0,0,0,0,1,0,0,0,0,0,0,0,0	-1.575521,-0.751483,-1.034483,-1.606372,6.332221,-1.531101,-1.237478,-1.201813,-1.193480,-1.209044,-2.392048,-1.245372,-1.416078,-3.274673,1.482262,-1.142601,-1.212329,-1.747756,-1.785114,-1.812105,-1.475034,-1.003219,-1.884174
Spen_AAT1_AIW04708.1	Spen_AAT1_AIW04708.1	/content/drive/MyDrive/CS_5782_Final_Project/code_and_data/BAHD_lastLayer_embeddings/Spen_AAT1_AIW04708.1_hidden_layer_steps10.pt	acceptor_superclass::Fatty acyls;acceptor_superclass::Phenylethanoids (C6-C2)	acceptor_superclass::Fatty acyls	0,0,0,0,1,0,0,0,0,0,0,0,0,0,1,0,0,0,0,0,0,0,0	0,0,0,0,1,0,0,0,0,0,0,0,0,0,0,0,0,0,0,0,0,0,0	-0.916295,-1.105357,-1.226979,-1.222640,6.478640,-2.073473,-1.505584,-1.713361,-1.166783,-1.247823,-1.264576,-1.352750,-0.687165,-3.598425,-1.163810,-1.794365,-1.409963,-1.456731,-2.039966,-1.217743,-1.750741,-1.305092,-1.297018
Spen_ASAT2_ALU64005.1	Spen_ASAT2_ALU64005.1	/content/drive/MyDrive/CS_5782_Final_Project/code_and_data/BAHD_lastLayer_embeddings/Spen_ASAT2_ALU64005.1_hidden_layer_steps10.pt			0,0,0,0,0,0,0,0,0,0,0,0,0,0,0,0,0,0,0,0,0,0,0	0,0,0,0,0,0,0,0,0,0,0,0,0,0,0,0,0,0,0,0,0,0,0	-0.837287,-1.515096,-0.552998,-0.908329,-2.315638,-0.878524,-0.746266,-1.302772,-1.185004,-1.652010,-0.863495,-3.175206,-1.050638,-2.394390,-2.193395,-1.314137,-1.525261,-0.735313,-1.626176,-1.390038,-0.760190,-1.922640,-2.139613
Spen_ASAT3_AJF98583.1	Spen_ASAT3_AJF98583.1	/content/drive/MyDrive/CS_5782_Final_Project/code_and_data/BAHD_lastLayer_embeddings/Spen_ASAT3_AJF98583.1_hidden_layer_steps10.pt			0,0,0,0,0,0,0,0,0,0,0,0,0,0,0,0,0,0,0,0,0,0,0	0,0,0,0,0,0,0,0,0,0,0,0,0,0,0,0,0,0,0,0,0,0,0	-0.650251,-1.299865,-1.298261,-1.350833,-1.475862,-1.313735,-2.373769,-0.904798,-1.645177,-1.711332,-0.432420,-0.710338,-0.493276,-4.118012,-1.456825,-2.718143,-1.371140,-0.938663,-1.048921,-1.315576,-1.556695,-1.485405,-0.872643
Spim_AAT11589_BCJ78481.1	Spim_AAT11589_BCJ78481.1	/content/drive/MyDrive/CS_5782_Final_Project/code_and_data/BAHD_lastLayer_embeddings/Spim_AAT11589_BCJ78481.1_hidden_layer_steps10.pt	acceptor_superclass::Fatty acyls	acceptor_superclass::Fatty acyls;acceptor_superclass::Phenylethanoids (C6-C2)	0,0,0,0,1,0,0,0,0,0,0,0,0,0,0,0,0,0,0,0,0,0,0	0,0,0,0,1,0,0,0,0,0,0,0,0,0,1,0,0,0,0,0,0,0,0	-1.236295,-1.065162,-1.241273,-1.137504,7.463320,-2.139296,-1.009756,-1.096963,-0.786120,-1.123406,-1.781880,-2.280957,-0.988798,-3.120994,0.488758,-0.539465,-1.661574,-1.328367,-0.990962,-1.113926,-1.517596,-1.544691,-1.401126
Spot_AT_UQZ09635.1	Spot_AT_UQZ09635.1	/content/drive/MyDrive/CS_5782_Final_Project/code_and_data/BAHD_lastLayer_embeddings/Spot_AT_UQZ09635.1_hidden_layer_steps10.pt	acceptor_superclass::Tryptophan alkaloids	acceptor_superclass::Tryptophan alkaloids	0,0,0,0,0,0,0,0,0,0,0,0,0,0,0,0,0,0,0,0,0,1,0	0,0,0,0,0,0,0,0,0,0,0,0,0,0,0,0,0,0,0,0,0,1,0	-1.772109,-1.254592,-1.685165,-1.320582,-3.235589,-0.974047,-2.162342,-1.618265,-0.638354,-0.448426,-1.426253,-1.640625,-1.754323,-3.268279,-2.062742,-2.505894,-1.315930,-0.737319,-1.891150,-1.052334,-0.730154,3.297083,-0.456991
Squi_ASAT1H_UTN00742.1	Squi_ASAT1H_UTN00742.1	/content/drive/MyDrive/CS_5782_Final_Project/code_and_data/BAHD_lastLayer_embeddings/Squi_ASAT1H_UTN00742.1_hidden_layer_steps10.pt		acceptor_superclass::Saccharides	0,0,0,0,0,0,0,0,0,0,0,0,0,0,0,0,0,0,0,0,0,0,0	0,0,0,0,0,0,0,0,0,0,0,0,0,0,0,0,0,1,0,0,0,0,0	-1.038944,-1.373966,-0.360585,-3.261053,-3.443029,-1.216964,-0.611964,-1.812132,-1.775643,-2.665848,-0.262458,-3.709638,-0.521210,-1.283643,-1.603396,-1.465179,-1.749162,0.509597,-0.831965,-1.835603,-0.003413,-0.822167,-0.452529
Squi_ASAT3H_UTN00743.1	Squi_ASAT3H_UTN00743.1	/content/drive/MyDrive/CS_5782_Final_Project/code_and_data/BAHD_lastLayer_embeddings/Squi_ASAT3H_UTN00743.1_hidden_layer_steps10.pt		acceptor_superclass::Naphthalenes;acceptor_superclass::Pseudoalkaloids	0,0,0,0,0,0,0,0,0,0,0,0,0,0,0,0,0,0,0,0,0,0,0	0,0,0,0,0,0,0,0,0,0,1,0,0,0,0,0,1,0,0,0,0,0,0	-1.327583,-0.190395,-1.827380,-1.251355,-0.151916,-3.036253,-1.142788,-1.303264,-0.785743,-1.506821,0.109649,-1.690926,-1.485638,-3.309758,-0.757508,-0.363856,0.005031,-1.222135,-1.433278,-1.458945,-1.962390,-0.604947,-2.369149
Squi_ASAT4H_QNR60312.1	Squi_ASAT4H_QNR60312.1	/content/drive/MyDrive/CS_5782_Final_Project/code_and_data/BAHD_lastLayer_embeddings/Squi_ASAT4H_QNR60312.1_hidden_layer_steps10.pt		acceptor_superclass::Fatty acyls;acceptor_superclass::Phenylpropanoids (C6-C3)	0,0,0,0,0,0,0,0,0,0,0,0,0,0,0,0,0,0,0,0,0,0,0	0,0,0,0,1,0,0,0,0,0,0,0,0,0,0,1,0,0,0,0,0,0,0	-1.286858,-1.109657,-1.754502,-1.933333,0.805656,-1.710617,-1.446370,-1.992920,-1.698122,-1.440163,-0.927861,-2.712959,-0.406528,-1.473987,-0.909931,0.068472,-2.150009,-1.791433,-1.321064,-0.970522,-0.269891,-0.777960,-2.994614
Squi_TAIAT_QNR60311.1	Squi_TAIAT_QNR60311.1	/content/drive/MyDrive/CS_5782_Final_Project/code_and_data/BAHD_lastLayer_embeddings/Squi_TAIAT_QNR60311.1_hidden_layer_steps10.pt		acceptor_superclass::Triterpenoids	0,0,0,0,0,0,0,0,0,0,0,0,0,0,0,0,0,0,0,0,0,0,0	0,0,0,0,0,0,0,0,0,0,0,0,0,0,0,0,0,0,0,0,1,0,0	-1.583971,-1.157008,-1.493984,-1.912018,-1.087579,-1.519173,-2.126676,-0.959221,-0.759404,-1.259201,-2.900950,-0.512797,-0.922856,-4.009096,-0.824000,-2.336487,-0.674128,-1.439420,-2.056545,-0.677095,0.266865,-0.604422,-1.720970
Sric_SHT_AMB21755.1	Sric_SHT_AMB21755.1	/content/drive/MyDrive/CS_5782_Final_Project/code_and_data/BAHD_lastLayer_embeddings/Sric_SHT_AMB21755.1_hidden_layer_steps10.pt	acceptor_superclass::Ornithine alkaloids	acceptor_superclass::Ornithine alkaloids	0,0,0,0,0,0,0,0,0,0,0,1,0,0,0,0,0,0,0,0,0,0,0	0,0,0,0,0,0,0,0,0,0,0,1,0,0,0,0,0,0,0,0,0,0,0	-0.884994,-1.104516,-0.748807,-1.066878,-1.220962,-1.093940,-1.572392,-1.237251,-1.756509,-1.685116,-1.889966,2.797586,-0.693281,-4.139232,-0.690463,-1.655694,-1.838818,-1.189768,-1.082488,-0.504350,-1.543029,-1.422199,-1.587911
Ssin_ASAT1_ART34011.1	Ssin_ASAT1_ART34011.1	/content/drive/MyDrive/CS_5782_Final_Project/code_and_data/BAHD_lastLayer_embeddings/Ssin_ASAT1_ART34011.1_hidden_layer_steps10.pt	acceptor_superclass::Saccharides	acceptor_superclass::Fatty Acids and Conjugates;acceptor_superclass::Saccharides;acceptor_superclass::Triterpenoids;acceptor_superclass::Tryptophan alkaloids	0,0,0,0,0,0,0,0,0,0,0,0,0,0,0,0,0,1,0,0,0,0,0	0,0,0,1,0,0,0,0,0,0,0,0,0,0,0,0,0,1,0,0,1,1,0	-1.016637,-1.386820,-1.135166,0.214611,-1.778860,-0.769944,-1.982803,-1.631402,-0.515752,-1.441587,-1.491096,-3.212640,-0.847032,-4.962697,-1.977438,-0.957890,-1.916393,1.376175,-1.944513,-0.201641,0.190764,0.349004,-1.119602
Ssin_ASAT2_ART34012.1	Ssin_ASAT2_ART34012.1	/content/drive/MyDrive/CS_5782_Final_Project/code_and_data/BAHD_lastLayer_embeddings/Ssin_ASAT2_ART34012.1_hidden_layer_steps10.pt		acceptor_superclass::Fatty Acids and Conjugates;acceptor_superclass::Flavonoids;acceptor_superclass::Isoflavonoids;acceptor_superclass::Saccharides	0,0,0,0,0,0,0,0,0,0,0,0,0,0,0,0,0,0,0,0,0,0,0	0,0,0,1,0,1,1,0,0,0,0,0,0,0,0,0,0,1,0,0,0,0,0	-1.401766,-0.556261,-1.418601,0.293829,-2.783791,0.020384,0.168165,-0.648650,-1.105979,-1.504960,-1.506146,-2.570194,-1.636694,-1.972477,-2.342187,-3.577971,-2.246924,2.289105,-1.532626,-2.094640,-0.696172,-0.348163,-1.856062
Ssin_ASAT3_ART34013.1	Ssin_ASAT3_ART34013.1	/content/drive/MyDrive/CS_5782_Final_Project/code_and_data/BAHD_lastLayer_embeddings/Ssin_ASAT3_ART34013.1_hidden_layer_steps10.pt			0,0,0,0,0,0,0,0,0,0,0,0,0,0,0,0,0,0,0,0,0,0,0	0,0,0,0,0,0,0,0,0,0,0,0,0,0,0,0,0,0,0,0,0,0,0	-1.279407,-1.145534,-2.188114,-3.052793,-2.178411,-1.373858,-1.252452,-0.921286,-1.558225,-1.314535,-0.393879,-2.698054,-1.508188,-2.789009,-1.051818,-0.602541,-1.445167,-0.521578,-0.414801,-1.552137,-1.071571,-0.469715,-2.359237
Ssin_ASAT5_ART34014.1	Ssin_ASAT5_ART34014.1	/content/drive/MyDrive/CS_5782_Final_Project/code_and_data/BAHD_lastLayer_embeddings/Ssin_ASAT5_ART34014.1_hidden_layer_steps10.pt		acceptor_superclass::Monoterpenoids;acceptor_superclass::Phenylethanoids (C6-C2);acceptor_superclass::Phenylpropanoids (C6-C3);acceptor_superclass::Triterpenoids	0,0,0,0,0,0,0,0,0,0,0,0,0,0,0,0,0,0,0,0,0,0,0	0,0,0,0,0,0,0,0,0,1,0,0,0,0,1,1,0,0,0,0,1,0,0	-1.395434,-0.897181,-0.595059,-1.929400,-1.371247,-0.957608,-0.338533,-1.894117,-1.424310,0.780750,-2.161728,-2.605263,-0.683897,-1.760030,0.331903,0.980979,-0.947193,-1.540919,-0.969943,-2.349080,1.325119,-0.711453,-0.213593
Sspl_5MAT1_AAL50566.1	Sspl_5MAT1_AAL50566.1	/content/drive/MyDrive/CS_5782_Final_Project/code_and_data/BAHD_lastLayer_embeddings/Sspl_5MAT1_AAL50566.1_hidden_layer_steps10.pt	acceptor_superclass::Flavonoids	acceptor_superclass::Coumarins;acceptor_superclass::Flavonoids;acceptor_superclass::Isoflavonoids;acceptor_superclass::Phenanthrenoids;acceptor_superclass::Steroids	0,0,0,0,0,1,0,0,0,0,0,0,0,0,0,0,0,0,0,0,0,0,0	1,0,0,0,0,1,1,0,0,0,0,0,1,0,0,0,0,0,0,1,0,0,0	0.259165,-1.049048,-1.356800,-3.225244,-2.224428,4.118654,2.576579,-0.571825,-0.324922,-1.722290,-1.562811,-0.861057,0.447006,-0.262045,-1.204695,-0.326761,-2.284938,-0.970609,-0.289519,1.329689,-0.838975,-0.999582,-2.634376
Sspl_5MAT2_AAR26385.1	Sspl_5MAT2_AAR26385.1	/content/drive/MyDrive/CS_5782_Final_Project/code_and_data/BAHD_lastLayer_embeddings/Sspl_5MAT2_AAR26385.1_hidden_layer_steps10.pt	acceptor_superclass::Flavonoids	acceptor_superclass::Diterpenoids;acceptor_superclass::Phenylethanoids (C6-C2)	0,0,0,0,0,1,0,0,0,0,0,0,0,0,0,0,0,0,0,0,0,0,0	0,0,1,0,0,0,0,0,0,0,0,0,0,0,1,0,0,0,0,0,0,0,0	-1.154480,-0.992263,0.912245,-2.189816,-2.572186,-0.832470,-2.218294,-1.376838,-0.704134,-2.662130,-1.044840,-0.713996,-0.701497,-4.261689,0.056712,-1.847235,-1.843489,-2.015037,-2.067589,-0.223540,-0.334728,-0.749995,-0.794198
Stub_COSY_M0ZYT4	Stub_COSY_M0ZYT4	/content/drive/MyDrive/CS_5782_Final_Project/code_and_data/BAHD_lastLayer_embeddings/Stub_COSY_M0ZYT4_hidden_layer_steps10.pt		acceptor_superclass::Isoflavonoids;acceptor_superclass::Pseudoalkaloids;acceptor_superclass::Tyrosine alkaloids	0,0,0,0,0,0,0,0,0,0,0,0,0,0,0,0,0,0,0,0,0,0,0	0,0,0,0,0,0,1,0,0,0,0,0,0,0,0,0,1,0,0,0,0,0,1	-1.355143,-1.019669,-1.602492,-0.150388,-2.235971,-0.825547,0.195252,-1.202773,-0.566320,-0.683992,-1.502886,-0.335365,-1.921713,-1.806888,-1.420815,-1.703144,0.035682,-0.947992,-1.104842,-1.170058,-1.917832,-0.627422,0.551742
Stub_FHT_NP_001275190.1	Stub_FHT_NP_001275190.1	/content/drive/MyDrive/CS_5782_Final_Project/code_and_data/BAHD_lastLayer_embeddings/Stub_FHT_NP_001275190.1_hidden_layer_steps10.pt	acceptor_superclass::Fatty Acids and Conjugates;acceptor_superclass::Fatty acyls	acceptor_superclass::Fatty Acids and Conjugates;acceptor_superclass::Fatty acyls	0,0,0,1,1,0,0,0,0,0,0,0,0,0,0,0,0,0,0,0,0,0,0	0,0,0,1,1,0,0,0,0,0,0,0,0,0,0,0,0,0,0,0,0,0,0	-1.304629,-1.265073,-1.430060,5.239550,3.384025,-1.559144,-1.314481,-1.166877,-1.860156,-0.383137,-2.241282,-1.484455,-1.515059,-1.775882,-1.357036,-2.515098,-2.063234,-1.211379,-1.111676,-0.806929,-0.315483,-1.474093,-0.298309
Taes_ACT1-1_BCN87078.1	Taes_ACT1-1_BCN87078.1	/content/drive/MyDrive/CS_5782_Final_Project/code_and_data/BAHD_lastLayer_embeddings/Taes_ACT1-1_BCN87078.1_hidden_layer_steps10.pt	acceptor_superclass::Ornithine alkaloids;acceptor_superclass::Pseudoalkaloids	acceptor_superclass::Ornithine alkaloids;acceptor_superclass::Pseudoalkaloids	0,0,0,0,0,0,0,0,0,0,0,1,0,0,0,0,1,0,0,0,0,0,0	0,0,0,0,0,0,0,0,0,0,0,1,0,0,0,0,1,0,0,0,0,0,0	-1.296292,-1.317053,-1.518561,-1.705375,-1.363295,-1.387957,-1.141742,-1.478544,-1.329220,-0.789622,-1.894804,10.353823,-1.306992,-1.593799,-1.240417,-2.148964,4.088628,-1.386207,-0.720716,-1.248199,-1.167184,-0.969104,-1.303037
Taes_ACT1-2_BCN87079.1	Taes_ACT1-2_BCN87079.1	/content/drive/MyDrive/CS_5782_Final_Project/code_and_data/BAHD_lastLayer_embeddings/Taes_ACT1-2_BCN87079.1_hidden_layer_steps10.pt	acceptor_superclass::Ornithine alkaloids;acceptor_superclass::Pseudoalkaloids	acceptor_superclass::Ornithine alkaloids;acceptor_superclass::Pseudoalkaloids	0,0,0,0,0,0,0,0,0,0,0,1,0,0,0,0,1,0,0,0,0,0,0	0,0,0,0,0,0,0,0,0,0,0,1,0,0,0,0,1,0,0,0,0,0,0	-1.112639,-1.166407,-1.586028,-0.856501,-1.407211,-1.901594,-1.481938,-1.298008,-1.002418,-0.934515,-1.318625,10.594284,-1.268512,-2.549962,-1.285587,-2.576633,4.162291,-1.147473,-1.043016,-1.274659,-0.842569,-0.857212,-1.551452
Taes_ACT2_AMY96376.1	Taes_ACT2_AMY96376.1	/content/drive/MyDrive/CS_5782_Final_Project/code_and_data/BAHD_lastLayer_embeddings/Taes_ACT2_AMY96376.1_hidden_layer_steps10.pt	acceptor_superclass::Ornithine alkaloids	acceptor_superclass::Ornithine alkaloids;acceptor_superclass::Pseudoalkaloids	0,0,0,0,0,0,0,0,0,0,0,1,0,0,0,0,0,0,0,0,0,0,0	0,0,0,0,0,0,0,0,0,0,0,1,0,0,0,0,1,0,0,0,0,0,0	-0.909057,-1.345332,-0.936198,-1.781030,-1.482150,-1.110883,-1.358347,-1.423311,-1.225934,-1.999138,-0.910715,9.157864,-0.983194,-2.459584,-1.159192,-1.415959,4.694552,-1.174871,-1.459522,-1.087127,-1.256254,-1.405570,-0.838456
Tant_HQT1_QCI44191.1	Tant_HQT1_QCI44191.1	/content/drive/MyDrive/CS_5782_Final_Project/code_and_data/BAHD_lastLayer_embeddings/Tant_HQT1_QCI44191.1_hidden_layer_steps10.pt	acceptor_superclass::Phenolic acids (C6-C1)	acceptor_superclass::Phenolic acids (C6-C1);acceptor_superclass::Phenylpropanoids (C6-C3);acceptor_superclass::Small peptides	0,0,0,0,0,0,0,0,0,0,0,0,0,1,0,0,0,0,0,0,0,0,0	0,0,0,0,0,0,0,0,0,0,0,0,0,1,0,1,0,0,1,0,0,0,0	-1.534899,-1.328867,-1.150644,-0.583161,-1.771156,-1.693302,-1.848015,-1.680230,-1.608995,-2.018938,-0.615032,-1.554590,-1.533841,7.960534,-1.455513,0.367104,-2.072392,-0.876101,0.161459,-1.819209,-1.482944,-1.888837,-1.596582
Tant_HQT2_QBQ52948.1	Tant_HQT2_QBQ52948.1	/content/drive/MyDrive/CS_5782_Final_Project/code_and_data/BAHD_lastLayer_embeddings/Tant_HQT2_QBQ52948.1_hidden_layer_steps10.pt	acceptor_superclass::Phenolic acids (C6-C1)	acceptor_superclass::Phenolic acids (C6-C1)	0,0,0,0,0,0,0,0,0,0,0,0,0,1,0,0,0,0,0,0,0,0,0	0,0,0,0,0,0,0,0,0,0,0,0,0,1,0,0,0,0,0,0,0,0,0	-1.689330,-1.168005,-1.165873,-1.124976,-1.592460,-1.926347,-1.450326,-0.603336,-1.212920,-1.478763,-1.978396,-2.152693,-1.836336,6.656486,-1.720060,-0.518583,-1.986548,-1.146527,-0.125784,-1.383475,-1.518577,-0.960908,-1.010983
Tcan_TAX10_AAM75818.1	Tcan_TAX10_AAM75818.1	/content/drive/MyDrive/CS_5782_Final_Project/code_and_data/BAHD_lastLayer_embeddings/Tcan_TAX10_AAM75818.1_hidden_layer_steps10.pt	acceptor_superclass::Diterpenoids	acceptor_superclass::Diterpenoids	0,0,1,0,0,0,0,0,0,0,0,0,0,0,0,0,0,0,0,0,0,0,0	0,0,1,0,0,0,0,0,0,0,0,0,0,0,0,0,0,0,0,0,0,0,0	-1.013962,-0.887726,5.278769,-1.629755,-0.711569,-0.531257,-1.078480,-0.727732,-1.400592,-0.634654,-1.910108,-1.366408,-0.919283,-2.544661,-0.525340,-1.707387,-1.569270,-0.847096,-2.494591,-0.948613,-1.523146,-1.418842,-2.124138
Tcus_BAPT_AAL92459.1	Tcus_BAPT_AAL92459.1	/content/drive/MyDrive/CS_5782_Final_Project/code_and_data/BAHD_lastLayer_embeddings/Tcus_BAPT_AAL92459.1_hidden_layer_steps10.pt	acceptor_superclass::Diterpenoids	acceptor_superclass::Diterpenoids;acceptor_superclass::Fatty acyls	0,0,1,0,0,0,0,0,0,0,0,0,0,0,0,0,0,0,0,0,0,0,0	0,0,1,0,1,0,0,0,0,0,0,0,0,0,0,0,0,0,0,0,0,0,0	-0.992908,-1.610994,2.970837,-1.693283,1.082872,-1.074042,-3.043649,-2.097764,-2.132892,-1.679707,-2.765944,-0.048777,-0.925859,-3.580138,-2.348427,-3.575628,-0.287323,-1.194016,-1.429648,-1.063663,-2.010194,-0.489356,-1.709744
Tcus_DBAT_AAF27621.1	Tcus_DBAT_AAF27621.1	/content/drive/MyDrive/CS_5782_Final_Project/code_and_data/BAHD_lastLayer_embeddings/Tcus_DBAT_AAF27621.1_hidden_layer_steps10.pt	acceptor_superclass::Diterpenoids	acceptor_superclass::Diterpenoids	0,0,1,0,0,0,0,0,0,0,0,0,0,0,0,0,0,0,0,0,0,0,0	0,0,1,0,0,0,0,0,0,0,0,0,0,0,0,0,0,0,0,0,0,0,0	-1.310632,-0.821485,4.837545,-1.373791,-2.018113,-1.882910,-1.846247,-0.884598,-0.529731,-1.366220,-1.875453,-1.199445,-1.169493,-3.769798,-1.636774,-1.820228,-0.260744,-0.955526,-0.622693,-1.029077,-0.814943,-1.366764,-1.179424
Tcus_TBT_AAG38049.1	Tcus_DBBT_AAG38049.1	/content/drive/MyDrive/CS_5782_Final_Project/code_and_data/BAHD_lastLayer_embeddings/Tcus_TBT_AAG38049.1_hidden_layer_steps10.pt	acceptor_superclass::Diterpenoids	acceptor_superclass::Diterpenoids	0,0,1,0,0,0,0,0,0,0,0,0,0,0,0,0,0,0,0,0,0,0,0	0,0,1,0,0,0,0,0,0,0,0,0,0,0,0,0,0,0,0,0,0,0,0	-1.145294,-1.353626,4.732417,-0.989092,-1.155807,-2.142188,-1.020582,-1.343167,-1.111979,-1.044346,-2.148217,-1.274816,-1.306825,-2.224726,-1.823537,-1.220930,-0.911193,-0.738213,-2.069188,-1.446049,-0.975177,-1.895943,-1.551653
Tcus_DBNTBT_AAM75818.1	Tcus_DBNTBT_AAM75818.1	/content/drive/MyDrive/CS_5782_Final_Project/code_and_data/BAHD_lastLayer_embeddings/Tcus_DBNTBT_AAM75818.1_hidden_layer_steps10.pt	acceptor_superclass::Diterpenoids	acceptor_superclass::Diterpenoids	0,0,1,0,0,0,0,0,0,0,0,0,0,0,0,0,0,0,0,0,0,0,0	0,0,1,0,0,0,0,0,0,0,0,0,0,0,0,0,0,0,0,0,0,0,0	-1.013962,-0.887726,5.278769,-1.629755,-0.711569,-0.531257,-1.078480,-0.727732,-1.400592,-0.634654,-1.910108,-1.366408,-0.919283,-2.544661,-0.525340,-1.707387,-1.569270,-0.847096,-2.494591,-0.948613,-1.523146,-1.418842,-2.124138
Tcus_TAT_AAF34254.1	Tcus_TAT_AAF34254.1	/content/drive/MyDrive/CS_5782_Final_Project/code_and_data/BAHD_lastLayer_embeddings/Tcus_TAT_AAF34254.1_hidden_layer_steps10.pt	acceptor_superclass::Diterpenoids	acceptor_superclass::Diterpenoids	0,0,1,0,0,0,0,0,0,0,0,0,0,0,0,0,0,0,0,0,0,0,0	0,0,1,0,0,0,0,0,0,0,0,0,0,0,0,0,0,0,0,0,0,0,0	-0.763126,-1.417939,2.406841,-0.319832,-1.279955,-0.793536,-1.024627,-0.586958,-1.254696,-2.277432,-0.615217,-1.765722,-0.649052,-2.589129,-1.964849,-0.752268,-1.904237,-1.643185,-2.484989,-1.377047,-0.806600,-1.835157,-1.853461
Tcus_TAX19_AAU89980.1	Tcus_TAX19_AAU89980.1	/content/drive/MyDrive/CS_5782_Final_Project/code_and_data/BAHD_lastLayer_embeddings/Tcus_TAX19_AAU89980.1_hidden_layer_steps10.pt		acceptor_superclass::Diterpenoids;acceptor_superclass::Monoterpenoids;acceptor_superclass::Triterpenoids	0,0,0,0,0,0,0,0,0,0,0,0,0,0,0,0,0,0,0,0,0,0,0	0,0,1,0,0,0,0,0,0,1,0,0,0,0,0,0,0,0,0,0,1,0,0	-1.691676,-0.825785,3.224775,-1.035744,-1.112206,-3.016659,-1.893012,-1.840093,-1.369926,0.048740,-0.683633,-0.956293,-2.221250,-2.418998,-0.826403,-1.341916,-1.766214,-1.400368,-1.375086,-0.931521,0.053687,-0.036826,-1.195320
Tcus_TAT_AAF34254.1	Tcus_TAX1_AAF34254.1	/content/drive/MyDrive/CS_5782_Final_Project/code_and_data/BAHD_lastLayer_embeddings/Tcus_TAT_AAF34254.1_hidden_layer_steps10.pt		acceptor_superclass::Diterpenoids	0,0,0,0,0,0,0,0,0,0,0,0,0,0,0,0,0,0,0,0,0,0,0	0,0,1,0,0,0,0,0,0,0,0,0,0,0,0,0,0,0,0,0,0,0,0	-0.763126,-1.417939,5.368207,-0.319832,-1.279955,-0.793536,-1.024627,-0.586958,-1.254696,-2.277432,-0.615217,-1.765722,-0.649052,-2.589129,-1.964849,-0.752268,-1.904237,-1.643185,-2.484989,-1.377047,-0.806600,-1.835157,-1.853461
Tcus_TBT_AAG38049.1	Tcus_TBT_AAG38049.1	/content/drive/MyDrive/CS_5782_Final_Project/code_and_data/BAHD_lastLayer_embeddings/Tcus_TBT_AAG38049.1_hidden_layer_steps10.pt	acceptor_superclass::Diterpenoids	acceptor_superclass::Diterpenoids	0,0,1,0,0,0,0,0,0,0,0,0,0,0,0,0,0,0,0,0,0,0,0	0,0,1,0,0,0,0,0,0,0,0,0,0,0,0,0,0,0,0,0,0,0,0	-1.145294,-1.353626,4.732417,-0.989092,-1.155807,-2.142188,-1.020582,-1.343167,-1.111979,-1.044346,-2.148217,-1.274816,-1.306825,-2.224726,-1.823537,-1.220930,-0.911193,-0.738213,-2.069188,-1.446049,-0.975177,-1.895943,-1.551653
Tmed_BAHD22_QDM39185.1	Tmed_BAHD22_QDM39185.1	/content/drive/MyDrive/CS_5782_Final_Project/code_and_data/BAHD_lastLayer_embeddings/Tmed_BAHD22_QDM39185.1_hidden_layer_steps10.pt	acceptor_superclass::Diterpenoids	acceptor_superclass::Diterpenoids	0,0,1,0,0,0,0,0,0,0,0,0,0,0,0,0,0,0,0,0,0,0,0	0,0,1,0,0,0,0,0,0,0,0,0,0,0,0,0,0,0,0,0,0,0,0	-0.949025,-1.296707,4.070127,-0.702502,-3.086170,-2.208102,-1.900784,-1.323073,-0.230107,-0.655172,-1.487351,-2.891312,-1.045305,-3.140589,-1.378056,-2.181359,-1.338889,-1.560791,-1.996815,-1.234027,-1.209233,-0.792372,-1.802870
Tmed_BAHD6-13_BEK82039.1	Tmed_BAHD6-13_BEK82039.1	/content/drive/MyDrive/CS_5782_Final_Project/code_and_data/BAHD_lastLayer_embeddings/Tmed_BAHD6-13_BEK82039.1_hidden_layer_steps10.pt	acceptor_superclass::Diterpenoids	acceptor_superclass::Diterpenoids	0,0,1,0,0,0,0,0,0,0,0,0,0,0,0,0,0,0,0,0,0,0,0	0,0,1,0,0,0,0,0,0,0,0,0,0,0,0,0,0,0,0,0,0,0,0	-1.250265,-1.297113,4.210350,-0.922239,-2.397914,-2.223840,-1.403009,-1.172624,-0.465662,-1.486558,-1.376433,-2.992541,-1.478779,-1.990447,-1.150180,-0.946078,-2.663963,-0.939464,-1.968153,-1.032507,-1.421463,-0.508659,-0.612362
Tmed_DBAT_QDM39186.1	Tmed_DBAT_QDM39186.1	/content/drive/MyDrive/CS_5782_Final_Project/code_and_data/BAHD_lastLayer_embeddings/Tmed_DBAT_QDM39186.1_hidden_layer_steps10.pt	acceptor_superclass::Diterpenoids	acceptor_superclass::Diterpenoids	0,0,1,0,0,0,0,0,0,0,0,0,0,0,0,0,0,0,0,0,0,0,0	0,0,1,0,0,0,0,0,0,0,0,0,0,0,0,0,0,0,0,0,0,0,0	-1.309863,-1.197907,3.987663,-1.859513,-2.666242,-1.542112,-1.334931,-1.058350,-1.470826,-1.572322,-2.324084,-1.049104,-1.224055,-3.750967,-1.812824,-1.356524,-1.274493,-0.898475,-2.180261,-1.532991,-0.497190,-0.909154,-2.064445
Tmed_TAT_QDM39184.1	Tmed_TAT_QDM39184.1	/content/drive/MyDrive/CS_5782_Final_Project/code_and_data/BAHD_lastLayer_embeddings/Tmed_TAT_QDM39184.1_hidden_layer_steps10.pt	acceptor_superclass::Diterpenoids	acceptor_superclass::Diterpenoids	0,0,1,0,0,0,0,0,0,0,0,0,0,0,0,0,0,0,0,0,0,0,0	0,0,1,0,0,0,0,0,0,0,0,0,0,0,0,0,0,0,0,0,0,0,0	-1.167432,-1.722513,4.340262,-1.711387,-1.235173,-2.867751,-2.576781,-0.873347,-0.681091,-0.631987,-0.895469,-0.395760,-1.436877,-3.813433,-2.378769,-2.278222,-0.663029,-2.521586,-1.785059,-0.510393,-1.270930,-2.322173,-1.893496
Tpra_HST_ACI16630.1	Tpra_HCT1A_ACI16630.1	/content/drive/MyDrive/CS_5782_Final_Project/code_and_data/BAHD_lastLayer_embeddings/Tpra_HST_ACI16630.1_hidden_layer_steps10.pt	acceptor_superclass::Phenolic acids (C6-C1)	acceptor_superclass::Phenolic acids (C6-C1);acceptor_superclass::Small peptides	0,0,0,0,0,0,0,0,0,0,0,0,0,1,0,0,0,0,0,0,0,0,0	0,0,0,0,0,0,0,0,0,0,0,0,0,1,0,0,0,0,1,0,0,0,0	-1.437676,-1.061193,-1.040540,-1.603350,-1.024423,-0.248444,-1.309350,-1.189532,-1.259884,-0.665915,-1.661625,-1.896748,-1.707941,9.204720,-1.680612,-0.568397,-1.289145,-1.538544,0.582039,-1.171502,-0.572696,-2.001690,-0.549461
Tpra_HMT_ACI16631.1	Tpra_HCT2_ACI16631.1	/content/drive/MyDrive/CS_5782_Final_Project/code_and_data/BAHD_lastLayer_embeddings/Tpra_HMT_ACI16631.1_hidden_layer_steps10.pt	acceptor_superclass::Fatty Acids and Conjugates	acceptor_superclass::Fatty Acids and Conjugates;acceptor_superclass::Small peptides;acceptor_superclass::Tyrosine alkaloids	0,0,0,1,0,0,0,0,0,0,0,0,0,0,0,0,0,0,0,0,0,0,0	0,0,0,1,0,0,0,0,0,0,0,0,0,0,0,0,0,0,1,0,0,0,1	-0.636403,-1.402150,-1.372937,3.116562,-1.490040,-1.460232,-1.448936,-0.756055,-0.965279,-0.814427,-0.850486,-1.541466,-1.028263,-2.333930,-0.937792,-1.931249,-1.366202,-1.065630,0.682108,-0.718808,-0.914052,-1.795005,0.870321
Tpra_HDT1_AXB87812.1	Tpra_HDT1_AXB87812.1	/content/drive/MyDrive/CS_5782_Final_Project/code_and_data/BAHD_lastLayer_embeddings/Tpra_HDT1_AXB87812.1_hidden_layer_steps10.pt	acceptor_superclass::Small peptides;acceptor_superclass::Tyrosine alkaloids	acceptor_superclass::Fatty Acids and Conjugates;acceptor_superclass::Small peptides	0,0,0,0,0,0,0,0,0,0,0,0,0,0,0,0,0,0,1,0,0,0,1	0,0,0,1,0,0,0,0,0,0,0,0,0,0,0,0,0,0,1,0,0,0,0	-1.661841,-1.278323,-0.776781,1.643949,-0.755536,-2.449412,-0.824954,-1.377543,-1.201749,-1.613772,-2.304575,-0.817714,-1.185014,-2.147130,-1.033238,-0.561486,-0.595172,-1.422044,2.802573,-0.920351,-1.405940,-0.887632,-1.619854
Tpra_HDT1_AXB87812.1	Tpra_HDT_AXB87812.1	/content/drive/MyDrive/CS_5782_Final_Project/code_and_data/BAHD_lastLayer_embeddings/Tpra_HDT1_AXB87812.1_hidden_layer_steps10.pt	acceptor_superclass::Small peptides	acceptor_superclass::Fatty Acids and Conjugates;acceptor_superclass::Small peptides;acceptor_superclass::Tyrosine alkaloids	0,0,0,0,0,0,0,0,0,0,0,0,0,0,0,0,0,0,1,0,0,0,0	0,0,0,1,0,0,0,0,0,0,0,0,0,0,0,0,0,0,1,0,0,0,1	-1.661841,-1.278323,-0.776781,1.643949,-0.755536,-2.449412,-0.824954,-1.377543,-1.201749,-1.613772,-2.304575,-0.817714,-1.185014,-2.147130,-1.033238,-0.561486,-0.595172,-1.422044,2.802573,-0.920351,-1.405940,-0.887632,2.929888
Tpra_HMT_ACI16631.1	Tpra_HMT_ACI16631.1	/content/drive/MyDrive/CS_5782_Final_Project/code_and_data/BAHD_lastLayer_embeddings/Tpra_HMT_ACI16631.1_hidden_layer_steps10.pt	acceptor_superclass::Fatty Acids and Conjugates	acceptor_superclass::Fatty Acids and Conjugates;acceptor_superclass::Small peptides;acceptor_superclass::Tyrosine alkaloids	0,0,0,1,0,0,0,0,0,0,0,0,0,0,0,0,0,0,0,0,0,0,0	0,0,0,1,0,0,0,0,0,0,0,0,0,0,0,0,0,0,1,0,0,0,1	-0.636403,-1.402150,-1.372937,3.116562,-1.490040,-1.460232,-1.448936,-0.756055,-0.965279,-0.814427,-0.850486,-1.541466,-1.028263,-2.333930,-0.937792,-1.931249,-1.366202,-1.065630,0.682108,-0.718808,-0.914052,-1.795005,0.870321
Tpra_HST_ACI16630.1	Tpra_HST_ACI16630.1	/content/drive/MyDrive/CS_5782_Final_Project/code_and_data/BAHD_lastLayer_embeddings/Tpra_HST_ACI16630.1_hidden_layer_steps10.pt	acceptor_superclass::Phenolic acids (C6-C1)	acceptor_superclass::Phenolic acids (C6-C1);acceptor_superclass::Small peptides	0,0,0,0,0,0,0,0,0,0,0,0,0,1,0,0,0,0,0,0,0,0,0	0,0,0,0,0,0,0,0,0,0,0,0,0,1,0,0,0,0,1,0,0,0,0	-1.437676,-1.061193,-1.040540,-1.603350,-1.024423,-0.248444,-1.309350,-1.189532,-1.259884,-0.665915,-1.661625,-1.896748,-1.707941,9.204720,-1.680612,-0.568397,-1.289145,-1.538544,0.582039,-1.171502,-0.572696,-2.001690,-0.549461
Twal_DBAT_AFD32413.1	Twal_DBAT_AFD32413.1	/content/drive/MyDrive/CS_5782_Final_Project/code_and_data/BAHD_lastLayer_embeddings/Twal_DBAT_AFD32413.1_hidden_layer_steps10.pt	acceptor_superclass::Diterpenoids	acceptor_superclass::Diterpenoids	0,0,1,0,0,0,0,0,0,0,0,0,0,0,0,0,0,0,0,0,0,0,0	0,0,1,0,0,0,0,0,0,0,0,0,0,0,0,0,0,0,0,0,0,0,0	-1.438277,-1.390098,4.709574,-2.007947,-3.046252,-0.471312,-1.814838,-1.188851,-1.500962,-1.017076,-2.096018,-1.230648,-1.781430,-3.431595,-1.739787,-1.331581,-0.989622,-0.893203,-1.051133,-1.502731,-1.770609,-1.632236,-2.595747
Vhyb_3MAT1_AAS77402.1	Vhyb_3MAT1_AAS77402.1	/content/drive/MyDrive/CS_5782_Final_Project/code_and_data/BAHD_lastLayer_embeddings/Vhyb_3MAT1_AAS77402.1_hidden_layer_steps10.pt	acceptor_superclass::Flavonoids;acceptor_superclass::Isoflavonoids;acceptor_superclass::Phenolic acids (C6-C1)	acceptor_superclass::Flavonoids;acceptor_superclass::Isoflavonoids;acceptor_superclass::Phenolic acids (C6-C1)	0,0,0,0,0,1,1,0,0,0,0,0,0,1,0,0,0,0,0,0,0,0,0	0,0,0,0,0,1,1,0,0,0,0,0,0,1,0,0,0,0,0,0,0,0,0	-0.792906,-1.490510,-2.371799,-1.787387,-2.749401,5.209964,1.342106,-0.912098,-1.654231,-1.281105,-0.999122,-1.393728,-0.631479,0.603159,-1.564247,-1.000507,-1.650033,-1.256446,-1.464504,-0.042455,-0.961150,-0.456670,-0.507915
Vlab_AMAT_AAW22989.1	Vlab_AMAT_AAW22989.1	/content/drive/MyDrive/CS_5782_Final_Project/code_and_data/BAHD_lastLayer_embeddings/Vlab_AMAT_AAW22989.1_hidden_layer_steps10.pt	acceptor_superclass::Fatty acyls	acceptor_superclass::Fatty acyls;acceptor_superclass::Phenylethanoids (C6-C2);acceptor_superclass::Phenylpropanoids (C6-C3)	0,0,0,0,1,0,0,0,0,0,0,0,0,0,0,0,0,0,0,0,0,0,0	0,0,0,0,1,0,0,0,0,0,0,0,0,0,1,1,0,0,0,0,0,0,0	-1.280948,-0.958303,-0.728784,-1.022053,3.447828,-1.274904,-2.545740,-0.735521,-0.035116,-0.382503,-1.432684,-3.042760,-1.763025,-2.786417,0.164720,2.083840,-1.316107,-0.978885,-1.321394,-0.986978,-1.308371,-2.359451,-1.735938
Vvin_3AT_AKF15588.1	Vvin_3AT_AKF15588.1	/content/drive/MyDrive/CS_5782_Final_Project/code_and_data/BAHD_lastLayer_embeddings/Vvin_3AT_AKF15588.1_hidden_layer_steps10.pt	acceptor_superclass::Flavonoids	acceptor_superclass::Ornithine alkaloids;acceptor_superclass::Pseudoalkaloids	0,0,0,0,0,1,0,0,0,0,0,0,0,0,0,0,0,0,0,0,0,0,0	0,0,0,0,0,0,0,0,0,0,0,1,0,0,0,0,1,0,0,0,0,0,0	-1.277235,-1.702434,-1.543070,-1.556640,-1.146590,-2.489156,-0.860258,-1.223257,-0.927102,-2.482261,-1.542246,0.971719,-0.450856,-1.845022,-1.868648,-0.410440,0.246056,-1.278299,-1.346264,-1.266107,-0.516576,-0.264556,-2.707696
Vvin_AAT2_CBI26419.3	Vvin_AAT2_CBI26419.3	/content/drive/MyDrive/CS_5782_Final_Project/code_and_data/BAHD_lastLayer_embeddings/Vvin_AAT2_CBI26419.3_hidden_layer_steps10.pt	acceptor_superclass::Fatty acyls;acceptor_superclass::Phenylethanoids (C6-C2)	acceptor_superclass::Fatty acyls;acceptor_superclass::Phenylethanoids (C6-C2);acceptor_superclass::Phenylpropanoids (C6-C3)	0,0,0,0,1,0,0,0,0,0,0,0,0,0,1,0,0,0,0,0,0,0,0	0,0,0,0,1,0,0,0,0,0,0,0,0,0,1,1,0,0,0,0,0,0,0	-1.226699,-1.200809,-1.392807,-1.536605,2.455251,-2.023939,-1.519694,-1.395103,-0.901185,-0.438983,-1.385133,-2.296439,-1.438403,-2.735084,0.240708,0.416147,-1.915527,-1.136656,-1.724698,-0.950544,-1.832949,-0.919570,-1.637856
Vvin_SHT_QNO39112.1	Vvin_SHT_QNO39112.1	/content/drive/MyDrive/CS_5782_Final_Project/code_and_data/BAHD_lastLayer_embeddings/Vvin_SHT_QNO39112.1_hidden_layer_steps10.pt	acceptor_superclass::Ornithine alkaloids	acceptor_superclass::Ornithine alkaloids;acceptor_superclass::Pseudoalkaloids	0,0,0,0,0,0,0,0,0,0,0,1,0,0,0,0,0,0,0,0,0,0,0	0,0,0,0,0,0,0,0,0,0,0,1,0,0,0,0,1,0,0,0,0,0,0	-1.171947,-0.728163,-1.242902,-1.856967,-1.488225,-1.640616,-1.686596,-1.122217,-1.260317,-0.892906,-1.990530,3.851753,-1.178253,-0.255076,-0.920646,-1.175534,0.344444,-1.485612,-1.364043,-0.358761,-2.578518,-1.398255,-1.372071
Wlon_BAT1_NA	Wlon_BAT1_NA	/content/drive/MyDrive/CS_5782_Final_Project/code_and_data/BAHD_lastLayer_embeddings/Wlon_BAT1_NA_hidden_layer_steps10.pt	acceptor_superclass::Monoterpenoids	acceptor_superclass::Monoterpenoids	0,0,0,0,0,0,0,0,0,1,0,0,0,0,0,0,0,0,0,0,0,0,0	0,0,0,0,0,0,0,0,0,1,0,0,0,0,0,0,0,0,0,0,0,0,0	-1.307155,-0.821754,-0.861892,-1.002530,-1.272925,-2.410057,-1.435154,-0.932706,-1.147620,4.299606,-1.363159,-1.539148,-1.370945,-2.465457,-1.010813,-0.621202,-2.154095,-0.886666,-2.162308,-1.041185,-0.464882,-2.093259,-1.348416
Wlon_BAT2_NA	Wlon_BAT2_NA	/content/drive/MyDrive/CS_5782_Final_Project/code_and_data/BAHD_lastLayer_embeddings/Wlon_BAT2_NA_hidden_layer_steps10.pt	acceptor_superclass::Monoterpenoids	acceptor_superclass::Monoterpenoids;acceptor_superclass::Tryptophan alkaloids	0,0,0,0,0,0,0,0,0,1,0,0,0,0,0,0,0,0,0,0,0,0,0	0,0,0,0,0,0,0,0,0,1,0,0,0,0,0,0,0,0,0,0,0,1,0	-1.300237,-1.387811,-1.458480,-1.717885,-2.307780,-1.213457,-1.019261,-0.903582,-1.044405,4.240469,-1.931541,-2.309957,-1.177736,-2.407078,-1.843168,-1.395081,-1.087465,-1.036824,-2.236707,-1.728139,-1.147907,0.240254,-1.126213
Wlon_BAT3_NA	Wlon_BAT3_NA	/content/drive/MyDrive/CS_5782_Final_Project/code_and_data/BAHD_lastLayer_embeddings/Wlon_BAT3_NA_hidden_layer_steps10.pt	acceptor_superclass::Monoterpenoids	acceptor_superclass::Monoterpenoids	0,0,0,0,0,0,0,0,0,1,0,0,0,0,0,0,0,0,0,0,0,0,0	0,0,0,0,0,0,0,0,0,1,0,0,0,0,0,0,0,0,0,0,0,0,0	-0.735537,-1.681844,-0.139934,-1.236990,-1.157343,-1.204962,-1.384665,-1.244842,-2.093670,3.871560,-1.859902,-0.467290,-0.739147,-3.790823,-0.552567,-0.814168,-1.443899,-0.913355,-1.803498,-0.752330,-1.307986,-1.050819,-0.996022
Wvil_BAT1_WvBAHD8	Wvil_BAT1_WvBAHD8	/content/drive/MyDrive/CS_5782_Final_Project/code_and_data/BAHD_lastLayer_embeddings/Wvil_BAT1_WvBAHD8_hidden_layer_steps10.pt	acceptor_superclass::Monoterpenoids	acceptor_superclass::Fatty acyls;acceptor_superclass::Lignans;acceptor_superclass::Monoterpenoids;acceptor_superclass::Phenylethanoids (C6-C2);acceptor_superclass::Phenylpropanoids (C6-C3)	0,0,0,0,0,0,0,0,0,1,0,0,0,0,0,0,0,0,0,0,0,0,0	0,0,0,0,1,0,0,1,0,1,0,0,0,0,1,1,0,0,0,0,0,0,0	-0.807854,-1.671052,-0.933790,-1.351677,1.416623,-1.314671,-1.431449,0.049066,-0.775624,0.995665,-1.389482,-2.467829,-0.846687,-4.339707,0.823400,1.492311,-1.635979,-1.538752,-1.712023,-1.454073,-2.332433,-1.060018,-0.276133
Wvil_BAT2_WvBAHD14	Wvil_BAT2_WvBAHD14	/content/drive/MyDrive/CS_5782_Final_Project/code_and_data/BAHD_lastLayer_embeddings/Wvil_BAT2_WvBAHD14_hidden_layer_steps10.pt	acceptor_superclass::Monoterpenoids	acceptor_superclass::Monoterpenoids;acceptor_superclass::Phenylpropanoids (C6-C3)	0,0,0,0,0,0,0,0,0,1,0,0,0,0,0,0,0,0,0,0,0,0,0	0,0,0,0,0,0,0,0,0,1,0,0,0,0,0,1,0,0,0,0,0,0,0	-0.361424,-0.819297,-0.913684,-0.532832,-0.038015,-1.530061,-1.745927,-0.938545,-0.819072,1.307973,-0.760650,-2.380098,-0.447440,-3.776932,-0.500623,1.872732,-1.521484,-0.730293,-1.324615,-0.821755,-2.722477,-1.412998,-1.175720
Wvil_BAT3_WvBAHD39	Wvil_BAT3_WvBAHD39	/content/drive/MyDrive/CS_5782_Final_Project/code_and_data/BAHD_lastLayer_embeddings/Wvil_BAT3_WvBAHD39_hidden_layer_steps10.pt	acceptor_superclass::Monoterpenoids	acceptor_superclass::Monoterpenoids	0,0,0,0,0,0,0,0,0,1,0,0,0,0,0,0,0,0,0,0,0,0,0	0,0,0,0,0,0,0,0,0,1,0,0,0,0,0,0,0,0,0,0,0,0,0	-0.863297,-1.175093,-1.394523,-1.301974,-1.016274,-1.778496,-1.620695,-1.490217,-0.893818,4.361943,-1.056532,-1.728066,-0.580682,-3.012621,-0.417671,-0.093986,-1.669132,-1.014235,-2.811519,-1.274673,-0.681638,-0.709211,-1.585420
Wvil_BAT4_WvBAHD40	Wvil_BAT4_WvBAHD40	/content/drive/MyDrive/CS_5782_Final_Project/code_and_data/BAHD_lastLayer_embeddings/Wvil_BAT4_WvBAHD40_hidden_layer_steps10.pt	acceptor_superclass::Monoterpenoids	acceptor_superclass::Fatty acyls;acceptor_superclass::Monoterpenoids	0,0,0,0,0,0,0,0,0,1,0,0,0,0,0,0,0,0,0,0,0,0,0	0,0,0,0,1,0,0,0,0,1,0,0,0,0,0,0,0,0,0,0,0,0,0	-1.225978,-1.101488,-0.404196,-1.945930,0.258250,-0.874137,-1.127818,-1.144708,-1.933426,3.268329,-1.348585,-1.707570,-1.359418,-2.427824,-0.509559,-0.738576,-1.328213,-0.704026,-0.991209,-1.343514,-1.144862,-1.140056,-1.846276
Wvil_BAT5_WvBAHD50	Wvil_BAT5_WvBAHD50	/content/drive/MyDrive/CS_5782_Final_Project/code_and_data/BAHD_lastLayer_embeddings/Wvil_BAT5_WvBAHD50_hidden_layer_steps10.pt	acceptor_superclass::Monoterpenoids	acceptor_superclass::Monoterpenoids	0,0,0,0,0,0,0,0,0,1,0,0,0,0,0,0,0,0,0,0,0,0,0	0,0,0,0,0,0,0,0,0,1,0,0,0,0,0,0,0,0,0,0,0,0,0	-0.934049,-1.612240,-1.025283,-2.528850,-0.260288,-0.629144,-1.023524,-1.162868,-0.825493,0.366339,-1.463667,-1.843872,-0.850381,-1.823315,-0.410649,-0.104102,-0.013965,-1.135976,-0.677204,-0.907564,-2.695247,-1.388505,-0.954215
Wvil_BAT6_WvBAHD28	Wvil_BAT6_WvBAHD28	/content/drive/MyDrive/CS_5782_Final_Project/code_and_data/BAHD_lastLayer_embeddings/Wvil_BAT6_WvBAHD28_hidden_layer_steps10.pt	acceptor_superclass::Monoterpenoids	acceptor_superclass::Coumarins;acceptor_superclass::Phenanthrenoids;acceptor_superclass::Phenolic acids (C6-C1);acceptor_superclass::Small peptides	0,0,0,0,0,0,0,0,0,1,0,0,0,0,0,0,0,0,0,0,0,0,0	1,0,0,0,0,0,0,0,0,0,0,0,1,1,0,0,0,0,1,0,0,0,0	0.102038,-1.214205,-0.160026,-0.755178,-2.689140,-1.484076,-3.404186,-1.782130,-0.207775,-1.010448,-0.395423,-0.438841,0.136889,2.666031,-1.997143,-0.605260,-0.323066,-3.129923,1.666316,-1.656978,-0.785824,-0.721717,-1.090713
Zmay_AAT1_ONM11762.1	Zmay_AAT1_ONM11762.1	/content/drive/MyDrive/CS_5782_Final_Project/code_and_data/BAHD_lastLayer_embeddings/Zmay_AAT1_ONM11762.1_hidden_layer_steps10.pt	acceptor_superclass::Flavonoids	acceptor_superclass::Flavonoids;acceptor_superclass::Isoflavonoids;acceptor_superclass::Saccharides	0,0,0,0,0,1,0,0,0,0,0,0,0,0,0,0,0,0,0,0,0,0,0	0,0,0,0,0,1,1,0,0,0,0,0,0,0,0,0,0,1,0,0,0,0,0	-0.811377,-0.418173,-1.488790,-1.212284,-1.319105,5.170122,3.977207,-1.596769,-1.598099,-0.390176,-1.212544,-1.663855,-0.740072,-2.242155,-0.854696,-1.436638,-1.002788,0.506030,-2.279535,-1.050711,-1.322579,-0.972172,-0.117179
Zmay_CAT_ACF87722.1	Zmay_CAT_ACF87722.1	/content/drive/MyDrive/CS_5782_Final_Project/code_and_data/BAHD_lastLayer_embeddings/Zmay_CAT_ACF87722.1_hidden_layer_steps10.pt		acceptor_superclass::Monoterpenoids;acceptor_superclass::Phenylpropanoids (C6-C3)	0,0,0,0,0,0,0,0,0,0,0,0,0,0,0,0,0,0,0,0,0,0,0	0,0,0,0,0,0,0,0,0,1,0,0,0,0,0,1,0,0,0,0,0,0,0	-1.092340,-0.868590,-0.995428,-1.124998,-2.537864,-1.407615,-1.145373,-1.010547,-0.891220,0.315341,-1.075100,-2.552396,-1.287394,-2.078963,-1.133603,5.062475,-1.273949,-1.621110,-1.182183,-1.280629,-1.246129,-0.767092,-0.599674
Zmay_FMT_AQK78565.1	Zmay_FMT_AQK78565.1	/content/drive/MyDrive/CS_5782_Final_Project/code_and_data/BAHD_lastLayer_embeddings/Zmay_FMT_AQK78565.1_hidden_layer_steps10.pt	acceptor_superclass::Phenylpropanoids (C6-C3)	acceptor_superclass::Monoterpenoids;acceptor_superclass::Phenylpropanoids (C6-C3)	0,0,0,0,0,0,0,0,0,0,0,0,0,0,0,1,0,0,0,0,0,0,0	0,0,0,0,0,0,0,0,0,1,0,0,0,0,0,1,0,0,0,0,0,0,0	-1.752444,-1.169659,-0.654974,-2.005491,-1.898770,-1.977546,-1.791327,-1.662017,-1.117572,0.054378,-2.755999,-0.164542,-1.727846,-4.969840,-1.365843,3.294802,-0.916380,-1.109739,-1.650843,-1.755652,-0.964870,-2.019971,-1.313823
