fasta_id	enzyme_id	true_labels	predicted_labels	true_vector	pred_vector	score_vector
Aagr_HCT6_QPI70575.1	Aagr_HCT6_QPI70575.1	acceptor_superclass::Phenolic acids (C6-C1);acceptor_superclass::Small peptides	acceptor_superclass::Fatty Acids and Conjugates;acceptor_superclass::Lysine alkaloids;acceptor_superclass::Monoterpenoids;acceptor_superclass::Naphthalenes;acceptor_superclass::Phenanthrenoids;acceptor_superclass::Phenolic acids (C6-C1);acceptor_superclass::Phenylethanoids (C6-C2);acceptor_superclass::Phenylpropanoids (C6-C3);acceptor_superclass::Saccharides;acceptor_superclass::Small peptides	0,0,0,0,0,0,0,0,0,0,0,0,0,1,0,0,0,0,1,0,0,0,0	0,0,0,1,0,0,0,0,1,1,1,0,1,1,1,1,0,1,1,0,0,0,0	-0.015230,-0.398030,-0.087876,0.199676,-0.165992,-0.161425,-0.036569,-0.141244,0.461361,0.274786,0.298639,-0.137428,0.520729,0.177693,0.244898,0.080918,-0.417550,0.042143,0.081654,-0.239592,-0.577900,-0.493118,-0.309622
Aagr_HFT-like_Aagr000038l.49.1	Aagr_HFT-like_Aagr000038l.49.1	acceptor_superclass::Fatty Acids and Conjugates	acceptor_superclass::Fatty Acids and Conjugates;acceptor_superclass::Pseudoalkaloids	0,0,0,1,0,0,0,0,0,0,0,0,0,0,0,0,0,0,0,0,0,0,0	0,0,0,1,0,0,0,0,0,0,0,0,0,0,0,0,1,0,0,0,0,0,0	-0.364578,-0.196799,-0.494597,0.144530,-0.164665,-0.158311,-0.489740,-0.235403,-0.352914,-0.184269,-0.504927,-0.000149,-0.154461,-0.373478,-0.102226,-0.163231,0.109141,-0.211311,-0.331715,-0.116152,-0.180463,-0.327259,-0.205935
Abel_TS_WPF47615.1	Abel_TS_WPF47615.1		acceptor_superclass::Diterpenoids;acceptor_superclass::Lysine alkaloids;acceptor_superclass::Monoterpenoids;acceptor_superclass::Naphthalenes;acceptor_superclass::Phenylpropanoids (C6-C3);acceptor_superclass::Saccharides;acceptor_superclass::Tryptophan alkaloids;acceptor_superclass::Tyrosine alkaloids	0,0,0,0,0,0,0,0,0,0,0,0,0,0,0,0,0,0,0,0,0,0,0	0,0,1,0,0,0,0,0,1,1,1,0,0,0,0,1,0,1,0,0,0,1,1	-0.920280,-0.266923,0.268422,-0.605938,-0.032743,-0.634459,-0.903520,-0.718376,0.197794,0.180457,0.152795,-0.204798,-0.939823,-1.241240,-0.119951,0.071098,-0.162936,0.344126,-0.888928,-0.621270,-0.056314,0.372077,0.030240
Achi_AT16_PSS01274.1	Achi_AT16_PSS01274.1	acceptor_superclass::Fatty acyls	acceptor_superclass::Monoterpenoids;acceptor_superclass::Pseudoalkaloids;acceptor_superclass::Steroids	0,0,0,0,1,0,0,0,0,0,0,0,0,0,0,0,0,0,0,0,0,0,0	0,0,0,0,0,0,0,0,0,1,0,0,0,0,0,0,1,0,0,1,0,0,0	-0.367707,-0.018041,-0.228781,-0.017624,-0.049272,-0.183878,-0.445872,-0.199189,-0.111331,0.040381,-0.402523,-0.114652,-0.005072,-0.722800,-0.150448,-0.109887,0.062300,-0.238574,-0.469786,0.048241,-0.165972,-0.172741,-0.408666
Achi_FHT_PSR89440.1	Achi_FHT_PSR89440.1	acceptor_superclass::Fatty Acids and Conjugates;acceptor_superclass::Fatty acyls	acceptor_superclass::Fatty Acids and Conjugates;acceptor_superclass::Fatty acyls;acceptor_superclass::Phenylpropanoids (C6-C3)	0,0,0,1,1,0,0,0,0,0,0,0,0,0,0,0,0,0,0,0,0,0,0	0,0,0,1,1,0,0,0,0,0,0,0,0,0,0,1,0,0,0,0,0,0,0	-3.232338,-2.838070,-2.216119,0.348974,0.801221,-0.648596,-3.755437,-0.297890,-0.541107,-0.149369,-4.125412,-1.491040,-2.646895,-0.907338,-0.001703,0.548299,-1.382971,-1.931360,-0.742888,-2.749604,-0.952052,-2.276598,-0.689657
Aeri_AT9_AIC83789.1	Aeri_AT9_AIC83789.1	acceptor_superclass::Fatty acyls	acceptor_superclass::Fatty acyls;acceptor_superclass::Monoterpenoids;acceptor_superclass::Ornithine alkaloids;acceptor_superclass::Phenylpropanoids (C6-C3);acceptor_superclass::Pseudoalkaloids	0,0,0,0,1,0,0,0,0,0,0,0,0,0,0,0,0,0,0,0,0,0,0	0,0,0,0,1,0,0,0,0,1,0,1,0,0,0,1,1,0,0,0,0,0,0	-1.891740,-0.863026,-3.773175,-0.163100,0.304695,-0.372564,-2.561569,-1.615952,-1.696222,0.079025,-3.726006,0.783371,-1.047704,-2.682092,-0.032620,0.022716,0.235180,-2.109124,-1.312604,-1.262934,-1.285307,-1.844580,-1.058377
Aeuc_AAT1_BDW80083.1	Aeuc_AAT1_BDW80083.1	acceptor_superclass::Naphthalenes	acceptor_superclass::Lignans;acceptor_superclass::Naphthalenes;acceptor_superclass::Phenylpropanoids (C6-C3);acceptor_superclass::Triterpenoids;acceptor_superclass::Tryptophan alkaloids	0,0,0,0,0,0,0,0,0,0,1,0,0,0,0,0,0,0,0,0,0,0,0	0,0,0,0,0,0,0,1,0,0,1,0,0,0,0,1,0,0,0,0,1,1,0	-3.836545,-1.637409,-0.703642,-1.989087,-0.661963,-1.883344,-4.053528,0.204323,-0.228053,-0.339165,0.768642,-1.262741,-1.189806,-3.053935,-0.373100,0.133983,-1.123872,-0.547954,-2.836604,-1.129341,0.327959,0.854436,-0.063957
Aeuc_AAT2_BDW80089.1	Aeuc_AAT2_BDW80089.1	acceptor_superclass::Naphthalenes	acceptor_superclass::Cyclic polyketides;acceptor_superclass::Diterpenoids;acceptor_superclass::Lysine alkaloids;acceptor_superclass::Monoterpenoids;acceptor_superclass::Naphthalenes;acceptor_superclass::Pseudoalkaloids;acceptor_superclass::Saccharides;acceptor_superclass::Steroids;acceptor_superclass::Triterpenoids;acceptor_superclass::Tryptophan alkaloids	0,0,0,0,0,0,0,0,0,0,1,0,0,0,0,0,0,0,0,0,0,0,0	0,1,1,0,0,0,0,0,1,1,1,0,0,0,0,0,1,1,0,1,1,1,0	-0.621104,0.127491,0.350116,-0.215458,-0.078867,-0.347412,-0.816842,-0.147682,0.097666,0.366510,0.291074,-0.135392,-0.063218,-1.412914,-0.145525,-0.146390,0.089730,0.248090,-1.060262,0.012695,0.115015,0.324692,-0.639622
Aeuc_SAT2_BDW80080.1	Aeuc_SAT2_BDW80080.1	acceptor_superclass::Naphthalenes	acceptor_superclass::Lignans;acceptor_superclass::Naphthalenes;acceptor_superclass::Phenylethanoids (C6-C2);acceptor_superclass::Triterpenoids;acceptor_superclass::Tryptophan alkaloids;acceptor_superclass::Tyrosine alkaloids	0,0,0,0,0,0,0,0,0,0,1,0,0,0,0,0,0,0,0,0,0,0,0	0,0,0,0,0,0,0,1,0,0,1,0,0,0,1,0,0,0,0,0,1,1,1	-5.528573,-0.945662,-0.433540,-2.636830,-0.500031,-2.020503,-5.913171,0.343332,-3.850959,-0.119999,2.920888,-1.051142,-1.172348,-3.426681,0.052650,-0.164354,-1.010286,-0.558120,-3.978742,-6.435037,1.398050,1.963794,0.624214
Amem_AT7-3_WMQ79387.1	Amem_AT7-3_WMQ79387.1	acceptor_superclass::Triterpenoids	acceptor_superclass::Coumarins;acceptor_superclass::Fatty Acids and Conjugates;acceptor_superclass::Isoflavonoids;acceptor_superclass::Lysine alkaloids;acceptor_superclass::Monoterpenoids;acceptor_superclass::Naphthalenes;acceptor_superclass::Phenanthrenoids;acceptor_superclass::Phenolic acids (C6-C1);acceptor_superclass::Phenylethanoids (C6-C2);acceptor_superclass::Phenylpropanoids (C6-C3);acceptor_superclass::Saccharides;acceptor_superclass::Small peptides	0,0,0,0,0,0,0,0,0,0,0,0,0,0,0,0,0,0,0,0,1,0,0	1,0,0,1,0,0,1,0,1,1,1,0,1,1,1,1,0,1,1,0,0,0,0	0.019746,-0.302276,-0.024417,0.100672,-0.152276,-0.133350,0.011082,-0.107716,0.267593,0.286996,0.217992,-0.142595,0.389643,0.114368,0.186436,0.053073,-0.344012,0.101837,0.080989,-0.227262,-0.525062,-0.352509,-0.363338
Arac_HPT1_QAA12830.1	Arac_HPT1_QAA12830.1	acceptor_superclass::Phenylpropanoids (C6-C3)	acceptor_superclass::Fatty Acids and Conjugates;acceptor_superclass::Flavonoids;acceptor_superclass::Lignans;acceptor_superclass::Phenolic acids (C6-C1);acceptor_superclass::Phenylethanoids (C6-C2);acceptor_superclass::Pseudoalkaloids;acceptor_superclass::Small peptides;acceptor_superclass::Steroids	0,0,0,0,0,0,0,0,0,0,0,0,0,0,0,1,0,0,0,0,0,0,0	0,0,0,1,0,1,0,1,0,0,0,0,0,1,1,0,1,0,1,1,0,0,0	-0.375356,-0.379783,-0.662484,0.089775,-0.068931,0.104724,-0.139195,0.003249,-0.421270,-0.248562,-0.856948,-0.000846,-0.314126,0.299557,0.105181,-0.161387,0.108101,-0.144716,0.286594,0.056264,-0.138116,-0.850692,-0.016953
Asat_HCBT_BAC78635.1	Asat_HCBT_BAC78635.1	acceptor_superclass::Small peptides	acceptor_superclass::Fatty Acids and Conjugates;acceptor_superclass::Phenolic acids (C6-C1);acceptor_superclass::Phenylethanoids (C6-C2);acceptor_superclass::Phenylpropanoids (C6-C3);acceptor_superclass::Small peptides;acceptor_superclass::Tyrosine alkaloids	0,0,0,0,0,0,0,0,0,0,0,0,0,0,0,0,0,0,1,0,0,0,0	0,0,0,1,0,0,0,0,0,0,0,0,0,1,1,1,0,0,1,0,0,0,1	-3.802863,-4.954217,-3.677995,0.100025,-1.109343,-1.371632,-4.831076,-0.279705,-3.100053,-1.639403,-5.473221,-2.073007,-2.919293,2.092094,1.101349,0.285162,-2.304708,-1.292073,0.795441,-3.748180,-0.489892,-3.278515,0.324524
Asat_HHT1_BAC78633.1	Asat_HHT1_BAC78633.1	acceptor_superclass::Phenolic acids (C6-C1)	acceptor_superclass::Fatty Acids and Conjugates;acceptor_superclass::Lysine alkaloids;acceptor_superclass::Monoterpenoids;acceptor_superclass::Naphthalenes;acceptor_superclass::Phenanthrenoids;acceptor_superclass::Phenolic acids (C6-C1);acceptor_superclass::Phenylethanoids (C6-C2);acceptor_superclass::Phenylpropanoids (C6-C3);acceptor_superclass::Saccharides;acceptor_superclass::Small peptides	0,0,0,0,0,0,0,0,0,0,0,0,0,1,0,0,0,0,0,0,0,0,0	0,0,0,1,0,0,0,0,1,1,1,0,1,1,1,1,0,1,1,0,0,0,0	-0.024260,-0.528269,-0.142426,0.313308,-0.213380,-0.218004,-0.071438,-0.176585,0.640517,0.337524,0.390901,-0.145159,0.684465,0.221919,0.304632,0.105347,-0.538901,0.021011,0.107990,-0.283217,-0.714289,-0.667810,-0.343552
Asat_HHT4_QDC27803.1	Asat_HHT4_QDC27803.1	acceptor_superclass::Phenolic acids (C6-C1)	acceptor_superclass::Fatty Acids and Conjugates;acceptor_superclass::Phenolic acids (C6-C1);acceptor_superclass::Phenylethanoids (C6-C2);acceptor_superclass::Phenylpropanoids (C6-C3);acceptor_superclass::Small peptides;acceptor_superclass::Tyrosine alkaloids	0,0,0,0,0,0,0,0,0,0,0,0,0,1,0,0,0,0,0,0,0,0,0	0,0,0,1,0,0,0,0,0,0,0,0,0,1,1,1,0,0,1,0,0,0,1	-3.962520,-4.476446,-3.084922,0.037853,-0.757361,-1.054635,-4.675344,-0.017717,-2.405583,-1.218170,-5.289161,-2.116056,-3.439150,2.077374,0.615282,0.227050,-2.042452,-1.241140,0.858655,-3.647816,-0.574720,-2.890682,0.392414
Asch_AKS1_URS65387.1	Asch_AKS1_URS65387.1	acceptor_superclass::Tryptophan alkaloids	acceptor_superclass::Coumarins;acceptor_superclass::Diterpenoids;acceptor_superclass::Fatty Acids and Conjugates;acceptor_superclass::Isoflavonoids;acceptor_superclass::Lysine alkaloids;acceptor_superclass::Monoterpenoids;acceptor_superclass::Naphthalenes;acceptor_superclass::Phenanthrenoids;acceptor_superclass::Phenolic acids (C6-C1);acceptor_superclass::Phenylethanoids (C6-C2);acceptor_superclass::Phenylpropanoids (C6-C3);acceptor_superclass::Saccharides;acceptor_superclass::Small peptides	0,0,0,0,0,0,0,0,0,0,0,0,0,0,0,0,0,0,0,0,0,1,0	1,0,1,1,0,0,1,0,1,1,1,0,1,1,1,1,0,1,1,0,0,0,0	0.021105,-0.344819,0.001521,0.130766,-0.168758,-0.157395,0.004084,-0.118066,0.282222,0.339121,0.236038,-0.172168,0.425098,0.106364,0.198508,0.033529,-0.374933,0.114381,0.076387,-0.223731,-0.572431,-0.387536,-0.377845
Asch_AKS2_URS65388.1	Asch_AKS2_URS65388.1	acceptor_superclass::Tryptophan alkaloids	acceptor_superclass::Cyclic polyketides;acceptor_superclass::Diterpenoids;acceptor_superclass::Lysine alkaloids;acceptor_superclass::Monoterpenoids;acceptor_superclass::Naphthalenes;acceptor_superclass::Pseudoalkaloids;acceptor_superclass::Saccharides;acceptor_superclass::Steroids;acceptor_superclass::Triterpenoids;acceptor_superclass::Tryptophan alkaloids	0,0,0,0,0,0,0,0,0,0,0,0,0,0,0,0,0,0,0,0,0,1,0	0,1,1,0,0,0,0,0,1,1,1,0,0,0,0,0,1,1,0,1,1,1,0	-0.659755,0.115587,0.328029,-0.232396,-0.046712,-0.384683,-0.904285,-0.156687,0.089557,0.376981,0.236771,-0.170947,-0.132935,-1.421424,-0.173999,-0.158441,0.078725,0.256394,-1.070974,0.019959,0.121160,0.339006,-0.629807
Asin_FMT_AHL24755.1	Asin_FMT_AHL24755.1	acceptor_superclass::Phenylpropanoids (C6-C3)	acceptor_superclass::Coumarins;acceptor_superclass::Diterpenoids;acceptor_superclass::Fatty Acids and Conjugates;acceptor_superclass::Isoflavonoids;acceptor_superclass::Lysine alkaloids;acceptor_superclass::Monoterpenoids;acceptor_superclass::Naphthalenes;acceptor_superclass::Phenanthrenoids;acceptor_superclass::Phenolic acids (C6-C1);acceptor_superclass::Phenylethanoids (C6-C2);acceptor_superclass::Phenylpropanoids (C6-C3);acceptor_superclass::Saccharides;acceptor_superclass::Small peptides	0,0,0,0,0,0,0,0,0,0,0,0,0,0,0,1,0,0,0,0,0,0,0	1,0,1,1,0,0,1,0,1,1,1,0,1,1,1,1,0,1,1,0,0,0,0	0.027193,-0.265656,0.003395,0.063817,-0.120711,-0.121262,0.037127,-0.101605,0.200958,0.285545,0.181104,-0.153772,0.323512,0.093872,0.172152,0.034280,-0.301393,0.119052,0.068659,-0.204776,-0.467681,-0.290103,-0.323533
Atha_3AT1_AEE27636.1	Atha_3AT1_AEE27636.1	acceptor_superclass::Flavonoids	acceptor_superclass::Coumarins;acceptor_superclass::Flavonoids;acceptor_superclass::Isoflavonoids;acceptor_superclass::Ornithine alkaloids;acceptor_superclass::Phenanthrenoids;acceptor_superclass::Pseudoalkaloids;acceptor_superclass::Steroids	0,0,0,0,0,1,0,0,0,0,0,0,0,0,0,0,0,0,0,0,0,0,0	1,0,0,0,0,1,1,0,0,0,0,1,1,0,0,0,1,0,0,1,0,0,0	1.446461,-1.486456,-8.198993,-1.584686,-3.168160,1.819540,1.919005,-2.537986,-4.524172,-3.750030,-0.534068,0.092189,1.061794,-1.728554,-1.569890,-3.085682,0.157955,-4.557346,-1.214790,1.172882,-0.718503,-2.847704,-1.029470
Atha_3AT2_AAF86513.1	Atha_3AT2_AAF86513.1	acceptor_superclass::Flavonoids	acceptor_superclass::Coumarins;acceptor_superclass::Flavonoids;acceptor_superclass::Isoflavonoids;acceptor_superclass::Phenanthrenoids;acceptor_superclass::Steroids	0,0,0,0,0,1,0,0,0,0,0,0,0,0,0,0,0,0,0,0,0,0,0	1,0,0,0,0,1,1,0,0,0,0,0,1,0,0,0,0,0,0,1,0,0,0	1.429987,-1.738574,-7.686427,-1.597189,-2.922040,1.568522,1.700067,-2.455111,-4.192846,-3.685782,-0.171604,-0.393512,1.026429,-1.616366,-1.343170,-2.812120,-0.264392,-4.447624,-1.310727,1.094026,-0.642700,-2.657962,-0.992392
Atha_5MAT_BAB01191.1	Atha_5MAT_BAB01191.1	acceptor_superclass::Flavonoids	acceptor_superclass::Coumarins;acceptor_superclass::Flavonoids;acceptor_superclass::Isoflavonoids;acceptor_superclass::Naphthalenes;acceptor_superclass::Ornithine alkaloids;acceptor_superclass::Phenanthrenoids;acceptor_superclass::Steroids	0,0,0,0,0,1,0,0,0,0,0,0,0,0,0,0,0,0,0,0,0,0,0	1,0,0,0,0,1,1,0,0,0,1,1,1,0,0,0,0,0,0,1,0,0,0	1.365812,-0.195240,-7.963794,-1.240839,-2.379652,2.224418,1.621335,-5.826184,-7.523369,-2.692968,0.146284,0.183448,0.955931,-3.880377,-1.065851,-2.313683,-0.168492,-6.562614,-2.180115,1.530228,-2.087031,-1.409533,-1.264851
Atha_ACT1_NP_200924.1	Atha_ACT1_NP_200924.1	acceptor_superclass::Ornithine alkaloids;acceptor_superclass::Pseudoalkaloids	acceptor_superclass::Coumarins;acceptor_superclass::Cyclic polyketides;acceptor_superclass::Flavonoids;acceptor_superclass::Isoflavonoids;acceptor_superclass::Ornithine alkaloids;acceptor_superclass::Phenanthrenoids;acceptor_superclass::Phenolic acids (C6-C1);acceptor_superclass::Phenylethanoids (C6-C2);acceptor_superclass::Pseudoalkaloids;acceptor_superclass::Small peptides;acceptor_superclass::Steroids;acceptor_superclass::Triterpenoids	0,0,0,0,0,0,0,0,0,0,0,1,0,0,0,0,1,0,0,0,0,0,0	1,1,0,0,0,1,1,0,0,0,0,1,1,1,1,0,1,0,1,1,1,0,0	0.967263,0.427252,-1.253764,-0.380880,-0.411718,1.473437,1.382907,-0.657411,-0.814433,-0.724867,-0.712069,0.182102,1.114301,0.219594,0.308846,-1.048028,0.064526,-1.113147,0.096023,0.732714,0.337716,-0.912361,-0.431184
Atha_HHT1_AAL34170.1	Atha_ASFT_NP_851111.1	acceptor_superclass::Fatty Acids and Conjugates;acceptor_superclass::Fatty acyls	acceptor_superclass::Fatty acyls;acceptor_superclass::Monoterpenoids;acceptor_superclass::Phenylpropanoids (C6-C3)	0,0,0,1,1,0,0,0,0,0,0,0,0,0,0,0,0,0,0,0,0,0,0	0,0,0,0,1,0,0,0,0,1,0,0,0,0,0,1,0,0,0,0,0,0,0	-7.070863,-4.330468,-0.378424,-0.546320,0.441185,-0.709195,-8.648040,-1.018048,-1.464959,0.553300,-4.262759,-1.641612,-2.439125,-1.093040,-0.136581,0.109545,-0.622251,-1.064364,-1.233292,-8.391532,-0.437023,-1.217341,-0.545813
Atha_AT3G47170_NP_190301.2	Atha_AT3G47170_NP_190301.2	acceptor_superclass::Ornithine alkaloids;acceptor_superclass::Pseudoalkaloids	acceptor_superclass::Cyclic polyketides;acceptor_superclass::Monoterpenoids;acceptor_superclass::Phenanthrenoids;acceptor_superclass::Pseudoalkaloids;acceptor_superclass::Steroids	0,0,0,0,0,0,0,0,0,0,0,1,0,0,0,0,1,0,0,0,0,0,0	0,1,0,0,0,0,0,0,0,1,0,0,1,0,0,0,1,0,0,1,0,0,0	-0.381373,0.060590,-0.056811,-0.063038,-0.064771,-0.129076,-0.416863,-0.192125,-0.122733,0.177405,-0.306333,-0.082777,0.060204,-0.929165,-0.147766,-0.124328,0.076694,-0.158334,-0.626957,0.091722,-0.049040,-0.034626,-0.506486
Atha_PHT_OAO95042.1	Atha_AT5G07080_OAO95042.1	acceptor_superclass::Ornithine alkaloids;acceptor_superclass::Pseudoalkaloids	acceptor_superclass::Coumarins;acceptor_superclass::Diterpenoids;acceptor_superclass::Fatty Acids and Conjugates;acceptor_superclass::Isoflavonoids;acceptor_superclass::Lysine alkaloids;acceptor_superclass::Monoterpenoids;acceptor_superclass::Naphthalenes;acceptor_superclass::Phenanthrenoids;acceptor_superclass::Phenolic acids (C6-C1);acceptor_superclass::Phenylethanoids (C6-C2);acceptor_superclass::Phenylpropanoids (C6-C3);acceptor_superclass::Saccharides;acceptor_superclass::Small peptides	0,0,0,0,0,0,0,0,0,0,0,1,0,0,0,0,1,0,0,0,0,0,0	1,0,1,1,0,0,1,0,1,1,1,0,1,1,1,1,0,1,1,0,0,0,0	0.042084,-0.216343,0.038180,0.033667,-0.135420,-0.095761,0.048266,-0.075975,0.138218,0.259258,0.161658,-0.161957,0.282316,0.074456,0.135859,0.011004,-0.276128,0.148088,0.063396,-0.178717,-0.457748,-0.240850,-0.348502
Atha_BIA1_CAB10319.1	Atha_BIA1_CAB10319.1	acceptor_superclass::Steroids	acceptor_superclass::Naphthalenes;acceptor_superclass::Phenylethanoids (C6-C2);acceptor_superclass::Saccharides;acceptor_superclass::Triterpenoids;acceptor_superclass::Tryptophan alkaloids;acceptor_superclass::Tyrosine alkaloids	0,0,0,0,0,0,0,0,0,0,0,0,0,0,0,0,0,0,0,1,0,0,0	0,0,0,0,0,0,0,0,0,0,1,0,0,0,1,0,0,1,0,0,1,1,1	-5.435821,-1.643813,-0.841717,-1.372210,-0.560572,-1.490482,-6.024493,-0.548757,-3.260121,-0.058020,0.458636,-0.793192,-0.935599,-2.192883,0.309720,-0.210179,-0.765468,0.031390,-2.314878,-6.303457,0.891731,1.235487,0.280412
Atha_CHAT_AAN09797.1	Atha_CHAT_AAN09797.1	acceptor_superclass::Fatty acyls;acceptor_superclass::Monoterpenoids;acceptor_superclass::Phenylethanoids (C6-C2);acceptor_superclass::Phenylpropanoids (C6-C3)	acceptor_superclass::Cyclic polyketides;acceptor_superclass::Monoterpenoids;acceptor_superclass::Pseudoalkaloids;acceptor_superclass::Steroids	0,0,0,0,1,0,0,0,0,1,0,0,0,0,1,1,0,0,0,0,0,0,0	0,1,0,0,0,0,0,0,0,1,0,0,0,0,0,0,1,0,0,1,0,0,0	-0.416149,0.037269,-0.172261,-0.058446,-0.010979,-0.202256,-0.480347,-0.212819,-0.148333,0.088462,-0.383419,-0.103285,-0.052715,-0.798591,-0.198137,-0.152743,0.079621,-0.250640,-0.525193,0.086580,-0.095128,-0.098841,-0.464720
Atha_COSY_AEE31013.1	Atha_COSY_AEE31013.1		acceptor_superclass::Fatty Acids and Conjugates;acceptor_superclass::Flavonoids;acceptor_superclass::Isoflavonoids;acceptor_superclass::Ornithine alkaloids;acceptor_superclass::Phenanthrenoids;acceptor_superclass::Pseudoalkaloids;acceptor_superclass::Steroids	0,0,0,0,0,0,0,0,0,0,0,0,0,0,0,0,0,0,0,0,0,0,0	0,0,0,1,0,1,1,0,0,0,0,1,1,0,0,0,1,0,0,1,0,0,0	-0.103147,-0.106396,-0.660077,0.150383,-0.163436,0.094977,0.007285,-0.252659,-0.424756,-0.148522,-0.842682,0.028873,0.119567,-0.334073,-0.148680,-0.165600,0.070924,-0.515787,-0.201871,0.154133,-0.184016,-0.477475,-0.223696
Atha_DCF_AAQ62868.1	Atha_DCF_AAQ62868.1	acceptor_superclass::Fatty Acids and Conjugates;acceptor_superclass::Fatty acyls	acceptor_superclass::Phenylethanoids (C6-C2);acceptor_superclass::Phenylpropanoids (C6-C3)	0,0,0,1,1,0,0,0,0,0,0,0,0,0,0,0,0,0,0,0,0,0,0	0,0,0,0,0,0,0,0,0,0,0,0,0,0,1,1,0,0,0,0,0,0,0	-2.620383,-2.699304,-2.306778,-0.292333,-0.063326,-1.026272,-3.220042,-0.714265,-1.602456,-0.711061,-2.518883,-1.360168,-1.584259,-1.008651,0.346933,0.236085,-1.507965,-1.715717,-1.167971,-1.898123,-0.469829,-1.517693,-0.396452
Atha_EPS1_NP_201517.1	Atha_EPS1_NP_201517.1		acceptor_superclass::Fatty acyls;acceptor_superclass::Phenylethanoids (C6-C2);acceptor_superclass::Triterpenoids;acceptor_superclass::Tyrosine alkaloids	0,0,0,0,0,0,0,0,0,0,0,0,0,0,0,0,0,0,0,0,0,0,0	0,0,0,0,1,0,0,0,0,0,0,0,0,0,1,0,0,0,0,0,1,0,1	-2.781974,-0.506403,-2.922873,-0.495726,0.139043,-0.659092,-3.999344,-1.753540,-2.784199,-0.197530,-1.678680,-0.530983,-1.427293,-1.377782,0.041939,-0.052865,-0.511988,-2.389828,-0.133683,-2.810716,0.247677,-0.701150,0.174245
Atha_FACT_AAN13119.1	Atha_FACT_AAN13119.1	acceptor_superclass::Fatty acyls	acceptor_superclass::Coumarins;acceptor_superclass::Fatty Acids and Conjugates;acceptor_superclass::Lysine alkaloids;acceptor_superclass::Monoterpenoids;acceptor_superclass::Naphthalenes;acceptor_superclass::Phenanthrenoids;acceptor_superclass::Phenolic acids (C6-C1);acceptor_superclass::Phenylethanoids (C6-C2);acceptor_superclass::Phenylpropanoids (C6-C3);acceptor_superclass::Saccharides;acceptor_superclass::Small peptides	0,0,0,0,1,0,0,0,0,0,0,0,0,0,0,0,0,0,0,0,0,0,0	1,0,0,1,0,0,0,0,1,1,1,0,1,1,1,1,0,1,1,0,0,0,0	0.000064,-0.394407,-0.063936,0.189015,-0.171230,-0.167033,-0.023967,-0.129473,0.411154,0.309994,0.285561,-0.153018,0.506865,0.157123,0.235918,0.066768,-0.421320,0.068277,0.083048,-0.236497,-0.603017,-0.479787,-0.337987
Atha_GGES_AED96958.1	Atha_GGES_AED96958.1		acceptor_superclass::Cyclic polyketides;acceptor_superclass::Monoterpenoids;acceptor_superclass::Pseudoalkaloids;acceptor_superclass::Steroids	0,0,0,0,0,0,0,0,0,0,0,0,0,0,0,0,0,0,0,0,0,0,0	0,1,0,0,0,0,0,0,0,1,0,0,0,0,0,0,1,0,0,1,0,0,0	-0.389727,0.022828,-0.169711,-0.079924,-0.034472,-0.216476,-0.466687,-0.183468,-0.133646,0.071349,-0.397146,-0.116260,-0.045128,-0.737816,-0.173189,-0.129693,0.083936,-0.206000,-0.495191,0.072386,-0.107101,-0.110845,-0.437553
Atha_HCT_BAB10316.1	Atha_HCT_BAB10316.1	acceptor_superclass::Flavonoids;acceptor_superclass::Phenolic acids (C6-C1);acceptor_superclass::Phenylpropanoids (C6-C3);acceptor_superclass::Small peptides	acceptor_superclass::Fatty Acids and Conjugates;acceptor_superclass::Phenolic acids (C6-C1);acceptor_superclass::Small peptides;acceptor_superclass::Triterpenoids;acceptor_superclass::Tyrosine alkaloids	0,0,0,0,0,1,0,0,0,0,0,0,0,1,0,1,0,0,1,0,0,0,0	0,0,0,1,0,0,0,0,0,0,0,0,0,1,0,0,0,0,1,0,1,0,1	-4.405009,-3.035432,-4.479803,0.550361,-0.212135,-1.282321,-5.877001,-2.042047,-2.822247,-0.230712,-5.006776,-0.224553,-3.600739,2.888295,-0.006650,-0.202272,-0.791865,-2.773727,1.471308,-4.306536,0.276730,-1.657471,0.811911
Atha_HHT1_AAL34170.1	Atha_HHT1_AAL34170.1	acceptor_superclass::Fatty Acids and Conjugates;acceptor_superclass::Fatty acyls	acceptor_superclass::Fatty acyls;acceptor_superclass::Monoterpenoids;acceptor_superclass::Phenylpropanoids (C6-C3)	0,0,0,1,1,0,0,0,0,0,0,0,0,0,0,0,0,0,0,0,0,0,0	0,0,0,0,1,0,0,0,0,1,0,0,0,0,0,1,0,0,0,0,0,0,0	-7.070863,-4.330468,-0.378424,-0.546320,0.441185,-0.709195,-8.648040,-1.018048,-1.464959,0.553300,-4.262759,-1.641612,-2.439125,-1.093040,-0.136581,0.109545,-0.622251,-1.064364,-1.233292,-8.391532,-0.437023,-1.217341,-0.545813
Atha_FACT_AAN13119.1	Atha_HHT3_NP_201161.1	acceptor_superclass::Fatty acyls	acceptor_superclass::Fatty acyls;acceptor_superclass::Phenylethanoids (C6-C2);acceptor_superclass::Phenylpropanoids (C6-C3);acceptor_superclass::Triterpenoids;acceptor_superclass::Tyrosine alkaloids	0,0,0,0,1,0,0,0,0,0,0,0,0,0,0,0,0,0,0,0,0,0,0	0,0,0,0,1,0,0,0,0,0,0,0,0,0,1,1,0,0,0,0,1,0,1	-3.891607,-1.347749,-2.930858,-0.295246,0.355863,-1.182996,-5.114707,-1.742413,-3.233711,-0.019919,-2.455909,-0.212885,-2.166020,-0.565911,0.179467,0.057351,-0.352295,-2.606766,-0.445693,-4.276817,0.120108,-0.746392,0.414638
Atha_HHT1_AAL34170.1	Atha_HHT_AAL34170.1	acceptor_superclass::Fatty Acids and Conjugates	acceptor_superclass::Fatty acyls;acceptor_superclass::Monoterpenoids;acceptor_superclass::Phenylpropanoids (C6-C3)	0,0,0,1,0,0,0,0,0,0,0,0,0,0,0,0,0,0,0,0,0,0,0	0,0,0,0,1,0,0,0,0,1,0,0,0,0,0,1,0,0,0,0,0,0,0	-7.070863,-4.330468,-0.378424,-0.546320,0.441185,-0.709195,-8.648040,-1.018048,-1.464959,0.553300,-4.262759,-1.641612,-2.439125,-1.093040,-0.136581,0.109545,-0.622251,-1.064364,-1.233292,-8.391532,-0.437023,-1.217341,-0.545813
Atha_PHT_OAO95042.1	Atha_PHT_OAO95042.1	acceptor_superclass::Ornithine alkaloids;acceptor_superclass::Pseudoalkaloids	acceptor_superclass::Fatty Acids and Conjugates;acceptor_superclass::Fatty acyls;acceptor_superclass::Ornithine alkaloids;acceptor_superclass::Phenylethanoids (C6-C2);acceptor_superclass::Phenylpropanoids (C6-C3);acceptor_superclass::Pseudoalkaloids	0,0,0,0,0,0,0,0,0,0,0,1,0,0,0,0,1,0,0,0,0,0,0	0,0,0,1,1,0,0,0,0,0,0,1,0,0,1,1,1,0,0,0,0,0,0	-2.831687,-1.016647,-3.524436,0.056449,0.253959,-0.745617,-3.651808,-2.824558,-3.568167,-0.056155,-2.728843,0.554012,-1.939215,-1.140461,0.073635,0.092758,0.610148,-3.283443,-0.140501,-2.925374,-0.661426,-1.157950,-0.009045
Atha_PMAT1_AED94391.1	Atha_PMAT1_AED94391.1	acceptor_superclass::Flavonoids;acceptor_superclass::Isoflavonoids;acceptor_superclass::Steroids	acceptor_superclass::Coumarins;acceptor_superclass::Cyclic polyketides;acceptor_superclass::Flavonoids;acceptor_superclass::Isoflavonoids;acceptor_superclass::Ornithine alkaloids;acceptor_superclass::Phenanthrenoids;acceptor_superclass::Phenolic acids (C6-C1);acceptor_superclass::Phenylethanoids (C6-C2);acceptor_superclass::Pseudoalkaloids;acceptor_superclass::Small peptides;acceptor_superclass::Steroids;acceptor_superclass::Triterpenoids	0,0,0,0,0,1,1,0,0,0,0,0,0,0,0,0,0,0,0,1,0,0,0	1,1,0,0,0,1,1,0,0,0,0,1,1,1,1,0,1,0,1,1,1,0,0	1.074806,0.364039,-1.518647,-0.295758,-0.438331,1.504717,1.446848,-0.496368,-0.821853,-0.879668,-1.035627,0.245215,1.194620,0.495493,0.292417,-1.165168,0.207539,-1.327206,0.214673,0.875079,0.292636,-1.258679,-0.466018
Atha_PMAT2_BAB02518.1	Atha_PMAT2_BAB02518.1	acceptor_superclass::Coumarins;acceptor_superclass::Flavonoids;acceptor_superclass::Naphthalenes;acceptor_superclass::Phenanthrenoids;acceptor_superclass::Steroids	acceptor_superclass::Coumarins;acceptor_superclass::Fatty Acids and Conjugates;acceptor_superclass::Flavonoids;acceptor_superclass::Isoflavonoids;acceptor_superclass::Ornithine alkaloids;acceptor_superclass::Phenanthrenoids;acceptor_superclass::Phenolic acids (C6-C1);acceptor_superclass::Pseudoalkaloids;acceptor_superclass::Small peptides;acceptor_superclass::Steroids;acceptor_superclass::Tyrosine alkaloids	1,0,0,0,0,1,0,0,0,0,1,0,1,0,0,0,0,0,0,1,0,0,0	1,0,0,1,0,1,1,0,0,0,0,1,1,1,0,0,1,0,1,1,0,0,1	0.243876,-0.125795,-1.281901,0.307978,-0.353486,0.546440,0.755420,-0.260220,-0.846616,-0.426283,-1.419581,0.196045,0.403486,0.150281,-0.180375,-0.259975,0.026695,-0.903979,0.192563,0.393451,-0.177773,-0.928296,0.035440
Atha_SCT_AAP81804.1	Atha_SCT_AAP81804.1	acceptor_superclass::Ornithine alkaloids	acceptor_superclass::Coumarins;acceptor_superclass::Diterpenoids;acceptor_superclass::Fatty Acids and Conjugates;acceptor_superclass::Isoflavonoids;acceptor_superclass::Lysine alkaloids;acceptor_superclass::Monoterpenoids;acceptor_superclass::Naphthalenes;acceptor_superclass::Phenanthrenoids;acceptor_superclass::Phenolic acids (C6-C1);acceptor_superclass::Phenylethanoids (C6-C2);acceptor_superclass::Phenylpropanoids (C6-C3);acceptor_superclass::Saccharides;acceptor_superclass::Small peptides	0,0,0,0,0,0,0,0,0,0,0,1,0,0,0,0,0,0,0,0,0,0,0	1,0,1,1,0,0,1,0,1,1,1,0,1,1,1,1,0,1,1,0,0,0,0	0.038828,-0.216906,0.041171,0.039912,-0.134307,-0.100682,0.057825,-0.084412,0.139724,0.266342,0.158012,-0.156833,0.285866,0.078322,0.140816,0.012788,-0.266115,0.148096,0.065336,-0.176419,-0.447947,-0.239341,-0.340300
Atha_SDT_AAC23766.1	Atha_SDT_AAC23766.1	acceptor_superclass::Ornithine alkaloids;acceptor_superclass::Pseudoalkaloids	acceptor_superclass::Coumarins;acceptor_superclass::Diterpenoids;acceptor_superclass::Fatty Acids and Conjugates;acceptor_superclass::Isoflavonoids;acceptor_superclass::Lysine alkaloids;acceptor_superclass::Monoterpenoids;acceptor_superclass::Naphthalenes;acceptor_superclass::Phenanthrenoids;acceptor_superclass::Phenolic acids (C6-C1);acceptor_superclass::Phenylethanoids (C6-C2);acceptor_superclass::Phenylpropanoids (C6-C3);acceptor_superclass::Saccharides;acceptor_superclass::Small peptides	0,0,0,0,0,0,0,0,0,0,0,1,0,0,0,0,1,0,0,0,0,0,0	1,0,1,1,0,0,1,0,1,1,1,0,1,1,1,1,0,1,1,0,0,0,0	0.052481,-0.196835,0.053753,0.024740,-0.137452,-0.092435,0.068797,-0.077853,0.110636,0.266027,0.146486,-0.163901,0.264065,0.069036,0.123623,0.005680,-0.261150,0.163750,0.064041,-0.167142,-0.435684,-0.214039,-0.346218
Atha_SHT_AAD12025.1	Atha_SHT_AAD12025.1	acceptor_superclass::Ornithine alkaloids	acceptor_superclass::Fatty Acids and Conjugates;acceptor_superclass::Ornithine alkaloids;acceptor_superclass::Phenolic acids (C6-C1);acceptor_superclass::Phenylethanoids (C6-C2);acceptor_superclass::Small peptides	0,0,0,0,0,0,0,0,0,0,0,1,0,0,0,0,0,0,0,0,0,0,0	0,0,0,1,0,0,0,0,0,0,0,1,0,1,1,0,0,0,1,0,0,0,0	-3.321478,-2.629804,-6.273828,0.993743,-0.684694,-0.575116,-4.245751,-4.279596,-5.103149,-1.172075,-4.748106,0.386092,-2.410395,1.651158,0.294015,-0.786354,-0.061054,-3.714635,0.600692,-3.218272,-0.881277,-1.971690,-0.200849
Atha_PHT_OAO95042.1	Atha_SHT_OAO95042.1	acceptor_superclass::Ornithine alkaloids	acceptor_superclass::Fatty acyls;acceptor_superclass::Monoterpenoids;acceptor_superclass::Ornithine alkaloids;acceptor_superclass::Phenylpropanoids (C6-C3);acceptor_superclass::Pseudoalkaloids	0,0,0,0,0,0,0,0,0,0,0,1,0,0,0,0,0,0,0,0,0,0,0	0,0,0,0,1,0,0,0,0,1,0,1,0,0,0,1,1,0,0,0,0,0,0	-3.243319,-0.379233,-3.390543,-0.329605,0.928523,-0.218471,-3.385140,-1.404284,-0.746774,0.777075,-4.474196,1.102312,-2.298348,-3.327671,-0.643583,0.292117,0.753147,-2.463682,-1.699594,-1.735951,-1.073629,-1.053695,-0.975286
Atha_THAA1_BAB11062.1	Atha_THAA1_BAB11062.1	acceptor_superclass::Triterpenoids	acceptor_superclass::Coumarins;acceptor_superclass::Fatty Acids and Conjugates;acceptor_superclass::Isoflavonoids;acceptor_superclass::Lysine alkaloids;acceptor_superclass::Monoterpenoids;acceptor_superclass::Naphthalenes;acceptor_superclass::Phenanthrenoids;acceptor_superclass::Phenolic acids (C6-C1);acceptor_superclass::Phenylethanoids (C6-C2);acceptor_superclass::Phenylpropanoids (C6-C3);acceptor_superclass::Saccharides;acceptor_superclass::Small peptides	0,0,0,0,0,0,0,0,0,0,0,0,0,0,0,0,0,0,0,0,1,0,0	1,0,0,1,0,0,1,0,1,1,1,0,1,1,1,1,0,1,1,0,0,0,0	0.007310,-0.331763,-0.025168,0.132285,-0.151796,-0.143510,0.006796,-0.123120,0.312773,0.300141,0.239090,-0.157651,0.423089,0.118238,0.206391,0.048153,-0.364567,0.089805,0.081164,-0.217172,-0.527821,-0.388600,-0.329863
Atha_THAA2_AAO63428.1	Atha_THAA2_AAO63428.1	acceptor_superclass::Triterpenoids	acceptor_superclass::Cyclic polyketides;acceptor_superclass::Diterpenoids;acceptor_superclass::Lysine alkaloids;acceptor_superclass::Monoterpenoids;acceptor_superclass::Naphthalenes;acceptor_superclass::Pseudoalkaloids;acceptor_superclass::Saccharides;acceptor_superclass::Steroids;acceptor_superclass::Triterpenoids;acceptor_superclass::Tryptophan alkaloids	0,0,0,0,0,0,0,0,0,0,0,0,0,0,0,0,0,0,0,0,1,0,0	0,1,1,0,0,0,0,0,1,1,1,0,0,0,0,0,1,1,0,1,1,1,0	-0.660086,0.116486,0.294844,-0.200805,-0.043025,-0.389390,-0.921558,-0.169288,0.079451,0.376916,0.184117,-0.155896,-0.124777,-1.460574,-0.173170,-0.159387,0.089985,0.211643,-1.093678,0.039739,0.118002,0.325655,-0.654806
Bdis_PMT_CDG41682.1	Bdis_PMT_CDG41682.1	acceptor_superclass::Phenylpropanoids (C6-C3)	acceptor_superclass::Fatty acyls;acceptor_superclass::Ornithine alkaloids;acceptor_superclass::Phenylethanoids (C6-C2);acceptor_superclass::Phenylpropanoids (C6-C3);acceptor_superclass::Pseudoalkaloids	0,0,0,0,0,0,0,0,0,0,0,0,0,0,0,1,0,0,0,0,0,0,0	0,0,0,0,1,0,0,0,0,0,0,1,0,0,1,1,1,0,0,0,0,0,0	-3.330635,-0.940355,-4.379153,-0.039429,0.835573,-0.698715,-4.354343,-3.759478,-4.814626,-0.178656,-2.901206,0.088432,-1.545596,-1.044013,0.960168,0.036747,0.134492,-3.147194,-0.969564,-3.737612,-1.080917,-1.879797,-0.761689
Bmul_HQT1_BCY27076.1	Bmul_HQT1_BCY27076.1	acceptor_superclass::Phenolic acids (C6-C1);acceptor_superclass::Phenylpropanoids (C6-C3)	acceptor_superclass::Fatty acyls;acceptor_superclass::Phenolic acids (C6-C1);acceptor_superclass::Phenylethanoids (C6-C2);acceptor_superclass::Small peptides;acceptor_superclass::Triterpenoids;acceptor_superclass::Tyrosine alkaloids	0,0,0,0,0,0,0,0,0,0,0,0,0,1,0,1,0,0,0,0,0,0,0	0,0,0,0,1,0,0,0,0,0,0,0,0,1,1,0,0,0,1,0,1,0,1	-4.722670,-2.232519,-3.022964,-0.053473,0.219235,-1.104389,-6.386961,-1.509119,-2.791426,-0.069921,-3.879005,-0.856372,-2.627204,0.806394,0.018434,-0.052990,-1.017165,-2.105083,0.400397,-4.952279,0.160472,-1.112112,0.308561
Bmul_HQT1_BDR61289.1	Bmul_HQT1_BDR61289.1	acceptor_superclass::Phenolic acids (C6-C1)	acceptor_superclass::Fatty Acids and Conjugates;acceptor_superclass::Ornithine alkaloids;acceptor_superclass::Phenolic acids (C6-C1);acceptor_superclass::Phenylethanoids (C6-C2);acceptor_superclass::Small peptides;acceptor_superclass::Triterpenoids;acceptor_superclass::Tyrosine alkaloids	0,0,0,0,0,0,0,0,0,0,0,0,0,1,0,0,0,0,0,0,0,0,0	0,0,0,1,0,0,0,0,0,0,0,1,0,1,1,0,0,0,1,0,1,0,1	-3.538770,-2.429752,-4.965072,0.908813,-0.700353,-1.214725,-4.663149,-2.447578,-3.073562,-0.480026,-4.705039,0.297170,-3.199410,3.031864,0.067974,-0.262090,-0.368275,-2.806976,1.695026,-3.338906,0.116634,-1.509774,0.868591
Bser_AT1_QXN66176.1	Bser_AT1_QXN66176.1	acceptor_superclass::Triterpenoids	acceptor_superclass::Lignans;acceptor_superclass::Monoterpenoids;acceptor_superclass::Naphthalenes;acceptor_superclass::Phenylethanoids (C6-C2);acceptor_superclass::Triterpenoids;acceptor_superclass::Tryptophan alkaloids;acceptor_superclass::Tyrosine alkaloids	0,0,0,0,0,0,0,0,0,0,0,0,0,0,0,0,0,0,0,0,1,0,0	0,0,0,0,0,0,0,1,0,1,1,0,0,0,1,0,0,0,0,0,1,1,1	-6.227859,-1.855917,-0.337631,-1.456242,-0.066556,-2.138618,-7.111396,0.094780,-3.397138,0.168217,0.070564,-0.900726,-1.669792,-2.381336,0.241036,-0.015839,-0.808337,-0.241061,-2.425794,-7.114933,1.414349,1.574230,0.508305
Cang_AT20_QLI57449.1	Cang_AT20_QLI57449.1	acceptor_superclass::Monoterpenoids	acceptor_superclass::Fatty acyls;acceptor_superclass::Monoterpenoids;acceptor_superclass::Phenylethanoids (C6-C2);acceptor_superclass::Phenylpropanoids (C6-C3);acceptor_superclass::Triterpenoids	0,0,0,0,0,0,0,0,0,1,0,0,0,0,0,0,0,0,0,0,0,0,0	0,0,0,0,1,0,0,0,0,1,0,0,0,0,1,1,0,0,0,0,1,0,0	-5.452443,-2.941612,-2.151963,-0.487995,0.734798,-1.228663,-7.176822,-1.157914,-2.008333,0.298222,-3.434388,-1.560167,-3.227430,-0.072232,0.114243,0.118935,-0.971487,-2.177655,-0.520055,-5.896924,0.237213,-1.432101,-0.114156
Cann_AT3_NP_001311698.1	Cann_AT3_NP_001311698.1	acceptor_superclass::Tyrosine alkaloids	acceptor_superclass::Cyclic polyketides;acceptor_superclass::Diterpenoids;acceptor_superclass::Lysine alkaloids;acceptor_superclass::Monoterpenoids;acceptor_superclass::Naphthalenes;acceptor_superclass::Pseudoalkaloids;acceptor_superclass::Saccharides;acceptor_superclass::Triterpenoids;acceptor_superclass::Tryptophan alkaloids	0,0,0,0,0,0,0,0,0,0,0,0,0,0,0,0,0,0,0,0,0,0,1	0,1,1,0,0,0,0,0,1,1,1,0,0,0,0,0,1,1,0,0,1,1,0	-0.712867,0.064703,0.337773,-0.207633,-0.099802,-0.447618,-1.024593,-0.138831,0.105755,0.303938,0.324761,-0.155954,-0.197767,-1.407589,-0.109729,-0.164766,0.115549,0.350351,-1.121708,-0.087626,0.130082,0.339660,-0.599450
Cblu_HCT_CBI83579.1	Cblu_HCT_CBI83579.1	acceptor_superclass::Phenolic acids (C6-C1);acceptor_superclass::Tyrosine alkaloids	acceptor_superclass::Fatty Acids and Conjugates;acceptor_superclass::Phenolic acids (C6-C1);acceptor_superclass::Pseudoalkaloids;acceptor_superclass::Small peptides	0,0,0,0,0,0,0,0,0,0,0,0,0,1,0,0,0,0,0,0,0,0,1	0,0,0,1,0,0,0,0,0,0,0,0,0,1,0,0,1,0,1,0,0,0,0	-0.199125,-0.217101,-0.780133,0.151988,-0.098307,-0.071616,-0.167193,-0.227807,-0.444209,-0.373854,-0.906746,-0.041257,-0.099499,0.151393,-0.133006,-0.097671,0.054303,-0.556365,0.123750,-0.065159,-0.379019,-0.615056,-0.064129
Cblu_HCT_CBI83579.1	Cblu_HST_CBI83579.1	acceptor_superclass::Phenolic acids (C6-C1);acceptor_superclass::Small peptides	acceptor_superclass::Fatty Acids and Conjugates;acceptor_superclass::Lysine alkaloids;acceptor_superclass::Monoterpenoids;acceptor_superclass::Naphthalenes;acceptor_superclass::Phenanthrenoids;acceptor_superclass::Phenolic acids (C6-C1);acceptor_superclass::Phenylethanoids (C6-C2);acceptor_superclass::Phenylpropanoids (C6-C3);acceptor_superclass::Saccharides;acceptor_superclass::Small peptides	0,0,0,0,0,0,0,0,0,0,0,0,0,1,0,0,0,0,1,0,0,0,0	0,0,0,1,0,0,0,0,1,1,1,0,1,1,1,1,0,1,1,0,0,0,0	-0.002768,-0.408780,-0.074955,0.202905,-0.188028,-0.166353,-0.025960,-0.145639,0.450097,0.298785,0.298517,-0.146830,0.526363,0.172246,0.238047,0.071913,-0.434197,0.058648,0.092472,-0.236774,-0.599516,-0.495279,-0.333110
Cblu_RAS_CAK55166.1	Cblu_RAS_CAK55166.1	acceptor_superclass::Small peptides;acceptor_superclass::Tyrosine alkaloids	acceptor_superclass::Fatty Acids and Conjugates;acceptor_superclass::Phenolic acids (C6-C1);acceptor_superclass::Phenylethanoids (C6-C2);acceptor_superclass::Pseudoalkaloids;acceptor_superclass::Small peptides	0,0,0,0,0,0,0,0,0,0,0,0,0,0,0,0,0,0,1,0,0,0,1	0,0,0,1,0,0,0,0,0,0,0,0,0,1,1,0,1,0,1,0,0,0,0	-0.527677,-0.347980,-0.582325,0.035014,-0.132943,-0.029180,-0.419204,-0.099945,-0.269422,-0.122054,-0.711372,-0.011822,-0.394877,0.130968,0.038199,-0.027176,0.116736,-0.246975,0.188878,-0.028278,-0.135520,-0.761680,-0.038643
Cbra_HQT-like_GBG71902.1	Cbra_HQT-like_GBG71902.1	acceptor_superclass::Phenolic acids (C6-C1)	acceptor_superclass::Monoterpenoids;acceptor_superclass::Ornithine alkaloids;acceptor_superclass::Phenanthrenoids;acceptor_superclass::Phenylethanoids (C6-C2);acceptor_superclass::Pseudoalkaloids;acceptor_superclass::Saccharides;acceptor_superclass::Triterpenoids;acceptor_superclass::Tryptophan alkaloids	0,0,0,0,0,0,0,0,0,0,0,0,0,1,0,0,0,0,0,0,0,0,0	0,0,0,0,0,0,0,0,0,1,0,1,1,0,1,0,1,1,0,0,1,1,0	-5.003220,-2.736780,-0.912776,-0.583904,-0.984725,-1.146857,-5.104672,-1.938180,-4.676473,0.080134,-0.634919,0.496674,0.066798,-1.167771,0.884964,-0.467881,0.281595,1.289849,-2.085928,-6.306114,0.030258,1.220339,-0.599577
Cbre_BEAT_AAC18062.1	Cbre_BEAT_AAC18062.1	acceptor_superclass::Phenanthrenoids;acceptor_superclass::Phenylethanoids (C6-C2);acceptor_superclass::Phenylpropanoids (C6-C3)	acceptor_superclass::Diterpenoids;acceptor_superclass::Monoterpenoids;acceptor_superclass::Saccharides;acceptor_superclass::Triterpenoids;acceptor_superclass::Tryptophan alkaloids;acceptor_superclass::Tyrosine alkaloids	0,0,0,0,0,0,0,0,0,0,0,0,1,0,1,1,0,0,0,0,0,0,0	0,0,1,0,0,0,0,0,0,1,0,0,0,0,0,0,0,1,0,0,1,1,1	-0.828139,-0.246867,0.200059,-0.493098,-0.009138,-0.499604,-0.738649,-0.846995,-0.120658,0.155702,-0.009346,-0.156887,-0.866289,-1.048179,-0.055304,-0.138879,-0.182365,0.428998,-0.728851,-0.651780,0.052464,0.339062,0.095135
Cbre_BEBT_AAN09796.1	Cbre_BEBT_AAN09796.1	acceptor_superclass::Phenylpropanoids (C6-C3)	acceptor_superclass::Diterpenoids;acceptor_superclass::Fatty acyls;acceptor_superclass::Monoterpenoids;acceptor_superclass::Phenylpropanoids (C6-C3)	0,0,0,0,0,0,0,0,0,0,0,0,0,0,0,1,0,0,0,0,0,0,0	0,0,1,0,1,0,0,0,0,1,0,0,0,0,0,1,0,0,0,0,0,0,0	-8.053772,-5.020386,0.060209,-1.065006,0.529442,-0.946224,-10.069600,-0.464993,-0.829544,0.530058,-3.958222,-2.776978,-3.090073,-1.248145,-0.209521,0.126003,-1.185959,-0.848336,-1.836441,-9.596738,-0.237007,-1.392566,-0.793005
Ccan_HCT_ABO47805.1	Ccan_HCT_ABO47805.1	acceptor_superclass::Phenolic acids (C6-C1);acceptor_superclass::Phenylpropanoids (C6-C3)	acceptor_superclass::Fatty Acids and Conjugates;acceptor_superclass::Lignans;acceptor_superclass::Ornithine alkaloids;acceptor_superclass::Phenolic acids (C6-C1);acceptor_superclass::Phenylpropanoids (C6-C3);acceptor_superclass::Pseudoalkaloids;acceptor_superclass::Small peptides;acceptor_superclass::Tyrosine alkaloids	0,0,0,0,0,0,0,0,0,0,0,0,0,1,0,1,0,0,0,0,0,0,0	0,0,0,1,0,0,0,1,0,0,0,1,0,1,0,1,1,0,1,0,0,0,1	-0.674001,-0.478708,-0.728671,0.282865,-0.054640,-0.120849,-0.529478,0.071110,-0.281718,-0.197182,-0.854441,0.074403,-0.487694,0.533497,-0.051320,0.094168,0.113306,-0.267242,0.401526,-0.021325,-0.146830,-1.005646,0.017036
Ccan_HQT_ABO77957.1	Ccan_HQT_ABO77957.1	acceptor_superclass::Phenolic acids (C6-C1);acceptor_superclass::Phenylpropanoids (C6-C3)	acceptor_superclass::Fatty Acids and Conjugates;acceptor_superclass::Flavonoids;acceptor_superclass::Ornithine alkaloids;acceptor_superclass::Phenolic acids (C6-C1);acceptor_superclass::Phenylethanoids (C6-C2);acceptor_superclass::Pseudoalkaloids;acceptor_superclass::Small peptides;acceptor_superclass::Steroids	0,0,0,0,0,0,0,0,0,0,0,0,0,1,0,1,0,0,0,0,0,0,0	0,0,0,1,0,1,0,0,0,0,0,1,0,1,1,0,1,0,1,1,0,0,0	-0.379605,-0.352581,-0.918310,0.126106,-0.160536,0.213202,-0.165597,-0.123025,-0.368859,-0.249364,-0.872263,0.128440,-0.185506,0.526399,0.046769,-0.122764,0.228624,-0.502557,0.395961,0.152890,-0.044560,-1.075470,-0.088120
Ccar_HCT_AAZ80046.1	Ccar_HCT_AAZ80046.1	acceptor_superclass::Phenolic acids (C6-C1)	acceptor_superclass::Fatty Acids and Conjugates;acceptor_superclass::Lysine alkaloids;acceptor_superclass::Monoterpenoids;acceptor_superclass::Naphthalenes;acceptor_superclass::Phenanthrenoids;acceptor_superclass::Phenolic acids (C6-C1);acceptor_superclass::Phenylethanoids (C6-C2);acceptor_superclass::Phenylpropanoids (C6-C3);acceptor_superclass::Saccharides;acceptor_superclass::Small peptides	0,0,0,0,0,0,0,0,0,0,0,0,0,1,0,0,0,0,0,0,0,0,0	0,0,0,1,0,0,0,0,1,1,1,0,1,1,1,1,0,1,1,0,0,0,0	-0.018982,-0.449539,-0.116218,0.241325,-0.182381,-0.181044,-0.052473,-0.159660,0.540701,0.292994,0.336568,-0.137453,0.583930,0.195928,0.273481,0.093538,-0.465898,0.029430,0.088701,-0.256841,-0.628585,-0.561660,-0.316734
Ccar_HQT1_CAM84302.2	Ccar_HQT1_CAM84302.2	acceptor_superclass::Phenolic acids (C6-C1)	acceptor_superclass::Coumarins;acceptor_superclass::Fatty Acids and Conjugates;acceptor_superclass::Lysine alkaloids;acceptor_superclass::Monoterpenoids;acceptor_superclass::Naphthalenes;acceptor_superclass::Phenanthrenoids;acceptor_superclass::Phenolic acids (C6-C1);acceptor_superclass::Phenylethanoids (C6-C2);acceptor_superclass::Phenylpropanoids (C6-C3);acceptor_superclass::Saccharides;acceptor_superclass::Small peptides	0,0,0,0,0,0,0,0,0,0,0,0,0,1,0,0,0,0,0,0,0,0,0	1,0,0,1,0,0,0,0,1,1,1,0,1,1,1,1,0,1,1,0,0,0,0	0.008318,-0.386280,-0.078756,0.181111,-0.180094,-0.160965,-0.021630,-0.131188,0.418678,0.296622,0.287643,-0.150562,0.502901,0.155632,0.230723,0.069620,-0.430564,0.075754,0.089837,-0.249576,-0.611343,-0.474396,-0.352215
Ccar_HQT2_ACJ23164.1	Ccar_HQT2_ACJ23164.1	acceptor_superclass::Phenolic acids (C6-C1)	acceptor_superclass::Fatty Acids and Conjugates;acceptor_superclass::Flavonoids;acceptor_superclass::Lignans;acceptor_superclass::Ornithine alkaloids;acceptor_superclass::Phenolic acids (C6-C1);acceptor_superclass::Pseudoalkaloids;acceptor_superclass::Small peptides;acceptor_superclass::Steroids	0,0,0,0,0,0,0,0,0,0,0,0,0,1,0,0,0,0,0,0,0,0,0	0,0,0,1,0,1,0,1,0,0,0,1,0,1,0,0,1,0,1,1,0,0,0	-0.356237,-0.476496,-0.937015,0.231843,-0.108670,0.099211,-0.169169,0.006158,-0.319881,-0.390864,-0.969771,0.082568,-0.273149,0.651364,-0.044104,-0.165729,0.138550,-0.396881,0.394960,0.094667,-0.127587,-1.110263,-0.076996
Ccar_HQT_ABK79689.1	Ccar_HQT_ABK79689.1	acceptor_superclass::Phenolic acids (C6-C1)	acceptor_superclass::Fatty Acids and Conjugates;acceptor_superclass::Lignans;acceptor_superclass::Ornithine alkaloids;acceptor_superclass::Phenolic acids (C6-C1);acceptor_superclass::Phenylpropanoids (C6-C3);acceptor_superclass::Pseudoalkaloids;acceptor_superclass::Small peptides	0,0,0,0,0,0,0,0,0,0,0,0,0,1,0,0,0,0,0,0,0,0,0	0,0,0,1,0,0,0,1,0,0,0,1,0,1,0,1,1,0,1,0,0,0,0	-0.510129,-0.523071,-0.793768,0.278304,-0.095116,-0.069890,-0.385834,0.086381,-0.227040,-0.270929,-0.813805,0.089004,-0.429872,0.514755,-0.078919,0.033381,0.133611,-0.284380,0.327600,-0.064706,-0.161204,-0.973672,-0.041242
Ccar_HQT_ABK79690.1	Ccar_HQT_ABK79690.1	acceptor_superclass::Phenolic acids (C6-C1)	acceptor_superclass::Fatty Acids and Conjugates;acceptor_superclass::Lignans;acceptor_superclass::Phenolic acids (C6-C1);acceptor_superclass::Phenylpropanoids (C6-C3);acceptor_superclass::Small peptides;acceptor_superclass::Tyrosine alkaloids	0,0,0,0,0,0,0,0,0,0,0,0,0,1,0,0,0,0,0,0,0,0,0	0,0,0,1,0,0,0,1,0,0,0,0,0,1,0,1,0,0,1,0,0,0,1	-4.152701,-3.878097,-3.631861,0.167263,-0.203328,-0.581688,-4.422783,0.292861,-1.364164,-0.874909,-5.377343,-1.808206,-3.982095,1.382936,-0.123163,0.075580,-1.516141,-2.051499,0.735075,-3.549464,-0.762924,-2.889279,0.189888
Cchi_AT3_AAV66309.1	Cchi_AT3_AAV66309.1	acceptor_superclass::Tyrosine alkaloids	acceptor_superclass::Diterpenoids;acceptor_superclass::Monoterpenoids;acceptor_superclass::Phenylethanoids (C6-C2);acceptor_superclass::Saccharides;acceptor_superclass::Triterpenoids;acceptor_superclass::Tryptophan alkaloids	0,0,0,0,0,0,0,0,0,0,0,0,0,0,0,0,0,0,0,0,0,0,1	0,0,1,0,0,0,0,0,0,1,0,0,0,0,1,0,0,1,0,0,1,1,0	-8.016623,-3.747574,0.697919,-1.293515,-0.779447,-1.560984,-8.829038,-0.155188,-2.410217,0.120957,-0.441478,-1.474597,-0.671335,-2.485312,0.299901,-0.176665,-0.971983,1.752852,-3.019273,-9.629471,0.726667,1.346355,-0.125299
Ccro_AT1_AXB26761.1	Ccro_AT1_AXB26761.1	acceptor_superclass::Flavonoids	acceptor_superclass::Cyclic polyketides;acceptor_superclass::Diterpenoids;acceptor_superclass::Fatty acyls;acceptor_superclass::Lysine alkaloids;acceptor_superclass::Monoterpenoids;acceptor_superclass::Naphthalenes;acceptor_superclass::Pseudoalkaloids;acceptor_superclass::Saccharides;acceptor_superclass::Triterpenoids;acceptor_superclass::Tryptophan alkaloids	0,0,0,0,0,1,0,0,0,0,0,0,0,0,0,0,0,0,0,0,0,0,0	0,1,1,0,1,0,0,0,1,1,1,0,0,0,0,0,1,1,0,0,1,1,0	-0.883230,0.189969,0.584025,-0.319011,0.016402,-0.479582,-1.175323,-0.159694,0.246795,0.488196,0.226346,-0.275289,-0.097632,-1.676958,-0.161983,-0.134972,0.141428,0.272587,-1.201564,-0.082613,0.037343,0.380234,-0.861136
Ccro_AT1_AXB26761.1	Ccro_AT2_AXB26761.1	acceptor_superclass::Flavonoids	acceptor_superclass::Diterpenoids;acceptor_superclass::Fatty acyls;acceptor_superclass::Monoterpenoids;acceptor_superclass::Phenylpropanoids (C6-C3)	0,0,0,0,0,1,0,0,0,0,0,0,0,0,0,0,0,0,0,0,0,0,0	0,0,1,0,1,0,0,0,0,1,0,0,0,0,0,1,0,0,0,0,0,0,0	-5.146334,-1.779520,0.810082,-0.998488,1.089574,-0.522598,-5.587222,-0.847260,-0.091129,1.691898,-4.793627,-0.771381,-2.498573,-3.688351,-0.425966,0.974190,-0.368019,-0.328082,-2.446720,-2.568997,-1.342620,-1.544779,-1.381373
Ccro_AT2_AXB26762.1	Ccro_AT2_AXB26762.1	acceptor_superclass::Flavonoids	acceptor_superclass::Fatty Acids and Conjugates;acceptor_superclass::Fatty acyls;acceptor_superclass::Flavonoids;acceptor_superclass::Monoterpenoids;acceptor_superclass::Phenolic acids (C6-C1);acceptor_superclass::Phenylethanoids (C6-C2);acceptor_superclass::Phenylpropanoids (C6-C3)	0,0,0,0,0,1,0,0,0,0,0,0,0,0,0,0,0,0,0,0,0,0,0	0,0,0,1,1,1,0,0,0,1,0,0,0,1,1,1,0,0,0,0,0,0,0	-7.210587,-5.136429,-1.277395,0.207057,1.215962,0.202689,-9.137811,-2.580944,-1.027651,1.026204,-6.938436,-1.846624,-3.408702,0.318775,0.092722,0.341805,-0.428742,-1.868002,-0.333539,-8.471935,-1.572782,-3.462063,-1.432681
Ccro_HCT_WKA69991.1	Ccro_HCT_WKA69991.1	acceptor_superclass::Phenolic acids (C6-C1)	acceptor_superclass::Fatty Acids and Conjugates;acceptor_superclass::Phenolic acids (C6-C1);acceptor_superclass::Phenylethanoids (C6-C2);acceptor_superclass::Small peptides;acceptor_superclass::Tyrosine alkaloids	0,0,0,0,0,0,0,0,0,0,0,0,0,1,0,0,0,0,0,0,0,0,0	0,0,0,1,0,0,0,0,0,0,0,0,0,1,1,0,0,0,1,0,0,0,1	-3.496226,-3.565864,-4.753284,0.006274,-1.155155,-0.918248,-3.766102,-0.267536,-2.513062,-1.623355,-4.867901,-0.955100,-3.166022,1.678962,0.414441,-0.264140,-1.047753,-2.140682,0.958744,-3.103328,-0.221391,-2.275767,0.455000
Cint_HCT1_ANN12608.1	Cint_HCT1_ANN12608.1	acceptor_superclass::Phenolic acids (C6-C1)	acceptor_superclass::Fatty Acids and Conjugates;acceptor_superclass::Phenolic acids (C6-C1);acceptor_superclass::Pseudoalkaloids;acceptor_superclass::Small peptides	0,0,0,0,0,0,0,0,0,0,0,0,0,1,0,0,0,0,0,0,0,0,0	0,0,0,1,0,0,0,0,0,0,0,0,0,1,0,0,1,0,1,0,0,0,0	-0.186469,-0.216089,-0.823031,0.169596,-0.106132,-0.051185,-0.133899,-0.215680,-0.425440,-0.373699,-0.925232,-0.019151,-0.073587,0.181609,-0.131747,-0.101912,0.045956,-0.576887,0.146130,-0.058268,-0.375189,-0.629004,-0.041117
Cint_HCT2_ANN12609.1	Cint_HCT2_ANN12609.1	acceptor_superclass::Phenolic acids (C6-C1)	acceptor_superclass::Fatty Acids and Conjugates;acceptor_superclass::Phenolic acids (C6-C1);acceptor_superclass::Small peptides;acceptor_superclass::Triterpenoids;acceptor_superclass::Tyrosine alkaloids	0,0,0,0,0,0,0,0,0,0,0,0,0,1,0,0,0,0,0,0,0,0,0	0,0,0,1,0,0,0,0,0,0,0,0,0,1,0,0,0,0,1,0,1,0,1	-4.708754,-3.244053,-3.793971,0.407458,-0.214721,-1.115099,-6.254292,-1.648713,-1.525804,-0.008650,-5.103045,-0.575552,-3.539968,2.610445,-0.120004,-0.035107,-0.809149,-2.522935,1.493534,-4.880824,0.068270,-2.025282,0.753976
Cint_HQT1_ANN12610.1	Cint_HQT1_ANN12610.1	acceptor_superclass::Phenolic acids (C6-C1)	acceptor_superclass::Fatty Acids and Conjugates;acceptor_superclass::Lysine alkaloids;acceptor_superclass::Monoterpenoids;acceptor_superclass::Naphthalenes;acceptor_superclass::Phenanthrenoids;acceptor_superclass::Phenolic acids (C6-C1);acceptor_superclass::Phenylethanoids (C6-C2);acceptor_superclass::Phenylpropanoids (C6-C3);acceptor_superclass::Saccharides;acceptor_superclass::Small peptides	0,0,0,0,0,0,0,0,0,0,0,0,0,1,0,0,0,0,0,0,0,0,0	0,0,0,1,0,0,0,0,1,1,1,0,1,1,1,1,0,1,1,0,0,0,0	-0.007647,-0.453237,-0.103915,0.246487,-0.202829,-0.182326,-0.042716,-0.153198,0.532277,0.312510,0.331554,-0.146901,0.592249,0.190410,0.261093,0.088530,-0.481837,0.043996,0.098548,-0.255908,-0.654732,-0.565594,-0.344372
Cint_HQT2_ANN12611.1	Cint_HQT2_ANN12611.1	acceptor_superclass::Phenolic acids (C6-C1)	acceptor_superclass::Fatty Acids and Conjugates;acceptor_superclass::Flavonoids;acceptor_superclass::Isoflavonoids;acceptor_superclass::Ornithine alkaloids;acceptor_superclass::Phenanthrenoids;acceptor_superclass::Phenolic acids (C6-C1);acceptor_superclass::Pseudoalkaloids;acceptor_superclass::Small peptides;acceptor_superclass::Tyrosine alkaloids	0,0,0,0,0,0,0,0,0,0,0,0,0,1,0,0,0,0,0,0,0,0,0	0,0,0,1,0,1,1,0,0,0,0,1,1,1,0,0,1,0,1,0,0,0,1	-0.057449,-0.244261,-0.997855,0.244040,-0.197519,0.110162,0.109539,-0.240267,-0.601189,-0.461583,-1.086397,0.055846,0.049058,0.305029,-0.128552,-0.152776,0.048285,-0.679790,0.218230,-0.016687,-0.380023,-0.771052,0.001054
Cint_HQT3_ANN12612.1	Cint_HQT3_ANN12612.1	acceptor_superclass::Phenolic acids (C6-C1)	acceptor_superclass::Fatty Acids and Conjugates;acceptor_superclass::Flavonoids;acceptor_superclass::Ornithine alkaloids;acceptor_superclass::Phenanthrenoids;acceptor_superclass::Phenolic acids (C6-C1);acceptor_superclass::Pseudoalkaloids;acceptor_superclass::Small peptides	0,0,0,0,0,0,0,0,0,0,0,0,0,1,0,0,0,0,0,0,0,0,0	0,0,0,1,0,1,0,0,0,0,0,1,1,1,0,0,1,0,1,0,0,0,0	-0.131071,-0.208655,-0.863289,0.200045,-0.173205,0.050939,-0.013741,-0.226653,-0.541347,-0.388695,-0.949390,0.028440,0.024894,0.147734,-0.138224,-0.145969,0.049918,-0.604228,0.108200,-0.033727,-0.353665,-0.670048,-0.065786
Cint_SHT1_AXY93625.1	Cint_SHT1_AXY93625.1	acceptor_superclass::Ornithine alkaloids;acceptor_superclass::Phenolic acids (C6-C1);acceptor_superclass::Pseudoalkaloids	acceptor_superclass::Fatty Acids and Conjugates;acceptor_superclass::Lysine alkaloids;acceptor_superclass::Monoterpenoids;acceptor_superclass::Naphthalenes;acceptor_superclass::Phenanthrenoids;acceptor_superclass::Phenolic acids (C6-C1);acceptor_superclass::Phenylethanoids (C6-C2);acceptor_superclass::Phenylpropanoids (C6-C3);acceptor_superclass::Saccharides;acceptor_superclass::Small peptides	0,0,0,0,0,0,0,0,0,0,0,1,0,1,0,0,1,0,0,0,0,0,0	0,0,0,1,0,0,0,0,1,1,1,0,1,1,1,1,0,1,1,0,0,0,0	-0.008369,-0.429077,-0.098491,0.232380,-0.181973,-0.177302,-0.031829,-0.147081,0.495919,0.301625,0.319905,-0.136779,0.565088,0.178549,0.250613,0.082300,-0.454994,0.048846,0.094456,-0.249598,-0.623444,-0.550774,-0.331339
Cint_SHT2_AXY93626.1	Cint_SHT2_AXY93626.1	acceptor_superclass::Ornithine alkaloids;acceptor_superclass::Phenolic acids (C6-C1);acceptor_superclass::Pseudoalkaloids	acceptor_superclass::Flavonoids;acceptor_superclass::Ornithine alkaloids;acceptor_superclass::Phenolic acids (C6-C1);acceptor_superclass::Phenylethanoids (C6-C2);acceptor_superclass::Pseudoalkaloids;acceptor_superclass::Small peptides;acceptor_superclass::Steroids	0,0,0,0,0,0,0,0,0,0,0,1,0,1,0,0,1,0,0,0,0,0,0	0,0,0,0,0,1,0,0,0,0,0,1,0,1,1,0,1,0,1,1,0,0,0	-0.344819,-0.205134,-0.728271,-0.004891,-0.134747,0.307042,-0.057455,-0.201150,-0.518056,-0.198205,-0.845266,0.118328,-0.095221,0.347566,0.172252,-0.234708,0.191023,-0.408619,0.341951,0.180290,-0.076544,-0.943800,-0.063672
Cmel_AAT1_CAA94432.1	Cmel_AAT1_CAA94432.1	acceptor_superclass::Fatty acyls;acceptor_superclass::Phenylethanoids (C6-C2);acceptor_superclass::Phenylpropanoids (C6-C3)	acceptor_superclass::Fatty Acids and Conjugates;acceptor_superclass::Fatty acyls;acceptor_superclass::Monoterpenoids;acceptor_superclass::Phenylethanoids (C6-C2);acceptor_superclass::Phenylpropanoids (C6-C3);acceptor_superclass::Saccharides;acceptor_superclass::Tyrosine alkaloids	0,0,0,0,1,0,0,0,0,0,0,0,0,0,1,1,0,0,0,0,0,0,0	0,0,0,1,1,0,0,0,0,1,0,0,0,0,1,1,0,1,0,0,0,0,1	-1.126366,-0.537087,-0.049321,0.019171,0.083339,-0.428888,-0.760993,-0.425215,-0.270063,0.261264,-0.421490,-0.047077,-0.983608,-0.160666,0.016154,0.112045,-0.064458,0.288703,-0.098707,-0.460518,-0.030276,-0.267941,0.137894
Cmel_AAT3_AAW51125.1	Cmel_AAT3_AAW51125.1	acceptor_superclass::Fatty acyls	acceptor_superclass::Monoterpenoids;acceptor_superclass::Pseudoalkaloids	0,0,0,0,1,0,0,0,0,0,0,0,0,0,0,0,0,0,0,0,0,0,0	0,0,0,0,0,0,0,0,0,1,0,0,0,0,0,0,1,0,0,0,0,0,0	-0.445983,-0.028177,-0.168122,-0.043858,-0.032165,-0.243527,-0.568568,-0.212679,-0.120489,0.041898,-0.331197,-0.150356,-0.065478,-0.763084,-0.165144,-0.119003,0.065943,-0.193079,-0.519883,-0.005344,-0.175422,-0.135717,-0.443107
Cmel_AAT4_AAW51126.1	Cmel_AAT4_AAW51126.1	acceptor_superclass::Fatty acyls;acceptor_superclass::Monoterpenoids;acceptor_superclass::Phenylpropanoids (C6-C3)	acceptor_superclass::Diterpenoids;acceptor_superclass::Monoterpenoids;acceptor_superclass::Naphthalenes;acceptor_superclass::Phenylpropanoids (C6-C3);acceptor_superclass::Saccharides;acceptor_superclass::Triterpenoids;acceptor_superclass::Tryptophan alkaloids;acceptor_superclass::Tyrosine alkaloids	0,0,0,0,1,0,0,0,0,1,0,0,0,0,0,1,0,0,0,0,0,0,0	0,0,1,0,0,0,0,0,0,1,1,0,0,0,0,1,0,1,0,0,1,1,1	-0.958275,-0.114650,0.282598,-0.481229,-0.009093,-0.531428,-0.804435,-0.792279,-0.099529,0.351775,0.142202,-0.124014,-0.878524,-1.068194,-0.027214,0.047351,-0.186741,0.395773,-0.692639,-0.659562,0.074094,0.382607,0.109433
Cros_DAT_AAC99311.1	Cros_DAT_AAC99311.1	acceptor_superclass::Tryptophan alkaloids	acceptor_superclass::Diterpenoids;acceptor_superclass::Lignans;acceptor_superclass::Naphthalenes;acceptor_superclass::Saccharides;acceptor_superclass::Triterpenoids;acceptor_superclass::Tryptophan alkaloids	0,0,0,0,0,0,0,0,0,0,0,0,0,0,0,0,0,0,0,0,0,1,0	0,0,1,0,0,0,0,1,0,0,1,0,0,0,0,0,0,1,0,0,1,1,0	-4.515959,-1.651648,0.790532,-2.692782,-1.395788,-2.160089,-4.379879,0.151257,-0.937054,-0.150770,0.862343,-1.503529,-0.587302,-3.966843,-0.741149,-0.222176,-1.341365,1.061565,-3.890676,-0.895988,0.218483,1.192544,-0.058339
Cros_MAT_AAO13736.1	Cros_MAT_AAO13736.1	acceptor_superclass::Tryptophan alkaloids	acceptor_superclass::Diterpenoids;acceptor_superclass::Lignans;acceptor_superclass::Monoterpenoids;acceptor_superclass::Phenylethanoids (C6-C2);acceptor_superclass::Saccharides;acceptor_superclass::Triterpenoids;acceptor_superclass::Tryptophan alkaloids	0,0,0,0,0,0,0,0,0,0,0,0,0,0,0,0,0,0,0,0,0,1,0	0,0,1,0,0,0,0,1,0,1,0,0,0,0,1,0,0,1,0,0,1,1,0	-9.147829,-4.347521,0.546873,-2.073022,-0.462331,-1.873866,-10.418822,0.485545,-2.579361,0.152721,-0.871981,-2.293572,-1.712494,-2.579819,0.074407,-0.100537,-1.376352,1.014929,-3.472205,-10.953800,0.814773,1.010871,-0.147711
Cros_TAT_AQP25667.1	Cros_TAT_AQP25667.1	acceptor_superclass::Tryptophan alkaloids	acceptor_superclass::Coumarins;acceptor_superclass::Fatty Acids and Conjugates;acceptor_superclass::Isoflavonoids;acceptor_superclass::Lysine alkaloids;acceptor_superclass::Monoterpenoids;acceptor_superclass::Naphthalenes;acceptor_superclass::Phenanthrenoids;acceptor_superclass::Phenolic acids (C6-C1);acceptor_superclass::Phenylethanoids (C6-C2);acceptor_superclass::Phenylpropanoids (C6-C3);acceptor_superclass::Saccharides;acceptor_superclass::Small peptides	0,0,0,0,0,0,0,0,0,0,0,0,0,0,0,0,0,0,0,0,0,1,0	1,0,0,1,0,0,1,0,1,1,1,0,1,1,1,1,0,1,1,0,0,0,0	0.015592,-0.306532,-0.002603,0.095997,-0.128903,-0.140762,0.021726,-0.116150,0.249394,0.309168,0.213642,-0.155920,0.376296,0.098275,0.198793,0.041675,-0.324941,0.100909,0.062407,-0.210570,-0.486147,-0.334075,-0.312611
Csat_HCT_AEJ88365.1	Csat_HCT_AEJ88365.1	acceptor_superclass::Phenolic acids (C6-C1)	acceptor_superclass::Fatty Acids and Conjugates;acceptor_superclass::Fatty acyls;acceptor_superclass::Lignans;acceptor_superclass::Phenolic acids (C6-C1);acceptor_superclass::Phenylethanoids (C6-C2);acceptor_superclass::Phenylpropanoids (C6-C3);acceptor_superclass::Small peptides;acceptor_superclass::Tyrosine alkaloids	0,0,0,0,0,0,0,0,0,0,0,0,0,1,0,0,0,0,0,0,0,0,0	0,0,0,1,1,0,0,1,0,0,0,0,0,1,1,1,0,0,1,0,0,0,1	-3.999790,-4.059729,-3.223409,0.316304,0.026932,-0.866580,-4.725080,0.222241,-1.593127,-0.729469,-5.562414,-2.166394,-3.547343,1.586182,0.475703,0.451882,-2.095153,-1.533228,0.781952,-3.701189,-0.843127,-3.111528,0.194149
Csco_HQT1_CAM84302.2	Csco_HQT1_CAM84302.2	acceptor_superclass::Phenolic acids (C6-C1)	acceptor_superclass::Fatty Acids and Conjugates;acceptor_superclass::Flavonoids;acceptor_superclass::Ornithine alkaloids;acceptor_superclass::Phenolic acids (C6-C1);acceptor_superclass::Pseudoalkaloids;acceptor_superclass::Small peptides;acceptor_superclass::Steroids	0,0,0,0,0,0,0,0,0,0,0,0,0,1,0,0,0,0,0,0,0,0,0	0,0,0,1,0,1,0,0,0,0,0,1,0,1,0,0,1,0,1,1,0,0,0	-0.458302,-0.385007,-0.856548,0.118262,-0.153314,0.123504,-0.203968,-0.107855,-0.367021,-0.262476,-0.802189,0.036623,-0.358234,0.411636,-0.012616,-0.136046,0.170446,-0.320637,0.259518,0.033597,-0.040831,-0.959062,-0.063043
Csco_HQT2_ACJ23164.1	Csco_HQT2_ACJ23164.1	acceptor_superclass::Phenolic acids (C6-C1)	acceptor_superclass::Fatty Acids and Conjugates;acceptor_superclass::Flavonoids;acceptor_superclass::Isoflavonoids;acceptor_superclass::Ornithine alkaloids;acceptor_superclass::Phenolic acids (C6-C1);acceptor_superclass::Pseudoalkaloids;acceptor_superclass::Small peptides;acceptor_superclass::Tyrosine alkaloids	0,0,0,0,0,0,0,0,0,0,0,0,0,1,0,0,0,0,0,0,0,0,0	0,0,0,1,0,1,1,0,0,0,0,1,0,1,0,0,1,0,1,0,0,0,1	-0.037600,-0.300621,-1.093359,0.283215,-0.200514,0.106340,0.127871,-0.241378,-0.639710,-0.541575,-1.162332,0.060139,-0.005347,0.440179,-0.120178,-0.137127,0.054881,-0.724556,0.314712,-0.044564,-0.411393,-0.841420,0.081823
Csin_AT1_THG04858.1	Csin_AT1_THG04858.1	acceptor_superclass::Flavonoids	acceptor_superclass::Fatty Acids and Conjugates;acceptor_superclass::Fatty acyls;acceptor_superclass::Lysine alkaloids;acceptor_superclass::Monoterpenoids;acceptor_superclass::Ornithine alkaloids;acceptor_superclass::Phenylpropanoids (C6-C3);acceptor_superclass::Pseudoalkaloids;acceptor_superclass::Triterpenoids	0,0,0,0,0,1,0,0,0,0,0,0,0,0,0,0,0,0,0,0,0,0,0	0,0,0,1,1,0,0,0,1,1,0,1,0,0,0,1,1,0,0,0,1,0,0	-1.103739,-0.379013,-0.062288,0.016996,0.087973,-0.598476,-1.010502,-0.400660,0.334883,0.302161,-0.032672,0.049395,-0.834861,-0.583052,-0.128621,0.472940,0.097755,-0.146717,-0.435314,-0.351999,0.004070,-0.253399,-0.002678
Csin_AT2_THG19836.1	Csin_AT2_THG19836.1	acceptor_superclass::Flavonoids	acceptor_superclass::Coumarins;acceptor_superclass::Fatty Acids and Conjugates;acceptor_superclass::Lysine alkaloids;acceptor_superclass::Monoterpenoids;acceptor_superclass::Naphthalenes;acceptor_superclass::Phenanthrenoids;acceptor_superclass::Phenolic acids (C6-C1);acceptor_superclass::Phenylethanoids (C6-C2);acceptor_superclass::Phenylpropanoids (C6-C3);acceptor_superclass::Saccharides;acceptor_superclass::Small peptides	0,0,0,0,0,1,0,0,0,0,0,0,0,0,0,0,0,0,0,0,0,0,0	1,0,0,1,0,0,0,0,1,1,1,0,1,1,1,1,0,1,1,0,0,0,0	0.011907,-0.346531,-0.025356,0.154195,-0.166910,-0.145306,-0.005821,-0.112283,0.329107,0.310659,0.249776,-0.158394,0.441437,0.128094,0.207738,0.050340,-0.387105,0.100671,0.078202,-0.219692,-0.573715,-0.407159,-0.357111
Csin_CHAT1_GMQ03793.1	Csin_CHAT1_GMQ03793.1	acceptor_superclass::Fatty acyls	acceptor_superclass::Cyclic polyketides;acceptor_superclass::Monoterpenoids;acceptor_superclass::Pseudoalkaloids;acceptor_superclass::Steroids	0,0,0,0,1,0,0,0,0,0,0,0,0,0,0,0,0,0,0,0,0,0,0	0,1,0,0,0,0,0,0,0,1,0,0,0,0,0,0,1,0,0,1,0,0,0	-0.445604,0.003217,-0.116210,-0.077006,-0.029516,-0.250866,-0.539543,-0.179973,-0.045836,0.077131,-0.276140,-0.139658,-0.056667,-0.792619,-0.150474,-0.107383,0.071225,-0.160978,-0.529059,0.019923,-0.123206,-0.084840,-0.430783
Csin_HCT1_XP_028081726.1	Csin_HCT1_XP_028081726.1	acceptor_superclass::Phenolic acids (C6-C1)	acceptor_superclass::Fatty Acids and Conjugates;acceptor_superclass::Phenolic acids (C6-C1);acceptor_superclass::Pseudoalkaloids;acceptor_superclass::Small peptides	0,0,0,0,0,0,0,0,0,0,0,0,0,1,0,0,0,0,0,0,0,0,0	0,0,0,1,0,0,0,0,0,0,0,0,0,1,0,0,1,0,1,0,0,0,0	-0.188514,-0.243527,-0.924813,0.196739,-0.135925,-0.030746,-0.136227,-0.243779,-0.519370,-0.458042,-1.036216,-0.035394,-0.088781,0.247933,-0.138797,-0.121417,0.049145,-0.632074,0.171479,-0.084669,-0.429981,-0.725424,-0.027072
Csin_HCT2_THG02040.1	Csin_HCT2_THG02040.1	acceptor_superclass::Flavonoids;acceptor_superclass::Phenolic acids (C6-C1)	acceptor_superclass::Fatty Acids and Conjugates;acceptor_superclass::Lysine alkaloids;acceptor_superclass::Monoterpenoids;acceptor_superclass::Naphthalenes;acceptor_superclass::Phenanthrenoids;acceptor_superclass::Phenolic acids (C6-C1);acceptor_superclass::Phenylethanoids (C6-C2);acceptor_superclass::Phenylpropanoids (C6-C3);acceptor_superclass::Saccharides;acceptor_superclass::Small peptides	0,0,0,0,0,1,0,0,0,0,0,0,0,1,0,0,0,0,0,0,0,0,0	0,0,0,1,0,0,0,0,1,1,1,0,1,1,1,1,0,1,1,0,0,0,0	-0.012612,-0.446401,-0.112991,0.236216,-0.188297,-0.180123,-0.046728,-0.157875,0.532243,0.296094,0.329955,-0.138444,0.580569,0.194046,0.268698,0.090149,-0.465938,0.035165,0.090820,-0.255234,-0.631347,-0.556173,-0.323264
Dcar_HCBT3_CAB06429.1	Dcar_HCBT1_CAB06427.1	acceptor_superclass::Phenolic acids (C6-C1);acceptor_superclass::Small peptides	acceptor_superclass::Fatty Acids and Conjugates;acceptor_superclass::Phenylethanoids (C6-C2);acceptor_superclass::Small peptides	0,0,0,0,0,0,0,0,0,0,0,0,0,1,0,0,0,0,1,0,0,0,0	0,0,0,1,0,0,0,0,0,0,0,0,0,0,1,0,0,0,1,0,0,0,0	-2.951490,-2.760492,-3.978316,0.149761,-0.510099,-0.813604,-3.607443,-0.611908,-2.046000,-0.768149,-4.915300,-0.244759,-2.330045,-0.107125,0.302375,-0.028003,-0.475832,-1.672043,0.215837,-2.640107,-0.877067,-2.524412,-0.350270
Dcar_HCBT2_CAB06430.1	Dcar_HCBT2_CAB06430.1	acceptor_superclass::Small peptides	acceptor_superclass::Coumarins;acceptor_superclass::Diterpenoids;acceptor_superclass::Fatty Acids and Conjugates;acceptor_superclass::Isoflavonoids;acceptor_superclass::Lysine alkaloids;acceptor_superclass::Monoterpenoids;acceptor_superclass::Naphthalenes;acceptor_superclass::Phenanthrenoids;acceptor_superclass::Phenolic acids (C6-C1);acceptor_superclass::Phenylethanoids (C6-C2);acceptor_superclass::Phenylpropanoids (C6-C3);acceptor_superclass::Saccharides;acceptor_superclass::Small peptides	0,0,0,0,0,0,0,0,0,0,0,0,0,0,0,0,0,0,1,0,0,0,0	1,0,1,1,0,0,1,0,1,1,1,0,1,1,1,1,0,1,1,0,0,0,0	0.032315,-0.278238,0.001155,0.083224,-0.159991,-0.121036,0.034357,-0.098204,0.233537,0.274454,0.196906,-0.151611,0.355627,0.104091,0.162190,0.028807,-0.332082,0.120483,0.085018,-0.203183,-0.505647,-0.318748,-0.350836
Dcar_HCBT3_CAB06429.1	Dcar_HCBT3_CAB06429.1	acceptor_superclass::Small peptides	acceptor_superclass::Coumarins;acceptor_superclass::Fatty Acids and Conjugates;acceptor_superclass::Isoflavonoids;acceptor_superclass::Lysine alkaloids;acceptor_superclass::Monoterpenoids;acceptor_superclass::Naphthalenes;acceptor_superclass::Phenanthrenoids;acceptor_superclass::Phenolic acids (C6-C1);acceptor_superclass::Phenylethanoids (C6-C2);acceptor_superclass::Phenylpropanoids (C6-C3);acceptor_superclass::Saccharides;acceptor_superclass::Small peptides	0,0,0,0,0,0,0,0,0,0,0,0,0,0,0,0,0,0,1,0,0,0,0	1,0,0,1,0,0,1,0,1,1,1,0,1,1,1,1,0,1,1,0,0,0,0	0.000360,-0.330163,-0.045599,0.139578,-0.150417,-0.135936,0.011946,-0.127855,0.346992,0.260797,0.245522,-0.131418,0.429263,0.146440,0.209212,0.057567,-0.352898,0.071744,0.088412,-0.208146,-0.498769,-0.398677,-0.297929
Dlan_MAT1_QUW17232.1	Dlan_MAT1_QUW17232.1	acceptor_superclass::Flavonoids;acceptor_superclass::Steroids	acceptor_superclass::Coumarins;acceptor_superclass::Fatty Acids and Conjugates;acceptor_superclass::Isoflavonoids;acceptor_superclass::Lysine alkaloids;acceptor_superclass::Monoterpenoids;acceptor_superclass::Naphthalenes;acceptor_superclass::Phenanthrenoids;acceptor_superclass::Phenolic acids (C6-C1);acceptor_superclass::Phenylethanoids (C6-C2);acceptor_superclass::Phenylpropanoids (C6-C3);acceptor_superclass::Saccharides;acceptor_superclass::Small peptides	0,0,0,0,0,1,0,0,0,0,0,0,0,0,0,0,0,0,0,1,0,0,0	1,0,0,1,0,0,1,0,1,1,1,0,1,1,1,1,0,1,1,0,0,0,0	0.026483,-0.321535,-0.032418,0.143972,-0.176782,-0.140236,0.024728,-0.117716,0.335093,0.271408,0.241145,-0.155317,0.436317,0.146533,0.190931,0.049915,-0.385706,0.100987,0.088561,-0.199378,-0.546545,-0.407232,-0.355902
Dlan_MAT2_QWS71079.1	Dlan_MAT2_QWS71079.1	acceptor_superclass::Flavonoids;acceptor_superclass::Steroids	acceptor_superclass::Coumarins;acceptor_superclass::Flavonoids;acceptor_superclass::Isoflavonoids;acceptor_superclass::Phenanthrenoids;acceptor_superclass::Steroids	0,0,0,0,0,1,0,0,0,0,0,0,0,0,0,0,0,0,0,1,0,0,0	1,0,0,0,0,1,1,0,0,0,0,0,1,0,0,0,0,0,0,1,0,0,0	0.590584,-0.562725,-6.928721,-1.870554,-1.462292,1.477417,0.750315,-1.611207,-2.330013,-2.412375,-0.340686,-0.915968,0.816319,-2.507556,-1.237000,-1.959031,-0.472879,-4.029127,-1.654512,0.983631,-0.508986,-2.498495,-1.005692
Dmor_3MAT1_AAQ63615.1	Dmor_3MAT1_AAQ63615.1	acceptor_superclass::Flavonoids	acceptor_superclass::Coumarins;acceptor_superclass::Cyclic polyketides;acceptor_superclass::Flavonoids;acceptor_superclass::Isoflavonoids;acceptor_superclass::Ornithine alkaloids;acceptor_superclass::Phenanthrenoids;acceptor_superclass::Phenolic acids (C6-C1);acceptor_superclass::Phenylethanoids (C6-C2);acceptor_superclass::Pseudoalkaloids;acceptor_superclass::Small peptides;acceptor_superclass::Steroids;acceptor_superclass::Triterpenoids	0,0,0,0,0,1,0,0,0,0,0,0,0,0,0,0,0,0,0,0,0,0,0	1,1,0,0,0,1,1,0,0,0,0,1,1,1,1,0,1,0,1,1,1,0,0	0.616945,0.340788,-1.090280,-0.259581,-0.212815,1.126400,1.041713,-0.525082,-0.515576,-0.595787,-0.661625,0.179682,0.863679,0.192341,0.145998,-0.718221,0.105344,-1.062390,0.164868,0.734132,0.182522,-0.899315,-0.390773
Dmor_3MAT2_AAQ63616.1	Dmor_3MAT2_AAQ63616.1	acceptor_superclass::Flavonoids	acceptor_superclass::Coumarins;acceptor_superclass::Flavonoids;acceptor_superclass::Isoflavonoids;acceptor_superclass::Naphthalenes;acceptor_superclass::Phenanthrenoids;acceptor_superclass::Steroids	0,0,0,0,0,1,0,0,0,0,0,0,0,0,0,0,0,0,0,0,0,0,0	1,0,0,0,0,1,1,0,0,0,1,0,1,0,0,0,0,0,0,1,0,0,0	0.860037,-0.881939,-7.033002,-2.088016,-2.101270,1.729521,1.412687,-1.797555,-2.965641,-3.087553,0.625984,-1.189450,0.752352,-2.036182,-1.675571,-2.567534,-0.656597,-4.506445,-1.660121,1.431926,-0.256317,-2.001781,-0.652509
Dmor_3MAT3_BAF50706.1	Dmor_3MAT3_BAF50706.1	acceptor_superclass::Flavonoids;acceptor_superclass::Isoflavonoids	acceptor_superclass::Coumarins;acceptor_superclass::Cyclic polyketides;acceptor_superclass::Flavonoids;acceptor_superclass::Isoflavonoids;acceptor_superclass::Ornithine alkaloids;acceptor_superclass::Phenanthrenoids;acceptor_superclass::Phenylethanoids (C6-C2);acceptor_superclass::Pseudoalkaloids;acceptor_superclass::Steroids;acceptor_superclass::Triterpenoids	0,0,0,0,0,1,1,0,0,0,0,0,0,0,0,0,0,0,0,0,0,0,0	1,1,0,0,0,1,1,0,0,0,0,1,1,0,1,0,1,0,0,1,1,0,0	0.430281,0.478079,-0.697936,-0.380156,-0.217964,1.122915,0.898867,-0.865379,-0.412268,-0.287643,-0.239268,0.140073,0.703659,-0.301718,0.182911,-0.629649,0.119168,-0.772497,-0.066981,0.541789,0.419004,-0.455891,-0.389036
Dpin_3MAT_AAO12206.1	Dpin_3MAT_AAO12206.1	acceptor_superclass::Flavonoids	acceptor_superclass::Coumarins;acceptor_superclass::Cyclic polyketides;acceptor_superclass::Flavonoids;acceptor_superclass::Isoflavonoids;acceptor_superclass::Ornithine alkaloids;acceptor_superclass::Phenanthrenoids;acceptor_superclass::Phenolic acids (C6-C1);acceptor_superclass::Phenylethanoids (C6-C2);acceptor_superclass::Pseudoalkaloids;acceptor_superclass::Small peptides;acceptor_superclass::Steroids;acceptor_superclass::Triterpenoids	0,0,0,0,0,1,0,0,0,0,0,0,0,0,0,0,0,0,0,0,0,0,0	1,1,0,0,0,1,1,0,0,0,0,1,1,1,1,0,1,0,1,1,1,0,0	0.661505,0.382478,-1.190256,-0.255429,-0.255540,1.233320,1.111460,-0.524597,-0.566843,-0.644889,-0.788369,0.190682,0.920296,0.318444,0.206527,-0.843124,0.137314,-1.121515,0.208644,0.813228,0.233851,-1.039175,-0.384870
Dvar_3MAT_AAO12206.1	Dvar_3MAT_AAO12206.1		acceptor_superclass::Coumarins;acceptor_superclass::Cyclic polyketides;acceptor_superclass::Flavonoids;acceptor_superclass::Isoflavonoids;acceptor_superclass::Ornithine alkaloids;acceptor_superclass::Phenanthrenoids;acceptor_superclass::Phenolic acids (C6-C1);acceptor_superclass::Phenylethanoids (C6-C2);acceptor_superclass::Pseudoalkaloids;acceptor_superclass::Small peptides;acceptor_superclass::Steroids;acceptor_superclass::Triterpenoids	0,0,0,0,0,0,0,0,0,0,0,0,0,0,0,0,0,0,0,0,0,0,0	1,1,0,0,0,1,1,0,0,0,0,1,1,1,1,0,1,0,1,1,1,0,0	0.661505,0.382478,-1.190256,-0.255429,-0.255540,1.233320,1.111460,-0.524597,-0.566843,-0.644889,-0.788369,0.190682,0.920296,0.318444,0.206527,-0.843124,0.137314,-1.121515,0.208644,0.813228,0.233851,-1.039175,-0.384870
Ecoc_CS_AGT56097.1	Ecoc_BAHD7_AGT56097.1	acceptor_superclass::Ornithine alkaloids	acceptor_superclass::Fatty acyls;acceptor_superclass::Monoterpenoids;acceptor_superclass::Phenylethanoids (C6-C2);acceptor_superclass::Phenylpropanoids (C6-C3);acceptor_superclass::Saccharides;acceptor_superclass::Triterpenoids	0,0,0,0,0,0,0,0,0,0,0,1,0,0,0,0,0,0,0,0,0,0,0	0,0,0,0,1,0,0,0,0,1,0,0,0,0,1,1,0,1,0,0,1,0,0	-6.762530,-3.155628,-0.189299,-1.058973,0.032342,-1.218767,-7.909132,-0.373763,-1.567430,0.277122,-1.915259,-1.454604,-1.491342,-1.464940,0.286504,0.166163,-0.859833,0.147319,-1.915803,-8.285399,0.251102,-0.284678,-0.177135
Ecoc_CS_AGT56097.1	Ecoc_CS_AGT56097.1	acceptor_superclass::Ornithine alkaloids	acceptor_superclass::Coumarins;acceptor_superclass::Diterpenoids;acceptor_superclass::Fatty Acids and Conjugates;acceptor_superclass::Isoflavonoids;acceptor_superclass::Lysine alkaloids;acceptor_superclass::Monoterpenoids;acceptor_superclass::Naphthalenes;acceptor_superclass::Phenanthrenoids;acceptor_superclass::Phenolic acids (C6-C1);acceptor_superclass::Phenylethanoids (C6-C2);acceptor_superclass::Phenylpropanoids (C6-C3);acceptor_superclass::Saccharides;acceptor_superclass::Small peptides	0,0,0,0,0,0,0,0,0,0,0,1,0,0,0,0,0,0,0,0,0,0,0	1,0,1,1,0,0,1,0,1,1,1,0,1,1,1,1,0,1,1,0,0,0,0	0.016417,-0.270323,0.004384,0.068663,-0.119210,-0.114413,0.025063,-0.098836,0.221164,0.272270,0.188488,-0.147360,0.334069,0.093467,0.177782,0.040076,-0.298657,0.103714,0.059647,-0.194280,-0.464002,-0.302786,-0.315539
Ecoc_HQT_AFF19203.1	Ecoc_HQT_AFF19203.1	acceptor_superclass::Phenolic acids (C6-C1)	acceptor_superclass::Fatty Acids and Conjugates;acceptor_superclass::Ornithine alkaloids;acceptor_superclass::Phenolic acids (C6-C1);acceptor_superclass::Phenylethanoids (C6-C2);acceptor_superclass::Small peptides;acceptor_superclass::Triterpenoids;acceptor_superclass::Tyrosine alkaloids	0,0,0,0,0,0,0,0,0,0,0,0,0,1,0,0,0,0,0,0,0,0,0	0,0,0,1,0,0,0,0,0,0,0,1,0,1,1,0,0,0,1,0,1,0,1	-3.589314,-2.489865,-5.272156,0.636558,-0.581143,-1.202273,-4.729207,-2.577101,-3.296860,-0.598717,-4.406474,0.080262,-3.281254,2.725403,0.122773,-0.341912,-0.513577,-3.133741,1.310621,-3.427130,0.093792,-1.706049,0.691642
Egra_5AT_BAF49288.1	Egra_5AT_BAF49288.1	acceptor_superclass::Flavonoids	acceptor_superclass::Coumarins;acceptor_superclass::Flavonoids;acceptor_superclass::Isoflavonoids;acceptor_superclass::Phenanthrenoids;acceptor_superclass::Steroids	0,0,0,0,0,1,0,0,0,0,0,0,0,0,0,0,0,0,0,0,0,0,0	1,0,0,0,0,1,1,0,0,0,0,0,1,0,0,0,0,0,0,1,0,0,0	0.254258,-1.173657,-7.115873,-1.594178,-1.909568,1.357195,0.794290,-1.441582,-2.812145,-2.831409,-0.600607,-0.903499,0.083121,-1.351297,-1.298888,-2.172385,-0.598498,-4.333173,-1.033841,0.704450,-0.163846,-2.165802,-0.571671
Epep_BAHD11_NA	Epep_BAHD11_NA	acceptor_superclass::Diterpenoids	acceptor_superclass::Diterpenoids;acceptor_superclass::Lysine alkaloids;acceptor_superclass::Monoterpenoids;acceptor_superclass::Naphthalenes;acceptor_superclass::Saccharides;acceptor_superclass::Triterpenoids;acceptor_superclass::Tryptophan alkaloids	0,0,1,0,0,0,0,0,0,0,0,0,0,0,0,0,0,0,0,0,0,0,0	0,0,1,0,0,0,0,0,1,1,1,0,0,0,0,0,0,1,0,0,1,1,0	-0.769431,-0.305968,0.609550,-0.609164,-0.103539,-0.718746,-0.637588,-1.136784,0.026356,0.179969,0.597987,-0.164845,-0.976073,-1.430236,-0.109022,-0.215946,-0.321638,0.445606,-1.204062,-0.928460,0.281941,0.908263,-0.014458
Epep_BAHD12_NA	Epep_BAHD12_NA	acceptor_superclass::Diterpenoids	acceptor_superclass::Cyclic polyketides;acceptor_superclass::Diterpenoids;acceptor_superclass::Lysine alkaloids;acceptor_superclass::Monoterpenoids;acceptor_superclass::Naphthalenes;acceptor_superclass::Pseudoalkaloids;acceptor_superclass::Saccharides;acceptor_superclass::Steroids;acceptor_superclass::Triterpenoids;acceptor_superclass::Tryptophan alkaloids	0,0,1,0,0,0,0,0,0,0,0,0,0,0,0,0,0,0,0,0,0,0,0	0,1,1,0,0,0,0,0,1,1,1,0,0,0,0,0,1,1,0,1,1,1,0	-0.596305,0.099477,0.251353,-0.189474,-0.052263,-0.329348,-0.779693,-0.189127,0.003727,0.278620,0.148484,-0.144005,-0.118269,-1.255727,-0.165605,-0.155895,0.078878,0.153219,-0.946884,0.020414,0.077457,0.239159,-0.579866
Epep_BAHD6_NA	Epep_BAHD6_NA	acceptor_superclass::Diterpenoids	acceptor_superclass::Coumarins;acceptor_superclass::Diterpenoids;acceptor_superclass::Fatty Acids and Conjugates;acceptor_superclass::Isoflavonoids;acceptor_superclass::Lysine alkaloids;acceptor_superclass::Monoterpenoids;acceptor_superclass::Naphthalenes;acceptor_superclass::Phenanthrenoids;acceptor_superclass::Phenolic acids (C6-C1);acceptor_superclass::Phenylethanoids (C6-C2);acceptor_superclass::Phenylpropanoids (C6-C3);acceptor_superclass::Saccharides;acceptor_superclass::Small peptides	0,0,1,0,0,0,0,0,0,0,0,0,0,0,0,0,0,0,0,0,0,0,0	1,0,1,1,0,0,1,0,1,1,1,0,1,1,1,1,0,1,1,0,0,0,0	0.017087,-0.294176,0.006581,0.101569,-0.137206,-0.130974,0.029083,-0.120172,0.248188,0.294758,0.209791,-0.153241,0.374837,0.099354,0.184094,0.040325,-0.323456,0.107638,0.059939,-0.197307,-0.466281,-0.325758,-0.309774
Epep_BAHD7_NA	Epep_BAHD7_NA	acceptor_superclass::Diterpenoids	acceptor_superclass::Naphthalenes;acceptor_superclass::Phenanthrenoids;acceptor_superclass::Steroids;acceptor_superclass::Triterpenoids;acceptor_superclass::Tryptophan alkaloids;acceptor_superclass::Tyrosine alkaloids	0,0,1,0,0,0,0,0,0,0,0,0,0,0,0,0,0,0,0,0,0,0,0	0,0,0,0,0,0,0,0,0,0,1,0,1,0,0,0,0,0,0,1,1,1,1	-2.680195,-1.025917,-1.768094,-2.744408,-1.510887,-1.306760,-2.245256,-0.437460,-1.938747,-1.244103,2.638620,-2.115614,0.025224,-3.634531,-0.540753,-0.719835,-1.774015,-1.702283,-3.526583,0.524931,1.334539,1.223511,0.134624
Epep_BAHD8_NA	Epep_BAHD8_NA	acceptor_superclass::Diterpenoids	acceptor_superclass::Coumarins;acceptor_superclass::Fatty Acids and Conjugates;acceptor_superclass::Isoflavonoids;acceptor_superclass::Lysine alkaloids;acceptor_superclass::Monoterpenoids;acceptor_superclass::Naphthalenes;acceptor_superclass::Phenanthrenoids;acceptor_superclass::Phenolic acids (C6-C1);acceptor_superclass::Phenylethanoids (C6-C2);acceptor_superclass::Phenylpropanoids (C6-C3);acceptor_superclass::Saccharides;acceptor_superclass::Small peptides	0,0,1,0,0,0,0,0,0,0,0,0,0,0,0,0,0,0,0,0,0,0,0	1,0,0,1,0,0,1,0,1,1,1,0,1,1,1,1,0,1,1,0,0,0,0	0.005796,-0.347019,-0.012746,0.143138,-0.164512,-0.153744,0.009909,-0.139748,0.322270,0.310073,0.239256,-0.157492,0.436121,0.120884,0.205904,0.042969,-0.377763,0.083474,0.068888,-0.208374,-0.522638,-0.392006,-0.324248
Epla_AAT1-1_BDW80081.1	Epla_AAT1-1_BDW80081.1	acceptor_superclass::Naphthalenes	acceptor_superclass::Monoterpenoids;acceptor_superclass::Naphthalenes;acceptor_superclass::Phenylpropanoids (C6-C3);acceptor_superclass::Triterpenoids;acceptor_superclass::Tryptophan alkaloids;acceptor_superclass::Tyrosine alkaloids	0,0,0,0,0,0,0,0,0,0,1,0,0,0,0,0,0,0,0,0,0,0,0	0,0,0,0,0,0,0,0,0,1,1,0,0,0,0,1,0,0,0,0,1,1,1	-5.966021,-1.853234,-1.269439,-2.387952,-0.142321,-1.613496,-6.932642,-0.166629,-2.581461,0.024491,0.644211,-1.381455,-1.581746,-2.658253,-0.013979,0.116745,-0.866097,-0.789095,-2.839528,-6.984726,0.560453,0.085785,0.101333
Epla_AAT1-2_BDW80082.1	Epla_AAT1-2_BDW80082.1	acceptor_superclass::Naphthalenes	acceptor_superclass::Cyclic polyketides;acceptor_superclass::Diterpenoids;acceptor_superclass::Lysine alkaloids;acceptor_superclass::Monoterpenoids;acceptor_superclass::Naphthalenes;acceptor_superclass::Pseudoalkaloids;acceptor_superclass::Saccharides;acceptor_superclass::Triterpenoids;acceptor_superclass::Tryptophan alkaloids	0,0,0,0,0,0,0,0,0,0,1,0,0,0,0,0,0,0,0,0,0,0,0	0,1,1,0,0,0,0,0,1,1,1,0,0,0,0,0,1,1,0,0,1,1,0	-0.670627,0.072260,0.289511,-0.199403,-0.089883,-0.407515,-0.921640,-0.133623,0.123710,0.298755,0.259850,-0.142523,-0.143546,-1.344183,-0.105858,-0.141195,0.109440,0.265303,-1.026922,-0.048715,0.094746,0.300816,-0.582939
Epla_AAT2-1_BDW80086.1	Epla_AAT2-1_BDW80086.1	acceptor_superclass::Naphthalenes	acceptor_superclass::Lignans;acceptor_superclass::Monoterpenoids;acceptor_superclass::Naphthalenes;acceptor_superclass::Phenylpropanoids (C6-C3);acceptor_superclass::Triterpenoids;acceptor_superclass::Tryptophan alkaloids;acceptor_superclass::Tyrosine alkaloids	0,0,0,0,0,0,0,0,0,0,1,0,0,0,0,0,0,0,0,0,0,0,0	0,0,0,0,0,0,0,1,0,1,1,0,0,0,0,1,0,0,0,0,1,1,1	-5.292983,-0.498279,-0.689482,-3.132697,-0.173384,-2.092161,-5.773613,0.565212,-4.021472,0.010897,3.028035,-1.124502,-1.435189,-3.672673,-0.052406,0.006049,-1.115033,-1.206151,-3.949482,-6.066393,1.414061,1.739237,0.664095
Epla_AAT2-2_BDW80087.1	Epla_AAT2-2_BDW80087.1	acceptor_superclass::Naphthalenes	acceptor_superclass::Coumarins;acceptor_superclass::Diterpenoids;acceptor_superclass::Fatty Acids and Conjugates;acceptor_superclass::Isoflavonoids;acceptor_superclass::Lysine alkaloids;acceptor_superclass::Monoterpenoids;acceptor_superclass::Naphthalenes;acceptor_superclass::Phenanthrenoids;acceptor_superclass::Phenolic acids (C6-C1);acceptor_superclass::Phenylethanoids (C6-C2);acceptor_superclass::Phenylpropanoids (C6-C3);acceptor_superclass::Saccharides;acceptor_superclass::Small peptides	0,0,0,0,0,0,0,0,0,0,1,0,0,0,0,0,0,0,0,0,0,0,0	1,0,1,1,0,0,1,0,1,1,1,0,1,1,1,1,0,1,1,0,0,0,0	0.030701,-0.241397,0.020901,0.048370,-0.121982,-0.116022,0.046756,-0.088457,0.169916,0.284350,0.177566,-0.165960,0.307942,0.081923,0.162216,0.024727,-0.289919,0.124822,0.065652,-0.195610,-0.461376,-0.271464,-0.331412
Epla_AAT2-3_BDW80088.1	Epla_AAT2-3_BDW80088.1	acceptor_superclass::Naphthalenes	acceptor_superclass::Coumarins;acceptor_superclass::Diterpenoids;acceptor_superclass::Fatty Acids and Conjugates;acceptor_superclass::Isoflavonoids;acceptor_superclass::Lysine alkaloids;acceptor_superclass::Monoterpenoids;acceptor_superclass::Naphthalenes;acceptor_superclass::Phenanthrenoids;acceptor_superclass::Phenolic acids (C6-C1);acceptor_superclass::Phenylethanoids (C6-C2);acceptor_superclass::Phenylpropanoids (C6-C3);acceptor_superclass::Saccharides;acceptor_superclass::Small peptides	0,0,0,0,0,0,0,0,0,0,1,0,0,0,0,0,0,0,0,0,0,0,0	1,0,1,1,0,0,1,0,1,1,1,0,1,1,1,1,0,1,1,0,0,0,0	0.025905,-0.195862,0.035032,0.011272,-0.094976,-0.100746,0.050398,-0.082620,0.111773,0.260417,0.150371,-0.152572,0.250108,0.067385,0.147380,0.019095,-0.235254,0.124456,0.052031,-0.185336,-0.401928,-0.214882,-0.308801
Epla_SAT1-1_BDW80075.1	Epla_SAT1-1_BDW80075.1	acceptor_superclass::Naphthalenes	acceptor_superclass::Diterpenoids;acceptor_superclass::Lignans;acceptor_superclass::Monoterpenoids;acceptor_superclass::Naphthalenes;acceptor_superclass::Saccharides;acceptor_superclass::Triterpenoids;acceptor_superclass::Tryptophan alkaloids;acceptor_superclass::Tyrosine alkaloids	0,0,0,0,0,0,0,0,0,0,1,0,0,0,0,0,0,0,0,0,0,0,0	0,0,1,0,0,0,0,1,0,1,1,0,0,0,0,0,0,1,0,0,1,1,1	-7.597075,-2.321603,0.649943,-3.667635,-0.774723,-2.318494,-8.104249,1.252978,-3.158242,0.094504,2.952431,-1.908750,-1.460558,-4.627254,-0.197164,-0.096562,-1.088425,0.008296,-4.904549,-9.108303,1.243352,2.042356,0.273922
Epla_SAT1-2_BDW80076.1	Epla_SAT1-2_BDW80076.1	acceptor_superclass::Naphthalenes	acceptor_superclass::Diterpenoids;acceptor_superclass::Lysine alkaloids;acceptor_superclass::Monoterpenoids;acceptor_superclass::Naphthalenes;acceptor_superclass::Phenylpropanoids (C6-C3);acceptor_superclass::Saccharides;acceptor_superclass::Triterpenoids;acceptor_superclass::Tryptophan alkaloids;acceptor_superclass::Tyrosine alkaloids	0,0,0,0,0,0,0,0,0,0,1,0,0,0,0,0,0,0,0,0,0,0,0	0,0,1,0,0,0,0,0,1,1,1,0,0,0,0,1,0,1,0,0,1,1,1	-1.134714,-0.324403,0.595204,-0.649180,-0.112811,-0.984458,-1.099123,-1.117556,0.277596,0.398483,0.646215,-0.172790,-1.301473,-1.604877,-0.182702,0.000597,-0.201159,0.504068,-1.357880,-1.069167,0.227946,0.878607,0.088132
Epla_SAT2-1_BDW80078.1	Epla_SAT2-1_BDW80078.1	acceptor_superclass::Naphthalenes	acceptor_superclass::Cyclic polyketides;acceptor_superclass::Diterpenoids;acceptor_superclass::Lysine alkaloids;acceptor_superclass::Monoterpenoids;acceptor_superclass::Naphthalenes;acceptor_superclass::Pseudoalkaloids;acceptor_superclass::Saccharides;acceptor_superclass::Triterpenoids;acceptor_superclass::Tryptophan alkaloids	0,0,0,0,0,0,0,0,0,0,1,0,0,0,0,0,0,0,0,0,0,0,0	0,1,1,0,0,0,0,0,1,1,1,0,0,0,0,0,1,1,0,0,1,1,0	-0.722481,0.115083,0.420456,-0.238477,-0.081945,-0.433370,-1.002349,-0.144341,0.129619,0.393876,0.397753,-0.159590,-0.147667,-1.561542,-0.147846,-0.164232,0.113575,0.347518,-1.189103,-0.025946,0.151362,0.417058,-0.675973
Epla_SAT2-2_BDW80079.1	Epla_SAT2-2_BDW80079.1	acceptor_superclass::Naphthalenes	acceptor_superclass::Lignans;acceptor_superclass::Naphthalenes;acceptor_superclass::Phenylethanoids (C6-C2);acceptor_superclass::Triterpenoids;acceptor_superclass::Tryptophan alkaloids;acceptor_superclass::Tyrosine alkaloids	0,0,0,0,0,0,0,0,0,0,1,0,0,0,0,0,0,0,0,0,0,0,0	0,0,0,0,0,0,0,1,0,0,1,0,0,0,1,0,0,0,0,0,1,1,1	-5.758944,-1.545749,-0.748660,-2.242346,-0.397806,-1.877243,-6.369478,0.027233,-3.637756,-0.087216,1.701533,-1.118097,-1.439181,-2.825081,0.079849,-0.108730,-0.954987,-0.624430,-3.405808,-6.643283,1.199216,1.410023,0.490891
Epur_HCT_QRI59128.1	Epur_HCT_QRI59128.1	acceptor_superclass::Phenolic acids (C6-C1)	acceptor_superclass::Fatty Acids and Conjugates;acceptor_superclass::Lignans;acceptor_superclass::Phenolic acids (C6-C1);acceptor_superclass::Phenylethanoids (C6-C2);acceptor_superclass::Phenylpropanoids (C6-C3);acceptor_superclass::Small peptides;acceptor_superclass::Tyrosine alkaloids	0,0,0,0,0,0,0,0,0,0,0,0,0,1,0,0,0,0,0,0,0,0,0	0,0,0,1,0,0,0,1,0,0,0,0,0,1,1,1,0,0,1,0,0,0,1	-4.525278,-4.187119,-3.329858,0.182443,-0.106869,-0.785537,-4.869225,0.411154,-1.328493,-0.855541,-5.621902,-2.186156,-4.378700,2.035253,0.191517,0.338468,-1.844121,-1.836075,0.957317,-3.986717,-0.598359,-2.756646,0.412129
Epur_HMT_UHJ19789.2	Epur_HMT_UHJ19789.2	acceptor_superclass::Fatty Acids and Conjugates	acceptor_superclass::Fatty Acids and Conjugates;acceptor_superclass::Lignans;acceptor_superclass::Ornithine alkaloids;acceptor_superclass::Phenolic acids (C6-C1);acceptor_superclass::Pseudoalkaloids;acceptor_superclass::Small peptides;acceptor_superclass::Steroids	0,0,0,1,0,0,0,0,0,0,0,0,0,0,0,0,0,0,0,0,0,0,0	0,0,0,1,0,0,0,1,0,0,0,1,0,1,0,0,1,0,1,1,0,0,0	-0.386754,-0.480047,-0.822082,0.198282,-0.114279,-0.079254,-0.336641,0.085067,-0.189688,-0.361132,-0.861590,0.033601,-0.313779,0.441783,-0.031926,-0.066660,0.090970,-0.445094,0.276038,0.050906,-0.191338,-1.007560,-0.098146
Epur_HQT_QRI59127.1	Epur_HQT_QRI59127.1	acceptor_superclass::Phenolic acids (C6-C1)	acceptor_superclass::Fatty Acids and Conjugates;acceptor_superclass::Lysine alkaloids;acceptor_superclass::Monoterpenoids;acceptor_superclass::Naphthalenes;acceptor_superclass::Phenanthrenoids;acceptor_superclass::Phenolic acids (C6-C1);acceptor_superclass::Phenylethanoids (C6-C2);acceptor_superclass::Phenylpropanoids (C6-C3);acceptor_superclass::Saccharides;acceptor_superclass::Small peptides	0,0,0,0,0,0,0,0,0,0,0,0,0,1,0,0,0,0,0,0,0,0,0	0,0,0,1,0,0,0,0,1,1,1,0,1,1,1,1,0,1,1,0,0,0,0	-0.012483,-0.411099,-0.101025,0.207494,-0.165831,-0.158546,-0.035635,-0.149145,0.486407,0.276759,0.305649,-0.135078,0.531446,0.182672,0.256086,0.091377,-0.431059,0.043192,0.088027,-0.239581,-0.588286,-0.510026,-0.308270
Epur_HTT_QRI59126.1	Epur_HTT_QRI59126.1	acceptor_superclass::Fatty Acids and Conjugates	acceptor_superclass::Coumarins;acceptor_superclass::Fatty Acids and Conjugates;acceptor_superclass::Isoflavonoids;acceptor_superclass::Lysine alkaloids;acceptor_superclass::Monoterpenoids;acceptor_superclass::Naphthalenes;acceptor_superclass::Phenanthrenoids;acceptor_superclass::Phenolic acids (C6-C1);acceptor_superclass::Phenylethanoids (C6-C2);acceptor_superclass::Phenylpropanoids (C6-C3);acceptor_superclass::Saccharides;acceptor_superclass::Small peptides	0,0,0,1,0,0,0,0,0,0,0,0,0,0,0,0,0,0,0,0,0,0,0	1,0,0,1,0,0,1,0,1,1,1,0,1,1,1,1,0,1,1,0,0,0,0	0.015017,-0.318660,-0.031325,0.128598,-0.160541,-0.132614,0.013272,-0.113531,0.312585,0.271402,0.229685,-0.149009,0.415755,0.130199,0.190345,0.047982,-0.365475,0.094175,0.081296,-0.212527,-0.526626,-0.380757,-0.332166
Fana_SAAT_AAG13130.1	Fana_SAAT_AAG13130.1	acceptor_superclass::Cyclic polyketides;acceptor_superclass::Fatty acyls;acceptor_superclass::Phenylethanoids (C6-C2)	acceptor_superclass::Cyclic polyketides;acceptor_superclass::Diterpenoids;acceptor_superclass::Monoterpenoids;acceptor_superclass::Phenanthrenoids;acceptor_superclass::Pseudoalkaloids;acceptor_superclass::Steroids;acceptor_superclass::Triterpenoids;acceptor_superclass::Tryptophan alkaloids	0,1,0,0,1,0,0,0,0,0,0,0,0,0,1,0,0,0,0,0,0,0,0	0,1,1,0,0,0,0,0,0,1,0,0,1,0,0,0,1,0,0,1,1,1,0	-0.428677,0.183411,0.015639,-0.139522,-0.066471,-0.136988,-0.441201,-0.203135,-0.124360,0.222711,-0.241677,-0.075905,0.072359,-1.072882,-0.203172,-0.185758,0.066905,-0.105979,-0.756535,0.186618,0.027602,0.033153,-0.569473
Fves_VAAT_CAC09062.1	Fves_VAAT_CAC09062.1	acceptor_superclass::Cyclic polyketides;acceptor_superclass::Fatty acyls;acceptor_superclass::Monoterpenoids;acceptor_superclass::Phenylethanoids (C6-C2);acceptor_superclass::Phenylpropanoids (C6-C3)	acceptor_superclass::Cyclic polyketides;acceptor_superclass::Ornithine alkaloids;acceptor_superclass::Phenanthrenoids;acceptor_superclass::Phenylethanoids (C6-C2);acceptor_superclass::Pseudoalkaloids;acceptor_superclass::Steroids;acceptor_superclass::Triterpenoids	0,1,0,0,1,0,0,0,0,1,0,0,0,0,1,1,0,0,0,0,0,0,0	0,1,0,0,0,0,0,0,0,0,0,1,1,0,1,0,1,0,0,1,1,0,0	-1.456586,0.845689,-3.450018,-1.905058,-0.511503,-0.194608,-1.352041,-1.386306,-1.886260,-0.412519,-0.592787,0.241466,0.376315,-2.952174,0.022947,-0.470459,0.251914,-1.790593,-1.967489,0.376036,0.423296,-0.248498,-0.167652
Gmax_COSY_KRH21316.1	Gmax_COSY_KRH21316.1		acceptor_superclass::Fatty Acids and Conjugates;acceptor_superclass::Fatty acyls;acceptor_superclass::Ornithine alkaloids;acceptor_superclass::Phenylpropanoids (C6-C3)	0,0,0,0,0,0,0,0,0,0,0,0,0,0,0,0,0,0,0,0,0,0,0	0,0,0,1,1,0,0,0,0,0,0,1,0,0,0,1,0,0,0,0,0,0,0	-1.654624,-1.316945,-3.951725,0.124731,0.684376,-0.249188,-2.538778,-1.469048,-1.015906,-0.107859,-3.834263,0.182492,-1.147384,-2.804477,-0.086419,0.202930,-0.239963,-2.622641,-1.535481,-1.475908,-1.339381,-2.268316,-1.409102
Gmax_MT7_ABY59019.1	Gmax_IF7MAT_NP_001237760.1	acceptor_superclass::Isoflavonoids	acceptor_superclass::Coumarins;acceptor_superclass::Flavonoids;acceptor_superclass::Isoflavonoids;acceptor_superclass::Phenanthrenoids;acceptor_superclass::Steroids	0,0,0,0,0,0,1,0,0,0,0,0,0,0,0,0,0,0,0,0,0,0,0	1,0,0,0,0,1,1,0,0,0,0,0,1,0,0,0,0,0,0,1,0,0,0	1.723951,-1.189319,-8.514156,-1.896366,-3.006875,1.988502,2.226331,-2.589787,-4.638837,-3.862267,-0.109908,-0.562834,1.504838,-2.208658,-1.557569,-3.107122,-0.389013,-4.964045,-1.706470,1.624156,-0.494152,-3.123828,-1.053547
Gmax_IMAT1_AQY54373.1	Gmax_IMAT1_AQY54373.1	acceptor_superclass::Isoflavonoids	acceptor_superclass::Coumarins;acceptor_superclass::Flavonoids;acceptor_superclass::Isoflavonoids;acceptor_superclass::Ornithine alkaloids;acceptor_superclass::Phenanthrenoids;acceptor_superclass::Pseudoalkaloids;acceptor_superclass::Steroids;acceptor_superclass::Triterpenoids	0,0,0,0,0,0,1,0,0,0,0,0,0,0,0,0,0,0,0,0,0,0,0	1,0,0,0,0,1,1,0,0,0,0,1,1,0,0,0,1,0,0,1,1,0,0	0.635614,-0.523444,-7.867911,-1.782932,-3.422116,1.068671,1.590518,-2.455345,-4.586287,-3.543219,-0.333441,0.976987,0.715402,-2.125940,-1.225383,-2.943139,1.053223,-4.359209,-1.429232,1.239942,0.562999,-1.227043,-0.504880
Gmax_IMAT3_AQY54374.1	Gmax_IMAT3_AQY54374.1	acceptor_superclass::Isoflavonoids	acceptor_superclass::Coumarins;acceptor_superclass::Fatty Acids and Conjugates;acceptor_superclass::Flavonoids;acceptor_superclass::Isoflavonoids;acceptor_superclass::Ornithine alkaloids;acceptor_superclass::Phenanthrenoids;acceptor_superclass::Phenolic acids (C6-C1);acceptor_superclass::Pseudoalkaloids;acceptor_superclass::Small peptides;acceptor_superclass::Steroids;acceptor_superclass::Tyrosine alkaloids	0,0,0,0,0,0,1,0,0,0,0,0,0,0,0,0,0,0,0,0,0,0,0	1,0,0,1,0,1,1,0,0,0,0,1,1,1,0,0,1,0,1,1,0,0,1	0.346010,-0.149478,-1.454589,0.358325,-0.394387,0.649729,0.946727,-0.255924,-0.922842,-0.464782,-1.609021,0.247180,0.496403,0.239379,-0.194767,-0.288756,0.020631,-1.026565,0.264207,0.465070,-0.150234,-1.051221,0.093300
Gmax_MT7_ABY59019.1	Gmax_MT7_ABY59019.1	acceptor_superclass::Flavonoids;acceptor_superclass::Isoflavonoids	acceptor_superclass::Coumarins;acceptor_superclass::Flavonoids;acceptor_superclass::Isoflavonoids;acceptor_superclass::Phenanthrenoids;acceptor_superclass::Steroids	0,0,0,0,0,1,1,0,0,0,0,0,0,0,0,0,0,0,0,0,0,0,0	1,0,0,0,0,1,1,0,0,0,0,0,1,0,0,0,0,0,0,1,0,0,0	1.723951,-1.189319,-8.514156,-1.896366,-3.006875,1.988502,2.226331,-2.589787,-4.638837,-3.862267,-0.109908,-0.562834,1.504838,-2.208658,-1.557569,-3.107122,-0.389013,-4.964045,-1.706470,1.624156,-0.494152,-3.123828,-1.053547
Gmax_SSACT1_KRH01153.1	Gmax_SSACT1_KRH01153.1	acceptor_superclass::Triterpenoids	acceptor_superclass::Coumarins;acceptor_superclass::Flavonoids;acceptor_superclass::Isoflavonoids;acceptor_superclass::Ornithine alkaloids;acceptor_superclass::Phenanthrenoids;acceptor_superclass::Pseudoalkaloids;acceptor_superclass::Steroids	0,0,0,0,0,0,0,0,0,0,0,0,0,0,0,0,0,0,0,0,1,0,0	1,0,0,0,0,1,1,0,0,0,0,1,1,0,0,0,1,0,0,1,0,0,0	1.029538,-0.709852,-6.557483,-1.127433,-2.524390,1.850606,1.507549,-4.899734,-6.619086,-2.411367,-0.078942,0.401882,0.633522,-3.039691,-1.189590,-2.127449,0.226752,-5.169788,-1.696156,1.245536,-1.806130,-0.954893,-1.135107
Gtri_53AAT_BAA74428.1	Gtri_53AAT_BAA74428.1	acceptor_superclass::Flavonoids	acceptor_superclass::Coumarins;acceptor_superclass::Fatty Acids and Conjugates;acceptor_superclass::Flavonoids;acceptor_superclass::Isoflavonoids;acceptor_superclass::Ornithine alkaloids;acceptor_superclass::Phenanthrenoids;acceptor_superclass::Phenolic acids (C6-C1);acceptor_superclass::Pseudoalkaloids;acceptor_superclass::Small peptides;acceptor_superclass::Steroids	0,0,0,0,0,1,0,0,0,0,0,0,0,0,0,0,0,0,0,0,0,0,0	1,0,0,1,0,1,1,0,0,0,0,1,1,1,0,0,1,0,1,1,0,0,0	0.134181,-0.149192,-1.101108,0.303362,-0.288777,0.399686,0.498581,-0.260239,-0.741460,-0.362705,-1.167573,0.169658,0.316503,0.100465,-0.169042,-0.237380,0.004811,-0.753822,0.103605,0.251753,-0.200486,-0.805676,-0.020478
Gtri_53AAT_BAA74428.1	Gtri_5AT_BAA74428.1	acceptor_superclass::Flavonoids	acceptor_superclass::Coumarins;acceptor_superclass::Cyclic polyketides;acceptor_superclass::Flavonoids;acceptor_superclass::Isoflavonoids;acceptor_superclass::Ornithine alkaloids;acceptor_superclass::Phenanthrenoids;acceptor_superclass::Phenolic acids (C6-C1);acceptor_superclass::Phenylethanoids (C6-C2);acceptor_superclass::Pseudoalkaloids;acceptor_superclass::Small peptides;acceptor_superclass::Steroids;acceptor_superclass::Triterpenoids	0,0,0,0,0,1,0,0,0,0,0,0,0,0,0,0,0,0,0,0,0,0,0	1,1,0,0,0,1,1,0,0,0,0,1,1,1,1,0,1,0,1,1,1,0,0	0.294302,0.229820,-0.876804,-0.293679,-0.192767,0.917590,0.786414,-0.568970,-0.677708,-0.401524,-0.561302,0.102641,0.479699,0.078685,0.154715,-0.642148,0.002829,-0.567852,0.019865,0.332404,0.187483,-0.649570,-0.247025
Gtri_53AAT_BAA74428.1	Gtri_GAT_BAA74428.1	acceptor_superclass::Flavonoids	acceptor_superclass::Coumarins;acceptor_superclass::Fatty Acids and Conjugates;acceptor_superclass::Isoflavonoids;acceptor_superclass::Lysine alkaloids;acceptor_superclass::Monoterpenoids;acceptor_superclass::Naphthalenes;acceptor_superclass::Phenanthrenoids;acceptor_superclass::Phenolic acids (C6-C1);acceptor_superclass::Phenylethanoids (C6-C2);acceptor_superclass::Phenylpropanoids (C6-C3);acceptor_superclass::Saccharides;acceptor_superclass::Small peptides	0,0,0,0,0,1,0,0,0,0,0,0,0,0,0,0,0,0,0,0,0,0,0	1,0,0,1,0,0,1,0,1,1,1,0,1,1,1,1,0,1,1,0,0,0,0	0.013721,-0.312342,-0.059984,0.124491,-0.144189,-0.133148,0.018589,-0.118857,0.339084,0.250408,0.237084,-0.138428,0.422515,0.147564,0.205925,0.061738,-0.358769,0.071367,0.071149,-0.206416,-0.508181,-0.402507,-0.314733
Hann_HCT1_QBM78941.1	Hann_HCT1_QBM78941.1	acceptor_superclass::Phenolic acids (C6-C1)	acceptor_superclass::Fatty Acids and Conjugates;acceptor_superclass::Lignans;acceptor_superclass::Phenolic acids (C6-C1);acceptor_superclass::Phenylethanoids (C6-C2);acceptor_superclass::Phenylpropanoids (C6-C3);acceptor_superclass::Small peptides;acceptor_superclass::Tyrosine alkaloids	0,0,0,0,0,0,0,0,0,0,0,0,0,1,0,0,0,0,0,0,0,0,0	0,0,0,1,0,0,0,1,0,0,0,0,0,1,1,1,0,0,1,0,0,0,1	-4.081065,-4.287755,-3.855326,0.062911,-0.546300,-0.947296,-4.594288,0.086533,-1.978253,-1.308350,-5.273598,-1.954993,-3.857393,2.237875,0.454519,0.194889,-1.862967,-1.885019,0.956512,-3.726999,-0.454724,-2.648712,0.508944
Hann_HCT2_QBM78942.1	Hann_HCT2_QBM78942.1	acceptor_superclass::Phenolic acids (C6-C1)	acceptor_superclass::Fatty Acids and Conjugates;acceptor_superclass::Phenolic acids (C6-C1);acceptor_superclass::Pseudoalkaloids;acceptor_superclass::Small peptides	0,0,0,0,0,0,0,0,0,0,0,0,0,1,0,0,0,0,0,0,0,0,0	0,0,0,1,0,0,0,0,0,0,0,0,0,1,0,0,1,0,1,0,0,0,0	-0.199946,-0.217018,-0.797311,0.172115,-0.111027,-0.074961,-0.161221,-0.217790,-0.421482,-0.392090,-0.882556,-0.017606,-0.088877,0.199524,-0.118981,-0.093747,0.056441,-0.537897,0.143618,-0.084553,-0.384450,-0.622046,-0.040603
Hann_HQT1_QBM78938.1	Hann_HQT1_QBM78938.1	acceptor_superclass::Phenolic acids (C6-C1)	acceptor_superclass::Fatty Acids and Conjugates;acceptor_superclass::Ornithine alkaloids;acceptor_superclass::Phenolic acids (C6-C1);acceptor_superclass::Small peptides;acceptor_superclass::Triterpenoids;acceptor_superclass::Tyrosine alkaloids	0,0,0,0,0,0,0,0,0,0,0,0,0,1,0,0,0,0,0,0,0,0,0	0,0,0,1,0,0,0,0,0,0,0,1,0,1,0,0,0,0,1,0,1,0,1	-3.610159,-2.451543,-5.230037,0.791963,-0.571960,-1.603690,-4.781144,-2.420757,-3.664484,-0.533069,-4.720039,0.470171,-3.594780,2.731658,-0.058575,-0.357724,-0.272153,-3.318783,1.744981,-3.202278,0.245507,-1.247772,0.882573
Hann_HQT2_QBM78939.1	Hann_HQT2_QBM78939.1	acceptor_superclass::Phenolic acids (C6-C1)	acceptor_superclass::Fatty Acids and Conjugates;acceptor_superclass::Phenolic acids (C6-C1);acceptor_superclass::Small peptides;acceptor_superclass::Triterpenoids;acceptor_superclass::Tyrosine alkaloids	0,0,0,0,0,0,0,0,0,0,0,0,0,1,0,0,0,0,0,0,0,0,0	0,0,0,1,0,0,0,0,0,0,0,0,0,1,0,0,0,0,1,0,1,0,1	-4.327435,-3.346135,-4.189163,0.336225,-0.737396,-0.811874,-5.486125,-2.116656,-2.869268,-0.485702,-4.597795,-0.285047,-3.008714,2.169964,-0.280638,-0.433501,-0.640807,-2.604292,1.036233,-4.410578,0.003477,-1.501117,0.541244
Hann_HQT3_QBM78940.1	Hann_HQT3_QBM78940.1	acceptor_superclass::Phenolic acids (C6-C1)	acceptor_superclass::Fatty Acids and Conjugates;acceptor_superclass::Phenolic acids (C6-C1);acceptor_superclass::Pseudoalkaloids;acceptor_superclass::Small peptides	0,0,0,0,0,0,0,0,0,0,0,0,0,1,0,0,0,0,0,0,0,0,0	0,0,0,1,0,0,0,0,0,0,0,0,0,1,0,0,1,0,1,0,0,0,0	-0.197761,-0.189429,-0.700350,0.140033,-0.130870,-0.035757,-0.119535,-0.220804,-0.435087,-0.328893,-0.787956,-0.004130,-0.030969,0.075153,-0.132230,-0.123660,0.048953,-0.500919,0.052518,-0.063108,-0.326495,-0.557034,-0.098100
Hcan_PMT_KAL4341785.1	Hcan_PMT_KAL4341785.1	acceptor_superclass::Phenylpropanoids (C6-C3)	acceptor_superclass::Fatty acyls;acceptor_superclass::Monoterpenoids;acceptor_superclass::Phenolic acids (C6-C1);acceptor_superclass::Phenylpropanoids (C6-C3)	0,0,0,0,0,0,0,0,0,0,0,0,0,0,0,1,0,0,0,0,0,0,0	0,0,0,0,1,0,0,0,0,1,0,0,0,1,0,1,0,0,0,0,0,0,0	-6.366312,-3.847867,-2.409971,-0.677148,0.793183,-1.164890,-8.610280,-1.127513,-0.650429,0.495275,-4.838027,-2.191156,-4.223090,0.356557,-0.163471,0.317613,-1.187399,-2.824413,-0.043474,-7.055790,-0.199622,-2.624854,-0.127887
Hmur_ACT_BCN87077.1	Hmur_ACT_BCN87077.1	acceptor_superclass::Ornithine alkaloids;acceptor_superclass::Pseudoalkaloids	acceptor_superclass::Coumarins;acceptor_superclass::Fatty Acids and Conjugates;acceptor_superclass::Isoflavonoids;acceptor_superclass::Lysine alkaloids;acceptor_superclass::Monoterpenoids;acceptor_superclass::Naphthalenes;acceptor_superclass::Phenanthrenoids;acceptor_superclass::Phenolic acids (C6-C1);acceptor_superclass::Phenylethanoids (C6-C2);acceptor_superclass::Phenylpropanoids (C6-C3);acceptor_superclass::Saccharides;acceptor_superclass::Small peptides	0,0,0,0,0,0,0,0,0,0,0,1,0,0,0,0,1,0,0,0,0,0,0	1,0,0,1,0,0,1,0,1,1,1,0,1,1,1,1,0,1,1,0,0,0,0	0.014290,-0.312894,-0.047659,0.124948,-0.151539,-0.138077,0.005830,-0.123189,0.320017,0.257327,0.242890,-0.141749,0.413733,0.135816,0.197339,0.054282,-0.358747,0.088140,0.079442,-0.220018,-0.521193,-0.385648,-0.325966
Hpol_BAHD3_NA	Hpol_BAHD3_NA	acceptor_superclass::Tyrosine alkaloids	acceptor_superclass::Coumarins;acceptor_superclass::Fatty Acids and Conjugates;acceptor_superclass::Isoflavonoids;acceptor_superclass::Lysine alkaloids;acceptor_superclass::Monoterpenoids;acceptor_superclass::Naphthalenes;acceptor_superclass::Phenanthrenoids;acceptor_superclass::Phenolic acids (C6-C1);acceptor_superclass::Phenylethanoids (C6-C2);acceptor_superclass::Phenylpropanoids (C6-C3);acceptor_superclass::Saccharides;acceptor_superclass::Small peptides	0,0,0,0,0,0,0,0,0,0,0,0,0,0,0,0,0,0,0,0,0,0,1	1,0,0,1,0,0,1,0,1,1,1,0,1,1,1,1,0,1,1,0,0,0,0	0.006428,-0.327995,-0.049468,0.136059,-0.142127,-0.145382,0.008937,-0.118152,0.353417,0.268377,0.250966,-0.145213,0.433606,0.147830,0.218270,0.066568,-0.361180,0.071665,0.079017,-0.212646,-0.519674,-0.401134,-0.317773
Hvul_ACT1-1_AAO73071.1	Hvul_ACT1-1_AAO73071.1	acceptor_superclass::Ornithine alkaloids	acceptor_superclass::Fatty Acids and Conjugates;acceptor_superclass::Flavonoids;acceptor_superclass::Ornithine alkaloids;acceptor_superclass::Phenolic acids (C6-C1);acceptor_superclass::Phenylethanoids (C6-C2);acceptor_superclass::Pseudoalkaloids;acceptor_superclass::Small peptides;acceptor_superclass::Steroids	0,0,0,0,0,0,0,0,0,0,0,1,0,0,0,0,0,0,0,0,0,0,0	0,0,0,1,0,1,0,0,0,0,0,1,0,1,1,0,1,0,1,1,0,0,0	-0.456523,-0.424495,-0.937532,0.108322,-0.079651,0.173274,-0.079861,-0.120657,-0.439762,-0.319577,-0.964180,0.177580,-0.286237,0.514194,0.034247,-0.181153,0.329707,-0.406246,0.363726,0.180723,-0.045085,-1.136293,-0.085130
Hvul_ACT1-1_BAF97626	Hvul_ACT1-1_BAF97626	acceptor_superclass::Ornithine alkaloids;acceptor_superclass::Pseudoalkaloids	acceptor_superclass::Fatty Acids and Conjugates;acceptor_superclass::Flavonoids;acceptor_superclass::Ornithine alkaloids;acceptor_superclass::Phenanthrenoids;acceptor_superclass::Pseudoalkaloids;acceptor_superclass::Steroids	0,0,0,0,0,0,0,0,0,0,0,1,0,0,0,0,1,0,0,0,0,0,0	0,0,0,1,0,1,0,0,0,0,0,1,1,0,0,0,1,0,0,1,0,0,0	-0.135698,-0.094253,-0.712951,0.153795,-0.154894,0.042201,-0.057754,-0.212692,-0.444707,-0.193813,-0.873793,0.059744,0.084964,-0.186543,-0.156319,-0.173205,0.078287,-0.519455,-0.119677,0.090121,-0.238416,-0.511246,-0.211854
Hvul_ACT1-2_BAF97627.1	Hvul_ACT1-2_BAF97627	acceptor_superclass::Ornithine alkaloids;acceptor_superclass::Pseudoalkaloids	acceptor_superclass::Fatty Acids and Conjugates;acceptor_superclass::Ornithine alkaloids;acceptor_superclass::Phenolic acids (C6-C1);acceptor_superclass::Pseudoalkaloids;acceptor_superclass::Small peptides;acceptor_superclass::Tyrosine alkaloids	0,0,0,0,0,0,0,0,0,0,0,1,0,0,0,0,1,0,0,0,0,0,0	0,0,0,1,0,0,0,0,0,0,0,1,0,1,0,0,1,0,1,0,0,0,1	-1.679136,-1.319155,-5.981949,0.302594,-1.171484,-0.655025,-1.995845,-3.608268,-5.350469,-1.194676,-2.826749,1.501365,-1.935700,0.424997,-0.244437,-0.712159,0.742209,-4.091024,0.473373,-1.338063,-0.573697,-1.052005,0.329808
Hvul_ACT1-2_BAF97627.1	Hvul_ACT1-2_BAF97627.1	acceptor_superclass::Ornithine alkaloids	acceptor_superclass::Fatty Acids and Conjugates;acceptor_superclass::Flavonoids;acceptor_superclass::Isoflavonoids;acceptor_superclass::Ornithine alkaloids;acceptor_superclass::Phenanthrenoids;acceptor_superclass::Pseudoalkaloids;acceptor_superclass::Steroids	0,0,0,0,0,0,0,0,0,0,0,1,0,0,0,0,0,0,0,0,0,0,0	0,0,0,1,0,1,1,0,0,0,0,1,1,0,0,0,1,0,0,1,0,0,0	-0.101067,-0.105425,-0.716382,0.162395,-0.165052,0.067962,0.013139,-0.209691,-0.452742,-0.199319,-0.864312,0.079154,0.106924,-0.164270,-0.150386,-0.173902,0.081316,-0.523230,-0.093812,0.104659,-0.213146,-0.511799,-0.188322
Hvul_ACT2_BAK00935.1	Hvul_ACT2_BAK00935.1	acceptor_superclass::Ornithine alkaloids;acceptor_superclass::Pseudoalkaloids	acceptor_superclass::Fatty Acids and Conjugates;acceptor_superclass::Flavonoids;acceptor_superclass::Isoflavonoids;acceptor_superclass::Ornithine alkaloids;acceptor_superclass::Phenanthrenoids;acceptor_superclass::Pseudoalkaloids;acceptor_superclass::Steroids	0,0,0,0,0,0,0,0,0,0,0,1,0,0,0,0,1,0,0,0,0,0,0	0,0,0,1,0,1,1,0,0,0,0,1,1,0,0,0,1,0,0,1,0,0,0	-0.097608,-0.088349,-0.742914,0.160450,-0.151739,0.065176,0.027028,-0.200358,-0.429732,-0.210094,-0.888471,0.074074,0.098796,-0.129645,-0.152277,-0.166647,0.079664,-0.547712,-0.052194,0.125267,-0.219747,-0.522718,-0.172800
Hvul_ACT1-1_AAO73071.1	Hvul_ACT_AAO73071.1	acceptor_superclass::Ornithine alkaloids	acceptor_superclass::Fatty Acids and Conjugates;acceptor_superclass::Flavonoids;acceptor_superclass::Ornithine alkaloids;acceptor_superclass::Phenolic acids (C6-C1);acceptor_superclass::Phenylethanoids (C6-C2);acceptor_superclass::Pseudoalkaloids;acceptor_superclass::Small peptides;acceptor_superclass::Steroids	0,0,0,0,0,0,0,0,0,0,0,1,0,0,0,0,0,0,0,0,0,0,0	0,0,0,1,0,1,0,0,0,0,0,1,0,1,1,0,1,0,1,1,0,0,0	-0.456523,-0.424495,-0.937532,0.108322,-0.079651,0.173274,-0.079861,-0.120657,-0.439762,-0.319577,-0.964180,0.177580,-0.286237,0.514194,0.034247,-0.181153,0.329707,-0.406246,0.363726,0.180723,-0.045085,-1.136293,-0.085130
Ibat_HQT_BAA87043.1	Ibat_HQT_BAA87043.1	acceptor_superclass::Phenolic acids (C6-C1)	acceptor_superclass::Fatty Acids and Conjugates;acceptor_superclass::Lignans;acceptor_superclass::Phenolic acids (C6-C1);acceptor_superclass::Small peptides;acceptor_superclass::Tyrosine alkaloids	0,0,0,0,0,0,0,0,0,0,0,0,0,1,0,0,0,0,0,0,0,0,0	0,0,0,1,0,0,0,1,0,0,0,0,0,1,0,0,0,0,1,0,0,0,1	-3.912519,-3.649738,-4.094418,0.169341,-0.660478,-0.630263,-4.129709,0.050982,-1.965764,-1.159014,-5.316376,-1.300332,-3.762599,1.564764,-0.056215,-0.158587,-1.143766,-2.032715,0.929132,-3.412426,-0.611820,-2.598034,0.354466
Ihol_3AT1_BAE72676.1	Ihol_3AT1_BAE72676.1	acceptor_superclass::Flavonoids	acceptor_superclass::Fatty acyls;acceptor_superclass::Monoterpenoids;acceptor_superclass::Phenylpropanoids (C6-C3)	0,0,0,0,0,1,0,0,0,0,0,0,0,0,0,0,0,0,0,0,0,0,0	0,0,0,0,1,0,0,0,0,1,0,0,0,0,0,1,0,0,0,0,0,0,0	-3.308686,-1.467321,-0.638288,-0.161305,1.256478,-0.402535,-3.872036,-1.004740,-0.255359,1.115427,-4.063086,-0.468236,-1.776513,-3.431076,-0.354050,0.768846,-0.548909,-1.196735,-2.170900,-2.029575,-1.434781,-1.932751,-1.450780
Ihol_3AT2_BAE94328.1	Ihol_3AT2_BAE94328.1	acceptor_superclass::Flavonoids	acceptor_superclass::Diterpenoids;acceptor_superclass::Lysine alkaloids;acceptor_superclass::Monoterpenoids;acceptor_superclass::Phenylpropanoids (C6-C3);acceptor_superclass::Saccharides	0,0,0,0,0,1,0,0,0,0,0,0,0,0,0,0,0,0,0,0,0,0,0	0,0,1,0,0,0,0,0,1,1,0,0,0,0,0,1,0,1,0,0,0,0,0	-0.728421,-0.427101,0.083597,-0.157916,-0.062904,-0.406631,-0.744428,-0.383765,0.052210,0.043789,-0.227715,-0.067592,-0.671862,-0.616437,-0.070343,0.046265,-0.017157,0.054624,-0.483111,-0.459035,-0.194229,-0.095559,-0.027052
Jsam_BEAT1_UJH94663.1	Jsam_BEAT1_UJH94663.1		acceptor_superclass::Fatty Acids and Conjugates;acceptor_superclass::Fatty acyls;acceptor_superclass::Flavonoids;acceptor_superclass::Ornithine alkaloids;acceptor_superclass::Phenolic acids (C6-C1);acceptor_superclass::Phenylpropanoids (C6-C3);acceptor_superclass::Pseudoalkaloids;acceptor_superclass::Small peptides;acceptor_superclass::Steroids	0,0,0,0,0,0,0,0,0,0,0,0,0,0,0,0,0,0,0,0,0,0,0	0,0,0,1,1,1,0,0,0,0,0,1,0,1,0,1,1,0,1,1,0,0,0	-0.473046,-0.262362,-0.612786,0.061906,0.105074,0.107361,-0.107743,-0.277755,-0.077334,-0.207198,-0.538985,0.185768,-0.153432,0.004896,-0.020385,0.016233,0.278938,-0.488089,0.038222,0.187970,-0.027054,-0.848942,-0.186336
Jsam_BEAT2_UJH94664.1	Jsam_BEAT2_UJH94664.1		acceptor_superclass::Fatty Acids and Conjugates;acceptor_superclass::Phenylethanoids (C6-C2)	0,0,0,0,0,0,0,0,0,0,0,0,0,0,0,0,0,0,0,0,0,0,0	0,0,0,1,0,0,0,0,0,0,0,0,0,0,1,0,0,0,0,0,0,0,0	-2.323398,-2.137501,-3.224322,0.085074,-0.343507,-0.905394,-2.838839,-0.432282,-1.367895,-0.684016,-2.900248,-0.742411,-1.527493,-1.238286,0.187500,-0.138916,-0.784012,-1.890939,-0.642722,-1.652221,-0.417002,-1.713990,-0.554038
Lalb_HMT_BAD89275.1	Lalb_HMT_BAD89275.1	acceptor_superclass::Lysine alkaloids	acceptor_superclass::Fatty Acids and Conjugates;acceptor_superclass::Fatty acyls;acceptor_superclass::Phenolic acids (C6-C1);acceptor_superclass::Phenylpropanoids (C6-C3);acceptor_superclass::Saccharides;acceptor_superclass::Small peptides;acceptor_superclass::Tyrosine alkaloids	0,0,0,0,0,0,0,0,1,0,0,0,0,0,0,0,0,0,0,0,0,0,0	0,0,0,1,1,0,0,0,0,0,0,0,0,1,0,1,0,1,1,0,0,0,1	-0.897859,-0.622701,-0.334311,0.027380,0.127236,-0.353708,-0.520207,-0.283981,-0.172119,-0.088341,-0.623127,-0.049499,-0.826806,0.068958,-0.094559,0.038622,-0.148614,0.031384,0.027872,-0.275721,-0.171750,-0.492247,0.022284
Lang_RAS_ABI48360.1	Lang_AAT1_ABI48360.1	acceptor_superclass::Tyrosine alkaloids	acceptor_superclass::Fatty Acids and Conjugates;acceptor_superclass::Flavonoids;acceptor_superclass::Lignans;acceptor_superclass::Ornithine alkaloids;acceptor_superclass::Phenolic acids (C6-C1);acceptor_superclass::Phenylethanoids (C6-C2);acceptor_superclass::Pseudoalkaloids;acceptor_superclass::Small peptides;acceptor_superclass::Steroids	0,0,0,0,0,0,0,0,0,0,0,0,0,0,0,0,0,0,0,0,0,0,1	0,0,0,1,0,1,0,1,0,0,0,1,0,1,1,0,1,0,1,1,0,0,0	-0.147656,-0.303118,-0.996296,0.174789,-0.195984,0.106173,-0.184323,0.153884,-0.195695,-0.434577,-1.010480,0.057970,-0.090666,0.481128,0.017678,-0.198259,0.196331,-0.568661,0.310632,0.197037,-0.189191,-1.168461,-0.116977
Lang_RAS_ABI48360.1	Lang_AT1_ABI48360.1	acceptor_superclass::Phenolic acids (C6-C1);acceptor_superclass::Small peptides;acceptor_superclass::Tryptophan alkaloids;acceptor_superclass::Tyrosine alkaloids	acceptor_superclass::Fatty Acids and Conjugates;acceptor_superclass::Phenanthrenoids;acceptor_superclass::Pseudoalkaloids;acceptor_superclass::Steroids	0,0,0,0,0,0,0,0,0,0,0,0,0,1,0,0,0,0,1,0,0,1,1	0,0,0,1,0,0,0,0,0,0,0,0,1,0,0,0,1,0,0,1,0,0,0	-0.233251,-0.070171,-0.569373,0.074652,-0.146112,-0.015875,-0.203304,-0.172640,-0.326178,-0.104366,-0.744238,-0.023555,0.047455,-0.370690,-0.134899,-0.124554,0.058487,-0.393628,-0.258614,0.072109,-0.185260,-0.396481,-0.247277
Lang_RAS_ABI48360.1	Lang_RAS_ABI48360.1		acceptor_superclass::Coumarins;acceptor_superclass::Fatty Acids and Conjugates;acceptor_superclass::Isoflavonoids;acceptor_superclass::Lysine alkaloids;acceptor_superclass::Monoterpenoids;acceptor_superclass::Naphthalenes;acceptor_superclass::Phenanthrenoids;acceptor_superclass::Phenolic acids (C6-C1);acceptor_superclass::Phenylethanoids (C6-C2);acceptor_superclass::Phenylpropanoids (C6-C3);acceptor_superclass::Saccharides;acceptor_superclass::Small peptides	0,0,0,0,0,0,0,0,0,0,0,0,0,0,0,0,0,0,0,0,0,0,0	1,0,0,1,0,0,1,0,1,1,1,0,1,1,1,1,0,1,1,0,0,0,0	0.016260,-0.328219,-0.028978,0.139488,-0.174711,-0.141341,0.007278,-0.119703,0.324372,0.284888,0.240919,-0.157062,0.436846,0.125358,0.190746,0.045603,-0.385208,0.096625,0.079911,-0.220217,-0.548969,-0.398938,-0.348014
Lang_RAS_AEA36976.1	Lang_RAS_AEA36976.1		acceptor_superclass::Fatty Acids and Conjugates;acceptor_superclass::Flavonoids;acceptor_superclass::Phenanthrenoids;acceptor_superclass::Pseudoalkaloids;acceptor_superclass::Steroids	0,0,0,0,0,0,0,0,0,0,0,0,0,0,0,0,0,0,0,0,0,0,0	0,0,0,1,0,1,0,0,0,0,0,0,1,0,0,0,1,0,0,1,0,0,0	-0.152865,-0.077561,-0.712601,0.119253,-0.155896,0.059736,-0.061159,-0.193608,-0.413372,-0.173739,-0.924134,-0.001474,0.100458,-0.239890,-0.150237,-0.146117,0.054152,-0.525565,-0.149438,0.117549,-0.229528,-0.518164,-0.210120
Lery_AAT1_BBV14786.1	Lery_AAT1_BBV14786.1	acceptor_superclass::Naphthalenes	acceptor_superclass::Cyclic polyketides;acceptor_superclass::Diterpenoids;acceptor_superclass::Lysine alkaloids;acceptor_superclass::Monoterpenoids;acceptor_superclass::Naphthalenes;acceptor_superclass::Pseudoalkaloids;acceptor_superclass::Saccharides;acceptor_superclass::Triterpenoids;acceptor_superclass::Tryptophan alkaloids	0,0,0,0,0,0,0,0,0,0,1,0,0,0,0,0,0,0,0,0,0,0,0	0,1,1,0,0,0,0,0,1,1,1,0,0,0,0,0,1,1,0,0,1,1,0	-0.718498,0.109214,0.388434,-0.228125,-0.090684,-0.425910,-0.997768,-0.122629,0.177675,0.376373,0.363842,-0.154757,-0.137673,-1.513563,-0.107433,-0.150400,0.110369,0.338195,-1.161224,-0.045313,0.136140,0.378124,-0.647270
Lery_AAT2_BDW80085.1	Lery_AAT2_BDW80085.1	acceptor_superclass::Naphthalenes	acceptor_superclass::Naphthalenes;acceptor_superclass::Phenylethanoids (C6-C2);acceptor_superclass::Triterpenoids;acceptor_superclass::Tryptophan alkaloids;acceptor_superclass::Tyrosine alkaloids	0,0,0,0,0,0,0,0,0,0,1,0,0,0,0,0,0,0,0,0,0,0,0	0,0,0,0,0,0,0,0,0,0,1,0,0,0,1,0,0,0,0,0,1,1,1	-4.510869,-0.961006,-1.650440,-2.277551,-0.163782,-1.462962,-5.043317,-0.583330,-3.869349,-0.172094,1.530864,-0.658990,-1.150942,-3.001615,0.068493,-0.100252,-0.670104,-1.526371,-3.045386,-5.263663,0.652582,0.711593,0.306398
Lery_SAT1_BBV14785.1	Lery_SAT1_BBV14785.1	acceptor_superclass::Naphthalenes	acceptor_superclass::Coumarins;acceptor_superclass::Diterpenoids;acceptor_superclass::Fatty Acids and Conjugates;acceptor_superclass::Isoflavonoids;acceptor_superclass::Lysine alkaloids;acceptor_superclass::Monoterpenoids;acceptor_superclass::Naphthalenes;acceptor_superclass::Phenanthrenoids;acceptor_superclass::Phenolic acids (C6-C1);acceptor_superclass::Phenylethanoids (C6-C2);acceptor_superclass::Phenylpropanoids (C6-C3);acceptor_superclass::Saccharides;acceptor_superclass::Small peptides	0,0,0,0,0,0,0,0,0,0,1,0,0,0,0,0,0,0,0,0,0,0,0	1,0,1,1,0,0,1,0,1,1,1,0,1,1,1,1,0,1,1,0,0,0,0	0.022487,-0.273821,0.007236,0.077379,-0.130509,-0.128183,0.031969,-0.100477,0.215366,0.289126,0.195426,-0.158115,0.341047,0.093426,0.172489,0.031281,-0.311922,0.112879,0.069913,-0.205739,-0.485071,-0.307236,-0.333630
Lery_SAT2_BDW80077.1	Lery_SAT2_BDW80077.1	acceptor_superclass::Naphthalenes	acceptor_superclass::Naphthalenes;acceptor_superclass::Triterpenoids;acceptor_superclass::Tryptophan alkaloids;acceptor_superclass::Tyrosine alkaloids	0,0,0,0,0,0,0,0,0,0,1,0,0,0,0,0,0,0,0,0,0,0,0	0,0,0,0,0,0,0,0,0,0,1,0,0,0,0,0,0,0,0,0,1,1,1	-3.901453,-2.210703,-0.389445,-2.897553,-2.269396,-2.452675,-3.595645,-0.017406,-1.649822,-1.336089,2.868845,-1.808215,-0.796273,-3.300838,-0.855696,-0.636848,-1.690063,-0.255099,-3.898651,-0.511163,1.075787,2.127421,0.407200
Lint_AAT-3_AIW81431.1	Lint_AAT-3_AIW81431.1	acceptor_superclass::Monoterpenoids	acceptor_superclass::Coumarins;acceptor_superclass::Fatty Acids and Conjugates;acceptor_superclass::Isoflavonoids;acceptor_superclass::Lysine alkaloids;acceptor_superclass::Monoterpenoids;acceptor_superclass::Naphthalenes;acceptor_superclass::Phenanthrenoids;acceptor_superclass::Phenolic acids (C6-C1);acceptor_superclass::Phenylethanoids (C6-C2);acceptor_superclass::Phenylpropanoids (C6-C3);acceptor_superclass::Saccharides;acceptor_superclass::Small peptides	0,0,0,0,0,0,0,0,0,1,0,0,0,0,0,0,0,0,0,0,0,0,0	1,0,0,1,0,0,1,0,1,1,1,0,1,1,1,1,0,1,1,0,0,0,0	0.017024,-0.348309,-0.013820,0.148776,-0.178727,-0.147708,0.003534,-0.121607,0.327156,0.309987,0.244246,-0.163586,0.442411,0.136592,0.205086,0.044681,-0.387592,0.104923,0.078580,-0.210623,-0.559649,-0.392347,-0.347482
Lint_AAT-4_AIW81432.1	Lint_AAT-4_AIW81432.1	acceptor_superclass::Monoterpenoids	acceptor_superclass::Coumarins;acceptor_superclass::Fatty Acids and Conjugates;acceptor_superclass::Lysine alkaloids;acceptor_superclass::Monoterpenoids;acceptor_superclass::Naphthalenes;acceptor_superclass::Phenanthrenoids;acceptor_superclass::Phenolic acids (C6-C1);acceptor_superclass::Phenylethanoids (C6-C2);acceptor_superclass::Phenylpropanoids (C6-C3);acceptor_superclass::Saccharides;acceptor_superclass::Small peptides	0,0,0,0,0,0,0,0,0,1,0,0,0,0,0,0,0,0,0,0,0,0,0	1,0,0,1,0,0,0,0,1,1,1,0,1,1,1,1,0,1,1,0,0,0,0	0.000027,-0.394096,-0.057330,0.180821,-0.158775,-0.181171,-0.017517,-0.136945,0.386158,0.325226,0.287242,-0.150729,0.493042,0.138857,0.242678,0.061689,-0.409494,0.067325,0.077346,-0.250192,-0.583913,-0.466530,-0.344295
Ljap_HQT_ACZ52698.1	Ljap_HQT_ACZ52698.1	acceptor_superclass::Phenolic acids (C6-C1)	acceptor_superclass::Fatty Acids and Conjugates;acceptor_superclass::Phenolic acids (C6-C1);acceptor_superclass::Small peptides	0,0,0,0,0,0,0,0,0,0,0,0,0,1,0,0,0,0,0,0,0,0,0	0,0,0,1,0,0,0,0,0,0,0,0,0,1,0,0,0,0,1,0,0,0,0	-3.554418,-3.126161,-4.406053,0.123690,-0.481883,-0.255366,-3.691819,-0.277692,-1.794705,-0.998310,-5.031641,-0.901043,-3.322571,0.408664,-0.447622,-0.322317,-0.751161,-2.516401,0.363888,-2.881084,-0.880018,-2.680409,-0.048647
Lori_AAT1_WKK95849.1	Lori_AAT1_WKK95849.1	acceptor_superclass::Fatty acyls	acceptor_superclass::Coumarins;acceptor_superclass::Fatty Acids and Conjugates;acceptor_superclass::Lysine alkaloids;acceptor_superclass::Monoterpenoids;acceptor_superclass::Naphthalenes;acceptor_superclass::Phenanthrenoids;acceptor_superclass::Phenolic acids (C6-C1);acceptor_superclass::Phenylethanoids (C6-C2);acceptor_superclass::Phenylpropanoids (C6-C3);acceptor_superclass::Saccharides;acceptor_superclass::Small peptides	0,0,0,0,1,0,0,0,0,0,0,0,0,0,0,0,0,0,0,0,0,0,0	1,0,0,1,0,0,0,0,1,1,1,0,1,1,1,1,0,1,1,0,0,0,0	0.010858,-0.368888,-0.024461,0.165753,-0.181508,-0.156546,-0.013609,-0.113144,0.356242,0.323822,0.259094,-0.160107,0.470157,0.140784,0.214490,0.053288,-0.410624,0.095036,0.082584,-0.231394,-0.596876,-0.431308,-0.366999
Lpur_3MAT1_AAS77404.1	Lpur_3MAT1_AAS77404.1	acceptor_superclass::Flavonoids;acceptor_superclass::Isoflavonoids;acceptor_superclass::Phenolic acids (C6-C1)	acceptor_superclass::Coumarins;acceptor_superclass::Flavonoids;acceptor_superclass::Naphthalenes;acceptor_superclass::Steroids	0,0,0,0,0,1,1,0,0,0,0,0,0,1,0,0,0,0,0,0,0,0,0	1,0,0,0,0,1,0,0,0,0,1,0,0,0,0,0,0,0,0,1,0,0,0	0.029382,-0.291053,-5.786610,-1.105980,-1.283745,1.096386,-0.408955,-3.626934,-5.973289,-1.846375,0.120541,-0.377981,-0.252532,-2.233043,-0.639054,-1.557237,-0.729037,-4.674469,-1.588972,0.298596,-0.610094,-0.728838,-0.458169
Lrob_AT1_WEX29780.1	Lrob_AT1_WEX29780.1	acceptor_superclass::Phenylethanoids (C6-C2)	acceptor_superclass::Fatty Acids and Conjugates;acceptor_superclass::Lysine alkaloids;acceptor_superclass::Monoterpenoids;acceptor_superclass::Naphthalenes;acceptor_superclass::Phenanthrenoids;acceptor_superclass::Phenolic acids (C6-C1);acceptor_superclass::Phenylethanoids (C6-C2);acceptor_superclass::Phenylpropanoids (C6-C3);acceptor_superclass::Saccharides;acceptor_superclass::Small peptides	0,0,0,0,0,0,0,0,0,0,0,0,0,0,1,0,0,0,0,0,0,0,0	0,0,0,1,0,0,0,0,1,1,1,0,1,1,1,1,0,1,1,0,0,0,0	-0.029195,-0.533459,-0.145535,0.321700,-0.204407,-0.229850,-0.072994,-0.174054,0.644989,0.352359,0.396734,-0.149065,0.691218,0.208477,0.310336,0.107276,-0.547669,0.021676,0.105852,-0.294631,-0.728955,-0.682735,-0.353190
Lsat_BOS_QYL33117.1	Lsat_BOS_QYL33117.1	acceptor_superclass::Small peptides	acceptor_superclass::Cyclic polyketides;acceptor_superclass::Monoterpenoids;acceptor_superclass::Phenanthrenoids;acceptor_superclass::Pseudoalkaloids;acceptor_superclass::Steroids	0,0,0,0,0,0,0,0,0,0,0,0,0,0,0,0,0,0,1,0,0,0,0	0,1,0,0,0,0,0,0,0,1,0,0,1,0,0,0,1,0,0,1,0,0,0	-0.223572,0.073201,-0.313668,-0.028076,-0.109282,-0.006379,-0.118888,-0.193204,-0.246728,0.073496,-0.541081,-0.012954,0.166136,-0.707564,-0.199405,-0.188642,0.062766,-0.337292,-0.441152,0.231193,-0.046730,-0.191033,-0.408323
Lsat_BOS_QYL33117.1	Lsat_DS_QYL33117.1	acceptor_superclass::Small peptides	acceptor_superclass::Coumarins;acceptor_superclass::Diterpenoids;acceptor_superclass::Fatty Acids and Conjugates;acceptor_superclass::Isoflavonoids;acceptor_superclass::Lysine alkaloids;acceptor_superclass::Monoterpenoids;acceptor_superclass::Naphthalenes;acceptor_superclass::Phenanthrenoids;acceptor_superclass::Phenolic acids (C6-C1);acceptor_superclass::Phenylethanoids (C6-C2);acceptor_superclass::Phenylpropanoids (C6-C3);acceptor_superclass::Saccharides;acceptor_superclass::Small peptides	0,0,0,0,0,0,0,0,0,0,0,0,0,0,0,0,0,0,1,0,0,0,0	1,0,1,1,0,0,1,0,1,1,1,0,1,1,1,1,0,1,1,0,0,0,0	0.033535,-0.262735,0.005518,0.076694,-0.156713,-0.110381,0.037935,-0.088758,0.220654,0.271962,0.191270,-0.159160,0.350128,0.102173,0.158996,0.034031,-0.328805,0.131885,0.082942,-0.198085,-0.505953,-0.307365,-0.366107
Ltri_CAAT1_AHA90802.1	Ltri_CAAT1_AHA90802.1	acceptor_superclass::Phenylpropanoids (C6-C3)	acceptor_superclass::Diterpenoids;acceptor_superclass::Lignans;acceptor_superclass::Monoterpenoids;acceptor_superclass::Phenylpropanoids (C6-C3);acceptor_superclass::Saccharides;acceptor_superclass::Triterpenoids	0,0,0,0,0,0,0,0,0,0,0,0,0,0,0,1,0,0,0,0,0,0,0	0,0,1,0,0,0,0,1,0,1,0,0,0,0,0,1,0,1,0,0,1,0,0	-8.287557,-4.740026,0.425978,-2.103888,-0.204464,-1.369873,-9.927379,0.851648,-0.707005,0.314701,-2.133223,-2.760037,-2.366867,-2.139409,-0.373435,0.054730,-1.171417,0.056310,-2.492207,-10.222186,0.238176,-0.424084,-0.422615
Maze_AT1704_NA	Maze_AT1704_NA	acceptor_superclass::Triterpenoids	acceptor_superclass::Monoterpenoids;acceptor_superclass::Phenylethanoids (C6-C2);acceptor_superclass::Phenylpropanoids (C6-C3);acceptor_superclass::Triterpenoids;acceptor_superclass::Tryptophan alkaloids	0,0,0,0,0,0,0,0,0,0,0,0,0,0,0,0,0,0,0,0,1,0,0	0,0,0,0,0,0,0,0,0,1,0,0,0,0,1,1,0,0,0,0,1,1,0	-4.055817,-1.691590,-0.355699,-1.827268,-0.174293,-1.743642,-4.271700,-0.149170,-1.089472,0.128060,-0.865100,-1.674517,-1.256058,-2.519087,0.233877,0.490632,-1.589839,-0.329507,-2.433960,-1.364633,0.374743,0.187741,-0.003897
Maze_AT8824_KAJ4723782.1	Maze_AT8824_KAJ4723782.1	acceptor_superclass::Triterpenoids	acceptor_superclass::Diterpenoids;acceptor_superclass::Lysine alkaloids;acceptor_superclass::Monoterpenoids;acceptor_superclass::Naphthalenes;acceptor_superclass::Saccharides;acceptor_superclass::Triterpenoids;acceptor_superclass::Tryptophan alkaloids;acceptor_superclass::Tyrosine alkaloids	0,0,0,0,0,0,0,0,0,0,0,0,0,0,0,0,0,0,0,0,1,0,0	0,0,1,0,0,0,0,0,1,1,1,0,0,0,0,0,0,1,0,0,1,1,1	-0.934368,-0.250178,0.262242,-0.370336,-0.043520,-0.653097,-0.808747,-0.752968,0.007710,0.276871,0.219497,-0.138070,-0.970625,-0.987796,-0.127372,-0.013885,-0.212084,0.362369,-0.801571,-0.771469,0.118659,0.428393,0.104984
Mdom_AAT1_AAU14879.2	Mdom_AAT1_AAU14879.2	acceptor_superclass::Fatty acyls;acceptor_superclass::Phenylpropanoids (C6-C3)	acceptor_superclass::Fatty acyls;acceptor_superclass::Lignans;acceptor_superclass::Lysine alkaloids;acceptor_superclass::Monoterpenoids;acceptor_superclass::Phenylpropanoids (C6-C3)	0,0,0,0,1,0,0,0,0,0,0,0,0,0,0,1,0,0,0,0,0,0,0	0,0,0,0,1,0,0,1,1,1,0,0,0,0,0,1,0,0,0,0,0,0,0	-4.351292,-2.864582,-0.813652,-0.482507,1.637520,-0.811899,-4.947765,0.117682,0.641728,0.587508,-3.820303,-2.305988,-2.921735,-1.710704,-0.018311,1.172997,-1.917325,-1.427781,-1.603659,-2.982496,-0.941799,-1.904739,-0.833468
Mdom_SHT_ALF00095.1	Mdom_SHT_ALF00095.1	acceptor_superclass::Ornithine alkaloids	acceptor_superclass::Fatty Acids and Conjugates;acceptor_superclass::Ornithine alkaloids;acceptor_superclass::Phenolic acids (C6-C1);acceptor_superclass::Phenylethanoids (C6-C2);acceptor_superclass::Small peptides	0,0,0,0,0,0,0,0,0,0,0,1,0,0,0,0,0,0,0,0,0,0,0	0,0,0,1,0,0,0,0,0,0,0,1,0,1,1,0,0,0,1,0,0,0,0	-3.035197,-3.020175,-4.445175,0.118120,-1.329590,-0.890562,-3.609668,-0.929320,-3.377560,-1.212485,-5.309743,0.263120,-2.151054,0.393757,0.475319,-0.292447,-0.290146,-1.410373,0.408671,-2.756354,-0.685122,-2.692450,-0.037293
Mema_HFT_NA	Mema_HFT_NA	acceptor_superclass::Fatty acyls	acceptor_superclass::Fatty Acids and Conjugates;acceptor_superclass::Phenylethanoids (C6-C2)	0,0,0,0,1,0,0,0,0,0,0,0,0,0,0,0,0,0,0,0,0,0,0	0,0,0,1,0,0,0,0,0,0,0,0,0,0,1,0,0,0,0,0,0,0,0	-2.171721,-3.154732,-3.304676,0.372583,-0.466109,-0.883416,-2.762798,-0.674666,-1.568465,-1.281142,-3.170447,-0.942748,-1.869770,-0.310812,0.210103,-0.131661,-1.145086,-2.153199,-0.449547,-2.185332,-0.578569,-1.901707,-0.584977
Mlon_AT1_NA	Mlon_AT1_NA	acceptor_superclass::Phenolic acids (C6-C1)	acceptor_superclass::Fatty Acids and Conjugates;acceptor_superclass::Phenolic acids (C6-C1);acceptor_superclass::Small peptides;acceptor_superclass::Triterpenoids;acceptor_superclass::Tyrosine alkaloids	0,0,0,0,0,0,0,0,0,0,0,0,0,1,0,0,0,0,0,0,0,0,0	0,0,0,1,0,0,0,0,0,0,0,0,0,1,0,0,0,0,1,0,1,0,1	-4.960938,-3.436229,-3.757345,0.270934,-0.261303,-1.043196,-6.532254,-1.758246,-2.074243,-0.102416,-5.135499,-0.706609,-3.385578,2.345936,-0.183846,-0.144566,-0.876052,-2.514146,1.236074,-5.149769,0.000092,-1.924423,0.548913
Mlon_AT2_NA	Mlon_AT2_NA	acceptor_superclass::Phenolic acids (C6-C1)	acceptor_superclass::Fatty Acids and Conjugates;acceptor_superclass::Lysine alkaloids;acceptor_superclass::Monoterpenoids;acceptor_superclass::Naphthalenes;acceptor_superclass::Phenanthrenoids;acceptor_superclass::Phenolic acids (C6-C1);acceptor_superclass::Phenylethanoids (C6-C2);acceptor_superclass::Phenylpropanoids (C6-C3);acceptor_superclass::Saccharides;acceptor_superclass::Small peptides	0,0,0,0,0,0,0,0,0,0,0,0,0,1,0,0,0,0,0,0,0,0,0	0,0,0,1,0,0,0,0,1,1,1,0,1,1,1,1,0,1,1,0,0,0,0	-0.018919,-0.397951,-0.081665,0.204923,-0.170851,-0.163060,-0.034662,-0.142543,0.462086,0.277141,0.300288,-0.128783,0.523025,0.176972,0.241643,0.081409,-0.415691,0.040651,0.086156,-0.237326,-0.565575,-0.492804,-0.301949
Mlon_AT1_NA	Mlon_AT3_NA	acceptor_superclass::Phenolic acids (C6-C1)	acceptor_superclass::Fatty Acids and Conjugates;acceptor_superclass::Lignans;acceptor_superclass::Phenolic acids (C6-C1);acceptor_superclass::Phenylpropanoids (C6-C3);acceptor_superclass::Pseudoalkaloids;acceptor_superclass::Small peptides;acceptor_superclass::Tyrosine alkaloids	0,0,0,0,0,0,0,0,0,0,0,0,0,1,0,0,0,0,0,0,0,0,0	0,0,0,1,0,0,0,1,0,0,0,0,0,1,0,1,1,0,1,0,0,0,1	-0.685166,-0.609614,-0.635649,0.162758,-0.044226,-0.248466,-0.640049,0.029679,-0.256704,-0.237167,-0.922215,-0.070196,-0.620660,0.297519,-0.045135,0.034717,0.042742,-0.114823,0.292211,-0.129244,-0.247917,-0.874169,0.018544
Mlon_AT4_NA	Mlon_AT4_NA	acceptor_superclass::Lignans;acceptor_superclass::Phenolic acids (C6-C1)	acceptor_superclass::Fatty Acids and Conjugates;acceptor_superclass::Phenolic acids (C6-C1);acceptor_superclass::Phenylethanoids (C6-C2);acceptor_superclass::Small peptides;acceptor_superclass::Tyrosine alkaloids	0,0,0,0,0,0,0,1,0,0,0,0,0,1,0,0,0,0,0,0,0,0,0	0,0,0,1,0,0,0,0,0,0,0,0,0,1,1,0,0,0,1,0,0,0,1	-4.354544,-3.203858,-4.254406,0.666176,-0.474822,-0.902915,-5.614289,-2.487786,-2.868525,-0.499408,-4.621716,-0.517956,-3.005083,2.129595,0.049200,-0.397254,-0.661682,-2.534866,0.843592,-4.389503,-0.171894,-1.742813,0.232481
Mlon_AT6_NA	Mlon_AT6_NA	acceptor_superclass::Phenolic acids (C6-C1)	acceptor_superclass::Fatty Acids and Conjugates;acceptor_superclass::Phenolic acids (C6-C1);acceptor_superclass::Pseudoalkaloids;acceptor_superclass::Small peptides	0,0,0,0,0,0,0,0,0,0,0,0,0,1,0,0,0,0,0,0,0,0,0	0,0,0,1,0,0,0,0,0,0,0,0,0,1,0,0,1,0,1,0,0,0,0	-0.149089,-0.161866,-0.754781,0.140492,-0.113406,-0.017875,-0.070154,-0.206975,-0.397344,-0.336925,-0.886149,-0.030799,-0.024675,0.103858,-0.116581,-0.093382,0.041263,-0.545489,0.094831,-0.010337,-0.339425,-0.585786,-0.082429
Moff_RAS_CBW35684.1	Moff_RAS_CBW35684.1		acceptor_superclass::Fatty Acids and Conjugates;acceptor_superclass::Lysine alkaloids;acceptor_superclass::Monoterpenoids;acceptor_superclass::Naphthalenes;acceptor_superclass::Phenanthrenoids;acceptor_superclass::Phenolic acids (C6-C1);acceptor_superclass::Phenylethanoids (C6-C2);acceptor_superclass::Phenylpropanoids (C6-C3);acceptor_superclass::Saccharides;acceptor_superclass::Small peptides	0,0,0,0,0,0,0,0,0,0,0,0,0,0,0,0,0,0,0,0,0,0,0	0,0,0,1,0,0,0,0,1,1,1,0,1,1,1,1,0,1,1,0,0,0,0	-0.003246,-0.358050,-0.058798,0.170055,-0.163713,-0.151609,-0.008849,-0.133691,0.390716,0.275092,0.267925,-0.139146,0.472129,0.156361,0.218118,0.065422,-0.387701,0.063700,0.079849,-0.222619,-0.539808,-0.439094,-0.309220
Mpal_HCT_AXN55971.1	Mpal_HCT_AXN55971.1	acceptor_superclass::Phenolic acids (C6-C1)	acceptor_superclass::Phenolic acids (C6-C1);acceptor_superclass::Phenylethanoids (C6-C2);acceptor_superclass::Saccharides;acceptor_superclass::Triterpenoids;acceptor_superclass::Tyrosine alkaloids	0,0,0,0,0,0,0,0,0,0,0,0,0,1,0,0,0,0,0,0,0,0,0	0,0,0,0,0,0,0,0,0,0,0,0,0,1,1,0,0,1,0,0,1,0,1	-4.578457,-3.101791,-1.150195,-0.873190,-1.926904,-1.954311,-4.688045,-0.412259,-2.704348,-0.848991,-4.596740,-0.018550,-2.378552,0.076486,0.266663,-0.209028,-0.179056,1.322000,-0.832777,-3.317082,0.077539,-0.824752,0.287048
Mpol_HCT_PTQ49430.1	Mpol_HCT_PTQ49430.1	acceptor_superclass::Phenolic acids (C6-C1)	acceptor_superclass::Monoterpenoids;acceptor_superclass::Phenylethanoids (C6-C2);acceptor_superclass::Pseudoalkaloids;acceptor_superclass::Saccharides;acceptor_superclass::Triterpenoids;acceptor_superclass::Tyrosine alkaloids	0,0,0,0,0,0,0,0,0,0,0,0,0,1,0,0,0,0,0,0,0,0,0	0,0,0,0,0,0,0,0,0,1,0,0,0,0,1,0,1,1,0,0,1,0,1	-0.769573,-0.432952,-0.171289,-0.188491,-0.151533,-0.121755,-0.557562,-0.577818,-0.359667,0.117327,-0.502966,-0.087217,-0.763952,-0.306524,0.042832,-0.212630,0.095244,0.389791,-0.122315,-0.348192,0.129037,-0.223792,0.063287
Msap_AAT_CAC09063.1	Msap_AAT_CAC09063.1	acceptor_superclass::Fatty acyls;acceptor_superclass::Monoterpenoids;acceptor_superclass::Phenylethanoids (C6-C2);acceptor_superclass::Phenylpropanoids (C6-C3)	acceptor_superclass::Diterpenoids;acceptor_superclass::Monoterpenoids;acceptor_superclass::Phenylethanoids (C6-C2);acceptor_superclass::Phenylpropanoids (C6-C3);acceptor_superclass::Pseudoalkaloids;acceptor_superclass::Saccharides;acceptor_superclass::Tyrosine alkaloids	0,0,0,0,1,0,0,0,0,1,0,0,0,0,1,1,0,0,0,0,0,0,0	0,0,1,0,0,0,0,0,0,1,0,0,0,0,1,1,1,1,0,0,0,0,1	-0.918891,-0.266942,0.082306,-0.190612,-0.017003,-0.310322,-0.812574,-0.499786,-0.065764,0.254438,-0.340338,-0.009238,-0.719718,-0.615835,0.054040,0.061835,0.121493,0.202295,-0.305188,-0.359019,-0.048780,-0.181140,0.065793
Mtru_MAT1_ABY91220.1	Mtru_MAT1_ABY91220.1	acceptor_superclass::Flavonoids;acceptor_superclass::Isoflavonoids	acceptor_superclass::Coumarins;acceptor_superclass::Cyclic polyketides;acceptor_superclass::Flavonoids;acceptor_superclass::Isoflavonoids;acceptor_superclass::Ornithine alkaloids;acceptor_superclass::Phenanthrenoids;acceptor_superclass::Phenolic acids (C6-C1);acceptor_superclass::Phenylethanoids (C6-C2);acceptor_superclass::Pseudoalkaloids;acceptor_superclass::Small peptides;acceptor_superclass::Steroids;acceptor_superclass::Triterpenoids	0,0,0,0,0,1,1,0,0,0,0,0,0,0,0,0,0,0,0,0,0,0,0	1,1,0,0,0,1,1,0,0,0,0,1,1,1,1,0,1,0,1,1,1,0,0	0.774431,0.399062,-1.114122,-0.378845,-0.396942,1.379318,1.182244,-0.777287,-0.664185,-0.552689,-0.551708,0.211882,0.959923,0.061314,0.249732,-0.876878,0.175004,-1.124800,0.063854,0.648514,0.430297,-0.818784,-0.473947
Mtru_MAT2_ABY91222.1	Mtru_MAT2_ABY91222.1	acceptor_superclass::Flavonoids;acceptor_superclass::Isoflavonoids	acceptor_superclass::Coumarins;acceptor_superclass::Flavonoids;acceptor_superclass::Isoflavonoids;acceptor_superclass::Ornithine alkaloids;acceptor_superclass::Phenanthrenoids;acceptor_superclass::Steroids	0,0,0,0,0,1,1,0,0,0,0,0,0,0,0,0,0,0,0,0,0,0,0	1,0,0,0,0,1,1,0,0,0,0,1,1,0,0,0,0,0,0,1,0,0,0	1.396680,-0.625676,-8.088481,-1.126862,-2.935830,2.254962,1.918298,-5.979225,-7.799109,-3.028818,-0.178697,0.188296,0.734669,-3.200864,-1.343561,-2.478803,-0.165838,-6.690440,-1.921926,1.721879,-2.227851,-1.378183,-1.323388
Mtru_MAT3_ABY91221.1	Mtru_MAT3_ABY91221.1	acceptor_superclass::Flavonoids;acceptor_superclass::Isoflavonoids	acceptor_superclass::Coumarins;acceptor_superclass::Fatty Acids and Conjugates;acceptor_superclass::Isoflavonoids;acceptor_superclass::Lysine alkaloids;acceptor_superclass::Monoterpenoids;acceptor_superclass::Naphthalenes;acceptor_superclass::Phenanthrenoids;acceptor_superclass::Phenolic acids (C6-C1);acceptor_superclass::Phenylethanoids (C6-C2);acceptor_superclass::Phenylpropanoids (C6-C3);acceptor_superclass::Saccharides;acceptor_superclass::Small peptides	0,0,0,0,0,1,1,0,0,0,0,0,0,0,0,0,0,0,0,0,0,0,0	1,0,0,1,0,0,1,0,1,1,1,0,1,1,1,1,0,1,1,0,0,0,0	0.016898,-0.363846,-0.081146,0.181915,-0.177083,-0.168005,0.009397,-0.133914,0.414179,0.283442,0.273895,-0.146220,0.503092,0.157308,0.219476,0.065477,-0.427704,0.071805,0.087295,-0.236268,-0.592102,-0.488099,-0.349985
Natt_AT1_AET80688.1	Natt_AT1_AET80688.1	acceptor_superclass::Ornithine alkaloids;acceptor_superclass::Pseudoalkaloids	acceptor_superclass::Fatty Acids and Conjugates	0,0,0,0,0,0,0,0,0,0,0,1,0,0,0,0,1,0,0,0,0,0,0	0,0,0,1,0,0,0,0,0,0,0,0,0,0,0,0,0,0,0,0,0,0,0	-3.126452,-2.571189,-3.805686,0.056743,-0.403997,-0.770584,-3.471359,-0.504537,-1.700182,-0.766061,-4.222260,-0.265088,-2.725577,-0.347348,-0.066056,-0.180504,-0.348293,-2.028016,-0.163399,-2.490877,-0.615709,-1.792184,-0.253031
Natt_DH29_AET80686.1	Natt_DH29_AET80686.1	acceptor_superclass::Ornithine alkaloids;acceptor_superclass::Pseudoalkaloids	acceptor_superclass::Phenylethanoids (C6-C2);acceptor_superclass::Triterpenoids;acceptor_superclass::Tryptophan alkaloids;acceptor_superclass::Tyrosine alkaloids	0,0,0,0,0,0,0,0,0,0,0,1,0,0,0,0,1,0,0,0,0,0,0	0,0,0,0,0,0,0,0,0,0,0,0,0,0,1,0,0,0,0,0,1,1,1	-4.371737,-1.866014,-1.181614,-0.906400,-0.509534,-0.840628,-4.990271,-0.907081,-3.492607,-0.195141,-0.653313,-0.451210,-0.776576,-1.539884,0.065025,-0.408077,-0.558068,-0.468580,-1.589116,-5.126217,0.399149,0.738161,0.065700
Ntab_ASAT1_XP_016480914.1	Ntab_ASAT1_XP_016480914.1	acceptor_superclass::Saccharides	acceptor_superclass::Diterpenoids;acceptor_superclass::Lignans;acceptor_superclass::Naphthalenes;acceptor_superclass::Saccharides;acceptor_superclass::Triterpenoids;acceptor_superclass::Tryptophan alkaloids;acceptor_superclass::Tyrosine alkaloids	0,0,0,0,0,0,0,0,0,0,0,0,0,0,0,0,0,1,0,0,0,0,0	0,0,1,0,0,0,0,1,0,0,1,0,0,0,0,0,0,1,0,0,1,1,1	-5.601884,-2.694052,2.487943,-3.628561,-3.391212,-3.227256,-4.923756,0.153804,-2.060224,-0.799201,1.213505,-1.319600,-0.088532,-4.585637,-1.277462,-1.274392,-1.231663,3.566844,-5.127082,-1.079314,0.180847,2.106013,0.093163
Ntab_ASAT2_XP_016451255.1	Ntab_ASAT2_XP_016451255.1		acceptor_superclass::Diterpenoids;acceptor_superclass::Monoterpenoids;acceptor_superclass::Phenylethanoids (C6-C2);acceptor_superclass::Saccharides;acceptor_superclass::Triterpenoids;acceptor_superclass::Tryptophan alkaloids	0,0,0,0,0,0,0,0,0,0,0,0,0,0,0,0,0,0,0,0,0,0,0	0,0,1,0,0,0,0,0,0,1,0,0,0,0,1,0,0,1,0,0,1,1,0	-9.103811,-5.028310,0.787470,-1.089668,-0.587320,-1.224733,-10.492379,-0.370384,-1.385432,0.140714,-2.205023,-2.466282,-1.340482,-2.024625,0.173933,-0.174194,-1.187990,1.607355,-2.802088,-11.092209,0.094443,0.376356,-0.618471
Ntab_BEBT_AAN09798.1	Ntab_BEBT_AAN09798.1		acceptor_superclass::Fatty Acids and Conjugates;acceptor_superclass::Fatty acyls;acceptor_superclass::Lysine alkaloids;acceptor_superclass::Monoterpenoids;acceptor_superclass::Ornithine alkaloids;acceptor_superclass::Phenylpropanoids (C6-C3);acceptor_superclass::Pseudoalkaloids	0,0,0,0,0,0,0,0,0,0,0,0,0,0,0,0,0,0,0,0,0,0,0	0,0,0,1,1,0,0,0,1,1,0,1,0,0,0,1,1,0,0,0,0,0,0	-0.944835,-0.328820,-0.239582,0.064170,0.031509,-0.447786,-0.960102,-0.214179,0.253972,0.168168,-0.306739,0.067132,-0.613054,-0.295643,-0.074012,0.405873,0.144519,-0.223542,-0.179549,-0.168716,-0.102420,-0.540737,-0.012199
Ntab_HCT_CAD47830.1	Ntab_HCT_CAD47830.1	acceptor_superclass::Phenolic acids (C6-C1);acceptor_superclass::Phenylpropanoids (C6-C3)	acceptor_superclass::Fatty Acids and Conjugates;acceptor_superclass::Lysine alkaloids;acceptor_superclass::Monoterpenoids;acceptor_superclass::Naphthalenes;acceptor_superclass::Phenanthrenoids;acceptor_superclass::Phenolic acids (C6-C1);acceptor_superclass::Phenylethanoids (C6-C2);acceptor_superclass::Phenylpropanoids (C6-C3);acceptor_superclass::Saccharides;acceptor_superclass::Small peptides	0,0,0,0,0,0,0,0,0,0,0,0,0,1,0,1,0,0,0,0,0,0,0	0,0,0,1,0,0,0,0,1,1,1,0,1,1,1,1,0,1,1,0,0,0,0	-0.009599,-0.438194,-0.101939,0.232147,-0.189406,-0.179701,-0.045025,-0.153227,0.512721,0.299978,0.325284,-0.144873,0.568397,0.187667,0.261460,0.084473,-0.466701,0.040898,0.089035,-0.252064,-0.632488,-0.544203,-0.331885
Ntab_HQT_CAE46932.1	Ntab_HQT_CAE46932.1	acceptor_superclass::Phenolic acids (C6-C1);acceptor_superclass::Phenylpropanoids (C6-C3)	acceptor_superclass::Fatty Acids and Conjugates;acceptor_superclass::Ornithine alkaloids;acceptor_superclass::Phenolic acids (C6-C1);acceptor_superclass::Small peptides;acceptor_superclass::Triterpenoids;acceptor_superclass::Tyrosine alkaloids	0,0,0,0,0,0,0,0,0,0,0,0,0,1,0,1,0,0,0,0,0,0,0	0,0,0,1,0,0,0,0,0,0,0,1,0,1,0,0,0,0,1,0,1,0,1	-3.364798,-2.398730,-5.218763,0.510557,-0.740615,-1.303985,-4.457452,-2.269143,-3.675423,-0.566726,-4.266361,0.367676,-3.386948,2.758875,-0.186038,-0.396381,-0.478794,-3.198117,1.611203,-3.021999,0.411735,-1.126741,0.999667
Ntab_MAT1_BAD93691.1	Ntab_MAT1_BAD93691.1	acceptor_superclass::Coumarins;acceptor_superclass::Flavonoids;acceptor_superclass::Naphthalenes;acceptor_superclass::Phenanthrenoids	acceptor_superclass::Coumarins;acceptor_superclass::Cyclic polyketides;acceptor_superclass::Flavonoids;acceptor_superclass::Isoflavonoids;acceptor_superclass::Ornithine alkaloids;acceptor_superclass::Phenanthrenoids;acceptor_superclass::Phenolic acids (C6-C1);acceptor_superclass::Phenylethanoids (C6-C2);acceptor_superclass::Pseudoalkaloids;acceptor_superclass::Small peptides;acceptor_superclass::Steroids;acceptor_superclass::Triterpenoids	1,0,0,0,0,1,0,0,0,0,1,0,1,0,0,0,0,0,0,0,0,0,0	1,1,0,0,0,1,1,0,0,0,0,1,1,1,1,0,1,0,1,1,1,0,0	0.372016,0.219931,-0.945895,-0.276158,-0.270170,1.096928,0.828879,-0.626249,-0.487082,-0.441652,-0.643423,0.131627,0.599473,0.065555,0.218271,-0.667296,0.201288,-0.821425,0.138362,0.611748,0.266331,-0.842396,-0.349283
Ntab_SHT_QNO39110.1	Ntab_SHT_QNO39110.1	acceptor_superclass::Ornithine alkaloids	acceptor_superclass::Flavonoids;acceptor_superclass::Isoflavonoids;acceptor_superclass::Ornithine alkaloids;acceptor_superclass::Phenolic acids (C6-C1);acceptor_superclass::Phenylethanoids (C6-C2);acceptor_superclass::Pseudoalkaloids;acceptor_superclass::Small peptides;acceptor_superclass::Steroids	0,0,0,0,0,0,0,0,0,0,0,1,0,0,0,0,0,0,0,0,0,0,0	0,0,0,0,0,1,1,0,0,0,0,1,0,1,1,0,1,0,1,1,0,0,0	-0.057417,-0.187175,-0.904236,-0.043151,-0.229049,0.474896,0.195968,-0.118051,-0.576318,-0.328147,-0.959035,0.015858,-0.016189,0.356136,0.142545,-0.396311,0.175763,-0.370121,0.363682,0.252479,-0.024183,-0.969400,-0.088698
Obas_CAAT1_QKK36036.1	Obas_CAAT1_QKK36036.1	acceptor_superclass::Phenylethanoids (C6-C2);acceptor_superclass::Phenylpropanoids (C6-C3)	acceptor_superclass::Fatty Acids and Conjugates;acceptor_superclass::Phenanthrenoids;acceptor_superclass::Pseudoalkaloids;acceptor_superclass::Steroids	0,0,0,0,0,0,0,0,0,0,0,0,0,0,1,1,0,0,0,0,0,0,0	0,0,0,1,0,0,0,0,0,0,0,0,1,0,0,0,1,0,0,1,0,0,0	-0.244431,-0.069423,-0.433121,0.042624,-0.125870,-0.059045,-0.206441,-0.199429,-0.294526,-0.083888,-0.500769,-0.009103,0.032295,-0.439089,-0.152688,-0.147909,0.054680,-0.311225,-0.287070,0.079257,-0.143292,-0.270634,-0.263666
Obas_CAAT2_QKK36037.1	Obas_CAAT2_QKK36037.1	acceptor_superclass::Phenylpropanoids (C6-C3)	acceptor_superclass::Cyclic polyketides;acceptor_superclass::Diterpenoids;acceptor_superclass::Lysine alkaloids;acceptor_superclass::Monoterpenoids;acceptor_superclass::Naphthalenes;acceptor_superclass::Pseudoalkaloids;acceptor_superclass::Saccharides;acceptor_superclass::Triterpenoids;acceptor_superclass::Tryptophan alkaloids	0,0,0,0,0,0,0,0,0,0,0,0,0,0,0,1,0,0,0,0,0,0,0	0,1,1,0,0,0,0,0,1,1,1,0,0,0,0,0,1,1,0,0,1,1,0	-0.799923,0.100645,0.315137,-0.221053,-0.066759,-0.475565,-1.127262,-0.127251,0.179452,0.315102,0.206816,-0.198870,-0.194342,-1.439695,-0.108411,-0.171112,0.133619,0.294072,-1.116715,-0.092890,0.059558,0.278716,-0.637321
Oeur_AT1_XP_022859703.1	Oeur_AT1_XP_022859703.1	acceptor_superclass::Phenylethanoids (C6-C2)	acceptor_superclass::Fatty Acids and Conjugates;acceptor_superclass::Lysine alkaloids;acceptor_superclass::Monoterpenoids;acceptor_superclass::Naphthalenes;acceptor_superclass::Phenanthrenoids;acceptor_superclass::Phenolic acids (C6-C1);acceptor_superclass::Phenylethanoids (C6-C2);acceptor_superclass::Phenylpropanoids (C6-C3);acceptor_superclass::Saccharides;acceptor_superclass::Small peptides	0,0,0,0,0,0,0,0,0,0,0,0,0,0,1,0,0,0,0,0,0,0,0	0,0,0,1,0,0,0,0,1,1,1,0,1,1,1,1,0,1,1,0,0,0,0	-0.027544,-0.499732,-0.130726,0.291974,-0.195226,-0.214684,-0.061229,-0.170759,0.605145,0.328350,0.372817,-0.142997,0.648088,0.202974,0.293816,0.101118,-0.511973,0.023505,0.102015,-0.279767,-0.679321,-0.633569,-0.333951
Osat_AHT1_CAE03579.1	Osat_AHT1_CAE03579.1	acceptor_superclass::Ornithine alkaloids;acceptor_superclass::Pseudoalkaloids	acceptor_superclass::Fatty Acids and Conjugates;acceptor_superclass::Flavonoids;acceptor_superclass::Ornithine alkaloids;acceptor_superclass::Phenolic acids (C6-C1);acceptor_superclass::Pseudoalkaloids;acceptor_superclass::Small peptides;acceptor_superclass::Steroids	0,0,0,0,0,0,0,0,0,0,0,1,0,0,0,0,1,0,0,0,0,0,0	0,0,0,1,0,1,0,0,0,0,0,1,0,1,0,0,1,0,1,1,0,0,0	-0.407657,-0.380493,-0.781925,0.165190,-0.070402,0.142189,-0.093820,-0.123758,-0.287786,-0.277706,-0.808263,0.190597,-0.264135,0.461186,-0.007925,-0.147307,0.278435,-0.319515,0.286185,0.082968,-0.025455,-0.954501,-0.073670
Osat_AT10_BAD33123.1	Osat_AT10_BAD33123.1	acceptor_superclass::Phenylpropanoids (C6-C3)	acceptor_superclass::Diterpenoids;acceptor_superclass::Fatty acyls;acceptor_superclass::Monoterpenoids;acceptor_superclass::Phenylethanoids (C6-C2);acceptor_superclass::Phenylpropanoids (C6-C3);acceptor_superclass::Pseudoalkaloids	0,0,0,0,0,0,0,0,0,0,0,0,0,0,0,1,0,0,0,0,0,0,0	0,0,1,0,1,0,0,0,0,1,0,0,0,0,1,1,1,0,0,0,0,0,0	-7.544433,-3.628993,0.866434,-1.932591,0.170228,-0.971982,-8.169761,-0.920593,-1.996060,0.968375,-1.348703,-0.869455,-0.760595,-4.103388,0.129257,0.509999,0.245832,-0.116940,-3.179650,-9.520817,-0.704958,-0.361242,-1.088557
Osat_DPW2_BAS75979.1	Osat_DPW2_BAS75979.1	acceptor_superclass::Fatty Acids and Conjugates	acceptor_superclass::Flavonoids;acceptor_superclass::Isoflavonoids;acceptor_superclass::Ornithine alkaloids;acceptor_superclass::Phenanthrenoids;acceptor_superclass::Phenolic acids (C6-C1);acceptor_superclass::Phenylethanoids (C6-C2);acceptor_superclass::Pseudoalkaloids;acceptor_superclass::Steroids;acceptor_superclass::Triterpenoids	0,0,0,1,0,0,0,0,0,0,0,0,0,0,0,0,0,0,0,0,0,0,0	0,0,0,0,0,1,1,0,0,0,0,1,1,1,1,0,1,0,0,1,1,0,0	-0.094154,-0.090749,-0.745009,-0.065512,-0.142652,0.317587,0.120331,-0.281861,-0.329183,-0.264287,-0.601592,0.084849,0.002680,0.027675,0.077308,-0.301520,0.169230,-0.461426,-0.043668,0.093269,0.060895,-0.716781,-0.143760
Osat_FMT_BAF16996.1	Osat_FMT_BAF16996.1	acceptor_superclass::Phenylpropanoids (C6-C3)	acceptor_superclass::Fatty acyls;acceptor_superclass::Monoterpenoids;acceptor_superclass::Ornithine alkaloids;acceptor_superclass::Phenylethanoids (C6-C2);acceptor_superclass::Phenylpropanoids (C6-C3);acceptor_superclass::Pseudoalkaloids	0,0,0,0,0,0,0,0,0,0,0,0,0,0,0,1,0,0,0,0,0,0,0	0,0,0,0,1,0,0,0,0,1,0,1,0,0,1,1,1,0,0,0,0,0,0	-2.068448,-0.112913,-1.957474,-0.639689,0.794959,-0.587218,-2.903013,-1.693101,-1.180625,0.896157,-2.905217,0.577052,-0.241406,-4.023798,0.238303,0.587285,0.124417,-1.207717,-2.409308,-0.887703,-1.044050,-1.458651,-1.378861
Osat_HCT4_BAD72437.1	Osat_HCT4_BAD72437.1	acceptor_superclass::Phenolic acids (C6-C1)	acceptor_superclass::Flavonoids;acceptor_superclass::Ornithine alkaloids;acceptor_superclass::Triterpenoids	0,0,0,0,0,0,0,0,0,0,0,0,0,1,0,0,0,0,0,0,0,0,0	0,0,0,0,0,1,0,0,0,0,0,1,0,0,0,0,0,0,0,0,1,0,0	-0.325476,-0.103995,-0.368176,-0.211900,-0.127297,0.077274,-0.063736,-0.488837,-0.194592,-0.002912,-0.280781,0.064245,-0.234125,-0.148395,-0.007122,-0.192299,-0.019505,-0.104799,-0.179705,-0.156785,0.116785,-0.225761,-0.059959
Osat_MAT-2_BAG96218.1	Osat_MAT-2_BAG96218.1	acceptor_superclass::Flavonoids;acceptor_superclass::Isoflavonoids	acceptor_superclass::Cyclic polyketides;acceptor_superclass::Fatty Acids and Conjugates;acceptor_superclass::Flavonoids;acceptor_superclass::Isoflavonoids;acceptor_superclass::Ornithine alkaloids;acceptor_superclass::Phenanthrenoids;acceptor_superclass::Pseudoalkaloids;acceptor_superclass::Steroids	0,0,0,0,0,1,1,0,0,0,0,0,0,0,0,0,0,0,0,0,0,0,0	0,1,0,1,0,1,1,0,0,0,0,1,1,0,0,0,1,0,0,1,0,0,0	-0.165894,0.023061,-0.464414,0.043939,-0.244015,0.123388,0.040223,-0.250328,-0.489488,-0.049096,-0.606757,0.066902,0.238554,-0.625294,-0.218673,-0.260281,0.071132,-0.342520,-0.452430,0.217476,-0.059546,-0.333325,-0.360763
Osat_PHT2_BAD72527.1	Osat_PHT2_BAD72527.1	acceptor_superclass::Ornithine alkaloids;acceptor_superclass::Pseudoalkaloids	acceptor_superclass::Coumarins;acceptor_superclass::Fatty Acids and Conjugates;acceptor_superclass::Isoflavonoids;acceptor_superclass::Lysine alkaloids;acceptor_superclass::Monoterpenoids;acceptor_superclass::Naphthalenes;acceptor_superclass::Phenanthrenoids;acceptor_superclass::Phenolic acids (C6-C1);acceptor_superclass::Phenylethanoids (C6-C2);acceptor_superclass::Phenylpropanoids (C6-C3);acceptor_superclass::Saccharides;acceptor_superclass::Small peptides	0,0,0,0,0,0,0,0,0,0,0,1,0,0,0,0,1,0,0,0,0,0,0	1,0,0,1,0,0,1,0,1,1,1,0,1,1,1,1,0,1,1,0,0,0,0	0.011093,-0.360793,-0.065629,0.149291,-0.149725,-0.153162,0.004200,-0.129785,0.370393,0.313692,0.270690,-0.160890,0.457996,0.105303,0.232042,0.070177,-0.417299,0.092725,0.071124,-0.251273,-0.567222,-0.427948,-0.340909
Osat_PHT3_BAC79154.1	Osat_PHT3_BAC79154.1	acceptor_superclass::Ornithine alkaloids;acceptor_superclass::Pseudoalkaloids	acceptor_superclass::Fatty Acids and Conjugates;acceptor_superclass::Ornithine alkaloids;acceptor_superclass::Phenylethanoids (C6-C2);acceptor_superclass::Pseudoalkaloids;acceptor_superclass::Tyrosine alkaloids	0,0,0,0,0,0,0,0,0,0,0,1,0,0,0,0,1,0,0,0,0,0,0	0,0,0,1,0,0,0,0,0,0,0,1,0,0,1,0,1,0,0,0,0,0,1	-2.836421,-1.185669,-4.447627,0.248494,-0.637048,-0.978122,-3.348622,-3.213522,-5.089816,-0.654044,-2.279933,1.068017,-1.542020,-0.387166,0.329882,-0.348011,0.649749,-2.830229,-0.333343,-3.056847,-0.204024,-0.404490,0.166857
Osat_PHT4_BAC79155.1	Osat_PHT4_BAC79155.1	acceptor_superclass::Ornithine alkaloids;acceptor_superclass::Pseudoalkaloids	acceptor_superclass::Fatty Acids and Conjugates;acceptor_superclass::Ornithine alkaloids;acceptor_superclass::Phenylethanoids (C6-C2);acceptor_superclass::Pseudoalkaloids	0,0,0,0,0,0,0,0,0,0,0,1,0,0,0,0,1,0,0,0,0,0,0	0,0,0,1,0,0,0,0,0,0,0,1,0,0,1,0,1,0,0,0,0,0,0	-2.426051,-1.551956,-5.533521,0.158391,-1.533143,-1.110727,-3.000484,-1.457116,-2.997560,-1.092947,-4.887568,2.326814,-1.653320,-1.168144,0.362991,-0.601738,1.540212,-1.636744,-0.181189,-2.216521,-0.572016,-1.553950,-0.453509
Osat_PHT4_BAC79155.1	Osat_PHT_BAC79155.1	acceptor_superclass::Ornithine alkaloids;acceptor_superclass::Pseudoalkaloids	acceptor_superclass::Fatty Acids and Conjugates;acceptor_superclass::Ornithine alkaloids;acceptor_superclass::Phenolic acids (C6-C1);acceptor_superclass::Phenylethanoids (C6-C2);acceptor_superclass::Pseudoalkaloids;acceptor_superclass::Small peptides;acceptor_superclass::Tyrosine alkaloids	0,0,0,0,0,0,0,0,0,0,0,1,0,0,0,0,1,0,0,0,0,0,0	0,0,0,1,0,0,0,0,0,0,0,1,0,1,1,0,1,0,1,0,0,0,1	-2.066385,-0.756026,-6.489162,0.752271,-0.772835,-0.911882,-2.616821,-4.544955,-6.472884,-1.221923,-3.148867,1.470715,-1.831605,0.168376,0.464110,-0.556579,0.923137,-4.200907,0.199740,-1.848799,-0.475586,-1.023665,0.070661
Osat_PMT1_BAG87540.1	Osat_PMT1_BAG87540.1	acceptor_superclass::Phenylethanoids (C6-C2);acceptor_superclass::Phenylpropanoids (C6-C3)	acceptor_superclass::Fatty acyls;acceptor_superclass::Monoterpenoids;acceptor_superclass::Ornithine alkaloids;acceptor_superclass::Phenylethanoids (C6-C2);acceptor_superclass::Phenylpropanoids (C6-C3);acceptor_superclass::Pseudoalkaloids	0,0,0,0,0,0,0,0,0,0,0,0,0,0,1,1,0,0,0,0,0,0,0	0,0,0,0,1,0,0,0,0,1,0,1,0,0,1,1,1,0,0,0,0,0,0	-1.938917,-0.202891,-2.203142,-0.551811,0.376422,-0.665486,-2.806387,-1.990388,-1.740676,0.702790,-3.487282,1.616049,-0.029903,-3.891088,0.428396,0.453389,0.878378,-0.785391,-2.166628,-1.143707,-1.186886,-1.595874,-1.501002
Osat_PMT2_BAG91648.1	Osat_PMT2_BAG91648.1	acceptor_superclass::Phenylpropanoids (C6-C3)	acceptor_superclass::Monoterpenoids;acceptor_superclass::Pseudoalkaloids	0,0,0,0,0,0,0,0,0,0,0,0,0,0,0,1,0,0,0,0,0,0,0	0,0,0,0,0,0,0,0,0,1,0,0,0,0,0,0,1,0,0,0,0,0,0	-0.420105,-0.001111,-0.058769,-0.030866,-0.083676,-0.207655,-0.525972,-0.201353,-0.099187,0.096835,-0.228147,-0.068224,-0.027861,-0.780954,-0.102057,-0.105586,0.088828,-0.069950,-0.579673,-0.018510,-0.085159,-0.063092,-0.441506
Osat_TBT1_ANQ47375.1	Osat_TBT1_ANQ47375.1	acceptor_superclass::Ornithine alkaloids;acceptor_superclass::Pseudoalkaloids;acceptor_superclass::Tryptophan alkaloids	acceptor_superclass::Cyclic polyketides;acceptor_superclass::Flavonoids;acceptor_superclass::Isoflavonoids;acceptor_superclass::Ornithine alkaloids;acceptor_superclass::Phenylethanoids (C6-C2);acceptor_superclass::Pseudoalkaloids;acceptor_superclass::Triterpenoids	0,0,0,0,0,0,0,0,0,0,0,1,0,0,0,0,1,0,0,0,0,1,0	0,1,0,0,0,1,1,0,0,0,0,1,0,0,1,0,1,0,0,0,1,0,0	-0.305163,0.052392,-0.463436,-0.206619,-0.092305,0.227033,0.023730,-0.613308,-0.205315,-0.012541,-0.215124,0.163638,-0.076501,-0.224923,0.007501,-0.169761,0.115638,-0.362210,-0.210137,-0.036124,0.205430,-0.344617,-0.131197
Osat_TBT2_ANQ47376.1	Osat_TBT2_ANQ47376.1	acceptor_superclass::Tryptophan alkaloids	acceptor_superclass::Cyclic polyketides;acceptor_superclass::Ornithine alkaloids;acceptor_superclass::Pseudoalkaloids;acceptor_superclass::Triterpenoids;acceptor_superclass::Tryptophan alkaloids;acceptor_superclass::Tyrosine alkaloids	0,0,0,0,0,0,0,0,0,0,0,0,0,0,0,0,0,0,0,0,0,1,0	0,1,0,0,0,0,0,0,0,0,0,1,0,0,0,0,1,0,0,0,1,1,1	-2.299708,0.219214,-4.097460,-1.117403,-0.433066,-1.219081,-2.783051,-2.203830,-6.129909,-0.628705,-0.112245,1.007240,-1.664710,-2.192771,-0.100421,-0.342120,0.387913,-3.847937,-1.273496,-2.312514,0.717152,0.811243,0.726194
Osat_THT1_ANQ47373.1	Osat_THT1_ANQ47373.1	acceptor_superclass::Ornithine alkaloids;acceptor_superclass::Tryptophan alkaloids;acceptor_superclass::Tyrosine alkaloids	acceptor_superclass::Phenylethanoids (C6-C2);acceptor_superclass::Triterpenoids;acceptor_superclass::Tryptophan alkaloids;acceptor_superclass::Tyrosine alkaloids	0,0,0,0,0,0,0,0,0,0,0,1,0,0,0,0,0,0,0,0,0,1,1	0,0,0,0,0,0,0,0,0,0,0,0,0,0,1,0,0,0,0,0,1,1,1	-4.407746,-1.418390,-2.104316,-1.261932,-0.454461,-1.367997,-5.146478,-0.878752,-3.835421,-0.250057,-0.334802,-0.313059,-1.798215,-1.325781,0.052176,-0.202633,-0.454231,-1.619165,-1.678373,-5.055707,0.729383,0.651375,0.528450
Osat_THT2_AAM74310.1	Osat_THT2_AAM74310.1	acceptor_superclass::Tryptophan alkaloids;acceptor_superclass::Tyrosine alkaloids	acceptor_superclass::Coumarins;acceptor_superclass::Diterpenoids;acceptor_superclass::Fatty Acids and Conjugates;acceptor_superclass::Isoflavonoids;acceptor_superclass::Lysine alkaloids;acceptor_superclass::Monoterpenoids;acceptor_superclass::Naphthalenes;acceptor_superclass::Phenanthrenoids;acceptor_superclass::Phenolic acids (C6-C1);acceptor_superclass::Phenylethanoids (C6-C2);acceptor_superclass::Phenylpropanoids (C6-C3);acceptor_superclass::Saccharides;acceptor_superclass::Small peptides	0,0,0,0,0,0,0,0,0,0,0,0,0,0,0,0,0,0,0,0,0,1,1	1,0,1,1,0,0,1,0,1,1,1,0,1,1,1,1,0,1,1,0,0,0,0	0.014562,-0.259548,0.002764,0.070849,-0.131143,-0.117559,0.023702,-0.105039,0.221321,0.255715,0.194487,-0.152300,0.331745,0.099140,0.168823,0.029202,-0.294284,0.104711,0.064685,-0.192580,-0.455158,-0.289935,-0.304853
Paff_BAHD21_NA	Paff_BAHD21_NA	acceptor_superclass::Flavonoids	acceptor_superclass::Coumarins;acceptor_superclass::Cyclic polyketides;acceptor_superclass::Flavonoids;acceptor_superclass::Isoflavonoids;acceptor_superclass::Ornithine alkaloids;acceptor_superclass::Phenanthrenoids;acceptor_superclass::Phenylethanoids (C6-C2);acceptor_superclass::Pseudoalkaloids;acceptor_superclass::Small peptides;acceptor_superclass::Steroids;acceptor_superclass::Triterpenoids	0,0,0,0,0,1,0,0,0,0,0,0,0,0,0,0,0,0,0,0,0,0,0	1,1,0,0,0,1,1,0,0,0,0,1,1,0,1,0,1,0,1,1,1,0,0	0.992498,0.575911,-1.108197,-0.509787,-0.382282,1.612685,1.440258,-0.927952,-0.649465,-0.622622,-0.516655,0.211449,1.207770,-0.108284,0.285190,-0.996574,0.118909,-1.210044,0.051242,0.812348,0.443443,-0.758977,-0.550857
Papp_HCT_AXN55972.1	Papp_HCT_AXN55972.1	acceptor_superclass::Phenolic acids (C6-C1)	acceptor_superclass::Fatty Acids and Conjugates;acceptor_superclass::Monoterpenoids;acceptor_superclass::Pseudoalkaloids;acceptor_superclass::Saccharides	0,0,0,0,0,0,0,0,0,0,0,0,0,1,0,0,0,0,0,0,0,0,0	0,0,0,1,0,0,0,0,0,1,0,0,0,0,0,0,1,1,0,0,0,0,0	-0.622068,-0.068728,-0.145687,0.000718,-0.170351,-0.332138,-0.950376,-0.199624,-0.226122,0.045205,-0.261709,-0.096464,-0.209703,-0.883752,-0.103673,-0.174892,0.148147,0.109643,-0.794625,-0.167251,-0.086243,-0.051853,-0.451207
Paxi_ASAT1_AOR06331.1	Paxi_ASAT1_AOR06331.1	acceptor_superclass::Saccharides	acceptor_superclass::Cyclic polyketides;acceptor_superclass::Diterpenoids;acceptor_superclass::Lysine alkaloids;acceptor_superclass::Monoterpenoids;acceptor_superclass::Naphthalenes;acceptor_superclass::Pseudoalkaloids;acceptor_superclass::Saccharides;acceptor_superclass::Triterpenoids;acceptor_superclass::Tryptophan alkaloids	0,0,0,0,0,0,0,0,0,0,0,0,0,0,0,0,0,1,0,0,0,0,0	0,1,1,0,0,0,0,0,1,1,1,0,0,0,0,0,1,1,0,0,1,1,0	-0.723742,0.069105,0.288995,-0.187319,-0.120328,-0.436898,-1.036838,-0.170528,0.061888,0.240329,0.227824,-0.156502,-0.223080,-1.309050,-0.104254,-0.203943,0.125020,0.320563,-1.097223,-0.132110,0.085482,0.264433,-0.588293
Paxi_ASAT1_AOR06331.1	Paxi_ASAT2_AOR06331.1		acceptor_superclass::Diterpenoids;acceptor_superclass::Lysine alkaloids;acceptor_superclass::Monoterpenoids;acceptor_superclass::Naphthalenes;acceptor_superclass::Saccharides;acceptor_superclass::Tryptophan alkaloids;acceptor_superclass::Tyrosine alkaloids	0,0,0,0,0,0,0,0,0,0,0,0,0,0,0,0,0,0,0,0,0,0,0	0,0,1,0,0,0,0,0,1,1,1,0,0,0,0,0,0,1,0,0,0,1,1	-0.988534,-0.443130,0.489337,-0.772026,-0.062053,-0.857977,-0.893333,-0.942007,0.078614,0.148148,0.254577,-0.222544,-1.178448,-1.226045,-0.132411,-0.128732,-0.422526,0.739113,-1.053296,-0.944125,-0.108095,0.796512,0.098159
Paxi_ASAT3_AOR06333.1	Paxi_ASAT3_AOR06333.1		acceptor_superclass::Fatty Acids and Conjugates;acceptor_superclass::Isoflavonoids;acceptor_superclass::Lysine alkaloids;acceptor_superclass::Monoterpenoids;acceptor_superclass::Naphthalenes;acceptor_superclass::Phenanthrenoids;acceptor_superclass::Phenolic acids (C6-C1);acceptor_superclass::Phenylethanoids (C6-C2);acceptor_superclass::Phenylpropanoids (C6-C3);acceptor_superclass::Saccharides;acceptor_superclass::Small peptides	0,0,0,0,0,0,0,0,0,0,0,0,0,0,0,0,0,0,0,0,0,0,0	0,0,0,1,0,0,1,0,1,1,1,0,1,1,1,1,0,1,1,0,0,0,0	-0.008465,-0.363539,-0.045166,0.161014,-0.150173,-0.152362,0.000038,-0.129374,0.375622,0.294149,0.265070,-0.154700,0.458354,0.134494,0.226357,0.062749,-0.384702,0.071738,0.083021,-0.217392,-0.521772,-0.412862,-0.295228
Paxi_ASAT4_AOR06334.1	Paxi_ASAT4_AOR06334.1		acceptor_superclass::Diterpenoids;acceptor_superclass::Phenanthrenoids;acceptor_superclass::Saccharides	0,0,0,0,0,0,0,0,0,0,0,0,0,0,0,0,0,0,0,0,0,0,0	0,0,1,0,0,0,0,0,0,0,0,0,1,0,0,0,0,1,0,0,0,0,0	-3.914149,-2.639688,1.528484,-2.965299,-2.261980,-2.138861,-4.393767,-0.015956,-1.595633,-0.706109,-0.037133,-2.592076,0.441836,-3.240217,-0.392385,-0.644905,-2.042038,3.045810,-3.730191,-1.215501,-0.516026,-0.161061,-0.206054
Paxi_CFAT_ABG75942.1	Paxi_CFAT_ABG75942.1	acceptor_superclass::Fatty acyls;acceptor_superclass::Monoterpenoids;acceptor_superclass::Phenylethanoids (C6-C2);acceptor_superclass::Phenylpropanoids (C6-C3)	acceptor_superclass::Diterpenoids;acceptor_superclass::Lysine alkaloids;acceptor_superclass::Monoterpenoids;acceptor_superclass::Naphthalenes;acceptor_superclass::Phenylpropanoids (C6-C3);acceptor_superclass::Saccharides;acceptor_superclass::Tryptophan alkaloids;acceptor_superclass::Tyrosine alkaloids	0,0,0,0,1,0,0,0,0,1,0,0,0,0,1,1,0,0,0,0,0,0,0	0,0,1,0,0,0,0,0,1,1,1,0,0,0,0,1,0,1,0,0,0,1,1	-1.037228,-0.380773,0.360770,-0.547313,-0.061267,-0.808951,-1.074067,-0.865103,0.251934,0.223473,0.133269,-0.217108,-1.134355,-1.208873,-0.224445,0.037610,-0.235911,0.409739,-1.044916,-0.833851,-0.018056,0.546529,0.138419
Pbar_AT1_WEX29777.1	Pbar_AT1_WEX29777.1	acceptor_superclass::Phenylethanoids (C6-C2)	acceptor_superclass::Fatty Acids and Conjugates;acceptor_superclass::Lysine alkaloids;acceptor_superclass::Monoterpenoids;acceptor_superclass::Naphthalenes;acceptor_superclass::Phenanthrenoids;acceptor_superclass::Phenolic acids (C6-C1);acceptor_superclass::Phenylethanoids (C6-C2);acceptor_superclass::Phenylpropanoids (C6-C3);acceptor_superclass::Saccharides;acceptor_superclass::Small peptides	0,0,0,0,0,0,0,0,0,0,0,0,0,0,1,0,0,0,0,0,0,0,0	0,0,0,1,0,0,0,0,1,1,1,0,1,1,1,1,0,1,1,0,0,0,0	-0.021255,-0.487362,-0.118658,0.282654,-0.197188,-0.210540,-0.052311,-0.164469,0.577648,0.330283,0.362309,-0.147942,0.632192,0.194417,0.283486,0.091271,-0.504041,0.032861,0.102970,-0.272772,-0.676158,-0.617634,-0.342360
Pcam_HCT_QDF44405.1	Pcam_HCT_QDF44405.1	acceptor_superclass::Phenolic acids (C6-C1)	acceptor_superclass::Fatty Acids and Conjugates;acceptor_superclass::Ornithine alkaloids;acceptor_superclass::Phenolic acids (C6-C1);acceptor_superclass::Small peptides;acceptor_superclass::Triterpenoids;acceptor_superclass::Tyrosine alkaloids	0,0,0,0,0,0,0,0,0,0,0,0,0,1,0,0,0,0,0,0,0,0,0	0,0,0,1,0,0,0,0,0,0,0,1,0,1,0,0,0,0,1,0,1,0,1	-4.226524,-3.206396,-4.954861,0.780557,-0.409938,-1.484571,-5.653468,-2.056426,-3.127932,-0.356267,-5.346739,0.037363,-4.064211,3.711134,-0.070094,-0.236717,-0.718709,-3.177742,1.879508,-3.970962,0.528115,-1.594912,1.113049
Pcam_HQT_QDF44406.1	Pcam_HQT_QDF44406.1	acceptor_superclass::Phenolic acids (C6-C1)	acceptor_superclass::Fatty Acids and Conjugates;acceptor_superclass::Lysine alkaloids;acceptor_superclass::Monoterpenoids;acceptor_superclass::Naphthalenes;acceptor_superclass::Phenanthrenoids;acceptor_superclass::Phenolic acids (C6-C1);acceptor_superclass::Phenylethanoids (C6-C2);acceptor_superclass::Phenylpropanoids (C6-C3);acceptor_superclass::Saccharides;acceptor_superclass::Small peptides	0,0,0,0,0,0,0,0,0,0,0,0,0,1,0,0,0,0,0,0,0,0,0	0,0,0,1,0,0,0,0,1,1,1,0,1,1,1,1,0,1,1,0,0,0,0	-0.025081,-0.508479,-0.147269,0.297140,-0.200195,-0.204465,-0.067291,-0.178306,0.631097,0.312828,0.377847,-0.135389,0.660014,0.220128,0.302613,0.106567,-0.516885,0.012756,0.099568,-0.271886,-0.683718,-0.649793,-0.328380
Pcam_RAS_QDF44407.1	Pcam_RAS_QDF44407.1	acceptor_superclass::Phenolic acids (C6-C1)	acceptor_superclass::Fatty Acids and Conjugates;acceptor_superclass::Phenylethanoids (C6-C2);acceptor_superclass::Phenylpropanoids (C6-C3)	0,0,0,0,0,0,0,0,0,0,0,0,0,1,0,0,0,0,0,0,0,0,0	0,0,0,1,0,0,0,0,0,0,0,0,0,0,1,1,0,0,0,0,0,0,0	-2.797070,-3.773457,-2.945271,0.571248,-0.067438,-1.327695,-4.580024,-0.904246,-2.352256,-0.491204,-5.611606,-0.654650,-1.395057,-0.511628,1.334947,0.727618,-1.250692,-0.498488,-0.145807,-3.239020,-1.537412,-3.854346,-0.933793
Pcru_3MAT_AAO38058.1	Pcru_3MAT_AAO38058.1	acceptor_superclass::Flavonoids	acceptor_superclass::Coumarins;acceptor_superclass::Fatty Acids and Conjugates;acceptor_superclass::Isoflavonoids;acceptor_superclass::Lysine alkaloids;acceptor_superclass::Monoterpenoids;acceptor_superclass::Naphthalenes;acceptor_superclass::Phenanthrenoids;acceptor_superclass::Phenolic acids (C6-C1);acceptor_superclass::Phenylethanoids (C6-C2);acceptor_superclass::Phenylpropanoids (C6-C3);acceptor_superclass::Saccharides;acceptor_superclass::Small peptides	0,0,0,0,0,1,0,0,0,0,0,0,0,0,0,0,0,0,0,0,0,0,0	1,0,0,1,0,0,1,0,1,1,1,0,1,1,1,1,0,1,1,0,0,0,0	0.020775,-0.343096,-0.053359,0.155517,-0.178541,-0.147069,0.030746,-0.116898,0.367647,0.276597,0.263204,-0.165518,0.468241,0.139114,0.196495,0.054981,-0.411094,0.086378,0.096618,-0.215297,-0.563343,-0.443502,-0.349402
Pfru_3AT_BAA93475.1	Pfru_3AT_BAA93475.1	acceptor_superclass::Flavonoids	acceptor_superclass::Coumarins;acceptor_superclass::Fatty Acids and Conjugates;acceptor_superclass::Flavonoids;acceptor_superclass::Isoflavonoids;acceptor_superclass::Ornithine alkaloids;acceptor_superclass::Phenanthrenoids;acceptor_superclass::Pseudoalkaloids;acceptor_superclass::Steroids	0,0,0,0,0,1,0,0,0,0,0,0,0,0,0,0,0,0,0,0,0,0,0	1,0,0,1,0,1,1,0,0,0,0,1,1,0,0,0,1,0,0,1,0,0,0	0.029087,-0.007973,-0.749543,0.149095,-0.227908,0.285260,0.334963,-0.250916,-0.561675,-0.133149,-0.932195,0.110731,0.318253,-0.350134,-0.212842,-0.252265,0.021209,-0.590456,-0.193165,0.337498,-0.095913,-0.525095,-0.225609
Phyb_AAT_AAW31948.1	Phyb_AAT_AAW31948.1	acceptor_superclass::Fatty acyls;acceptor_superclass::Monoterpenoids	acceptor_superclass::Coumarins;acceptor_superclass::Diterpenoids;acceptor_superclass::Fatty Acids and Conjugates;acceptor_superclass::Isoflavonoids;acceptor_superclass::Lysine alkaloids;acceptor_superclass::Monoterpenoids;acceptor_superclass::Naphthalenes;acceptor_superclass::Phenanthrenoids;acceptor_superclass::Phenolic acids (C6-C1);acceptor_superclass::Phenylethanoids (C6-C2);acceptor_superclass::Phenylpropanoids (C6-C3);acceptor_superclass::Saccharides;acceptor_superclass::Small peptides	0,0,0,0,1,0,0,0,0,1,0,0,0,0,0,0,0,0,0,0,0,0,0	1,0,1,1,0,0,1,0,1,1,1,0,1,1,1,1,0,1,1,0,0,0,0	0.035355,-0.231633,0.014906,0.043522,-0.129688,-0.102967,0.049882,-0.087708,0.178834,0.254311,0.173514,-0.154700,0.301085,0.087367,0.149132,0.026786,-0.287220,0.123030,0.070827,-0.182882,-0.451676,-0.267264,-0.332805
Phyb_BPBT_AAU06226.1	Phyb_BPBT_AAU06226.1	acceptor_superclass::Fatty acyls;acceptor_superclass::Monoterpenoids;acceptor_superclass::Phenylethanoids (C6-C2);acceptor_superclass::Phenylpropanoids (C6-C3)	acceptor_superclass::Fatty acyls;acceptor_superclass::Monoterpenoids;acceptor_superclass::Phenolic acids (C6-C1);acceptor_superclass::Phenylethanoids (C6-C2);acceptor_superclass::Phenylpropanoids (C6-C3);acceptor_superclass::Triterpenoids	0,0,0,0,1,0,0,0,0,1,0,0,0,0,1,1,0,0,0,0,0,0,0	0,0,0,0,1,0,0,0,0,1,0,0,0,1,1,1,0,0,0,0,1,0,0	-6.900157,-4.169555,-1.589916,-0.565299,0.947709,-1.188569,-9.036564,-0.965282,-1.239197,0.478535,-4.541668,-2.263626,-3.867264,0.124189,0.042743,0.265263,-1.160094,-2.007090,-0.823246,-7.874521,0.041661,-1.983143,-0.342337
Phyb_CFAT_ABG75942.1	Phyb_CFAT_ABG75942.1	acceptor_superclass::Phenylpropanoids (C6-C3)	acceptor_superclass::Diterpenoids;acceptor_superclass::Lysine alkaloids;acceptor_superclass::Monoterpenoids;acceptor_superclass::Naphthalenes;acceptor_superclass::Phenylpropanoids (C6-C3);acceptor_superclass::Saccharides;acceptor_superclass::Tryptophan alkaloids;acceptor_superclass::Tyrosine alkaloids	0,0,0,0,0,0,0,0,0,0,0,0,0,0,0,1,0,0,0,0,0,0,0	0,0,1,0,0,0,0,0,1,1,1,0,0,0,0,1,0,1,0,0,0,1,1	-1.037228,-0.380773,0.360770,-0.547313,-0.061267,-0.808951,-1.074067,-0.865103,0.251934,0.223473,0.133269,-0.217108,-1.134355,-1.208873,-0.224445,0.037610,-0.235911,0.409739,-1.044916,-0.833851,-0.018056,0.546529,0.138419
Pnig_PAS_QUS53101.1	Pnig_BAHD1_QUS53101.1	acceptor_superclass::Lysine alkaloids;acceptor_superclass::Pseudoalkaloids	acceptor_superclass::Diterpenoids;acceptor_superclass::Fatty acyls;acceptor_superclass::Lignans;acceptor_superclass::Lysine alkaloids;acceptor_superclass::Monoterpenoids;acceptor_superclass::Phenylpropanoids (C6-C3)	0,0,0,0,0,0,0,0,1,0,0,0,0,0,0,0,1,0,0,0,0,0,0	0,0,1,0,1,0,0,1,1,1,0,0,0,0,0,1,0,0,0,0,0,0,0	-4.699028,-2.001653,0.799484,-1.582260,1.023551,-0.947155,-5.056073,0.436244,1.754371,0.852647,-1.954479,-2.512934,-2.124151,-3.617775,-0.662444,0.922210,-1.525803,-0.424512,-2.922350,-2.062980,-0.726889,-0.823890,-0.975996
Pnig_PS_QUS53100.1	Pnig_BAHD2_QUS53100.1	acceptor_superclass::Lysine alkaloids	acceptor_superclass::Fatty acyls;acceptor_superclass::Lysine alkaloids;acceptor_superclass::Ornithine alkaloids;acceptor_superclass::Phenylpropanoids (C6-C3)	0,0,0,0,0,0,0,0,1,0,0,0,0,0,0,0,0,0,0,0,0,0,0	0,0,0,0,1,0,0,0,1,0,0,1,0,0,0,1,0,0,0,0,0,0,0	-0.633690,-0.374185,-0.359743,-0.069597,0.041705,-0.243237,-0.435163,-0.389633,0.180724,-0.094003,-0.379743,0.034248,-0.538953,-0.207140,-0.130706,0.038760,-0.037260,-0.130136,-0.250979,-0.211962,-0.065367,-0.381767,-0.060412
Pnig_HCT1_AEN02914.1	Pnig_HCT1_AEN02914.1	acceptor_superclass::Phenolic acids (C6-C1)	acceptor_superclass::Fatty Acids and Conjugates;acceptor_superclass::Ornithine alkaloids;acceptor_superclass::Phenolic acids (C6-C1);acceptor_superclass::Pseudoalkaloids;acceptor_superclass::Small peptides	0,0,0,0,0,0,0,0,0,0,0,0,0,1,0,0,0,0,0,0,0,0,0	0,0,0,1,0,0,0,0,0,0,0,1,0,1,0,0,1,0,1,0,0,0,0	-1.292138,-1.483267,-6.160094,0.517319,-1.126479,-0.203997,-1.642560,-4.241660,-5.855725,-1.400267,-2.884982,1.227616,-1.700970,0.341507,-0.067972,-1.052807,0.552386,-4.230954,0.135901,-1.016157,-1.022964,-1.150251,-0.117074
Pnig_PAS_QUS53101.1	Pnig_PAS_QUS53101.1	acceptor_superclass::Lysine alkaloids;acceptor_superclass::Pseudoalkaloids	acceptor_superclass::Diterpenoids;acceptor_superclass::Lysine alkaloids;acceptor_superclass::Monoterpenoids;acceptor_superclass::Naphthalenes;acceptor_superclass::Phenylpropanoids (C6-C3);acceptor_superclass::Saccharides;acceptor_superclass::Triterpenoids;acceptor_superclass::Tryptophan alkaloids;acceptor_superclass::Tyrosine alkaloids	0,0,0,0,0,0,0,0,1,0,0,0,0,0,0,0,1,0,0,0,0,0,0	0,0,1,0,0,0,0,0,1,1,1,0,0,0,0,1,0,1,0,0,1,1,1	-1.165120,-0.463835,0.233485,-0.328820,-0.026488,-0.848938,-1.245223,-0.714082,0.538168,0.272187,0.053501,-0.095450,-1.164298,-1.101396,-0.236380,0.249235,-0.003453,0.219034,-0.898157,-0.673000,0.023732,0.216122,0.062802
Pnig_PHT1_BGB46908.1	Pnig_PHT1_BGB46908.1	acceptor_superclass::Ornithine alkaloids;acceptor_superclass::Pseudoalkaloids	acceptor_superclass::Coumarins;acceptor_superclass::Fatty Acids and Conjugates;acceptor_superclass::Isoflavonoids;acceptor_superclass::Lysine alkaloids;acceptor_superclass::Monoterpenoids;acceptor_superclass::Naphthalenes;acceptor_superclass::Phenanthrenoids;acceptor_superclass::Phenolic acids (C6-C1);acceptor_superclass::Phenylethanoids (C6-C2);acceptor_superclass::Phenylpropanoids (C6-C3);acceptor_superclass::Saccharides;acceptor_superclass::Small peptides	0,0,0,0,0,0,0,0,0,0,0,1,0,0,0,0,1,0,0,0,0,0,0	1,0,0,1,0,0,1,0,1,1,1,0,1,1,1,1,0,1,1,0,0,0,0	0.007427,-0.280997,-0.023702,0.095776,-0.132003,-0.130708,0.014183,-0.119923,0.265394,0.253426,0.223579,-0.142546,0.368918,0.112140,0.188181,0.043369,-0.315410,0.089711,0.070037,-0.209820,-0.473834,-0.338074,-0.310701
Pnig_PS_QUS53100.1	Pnig_PS_QUS53100.1	acceptor_superclass::Lysine alkaloids	acceptor_superclass::Monoterpenoids;acceptor_superclass::Phenanthrenoids;acceptor_superclass::Pseudoalkaloids;acceptor_superclass::Steroids	0,0,0,0,0,0,0,0,1,0,0,0,0,0,0,0,0,0,0,0,0,0,0	0,0,0,0,0,0,0,0,0,1,0,0,1,0,0,0,1,0,0,1,0,0,0	-0.401329,-0.002793,-0.143184,-0.038216,-0.080273,-0.204765,-0.489897,-0.169470,-0.033152,0.108714,-0.274346,-0.068209,0.013261,-0.803479,-0.116494,-0.131249,0.078519,-0.102475,-0.567407,0.044516,-0.065403,-0.076498,-0.405440
Post_DPBT_Pos.gene30573	Post_DPBT_Pos.gene30573	acceptor_superclass::Monoterpenoids	acceptor_superclass::Fatty acyls;acceptor_superclass::Lysine alkaloids;acceptor_superclass::Monoterpenoids;acceptor_superclass::Phenylpropanoids (C6-C3)	0,0,0,0,0,0,0,0,0,1,0,0,0,0,0,0,0,0,0,0,0,0,0	0,0,0,0,1,0,0,0,1,1,0,0,0,0,0,1,0,0,0,0,0,0,0	-3.206191,-1.689381,-1.083325,-0.940197,0.864747,-0.909948,-3.654322,-0.298876,0.119491,0.266331,-2.202432,-1.422668,-1.748341,-2.181174,-0.034008,0.635044,-1.218757,-1.298207,-1.804547,-1.698565,-0.388244,-0.758865,-0.628918
Ppat_HCT1_AMK38063.1	Ppat_HCT1_AMK38063.1	acceptor_superclass::Phenolic acids (C6-C1);acceptor_superclass::Saccharides;acceptor_superclass::Small peptides	acceptor_superclass::Fatty Acids and Conjugates;acceptor_superclass::Pseudoalkaloids	0,0,0,0,0,0,0,0,0,0,0,0,0,1,0,0,0,1,1,0,0,0,0	0,0,0,1,0,0,0,0,0,0,0,0,0,0,0,0,1,0,0,0,0,0,0	-0.416937,-0.140125,-0.446258,0.112376,-0.173864,-0.200813,-0.654212,-0.214226,-0.342902,-0.088533,-0.593337,-0.032577,-0.134194,-0.525528,-0.094922,-0.155510,0.131643,-0.135297,-0.503345,-0.104623,-0.179947,-0.281788,-0.322193
Ppat_HCT1_AMK38063.1	Ppat_HCT_AMK38063.1	acceptor_superclass::Fatty Acids and Conjugates;acceptor_superclass::Phenolic acids (C6-C1);acceptor_superclass::Phenylpropanoids (C6-C3);acceptor_superclass::Saccharides	acceptor_superclass::Phenolic acids (C6-C1);acceptor_superclass::Phenylethanoids (C6-C2);acceptor_superclass::Phenylpropanoids (C6-C3);acceptor_superclass::Saccharides;acceptor_superclass::Small peptides;acceptor_superclass::Tyrosine alkaloids	0,0,0,1,0,0,0,0,0,0,0,0,0,1,0,1,0,1,0,0,0,0,0	0,0,0,0,0,0,0,0,0,0,0,0,0,1,1,1,0,1,1,0,0,0,1	-4.725760,-3.334671,-2.183109,-0.170254,-0.897542,-1.870751,-5.634909,-0.478004,-2.318242,-0.418139,-6.950192,-0.125688,-3.184519,0.616602,1.011897,0.622446,-0.249916,0.738235,0.085031,-4.302528,-0.321461,-2.072431,0.018263
Pper_AAT1_QEZ90730.1	Pper_AAT1_QEZ90730.1	acceptor_superclass::Fatty acyls	acceptor_superclass::Fatty Acids and Conjugates;acceptor_superclass::Monoterpenoids;acceptor_superclass::Phenanthrenoids;acceptor_superclass::Pseudoalkaloids;acceptor_superclass::Steroids	0,0,0,0,1,0,0,0,0,0,0,0,0,0,0,0,0,0,0,0,0,0,0	0,0,0,1,0,0,0,0,0,1,0,0,1,0,0,0,1,0,0,1,0,0,0	-0.306711,-0.011280,-0.345526,0.018137,-0.064191,-0.092780,-0.330427,-0.220045,-0.224382,0.015144,-0.576098,-0.082549,0.055304,-0.642510,-0.173786,-0.140978,0.051402,-0.344293,-0.422458,0.087927,-0.176620,-0.260105,-0.401988
Prad_HCT_ABO52899.1	Prad_HCT_ABO52899.1	acceptor_superclass::Phenolic acids (C6-C1);acceptor_superclass::Small peptides	acceptor_superclass::Fatty Acids and Conjugates;acceptor_superclass::Lignans;acceptor_superclass::Ornithine alkaloids;acceptor_superclass::Phenolic acids (C6-C1);acceptor_superclass::Phenylpropanoids (C6-C3);acceptor_superclass::Pseudoalkaloids;acceptor_superclass::Small peptides	0,0,0,0,0,0,0,0,0,0,0,0,0,1,0,0,0,0,1,0,0,0,0	0,0,0,1,0,0,0,1,0,0,0,1,0,1,0,1,1,0,1,0,0,0,0	-0.601753,-0.565150,-0.756530,0.269448,-0.031759,-0.125876,-0.415344,0.088658,-0.279217,-0.238643,-0.837478,0.026783,-0.514022,0.506712,-0.038920,0.062351,0.073940,-0.223609,0.364717,-0.068629,-0.185852,-0.979137,-0.012239
Pscu_HCT2_CBI83579.1	Pscu_HCT2_CBI83579.1	acceptor_superclass::Flavonoids;acceptor_superclass::Phenolic acids (C6-C1);acceptor_superclass::Tyrosine alkaloids	acceptor_superclass::Fatty Acids and Conjugates;acceptor_superclass::Phenolic acids (C6-C1);acceptor_superclass::Pseudoalkaloids;acceptor_superclass::Small peptides	0,0,0,0,0,1,0,0,0,0,0,0,0,1,0,0,0,0,0,0,0,0,1	0,0,0,1,0,0,0,0,0,0,0,0,0,1,0,0,1,0,1,0,0,0,0	-0.199125,-0.217101,-0.780133,0.151988,-0.098307,-0.071616,-0.167193,-0.227807,-0.444209,-0.373854,-0.906746,-0.041257,-0.099499,0.151393,-0.133006,-0.097671,0.054303,-0.556365,0.123750,-0.065159,-0.379019,-0.615056,-0.064129
Pscu_RAS_CAK55166.1	Pscu_RAS_CAK55166.1		acceptor_superclass::Fatty Acids and Conjugates;acceptor_superclass::Phenolic acids (C6-C1);acceptor_superclass::Phenylethanoids (C6-C2);acceptor_superclass::Small peptides;acceptor_superclass::Tyrosine alkaloids	0,0,0,0,0,0,0,0,0,0,0,0,0,0,0,0,0,0,0,0,0,0,0	0,0,0,1,0,0,0,0,0,0,0,0,0,1,1,0,0,0,1,0,0,0,1	-4.228307,-2.663268,-4.024745,0.345024,-0.316808,-1.018622,-5.548952,-2.071287,-2.292893,-0.190103,-4.208226,-0.410349,-2.914524,1.766092,0.067295,-0.115242,-0.588988,-2.419662,0.923316,-4.385206,-0.067360,-1.631421,0.561898
Psom_SALAT_AAK73661.1	Psom_SALAT_AAK73661.1	acceptor_superclass::Tyrosine alkaloids	acceptor_superclass::Cyclic polyketides;acceptor_superclass::Diterpenoids;acceptor_superclass::Monoterpenoids;acceptor_superclass::Pseudoalkaloids;acceptor_superclass::Steroids;acceptor_superclass::Triterpenoids;acceptor_superclass::Tryptophan alkaloids	0,0,0,0,0,0,0,0,0,0,0,0,0,0,0,0,0,0,0,0,0,0,1	0,1,1,0,0,0,0,0,0,1,0,0,0,0,0,0,1,0,0,1,1,1,0	-0.480117,0.124947,0.036835,-0.130535,-0.053025,-0.214965,-0.563944,-0.219635,-0.121963,0.189053,-0.159257,-0.114756,-0.040713,-1.056129,-0.197317,-0.190914,0.068777,-0.058664,-0.778744,0.110607,0.020518,0.042835,-0.546527
Ptri_BEBT_AJD25145.1	Ptri_BEBT_AJD25145.1		acceptor_superclass::Fatty acyls;acceptor_superclass::Lignans;acceptor_superclass::Lysine alkaloids;acceptor_superclass::Monoterpenoids;acceptor_superclass::Phenylethanoids (C6-C2);acceptor_superclass::Phenylpropanoids (C6-C3)	0,0,0,0,0,0,0,0,0,0,0,0,0,0,0,0,0,0,0,0,0,0,0	0,0,0,0,1,0,0,1,1,1,0,0,0,0,1,1,0,0,0,0,0,0,0	-4.883993,-3.070347,-0.836645,-0.607964,2.052838,-0.893543,-5.672140,0.271910,0.544695,0.873565,-4.659626,-2.857597,-3.350407,-1.218786,0.326921,1.522977,-2.459595,-1.210003,-1.332075,-3.444505,-1.066376,-2.373000,-0.587200
Ptri_FHT1_AGJ03151.1	Ptri_FHT1_AGJ03151.1	acceptor_superclass::Fatty Acids and Conjugates;acceptor_superclass::Fatty acyls	acceptor_superclass::Fatty Acids and Conjugates;acceptor_superclass::Lysine alkaloids;acceptor_superclass::Monoterpenoids;acceptor_superclass::Naphthalenes;acceptor_superclass::Phenanthrenoids;acceptor_superclass::Phenolic acids (C6-C1);acceptor_superclass::Phenylethanoids (C6-C2);acceptor_superclass::Phenylpropanoids (C6-C3);acceptor_superclass::Saccharides;acceptor_superclass::Small peptides	0,0,0,1,1,0,0,0,0,0,0,0,0,0,0,0,0,0,0,0,0,0,0	0,0,0,1,0,0,0,0,1,1,1,0,1,1,1,1,0,1,1,0,0,0,0	-0.012580,-0.386627,-0.069012,0.185379,-0.155592,-0.162977,-0.023907,-0.140363,0.415248,0.288356,0.284064,-0.135284,0.494329,0.165233,0.242492,0.070217,-0.392194,0.050739,0.077133,-0.224110,-0.553916,-0.465192,-0.298770
Ptri_HBMT1_PNT60021.1	Ptri_HBMT1_PNT60021.1	acceptor_superclass::Phenylpropanoids (C6-C3)	acceptor_superclass::Fatty acyls;acceptor_superclass::Monoterpenoids;acceptor_superclass::Phenylpropanoids (C6-C3)	0,0,0,0,0,0,0,0,0,0,0,0,0,0,0,1,0,0,0,0,0,0,0	0,0,0,0,1,0,0,0,0,1,0,0,0,0,0,1,0,0,0,0,0,0,0	-6.587499,-3.890239,-1.841188,-1.186904,0.746527,-0.970451,-8.457725,-1.054959,-1.108406,0.526470,-4.079929,-2.046019,-3.462072,-0.573648,-0.188754,0.410913,-0.959111,-2.458973,-0.946223,-7.609838,-0.400007,-2.507356,-0.446172
Ptri_HCT6_PNT52620.1	Ptri_HCT6_PNT52620.1	acceptor_superclass::Phenolic acids (C6-C1);acceptor_superclass::Small peptides	acceptor_superclass::Fatty Acids and Conjugates;acceptor_superclass::Fatty acyls;acceptor_superclass::Lignans;acceptor_superclass::Phenolic acids (C6-C1);acceptor_superclass::Phenylethanoids (C6-C2);acceptor_superclass::Phenylpropanoids (C6-C3);acceptor_superclass::Small peptides;acceptor_superclass::Tyrosine alkaloids	0,0,0,0,0,0,0,0,0,0,0,0,0,1,0,0,0,0,1,0,0,0,0	0,0,0,1,1,0,0,1,0,0,0,0,0,1,1,1,0,0,1,0,0,0,1	-4.883452,-3.906857,-3.146419,0.318097,0.116883,-0.888491,-5.384322,0.315694,-1.451097,-0.395894,-6.497911,-1.792866,-4.431316,1.654388,0.309800,0.583793,-1.577225,-1.433781,0.932859,-4.232872,-0.733111,-2.855398,0.347256
Ptri_HBMT1_PNT60021.1	Ptri_PHBMT1_AJD79571.1	acceptor_superclass::Phenylpropanoids (C6-C3)	acceptor_superclass::Fatty acyls;acceptor_superclass::Monoterpenoids;acceptor_superclass::Phenylpropanoids (C6-C3)	0,0,0,0,0,0,0,0,0,0,0,0,0,0,0,1,0,0,0,0,0,0,0	0,0,0,0,1,0,0,0,0,1,0,0,0,0,0,1,0,0,0,0,0,0,0	-6.587499,-3.890239,-1.841188,-1.186904,0.746527,-0.970451,-8.457725,-1.054959,-1.108406,0.526470,-4.079929,-2.046019,-3.462072,-0.573648,-0.188754,0.410913,-0.959111,-2.458973,-0.946223,-7.609838,-0.400007,-2.507356,-0.446172
Ptri_SABT_AJD25144.1	Ptri_SABT_AJD25144.1	acceptor_superclass::Phenylpropanoids (C6-C3)	acceptor_superclass::Fatty acyls;acceptor_superclass::Lignans;acceptor_superclass::Lysine alkaloids;acceptor_superclass::Monoterpenoids;acceptor_superclass::Phenylpropanoids (C6-C3)	0,0,0,0,0,0,0,0,0,0,0,0,0,0,0,1,0,0,0,0,0,0,0	0,0,0,0,1,0,0,1,1,1,0,0,0,0,0,1,0,0,0,0,0,0,0	-4.403177,-2.359366,-1.131517,-0.700495,1.470987,-0.898909,-4.729403,0.450107,0.653115,0.561103,-3.265436,-2.370300,-3.088428,-1.336386,-0.020418,1.085229,-1.853100,-1.475945,-1.262631,-2.771822,-0.485258,-1.334998,-0.384163
Pvir_FMT_KAG2630178.1	Pvir_FMT_KAG2630178.1	acceptor_superclass::Phenylpropanoids (C6-C3)	acceptor_superclass::Fatty acyls;acceptor_superclass::Monoterpenoids;acceptor_superclass::Ornithine alkaloids;acceptor_superclass::Phenylethanoids (C6-C2);acceptor_superclass::Phenylpropanoids (C6-C3);acceptor_superclass::Pseudoalkaloids	0,0,0,0,0,0,0,0,0,0,0,0,0,0,0,1,0,0,0,0,0,0,0	0,0,0,0,1,0,0,0,0,1,0,1,0,0,1,1,1,0,0,0,0,0,0	-1.811954,-0.581694,-2.245412,-0.329153,0.364636,-0.497034,-2.560043,-1.757789,-1.554868,0.518974,-3.106375,0.736321,-0.331850,-3.461196,0.140961,0.345547,0.230164,-1.249853,-1.987170,-0.996745,-1.161172,-1.749014,-1.390087
Pvir_HCT1a_BAO20883.1	Pvir_HCT1a_BAO20883.1	acceptor_superclass::Phenolic acids (C6-C1)	acceptor_superclass::Fatty Acids and Conjugates;acceptor_superclass::Flavonoids;acceptor_superclass::Lignans;acceptor_superclass::Ornithine alkaloids;acceptor_superclass::Phenolic acids (C6-C1);acceptor_superclass::Phenylethanoids (C6-C2);acceptor_superclass::Pseudoalkaloids;acceptor_superclass::Small peptides;acceptor_superclass::Steroids	0,0,0,0,0,0,0,0,0,0,0,0,0,1,0,0,0,0,0,0,0,0,0	0,0,0,1,0,1,0,1,0,0,0,1,0,1,1,0,1,0,1,1,0,0,0	-0.325326,-0.431528,-0.907281,0.144379,-0.149617,0.147686,-0.135825,0.046379,-0.490287,-0.326997,-1.020548,0.028120,-0.261188,0.607677,0.055432,-0.202411,0.097056,-0.330471,0.440272,0.069202,-0.160490,-1.079909,-0.042901
Pvir_HCT2a_AGM90558.1	Pvir_HCT2a_AGM90558.1	acceptor_superclass::Phenolic acids (C6-C1);acceptor_superclass::Phenylpropanoids (C6-C3);acceptor_superclass::Small peptides	acceptor_superclass::Fatty Acids and Conjugates;acceptor_superclass::Flavonoids;acceptor_superclass::Ornithine alkaloids;acceptor_superclass::Phenolic acids (C6-C1);acceptor_superclass::Pseudoalkaloids;acceptor_superclass::Small peptides;acceptor_superclass::Tyrosine alkaloids	0,0,0,0,0,0,0,0,0,0,0,0,0,1,0,1,0,0,1,0,0,0,0	0,0,0,1,0,1,0,0,0,0,0,1,0,1,0,0,1,0,1,0,0,0,1	-0.153446,-0.353988,-1.051560,0.289539,-0.239837,0.001002,-0.127834,-0.276457,-0.711316,-0.611791,-1.059763,0.025452,-0.136991,0.407990,-0.102474,-0.149355,0.083700,-0.595773,0.213586,-0.175744,-0.450463,-0.819125,0.059531
Pvir_PMT_KAG2616253.1	Pvir_PMT_KAG2616253.1	acceptor_superclass::Phenylpropanoids (C6-C3)	acceptor_superclass::Diterpenoids;acceptor_superclass::Lysine alkaloids;acceptor_superclass::Monoterpenoids;acceptor_superclass::Saccharides;acceptor_superclass::Tryptophan alkaloids;acceptor_superclass::Tyrosine alkaloids	0,0,0,0,0,0,0,0,0,0,0,0,0,0,0,1,0,0,0,0,0,0,0	0,0,1,0,0,0,0,0,1,1,0,0,0,0,0,0,0,1,0,0,0,1,1	-0.814729,-0.330743,0.143761,-0.300457,-0.044062,-0.404709,-0.696138,-0.607300,0.000033,0.161796,-0.168321,-0.028753,-0.751212,-0.693522,-0.026747,-0.038829,-0.034463,0.240169,-0.524054,-0.502982,-0.059892,0.055585,0.029755
Pvul_HHHT_AOX15526.1	Pvul_HHHT_AOX15526.1	acceptor_superclass::Fatty Acids and Conjugates	acceptor_superclass::Fatty Acids and Conjugates;acceptor_superclass::Flavonoids;acceptor_superclass::Isoflavonoids;acceptor_superclass::Ornithine alkaloids;acceptor_superclass::Phenanthrenoids;acceptor_superclass::Phenolic acids (C6-C1);acceptor_superclass::Pseudoalkaloids;acceptor_superclass::Small peptides;acceptor_superclass::Steroids	0,0,0,1,0,0,0,0,0,0,0,0,0,0,0,0,0,0,0,0,0,0,0	0,0,0,1,0,1,1,0,0,0,0,1,1,1,0,0,1,0,1,1,0,0,0	-0.047713,-0.171433,-0.871337,0.220560,-0.183919,0.095081,0.038041,-0.215949,-0.517783,-0.328427,-1.011482,0.052392,0.074341,0.060048,-0.096981,-0.119762,0.058888,-0.579336,0.048772,0.067559,-0.307795,-0.628559,-0.093943
Rcan_SHT_QNO39111.1	Rcan_SHT_QNO39111.1	acceptor_superclass::Ornithine alkaloids	acceptor_superclass::Fatty Acids and Conjugates;acceptor_superclass::Flavonoids;acceptor_superclass::Ornithine alkaloids;acceptor_superclass::Phenanthrenoids;acceptor_superclass::Pseudoalkaloids;acceptor_superclass::Steroids	0,0,0,0,0,0,0,0,0,0,0,1,0,0,0,0,0,0,0,0,0,0,0	0,0,0,1,0,1,0,0,0,0,0,1,1,0,0,0,1,0,0,1,0,0,0	-0.154867,-0.155141,-0.716762,0.192188,-0.151333,0.004275,-0.140923,-0.208103,-0.447159,-0.242424,-0.864424,0.028145,0.008476,-0.115710,-0.101991,-0.110042,0.084071,-0.483053,-0.070134,0.023690,-0.267832,-0.515762,-0.152852
Rcom_SHT_QNO39108.1	Rcom_SHT_QNO39108.1	acceptor_superclass::Ornithine alkaloids	acceptor_superclass::Fatty Acids and Conjugates;acceptor_superclass::Ornithine alkaloids	0,0,0,0,0,0,0,0,0,0,0,1,0,0,0,0,0,0,0,0,0,0,0	0,0,0,1,0,0,0,0,0,0,0,1,0,0,0,0,0,0,0,0,0,0,0	-1.706005,-2.322832,-5.419308,0.006324,-1.257013,-0.102916,-2.091942,-1.278776,-3.128119,-1.504878,-4.116034,0.296539,-1.319266,-0.480915,-0.114901,-0.873263,-0.190889,-2.509163,-0.030700,-1.603600,-1.021763,-2.979184,-0.433057
Rglu_AT1_WEX29776.1	Rglu_AT1_WEX29776.1	acceptor_superclass::Phenylethanoids (C6-C2)	acceptor_superclass::Fatty Acids and Conjugates;acceptor_superclass::Ornithine alkaloids;acceptor_superclass::Phenolic acids (C6-C1);acceptor_superclass::Phenylethanoids (C6-C2);acceptor_superclass::Small peptides;acceptor_superclass::Triterpenoids;acceptor_superclass::Tyrosine alkaloids	0,0,0,0,0,0,0,0,0,0,0,0,0,0,1,0,0,0,0,0,0,0,0	0,0,0,1,0,0,0,0,0,0,0,1,0,1,1,0,0,0,1,0,1,0,1	-3.010610,-1.759498,-4.844569,0.936212,-0.565287,-1.229740,-3.714410,-2.866742,-4.375001,-0.633304,-3.312222,0.678789,-2.259943,2.254892,0.650800,-0.331776,-0.070613,-2.143710,0.719127,-2.926119,0.211761,-0.795225,0.517402
Rhyb_AAT1_AAW31948.1	Rhyb_AAT1_AAW31948.1	acceptor_superclass::Fatty acyls;acceptor_superclass::Monoterpenoids;acceptor_superclass::Phenylethanoids (C6-C2)	acceptor_superclass::Coumarins;acceptor_superclass::Diterpenoids;acceptor_superclass::Fatty Acids and Conjugates;acceptor_superclass::Isoflavonoids;acceptor_superclass::Lysine alkaloids;acceptor_superclass::Monoterpenoids;acceptor_superclass::Naphthalenes;acceptor_superclass::Phenanthrenoids;acceptor_superclass::Phenolic acids (C6-C1);acceptor_superclass::Phenylethanoids (C6-C2);acceptor_superclass::Phenylpropanoids (C6-C3);acceptor_superclass::Saccharides;acceptor_superclass::Small peptides	0,0,0,0,1,0,0,0,0,1,0,0,0,0,1,0,0,0,0,0,0,0,0	1,0,1,1,0,0,1,0,1,1,1,0,1,1,1,1,0,1,1,0,0,0,0	0.035355,-0.231633,0.014906,0.043522,-0.129688,-0.102967,0.049882,-0.087708,0.178834,0.254311,0.173514,-0.154700,0.301085,0.087367,0.149132,0.026786,-0.287220,0.123030,0.070827,-0.182882,-0.451676,-0.267264,-0.332805
Rser_VS_CAD89104.2	Rser_ACT_CAD89104.2	acceptor_superclass::Tryptophan alkaloids	acceptor_superclass::Diterpenoids;acceptor_superclass::Lysine alkaloids;acceptor_superclass::Monoterpenoids;acceptor_superclass::Naphthalenes;acceptor_superclass::Saccharides;acceptor_superclass::Triterpenoids;acceptor_superclass::Tryptophan alkaloids;acceptor_superclass::Tyrosine alkaloids	0,0,0,0,0,0,0,0,0,0,0,0,0,0,0,0,0,0,0,0,0,1,0	0,0,1,0,0,0,0,0,1,1,1,0,0,0,0,0,0,1,0,0,1,1,1	-0.900945,-0.350100,0.600957,-0.540985,-0.106604,-0.710708,-0.782146,-1.034811,0.013162,0.307183,0.461896,-0.161059,-1.059555,-1.279019,-0.061703,-0.128001,-0.251344,0.600455,-1.054740,-0.939800,0.204492,0.802599,0.065355
Rser_VS_CAD89104.2	Rser_VS_CAD89104.2	acceptor_superclass::Tryptophan alkaloids	acceptor_superclass::Coumarins;acceptor_superclass::Fatty Acids and Conjugates;acceptor_superclass::Isoflavonoids;acceptor_superclass::Lysine alkaloids;acceptor_superclass::Monoterpenoids;acceptor_superclass::Naphthalenes;acceptor_superclass::Phenanthrenoids;acceptor_superclass::Phenolic acids (C6-C1);acceptor_superclass::Phenylethanoids (C6-C2);acceptor_superclass::Phenylpropanoids (C6-C3);acceptor_superclass::Saccharides;acceptor_superclass::Small peptides	0,0,0,0,0,0,0,0,0,0,0,0,0,0,0,0,0,0,0,0,0,1,0	1,0,0,1,0,0,1,0,1,1,1,0,1,1,1,1,0,1,1,0,0,0,0	0.019071,-0.317558,-0.020017,0.112972,-0.139207,-0.142155,0.018636,-0.114643,0.283644,0.313864,0.225449,-0.158053,0.402618,0.103937,0.204845,0.046144,-0.349427,0.103848,0.073492,-0.225046,-0.523978,-0.369193,-0.333337
Rser_YAT_PQ801655	Rser_YAT_PQ801655	acceptor_superclass::Tryptophan alkaloids	acceptor_superclass::Coumarins;acceptor_superclass::Fatty Acids and Conjugates;acceptor_superclass::Isoflavonoids;acceptor_superclass::Lysine alkaloids;acceptor_superclass::Monoterpenoids;acceptor_superclass::Naphthalenes;acceptor_superclass::Phenanthrenoids;acceptor_superclass::Phenolic acids (C6-C1);acceptor_superclass::Phenylethanoids (C6-C2);acceptor_superclass::Phenylpropanoids (C6-C3);acceptor_superclass::Saccharides;acceptor_superclass::Small peptides	0,0,0,0,0,0,0,0,0,0,0,0,0,0,0,0,0,0,0,0,0,1,0	1,0,0,1,0,0,1,0,1,1,1,0,1,1,1,1,0,1,1,0,0,0,0	0.016264,-0.335387,-0.016122,0.126638,-0.154020,-0.141556,0.011852,-0.120218,0.308554,0.319589,0.231112,-0.163941,0.424074,0.112899,0.207306,0.042714,-0.363467,0.100463,0.074091,-0.215782,-0.534736,-0.381545,-0.330904
Sbic_COSY_OQU75851.1	Sbic_COSY_OQU75851.1		acceptor_superclass::Cyclic polyketides;acceptor_superclass::Flavonoids;acceptor_superclass::Monoterpenoids;acceptor_superclass::Ornithine alkaloids;acceptor_superclass::Phenylethanoids (C6-C2);acceptor_superclass::Pseudoalkaloids;acceptor_superclass::Triterpenoids	0,0,0,0,0,0,0,0,0,0,0,0,0,0,0,0,0,0,0,0,0,0,0	0,1,0,0,0,1,0,0,0,1,0,1,0,0,1,0,1,0,0,0,1,0,0	-0.369443,0.035832,-0.185380,-0.343024,-0.182602,0.072497,-0.261028,-0.716585,-0.053338,0.141939,-0.087593,0.105134,-0.204771,-0.734012,0.034572,-0.137552,0.217789,-0.183833,-0.483353,-0.189120,0.247156,-0.125947,-0.182346
Sbic_FMT_EES15804.1	Sbic_FMT_EES15804.1	acceptor_superclass::Phenylpropanoids (C6-C3)	acceptor_superclass::Flavonoids;acceptor_superclass::Ornithine alkaloids;acceptor_superclass::Phenylethanoids (C6-C2);acceptor_superclass::Pseudoalkaloids	0,0,0,0,0,0,0,0,0,0,0,0,0,0,0,1,0,0,0,0,0,0,0	0,0,0,0,0,1,0,0,0,0,0,1,0,0,1,0,1,0,0,0,0,0,0	-0.365770,-0.058340,-0.211914,-0.170573,-0.055255,0.184300,-0.058323,-0.441104,-0.253068,-0.022577,-0.355282,0.098631,-0.131567,-0.254249,0.122163,-0.167091,0.062203,-0.194203,-0.104817,-0.043543,-0.011026,-0.391890,-0.125574
Sbic_HCT_EES05411.1	Sbic_HCT_EES05411.1	acceptor_superclass::Phenolic acids (C6-C1)	acceptor_superclass::Fatty Acids and Conjugates;acceptor_superclass::Flavonoids;acceptor_superclass::Ornithine alkaloids;acceptor_superclass::Phenolic acids (C6-C1);acceptor_superclass::Pseudoalkaloids;acceptor_superclass::Small peptides;acceptor_superclass::Tyrosine alkaloids	0,0,0,0,0,0,0,0,0,0,0,0,0,1,0,0,0,0,0,0,0,0,0	0,0,0,1,0,1,0,0,0,0,0,1,0,1,0,0,1,0,1,0,0,0,1	-0.127108,-0.327818,-1.097373,0.294971,-0.235140,0.034128,-0.071904,-0.282910,-0.725275,-0.610296,-1.137847,0.024575,-0.090071,0.405986,-0.122083,-0.158236,0.079118,-0.668093,0.236111,-0.134550,-0.475791,-0.855995,0.036382
Sbic_PMT_EES17668.1	Sbic_PMT_EES17668.1	acceptor_superclass::Phenylpropanoids (C6-C3)	acceptor_superclass::Cyclic polyketides;acceptor_superclass::Diterpenoids;acceptor_superclass::Lysine alkaloids;acceptor_superclass::Monoterpenoids;acceptor_superclass::Naphthalenes;acceptor_superclass::Pseudoalkaloids;acceptor_superclass::Saccharides;acceptor_superclass::Triterpenoids;acceptor_superclass::Tryptophan alkaloids	0,0,0,0,0,0,0,0,0,0,0,0,0,0,0,1,0,0,0,0,0,0,0	0,1,1,0,0,0,0,0,1,1,1,0,0,0,0,0,1,1,0,0,1,1,0	-0.634694,0.104389,0.279136,-0.157461,-0.045169,-0.329785,-0.860676,-0.170555,0.080712,0.340683,0.044997,-0.133756,-0.056003,-1.290489,-0.119026,-0.128641,0.105646,0.162352,-0.957693,-0.024103,0.035934,0.216977,-0.651090
Sche_AAT10422_BCJ78482.1	Sche_AAT10422_BCJ78482.1	acceptor_superclass::Fatty acyls	acceptor_superclass::Cyclic polyketides;acceptor_superclass::Monoterpenoids;acceptor_superclass::Pseudoalkaloids;acceptor_superclass::Steroids	0,0,0,0,1,0,0,0,0,0,0,0,0,0,0,0,0,0,0,0,0,0,0	0,1,0,0,0,0,0,0,0,1,0,0,0,0,0,0,1,0,0,1,0,0,0	-0.424749,0.007616,-0.157403,-0.058811,-0.005835,-0.228171,-0.525233,-0.218358,-0.128208,0.034098,-0.428882,-0.124567,-0.086077,-0.670269,-0.148288,-0.127300,0.064715,-0.216141,-0.476032,0.009156,-0.159438,-0.166614,-0.430279
Schi_CFAT_URQ03862.1	Schi_CFAT_URQ03862.1	acceptor_superclass::Lignans;acceptor_superclass::Phenylpropanoids (C6-C3)	acceptor_superclass::Diterpenoids;acceptor_superclass::Lysine alkaloids;acceptor_superclass::Monoterpenoids;acceptor_superclass::Naphthalenes;acceptor_superclass::Saccharides;acceptor_superclass::Triterpenoids;acceptor_superclass::Tryptophan alkaloids;acceptor_superclass::Tyrosine alkaloids	0,0,0,0,0,0,0,1,0,0,0,0,0,0,0,1,0,0,0,0,0,0,0	0,0,1,0,0,0,0,0,1,1,1,0,0,0,0,0,0,1,0,0,1,1,1	-0.782585,-0.251417,0.114805,-0.385252,-0.063493,-0.479781,-0.626636,-0.816556,0.134843,0.168223,0.150140,-0.124206,-0.848881,-0.903786,-0.180496,-0.009541,-0.132583,0.095993,-0.770475,-0.550000,0.193746,0.301838,0.016105
Schm_AAT11306_BCJ78485.1	Schm_AAT11306_BCJ78485.1	acceptor_superclass::Fatty acyls	acceptor_superclass::Coumarins;acceptor_superclass::Fatty Acids and Conjugates;acceptor_superclass::Lysine alkaloids;acceptor_superclass::Monoterpenoids;acceptor_superclass::Naphthalenes;acceptor_superclass::Phenanthrenoids;acceptor_superclass::Phenolic acids (C6-C1);acceptor_superclass::Phenylethanoids (C6-C2);acceptor_superclass::Phenylpropanoids (C6-C3);acceptor_superclass::Saccharides;acceptor_superclass::Small peptides	0,0,0,0,1,0,0,0,0,0,0,0,0,0,0,0,0,0,0,0,0,0,0	1,0,0,1,0,0,0,0,1,1,1,0,1,1,1,1,0,1,1,0,0,0,0	0.026301,-0.394253,-0.034121,0.179141,-0.199424,-0.171564,-0.007435,-0.117477,0.366117,0.353427,0.271502,-0.175673,0.489740,0.126781,0.219968,0.048760,-0.456786,0.115638,0.091431,-0.247132,-0.649487,-0.453206,-0.394106
Scru_3MAT_AAO38058	Scru_3MAT_AAO38058		acceptor_superclass::Coumarins;acceptor_superclass::Fatty Acids and Conjugates;acceptor_superclass::Isoflavonoids;acceptor_superclass::Lysine alkaloids;acceptor_superclass::Monoterpenoids;acceptor_superclass::Naphthalenes;acceptor_superclass::Phenanthrenoids;acceptor_superclass::Phenolic acids (C6-C1);acceptor_superclass::Phenylethanoids (C6-C2);acceptor_superclass::Phenylpropanoids (C6-C3);acceptor_superclass::Saccharides;acceptor_superclass::Small peptides	0,0,0,0,0,0,0,0,0,0,0,0,0,0,0,0,0,0,0,0,0,0,0	1,0,0,1,0,0,1,0,1,1,1,0,1,1,1,1,0,1,1,0,0,0,0	0.020775,-0.343096,-0.053359,0.155517,-0.178541,-0.147069,0.030746,-0.116898,0.367647,0.276597,0.263204,-0.165518,0.468241,0.139114,0.196495,0.054981,-0.411094,0.086378,0.096618,-0.215297,-0.563343,-0.443502,-0.349402
Sfal_HFT-like_KAH8954438.1	Sfal_HFT-like_KAH8954438.1	acceptor_superclass::Fatty Acids and Conjugates;acceptor_superclass::Fatty acyls	acceptor_superclass::Fatty Acids and Conjugates;acceptor_superclass::Fatty acyls;acceptor_superclass::Monoterpenoids;acceptor_superclass::Phenylethanoids (C6-C2);acceptor_superclass::Phenylpropanoids (C6-C3)	0,0,0,1,1,0,0,0,0,0,0,0,0,0,0,0,0,0,0,0,0,0,0	0,0,0,1,1,0,0,0,0,1,0,0,0,0,1,1,0,0,0,0,0,0,0	-3.998498,-3.472002,-1.261269,0.127379,0.811715,-1.039426,-5.066307,-0.174163,-0.534903,0.224969,-4.771366,-1.851438,-2.667650,-1.041978,0.380995,0.939653,-1.689573,-0.920458,-0.906845,-3.228508,-1.254409,-2.712993,-0.817619
Sgal_AAT10483_BCJ78483.1	Sgal_AAT10483_BCJ78483.1	acceptor_superclass::Fatty acyls	acceptor_superclass::Fatty acyls;acceptor_superclass::Monoterpenoids;acceptor_superclass::Phenylethanoids (C6-C2);acceptor_superclass::Phenylpropanoids (C6-C3)	0,0,0,0,1,0,0,0,0,0,0,0,0,0,0,0,0,0,0,0,0,0,0	0,0,0,0,1,0,0,0,0,1,0,0,0,0,1,1,0,0,0,0,0,0,0	-3.739657,-1.917679,-0.975278,-0.648366,1.627679,-0.765207,-4.577744,-0.614609,-0.225094,1.024835,-4.565656,-1.160368,-2.257316,-2.057750,0.164204,1.108707,-1.242148,-0.833022,-1.486571,-2.545366,-1.304257,-2.005952,-0.844989
Sgla_HQT1_WYJ75404.1	Sgla_HQT1_WYJ75404.1	acceptor_superclass::Phenolic acids (C6-C1);acceptor_superclass::Small peptides	acceptor_superclass::Fatty Acids and Conjugates;acceptor_superclass::Lignans;acceptor_superclass::Phenolic acids (C6-C1);acceptor_superclass::Phenylethanoids (C6-C2);acceptor_superclass::Phenylpropanoids (C6-C3);acceptor_superclass::Small peptides;acceptor_superclass::Tyrosine alkaloids	0,0,0,0,0,0,0,0,0,0,0,0,0,1,0,0,0,0,1,0,0,0,0	0,0,0,1,0,0,0,1,0,0,0,0,0,1,1,1,0,0,1,0,0,0,1	-4.374454,-4.288411,-3.277281,0.352620,-0.441275,-1.299312,-4.946311,0.465910,-1.467693,-0.994244,-5.286448,-1.959667,-4.043598,2.021949,0.592338,0.386101,-1.790173,-1.439495,1.028784,-3.983716,-0.398365,-2.424097,0.380731
Sgla_HQT2_WYJ75406.1	Sgla_HQT2_WYJ75406.1	acceptor_superclass::Phenolic acids (C6-C1)	acceptor_superclass::Phenolic acids (C6-C1);acceptor_superclass::Phenylethanoids (C6-C2);acceptor_superclass::Small peptides;acceptor_superclass::Tyrosine alkaloids	0,0,0,0,0,0,0,0,0,0,0,0,0,1,0,0,0,0,0,0,0,0,0	0,0,0,0,0,0,0,0,0,0,0,0,0,1,1,0,0,0,1,0,0,0,1	-3.487824,-2.814906,-4.177964,-0.147128,-0.758666,-0.694841,-3.616278,-0.173642,-1.902282,-1.086417,-4.414631,-0.789934,-3.112881,0.872864,0.050382,-0.227193,-0.701257,-2.090540,0.554208,-2.720423,-0.262511,-1.901189,0.315427
Sgla_HST_WYJ75403.1	Sgla_HST_WYJ75403.1	acceptor_superclass::Phenolic acids (C6-C1);acceptor_superclass::Small peptides	acceptor_superclass::Fatty Acids and Conjugates;acceptor_superclass::Ornithine alkaloids;acceptor_superclass::Phenolic acids (C6-C1);acceptor_superclass::Phenylpropanoids (C6-C3);acceptor_superclass::Pseudoalkaloids;acceptor_superclass::Small peptides	0,0,0,0,0,0,0,0,0,0,0,0,0,1,0,0,0,0,1,0,0,0,0	0,0,0,1,0,0,0,0,0,0,0,1,0,1,0,1,1,0,1,0,0,0,0	-0.620060,-0.442061,-0.665859,0.192021,-0.112339,-0.075589,-0.535437,-0.035603,-0.254054,-0.144421,-0.844093,0.063093,-0.424260,0.388388,-0.009234,0.045297,0.143839,-0.316487,0.354506,-0.020620,-0.165834,-0.953959,-0.009882
Sgla_RAS_WYJ75405.1	Sgla_RAS_WYJ75405.1	acceptor_superclass::Phenolic acids (C6-C1);acceptor_superclass::Small peptides;acceptor_superclass::Tyrosine alkaloids	acceptor_superclass::Fatty Acids and Conjugates;acceptor_superclass::Phenolic acids (C6-C1);acceptor_superclass::Phenylethanoids (C6-C2);acceptor_superclass::Small peptides;acceptor_superclass::Tyrosine alkaloids	0,0,0,0,0,0,0,0,0,0,0,0,0,1,0,0,0,0,1,0,0,0,1	0,0,0,1,0,0,0,0,0,0,0,0,0,1,1,0,0,0,1,0,0,0,1	-3.083542,-2.794652,-5.537792,1.004110,-0.903753,-0.527008,-3.962145,-3.506171,-4.786442,-1.166990,-3.889136,-0.120628,-2.203316,2.991972,0.441172,-0.822521,-0.803100,-2.551088,0.455290,-2.972442,-0.043455,-1.402796,0.268663
Shab_AAT11777_BCJ78486.1	Shab_AAT11777_BCJ78486.1	acceptor_superclass::Fatty acyls	acceptor_superclass::Pseudoalkaloids;acceptor_superclass::Steroids	0,0,0,0,1,0,0,0,0,0,0,0,0,0,0,0,0,0,0,0,0,0,0	0,0,0,0,0,0,0,0,0,0,0,0,0,0,0,0,1,0,0,1,0,0,0	-0.365937,-0.003416,-0.255231,-0.021967,-0.040744,-0.164933,-0.430039,-0.237392,-0.212656,-0.009636,-0.533128,-0.096397,-0.035071,-0.601533,-0.155108,-0.155967,0.065652,-0.283809,-0.432198,0.033481,-0.185936,-0.243384,-0.410947
Shab_ASAT2_ALU64009.1	Shab_ASAT2_ALU64009.1		acceptor_superclass::Diterpenoids;acceptor_superclass::Phenanthrenoids;acceptor_superclass::Saccharides	0,0,0,0,0,0,0,0,0,0,0,0,0,0,0,0,0,0,0,0,0,0,0	0,0,1,0,0,0,0,0,0,0,0,0,1,0,0,0,0,1,0,0,0,0,0	-3.113590,-2.374854,0.518440,-2.607682,-1.389688,-1.511720,-3.812281,-0.162399,-1.546579,-0.773915,-0.054481,-2.819734,0.218392,-2.363588,-0.044541,-0.243519,-2.202280,1.584367,-3.035041,-1.135734,-0.327948,-0.838787,-0.170084
Shab_ASAT3-F_AJF98584.1	Shab_ASAT3-F_AJF98584.1		acceptor_superclass::Fatty acyls;acceptor_superclass::Monoterpenoids;acceptor_superclass::Naphthalenes;acceptor_superclass::Phenylpropanoids (C6-C3)	0,0,0,0,0,0,0,0,0,0,0,0,0,0,0,0,0,0,0,0,0,0,0	0,0,0,0,1,0,0,0,0,1,1,0,0,0,0,1,0,0,0,0,0,0,0	-4.174290,-0.647432,-1.239505,-2.343603,0.577289,-0.982936,-5.067753,-0.916116,-2.438490,0.289668,0.828759,-1.253256,-1.155167,-4.072052,-0.142193,0.274575,-0.574699,-2.096519,-2.834167,-4.850531,-0.286995,-0.579239,-0.389802
Shab_ASAT3-P_AJF98591.1	Shab_ASAT3-P_AJF98591.1		acceptor_superclass::Cyclic polyketides;acceptor_superclass::Diterpenoids;acceptor_superclass::Lysine alkaloids;acceptor_superclass::Monoterpenoids;acceptor_superclass::Naphthalenes;acceptor_superclass::Pseudoalkaloids;acceptor_superclass::Saccharides;acceptor_superclass::Steroids;acceptor_superclass::Triterpenoids;acceptor_superclass::Tryptophan alkaloids	0,0,0,0,0,0,0,0,0,0,0,0,0,0,0,0,0,0,0,0,0,0,0	0,1,1,0,0,0,0,0,1,1,1,0,0,0,0,0,1,1,0,1,1,1,0	-0.747358,0.208019,0.541217,-0.290780,-0.030024,-0.417846,-1.030321,-0.122749,0.204250,0.512940,0.379307,-0.206853,-0.067261,-1.715826,-0.163150,-0.141458,0.095059,0.360034,-1.263227,0.027814,0.148437,0.479129,-0.780733
Sind_AT1_BEE35702.1	Sind_AT1_BEE35702.1	acceptor_superclass::Phenylethanoids (C6-C2)	acceptor_superclass::Fatty Acids and Conjugates;acceptor_superclass::Flavonoids;acceptor_superclass::Isoflavonoids;acceptor_superclass::Ornithine alkaloids;acceptor_superclass::Phenolic acids (C6-C1);acceptor_superclass::Pseudoalkaloids;acceptor_superclass::Small peptides;acceptor_superclass::Tyrosine alkaloids	0,0,0,0,0,0,0,0,0,0,0,0,0,0,1,0,0,0,0,0,0,0,0	0,0,0,1,0,1,1,0,0,0,0,1,0,1,0,0,1,0,1,0,0,0,1	-0.027282,-0.384045,-1.320190,0.370532,-0.292912,0.106282,0.052526,-0.279635,-0.834894,-0.735953,-1.335961,0.061053,-0.066736,0.623472,-0.087079,-0.145437,0.080438,-0.751550,0.367460,-0.120997,-0.514828,-1.010166,0.138531
Sind_AT2_BEE35703.1	Sind_AT2_BEE35703.1	acceptor_superclass::Phenylethanoids (C6-C2)	acceptor_superclass::Fatty Acids and Conjugates;acceptor_superclass::Flavonoids;acceptor_superclass::Ornithine alkaloids;acceptor_superclass::Phenolic acids (C6-C1);acceptor_superclass::Pseudoalkaloids;acceptor_superclass::Small peptides	0,0,0,0,0,0,0,0,0,0,0,0,0,0,1,0,0,0,0,0,0,0,0	0,0,0,1,0,1,0,0,0,0,0,1,0,1,0,0,1,0,1,0,0,0,0	-0.128166,-0.256034,-0.932517,0.242838,-0.212115,0.019236,-0.078516,-0.265270,-0.629014,-0.501879,-1.013278,0.010715,-0.044464,0.262452,-0.101473,-0.129872,0.072601,-0.580913,0.140476,-0.089112,-0.414715,-0.737309,-0.033051
Sind_AT1_BEE35702.1	Sind_SHCT_XP_011083883.1	acceptor_superclass::Phenylethanoids (C6-C2)	acceptor_superclass::Fatty Acids and Conjugates;acceptor_superclass::Flavonoids;acceptor_superclass::Isoflavonoids;acceptor_superclass::Ornithine alkaloids;acceptor_superclass::Phenolic acids (C6-C1);acceptor_superclass::Pseudoalkaloids;acceptor_superclass::Small peptides;acceptor_superclass::Tyrosine alkaloids	0,0,0,0,0,0,0,0,0,0,0,0,0,0,1,0,0,0,0,0,0,0,0	0,0,0,1,0,1,1,0,0,0,0,1,0,1,0,0,1,0,1,0,0,0,1	-0.027282,-0.384045,-1.320190,0.370532,-0.292912,0.106282,0.052526,-0.279635,-0.834894,-0.735953,-1.335961,0.061053,-0.066736,0.623472,-0.087079,-0.145437,0.080438,-0.751550,0.367460,-0.120997,-0.514828,-1.010166,0.138531
Slyc_AAT1_XP_004244681.1	Slyc_AAT1_XP_004244681.1	acceptor_superclass::Fatty acyls;acceptor_superclass::Phenylethanoids (C6-C2)	acceptor_superclass::Diterpenoids;acceptor_superclass::Monoterpenoids;acceptor_superclass::Naphthalenes;acceptor_superclass::Saccharides;acceptor_superclass::Tryptophan alkaloids	0,0,0,0,1,0,0,0,0,0,0,0,0,0,1,0,0,0,0,0,0,0,0	0,0,1,0,0,0,0,0,0,1,1,0,0,0,0,0,0,1,0,0,0,1,0	-5.858451,-3.555973,4.131961,-3.089800,-2.037147,-2.828810,-5.405346,-0.218381,-1.358535,0.263248,0.433037,-1.964761,-0.832139,-4.617699,-1.536785,-0.407252,-1.914573,3.086341,-5.597275,-1.601805,-0.915886,1.344895,-0.917814
Slyc_PHT1_UTQ10234.1	Slyc_ACT2_XP_004251197.1	acceptor_superclass::Ornithine alkaloids;acceptor_superclass::Pseudoalkaloids	acceptor_superclass::Fatty Acids and Conjugates;acceptor_superclass::Ornithine alkaloids;acceptor_superclass::Phenylethanoids (C6-C2);acceptor_superclass::Pseudoalkaloids;acceptor_superclass::Small peptides	0,0,0,0,0,0,0,0,0,0,0,1,0,0,0,0,1,0,0,0,0,0,0	0,0,0,1,0,0,0,0,0,0,0,1,0,0,1,0,1,0,1,0,0,0,0	-3.194285,-2.522685,-4.260943,0.367419,-0.570297,-0.933250,-3.709139,-0.732055,-2.034357,-0.668690,-5.194256,0.745042,-2.883680,-0.329115,0.072720,-0.187657,0.341969,-1.780471,0.131296,-2.857852,-0.880744,-1.927398,-0.337959
Slyc_ASAT1_NP_001316332.1	Slyc_ASAT1_NP_001316332.1	acceptor_superclass::Saccharides	acceptor_superclass::Coumarins;acceptor_superclass::Diterpenoids;acceptor_superclass::Fatty Acids and Conjugates;acceptor_superclass::Isoflavonoids;acceptor_superclass::Lysine alkaloids;acceptor_superclass::Monoterpenoids;acceptor_superclass::Naphthalenes;acceptor_superclass::Phenanthrenoids;acceptor_superclass::Phenolic acids (C6-C1);acceptor_superclass::Phenylethanoids (C6-C2);acceptor_superclass::Phenylpropanoids (C6-C3);acceptor_superclass::Saccharides;acceptor_superclass::Small peptides	0,0,0,0,0,0,0,0,0,0,0,0,0,0,0,0,0,1,0,0,0,0,0	1,0,1,1,0,0,1,0,1,1,1,0,1,1,1,1,0,1,1,0,0,0,0	0.014863,-0.275369,0.013408,0.073554,-0.128395,-0.123040,0.028667,-0.101377,0.225276,0.287638,0.185058,-0.152472,0.342825,0.089895,0.173642,0.039053,-0.306600,0.118005,0.067994,-0.205243,-0.468917,-0.292784,-0.323214
Slyc_ASAT2_ALU64015.1	Slyc_ASAT2_ALU64015.1		acceptor_superclass::Diterpenoids;acceptor_superclass::Lysine alkaloids;acceptor_superclass::Monoterpenoids;acceptor_superclass::Naphthalenes;acceptor_superclass::Saccharides;acceptor_superclass::Tryptophan alkaloids;acceptor_superclass::Tyrosine alkaloids	0,0,0,0,0,0,0,0,0,0,0,0,0,0,0,0,0,0,0,0,0,0,0	0,0,1,0,0,0,0,0,1,1,1,0,0,0,0,0,0,1,0,0,0,1,1	-1.028934,-0.397430,0.347265,-0.746737,-0.043965,-0.822859,-1.047392,-0.763588,0.117052,0.140440,0.084051,-0.317749,-1.172934,-1.277082,-0.136194,-0.007095,-0.355598,0.599604,-0.938517,-0.806689,-0.178378,0.574773,0.123757
Slyc_ASAT3_AJF98582.1	Slyc_ASAT3_AJF98582.1		acceptor_superclass::Monoterpenoids;acceptor_superclass::Naphthalenes;acceptor_superclass::Phenylpropanoids (C6-C3)	0,0,0,0,0,0,0,0,0,0,0,0,0,0,0,0,0,0,0,0,0,0,0	0,0,0,0,0,0,0,0,0,1,1,0,0,0,0,1,0,0,0,0,0,0,0	-2.811482,-0.550969,-0.228405,-2.047187,-0.092923,-0.730422,-3.110787,-0.379665,-0.307797,0.158771,0.292838,-1.478041,-0.049674,-3.993785,-0.550709,0.069431,-0.978891,-0.297664,-3.231415,-0.437374,-0.173231,-0.237256,-0.598151
Slyc_ASAT4_AFM77971.1	Slyc_ASAT4_AFM77971.1		acceptor_superclass::Fatty Acids and Conjugates;acceptor_superclass::Pseudoalkaloids;acceptor_superclass::Steroids	0,0,0,0,0,0,0,0,0,0,0,0,0,0,0,0,0,0,0,0,0,0,0	0,0,0,1,0,0,0,0,0,0,0,0,0,0,0,0,1,0,0,1,0,0,0	-0.358336,-0.030393,-0.284760,0.017204,-0.081791,-0.181227,-0.449437,-0.215825,-0.219558,-0.072885,-0.361376,-0.060131,-0.117529,-0.501957,-0.117636,-0.124345,0.062128,-0.154507,-0.391702,0.027507,-0.107088,-0.154955,-0.277937
Slyc_GAME36_XP_004246214.1	Slyc_GAME36_XP_004246214.1	acceptor_superclass::Pseudoalkaloids	acceptor_superclass::Coumarins;acceptor_superclass::Diterpenoids;acceptor_superclass::Fatty Acids and Conjugates;acceptor_superclass::Isoflavonoids;acceptor_superclass::Lysine alkaloids;acceptor_superclass::Monoterpenoids;acceptor_superclass::Naphthalenes;acceptor_superclass::Phenanthrenoids;acceptor_superclass::Phenolic acids (C6-C1);acceptor_superclass::Phenylethanoids (C6-C2);acceptor_superclass::Phenylpropanoids (C6-C3);acceptor_superclass::Saccharides;acceptor_superclass::Small peptides	0,0,0,0,0,0,0,0,0,0,0,0,0,0,0,0,1,0,0,0,0,0,0	1,0,1,1,0,0,1,0,1,1,1,0,1,1,1,1,0,1,1,0,0,0,0	0.017919,-0.275920,0.006438,0.093047,-0.140000,-0.120194,0.032623,-0.103787,0.242324,0.278850,0.195397,-0.158024,0.360450,0.100658,0.174217,0.031329,-0.323657,0.112563,0.069754,-0.193545,-0.476959,-0.318807,-0.319725
Slyc_HCT_XP_004235891.1	Slyc_HCT_XP_004235891.1	acceptor_superclass::Flavonoids;acceptor_superclass::Monoterpenoids;acceptor_superclass::Phenolic acids (C6-C1);acceptor_superclass::Triterpenoids;acceptor_superclass::Tyrosine alkaloids	acceptor_superclass::Fatty Acids and Conjugates;acceptor_superclass::Lysine alkaloids;acceptor_superclass::Monoterpenoids;acceptor_superclass::Naphthalenes;acceptor_superclass::Phenanthrenoids;acceptor_superclass::Phenolic acids (C6-C1);acceptor_superclass::Phenylethanoids (C6-C2);acceptor_superclass::Phenylpropanoids (C6-C3);acceptor_superclass::Saccharides;acceptor_superclass::Small peptides	0,0,0,0,0,1,0,0,0,1,0,0,0,1,0,0,0,0,0,0,1,0,1	0,0,0,1,0,0,0,0,1,1,1,0,1,1,1,1,0,1,1,0,0,0,0	-0.014630,-0.416513,-0.095300,0.216170,-0.175887,-0.167392,-0.036874,-0.149564,0.487747,0.281252,0.313028,-0.137260,0.540672,0.185333,0.252921,0.084667,-0.437363,0.039747,0.088527,-0.240456,-0.591330,-0.516001,-0.309768
Slyc_HQT_CAE46933.1	Slyc_HQT_CAE46933.1	acceptor_superclass::Phenolic acids (C6-C1);acceptor_superclass::Phenylpropanoids (C6-C3)	acceptor_superclass::Lignans;acceptor_superclass::Phenolic acids (C6-C1);acceptor_superclass::Phenylethanoids (C6-C2);acceptor_superclass::Phenylpropanoids (C6-C3);acceptor_superclass::Small peptides;acceptor_superclass::Tyrosine alkaloids	0,0,0,0,0,0,0,0,0,0,0,0,0,1,0,1,0,0,0,0,0,0,0	0,0,0,0,0,0,0,1,0,0,0,0,0,1,1,1,0,0,1,0,0,0,1	-4.142253,-3.235312,-3.365431,-0.225018,-0.421820,-0.956328,-4.289203,0.102704,-1.272770,-0.899864,-4.429086,-1.096550,-3.882393,1.080711,0.020530,0.058889,-0.755570,-1.861965,0.513244,-3.276104,-0.234575,-1.514457,0.315830
Slyc_PHT1_UTQ10234.1	Slyc_PHT1_UTQ10234.1	acceptor_superclass::Ornithine alkaloids;acceptor_superclass::Pseudoalkaloids	acceptor_superclass::Fatty Acids and Conjugates;acceptor_superclass::Ornithine alkaloids;acceptor_superclass::Phenolic acids (C6-C1);acceptor_superclass::Phenylethanoids (C6-C2);acceptor_superclass::Pseudoalkaloids;acceptor_superclass::Small peptides;acceptor_superclass::Tyrosine alkaloids	0,0,0,0,0,0,0,0,0,0,0,1,0,0,0,0,1,0,0,0,0,0,0	0,0,0,1,0,0,0,0,0,0,0,1,0,1,1,0,1,0,1,0,0,0,1	-2.773728,-1.628398,-4.658752,0.335146,-0.519024,-1.007547,-3.575285,-2.807712,-4.243307,-0.705871,-3.017847,0.601921,-2.337471,0.679252,0.124578,-0.385459,0.275802,-3.149912,0.244224,-2.753434,-0.203172,-0.986514,0.345331
Slyc_PHT2_UTQ10235.1	Slyc_PHT2_UTQ10235.1	acceptor_superclass::Ornithine alkaloids;acceptor_superclass::Pseudoalkaloids	acceptor_superclass::Ornithine alkaloids;acceptor_superclass::Phenolic acids (C6-C1);acceptor_superclass::Phenylethanoids (C6-C2);acceptor_superclass::Pseudoalkaloids;acceptor_superclass::Small peptides;acceptor_superclass::Triterpenoids	0,0,0,0,0,0,0,0,0,0,0,1,0,0,0,0,1,0,0,0,0,0,0	0,0,0,0,0,0,0,0,0,0,0,1,0,1,1,0,1,0,1,0,1,0,0	-0.687113,-0.330313,-0.513327,-0.016308,-0.076558,-0.013056,-0.384123,-0.352883,-0.296103,-0.034584,-0.591783,0.133585,-0.443801,0.032930,0.040169,-0.057906,0.283394,-0.244027,0.059855,-0.036649,0.003907,-0.713283,-0.058675
Slyc_SHT_QNO39109.1	Slyc_SHT_QNO39109.1	acceptor_superclass::Ornithine alkaloids	acceptor_superclass::Flavonoids;acceptor_superclass::Ornithine alkaloids;acceptor_superclass::Phenolic acids (C6-C1);acceptor_superclass::Phenylethanoids (C6-C2);acceptor_superclass::Pseudoalkaloids;acceptor_superclass::Small peptides;acceptor_superclass::Steroids	0,0,0,0,0,0,0,0,0,0,0,1,0,0,0,0,0,0,0,0,0,0,0	0,0,0,0,0,1,0,0,0,0,0,1,0,1,1,0,1,0,1,1,0,0,0	-0.450158,-0.216829,-0.677390,-0.072866,-0.161301,0.124063,-0.301046,-0.173897,-0.419321,-0.116686,-0.790915,0.054038,-0.248938,0.138623,0.106430,-0.147328,0.189524,-0.304642,0.191409,0.058779,-0.105902,-0.824569,-0.028275
Smel_SHT_AKP24035.1	Smel_SHT_AKP24035.1	acceptor_superclass::Ornithine alkaloids	acceptor_superclass::Triterpenoids;acceptor_superclass::Tryptophan alkaloids;acceptor_superclass::Tyrosine alkaloids	0,0,0,0,0,0,0,0,0,0,0,1,0,0,0,0,0,0,0,0,0,0,0	0,0,0,0,0,0,0,0,0,0,0,0,0,0,0,0,0,0,0,0,1,1,1	-5.841470,-2.628129,-0.538464,-1.115177,-0.033577,-1.076139,-7.044764,-0.228612,-2.796122,-0.015175,-1.693820,-1.480178,-1.730798,-1.236501,-0.194156,-0.268383,-1.229179,-0.680634,-1.657237,-6.721744,0.476257,0.342275,0.014376
Smoe_HCT1a_XP_002979061.1	Smoe_HCT1a_XP_002979061.1	acceptor_superclass::Flavonoids;acceptor_superclass::Phenolic acids (C6-C1);acceptor_superclass::Small peptides	acceptor_superclass::Fatty Acids and Conjugates;acceptor_superclass::Lignans;acceptor_superclass::Phenolic acids (C6-C1);acceptor_superclass::Phenylethanoids (C6-C2);acceptor_superclass::Phenylpropanoids (C6-C3);acceptor_superclass::Small peptides;acceptor_superclass::Tyrosine alkaloids	0,0,0,0,0,1,0,0,0,0,0,0,0,1,0,0,0,0,1,0,0,0,0	0,0,0,1,0,0,0,1,0,0,0,0,0,1,1,1,0,0,1,0,0,0,1	-4.554104,-4.317949,-3.159683,0.076607,-0.726660,-1.282452,-5.125885,0.142109,-2.239964,-1.068334,-5.880128,-1.927875,-4.132915,2.345667,0.619776,0.345204,-1.720844,-1.143714,1.047987,-4.073828,-0.336877,-2.518481,0.616802
Sneo_AAT10247_BCJ78484.1	Sneo_AAT10247_BCJ78484.1	acceptor_superclass::Fatty acyls	acceptor_superclass::Cyclic polyketides;acceptor_superclass::Monoterpenoids;acceptor_superclass::Phenanthrenoids;acceptor_superclass::Pseudoalkaloids;acceptor_superclass::Steroids	0,0,0,0,1,0,0,0,0,0,0,0,0,0,0,0,0,0,0,0,0,0,0	0,1,0,0,0,0,0,0,0,1,0,0,1,0,0,0,1,0,0,1,0,0,0	-0.399245,0.051713,-0.062626,-0.085863,-0.018064,-0.184572,-0.458826,-0.205061,-0.110246,0.131948,-0.352427,-0.095034,0.001907,-0.813498,-0.158322,-0.150074,0.071368,-0.173068,-0.563795,0.067033,-0.078120,-0.075176,-0.484317
Snig_AGAT1_WES72146.1	Snig_AGAT1_WES72146.1		acceptor_superclass::Monoterpenoids;acceptor_superclass::Phenylethanoids (C6-C2);acceptor_superclass::Saccharides;acceptor_superclass::Triterpenoids;acceptor_superclass::Tryptophan alkaloids	0,0,0,0,0,0,0,0,0,0,0,0,0,0,0,0,0,0,0,0,0,0,0	0,0,0,0,0,0,0,0,0,1,0,0,0,0,1,0,0,1,0,0,1,1,0	-0.560552,-0.053652,-0.079414,-0.392972,-0.014896,-0.089869,-0.274227,-0.735473,-0.242856,0.095191,-0.032958,-0.057382,-0.421168,-0.650240,0.016744,-0.112261,-0.193626,0.033724,-0.430435,-0.340916,0.091306,0.075152,-0.018078
Snig_ASAT1_ART34015.1	Snig_ASAT1_ART34015.1	acceptor_superclass::Saccharides	acceptor_superclass::Diterpenoids;acceptor_superclass::Lysine alkaloids;acceptor_superclass::Naphthalenes;acceptor_superclass::Saccharides;acceptor_superclass::Tryptophan alkaloids;acceptor_superclass::Tyrosine alkaloids	0,0,0,0,0,0,0,0,0,0,0,0,0,0,0,0,0,1,0,0,0,0,0	0,0,1,0,0,0,0,0,1,0,1,0,0,0,0,0,0,1,0,0,0,1,1	-0.749065,-0.335999,0.226968,-0.611046,-0.070912,-0.656987,-0.712751,-0.603462,0.058627,-0.023856,0.080768,-0.207017,-0.872719,-0.975388,-0.139940,-0.071426,-0.373718,0.375630,-0.809969,-0.659024,-0.165871,0.424050,0.045333
Snig_ASAT2_WES72145.1	Snig_ASAT2_WES72145.1		acceptor_superclass::Diterpenoids;acceptor_superclass::Fatty acyls;acceptor_superclass::Monoterpenoids;acceptor_superclass::Saccharides;acceptor_superclass::Tryptophan alkaloids;acceptor_superclass::Tyrosine alkaloids	0,0,0,0,0,0,0,0,0,0,0,0,0,0,0,0,0,0,0,0,0,0,0	0,0,1,0,1,0,0,0,0,1,0,0,0,0,0,0,0,1,0,0,0,1,1	-0.873530,-0.379714,0.284389,-0.464453,0.063258,-0.554780,-0.595237,-0.584245,-0.157467,0.000114,-0.082969,-0.193319,-0.838962,-0.685343,-0.037739,-0.086587,-0.446799,0.405318,-0.488382,-0.535902,-0.259809,0.291239,0.091530
Snux_AT_UQZ09626.1	Snux_AT_UQZ09626.1	acceptor_superclass::Tryptophan alkaloids	acceptor_superclass::Diterpenoids;acceptor_superclass::Monoterpenoids;acceptor_superclass::Phenylethanoids (C6-C2);acceptor_superclass::Saccharides;acceptor_superclass::Triterpenoids;acceptor_superclass::Tryptophan alkaloids	0,0,0,0,0,0,0,0,0,0,0,0,0,0,0,0,0,0,0,0,0,1,0	0,0,1,0,0,0,0,0,0,1,0,0,0,0,1,0,0,1,0,0,1,1,0	-9.353205,-4.922886,1.728713,-1.127943,-0.600175,-1.565012,-10.358838,-0.096895,-2.888578,0.064236,-1.040813,-2.250908,-1.201153,-2.423749,0.291256,-0.496436,-1.358885,2.067722,-3.809213,-11.187158,0.611552,1.894640,-0.572548
Soff_AAT1_BDW80084.1	Soff_AAT1_BDW80084.1	acceptor_superclass::Naphthalenes	acceptor_superclass::Naphthalenes;acceptor_superclass::Phenylpropanoids (C6-C3);acceptor_superclass::Triterpenoids;acceptor_superclass::Tryptophan alkaloids	0,0,0,0,0,0,0,0,0,0,1,0,0,0,0,0,0,0,0,0,0,0,0	0,0,0,0,0,0,0,0,0,0,1,0,0,0,0,1,0,0,0,0,1,1,0	-3.696222,-1.759632,-0.257631,-2.174538,-0.470602,-1.811662,-4.063025,-0.051891,-0.698490,-0.240483,1.009207,-1.796532,-0.841385,-3.251130,-0.346445,0.232216,-1.784894,-0.287914,-3.317956,-0.997159,0.086969,0.656313,-0.084267
Sole_SOAP10_KNA12459.1	Sole_SOAP10_KNA12459.1	acceptor_superclass::Triterpenoids	acceptor_superclass::Fatty acyls;acceptor_superclass::Monoterpenoids;acceptor_superclass::Phenylethanoids (C6-C2);acceptor_superclass::Phenylpropanoids (C6-C3);acceptor_superclass::Triterpenoids;acceptor_superclass::Tryptophan alkaloids;acceptor_superclass::Tyrosine alkaloids	0,0,0,0,0,0,0,0,0,0,0,0,0,0,0,0,0,0,0,0,1,0,0	0,0,0,0,1,0,0,0,0,1,0,0,0,0,1,1,0,0,0,0,1,1,1	-4.286753,-0.723387,-1.499443,-1.443017,0.569932,-1.413328,-4.927160,-1.000012,-4.490190,0.359561,-0.109575,-0.045396,-1.069628,-1.587573,0.621725,0.228259,-0.504413,-0.886093,-2.132155,-4.987722,0.525417,0.568405,0.085930
Some_HCT_EFJ20018.1	Some_HCT_EFJ20018.1	acceptor_superclass::Phenolic acids (C6-C1)	acceptor_superclass::Fatty Acids and Conjugates;acceptor_superclass::Lysine alkaloids;acceptor_superclass::Monoterpenoids;acceptor_superclass::Naphthalenes;acceptor_superclass::Phenanthrenoids;acceptor_superclass::Phenolic acids (C6-C1);acceptor_superclass::Phenylethanoids (C6-C2);acceptor_superclass::Phenylpropanoids (C6-C3);acceptor_superclass::Saccharides;acceptor_superclass::Small peptides	0,0,0,0,0,0,0,0,0,0,0,0,0,1,0,0,0,0,0,0,0,0,0	0,0,0,1,0,0,0,0,1,1,1,0,1,1,1,1,0,1,1,0,0,0,0	-0.025050,-0.477520,-0.130078,0.270004,-0.191115,-0.197368,-0.056343,-0.169782,0.585003,0.303276,0.355078,-0.137646,0.621437,0.205268,0.288088,0.095304,-0.491822,0.015701,0.093778,-0.265422,-0.644273,-0.601621,-0.311548
Spen_AAT12560_BCJ78487.1	Spen_AAT12560_BCJ78487.1	acceptor_superclass::Fatty acyls	acceptor_superclass::Cyclic polyketides;acceptor_superclass::Diterpenoids;acceptor_superclass::Monoterpenoids;acceptor_superclass::Pseudoalkaloids;acceptor_superclass::Steroids;acceptor_superclass::Tryptophan alkaloids	0,0,0,0,1,0,0,0,0,0,0,0,0,0,0,0,0,0,0,0,0,0,0	0,1,1,0,0,0,0,0,0,1,0,0,0,0,0,0,1,0,0,1,0,1,0	-0.501540,0.064997,0.096748,-0.144222,-0.001047,-0.279988,-0.612132,-0.224373,-0.039057,0.171882,-0.180235,-0.146965,-0.069937,-0.928346,-0.170441,-0.153589,0.076290,-0.068293,-0.675488,0.005441,-0.076304,0.017018,-0.535222
Spen_AAT1_AIW04708.1	Spen_AAT1_AIW04708.1	acceptor_superclass::Fatty acyls;acceptor_superclass::Phenylethanoids (C6-C2)	acceptor_superclass::Fatty acyls;acceptor_superclass::Monoterpenoids;acceptor_superclass::Phenylpropanoids (C6-C3)	0,0,0,0,1,0,0,0,0,0,0,0,0,0,1,0,0,0,0,0,0,0,0	0,0,0,0,1,0,0,0,0,1,0,0,0,0,0,1,0,0,0,0,0,0,0	-2.888339,-1.512686,-1.579563,-0.336936,1.482859,-0.411702,-3.597678,-0.989964,-0.426752,0.788593,-4.245570,-0.663060,-1.718944,-2.522082,-0.063628,0.797561,-0.876998,-1.382865,-1.622318,-2.049134,-1.444559,-2.266491,-1.103596
Spen_ASAT2_ALU64005.1	Spen_ASAT2_ALU64005.1		acceptor_superclass::Monoterpenoids;acceptor_superclass::Phenylethanoids (C6-C2);acceptor_superclass::Saccharides;acceptor_superclass::Triterpenoids	0,0,0,0,0,0,0,0,0,0,0,0,0,0,0,0,0,0,0,0,0,0,0	0,0,0,0,0,0,0,0,0,1,0,0,0,0,1,0,0,1,0,0,1,0,0	-8.079967,-4.153707,-0.401477,-0.884805,-0.040235,-1.264585,-9.530343,-0.763925,-2.331419,0.000645,-2.272182,-2.090816,-1.650090,-0.855867,0.306303,-0.112882,-1.513286,0.762564,-2.318005,-9.445168,0.427321,-0.156416,-0.377826
Spen_ASAT3_AJF98583.1	Spen_ASAT3_AJF98583.1		acceptor_superclass::Cyclic polyketides;acceptor_superclass::Diterpenoids;acceptor_superclass::Lysine alkaloids;acceptor_superclass::Monoterpenoids;acceptor_superclass::Naphthalenes;acceptor_superclass::Pseudoalkaloids;acceptor_superclass::Saccharides;acceptor_superclass::Steroids;acceptor_superclass::Triterpenoids;acceptor_superclass::Tryptophan alkaloids	0,0,0,0,0,0,0,0,0,0,0,0,0,0,0,0,0,0,0,0,0,0,0	0,1,1,0,0,0,0,0,1,1,1,0,0,0,0,0,1,1,0,1,1,1,0	-0.539241,0.094796,0.224594,-0.159091,-0.065686,-0.287708,-0.710398,-0.165694,0.043869,0.306926,0.130487,-0.129709,-0.032750,-1.240600,-0.146884,-0.132665,0.067191,0.151072,-0.917789,0.032918,0.061913,0.219868,-0.574405
Spim_AAT11589_BCJ78481.1	Spim_AAT11589_BCJ78481.1	acceptor_superclass::Fatty acyls	acceptor_superclass::Diterpenoids;acceptor_superclass::Fatty acyls;acceptor_superclass::Monoterpenoids;acceptor_superclass::Saccharides;acceptor_superclass::Tyrosine alkaloids	0,0,0,0,1,0,0,0,0,0,0,0,0,0,0,0,0,0,0,0,0,0,0	0,0,1,0,1,0,0,0,0,1,0,0,0,0,0,0,0,1,0,0,0,0,1	-0.930665,-0.488656,0.050260,-0.136125,0.086149,-0.337606,-0.682900,-0.569575,-0.140167,0.076202,-0.502012,-0.050393,-0.789968,-0.284557,-0.021152,-0.057998,-0.126803,0.184248,-0.119251,-0.329045,-0.149116,-0.193180,0.051397
Spot_AT_UQZ09635.1	Spot_AT_UQZ09635.1	acceptor_superclass::Tryptophan alkaloids	acceptor_superclass::Diterpenoids;acceptor_superclass::Lignans;acceptor_superclass::Naphthalenes;acceptor_superclass::Phenylpropanoids (C6-C3);acceptor_superclass::Saccharides;acceptor_superclass::Tryptophan alkaloids	0,0,0,0,0,0,0,0,0,0,0,0,0,0,0,0,0,0,0,0,0,1,0	0,0,1,0,0,0,0,1,0,0,1,0,0,0,0,1,0,1,0,0,0,1,0	-5.112090,-3.148885,1.962263,-2.685136,-1.487649,-2.872642,-5.434861,0.421012,-1.217327,-0.203813,0.008108,-2.926576,-0.695359,-3.270259,-0.248202,0.148716,-2.788897,2.234115,-3.857841,-1.673399,-0.199571,0.495953,-0.018389
Squi_ASAT1H_UTN00742.1	Squi_ASAT1H_UTN00742.1		acceptor_superclass::Diterpenoids;acceptor_superclass::Lignans;acceptor_superclass::Monoterpenoids;acceptor_superclass::Phenylpropanoids (C6-C3);acceptor_superclass::Saccharides;acceptor_superclass::Tryptophan alkaloids	0,0,0,0,0,0,0,0,0,0,0,0,0,0,0,0,0,0,0,0,0,0,0	0,0,1,0,0,0,0,1,0,1,0,0,0,0,0,1,0,1,0,0,0,1,0	-4.361614,-1.501905,1.919308,-2.652633,-0.429751,-1.571715,-4.782440,0.006785,-0.803350,0.707916,-0.057281,-2.233055,-0.225752,-4.103393,-0.443364,0.313401,-1.831566,1.669670,-3.839000,-1.163913,-0.581127,0.000457,-0.571643
Squi_ASAT3H_UTN00743.1	Squi_ASAT3H_UTN00743.1		acceptor_superclass::Coumarins;acceptor_superclass::Diterpenoids;acceptor_superclass::Fatty Acids and Conjugates;acceptor_superclass::Isoflavonoids;acceptor_superclass::Lysine alkaloids;acceptor_superclass::Monoterpenoids;acceptor_superclass::Naphthalenes;acceptor_superclass::Phenanthrenoids;acceptor_superclass::Phenolic acids (C6-C1);acceptor_superclass::Phenylethanoids (C6-C2);acceptor_superclass::Phenylpropanoids (C6-C3);acceptor_superclass::Saccharides;acceptor_superclass::Small peptides	0,0,0,0,0,0,0,0,0,0,0,0,0,0,0,0,0,0,0,0,0,0,0	1,0,1,1,0,0,1,0,1,1,1,0,1,1,1,1,0,1,1,0,0,0,0	0.011294,-0.289250,0.007619,0.104186,-0.155732,-0.118486,0.036969,-0.105238,0.279681,0.273949,0.201859,-0.162278,0.380299,0.105483,0.176377,0.032028,-0.332326,0.101118,0.078361,-0.180188,-0.475967,-0.329480,-0.310725
Squi_ASAT4H_QNR60312.1	Squi_ASAT4H_QNR60312.1		acceptor_superclass::Cyclic polyketides;acceptor_superclass::Diterpenoids;acceptor_superclass::Lysine alkaloids;acceptor_superclass::Monoterpenoids;acceptor_superclass::Naphthalenes;acceptor_superclass::Pseudoalkaloids;acceptor_superclass::Saccharides;acceptor_superclass::Steroids;acceptor_superclass::Triterpenoids;acceptor_superclass::Tryptophan alkaloids	0,0,0,0,0,0,0,0,0,0,0,0,0,0,0,0,0,0,0,0,0,0,0	0,1,1,0,0,0,0,0,1,1,1,0,0,0,0,0,1,1,0,1,1,1,0	-0.797784,0.186329,0.540657,-0.259468,-0.015080,-0.481398,-1.164749,-0.129325,0.235475,0.531227,0.426756,-0.164342,-0.170000,-1.730360,-0.140959,-0.144641,0.103500,0.435426,-1.305459,0.013089,0.204781,0.556046,-0.746180
Squi_TAIAT_QNR60311.1	Squi_TAIAT_QNR60311.1		acceptor_superclass::Fatty acyls;acceptor_superclass::Monoterpenoids;acceptor_superclass::Phenylethanoids (C6-C2);acceptor_superclass::Phenylpropanoids (C6-C3);acceptor_superclass::Triterpenoids;acceptor_superclass::Tryptophan alkaloids;acceptor_superclass::Tyrosine alkaloids	0,0,0,0,0,0,0,0,0,0,0,0,0,0,0,0,0,0,0,0,0,0,0	0,0,0,0,1,0,0,0,0,1,0,0,0,0,1,1,0,0,0,0,1,1,1	-6.668556,-2.364514,-0.703268,-1.474275,0.175805,-1.834712,-7.748199,-0.220689,-2.996740,0.330009,-1.051882,-1.156189,-1.881734,-1.674043,0.309736,0.234334,-0.874579,-0.346671,-2.146417,-7.682587,0.915438,0.407423,0.161267
Sric_SHT_AMB21755.1	Sric_SHT_AMB21755.1	acceptor_superclass::Ornithine alkaloids	acceptor_superclass::Coumarins;acceptor_superclass::Diterpenoids;acceptor_superclass::Fatty Acids and Conjugates;acceptor_superclass::Isoflavonoids;acceptor_superclass::Lysine alkaloids;acceptor_superclass::Monoterpenoids;acceptor_superclass::Naphthalenes;acceptor_superclass::Phenanthrenoids;acceptor_superclass::Phenolic acids (C6-C1);acceptor_superclass::Phenylethanoids (C6-C2);acceptor_superclass::Phenylpropanoids (C6-C3);acceptor_superclass::Saccharides;acceptor_superclass::Small peptides	0,0,0,0,0,0,0,0,0,0,0,1,0,0,0,0,0,0,0,0,0,0,0	1,0,1,1,0,0,1,0,1,1,1,0,1,1,1,1,0,1,1,0,0,0,0	0.033589,-0.256971,0.026703,0.064927,-0.144432,-0.116501,0.042305,-0.093363,0.203247,0.285713,0.170793,-0.153409,0.326250,0.095090,0.152485,0.022196,-0.296432,0.117340,0.071617,-0.182052,-0.473583,-0.292468,-0.343564
Ssin_ASAT1_ART34011.1	Ssin_ASAT1_ART34011.1	acceptor_superclass::Saccharides	acceptor_superclass::Cyclic polyketides;acceptor_superclass::Diterpenoids;acceptor_superclass::Lysine alkaloids;acceptor_superclass::Monoterpenoids;acceptor_superclass::Naphthalenes;acceptor_superclass::Pseudoalkaloids;acceptor_superclass::Saccharides;acceptor_superclass::Triterpenoids;acceptor_superclass::Tryptophan alkaloids	0,0,0,0,0,0,0,0,0,0,0,0,0,0,0,0,0,1,0,0,0,0,0	0,1,1,0,0,0,0,0,1,1,1,0,0,0,0,0,1,1,0,0,1,1,0	-0.754791,0.093343,0.373749,-0.217516,-0.085678,-0.463450,-1.079046,-0.152967,0.125633,0.306957,0.305265,-0.185341,-0.201940,-1.443335,-0.118907,-0.184086,0.118557,0.349083,-1.143018,-0.094492,0.107903,0.346876,-0.636997
Ssin_ASAT2_ART34012.1	Ssin_ASAT2_ART34012.1		acceptor_superclass::Cyclic polyketides;acceptor_superclass::Diterpenoids;acceptor_superclass::Lysine alkaloids;acceptor_superclass::Monoterpenoids;acceptor_superclass::Naphthalenes;acceptor_superclass::Pseudoalkaloids;acceptor_superclass::Saccharides;acceptor_superclass::Triterpenoids;acceptor_superclass::Tryptophan alkaloids	0,0,0,0,0,0,0,0,0,0,0,0,0,0,0,0,0,0,0,0,0,0,0	0,1,1,0,0,0,0,0,1,1,1,0,0,0,0,0,1,1,0,0,1,1,0	-0.842216,0.113253,0.386341,-0.270906,-0.048621,-0.506288,-1.177039,-0.153231,0.157069,0.286998,0.218685,-0.257548,-0.237583,-1.416469,-0.123499,-0.167715,0.126668,0.297650,-1.108543,-0.137692,0.022958,0.291207,-0.670967
Ssin_ASAT3_ART34013.1	Ssin_ASAT3_ART34013.1		acceptor_superclass::Fatty acyls;acceptor_superclass::Monoterpenoids;acceptor_superclass::Phenylethanoids (C6-C2);acceptor_superclass::Saccharides;acceptor_superclass::Triterpenoids	0,0,0,0,0,0,0,0,0,0,0,0,0,0,0,0,0,0,0,0,0,0,0	0,0,0,0,1,0,0,0,0,1,0,0,0,0,1,0,0,1,0,0,1,0,0	-7.823060,-4.407122,-0.192097,-0.265903,0.050973,-0.974313,-9.515370,-0.980931,-1.545336,0.119254,-3.324057,-2.231105,-1.654956,-0.622723,0.324815,-0.117485,-1.385472,1.009454,-1.682948,-9.201544,0.021692,-0.447470,-0.547899
Ssin_ASAT5_ART34014.1	Ssin_ASAT5_ART34014.1		acceptor_superclass::Cyclic polyketides;acceptor_superclass::Diterpenoids;acceptor_superclass::Lysine alkaloids;acceptor_superclass::Monoterpenoids;acceptor_superclass::Naphthalenes;acceptor_superclass::Pseudoalkaloids;acceptor_superclass::Saccharides;acceptor_superclass::Triterpenoids;acceptor_superclass::Tryptophan alkaloids	0,0,0,0,0,0,0,0,0,0,0,0,0,0,0,0,0,0,0,0,0,0,0	0,1,1,0,0,0,0,0,1,1,1,0,0,0,0,0,1,1,0,0,1,1,0	-0.786189,0.123999,0.455421,-0.244281,-0.036535,-0.474276,-1.119489,-0.148150,0.168935,0.395038,0.345423,-0.186012,-0.198374,-1.499832,-0.126114,-0.144050,0.101719,0.375285,-1.164984,-0.076846,0.120104,0.416296,-0.669148
Sspl_5MAT1_AAL50566.1	Sspl_5MAT1_AAL50566.1	acceptor_superclass::Flavonoids	acceptor_superclass::Coumarins;acceptor_superclass::Cyclic polyketides;acceptor_superclass::Flavonoids;acceptor_superclass::Isoflavonoids;acceptor_superclass::Ornithine alkaloids;acceptor_superclass::Phenanthrenoids;acceptor_superclass::Phenylethanoids (C6-C2);acceptor_superclass::Pseudoalkaloids;acceptor_superclass::Small peptides;acceptor_superclass::Steroids;acceptor_superclass::Triterpenoids	0,0,0,0,0,1,0,0,0,0,0,0,0,0,0,0,0,0,0,0,0,0,0	1,1,0,0,0,1,1,0,0,0,0,1,1,0,1,0,1,0,1,1,1,0,0	0.477236,0.421741,-0.919341,-0.322398,-0.220001,1.054996,0.875605,-0.655725,-0.390532,-0.394346,-0.448098,0.178997,0.750268,-0.070546,0.176228,-0.614024,0.133941,-0.984314,0.022455,0.662255,0.342092,-0.712250,-0.377011
Sspl_5MAT2_AAR26385.1	Sspl_5MAT2_AAR26385.1	acceptor_superclass::Flavonoids	acceptor_superclass::Coumarins;acceptor_superclass::Fatty Acids and Conjugates;acceptor_superclass::Isoflavonoids;acceptor_superclass::Lysine alkaloids;acceptor_superclass::Monoterpenoids;acceptor_superclass::Naphthalenes;acceptor_superclass::Phenanthrenoids;acceptor_superclass::Phenolic acids (C6-C1);acceptor_superclass::Phenylethanoids (C6-C2);acceptor_superclass::Phenylpropanoids (C6-C3);acceptor_superclass::Saccharides;acceptor_superclass::Small peptides	0,0,0,0,0,1,0,0,0,0,0,0,0,0,0,0,0,0,0,0,0,0,0	1,0,0,1,0,0,1,0,1,1,1,0,1,1,1,1,0,1,1,0,0,0,0	0.016361,-0.321500,-0.020286,0.114077,-0.148499,-0.137363,0.010939,-0.112297,0.279967,0.321142,0.223282,-0.164656,0.409719,0.089081,0.195837,0.042757,-0.368566,0.109808,0.073526,-0.224920,-0.546709,-0.380259,-0.354863
Stub_COSY_M0ZYT4	Stub_COSY_M0ZYT4		acceptor_superclass::Flavonoids;acceptor_superclass::Ornithine alkaloids;acceptor_superclass::Phenylethanoids (C6-C2);acceptor_superclass::Pseudoalkaloids;acceptor_superclass::Small peptides;acceptor_superclass::Steroids	0,0,0,0,0,0,0,0,0,0,0,0,0,0,0,0,0,0,0,0,0,0,0	0,0,0,0,0,1,0,0,0,0,0,1,0,0,1,0,1,0,1,1,0,0,0	-0.360648,-0.201756,-0.537701,-0.094004,-0.039144,0.164699,-0.115735,-0.370916,-0.195792,-0.184194,-0.605158,0.073698,-0.138207,-0.083845,0.055887,-0.150710,0.152742,-0.441862,0.018145,0.131698,-0.034971,-0.703837,-0.175326
Stub_FHT_NP_001275190.1	Stub_FHT_NP_001275190.1	acceptor_superclass::Fatty Acids and Conjugates;acceptor_superclass::Fatty acyls	acceptor_superclass::Fatty Acids and Conjugates;acceptor_superclass::Fatty acyls;acceptor_superclass::Ornithine alkaloids;acceptor_superclass::Phenolic acids (C6-C1);acceptor_superclass::Phenylethanoids (C6-C2);acceptor_superclass::Pseudoalkaloids;acceptor_superclass::Small peptides;acceptor_superclass::Tyrosine alkaloids	0,0,0,1,1,0,0,0,0,0,0,0,0,0,0,0,0,0,0,0,0,0,0	0,0,0,1,1,0,0,0,0,0,0,1,0,1,1,0,1,0,1,0,0,0,1	-0.720890,-0.545190,-0.489831,0.196057,0.050021,-0.147586,-0.371342,-0.117943,-0.396847,-0.116330,-0.744919,0.030365,-0.587916,0.316537,0.009580,-0.027986,0.084616,-0.035106,0.232718,-0.150672,-0.107612,-0.763304,0.025788
Taes_ACT1-1_BCN87078.1	Taes_ACT1-1_BCN87078.1	acceptor_superclass::Ornithine alkaloids;acceptor_superclass::Pseudoalkaloids	acceptor_superclass::Fatty Acids and Conjugates;acceptor_superclass::Ornithine alkaloids;acceptor_superclass::Phenolic acids (C6-C1);acceptor_superclass::Pseudoalkaloids;acceptor_superclass::Small peptides;acceptor_superclass::Tyrosine alkaloids	0,0,0,0,0,0,0,0,0,0,0,1,0,0,0,0,1,0,0,0,0,0,0	0,0,0,1,0,0,0,0,0,0,0,1,0,1,0,0,1,0,1,0,0,0,1	-1.313099,-1.218409,-6.658086,0.357803,-1.316086,-0.458973,-1.592930,-4.073897,-5.662295,-1.394959,-3.030623,1.507874,-1.946465,0.642196,-0.248540,-0.827928,0.751905,-4.611687,0.541748,-0.934951,-0.755336,-1.413673,0.220140
Taes_ACT1-2_BCN87079.1	Taes_ACT1-2_BCN87079.1	acceptor_superclass::Ornithine alkaloids;acceptor_superclass::Pseudoalkaloids	acceptor_superclass::Coumarins;acceptor_superclass::Fatty Acids and Conjugates;acceptor_superclass::Isoflavonoids;acceptor_superclass::Lysine alkaloids;acceptor_superclass::Monoterpenoids;acceptor_superclass::Naphthalenes;acceptor_superclass::Phenanthrenoids;acceptor_superclass::Phenolic acids (C6-C1);acceptor_superclass::Phenylethanoids (C6-C2);acceptor_superclass::Phenylpropanoids (C6-C3);acceptor_superclass::Saccharides;acceptor_superclass::Small peptides	0,0,0,0,0,0,0,0,0,0,0,1,0,0,0,0,1,0,0,0,0,0,0	1,0,0,1,0,0,1,0,1,1,1,0,1,1,1,1,0,1,1,0,0,0,0	0.024674,-0.310715,-0.040337,0.119959,-0.159293,-0.138975,0.009095,-0.117164,0.301728,0.269884,0.238301,-0.147320,0.408311,0.127007,0.189700,0.048190,-0.368106,0.106472,0.084659,-0.225486,-0.540288,-0.379567,-0.352785
Taes_ACT2_AMY96376.1	Taes_ACT2_AMY96376.1	acceptor_superclass::Ornithine alkaloids	acceptor_superclass::Fatty Acids and Conjugates;acceptor_superclass::Flavonoids;acceptor_superclass::Isoflavonoids;acceptor_superclass::Ornithine alkaloids;acceptor_superclass::Phenolic acids (C6-C1);acceptor_superclass::Phenylethanoids (C6-C2);acceptor_superclass::Pseudoalkaloids;acceptor_superclass::Small peptides;acceptor_superclass::Steroids;acceptor_superclass::Triterpenoids	0,0,0,0,0,0,0,0,0,0,0,1,0,0,0,0,0,0,0,0,0,0,0	0,0,0,1,0,1,1,0,0,0,0,1,0,1,1,0,1,0,1,1,1,0,0	-0.259752,-0.132560,-0.796739,0.037226,-0.127311,0.363578,0.068072,-0.306193,-0.266844,-0.236594,-0.659116,0.237149,-0.006282,0.301461,0.019525,-0.197311,0.323612,-0.500579,0.203331,0.188264,0.086609,-0.889493,-0.136579
Tant_HQT1_QCI44191.1	Tant_HQT1_QCI44191.1	acceptor_superclass::Phenolic acids (C6-C1)	acceptor_superclass::Lignans;acceptor_superclass::Phenolic acids (C6-C1);acceptor_superclass::Small peptides;acceptor_superclass::Tyrosine alkaloids	0,0,0,0,0,0,0,0,0,0,0,0,0,1,0,0,0,0,0,0,0,0,0	0,0,0,0,0,0,0,1,0,0,0,0,0,1,0,0,0,0,1,0,0,0,1	-4.086730,-3.746686,-3.227729,-0.182238,-0.782791,-0.787917,-4.062544,0.191306,-1.474962,-1.275654,-4.123448,-1.622115,-3.864588,1.292265,-0.245228,-0.194129,-1.107301,-2.029105,0.456242,-3.268953,-0.201592,-1.766876,0.272320
Tant_HQT2_QBQ52948.1	Tant_HQT2_QBQ52948.1	acceptor_superclass::Phenolic acids (C6-C1)	acceptor_superclass::Fatty Acids and Conjugates;acceptor_superclass::Flavonoids;acceptor_superclass::Ornithine alkaloids;acceptor_superclass::Phenolic acids (C6-C1);acceptor_superclass::Phenylethanoids (C6-C2);acceptor_superclass::Pseudoalkaloids;acceptor_superclass::Small peptides;acceptor_superclass::Steroids	0,0,0,0,0,0,0,0,0,0,0,0,0,1,0,0,0,0,0,0,0,0,0	0,0,0,1,0,1,0,0,0,0,0,1,0,1,1,0,1,0,1,1,0,0,0	-0.346776,-0.383143,-0.729215,0.090742,-0.149761,0.164328,-0.121053,-0.135268,-0.413404,-0.268593,-0.806368,0.017754,-0.281216,0.426597,0.004177,-0.227874,0.051133,-0.235671,0.262664,0.003996,-0.080344,-0.818922,-0.037694
Tcan_TAX10_AAM75818.1	Tcan_TAX10_AAM75818.1	acceptor_superclass::Diterpenoids	acceptor_superclass::Diterpenoids;acceptor_superclass::Lysine alkaloids;acceptor_superclass::Monoterpenoids;acceptor_superclass::Saccharides;acceptor_superclass::Triterpenoids;acceptor_superclass::Tryptophan alkaloids;acceptor_superclass::Tyrosine alkaloids	0,0,1,0,0,0,0,0,0,0,0,0,0,0,0,0,0,0,0,0,0,0,0	0,0,1,0,0,0,0,0,1,1,0,0,0,0,0,0,0,1,0,0,1,1,1	-1.299375,-0.899978,0.719760,-0.396230,-0.064713,-1.056180,-1.281967,-1.102485,0.150505,0.333220,-0.046739,-0.254931,-1.655920,-1.105085,-0.168955,-0.245422,-0.239406,0.883302,-1.014275,-1.190118,0.064880,0.736431,0.227152
Tcus_BAPT_AAL92459.1	Tcus_BAPT_AAL92459.1	acceptor_superclass::Diterpenoids	acceptor_superclass::Diterpenoids;acceptor_superclass::Fatty acyls;acceptor_superclass::Monoterpenoids;acceptor_superclass::Phenylpropanoids (C6-C3);acceptor_superclass::Saccharides	0,0,1,0,0,0,0,0,0,0,0,0,0,0,0,0,0,0,0,0,0,0,0	0,0,1,0,1,0,0,0,0,1,0,0,0,0,0,1,0,1,0,0,0,0,0	-4.694152,-2.677852,2.504904,-1.392711,0.570008,-1.369831,-5.108886,-0.144117,-0.108371,1.084862,-2.853430,-2.285755,-1.665045,-2.899724,-0.173742,0.920616,-1.870890,0.956174,-2.820175,-2.339336,-0.954629,-1.128131,-1.016326
Tcus_DBAT_AAF27621.1	Tcus_DBAT_AAF27621.1	acceptor_superclass::Diterpenoids	acceptor_superclass::Diterpenoids;acceptor_superclass::Fatty acyls;acceptor_superclass::Monoterpenoids;acceptor_superclass::Phenylpropanoids (C6-C3)	0,0,1,0,0,0,0,0,0,0,0,0,0,0,0,0,0,0,0,0,0,0,0	0,0,1,0,1,0,0,0,0,1,0,0,0,0,0,1,0,0,0,0,0,0,0	-4.298553,-2.617116,1.228989,-1.305535,0.149117,-1.566281,-4.647518,-0.246572,-0.059093,0.442962,-2.172193,-2.040532,-1.819771,-3.287533,-0.312481,0.694865,-1.460305,-0.187995,-2.968462,-2.071193,-0.397227,-0.684701,-0.997842
Tcus_TBT_AAG38049.1	Tcus_DBBT_AAG38049.1	acceptor_superclass::Diterpenoids	acceptor_superclass::Diterpenoids;acceptor_superclass::Lysine alkaloids;acceptor_superclass::Monoterpenoids;acceptor_superclass::Saccharides;acceptor_superclass::Triterpenoids;acceptor_superclass::Tryptophan alkaloids;acceptor_superclass::Tyrosine alkaloids	0,0,1,0,0,0,0,0,0,0,0,0,0,0,0,0,0,0,0,0,0,0,0	0,0,1,0,0,0,0,0,1,1,0,0,0,0,0,0,0,1,0,0,1,1,1	-1.122139,-0.662215,0.539208,-0.276546,-0.018909,-0.805382,-1.092958,-0.866124,0.182826,0.271290,-0.091243,-0.169325,-1.309723,-0.986389,-0.149325,-0.108116,-0.149229,0.581609,-0.800850,-0.877292,0.041474,0.434616,0.150109
Tcus_DBNTBT_AAM75818.1	Tcus_DBNTBT_AAM75818.1	acceptor_superclass::Diterpenoids	acceptor_superclass::Diterpenoids;acceptor_superclass::Lysine alkaloids;acceptor_superclass::Monoterpenoids;acceptor_superclass::Saccharides;acceptor_superclass::Triterpenoids;acceptor_superclass::Tryptophan alkaloids;acceptor_superclass::Tyrosine alkaloids	0,0,1,0,0,0,0,0,0,0,0,0,0,0,0,0,0,0,0,0,0,0,0	0,0,1,0,0,0,0,0,1,1,0,0,0,0,0,0,0,1,0,0,1,1,1	-1.299375,-0.899978,0.719760,-0.396230,-0.064713,-1.056180,-1.281967,-1.102485,0.150505,0.333220,-0.046739,-0.254931,-1.655920,-1.105085,-0.168955,-0.245422,-0.239406,0.883302,-1.014275,-1.190118,0.064880,0.736431,0.227152
Tcus_TAT_AAF34254.1	Tcus_TAT_AAF34254.1	acceptor_superclass::Diterpenoids	acceptor_superclass::Coumarins;acceptor_superclass::Diterpenoids;acceptor_superclass::Fatty Acids and Conjugates;acceptor_superclass::Isoflavonoids;acceptor_superclass::Lysine alkaloids;acceptor_superclass::Monoterpenoids;acceptor_superclass::Naphthalenes;acceptor_superclass::Phenanthrenoids;acceptor_superclass::Phenolic acids (C6-C1);acceptor_superclass::Phenylethanoids (C6-C2);acceptor_superclass::Phenylpropanoids (C6-C3);acceptor_superclass::Saccharides;acceptor_superclass::Small peptides	0,0,1,0,0,0,0,0,0,0,0,0,0,0,0,0,0,0,0,0,0,0,0	1,0,1,1,0,0,1,0,1,1,1,0,1,1,1,1,0,1,1,0,0,0,0	0.032102,-0.265028,0.019795,0.069027,-0.137528,-0.119834,0.033496,-0.097420,0.188168,0.295982,0.181048,-0.156617,0.328440,0.088175,0.168558,0.025590,-0.305546,0.134063,0.062519,-0.196971,-0.487826,-0.288222,-0.344543
Tcus_TAX19_AAU89980.1	Tcus_TAX19_AAU89980.1		acceptor_superclass::Cyclic polyketides;acceptor_superclass::Diterpenoids;acceptor_superclass::Lysine alkaloids;acceptor_superclass::Monoterpenoids;acceptor_superclass::Naphthalenes;acceptor_superclass::Pseudoalkaloids;acceptor_superclass::Saccharides;acceptor_superclass::Triterpenoids;acceptor_superclass::Tryptophan alkaloids	0,0,0,0,0,0,0,0,0,0,0,0,0,0,0,0,0,0,0,0,0,0,0	0,1,1,0,0,0,0,0,1,1,1,0,0,0,0,0,1,1,0,0,1,1,0	-0.669352,0.116073,0.280323,-0.193037,-0.008954,-0.360789,-0.896944,-0.170452,0.069283,0.330756,0.022531,-0.189750,-0.092688,-1.329953,-0.153716,-0.138998,0.108926,0.112192,-0.957933,-0.011701,0.022401,0.210212,-0.672014
Tcus_TAT_AAF34254.1	Tcus_TAX1_AAF34254.1		acceptor_superclass::Diterpenoids;acceptor_superclass::Fatty acyls;acceptor_superclass::Monoterpenoids;acceptor_superclass::Phenylpropanoids (C6-C3)	0,0,0,0,0,0,0,0,0,0,0,0,0,0,0,0,0,0,0,0,0,0,0	0,0,1,0,1,0,0,0,0,1,0,0,0,0,0,1,0,0,0,0,0,0,0	-7.027390,-4.293629,0.387865,-1.490405,0.518571,-0.425633,-8.527393,-0.641843,-1.123062,0.639573,-3.198558,-2.216770,-2.229929,-2.321465,-0.284011,0.098734,-0.682986,-1.083349,-2.252497,-8.739942,-0.812385,-1.455229,-1.161966
Tcus_TBT_AAG38049.1	Tcus_TBT_AAG38049.1	acceptor_superclass::Diterpenoids	acceptor_superclass::Diterpenoids;acceptor_superclass::Fatty acyls;acceptor_superclass::Monoterpenoids;acceptor_superclass::Phenylpropanoids (C6-C3);acceptor_superclass::Saccharides	0,0,1,0,0,0,0,0,0,0,0,0,0,0,0,0,0,0,0,0,0,0,0	0,0,1,0,1,0,0,0,0,1,0,0,0,0,0,1,0,1,0,0,0,0,0	-4.126746,-3.242312,2.355282,-0.947209,0.150387,-1.590983,-4.723147,-0.264795,-0.207146,0.606632,-2.666353,-2.388211,-1.494659,-2.831461,-0.274975,0.772077,-2.109934,0.843362,-2.893678,-2.391490,-1.127879,-1.375262,-1.187161
Tmed_BAHD22_QDM39185.1	Tmed_BAHD22_QDM39185.1	acceptor_superclass::Diterpenoids	acceptor_superclass::Cyclic polyketides;acceptor_superclass::Diterpenoids;acceptor_superclass::Lysine alkaloids;acceptor_superclass::Monoterpenoids;acceptor_superclass::Naphthalenes;acceptor_superclass::Pseudoalkaloids;acceptor_superclass::Saccharides;acceptor_superclass::Triterpenoids;acceptor_superclass::Tryptophan alkaloids	0,0,1,0,0,0,0,0,0,0,0,0,0,0,0,0,0,0,0,0,0,0,0	0,1,1,0,0,0,0,0,1,1,1,0,0,0,0,0,1,1,0,0,1,1,0	-0.757694,0.091899,0.370608,-0.241836,-0.041699,-0.440298,-1.024355,-0.173189,0.129452,0.335142,0.127707,-0.214959,-0.163652,-1.428797,-0.139314,-0.173618,0.138332,0.216247,-1.081001,-0.079566,0.066485,0.255423,-0.679184
Tmed_BAHD6-13_BEK82039.1	Tmed_BAHD6-13_BEK82039.1	acceptor_superclass::Diterpenoids	acceptor_superclass::Cyclic polyketides;acceptor_superclass::Diterpenoids;acceptor_superclass::Lysine alkaloids;acceptor_superclass::Monoterpenoids;acceptor_superclass::Naphthalenes;acceptor_superclass::Pseudoalkaloids;acceptor_superclass::Saccharides;acceptor_superclass::Triterpenoids;acceptor_superclass::Tryptophan alkaloids	0,0,1,0,0,0,0,0,0,0,0,0,0,0,0,0,0,0,0,0,0,0,0	0,1,1,0,0,0,0,0,1,1,1,0,0,0,0,0,1,1,0,0,1,1,0	-0.749508,0.079017,0.403251,-0.240146,-0.025300,-0.453295,-1.037105,-0.148774,0.179382,0.364627,0.194723,-0.197809,-0.189235,-1.395645,-0.108297,-0.142471,0.121980,0.277402,-1.060332,-0.090992,0.098996,0.312096,-0.642293
Tmed_DBAT_QDM39186.1	Tmed_DBAT_QDM39186.1	acceptor_superclass::Diterpenoids	acceptor_superclass::Diterpenoids;acceptor_superclass::Lysine alkaloids;acceptor_superclass::Monoterpenoids;acceptor_superclass::Naphthalenes;acceptor_superclass::Saccharides;acceptor_superclass::Triterpenoids;acceptor_superclass::Tryptophan alkaloids;acceptor_superclass::Tyrosine alkaloids	0,0,1,0,0,0,0,0,0,0,0,0,0,0,0,0,0,0,0,0,0,0,0	0,0,1,0,0,0,0,0,1,1,1,0,0,0,0,0,0,1,0,0,1,1,1	-1.106442,-0.554856,0.571402,-0.312167,-0.081081,-0.739780,-1.150141,-0.942406,0.261060,0.337174,0.015589,-0.163874,-1.255251,-1.107253,-0.163067,-0.049051,-0.107887,0.487674,-0.869289,-0.854348,0.087097,0.521421,0.144344
Tmed_TAT_QDM39184.1	Tmed_TAT_QDM39184.1	acceptor_superclass::Diterpenoids	acceptor_superclass::Diterpenoids;acceptor_superclass::Fatty acyls;acceptor_superclass::Monoterpenoids;acceptor_superclass::Phenylpropanoids (C6-C3)	0,0,1,0,0,0,0,0,0,0,0,0,0,0,0,0,0,0,0,0,0,0,0	0,0,1,0,1,0,0,0,0,1,0,0,0,0,0,1,0,0,0,0,0,0,0	-7.315516,-4.280631,0.320639,-1.584763,0.628483,-0.684177,-8.867475,-0.518582,-1.207881,0.656922,-3.048624,-2.344755,-2.538592,-2.279063,-0.268025,0.167428,-0.821695,-1.298520,-2.405174,-8.923766,-0.598231,-1.402099,-0.989429
Tpra_HST_ACI16630.1	Tpra_HCT1A_ACI16630.1	acceptor_superclass::Phenolic acids (C6-C1)	acceptor_superclass::Fatty Acids and Conjugates;acceptor_superclass::Fatty acyls;acceptor_superclass::Lignans;acceptor_superclass::Phenolic acids (C6-C1);acceptor_superclass::Phenylethanoids (C6-C2);acceptor_superclass::Phenylpropanoids (C6-C3);acceptor_superclass::Small peptides;acceptor_superclass::Tyrosine alkaloids	0,0,0,0,0,0,0,0,0,0,0,0,0,1,0,0,0,0,0,0,0,0,0	0,0,0,1,1,0,0,1,0,0,0,0,0,1,1,1,0,0,1,0,0,0,1	-4.613471,-4.008019,-3.204709,0.198823,0.012165,-0.742504,-5.025854,0.265104,-1.373086,-0.621451,-5.910211,-1.876108,-4.286495,1.637219,0.156085,0.402619,-1.578329,-1.665644,0.808974,-4.008916,-0.786051,-2.847288,0.275731
Tpra_HMT_ACI16631.1	Tpra_HCT2_ACI16631.1	acceptor_superclass::Fatty Acids and Conjugates	acceptor_superclass::Fatty Acids and Conjugates;acceptor_superclass::Flavonoids;acceptor_superclass::Isoflavonoids;acceptor_superclass::Ornithine alkaloids;acceptor_superclass::Phenanthrenoids;acceptor_superclass::Pseudoalkaloids;acceptor_superclass::Steroids	0,0,0,1,0,0,0,0,0,0,0,0,0,0,0,0,0,0,0,0,0,0,0	0,0,0,1,0,1,1,0,0,0,0,1,1,0,0,0,1,0,0,1,0,0,0	-0.054878,-0.123484,-0.820984,0.165189,-0.183197,0.119512,0.089322,-0.213621,-0.521931,-0.285280,-1.001495,0.032704,0.122293,-0.069001,-0.136820,-0.143759,0.056484,-0.613486,-0.006889,0.118984,-0.274400,-0.603982,-0.153008
Tpra_HDT1_AXB87812.1	Tpra_HDT1_AXB87812.1	acceptor_superclass::Small peptides;acceptor_superclass::Tyrosine alkaloids	acceptor_superclass::Fatty Acids and Conjugates;acceptor_superclass::Ornithine alkaloids;acceptor_superclass::Phenolic acids (C6-C1);acceptor_superclass::Phenylethanoids (C6-C2);acceptor_superclass::Pseudoalkaloids;acceptor_superclass::Small peptides	0,0,0,0,0,0,0,0,0,0,0,0,0,0,0,0,0,0,1,0,0,0,1	0,0,0,1,0,0,0,0,0,0,0,1,0,1,1,0,1,0,1,0,0,0,0	-2.345935,-1.639360,-5.663934,0.569201,-0.787488,-0.430939,-3.130924,-3.723077,-4.945353,-1.034401,-3.536696,0.517929,-1.685529,0.890179,0.222464,-0.658265,0.066150,-3.125237,0.493276,-2.233621,-0.673202,-1.397479,-0.105182
Tpra_HDT1_AXB87812.1	Tpra_HDT_AXB87812.1	acceptor_superclass::Small peptides	acceptor_superclass::Fatty Acids and Conjugates;acceptor_superclass::Ornithine alkaloids;acceptor_superclass::Phenolic acids (C6-C1);acceptor_superclass::Phenylethanoids (C6-C2);acceptor_superclass::Pseudoalkaloids;acceptor_superclass::Small peptides	0,0,0,0,0,0,0,0,0,0,0,0,0,0,0,0,0,0,1,0,0,0,0	0,0,0,1,0,0,0,0,0,0,0,1,0,1,1,0,1,0,1,0,0,0,0	-2.345935,-1.639360,-5.663934,0.569201,-0.787488,-0.430939,-3.130924,-3.723077,-4.945353,-1.034401,-3.536696,0.517929,-1.685529,0.890179,0.222464,-0.658265,0.066150,-3.125237,0.493276,-2.233621,-0.673202,-1.397479,-0.105182
Tpra_HMT_ACI16631.1	Tpra_HMT_ACI16631.1	acceptor_superclass::Fatty Acids and Conjugates	acceptor_superclass::Coumarins;acceptor_superclass::Fatty Acids and Conjugates;acceptor_superclass::Isoflavonoids;acceptor_superclass::Lysine alkaloids;acceptor_superclass::Monoterpenoids;acceptor_superclass::Naphthalenes;acceptor_superclass::Phenanthrenoids;acceptor_superclass::Phenolic acids (C6-C1);acceptor_superclass::Phenylethanoids (C6-C2);acceptor_superclass::Phenylpropanoids (C6-C3);acceptor_superclass::Saccharides;acceptor_superclass::Small peptides	0,0,0,1,0,0,0,0,0,0,0,0,0,0,0,0,0,0,0,0,0,0,0	1,0,0,1,0,0,1,0,1,1,1,0,1,1,1,1,0,1,1,0,0,0,0	0.014125,-0.335179,-0.029769,0.148233,-0.170004,-0.143500,0.011768,-0.118726,0.342019,0.281595,0.251609,-0.160113,0.439389,0.127912,0.196986,0.044663,-0.385876,0.095016,0.091101,-0.215079,-0.552975,-0.408208,-0.343558
Tpra_HST_ACI16630.1	Tpra_HST_ACI16630.1	acceptor_superclass::Phenolic acids (C6-C1)	acceptor_superclass::Fatty Acids and Conjugates;acceptor_superclass::Lysine alkaloids;acceptor_superclass::Monoterpenoids;acceptor_superclass::Naphthalenes;acceptor_superclass::Phenanthrenoids;acceptor_superclass::Phenolic acids (C6-C1);acceptor_superclass::Phenylethanoids (C6-C2);acceptor_superclass::Phenylpropanoids (C6-C3);acceptor_superclass::Saccharides;acceptor_superclass::Small peptides	0,0,0,0,0,0,0,0,0,0,0,0,0,1,0,0,0,0,0,0,0,0,0	0,0,0,1,0,0,0,0,1,1,1,0,1,1,1,1,0,1,1,0,0,0,0	-0.006360,-0.430523,-0.095812,0.224339,-0.189480,-0.174478,-0.035961,-0.149219,0.495081,0.297379,0.319208,-0.143706,0.554678,0.182908,0.253935,0.082435,-0.458276,0.048506,0.093646,-0.249065,-0.622966,-0.531172,-0.334514
Twal_DBAT_AFD32413.1	Twal_DBAT_AFD32413.1	acceptor_superclass::Diterpenoids	acceptor_superclass::Diterpenoids;acceptor_superclass::Fatty acyls;acceptor_superclass::Lysine alkaloids;acceptor_superclass::Monoterpenoids;acceptor_superclass::Phenylpropanoids (C6-C3)	0,0,1,0,0,0,0,0,0,0,0,0,0,0,0,0,0,0,0,0,0,0,0	0,0,1,0,1,0,0,0,1,1,0,0,0,0,0,1,0,0,0,0,0,0,0	-8.511363,-5.630868,0.782282,-1.283911,0.371349,-0.394367,-10.183577,-0.506181,0.106088,0.848197,-4.388655,-2.796928,-2.602269,-1.749729,-0.314842,0.256537,-0.879228,-0.544150,-1.960693,-10.537235,-0.814445,-2.002859,-1.226018
Vhyb_3MAT1_AAS77402.1	Vhyb_3MAT1_AAS77402.1	acceptor_superclass::Flavonoids;acceptor_superclass::Isoflavonoids;acceptor_superclass::Phenolic acids (C6-C1)	acceptor_superclass::Coumarins;acceptor_superclass::Flavonoids;acceptor_superclass::Isoflavonoids;acceptor_superclass::Phenanthrenoids;acceptor_superclass::Steroids	0,0,0,0,0,1,1,0,0,0,0,0,0,1,0,0,0,0,0,0,0,0,0	1,0,0,0,0,1,1,0,0,0,0,0,1,0,0,0,0,0,0,1,0,0,0	0.924007,-0.048732,-7.023033,-1.010029,-1.396842,1.562972,0.583814,-4.806997,-6.513650,-2.179910,-0.205325,-0.025981,0.234897,-3.470856,-0.875152,-1.788031,-0.393807,-6.019279,-1.557459,1.403616,-1.596687,-1.334779,-0.846753
Vlab_AMAT_AAW22989.1	Vlab_AMAT_AAW22989.1	acceptor_superclass::Fatty acyls	acceptor_superclass::Fatty Acids and Conjugates;acceptor_superclass::Lysine alkaloids;acceptor_superclass::Monoterpenoids;acceptor_superclass::Naphthalenes;acceptor_superclass::Phenanthrenoids;acceptor_superclass::Phenolic acids (C6-C1);acceptor_superclass::Phenylethanoids (C6-C2);acceptor_superclass::Phenylpropanoids (C6-C3);acceptor_superclass::Saccharides;acceptor_superclass::Small peptides	0,0,0,0,1,0,0,0,0,0,0,0,0,0,0,0,0,0,0,0,0,0,0	0,0,0,1,0,0,0,0,1,1,1,0,1,1,1,1,0,1,1,0,0,0,0	-0.001192,-0.390209,-0.046209,0.188859,-0.178338,-0.158038,-0.026999,-0.130046,0.402992,0.308321,0.274287,-0.149603,0.492011,0.162969,0.231256,0.066805,-0.418564,0.075632,0.079412,-0.223989,-0.584250,-0.449483,-0.332176
Vvin_3AT_AKF15588.1	Vvin_3AT_AKF15588.1	acceptor_superclass::Flavonoids	acceptor_superclass::Diterpenoids;acceptor_superclass::Lignans;acceptor_superclass::Phenylpropanoids (C6-C3);acceptor_superclass::Saccharides;acceptor_superclass::Tryptophan alkaloids	0,0,0,0,0,1,0,0,0,0,0,0,0,0,0,0,0,0,0,0,0,0,0	0,0,1,0,0,0,0,1,0,0,0,0,0,0,0,1,0,1,0,0,0,1,0	-4.520066,-2.344445,1.353270,-2.022210,-1.162088,-2.228559,-4.535933,0.016097,-0.829029,-0.017996,-0.611552,-1.477413,-0.989143,-3.326898,-0.403604,0.040829,-1.239843,1.166488,-3.259196,-1.570192,-0.012449,0.482138,-0.430552
Vvin_AAT2_CBI26419.3	Vvin_AAT2_CBI26419.3	acceptor_superclass::Fatty acyls;acceptor_superclass::Phenylethanoids (C6-C2)	acceptor_superclass::Fatty Acids and Conjugates;acceptor_superclass::Fatty acyls;acceptor_superclass::Monoterpenoids;acceptor_superclass::Phenolic acids (C6-C1);acceptor_superclass::Phenylethanoids (C6-C2);acceptor_superclass::Phenylpropanoids (C6-C3);acceptor_superclass::Triterpenoids	0,0,0,0,1,0,0,0,0,0,0,0,0,0,1,0,0,0,0,0,0,0,0	0,0,0,1,1,0,0,0,0,1,0,0,0,1,1,1,0,0,0,0,1,0,0	-7.538620,-4.676004,-2.574576,0.182020,1.050450,-1.452605,-9.818757,-1.787124,-2.155325,0.364402,-5.666626,-2.071870,-4.212758,1.504163,0.551390,0.245567,-1.319944,-1.847365,-0.357993,-8.389375,0.205368,-2.097610,-0.186355
Vvin_SHT_QNO39112.1	Vvin_SHT_QNO39112.1	acceptor_superclass::Ornithine alkaloids	acceptor_superclass::Fatty Acids and Conjugates;acceptor_superclass::Lysine alkaloids;acceptor_superclass::Monoterpenoids;acceptor_superclass::Naphthalenes;acceptor_superclass::Phenanthrenoids;acceptor_superclass::Phenolic acids (C6-C1);acceptor_superclass::Phenylethanoids (C6-C2);acceptor_superclass::Phenylpropanoids (C6-C3);acceptor_superclass::Saccharides;acceptor_superclass::Small peptides	0,0,0,0,0,0,0,0,0,0,0,1,0,0,0,0,0,0,0,0,0,0,0	0,0,0,1,0,0,0,0,1,1,1,0,1,1,1,1,0,1,1,0,0,0,0	-0.004787,-0.409593,-0.081047,0.217797,-0.180470,-0.167227,-0.024660,-0.143901,0.463607,0.292981,0.299105,-0.140237,0.536874,0.177837,0.238134,0.072473,-0.434166,0.053386,0.092489,-0.235247,-0.600241,-0.519641,-0.324688
Wlon_BAT1_NA	Wlon_BAT1_NA	acceptor_superclass::Monoterpenoids	acceptor_superclass::Cyclic polyketides;acceptor_superclass::Diterpenoids;acceptor_superclass::Lysine alkaloids;acceptor_superclass::Monoterpenoids;acceptor_superclass::Naphthalenes;acceptor_superclass::Pseudoalkaloids;acceptor_superclass::Saccharides;acceptor_superclass::Triterpenoids;acceptor_superclass::Tryptophan alkaloids	0,0,0,0,0,0,0,0,0,1,0,0,0,0,0,0,0,0,0,0,0,0,0	0,1,1,0,0,0,0,0,1,1,1,0,0,0,0,0,1,1,0,0,1,1,0	-0.587220,0.066895,0.197894,-0.143035,-0.073556,-0.305224,-0.783018,-0.167347,0.028949,0.275548,0.021115,-0.113035,-0.092565,-1.198734,-0.105671,-0.142423,0.111453,0.139175,-0.913054,-0.016306,0.070122,0.180582,-0.565409
Wlon_BAT2_NA	Wlon_BAT2_NA	acceptor_superclass::Monoterpenoids	acceptor_superclass::Diterpenoids;acceptor_superclass::Monoterpenoids;acceptor_superclass::Phenylethanoids (C6-C2);acceptor_superclass::Saccharides;acceptor_superclass::Tryptophan alkaloids	0,0,0,0,0,0,0,0,0,1,0,0,0,0,0,0,0,0,0,0,0,0,0	0,0,1,0,0,0,0,0,0,1,0,0,0,0,1,0,0,1,0,0,0,1,0	-8.225250,-5.012267,1.522535,-0.606929,-0.359299,-0.577581,-9.331156,-0.690885,-1.729840,0.612594,-3.181733,-1.719061,-0.934217,-2.153640,0.146428,-0.142672,-0.577617,1.474428,-2.307621,-10.335574,-0.457493,0.252288,-1.113907
Wlon_BAT3_NA	Wlon_BAT3_NA	acceptor_superclass::Monoterpenoids	acceptor_superclass::Cyclic polyketides;acceptor_superclass::Diterpenoids;acceptor_superclass::Lysine alkaloids;acceptor_superclass::Monoterpenoids;acceptor_superclass::Naphthalenes;acceptor_superclass::Pseudoalkaloids;acceptor_superclass::Saccharides;acceptor_superclass::Triterpenoids;acceptor_superclass::Tryptophan alkaloids	0,0,0,0,0,0,0,0,0,1,0,0,0,0,0,0,0,0,0,0,0,0,0	0,1,1,0,0,0,0,0,1,1,1,0,0,0,0,0,1,1,0,0,1,1,0	-0.651822,0.088918,0.316942,-0.187468,-0.023378,-0.380833,-0.880182,-0.174713,0.097349,0.299099,0.070405,-0.153367,-0.124290,-1.189564,-0.107875,-0.132232,0.110124,0.183098,-0.912185,-0.068593,0.031876,0.220859,-0.611579
Wvil_BAT1_WvBAHD8	Wvil_BAT1_WvBAHD8	acceptor_superclass::Monoterpenoids	acceptor_superclass::Diterpenoids;acceptor_superclass::Fatty acyls;acceptor_superclass::Lignans;acceptor_superclass::Lysine alkaloids;acceptor_superclass::Monoterpenoids;acceptor_superclass::Phenylethanoids (C6-C2);acceptor_superclass::Phenylpropanoids (C6-C3)	0,0,0,0,0,0,0,0,0,1,0,0,0,0,0,0,0,0,0,0,0,0,0	0,0,1,0,1,0,0,1,1,1,0,0,0,0,1,1,0,0,0,0,0,0,0	-4.910976,-3.628165,0.037538,-0.742507,1.187332,-1.639383,-5.557351,0.643738,0.681757,0.343357,-2.773228,-3.212049,-2.973191,-1.447635,0.263651,1.375091,-2.869473,-0.894342,-1.872890,-3.270263,-0.599643,-1.402798,-0.559441
Wvil_BAT2_WvBAHD14	Wvil_BAT2_WvBAHD14	acceptor_superclass::Monoterpenoids	acceptor_superclass::Fatty acyls;acceptor_superclass::Monoterpenoids;acceptor_superclass::Phenylethanoids (C6-C2)	0,0,0,0,0,0,0,0,0,1,0,0,0,0,0,0,0,0,0,0,0,0,0	0,0,0,0,1,0,0,0,0,1,0,0,0,0,1,0,0,0,0,0,0,0,0	-4.142707,-2.152714,-2.702992,-0.706538,0.805833,-0.141349,-5.440445,-2.686999,-2.887638,0.099988,-2.761251,-0.978595,-2.226751,-1.439151,0.153110,-0.014839,-0.345527,-3.007354,-1.345890,-4.672940,-1.236035,-2.395138,-0.913007
Wvil_BAT3_WvBAHD39	Wvil_BAT3_WvBAHD39	acceptor_superclass::Monoterpenoids	acceptor_superclass::Coumarins;acceptor_superclass::Diterpenoids;acceptor_superclass::Fatty Acids and Conjugates;acceptor_superclass::Isoflavonoids;acceptor_superclass::Lysine alkaloids;acceptor_superclass::Monoterpenoids;acceptor_superclass::Naphthalenes;acceptor_superclass::Phenanthrenoids;acceptor_superclass::Phenolic acids (C6-C1);acceptor_superclass::Phenylethanoids (C6-C2);acceptor_superclass::Phenylpropanoids (C6-C3);acceptor_superclass::Saccharides;acceptor_superclass::Small peptides	0,0,0,0,0,0,0,0,0,1,0,0,0,0,0,0,0,0,0,0,0,0,0	1,0,1,1,0,0,1,0,1,1,1,0,1,1,1,1,0,1,1,0,0,0,0	0.030565,-0.255199,0.019569,0.058453,-0.138405,-0.123615,0.036401,-0.096639,0.183246,0.294579,0.175060,-0.152659,0.329270,0.073141,0.163195,0.024555,-0.302478,0.131085,0.066449,-0.206993,-0.481407,-0.285692,-0.347894
Wvil_BAT4_WvBAHD40	Wvil_BAT4_WvBAHD40	acceptor_superclass::Monoterpenoids	acceptor_superclass::Diterpenoids;acceptor_superclass::Lysine alkaloids;acceptor_superclass::Monoterpenoids;acceptor_superclass::Saccharides;acceptor_superclass::Triterpenoids;acceptor_superclass::Tryptophan alkaloids;acceptor_superclass::Tyrosine alkaloids	0,0,0,0,0,0,0,0,0,1,0,0,0,0,0,0,0,0,0,0,0,0,0	0,0,1,0,0,0,0,0,1,1,0,0,0,0,0,0,0,1,0,0,1,1,1	-1.112734,-0.685752,0.559272,-0.387554,-0.083593,-0.890892,-1.238470,-0.967625,0.220899,0.269826,-0.089734,-0.189499,-1.362148,-1.089102,-0.146084,-0.174305,-0.126345,0.733719,-0.961846,-1.014051,0.020309,0.554454,0.179408
Wvil_BAT5_WvBAHD50	Wvil_BAT5_WvBAHD50	acceptor_superclass::Monoterpenoids	acceptor_superclass::Diterpenoids;acceptor_superclass::Fatty acyls;acceptor_superclass::Monoterpenoids;acceptor_superclass::Phenylpropanoids (C6-C3);acceptor_superclass::Pseudoalkaloids;acceptor_superclass::Saccharides;acceptor_superclass::Tyrosine alkaloids	0,0,0,0,0,0,0,0,0,1,0,0,0,0,0,0,0,0,0,0,0,0,0	0,0,1,0,1,0,0,0,0,1,0,0,0,0,0,1,1,1,0,0,0,0,1	-0.778710,-0.418839,0.041446,-0.133964,0.009810,-0.364166,-0.682207,-0.457665,-0.015257,0.074926,-0.382122,-0.014181,-0.693663,-0.509710,-0.013876,0.000638,0.033745,0.145060,-0.318174,-0.400711,-0.116099,-0.193058,0.016628
Wvil_BAT6_WvBAHD28	Wvil_BAT6_WvBAHD28	acceptor_superclass::Monoterpenoids	acceptor_superclass::Fatty Acids and Conjugates;acceptor_superclass::Lignans;acceptor_superclass::Phenolic acids (C6-C1);acceptor_superclass::Phenylethanoids (C6-C2);acceptor_superclass::Small peptides;acceptor_superclass::Tyrosine alkaloids	0,0,0,0,0,0,0,0,0,1,0,0,0,0,0,0,0,0,0,0,0,0,0	0,0,0,1,0,0,0,1,0,0,0,0,0,1,1,0,0,0,1,0,0,0,1	-3.128620,-3.639225,-3.508040,0.175967,-0.737744,-0.720456,-3.452897,0.191057,-1.495639,-1.340654,-4.048645,-1.801981,-2.773651,1.299829,0.179726,-0.128927,-1.578653,-1.876625,0.705559,-2.815342,-0.375209,-2.524053,0.086283
Zmay_AAT1_ONM11762.1	Zmay_AAT1_ONM11762.1	acceptor_superclass::Flavonoids	acceptor_superclass::Coumarins;acceptor_superclass::Flavonoids;acceptor_superclass::Isoflavonoids;acceptor_superclass::Naphthalenes;acceptor_superclass::Ornithine alkaloids;acceptor_superclass::Phenanthrenoids;acceptor_superclass::Pseudoalkaloids;acceptor_superclass::Steroids;acceptor_superclass::Triterpenoids	0,0,0,0,0,1,0,0,0,0,0,0,0,0,0,0,0,0,0,0,0,0,0	1,0,0,0,0,1,1,0,0,0,1,1,1,0,0,0,1,0,0,1,1,0,0	1.713772,-0.239320,-7.137647,-2.212103,-3.330210,1.761432,2.464744,-2.506204,-3.796530,-3.495462,0.749913,0.352077,1.664449,-2.779035,-1.678568,-3.125404,0.913173,-3.882602,-1.983791,1.780597,0.007300,-1.905523,-1.120669
Zmay_CAT_ACF87722.1	Zmay_CAT_ACF87722.1		acceptor_superclass::Coumarins;acceptor_superclass::Diterpenoids;acceptor_superclass::Fatty Acids and Conjugates;acceptor_superclass::Isoflavonoids;acceptor_superclass::Lysine alkaloids;acceptor_superclass::Monoterpenoids;acceptor_superclass::Naphthalenes;acceptor_superclass::Phenanthrenoids;acceptor_superclass::Phenolic acids (C6-C1);acceptor_superclass::Phenylethanoids (C6-C2);acceptor_superclass::Phenylpropanoids (C6-C3);acceptor_superclass::Saccharides;acceptor_superclass::Small peptides	0,0,0,0,0,0,0,0,0,0,0,0,0,0,0,0,0,0,0,0,0,0,0	1,0,1,1,0,0,1,0,1,1,1,0,1,1,1,1,0,1,1,0,0,0,0	0.040547,-0.215061,0.041811,0.035655,-0.129552,-0.104131,0.051054,-0.081605,0.123837,0.280862,0.163776,-0.164769,0.284586,0.058919,0.141710,0.012446,-0.270647,0.151000,0.060066,-0.187080,-0.451532,-0.240299,-0.343889
Zmay_FMT_AQK78565.1	Zmay_FMT_AQK78565.1	acceptor_superclass::Phenylpropanoids (C6-C3)	acceptor_superclass::Coumarins;acceptor_superclass::Diterpenoids;acceptor_superclass::Fatty Acids and Conjugates;acceptor_superclass::Isoflavonoids;acceptor_superclass::Lysine alkaloids;acceptor_superclass::Monoterpenoids;acceptor_superclass::Naphthalenes;acceptor_superclass::Phenanthrenoids;acceptor_superclass::Phenolic acids (C6-C1);acceptor_superclass::Phenylethanoids (C6-C2);acceptor_superclass::Phenylpropanoids (C6-C3);acceptor_superclass::Saccharides;acceptor_superclass::Small peptides	0,0,0,0,0,0,0,0,0,0,0,0,0,0,0,1,0,0,0,0,0,0,0	1,0,1,1,0,0,1,0,1,1,1,0,1,1,1,1,0,1,1,0,0,0,0	0.030694,-0.278053,0.016710,0.096420,-0.152565,-0.125899,0.026097,-0.092909,0.225668,0.300183,0.206575,-0.165991,0.366490,0.094429,0.170978,0.028074,-0.329174,0.130015,0.068562,-0.198137,-0.515729,-0.325985,-0.354906
