fasta_id	enzyme_id	true_labels	predicted_labels	true_vector	pred_vector	score_vector
Aagr_HCT6_QPI70575.1	Aagr_HCT6_QPI70575.1	acceptor_superclass::Phenolic acids (C6-C1);acceptor_superclass::Small peptides	acceptor_superclass::Phenolic acids (C6-C1);acceptor_superclass::Small peptides;acceptor_superclass::Tyrosine alkaloids	0,0,0,0,0,0,0,0,0,0,0,0,0,1,0,0,0,0,1,0,0,0,0	0,0,0,0,0,0,0,0,0,0,0,0,0,1,0,0,0,0,1,0,0,0,1	-1.933147,-1.373369,-3.439255,-0.735347,-1.236097,-1.205555,-2.074475,-1.805228,-1.329799,-1.896149,-1.473281,-0.435263,-2.568244,1.950366,-0.394936,-0.009723,-0.587753,-2.517929,0.463761,-1.842463,-2.433118,-1.294284,0.628113
Aagr_HFT-like_Aagr000038l.49.1	Aagr_HFT-like_Aagr000038l.49.1	acceptor_superclass::Fatty Acids and Conjugates	acceptor_superclass::Fatty Acids and Conjugates;acceptor_superclass::Fatty acyls;acceptor_superclass::Tryptophan alkaloids	0,0,0,1,0,0,0,0,0,0,0,0,0,0,0,0,0,0,0,0,0,0,0	0,0,0,1,1,0,0,0,0,0,0,0,0,0,0,0,0,0,0,0,0,1,0	-3.072248,-3.072470,-1.194057,2.001969,0.234534,-0.569363,-2.366275,-2.259007,-1.928017,-1.315914,-2.241241,-1.265919,-2.307456,-0.788513,-1.536269,-1.689698,-0.697432,-0.531206,-4.085756,-3.873915,-0.424694,0.630196,-0.551515
Abel_TS_WPF47615.1	Abel_TS_WPF47615.1		acceptor_superclass::Naphthalenes;acceptor_superclass::Saccharides	0,0,0,0,0,0,0,0,0,0,0,0,0,0,0,0,0,0,0,0,0,0,0	0,0,0,0,0,0,0,0,0,0,1,0,0,0,0,0,0,1,0,0,0,0,0	-2.673162,-2.241408,-1.258804,-2.850704,-1.495073,-2.228733,-1.919777,-2.019774,-0.556123,-0.956506,0.008417,-2.667054,-2.673162,-4.064964,-0.574031,-0.444395,-1.610510,0.395692,-3.143334,-1.531336,-1.624183,-1.910635,-1.288118
Achi_AT16_PSS01274.1	Achi_AT16_PSS01274.1	acceptor_superclass::Fatty acyls	acceptor_superclass::Fatty acyls;acceptor_superclass::Monoterpenoids;acceptor_superclass::Phenylpropanoids (C6-C3)	0,0,0,0,1,0,0,0,0,0,0,0,0,0,0,0,0,0,0,0,0,0,0	0,0,0,0,1,0,0,0,0,1,0,0,0,0,0,1,0,0,0,0,0,0,0	-1.407702,-2.998242,-1.376176,-0.160919,0.491957,-0.827387,-1.993916,-1.322493,-0.133915,0.845749,-1.808369,-2.310746,-0.797496,-1.552910,-0.298041,0.379056,-0.928182,-2.350982,-1.283491,-1.229212,-2.781939,-2.249863,-2.180036
Achi_FHT_PSR89440.1	Achi_FHT_PSR89440.1	acceptor_superclass::Fatty Acids and Conjugates;acceptor_superclass::Fatty acyls	acceptor_superclass::Fatty Acids and Conjugates;acceptor_superclass::Fatty acyls;acceptor_superclass::Monoterpenoids;acceptor_superclass::Phenolic acids (C6-C1);acceptor_superclass::Phenylpropanoids (C6-C3)	0,0,0,1,1,0,0,0,0,0,0,0,0,0,0,0,0,0,0,0,0,0,0	0,0,0,1,1,0,0,0,0,1,0,0,0,1,0,1,0,0,0,0,0,0,0	-1.809139,-3.161727,-1.334884,2.076144,1.751617,-0.075771,-2.818164,-2.200348,-2.298533,0.043594,-2.081161,-2.694866,-1.388473,0.319112,-0.114078,0.048368,-2.434710,-3.947236,-1.072924,-2.363661,-0.805391,-1.743900,-0.689127
Aeri_AT9_AIC83789.1	Aeri_AT9_AIC83789.1	acceptor_superclass::Fatty acyls	acceptor_superclass::Ornithine alkaloids;acceptor_superclass::Phenylethanoids (C6-C2);acceptor_superclass::Phenylpropanoids (C6-C3);acceptor_superclass::Pseudoalkaloids	0,0,0,0,1,0,0,0,0,0,0,0,0,0,0,0,0,0,0,0,0,0,0	0,0,0,0,0,0,0,0,0,0,0,1,0,0,1,1,1,0,0,0,0,0,0	-1.625032,-0.522160,-1.844545,-0.384585,-0.293311,-0.330017,-1.194117,-2.108452,-2.728732,-0.588575,-1.343192,1.048713,-0.715461,-4.073884,0.023205,0.039786,1.159790,-2.273348,-1.879829,-0.028224,-2.059817,-1.696536,-1.247001
Aeuc_AAT1_BDW80083.1	Aeuc_AAT1_BDW80083.1	acceptor_superclass::Naphthalenes	acceptor_superclass::Naphthalenes	0,0,0,0,0,0,0,0,0,0,1,0,0,0,0,0,0,0,0,0,0,0,0	0,0,0,0,0,0,0,0,0,0,1,0,0,0,0,0,0,0,0,0,0,0,0	-2.213346,-1.162720,-1.443229,-3.329827,-1.670362,-1.956792,-1.872555,-1.310289,-0.441016,-0.633891,2.344749,-0.771699,-2.335320,-4.033220,-1.086078,-0.753863,-0.057709,-0.735885,-3.857353,-1.925388,-0.939676,-1.148327,-1.192874
Aeuc_AAT2_BDW80089.1	Aeuc_AAT2_BDW80089.1	acceptor_superclass::Naphthalenes	acceptor_superclass::Naphthalenes	0,0,0,0,0,0,0,0,0,0,1,0,0,0,0,0,0,0,0,0,0,0,0	0,0,0,0,0,0,0,0,0,0,1,0,0,0,0,0,0,0,0,0,0,0,0	-1.392185,-1.341339,-1.096620,-2.610348,-1.102349,-1.707728,-1.369488,-2.004031,-1.886725,-1.569880,2.819617,-1.004517,-1.075429,-4.352841,-1.239170,-0.723100,-0.100364,-1.566523,-3.592196,-1.644503,-1.039745,-0.417553,-0.618478
Aeuc_SAT2_BDW80080.1	Aeuc_SAT2_BDW80080.1	acceptor_superclass::Naphthalenes	acceptor_superclass::Naphthalenes;acceptor_superclass::Pseudoalkaloids;acceptor_superclass::Triterpenoids;acceptor_superclass::Tryptophan alkaloids	0,0,0,0,0,0,0,0,0,0,1,0,0,0,0,0,0,0,0,0,0,0,0	0,0,0,0,0,0,0,0,0,0,1,0,0,0,0,0,1,0,0,0,1,1,0	-2.100306,-1.788959,-1.153158,-1.548156,-1.706129,-1.964441,-1.251237,-1.284161,-2.931235,-1.497414,3.061074,-0.630180,-1.446580,-3.557334,-1.451169,-0.760279,0.628117,-1.144166,-4.175212,-2.936154,0.680945,0.489299,-0.143815
Amem_AT7-3_WMQ79387.1	Amem_AT7-3_WMQ79387.1	acceptor_superclass::Triterpenoids	acceptor_superclass::Phenolic acids (C6-C1);acceptor_superclass::Small peptides	0,0,0,0,0,0,0,0,0,0,0,0,0,0,0,0,0,0,0,0,1,0,0	0,0,0,0,0,0,0,0,0,0,0,0,0,1,0,0,0,0,1,0,0,0,0	-1.398894,-2.486022,-2.706669,-1.252668,-2.286584,-0.017050,-1.052886,-0.870861,-0.536050,-0.578009,-1.393419,-1.794789,-1.620312,0.642484,-0.428035,-0.261122,-1.217023,-2.224925,0.513360,-2.099801,-1.234088,-0.932135,-0.595901
Arac_HPT1_QAA12830.1	Arac_HPT1_QAA12830.1	acceptor_superclass::Phenylpropanoids (C6-C3)	acceptor_superclass::Fatty Acids and Conjugates;acceptor_superclass::Phenylethanoids (C6-C2);acceptor_superclass::Small peptides	0,0,0,0,0,0,0,0,0,0,0,0,0,0,0,1,0,0,0,0,0,0,0	0,0,0,1,0,0,0,0,0,0,0,0,0,0,1,0,0,0,1,0,0,0,0	-1.574031,-2.114435,-2.961119,0.318411,-0.622974,-0.954424,-1.501090,-0.471342,-2.508784,-0.087984,-2.348615,-0.951233,-1.574031,-0.021911,1.266672,-0.292367,-1.706680,-2.645484,0.137182,-0.705420,-1.935612,-3.982236,-1.248595
Asat_HCBT_BAC78635.1	Asat_HCBT_BAC78635.1	acceptor_superclass::Small peptides	acceptor_superclass::Fatty Acids and Conjugates;acceptor_superclass::Phenolic acids (C6-C1);acceptor_superclass::Phenylpropanoids (C6-C3);acceptor_superclass::Small peptides;acceptor_superclass::Triterpenoids;acceptor_superclass::Tyrosine alkaloids	0,0,0,0,0,0,0,0,0,0,0,0,0,0,0,0,0,0,1,0,0,0,0	0,0,0,1,0,0,0,0,0,0,0,0,0,1,0,1,0,0,1,0,1,0,1	-1.512819,-2.461769,-2.966496,0.067109,-1.814543,-1.057374,-1.892327,-0.564074,-3.143955,-1.444777,-2.717598,-0.797327,-1.213821,3.176257,-0.215529,0.270047,-1.861055,-2.612304,1.711294,-1.293556,0.073340,-1.811907,0.744689
Asat_HHT1_BAC78633.1	Asat_HHT1_BAC78633.1	acceptor_superclass::Phenolic acids (C6-C1)	acceptor_superclass::Phenolic acids (C6-C1);acceptor_superclass::Phenylpropanoids (C6-C3);acceptor_superclass::Small peptides;acceptor_superclass::Tyrosine alkaloids	0,0,0,0,0,0,0,0,0,0,0,0,0,1,0,0,0,0,0,0,0,0,0	0,0,0,0,0,0,0,0,0,0,0,0,0,1,0,1,0,0,1,0,0,0,1	-1.275548,-2.201814,-3.249346,-0.171570,-1.664147,-1.238019,-1.751519,-1.065520,-2.968269,-1.105025,-2.177982,-0.896593,-0.801400,2.594013,-0.044044,0.395454,-1.988510,-2.236513,1.389508,-1.684963,-1.551847,-2.722506,0.527241
Asat_HHT4_QDC27803.1	Asat_HHT4_QDC27803.1	acceptor_superclass::Phenolic acids (C6-C1)	acceptor_superclass::Phenolic acids (C6-C1);acceptor_superclass::Phenylpropanoids (C6-C3);acceptor_superclass::Small peptides;acceptor_superclass::Tyrosine alkaloids	0,0,0,0,0,0,0,0,0,0,0,0,0,1,0,0,0,0,0,0,0,0,0	0,0,0,0,0,0,0,0,0,0,0,0,0,1,0,1,0,0,1,0,0,0,1	-2.281983,-2.027861,-2.938579,-0.350474,-1.051790,-0.960299,-2.368498,-0.725315,-2.449075,-0.774904,-2.996800,-1.350960,-2.565435,3.350510,-0.230582,0.694818,-2.130540,-2.196218,1.408719,-1.982945,-0.336104,-1.010419,0.804111
Asch_AKS1_URS65387.1	Asch_AKS1_URS65387.1	acceptor_superclass::Tryptophan alkaloids	acceptor_superclass::Fatty Acids and Conjugates;acceptor_superclass::Monoterpenoids;acceptor_superclass::Phenylethanoids (C6-C2);acceptor_superclass::Phenylpropanoids (C6-C3);acceptor_superclass::Saccharides;acceptor_superclass::Triterpenoids;acceptor_superclass::Tryptophan alkaloids;acceptor_superclass::Tyrosine alkaloids	0,0,0,0,0,0,0,0,0,0,0,0,0,0,0,0,0,0,0,0,0,1,0	0,0,0,1,0,0,0,0,0,1,0,0,0,0,1,1,0,1,0,0,1,1,1	-2.287463,-2.459656,-1.660664,1.281240,-0.035843,-2.849810,-2.789573,-1.495057,-2.466648,0.855796,-1.333413,-3.895000,-0.730194,-0.866640,0.678507,0.468045,-3.632536,0.780602,-0.918446,-0.624149,0.757305,0.860657,1.180164
Asch_AKS2_URS65388.1	Asch_AKS2_URS65388.1	acceptor_superclass::Tryptophan alkaloids	acceptor_superclass::Naphthalenes;acceptor_superclass::Saccharides;acceptor_superclass::Triterpenoids;acceptor_superclass::Tryptophan alkaloids;acceptor_superclass::Tyrosine alkaloids	0,0,0,0,0,0,0,0,0,0,0,0,0,0,0,0,0,0,0,0,0,1,0	0,0,0,0,0,0,0,0,0,0,1,0,0,0,0,0,0,1,0,0,1,1,1	-2.322837,-2.380647,-0.513482,-1.337972,-2.132250,-1.148247,-1.808336,-0.234313,-2.154032,-0.865601,0.506639,-2.639623,-2.140617,-1.252445,-2.640938,-1.545828,-2.272922,0.143443,-2.300449,-1.511777,0.423418,1.217162,0.476582
Asin_FMT_AHL24755.1	Asin_FMT_AHL24755.1	acceptor_superclass::Phenylpropanoids (C6-C3)	acceptor_superclass::Diterpenoids;acceptor_superclass::Naphthalenes;acceptor_superclass::Triterpenoids	0,0,0,0,0,0,0,0,0,0,0,0,0,0,0,1,0,0,0,0,0,0,0	0,0,1,0,0,0,0,0,0,0,1,0,0,0,0,0,0,0,0,0,1,0,0	-1.457888,-1.492455,0.332729,-3.862975,-1.999381,-1.598017,-2.071224,-1.201546,-3.124098,-1.875577,1.233222,-0.890451,-0.837994,-2.394001,-1.233118,-1.388414,-1.760748,-0.566349,-2.759789,-2.806110,0.406557,-0.468963,-1.234206
Atha_3AT1_AEE27636.1	Atha_3AT1_AEE27636.1	acceptor_superclass::Flavonoids	acceptor_superclass::Coumarins;acceptor_superclass::Flavonoids;acceptor_superclass::Isoflavonoids;acceptor_superclass::Ornithine alkaloids;acceptor_superclass::Phenanthrenoids;acceptor_superclass::Pseudoalkaloids;acceptor_superclass::Steroids	0,0,0,0,0,1,0,0,0,0,0,0,0,0,0,0,0,0,0,0,0,0,0	1,0,0,0,0,1,1,0,0,0,0,1,1,0,0,0,1,0,0,1,0,0,0	1.380432,-1.169505,-3.892477,-1.319995,-2.952469,4.098338,2.853237,-2.354678,-3.119876,-4.213813,-0.249636,1.505706,1.176415,-0.950258,-3.369142,-2.740862,1.686128,-3.161361,-1.847088,0.488687,-0.950022,-3.172843,-1.502846
Atha_3AT2_AAF86513.1	Atha_3AT2_AAF86513.1	acceptor_superclass::Flavonoids	acceptor_superclass::Coumarins;acceptor_superclass::Flavonoids;acceptor_superclass::Isoflavonoids;acceptor_superclass::Naphthalenes;acceptor_superclass::Ornithine alkaloids;acceptor_superclass::Phenanthrenoids;acceptor_superclass::Pseudoalkaloids;acceptor_superclass::Steroids	0,0,0,0,0,1,0,0,0,0,0,0,0,0,0,0,0,0,0,0,0,0,0	1,0,0,0,0,1,1,0,0,0,1,1,1,0,0,0,1,0,0,1,0,0,0	1.926483,-1.998772,-4.164304,-0.983814,-3.070287,3.804586,2.896275,-3.590763,-3.666368,-4.590914,0.605339,0.419208,1.808914,-0.112396,-2.802978,-2.669357,0.679449,-3.535707,-1.905827,0.130665,-0.691303,-3.376106,-1.138086
Atha_5MAT_BAB01191.1	Atha_5MAT_BAB01191.1	acceptor_superclass::Flavonoids	acceptor_superclass::Coumarins;acceptor_superclass::Flavonoids;acceptor_superclass::Isoflavonoids;acceptor_superclass::Naphthalenes;acceptor_superclass::Ornithine alkaloids;acceptor_superclass::Phenanthrenoids;acceptor_superclass::Pseudoalkaloids;acceptor_superclass::Steroids	0,0,0,0,0,1,0,0,0,0,0,0,0,0,0,0,0,0,0,0,0,0,0	1,0,0,0,0,1,1,0,0,0,1,1,1,0,0,0,1,0,0,1,0,0,0	1.644222,-1.413665,-4.072491,-0.847340,-2.184723,1.905014,2.199586,-2.202580,-4.222760,-3.665996,1.326297,0.698735,1.588411,-2.503363,-1.080413,-2.232620,0.491946,-2.170082,-3.016989,0.260638,-1.413685,-2.488694,-1.264346
Atha_ACT1_NP_200924.1	Atha_ACT1_NP_200924.1	acceptor_superclass::Ornithine alkaloids;acceptor_superclass::Pseudoalkaloids	acceptor_superclass::Coumarins;acceptor_superclass::Flavonoids;acceptor_superclass::Isoflavonoids;acceptor_superclass::Phenanthrenoids;acceptor_superclass::Steroids;acceptor_superclass::Tyrosine alkaloids	0,0,0,0,0,0,0,0,0,0,0,1,0,0,0,0,1,0,0,0,0,0,0	1,0,0,0,0,1,1,0,0,0,0,0,1,0,0,0,0,0,0,1,0,0,1	1.589746,-0.789935,-1.323143,-0.094166,-2.318348,1.921966,2.332672,-1.188100,-3.985116,-2.196700,-0.557567,-1.343855,1.589746,-1.381486,-1.730366,-2.831753,-1.898279,-2.394006,-0.370347,1.575680,-0.871806,-0.791908,0.248219
Atha_HHT1_AAL34170.1	Atha_ASFT_NP_851111.1	acceptor_superclass::Fatty Acids and Conjugates;acceptor_superclass::Fatty acyls	acceptor_superclass::Fatty Acids and Conjugates;acceptor_superclass::Fatty acyls;acceptor_superclass::Monoterpenoids	0,0,0,1,1,0,0,0,0,0,0,0,0,0,0,0,0,0,0,0,0,0,0	0,0,0,1,1,0,0,0,0,1,0,0,0,0,0,0,0,0,0,0,0,0,0	-2.838543,-2.907027,-0.580661,0.916954,2.255960,-1.065122,-3.010804,-2.533824,-1.754371,0.232101,-2.543735,-1.546970,-2.171376,-0.257510,-1.242208,-0.313675,-1.298711,-2.785901,-2.010251,-2.749701,-1.181937,-0.485116,-0.521922
Atha_AT3G47170_NP_190301.2	Atha_AT3G47170_NP_190301.2	acceptor_superclass::Ornithine alkaloids;acceptor_superclass::Pseudoalkaloids	acceptor_superclass::Fatty Acids and Conjugates;acceptor_superclass::Pseudoalkaloids	0,0,0,0,0,0,0,0,0,0,0,1,0,0,0,0,1,0,0,0,0,0,0	0,0,0,1,0,0,0,0,0,0,0,0,0,0,0,0,1,0,0,0,0,0,0	-1.800364,-2.029748,-0.852106,0.090926,-0.822766,-0.087639,-1.675509,-2.001126,-1.759205,-0.555218,-1.578236,-0.130054,-2.166667,-4.679052,-1.565198,-1.136887,0.431928,-1.708512,-1.948041,-1.737872,-2.835227,-1.835783,-1.011743
Atha_PHT_OAO95042.1	Atha_AT5G07080_OAO95042.1	acceptor_superclass::Ornithine alkaloids;acceptor_superclass::Pseudoalkaloids	acceptor_superclass::Fatty acyls;acceptor_superclass::Flavonoids;acceptor_superclass::Ornithine alkaloids;acceptor_superclass::Pseudoalkaloids	0,0,0,0,0,0,0,0,0,0,0,1,0,0,0,0,1,0,0,0,0,0,0	0,0,0,0,1,1,0,0,0,0,0,1,0,0,0,0,1,0,0,0,0,0,0	-2.141352,-0.771745,-0.301147,-2.440736,0.133110,1.130338,-1.225264,-1.515446,-0.692766,-0.373560,-2.158184,1.279732,-2.381784,-4.674589,-1.078800,-1.261849,1.431759,-3.160873,-3.104338,-1.201125,-1.935935,-1.716025,-4.083092
Atha_BIA1_CAB10319.1	Atha_BIA1_CAB10319.1	acceptor_superclass::Steroids	acceptor_superclass::Cyclic polyketides;acceptor_superclass::Monoterpenoids;acceptor_superclass::Phenylethanoids (C6-C2);acceptor_superclass::Phenylpropanoids (C6-C3);acceptor_superclass::Triterpenoids;acceptor_superclass::Tryptophan alkaloids;acceptor_superclass::Tyrosine alkaloids	0,0,0,0,0,0,0,0,0,0,0,0,0,0,0,0,0,0,0,1,0,0,0	0,1,0,0,0,0,0,0,0,1,0,0,0,0,1,1,0,0,0,0,1,1,1	-2.079583,0.150136,-1.142340,-2.026864,-0.993930,-1.503482,-1.548565,-1.506849,-2.315691,0.458993,-0.413752,-0.726760,-1.327799,-3.567542,0.621637,0.357086,-0.830841,-0.625657,-1.752307,-1.213076,0.942906,0.664820,0.022877
Atha_CHAT_AAN09797.1	Atha_CHAT_AAN09797.1	acceptor_superclass::Fatty acyls;acceptor_superclass::Monoterpenoids;acceptor_superclass::Phenylethanoids (C6-C2);acceptor_superclass::Phenylpropanoids (C6-C3)	acceptor_superclass::Fatty acyls;acceptor_superclass::Monoterpenoids;acceptor_superclass::Phenylpropanoids (C6-C3)	0,0,0,0,1,0,0,0,0,1,0,0,0,0,1,1,0,0,0,0,0,0,0	0,0,0,0,1,0,0,0,0,1,0,0,0,0,0,1,0,0,0,0,0,0,0	-2.292312,-2.021846,-1.650160,-1.018803,0.596663,-0.570266,-2.389620,-1.191020,-0.483986,0.493504,-0.890383,-1.822579,-2.845445,-1.554186,-0.564814,0.133606,-1.024588,-2.306100,-1.393230,-1.797356,-0.782346,-0.221706,-1.039655
Atha_COSY_AEE31013.1	Atha_COSY_AEE31013.1		acceptor_superclass::Fatty Acids and Conjugates;acceptor_superclass::Flavonoids	0,0,0,0,0,0,0,0,0,0,0,0,0,0,0,0,0,0,0,0,0,0,0	0,0,0,1,0,1,0,0,0,0,0,0,0,0,0,0,0,0,0,0,0,0,0	-1.937136,-2.794032,-0.314106,0.269438,-1.486448,0.328204,-0.425838,-2.217603,-1.780887,-0.792032,-2.007352,-1.207518,-2.280956,-2.830599,-2.370404,-1.446761,-0.561870,-2.136445,-0.979318,-0.499568,-1.798714,-1.200067,-0.878911
Atha_DCF_AAQ62868.1	Atha_DCF_AAQ62868.1	acceptor_superclass::Fatty Acids and Conjugates;acceptor_superclass::Fatty acyls	acceptor_superclass::Fatty Acids and Conjugates;acceptor_superclass::Fatty acyls	0,0,0,1,1,0,0,0,0,0,0,0,0,0,0,0,0,0,0,0,0,0,0	0,0,0,1,1,0,0,0,0,0,0,0,0,0,0,0,0,0,0,0,0,0,0	-2.077643,-2.535893,-2.202419,1.591465,0.604429,-0.478500,-2.248538,-2.518447,-3.413347,-0.558708,-0.619060,-1.342851,-1.398969,-0.252827,-0.174189,-0.458888,-1.220658,-3.112812,-2.186841,-1.652532,-0.215852,-0.425529,-0.310488
Atha_EPS1_NP_201517.1	Atha_EPS1_NP_201517.1		acceptor_superclass::Coumarins;acceptor_superclass::Flavonoids;acceptor_superclass::Lysine alkaloids;acceptor_superclass::Phenanthrenoids;acceptor_superclass::Phenylethanoids (C6-C2);acceptor_superclass::Small peptides;acceptor_superclass::Steroids	0,0,0,0,0,0,0,0,0,0,0,0,0,0,0,0,0,0,0,0,0,0,0	1,0,0,0,0,1,0,0,1,0,0,0,1,0,1,0,0,0,1,1,0,0,0	0.294842,-0.840361,-2.947492,-2.106037,-2.501474,0.566987,-1.288619,-0.814446,0.776953,-0.656724,-1.725099,-2.536690,0.102755,-3.091258,0.114228,-0.600540,-2.176622,-0.366854,1.121070,0.824024,-0.415889,-2.085884,-0.077387
Atha_FACT_AAN13119.1	Atha_FACT_AAN13119.1	acceptor_superclass::Fatty acyls	acceptor_superclass::Fatty Acids and Conjugates;acceptor_superclass::Fatty acyls;acceptor_superclass::Phenylethanoids (C6-C2);acceptor_superclass::Phenylpropanoids (C6-C3);acceptor_superclass::Tyrosine alkaloids	0,0,0,0,1,0,0,0,0,0,0,0,0,0,0,0,0,0,0,0,0,0,0	0,0,0,1,1,0,0,0,0,0,0,0,0,0,1,1,0,0,0,0,0,0,1	-2.226133,-0.959111,-1.892520,0.971050,1.580445,-1.901711,-2.773458,-2.612785,-2.654126,-0.202569,-1.918502,-0.987549,-1.496581,-0.605988,0.114830,0.242100,-1.755204,-2.771670,-1.286135,-1.923070,-1.186598,-1.392345,0.339624
Atha_GGES_AED96958.1	Atha_GGES_AED96958.1		acceptor_superclass::Lignans;acceptor_superclass::Lysine alkaloids;acceptor_superclass::Phenylpropanoids (C6-C3);acceptor_superclass::Small peptides	0,0,0,0,0,0,0,0,0,0,0,0,0,0,0,0,0,0,0,0,0,0,0	0,0,0,0,0,0,0,1,1,0,0,0,0,0,0,1,0,0,1,0,0,0,0	-1.563171,-1.626461,-0.877014,-2.762606,-2.235463,-1.375882,-2.226797,0.758121,0.024745,-0.074192,-2.214915,-1.197789,-2.267623,-1.091048,-1.005717,0.505147,-0.742867,-0.762620,0.941115,-0.900459,-1.289551,-1.830806,-0.136654
Atha_HCT_BAB10316.1	Atha_HCT_BAB10316.1	acceptor_superclass::Flavonoids;acceptor_superclass::Phenolic acids (C6-C1);acceptor_superclass::Phenylpropanoids (C6-C3);acceptor_superclass::Small peptides	acceptor_superclass::Phenolic acids (C6-C1);acceptor_superclass::Small peptides;acceptor_superclass::Triterpenoids;acceptor_superclass::Tyrosine alkaloids	0,0,0,0,0,1,0,0,0,0,0,0,0,1,0,1,0,0,1,0,0,0,0	0,0,0,0,0,0,0,0,0,0,0,0,0,1,0,0,0,0,1,0,1,0,1	-2.434566,-2.022866,-2.444413,-0.555703,-0.880034,-0.512830,-3.138927,-1.643821,-1.640127,-0.152287,-2.774639,-1.371871,-2.796927,3.409025,-1.491515,-0.220175,-1.828712,-2.999815,1.689100,-1.789540,0.635185,-0.910499,1.079098
Atha_HHT1_AAL34170.1	Atha_HHT1_AAL34170.1	acceptor_superclass::Fatty Acids and Conjugates;acceptor_superclass::Fatty acyls	acceptor_superclass::Fatty Acids and Conjugates;acceptor_superclass::Fatty acyls;acceptor_superclass::Monoterpenoids	0,0,0,1,1,0,0,0,0,0,0,0,0,0,0,0,0,0,0,0,0,0,0	0,0,0,1,1,0,0,0,0,1,0,0,0,0,0,0,0,0,0,0,0,0,0	-2.838543,-2.907027,-0.580661,0.916954,2.255960,-1.065122,-3.010804,-2.533824,-1.754371,0.232101,-2.543735,-1.546970,-2.171376,-0.257510,-1.242208,-0.313675,-1.298711,-2.785901,-2.010251,-2.749701,-1.181937,-0.485116,-0.521922
Atha_FACT_AAN13119.1	Atha_HHT3_NP_201161.1	acceptor_superclass::Fatty acyls	acceptor_superclass::Fatty Acids and Conjugates;acceptor_superclass::Fatty acyls;acceptor_superclass::Monoterpenoids;acceptor_superclass::Phenylpropanoids (C6-C3);acceptor_superclass::Triterpenoids;acceptor_superclass::Tyrosine alkaloids	0,0,0,0,1,0,0,0,0,0,0,0,0,0,0,0,0,0,0,0,0,0,0	0,0,0,1,1,0,0,0,0,1,0,0,0,0,0,1,0,0,0,0,1,0,1	-2.303216,-1.042750,-1.955529,0.295788,1.576677,-1.126099,-2.889339,-2.534915,-2.643468,0.331617,-1.856164,-1.093030,-1.539736,-0.263983,-0.047565,0.477700,-1.718970,-2.918292,-1.375914,-2.579734,0.044661,-0.802673,0.735821
Atha_HHT1_AAL34170.1	Atha_HHT_AAL34170.1	acceptor_superclass::Fatty Acids and Conjugates	acceptor_superclass::Fatty Acids and Conjugates;acceptor_superclass::Fatty acyls;acceptor_superclass::Monoterpenoids	0,0,0,1,0,0,0,0,0,0,0,0,0,0,0,0,0,0,0,0,0,0,0	0,0,0,1,1,0,0,0,0,1,0,0,0,0,0,0,0,0,0,0,0,0,0	-2.838543,-2.907027,-0.580661,0.916954,2.255960,-1.065122,-3.010804,-2.533824,-1.754371,0.232101,-2.543735,-1.546970,-2.171376,-0.257510,-1.242208,-0.313675,-1.298711,-2.785901,-2.010251,-2.749701,-1.181937,-0.485116,-0.521922
Atha_PHT_OAO95042.1	Atha_PHT_OAO95042.1	acceptor_superclass::Ornithine alkaloids;acceptor_superclass::Pseudoalkaloids	acceptor_superclass::Fatty acyls;acceptor_superclass::Flavonoids;acceptor_superclass::Ornithine alkaloids;acceptor_superclass::Pseudoalkaloids	0,0,0,0,0,0,0,0,0,0,0,1,0,0,0,0,1,0,0,0,0,0,0	0,0,0,0,1,1,0,0,0,0,0,1,0,0,0,0,1,0,0,0,0,0,0	-2.431314,-0.945472,-0.914969,-2.223140,0.307217,0.983054,-1.317081,-2.218716,-0.679349,-0.315893,-2.209673,1.300661,-2.570452,-4.137122,-1.118850,-0.596344,1.406254,-2.549890,-2.329287,-1.599265,-2.911800,-1.572852,-2.581325
Atha_PMAT1_AED94391.1	Atha_PMAT1_AED94391.1	acceptor_superclass::Flavonoids;acceptor_superclass::Isoflavonoids;acceptor_superclass::Steroids	acceptor_superclass::Coumarins;acceptor_superclass::Flavonoids;acceptor_superclass::Isoflavonoids;acceptor_superclass::Ornithine alkaloids;acceptor_superclass::Phenanthrenoids;acceptor_superclass::Pseudoalkaloids;acceptor_superclass::Steroids	0,0,0,0,0,1,1,0,0,0,0,0,0,0,0,0,0,0,0,1,0,0,0	1,0,0,0,0,1,1,0,0,0,0,1,1,0,0,0,1,0,0,1,0,0,0	1.596570,-0.660740,-2.284131,-1.150773,-2.289569,2.395872,2.973053,-0.159181,-3.757393,-1.773033,-0.969228,0.576048,1.596570,-0.846035,-3.100288,-3.774368,0.245519,-3.104898,-1.099337,1.306632,-0.755978,-0.928544,-0.658017
Atha_PMAT2_BAB02518.1	Atha_PMAT2_BAB02518.1	acceptor_superclass::Coumarins;acceptor_superclass::Flavonoids;acceptor_superclass::Naphthalenes;acceptor_superclass::Phenanthrenoids;acceptor_superclass::Steroids	acceptor_superclass::Flavonoids;acceptor_superclass::Isoflavonoids;acceptor_superclass::Ornithine alkaloids;acceptor_superclass::Steroids;acceptor_superclass::Tyrosine alkaloids	1,0,0,0,0,1,0,0,0,0,1,0,1,0,0,0,0,0,0,1,0,0,0	0,0,0,0,0,1,1,0,0,0,0,1,0,0,0,0,0,0,0,1,0,0,1	-1.706062,-0.658029,-3.126211,-1.041517,-2.723638,1.724369,2.309908,-2.203738,-4.380485,-2.313769,-2.224924,0.262107,-1.404994,-1.838462,-3.314332,-3.098049,-0.523165,-2.220476,-0.530435,1.146919,-0.912800,-1.943578,0.257487
Atha_SCT_AAP81804.1	Atha_SCT_AAP81804.1	acceptor_superclass::Ornithine alkaloids	acceptor_superclass::Diterpenoids;acceptor_superclass::Flavonoids;acceptor_superclass::Ornithine alkaloids;acceptor_superclass::Pseudoalkaloids	0,0,0,0,0,0,0,0,0,0,0,1,0,0,0,0,0,0,0,0,0,0,0	0,0,1,0,0,1,0,0,0,0,0,1,0,0,0,0,1,0,0,0,0,0,0	-0.421136,-2.485817,1.509615,-2.424316,-1.083599,0.348187,-0.356794,-1.947253,-1.332989,-0.185047,-0.447947,0.013057,-0.999055,-4.973433,-1.229502,-1.918580,0.876540,-3.436234,-3.384868,-1.292058,-1.241815,-3.249063,-4.725434
Atha_SDT_AAC23766.1	Atha_SDT_AAC23766.1	acceptor_superclass::Ornithine alkaloids;acceptor_superclass::Pseudoalkaloids	acceptor_superclass::Diterpenoids;acceptor_superclass::Flavonoids;acceptor_superclass::Ornithine alkaloids;acceptor_superclass::Pseudoalkaloids	0,0,0,0,0,0,0,0,0,0,0,1,0,0,0,0,1,0,0,0,0,0,0	0,0,1,0,0,1,0,0,0,0,0,1,0,0,0,0,1,0,0,0,0,0,0	-0.056846,-1.464833,0.307827,-3.239856,-0.016436,2.058604,-0.490236,-1.306629,-1.625473,-0.356978,-0.911996,0.910851,-0.532121,-5.228802,-1.218241,-1.984791,1.384638,-3.082792,-3.353809,-1.496661,-2.841280,-3.188031,-5.021340
Atha_SHT_AAD12025.1	Atha_SHT_AAD12025.1	acceptor_superclass::Ornithine alkaloids	acceptor_superclass::Fatty Acids and Conjugates;acceptor_superclass::Ornithine alkaloids;acceptor_superclass::Phenolic acids (C6-C1)	0,0,0,0,0,0,0,0,0,0,0,1,0,0,0,0,0,0,0,0,0,0,0	0,0,0,1,0,0,0,0,0,0,0,1,0,1,0,0,0,0,0,0,0,0,0	-1.272237,-1.938778,-2.664068,0.642602,-1.563134,-0.623631,-1.417556,-2.909410,-3.382691,-0.989005,-1.923276,1.035754,-0.795391,0.567158,-0.475745,-0.632306,-0.003261,-2.538673,-0.137786,-1.255851,-1.643833,-2.462130,-1.815830
Atha_PHT_OAO95042.1	Atha_SHT_OAO95042.1	acceptor_superclass::Ornithine alkaloids	acceptor_superclass::Fatty acyls;acceptor_superclass::Flavonoids;acceptor_superclass::Monoterpenoids;acceptor_superclass::Ornithine alkaloids;acceptor_superclass::Pseudoalkaloids	0,0,0,0,0,0,0,0,0,0,0,1,0,0,0,0,0,0,0,0,0,0,0	0,0,0,0,1,1,0,0,0,1,0,1,0,0,0,0,1,0,0,0,0,0,0	-2.266997,-0.370419,-1.167544,-1.785866,0.179595,1.028348,-1.134613,-1.380327,-0.570643,0.234744,-2.334171,1.607756,-2.355668,-4.380412,-1.438737,-1.111768,1.894619,-2.330072,-2.675281,-1.392479,-1.867198,-1.479891,-3.618016
Atha_THAA1_BAB11062.1	Atha_THAA1_BAB11062.1	acceptor_superclass::Triterpenoids	acceptor_superclass::Phenylethanoids (C6-C2);acceptor_superclass::Phenylpropanoids (C6-C3);acceptor_superclass::Steroids;acceptor_superclass::Triterpenoids;acceptor_superclass::Tryptophan alkaloids;acceptor_superclass::Tyrosine alkaloids	0,0,0,0,0,0,0,0,0,0,0,0,0,0,0,0,0,0,0,0,1,0,0	0,0,0,0,0,0,0,0,0,0,0,0,0,0,1,1,0,0,0,1,1,1,1	-2.327820,-0.281876,-1.898482,-2.403620,-1.251922,-2.150001,-1.909122,-1.642110,-1.720599,-0.213568,-0.266453,-0.683288,-1.581354,-3.258960,0.770643,0.144438,-1.222429,-0.231199,-1.889153,0.198290,0.252708,0.361445,0.304064
Atha_THAA2_AAO63428.1	Atha_THAA2_AAO63428.1	acceptor_superclass::Triterpenoids	acceptor_superclass::Monoterpenoids;acceptor_superclass::Triterpenoids;acceptor_superclass::Tryptophan alkaloids	0,0,0,0,0,0,0,0,0,0,0,0,0,0,0,0,0,0,0,0,1,0,0	0,0,0,0,0,0,0,0,0,1,0,0,0,0,0,0,0,0,0,0,1,1,0	-2.634637,-1.359222,-0.860547,-1.598866,-1.105036,-1.675205,-1.712612,-1.793844,-2.629755,0.121389,-0.136757,-1.986376,-1.367064,-2.302601,-1.007456,-0.608214,-2.052528,-1.264135,-1.627413,-0.324772,1.132059,1.325717,-0.286796
Bdis_PMT_CDG41682.1	Bdis_PMT_CDG41682.1	acceptor_superclass::Phenylpropanoids (C6-C3)	acceptor_superclass::Fatty acyls;acceptor_superclass::Monoterpenoids;acceptor_superclass::Phenylethanoids (C6-C2);acceptor_superclass::Phenylpropanoids (C6-C3)	0,0,0,0,0,0,0,0,0,0,0,0,0,0,0,1,0,0,0,0,0,0,0	0,0,0,0,1,0,0,0,0,1,0,0,0,0,1,1,0,0,0,0,0,0,0	-1.684827,-0.669363,-0.844767,-1.117132,0.872172,-0.868114,-2.146393,-3.601390,-1.807522,0.846163,-2.810867,-0.126296,-0.174618,-4.059773,1.327080,1.344641,-0.796984,-1.277767,-2.707652,-2.275087,-4.037503,-3.139598,-2.965139
Bmul_HQT1_BCY27076.1	Bmul_HQT1_BCY27076.1	acceptor_superclass::Phenolic acids (C6-C1);acceptor_superclass::Phenylpropanoids (C6-C3)	acceptor_superclass::Monoterpenoids;acceptor_superclass::Phenolic acids (C6-C1);acceptor_superclass::Phenylpropanoids (C6-C3);acceptor_superclass::Small peptides;acceptor_superclass::Steroids;acceptor_superclass::Tryptophan alkaloids	0,0,0,0,0,0,0,0,0,0,0,0,0,1,0,1,0,0,0,0,0,0,0	0,0,0,0,0,0,0,0,0,1,0,0,0,1,0,1,0,0,1,1,0,1,0	-1.321903,-0.750929,-1.551121,-1.270708,-0.055972,-1.489286,-2.508895,-1.508645,-2.947652,0.884399,-2.955208,-1.678820,-0.902910,1.071816,-0.875821,0.095103,-2.682336,-1.313726,0.964646,0.409230,-0.779475,0.068579,-0.083790
Bmul_HQT1_BDR61289.1	Bmul_HQT1_BDR61289.1	acceptor_superclass::Phenolic acids (C6-C1)	acceptor_superclass::Phenolic acids (C6-C1);acceptor_superclass::Phenylpropanoids (C6-C3);acceptor_superclass::Small peptides;acceptor_superclass::Tyrosine alkaloids	0,0,0,0,0,0,0,0,0,0,0,0,0,1,0,0,0,0,0,0,0,0,0	0,0,0,0,0,0,0,0,0,0,0,0,0,1,0,1,0,0,1,0,0,0,1	-2.420549,-0.932858,-3.567931,-0.760145,-0.814131,-0.792579,-2.476945,-2.097576,-2.230666,-0.381556,-3.094493,-0.515757,-2.657412,3.565321,-0.436665,0.255637,-1.710787,-2.241861,1.267893,-1.847458,-0.021312,-1.560537,0.939395
Bser_AT1_QXN66176.1	Bser_AT1_QXN66176.1	acceptor_superclass::Triterpenoids	acceptor_superclass::Monoterpenoids;acceptor_superclass::Phenylethanoids (C6-C2);acceptor_superclass::Phenylpropanoids (C6-C3);acceptor_superclass::Triterpenoids;acceptor_superclass::Tryptophan alkaloids	0,0,0,0,0,0,0,0,0,0,0,0,0,0,0,0,0,0,0,0,1,0,0	0,0,0,0,0,0,0,0,0,1,0,0,0,0,1,1,0,0,0,0,1,1,0	-2.654075,-1.284905,-0.048519,-1.955386,-0.131978,-2.763092,-2.772791,-1.826732,-2.047031,1.213309,-1.387472,-1.994679,-0.886620,-1.923656,0.109074,0.294466,-2.856918,-0.843886,-1.415541,-2.048421,1.529731,0.219770,-0.238280
Cang_AT20_QLI57449.1	Cang_AT20_QLI57449.1	acceptor_superclass::Monoterpenoids	acceptor_superclass::Lysine alkaloids	0,0,0,0,0,0,0,0,0,1,0,0,0,0,0,0,0,0,0,0,0,0,0	0,0,0,0,0,0,0,0,1,0,0,0,0,0,0,0,0,0,0,0,0,0,0	-1.809056,-4.031572,-0.747023,-0.434559,-0.421393,-1.057583,-2.828285,-1.416653,0.396535,-0.164719,-2.002851,-3.647615,-2.172591,-1.162404,-1.126069,-0.376632,-1.499419,-1.382856,-0.900846,-2.186149,-1.076385,-2.051094,-2.781154
Cann_AT3_NP_001311698.1	Cann_AT3_NP_001311698.1	acceptor_superclass::Tyrosine alkaloids	acceptor_superclass::Naphthalenes;acceptor_superclass::Tryptophan alkaloids;acceptor_superclass::Tyrosine alkaloids	0,0,0,0,0,0,0,0,0,0,0,0,0,0,0,0,0,0,0,0,0,0,1	0,0,0,0,0,0,0,0,0,0,1,0,0,0,0,0,0,0,0,0,0,1,1	-1.269666,-0.995874,-1.521013,-1.840498,-1.144604,-1.901221,-2.278968,-1.493229,-1.571907,-0.694369,1.282116,-3.269444,-0.673830,-2.499245,-0.318206,-0.121690,-2.492623,-1.018322,-2.487317,-1.144254,-0.098059,0.485199,0.534271
Cblu_HCT_CBI83579.1	Cblu_HCT_CBI83579.1	acceptor_superclass::Phenolic acids (C6-C1);acceptor_superclass::Tyrosine alkaloids	acceptor_superclass::Fatty Acids and Conjugates;acceptor_superclass::Phenolic acids (C6-C1);acceptor_superclass::Small peptides;acceptor_superclass::Tyrosine alkaloids	0,0,0,0,0,0,0,0,0,0,0,0,0,1,0,0,0,0,0,0,0,0,1	0,0,0,1,0,0,0,0,0,0,0,0,0,1,0,0,0,0,1,0,0,0,1	-2.285047,-2.708066,-1.954203,0.348028,-0.926874,-1.275229,-2.251191,-0.352312,-1.997451,-0.238573,-2.842801,-1.339077,-2.450210,3.256733,-2.155395,-0.035063,-1.692414,-2.308258,2.059153,-1.750536,-0.761562,-2.004892,0.696085
Cblu_HCT_CBI83579.1	Cblu_HST_CBI83579.1	acceptor_superclass::Phenolic acids (C6-C1);acceptor_superclass::Small peptides	acceptor_superclass::Fatty Acids and Conjugates;acceptor_superclass::Phenolic acids (C6-C1);acceptor_superclass::Small peptides;acceptor_superclass::Tyrosine alkaloids	0,0,0,0,0,0,0,0,0,0,0,0,0,1,0,0,0,0,1,0,0,0,0	0,0,0,1,0,0,0,0,0,0,0,0,0,1,0,0,0,0,1,0,0,0,1	-1.888315,-2.573347,-2.511697,0.237296,-0.851344,-0.979229,-2.421012,-0.310978,-2.143682,-1.122851,-2.594001,-1.100075,-2.120748,3.333255,-1.641322,-0.072866,-1.462869,-2.832252,1.704863,-1.719934,-2.528483,-1.276687,1.226610
Cblu_RAS_CAK55166.1	Cblu_RAS_CAK55166.1	acceptor_superclass::Small peptides;acceptor_superclass::Tyrosine alkaloids	acceptor_superclass::Flavonoids;acceptor_superclass::Lignans;acceptor_superclass::Phenolic acids (C6-C1);acceptor_superclass::Small peptides;acceptor_superclass::Tyrosine alkaloids	0,0,0,0,0,0,0,0,0,0,0,0,0,0,0,0,0,0,1,0,0,0,1	0,0,0,0,0,1,0,1,0,0,0,0,0,1,0,0,0,0,1,0,0,0,1	-1.299746,-1.794191,-2.496446,-0.033228,-0.996080,0.362503,-1.870841,0.296256,-1.891454,-0.478671,-2.186123,-1.456037,-1.299746,0.933505,-0.757111,-0.163316,-1.062968,-2.318061,0.564033,-1.398158,-1.287364,-0.786798,0.136143
Cbra_HQT-like_GBG71902.1	Cbra_HQT-like_GBG71902.1	acceptor_superclass::Phenolic acids (C6-C1)	acceptor_superclass::Diterpenoids;acceptor_superclass::Fatty Acids and Conjugates;acceptor_superclass::Isoflavonoids;acceptor_superclass::Ornithine alkaloids;acceptor_superclass::Phenanthrenoids;acceptor_superclass::Pseudoalkaloids;acceptor_superclass::Saccharides;acceptor_superclass::Tryptophan alkaloids	0,0,0,0,0,0,0,0,0,0,0,0,0,1,0,0,0,0,0,0,0,0,0	0,0,1,1,0,0,1,0,0,0,0,1,1,0,0,0,1,1,0,0,0,1,0	-2.448405,-3.238115,0.464645,1.724010,-4.781812,-0.390284,2.165758,-3.736116,-4.257488,-2.822526,-3.587630,3.127806,0.199373,-0.832449,-3.091889,-1.808974,1.822411,2.397365,-2.083333,-2.613025,-4.759560,0.826450,-2.364081
Cbre_BEAT_AAC18062.1	Cbre_BEAT_AAC18062.1	acceptor_superclass::Phenanthrenoids;acceptor_superclass::Phenylethanoids (C6-C2);acceptor_superclass::Phenylpropanoids (C6-C3)	acceptor_superclass::Fatty acyls;acceptor_superclass::Ornithine alkaloids	0,0,0,0,0,0,0,0,0,0,0,0,1,0,1,1,0,0,0,0,0,0,0	0,0,0,0,1,0,0,0,0,0,0,1,0,0,0,0,0,0,0,0,0,0,0	-1.623530,-0.891552,-0.883865,-1.145765,0.401228,-1.931555,-2.471499,-2.946348,-4.242285,-0.855379,-1.485202,0.199675,-1.623530,-3.178756,-0.838930,-0.995246,-1.878693,-0.661481,-2.814760,-0.794999,-0.435836,-1.405028,-1.355569
Cbre_BEBT_AAN09796.1	Cbre_BEBT_AAN09796.1	acceptor_superclass::Phenylpropanoids (C6-C3)	acceptor_superclass::Diterpenoids;acceptor_superclass::Fatty acyls;acceptor_superclass::Monoterpenoids;acceptor_superclass::Phenylpropanoids (C6-C3)	0,0,0,0,0,0,0,0,0,0,0,0,0,0,0,1,0,0,0,0,0,0,0	0,0,1,0,1,0,0,0,0,1,0,0,0,0,0,1,0,0,0,0,0,0,0	-2.453724,-4.322865,0.151806,-0.453276,0.666667,-1.640296,-2.966307,-0.957418,-0.308004,0.339467,-1.460331,-3.170905,-2.293679,-1.451025,-1.794931,0.121015,-1.263246,-2.125900,-1.848542,-2.278837,-0.312441,-0.982654,-2.162508
Ccan_HCT_ABO47805.1	Ccan_HCT_ABO47805.1	acceptor_superclass::Phenolic acids (C6-C1);acceptor_superclass::Phenylpropanoids (C6-C3)	acceptor_superclass::Phenolic acids (C6-C1);acceptor_superclass::Small peptides;acceptor_superclass::Tyrosine alkaloids	0,0,0,0,0,0,0,0,0,0,0,0,0,1,0,1,0,0,0,0,0,0,0	0,0,0,0,0,0,0,0,0,0,0,0,0,1,0,0,0,0,1,0,0,0,1	-1.976406,-2.177460,-2.021872,-0.398213,-0.752987,-0.771777,-2.572572,-0.877926,-2.453632,-0.328648,-2.544212,-0.884912,-1.976406,3.493280,-1.680429,-0.013556,-1.806688,-3.190266,1.386247,-2.069430,-0.070910,-1.060968,0.937260
Ccan_HQT_ABO77957.1	Ccan_HQT_ABO77957.1	acceptor_superclass::Phenolic acids (C6-C1);acceptor_superclass::Phenylpropanoids (C6-C3)	acceptor_superclass::Flavonoids;acceptor_superclass::Phenolic acids (C6-C1);acceptor_superclass::Small peptides	0,0,0,0,0,0,0,0,0,0,0,0,0,1,0,1,0,0,0,0,0,0,0	0,0,0,0,0,1,0,0,0,0,0,0,0,1,0,0,0,0,1,0,0,0,0	-1.549290,-1.785622,-3.612630,-1.337153,-1.776032,0.087465,-1.141316,-1.198265,-1.962673,-1.198670,-1.437098,-0.603802,-1.549290,2.377341,-0.632124,-0.594971,-0.882335,-2.365381,0.786479,-1.825023,-0.657476,-1.988014,-0.040189
Ccar_HCT_AAZ80046.1	Ccar_HCT_AAZ80046.1	acceptor_superclass::Phenolic acids (C6-C1)	acceptor_superclass::Phenolic acids (C6-C1);acceptor_superclass::Small peptides;acceptor_superclass::Tyrosine alkaloids	0,0,0,0,0,0,0,0,0,0,0,0,0,1,0,0,0,0,0,0,0,0,0	0,0,0,0,0,0,0,0,0,0,0,0,0,1,0,0,0,0,1,0,0,0,1	-2.597023,-1.904638,-3.389571,-0.538131,-1.412275,-0.958479,-2.267955,-1.097951,-1.494480,-1.991868,-2.148434,-0.702830,-3.129012,3.312481,-1.198395,-0.373928,-1.125448,-2.760916,1.037794,-2.444835,-1.956677,-0.973853,0.586100
Ccar_HQT1_CAM84302.2	Ccar_HQT1_CAM84302.2	acceptor_superclass::Phenolic acids (C6-C1)	acceptor_superclass::Phenolic acids (C6-C1);acceptor_superclass::Small peptides	0,0,0,0,0,0,0,0,0,0,0,0,0,1,0,0,0,0,0,0,0,0,0	0,0,0,0,0,0,0,0,0,0,0,0,0,1,0,0,0,0,1,0,0,0,0	-2.899277,-1.725928,-1.514476,-2.014982,-1.349661,-1.030350,-2.179408,-0.634118,-0.935634,-1.627083,-2.240118,-0.747604,-3.676867,1.901085,-1.028594,-0.180275,-0.696569,-3.098575,0.070075,-3.069096,-1.805954,-1.456452,-0.965363
Ccar_HQT2_ACJ23164.1	Ccar_HQT2_ACJ23164.1	acceptor_superclass::Phenolic acids (C6-C1)	acceptor_superclass::Phenolic acids (C6-C1);acceptor_superclass::Small peptides	0,0,0,0,0,0,0,0,0,0,0,0,0,1,0,0,0,0,0,0,0,0,0	0,0,0,0,0,0,0,0,0,0,0,0,0,1,0,0,0,0,1,0,0,0,0	-1.883645,-2.656585,-1.703839,-0.085488,-1.314662,-0.320051,-1.277188,-0.821163,-2.336067,-0.845460,-2.124368,-1.296907,-1.883645,2.888138,-2.199479,-0.795830,-1.412319,-3.133056,0.474663,-2.545099,-0.532218,-1.461173,-0.436791
Ccar_HQT_ABK79689.1	Ccar_HQT_ABK79689.1	acceptor_superclass::Phenolic acids (C6-C1)	acceptor_superclass::Phenolic acids (C6-C1);acceptor_superclass::Small peptides	0,0,0,0,0,0,0,0,0,0,0,0,0,1,0,0,0,0,0,0,0,0,0	0,0,0,0,0,0,0,0,0,0,0,0,0,1,0,0,0,0,1,0,0,0,0	-2.518258,-2.611274,-2.444073,-0.715950,-1.296059,-0.940061,-1.954393,-0.548355,-1.931278,-0.165383,-2.090346,-1.255520,-2.518258,2.961242,-1.041709,-0.406423,-1.328709,-2.779627,0.521827,-2.508239,-0.254592,-1.831904,-0.513874
Ccar_HQT_ABK79690.1	Ccar_HQT_ABK79690.1	acceptor_superclass::Phenolic acids (C6-C1)	acceptor_superclass::Phenolic acids (C6-C1);acceptor_superclass::Small peptides;acceptor_superclass::Tyrosine alkaloids	0,0,0,0,0,0,0,0,0,0,0,0,0,1,0,0,0,0,0,0,0,0,0	0,0,0,0,0,0,0,0,0,0,0,0,0,1,0,0,0,0,1,0,0,0,1	-2.041049,-2.255995,-2.677074,-0.646971,-1.171728,-1.000425,-2.050531,-0.065239,-1.639281,-0.984718,-2.540142,-1.891080,-2.895222,3.531135,-0.684578,-0.069218,-1.950234,-2.775482,1.314451,-1.730784,-0.735166,-2.018168,0.053313
Cchi_AT3_AAV66309.1	Cchi_AT3_AAV66309.1	acceptor_superclass::Tyrosine alkaloids	acceptor_superclass::Naphthalenes;acceptor_superclass::Saccharides;acceptor_superclass::Triterpenoids;acceptor_superclass::Tryptophan alkaloids;acceptor_superclass::Tyrosine alkaloids	0,0,0,0,0,0,0,0,0,0,0,0,0,0,0,0,0,0,0,0,0,0,1	0,0,0,0,0,0,0,0,0,0,1,0,0,0,0,0,0,1,0,0,1,1,1	-1.933353,-1.674046,-1.275418,-0.895956,-1.744362,-2.120660,-2.551770,-1.506580,-1.646946,-0.889661,0.774052,-3.614593,-1.380720,-2.341425,-0.192116,-0.018036,-2.612508,0.675182,-2.396062,-2.804660,0.607049,0.475270,0.650210
Ccro_AT1_AXB26761.1	Ccro_AT1_AXB26761.1	acceptor_superclass::Flavonoids	acceptor_superclass::Flavonoids;acceptor_superclass::Lysine alkaloids;acceptor_superclass::Monoterpenoids;acceptor_superclass::Ornithine alkaloids;acceptor_superclass::Phenylpropanoids (C6-C3);acceptor_superclass::Pseudoalkaloids	0,0,0,0,0,1,0,0,0,0,0,0,0,0,0,0,0,0,0,0,0,0,0	0,0,0,0,0,1,0,0,1,1,0,1,0,0,0,1,1,0,0,0,0,0,0	-3.057316,-2.997138,-0.248100,-1.640898,-0.948526,0.995213,-3.880068,-0.959076,1.010630,0.737321,-3.695877,0.521689,-3.920101,-4.074337,-0.294106,0.222919,1.005529,-1.086692,-1.511172,-3.898420,-3.960562,-2.390297,-2.566469
Ccro_AT1_AXB26761.1	Ccro_AT2_AXB26761.1	acceptor_superclass::Flavonoids	acceptor_superclass::Diterpenoids;acceptor_superclass::Flavonoids;acceptor_superclass::Lysine alkaloids;acceptor_superclass::Monoterpenoids;acceptor_superclass::Ornithine alkaloids;acceptor_superclass::Phenylpropanoids (C6-C3);acceptor_superclass::Pseudoalkaloids	0,0,0,0,0,1,0,0,0,0,0,0,0,0,0,0,0,0,0,0,0,0,0	0,0,1,0,0,1,0,0,1,1,0,1,0,0,0,1,1,0,0,0,0,0,0	-3.273506,-0.591505,0.184149,-1.818424,-0.476638,1.000170,-3.133757,-0.985269,1.039028,1.275592,-3.887198,0.870497,-3.845303,-4.598397,-0.877734,0.256328,1.292567,-1.860606,-1.664694,-3.845691,-4.488061,-2.211401,-4.878932
Ccro_AT2_AXB26762.1	Ccro_AT2_AXB26762.1	acceptor_superclass::Flavonoids	acceptor_superclass::Flavonoids;acceptor_superclass::Lysine alkaloids;acceptor_superclass::Monoterpenoids;acceptor_superclass::Ornithine alkaloids;acceptor_superclass::Phenylethanoids (C6-C2);acceptor_superclass::Pseudoalkaloids	0,0,0,0,0,1,0,0,0,0,0,0,0,0,0,0,0,0,0,0,0,0,0	0,0,0,0,0,1,0,0,1,1,0,1,0,0,1,0,1,0,0,0,0,0,0	-2.859235,-1.828204,-0.093761,-1.210168,-0.043770,1.394635,-2.919459,-2.332501,0.218567,0.345847,-4.132381,0.102362,-3.355971,-2.924567,0.051733,-0.083476,0.346879,-2.369846,-0.844042,-3.063592,-4.912934,-2.309369,-4.626662
Ccro_HCT_WKA69991.1	Ccro_HCT_WKA69991.1	acceptor_superclass::Phenolic acids (C6-C1)	acceptor_superclass::Flavonoids;acceptor_superclass::Phenolic acids (C6-C1);acceptor_superclass::Small peptides;acceptor_superclass::Triterpenoids;acceptor_superclass::Tyrosine alkaloids	0,0,0,0,0,0,0,0,0,0,0,0,0,1,0,0,0,0,0,0,0,0,0	0,0,0,0,0,1,0,0,0,0,0,0,0,1,0,0,0,0,1,0,1,0,1	-1.961245,-1.284568,-3.627528,-0.973924,-1.646068,0.120921,-1.486498,-1.176475,-2.226643,-1.514303,-2.532634,-0.459067,-2.408929,2.519334,-0.282540,-0.320762,-1.006866,-2.670455,1.382180,-1.013316,0.802368,-0.728435,0.908544
Cint_HCT1_ANN12608.1	Cint_HCT1_ANN12608.1	acceptor_superclass::Phenolic acids (C6-C1)	acceptor_superclass::Phenolic acids (C6-C1);acceptor_superclass::Small peptides;acceptor_superclass::Tyrosine alkaloids	0,0,0,0,0,0,0,0,0,0,0,0,0,1,0,0,0,0,0,0,0,0,0	0,0,0,0,0,0,0,0,0,0,0,0,0,1,0,0,0,0,1,0,0,0,1	-2.526859,-2.491660,-2.253188,-0.213078,-0.756841,-0.382210,-2.490967,-0.818948,-1.120667,-0.724737,-2.386539,-1.114941,-3.255732,3.118821,-2.580366,-0.300369,-1.305119,-2.386888,1.025277,-2.382953,-0.170720,-1.951488,0.258536
Cint_HCT2_ANN12609.1	Cint_HCT2_ANN12609.1	acceptor_superclass::Phenolic acids (C6-C1)	acceptor_superclass::Phenolic acids (C6-C1);acceptor_superclass::Small peptides;acceptor_superclass::Triterpenoids;acceptor_superclass::Tyrosine alkaloids	0,0,0,0,0,0,0,0,0,0,0,0,0,1,0,0,0,0,0,0,0,0,0	0,0,0,0,0,0,0,0,0,0,0,0,0,1,0,0,0,0,1,0,1,0,1	-2.552302,-1.937540,-2.648316,-0.721276,-0.697930,-0.317666,-2.884850,-1.573744,-1.211234,-0.671429,-2.518013,-1.182408,-3.175148,3.155950,-1.457975,-0.444567,-1.419789,-2.990005,0.830902,-2.094042,0.431168,-1.607147,0.825012
Cint_HQT1_ANN12610.1	Cint_HQT1_ANN12610.1	acceptor_superclass::Phenolic acids (C6-C1)	acceptor_superclass::Phenolic acids (C6-C1);acceptor_superclass::Small peptides	0,0,0,0,0,0,0,0,0,0,0,0,0,1,0,0,0,0,0,0,0,0,0	0,0,0,0,0,0,0,0,0,0,0,0,0,1,0,0,0,0,1,0,0,0,0	-1.072371,-1.935804,-2.488420,-0.836805,-0.884407,-0.590432,-1.488314,-0.934451,-2.218526,-1.089555,-1.845965,-1.492883,-1.484455,2.608765,-1.030969,-0.371056,-1.624376,-3.207942,0.804498,-1.560387,-2.259975,-2.266820,-0.075525
Cint_HQT2_ANN12611.1	Cint_HQT2_ANN12611.1	acceptor_superclass::Phenolic acids (C6-C1)	acceptor_superclass::Phenolic acids (C6-C1);acceptor_superclass::Small peptides	0,0,0,0,0,0,0,0,0,0,0,0,0,1,0,0,0,0,0,0,0,0,0	0,0,0,0,0,0,0,0,0,0,0,0,0,1,0,0,0,0,1,0,0,0,0	-1.602525,-1.843818,-2.368420,-0.803476,-1.037797,-0.373597,-1.650123,-1.483784,-2.085743,-1.388757,-1.880850,-1.131948,-2.376457,2.120636,-1.446338,-0.164228,-1.442541,-2.610425,0.244933,-2.775196,-0.754056,-2.817453,-0.275790
Cint_HQT3_ANN12612.1	Cint_HQT3_ANN12612.1	acceptor_superclass::Phenolic acids (C6-C1)	acceptor_superclass::Phenolic acids (C6-C1)	0,0,0,0,0,0,0,0,0,0,0,0,0,1,0,0,0,0,0,0,0,0,0	0,0,0,0,0,0,0,0,0,0,0,0,0,1,0,0,0,0,0,0,0,0,0	-1.567318,-1.860723,-2.426128,-1.257142,-1.259658,-0.398781,-1.969331,-0.454576,-1.376383,-1.449444,-1.222806,-0.932710,-2.806726,1.860898,-1.300229,-0.258162,-0.677598,-3.209641,-0.215380,-3.222401,-0.529029,-2.901702,-0.687014
Cint_SHT1_AXY93625.1	Cint_SHT1_AXY93625.1	acceptor_superclass::Ornithine alkaloids;acceptor_superclass::Phenolic acids (C6-C1);acceptor_superclass::Pseudoalkaloids	acceptor_superclass::Fatty Acids and Conjugates;acceptor_superclass::Ornithine alkaloids;acceptor_superclass::Phenolic acids (C6-C1);acceptor_superclass::Small peptides	0,0,0,0,0,0,0,0,0,0,0,1,0,1,0,0,1,0,0,0,0,0,0	0,0,0,1,0,0,0,0,0,0,0,1,0,1,0,0,0,0,1,0,0,0,0	-1.369410,-1.055517,-2.839350,0.111159,-1.398502,-0.825905,-1.169052,-2.187888,-3.597330,-1.261512,-2.325184,0.625546,-0.777082,0.611512,-0.467762,-0.712328,-1.226862,-2.561902,0.189727,-1.376381,-1.660304,-3.258750,-0.646535
Cint_SHT2_AXY93626.1	Cint_SHT2_AXY93626.1	acceptor_superclass::Ornithine alkaloids;acceptor_superclass::Phenolic acids (C6-C1);acceptor_superclass::Pseudoalkaloids	acceptor_superclass::Fatty Acids and Conjugates;acceptor_superclass::Ornithine alkaloids;acceptor_superclass::Phenolic acids (C6-C1);acceptor_superclass::Small peptides	0,0,0,0,0,0,0,0,0,0,0,1,0,1,0,0,1,0,0,0,0,0,0	0,0,0,1,0,0,0,0,0,0,0,1,0,1,0,0,0,0,1,0,0,0,0	-0.822963,-1.454463,-2.968935,0.489884,-1.643139,-0.361253,-0.843712,-0.534203,-3.864802,-0.976196,-1.659608,0.053993,-0.822963,0.612946,-0.167279,-1.389817,-1.017319,-2.853205,0.027821,-1.093457,-1.574598,-2.306234,-0.446716
Cmel_AAT1_CAA94432.1	Cmel_AAT1_CAA94432.1	acceptor_superclass::Fatty acyls;acceptor_superclass::Phenylethanoids (C6-C2);acceptor_superclass::Phenylpropanoids (C6-C3)	acceptor_superclass::Diterpenoids;acceptor_superclass::Fatty acyls;acceptor_superclass::Monoterpenoids;acceptor_superclass::Phenylpropanoids (C6-C3)	0,0,0,0,1,0,0,0,0,0,0,0,0,0,1,1,0,0,0,0,0,0,0	0,0,1,0,1,0,0,0,0,1,0,0,0,0,0,1,0,0,0,0,0,0,0	-3.776078,-2.920664,0.384770,-0.396921,0.863175,-1.845139,-3.284392,-1.876882,-0.796181,0.955792,-3.342550,-2.496496,-3.776078,-0.744203,-0.985495,0.826277,-2.230234,-1.217710,-2.083847,-3.966500,-0.707049,-1.607570,-2.364784
Cmel_AAT3_AAW51125.1	Cmel_AAT3_AAW51125.1	acceptor_superclass::Fatty acyls	acceptor_superclass::Fatty acyls;acceptor_superclass::Lysine alkaloids;acceptor_superclass::Monoterpenoids;acceptor_superclass::Phenylethanoids (C6-C2);acceptor_superclass::Phenylpropanoids (C6-C3)	0,0,0,0,1,0,0,0,0,0,0,0,0,0,0,0,0,0,0,0,0,0,0	0,0,0,0,1,0,0,0,1,1,0,0,0,0,1,1,0,0,0,0,0,0,0	-1.171335,-3.116195,-0.539309,-0.549452,1.105295,-1.232144,-2.486966,-1.170985,0.153754,0.860136,-1.204420,-3.415965,-1.492549,-1.325537,0.156596,1.212887,-1.856405,-2.435525,-1.488086,-1.944709,-2.297553,-2.107724,-2.282754
Cmel_AAT4_AAW51126.1	Cmel_AAT4_AAW51126.1	acceptor_superclass::Fatty acyls;acceptor_superclass::Monoterpenoids;acceptor_superclass::Phenylpropanoids (C6-C3)	acceptor_superclass::Cyclic polyketides;acceptor_superclass::Diterpenoids;acceptor_superclass::Saccharides;acceptor_superclass::Triterpenoids	0,0,0,0,1,0,0,0,0,1,0,0,0,0,0,1,0,0,0,0,0,0,0	0,1,1,0,0,0,0,0,0,0,0,0,0,0,0,0,0,1,0,0,1,0,0	-1.253671,0.530117,0.209200,-2.181139,-0.562778,-1.966146,-2.934040,-3.376655,-3.017001,-0.373001,-2.128744,-0.191829,-1.253671,-3.558086,-0.454025,-0.457108,-2.337867,0.141493,-1.973697,-0.851180,0.671537,-0.056313,-0.206749
Cros_DAT_AAC99311.1	Cros_DAT_AAC99311.1	acceptor_superclass::Tryptophan alkaloids	acceptor_superclass::Monoterpenoids;acceptor_superclass::Saccharides;acceptor_superclass::Triterpenoids;acceptor_superclass::Tryptophan alkaloids;acceptor_superclass::Tyrosine alkaloids	0,0,0,0,0,0,0,0,0,0,0,0,0,0,0,0,0,0,0,0,0,1,0	0,0,0,0,0,0,0,0,0,1,0,0,0,0,0,0,0,1,0,0,1,1,1	-3.476855,-0.469732,-0.086528,-3.729119,-0.551092,-3.054770,-2.115301,-0.258207,-0.025945,0.241340,-0.471410,-1.581452,-3.453392,-4.743867,-0.585647,-0.924421,-0.834531,0.898520,-2.817728,-1.284909,0.384621,1.600067,0.550461
Cros_MAT_AAO13736.1	Cros_MAT_AAO13736.1	acceptor_superclass::Tryptophan alkaloids	acceptor_superclass::Monoterpenoids;acceptor_superclass::Saccharides;acceptor_superclass::Triterpenoids;acceptor_superclass::Tryptophan alkaloids	0,0,0,0,0,0,0,0,0,0,0,0,0,0,0,0,0,0,0,0,0,1,0	0,0,0,0,0,0,0,0,0,1,0,0,0,0,0,0,0,1,0,0,1,1,0	-3.656931,-0.658142,-0.112653,-3.491697,-0.386946,-2.585494,-2.265774,-0.655359,-0.177616,0.956090,-0.749782,-1.834795,-2.807210,-3.811056,-0.760865,-0.464340,-0.849669,0.654529,-2.995703,-1.993164,0.910506,0.630885,-0.414346
Cros_TAT_AQP25667.1	Cros_TAT_AQP25667.1	acceptor_superclass::Tryptophan alkaloids	acceptor_superclass::Diterpenoids;acceptor_superclass::Fatty acyls;acceptor_superclass::Saccharides;acceptor_superclass::Triterpenoids;acceptor_superclass::Tryptophan alkaloids	0,0,0,0,0,0,0,0,0,0,0,0,0,0,0,0,0,0,0,0,0,1,0	0,0,1,0,1,0,0,0,0,0,0,0,0,0,0,0,0,1,0,0,1,1,0	-3.493944,-2.605188,0.553318,-0.781802,0.199083,-2.861707,-3.093009,-1.355724,-2.240942,-0.344875,-0.966180,-2.913275,-1.592715,-3.059851,-0.757307,-0.217904,-2.576476,1.460494,-3.218395,-2.377249,0.878284,1.721207,-0.480184
Csat_HCT_AEJ88365.1	Csat_HCT_AEJ88365.1	acceptor_superclass::Phenolic acids (C6-C1)	acceptor_superclass::Fatty Acids and Conjugates;acceptor_superclass::Phenolic acids (C6-C1);acceptor_superclass::Small peptides;acceptor_superclass::Tyrosine alkaloids	0,0,0,0,0,0,0,0,0,0,0,0,0,1,0,0,0,0,0,0,0,0,0	0,0,0,1,0,0,0,0,0,0,0,0,0,1,0,0,0,0,1,0,0,0,1	-1.433814,-2.272921,-2.667321,0.714068,-0.650751,-0.531344,-2.297988,-1.039565,-2.513435,-0.745500,-2.509732,-1.926294,-1.474745,3.246333,-0.632991,-0.041492,-2.447680,-3.053916,1.596148,-1.103683,-0.703914,-1.243509,1.259951
Csco_HQT1_CAM84302.2	Csco_HQT1_CAM84302.2	acceptor_superclass::Phenolic acids (C6-C1)	acceptor_superclass::Phenolic acids (C6-C1)	0,0,0,0,0,0,0,0,0,0,0,0,0,1,0,0,0,0,0,0,0,0,0	0,0,0,0,0,0,0,0,0,0,0,0,0,1,0,0,0,0,0,0,0,0,0	-3.060426,-1.831939,-2.068642,-1.440127,-1.010482,-0.663092,-2.285638,-1.391618,-1.192849,-0.509191,-2.228001,-0.863317,-3.060426,1.755344,-1.196382,-0.081195,-0.776896,-2.448326,-0.168197,-3.446770,-0.321589,-1.861719,-0.701674
Csco_HQT2_ACJ23164.1	Csco_HQT2_ACJ23164.1	acceptor_superclass::Phenolic acids (C6-C1)	acceptor_superclass::Fatty Acids and Conjugates;acceptor_superclass::Phenolic acids (C6-C1);acceptor_superclass::Small peptides	0,0,0,0,0,0,0,0,0,0,0,0,0,1,0,0,0,0,0,0,0,0,0	0,0,0,1,0,0,0,0,0,0,0,0,0,1,0,0,0,0,1,0,0,0,0	-1.753545,-2.405112,-1.746247,0.309174,-1.611795,-0.513936,-1.304918,-0.466735,-2.112790,-1.357760,-2.071841,-1.130930,-2.593242,2.743156,-2.310246,-0.990829,-0.951539,-2.979723,0.317099,-2.095073,-0.353264,-2.332895,-0.496091
Csin_AT1_THG04858.1	Csin_AT1_THG04858.1	acceptor_superclass::Flavonoids	acceptor_superclass::Diterpenoids;acceptor_superclass::Fatty acyls;acceptor_superclass::Lysine alkaloids;acceptor_superclass::Monoterpenoids;acceptor_superclass::Phenylpropanoids (C6-C3);acceptor_superclass::Saccharides	0,0,0,0,0,1,0,0,0,0,0,0,0,0,0,0,0,0,0,0,0,0,0	0,0,1,0,1,0,0,0,1,1,0,0,0,0,0,1,0,1,0,0,0,0,0	-3.862275,-4.699033,0.427753,-0.151778,0.952015,-2.261570,-2.948642,-1.763645,0.469591,0.120620,-2.924691,-3.616192,-3.862275,-1.419778,-1.131238,1.760622,-1.740973,0.123872,-2.596425,-4.294864,-2.260932,-1.662625,-3.517078
Csin_AT2_THG19836.1	Csin_AT2_THG19836.1	acceptor_superclass::Flavonoids	acceptor_superclass::Fatty Acids and Conjugates;acceptor_superclass::Fatty acyls;acceptor_superclass::Monoterpenoids;acceptor_superclass::Phenylethanoids (C6-C2);acceptor_superclass::Phenylpropanoids (C6-C3)	0,0,0,0,0,1,0,0,0,0,0,0,0,0,0,0,0,0,0,0,0,0,0	0,0,0,1,1,0,0,0,0,1,0,0,0,0,1,1,0,0,0,0,0,0,0	-1.776202,-2.588146,-1.410298,0.090665,0.621807,-0.394851,-1.967159,-1.019561,-0.079945,0.800686,-1.900732,-3.106601,-2.412069,-2.363885,0.765482,0.626164,-1.282664,-2.245481,-1.387841,-2.359668,-2.887461,-2.270159,-2.012494
Csin_CHAT1_GMQ03793.1	Csin_CHAT1_GMQ03793.1	acceptor_superclass::Fatty acyls	acceptor_superclass::Lysine alkaloids;acceptor_superclass::Monoterpenoids;acceptor_superclass::Phenylpropanoids (C6-C3)	0,0,0,0,1,0,0,0,0,0,0,0,0,0,0,0,0,0,0,0,0,0,0	0,0,0,0,0,0,0,0,1,1,0,0,0,0,0,1,0,0,0,0,0,0,0	-1.979024,-2.871289,-1.527483,-0.557052,-0.034514,-0.512960,-2.618953,-0.269992,0.756346,0.900942,-1.652811,-2.166019,-2.375277,-1.726487,-0.232823,0.268992,-0.397045,-1.659977,-1.362135,-1.428412,-2.033770,-1.609764,-1.367029
Csin_HCT1_XP_028081726.1	Csin_HCT1_XP_028081726.1	acceptor_superclass::Phenolic acids (C6-C1)	acceptor_superclass::Phenolic acids (C6-C1);acceptor_superclass::Small peptides;acceptor_superclass::Tyrosine alkaloids	0,0,0,0,0,0,0,0,0,0,0,0,0,1,0,0,0,0,0,0,0,0,0	0,0,0,0,0,0,0,0,0,0,0,0,0,1,0,0,0,0,1,0,0,0,1	-2.412140,-2.182559,-2.851407,-0.108486,-1.015241,-0.551433,-2.372661,-1.246377,-1.366179,-0.609398,-2.648022,-1.389784,-3.071934,3.243482,-2.235410,-0.378869,-1.744471,-1.913777,1.447778,-2.201886,-0.538289,-2.182620,0.411179
Csin_HCT2_THG02040.1	Csin_HCT2_THG02040.1	acceptor_superclass::Flavonoids;acceptor_superclass::Phenolic acids (C6-C1)	acceptor_superclass::Phenolic acids (C6-C1);acceptor_superclass::Small peptides;acceptor_superclass::Tyrosine alkaloids	0,0,0,0,0,1,0,0,0,0,0,0,0,1,0,0,0,0,0,0,0,0,0	0,0,0,0,0,0,0,0,0,0,0,0,0,1,0,0,0,0,1,0,0,0,1	-2.185382,-1.906734,-2.522803,-0.708281,-1.079132,-0.799189,-2.291023,-1.301337,-1.752630,-1.734302,-2.449118,-1.297877,-2.839431,3.907723,-1.283445,-0.584458,-1.439400,-2.907974,1.260346,-2.510579,-1.727739,-0.839229,0.371009
Dcar_HCBT3_CAB06429.1	Dcar_HCBT1_CAB06427.1	acceptor_superclass::Phenolic acids (C6-C1);acceptor_superclass::Small peptides	acceptor_superclass::Ornithine alkaloids;acceptor_superclass::Phenolic acids (C6-C1);acceptor_superclass::Phenylpropanoids (C6-C3);acceptor_superclass::Small peptides	0,0,0,0,0,0,0,0,0,0,0,0,0,1,0,0,0,0,1,0,0,0,0	0,0,0,0,0,0,0,0,0,0,0,1,0,1,0,1,0,0,1,0,0,0,0	-1.042728,-1.831314,-1.652175,-0.718287,-1.327621,-1.354070,-1.987001,-1.414636,-2.678751,-1.293918,-3.102965,0.060233,-0.757790,0.200260,-0.250820,0.463505,-1.337340,-2.521859,1.697051,-1.259575,-1.576212,-2.422453,-0.674220
Dcar_HCBT2_CAB06430.1	Dcar_HCBT2_CAB06430.1	acceptor_superclass::Small peptides	acceptor_superclass::Ornithine alkaloids;acceptor_superclass::Phenolic acids (C6-C1);acceptor_superclass::Phenylpropanoids (C6-C3);acceptor_superclass::Small peptides	0,0,0,0,0,0,0,0,0,0,0,0,0,0,0,0,0,0,1,0,0,0,0	0,0,0,0,0,0,0,0,0,0,0,1,0,1,0,1,0,0,1,0,0,0,0	-1.207595,-0.539105,-1.963728,-2.042839,-1.256305,-1.076408,-1.965747,-1.045132,-1.915499,-0.324075,-2.842099,0.808772,-1.398034,0.304819,-1.094262,0.016518,-0.204117,-2.232891,0.744765,-1.136622,-2.423297,-1.954060,-0.419564
Dcar_HCBT3_CAB06429.1	Dcar_HCBT3_CAB06429.1	acceptor_superclass::Small peptides	acceptor_superclass::Ornithine alkaloids;acceptor_superclass::Phenolic acids (C6-C1);acceptor_superclass::Phenylpropanoids (C6-C3);acceptor_superclass::Small peptides	0,0,0,0,0,0,0,0,0,0,0,0,0,0,0,0,0,0,1,0,0,0,0	0,0,0,0,0,0,0,0,0,0,0,1,0,1,0,1,0,0,1,0,0,0,0	-0.889114,-1.530328,-1.498681,-0.916154,-1.480617,-1.586623,-1.759068,-1.325212,-2.550341,-0.033936,-2.924363,0.280441,-0.659839,0.793493,-0.567798,0.414581,-0.658779,-2.376898,1.205045,-1.100232,-1.843951,-2.649703,-0.267415
Dlan_MAT1_QUW17232.1	Dlan_MAT1_QUW17232.1	acceptor_superclass::Flavonoids;acceptor_superclass::Steroids	acceptor_superclass::Coumarins;acceptor_superclass::Flavonoids;acceptor_superclass::Isoflavonoids;acceptor_superclass::Phenanthrenoids;acceptor_superclass::Steroids	0,0,0,0,0,1,0,0,0,0,0,0,0,0,0,0,0,0,0,1,0,0,0	1,0,0,0,0,1,1,0,0,0,0,0,1,0,0,0,0,0,0,1,0,0,0	1.661245,-0.799112,-3.490787,-1.784329,-1.302012,2.093375,2.024856,-2.299484,-2.261112,-2.085307,-0.958120,-1.187254,1.478470,-0.813227,-0.738785,-1.228221,-1.286751,-2.182033,-0.613187,2.171310,-1.533303,-3.052309,-0.876392
Dlan_MAT2_QWS71079.1	Dlan_MAT2_QWS71079.1	acceptor_superclass::Flavonoids;acceptor_superclass::Steroids	acceptor_superclass::Coumarins;acceptor_superclass::Flavonoids;acceptor_superclass::Isoflavonoids;acceptor_superclass::Phenanthrenoids;acceptor_superclass::Steroids	0,0,0,0,0,1,0,0,0,0,0,0,0,0,0,0,0,0,0,1,0,0,0	1,0,0,0,0,1,1,0,0,0,0,0,1,0,0,0,0,0,0,1,0,0,0	1.559044,-1.218665,-3.553355,-1.704077,-1.539644,2.039564,1.818964,-2.217277,-1.992003,-2.466041,-0.880194,-0.839452,1.724054,-0.836186,-1.024492,-1.499287,-0.950704,-2.351981,-0.211188,1.820053,-1.189413,-3.324622,-0.650850
Dmor_3MAT1_AAQ63615.1	Dmor_3MAT1_AAQ63615.1	acceptor_superclass::Flavonoids	acceptor_superclass::Coumarins;acceptor_superclass::Flavonoids;acceptor_superclass::Isoflavonoids;acceptor_superclass::Phenanthrenoids;acceptor_superclass::Steroids	0,0,0,0,0,1,0,0,0,0,0,0,0,0,0,0,0,0,0,0,0,0,0	1,0,0,0,0,1,1,0,0,0,0,0,1,0,0,0,0,0,0,1,0,0,0	0.258119,-0.506778,-3.255588,-0.513410,-0.029493,2.808329,2.182172,-1.982798,-2.943386,-1.889599,-0.817366,-1.485538,0.258119,-1.939804,-0.911225,-1.809876,-1.091761,-2.957078,-1.483162,1.528433,-2.363656,-2.768829,-0.843817
Dmor_3MAT2_AAQ63616.1	Dmor_3MAT2_AAQ63616.1	acceptor_superclass::Flavonoids	acceptor_superclass::Coumarins;acceptor_superclass::Flavonoids;acceptor_superclass::Isoflavonoids;acceptor_superclass::Naphthalenes;acceptor_superclass::Phenanthrenoids;acceptor_superclass::Steroids	0,0,0,0,0,1,0,0,0,0,0,0,0,0,0,0,0,0,0,0,0,0,0	1,0,0,0,0,1,1,0,0,0,1,0,1,0,0,0,0,0,0,1,0,0,0	1.286135,-0.930631,-2.880997,-1.557075,-2.021670,2.817948,2.251900,-2.751293,-2.428801,-2.836394,0.418650,-1.128190,0.241309,-0.844636,-1.994798,-2.281508,-0.113696,-3.104090,-1.152657,0.418572,-0.684069,-1.955793,-0.000080
Dmor_3MAT3_BAF50706.1	Dmor_3MAT3_BAF50706.1	acceptor_superclass::Flavonoids;acceptor_superclass::Isoflavonoids	acceptor_superclass::Flavonoids;acceptor_superclass::Isoflavonoids;acceptor_superclass::Phenylethanoids (C6-C2);acceptor_superclass::Steroids	0,0,0,0,0,1,1,0,0,0,0,0,0,0,0,0,0,0,0,0,0,0,0	0,0,0,0,0,1,1,0,0,0,0,0,0,0,1,0,0,0,0,1,0,0,0	-0.247899,-0.495130,-3.480116,-1.446535,-0.416633,1.628030,1.905337,-3.068473,-2.681144,-1.645200,-1.226540,-1.549971,-0.247899,-2.468096,0.471019,-1.278544,-1.941241,-1.831386,-1.549377,2.521748,-1.161080,-3.379779,-1.060529
Dpin_3MAT_AAO12206.1	Dpin_3MAT_AAO12206.1	acceptor_superclass::Flavonoids	acceptor_superclass::Coumarins;acceptor_superclass::Cyclic polyketides;acceptor_superclass::Flavonoids;acceptor_superclass::Isoflavonoids;acceptor_superclass::Phenanthrenoids;acceptor_superclass::Steroids	0,0,0,0,0,1,0,0,0,0,0,0,0,0,0,0,0,0,0,0,0,0,0	1,1,0,0,0,1,1,0,0,0,0,0,1,0,0,0,0,0,0,1,0,0,0	0.488221,0.314016,-2.963221,-1.230503,-0.536734,3.108002,2.341837,-1.913755,-2.144205,-2.120116,-1.394079,-0.898464,0.488221,-2.471736,-0.992773,-2.420199,-0.757627,-2.650907,-1.527836,2.365251,-1.340841,-2.816741,-0.698448
Dvar_3MAT_AAO12206.1	Dvar_3MAT_AAO12206.1		acceptor_superclass::Coumarins;acceptor_superclass::Cyclic polyketides;acceptor_superclass::Flavonoids;acceptor_superclass::Isoflavonoids;acceptor_superclass::Phenanthrenoids;acceptor_superclass::Steroids	0,0,0,0,0,0,0,0,0,0,0,0,0,0,0,0,0,0,0,0,0,0,0	1,1,0,0,0,1,1,0,0,0,0,0,1,0,0,0,0,0,0,1,0,0,0	0.488221,0.314016,-2.963221,-1.230503,-0.536734,3.108002,2.341837,-1.913755,-2.144205,-2.120116,-1.394079,-0.898464,0.488221,-2.471736,-0.992773,-2.420199,-0.757627,-2.650907,-1.527836,2.365251,-1.340841,-2.816741,-0.698448
Ecoc_CS_AGT56097.1	Ecoc_BAHD7_AGT56097.1	acceptor_superclass::Ornithine alkaloids	acceptor_superclass::Cyclic polyketides;acceptor_superclass::Fatty acyls;acceptor_superclass::Monoterpenoids;acceptor_superclass::Phenylethanoids (C6-C2);acceptor_superclass::Phenylpropanoids (C6-C3)	0,0,0,0,0,0,0,0,0,0,0,1,0,0,0,0,0,0,0,0,0,0,0	0,1,0,0,1,0,0,0,0,1,0,0,0,0,1,1,0,0,0,0,0,0,0	-3.627785,0.431725,-0.612581,-4.205756,0.747298,-1.997824,-2.544283,-1.047638,-0.259993,0.921717,-1.935972,-0.287730,-2.187400,-3.511269,1.566728,1.226936,-1.153776,-0.288833,-2.502332,-3.002913,-0.065426,-1.419504,-0.974521
Ecoc_CS_AGT56097.1	Ecoc_CS_AGT56097.1	acceptor_superclass::Ornithine alkaloids	acceptor_superclass::Cyclic polyketides;acceptor_superclass::Fatty acyls;acceptor_superclass::Monoterpenoids;acceptor_superclass::Phenylethanoids (C6-C2);acceptor_superclass::Phenylpropanoids (C6-C3);acceptor_superclass::Triterpenoids	0,0,0,0,0,0,0,0,0,0,0,1,0,0,0,0,0,0,0,0,0,0,0	0,1,0,0,1,0,0,0,0,1,0,0,0,0,1,1,0,0,0,0,1,0,0	-3.474083,0.392251,-0.646191,-3.937813,0.367957,-3.078982,-2.735854,-3.232804,-0.264230,0.261748,-1.944749,-0.179739,-2.124890,-3.908940,1.379756,0.967730,-1.257819,-0.871011,-3.388763,-1.394313,0.276496,-0.936196,-1.210873
Ecoc_HQT_AFF19203.1	Ecoc_HQT_AFF19203.1	acceptor_superclass::Phenolic acids (C6-C1)	acceptor_superclass::Phenolic acids (C6-C1);acceptor_superclass::Small peptides	0,0,0,0,0,0,0,0,0,0,0,0,0,1,0,0,0,0,0,0,0,0,0	0,0,0,0,0,0,0,0,0,0,0,0,0,1,0,0,0,0,1,0,0,0,0	-1.538156,-1.569670,-3.420516,-0.853839,-1.462823,-1.585276,-2.149498,-2.196393,-1.537383,-0.982111,-1.525990,-0.881781,-1.713680,1.844508,-0.092156,-0.186820,-1.298068,-2.364925,0.680738,-1.823776,-0.423281,-3.374329,-0.561506
Egra_5AT_BAF49288.1	Egra_5AT_BAF49288.1	acceptor_superclass::Flavonoids	acceptor_superclass::Coumarins;acceptor_superclass::Flavonoids;acceptor_superclass::Isoflavonoids;acceptor_superclass::Steroids;acceptor_superclass::Triterpenoids	0,0,0,0,0,1,0,0,0,0,0,0,0,0,0,0,0,0,0,0,0,0,0	1,0,0,0,0,1,1,0,0,0,0,0,0,0,0,0,0,0,0,1,1,0,0	0.153924,-0.427107,-3.793606,-1.797881,-1.845203,2.421926,1.538849,-1.845926,-1.908877,-2.258816,-1.581583,-0.470434,-0.615459,-0.148484,-1.525174,-2.645759,-0.749247,-2.905530,-0.819886,1.872999,0.912215,-2.170676,-0.722320
Epep_BAHD11_NA	Epep_BAHD11_NA	acceptor_superclass::Diterpenoids	acceptor_superclass::Diterpenoids;acceptor_superclass::Naphthalenes;acceptor_superclass::Triterpenoids;acceptor_superclass::Tryptophan alkaloids	0,0,1,0,0,0,0,0,0,0,0,0,0,0,0,0,0,0,0,0,0,0,0	0,0,1,0,0,0,0,0,0,0,1,0,0,0,0,0,0,0,0,0,1,1,0	-1.095043,-2.178901,2.150547,-2.258276,-1.622096,-1.883381,-1.713391,-2.637277,-3.947081,-1.751403,0.803584,-1.054476,-1.095043,-3.563432,-3.056390,-0.670663,-2.091181,-1.757618,-2.677065,-0.764456,1.469464,0.919203,-0.489442
Epep_BAHD12_NA	Epep_BAHD12_NA	acceptor_superclass::Diterpenoids	acceptor_superclass::Diterpenoids;acceptor_superclass::Naphthalenes;acceptor_superclass::Triterpenoids;acceptor_superclass::Tryptophan alkaloids	0,0,1,0,0,0,0,0,0,0,0,0,0,0,0,0,0,0,0,0,0,0,0	0,0,1,0,0,0,0,0,0,0,1,0,0,0,0,0,0,0,0,0,1,1,0	-2.270383,-1.170513,0.312220,-1.297891,-0.869694,-1.684006,-1.262488,-1.646966,-3.644987,-0.369830,0.396832,-1.268276,-0.961230,-3.466664,-1.167278,-1.130012,-1.773048,-1.717690,-2.449227,-0.092777,1.107679,0.490812,-1.708882
Epep_BAHD6_NA	Epep_BAHD6_NA	acceptor_superclass::Diterpenoids	acceptor_superclass::Phenylpropanoids (C6-C3);acceptor_superclass::Saccharides;acceptor_superclass::Tryptophan alkaloids	0,0,1,0,0,0,0,0,0,0,0,0,0,0,0,0,0,0,0,0,0,0,0	0,0,0,0,0,0,0,0,0,0,0,0,0,0,0,1,0,1,0,0,0,1,0	-2.625817,-3.685879,-0.186471,-1.056935,-1.531778,-1.407719,-2.973705,-0.318986,-1.674174,-0.194222,-1.679234,-3.968798,-0.513942,-2.217432,-1.407525,0.170749,-3.389302,1.900720,-1.338974,-2.497763,-0.439627,1.432283,-0.207395
Epep_BAHD7_NA	Epep_BAHD7_NA	acceptor_superclass::Diterpenoids	acceptor_superclass::Diterpenoids;acceptor_superclass::Naphthalenes;acceptor_superclass::Steroids;acceptor_superclass::Triterpenoids;acceptor_superclass::Tryptophan alkaloids	0,0,1,0,0,0,0,0,0,0,0,0,0,0,0,0,0,0,0,0,0,0,0	0,0,1,0,0,0,0,0,0,0,1,0,0,0,0,0,0,0,0,1,1,1,0	-1.793488,-1.547313,0.282251,-2.500196,-1.079591,-1.456758,-0.926741,-1.172872,-3.613106,-0.923079,1.532437,-1.587165,-1.314255,-3.641124,-0.106522,-0.801263,-1.249358,-1.940851,-3.318774,1.087968,1.692719,0.533345,-1.348928
Epep_BAHD8_NA	Epep_BAHD8_NA	acceptor_superclass::Diterpenoids	acceptor_superclass::Lignans;acceptor_superclass::Monoterpenoids;acceptor_superclass::Saccharides;acceptor_superclass::Tryptophan alkaloids;acceptor_superclass::Tyrosine alkaloids	0,0,1,0,0,0,0,0,0,0,0,0,0,0,0,0,0,0,0,0,0,0,0	0,0,0,0,0,0,0,1,0,1,0,0,0,0,0,0,0,1,0,0,0,1,1	-2.443540,-3.170121,-1.038242,-0.338758,-1.659779,-1.602385,-2.741399,1.626175,-1.431415,0.085599,-1.941698,-4.091434,-1.151975,-1.637054,-2.338537,-0.155448,-3.267092,2.334902,-0.757885,-0.160960,-0.441304,2.303761,1.680702
Epla_AAT1-1_BDW80081.1	Epla_AAT1-1_BDW80081.1	acceptor_superclass::Naphthalenes	acceptor_superclass::Naphthalenes;acceptor_superclass::Saccharides;acceptor_superclass::Triterpenoids	0,0,0,0,0,0,0,0,0,0,1,0,0,0,0,0,0,0,0,0,0,0,0	0,0,0,0,0,0,0,0,0,0,1,0,0,0,0,0,0,1,0,0,1,0,0	-1.680498,-1.861496,-1.458951,-2.403228,-2.144008,-1.865550,-1.811142,-0.482836,-1.538987,-1.539255,2.239319,-1.450852,-1.544230,-3.396923,-1.202672,-1.059114,-0.216089,0.204189,-3.021981,-2.052217,0.364504,-0.524969,-0.834353
Epla_AAT1-2_BDW80082.1	Epla_AAT1-2_BDW80082.1	acceptor_superclass::Naphthalenes	acceptor_superclass::Naphthalenes;acceptor_superclass::Saccharides;acceptor_superclass::Tryptophan alkaloids	0,0,0,0,0,0,0,0,0,0,1,0,0,0,0,0,0,0,0,0,0,0,0	0,0,0,0,0,0,0,0,0,0,1,0,0,0,0,0,0,1,0,0,0,1,0	-2.048818,-1.839175,-1.646635,-3.476174,-2.635430,-1.383442,-1.827544,-0.593311,-1.220867,-1.121082,1.908099,-0.736272,-1.688158,-3.772010,-1.274040,-1.371246,-0.091222,0.398060,-2.899919,-1.316049,-0.662211,0.462282,-0.207638
Epla_AAT2-1_BDW80086.1	Epla_AAT2-1_BDW80086.1	acceptor_superclass::Naphthalenes	acceptor_superclass::Naphthalenes;acceptor_superclass::Triterpenoids;acceptor_superclass::Tryptophan alkaloids;acceptor_superclass::Tyrosine alkaloids	0,0,0,0,0,0,0,0,0,0,1,0,0,0,0,0,0,0,0,0,0,0,0	0,0,0,0,0,0,0,0,0,0,1,0,0,0,0,0,0,0,0,0,1,1,1	-1.791130,-2.021244,-0.919933,-1.954244,-1.156165,-1.870740,-1.300221,-1.441418,-2.392413,-0.686912,2.565797,-1.965315,-1.291828,-3.304209,-1.180348,-0.393458,-0.827249,-2.087372,-3.436658,-2.603975,0.473696,0.036333,0.096999
Epla_AAT2-2_BDW80087.1	Epla_AAT2-2_BDW80087.1	acceptor_superclass::Naphthalenes	acceptor_superclass::Naphthalenes;acceptor_superclass::Triterpenoids;acceptor_superclass::Tryptophan alkaloids	0,0,0,0,0,0,0,0,0,0,1,0,0,0,0,0,0,0,0,0,0,0,0	0,0,0,0,0,0,0,0,0,0,1,0,0,0,0,0,0,0,0,0,1,1,0	-1.503998,-2.008917,-0.311320,-2.597255,-1.365184,-1.957539,-0.893380,-1.344303,-2.224981,-1.890917,2.996071,-2.220773,-1.126585,-3.749435,-1.190253,-1.090595,-1.408156,-1.562496,-3.458085,-1.228388,0.369131,0.283698,-0.376117
Epla_AAT2-3_BDW80088.1	Epla_AAT2-3_BDW80088.1	acceptor_superclass::Naphthalenes	acceptor_superclass::Diterpenoids;acceptor_superclass::Naphthalenes;acceptor_superclass::Triterpenoids;acceptor_superclass::Tryptophan alkaloids	0,0,0,0,0,0,0,0,0,0,1,0,0,0,0,0,0,0,0,0,0,0,0	0,0,1,0,0,0,0,0,0,0,1,0,0,0,0,0,0,0,0,0,1,1,0	-2.393045,-1.668893,0.080743,-2.178139,-1.814670,-2.931589,-1.931865,-2.427556,-1.574467,-1.816310,2.452498,-1.361579,-2.212221,-4.254695,-1.115131,-0.833658,-0.873769,-1.155937,-3.732759,-2.233242,0.417386,0.535763,-0.131238
Epla_SAT1-1_BDW80075.1	Epla_SAT1-1_BDW80075.1	acceptor_superclass::Naphthalenes	acceptor_superclass::Diterpenoids;acceptor_superclass::Naphthalenes;acceptor_superclass::Triterpenoids;acceptor_superclass::Tryptophan alkaloids;acceptor_superclass::Tyrosine alkaloids	0,0,0,0,0,0,0,0,0,0,1,0,0,0,0,0,0,0,0,0,0,0,0	0,0,1,0,0,0,0,0,0,0,1,0,0,0,0,0,0,0,0,0,1,1,1	-2.228008,-2.670049,0.542760,-2.238677,-2.082268,-2.473965,-1.637013,-0.222190,-1.939227,-0.886585,2.622425,-2.165758,-2.474875,-2.952156,-1.103530,-0.467218,-1.049930,-0.652226,-3.433312,-3.541864,0.443493,1.267672,0.048308
Epla_SAT1-2_BDW80076.1	Epla_SAT1-2_BDW80076.1	acceptor_superclass::Naphthalenes	acceptor_superclass::Diterpenoids;acceptor_superclass::Naphthalenes;acceptor_superclass::Triterpenoids;acceptor_superclass::Tryptophan alkaloids	0,0,0,0,0,0,0,0,0,0,1,0,0,0,0,0,0,0,0,0,0,0,0	0,0,1,0,0,0,0,0,0,0,1,0,0,0,0,0,0,0,0,0,1,1,0	-3.533361,-2.805153,0.230800,-1.960359,-2.342567,-3.261061,-2.323769,-2.905186,-1.381603,-1.070595,1.936604,-1.734659,-3.533361,-3.022604,-1.759121,-0.445564,-1.026086,-0.272378,-3.274597,-3.051453,0.320032,1.087794,-0.096055
Epla_SAT2-1_BDW80078.1	Epla_SAT2-1_BDW80078.1	acceptor_superclass::Naphthalenes	acceptor_superclass::Naphthalenes;acceptor_superclass::Tryptophan alkaloids;acceptor_superclass::Tyrosine alkaloids	0,0,0,0,0,0,0,0,0,0,1,0,0,0,0,0,0,0,0,0,0,0,0	0,0,0,0,0,0,0,0,0,0,1,0,0,0,0,0,0,0,0,0,0,1,1	-1.695760,-2.390100,-1.006756,-0.612462,-2.127631,-2.237912,-1.468042,-1.624787,-2.446298,-1.483595,2.969193,-1.655731,-1.177910,-3.422028,-1.857892,-2.013610,-0.410164,-1.218199,-3.401038,-1.223607,-0.179809,1.056497,0.092443
Epla_SAT2-2_BDW80079.1	Epla_SAT2-2_BDW80079.1	acceptor_superclass::Naphthalenes	acceptor_superclass::Naphthalenes;acceptor_superclass::Pseudoalkaloids;acceptor_superclass::Triterpenoids;acceptor_superclass::Tryptophan alkaloids;acceptor_superclass::Tyrosine alkaloids	0,0,0,0,0,0,0,0,0,0,1,0,0,0,0,0,0,0,0,0,0,0,0	0,0,0,0,0,0,0,0,0,0,1,0,0,0,0,0,1,0,0,0,1,1,1	-1.712068,-2.761543,-0.510430,-0.387671,-2.264665,-2.153245,-1.586314,-1.256299,-2.611912,-1.458800,2.849148,-1.517094,-1.463603,-3.363450,-1.647831,-1.175342,0.085451,-1.049235,-3.528434,-2.836962,0.098787,1.132180,0.017397
Epur_HCT_QRI59128.1	Epur_HCT_QRI59128.1	acceptor_superclass::Phenolic acids (C6-C1)	acceptor_superclass::Phenolic acids (C6-C1);acceptor_superclass::Small peptides;acceptor_superclass::Triterpenoids;acceptor_superclass::Tyrosine alkaloids	0,0,0,0,0,0,0,0,0,0,0,0,0,1,0,0,0,0,0,0,0,0,0	0,0,0,0,0,0,0,0,0,0,0,0,0,1,0,0,0,0,1,0,1,0,1	-2.375719,-2.068452,-3.074886,-0.537403,-0.850094,-0.063973,-2.239943,-0.844161,-1.419455,-0.907603,-2.367977,-1.180391,-3.050432,3.666472,-1.038307,-0.033505,-1.353381,-2.996921,1.125836,-2.003915,0.015337,-1.101944,0.756749
Epur_HMT_UHJ19789.2	Epur_HMT_UHJ19789.2	acceptor_superclass::Fatty Acids and Conjugates	acceptor_superclass::Fatty Acids and Conjugates;acceptor_superclass::Lignans;acceptor_superclass::Phenolic acids (C6-C1);acceptor_superclass::Small peptides;acceptor_superclass::Tyrosine alkaloids	0,0,0,1,0,0,0,0,0,0,0,0,0,0,0,0,0,0,0,0,0,0,0	0,0,0,1,0,0,0,1,0,0,0,0,0,1,0,0,0,0,1,0,0,0,1	-0.305953,-3.111322,-0.613149,0.340585,-1.845241,-0.757443,-1.918617,0.905062,-2.456752,-0.826814,-1.214903,-1.642852,-0.305953,1.694582,-3.161699,-1.309341,-1.827392,-2.885209,0.525027,-1.248868,-1.573693,-0.461752,0.147283
Epur_HQT_QRI59127.1	Epur_HQT_QRI59127.1	acceptor_superclass::Phenolic acids (C6-C1)	acceptor_superclass::Phenolic acids (C6-C1);acceptor_superclass::Small peptides	0,0,0,0,0,0,0,0,0,0,0,0,0,1,0,0,0,0,0,0,0,0,0	0,0,0,0,0,0,0,0,0,0,0,0,0,1,0,0,0,0,1,0,0,0,0	-1.865031,-1.728822,-2.103617,-1.879231,-1.201519,-0.298742,-1.692575,-1.163125,-1.851713,-2.080878,-1.763553,-1.247393,-2.719586,3.080159,-1.086182,-0.062284,-1.348296,-3.544254,0.446966,-2.898032,-1.824687,-1.854274,-0.903826
Epur_HTT_QRI59126.1	Epur_HTT_QRI59126.1	acceptor_superclass::Fatty Acids and Conjugates	acceptor_superclass::Lignans;acceptor_superclass::Phenolic acids (C6-C1);acceptor_superclass::Small peptides	0,0,0,1,0,0,0,0,0,0,0,0,0,0,0,0,0,0,0,0,0,0,0	0,0,0,0,0,0,0,1,0,0,0,0,0,1,0,0,0,0,1,0,0,0,0	-0.782710,-2.203192,-1.497954,-1.182170,-1.719754,-0.041424,-1.430559,0.625947,-1.708645,-2.055798,-1.226681,-0.996014,-1.533218,0.668372,-1.832865,-1.165687,-0.581009,-2.437052,0.203997,-1.710631,-3.187036,-2.312579,-0.631429
Fana_SAAT_AAG13130.1	Fana_SAAT_AAG13130.1	acceptor_superclass::Cyclic polyketides;acceptor_superclass::Fatty acyls;acceptor_superclass::Phenylethanoids (C6-C2)	acceptor_superclass::Cyclic polyketides;acceptor_superclass::Monoterpenoids;acceptor_superclass::Ornithine alkaloids;acceptor_superclass::Phenylethanoids (C6-C2);acceptor_superclass::Steroids	0,1,0,0,1,0,0,0,0,0,0,0,0,0,1,0,0,0,0,0,0,0,0	0,1,0,0,0,0,0,0,0,1,0,1,0,0,1,0,0,0,0,1,0,0,0	-2.542916,2.336686,-2.854160,-4.032291,-0.016308,-0.007273,-1.274330,-2.906787,-1.616087,0.587662,-2.570241,1.321028,-2.160657,-3.692780,0.256015,-0.149715,-0.223677,-0.978211,-0.996384,0.494971,-0.530466,-1.227759,-0.980125
Fves_VAAT_CAC09062.1	Fves_VAAT_CAC09062.1	acceptor_superclass::Cyclic polyketides;acceptor_superclass::Fatty acyls;acceptor_superclass::Monoterpenoids;acceptor_superclass::Phenylethanoids (C6-C2);acceptor_superclass::Phenylpropanoids (C6-C3)	acceptor_superclass::Cyclic polyketides;acceptor_superclass::Fatty acyls;acceptor_superclass::Ornithine alkaloids;acceptor_superclass::Phenylethanoids (C6-C2);acceptor_superclass::Steroids	0,1,0,0,1,0,0,0,0,1,0,0,0,0,1,1,0,0,0,0,0,0,0	0,1,0,0,1,0,0,0,0,0,0,1,0,0,1,0,0,0,0,1,0,0,0	-1.610110,1.223291,-2.953279,-3.123234,0.370461,-1.348394,-1.216416,-3.104125,-2.862903,-0.519776,-1.577940,1.262814,-0.711021,-2.769095,0.364460,-0.628908,-0.241515,-0.996745,-1.824069,0.042588,-0.245930,-1.253453,-0.215060
Gmax_COSY_KRH21316.1	Gmax_COSY_KRH21316.1		acceptor_superclass::Flavonoids;acceptor_superclass::Pseudoalkaloids	0,0,0,0,0,0,0,0,0,0,0,0,0,0,0,0,0,0,0,0,0,0,0	0,0,0,0,0,1,0,0,0,0,0,0,0,0,0,0,1,0,0,0,0,0,0	-0.545397,-0.657541,-1.293625,-0.421131,-0.837330,0.834846,-0.790882,-1.905928,-0.539993,-0.751460,-1.729972,-0.617930,-1.321480,-4.273630,-1.477547,-1.179620,0.170114,-1.701544,-1.613849,-0.221364,-2.655911,-1.913200,-1.464600
Gmax_MT7_ABY59019.1	Gmax_IF7MAT_NP_001237760.1	acceptor_superclass::Isoflavonoids	acceptor_superclass::Coumarins;acceptor_superclass::Flavonoids;acceptor_superclass::Isoflavonoids;acceptor_superclass::Naphthalenes;acceptor_superclass::Phenanthrenoids;acceptor_superclass::Phenolic acids (C6-C1);acceptor_superclass::Steroids;acceptor_superclass::Triterpenoids	0,0,0,0,0,0,1,0,0,0,0,0,0,0,0,0,0,0,0,0,0,0,0	1,0,0,0,0,1,1,0,0,0,1,0,1,1,0,0,0,0,0,1,1,0,0	2.358794,-1.309177,-3.596226,-1.468947,-3.772940,3.087450,3.080540,-3.541270,-3.941643,-4.621487,0.791255,-0.487279,1.616186,0.634713,-3.030490,-2.880627,-0.466563,-3.660702,-0.826293,2.069511,0.450954,-3.991000,-0.508539
Gmax_IMAT1_AQY54373.1	Gmax_IMAT1_AQY54373.1	acceptor_superclass::Isoflavonoids	acceptor_superclass::Coumarins;acceptor_superclass::Flavonoids;acceptor_superclass::Isoflavonoids;acceptor_superclass::Ornithine alkaloids;acceptor_superclass::Pseudoalkaloids;acceptor_superclass::Steroids;acceptor_superclass::Triterpenoids	0,0,0,0,0,0,1,0,0,0,0,0,0,0,0,0,0,0,0,0,0,0,0	1,0,0,0,0,1,1,0,0,0,0,1,0,0,0,0,1,0,0,1,1,0,0	0.561196,-0.887425,-2.580461,-1.388037,-4.582897,1.727603,2.170757,-2.409920,-3.615929,-3.986211,-0.093749,1.530952,-0.049071,-1.433108,-2.245966,-3.251443,1.281073,-2.615098,-1.029566,1.388094,0.226441,-2.133169,-0.557255
Gmax_IMAT3_AQY54374.1	Gmax_IMAT3_AQY54374.1	acceptor_superclass::Isoflavonoids	acceptor_superclass::Flavonoids;acceptor_superclass::Isoflavonoids;acceptor_superclass::Steroids;acceptor_superclass::Triterpenoids	0,0,0,0,0,0,1,0,0,0,0,0,0,0,0,0,0,0,0,0,0,0,0	0,0,0,0,0,1,1,0,0,0,0,0,0,0,0,0,0,0,0,1,1,0,0	-0.710320,-1.175286,-3.657874,-2.098136,-3.750665,2.707844,3.080171,-2.450644,-3.064401,-3.710819,-1.690507,-0.161469,-1.343523,-0.558418,-3.784688,-3.036060,-0.590297,-2.064992,-0.540948,1.385536,0.189802,-3.762606,-1.097475
Gmax_MT7_ABY59019.1	Gmax_MT7_ABY59019.1	acceptor_superclass::Flavonoids;acceptor_superclass::Isoflavonoids	acceptor_superclass::Coumarins;acceptor_superclass::Flavonoids;acceptor_superclass::Isoflavonoids;acceptor_superclass::Naphthalenes;acceptor_superclass::Phenanthrenoids;acceptor_superclass::Phenolic acids (C6-C1);acceptor_superclass::Steroids;acceptor_superclass::Triterpenoids	0,0,0,0,0,1,1,0,0,0,0,0,0,0,0,0,0,0,0,0,0,0,0	1,0,0,0,0,1,1,0,0,0,1,0,1,1,0,0,0,0,0,1,1,0,0	2.358794,-1.309177,-3.596226,-1.468947,-3.772940,3.087450,3.080540,-3.541270,-3.941643,-4.621487,0.791255,-0.487279,1.616186,0.634713,-3.030490,-2.880627,-0.466563,-3.660702,-0.826293,2.069511,0.450954,-3.991000,-0.508539
Gmax_SSACT1_KRH01153.1	Gmax_SSACT1_KRH01153.1	acceptor_superclass::Triterpenoids	acceptor_superclass::Coumarins;acceptor_superclass::Flavonoids;acceptor_superclass::Isoflavonoids;acceptor_superclass::Naphthalenes;acceptor_superclass::Ornithine alkaloids;acceptor_superclass::Pseudoalkaloids;acceptor_superclass::Steroids	0,0,0,0,0,0,0,0,0,0,0,0,0,0,0,0,0,0,0,0,1,0,0	1,0,0,0,0,1,1,0,0,0,1,1,0,0,0,0,1,0,0,1,0,0,0	0.653689,-1.757484,-1.021475,-2.100295,-4.617314,2.149782,3.633043,-1.836000,-3.041785,-3.800705,0.372221,2.031754,-0.054859,-3.051166,-3.011405,-3.007894,2.029841,-1.707205,-2.444227,0.346035,-3.271069,-2.004857,-2.209233
Gtri_53AAT_BAA74428.1	Gtri_53AAT_BAA74428.1	acceptor_superclass::Flavonoids	acceptor_superclass::Flavonoids;acceptor_superclass::Isoflavonoids;acceptor_superclass::Triterpenoids	0,0,0,0,0,1,0,0,0,0,0,0,0,0,0,0,0,0,0,0,0,0,0	0,0,0,0,0,1,1,0,0,0,0,0,0,0,0,0,0,0,0,0,1,0,0	-0.633616,-0.419657,-2.347538,-1.205550,-0.320376,2.257473,1.168803,-3.627994,-2.317298,-2.562912,-1.046252,-1.009214,-0.559605,-1.187232,-1.906028,-2.041616,-1.792276,-4.015003,-3.053458,-0.501998,1.122558,-2.227542,-2.890568
Gtri_53AAT_BAA74428.1	Gtri_5AT_BAA74428.1	acceptor_superclass::Flavonoids	acceptor_superclass::Flavonoids;acceptor_superclass::Isoflavonoids;acceptor_superclass::Triterpenoids	0,0,0,0,0,1,0,0,0,0,0,0,0,0,0,0,0,0,0,0,0,0,0	0,0,0,0,0,1,1,0,0,0,0,0,0,0,0,0,0,0,0,0,1,0,0	-1.005937,-0.582266,-2.587969,-1.263858,-0.195356,2.158626,1.007835,-2.927408,-2.776829,-1.648535,-1.388199,-1.284742,-1.005937,-1.059469,-1.327690,-1.370580,-1.793543,-2.270178,-2.672380,-0.485471,0.835934,-2.571903,-1.304276
Gtri_53AAT_BAA74428.1	Gtri_GAT_BAA74428.1	acceptor_superclass::Flavonoids	acceptor_superclass::Flavonoids;acceptor_superclass::Isoflavonoids;acceptor_superclass::Triterpenoids	0,0,0,0,0,1,0,0,0,0,0,0,0,0,0,0,0,0,0,0,0,0,0	0,0,0,0,0,1,1,0,0,0,0,0,0,0,0,0,0,0,0,0,1,0,0	-0.379203,-0.670774,-2.072546,-1.887701,-0.471431,1.794551,0.937424,-3.596088,-2.153919,-2.960212,-1.165757,-0.908792,-0.229336,-1.168802,-1.319237,-1.883278,-1.632804,-3.277693,-2.730618,-0.702816,0.313887,-2.169389,-1.859748
Hann_HCT1_QBM78941.1	Hann_HCT1_QBM78941.1	acceptor_superclass::Phenolic acids (C6-C1)	acceptor_superclass::Flavonoids;acceptor_superclass::Phenolic acids (C6-C1);acceptor_superclass::Small peptides;acceptor_superclass::Triterpenoids;acceptor_superclass::Tyrosine alkaloids	0,0,0,0,0,0,0,0,0,0,0,0,0,1,0,0,0,0,0,0,0,0,0	0,0,0,0,0,1,0,0,0,0,0,0,0,1,0,0,0,0,1,0,1,0,1	-2.219715,-1.862791,-3.682617,-0.536361,-0.616724,0.256642,-1.754983,-1.928923,-1.580394,-0.844992,-2.248960,-1.134746,-2.682728,3.975866,-0.574017,-0.159205,-1.559336,-3.504732,1.220724,-1.256680,0.650747,-1.185163,1.417156
Hann_HCT2_QBM78942.1	Hann_HCT2_QBM78942.1	acceptor_superclass::Phenolic acids (C6-C1)	acceptor_superclass::Phenolic acids (C6-C1);acceptor_superclass::Small peptides	0,0,0,0,0,0,0,0,0,0,0,0,0,1,0,0,0,0,0,0,0,0,0	0,0,0,0,0,0,0,0,0,0,0,0,0,1,0,0,0,0,1,0,0,0,0	-2.324471,-2.423326,-2.556470,-0.379763,-1.139008,-0.628018,-2.247742,-0.707968,-1.336998,-0.829474,-2.325994,-0.734248,-2.569120,2.853394,-1.922552,-0.402306,-1.155120,-2.141728,0.974538,-2.348581,-0.123652,-2.502775,-0.036174
Hann_HQT1_QBM78938.1	Hann_HQT1_QBM78938.1	acceptor_superclass::Phenolic acids (C6-C1)	acceptor_superclass::Fatty Acids and Conjugates;acceptor_superclass::Phenolic acids (C6-C1);acceptor_superclass::Small peptides;acceptor_superclass::Triterpenoids	0,0,0,0,0,0,0,0,0,0,0,0,0,1,0,0,0,0,0,0,0,0,0	0,0,0,1,0,0,0,0,0,0,0,0,0,1,0,0,0,0,1,0,1,0,0	-1.812625,-2.740562,-2.135963,0.026699,-1.901751,-1.441086,-2.196810,-1.671256,-1.924018,-0.777811,-2.108156,-1.620204,-2.293489,2.964355,-1.393551,-0.690068,-1.566652,-2.863010,1.115149,-1.604498,0.524540,-1.855884,-0.251685
Hann_HQT2_QBM78939.1	Hann_HQT2_QBM78939.1	acceptor_superclass::Phenolic acids (C6-C1)	acceptor_superclass::Phenolic acids (C6-C1);acceptor_superclass::Small peptides;acceptor_superclass::Tyrosine alkaloids	0,0,0,0,0,0,0,0,0,0,0,0,0,1,0,0,0,0,0,0,0,0,0	0,0,0,0,0,0,0,0,0,0,0,0,0,1,0,0,0,0,1,0,0,0,1	-1.907388,-2.009563,-2.022819,-1.272361,-1.750725,-0.186173,-1.598171,-1.233889,-1.998230,-1.540151,-2.096038,-0.618920,-2.735051,2.511591,-1.832414,-0.591368,-1.080026,-3.430501,0.799707,-2.133977,-0.162075,-1.701248,0.162690
Hann_HQT3_QBM78940.1	Hann_HQT3_QBM78940.1	acceptor_superclass::Phenolic acids (C6-C1)	acceptor_superclass::Phenolic acids (C6-C1);acceptor_superclass::Small peptides	0,0,0,0,0,0,0,0,0,0,0,0,0,1,0,0,0,0,0,0,0,0,0	0,0,0,0,0,0,0,0,0,0,0,0,0,1,0,0,0,0,1,0,0,0,0	-1.824990,-1.943573,-1.919555,-1.579999,-1.135114,-0.793513,-2.356130,-0.932085,-1.378110,-1.165998,-1.452394,-1.157705,-2.892143,2.521515,-1.663451,-0.036007,-1.220024,-2.839881,0.210254,-3.282150,-0.373952,-2.125404,-0.726012
Hcan_PMT_KAL4341785.1	Hcan_PMT_KAL4341785.1	acceptor_superclass::Phenylpropanoids (C6-C3)	acceptor_superclass::Fatty acyls;acceptor_superclass::Lysine alkaloids;acceptor_superclass::Monoterpenoids;acceptor_superclass::Phenylpropanoids (C6-C3)	0,0,0,0,0,0,0,0,0,0,0,0,0,0,0,1,0,0,0,0,0,0,0	0,0,0,0,1,0,0,0,1,1,0,0,0,0,0,1,0,0,0,0,0,0,0	-1.813287,-3.118526,-1.795796,-0.451551,1.757868,-1.104715,-3.819724,-1.170078,0.721636,0.552085,-1.881533,-3.964399,-2.712721,-0.701203,-0.553008,0.503201,-2.059301,-2.487990,-1.246957,-1.933621,-1.177544,-2.836478,-1.386641
Hmur_ACT_BCN87077.1	Hmur_ACT_BCN87077.1	acceptor_superclass::Ornithine alkaloids;acceptor_superclass::Pseudoalkaloids	acceptor_superclass::Ornithine alkaloids;acceptor_superclass::Pseudoalkaloids	0,0,0,0,0,0,0,0,0,0,0,1,0,0,0,0,1,0,0,0,0,0,0	0,0,0,0,0,0,0,0,0,0,0,1,0,0,0,0,1,0,0,0,0,0,0	-2.061849,-0.787983,-2.994168,-2.107095,-1.313730,-1.025898,-0.654193,-1.856207,-1.485316,-2.705846,-1.264467,2.064039,-2.165799,-0.184500,-1.399368,-0.444765,1.601390,-2.504133,-1.272305,-1.785310,-2.184686,-1.590765,-1.119583
Hpol_BAHD3_NA	Hpol_BAHD3_NA	acceptor_superclass::Tyrosine alkaloids	acceptor_superclass::Coumarins;acceptor_superclass::Flavonoids;acceptor_superclass::Isoflavonoids;acceptor_superclass::Naphthalenes	0,0,0,0,0,0,0,0,0,0,0,0,0,0,0,0,0,0,0,0,0,0,1	1,0,0,0,0,1,1,0,0,0,1,0,0,0,0,0,0,0,0,0,0,0,0	0.473903,-1.697961,-2.643753,-1.840864,-1.504946,0.845776,0.840894,-2.891791,-2.307692,-2.298395,1.755383,-2.622496,-0.314146,-0.384110,-0.673847,-1.059003,-1.427058,-2.466038,-1.778551,-1.603432,-0.090492,-0.850990,-1.102267
Hvul_ACT1-1_AAO73071.1	Hvul_ACT1-1_AAO73071.1	acceptor_superclass::Ornithine alkaloids	acceptor_superclass::Ornithine alkaloids;acceptor_superclass::Pseudoalkaloids	0,0,0,0,0,0,0,0,0,0,0,1,0,0,0,0,0,0,0,0,0,0,0	0,0,0,0,0,0,0,0,0,0,0,1,0,0,0,0,1,0,0,0,0,0,0	-2.592986,-0.967101,-3.142160,-1.713565,-0.601019,-1.307544,-1.398688,-2.099176,-1.763922,-1.531777,-1.845544,3.048398,-2.592986,-0.426840,-1.128894,-0.192479,2.882407,-1.701360,-0.978445,-2.379068,-1.537989,-2.569717,-0.921984
Hvul_ACT1-1_BAF97626	Hvul_ACT1-1_BAF97626	acceptor_superclass::Ornithine alkaloids;acceptor_superclass::Pseudoalkaloids	acceptor_superclass::Ornithine alkaloids;acceptor_superclass::Pseudoalkaloids	0,0,0,0,0,0,0,0,0,0,0,1,0,0,0,0,1,0,0,0,0,0,0	0,0,0,0,0,0,0,0,0,0,0,1,0,0,0,0,1,0,0,0,0,0,0	-1.930591,-0.890052,-2.516225,-2.272770,-0.564616,-1.566039,-1.604402,-1.239140,-1.509323,-1.641849,-1.722778,2.930820,-1.817636,-0.543532,-0.680092,-0.120136,2.302509,-1.534551,-1.214794,-2.093698,-1.505959,-2.327096,-1.321981
Hvul_ACT1-2_BAF97627.1	Hvul_ACT1-2_BAF97627	acceptor_superclass::Ornithine alkaloids;acceptor_superclass::Pseudoalkaloids	acceptor_superclass::Ornithine alkaloids;acceptor_superclass::Pseudoalkaloids	0,0,0,0,0,0,0,0,0,0,0,1,0,0,0,0,1,0,0,0,0,0,0	0,0,0,0,0,0,0,0,0,0,0,1,0,0,0,0,1,0,0,0,0,0,0	-1.996383,-1.551285,-2.651260,-1.410909,-1.504243,-1.281600,-0.702463,-1.240589,-1.733348,-1.801711,-1.220031,2.740920,-1.837954,-0.582117,-1.243414,-0.359270,2.332401,-2.295594,-0.862718,-1.927136,-1.683575,-2.577112,-1.093005
Hvul_ACT1-2_BAF97627.1	Hvul_ACT1-2_BAF97627.1	acceptor_superclass::Ornithine alkaloids	acceptor_superclass::Ornithine alkaloids;acceptor_superclass::Pseudoalkaloids	0,0,0,0,0,0,0,0,0,0,0,1,0,0,0,0,0,0,0,0,0,0,0	0,0,0,0,0,0,0,0,0,0,0,1,0,0,0,0,1,0,0,0,0,0,0	-1.649219,-1.401503,-2.275289,-1.704985,-1.280249,-1.530874,-1.224830,-1.024794,-1.695332,-2.006467,-1.270928,2.560364,-1.701542,-0.460929,-1.196217,-0.720881,2.435606,-1.884560,-1.068198,-2.010252,-1.443842,-2.139492,-0.785857
Hvul_ACT2_BAK00935.1	Hvul_ACT2_BAK00935.1	acceptor_superclass::Ornithine alkaloids;acceptor_superclass::Pseudoalkaloids	acceptor_superclass::Ornithine alkaloids;acceptor_superclass::Pseudoalkaloids	0,0,0,0,0,0,0,0,0,0,0,1,0,0,0,0,1,0,0,0,0,0,0	0,0,0,0,0,0,0,0,0,0,0,1,0,0,0,0,1,0,0,0,0,0,0	-2.128397,-0.943191,-2.759186,-1.728853,-0.906079,-1.429750,-1.343269,-0.617194,-1.114163,-1.596655,-1.498634,2.495650,-2.336228,-0.597731,-1.461210,-0.642321,2.446251,-1.757212,-0.604284,-1.123277,-1.488972,-1.838672,-0.336705
Hvul_ACT1-1_AAO73071.1	Hvul_ACT_AAO73071.1	acceptor_superclass::Ornithine alkaloids	acceptor_superclass::Ornithine alkaloids;acceptor_superclass::Pseudoalkaloids	0,0,0,0,0,0,0,0,0,0,0,1,0,0,0,0,0,0,0,0,0,0,0	0,0,0,0,0,0,0,0,0,0,0,1,0,0,0,0,1,0,0,0,0,0,0	-2.592986,-0.967101,-3.142160,-1.713565,-0.601019,-1.307544,-1.398688,-2.099176,-1.763922,-1.531777,-1.845544,3.048398,-2.592986,-0.426840,-1.128894,-0.192479,2.882407,-1.701360,-0.978445,-2.379068,-1.537989,-2.569717,-0.921984
Ibat_HQT_BAA87043.1	Ibat_HQT_BAA87043.1	acceptor_superclass::Phenolic acids (C6-C1)	acceptor_superclass::Phenolic acids (C6-C1);acceptor_superclass::Small peptides;acceptor_superclass::Tyrosine alkaloids	0,0,0,0,0,0,0,0,0,0,0,0,0,1,0,0,0,0,0,0,0,0,0	0,0,0,0,0,0,0,0,0,0,0,0,0,1,0,0,0,0,1,0,0,0,1	-1.330557,-2.055187,-2.226089,-0.364587,-1.590384,-0.389103,-2.210073,-1.143495,-2.583816,-1.626236,-2.450001,-0.881783,-1.699022,3.241603,-1.688271,-0.391841,-1.784935,-2.829647,1.637181,-2.205789,-1.105915,-1.647371,0.289608
Ihol_3AT1_BAE72676.1	Ihol_3AT1_BAE72676.1	acceptor_superclass::Flavonoids	acceptor_superclass::Diterpenoids;acceptor_superclass::Fatty acyls;acceptor_superclass::Flavonoids;acceptor_superclass::Monoterpenoids;acceptor_superclass::Phenylpropanoids (C6-C3);acceptor_superclass::Pseudoalkaloids	0,0,0,0,0,1,0,0,0,0,0,0,0,0,0,0,0,0,0,0,0,0,0	0,0,1,0,1,1,0,0,0,1,0,0,0,0,0,1,1,0,0,0,0,0,0	-2.079489,-0.714206,0.085041,-0.233622,0.750522,0.298476,-2.487340,-0.935208,-0.695257,1.741050,-2.553534,-0.275862,-2.370109,-5.393362,-1.042726,0.030128,0.509262,-1.739683,-2.835124,-2.635054,-3.893436,-2.266660,-3.992925
Ihol_3AT2_BAE94328.1	Ihol_3AT2_BAE94328.1	acceptor_superclass::Flavonoids	acceptor_superclass::Diterpenoids;acceptor_superclass::Fatty acyls;acceptor_superclass::Flavonoids;acceptor_superclass::Monoterpenoids;acceptor_superclass::Ornithine alkaloids;acceptor_superclass::Pseudoalkaloids	0,0,0,0,0,1,0,0,0,0,0,0,0,0,0,0,0,0,0,0,0,0,0	0,0,1,0,1,1,0,0,0,1,0,1,0,0,0,0,1,0,0,0,0,0,0	-1.149398,-1.904246,0.820772,-0.186190,0.467838,0.522730,-2.571203,-0.381764,-1.328669,0.609964,-2.084980,0.043849,-1.149398,-4.931292,-0.753188,-0.450825,0.355750,-1.915514,-3.008666,-2.989346,-3.220088,-1.400724,-4.149363
Jsam_BEAT1_UJH94663.1	Jsam_BEAT1_UJH94663.1		acceptor_superclass::Fatty acyls;acceptor_superclass::Monoterpenoids;acceptor_superclass::Phenylpropanoids (C6-C3)	0,0,0,0,0,0,0,0,0,0,0,0,0,0,0,0,0,0,0,0,0,0,0	0,0,0,0,1,0,0,0,0,1,0,0,0,0,0,1,0,0,0,0,0,0,0	-2.618097,-3.494671,-1.121452,-0.307972,1.950623,-1.934356,-1.516064,-1.770173,-1.480313,0.053456,-1.100160,-0.830775,-2.618097,-1.916409,-0.610697,0.781657,-0.098278,-3.861143,-2.733189,-1.919685,-3.237779,-5.158941,-3.160880
Jsam_BEAT2_UJH94664.1	Jsam_BEAT2_UJH94664.1		acceptor_superclass::Fatty Acids and Conjugates;acceptor_superclass::Phenylethanoids (C6-C2)	0,0,0,0,0,0,0,0,0,0,0,0,0,0,0,0,0,0,0,0,0,0,0	0,0,0,1,0,0,0,0,0,0,0,0,0,0,1,0,0,0,0,0,0,0,0	-1.679096,-2.429962,-1.513339,2.522590,-1.503062,-1.216740,-1.733335,-0.524105,-2.830382,-0.746484,-2.106911,-1.053717,-1.576624,-1.700363,0.295690,-1.050188,-0.801890,-1.861406,-0.941900,-0.208626,-0.927343,-0.485798,-0.482128
Lalb_HMT_BAD89275.1	Lalb_HMT_BAD89275.1	acceptor_superclass::Lysine alkaloids	acceptor_superclass::Fatty acyls;acceptor_superclass::Lysine alkaloids;acceptor_superclass::Monoterpenoids;acceptor_superclass::Phenylpropanoids (C6-C3)	0,0,0,0,0,0,0,0,1,0,0,0,0,0,0,0,0,0,0,0,0,0,0	0,0,0,0,1,0,0,0,1,1,0,0,0,0,0,1,0,0,0,0,0,0,0	-3.179968,-2.563607,-0.928692,-1.971864,2.039632,-0.912475,-2.803681,-1.380760,0.259966,0.970344,-2.867164,-2.130294,-3.179968,-1.794137,-1.064841,0.925759,-0.620188,-1.369171,-2.366888,-3.458146,-1.795653,-2.029744,-2.818338
Lang_RAS_ABI48360.1	Lang_AAT1_ABI48360.1	acceptor_superclass::Tyrosine alkaloids	acceptor_superclass::Fatty Acids and Conjugates;acceptor_superclass::Flavonoids;acceptor_superclass::Lignans;acceptor_superclass::Phenolic acids (C6-C1);acceptor_superclass::Small peptides;acceptor_superclass::Tryptophan alkaloids;acceptor_superclass::Tyrosine alkaloids	0,0,0,0,0,0,0,0,0,0,0,0,0,0,0,0,0,0,0,0,0,0,1	0,0,0,1,0,1,0,1,0,0,0,0,0,1,0,0,0,0,1,0,0,1,1	-1.554425,-1.550083,-2.003908,0.249844,-1.871989,0.165516,-1.542108,0.406477,-1.315713,-1.171082,-3.162268,-1.068609,-1.554425,1.277112,-1.607629,-0.614342,-0.419983,-0.831688,1.118964,-1.677780,-1.522234,0.022332,0.556670
Lang_RAS_ABI48360.1	Lang_AT1_ABI48360.1	acceptor_superclass::Phenolic acids (C6-C1);acceptor_superclass::Small peptides;acceptor_superclass::Tryptophan alkaloids;acceptor_superclass::Tyrosine alkaloids	acceptor_superclass::Fatty Acids and Conjugates;acceptor_superclass::Lignans;acceptor_superclass::Phenolic acids (C6-C1);acceptor_superclass::Small peptides;acceptor_superclass::Tyrosine alkaloids	0,0,0,0,0,0,0,0,0,0,0,0,0,1,0,0,0,0,1,0,0,1,1	0,0,0,1,0,0,0,1,0,0,0,0,0,1,0,0,0,0,1,0,0,0,1	-2.187530,-2.003513,-2.236745,0.518819,-2.015785,-0.106247,-1.886273,0.394390,-1.261899,-1.002348,-3.277294,-0.998107,-3.373973,0.876836,-2.297582,-0.684318,-0.249200,-0.392269,0.566886,-1.248212,-1.239694,-2.521536,1.376418
Lang_RAS_ABI48360.1	Lang_RAS_ABI48360.1		acceptor_superclass::Lignans;acceptor_superclass::Phenolic acids (C6-C1);acceptor_superclass::Small peptides;acceptor_superclass::Tryptophan alkaloids;acceptor_superclass::Tyrosine alkaloids	0,0,0,0,0,0,0,0,0,0,0,0,0,0,0,0,0,0,0,0,0,0,0	0,0,0,0,0,0,0,1,0,0,0,0,0,1,0,0,0,0,1,0,0,1,1	-2.081801,-1.651814,-2.620337,-0.163084,-1.894290,-0.262193,-1.835680,0.336797,-1.291067,-1.569569,-3.193943,-1.004281,-3.021004,1.186159,-1.818503,-0.823346,-0.430770,-0.742728,1.473862,-1.353857,-2.695208,0.285921,1.495534
Lang_RAS_AEA36976.1	Lang_RAS_AEA36976.1		acceptor_superclass::Fatty Acids and Conjugates;acceptor_superclass::Lignans;acceptor_superclass::Phenolic acids (C6-C1);acceptor_superclass::Small peptides;acceptor_superclass::Tyrosine alkaloids	0,0,0,0,0,0,0,0,0,0,0,0,0,0,0,0,0,0,0,0,0,0,0	0,0,0,1,0,0,0,1,0,0,0,0,0,1,0,0,0,0,1,0,0,0,1	-1.998947,-1.665372,-2.074494,0.079838,-1.853106,-0.028521,-1.750295,0.088190,-1.190282,-1.185063,-3.252605,-0.689197,-3.182935,0.379547,-2.327528,-0.520964,-0.060884,-0.549123,0.418503,-1.275662,-1.744879,-3.037404,1.045107
Lery_AAT1_BBV14786.1	Lery_AAT1_BBV14786.1	acceptor_superclass::Naphthalenes	acceptor_superclass::Naphthalenes;acceptor_superclass::Tryptophan alkaloids	0,0,0,0,0,0,0,0,0,0,1,0,0,0,0,0,0,0,0,0,0,0,0	0,0,0,0,0,0,0,0,0,0,1,0,0,0,0,0,0,0,0,0,0,1,0	-1.642913,-1.349280,-1.635051,-3.201680,-1.285271,-1.875240,-2.010875,-1.427656,-1.169040,-0.854149,2.578290,-0.906350,-1.082411,-4.261107,-0.659932,-0.925480,-0.165183,-0.113367,-3.839704,-1.336108,-1.062132,0.057661,-0.666591
Lery_AAT2_BDW80085.1	Lery_AAT2_BDW80085.1	acceptor_superclass::Naphthalenes	acceptor_superclass::Naphthalenes;acceptor_superclass::Pseudoalkaloids	0,0,0,0,0,0,0,0,0,0,1,0,0,0,0,0,0,0,0,0,0,0,0	0,0,0,0,0,0,0,0,0,0,1,0,0,0,0,0,1,0,0,0,0,0,0	-1.454818,-1.965715,-0.186589,-3.270129,-2.029453,-1.738495,-0.698922,-0.523694,-1.148550,-2.215713,3.080390,-0.833533,-1.470690,-4.940747,-1.426408,-0.621888,0.457745,-1.359302,-3.664196,-2.812608,-1.248034,-1.159765,-0.386439
Lery_SAT1_BBV14785.1	Lery_SAT1_BBV14785.1	acceptor_superclass::Naphthalenes	acceptor_superclass::Naphthalenes	0,0,0,0,0,0,0,0,0,0,1,0,0,0,0,0,0,0,0,0,0,0,0	0,0,0,0,0,0,0,0,0,0,1,0,0,0,0,0,0,0,0,0,0,0,0	-1.492243,-2.198215,-1.147528,-1.938262,-1.546613,-2.417859,-1.608381,-2.261837,-2.106624,-1.965393,2.931195,-1.302456,-1.098597,-3.223315,-0.876946,-1.449579,-1.115318,-0.887405,-3.796892,-2.154283,-0.367454,-0.883595,-0.992692
Lery_SAT2_BDW80077.1	Lery_SAT2_BDW80077.1	acceptor_superclass::Naphthalenes	acceptor_superclass::Naphthalenes	0,0,0,0,0,0,0,0,0,0,1,0,0,0,0,0,0,0,0,0,0,0,0	0,0,0,0,0,0,0,0,0,0,1,0,0,0,0,0,0,0,0,0,0,0,0	-2.165676,-2.534042,-0.886638,-2.162066,-2.049890,-2.629271,-1.580997,-2.254998,-1.863166,-1.415288,3.123248,-1.522946,-2.023221,-3.893900,-0.808452,-1.432539,-0.435357,-1.262693,-4.570155,-1.897872,-0.177708,-0.277773,-0.988684
Lint_AAT-3_AIW81431.1	Lint_AAT-3_AIW81431.1	acceptor_superclass::Monoterpenoids	acceptor_superclass::Fatty acyls;acceptor_superclass::Monoterpenoids;acceptor_superclass::Phenylpropanoids (C6-C3)	0,0,0,0,0,0,0,0,0,1,0,0,0,0,0,0,0,0,0,0,0,0,0	0,0,0,0,1,0,0,0,0,1,0,0,0,0,0,1,0,0,0,0,0,0,0	-0.629513,-3.682475,-0.683326,-0.230808,0.952236,-1.063381,-2.040450,-0.235714,-0.737573,0.514025,-0.695433,-3.263034,-1.199204,-1.219313,-0.255987,0.436955,-1.263089,-2.482889,-1.565076,-1.287039,-3.082793,-2.625333,-1.455238
Lint_AAT-4_AIW81432.1	Lint_AAT-4_AIW81432.1	acceptor_superclass::Monoterpenoids	acceptor_superclass::Fatty Acids and Conjugates;acceptor_superclass::Phenolic acids (C6-C1);acceptor_superclass::Saccharides;acceptor_superclass::Triterpenoids;acceptor_superclass::Tryptophan alkaloids;acceptor_superclass::Tyrosine alkaloids	0,0,0,0,0,0,0,0,0,1,0,0,0,0,0,0,0,0,0,0,0,0,0	0,0,0,1,0,0,0,0,0,0,0,0,0,1,0,0,0,1,0,0,1,1,1	-2.894517,-3.048682,-1.476845,0.213583,-1.776756,-2.274087,-2.673162,-1.881386,-2.151982,-1.059491,-0.570593,-3.037124,-1.780380,0.134220,-0.615180,-1.021169,-2.515500,0.564898,-0.673834,-3.018753,0.779839,1.937898,0.578626
Ljap_HQT_ACZ52698.1	Ljap_HQT_ACZ52698.1	acceptor_superclass::Phenolic acids (C6-C1)	acceptor_superclass::Fatty Acids and Conjugates;acceptor_superclass::Phenolic acids (C6-C1);acceptor_superclass::Small peptides	0,0,0,0,0,0,0,0,0,0,0,0,0,1,0,0,0,0,0,0,0,0,0	0,0,0,1,0,0,0,0,0,0,0,0,0,1,0,0,0,0,1,0,0,0,0	-1.312119,-1.851197,-2.566391,0.104170,-1.433859,-0.211344,-1.672203,-0.835701,-2.170790,-1.406973,-2.455893,-0.880256,-1.884508,1.989466,-1.277563,-0.641963,-1.124103,-2.763617,0.844522,-1.966811,-1.593507,-2.297780,-0.287435
Lori_AAT1_WKK95849.1	Lori_AAT1_WKK95849.1	acceptor_superclass::Fatty acyls	acceptor_superclass::Fatty acyls;acceptor_superclass::Lysine alkaloids;acceptor_superclass::Monoterpenoids;acceptor_superclass::Phenylethanoids (C6-C2);acceptor_superclass::Phenylpropanoids (C6-C3)	0,0,0,0,1,0,0,0,0,0,0,0,0,0,0,0,0,0,0,0,0,0,0	0,0,0,0,1,0,0,0,1,1,0,0,0,0,1,1,0,0,0,0,0,0,0	-2.652208,-2.271034,-1.385236,-1.486114,0.991929,-2.049983,-2.985909,-1.266459,0.445680,0.694640,-2.023858,-3.268124,-2.870701,-1.422654,1.013773,1.396076,-2.218336,-1.760947,-1.549118,-2.311445,-2.129642,-2.576220,-1.541091
Lpur_3MAT1_AAS77404.1	Lpur_3MAT1_AAS77404.1	acceptor_superclass::Flavonoids;acceptor_superclass::Isoflavonoids;acceptor_superclass::Phenolic acids (C6-C1)	acceptor_superclass::Coumarins;acceptor_superclass::Flavonoids;acceptor_superclass::Isoflavonoids;acceptor_superclass::Naphthalenes;acceptor_superclass::Phenanthrenoids;acceptor_superclass::Pseudoalkaloids;acceptor_superclass::Steroids	0,0,0,0,0,1,1,0,0,0,0,0,0,1,0,0,0,0,0,0,0,0,0	1,0,0,0,0,1,1,0,0,0,1,0,1,0,0,0,1,0,0,1,0,0,0	0.732369,-2.114525,-3.533674,-0.893592,-1.984652,1.440123,0.440440,-1.999385,-1.846269,-1.366961,0.029163,-0.894613,0.888652,-2.762359,-0.606033,-1.690337,0.242651,-2.126477,-1.516337,1.077938,-0.566148,-1.532043,-1.214800
Lrob_AT1_WEX29780.1	Lrob_AT1_WEX29780.1	acceptor_superclass::Phenylethanoids (C6-C2)	acceptor_superclass::Fatty Acids and Conjugates;acceptor_superclass::Phenolic acids (C6-C1);acceptor_superclass::Phenylethanoids (C6-C2);acceptor_superclass::Small peptides	0,0,0,0,0,0,0,0,0,0,0,0,0,0,1,0,0,0,0,0,0,0,0	0,0,0,1,0,0,0,0,0,0,0,0,0,1,1,0,0,0,1,0,0,0,0	-0.629496,-2.654327,-3.213682,1.172044,-2.971473,-1.365232,-1.124434,-3.072630,-3.801081,-1.256447,-0.535229,-0.406469,-0.293047,1.294657,0.897938,-0.696088,-1.291251,-2.011029,0.551763,-2.601056,-1.114179,-2.877521,-0.381396
Lsat_BOS_QYL33117.1	Lsat_BOS_QYL33117.1	acceptor_superclass::Small peptides	acceptor_superclass::Flavonoids;acceptor_superclass::Small peptides;acceptor_superclass::Triterpenoids	0,0,0,0,0,0,0,0,0,0,0,0,0,0,0,0,0,0,1,0,0,0,0	0,0,0,0,0,1,0,0,0,0,0,0,0,0,0,0,0,0,1,0,1,0,0	-0.828839,-1.203279,-2.414343,-3.430367,-2.421179,0.881168,-0.440528,-0.504058,-0.533383,-0.838353,-1.301870,-0.480762,-2.099616,-0.984388,-1.772215,-1.064270,-0.063508,-3.357536,0.716689,-0.212320,0.036029,-1.569791,-0.210589
Lsat_BOS_QYL33117.1	Lsat_DS_QYL33117.1	acceptor_superclass::Small peptides	acceptor_superclass::Flavonoids;acceptor_superclass::Pseudoalkaloids;acceptor_superclass::Small peptides	0,0,0,0,0,0,0,0,0,0,0,0,0,0,0,0,0,0,1,0,0,0,0	0,0,0,0,0,1,0,0,0,0,0,0,0,0,0,0,1,0,1,0,0,0,0	-0.530710,-0.690067,-2.241212,-3.975314,-2.029233,1.091073,-0.116076,-0.523405,-0.384404,-1.020828,-0.989262,-0.547907,-1.685002,-0.827747,-0.324074,-0.377891,0.127775,-3.213481,0.563650,-0.171700,-1.630046,-1.151217,-1.017157
Ltri_CAAT1_AHA90802.1	Ltri_CAAT1_AHA90802.1	acceptor_superclass::Phenylpropanoids (C6-C3)	acceptor_superclass::Diterpenoids;acceptor_superclass::Fatty acyls;acceptor_superclass::Lignans;acceptor_superclass::Lysine alkaloids;acceptor_superclass::Phenylethanoids (C6-C2);acceptor_superclass::Phenylpropanoids (C6-C3)	0,0,0,0,0,0,0,0,0,0,0,0,0,0,0,1,0,0,0,0,0,0,0	0,0,1,0,1,0,0,1,1,0,0,0,0,0,1,1,0,0,0,0,0,0,0	-2.750206,-1.084890,0.014004,-5.252998,0.184885,-1.776655,-2.275218,2.166895,1.719808,-0.395338,-1.195197,-1.194074,-3.210199,-4.064184,0.488128,0.509643,-0.625457,-0.218105,-2.841294,-2.271277,-1.366202,-3.081055,-2.560024
Maze_AT1704_NA	Maze_AT1704_NA	acceptor_superclass::Triterpenoids	acceptor_superclass::Phenylethanoids (C6-C2);acceptor_superclass::Triterpenoids	0,0,0,0,0,0,0,0,0,0,0,0,0,0,0,0,0,0,0,0,1,0,0	0,0,0,0,0,0,0,0,0,0,0,0,0,0,1,0,0,0,0,0,1,0,0	-2.159623,-1.486822,-0.383235,-2.382735,-0.941573,-2.034610,-2.395325,-1.070248,-3.241394,-0.116061,-1.011458,-1.748858,-1.515517,-1.364910,0.282430,-0.207416,-2.847633,-0.969745,-1.834391,-0.975390,0.111900,-0.082476,-1.055050
Maze_AT8824_KAJ4723782.1	Maze_AT8824_KAJ4723782.1	acceptor_superclass::Triterpenoids	acceptor_superclass::Diterpenoids;acceptor_superclass::Monoterpenoids;acceptor_superclass::Triterpenoids;acceptor_superclass::Tryptophan alkaloids	0,0,0,0,0,0,0,0,0,0,0,0,0,0,0,0,0,0,0,0,1,0,0	0,0,1,0,0,0,0,0,0,1,0,0,0,0,0,0,0,0,0,0,1,1,0	-2.505503,-1.337381,0.655064,-1.900178,-1.306785,-2.258405,-2.482899,-1.583119,-3.163085,0.006000,-0.698199,-1.684211,-2.505503,-1.749437,-1.566544,-1.018346,-2.478842,-0.702950,-2.448994,-1.811007,1.388144,1.105134,-0.291711
Mdom_AAT1_AAU14879.2	Mdom_AAT1_AAU14879.2	acceptor_superclass::Fatty acyls;acceptor_superclass::Phenylpropanoids (C6-C3)	acceptor_superclass::Fatty acyls;acceptor_superclass::Monoterpenoids;acceptor_superclass::Phenylpropanoids (C6-C3)	0,0,0,0,1,0,0,0,0,0,0,0,0,0,0,1,0,0,0,0,0,0,0	0,0,0,0,1,0,0,0,0,1,0,0,0,0,0,1,0,0,0,0,0,0,0	-2.897341,-3.542471,-1.278520,-0.285022,2.130749,-0.950868,-2.730695,-0.569448,-0.220580,1.069414,-2.807659,-2.356272,-2.529061,-0.558908,-0.733081,0.373224,-1.560491,-2.302038,-1.544089,-3.325727,-1.836162,-1.686528,-2.709258
Mdom_SHT_ALF00095.1	Mdom_SHT_ALF00095.1	acceptor_superclass::Ornithine alkaloids	acceptor_superclass::Fatty Acids and Conjugates;acceptor_superclass::Ornithine alkaloids;acceptor_superclass::Phenolic acids (C6-C1);acceptor_superclass::Small peptides	0,0,0,0,0,0,0,0,0,0,0,1,0,0,0,0,0,0,0,0,0,0,0	0,0,0,1,0,0,0,0,0,0,0,1,0,1,0,0,0,0,1,0,0,0,0	-1.094169,-1.981752,-2.394389,0.016339,-2.314222,-0.495456,-1.526187,-1.126538,-4.203046,-1.790867,-2.662652,1.197659,-0.243444,1.523929,-0.841096,-0.300812,-0.769088,-2.549020,1.139873,-1.253154,-1.129269,-2.560554,-0.324163
Mema_HFT_NA	Mema_HFT_NA	acceptor_superclass::Fatty acyls	acceptor_superclass::Fatty Acids and Conjugates;acceptor_superclass::Flavonoids;acceptor_superclass::Tryptophan alkaloids	0,0,0,0,1,0,0,0,0,0,0,0,0,0,0,0,0,0,0,0,0,0,0	0,0,0,1,0,1,0,0,0,0,0,0,0,0,0,0,0,0,0,0,0,1,0	-2.304903,-3.083120,-0.666905,1.353252,-0.362850,0.187435,-1.496188,-1.731936,-1.598112,-0.420033,-1.909208,-1.405374,-2.242563,-0.949398,-1.270615,-1.474882,-0.446260,-2.109932,-2.000972,-1.999793,-0.795572,0.206180,-0.831807
Mlon_AT1_NA	Mlon_AT1_NA	acceptor_superclass::Phenolic acids (C6-C1)	acceptor_superclass::Monoterpenoids;acceptor_superclass::Phenolic acids (C6-C1);acceptor_superclass::Small peptides;acceptor_superclass::Tyrosine alkaloids	0,0,0,0,0,0,0,0,0,0,0,0,0,1,0,0,0,0,0,0,0,0,0	0,0,0,0,0,0,0,0,0,1,0,0,0,1,0,0,0,0,1,0,0,0,1	-2.300948,-2.179723,-1.654925,-0.365515,-0.521461,-0.883266,-3.183758,-1.477761,-1.955972,0.122083,-3.144433,-1.445578,-2.390221,3.291934,-1.501341,-0.338997,-2.109615,-3.309900,1.857926,-1.686596,-0.115528,-0.623895,1.270661
Mlon_AT2_NA	Mlon_AT2_NA	acceptor_superclass::Phenolic acids (C6-C1)	acceptor_superclass::Fatty Acids and Conjugates;acceptor_superclass::Lignans;acceptor_superclass::Phenolic acids (C6-C1);acceptor_superclass::Phenylpropanoids (C6-C3);acceptor_superclass::Small peptides;acceptor_superclass::Tyrosine alkaloids	0,0,0,0,0,0,0,0,0,0,0,0,0,1,0,0,0,0,0,0,0,0,0	0,0,0,1,0,0,0,1,0,0,0,0,0,1,0,1,0,0,1,0,0,0,1	-2.371821,-1.533147,-3.107785,0.559473,-0.746810,-0.760135,-2.881165,0.049051,-1.901088,-0.623828,-3.361405,-1.223081,-2.912220,2.030519,-0.195328,0.380183,-2.089525,-1.953816,1.588258,-1.929428,-2.750148,-1.755967,0.837382
Mlon_AT1_NA	Mlon_AT3_NA	acceptor_superclass::Phenolic acids (C6-C1)	acceptor_superclass::Phenolic acids (C6-C1);acceptor_superclass::Small peptides;acceptor_superclass::Tyrosine alkaloids	0,0,0,0,0,0,0,0,0,0,0,0,0,1,0,0,0,0,0,0,0,0,0	0,0,0,0,0,0,0,0,0,0,0,0,0,1,0,0,0,0,1,0,0,0,1	-1.621691,-2.220076,-1.442174,-0.374311,-0.747613,-0.354396,-2.870678,-0.889677,-2.286019,-0.192884,-2.876337,-1.395600,-1.621691,3.233118,-1.894184,-0.349806,-2.480954,-3.406539,1.648663,-2.275397,-0.829667,-0.815724,0.897999
Mlon_AT4_NA	Mlon_AT4_NA	acceptor_superclass::Lignans;acceptor_superclass::Phenolic acids (C6-C1)	acceptor_superclass::Fatty Acids and Conjugates;acceptor_superclass::Phenolic acids (C6-C1);acceptor_superclass::Small peptides	0,0,0,0,0,0,0,1,0,0,0,0,0,1,0,0,0,0,0,0,0,0,0	0,0,0,1,0,0,0,0,0,0,0,0,0,1,0,0,0,0,1,0,0,0,0	-1.856057,-2.654600,-1.563193,1.541457,-1.667673,-0.612284,-2.291390,-2.408834,-2.101733,-0.526062,-2.625136,-1.394355,-2.374611,0.822033,-2.315117,-0.648485,-0.535072,-2.119830,0.805971,-1.154290,-1.013310,-0.811982,-0.410371
Mlon_AT6_NA	Mlon_AT6_NA	acceptor_superclass::Phenolic acids (C6-C1)	acceptor_superclass::Fatty Acids and Conjugates;acceptor_superclass::Lignans;acceptor_superclass::Phenolic acids (C6-C1);acceptor_superclass::Small peptides;acceptor_superclass::Tyrosine alkaloids	0,0,0,0,0,0,0,0,0,0,0,0,0,1,0,0,0,0,0,0,0,0,0	0,0,0,1,0,0,0,1,0,0,0,0,0,1,0,0,0,0,1,0,0,0,1	-2.247257,-1.432513,-2.717779,0.369384,-0.871190,-0.553236,-2.248000,0.489816,-1.923283,-0.258131,-3.102700,-1.228373,-2.881216,0.464231,-0.920374,-0.233739,-1.268371,-1.241948,1.143528,-1.008893,-1.344854,-3.032042,0.731322
Moff_RAS_CBW35684.1	Moff_RAS_CBW35684.1		acceptor_superclass::Phenolic acids (C6-C1);acceptor_superclass::Small peptides;acceptor_superclass::Tyrosine alkaloids	0,0,0,0,0,0,0,0,0,0,0,0,0,0,0,0,0,0,0,0,0,0,0	0,0,0,0,0,0,0,0,0,0,0,0,0,1,0,0,0,0,1,0,0,0,1	-1.362696,-1.594773,-3.136637,-0.107539,-1.047835,-0.494230,-1.880996,-0.763160,-2.077351,-0.978101,-2.248048,-1.499101,-1.502504,1.410767,-1.033862,-0.091549,-1.764111,-2.026652,0.858210,-1.195695,-2.339559,-1.152481,0.823820
Mpal_HCT_AXN55971.1	Mpal_HCT_AXN55971.1	acceptor_superclass::Phenolic acids (C6-C1)	acceptor_superclass::Fatty Acids and Conjugates;acceptor_superclass::Phenolic acids (C6-C1);acceptor_superclass::Small peptides;acceptor_superclass::Triterpenoids;acceptor_superclass::Tyrosine alkaloids	0,0,0,0,0,0,0,0,0,0,0,0,0,1,0,0,0,0,0,0,0,0,0	0,0,0,1,0,0,0,0,0,0,0,0,0,1,0,0,0,0,1,0,1,0,1	-2.510624,-4.245121,-1.119974,0.288821,-3.107791,-1.608054,-2.048349,-2.720521,-3.095055,-0.516034,-3.102376,-0.717836,-1.764257,3.412686,-1.791482,-1.752860,-1.539035,-0.709298,1.207558,-3.061865,0.322757,-0.035618,0.277143
Mpol_HCT_PTQ49430.1	Mpol_HCT_PTQ49430.1	acceptor_superclass::Phenolic acids (C6-C1)	acceptor_superclass::Fatty Acids and Conjugates;acceptor_superclass::Phenolic acids (C6-C1);acceptor_superclass::Small peptides	0,0,0,0,0,0,0,0,0,0,0,0,0,1,0,0,0,0,0,0,0,0,0	0,0,0,1,0,0,0,0,0,0,0,0,0,1,0,0,0,0,1,0,0,0,0	-3.242288,-2.972536,-2.473310,1.377421,-2.627178,-1.394106,-1.086616,-1.298747,-2.054531,-1.089335,-4.021568,-0.673964,-3.242288,2.839586,-1.420135,-0.818964,-1.415267,-0.381297,0.506165,-2.529465,-0.595649,-2.249627,-0.702117
Msap_AAT_CAC09063.1	Msap_AAT_CAC09063.1	acceptor_superclass::Fatty acyls;acceptor_superclass::Monoterpenoids;acceptor_superclass::Phenylethanoids (C6-C2);acceptor_superclass::Phenylpropanoids (C6-C3)	acceptor_superclass::Fatty Acids and Conjugates;acceptor_superclass::Monoterpenoids;acceptor_superclass::Phenylethanoids (C6-C2);acceptor_superclass::Phenylpropanoids (C6-C3)	0,0,0,0,1,0,0,0,0,1,0,0,0,0,1,1,0,0,0,0,0,0,0	0,0,0,1,0,0,0,0,0,1,0,0,0,0,1,1,0,0,0,0,0,0,0	-1.920322,-1.432651,-0.579540,0.498058,-0.121425,-1.114708,-2.200335,-0.492403,-1.845124,0.347942,-2.812220,-0.097387,-1.920322,-3.614797,0.251740,1.024238,-0.133349,-2.259595,-1.196330,-0.808479,-2.985163,-2.687329,-2.017906
Mtru_MAT1_ABY91220.1	Mtru_MAT1_ABY91220.1	acceptor_superclass::Flavonoids;acceptor_superclass::Isoflavonoids	acceptor_superclass::Coumarins;acceptor_superclass::Flavonoids;acceptor_superclass::Isoflavonoids;acceptor_superclass::Naphthalenes;acceptor_superclass::Phenanthrenoids;acceptor_superclass::Steroids	0,0,0,0,0,1,1,0,0,0,0,0,0,0,0,0,0,0,0,0,0,0,0	1,0,0,0,0,1,1,0,0,0,1,0,1,0,0,0,0,0,0,1,0,0,0	1.247603,-1.064001,-1.685692,-1.948162,-3.487525,1.377437,2.411554,-0.921634,-3.156369,-2.523011,0.703894,-0.114758,1.247603,-2.354004,-2.455146,-3.501914,-0.086700,-2.169755,-1.468897,0.415000,-0.317251,-1.328718,-0.293619
Mtru_MAT2_ABY91222.1	Mtru_MAT2_ABY91222.1	acceptor_superclass::Flavonoids;acceptor_superclass::Isoflavonoids	acceptor_superclass::Coumarins;acceptor_superclass::Flavonoids;acceptor_superclass::Isoflavonoids;acceptor_superclass::Naphthalenes;acceptor_superclass::Ornithine alkaloids;acceptor_superclass::Phenanthrenoids;acceptor_superclass::Pseudoalkaloids;acceptor_superclass::Steroids	0,0,0,0,0,1,1,0,0,0,0,0,0,0,0,0,0,0,0,0,0,0,0	1,0,0,0,0,1,1,0,0,0,1,1,1,0,0,0,1,0,0,1,0,0,0	1.199810,-0.870912,-1.831890,-1.145918,-3.568397,1.500023,2.934442,-2.058253,-3.691499,-4.047433,0.768082,0.935032,0.236197,-2.495780,-2.930880,-3.074430,0.919975,-2.138170,-2.090215,0.616850,-3.799271,-2.044432,-0.591926
Mtru_MAT3_ABY91221.1	Mtru_MAT3_ABY91221.1	acceptor_superclass::Flavonoids;acceptor_superclass::Isoflavonoids	acceptor_superclass::Coumarins;acceptor_superclass::Flavonoids;acceptor_superclass::Isoflavonoids;acceptor_superclass::Naphthalenes;acceptor_superclass::Ornithine alkaloids;acceptor_superclass::Phenanthrenoids;acceptor_superclass::Steroids;acceptor_superclass::Triterpenoids	0,0,0,0,0,1,1,0,0,0,0,0,0,0,0,0,0,0,0,0,0,0,0	1,0,0,0,0,1,1,0,0,0,1,1,1,0,0,0,0,0,0,1,1,0,0	1.342980,-1.320403,-1.903414,-2.181419,-4.167907,2.018542,3.506051,-2.502303,-4.019433,-3.766994,0.192158,0.171336,0.959319,-1.177436,-3.194923,-3.512813,-0.412217,-2.458663,-1.407139,0.366113,0.584786,-2.242881,-1.335326
Natt_AT1_AET80688.1	Natt_AT1_AET80688.1	acceptor_superclass::Ornithine alkaloids;acceptor_superclass::Pseudoalkaloids	acceptor_superclass::Fatty Acids and Conjugates;acceptor_superclass::Ornithine alkaloids;acceptor_superclass::Pseudoalkaloids	0,0,0,0,0,0,0,0,0,0,0,1,0,0,0,0,1,0,0,0,0,0,0	0,0,0,1,0,0,0,0,0,0,0,1,0,0,0,0,1,0,0,0,0,0,0	-2.127407,-1.998882,-1.760461,0.295441,-0.333621,-1.675480,-1.675903,-1.000826,-2.267173,-0.155917,-1.712900,0.671265,-1.991209,-0.625315,-0.905427,-1.138745,0.615543,-2.384455,-0.936500,-1.199418,-0.325297,-0.915043,-0.213893
Natt_DH29_AET80686.1	Natt_DH29_AET80686.1	acceptor_superclass::Ornithine alkaloids;acceptor_superclass::Pseudoalkaloids	acceptor_superclass::Diterpenoids;acceptor_superclass::Ornithine alkaloids	0,0,0,0,0,0,0,0,0,0,0,1,0,0,0,0,1,0,0,0,0,0,0	0,0,1,0,0,0,0,0,0,0,0,1,0,0,0,0,0,0,0,0,0,0,0	-1.160934,-0.402577,0.282867,-3.343575,-2.692551,-0.978946,-0.555982,-0.355925,-1.672160,-1.038482,-0.514879,0.339143,-1.608828,-3.421683,-1.219511,-1.035205,-0.211454,-0.511837,-0.953282,-1.521384,-1.865281,-0.212462,-0.272519
Ntab_ASAT1_XP_016480914.1	Ntab_ASAT1_XP_016480914.1	acceptor_superclass::Saccharides	acceptor_superclass::Diterpenoids;acceptor_superclass::Saccharides;acceptor_superclass::Triterpenoids;acceptor_superclass::Tryptophan alkaloids	0,0,0,0,0,0,0,0,0,0,0,0,0,0,0,0,0,1,0,0,0,0,0	0,0,1,0,0,0,0,0,0,0,0,0,0,0,0,0,0,1,0,0,1,1,0	-5.631221,-5.140765,2.908929,-3.956661,-5.383206,-3.516777,-2.371992,-0.657806,-0.681146,-1.681738,-3.328424,-1.501889,-3.582568,-2.639853,-3.806875,-1.753055,-0.948321,7.968087,-3.469293,-6.092376,0.979020,6.519926,-1.384334
Ntab_ASAT2_XP_016451255.1	Ntab_ASAT2_XP_016451255.1		acceptor_superclass::Monoterpenoids;acceptor_superclass::Phenylethanoids (C6-C2);acceptor_superclass::Phenylpropanoids (C6-C3);acceptor_superclass::Saccharides;acceptor_superclass::Triterpenoids;acceptor_superclass::Tryptophan alkaloids;acceptor_superclass::Tyrosine alkaloids	0,0,0,0,0,0,0,0,0,0,0,0,0,0,0,0,0,0,0,0,0,0,0	0,0,0,0,0,0,0,0,0,1,0,0,0,0,1,1,0,1,0,0,1,1,1	-2.529781,-0.295049,-1.369023,-2.922814,-0.581084,-2.091162,-2.812841,-1.027551,-0.645831,0.281242,-0.444150,-2.051273,-1.593321,-3.876137,0.074872,0.043889,-1.539744,1.563817,-2.385672,-2.018677,0.149094,0.327811,0.055173
Ntab_BEBT_AAN09798.1	Ntab_BEBT_AAN09798.1		acceptor_superclass::Fatty acyls;acceptor_superclass::Monoterpenoids;acceptor_superclass::Phenylethanoids (C6-C2);acceptor_superclass::Phenylpropanoids (C6-C3)	0,0,0,0,0,0,0,0,0,0,0,0,0,0,0,0,0,0,0,0,0,0,0	0,0,0,0,1,0,0,0,0,1,0,0,0,0,1,1,0,0,0,0,0,0,0	-2.901416,-3.831298,-0.452531,-0.493444,1.599800,-1.971107,-2.937960,-0.977002,-0.095033,1.357641,-2.955587,-3.755046,-2.901416,-0.561451,0.229071,1.836959,-2.591076,-1.811225,-1.374344,-2.200615,-2.247604,-2.638829,-2.779228
Ntab_HCT_CAD47830.1	Ntab_HCT_CAD47830.1	acceptor_superclass::Phenolic acids (C6-C1);acceptor_superclass::Phenylpropanoids (C6-C3)	acceptor_superclass::Phenolic acids (C6-C1);acceptor_superclass::Small peptides;acceptor_superclass::Tyrosine alkaloids	0,0,0,0,0,0,0,0,0,0,0,0,0,1,0,1,0,0,0,0,0,0,0	0,0,0,0,0,0,0,0,0,0,0,0,0,1,0,0,0,0,1,0,0,0,1	-2.195630,-2.233825,-3.066665,-0.007891,-0.802842,-0.710562,-2.025390,-1.113649,-1.945570,-1.974850,-1.877154,-1.183274,-2.723809,3.187459,-1.493847,-0.368286,-1.374519,-2.909050,0.733572,-2.127550,-2.109264,-0.929843,0.464442
Ntab_HQT_CAE46932.1	Ntab_HQT_CAE46932.1	acceptor_superclass::Phenolic acids (C6-C1);acceptor_superclass::Phenylpropanoids (C6-C3)	acceptor_superclass::Phenolic acids (C6-C1);acceptor_superclass::Small peptides;acceptor_superclass::Tyrosine alkaloids	0,0,0,0,0,0,0,0,0,0,0,0,0,1,0,1,0,0,0,0,0,0,0	0,0,0,0,0,0,0,0,0,0,0,0,0,1,0,0,0,0,1,0,0,0,1	-1.571140,-1.274481,-3.008974,-1.053289,-2.064381,-0.684314,-2.083219,-1.488272,-1.764373,-1.099102,-2.238368,-1.373619,-2.525406,2.924765,-0.927763,-0.058521,-1.891384,-2.089554,1.715106,-1.807199,-0.177435,-1.666183,0.463843
Ntab_MAT1_BAD93691.1	Ntab_MAT1_BAD93691.1	acceptor_superclass::Coumarins;acceptor_superclass::Flavonoids;acceptor_superclass::Naphthalenes;acceptor_superclass::Phenanthrenoids	acceptor_superclass::Flavonoids;acceptor_superclass::Isoflavonoids;acceptor_superclass::Phenylethanoids (C6-C2);acceptor_superclass::Steroids	1,0,0,0,0,1,0,0,0,0,1,0,1,0,0,0,0,0,0,0,0,0,0	0,0,0,0,0,1,1,0,0,0,0,0,0,0,1,0,0,0,0,1,0,0,0	-1.404520,-2.147131,-3.433712,-0.246048,-1.649594,1.255162,1.754062,-2.193619,-1.786084,-1.827470,-1.031005,-2.459689,-1.404520,-1.048430,0.371183,-1.158526,-1.522509,-2.685100,-1.156656,0.359915,-2.156366,-4.910514,-1.524907
Ntab_SHT_QNO39110.1	Ntab_SHT_QNO39110.1	acceptor_superclass::Ornithine alkaloids	acceptor_superclass::Fatty Acids and Conjugates;acceptor_superclass::Ornithine alkaloids;acceptor_superclass::Phenolic acids (C6-C1);acceptor_superclass::Small peptides;acceptor_superclass::Tyrosine alkaloids	0,0,0,0,0,0,0,0,0,0,0,1,0,0,0,0,0,0,0,0,0,0,0	0,0,0,1,0,0,0,0,0,0,0,1,0,1,0,0,0,0,1,0,0,0,1	-0.650350,-1.150194,-3.397682,0.045347,-1.894546,-0.488819,-0.713809,-0.696442,-3.557650,-0.994263,-2.186036,0.529218,-0.650350,1.584893,-0.091281,-1.137274,-1.137156,-2.505804,0.876735,-0.246474,-0.746000,-2.325936,0.057151
Obas_CAAT1_QKK36036.1	Obas_CAAT1_QKK36036.1	acceptor_superclass::Phenylethanoids (C6-C2);acceptor_superclass::Phenylpropanoids (C6-C3)	acceptor_superclass::Flavonoids;acceptor_superclass::Small peptides;acceptor_superclass::Steroids;acceptor_superclass::Triterpenoids;acceptor_superclass::Tryptophan alkaloids;acceptor_superclass::Tyrosine alkaloids	0,0,0,0,0,0,0,0,0,0,0,0,0,0,1,1,0,0,0,0,0,0,0	0,0,0,0,0,1,0,0,0,0,0,0,0,0,0,0,0,0,1,1,1,1,1	-1.545653,-1.853866,-2.977644,-1.066396,-2.240081,0.948263,-0.650509,-1.829246,-1.376550,-0.967074,-0.779788,-2.088756,-2.704448,-0.353187,-2.794302,-1.584405,-1.533694,-2.237188,0.319837,0.145057,0.228941,0.230251,2.211018
Obas_CAAT2_QKK36037.1	Obas_CAAT2_QKK36037.1	acceptor_superclass::Phenylpropanoids (C6-C3)	acceptor_superclass::Fatty acyls;acceptor_superclass::Lignans;acceptor_superclass::Lysine alkaloids;acceptor_superclass::Phenylethanoids (C6-C2);acceptor_superclass::Phenylpropanoids (C6-C3);acceptor_superclass::Saccharides	0,0,0,0,0,0,0,0,0,0,0,0,0,0,0,1,0,0,0,0,0,0,0	0,0,0,0,1,0,0,1,1,0,0,0,0,0,1,1,0,1,0,0,0,0,0	-2.510111,-1.700087,-0.402890,-3.699678,0.160270,-2.002562,-3.015056,0.754573,1.412203,-0.126276,-1.570739,-0.683811,-2.256529,-4.538202,0.505972,0.699885,-0.176004,1.036575,-3.769670,-1.724926,-1.773029,-1.602931,-2.885829
Oeur_AT1_XP_022859703.1	Oeur_AT1_XP_022859703.1	acceptor_superclass::Phenylethanoids (C6-C2)	acceptor_superclass::Fatty Acids and Conjugates;acceptor_superclass::Ornithine alkaloids;acceptor_superclass::Phenolic acids (C6-C1);acceptor_superclass::Phenylethanoids (C6-C2);acceptor_superclass::Small peptides	0,0,0,0,0,0,0,0,0,0,0,0,0,0,1,0,0,0,0,0,0,0,0	0,0,0,1,0,0,0,0,0,0,0,1,0,1,1,0,0,0,1,0,0,0,0	-0.832232,-2.238247,-3.687061,0.603770,-2.858480,-1.570911,-1.474089,-2.356652,-3.436110,-0.827665,-1.011644,0.059604,-0.511009,1.537905,1.172625,-0.395904,-1.128346,-1.504981,0.901679,-2.199206,-1.625978,-2.744983,-0.005664
Osat_AHT1_CAE03579.1	Osat_AHT1_CAE03579.1	acceptor_superclass::Ornithine alkaloids;acceptor_superclass::Pseudoalkaloids	acceptor_superclass::Ornithine alkaloids;acceptor_superclass::Phenolic acids (C6-C1);acceptor_superclass::Pseudoalkaloids	0,0,0,0,0,0,0,0,0,0,0,1,0,0,0,0,1,0,0,0,0,0,0	0,0,0,0,0,0,0,0,0,0,0,1,0,1,0,0,1,0,0,0,0,0,0	-3.011013,-1.545441,-3.522261,-0.648946,-0.714631,-1.254260,-1.443091,-2.157688,-1.643014,-1.275177,-1.974947,2.133175,-3.011013,0.116279,-0.916923,-0.569143,2.179589,-2.323812,-0.882138,-2.576745,-1.337978,-2.753684,-0.642375
Osat_AT10_BAD33123.1	Osat_AT10_BAD33123.1	acceptor_superclass::Phenylpropanoids (C6-C3)	acceptor_superclass::Diterpenoids;acceptor_superclass::Fatty acyls;acceptor_superclass::Monoterpenoids;acceptor_superclass::Phenylethanoids (C6-C2);acceptor_superclass::Phenylpropanoids (C6-C3)	0,0,0,0,0,0,0,0,0,0,0,0,0,0,0,1,0,0,0,0,0,0,0	0,0,1,0,1,0,0,0,0,1,0,0,0,0,1,1,0,0,0,0,0,0,0	-2.854023,-2.180320,0.079255,-0.804136,0.281657,-0.891392,-2.773757,-2.446875,-0.972677,0.289522,-2.331366,-1.168511,-2.062165,-2.905349,0.863802,1.471490,-0.945532,-0.292756,-2.863590,-4.216105,-3.508337,-0.692586,-1.880700
Osat_DPW2_BAS75979.1	Osat_DPW2_BAS75979.1	acceptor_superclass::Fatty Acids and Conjugates	acceptor_superclass::Flavonoids	0,0,0,1,0,0,0,0,0,0,0,0,0,0,0,0,0,0,0,0,0,0,0	0,0,0,0,0,1,0,0,0,0,0,0,0,0,0,0,0,0,0,0,0,0,0	-0.909769,-1.964851,-2.534445,-0.312859,-0.257077,0.523854,-1.013726,-1.044842,-2.083659,-0.701570,-1.091873,-0.132028,-0.909769,-2.126004,-0.442225,-1.040282,-0.374716,-2.780921,-2.327856,-1.022459,-0.728803,-1.744837,-1.725738
Osat_FMT_BAF16996.1	Osat_FMT_BAF16996.1	acceptor_superclass::Phenylpropanoids (C6-C3)	acceptor_superclass::Fatty acyls;acceptor_superclass::Monoterpenoids;acceptor_superclass::Phenylethanoids (C6-C2);acceptor_superclass::Phenylpropanoids (C6-C3);acceptor_superclass::Pseudoalkaloids	0,0,0,0,0,0,0,0,0,0,0,0,0,0,0,1,0,0,0,0,0,0,0	0,0,0,0,1,0,0,0,0,1,0,0,0,0,1,1,1,0,0,0,0,0,0	-1.757671,-0.343545,-1.579538,-1.064493,0.287669,-0.626105,-1.806520,-2.484871,-1.314236,1.136188,-1.940649,-0.182365,-1.234876,-5.029266,0.461034,0.240799,0.384515,-1.696850,-2.347867,-0.980266,-2.029095,-2.205376,-1.966998
Osat_HCT4_BAD72437.1	Osat_HCT4_BAD72437.1	acceptor_superclass::Phenolic acids (C6-C1)	acceptor_superclass::Flavonoids;acceptor_superclass::Monoterpenoids;acceptor_superclass::Phenolic acids (C6-C1);acceptor_superclass::Phenylpropanoids (C6-C3);acceptor_superclass::Triterpenoids;acceptor_superclass::Tryptophan alkaloids;acceptor_superclass::Tyrosine alkaloids	0,0,0,0,0,0,0,0,0,0,0,0,0,1,0,0,0,0,0,0,0,0,0	0,0,0,0,0,1,0,0,0,1,0,0,0,1,0,1,0,0,0,0,1,1,1	-1.416523,-1.050739,-3.681144,-3.273628,-2.399276,0.234239,-0.606275,-2.446063,-0.705368,0.087152,-0.423445,-0.915004,-1.416523,0.202224,-0.061542,0.068705,-0.667702,-0.925591,-0.482010,-1.039841,0.240950,1.183946,0.785355
Osat_MAT-2_BAG96218.1	Osat_MAT-2_BAG96218.1	acceptor_superclass::Flavonoids;acceptor_superclass::Isoflavonoids	acceptor_superclass::Flavonoids;acceptor_superclass::Isoflavonoids;acceptor_superclass::Ornithine alkaloids;acceptor_superclass::Pseudoalkaloids	0,0,0,0,0,1,1,0,0,0,0,0,0,0,0,0,0,0,0,0,0,0,0	0,0,0,0,0,1,1,0,0,0,0,1,0,0,0,0,1,0,0,0,0,0,0	-0.862868,-1.578298,-2.135169,-2.219763,-3.891364,1.940722,0.753144,-1.441564,-1.225768,-3.357011,-0.068725,1.800320,-1.951188,-2.529743,-3.353776,-3.097771,3.137313,-1.035990,-4.004834,-0.875227,-1.866264,-0.737841,-0.061623
Osat_PHT2_BAD72527.1	Osat_PHT2_BAD72527.1	acceptor_superclass::Ornithine alkaloids;acceptor_superclass::Pseudoalkaloids	acceptor_superclass::Lysine alkaloids;acceptor_superclass::Phenolic acids (C6-C1);acceptor_superclass::Phenylpropanoids (C6-C3);acceptor_superclass::Saccharides;acceptor_superclass::Triterpenoids;acceptor_superclass::Tryptophan alkaloids	0,0,0,0,0,0,0,0,0,0,0,1,0,0,0,0,1,0,0,0,0,0,0	0,0,0,0,0,0,0,0,1,0,0,0,0,1,0,1,0,1,0,0,1,1,0	-4.085910,-2.206836,-4.412496,-3.160539,-1.588054,-0.153843,-0.367789,-4.534009,0.196475,-1.173183,-2.241055,-6.967121,-2.799131,3.074867,-0.767352,1.621624,-3.818264,3.095677,-1.348407,-3.678632,1.389877,4.339926,-1.822935
Osat_PHT3_BAC79154.1	Osat_PHT3_BAC79154.1	acceptor_superclass::Ornithine alkaloids;acceptor_superclass::Pseudoalkaloids	acceptor_superclass::Fatty Acids and Conjugates;acceptor_superclass::Ornithine alkaloids;acceptor_superclass::Pseudoalkaloids	0,0,0,0,0,0,0,0,0,0,0,1,0,0,0,0,1,0,0,0,0,0,0	0,0,0,1,0,0,0,0,0,0,0,1,0,0,0,0,1,0,0,0,0,0,0	-2.634352,-1.288164,-2.883225,0.077918,-1.329877,-1.050035,-1.663553,-2.888276,-2.081809,-0.162232,-1.788135,2.376493,-1.499834,-1.030168,-0.245748,-0.242579,1.985882,-1.228581,-0.521565,-2.364477,-1.940484,-0.136760,-0.867372
Osat_PHT4_BAC79155.1	Osat_PHT4_BAC79155.1	acceptor_superclass::Ornithine alkaloids;acceptor_superclass::Pseudoalkaloids	acceptor_superclass::Ornithine alkaloids;acceptor_superclass::Pseudoalkaloids;acceptor_superclass::Tyrosine alkaloids	0,0,0,0,0,0,0,0,0,0,0,1,0,0,0,0,1,0,0,0,0,0,0	0,0,0,0,0,0,0,0,0,0,0,1,0,0,0,0,1,0,0,0,0,0,1	-2.389488,-1.288611,-3.196759,-0.474603,-2.678905,-1.329626,-1.488228,-2.343557,-1.660686,-1.236437,-2.117399,3.035063,-1.139774,-2.470518,-0.499870,-1.678439,2.516864,-0.781823,-0.867668,-1.691675,-1.193492,-0.427248,0.016176
Osat_PHT4_BAC79155.1	Osat_PHT_BAC79155.1	acceptor_superclass::Ornithine alkaloids;acceptor_superclass::Pseudoalkaloids	acceptor_superclass::Fatty Acids and Conjugates;acceptor_superclass::Ornithine alkaloids;acceptor_superclass::Pseudoalkaloids	0,0,0,0,0,0,0,0,0,0,0,1,0,0,0,0,1,0,0,0,0,0,0	0,0,0,1,0,0,0,0,0,0,0,1,0,0,0,0,1,0,0,0,0,0,0	-2.314889,-0.892720,-3.136907,0.381720,-1.836979,-0.928850,-0.940396,-3.043795,-1.841899,-0.771452,-1.779289,3.000015,-0.965022,-2.285839,-0.103860,-0.410059,2.386723,-0.488783,-0.860210,-1.830688,-2.487299,-0.834496,-0.982451
Osat_PMT1_BAG87540.1	Osat_PMT1_BAG87540.1	acceptor_superclass::Phenylethanoids (C6-C2);acceptor_superclass::Phenylpropanoids (C6-C3)	acceptor_superclass::Fatty acyls;acceptor_superclass::Monoterpenoids;acceptor_superclass::Ornithine alkaloids;acceptor_superclass::Phenylethanoids (C6-C2);acceptor_superclass::Phenylpropanoids (C6-C3);acceptor_superclass::Pseudoalkaloids	0,0,0,0,0,0,0,0,0,0,0,0,0,0,1,1,0,0,0,0,0,0,0	0,0,0,0,1,0,0,0,0,1,0,1,0,0,1,1,1,0,0,0,0,0,0	-2.129301,-0.767616,-2.151046,-1.642867,1.456254,-0.050906,-2.134286,-3.382004,-1.387918,0.744144,-2.097346,0.880037,-0.667168,-5.347808,0.454625,1.590872,1.094511,-1.805873,-2.920701,-2.219270,-2.843190,-3.489076,-3.066365
Osat_PMT2_BAG91648.1	Osat_PMT2_BAG91648.1	acceptor_superclass::Phenylpropanoids (C6-C3)	acceptor_superclass::Fatty Acids and Conjugates;acceptor_superclass::Fatty acyls;acceptor_superclass::Monoterpenoids;acceptor_superclass::Phenylethanoids (C6-C2);acceptor_superclass::Phenylpropanoids (C6-C3);acceptor_superclass::Pseudoalkaloids	0,0,0,0,0,0,0,0,0,0,0,0,0,0,0,1,0,0,0,0,0,0,0	0,0,0,1,1,0,0,0,0,1,0,0,0,0,1,1,1,0,0,0,0,0,0	-1.649252,-1.788927,-1.055628,0.244316,0.557070,-0.822295,-2.507375,-2.432261,-1.948881,0.897178,-1.874598,-0.451131,-0.647653,-3.429684,1.010935,1.068308,0.223831,-1.767556,-2.179617,-2.180964,-3.084438,-1.424855,-0.851143
Osat_TBT1_ANQ47375.1	Osat_TBT1_ANQ47375.1	acceptor_superclass::Ornithine alkaloids;acceptor_superclass::Pseudoalkaloids;acceptor_superclass::Tryptophan alkaloids	acceptor_superclass::Ornithine alkaloids;acceptor_superclass::Pseudoalkaloids;acceptor_superclass::Triterpenoids;acceptor_superclass::Tryptophan alkaloids;acceptor_superclass::Tyrosine alkaloids	0,0,0,0,0,0,0,0,0,0,0,1,0,0,0,0,1,0,0,0,0,1,0	0,0,0,0,0,0,0,0,0,0,0,1,0,0,0,0,1,0,0,0,1,1,1	-2.100323,-1.004824,-2.088522,-2.185600,-2.597760,-0.523346,-1.356103,-4.300264,-1.031530,-1.803718,-0.625461,2.184096,-2.100323,-1.923133,-2.047993,-0.959543,1.454761,-1.745059,-1.115699,-1.752203,1.265311,0.984031,1.032676
Osat_TBT2_ANQ47376.1	Osat_TBT2_ANQ47376.1	acceptor_superclass::Tryptophan alkaloids	acceptor_superclass::Ornithine alkaloids;acceptor_superclass::Pseudoalkaloids;acceptor_superclass::Tryptophan alkaloids;acceptor_superclass::Tyrosine alkaloids	0,0,0,0,0,0,0,0,0,0,0,0,0,0,0,0,0,0,0,0,0,1,0	0,0,0,0,0,0,0,0,0,0,0,1,0,0,0,0,1,0,0,0,0,1,1	-2.808457,-0.663266,-1.507929,-2.434976,-2.818759,-0.402903,-0.370488,-1.422081,-1.825067,-0.821047,-0.381875,2.796196,-2.551790,-1.673206,-1.528480,-1.287081,2.172405,-1.424312,-1.317261,-2.246580,-0.602669,1.970826,0.512825
Osat_THT1_ANQ47373.1	Osat_THT1_ANQ47373.1	acceptor_superclass::Ornithine alkaloids;acceptor_superclass::Tryptophan alkaloids;acceptor_superclass::Tyrosine alkaloids	acceptor_superclass::Ornithine alkaloids;acceptor_superclass::Pseudoalkaloids;acceptor_superclass::Tryptophan alkaloids;acceptor_superclass::Tyrosine alkaloids	0,0,0,0,0,0,0,0,0,0,0,1,0,0,0,0,0,0,0,0,0,1,1	0,0,0,0,0,0,0,0,0,0,0,1,0,0,0,0,1,0,0,0,0,1,1	-2.394275,-1.039370,-2.160943,-1.327263,-2.222082,-1.427579,-1.432832,-1.546199,-1.896503,-0.264937,-0.244879,1.187215,-2.181347,-1.815942,-0.867758,-0.442877,1.359569,-0.507243,-0.946995,-1.850693,-0.857699,1.241119,0.215764
Osat_THT2_AAM74310.1	Osat_THT2_AAM74310.1	acceptor_superclass::Tryptophan alkaloids;acceptor_superclass::Tyrosine alkaloids	acceptor_superclass::Ornithine alkaloids;acceptor_superclass::Pseudoalkaloids;acceptor_superclass::Tryptophan alkaloids	0,0,0,0,0,0,0,0,0,0,0,0,0,0,0,0,0,0,0,0,0,1,1	0,0,0,0,0,0,0,0,0,0,0,1,0,0,0,0,1,0,0,0,0,1,0	-2.060192,-0.589911,-1.804240,-1.722253,-1.687420,-0.138861,-1.759567,-1.002909,-1.683504,-0.982190,-0.594654,2.142553,-2.344223,-2.499854,-1.547525,-1.247328,2.098428,-1.471461,-1.496773,-1.243292,-2.306958,1.751650,-0.416234
Paff_BAHD21_NA	Paff_BAHD21_NA	acceptor_superclass::Flavonoids	acceptor_superclass::Coumarins;acceptor_superclass::Cyclic polyketides;acceptor_superclass::Flavonoids;acceptor_superclass::Isoflavonoids;acceptor_superclass::Phenanthrenoids;acceptor_superclass::Phenylethanoids (C6-C2);acceptor_superclass::Steroids	0,0,0,0,0,1,0,0,0,0,0,0,0,0,0,0,0,0,0,0,0,0,0	1,1,0,0,0,1,1,0,0,0,0,0,1,0,1,0,0,0,0,1,0,0,0	1.708447,0.064723,-3.880703,-1.985183,-1.299512,3.402278,3.446190,-3.611695,-2.916600,-2.431973,-0.337848,-1.993050,1.708447,-2.095150,0.432403,-2.092223,-2.091614,-1.144823,-1.956695,2.403714,-1.107859,-2.396548,-0.774408
Papp_HCT_AXN55972.1	Papp_HCT_AXN55972.1	acceptor_superclass::Phenolic acids (C6-C1)	acceptor_superclass::Fatty Acids and Conjugates;acceptor_superclass::Ornithine alkaloids;acceptor_superclass::Phenolic acids (C6-C1);acceptor_superclass::Saccharides;acceptor_superclass::Triterpenoids	0,0,0,0,0,0,0,0,0,0,0,0,0,1,0,0,0,0,0,0,0,0,0	0,0,0,1,0,0,0,0,0,0,0,1,0,1,0,0,0,1,0,0,1,0,0	-1.809852,-2.832344,-0.656897,1.453171,-1.641102,-1.878096,-2.774777,-2.585453,-2.842850,-1.231462,-2.983406,0.024897,-0.656712,2.646502,-1.061827,-0.127678,-0.971760,1.323238,-2.297443,-3.154262,0.619093,-0.544254,-1.031097
Paxi_ASAT1_AOR06331.1	Paxi_ASAT1_AOR06331.1	acceptor_superclass::Saccharides	acceptor_superclass::Phenylethanoids (C6-C2);acceptor_superclass::Saccharides;acceptor_superclass::Tryptophan alkaloids	0,0,0,0,0,0,0,0,0,0,0,0,0,0,0,0,0,1,0,0,0,0,0	0,0,0,0,0,0,0,0,0,0,0,0,0,0,1,0,0,1,0,0,0,1,0	-1.893125,-0.193970,-1.677962,-2.793285,-0.376164,-1.692014,-2.196614,-1.679961,-1.386182,-0.656063,-0.070179,-1.020549,-0.480745,-4.597281,0.312117,-0.564354,-0.748630,0.666260,-4.136050,-1.867588,-1.205041,0.089368,-1.149701
Paxi_ASAT1_AOR06331.1	Paxi_ASAT2_AOR06331.1		acceptor_superclass::Saccharides;acceptor_superclass::Tryptophan alkaloids	0,0,0,0,0,0,0,0,0,0,0,0,0,0,0,0,0,0,0,0,0,0,0	0,0,0,0,0,0,0,0,0,0,0,0,0,0,0,0,0,1,0,0,0,1,0	-2.217421,-0.413201,-1.691239,-2.207767,-0.628456,-2.094936,-2.116163,-2.414534,-1.516907,-0.963127,-0.190509,-0.963930,-2.217421,-4.707085,-0.481082,-0.746259,-0.420344,2.099572,-3.549766,-1.793365,-1.458753,0.180887,-0.780174
Paxi_ASAT3_AOR06333.1	Paxi_ASAT3_AOR06333.1		acceptor_superclass::Naphthalenes;acceptor_superclass::Phenylethanoids (C6-C2);acceptor_superclass::Saccharides	0,0,0,0,0,0,0,0,0,0,0,0,0,0,0,0,0,0,0,0,0,0,0	0,0,0,0,0,0,0,0,0,0,1,0,0,0,1,0,0,1,0,0,0,0,0	-0.952218,-1.555055,-1.870906,-3.127044,-1.386071,-2.039324,-1.928137,-0.951464,-0.791360,-1.123471,1.141332,-2.221388,-0.308348,-3.999137,0.016883,-0.302846,-1.274223,0.840385,-2.800113,-1.324901,-1.886217,-1.440900,-0.588406
Paxi_ASAT4_AOR06334.1	Paxi_ASAT4_AOR06334.1		acceptor_superclass::Diterpenoids;acceptor_superclass::Phenanthrenoids;acceptor_superclass::Saccharides;acceptor_superclass::Tryptophan alkaloids	0,0,0,0,0,0,0,0,0,0,0,0,0,0,0,0,0,0,0,0,0,0,0	0,0,1,0,0,0,0,0,0,0,0,0,1,0,0,0,0,1,0,0,0,1,0	-1.850164,-2.706646,0.851050,-2.178541,-2.591597,-2.027859,-2.234293,-1.900510,-0.758328,-1.342611,-1.927554,-2.177656,0.104134,-5.471485,-0.778999,-0.637559,-2.289008,3.663223,-3.571290,-2.284974,-0.982160,0.277355,-2.082280
Paxi_CFAT_ABG75942.1	Paxi_CFAT_ABG75942.1	acceptor_superclass::Fatty acyls;acceptor_superclass::Monoterpenoids;acceptor_superclass::Phenylethanoids (C6-C2);acceptor_superclass::Phenylpropanoids (C6-C3)	acceptor_superclass::Diterpenoids;acceptor_superclass::Lysine alkaloids;acceptor_superclass::Ornithine alkaloids;acceptor_superclass::Phenylpropanoids (C6-C3)	0,0,0,0,1,0,0,0,0,1,0,0,0,0,1,1,0,0,0,0,0,0,0	0,0,1,0,0,0,0,0,1,0,0,1,0,0,0,1,0,0,0,0,0,0,0	-2.781947,-0.369209,1.251693,-4.459944,-0.444526,-2.427766,-2.916896,-3.194194,0.478885,-0.379725,-1.585994,0.331638,-2.781947,-4.689587,-1.561315,0.056445,-0.030658,-0.523969,-2.860738,-2.226561,-1.082240,-1.055710,-1.742996
Pbar_AT1_WEX29777.1	Pbar_AT1_WEX29777.1	acceptor_superclass::Phenylethanoids (C6-C2)	acceptor_superclass::Fatty Acids and Conjugates;acceptor_superclass::Phenolic acids (C6-C1);acceptor_superclass::Phenylethanoids (C6-C2);acceptor_superclass::Small peptides;acceptor_superclass::Tyrosine alkaloids	0,0,0,0,0,0,0,0,0,0,0,0,0,0,1,0,0,0,0,0,0,0,0	0,0,0,1,0,0,0,0,0,0,0,0,0,1,1,0,0,0,1,0,0,0,1	-0.314110,-2.253917,-3.313292,0.885095,-3.085576,-1.070176,-1.265200,-1.874897,-3.599249,-0.852539,-0.950444,-0.582290,-0.226165,1.423894,0.914670,-0.721394,-1.262228,-1.333811,1.410255,-1.508610,-1.268474,-2.099156,0.485803
Pcam_HCT_QDF44405.1	Pcam_HCT_QDF44405.1	acceptor_superclass::Phenolic acids (C6-C1)	acceptor_superclass::Phenolic acids (C6-C1);acceptor_superclass::Small peptides;acceptor_superclass::Triterpenoids;acceptor_superclass::Tyrosine alkaloids	0,0,0,0,0,0,0,0,0,0,0,0,0,1,0,0,0,0,0,0,0,0,0	0,0,0,0,0,0,0,0,0,0,0,0,0,1,0,0,0,0,1,0,1,0,1	-2.456584,-2.577211,-2.143472,-0.207970,-1.011999,-0.485004,-2.767103,-1.419371,-1.786693,-0.609596,-2.475806,-1.357379,-3.132988,3.700531,-2.006443,-0.638759,-1.585039,-3.191336,1.268126,-1.900020,0.455809,-0.777949,1.201864
Pcam_HQT_QDF44406.1	Pcam_HQT_QDF44406.1	acceptor_superclass::Phenolic acids (C6-C1)	acceptor_superclass::Phenolic acids (C6-C1);acceptor_superclass::Small peptides;acceptor_superclass::Tyrosine alkaloids	0,0,0,0,0,0,0,0,0,0,0,0,0,1,0,0,0,0,0,0,0,0,0	0,0,0,0,0,0,0,0,0,0,0,0,0,1,0,0,0,0,1,0,0,0,1	-1.939018,-2.302418,-2.423485,-0.216444,-1.679016,-1.006817,-1.438754,-0.764536,-2.622930,-1.587472,-2.343648,-1.389148,-2.088111,3.414560,-1.011446,-0.301349,-2.072696,-2.437605,1.290005,-1.857634,-1.103946,-1.579850,0.192858
Pcam_RAS_QDF44407.1	Pcam_RAS_QDF44407.1	acceptor_superclass::Phenolic acids (C6-C1)	acceptor_superclass::Coumarins;acceptor_superclass::Fatty Acids and Conjugates;acceptor_superclass::Phenanthrenoids;acceptor_superclass::Phenylethanoids (C6-C2);acceptor_superclass::Phenylpropanoids (C6-C3);acceptor_superclass::Small peptides	0,0,0,0,0,0,0,0,0,0,0,0,0,1,0,0,0,0,0,0,0,0,0	1,0,0,1,0,0,0,0,0,0,0,0,1,0,1,1,0,0,1,0,0,0,0	0.141993,-3.096774,-2.602184,1.053951,-1.655262,-1.020078,-1.949842,-2.299681,-3.144429,-0.333971,-2.255236,-0.646696,1.771792,-0.640729,1.133924,0.475428,-1.407818,-1.426120,0.671331,-2.154129,-3.363684,-4.249146,-1.352993
Pcru_3MAT_AAO38058.1	Pcru_3MAT_AAO38058.1	acceptor_superclass::Flavonoids	acceptor_superclass::Coumarins;acceptor_superclass::Cyclic polyketides;acceptor_superclass::Fatty acyls;acceptor_superclass::Flavonoids;acceptor_superclass::Isoflavonoids;acceptor_superclass::Ornithine alkaloids;acceptor_superclass::Phenanthrenoids;acceptor_superclass::Pseudoalkaloids;acceptor_superclass::Steroids	0,0,0,0,0,1,0,0,0,0,0,0,0,0,0,0,0,0,0,0,0,0,0	1,1,0,0,1,1,1,0,0,0,0,1,1,0,0,0,1,0,0,1,0,0,0	2.598866,0.398822,-3.903470,-2.547102,0.237615,2.615653,2.013788,-4.438121,-2.048143,-2.002735,-0.413553,0.456107,3.432915,-3.500895,-0.137334,-1.412677,0.726271,-2.418156,-2.530196,1.749105,-3.448773,-4.000945,-1.548913
Pfru_3AT_BAA93475.1	Pfru_3AT_BAA93475.1	acceptor_superclass::Flavonoids	acceptor_superclass::Flavonoids;acceptor_superclass::Isoflavonoids;acceptor_superclass::Steroids;acceptor_superclass::Triterpenoids	0,0,0,0,0,1,0,0,0,0,0,0,0,0,0,0,0,0,0,0,0,0,0	0,0,0,0,0,1,1,0,0,0,0,0,0,0,0,0,0,0,0,1,1,0,0	-0.103340,-1.381797,-1.734090,-1.532444,-2.574965,2.317594,2.185641,-1.551343,-2.476241,-2.233517,-1.129071,-0.714517,-0.397116,-1.026985,-2.708080,-3.092048,-0.551552,-4.066240,-1.286398,1.276106,0.889752,-1.599603,-1.080280
Phyb_AAT_AAW31948.1	Phyb_AAT_AAW31948.1	acceptor_superclass::Fatty acyls;acceptor_superclass::Monoterpenoids	acceptor_superclass::Cyclic polyketides;acceptor_superclass::Fatty acyls;acceptor_superclass::Ornithine alkaloids;acceptor_superclass::Phenylethanoids (C6-C2);acceptor_superclass::Pseudoalkaloids	0,0,0,0,1,0,0,0,0,1,0,0,0,0,0,0,0,0,0,0,0,0,0	0,1,0,0,1,0,0,0,0,0,0,1,0,0,1,0,1,0,0,0,0,0,0	-1.828040,1.759339,-2.431643,-4.436124,0.429770,-1.207948,-1.189160,-2.689749,-1.479673,-0.812686,-0.628492,1.196608,-1.513232,-3.069044,0.851548,-0.269524,0.132825,-1.658613,-2.826741,-0.470869,-0.718249,-1.059929,-1.171325
Phyb_BPBT_AAU06226.1	Phyb_BPBT_AAU06226.1	acceptor_superclass::Fatty acyls;acceptor_superclass::Monoterpenoids;acceptor_superclass::Phenylethanoids (C6-C2);acceptor_superclass::Phenylpropanoids (C6-C3)	acceptor_superclass::Fatty acyls;acceptor_superclass::Lysine alkaloids;acceptor_superclass::Monoterpenoids;acceptor_superclass::Phenylpropanoids (C6-C3)	0,0,0,0,1,0,0,0,0,1,0,0,0,0,1,1,0,0,0,0,0,0,0	0,0,0,0,1,0,0,0,1,1,0,0,0,0,0,1,0,0,0,0,0,0,0	-2.141727,-3.735222,-0.344459,-0.242167,0.948876,-1.296767,-3.389515,-1.143225,0.450082,0.393918,-1.992784,-3.640470,-2.620291,-1.421345,-1.100319,0.190271,-1.654826,-2.079563,-1.331031,-2.402351,-0.944980,-1.863694,-1.891761
Phyb_CFAT_ABG75942.1	Phyb_CFAT_ABG75942.1	acceptor_superclass::Phenylpropanoids (C6-C3)	acceptor_superclass::Diterpenoids;acceptor_superclass::Lysine alkaloids;acceptor_superclass::Ornithine alkaloids;acceptor_superclass::Phenylpropanoids (C6-C3)	0,0,0,0,0,0,0,0,0,0,0,0,0,0,0,1,0,0,0,0,0,0,0	0,0,1,0,0,0,0,0,1,0,0,1,0,0,0,1,0,0,0,0,0,0,0	-2.781947,-0.369209,1.251693,-4.459944,-0.444526,-2.427766,-2.916896,-3.194194,0.478885,-0.379725,-1.585994,0.331638,-2.781947,-4.689587,-1.561315,0.056445,-0.030658,-0.523969,-2.860738,-2.226561,-1.082240,-1.055710,-1.742996
Pnig_PAS_QUS53101.1	Pnig_BAHD1_QUS53101.1	acceptor_superclass::Lysine alkaloids;acceptor_superclass::Pseudoalkaloids	acceptor_superclass::Fatty acyls;acceptor_superclass::Lignans;acceptor_superclass::Lysine alkaloids;acceptor_superclass::Monoterpenoids;acceptor_superclass::Phenylpropanoids (C6-C3)	0,0,0,0,0,0,0,0,1,0,0,0,0,0,0,0,1,0,0,0,0,0,0	0,0,0,0,1,0,0,1,1,1,0,0,0,0,0,1,0,0,0,0,0,0,0	-3.092139,-2.027974,-0.259271,-2.404294,0.131529,-0.708885,-2.727298,0.058884,2.904134,0.648924,-1.960790,-2.010179,-4.196829,-3.932266,-0.608002,0.806069,-0.141718,-0.460668,-2.395426,-3.059267,-2.754569,-1.193585,-3.127824
Pnig_PS_QUS53100.1	Pnig_BAHD2_QUS53100.1	acceptor_superclass::Lysine alkaloids	acceptor_superclass::Lysine alkaloids;acceptor_superclass::Phenylethanoids (C6-C2);acceptor_superclass::Phenylpropanoids (C6-C3)	0,0,0,0,0,0,0,0,1,0,0,0,0,0,0,0,0,0,0,0,0,0,0	0,0,0,0,0,0,0,0,1,0,0,0,0,0,1,1,0,0,0,0,0,0,0	-3.716020,-1.997172,-0.961499,-2.670764,-0.889205,-1.078163,-2.544686,-3.008930,2.554971,-0.263173,-2.563281,-1.503664,-3.716020,-2.899191,0.073921,0.571644,-0.331314,-0.067080,-1.696523,-2.899485,-1.914750,-1.764744,-2.310608
Pnig_HCT1_AEN02914.1	Pnig_HCT1_AEN02914.1	acceptor_superclass::Phenolic acids (C6-C1)	acceptor_superclass::Coumarins;acceptor_superclass::Flavonoids;acceptor_superclass::Isoflavonoids;acceptor_superclass::Ornithine alkaloids;acceptor_superclass::Phenolic acids (C6-C1);acceptor_superclass::Small peptides	0,0,0,0,0,0,0,0,0,0,0,0,0,1,0,0,0,0,0,0,0,0,0	1,0,0,0,0,1,1,0,0,0,0,1,0,1,0,0,0,0,1,0,0,0,0	0.186448,-3.195617,-1.048683,-0.817896,-3.426957,1.089669,0.425399,-3.174090,-2.562039,-3.434295,-0.852940,1.507084,-0.189951,0.943879,-2.103414,-2.007315,-0.476315,-4.765204,0.380420,-2.129031,-2.579169,-3.961499,-1.211007
Pnig_PAS_QUS53101.1	Pnig_PAS_QUS53101.1	acceptor_superclass::Lysine alkaloids;acceptor_superclass::Pseudoalkaloids	acceptor_superclass::Lysine alkaloids;acceptor_superclass::Monoterpenoids;acceptor_superclass::Phenylpropanoids (C6-C3);acceptor_superclass::Pseudoalkaloids	0,0,0,0,0,0,0,0,1,0,0,0,0,0,0,0,1,0,0,0,0,0,0	0,0,0,0,0,0,0,0,1,1,0,0,0,0,0,1,1,0,0,0,0,0,0	-3.235383,-2.991095,-0.121330,-2.662514,-0.035083,-0.918284,-2.801331,-1.879027,2.785308,0.461928,-1.688462,-1.526400,-3.235383,-3.778094,-0.555060,1.166330,0.365931,-0.723491,-2.501430,-2.813711,-2.703634,-1.092409,-3.391859
Pnig_PHT1_BGB46908.1	Pnig_PHT1_BGB46908.1	acceptor_superclass::Ornithine alkaloids;acceptor_superclass::Pseudoalkaloids	acceptor_superclass::Ornithine alkaloids;acceptor_superclass::Pseudoalkaloids;acceptor_superclass::Tryptophan alkaloids;acceptor_superclass::Tyrosine alkaloids	0,0,0,0,0,0,0,0,0,0,0,1,0,0,0,0,1,0,0,0,0,0,0	0,0,0,0,0,0,0,0,0,0,0,1,0,0,0,0,1,0,0,0,0,1,1	-2.718328,-0.910508,-2.911100,-0.701987,-1.779000,-1.230868,-1.443990,-1.420042,-1.027790,-1.574050,-1.593904,2.239181,-2.573797,-1.261840,-1.558649,-0.949351,2.465157,-1.192357,-0.649590,-1.528245,-2.064461,1.087262,0.402660
Pnig_PS_QUS53100.1	Pnig_PS_QUS53100.1	acceptor_superclass::Lysine alkaloids	acceptor_superclass::Lysine alkaloids;acceptor_superclass::Phenylpropanoids (C6-C3)	0,0,0,0,0,0,0,0,1,0,0,0,0,0,0,0,0,0,0,0,0,0,0	0,0,0,0,0,0,0,0,1,0,0,0,0,0,0,1,0,0,0,0,0,0,0	-1.330866,-2.448983,-0.895859,-2.898064,-0.903342,-0.634401,-2.939619,-1.402439,2.115608,-0.012626,-1.442661,-1.802665,-2.758993,-2.749568,-0.075005,0.282028,-0.521921,-0.276937,-1.966226,-2.472117,-1.877840,-1.731669,-1.857872
Post_DPBT_Pos.gene30573	Post_DPBT_Pos.gene30573	acceptor_superclass::Monoterpenoids	acceptor_superclass::Fatty acyls;acceptor_superclass::Flavonoids;acceptor_superclass::Phenylpropanoids (C6-C3)	0,0,0,0,0,0,0,0,0,1,0,0,0,0,0,0,0,0,0,0,0,0,0	0,0,0,0,1,1,0,0,0,0,0,0,0,0,0,1,0,0,0,0,0,0,0	-2.428647,-2.134685,-0.777873,-1.596431,0.813807,0.065040,-2.534283,-2.191892,-0.139028,-0.054987,-2.741858,-2.582184,-2.322063,-1.218510,-0.170207,0.575216,-2.322769,-1.829731,-1.090213,-2.481665,-1.685595,-0.372087,-1.213991
Ppat_HCT1_AMK38063.1	Ppat_HCT1_AMK38063.1	acceptor_superclass::Phenolic acids (C6-C1);acceptor_superclass::Saccharides;acceptor_superclass::Small peptides	acceptor_superclass::Fatty Acids and Conjugates;acceptor_superclass::Phenolic acids (C6-C1);acceptor_superclass::Phenylpropanoids (C6-C3);acceptor_superclass::Saccharides;acceptor_superclass::Triterpenoids;acceptor_superclass::Tryptophan alkaloids	0,0,0,0,0,0,0,0,0,0,0,0,0,1,0,0,0,1,1,0,0,0,0	0,0,0,1,0,0,0,0,0,0,0,0,0,1,0,1,0,1,0,0,1,1,0	-2.297062,-2.980966,-0.284386,1.106940,-1.861699,-0.729562,-3.341772,-2.088964,-1.543351,-1.042674,-4.118230,-0.151491,-2.036462,2.026106,-1.114599,0.386666,-0.436645,2.281878,-2.257280,-3.555819,0.142697,0.257649,-0.426550
Ppat_HCT1_AMK38063.1	Ppat_HCT_AMK38063.1	acceptor_superclass::Fatty Acids and Conjugates;acceptor_superclass::Phenolic acids (C6-C1);acceptor_superclass::Phenylpropanoids (C6-C3);acceptor_superclass::Saccharides	acceptor_superclass::Diterpenoids;acceptor_superclass::Phenolic acids (C6-C1);acceptor_superclass::Saccharides;acceptor_superclass::Small peptides;acceptor_superclass::Triterpenoids;acceptor_superclass::Tryptophan alkaloids	0,0,0,1,0,0,0,0,0,0,0,0,0,1,0,1,0,1,0,0,0,0,0	0,0,1,0,0,0,0,0,0,0,0,0,0,1,0,0,0,1,1,0,1,1,0	-4.522494,-3.822706,0.108843,-1.984151,-3.937555,-1.445700,-2.874322,-1.762483,-0.666228,-0.939967,-5.446490,-0.199288,-3.661211,1.837094,-1.852058,-1.284953,-0.538342,2.194563,1.703694,-4.514920,0.475897,1.655439,-0.690347
Pper_AAT1_QEZ90730.1	Pper_AAT1_QEZ90730.1	acceptor_superclass::Fatty acyls	acceptor_superclass::Fatty acyls;acceptor_superclass::Monoterpenoids;acceptor_superclass::Phenylpropanoids (C6-C3)	0,0,0,0,1,0,0,0,0,0,0,0,0,0,0,0,0,0,0,0,0,0,0	0,0,0,0,1,0,0,0,0,1,0,0,0,0,0,1,0,0,0,0,0,0,0	-0.847198,-2.609046,-1.066086,-0.394868,1.079093,-0.157833,-1.850130,-1.476641,-0.459527,0.254792,-1.707243,-2.809162,-1.292343,-0.846809,-0.132972,0.534530,-1.571193,-2.305683,-1.854670,-2.367030,-2.334858,-2.791721,-2.235099
Prad_HCT_ABO52899.1	Prad_HCT_ABO52899.1	acceptor_superclass::Phenolic acids (C6-C1);acceptor_superclass::Small peptides	acceptor_superclass::Phenolic acids (C6-C1);acceptor_superclass::Small peptides	0,0,0,0,0,0,0,0,0,0,0,0,0,1,0,0,0,0,1,0,0,0,0	0,0,0,0,0,0,0,0,0,0,0,0,0,1,0,0,0,0,1,0,0,0,0	-2.508781,-2.725729,-1.988741,-0.193779,-0.862429,-0.959450,-2.522171,-1.231185,-1.772222,-0.482967,-2.114870,-1.595795,-2.508781,2.732203,-1.071699,-0.213711,-1.975679,-3.014670,0.655708,-2.940639,-0.736023,-2.327938,-0.318711
Pscu_HCT2_CBI83579.1	Pscu_HCT2_CBI83579.1	acceptor_superclass::Flavonoids;acceptor_superclass::Phenolic acids (C6-C1);acceptor_superclass::Tyrosine alkaloids	acceptor_superclass::Fatty Acids and Conjugates;acceptor_superclass::Phenolic acids (C6-C1);acceptor_superclass::Small peptides;acceptor_superclass::Tyrosine alkaloids	0,0,0,0,0,1,0,0,0,0,0,0,0,1,0,0,0,0,0,0,0,0,1	0,0,0,1,0,0,0,0,0,0,0,0,0,1,0,0,0,0,1,0,0,0,1	-2.285047,-2.708066,-1.954203,0.348028,-0.926874,-1.275229,-2.251191,-0.352312,-1.997451,-0.238573,-2.842801,-1.339077,-2.450210,3.256733,-2.155395,-0.035063,-1.692414,-2.308258,2.059153,-1.750536,-0.761562,-2.004892,0.696085
Pscu_RAS_CAK55166.1	Pscu_RAS_CAK55166.1		acceptor_superclass::Fatty Acids and Conjugates;acceptor_superclass::Phenolic acids (C6-C1);acceptor_superclass::Small peptides;acceptor_superclass::Tyrosine alkaloids	0,0,0,0,0,0,0,0,0,0,0,0,0,0,0,0,0,0,0,0,0,0,0	0,0,0,1,0,0,0,0,0,0,0,0,0,1,0,0,0,0,1,0,0,0,1	-1.625611,-1.836721,-2.816795,0.604599,-1.327881,-0.351499,-2.643953,-2.033699,-1.557997,-0.741378,-2.342805,-1.629898,-2.067511,0.955793,-1.496750,-0.217786,-0.921461,-2.129480,1.104326,-1.698368,-0.250960,-0.733079,1.356282
Psom_SALAT_AAK73661.1	Psom_SALAT_AAK73661.1	acceptor_superclass::Tyrosine alkaloids	acceptor_superclass::Cyclic polyketides;acceptor_superclass::Fatty acyls;acceptor_superclass::Triterpenoids	0,0,0,0,0,0,0,0,0,0,0,0,0,0,0,0,0,0,0,0,0,0,1	0,1,0,0,1,0,0,0,0,0,0,0,0,0,0,0,0,0,0,0,1,0,0	-2.494714,0.444771,-1.639881,-2.991406,0.415763,-1.675508,-0.944189,-3.082721,-2.849089,-0.243063,-1.345011,-0.592875,-0.437220,-3.291453,-0.030578,-0.440138,-2.587270,-1.722965,-2.061734,-0.199939,1.865566,-0.622429,-3.092450
Ptri_BEBT_AJD25145.1	Ptri_BEBT_AJD25145.1		acceptor_superclass::Fatty acyls;acceptor_superclass::Lysine alkaloids;acceptor_superclass::Monoterpenoids;acceptor_superclass::Phenylethanoids (C6-C2);acceptor_superclass::Phenylpropanoids (C6-C3)	0,0,0,0,0,0,0,0,0,0,0,0,0,0,0,0,0,0,0,0,0,0,0	0,0,0,0,1,0,0,0,1,1,0,0,0,0,1,1,0,0,0,0,0,0,0	-2.649158,-2.120489,-1.331481,-1.162297,1.881824,-0.962191,-3.026237,-0.023774,0.403919,1.438081,-2.890541,-3.478311,-3.223159,-0.861107,0.292381,1.202671,-2.497472,-0.857189,-1.012326,-2.362084,-1.924487,-1.333961,-1.644586
Ptri_FHT1_AGJ03151.1	Ptri_FHT1_AGJ03151.1	acceptor_superclass::Fatty Acids and Conjugates;acceptor_superclass::Fatty acyls	acceptor_superclass::Fatty Acids and Conjugates;acceptor_superclass::Fatty acyls;acceptor_superclass::Phenolic acids (C6-C1)	0,0,0,1,1,0,0,0,0,0,0,0,0,0,0,0,0,0,0,0,0,0,0	0,0,0,1,1,0,0,0,0,0,0,0,0,1,0,0,0,0,0,0,0,0,0	-2.307242,-3.234053,-0.983462,2.665194,1.752173,-0.934169,-2.788609,-2.220148,-2.699867,-0.924315,-2.321564,-1.865968,-1.342664,0.367283,-1.787998,-0.931067,-1.773669,-2.821609,-1.418991,-3.298456,-1.437305,-1.517889,-0.937953
Ptri_HBMT1_PNT60021.1	Ptri_HBMT1_PNT60021.1	acceptor_superclass::Phenylpropanoids (C6-C3)	acceptor_superclass::Fatty acyls;acceptor_superclass::Monoterpenoids	0,0,0,0,0,0,0,0,0,0,0,0,0,0,0,1,0,0,0,0,0,0,0	0,0,0,0,1,0,0,0,0,1,0,0,0,0,0,0,0,0,0,0,0,0,0	-2.089359,-2.978072,-0.254936,-1.476637,0.305293,-1.524207,-2.305816,-1.045435,-0.408179,0.162864,-1.272538,-2.029320,-2.609445,-1.304318,-0.947125,-0.177875,-1.273522,-2.469764,-1.752511,-2.307781,-1.159697,-2.361769,-1.565703
Ptri_HCT6_PNT52620.1	Ptri_HCT6_PNT52620.1	acceptor_superclass::Phenolic acids (C6-C1);acceptor_superclass::Small peptides	acceptor_superclass::Fatty Acids and Conjugates;acceptor_superclass::Phenolic acids (C6-C1);acceptor_superclass::Small peptides;acceptor_superclass::Tyrosine alkaloids	0,0,0,0,0,0,0,0,0,0,0,0,0,1,0,0,0,0,1,0,0,0,0	0,0,0,1,0,0,0,0,0,0,0,0,0,1,0,0,0,0,1,0,0,0,1	-2.096292,-2.169953,-2.363796,0.211380,-0.934983,-0.333731,-2.606850,-0.659626,-2.044830,-0.692408,-3.178093,-1.147618,-2.163290,3.538772,-1.218643,-0.053504,-1.913007,-3.177160,1.858037,-1.875539,-0.586137,-1.430807,0.640950
Ptri_HBMT1_PNT60021.1	Ptri_PHBMT1_AJD79571.1	acceptor_superclass::Phenylpropanoids (C6-C3)	acceptor_superclass::Fatty acyls;acceptor_superclass::Monoterpenoids	0,0,0,0,0,0,0,0,0,0,0,0,0,0,0,1,0,0,0,0,0,0,0	0,0,0,0,1,0,0,0,0,1,0,0,0,0,0,0,0,0,0,0,0,0,0	-2.089359,-2.978072,-0.254936,-1.476637,0.305293,-1.524207,-2.305816,-1.045435,-0.408179,0.162864,-1.272538,-2.029320,-2.609445,-1.304318,-0.947125,-0.177875,-1.273522,-2.469764,-1.752511,-2.307781,-1.159697,-2.361769,-1.565703
Ptri_SABT_AJD25144.1	Ptri_SABT_AJD25144.1	acceptor_superclass::Phenylpropanoids (C6-C3)	acceptor_superclass::Fatty acyls;acceptor_superclass::Monoterpenoids;acceptor_superclass::Phenylethanoids (C6-C2);acceptor_superclass::Phenylpropanoids (C6-C3)	0,0,0,0,0,0,0,0,0,0,0,0,0,0,0,1,0,0,0,0,0,0,0	0,0,0,0,1,0,0,0,0,1,0,0,0,0,1,1,0,0,0,0,0,0,0	-2.481189,-2.209208,-1.386620,-1.024625,2.013877,-0.988556,-2.950958,-1.085890,-0.033477,0.984453,-2.524023,-3.422486,-2.743467,-0.617175,0.892617,1.100353,-2.626107,-2.257308,-0.907658,-2.116127,-1.251034,-1.401792,-1.199422
Pvir_FMT_KAG2630178.1	Pvir_FMT_KAG2630178.1	acceptor_superclass::Phenylpropanoids (C6-C3)	acceptor_superclass::Monoterpenoids;acceptor_superclass::Phenylethanoids (C6-C2);acceptor_superclass::Phenylpropanoids (C6-C3);acceptor_superclass::Pseudoalkaloids	0,0,0,0,0,0,0,0,0,0,0,0,0,0,0,1,0,0,0,0,0,0,0	0,0,0,0,0,0,0,0,0,1,0,0,0,0,1,1,1,0,0,0,0,0,0	-1.652519,-1.418410,-1.179215,-0.486530,-0.431311,-0.579800,-1.730299,-2.743863,-1.598211,0.792024,-1.997894,-0.689499,-1.260111,-4.189396,0.176317,0.423440,0.255528,-1.616496,-1.871153,-1.634313,-2.484529,-1.499704,-1.891484
Pvir_HCT1a_BAO20883.1	Pvir_HCT1a_BAO20883.1	acceptor_superclass::Phenolic acids (C6-C1)	acceptor_superclass::Phenolic acids (C6-C1);acceptor_superclass::Phenylpropanoids (C6-C3);acceptor_superclass::Small peptides;acceptor_superclass::Triterpenoids;acceptor_superclass::Tyrosine alkaloids	0,0,0,0,0,0,0,0,0,0,0,0,0,1,0,0,0,0,0,0,0,0,0	0,0,0,0,0,0,0,0,0,0,0,0,0,1,0,1,0,0,1,0,1,0,1	-1.777736,-1.542480,-3.064291,-1.263535,-1.247236,-0.255963,-2.200970,-1.315831,-2.267416,-0.536351,-2.727408,-0.942114,-1.777736,3.093781,-0.135727,0.241138,-1.996928,-2.195741,1.054332,-2.195158,0.015350,-1.873367,0.066121
Pvir_HCT2a_AGM90558.1	Pvir_HCT2a_AGM90558.1	acceptor_superclass::Phenolic acids (C6-C1);acceptor_superclass::Phenylpropanoids (C6-C3);acceptor_superclass::Small peptides	acceptor_superclass::Fatty Acids and Conjugates;acceptor_superclass::Phenolic acids (C6-C1);acceptor_superclass::Small peptides;acceptor_superclass::Tyrosine alkaloids	0,0,0,0,0,0,0,0,0,0,0,0,0,1,0,1,0,0,1,0,0,0,0	0,0,0,1,0,0,0,0,0,0,0,0,0,1,0,0,0,0,1,0,0,0,1	-1.319730,-2.756550,-2.383063,0.609146,-2.290977,-1.110048,-1.226380,-0.487562,-3.615124,-1.293388,-1.630306,-1.045034,-0.941427,2.404914,-0.688227,-0.874164,-1.376229,-1.934186,0.410351,-2.599572,-0.511189,-1.873282,0.422628
Pvir_PMT_KAG2616253.1	Pvir_PMT_KAG2616253.1	acceptor_superclass::Phenylpropanoids (C6-C3)	acceptor_superclass::Fatty acyls;acceptor_superclass::Monoterpenoids;acceptor_superclass::Phenylethanoids (C6-C2);acceptor_superclass::Phenylpropanoids (C6-C3);acceptor_superclass::Pseudoalkaloids	0,0,0,0,0,0,0,0,0,0,0,0,0,0,0,1,0,0,0,0,0,0,0	0,0,0,0,1,0,0,0,0,1,0,0,0,0,1,1,1,0,0,0,0,0,0	-1.860851,-1.322270,-1.101909,-0.340201,0.011733,-0.709406,-2.007288,-0.835137,-1.486073,0.798552,-2.037792,-0.569714,-1.860851,-3.997241,0.349756,0.957478,0.108549,-1.766857,-2.224699,-2.024868,-3.107239,-1.757019,-2.122665
Pvul_HHHT_AOX15526.1	Pvul_HHHT_AOX15526.1	acceptor_superclass::Fatty Acids and Conjugates	acceptor_superclass::Ornithine alkaloids;acceptor_superclass::Phenylethanoids (C6-C2);acceptor_superclass::Phenylpropanoids (C6-C3);acceptor_superclass::Small peptides;acceptor_superclass::Tyrosine alkaloids	0,0,0,1,0,0,0,0,0,0,0,0,0,0,0,0,0,0,0,0,0,0,0	0,0,0,0,0,0,0,0,0,0,0,1,0,0,1,1,0,0,1,0,0,0,1	-0.953090,-1.623142,-2.689226,-0.758590,-1.956852,-1.011220,-1.324398,-0.886620,-2.885397,-0.569648,-2.150725,0.125922,-0.537084,-0.087543,0.596925,0.032757,-0.666813,-0.971037,1.165146,-0.631014,-1.904510,-2.723494,0.683526
Rcan_SHT_QNO39111.1	Rcan_SHT_QNO39111.1	acceptor_superclass::Ornithine alkaloids	acceptor_superclass::Fatty Acids and Conjugates;acceptor_superclass::Ornithine alkaloids;acceptor_superclass::Phenolic acids (C6-C1);acceptor_superclass::Small peptides	0,0,0,0,0,0,0,0,0,0,0,1,0,0,0,0,0,0,0,0,0,0,0	0,0,0,1,0,0,0,0,0,0,0,1,0,1,0,0,0,0,1,0,0,0,0	-2.141533,-2.167169,-0.902711,0.666474,-1.512842,-1.808856,-1.948401,-0.401180,-3.640999,-1.082463,-2.489398,0.902572,-1.014041,0.728389,-0.821555,-0.457996,-0.096071,-1.939856,0.329024,-2.057373,-0.729005,-2.358039,-0.759283
Rcom_SHT_QNO39108.1	Rcom_SHT_QNO39108.1	acceptor_superclass::Ornithine alkaloids	acceptor_superclass::Ornithine alkaloids;acceptor_superclass::Phenolic acids (C6-C1);acceptor_superclass::Phenylethanoids (C6-C2);acceptor_superclass::Small peptides	0,0,0,0,0,0,0,0,0,0,0,1,0,0,0,0,0,0,0,0,0,0,0	0,0,0,0,0,0,0,0,0,0,0,1,0,1,1,0,0,0,1,0,0,0,0	-0.985204,-1.058912,-3.815535,-0.171616,-1.382934,-0.149214,-1.193220,-2.187726,-3.286483,-1.426646,-1.627915,0.224341,-0.865433,1.208544,0.255333,-0.147440,-0.791931,-2.582346,0.135173,-0.376322,-0.565248,-3.290508,-0.047850
Rglu_AT1_WEX29776.1	Rglu_AT1_WEX29776.1	acceptor_superclass::Phenylethanoids (C6-C2)	acceptor_superclass::Fatty Acids and Conjugates;acceptor_superclass::Phenolic acids (C6-C1);acceptor_superclass::Phenylethanoids (C6-C2);acceptor_superclass::Small peptides	0,0,0,0,0,0,0,0,0,0,0,0,0,0,1,0,0,0,0,0,0,0,0	0,0,0,1,0,0,0,0,0,0,0,0,0,1,1,0,0,0,1,0,0,0,0	-0.936208,-2.103749,-3.419891,0.439690,-2.793128,-1.461830,-1.824063,-3.105899,-3.334957,-0.430232,-1.077695,-0.644951,-0.658633,1.215756,1.621235,-0.143356,-1.349582,-1.517487,0.134563,-2.358178,-0.013958,-2.340835,-1.382226
Rhyb_AAT1_AAW31948.1	Rhyb_AAT1_AAW31948.1	acceptor_superclass::Fatty acyls;acceptor_superclass::Monoterpenoids;acceptor_superclass::Phenylethanoids (C6-C2)	acceptor_superclass::Cyclic polyketides;acceptor_superclass::Fatty acyls;acceptor_superclass::Ornithine alkaloids;acceptor_superclass::Phenylethanoids (C6-C2);acceptor_superclass::Pseudoalkaloids	0,0,0,0,1,0,0,0,0,1,0,0,0,0,1,0,0,0,0,0,0,0,0	0,1,0,0,1,0,0,0,0,0,0,1,0,0,1,0,1,0,0,0,0,0,0	-1.828040,1.759339,-2.431643,-4.436124,0.429770,-1.207948,-1.189160,-2.689749,-1.479673,-0.812686,-0.628492,1.196608,-1.513232,-3.069044,0.851548,-0.269524,0.132825,-1.658613,-2.826741,-0.470869,-0.718249,-1.059929,-1.171325
Rser_VS_CAD89104.2	Rser_ACT_CAD89104.2	acceptor_superclass::Tryptophan alkaloids	acceptor_superclass::Monoterpenoids;acceptor_superclass::Naphthalenes;acceptor_superclass::Phenylethanoids (C6-C2);acceptor_superclass::Phenylpropanoids (C6-C3);acceptor_superclass::Triterpenoids;acceptor_superclass::Tryptophan alkaloids	0,0,0,0,0,0,0,0,0,0,0,0,0,0,0,0,0,0,0,0,0,1,0	0,0,0,0,0,0,0,0,0,1,1,0,0,0,1,1,0,0,0,0,1,1,0	-1.567387,-2.913274,-0.055889,-0.529608,-0.737213,-1.107201,-2.048627,-2.228432,-3.953152,0.301213,0.143420,-2.750882,-1.567387,-2.242982,0.053302,0.013746,-3.466117,-1.090410,-2.343124,-1.757066,0.310019,1.277476,-1.075636
Rser_VS_CAD89104.2	Rser_VS_CAD89104.2	acceptor_superclass::Tryptophan alkaloids	acceptor_superclass::Diterpenoids;acceptor_superclass::Monoterpenoids;acceptor_superclass::Naphthalenes;acceptor_superclass::Phenylethanoids (C6-C2);acceptor_superclass::Triterpenoids;acceptor_superclass::Tryptophan alkaloids	0,0,0,0,0,0,0,0,0,0,0,0,0,0,0,0,0,0,0,0,0,1,0	0,0,1,0,0,0,0,0,0,1,1,0,0,0,1,0,0,0,0,0,1,1,0	-2.065191,-2.996568,0.739136,-0.342588,-0.478313,-0.998281,-1.996559,-2.278935,-4.320911,0.060025,0.182198,-3.941014,-0.475492,-1.306998,0.101626,-0.269190,-3.894991,-0.943811,-2.174965,-2.414009,2.021656,1.117340,-1.852637
Rser_YAT_PQ801655	Rser_YAT_PQ801655	acceptor_superclass::Tryptophan alkaloids	acceptor_superclass::Diterpenoids;acceptor_superclass::Fatty acyls;acceptor_superclass::Monoterpenoids;acceptor_superclass::Triterpenoids;acceptor_superclass::Tryptophan alkaloids	0,0,0,0,0,0,0,0,0,0,0,0,0,0,0,0,0,0,0,0,0,1,0	0,0,1,0,1,0,0,0,0,1,0,0,0,0,0,0,0,0,0,0,1,1,0	-2.838204,-1.373086,1.442540,-1.283363,0.481662,-1.798076,-2.780424,-0.882532,-2.937782,1.163428,-1.099365,-1.840933,-1.722168,-3.761961,-0.729785,-0.291486,-2.333055,-1.459420,-2.514180,-0.651555,1.702673,1.078166,-1.019982
Sbic_COSY_OQU75851.1	Sbic_COSY_OQU75851.1		acceptor_superclass::Flavonoids;acceptor_superclass::Ornithine alkaloids;acceptor_superclass::Pseudoalkaloids;acceptor_superclass::Tryptophan alkaloids	0,0,0,0,0,0,0,0,0,0,0,0,0,0,0,0,0,0,0,0,0,0,0	0,0,0,0,0,1,0,0,0,0,0,1,0,0,0,0,1,0,0,0,0,1,0	-0.638216,-0.750407,-0.637905,-2.096585,-2.552551,0.683793,-0.698268,-0.933457,-0.790596,-1.151104,-1.797613,1.457962,-0.638216,-4.994022,-2.016864,-1.053344,1.665940,-0.005112,-2.339241,-1.227639,-1.503952,0.692309,-2.243609
Sbic_FMT_EES15804.1	Sbic_FMT_EES15804.1	acceptor_superclass::Phenylpropanoids (C6-C3)	acceptor_superclass::Monoterpenoids;acceptor_superclass::Phenylethanoids (C6-C2);acceptor_superclass::Phenylpropanoids (C6-C3)	0,0,0,0,0,0,0,0,0,0,0,0,0,0,0,1,0,0,0,0,0,0,0	0,0,0,0,0,0,0,0,0,1,0,0,0,0,1,1,0,0,0,0,0,0,0	-1.840675,-1.381451,-1.018966,-0.452540,-0.073446,-0.250956,-1.473796,-1.446559,-1.450032,0.220048,-2.156206,-0.851814,-1.840675,-4.079090,0.749736,0.822596,-0.106537,-1.654081,-2.339956,-1.578143,-2.508026,-2.467164,-2.707189
Sbic_HCT_EES05411.1	Sbic_HCT_EES05411.1	acceptor_superclass::Phenolic acids (C6-C1)	acceptor_superclass::Fatty Acids and Conjugates;acceptor_superclass::Phenolic acids (C6-C1);acceptor_superclass::Small peptides;acceptor_superclass::Tyrosine alkaloids	0,0,0,0,0,0,0,0,0,0,0,0,0,1,0,0,0,0,0,0,0,0,0	0,0,0,1,0,0,0,0,0,0,0,0,0,1,0,0,0,0,1,0,0,0,1	-1.303562,-2.621450,-2.704118,0.445912,-2.175384,-1.078420,-1.443988,-0.811218,-3.187110,-1.201801,-1.608028,-0.774910,-1.139193,2.288918,-0.667958,-0.723932,-1.150585,-2.157211,0.702485,-2.437833,-0.584118,-2.360870,0.279002
Sbic_PMT_EES17668.1	Sbic_PMT_EES17668.1	acceptor_superclass::Phenylpropanoids (C6-C3)	acceptor_superclass::Fatty acyls;acceptor_superclass::Monoterpenoids;acceptor_superclass::Phenylethanoids (C6-C2);acceptor_superclass::Phenylpropanoids (C6-C3)	0,0,0,0,0,0,0,0,0,0,0,0,0,0,0,1,0,0,0,0,0,0,0	0,0,0,0,1,0,0,0,0,1,0,0,0,0,1,1,0,0,0,0,0,0,0	-2.350543,-1.443718,-0.019021,-0.958976,0.617602,-0.911945,-3.290947,-1.978825,-0.719850,1.227379,-3.018973,-0.557953,-1.895775,-3.839655,0.832960,1.193870,-0.332743,-0.957837,-2.307909,-2.638738,-2.725129,-1.335463,-1.714401
Sche_AAT10422_BCJ78482.1	Sche_AAT10422_BCJ78482.1	acceptor_superclass::Fatty acyls	acceptor_superclass::Fatty acyls;acceptor_superclass::Monoterpenoids;acceptor_superclass::Phenylethanoids (C6-C2);acceptor_superclass::Phenylpropanoids (C6-C3)	0,0,0,0,1,0,0,0,0,0,0,0,0,0,0,0,0,0,0,0,0,0,0	0,0,0,0,1,0,0,0,0,1,0,0,0,0,1,1,0,0,0,0,0,0,0	-1.719972,-1.695493,-1.002956,-2.051711,2.361326,-1.178048,-2.600981,-2.448479,-0.720230,0.987265,-2.783462,-1.450077,-0.525982,-1.906531,1.681566,1.494259,-2.091116,-1.910874,-1.768220,-2.898057,-2.758537,-2.745514,-3.474137
Schi_CFAT_URQ03862.1	Schi_CFAT_URQ03862.1	acceptor_superclass::Lignans;acceptor_superclass::Phenylpropanoids (C6-C3)	acceptor_superclass::Diterpenoids;acceptor_superclass::Lysine alkaloids;acceptor_superclass::Phenylpropanoids (C6-C3);acceptor_superclass::Tryptophan alkaloids	0,0,0,0,0,0,0,1,0,0,0,0,0,0,0,1,0,0,0,0,0,0,0	0,0,1,0,0,0,0,0,1,0,0,0,0,0,0,1,0,0,0,0,0,1,0	-2.798796,-2.406348,1.369840,-4.179722,-1.867803,-1.746413,-2.374666,-3.131551,0.627453,-1.387841,-0.429757,-1.228624,-2.798796,-3.060420,-2.237712,0.465759,-0.830341,-0.407119,-2.348099,-2.574449,-0.174226,0.084564,-0.899373
Schm_AAT11306_BCJ78485.1	Schm_AAT11306_BCJ78485.1	acceptor_superclass::Fatty acyls	acceptor_superclass::Fatty acyls;acceptor_superclass::Monoterpenoids;acceptor_superclass::Phenylethanoids (C6-C2);acceptor_superclass::Phenylpropanoids (C6-C3)	0,0,0,0,1,0,0,0,0,0,0,0,0,0,0,0,0,0,0,0,0,0,0	0,0,0,0,1,0,0,0,0,1,0,0,0,0,1,1,0,0,0,0,0,0,0	-1.632919,-2.209060,-0.629538,-1.815042,1.265323,-0.390238,-2.025550,-2.031037,-0.505041,0.101412,-1.813395,-1.875593,-1.559639,-2.444696,0.136776,0.047898,-1.063666,-1.822245,-2.636279,-3.136289,-2.598967,-2.613753,-3.723209
Scru_3MAT_AAO38058	Scru_3MAT_AAO38058		acceptor_superclass::Coumarins;acceptor_superclass::Cyclic polyketides;acceptor_superclass::Fatty acyls;acceptor_superclass::Flavonoids;acceptor_superclass::Isoflavonoids;acceptor_superclass::Ornithine alkaloids;acceptor_superclass::Phenanthrenoids;acceptor_superclass::Pseudoalkaloids;acceptor_superclass::Steroids	0,0,0,0,0,0,0,0,0,0,0,0,0,0,0,0,0,0,0,0,0,0,0	1,1,0,0,1,1,1,0,0,0,0,1,1,0,0,0,1,0,0,1,0,0,0	2.598866,0.398822,-3.903470,-2.547102,0.237615,2.615653,2.013788,-4.438121,-2.048143,-2.002735,-0.413553,0.456107,3.432915,-3.500895,-0.137334,-1.412677,0.726271,-2.418156,-2.530196,1.749105,-3.448773,-4.000945,-1.548913
Sfal_HFT-like_KAH8954438.1	Sfal_HFT-like_KAH8954438.1	acceptor_superclass::Fatty Acids and Conjugates;acceptor_superclass::Fatty acyls	acceptor_superclass::Fatty Acids and Conjugates;acceptor_superclass::Monoterpenoids	0,0,0,1,1,0,0,0,0,0,0,0,0,0,0,0,0,0,0,0,0,0,0	0,0,0,1,0,0,0,0,0,1,0,0,0,0,0,0,0,0,0,0,0,0,0	-2.121994,-3.142048,-0.693708,0.956329,-0.484957,-0.931702,-2.706334,-0.304305,-0.887805,0.077143,-2.322103,-1.988253,-2.157120,-0.747283,-0.525763,-0.428726,-1.295713,-1.690875,-0.586547,-2.635077,-2.080528,-0.768590,-0.413991
Sgal_AAT10483_BCJ78483.1	Sgal_AAT10483_BCJ78483.1	acceptor_superclass::Fatty acyls	acceptor_superclass::Fatty acyls;acceptor_superclass::Monoterpenoids;acceptor_superclass::Phenylethanoids (C6-C2);acceptor_superclass::Phenylpropanoids (C6-C3)	0,0,0,0,1,0,0,0,0,0,0,0,0,0,0,0,0,0,0,0,0,0,0	0,0,0,0,1,0,0,0,0,1,0,0,0,0,1,1,0,0,0,0,0,0,0	-1.923359,-1.959663,-1.220923,-1.869157,2.754464,-0.661998,-2.387154,-2.603106,-0.844087,1.097353,-3.092259,-1.775388,-0.896871,-2.073741,0.436328,1.261589,-2.432386,-1.506206,-1.675843,-3.244051,-3.611564,-2.817307,-2.969664
Sgla_HQT1_WYJ75404.1	Sgla_HQT1_WYJ75404.1	acceptor_superclass::Phenolic acids (C6-C1);acceptor_superclass::Small peptides	acceptor_superclass::Fatty Acids and Conjugates;acceptor_superclass::Phenolic acids (C6-C1);acceptor_superclass::Small peptides;acceptor_superclass::Tyrosine alkaloids	0,0,0,0,0,0,0,0,0,0,0,0,0,1,0,0,0,0,1,0,0,0,0	0,0,0,1,0,0,0,0,0,0,0,0,0,1,0,0,0,0,1,0,0,0,1	-1.832856,-2.525055,-3.212582,0.314275,-1.961043,-0.396051,-2.278587,-0.693963,-1.814440,-0.723124,-1.997623,-1.768246,-2.174105,2.859518,-0.693529,-0.552379,-1.945686,-2.293759,1.259462,-1.802346,-0.919159,-0.975869,0.259099
Sgla_HQT2_WYJ75406.1	Sgla_HQT2_WYJ75406.1	acceptor_superclass::Phenolic acids (C6-C1)	acceptor_superclass::Phenolic acids (C6-C1);acceptor_superclass::Small peptides;acceptor_superclass::Triterpenoids;acceptor_superclass::Tyrosine alkaloids	0,0,0,0,0,0,0,0,0,0,0,0,0,1,0,0,0,0,0,0,0,0,0	0,0,0,0,0,0,0,0,0,0,0,0,0,1,0,0,0,0,1,0,1,0,1	-2.023479,-1.386024,-3.466320,-0.807068,-1.253447,-0.581221,-1.978967,-1.368602,-1.843980,-1.270664,-2.394140,-0.745403,-2.768188,2.611586,-0.493869,-0.091376,-1.378925,-2.545363,0.742585,-1.436846,0.526582,-1.316605,0.836218
Sgla_HST_WYJ75403.1	Sgla_HST_WYJ75403.1	acceptor_superclass::Phenolic acids (C6-C1);acceptor_superclass::Small peptides	acceptor_superclass::Phenolic acids (C6-C1);acceptor_superclass::Small peptides;acceptor_superclass::Tyrosine alkaloids	0,0,0,0,0,0,0,0,0,0,0,0,0,1,0,0,0,0,1,0,0,0,0	0,0,0,0,0,0,0,0,0,0,0,0,0,1,0,0,0,0,1,0,0,0,1	-2.033589,-1.514784,-2.587128,-0.904721,-0.822512,-0.436911,-2.863715,-0.671307,-1.968653,-0.118574,-3.199712,-0.887765,-2.033589,3.457437,-1.068641,-0.153478,-1.719321,-2.194475,1.008414,-2.697330,-0.170981,-1.310883,0.299113
Sgla_RAS_WYJ75405.1	Sgla_RAS_WYJ75405.1	acceptor_superclass::Phenolic acids (C6-C1);acceptor_superclass::Small peptides;acceptor_superclass::Tyrosine alkaloids	acceptor_superclass::Fatty Acids and Conjugates;acceptor_superclass::Phenolic acids (C6-C1);acceptor_superclass::Small peptides	0,0,0,0,0,0,0,0,0,0,0,0,0,1,0,0,0,0,1,0,0,0,1	0,0,0,1,0,0,0,0,0,0,0,0,0,1,0,0,0,0,1,0,0,0,0	-0.737801,-2.896129,-2.555268,1.811629,-1.945833,-1.112404,-1.720219,-3.204619,-4.413926,-0.405944,-1.453002,-0.704237,-0.542830,2.824617,-0.112575,-0.522947,-1.948867,-3.289597,0.262772,-1.380921,-0.152680,-1.816259,-0.323520
Shab_AAT11777_BCJ78486.1	Shab_AAT11777_BCJ78486.1	acceptor_superclass::Fatty acyls	acceptor_superclass::Fatty acyls;acceptor_superclass::Monoterpenoids;acceptor_superclass::Phenylethanoids (C6-C2);acceptor_superclass::Phenylpropanoids (C6-C3)	0,0,0,0,1,0,0,0,0,0,0,0,0,0,0,0,0,0,0,0,0,0,0	0,0,0,0,1,0,0,0,0,1,0,0,0,0,1,1,0,0,0,0,0,0,0	-1.246809,-1.573643,-1.394507,-2.005345,2.374090,-0.857981,-2.175264,-2.692766,-0.898243,0.786862,-2.533454,-1.570566,-0.232793,-1.915482,1.814760,1.510668,-1.964436,-2.005653,-1.983796,-2.846591,-3.156193,-3.145248,-3.040179
Shab_ASAT2_ALU64009.1	Shab_ASAT2_ALU64009.1		acceptor_superclass::Saccharides	0,0,0,0,0,0,0,0,0,0,0,0,0,0,0,0,0,0,0,0,0,0,0	0,0,0,0,0,0,0,0,0,0,0,0,0,0,0,0,0,1,0,0,0,0,0	-1.486418,-0.650014,-0.956680,-3.019005,-0.477849,-1.807197,-1.358869,-1.175585,-1.136010,-1.156662,-0.484390,-1.950441,-0.527411,-4.342793,-1.151418,-0.565380,-1.409514,0.651213,-3.035084,-2.084507,-1.542517,-1.776308,-1.475533
Shab_ASAT3-F_AJF98584.1	Shab_ASAT3-F_AJF98584.1		acceptor_superclass::Diterpenoids;acceptor_superclass::Naphthalenes;acceptor_superclass::Phenanthrenoids	0,0,0,0,0,0,0,0,0,0,0,0,0,0,0,0,0,0,0,0,0,0,0	0,0,1,0,0,0,0,0,0,0,1,0,1,0,0,0,0,0,0,0,0,0,0	-0.371380,-1.763609,0.854674,-2.133307,-0.656494,-1.527165,-1.389342,-1.667885,-1.590137,-1.057876,0.935943,-2.009505,0.044599,-5.853301,-1.660774,-0.898504,-1.131179,-0.952423,-3.408818,-0.987013,-2.079748,-1.209822,-0.909921
Shab_ASAT3-P_AJF98591.1	Shab_ASAT3-P_AJF98591.1		acceptor_superclass::Diterpenoids;acceptor_superclass::Naphthalenes	0,0,0,0,0,0,0,0,0,0,0,0,0,0,0,0,0,0,0,0,0,0,0	0,0,1,0,0,0,0,0,0,0,1,0,0,0,0,0,0,0,0,0,0,0,0	-1.487055,-1.100487,0.435650,-2.916548,-1.156193,-1.977753,-1.747468,-0.971610,-0.962259,-0.264199,0.065473,-1.436252,-1.377301,-5.205866,-1.077266,-0.718220,-1.036161,-0.150034,-2.493632,-0.531314,-0.582791,-0.577584,-1.598794
Sind_AT1_BEE35702.1	Sind_AT1_BEE35702.1	acceptor_superclass::Phenylethanoids (C6-C2)	acceptor_superclass::Fatty Acids and Conjugates;acceptor_superclass::Phenolic acids (C6-C1);acceptor_superclass::Phenylethanoids (C6-C2);acceptor_superclass::Small peptides;acceptor_superclass::Tyrosine alkaloids	0,0,0,0,0,0,0,0,0,0,0,0,0,0,1,0,0,0,0,0,0,0,0	0,0,0,1,0,0,0,0,0,0,0,0,0,1,1,0,0,0,1,0,0,0,1	-0.721420,-1.927296,-3.305612,0.055724,-2.375113,-1.045482,-1.089820,-1.691549,-3.554283,-0.083944,-1.793553,-0.867968,-0.644264,1.574963,1.185131,-0.609763,-1.554609,-1.001593,1.257226,-1.067178,-0.548757,-2.357752,1.275724
Sind_AT2_BEE35703.1	Sind_AT2_BEE35703.1	acceptor_superclass::Phenylethanoids (C6-C2)	acceptor_superclass::Fatty Acids and Conjugates;acceptor_superclass::Monoterpenoids;acceptor_superclass::Phenolic acids (C6-C1);acceptor_superclass::Phenylethanoids (C6-C2);acceptor_superclass::Small peptides;acceptor_superclass::Tyrosine alkaloids	0,0,0,0,0,0,0,0,0,0,0,0,0,0,1,0,0,0,0,0,0,0,0	0,0,0,1,0,0,0,0,0,1,0,0,0,1,1,0,0,0,1,0,0,0,1	-0.654900,-1.561366,-3.340018,0.072798,-1.494437,-1.246845,-1.316961,-2.231034,-3.402082,0.103309,-1.709607,-0.556741,-0.331012,1.360922,1.343796,-0.478666,-1.421504,-1.548499,0.583956,-1.466014,-0.886165,-2.631015,0.182233
Sind_AT1_BEE35702.1	Sind_SHCT_XP_011083883.1	acceptor_superclass::Phenylethanoids (C6-C2)	acceptor_superclass::Fatty Acids and Conjugates;acceptor_superclass::Phenolic acids (C6-C1);acceptor_superclass::Phenylethanoids (C6-C2);acceptor_superclass::Small peptides;acceptor_superclass::Tyrosine alkaloids	0,0,0,0,0,0,0,0,0,0,0,0,0,0,1,0,0,0,0,0,0,0,0	0,0,0,1,0,0,0,0,0,0,0,0,0,1,1,0,0,0,1,0,0,0,1	-0.721420,-1.927296,-3.305612,0.055724,-2.375113,-1.045482,-1.089820,-1.691549,-3.554283,-0.083944,-1.793553,-0.867968,-0.644264,1.574963,1.185131,-0.609763,-1.554609,-1.001593,1.257226,-1.067178,-0.548757,-2.357752,1.275724
Slyc_AAT1_XP_004244681.1	Slyc_AAT1_XP_004244681.1	acceptor_superclass::Fatty acyls;acceptor_superclass::Phenylethanoids (C6-C2)	acceptor_superclass::Diterpenoids;acceptor_superclass::Fatty acyls;acceptor_superclass::Lysine alkaloids;acceptor_superclass::Monoterpenoids;acceptor_superclass::Ornithine alkaloids;acceptor_superclass::Phenylpropanoids (C6-C3);acceptor_superclass::Pseudoalkaloids;acceptor_superclass::Saccharides	0,0,0,0,1,0,0,0,0,0,0,0,0,0,1,0,0,0,0,0,0,0,0	0,0,1,0,1,0,0,0,1,1,0,1,0,0,0,1,1,1,0,0,0,0,0	-3.488582,-0.798265,2.599402,-6.290949,0.231653,-2.041892,-2.236609,-1.234255,0.783571,2.310059,-2.814167,1.794177,-2.507211,-6.915266,-3.630305,0.345230,0.979420,3.018634,-5.016604,-5.758790,-4.572586,-1.745646,-5.852147
Slyc_PHT1_UTQ10234.1	Slyc_ACT2_XP_004251197.1	acceptor_superclass::Ornithine alkaloids;acceptor_superclass::Pseudoalkaloids	acceptor_superclass::Fatty Acids and Conjugates;acceptor_superclass::Ornithine alkaloids;acceptor_superclass::Pseudoalkaloids	0,0,0,0,0,0,0,0,0,0,0,1,0,0,0,0,1,0,0,0,0,0,0	0,0,0,1,0,0,0,0,0,0,0,1,0,0,0,0,1,0,0,0,0,0,0	-2.428926,-1.988921,-1.944661,0.080855,-0.667691,-1.476288,-1.842841,-1.088893,-1.921145,-0.528441,-1.907533,1.463550,-2.096179,-1.197160,-0.525804,-0.945161,1.356508,-2.245062,-0.811235,-1.899350,-0.872575,-1.367571,-0.635512
Slyc_ASAT1_NP_001316332.1	Slyc_ASAT1_NP_001316332.1	acceptor_superclass::Saccharides	acceptor_superclass::Phenylethanoids (C6-C2);acceptor_superclass::Saccharides	0,0,0,0,0,0,0,0,0,0,0,0,0,0,0,0,0,1,0,0,0,0,0	0,0,0,0,0,0,0,0,0,0,0,0,0,0,1,0,0,1,0,0,0,0,0	-2.266880,-0.202560,-0.765904,-4.477968,-1.565868,-1.765007,-2.366279,-1.191008,-0.537964,-0.542464,-0.886479,-0.919324,-1.977326,-5.088018,0.008511,-0.414337,-1.345241,1.294920,-3.502354,-1.540650,-0.629599,-0.456416,-1.586035
Slyc_ASAT2_ALU64015.1	Slyc_ASAT2_ALU64015.1		acceptor_superclass::Saccharides	0,0,0,0,0,0,0,0,0,0,0,0,0,0,0,0,0,0,0,0,0,0,0	0,0,0,0,0,0,0,0,0,0,0,0,0,0,0,0,0,1,0,0,0,0,0	-2.643315,-0.012557,-1.312906,-3.767129,-0.234838,-2.022966,-2.525584,-2.939004,-0.836477,-0.634586,-0.515996,-1.664165,-2.643315,-4.566373,-0.133313,-0.371028,-1.354897,0.540277,-3.206143,-2.282816,-1.544234,-1.394887,-1.253667
Slyc_ASAT3_AJF98582.1	Slyc_ASAT3_AJF98582.1		acceptor_superclass::Naphthalenes	0,0,0,0,0,0,0,0,0,0,0,0,0,0,0,0,0,0,0,0,0,0,0	0,0,0,0,0,0,0,0,0,0,1,0,0,0,0,0,0,0,0,0,0,0,0	-1.144178,-0.731400,-0.171463,-2.658353,-0.533220,-2.231364,-1.956277,-2.182944,-0.690339,-0.651219,0.186606,-1.377146,-0.642596,-5.442013,-0.535704,-0.528183,-1.160473,-0.790430,-3.446623,-1.367549,-1.545077,-2.632555,-1.447163
Slyc_ASAT4_AFM77971.1	Slyc_ASAT4_AFM77971.1		acceptor_superclass::Cyclic polyketides;acceptor_superclass::Fatty acyls;acceptor_superclass::Monoterpenoids;acceptor_superclass::Phenylethanoids (C6-C2);acceptor_superclass::Phenylpropanoids (C6-C3);acceptor_superclass::Steroids;acceptor_superclass::Triterpenoids;acceptor_superclass::Tryptophan alkaloids	0,0,0,0,0,0,0,0,0,0,0,0,0,0,0,0,0,0,0,0,0,0,0	0,1,0,0,1,0,0,0,0,1,0,0,0,0,1,1,0,0,0,1,1,1,0	-2.837395,1.189509,-2.184772,-2.168947,0.213700,-1.331943,-1.879948,-2.146747,-3.735097,1.387009,-3.175097,-0.116228,-0.569063,-1.257410,0.892830,0.297591,-2.700870,-1.067437,-0.112980,1.419469,1.771278,0.392493,-1.054122
Slyc_GAME36_XP_004246214.1	Slyc_GAME36_XP_004246214.1	acceptor_superclass::Pseudoalkaloids	acceptor_superclass::Diterpenoids;acceptor_superclass::Lignans;acceptor_superclass::Naphthalenes;acceptor_superclass::Steroids	0,0,0,0,0,0,0,0,0,0,0,0,0,0,0,0,1,0,0,0,0,0,0	0,0,1,0,0,0,0,1,0,0,1,0,0,0,0,0,0,0,0,1,0,0,0	-1.002393,-1.879759,0.158135,-2.254254,-1.688492,-1.719128,-0.912855,0.148832,-1.648980,-1.635812,1.770403,-1.699637,-1.416620,-4.723757,-2.062159,-1.371405,-1.410664,-1.183967,-3.593397,0.094515,-0.733173,-1.372519,-0.840700
Slyc_HCT_XP_004235891.1	Slyc_HCT_XP_004235891.1	acceptor_superclass::Flavonoids;acceptor_superclass::Monoterpenoids;acceptor_superclass::Phenolic acids (C6-C1);acceptor_superclass::Triterpenoids;acceptor_superclass::Tyrosine alkaloids	acceptor_superclass::Phenolic acids (C6-C1);acceptor_superclass::Small peptides;acceptor_superclass::Tyrosine alkaloids	0,0,0,0,0,1,0,0,0,1,0,0,0,1,0,0,0,0,0,0,1,0,1	0,0,0,0,0,0,0,0,0,0,0,0,0,1,0,0,0,0,1,0,0,0,1	-2.177494,-2.085981,-3.089048,-0.241615,-1.011282,-0.873678,-2.130758,-0.898955,-1.865083,-1.908366,-2.168422,-0.573328,-2.570585,2.866664,-1.345420,-0.223422,-1.028148,-2.823658,0.963677,-2.046478,-2.493648,-1.465485,0.462074
Slyc_HQT_CAE46933.1	Slyc_HQT_CAE46933.1	acceptor_superclass::Phenolic acids (C6-C1);acceptor_superclass::Phenylpropanoids (C6-C3)	acceptor_superclass::Phenolic acids (C6-C1);acceptor_superclass::Phenylpropanoids (C6-C3);acceptor_superclass::Small peptides	0,0,0,0,0,0,0,0,0,0,0,0,0,1,0,1,0,0,0,0,0,0,0	0,0,0,0,0,0,0,0,0,0,0,0,0,1,0,1,0,0,1,0,0,0,0	-2.056679,-1.675929,-2.553589,-1.721037,-0.779236,-1.112846,-2.611113,-1.220702,-1.643950,-1.094192,-1.735081,-1.299116,-2.802713,2.178812,-0.468185,0.405630,-1.829497,-2.760019,0.925407,-2.834001,-1.323913,-2.125086,-0.190433
Slyc_PHT1_UTQ10234.1	Slyc_PHT1_UTQ10234.1	acceptor_superclass::Ornithine alkaloids;acceptor_superclass::Pseudoalkaloids	acceptor_superclass::Fatty Acids and Conjugates;acceptor_superclass::Ornithine alkaloids;acceptor_superclass::Pseudoalkaloids	0,0,0,0,0,0,0,0,0,0,0,1,0,0,0,0,1,0,0,0,0,0,0	0,0,0,1,0,0,0,0,0,0,0,1,0,0,0,0,1,0,0,0,0,0,0	-2.390404,-1.611212,-1.762329,0.149320,-0.156175,-1.424593,-1.846484,-1.826354,-1.903490,-0.421087,-1.762965,1.823690,-2.004549,-1.194420,-0.507766,-0.371817,1.616654,-2.019311,-1.163455,-1.981821,-1.347541,-1.465126,-1.121790
Slyc_PHT2_UTQ10235.1	Slyc_PHT2_UTQ10235.1	acceptor_superclass::Ornithine alkaloids;acceptor_superclass::Pseudoalkaloids	acceptor_superclass::Fatty Acids and Conjugates;acceptor_superclass::Ornithine alkaloids;acceptor_superclass::Pseudoalkaloids	0,0,0,0,0,0,0,0,0,0,0,1,0,0,0,0,1,0,0,0,0,0,0	0,0,0,1,0,0,0,0,0,0,0,1,0,0,0,0,1,0,0,0,0,0,0	-2.363639,-1.659792,-1.786700,0.457319,-0.043750,-1.357078,-1.576990,-1.218598,-2.193583,-0.914835,-1.606173,1.916010,-2.363639,-1.416969,-1.468566,-1.398715,2.029771,-2.377518,-1.468207,-2.303738,-1.624189,-2.013583,-1.347562
Slyc_SHT_QNO39109.1	Slyc_SHT_QNO39109.1	acceptor_superclass::Ornithine alkaloids	acceptor_superclass::Fatty Acids and Conjugates;acceptor_superclass::Ornithine alkaloids;acceptor_superclass::Phenolic acids (C6-C1);acceptor_superclass::Small peptides	0,0,0,0,0,0,0,0,0,0,0,1,0,0,0,0,0,0,0,0,0,0,0	0,0,0,1,0,0,0,0,0,0,0,1,0,1,0,0,0,0,1,0,0,0,0	-0.850568,-0.600763,-3.007567,0.211165,-1.228263,-0.123746,-1.426362,-0.240083,-3.120894,-0.803889,-2.308392,0.781890,-0.850568,0.414796,-0.148135,-1.109944,-0.396354,-1.943978,0.355809,-0.975213,-1.421061,-1.607579,-0.289564
Smel_SHT_AKP24035.1	Smel_SHT_AKP24035.1	acceptor_superclass::Ornithine alkaloids	acceptor_superclass::Cyclic polyketides;acceptor_superclass::Diterpenoids	0,0,0,0,0,0,0,0,0,0,0,1,0,0,0,0,0,0,0,0,0,0,0	0,1,1,0,0,0,0,0,0,0,0,0,0,0,0,0,0,0,0,0,0,0,0	-1.322333,0.201777,0.916010,-3.984129,-2.060451,-1.069065,-1.308433,-0.384005,-2.155038,-0.027504,-1.368025,-0.200129,-1.553035,-2.226225,-1.116100,-1.177742,-2.136227,-0.692068,-0.286063,-0.521999,-0.757185,-0.138394,-0.731086
Smoe_HCT1a_XP_002979061.1	Smoe_HCT1a_XP_002979061.1	acceptor_superclass::Flavonoids;acceptor_superclass::Phenolic acids (C6-C1);acceptor_superclass::Small peptides	acceptor_superclass::Fatty Acids and Conjugates;acceptor_superclass::Phenolic acids (C6-C1);acceptor_superclass::Small peptides;acceptor_superclass::Triterpenoids;acceptor_superclass::Tryptophan alkaloids;acceptor_superclass::Tyrosine alkaloids	0,0,0,0,0,1,0,0,0,0,0,0,0,1,0,0,0,0,1,0,0,0,0	0,0,0,1,0,0,0,0,0,0,0,0,0,1,0,0,0,0,1,0,1,1,1	-2.390879,-1.916851,-2.704425,0.471352,-2.639855,-1.186708,-2.312013,-0.033586,-2.309927,-1.062398,-2.690068,-1.309205,-3.321541,3.789449,-1.338504,-0.593301,-1.446232,-1.414269,2.138215,-1.610047,0.028569,0.290955,2.082902
Sneo_AAT10247_BCJ78484.1	Sneo_AAT10247_BCJ78484.1	acceptor_superclass::Fatty acyls	acceptor_superclass::Fatty acyls;acceptor_superclass::Monoterpenoids;acceptor_superclass::Phenylethanoids (C6-C2);acceptor_superclass::Phenylpropanoids (C6-C3)	0,0,0,0,1,0,0,0,0,0,0,0,0,0,0,0,0,0,0,0,0,0,0	0,0,0,0,1,0,0,0,0,1,0,0,0,0,1,1,0,0,0,0,0,0,0	-1.227683,-1.906869,-1.345748,-1.889603,1.662200,-0.426669,-2.403048,-2.789752,-0.730247,0.481454,-2.402056,-1.577934,-0.655064,-1.806464,1.335503,0.925962,-1.785560,-1.766912,-2.104371,-3.340769,-2.952680,-2.801955,-2.875402
Snig_AGAT1_WES72146.1	Snig_AGAT1_WES72146.1		acceptor_superclass::Monoterpenoids;acceptor_superclass::Phenylethanoids (C6-C2);acceptor_superclass::Triterpenoids	0,0,0,0,0,0,0,0,0,0,0,0,0,0,0,0,0,0,0,0,0,0,0	0,0,0,0,0,0,0,0,0,1,0,0,0,0,1,0,0,0,0,0,1,0,0	-1.026349,-0.641258,-0.726552,-2.703422,-0.349690,-0.016395,-1.733090,-3.009414,-3.185030,0.131419,-0.775660,-1.189958,-1.026349,-2.373731,0.050815,-0.686280,-2.692491,-1.483846,-1.938486,-0.960676,1.534411,-0.053223,-1.085365
Snig_ASAT1_ART34015.1	Snig_ASAT1_ART34015.1	acceptor_superclass::Saccharides	acceptor_superclass::Naphthalenes;acceptor_superclass::Saccharides	0,0,0,0,0,0,0,0,0,0,0,0,0,0,0,0,0,1,0,0,0,0,0	0,0,0,0,0,0,0,0,0,0,1,0,0,0,0,0,0,1,0,0,0,0,0	-1.177158,-1.010513,-0.801455,-3.288205,-1.519935,-2.256562,-1.877323,-2.394922,-1.141679,-0.802320,0.742132,-1.516986,-1.177158,-4.463257,-0.546301,-0.851061,-1.240966,0.265832,-3.279014,-0.748432,-1.157000,-0.135295,-0.709864
Snig_ASAT2_WES72145.1	Snig_ASAT2_WES72145.1		acceptor_superclass::Diterpenoids;acceptor_superclass::Fatty acyls	0,0,0,0,0,0,0,0,0,0,0,0,0,0,0,0,0,0,0,0,0,0,0	0,0,1,0,1,0,0,0,0,0,0,0,0,0,0,0,0,0,0,0,0,0,0	-2.276670,-0.626424,0.025810,-3.296640,0.533387,-1.632013,-2.426455,-3.082159,-0.476662,-0.897319,-0.149805,-1.724742,-2.276670,-5.435862,-0.639509,-0.166947,-1.096176,-0.393805,-3.687541,-1.900164,-2.041444,-1.392545,-1.659426
Snux_AT_UQZ09626.1	Snux_AT_UQZ09626.1	acceptor_superclass::Tryptophan alkaloids	acceptor_superclass::Diterpenoids;acceptor_superclass::Monoterpenoids;acceptor_superclass::Phenylpropanoids (C6-C3);acceptor_superclass::Saccharides;acceptor_superclass::Triterpenoids;acceptor_superclass::Tryptophan alkaloids	0,0,0,0,0,0,0,0,0,0,0,0,0,0,0,0,0,0,0,0,0,1,0	0,0,1,0,0,0,0,0,0,1,0,0,0,0,0,1,0,1,0,0,1,1,0	-3.566466,-2.197836,1.302837,-1.201200,-1.343306,-1.653826,-2.307904,-1.464630,-2.158028,0.609430,-2.048896,-2.291674,-1.974094,-3.292392,-1.044911,0.132571,-1.902695,1.537804,-1.858804,-2.415785,0.651122,2.903491,-0.774139
Soff_AAT1_BDW80084.1	Soff_AAT1_BDW80084.1	acceptor_superclass::Naphthalenes	acceptor_superclass::Fatty acyls;acceptor_superclass::Monoterpenoids;acceptor_superclass::Naphthalenes	0,0,0,0,0,0,0,0,0,0,1,0,0,0,0,0,0,0,0,0,0,0,0	0,0,0,0,1,0,0,0,0,1,1,0,0,0,0,0,0,0,0,0,0,0,0	-1.729450,-0.810508,-1.816099,-2.265098,0.655029,-2.579109,-2.056639,-2.165646,-1.510375,0.417909,2.061284,-1.221338,-1.407629,-4.500265,-0.578266,-0.626621,-0.984600,-0.829470,-4.404677,-1.353564,-0.989079,-1.100342,-0.420819
Sole_SOAP10_KNA12459.1	Sole_SOAP10_KNA12459.1	acceptor_superclass::Triterpenoids	acceptor_superclass::Cyclic polyketides;acceptor_superclass::Diterpenoids;acceptor_superclass::Fatty acyls;acceptor_superclass::Monoterpenoids;acceptor_superclass::Ornithine alkaloids;acceptor_superclass::Phenylethanoids (C6-C2);acceptor_superclass::Phenylpropanoids (C6-C3);acceptor_superclass::Saccharides;acceptor_superclass::Tryptophan alkaloids	0,0,0,0,0,0,0,0,0,0,0,0,0,0,0,0,0,0,0,0,1,0,0	0,1,1,0,1,0,0,0,0,1,0,1,0,0,1,1,0,1,0,0,0,1,0	-3.977698,0.748522,1.588790,-3.921054,0.777093,-0.994134,-1.725094,-2.254128,-2.015558,1.132505,-3.350705,0.866033,-2.224278,-4.595503,0.678155,0.564931,-1.415205,1.849047,-3.392071,-2.981610,-2.836581,1.695090,-1.079101
Some_HCT_EFJ20018.1	Some_HCT_EFJ20018.1	acceptor_superclass::Phenolic acids (C6-C1)	acceptor_superclass::Fatty Acids and Conjugates;acceptor_superclass::Phenolic acids (C6-C1);acceptor_superclass::Small peptides;acceptor_superclass::Tryptophan alkaloids;acceptor_superclass::Tyrosine alkaloids	0,0,0,0,0,0,0,0,0,0,0,0,0,1,0,0,0,0,0,0,0,0,0	0,0,0,1,0,0,0,0,0,0,0,0,0,1,0,0,0,0,1,0,0,1,1	-2.442433,-1.958822,-3.135825,0.593494,-2.410069,-1.065913,-2.276982,-0.034010,-2.334909,-1.733209,-2.624943,-0.821510,-3.243862,3.723280,-1.696721,-0.762022,-0.979684,-1.098925,2.344144,-1.863798,-1.862496,0.465815,1.904300
Spen_AAT12560_BCJ78487.1	Spen_AAT12560_BCJ78487.1	acceptor_superclass::Fatty acyls	acceptor_superclass::Fatty acyls;acceptor_superclass::Monoterpenoids;acceptor_superclass::Phenylethanoids (C6-C2);acceptor_superclass::Phenylpropanoids (C6-C3)	0,0,0,0,1,0,0,0,0,0,0,0,0,0,0,0,0,0,0,0,0,0,0	0,0,0,0,1,0,0,0,0,1,0,0,0,0,1,1,0,0,0,0,0,0,0	-1.711482,-2.038772,-0.630750,-1.964337,1.036595,-0.474038,-2.165246,-2.489859,-0.532871,0.148317,-2.222392,-1.084073,-1.316409,-2.650277,0.386680,0.480259,-1.180566,-1.621768,-2.370504,-2.999960,-2.243035,-2.735807,-2.933742
Spen_AAT1_AIW04708.1	Spen_AAT1_AIW04708.1	acceptor_superclass::Fatty acyls;acceptor_superclass::Phenylethanoids (C6-C2)	acceptor_superclass::Fatty acyls;acceptor_superclass::Monoterpenoids;acceptor_superclass::Phenylethanoids (C6-C2);acceptor_superclass::Phenylpropanoids (C6-C3)	0,0,0,0,1,0,0,0,0,0,0,0,0,0,1,0,0,0,0,0,0,0,0	0,0,0,0,1,0,0,0,0,1,0,0,0,0,1,1,0,0,0,0,0,0,0	-1.678227,-1.331667,-1.123621,-1.800684,3.329661,-0.510423,-2.338259,-3.089512,-0.800688,1.312520,-2.810014,-1.133853,-0.716056,-3.079816,0.214229,1.126222,-1.797133,-1.807136,-2.495933,-3.038594,-3.321558,-3.579039,-3.358623
Spen_ASAT2_ALU64005.1	Spen_ASAT2_ALU64005.1		acceptor_superclass::Saccharides	0,0,0,0,0,0,0,0,0,0,0,0,0,0,0,0,0,0,0,0,0,0,0	0,0,0,0,0,0,0,0,0,0,0,0,0,0,0,0,0,1,0,0,0,0,0	-1.721237,-0.247578,-0.452428,-4.082417,-0.654275,-1.664428,-2.075857,-0.928363,-1.056024,-0.525873,-0.653258,-2.357550,-0.877856,-4.299427,-0.649092,-0.219743,-1.910863,0.427128,-2.004373,-2.040068,-1.032563,-1.031083,-0.369174
Spen_ASAT3_AJF98583.1	Spen_ASAT3_AJF98583.1		acceptor_superclass::Naphthalenes	0,0,0,0,0,0,0,0,0,0,0,0,0,0,0,0,0,0,0,0,0,0,0	0,0,0,0,0,0,0,0,0,0,1,0,0,0,0,0,0,0,0,0,0,0,0	-0.973959,-1.280789,-0.340604,-2.241430,-1.178013,-1.973484,-1.529030,-2.090000,-1.678836,-0.560835,0.975072,-2.154197,-0.739761,-4.378467,-0.935266,-0.774992,-1.632542,-0.900945,-2.292014,-0.950738,-0.633897,-0.966989,-1.104353
Spim_AAT11589_BCJ78481.1	Spim_AAT11589_BCJ78481.1	acceptor_superclass::Fatty acyls	acceptor_superclass::Fatty acyls;acceptor_superclass::Monoterpenoids;acceptor_superclass::Phenylethanoids (C6-C2);acceptor_superclass::Phenylpropanoids (C6-C3)	0,0,0,0,1,0,0,0,0,0,0,0,0,0,0,0,0,0,0,0,0,0,0	0,0,0,0,1,0,0,0,0,1,0,0,0,0,1,1,0,0,0,0,0,0,0	-2.057637,-1.310204,-0.716092,-2.066197,2.650611,-0.882684,-2.892856,-3.118531,-1.209538,0.695418,-3.410833,-0.748877,-2.057637,-2.377106,0.798904,0.929828,-1.719708,-0.899578,-2.087861,-2.712704,-2.901630,-3.136724,-3.217144
Spot_AT_UQZ09635.1	Spot_AT_UQZ09635.1	acceptor_superclass::Tryptophan alkaloids	acceptor_superclass::Lignans;acceptor_superclass::Monoterpenoids;acceptor_superclass::Saccharides;acceptor_superclass::Triterpenoids;acceptor_superclass::Tryptophan alkaloids	0,0,0,0,0,0,0,0,0,0,0,0,0,0,0,0,0,0,0,0,0,1,0	0,0,0,0,0,0,0,1,0,1,0,0,0,0,0,0,0,1,0,0,1,1,0	-3.935881,-1.596915,-0.071489,-2.466413,-1.803525,-2.474579,-3.038633,0.037637,-0.779643,0.738248,-2.150918,-2.296154,-3.031285,-3.093072,-0.658123,-1.004548,-2.383720,2.106482,-2.348852,-1.056243,1.397524,3.030636,-0.109834
Squi_ASAT1H_UTN00742.1	Squi_ASAT1H_UTN00742.1		acceptor_superclass::Diterpenoids;acceptor_superclass::Fatty acyls;acceptor_superclass::Monoterpenoids;acceptor_superclass::Phenylethanoids (C6-C2);acceptor_superclass::Phenylpropanoids (C6-C3);acceptor_superclass::Saccharides;acceptor_superclass::Tryptophan alkaloids	0,0,0,0,0,0,0,0,0,0,0,0,0,0,0,0,0,0,0,0,0,0,0	0,0,1,0,1,0,0,0,0,1,0,0,0,0,1,1,0,1,0,0,0,1,0	-2.262496,-0.333437,0.712404,-3.365439,0.659942,-2.077809,-2.855558,-2.236182,-1.873671,0.575477,-0.578050,-2.217393,-1.223736,-5.342661,0.107275,0.376385,-2.898549,0.396195,-3.608285,-1.343773,-0.961948,0.197891,-1.412643
Squi_ASAT3H_UTN00743.1	Squi_ASAT3H_UTN00743.1		acceptor_superclass::Coumarins;acceptor_superclass::Cyclic polyketides;acceptor_superclass::Naphthalenes;acceptor_superclass::Phenanthrenoids;acceptor_superclass::Saccharides;acceptor_superclass::Steroids	0,0,0,0,0,0,0,0,0,0,0,0,0,0,0,0,0,0,0,0,0,0,0	1,1,0,0,0,0,0,0,0,0,1,0,1,0,0,0,0,1,0,1,0,0,0	0.333481,0.319972,-0.901816,-4.178640,-0.732355,-0.982008,-0.591593,-1.373981,-0.891389,-0.112249,0.822475,-2.189628,0.003047,-5.791949,-0.391433,-1.072946,-1.104738,0.041541,-3.436751,1.282879,-1.659653,-1.517865,-1.039557
Squi_ASAT4H_QNR60312.1	Squi_ASAT4H_QNR60312.1		acceptor_superclass::Monoterpenoids;acceptor_superclass::Triterpenoids;acceptor_superclass::Tryptophan alkaloids	0,0,0,0,0,0,0,0,0,0,0,0,0,0,0,0,0,0,0,0,0,0,0	0,0,0,0,0,0,0,0,0,1,0,0,0,0,0,0,0,0,0,0,1,1,0	-3.597749,-0.336117,-1.198534,-1.197731,-0.012925,-1.655458,-2.468780,-3.176643,-2.664000,0.946838,-1.956363,-1.846321,-1.268484,-1.501102,-0.573142,-0.526201,-3.093883,-1.406867,-1.284990,-0.602658,1.674521,2.217433,-1.044077
Squi_TAIAT_QNR60311.1	Squi_TAIAT_QNR60311.1		acceptor_superclass::Diterpenoids;acceptor_superclass::Monoterpenoids;acceptor_superclass::Phenylethanoids (C6-C2);acceptor_superclass::Phenylpropanoids (C6-C3);acceptor_superclass::Saccharides;acceptor_superclass::Triterpenoids;acceptor_superclass::Tryptophan alkaloids	0,0,0,0,0,0,0,0,0,0,0,0,0,0,0,0,0,0,0,0,0,0,0	0,0,1,0,0,0,0,0,0,1,0,0,0,0,1,1,0,1,0,0,1,1,0	-3.546117,-0.829259,0.533775,-2.150978,-0.971289,-1.489296,-2.701089,-1.437395,-2.241826,0.686599,-2.271887,-1.704059,-1.945691,-2.618638,0.542082,0.777168,-2.474035,0.017546,-1.361533,-2.863861,2.172449,1.089867,-0.790657
Sric_SHT_AMB21755.1	Sric_SHT_AMB21755.1	acceptor_superclass::Ornithine alkaloids	acceptor_superclass::Cyclic polyketides;acceptor_superclass::Diterpenoids;acceptor_superclass::Monoterpenoids;acceptor_superclass::Ornithine alkaloids;acceptor_superclass::Steroids;acceptor_superclass::Triterpenoids	0,0,0,0,0,0,0,0,0,0,0,1,0,0,0,0,0,0,0,0,0,0,0	0,1,1,0,0,0,0,0,0,1,0,1,0,0,0,0,0,0,0,1,1,0,0	-0.627572,0.479579,0.172617,-3.801093,-1.708447,-0.706918,-1.645967,-1.648919,-3.153438,0.267572,-0.935557,0.381557,-0.637926,-2.833111,-1.207450,-1.505610,-1.693747,-1.635079,-1.669371,0.343955,1.107722,-0.849033,-0.764724
Ssin_ASAT1_ART34011.1	Ssin_ASAT1_ART34011.1	acceptor_superclass::Saccharides	acceptor_superclass::Saccharides;acceptor_superclass::Tryptophan alkaloids	0,0,0,0,0,0,0,0,0,0,0,0,0,0,0,0,0,1,0,0,0,0,0	0,0,0,0,0,0,0,0,0,0,0,0,0,0,0,0,0,1,0,0,0,1,0	-2.102962,-1.006760,-0.637872,-1.777728,-0.340896,-1.242075,-2.351507,-0.618848,-0.776693,-0.076730,-0.818401,-2.959429,-1.067522,-4.650020,-0.518960,-0.511826,-2.098912,0.074842,-3.263975,-0.595519,-1.010373,0.702467,-1.416382
Ssin_ASAT2_ART34012.1	Ssin_ASAT2_ART34012.1		acceptor_superclass::Monoterpenoids;acceptor_superclass::Phenylethanoids (C6-C2);acceptor_superclass::Phenylpropanoids (C6-C3);acceptor_superclass::Saccharides	0,0,0,0,0,0,0,0,0,0,0,0,0,0,0,0,0,0,0,0,0,0,0	0,0,0,0,0,0,0,0,0,1,0,0,0,0,1,1,0,1,0,0,0,0,0	-2.239022,-1.276415,-0.845697,-2.784729,-1.222394,-1.587409,-3.024487,-0.432218,-0.848961,0.076858,-1.378297,-1.744410,-1.788260,-3.852258,0.088552,0.063400,-1.894763,1.450687,-1.764809,-1.438916,-1.710669,-1.415604,-1.606785
Ssin_ASAT3_ART34013.1	Ssin_ASAT3_ART34013.1		acceptor_superclass::Fatty acyls;acceptor_superclass::Monoterpenoids;acceptor_superclass::Saccharides	0,0,0,0,0,0,0,0,0,0,0,0,0,0,0,0,0,0,0,0,0,0,0	0,0,0,0,1,0,0,0,0,1,0,0,0,0,0,0,0,1,0,0,0,0,0	-1.292683,-0.524858,-0.987709,-3.104605,0.018857,-1.664721,-2.414867,-0.832595,-0.703252,0.014568,-0.734931,-2.775960,-1.090233,-3.997567,-0.069765,-0.405266,-2.328362,0.194686,-2.109773,-1.085404,-1.303567,-1.431802,-1.338818
Ssin_ASAT5_ART34014.1	Ssin_ASAT5_ART34014.1		acceptor_superclass::Monoterpenoids;acceptor_superclass::Triterpenoids;acceptor_superclass::Tryptophan alkaloids	0,0,0,0,0,0,0,0,0,0,0,0,0,0,0,0,0,0,0,0,0,0,0	0,0,0,0,0,0,0,0,0,1,0,0,0,0,0,0,0,0,0,0,1,1,0	-2.654906,-0.814542,-0.193810,-1.763130,-0.953370,-1.867541,-2.871657,-1.754362,-2.804353,0.378623,-1.354839,-1.609109,-1.124484,-2.468147,-0.212831,-0.032194,-2.488925,-0.198771,-1.936400,-1.606523,0.920806,0.549459,-0.799826
Sspl_5MAT1_AAL50566.1	Sspl_5MAT1_AAL50566.1	acceptor_superclass::Flavonoids	acceptor_superclass::Coumarins;acceptor_superclass::Flavonoids;acceptor_superclass::Isoflavonoids;acceptor_superclass::Phenanthrenoids;acceptor_superclass::Steroids	0,0,0,0,0,1,0,0,0,0,0,0,0,0,0,0,0,0,0,0,0,0,0	1,0,0,0,0,1,1,0,0,0,0,0,1,0,0,0,0,0,0,1,0,0,0	0.568434,-1.842214,-3.622093,-0.826216,-1.927598,1.730241,2.393705,-2.031815,-3.191067,-2.314252,-0.718367,-1.867838,0.568434,-1.058455,-1.053833,-1.788499,-2.402718,-2.655745,-0.877923,3.172329,-0.046867,-2.959828,-0.669230
Sspl_5MAT2_AAR26385.1	Sspl_5MAT2_AAR26385.1	acceptor_superclass::Flavonoids	acceptor_superclass::Cyclic polyketides;acceptor_superclass::Monoterpenoids;acceptor_superclass::Phenylethanoids (C6-C2);acceptor_superclass::Phenylpropanoids (C6-C3);acceptor_superclass::Triterpenoids;acceptor_superclass::Tryptophan alkaloids;acceptor_superclass::Tyrosine alkaloids	0,0,0,0,0,1,0,0,0,0,0,0,0,0,0,0,0,0,0,0,0,0,0	0,1,0,0,0,0,0,0,0,1,0,0,0,0,1,1,0,0,0,0,1,1,1	-3.508404,0.088233,-2.113248,-1.204631,-0.129924,-2.527910,-2.503870,-2.843354,-1.814429,1.076358,-1.815697,-0.290123,-1.635942,-3.418416,1.037368,0.851701,-1.454213,-0.998851,-2.162440,-0.273448,0.536990,0.637096,0.202585
Stub_COSY_M0ZYT4	Stub_COSY_M0ZYT4		acceptor_superclass::Fatty acyls;acceptor_superclass::Flavonoids	0,0,0,0,0,0,0,0,0,0,0,0,0,0,0,0,0,0,0,0,0,0,0	0,0,0,0,1,1,0,0,0,0,0,0,0,0,0,0,0,0,0,0,0,0,0	-0.211748,-2.030079,-0.354362,-0.584442,0.051957,0.182839,-0.352525,-0.821243,-1.330001,-0.254388,-1.065966,-0.990845,-0.211748,-3.450243,-1.739975,-1.385614,-0.258563,-3.543875,-2.162744,-0.121364,-2.257252,-2.063702,-2.237098
Stub_FHT_NP_001275190.1	Stub_FHT_NP_001275190.1	acceptor_superclass::Fatty Acids and Conjugates;acceptor_superclass::Fatty acyls	acceptor_superclass::Fatty Acids and Conjugates;acceptor_superclass::Fatty acyls;acceptor_superclass::Phenolic acids (C6-C1)	0,0,0,1,1,0,0,0,0,0,0,0,0,0,0,0,0,0,0,0,0,0,0	0,0,0,1,1,0,0,0,0,0,0,0,0,1,0,0,0,0,0,0,0,0,0	-1.846354,-3.690844,-1.112293,2.417127,1.167776,-1.186302,-2.351129,-1.137752,-3.421712,-0.041748,-1.815894,-2.140676,-1.846354,0.667365,-0.949936,-0.050418,-2.453436,-3.515331,-1.584039,-2.131195,-0.836923,-2.334401,-0.788917
Taes_ACT1-1_BCN87078.1	Taes_ACT1-1_BCN87078.1	acceptor_superclass::Ornithine alkaloids;acceptor_superclass::Pseudoalkaloids	acceptor_superclass::Ornithine alkaloids;acceptor_superclass::Pseudoalkaloids	0,0,0,0,0,0,0,0,0,0,0,1,0,0,0,0,1,0,0,0,0,0,0	0,0,0,0,0,0,0,0,0,0,0,1,0,0,0,0,1,0,0,0,0,0,0	-2.250902,-0.913283,-3.365865,-1.967553,-1.059973,-1.193603,-0.620271,-1.671934,-1.509915,-1.648995,-1.557551,3.246748,-2.096334,-0.367923,-0.881937,-0.270521,2.510649,-2.236149,-1.085181,-1.974532,-1.910326,-3.295382,-1.637269
Taes_ACT1-2_BCN87079.1	Taes_ACT1-2_BCN87079.1	acceptor_superclass::Ornithine alkaloids;acceptor_superclass::Pseudoalkaloids	acceptor_superclass::Ornithine alkaloids;acceptor_superclass::Pseudoalkaloids	0,0,0,0,0,0,0,0,0,0,0,1,0,0,0,0,1,0,0,0,0,0,0	0,0,0,0,0,0,0,0,0,0,0,1,0,0,0,0,1,0,0,0,0,0,0	-2.265861,-1.049889,-2.613110,-2.364131,-1.656085,-1.461975,-1.002522,-1.411574,-1.222396,-2.851743,-1.706454,3.439323,-2.138142,-0.527921,-1.361578,-0.609555,2.589494,-2.473029,-1.349981,-2.144171,-2.759547,-2.580458,-1.917673
Taes_ACT2_AMY96376.1	Taes_ACT2_AMY96376.1	acceptor_superclass::Ornithine alkaloids	acceptor_superclass::Ornithine alkaloids;acceptor_superclass::Pseudoalkaloids	0,0,0,0,0,0,0,0,0,0,0,1,0,0,0,0,0,0,0,0,0,0,0	0,0,0,0,0,0,0,0,0,0,0,1,0,0,0,0,1,0,0,0,0,0,0	-2.704993,-0.898552,-3.383638,-1.732087,-0.835095,-1.144661,-0.922446,-2.387502,-1.473862,-1.695333,-1.443731,2.399455,-2.704993,-0.302205,-1.357290,-0.402143,2.652035,-2.039034,-0.924800,-1.994392,-0.966269,-2.083133,-0.168238
Tant_HQT1_QCI44191.1	Tant_HQT1_QCI44191.1	acceptor_superclass::Phenolic acids (C6-C1)	acceptor_superclass::Phenolic acids (C6-C1);acceptor_superclass::Small peptides	0,0,0,0,0,0,0,0,0,0,0,0,0,1,0,0,0,0,0,0,0,0,0	0,0,0,0,0,0,0,0,0,0,0,0,0,1,0,0,0,0,1,0,0,0,0	-2.381003,-2.416049,-2.306202,-1.122080,-1.366145,-0.888372,-2.319548,-0.623271,-1.444123,-1.435218,-1.885618,-1.346910,-3.350518,2.875307,-1.046083,-0.126142,-1.306720,-2.879431,0.665999,-3.557845,-0.799514,-1.573197,-0.462779
Tant_HQT2_QBQ52948.1	Tant_HQT2_QBQ52948.1	acceptor_superclass::Phenolic acids (C6-C1)	acceptor_superclass::Phenolic acids (C6-C1);acceptor_superclass::Small peptides;acceptor_superclass::Tyrosine alkaloids	0,0,0,0,0,0,0,0,0,0,0,0,0,1,0,0,0,0,0,0,0,0,0	0,0,0,0,0,0,0,0,0,0,0,0,0,1,0,0,0,0,1,0,0,0,1	-1.818419,-1.958338,-1.615991,-0.710229,-1.745264,-0.268843,-1.845827,-1.547008,-1.984261,-1.124040,-2.186512,-1.538593,-1.818419,2.744787,-1.521629,-0.187591,-2.042361,-2.452431,0.813756,-2.655885,-0.505412,-1.291654,0.368942
Tcan_TAX10_AAM75818.1	Tcan_TAX10_AAM75818.1	acceptor_superclass::Diterpenoids	acceptor_superclass::Diterpenoids;acceptor_superclass::Monoterpenoids;acceptor_superclass::Phenylpropanoids (C6-C3)	0,0,1,0,0,0,0,0,0,0,0,0,0,0,0,0,0,0,0,0,0,0,0	0,0,1,0,0,0,0,0,0,1,0,0,0,0,0,1,0,0,0,0,0,0,0	-3.459769,-2.702624,1.639321,-1.010635,-0.929386,-1.869410,-3.005033,-2.112253,-0.537264,0.352334,-2.913709,-0.780498,-3.459769,-2.871851,-0.934775,0.552900,-0.572131,-0.456423,-2.227963,-4.186373,-1.473567,-1.052170,-3.216370
Tcus_BAPT_AAL92459.1	Tcus_BAPT_AAL92459.1	acceptor_superclass::Diterpenoids	acceptor_superclass::Diterpenoids;acceptor_superclass::Fatty acyls;acceptor_superclass::Monoterpenoids;acceptor_superclass::Phenylpropanoids (C6-C3)	0,0,1,0,0,0,0,0,0,0,0,0,0,0,0,0,0,0,0,0,0,0,0	0,0,1,0,1,0,0,0,0,1,0,0,0,0,0,1,0,0,0,0,0,0,0	-3.865864,-1.762444,0.971244,-2.285291,1.753437,-2.034443,-3.300506,-0.771822,-0.145318,2.046410,-4.926730,-0.144373,-2.813346,-3.125119,-0.574867,0.174118,-1.281414,-0.568346,-2.516945,-3.740766,-1.759158,-0.737639,-3.352240
Tcus_DBAT_AAF27621.1	Tcus_DBAT_AAF27621.1	acceptor_superclass::Diterpenoids	acceptor_superclass::Diterpenoids;acceptor_superclass::Lignans;acceptor_superclass::Lysine alkaloids;acceptor_superclass::Pseudoalkaloids	0,0,1,0,0,0,0,0,0,0,0,0,0,0,0,0,0,0,0,0,0,0,0	0,0,1,0,0,0,0,1,1,0,0,0,0,0,0,0,1,0,0,0,0,0,0	-3.111041,-2.430736,2.241216,-1.457402,-1.210088,-1.605598,-2.688369,0.623606,0.075192,-0.181177,-2.831574,-0.555786,-3.436007,-3.973394,-1.508330,-0.196918,0.043299,-1.499117,-1.990989,-3.180704,-2.029528,-1.850510,-3.560661
Tcus_TBT_AAG38049.1	Tcus_DBBT_AAG38049.1	acceptor_superclass::Diterpenoids	acceptor_superclass::Diterpenoids;acceptor_superclass::Fatty acyls;acceptor_superclass::Monoterpenoids;acceptor_superclass::Phenylpropanoids (C6-C3)	0,0,1,0,0,0,0,0,0,0,0,0,0,0,0,0,0,0,0,0,0,0,0	0,0,1,0,1,0,0,0,0,1,0,0,0,0,0,1,0,0,0,0,0,0,0	-2.958774,-2.939468,2.899746,-0.423963,0.738815,-2.708432,-3.178225,-1.720556,-0.708751,0.772276,-2.892612,-0.998368,-2.958774,-3.610626,-1.914917,0.472180,-0.731639,-1.914366,-2.928444,-3.373067,-2.534817,-1.911464,-3.470079
Tcus_DBNTBT_AAM75818.1	Tcus_DBNTBT_AAM75818.1	acceptor_superclass::Diterpenoids	acceptor_superclass::Diterpenoids;acceptor_superclass::Monoterpenoids;acceptor_superclass::Phenylpropanoids (C6-C3)	0,0,1,0,0,0,0,0,0,0,0,0,0,0,0,0,0,0,0,0,0,0,0	0,0,1,0,0,0,0,0,0,1,0,0,0,0,0,1,0,0,0,0,0,0,0	-3.459769,-2.702624,1.639321,-1.010635,-0.929386,-1.869410,-3.005033,-2.112253,-0.537264,0.352334,-2.913709,-0.780498,-3.459769,-2.871851,-0.934775,0.552900,-0.572131,-0.456423,-2.227963,-4.186373,-1.473567,-1.052170,-3.216370
Tcus_TAT_AAF34254.1	Tcus_TAT_AAF34254.1	acceptor_superclass::Diterpenoids	acceptor_superclass::Diterpenoids;acceptor_superclass::Fatty acyls;acceptor_superclass::Monoterpenoids	0,0,1,0,0,0,0,0,0,0,0,0,0,0,0,0,0,0,0,0,0,0,0	0,0,1,0,1,0,0,0,0,1,0,0,0,0,0,0,0,0,0,0,0,0,0	-1.972470,-2.723575,2.274217,-1.503334,0.463741,-1.214504,-2.652053,-1.174550,-0.937470,0.452624,-1.678758,-1.554700,-2.240774,-3.688249,-0.966102,-0.237565,-0.793811,-2.614186,-2.988191,-3.331191,-1.531356,-2.577180,-3.397429
Tcus_TAX19_AAU89980.1	Tcus_TAX19_AAU89980.1		acceptor_superclass::Diterpenoids;acceptor_superclass::Monoterpenoids;acceptor_superclass::Phenylpropanoids (C6-C3)	0,0,0,0,0,0,0,0,0,0,0,0,0,0,0,0,0,0,0,0,0,0,0	0,0,1,0,0,0,0,0,0,1,0,0,0,0,0,1,0,0,0,0,0,0,0	-2.508141,-2.467813,0.905694,-0.502508,-0.428693,-1.903731,-2.992450,-1.101176,-1.400664,0.501799,-2.350810,-0.869559,-2.430051,-2.685251,-0.316303,0.238207,-0.977506,-1.015614,-1.623881,-2.758760,-1.521534,-1.319137,-1.817265
Tcus_TAT_AAF34254.1	Tcus_TAX1_AAF34254.1		acceptor_superclass::Diterpenoids;acceptor_superclass::Fatty acyls;acceptor_superclass::Monoterpenoids	0,0,0,0,0,0,0,0,0,0,0,0,0,0,0,0,0,0,0,0,0,0,0	0,0,1,0,1,0,0,0,0,1,0,0,0,0,0,0,0,0,0,0,0,0,0	-2.101632,-2.791679,2.197432,-1.309372,0.617354,-1.240561,-2.500604,-1.336531,-0.758235,0.071084,-1.701876,-1.110416,-2.326094,-3.286985,-1.195678,-0.227764,-0.680998,-2.391880,-2.653423,-2.631597,-3.337268,-1.859923,-2.915443
Tcus_TBT_AAG38049.1	Tcus_TBT_AAG38049.1	acceptor_superclass::Diterpenoids	acceptor_superclass::Diterpenoids;acceptor_superclass::Fatty acyls;acceptor_superclass::Monoterpenoids;acceptor_superclass::Phenylpropanoids (C6-C3)	0,0,1,0,0,0,0,0,0,0,0,0,0,0,0,0,0,0,0,0,0,0,0	0,0,1,0,1,0,0,0,0,1,0,0,0,0,0,1,0,0,0,0,0,0,0	-2.813492,-2.930534,2.767806,-0.903631,1.328775,-2.009114,-3.059410,-1.241404,-0.604575,1.328311,-2.907022,-1.341354,-2.426719,-3.839000,-1.000571,0.654758,-1.096799,-2.010508,-2.824247,-3.394189,-2.731552,-1.902670,-3.801149
Tmed_BAHD22_QDM39185.1	Tmed_BAHD22_QDM39185.1	acceptor_superclass::Diterpenoids	acceptor_superclass::Diterpenoids;acceptor_superclass::Monoterpenoids;acceptor_superclass::Phenylpropanoids (C6-C3)	0,0,1,0,0,0,0,0,0,0,0,0,0,0,0,0,0,0,0,0,0,0,0	0,0,1,0,0,0,0,0,0,1,0,0,0,0,0,1,0,0,0,0,0,0,0	-2.399035,-3.123716,0.624459,-1.377791,-0.539231,-1.005058,-2.893894,-0.996883,-0.360550,0.281995,-1.993685,-1.979537,-3.022587,-3.789955,-0.134625,0.152723,-1.351666,-0.062850,-3.001737,-3.125439,-1.933927,-1.958224,-2.150786
Tmed_BAHD6-13_BEK82039.1	Tmed_BAHD6-13_BEK82039.1	acceptor_superclass::Diterpenoids	acceptor_superclass::Diterpenoids;acceptor_superclass::Phenylpropanoids (C6-C3);acceptor_superclass::Saccharides	0,0,1,0,0,0,0,0,0,0,0,0,0,0,0,0,0,0,0,0,0,0,0	0,0,1,0,0,0,0,0,0,0,0,0,0,0,0,1,0,1,0,0,0,0,0	-2.775428,-3.452914,1.283265,-0.988087,-0.793206,-1.666270,-3.329701,-0.277916,-1.223161,-0.122290,-2.238652,-2.047084,-2.992917,-2.493709,-0.357469,0.161736,-1.947082,0.644272,-2.775086,-3.901994,-1.781509,-0.938265,-1.924502
Tmed_DBAT_QDM39186.1	Tmed_DBAT_QDM39186.1	acceptor_superclass::Diterpenoids	acceptor_superclass::Diterpenoids;acceptor_superclass::Lysine alkaloids;acceptor_superclass::Ornithine alkaloids;acceptor_superclass::Phenylpropanoids (C6-C3);acceptor_superclass::Pseudoalkaloids	0,0,1,0,0,0,0,0,0,0,0,0,0,0,0,0,0,0,0,0,0,0,0	0,0,1,0,0,0,0,0,1,0,0,1,0,0,0,1,1,0,0,0,0,0,0	-3.369169,-2.208859,2.037879,-2.026001,-1.020506,-1.662526,-3.198017,-1.588706,0.582721,-0.661931,-2.795937,0.040970,-3.369169,-4.199671,-1.912467,0.062784,0.577674,-1.056589,-2.436600,-3.865270,-2.121789,-2.214593,-3.446764
Tmed_TAT_QDM39184.1	Tmed_TAT_QDM39184.1	acceptor_superclass::Diterpenoids	acceptor_superclass::Diterpenoids;acceptor_superclass::Fatty acyls;acceptor_superclass::Monoterpenoids	0,0,1,0,0,0,0,0,0,0,0,0,0,0,0,0,0,0,0,0,0,0,0	0,0,1,0,1,0,0,0,0,1,0,0,0,0,0,0,0,0,0,0,0,0,0	-2.577673,-2.486907,2.065049,-1.171711,1.108831,-1.364030,-2.730122,-1.533491,-0.914997,0.778558,-2.308670,-0.942183,-2.548787,-3.096028,-1.287800,-0.050678,-0.662489,-2.824989,-2.438028,-2.514787,-2.691264,-1.536782,-2.461190
Tpra_HST_ACI16630.1	Tpra_HCT1A_ACI16630.1	acceptor_superclass::Phenolic acids (C6-C1)	acceptor_superclass::Phenolic acids (C6-C1);acceptor_superclass::Phenylpropanoids (C6-C3);acceptor_superclass::Small peptides;acceptor_superclass::Tyrosine alkaloids	0,0,0,0,0,0,0,0,0,0,0,0,0,1,0,0,0,0,0,0,0,0,0	0,0,0,0,0,0,0,0,0,0,0,0,0,1,0,1,0,0,1,0,0,0,1	-2.493025,-2.179012,-3.135050,-0.263712,-0.585638,-0.355825,-2.491353,-0.829211,-1.622921,-0.439607,-2.800931,-1.066609,-2.745125,3.553183,-0.813823,0.054894,-1.413888,-3.038308,1.177569,-2.423552,-0.201190,-1.749266,0.173453
Tpra_HMT_ACI16631.1	Tpra_HCT2_ACI16631.1	acceptor_superclass::Fatty Acids and Conjugates	acceptor_superclass::Fatty Acids and Conjugates;acceptor_superclass::Pseudoalkaloids;acceptor_superclass::Small peptides;acceptor_superclass::Steroids;acceptor_superclass::Tyrosine alkaloids	0,0,0,1,0,0,0,0,0,0,0,0,0,0,0,0,0,0,0,0,0,0,0	0,0,0,1,0,0,0,0,0,0,0,0,0,0,0,0,1,0,1,1,0,0,1	-0.493850,-1.744126,-3.120499,0.264143,-2.671061,-0.229857,-0.564873,-0.168998,-2.999239,-0.429810,-1.715144,-0.283348,-1.216858,-0.147761,-0.834262,-0.998935,0.289767,-1.592506,1.548955,0.080721,-2.561596,-2.642979,2.339668
Tpra_HDT1_AXB87812.1	Tpra_HDT1_AXB87812.1	acceptor_superclass::Small peptides;acceptor_superclass::Tyrosine alkaloids	acceptor_superclass::Fatty Acids and Conjugates;acceptor_superclass::Ornithine alkaloids;acceptor_superclass::Phenolic acids (C6-C1);acceptor_superclass::Phenylethanoids (C6-C2);acceptor_superclass::Small peptides;acceptor_superclass::Steroids	0,0,0,0,0,0,0,0,0,0,0,0,0,0,0,0,0,0,1,0,0,0,1	0,0,0,1,0,0,0,0,0,0,0,1,0,1,1,0,0,0,1,1,0,0,0	-0.595296,-0.915986,-2.506801,0.508145,-2.045373,-0.558042,-0.508964,-2.443280,-3.183051,-0.555260,-2.562246,0.461253,-0.576988,0.149210,0.108086,-0.628353,-0.372650,-1.968320,0.412776,0.228640,-1.768282,-2.051826,-1.152382
Tpra_HDT1_AXB87812.1	Tpra_HDT_AXB87812.1	acceptor_superclass::Small peptides	acceptor_superclass::Fatty Acids and Conjugates;acceptor_superclass::Ornithine alkaloids;acceptor_superclass::Phenolic acids (C6-C1);acceptor_superclass::Phenylethanoids (C6-C2);acceptor_superclass::Small peptides;acceptor_superclass::Steroids	0,0,0,0,0,0,0,0,0,0,0,0,0,0,0,0,0,0,1,0,0,0,0	0,0,0,1,0,0,0,0,0,0,0,1,0,1,1,0,0,0,1,1,0,0,0	-0.595296,-0.915986,-2.506801,0.508145,-2.045373,-0.558042,-0.508964,-2.443280,-3.183051,-0.555260,-2.562246,0.461253,-0.576988,0.149210,0.108086,-0.628353,-0.372650,-1.968320,0.412776,0.228640,-1.768282,-2.051826,-1.152382
Tpra_HMT_ACI16631.1	Tpra_HMT_ACI16631.1	acceptor_superclass::Fatty Acids and Conjugates	acceptor_superclass::Coumarins;acceptor_superclass::Fatty Acids and Conjugates;acceptor_superclass::Ornithine alkaloids;acceptor_superclass::Pseudoalkaloids;acceptor_superclass::Small peptides;acceptor_superclass::Steroids;acceptor_superclass::Tyrosine alkaloids	0,0,0,1,0,0,0,0,0,0,0,0,0,0,0,0,0,0,0,0,0,0,0	1,0,0,1,0,0,0,0,0,0,0,1,0,0,0,0,1,0,1,1,0,0,1	0.404634,-1.448053,-3.328760,0.406654,-2.273160,-0.199090,-0.404406,-0.251966,-3.104290,-0.890786,-0.841873,0.235005,-0.335368,-0.171416,-0.315486,-0.909811,0.484923,-1.866477,1.188421,0.359892,-3.101316,-1.881849,1.029878
Tpra_HST_ACI16630.1	Tpra_HST_ACI16630.1	acceptor_superclass::Phenolic acids (C6-C1)	acceptor_superclass::Phenolic acids (C6-C1);acceptor_superclass::Small peptides;acceptor_superclass::Tyrosine alkaloids	0,0,0,0,0,0,0,0,0,0,0,0,0,1,0,0,0,0,0,0,0,0,0	0,0,0,0,0,0,0,0,0,0,0,0,0,1,0,0,0,0,1,0,0,0,1	-2.544517,-2.158154,-3.067266,-0.404342,-0.882081,-0.980552,-2.472010,-0.816349,-1.653330,-1.669084,-2.658592,-0.665034,-2.786949,3.316065,-1.045814,-0.161124,-1.180625,-2.819991,1.211901,-2.397299,-2.522741,-1.657639,0.138083
Twal_DBAT_AFD32413.1	Twal_DBAT_AFD32413.1	acceptor_superclass::Diterpenoids	acceptor_superclass::Diterpenoids;acceptor_superclass::Lysine alkaloids;acceptor_superclass::Pseudoalkaloids	0,0,1,0,0,0,0,0,0,0,0,0,0,0,0,0,0,0,0,0,0,0,0	0,0,1,0,0,0,0,0,1,0,0,0,0,0,0,0,1,0,0,0,0,0,0	-2.929730,-2.128402,2.175313,-2.193539,-0.834691,-0.977055,-2.240384,-0.586842,0.388703,-0.434728,-2.088974,-0.581760,-3.661146,-4.101454,-1.585037,-0.063308,0.401974,-1.593196,-2.090131,-3.001000,-2.873595,-1.790517,-2.805779
Vhyb_3MAT1_AAS77402.1	Vhyb_3MAT1_AAS77402.1	acceptor_superclass::Flavonoids;acceptor_superclass::Isoflavonoids;acceptor_superclass::Phenolic acids (C6-C1)	acceptor_superclass::Coumarins;acceptor_superclass::Flavonoids;acceptor_superclass::Isoflavonoids;acceptor_superclass::Naphthalenes;acceptor_superclass::Phenanthrenoids;acceptor_superclass::Steroids	0,0,0,0,0,1,1,0,0,0,0,0,0,1,0,0,0,0,0,0,0,0,0	1,0,0,0,0,1,1,0,0,0,1,0,1,0,0,0,0,0,0,1,0,0,0	1.666062,-2.186965,-4.085172,-1.306639,-0.724753,1.875214,0.765976,-2.596642,-2.223224,-1.772673,0.055792,-1.201285,2.041606,-2.316689,-0.848752,-1.584908,-0.527646,-3.198172,-1.974773,1.422470,-0.978594,-3.866537,-1.861657
Vlab_AMAT_AAW22989.1	Vlab_AMAT_AAW22989.1	acceptor_superclass::Fatty acyls	acceptor_superclass::Fatty acyls;acceptor_superclass::Lysine alkaloids;acceptor_superclass::Monoterpenoids;acceptor_superclass::Phenylethanoids (C6-C2);acceptor_superclass::Phenylpropanoids (C6-C3)	0,0,0,0,1,0,0,0,0,0,0,0,0,0,0,0,0,0,0,0,0,0,0	0,0,0,0,1,0,0,0,1,1,0,0,0,0,1,1,0,0,0,0,0,0,0	-1.986379,-2.478399,-0.481430,-2.333786,1.577969,-0.928967,-2.956380,-0.056218,0.743333,0.620154,-2.217376,-2.651195,-2.728893,-1.999043,0.682389,1.701330,-1.304950,-1.966540,-2.150116,-2.749045,-3.767473,-3.486422,-3.231467
Vvin_3AT_AKF15588.1	Vvin_3AT_AKF15588.1	acceptor_superclass::Flavonoids	acceptor_superclass::Phenylethanoids (C6-C2);acceptor_superclass::Saccharides;acceptor_superclass::Tryptophan alkaloids	0,0,0,0,0,1,0,0,0,0,0,0,0,0,0,0,0,0,0,0,0,0,0	0,0,0,0,0,0,0,0,0,0,0,0,0,0,1,0,0,1,0,0,0,1,0	-3.245159,-1.650456,-0.185351,-3.373922,-1.612322,-3.092828,-3.311956,-1.358237,-0.794118,-0.189241,-1.862925,-1.155751,-2.112544,-3.569441,0.456344,-0.179860,-1.384759,1.123351,-1.973797,-3.429181,-0.456023,0.292286,-1.667384
Vvin_AAT2_CBI26419.3	Vvin_AAT2_CBI26419.3	acceptor_superclass::Fatty acyls;acceptor_superclass::Phenylethanoids (C6-C2)	acceptor_superclass::Fatty acyls;acceptor_superclass::Lysine alkaloids;acceptor_superclass::Monoterpenoids;acceptor_superclass::Phenylpropanoids (C6-C3)	0,0,0,0,1,0,0,0,0,0,0,0,0,0,1,0,0,0,0,0,0,0,0	0,0,0,0,1,0,0,0,1,1,0,0,0,0,0,1,0,0,0,0,0,0,0	-2.714916,-2.837587,-0.830057,-0.833739,1.445274,-0.984158,-3.368292,-2.066734,0.102249,0.686460,-2.896691,-3.409344,-2.710849,-1.126232,-0.359272,0.759831,-2.054213,-1.587423,-1.184854,-2.893377,-1.429670,-1.271903,-1.637716
Vvin_SHT_QNO39112.1	Vvin_SHT_QNO39112.1	acceptor_superclass::Ornithine alkaloids	acceptor_superclass::Fatty Acids and Conjugates;acceptor_superclass::Ornithine alkaloids;acceptor_superclass::Phenolic acids (C6-C1);acceptor_superclass::Small peptides;acceptor_superclass::Tyrosine alkaloids	0,0,0,0,0,0,0,0,0,0,0,1,0,0,0,0,0,0,0,0,0,0,0	0,0,0,1,0,0,0,0,0,0,0,1,0,1,0,0,0,0,1,0,0,0,1	-1.140086,-1.179631,-2.311216,0.165654,-0.928440,-1.032091,-1.417821,-1.099134,-3.844845,-1.503348,-2.037311,1.126091,-0.796262,0.242548,-0.659115,-0.767671,-0.863694,-2.543538,0.019344,-0.534169,-1.920766,-3.066677,0.141970
Wlon_BAT1_NA	Wlon_BAT1_NA	acceptor_superclass::Monoterpenoids	acceptor_superclass::Monoterpenoids;acceptor_superclass::Phenylethanoids (C6-C2)	0,0,0,0,0,0,0,0,0,1,0,0,0,0,0,0,0,0,0,0,0,0,0	0,0,0,0,0,0,0,0,0,1,0,0,0,0,1,0,0,0,0,0,0,0,0	-2.370676,-1.683703,-0.195504,-0.920736,-0.076608,-1.028080,-2.110038,-1.710461,-2.082939,0.956937,-2.291885,-0.128117,-2.021274,-3.366121,0.905277,-0.094345,-0.723100,-1.130702,-2.697155,-1.480790,-0.378957,-0.724574,-2.050353
Wlon_BAT2_NA	Wlon_BAT2_NA	acceptor_superclass::Monoterpenoids	acceptor_superclass::Diterpenoids;acceptor_superclass::Monoterpenoids;acceptor_superclass::Phenylethanoids (C6-C2);acceptor_superclass::Saccharides;acceptor_superclass::Tryptophan alkaloids	0,0,0,0,0,0,0,0,0,1,0,0,0,0,0,0,0,0,0,0,0,0,0	0,0,1,0,0,0,0,0,0,1,0,0,0,0,1,0,0,1,0,0,0,1,0	-3.515797,-1.430099,0.738730,-0.654169,-0.657043,-1.139246,-2.158328,-1.800289,-1.820117,1.300720,-3.492229,-0.263946,-3.051313,-2.399798,0.248644,-0.179753,-0.742146,0.274447,-1.743742,-2.456622,-1.224561,1.240481,-2.343508
Wlon_BAT3_NA	Wlon_BAT3_NA	acceptor_superclass::Monoterpenoids	acceptor_superclass::Fatty acyls;acceptor_superclass::Monoterpenoids;acceptor_superclass::Phenylethanoids (C6-C2);acceptor_superclass::Phenylpropanoids (C6-C3)	0,0,0,0,0,0,0,0,0,1,0,0,0,0,0,0,0,0,0,0,0,0,0	0,0,0,0,1,0,0,0,0,1,0,0,0,0,1,1,0,0,0,0,0,0,0	-2.352499,-1.298273,-0.645578,-1.331131,1.136280,-1.447554,-3.118271,-2.698816,-2.378660,1.657978,-3.488765,-0.202520,-1.129430,-3.018430,2.593578,1.303290,-1.614514,-0.577691,-2.087967,-3.042837,-1.761059,-1.801895,-2.513901
Wvil_BAT1_WvBAHD8	Wvil_BAT1_WvBAHD8	acceptor_superclass::Monoterpenoids	acceptor_superclass::Fatty acyls;acceptor_superclass::Lignans;acceptor_superclass::Monoterpenoids;acceptor_superclass::Phenylpropanoids (C6-C3)	0,0,0,0,0,0,0,0,0,1,0,0,0,0,0,0,0,0,0,0,0,0,0	0,0,0,0,1,0,0,1,0,1,0,0,0,0,0,1,0,0,0,0,0,0,0	-2.637975,-3.675333,-0.169428,-0.168062,0.863898,-0.724225,-3.079414,0.627142,-0.153567,0.304108,-1.958445,-3.881781,-2.731046,-1.102363,-0.528547,1.319695,-2.411843,-1.450433,-1.602680,-2.495176,-1.729314,-0.493941,-1.769515
Wvil_BAT2_WvBAHD14	Wvil_BAT2_WvBAHD14	acceptor_superclass::Monoterpenoids	acceptor_superclass::Diterpenoids;acceptor_superclass::Fatty acyls;acceptor_superclass::Monoterpenoids	0,0,0,0,0,0,0,0,0,1,0,0,0,0,0,0,0,0,0,0,0,0,0	0,0,1,0,1,0,0,0,0,1,0,0,0,0,0,0,0,0,0,0,0,0,0	-0.860097,-1.873176,0.413156,-0.965893,1.028678,-0.182016,-2.303564,-2.462272,-1.023318,0.166445,-1.220911,-0.805459,-0.694970,-4.821442,-0.209318,-0.056756,-0.368857,-2.813185,-2.820981,-2.057399,-5.078224,-2.776318,-1.905326
Wvil_BAT3_WvBAHD39	Wvil_BAT3_WvBAHD39	acceptor_superclass::Monoterpenoids	acceptor_superclass::Diterpenoids;acceptor_superclass::Monoterpenoids;acceptor_superclass::Phenylethanoids (C6-C2);acceptor_superclass::Triterpenoids	0,0,0,0,0,0,0,0,0,1,0,0,0,0,0,0,0,0,0,0,0,0,0	0,0,1,0,0,0,0,0,0,1,0,0,0,0,1,0,0,0,0,0,1,0,0	-3.102381,-1.750388,0.464445,-0.497766,-0.208566,-1.494314,-2.488442,-2.535635,-1.961396,1.519379,-2.934710,-1.238755,-2.581587,-2.954728,0.871887,-0.088764,-1.520172,-0.768728,-2.025647,-2.590377,0.172170,-0.514460,-2.477832
Wvil_BAT4_WvBAHD40	Wvil_BAT4_WvBAHD40	acceptor_superclass::Monoterpenoids	acceptor_superclass::Monoterpenoids;acceptor_superclass::Phenylethanoids (C6-C2);acceptor_superclass::Phenylpropanoids (C6-C3)	0,0,0,0,0,0,0,0,0,1,0,0,0,0,0,0,0,0,0,0,0,0,0	0,0,0,0,0,0,0,0,0,1,0,0,0,0,1,1,0,0,0,0,0,0,0	-2.858030,-1.583003,-0.491924,-0.352004,-0.072528,-1.813061,-3.360946,-2.155617,-1.427951,1.260033,-3.582633,-0.220507,-2.858030,-3.292187,1.644642,0.653913,-0.831165,-0.044520,-1.889231,-3.503295,-2.204961,-2.272502,-3.135862
Wvil_BAT5_WvBAHD50	Wvil_BAT5_WvBAHD50	acceptor_superclass::Monoterpenoids	acceptor_superclass::Fatty Acids and Conjugates;acceptor_superclass::Fatty acyls;acceptor_superclass::Phenylpropanoids (C6-C3);acceptor_superclass::Pseudoalkaloids	0,0,0,0,0,0,0,0,0,1,0,0,0,0,0,0,0,0,0,0,0,0,0	0,0,0,1,1,0,0,0,0,0,0,0,0,0,0,1,1,0,0,0,0,0,0	-1.310252,-2.192675,-0.039244,0.283309,0.084125,-0.164692,-2.362846,-1.213713,-1.417063,-0.036876,-2.494789,-0.144587,-1.310252,-3.931379,-0.658374,0.516734,0.090634,-2.474162,-1.771221,-2.182243,-3.715169,-2.246524,-2.551429
Wvil_BAT6_WvBAHD28	Wvil_BAT6_WvBAHD28	acceptor_superclass::Monoterpenoids	acceptor_superclass::Phenolic acids (C6-C1);acceptor_superclass::Phenylpropanoids (C6-C3);acceptor_superclass::Small peptides;acceptor_superclass::Triterpenoids	0,0,0,0,0,0,0,0,0,1,0,0,0,0,0,0,0,0,0,0,0,0,0	0,0,0,0,0,0,0,0,0,0,0,0,0,1,0,1,0,0,1,0,1,0,0	-1.466539,-3.242647,-1.637492,-0.570391,-1.861770,-0.338224,-1.793573,-0.187351,-2.235667,-1.652979,-2.210438,-2.080664,-1.932720,2.914448,-0.410709,0.283412,-2.231630,-3.699073,1.406537,-1.742812,0.505583,-1.369971,-0.041911
Zmay_AAT1_ONM11762.1	Zmay_AAT1_ONM11762.1	acceptor_superclass::Flavonoids	acceptor_superclass::Coumarins;acceptor_superclass::Flavonoids;acceptor_superclass::Isoflavonoids;acceptor_superclass::Naphthalenes;acceptor_superclass::Ornithine alkaloids;acceptor_superclass::Phenanthrenoids;acceptor_superclass::Pseudoalkaloids	0,0,0,0,0,1,0,0,0,0,0,0,0,0,0,0,0,0,0,0,0,0,0	1,0,0,0,0,1,1,0,0,0,1,1,1,0,0,0,1,0,0,0,0,0,0	0.748300,-1.537291,-2.295419,-2.936491,-5.171740,2.224468,3.066926,-0.520322,-1.418647,-4.155718,0.196220,1.983202,0.094316,-3.010624,-3.470302,-2.258210,3.087128,-0.021285,-2.272153,-0.183813,-2.213306,-2.805704,-2.524253
Zmay_CAT_ACF87722.1	Zmay_CAT_ACF87722.1		acceptor_superclass::Fatty acyls;acceptor_superclass::Monoterpenoids;acceptor_superclass::Phenylethanoids (C6-C2);acceptor_superclass::Phenylpropanoids (C6-C3)	0,0,0,0,0,0,0,0,0,0,0,0,0,0,0,0,0,0,0,0,0,0,0	0,0,0,0,1,0,0,0,0,1,0,0,0,0,1,1,0,0,0,0,0,0,0	-2.249153,-1.471413,-0.827925,-0.002713,0.400851,-0.851330,-2.269114,-2.880829,-1.424970,0.992083,-2.239321,-0.811650,-1.805967,-4.282792,0.057924,0.633289,-0.030298,-1.304548,-2.322435,-2.260010,-2.128254,-0.759695,-1.474591
Zmay_FMT_AQK78565.1	Zmay_FMT_AQK78565.1	acceptor_superclass::Phenylpropanoids (C6-C3)	acceptor_superclass::Fatty acyls;acceptor_superclass::Monoterpenoids;acceptor_superclass::Phenylethanoids (C6-C2);acceptor_superclass::Phenylpropanoids (C6-C3)	0,0,0,0,0,0,0,0,0,0,0,0,0,0,0,1,0,0,0,0,0,0,0	0,0,0,0,1,0,0,0,0,1,0,0,0,0,1,1,0,0,0,0,0,0,0	-1.402123,-1.089668,-0.708267,-1.312928,0.232484,-0.788004,-1.907813,-2.518350,-1.072360,1.163036,-1.723058,-1.208196,-1.324535,-4.515603,0.430286,0.673139,-0.328057,-2.032785,-2.269319,-1.243979,-1.858349,-1.939697,-2.031082
