fasta_id	enzyme_id	true_labels	predicted_labels	true_vector	pred_vector	score_vector
Aagr_HCT6_QPI70575.1	Aagr_HCT6_QPI70575.1	acceptor_superclass::Phenolic acids (C6-C1);acceptor_superclass::Small peptides	acceptor_superclass::Coumarins;acceptor_superclass::Fatty Acids and Conjugates;acceptor_superclass::Fatty acyls;acceptor_superclass::Isoflavonoids;acceptor_superclass::Ornithine alkaloids;acceptor_superclass::Phenanthrenoids;acceptor_superclass::Phenolic acids (C6-C1);acceptor_superclass::Phenylethanoids (C6-C2);acceptor_superclass::Phenylpropanoids (C6-C3);acceptor_superclass::Pseudoalkaloids;acceptor_superclass::Small peptides;acceptor_superclass::Steroids	0,0,0,0,0,0,0,0,0,0,0,0,0,1,0,0,0,0,1,0,0,0,0	1,0,0,1,1,0,1,0,0,0,0,1,1,1,1,1,1,0,1,1,0,0,0	7.717122,-4.733026,-11.897635,0.566554,0.331584,-1.195104,4.202038,-3.345438,-11.937229,-7.826100,-0.234127,0.374677,3.253258,1.119673,3.169185,1.664641,0.645372,-5.361069,0.148460,2.452750,-7.786200,-2.968246,-3.406608
Aagr_HFT-like_Aagr000038l.49.1	Aagr_HFT-like_Aagr000038l.49.1	acceptor_superclass::Fatty Acids and Conjugates	acceptor_superclass::Cyclic polyketides;acceptor_superclass::Fatty acyls;acceptor_superclass::Flavonoids;acceptor_superclass::Lysine alkaloids;acceptor_superclass::Monoterpenoids;acceptor_superclass::Ornithine alkaloids;acceptor_superclass::Phenanthrenoids;acceptor_superclass::Pseudoalkaloids;acceptor_superclass::Saccharides;acceptor_superclass::Steroids;acceptor_superclass::Triterpenoids	0,0,0,1,0,0,0,0,0,0,0,0,0,0,0,0,0,0,0,0,0,0,0	0,1,0,0,1,1,0,0,1,1,0,1,1,0,0,0,1,1,0,1,1,0,0	-14.865258,17.019903,-10.097130,-4.482593,5.509723,4.010083,-10.915909,-10.474463,2.897827,3.253092,-2.628807,1.369472,14.125176,-5.405377,-4.219974,-3.033194,0.414076,7.230817,-7.311146,0.443991,8.453002,-4.052331,-8.392582
Abel_TS_WPF47615.1	Abel_TS_WPF47615.1		acceptor_superclass::Cyclic polyketides;acceptor_superclass::Diterpenoids;acceptor_superclass::Fatty acyls;acceptor_superclass::Phenylethanoids (C6-C2);acceptor_superclass::Saccharides	0,0,0,0,0,0,0,0,0,0,0,0,0,0,0,0,0,0,0,0,0,0,0	0,1,1,0,1,0,0,0,0,0,0,0,0,0,1,0,0,1,0,0,0,0,0	-13.536516,4.335137,9.597566,-1.887538,3.605138,-3.475338,-3.136981,-28.378798,-11.023502,-4.414229,-12.277704,-0.473211,-19.320244,-7.205416,7.363306,-0.932063,-0.889869,3.380358,-9.969665,-5.984995,-0.882475,-3.772101,-7.323932
Achi_AT16_PSS01274.1	Achi_AT16_PSS01274.1	acceptor_superclass::Fatty acyls	acceptor_superclass::Cyclic polyketides;acceptor_superclass::Fatty acyls;acceptor_superclass::Flavonoids;acceptor_superclass::Lysine alkaloids;acceptor_superclass::Monoterpenoids;acceptor_superclass::Ornithine alkaloids;acceptor_superclass::Phenanthrenoids;acceptor_superclass::Pseudoalkaloids;acceptor_superclass::Saccharides;acceptor_superclass::Steroids;acceptor_superclass::Triterpenoids	0,0,0,0,1,0,0,0,0,0,0,0,0,0,0,0,0,0,0,0,0,0,0	0,1,0,0,1,1,0,0,1,1,0,1,1,0,0,0,1,1,0,1,1,0,0	-11.068267,14.160958,-9.191717,-3.667171,4.608917,4.322106,-8.154503,-9.254356,2.693141,2.059343,-2.902132,1.161797,12.965589,-5.402335,-3.802770,-2.470715,0.730304,4.067765,-4.699738,1.526034,6.405164,-5.141120,-7.290015
Achi_FHT_PSR89440.1	Achi_FHT_PSR89440.1	acceptor_superclass::Fatty Acids and Conjugates;acceptor_superclass::Fatty acyls	acceptor_superclass::Fatty acyls;acceptor_superclass::Monoterpenoids;acceptor_superclass::Phenanthrenoids;acceptor_superclass::Phenolic acids (C6-C1);acceptor_superclass::Phenylethanoids (C6-C2);acceptor_superclass::Phenylpropanoids (C6-C3);acceptor_superclass::Small peptides;acceptor_superclass::Tyrosine alkaloids	0,0,0,1,1,0,0,0,0,0,0,0,0,0,0,0,0,0,0,0,0,0,0	0,0,0,0,1,0,0,0,0,1,0,0,1,1,1,1,0,0,1,0,0,0,1	-8.100708,-9.480681,-3.590032,-1.405794,0.283502,-2.079063,-8.197029,-1.760465,-1.169125,0.543330,-10.396471,-3.542606,2.887456,1.799265,0.117769,2.026208,-5.070269,-1.235722,3.222978,-5.139072,-1.495277,-7.385511,0.733572
Aeri_AT9_AIC83789.1	Aeri_AT9_AIC83789.1	acceptor_superclass::Fatty acyls	acceptor_superclass::Fatty acyls;acceptor_superclass::Flavonoids;acceptor_superclass::Phenanthrenoids;acceptor_superclass::Phenylpropanoids (C6-C3);acceptor_superclass::Pseudoalkaloids	0,0,0,0,1,0,0,0,0,0,0,0,0,0,0,0,0,0,0,0,0,0,0	0,0,0,0,1,1,0,0,0,0,0,0,1,0,0,1,1,0,0,0,0,0,0	-4.075583,-0.964155,-1.325054,-2.933881,0.976242,0.549877,-4.697876,-1.459692,-0.578060,-0.050320,-2.742631,-0.871003,1.116410,-3.095162,-0.309135,0.239452,0.156174,-1.081132,-1.226453,-2.139434,-0.204743,-2.329106,-0.876906
Aeuc_AAT1_BDW80083.1	Aeuc_AAT1_BDW80083.1	acceptor_superclass::Naphthalenes	acceptor_superclass::Cyclic polyketides;acceptor_superclass::Diterpenoids;acceptor_superclass::Fatty acyls;acceptor_superclass::Lignans;acceptor_superclass::Lysine alkaloids;acceptor_superclass::Monoterpenoids;acceptor_superclass::Naphthalenes;acceptor_superclass::Phenylpropanoids (C6-C3);acceptor_superclass::Pseudoalkaloids;acceptor_superclass::Saccharides;acceptor_superclass::Triterpenoids;acceptor_superclass::Tryptophan alkaloids	0,0,0,0,0,0,0,0,0,0,1,0,0,0,0,0,0,0,0,0,0,0,0	0,1,1,0,1,0,0,1,1,1,1,0,0,0,0,1,1,1,0,0,1,1,0	-9.006851,2.142256,2.595005,-4.533888,2.912866,-1.692111,-10.360933,0.357408,2.481896,0.064679,1.098716,-1.925120,-4.206308,-5.185796,-0.015282,0.003535,1.720828,2.359967,-5.116000,-5.270125,0.916749,2.846740,-2.235604
Aeuc_AAT2_BDW80089.1	Aeuc_AAT2_BDW80089.1	acceptor_superclass::Naphthalenes	acceptor_superclass::Cyclic polyketides;acceptor_superclass::Fatty acyls;acceptor_superclass::Flavonoids;acceptor_superclass::Lysine alkaloids;acceptor_superclass::Monoterpenoids;acceptor_superclass::Naphthalenes;acceptor_superclass::Ornithine alkaloids;acceptor_superclass::Phenanthrenoids;acceptor_superclass::Phenylethanoids (C6-C2);acceptor_superclass::Pseudoalkaloids;acceptor_superclass::Saccharides;acceptor_superclass::Steroids;acceptor_superclass::Triterpenoids	0,0,0,0,0,0,0,0,0,0,1,0,0,0,0,0,0,0,0,0,0,0,0	0,1,0,0,1,1,0,0,1,1,1,1,1,0,1,0,1,1,0,1,1,0,0	-13.832855,18.436831,-3.332622,-5.536269,2.396151,1.262468,-7.908916,-3.451812,7.046796,3.826968,3.110922,2.862277,3.858823,-9.799986,0.099791,-0.804164,1.014230,4.657067,-9.481452,0.685108,7.456734,-5.312145,-8.020625
Aeuc_SAT2_BDW80080.1	Aeuc_SAT2_BDW80080.1	acceptor_superclass::Naphthalenes	acceptor_superclass::Phenylethanoids (C6-C2);acceptor_superclass::Phenylpropanoids (C6-C3);acceptor_superclass::Saccharides;acceptor_superclass::Triterpenoids;acceptor_superclass::Tyrosine alkaloids	0,0,0,0,0,0,0,0,0,0,1,0,0,0,0,0,0,0,0,0,0,0,0	0,0,0,0,0,0,0,0,0,0,0,0,0,0,1,1,0,1,0,0,1,0,1	-6.674734,-0.300180,-0.861864,-0.280703,-0.138229,-3.391541,-3.254752,-6.966738,-3.582550,-0.525005,-0.620367,-1.203959,-3.333599,-4.774757,1.014137,0.332235,-0.823795,3.084556,-2.124073,-6.681887,1.663964,-1.641056,0.320980
Amem_AT7-3_WMQ79387.1	Amem_AT7-3_WMQ79387.1	acceptor_superclass::Triterpenoids	acceptor_superclass::Coumarins;acceptor_superclass::Fatty acyls;acceptor_superclass::Isoflavonoids;acceptor_superclass::Naphthalenes;acceptor_superclass::Phenanthrenoids;acceptor_superclass::Phenylethanoids (C6-C2);acceptor_superclass::Phenylpropanoids (C6-C3)	0,0,0,0,0,0,0,0,0,0,0,0,0,0,0,0,0,0,0,0,1,0,0	1,0,0,0,1,0,1,0,0,0,1,0,1,0,1,1,0,0,0,0,0,0,0	5.418518,-6.048895,-8.083778,-1.292220,0.671636,-1.607684,2.475691,-0.370079,-8.851695,-8.569171,0.437312,-0.227075,2.959665,-2.882354,1.730180,0.912916,-0.401219,-1.619289,-4.918570,-1.403448,-5.941366,-2.328619,-4.951734
Arac_HPT1_QAA12830.1	Arac_HPT1_QAA12830.1	acceptor_superclass::Phenylpropanoids (C6-C3)	acceptor_superclass::Fatty Acids and Conjugates;acceptor_superclass::Isoflavonoids;acceptor_superclass::Phenolic acids (C6-C1);acceptor_superclass::Phenylethanoids (C6-C2);acceptor_superclass::Saccharides;acceptor_superclass::Small peptides;acceptor_superclass::Steroids;acceptor_superclass::Triterpenoids;acceptor_superclass::Tyrosine alkaloids	0,0,0,0,0,0,0,0,0,0,0,0,0,0,0,1,0,0,0,0,0,0,0	0,0,0,1,0,0,1,0,0,0,0,0,0,1,1,0,0,1,1,1,1,0,1	-2.875782,-6.328695,-0.530797,1.597108,-3.760933,-1.024314,1.988460,-10.932156,-14.863231,-6.747104,-8.816211,-2.195578,-6.520814,0.291261,7.418374,-2.025171,-3.260422,7.021670,5.252707,7.225115,2.676870,-4.497060,4.553621
Asat_HCBT_BAC78635.1	Asat_HCBT_BAC78635.1	acceptor_superclass::Small peptides	acceptor_superclass::Monoterpenoids;acceptor_superclass::Phenanthrenoids;acceptor_superclass::Phenolic acids (C6-C1);acceptor_superclass::Phenylpropanoids (C6-C3);acceptor_superclass::Small peptides;acceptor_superclass::Tyrosine alkaloids	0,0,0,0,0,0,0,0,0,0,0,0,0,0,0,0,0,0,1,0,0,0,0	0,0,0,0,0,0,0,0,0,1,0,0,1,1,0,1,0,0,1,0,0,0,1	-7.350029,-12.411751,-5.968400,-1.056204,-1.329792,-1.891837,-7.101811,-2.834303,-3.080676,0.259295,-13.014645,-4.154277,5.569461,2.925511,-0.049128,2.217077,-7.201639,-2.741219,5.620036,-4.386837,-2.075559,-10.287601,2.027263
Asat_HHT1_BAC78633.1	Asat_HHT1_BAC78633.1	acceptor_superclass::Phenolic acids (C6-C1)	acceptor_superclass::Coumarins;acceptor_superclass::Fatty Acids and Conjugates;acceptor_superclass::Fatty acyls;acceptor_superclass::Isoflavonoids;acceptor_superclass::Ornithine alkaloids;acceptor_superclass::Phenanthrenoids;acceptor_superclass::Phenolic acids (C6-C1);acceptor_superclass::Phenylethanoids (C6-C2);acceptor_superclass::Phenylpropanoids (C6-C3);acceptor_superclass::Pseudoalkaloids;acceptor_superclass::Small peptides;acceptor_superclass::Steroids	0,0,0,0,0,0,0,0,0,0,0,0,0,1,0,0,0,0,0,0,0,0,0	1,0,0,1,1,0,1,0,0,0,0,1,1,1,1,1,1,0,1,1,0,0,0	9.324353,-5.255455,-14.363905,1.164666,0.276349,-1.366699,5.091692,-4.551541,-14.446301,-8.535710,-0.448824,0.438088,3.718142,2.221879,4.104286,2.034804,0.978665,-6.689775,1.288214,3.841935,-9.133990,-3.358732,-3.466577
Asat_HHT4_QDC27803.1	Asat_HHT4_QDC27803.1	acceptor_superclass::Phenolic acids (C6-C1)	acceptor_superclass::Monoterpenoids;acceptor_superclass::Phenanthrenoids;acceptor_superclass::Phenolic acids (C6-C1);acceptor_superclass::Phenylpropanoids (C6-C3);acceptor_superclass::Small peptides;acceptor_superclass::Tyrosine alkaloids	0,0,0,0,0,0,0,0,0,0,0,0,0,1,0,0,0,0,0,0,0,0,0	0,0,0,0,0,0,0,0,0,1,0,0,1,1,0,1,0,0,1,0,0,0,1	-7.966039,-11.390629,-4.876763,-0.949311,-0.749537,-2.292522,-7.822802,-2.171913,-2.138048,0.627496,-12.291966,-3.963207,4.237410,2.890350,-0.032393,2.324473,-6.599838,-1.860609,4.903762,-4.998743,-1.952119,-9.176558,1.655968
Asch_AKS1_URS65387.1	Asch_AKS1_URS65387.1	acceptor_superclass::Tryptophan alkaloids	acceptor_superclass::Coumarins;acceptor_superclass::Fatty acyls;acceptor_superclass::Isoflavonoids;acceptor_superclass::Lignans;acceptor_superclass::Naphthalenes;acceptor_superclass::Phenanthrenoids;acceptor_superclass::Phenylethanoids (C6-C2);acceptor_superclass::Phenylpropanoids (C6-C3);acceptor_superclass::Saccharides	0,0,0,0,0,0,0,0,0,0,0,0,0,0,0,0,0,0,0,0,0,1,0	1,0,0,0,1,0,1,1,0,0,1,0,1,0,1,1,0,1,0,0,0,0,0	3.892989,-6.368380,-5.874517,-2.052426,0.759752,-1.934802,1.263028,1.130926,-7.213985,-8.283762,0.863009,-0.749859,2.379111,-4.718811,1.116473,0.636612,-1.035025,0.318527,-7.274578,-3.161388,-4.861601,-2.087679,-5.485506
Asch_AKS2_URS65388.1	Asch_AKS2_URS65388.1	acceptor_superclass::Tryptophan alkaloids	acceptor_superclass::Cyclic polyketides;acceptor_superclass::Fatty acyls;acceptor_superclass::Flavonoids;acceptor_superclass::Lysine alkaloids;acceptor_superclass::Monoterpenoids;acceptor_superclass::Naphthalenes;acceptor_superclass::Ornithine alkaloids;acceptor_superclass::Phenanthrenoids;acceptor_superclass::Pseudoalkaloids;acceptor_superclass::Saccharides;acceptor_superclass::Steroids;acceptor_superclass::Triterpenoids	0,0,0,0,0,0,0,0,0,0,0,0,0,0,0,0,0,0,0,0,0,1,0	0,1,0,0,1,1,0,0,1,1,1,1,1,0,0,0,1,1,0,1,1,0,0	-12.949307,15.710917,-5.452678,-4.832922,3.953170,2.350697,-8.787623,-6.167100,5.015123,3.300574,0.450592,1.536486,7.866763,-7.292848,-2.241236,-1.501228,0.569310,5.611903,-7.459044,0.328266,7.293116,-3.921830,-7.543509
Asin_FMT_AHL24755.1	Asin_FMT_AHL24755.1	acceptor_superclass::Phenylpropanoids (C6-C3)	acceptor_superclass::Diterpenoids;acceptor_superclass::Fatty acyls;acceptor_superclass::Lignans;acceptor_superclass::Naphthalenes;acceptor_superclass::Phenanthrenoids;acceptor_superclass::Saccharides	0,0,0,0,0,0,0,0,0,0,0,0,0,0,0,1,0,0,0,0,0,0,0	0,0,1,0,1,0,0,1,0,0,1,0,1,0,0,0,0,1,0,0,0,0,0	-0.045765,-7.692933,0.629579,-5.143442,1.417322,-2.102858,-1.284360,6.092703,-1.368825,-9.532894,1.780633,-1.266639,2.070615,-10.755878,-1.795793,-0.470193,-2.849652,5.272813,-14.684786,-9.628184,-2.097427,-1.781214,-7.814386
Atha_3AT1_AEE27636.1	Atha_3AT1_AEE27636.1	acceptor_superclass::Flavonoids	acceptor_superclass::Coumarins;acceptor_superclass::Flavonoids;acceptor_superclass::Isoflavonoids;acceptor_superclass::Ornithine alkaloids;acceptor_superclass::Phenanthrenoids;acceptor_superclass::Small peptides;acceptor_superclass::Steroids;acceptor_superclass::Tyrosine alkaloids	0,0,0,0,0,1,0,0,0,0,0,0,0,0,0,0,0,0,0,0,0,0,0	1,0,0,0,0,1,1,0,0,0,0,1,1,0,0,0,0,0,1,1,0,0,1	3.115811,-2.688681,-7.018493,-3.047464,-1.747054,4.642863,3.499899,-4.546546,-5.550135,-2.282204,-3.401956,0.096454,8.200251,-3.022285,-0.798008,-1.033008,-0.554614,-6.587606,1.772839,3.240982,-0.676469,-6.418112,0.503945
Atha_3AT2_AAF86513.1	Atha_3AT2_AAF86513.1	acceptor_superclass::Flavonoids	acceptor_superclass::Coumarins;acceptor_superclass::Flavonoids;acceptor_superclass::Isoflavonoids;acceptor_superclass::Phenanthrenoids;acceptor_superclass::Small peptides;acceptor_superclass::Steroids;acceptor_superclass::Tyrosine alkaloids	0,0,0,0,0,1,0,0,0,0,0,0,0,0,0,0,0,0,0,0,0,0,0	1,0,0,0,0,1,1,0,0,0,0,0,1,0,0,0,0,0,1,1,0,0,1	2.732054,-5.352741,-8.327815,-2.667382,-2.732261,4.223911,3.846598,-5.157569,-6.702864,-2.814558,-4.776572,-0.667196,9.589428,-1.583799,-0.636538,-0.864725,-2.031514,-7.097129,3.295407,3.381546,-0.754353,-7.413754,1.266357
Atha_5MAT_BAB01191.1	Atha_5MAT_BAB01191.1	acceptor_superclass::Flavonoids	acceptor_superclass::Coumarins;acceptor_superclass::Fatty Acids and Conjugates;acceptor_superclass::Isoflavonoids;acceptor_superclass::Ornithine alkaloids;acceptor_superclass::Phenylethanoids (C6-C2);acceptor_superclass::Steroids;acceptor_superclass::Tyrosine alkaloids	0,0,0,0,0,1,0,0,0,0,0,0,0,0,0,0,0,0,0,0,0,0,0	1,0,0,1,0,0,1,0,0,0,0,1,0,0,1,0,0,0,0,1,0,0,1	1.667799,-9.329999,-16.805550,1.680444,-3.186318,-0.205616,5.462794,-19.753910,-14.018708,-5.751072,-2.166611,2.821030,-3.781623,-7.178197,0.568934,-3.512957,-1.639171,-6.995756,-0.465789,2.194515,-0.475904,-10.341569,0.865444
Atha_ACT1_NP_200924.1	Atha_ACT1_NP_200924.1	acceptor_superclass::Ornithine alkaloids;acceptor_superclass::Pseudoalkaloids	acceptor_superclass::Diterpenoids;acceptor_superclass::Fatty Acids and Conjugates;acceptor_superclass::Isoflavonoids;acceptor_superclass::Phenylethanoids (C6-C2);acceptor_superclass::Saccharides;acceptor_superclass::Small peptides;acceptor_superclass::Steroids;acceptor_superclass::Triterpenoids;acceptor_superclass::Tyrosine alkaloids	0,0,0,0,0,0,0,0,0,0,0,1,0,0,0,0,1,0,0,0,0,0,0	0,0,1,1,0,0,1,0,0,0,0,0,0,0,1,0,0,1,1,1,1,0,1	-4.696692,-3.425118,1.565591,0.699973,-2.613429,-0.908426,1.921373,-14.195142,-14.143121,-6.273313,-9.631103,-1.914836,-8.440970,-1.000094,7.073124,-1.862672,-2.458272,5.503398,1.874509,4.672541,1.853550,-4.616864,1.968946
Atha_HHT1_AAL34170.1	Atha_ASFT_NP_851111.1	acceptor_superclass::Fatty Acids and Conjugates;acceptor_superclass::Fatty acyls	acceptor_superclass::Fatty Acids and Conjugates;acceptor_superclass::Fatty acyls;acceptor_superclass::Phenolic acids (C6-C1);acceptor_superclass::Phenylethanoids (C6-C2);acceptor_superclass::Small peptides;acceptor_superclass::Triterpenoids;acceptor_superclass::Tyrosine alkaloids	0,0,0,1,1,0,0,0,0,0,0,0,0,0,0,0,0,0,0,0,0,0,0	0,0,0,1,1,0,0,0,0,0,0,0,0,1,1,0,0,0,1,0,1,0,1	-8.428130,-11.192652,-9.170599,0.953523,0.343220,-5.896897,-7.436601,-16.097900,-7.175290,-2.756968,-6.617814,-0.495626,-8.143373,0.425567,0.063808,-0.374310,-3.175751,-1.448232,0.352098,-8.324180,1.922697,-6.181417,0.983996
Atha_AT3G47170_NP_190301.2	Atha_AT3G47170_NP_190301.2	acceptor_superclass::Ornithine alkaloids;acceptor_superclass::Pseudoalkaloids	acceptor_superclass::Cyclic polyketides;acceptor_superclass::Fatty acyls;acceptor_superclass::Flavonoids;acceptor_superclass::Lysine alkaloids;acceptor_superclass::Monoterpenoids;acceptor_superclass::Naphthalenes;acceptor_superclass::Ornithine alkaloids;acceptor_superclass::Phenanthrenoids;acceptor_superclass::Phenylethanoids (C6-C2);acceptor_superclass::Pseudoalkaloids;acceptor_superclass::Saccharides;acceptor_superclass::Steroids;acceptor_superclass::Triterpenoids	0,0,0,0,0,0,0,0,0,0,0,1,0,0,0,0,1,0,0,0,0,0,0	0,1,0,0,1,1,0,0,1,1,1,1,1,0,1,0,1,1,0,1,1,0,0	-13.713732,19.078945,-4.353003,-5.265285,2.156892,2.083518,-7.556762,-3.916567,6.996557,3.590282,1.727684,3.278242,4.722268,-10.129952,0.256143,-0.789993,1.385945,3.870700,-9.094561,1.318932,7.320335,-6.527913,-8.102007
Atha_PHT_OAO95042.1	Atha_AT5G07080_OAO95042.1	acceptor_superclass::Ornithine alkaloids;acceptor_superclass::Pseudoalkaloids	acceptor_superclass::Coumarins;acceptor_superclass::Diterpenoids;acceptor_superclass::Fatty acyls;acceptor_superclass::Lignans;acceptor_superclass::Naphthalenes;acceptor_superclass::Phenanthrenoids;acceptor_superclass::Saccharides	0,0,0,0,0,0,0,0,0,0,0,1,0,0,0,0,1,0,0,0,0,0,0	1,0,1,0,1,0,0,1,0,0,1,0,1,0,0,0,0,1,0,0,0,0,0	0.263848,-7.993129,0.525959,-5.210841,1.645283,-1.793255,-1.025504,6.175412,-1.160978,-10.107893,1.461983,-1.038263,2.566206,-11.104237,-2.286609,-0.465299,-2.764431,4.697707,-14.881720,-10.050329,-2.535158,-2.267104,-8.139275
Atha_BIA1_CAB10319.1	Atha_BIA1_CAB10319.1	acceptor_superclass::Steroids	acceptor_superclass::Fatty acyls;acceptor_superclass::Phenylethanoids (C6-C2);acceptor_superclass::Phenylpropanoids (C6-C3);acceptor_superclass::Saccharides;acceptor_superclass::Triterpenoids;acceptor_superclass::Tyrosine alkaloids	0,0,0,0,0,0,0,0,0,0,0,0,0,0,0,0,0,0,0,1,0,0,0	0,0,0,0,1,0,0,0,0,0,0,0,0,0,1,1,0,1,0,0,1,0,1	-7.613465,-1.572196,-3.546103,-0.585724,0.114320,-3.692127,-3.769383,-10.812453,-5.357707,-0.754446,-2.212891,-1.077169,-4.614894,-5.883529,1.419546,0.323501,-1.774321,2.562165,-2.445249,-7.324313,1.990482,-3.807620,0.295638
Atha_CHAT_AAN09797.1	Atha_CHAT_AAN09797.1	acceptor_superclass::Fatty acyls;acceptor_superclass::Monoterpenoids;acceptor_superclass::Phenylethanoids (C6-C2);acceptor_superclass::Phenylpropanoids (C6-C3)	acceptor_superclass::Cyclic polyketides;acceptor_superclass::Fatty acyls;acceptor_superclass::Flavonoids;acceptor_superclass::Lysine alkaloids;acceptor_superclass::Monoterpenoids;acceptor_superclass::Ornithine alkaloids;acceptor_superclass::Phenanthrenoids;acceptor_superclass::Pseudoalkaloids;acceptor_superclass::Saccharides;acceptor_superclass::Steroids;acceptor_superclass::Triterpenoids	0,0,0,0,1,0,0,0,0,1,0,0,0,0,1,1,0,0,0,0,0,0,0	0,1,0,0,1,1,0,0,1,1,0,1,1,0,0,0,1,1,0,1,1,0,0	-11.863773,14.748050,-8.999841,-3.974021,4.894814,4.232166,-8.639877,-9.450574,2.930210,2.403260,-2.316366,1.325302,12.945513,-5.670765,-3.901722,-2.470207,0.696371,4.745063,-5.324884,1.179949,6.867463,-4.765409,-7.412450
Atha_COSY_AEE31013.1	Atha_COSY_AEE31013.1		acceptor_superclass::Cyclic polyketides;acceptor_superclass::Fatty acyls;acceptor_superclass::Flavonoids;acceptor_superclass::Lysine alkaloids;acceptor_superclass::Monoterpenoids;acceptor_superclass::Ornithine alkaloids;acceptor_superclass::Phenanthrenoids;acceptor_superclass::Pseudoalkaloids;acceptor_superclass::Saccharides;acceptor_superclass::Steroids;acceptor_superclass::Triterpenoids	0,0,0,0,0,0,0,0,0,0,0,0,0,0,0,0,0,0,0,0,0,0,0	0,1,0,0,1,1,0,0,1,1,0,1,1,0,0,0,1,1,0,1,1,0,0	-8.619573,12.229896,-9.142181,-2.495093,3.680835,4.729140,-5.793028,-8.667580,1.196873,1.220525,-3.027518,1.655032,12.825366,-4.248365,-3.513917,-2.715951,0.855258,2.565871,-3.457389,2.095728,5.176158,-4.700874,-5.823013
Atha_DCF_AAQ62868.1	Atha_DCF_AAQ62868.1	acceptor_superclass::Fatty Acids and Conjugates;acceptor_superclass::Fatty acyls	acceptor_superclass::Phenanthrenoids;acceptor_superclass::Phenolic acids (C6-C1);acceptor_superclass::Phenylethanoids (C6-C2);acceptor_superclass::Phenylpropanoids (C6-C3);acceptor_superclass::Small peptides;acceptor_superclass::Tyrosine alkaloids	0,0,0,1,1,0,0,0,0,0,0,0,0,0,0,0,0,0,0,0,0,0,0	0,0,0,0,0,0,0,0,0,0,0,0,1,1,1,1,0,0,1,0,0,0,1	-6.959863,-8.324694,-3.718603,-1.446051,-0.587547,-1.695487,-6.345584,-1.993268,-1.931372,-0.183141,-7.986197,-3.110193,3.338550,1.109420,0.029129,1.550970,-4.526326,-1.386871,2.850560,-3.759926,-0.899634,-5.704870,0.963108
Atha_EPS1_NP_201517.1	Atha_EPS1_NP_201517.1		acceptor_superclass::Phenylethanoids (C6-C2);acceptor_superclass::Phenylpropanoids (C6-C3);acceptor_superclass::Saccharides;acceptor_superclass::Triterpenoids;acceptor_superclass::Tyrosine alkaloids	0,0,0,0,0,0,0,0,0,0,0,0,0,0,0,0,0,0,0,0,0,0,0	0,0,0,0,0,0,0,0,0,0,0,0,0,0,1,1,0,1,0,0,1,0,1	-4.908527,-0.596413,-4.621250,-0.664554,-0.249220,-1.895103,-1.214085,-9.761562,-5.297074,-0.720286,-1.672190,-0.492976,-3.026456,-6.500948,1.371859,0.016380,-1.563091,1.303957,-2.059845,-4.177445,1.205398,-4.630238,0.125909
Atha_FACT_AAN13119.1	Atha_FACT_AAN13119.1	acceptor_superclass::Fatty acyls	acceptor_superclass::Coumarins;acceptor_superclass::Fatty acyls;acceptor_superclass::Isoflavonoids;acceptor_superclass::Naphthalenes;acceptor_superclass::Phenanthrenoids;acceptor_superclass::Phenylethanoids (C6-C2);acceptor_superclass::Phenylpropanoids (C6-C3);acceptor_superclass::Steroids	0,0,0,0,1,0,0,0,0,0,0,0,0,0,0,0,0,0,0,0,0,0,0	1,0,0,0,1,0,1,0,0,0,1,0,1,0,1,1,0,0,0,1,0,0,0	5.940420,-5.218449,-9.028197,-0.424159,0.549856,-1.377528,2.938048,-1.507422,-9.604117,-7.722278,0.142712,-0.046364,2.855443,-1.259573,2.143691,1.189772,-0.000667,-3.033436,-2.768733,0.110730,-6.352248,-2.541671,-4.086666
Atha_GGES_AED96958.1	Atha_GGES_AED96958.1		acceptor_superclass::Cyclic polyketides;acceptor_superclass::Fatty acyls;acceptor_superclass::Flavonoids;acceptor_superclass::Lysine alkaloids;acceptor_superclass::Monoterpenoids;acceptor_superclass::Ornithine alkaloids;acceptor_superclass::Phenanthrenoids;acceptor_superclass::Pseudoalkaloids;acceptor_superclass::Saccharides;acceptor_superclass::Steroids;acceptor_superclass::Triterpenoids	0,0,0,0,0,0,0,0,0,0,0,0,0,0,0,0,0,0,0,0,0,0,0	0,1,0,0,1,1,0,0,1,1,0,1,1,0,0,0,1,1,0,1,1,0,0	-10.222082,13.277433,-6.675335,-3.796554,3.463185,3.198440,-6.987434,-6.766854,3.508325,2.130331,-1.474853,1.498698,9.325343,-5.797629,-2.582290,-1.692996,0.891454,3.671195,-4.933119,1.266735,5.795796,-4.708875,-6.438043
Atha_HCT_BAB10316.1	Atha_HCT_BAB10316.1	acceptor_superclass::Flavonoids;acceptor_superclass::Phenolic acids (C6-C1);acceptor_superclass::Phenylpropanoids (C6-C3);acceptor_superclass::Small peptides	acceptor_superclass::Fatty Acids and Conjugates;acceptor_superclass::Ornithine alkaloids;acceptor_superclass::Phenolic acids (C6-C1);acceptor_superclass::Small peptides;acceptor_superclass::Triterpenoids;acceptor_superclass::Tyrosine alkaloids	0,0,0,0,0,1,0,0,0,0,0,0,0,1,0,1,0,0,1,0,0,0,0	0,0,0,1,0,0,0,0,0,0,0,1,0,1,0,0,0,0,1,0,1,0,1	-5.345942,-15.965331,-14.464130,1.282323,-0.535730,-5.688962,-6.599421,-18.575724,-9.154115,-4.542497,-8.086012,0.696051,-9.364377,3.405498,-0.641561,-1.786702,-3.669081,-6.002828,2.443090,-5.714245,1.495056,-8.412721,1.632251
Atha_HHT1_AAL34170.1	Atha_HHT1_AAL34170.1	acceptor_superclass::Fatty Acids and Conjugates;acceptor_superclass::Fatty acyls	acceptor_superclass::Fatty Acids and Conjugates;acceptor_superclass::Fatty acyls;acceptor_superclass::Phenolic acids (C6-C1);acceptor_superclass::Phenylethanoids (C6-C2);acceptor_superclass::Small peptides;acceptor_superclass::Triterpenoids;acceptor_superclass::Tyrosine alkaloids	0,0,0,1,1,0,0,0,0,0,0,0,0,0,0,0,0,0,0,0,0,0,0	0,0,0,1,1,0,0,0,0,0,0,0,0,1,1,0,0,0,1,0,1,0,1	-8.428130,-11.192652,-9.170599,0.953523,0.343220,-5.896897,-7.436601,-16.097900,-7.175290,-2.756968,-6.617814,-0.495626,-8.143373,0.425567,0.063808,-0.374310,-3.175751,-1.448232,0.352098,-8.324180,1.922697,-6.181417,0.983996
Atha_FACT_AAN13119.1	Atha_HHT3_NP_201161.1	acceptor_superclass::Fatty acyls	acceptor_superclass::Fatty Acids and Conjugates;acceptor_superclass::Ornithine alkaloids;acceptor_superclass::Phenolic acids (C6-C1);acceptor_superclass::Small peptides;acceptor_superclass::Triterpenoids;acceptor_superclass::Tyrosine alkaloids	0,0,0,0,1,0,0,0,0,0,0,0,0,0,0,0,0,0,0,0,0,0,0	0,0,0,1,0,0,0,0,0,0,0,1,0,1,0,0,0,0,1,0,1,0,1	-5.332400,-11.316333,-11.048541,0.973768,-0.250439,-4.554839,-4.818792,-15.957054,-8.017134,-3.404666,-5.687217,0.440250,-7.208005,0.179091,-0.060059,-1.226266,-2.795854,-3.529155,0.767973,-5.397820,1.438453,-6.726539,1.139264
Atha_HHT1_AAL34170.1	Atha_HHT_AAL34170.1	acceptor_superclass::Fatty Acids and Conjugates	acceptor_superclass::Fatty Acids and Conjugates;acceptor_superclass::Fatty acyls;acceptor_superclass::Phenolic acids (C6-C1);acceptor_superclass::Phenylethanoids (C6-C2);acceptor_superclass::Small peptides;acceptor_superclass::Triterpenoids;acceptor_superclass::Tyrosine alkaloids	0,0,0,1,0,0,0,0,0,0,0,0,0,0,0,0,0,0,0,0,0,0,0	0,0,0,1,1,0,0,0,0,0,0,0,0,1,1,0,0,0,1,0,1,0,1	-8.428130,-11.192652,-9.170599,0.953523,0.343220,-5.896897,-7.436601,-16.097900,-7.175290,-2.756968,-6.617814,-0.495626,-8.143373,0.425567,0.063808,-0.374310,-3.175751,-1.448232,0.352098,-8.324180,1.922697,-6.181417,0.983996
Atha_PHT_OAO95042.1	Atha_PHT_OAO95042.1	acceptor_superclass::Ornithine alkaloids;acceptor_superclass::Pseudoalkaloids	acceptor_superclass::Cyclic polyketides;acceptor_superclass::Fatty acyls;acceptor_superclass::Monoterpenoids;acceptor_superclass::Phenylethanoids (C6-C2);acceptor_superclass::Phenylpropanoids (C6-C3);acceptor_superclass::Saccharides;acceptor_superclass::Triterpenoids	0,0,0,0,0,0,0,0,0,0,0,1,0,0,0,0,1,0,0,0,0,0,0	0,1,0,0,1,0,0,0,0,1,0,0,0,0,1,1,0,1,0,0,1,0,0	-6.929035,3.171037,-1.250909,-1.369889,0.976003,-1.391715,-1.729938,-8.765235,-3.902972,0.676641,-1.193332,-0.857202,-2.212986,-8.580884,1.985883,1.574663,-0.994516,4.286139,-3.787115,-5.589222,1.362597,-4.123096,-0.125583
Atha_PMAT1_AED94391.1	Atha_PMAT1_AED94391.1	acceptor_superclass::Flavonoids;acceptor_superclass::Isoflavonoids;acceptor_superclass::Steroids	acceptor_superclass::Diterpenoids;acceptor_superclass::Fatty Acids and Conjugates;acceptor_superclass::Isoflavonoids;acceptor_superclass::Phenylethanoids (C6-C2);acceptor_superclass::Saccharides;acceptor_superclass::Small peptides;acceptor_superclass::Steroids;acceptor_superclass::Triterpenoids;acceptor_superclass::Tyrosine alkaloids	0,0,0,0,0,1,1,0,0,0,0,0,0,0,0,0,0,0,0,1,0,0,0	0,0,1,1,0,0,1,0,0,0,0,0,0,0,1,0,0,1,1,1,1,0,1	-4.557364,-4.609254,0.905980,0.971042,-3.489057,-0.756574,2.538716,-14.526241,-16.118092,-7.160180,-10.714042,-2.191803,-8.601123,-0.551625,7.907663,-2.305038,-2.763922,6.219530,3.162478,6.165120,2.155389,-5.392560,2.992124
Atha_PMAT2_BAB02518.1	Atha_PMAT2_BAB02518.1	acceptor_superclass::Coumarins;acceptor_superclass::Flavonoids;acceptor_superclass::Naphthalenes;acceptor_superclass::Phenanthrenoids;acceptor_superclass::Steroids	acceptor_superclass::Cyclic polyketides;acceptor_superclass::Fatty acyls;acceptor_superclass::Flavonoids;acceptor_superclass::Ornithine alkaloids;acceptor_superclass::Phenanthrenoids;acceptor_superclass::Pseudoalkaloids;acceptor_superclass::Small peptides;acceptor_superclass::Steroids;acceptor_superclass::Triterpenoids	1,0,0,0,0,1,0,0,0,0,1,0,1,0,0,0,0,0,0,1,0,0,0	0,1,0,0,1,1,0,0,0,0,0,1,1,0,0,0,1,0,1,1,1,0,0	-4.484782,9.299271,-11.983309,-0.624806,3.154241,6.732469,-2.357330,-10.291698,-2.459044,-0.880010,-5.442866,1.967963,16.839779,-1.353419,-4.670226,-4.100490,0.885877,-0.501112,0.200788,3.957654,3.092942,-5.234381,-3.968917
Atha_SCT_AAP81804.1	Atha_SCT_AAP81804.1	acceptor_superclass::Ornithine alkaloids	acceptor_superclass::Coumarins;acceptor_superclass::Diterpenoids;acceptor_superclass::Fatty acyls;acceptor_superclass::Lignans;acceptor_superclass::Naphthalenes;acceptor_superclass::Phenanthrenoids;acceptor_superclass::Saccharides	0,0,0,0,0,0,0,0,0,0,0,1,0,0,0,0,0,0,0,0,0,0,0	1,0,1,0,1,0,0,1,0,0,1,0,1,0,0,0,0,1,0,0,0,0,0	0.012088,-7.934652,1.065077,-5.213129,1.650252,-1.717361,-1.190541,6.299564,-0.664374,-9.774375,1.454668,-1.061039,2.501026,-11.159659,-2.400399,-0.549799,-2.784158,4.953180,-14.946405,-10.137512,-2.174173,-2.174640,-8.011161
Atha_SDT_AAC23766.1	Atha_SDT_AAC23766.1	acceptor_superclass::Ornithine alkaloids;acceptor_superclass::Pseudoalkaloids	acceptor_superclass::Diterpenoids;acceptor_superclass::Fatty acyls;acceptor_superclass::Lignans;acceptor_superclass::Lysine alkaloids;acceptor_superclass::Naphthalenes;acceptor_superclass::Phenanthrenoids;acceptor_superclass::Saccharides	0,0,0,0,0,0,0,0,0,0,0,1,0,0,0,0,1,0,0,0,0,0,0	0,0,1,0,1,0,0,1,1,0,1,0,1,0,0,0,0,1,0,0,0,0,0	-1.226529,-9.346124,3.177105,-6.848399,2.071034,-1.996167,-2.206796,8.655510,1.059570,-11.364587,1.859397,-1.427383,2.688911,-14.459206,-3.606859,-0.912246,-3.714555,7.123508,-19.176254,-13.460751,-1.672857,-2.427771,-9.751659
Atha_SHT_AAD12025.1	Atha_SHT_AAD12025.1	acceptor_superclass::Ornithine alkaloids	acceptor_superclass::Fatty Acids and Conjugates;acceptor_superclass::Ornithine alkaloids;acceptor_superclass::Phenylethanoids (C6-C2);acceptor_superclass::Small peptides;acceptor_superclass::Triterpenoids;acceptor_superclass::Tyrosine alkaloids	0,0,0,0,0,0,0,0,0,0,0,1,0,0,0,0,0,0,0,0,0,0,0	0,0,0,1,0,0,0,0,0,0,0,1,0,0,1,0,0,0,1,0,1,0,1	-2.969430,-11.867574,-13.506877,1.332176,-1.050090,-3.320570,-2.198293,-17.095802,-9.516591,-3.952902,-5.778754,1.366242,-6.287270,-0.421862,0.088723,-1.776204,-2.607620,-5.117670,0.949780,-2.891179,0.729512,-8.251228,1.179514
Atha_PHT_OAO95042.1	Atha_SHT_OAO95042.1	acceptor_superclass::Ornithine alkaloids	acceptor_superclass::Cyclic polyketides;acceptor_superclass::Diterpenoids;acceptor_superclass::Fatty acyls;acceptor_superclass::Flavonoids;acceptor_superclass::Lysine alkaloids;acceptor_superclass::Monoterpenoids;acceptor_superclass::Phenylpropanoids (C6-C3);acceptor_superclass::Pseudoalkaloids;acceptor_superclass::Saccharides	0,0,0,0,0,0,0,0,0,0,0,1,0,0,0,0,0,0,0,0,0,0,0	0,1,1,0,1,1,0,0,1,1,0,0,0,0,0,1,1,1,0,0,0,0,0	-6.511234,1.844864,0.836723,-4.543132,3.315320,0.507787,-8.231441,-0.549232,1.387864,0.798379,-2.082974,-0.896008,-1.979543,-5.429877,-0.411028,0.132626,1.877900,0.040588,-4.368725,-4.209409,-0.061545,-0.899722,-2.559578
Atha_THAA1_BAB11062.1	Atha_THAA1_BAB11062.1	acceptor_superclass::Triterpenoids	acceptor_superclass::Coumarins;acceptor_superclass::Fatty acyls;acceptor_superclass::Lignans;acceptor_superclass::Naphthalenes;acceptor_superclass::Phenanthrenoids;acceptor_superclass::Saccharides	0,0,0,0,0,0,0,0,0,0,0,0,0,0,0,0,0,0,0,0,1,0,0	1,0,0,0,1,0,0,1,0,0,1,0,1,0,0,0,0,1,0,0,0,0,0	1.686675,-6.835116,-2.073517,-3.866799,1.135462,-1.812094,-0.038703,3.899485,-3.522013,-8.998696,1.321196,-0.882919,2.368988,-8.162632,-0.732666,-0.047303,-1.984590,2.889260,-11.241322,-6.774694,-3.237826,-1.928065,-6.672631
Atha_THAA2_AAO63428.1	Atha_THAA2_AAO63428.1	acceptor_superclass::Triterpenoids	acceptor_superclass::Cyclic polyketides;acceptor_superclass::Fatty acyls;acceptor_superclass::Flavonoids;acceptor_superclass::Lysine alkaloids;acceptor_superclass::Monoterpenoids;acceptor_superclass::Ornithine alkaloids;acceptor_superclass::Phenanthrenoids;acceptor_superclass::Pseudoalkaloids;acceptor_superclass::Saccharides;acceptor_superclass::Steroids;acceptor_superclass::Triterpenoids	0,0,0,0,0,0,0,0,0,0,0,0,0,0,0,0,0,0,0,0,1,0,0	0,1,0,0,1,1,0,0,1,1,0,1,1,0,0,0,1,1,0,1,1,0,0	-12.336674,15.197817,-7.298473,-4.337226,4.559916,3.421933,-8.699289,-8.082617,3.651706,2.873409,-0.859872,1.439172,10.843831,-6.336387,-3.270109,-2.159529,0.538914,5.319280,-6.455269,0.782410,7.133102,-3.897744,-7.409945
Bdis_PMT_CDG41682.1	Bdis_PMT_CDG41682.1	acceptor_superclass::Phenylpropanoids (C6-C3)	acceptor_superclass::Cyclic polyketides;acceptor_superclass::Fatty acyls;acceptor_superclass::Monoterpenoids;acceptor_superclass::Phenylethanoids (C6-C2);acceptor_superclass::Phenylpropanoids (C6-C3);acceptor_superclass::Saccharides;acceptor_superclass::Triterpenoids	0,0,0,0,0,0,0,0,0,0,0,0,0,0,0,1,0,0,0,0,0,0,0	0,1,0,0,1,0,0,0,0,1,0,0,0,0,1,1,0,1,0,0,1,0,0	-7.746236,2.007253,-0.829042,-0.890463,1.015137,-2.385194,-3.163266,-8.308041,-3.298260,0.795207,-1.818209,-1.155460,-2.528399,-6.814603,1.916594,1.531244,-1.387324,4.625256,-3.278519,-6.726043,1.544333,-3.056693,-0.154347
Bmul_HQT1_BCY27076.1	Bmul_HQT1_BCY27076.1	acceptor_superclass::Phenolic acids (C6-C1);acceptor_superclass::Phenylpropanoids (C6-C3)	acceptor_superclass::Fatty Acids and Conjugates;acceptor_superclass::Phenolic acids (C6-C1);acceptor_superclass::Small peptides;acceptor_superclass::Triterpenoids;acceptor_superclass::Tyrosine alkaloids	0,0,0,0,0,0,0,0,0,0,0,0,0,1,0,1,0,0,0,0,0,0,0	0,0,0,1,0,0,0,0,0,0,0,0,0,1,0,0,0,0,1,0,1,0,1	-5.099463,-8.687523,-8.245840,0.485592,-0.222448,-4.104956,-5.052717,-12.183725,-6.093884,-2.241912,-5.230628,-0.105291,-6.076622,0.254607,-0.089393,-0.970980,-2.772090,-2.512550,0.796936,-5.167395,1.316863,-5.383858,0.892038
Bmul_HQT1_BDR61289.1	Bmul_HQT1_BDR61289.1	acceptor_superclass::Phenolic acids (C6-C1)	acceptor_superclass::Fatty Acids and Conjugates;acceptor_superclass::Ornithine alkaloids;acceptor_superclass::Phenolic acids (C6-C1);acceptor_superclass::Small peptides;acceptor_superclass::Triterpenoids;acceptor_superclass::Tyrosine alkaloids	0,0,0,0,0,0,0,0,0,0,0,0,0,1,0,0,0,0,0,0,0,0,0	0,0,0,1,0,0,0,0,0,0,0,1,0,1,0,0,0,0,1,0,1,0,1	-4.670748,-17.230616,-16.819851,1.609231,-0.964104,-5.599564,-5.705621,-20.600887,-10.653398,-5.281136,-8.351938,1.299648,-9.578849,3.113128,-0.535934,-2.327334,-3.985996,-7.046972,2.623041,-5.069239,1.324261,-9.419444,1.726601
Bser_AT1_QXN66176.1	Bser_AT1_QXN66176.1	acceptor_superclass::Triterpenoids	acceptor_superclass::Fatty Acids and Conjugates;acceptor_superclass::Fatty acyls;acceptor_superclass::Phenylethanoids (C6-C2);acceptor_superclass::Phenylpropanoids (C6-C3);acceptor_superclass::Saccharides;acceptor_superclass::Triterpenoids;acceptor_superclass::Tyrosine alkaloids	0,0,0,0,0,0,0,0,0,0,0,0,0,0,0,0,0,0,0,0,1,0,0	0,0,0,1,1,0,0,0,0,0,0,0,0,0,1,1,0,1,0,0,1,0,1	-8.705918,-5.314619,-3.198961,0.158622,0.280940,-5.383547,-6.899869,-10.217597,-4.366734,-1.094037,-3.935907,-1.319481,-6.086696,-1.205163,0.572453,0.149860,-2.036679,1.977198,-0.888468,-9.012536,2.263289,-2.631281,0.608335
Cang_AT20_QLI57449.1	Cang_AT20_QLI57449.1	acceptor_superclass::Monoterpenoids	acceptor_superclass::Fatty Acids and Conjugates;acceptor_superclass::Fatty acyls;acceptor_superclass::Phenylethanoids (C6-C2);acceptor_superclass::Phenylpropanoids (C6-C3);acceptor_superclass::Saccharides;acceptor_superclass::Triterpenoids;acceptor_superclass::Tyrosine alkaloids	0,0,0,0,0,0,0,0,0,1,0,0,0,0,0,0,0,0,0,0,0,0,0	0,0,0,1,1,0,0,0,0,0,0,0,0,0,1,1,0,1,0,0,1,0,1	-9.458801,-8.058939,-5.918001,0.122803,0.849236,-5.857647,-8.242123,-13.369549,-5.193817,-1.421356,-5.953375,-1.363999,-7.642035,-0.589948,0.419229,0.248333,-3.072864,0.517085,-0.287921,-9.231209,2.164999,-5.141232,0.689001
Cann_AT3_NP_001311698.1	Cann_AT3_NP_001311698.1	acceptor_superclass::Tyrosine alkaloids	acceptor_superclass::Cyclic polyketides;acceptor_superclass::Fatty acyls;acceptor_superclass::Flavonoids;acceptor_superclass::Lysine alkaloids;acceptor_superclass::Monoterpenoids;acceptor_superclass::Naphthalenes;acceptor_superclass::Ornithine alkaloids;acceptor_superclass::Phenanthrenoids;acceptor_superclass::Pseudoalkaloids;acceptor_superclass::Saccharides;acceptor_superclass::Steroids;acceptor_superclass::Triterpenoids	0,0,0,0,0,0,0,0,0,0,0,0,0,0,0,0,0,0,0,0,0,0,1	0,1,0,0,1,1,0,0,1,1,1,1,1,0,0,0,1,1,0,1,1,0,0	-13.611170,16.951759,-5.601132,-5.081036,3.786069,2.202253,-9.064082,-6.119740,5.287507,3.483319,0.943372,1.843860,7.792208,-7.696823,-1.916523,-1.621597,0.561300,5.679206,-8.158763,0.476214,7.632241,-4.245011,-7.953175
Cblu_HCT_CBI83579.1	Cblu_HCT_CBI83579.1	acceptor_superclass::Phenolic acids (C6-C1);acceptor_superclass::Tyrosine alkaloids	acceptor_superclass::Cyclic polyketides;acceptor_superclass::Fatty Acids and Conjugates;acceptor_superclass::Fatty acyls;acceptor_superclass::Flavonoids;acceptor_superclass::Phenanthrenoids;acceptor_superclass::Phenolic acids (C6-C1);acceptor_superclass::Pseudoalkaloids;acceptor_superclass::Saccharides;acceptor_superclass::Small peptides;acceptor_superclass::Steroids;acceptor_superclass::Triterpenoids	0,0,0,0,0,0,0,0,0,0,0,0,0,1,0,0,0,0,0,0,0,0,1	0,1,0,1,1,1,0,0,0,0,0,0,1,1,0,0,1,1,1,1,1,0,0	-3.399777,3.869990,-14.563375,0.039809,6.125376,7.487096,-4.933397,-14.682760,-5.068321,-1.262566,-8.982505,-1.081593,22.153156,2.801559,-8.363340,-4.618358,0.199477,1.820369,3.476203,2.365896,2.888057,-2.910475,-3.561676
Cblu_HCT_CBI83579.1	Cblu_HST_CBI83579.1	acceptor_superclass::Phenolic acids (C6-C1);acceptor_superclass::Small peptides	acceptor_superclass::Coumarins;acceptor_superclass::Fatty Acids and Conjugates;acceptor_superclass::Fatty acyls;acceptor_superclass::Isoflavonoids;acceptor_superclass::Ornithine alkaloids;acceptor_superclass::Phenanthrenoids;acceptor_superclass::Phenolic acids (C6-C1);acceptor_superclass::Phenylethanoids (C6-C2);acceptor_superclass::Phenylpropanoids (C6-C3);acceptor_superclass::Pseudoalkaloids;acceptor_superclass::Small peptides;acceptor_superclass::Steroids	0,0,0,0,0,0,0,0,0,0,0,0,0,1,0,0,0,0,1,0,0,0,0	1,0,0,1,1,0,1,0,0,0,0,1,1,1,1,1,1,0,1,1,0,0,0	8.161024,-4.929219,-12.654120,0.874227,0.326022,-1.330022,4.308606,-3.711029,-12.781291,-7.829452,-0.453813,0.313890,3.281913,1.605458,3.502902,1.833510,0.800932,-5.840556,0.601165,2.960073,-8.268275,-3.194044,-3.393269
Cblu_RAS_CAK55166.1	Cblu_RAS_CAK55166.1	acceptor_superclass::Small peptides;acceptor_superclass::Tyrosine alkaloids	acceptor_superclass::Fatty Acids and Conjugates;acceptor_superclass::Isoflavonoids;acceptor_superclass::Phenolic acids (C6-C1);acceptor_superclass::Phenylethanoids (C6-C2);acceptor_superclass::Saccharides;acceptor_superclass::Small peptides;acceptor_superclass::Steroids;acceptor_superclass::Triterpenoids;acceptor_superclass::Tyrosine alkaloids	0,0,0,0,0,0,0,0,0,0,0,0,0,0,0,0,0,0,1,0,0,0,1	0,0,0,1,0,0,1,0,0,0,0,0,0,1,1,0,0,1,1,1,1,0,1	-2.601303,-5.686510,-0.461528,1.391541,-3.364208,-0.960391,1.694581,-9.716632,-13.292097,-6.039720,-7.829422,-1.943452,-5.851165,0.249298,6.586155,-1.770170,-2.909256,6.259215,4.665453,6.421915,2.372898,-3.992805,4.118497
Cbra_HQT-like_GBG71902.1	Cbra_HQT-like_GBG71902.1	acceptor_superclass::Phenolic acids (C6-C1)	acceptor_superclass::Fatty Acids and Conjugates;acceptor_superclass::Ornithine alkaloids;acceptor_superclass::Phenylethanoids (C6-C2);acceptor_superclass::Saccharides;acceptor_superclass::Triterpenoids;acceptor_superclass::Tyrosine alkaloids	0,0,0,0,0,0,0,0,0,0,0,0,0,1,0,0,0,0,0,0,0,0,0	0,0,0,1,0,0,0,0,0,0,0,1,0,0,1,0,0,1,0,0,1,0,1	-6.951795,-5.625079,-4.108523,2.507846,-1.982756,-4.912278,-2.868168,-10.470695,-5.933130,-2.115497,-2.543100,0.729592,-4.564283,-0.016692,0.935970,-0.409793,-0.744287,3.182421,-1.171793,-8.078686,1.748960,-0.124491,0.676671
Cbre_BEAT_AAC18062.1	Cbre_BEAT_AAC18062.1	acceptor_superclass::Phenanthrenoids;acceptor_superclass::Phenylethanoids (C6-C2);acceptor_superclass::Phenylpropanoids (C6-C3)	acceptor_superclass::Cyclic polyketides;acceptor_superclass::Diterpenoids;acceptor_superclass::Fatty acyls;acceptor_superclass::Phenylethanoids (C6-C2);acceptor_superclass::Saccharides;acceptor_superclass::Triterpenoids	0,0,0,0,0,0,0,0,0,0,0,0,1,0,1,1,0,0,0,0,0,0,0	0,1,1,0,1,0,0,0,0,0,0,0,0,0,1,0,0,1,0,0,1,0,0	-10.116507,1.541723,6.700132,-0.695115,1.726832,-2.724602,-1.851792,-22.577177,-11.387485,-4.760536,-10.626459,-0.826014,-15.050855,-4.903148,7.051544,-1.038782,-1.526354,4.455554,-5.706207,-2.539092,0.309716,-3.384675,-4.021991
Cbre_BEBT_AAN09796.1	Cbre_BEBT_AAN09796.1	acceptor_superclass::Phenylpropanoids (C6-C3)	acceptor_superclass::Fatty Acids and Conjugates;acceptor_superclass::Fatty acyls;acceptor_superclass::Phenylethanoids (C6-C2);acceptor_superclass::Phenylpropanoids (C6-C3);acceptor_superclass::Saccharides;acceptor_superclass::Triterpenoids;acceptor_superclass::Tyrosine alkaloids	0,0,0,0,0,0,0,0,0,0,0,0,0,0,0,1,0,0,0,0,0,0,0	0,0,0,1,1,0,0,0,0,0,0,0,0,0,1,1,0,1,0,0,1,0,1	-9.675845,-7.560507,-4.355088,0.260618,0.856111,-5.975068,-8.481672,-11.870019,-4.411373,-1.254958,-5.442646,-1.487386,-7.349033,-0.148564,0.227684,0.424016,-2.631734,1.206860,-0.332725,-9.590689,2.212389,-3.990121,0.655351
Ccan_HCT_ABO47805.1	Ccan_HCT_ABO47805.1	acceptor_superclass::Phenolic acids (C6-C1);acceptor_superclass::Phenylpropanoids (C6-C3)	acceptor_superclass::Fatty Acids and Conjugates;acceptor_superclass::Isoflavonoids;acceptor_superclass::Phenolic acids (C6-C1);acceptor_superclass::Phenylethanoids (C6-C2);acceptor_superclass::Saccharides;acceptor_superclass::Small peptides;acceptor_superclass::Steroids;acceptor_superclass::Triterpenoids;acceptor_superclass::Tyrosine alkaloids	0,0,0,0,0,0,0,0,0,0,0,0,0,1,0,1,0,0,0,0,0,0,0	0,0,0,1,0,0,1,0,0,0,0,0,0,1,1,0,0,1,1,1,1,0,1	-2.373446,-8.100255,-1.334953,2.155976,-4.603790,-1.204325,2.223341,-10.745173,-16.652580,-7.675853,-9.239274,-2.511995,-6.328198,0.871487,8.226737,-2.200488,-3.960564,8.488442,7.134503,8.998433,3.441897,-4.716033,6.131516
Ccan_HQT_ABO77957.1	Ccan_HQT_ABO77957.1	acceptor_superclass::Phenolic acids (C6-C1);acceptor_superclass::Phenylpropanoids (C6-C3)	acceptor_superclass::Fatty Acids and Conjugates;acceptor_superclass::Isoflavonoids;acceptor_superclass::Phenolic acids (C6-C1);acceptor_superclass::Phenylethanoids (C6-C2);acceptor_superclass::Saccharides;acceptor_superclass::Small peptides;acceptor_superclass::Steroids;acceptor_superclass::Triterpenoids;acceptor_superclass::Tyrosine alkaloids	0,0,0,0,0,0,0,0,0,0,0,0,0,1,0,1,0,0,0,0,0,0,0	0,0,0,1,0,0,1,0,0,0,0,0,0,1,1,0,0,1,1,1,1,0,1	-2.502895,-7.678379,-1.199301,1.924664,-4.660215,-1.017745,2.426726,-11.069054,-16.627342,-7.651884,-9.369097,-2.512167,-6.450767,0.796141,8.208247,-2.259726,-3.760364,8.094240,6.769897,8.768271,3.266957,-4.912599,5.897001
Ccar_HCT_AAZ80046.1	Ccar_HCT_AAZ80046.1	acceptor_superclass::Phenolic acids (C6-C1)	acceptor_superclass::Coumarins;acceptor_superclass::Fatty Acids and Conjugates;acceptor_superclass::Fatty acyls;acceptor_superclass::Isoflavonoids;acceptor_superclass::Ornithine alkaloids;acceptor_superclass::Phenanthrenoids;acceptor_superclass::Phenolic acids (C6-C1);acceptor_superclass::Phenylethanoids (C6-C2);acceptor_superclass::Phenylpropanoids (C6-C3);acceptor_superclass::Pseudoalkaloids;acceptor_superclass::Small peptides;acceptor_superclass::Steroids	0,0,0,0,0,0,0,0,0,0,0,0,0,1,0,0,0,0,0,0,0,0,0	1,0,0,1,1,0,1,0,0,0,0,1,1,1,1,1,1,0,1,1,0,0,0	8.566134,-5.068161,-13.338820,0.892813,0.306701,-1.358602,4.620435,-3.986398,-13.428242,-8.258225,-0.356864,0.414651,3.437091,1.759788,3.729913,1.896180,0.873986,-6.056899,0.697028,3.157916,-8.589103,-3.192717,-3.521543
Ccar_HQT1_CAM84302.2	Ccar_HQT1_CAM84302.2	acceptor_superclass::Phenolic acids (C6-C1)	acceptor_superclass::Coumarins;acceptor_superclass::Fatty acyls;acceptor_superclass::Isoflavonoids;acceptor_superclass::Naphthalenes;acceptor_superclass::Ornithine alkaloids;acceptor_superclass::Phenanthrenoids;acceptor_superclass::Phenylethanoids (C6-C2);acceptor_superclass::Phenylpropanoids (C6-C3);acceptor_superclass::Pseudoalkaloids	0,0,0,0,0,0,0,0,0,0,0,0,0,1,0,0,0,0,0,0,0,0,0	1,0,0,0,1,0,1,0,0,0,1,1,1,0,1,1,1,0,0,0,0,0,0	6.317791,-5.649923,-9.680114,-0.567793,0.576290,-1.515942,3.081177,-1.469793,-10.224704,-8.414669,0.116625,0.020450,3.024387,-1.302604,2.291149,1.294129,0.013399,-3.249119,-3.044592,-0.047267,-6.878898,-2.829941,-4.501104
Ccar_HQT2_ACJ23164.1	Ccar_HQT2_ACJ23164.1	acceptor_superclass::Phenolic acids (C6-C1)	acceptor_superclass::Fatty Acids and Conjugates;acceptor_superclass::Isoflavonoids;acceptor_superclass::Phenolic acids (C6-C1);acceptor_superclass::Phenylethanoids (C6-C2);acceptor_superclass::Saccharides;acceptor_superclass::Small peptides;acceptor_superclass::Steroids;acceptor_superclass::Triterpenoids;acceptor_superclass::Tyrosine alkaloids	0,0,0,0,0,0,0,0,0,0,0,0,0,1,0,0,0,0,0,0,0,0,0	0,0,0,1,0,0,1,0,0,0,0,0,0,1,1,0,0,1,1,1,1,0,1	-2.838890,-7.937047,-1.007335,2.087526,-4.564108,-1.204783,2.318953,-11.905979,-17.217861,-7.902779,-9.779622,-2.567597,-7.020401,0.619581,8.574410,-2.282284,-3.935680,8.652246,6.816080,8.885952,3.437539,-4.894915,5.909131
Ccar_HQT_ABK79689.1	Ccar_HQT_ABK79689.1	acceptor_superclass::Phenolic acids (C6-C1)	acceptor_superclass::Fatty Acids and Conjugates;acceptor_superclass::Isoflavonoids;acceptor_superclass::Phenolic acids (C6-C1);acceptor_superclass::Phenylethanoids (C6-C2);acceptor_superclass::Saccharides;acceptor_superclass::Small peptides;acceptor_superclass::Steroids;acceptor_superclass::Triterpenoids;acceptor_superclass::Tyrosine alkaloids	0,0,0,0,0,0,0,0,0,0,0,0,0,1,0,0,0,0,0,0,0,0,0	0,0,0,1,0,0,1,0,0,0,0,0,0,1,1,0,0,1,1,1,1,0,1	-2.222684,-8.753911,-1.641405,2.335816,-4.976766,-1.213699,2.419651,-10.856480,-17.450670,-8.103138,-9.451153,-2.655666,-6.321319,1.028615,8.665059,-2.304245,-4.214846,9.077518,7.841634,9.721137,3.774197,-4.846091,6.761548
Ccar_HQT_ABK79690.1	Ccar_HQT_ABK79690.1	acceptor_superclass::Phenolic acids (C6-C1)	acceptor_superclass::Monoterpenoids;acceptor_superclass::Phenanthrenoids;acceptor_superclass::Phenolic acids (C6-C1);acceptor_superclass::Phenylpropanoids (C6-C3);acceptor_superclass::Small peptides;acceptor_superclass::Tyrosine alkaloids	0,0,0,0,0,0,0,0,0,0,0,0,0,1,0,0,0,0,0,0,0,0,0	0,0,0,0,0,0,0,0,0,1,0,0,1,1,0,1,0,0,1,0,0,0,1	-7.889900,-11.469420,-4.896165,-1.054227,-0.557584,-2.194505,-7.915335,-2.139743,-1.945182,0.770092,-12.550034,-3.962958,4.306440,2.776611,-0.047050,2.404197,-6.693942,-2.036168,4.943488,-5.088071,-2.066545,-9.633623,1.571100
Cchi_AT3_AAV66309.1	Cchi_AT3_AAV66309.1	acceptor_superclass::Tyrosine alkaloids	acceptor_superclass::Fatty acyls;acceptor_superclass::Phenylethanoids (C6-C2);acceptor_superclass::Phenylpropanoids (C6-C3);acceptor_superclass::Saccharides;acceptor_superclass::Triterpenoids;acceptor_superclass::Tyrosine alkaloids	0,0,0,0,0,0,0,0,0,0,0,0,0,0,0,0,0,0,0,0,0,0,1	0,0,0,0,1,0,0,0,0,0,0,0,0,0,1,1,0,1,0,0,1,0,1	-10.089466,-2.107481,-1.215804,-0.215258,0.332435,-5.452865,-6.959351,-9.082146,-3.698011,-0.237958,-2.764603,-2.138483,-5.380403,-3.890796,1.128545,0.622366,-2.283594,4.108957,-1.832142,-10.108096,2.321443,-2.057127,0.261844
Ccro_AT1_AXB26761.1	Ccro_AT1_AXB26761.1	acceptor_superclass::Flavonoids	acceptor_superclass::Cyclic polyketides;acceptor_superclass::Fatty acyls;acceptor_superclass::Flavonoids;acceptor_superclass::Lysine alkaloids;acceptor_superclass::Monoterpenoids;acceptor_superclass::Naphthalenes;acceptor_superclass::Ornithine alkaloids;acceptor_superclass::Phenanthrenoids;acceptor_superclass::Phenylethanoids (C6-C2);acceptor_superclass::Phenylpropanoids (C6-C3);acceptor_superclass::Pseudoalkaloids;acceptor_superclass::Saccharides;acceptor_superclass::Steroids;acceptor_superclass::Triterpenoids	0,0,0,0,0,1,0,0,0,0,0,0,0,0,0,0,0,0,0,0,0,0,0	0,1,0,0,1,1,0,0,1,1,1,1,1,0,1,1,1,1,0,1,1,0,0	-18.769337,24.036642,-2.533096,-7.670599,2.152028,0.546561,-10.873098,-2.530094,11.014599,5.686127,3.441149,3.614527,1.291581,-13.689824,1.902292,0.455177,1.658796,6.163846,-12.946229,0.240393,9.641762,-7.853643,-10.360275
Ccro_AT1_AXB26761.1	Ccro_AT2_AXB26761.1	acceptor_superclass::Flavonoids	acceptor_superclass::Cyclic polyketides;acceptor_superclass::Diterpenoids;acceptor_superclass::Fatty acyls;acceptor_superclass::Lignans;acceptor_superclass::Lysine alkaloids;acceptor_superclass::Monoterpenoids;acceptor_superclass::Phenylethanoids (C6-C2);acceptor_superclass::Phenylpropanoids (C6-C3);acceptor_superclass::Pseudoalkaloids;acceptor_superclass::Saccharides	0,0,0,0,0,1,0,0,0,0,0,0,0,0,0,0,0,0,0,0,0,0,0	0,1,1,0,1,0,0,1,1,1,0,0,0,0,1,1,1,1,0,0,0,0,0	-11.296801,2.132801,3.572214,-4.787409,6.030680,-1.210004,-13.766356,1.234679,4.146611,2.526421,-3.923798,-1.666746,-6.048964,-4.872553,0.039003,0.736234,2.181848,2.205796,-6.096361,-8.091372,-0.430009,-0.024604,-3.933403
Ccro_AT2_AXB26762.1	Ccro_AT2_AXB26762.1	acceptor_superclass::Flavonoids	acceptor_superclass::Cyclic polyketides;acceptor_superclass::Diterpenoids;acceptor_superclass::Fatty acyls;acceptor_superclass::Monoterpenoids;acceptor_superclass::Phenylethanoids (C6-C2);acceptor_superclass::Phenylpropanoids (C6-C3);acceptor_superclass::Saccharides;acceptor_superclass::Triterpenoids	0,0,0,0,0,1,0,0,0,0,0,0,0,0,0,0,0,0,0,0,0,0,0	0,1,1,0,1,0,0,0,0,1,0,0,0,0,1,1,0,1,0,0,1,0,0	-10.870401,4.360100,2.718999,-1.716737,2.327231,-3.036601,-6.193501,-6.692386,-1.166671,2.343787,-2.499925,-2.100009,-3.092502,-6.882188,2.167142,2.800444,-1.866520,7.397704,-3.741638,-9.462322,2.031588,-2.242026,-0.282045
Ccro_HCT_WKA69991.1	Ccro_HCT_WKA69991.1	acceptor_superclass::Phenolic acids (C6-C1)	acceptor_superclass::Phenanthrenoids;acceptor_superclass::Phenolic acids (C6-C1);acceptor_superclass::Phenylpropanoids (C6-C3);acceptor_superclass::Small peptides;acceptor_superclass::Tyrosine alkaloids	0,0,0,0,0,0,0,0,0,0,0,0,0,1,0,0,0,0,0,0,0,0,0	0,0,0,0,0,0,0,0,0,0,0,0,1,1,0,1,0,0,1,0,0,0,1	-6.475629,-10.673270,-5.571130,-1.320232,-1.408939,-1.399214,-5.983979,-2.776994,-3.204066,-0.042652,-11.035225,-3.533084,5.242825,2.069590,-0.207997,1.801984,-6.014124,-2.712209,4.726800,-3.584260,-1.652207,-8.806796,1.813425
Cint_HCT1_ANN12608.1	Cint_HCT1_ANN12608.1	acceptor_superclass::Phenolic acids (C6-C1)	acceptor_superclass::Cyclic polyketides;acceptor_superclass::Fatty acyls;acceptor_superclass::Flavonoids;acceptor_superclass::Phenanthrenoids;acceptor_superclass::Phenolic acids (C6-C1);acceptor_superclass::Pseudoalkaloids;acceptor_superclass::Saccharides;acceptor_superclass::Small peptides;acceptor_superclass::Steroids;acceptor_superclass::Triterpenoids	0,0,0,0,0,0,0,0,0,0,0,0,0,1,0,0,0,0,0,0,0,0,0	0,1,0,0,1,1,0,0,0,0,0,0,1,1,0,0,1,1,1,1,1,0,0	-4.044285,4.715261,-13.697927,-0.316508,5.841490,6.999356,-5.082207,-13.836934,-4.239644,-0.934418,-8.128085,-0.764339,20.718418,2.037719,-7.729720,-4.305125,0.255131,1.956186,2.651973,2.189580,3.135929,-3.085325,-3.740705
Cint_HCT2_ANN12609.1	Cint_HCT2_ANN12609.1	acceptor_superclass::Phenolic acids (C6-C1)	acceptor_superclass::Fatty Acids and Conjugates;acceptor_superclass::Ornithine alkaloids;acceptor_superclass::Phenolic acids (C6-C1);acceptor_superclass::Small peptides;acceptor_superclass::Triterpenoids;acceptor_superclass::Tyrosine alkaloids	0,0,0,0,0,0,0,0,0,0,0,0,0,1,0,0,0,0,0,0,0,0,0	0,0,0,1,0,0,0,0,0,0,0,1,0,1,0,0,0,0,1,0,1,0,1	-5.210375,-14.907333,-13.994862,1.118881,-0.430961,-5.346124,-6.120556,-18.065561,-8.865832,-4.340038,-7.589014,0.734497,-8.909322,2.658411,-0.530802,-1.658731,-3.557868,-5.654816,2.146711,-5.430741,1.397336,-8.383539,1.559321
Cint_HQT1_ANN12610.1	Cint_HQT1_ANN12610.1	acceptor_superclass::Phenolic acids (C6-C1)	acceptor_superclass::Coumarins;acceptor_superclass::Fatty Acids and Conjugates;acceptor_superclass::Fatty acyls;acceptor_superclass::Isoflavonoids;acceptor_superclass::Ornithine alkaloids;acceptor_superclass::Phenanthrenoids;acceptor_superclass::Phenolic acids (C6-C1);acceptor_superclass::Phenylethanoids (C6-C2);acceptor_superclass::Phenylpropanoids (C6-C3);acceptor_superclass::Pseudoalkaloids;acceptor_superclass::Small peptides;acceptor_superclass::Steroids	0,0,0,0,0,0,0,0,0,0,0,0,0,1,0,0,0,0,0,0,0,0,0	1,0,0,1,1,0,1,0,0,0,0,1,1,1,1,1,1,0,1,1,0,0,0	8.180766,-5.148710,-12.516002,0.608411,0.388766,-1.289772,4.396358,-3.483582,-12.646659,-8.246608,-0.314653,0.298216,3.456853,1.124296,3.354517,1.753213,0.617355,-5.645667,0.081302,2.570943,-8.249965,-3.205157,-3.650527
Cint_HQT2_ANN12611.1	Cint_HQT2_ANN12611.1	acceptor_superclass::Phenolic acids (C6-C1)	acceptor_superclass::Cyclic polyketides;acceptor_superclass::Fatty acyls;acceptor_superclass::Flavonoids;acceptor_superclass::Phenanthrenoids;acceptor_superclass::Phenolic acids (C6-C1);acceptor_superclass::Pseudoalkaloids;acceptor_superclass::Saccharides;acceptor_superclass::Small peptides;acceptor_superclass::Steroids;acceptor_superclass::Triterpenoids	0,0,0,0,0,0,0,0,0,0,0,0,0,1,0,0,0,0,0,0,0,0,0	0,1,0,0,1,1,0,0,0,0,0,0,1,1,0,0,1,1,1,1,1,0,0	-4.092838,5.395057,-13.424963,-0.304381,5.373827,6.867760,-4.617082,-13.262224,-4.071966,-0.925521,-7.598524,-0.289518,20.125790,1.607493,-7.169464,-4.371219,0.303576,1.654203,2.130188,2.389004,3.146137,-3.255850,-3.709806
Cint_HQT3_ANN12612.1	Cint_HQT3_ANN12612.1	acceptor_superclass::Phenolic acids (C6-C1)	acceptor_superclass::Cyclic polyketides;acceptor_superclass::Fatty acyls;acceptor_superclass::Flavonoids;acceptor_superclass::Phenanthrenoids;acceptor_superclass::Phenolic acids (C6-C1);acceptor_superclass::Pseudoalkaloids;acceptor_superclass::Saccharides;acceptor_superclass::Small peptides;acceptor_superclass::Steroids;acceptor_superclass::Triterpenoids	0,0,0,0,0,0,0,0,0,0,0,0,0,1,0,0,0,0,0,0,0,0,0	0,1,0,0,1,1,0,0,0,0,0,0,1,1,0,0,1,1,1,1,1,0,0	-4.249321,5.472245,-11.839094,-0.616107,4.976946,6.093778,-4.512923,-11.868737,-3.068829,-0.619266,-6.472369,-0.156278,17.880110,0.831321,-6.399999,-3.803450,0.345187,1.716780,1.510406,2.030389,3.126019,-3.136753,-3.652777
Cint_SHT1_AXY93625.1	Cint_SHT1_AXY93625.1	acceptor_superclass::Ornithine alkaloids;acceptor_superclass::Phenolic acids (C6-C1);acceptor_superclass::Pseudoalkaloids	acceptor_superclass::Coumarins;acceptor_superclass::Fatty Acids and Conjugates;acceptor_superclass::Fatty acyls;acceptor_superclass::Isoflavonoids;acceptor_superclass::Ornithine alkaloids;acceptor_superclass::Phenanthrenoids;acceptor_superclass::Phenolic acids (C6-C1);acceptor_superclass::Phenylethanoids (C6-C2);acceptor_superclass::Phenylpropanoids (C6-C3);acceptor_superclass::Pseudoalkaloids;acceptor_superclass::Steroids	0,0,0,0,0,0,0,0,0,0,0,1,0,1,0,0,1,0,0,0,0,0,0	1,0,0,1,1,0,1,0,0,0,0,1,1,1,1,1,1,0,0,1,0,0,0	7.749850,-5.013898,-11.736939,0.501394,0.413442,-1.199011,4.231112,-3.225735,-11.932267,-8.008307,-0.255930,0.383712,3.409357,0.785499,3.075617,1.593694,0.564247,-5.120899,-0.223561,2.242155,-7.733943,-2.935179,-3.589838
Cint_SHT2_AXY93626.1	Cint_SHT2_AXY93626.1	acceptor_superclass::Ornithine alkaloids;acceptor_superclass::Phenolic acids (C6-C1);acceptor_superclass::Pseudoalkaloids	acceptor_superclass::Fatty Acids and Conjugates;acceptor_superclass::Isoflavonoids;acceptor_superclass::Phenolic acids (C6-C1);acceptor_superclass::Phenylethanoids (C6-C2);acceptor_superclass::Saccharides;acceptor_superclass::Small peptides;acceptor_superclass::Steroids;acceptor_superclass::Triterpenoids;acceptor_superclass::Tyrosine alkaloids	0,0,0,0,0,0,0,0,0,0,0,1,0,1,0,0,1,0,0,0,0,0,0	0,0,0,1,0,0,1,0,0,0,0,0,0,1,1,0,0,1,1,1,1,0,1	-3.002571,-6.837344,-0.627777,1.791080,-4.194252,-1.026103,2.287945,-11.754700,-16.227303,-7.412734,-9.508491,-2.369830,-6.900804,0.414475,8.073141,-2.184080,-3.535997,7.677910,5.769928,7.935407,2.995518,-4.807722,5.043439
Cmel_AAT1_CAA94432.1	Cmel_AAT1_CAA94432.1	acceptor_superclass::Fatty acyls;acceptor_superclass::Phenylethanoids (C6-C2);acceptor_superclass::Phenylpropanoids (C6-C3)	acceptor_superclass::Diterpenoids;acceptor_superclass::Fatty Acids and Conjugates;acceptor_superclass::Fatty acyls;acceptor_superclass::Phenylethanoids (C6-C2);acceptor_superclass::Saccharides;acceptor_superclass::Triterpenoids	0,0,0,0,1,0,0,0,0,0,0,0,0,0,1,1,0,0,0,0,0,0,0	0,0,1,1,1,0,0,0,0,0,0,0,0,0,1,0,0,1,0,0,1,0,0	-10.340774,-0.889861,5.990077,0.085157,0.787694,-3.067600,-1.567973,-24.134226,-14.812661,-6.400706,-12.361680,-1.331212,-16.144829,-4.560847,8.909602,-1.456243,-2.465125,6.761259,-3.589465,-0.270545,1.152588,-4.208067,-2.252380
Cmel_AAT3_AAW51125.1	Cmel_AAT3_AAW51125.1	acceptor_superclass::Fatty acyls	acceptor_superclass::Cyclic polyketides;acceptor_superclass::Fatty acyls;acceptor_superclass::Flavonoids;acceptor_superclass::Lysine alkaloids;acceptor_superclass::Monoterpenoids;acceptor_superclass::Ornithine alkaloids;acceptor_superclass::Phenanthrenoids;acceptor_superclass::Pseudoalkaloids;acceptor_superclass::Saccharides;acceptor_superclass::Steroids;acceptor_superclass::Triterpenoids	0,0,0,0,1,0,0,0,0,0,0,0,0,0,0,0,0,0,0,0,0,0,0	0,1,0,0,1,1,0,0,1,1,0,1,1,0,0,0,1,1,0,1,1,0,0	-11.497616,14.216809,-9.463737,-3.796895,5.031459,4.349265,-8.759897,-9.800339,2.688111,2.227369,-2.900403,0.920187,13.564498,-5.288576,-4.169063,-2.569983,0.607542,4.625546,-4.848183,1.231593,6.730103,-4.901123,-7.499703
Cmel_AAT4_AAW51126.1	Cmel_AAT4_AAW51126.1	acceptor_superclass::Fatty acyls;acceptor_superclass::Monoterpenoids;acceptor_superclass::Phenylpropanoids (C6-C3)	acceptor_superclass::Cyclic polyketides;acceptor_superclass::Diterpenoids;acceptor_superclass::Fatty acyls;acceptor_superclass::Phenylethanoids (C6-C2);acceptor_superclass::Saccharides	0,0,0,0,1,0,0,0,0,1,0,0,0,0,0,1,0,0,0,0,0,0,0	0,1,1,0,1,0,0,0,0,0,0,0,0,0,1,0,0,1,0,0,0,0,0	-13.026490,3.618600,9.147666,-1.470969,3.070064,-3.323272,-2.821835,-28.029419,-12.036758,-4.863978,-12.590871,-0.637783,-18.888554,-6.617778,7.773593,-1.054173,-1.216154,4.160031,-8.937064,-5.127656,-0.364406,-3.803404,-6.496038
Cros_DAT_AAC99311.1	Cros_DAT_AAC99311.1	acceptor_superclass::Tryptophan alkaloids	acceptor_superclass::Cyclic polyketides;acceptor_superclass::Diterpenoids;acceptor_superclass::Fatty acyls;acceptor_superclass::Lignans;acceptor_superclass::Lysine alkaloids;acceptor_superclass::Naphthalenes;acceptor_superclass::Phenylethanoids (C6-C2);acceptor_superclass::Pseudoalkaloids;acceptor_superclass::Saccharides;acceptor_superclass::Triterpenoids;acceptor_superclass::Tryptophan alkaloids	0,0,0,0,0,0,0,0,0,0,0,0,0,0,0,0,0,0,0,0,0,1,0	0,1,1,0,1,0,0,1,1,0,1,0,0,0,1,0,1,1,0,0,1,1,0	-12.913095,2.401587,4.072225,-5.733789,3.674574,-3.170161,-14.186010,0.778511,3.338596,-0.225138,1.017642,-2.514893,-6.126050,-5.583351,0.118249,-0.109149,2.546965,4.464980,-6.484693,-7.245807,1.847046,4.975974,-2.906289
Cros_MAT_AAO13736.1	Cros_MAT_AAO13736.1	acceptor_superclass::Tryptophan alkaloids	acceptor_superclass::Cyclic polyketides;acceptor_superclass::Diterpenoids;acceptor_superclass::Fatty acyls;acceptor_superclass::Monoterpenoids;acceptor_superclass::Phenylethanoids (C6-C2);acceptor_superclass::Phenylpropanoids (C6-C3);acceptor_superclass::Saccharides;acceptor_superclass::Triterpenoids	0,0,0,0,0,0,0,0,0,0,0,0,0,0,0,0,0,0,0,0,0,1,0	0,1,1,0,1,0,0,0,0,1,0,0,0,0,1,1,0,1,0,0,1,0,0	-11.952292,2.942887,2.765663,-1.449805,1.241379,-4.832040,-7.191875,-6.832105,-1.916253,1.401244,-1.679021,-2.861585,-4.307363,-6.996470,1.844730,1.979225,-1.798567,7.493593,-3.666911,-11.460403,2.671561,-1.243665,-0.209650
Cros_TAT_AQP25667.1	Cros_TAT_AQP25667.1	acceptor_superclass::Tryptophan alkaloids	acceptor_superclass::Diterpenoids;acceptor_superclass::Fatty acyls;acceptor_superclass::Lignans;acceptor_superclass::Naphthalenes;acceptor_superclass::Phenanthrenoids;acceptor_superclass::Saccharides	0,0,0,0,0,0,0,0,0,0,0,0,0,0,0,0,0,0,0,0,0,1,0	0,0,1,0,1,0,0,1,0,0,1,0,1,0,0,0,0,1,0,0,0,0,0	-0.533339,-9.337739,1.216548,-6.159935,1.636551,-2.737067,-1.939203,7.554360,-1.531718,-11.000647,2.446572,-1.742412,2.052672,-13.156311,-2.006644,-0.609412,-3.650069,7.254485,-18.135838,-11.763869,-2.104866,-1.742524,-9.451633
Csat_HCT_AEJ88365.1	Csat_HCT_AEJ88365.1	acceptor_superclass::Phenolic acids (C6-C1)	acceptor_superclass::Monoterpenoids;acceptor_superclass::Phenanthrenoids;acceptor_superclass::Phenolic acids (C6-C1);acceptor_superclass::Phenylpropanoids (C6-C3);acceptor_superclass::Small peptides;acceptor_superclass::Tyrosine alkaloids	0,0,0,0,0,0,0,0,0,0,0,0,0,1,0,0,0,0,0,0,0,0,0	0,0,0,0,0,0,0,0,0,1,0,0,1,1,0,1,0,0,1,0,0,0,1	-7.532871,-11.902106,-5.418655,-1.024313,-0.848284,-1.990010,-7.570777,-2.489438,-2.447536,0.603237,-12.828847,-4.244479,5.022733,2.618115,-0.046962,2.319887,-7.115197,-2.441244,5.221984,-4.753229,-2.220174,-10.126036,1.842016
Csco_HQT1_CAM84302.2	Csco_HQT1_CAM84302.2	acceptor_superclass::Phenolic acids (C6-C1)	acceptor_superclass::Diterpenoids;acceptor_superclass::Fatty Acids and Conjugates;acceptor_superclass::Isoflavonoids;acceptor_superclass::Phenylethanoids (C6-C2);acceptor_superclass::Saccharides;acceptor_superclass::Small peptides;acceptor_superclass::Steroids;acceptor_superclass::Triterpenoids;acceptor_superclass::Tyrosine alkaloids	0,0,0,0,0,0,0,0,0,0,0,0,0,1,0,0,0,0,0,0,0,0,0	0,0,1,1,0,0,1,0,0,0,0,0,0,0,1,0,0,1,1,1,1,0,1	-4.928324,-5.386296,1.073938,1.304285,-2.789932,-1.638436,1.073034,-14.898561,-15.671035,-7.121764,-10.044662,-2.026177,-9.405826,-0.926955,8.229037,-1.926596,-3.261714,7.480877,3.332098,5.729411,2.511661,-4.590646,3.233642
Csco_HQT2_ACJ23164.1	Csco_HQT2_ACJ23164.1	acceptor_superclass::Phenolic acids (C6-C1)	acceptor_superclass::Cyclic polyketides;acceptor_superclass::Fatty acyls;acceptor_superclass::Flavonoids;acceptor_superclass::Phenanthrenoids;acceptor_superclass::Phenolic acids (C6-C1);acceptor_superclass::Pseudoalkaloids;acceptor_superclass::Saccharides;acceptor_superclass::Small peptides;acceptor_superclass::Steroids;acceptor_superclass::Triterpenoids	0,0,0,0,0,0,0,0,0,0,0,0,0,1,0,0,0,0,0,0,0,0,0	0,1,0,0,1,1,0,0,0,0,0,0,1,1,0,0,1,1,1,1,1,0,0	-3.859577,4.699554,-14.962345,-0.005291,6.144342,7.703468,-4.977819,-14.951095,-5.113325,-1.199872,-8.776885,-0.751431,22.772747,2.589112,-8.371574,-4.957400,0.205059,1.978267,2.916488,2.479410,3.220749,-2.922788,-3.745745
Csin_AT1_THG04858.1	Csin_AT1_THG04858.1	acceptor_superclass::Flavonoids	acceptor_superclass::Cyclic polyketides;acceptor_superclass::Diterpenoids;acceptor_superclass::Fatty acyls;acceptor_superclass::Phenylethanoids (C6-C2);acceptor_superclass::Saccharides;acceptor_superclass::Triterpenoids	0,0,0,0,0,1,0,0,0,0,0,0,0,0,0,0,0,0,0,0,0,0,0	0,1,1,0,1,0,0,0,0,0,0,0,0,0,1,0,0,1,0,0,1,0,0	-13.903118,0.743469,8.690768,-0.604735,2.112895,-3.962161,-2.706660,-31.119093,-16.563286,-6.938708,-15.136920,-1.322989,-21.038748,-6.490353,10.347532,-1.670164,-2.346550,7.117290,-6.761146,-2.701315,0.664131,-4.885529,-4.710183
Csin_AT2_THG19836.1	Csin_AT2_THG19836.1	acceptor_superclass::Flavonoids	acceptor_superclass::Coumarins;acceptor_superclass::Fatty acyls;acceptor_superclass::Isoflavonoids;acceptor_superclass::Lignans;acceptor_superclass::Naphthalenes;acceptor_superclass::Phenanthrenoids;acceptor_superclass::Phenylethanoids (C6-C2);acceptor_superclass::Phenylpropanoids (C6-C3);acceptor_superclass::Saccharides	0,0,0,0,0,1,0,0,0,0,0,0,0,0,0,0,0,0,0,0,0,0,0	1,0,0,0,1,0,1,1,0,0,1,0,1,0,1,1,0,1,0,0,0,0,0	3.830437,-7.582283,-5.391742,-2.903397,1.169826,-1.861790,1.183480,2.271285,-6.693274,-9.892890,0.835625,-0.731127,3.040544,-6.551853,0.286218,0.581863,-1.447535,0.683583,-9.503582,-5.106538,-5.335771,-2.804335,-6.787700
Csin_CHAT1_GMQ03793.1	Csin_CHAT1_GMQ03793.1	acceptor_superclass::Fatty acyls	acceptor_superclass::Cyclic polyketides;acceptor_superclass::Fatty acyls;acceptor_superclass::Flavonoids;acceptor_superclass::Lysine alkaloids;acceptor_superclass::Monoterpenoids;acceptor_superclass::Ornithine alkaloids;acceptor_superclass::Phenanthrenoids;acceptor_superclass::Pseudoalkaloids;acceptor_superclass::Saccharides;acceptor_superclass::Steroids;acceptor_superclass::Triterpenoids	0,0,0,0,1,0,0,0,0,0,0,0,0,0,0,0,0,0,0,0,0,0,0	0,1,0,0,1,1,0,0,1,1,0,1,1,0,0,0,1,1,0,1,1,0,0	-12.834362,15.974751,-8.435821,-4.583167,4.663740,3.850257,-9.163887,-8.787455,4.127999,2.786463,-1.916959,1.375400,11.852723,-6.799086,-3.357495,-2.102269,0.824784,4.918642,-6.146277,1.161879,7.282674,-5.418515,-8.032730
Csin_HCT1_XP_028081726.1	Csin_HCT1_XP_028081726.1	acceptor_superclass::Phenolic acids (C6-C1)	acceptor_superclass::Cyclic polyketides;acceptor_superclass::Fatty acyls;acceptor_superclass::Flavonoids;acceptor_superclass::Phenanthrenoids;acceptor_superclass::Phenolic acids (C6-C1);acceptor_superclass::Pseudoalkaloids;acceptor_superclass::Saccharides;acceptor_superclass::Small peptides;acceptor_superclass::Steroids;acceptor_superclass::Triterpenoids	0,0,0,0,0,0,0,0,0,0,0,0,0,1,0,0,0,0,0,0,0,0,0	0,1,0,0,1,1,0,0,0,0,0,0,1,1,0,0,1,1,1,1,1,0,0	-3.660342,4.336489,-14.285060,-0.124172,5.980096,7.319957,-4.932032,-14.380263,-4.775539,-1.176996,-8.664597,-0.898367,21.584633,2.503973,-8.066782,-4.518377,0.215036,1.770506,3.202198,2.358830,2.952906,-3.135452,-3.623805
Csin_HCT2_THG02040.1	Csin_HCT2_THG02040.1	acceptor_superclass::Flavonoids;acceptor_superclass::Phenolic acids (C6-C1)	acceptor_superclass::Coumarins;acceptor_superclass::Fatty Acids and Conjugates;acceptor_superclass::Fatty acyls;acceptor_superclass::Isoflavonoids;acceptor_superclass::Ornithine alkaloids;acceptor_superclass::Phenanthrenoids;acceptor_superclass::Phenolic acids (C6-C1);acceptor_superclass::Phenylethanoids (C6-C2);acceptor_superclass::Phenylpropanoids (C6-C3);acceptor_superclass::Pseudoalkaloids;acceptor_superclass::Small peptides;acceptor_superclass::Steroids	0,0,0,0,0,1,0,0,0,0,0,0,0,1,0,0,0,0,0,0,0,0,0	1,0,0,1,1,0,1,0,0,0,0,1,1,1,1,1,1,0,1,1,0,0,0	8.698707,-5.096006,-13.514317,0.963385,0.305830,-1.375038,4.680673,-4.110935,-13.622828,-8.263544,-0.419006,0.374091,3.461619,1.877679,3.806741,1.919412,0.904679,-6.198970,0.843678,3.316486,-8.686872,-3.227162,-3.481714
Dcar_HCBT3_CAB06429.1	Dcar_HCBT1_CAB06427.1	acceptor_superclass::Phenolic acids (C6-C1);acceptor_superclass::Small peptides	acceptor_superclass::Monoterpenoids;acceptor_superclass::Phenanthrenoids;acceptor_superclass::Phenolic acids (C6-C1);acceptor_superclass::Phenylpropanoids (C6-C3);acceptor_superclass::Small peptides;acceptor_superclass::Tyrosine alkaloids	0,0,0,0,0,0,0,0,0,0,0,0,0,1,0,0,0,0,1,0,0,0,0	0,0,0,0,0,0,0,0,0,1,0,0,1,1,0,1,0,0,1,0,0,0,1	-4.563284,-6.901434,-3.609348,-1.277813,-0.294847,-0.608885,-4.816209,-1.898555,-1.767985,0.304073,-8.210437,-2.147128,3.430291,0.968663,-0.135630,1.246680,-3.652214,-2.147559,2.944903,-2.837215,-1.422982,-6.709524,0.835750
Dcar_HCBT2_CAB06430.1	Dcar_HCBT2_CAB06430.1	acceptor_superclass::Small peptides	acceptor_superclass::Coumarins;acceptor_superclass::Fatty acyls;acceptor_superclass::Isoflavonoids;acceptor_superclass::Lignans;acceptor_superclass::Naphthalenes;acceptor_superclass::Phenanthrenoids;acceptor_superclass::Phenylethanoids (C6-C2);acceptor_superclass::Phenylpropanoids (C6-C3)	0,0,0,0,0,0,0,0,0,0,0,0,0,0,0,0,0,0,1,0,0,0,0	1,0,0,0,1,0,1,1,0,0,1,0,1,0,1,1,0,0,0,0,0,0,0	3.732351,-4.250874,-5.512365,-1.091833,0.570371,-1.063449,1.660374,0.094561,-5.922544,-6.332262,0.144439,-0.055027,2.192892,-2.295015,0.858446,0.678252,-0.398556,-1.446861,-3.680768,-1.441701,-4.429922,-2.104102,-3.713109
Dcar_HCBT3_CAB06429.1	Dcar_HCBT3_CAB06429.1	acceptor_superclass::Small peptides	acceptor_superclass::Coumarins;acceptor_superclass::Fatty Acids and Conjugates;acceptor_superclass::Fatty acyls;acceptor_superclass::Isoflavonoids;acceptor_superclass::Ornithine alkaloids;acceptor_superclass::Phenanthrenoids;acceptor_superclass::Phenolic acids (C6-C1);acceptor_superclass::Phenylethanoids (C6-C2);acceptor_superclass::Phenylpropanoids (C6-C3);acceptor_superclass::Pseudoalkaloids;acceptor_superclass::Steroids	0,0,0,0,0,0,0,0,0,0,0,0,0,0,0,0,0,0,1,0,0,0,0	1,0,0,1,1,0,1,0,0,0,0,1,1,1,1,1,1,0,0,1,0,0,0	5.797321,-4.088716,-8.757604,0.150424,0.353954,-1.015643,3.013527,-2.060623,-8.964741,-6.404360,-0.190476,0.235453,2.625734,0.128429,2.197612,1.195997,0.299570,-3.697956,-0.785402,1.240174,-5.951351,-2.389847,-3.044219
Dlan_MAT1_QUW17232.1	Dlan_MAT1_QUW17232.1	acceptor_superclass::Flavonoids;acceptor_superclass::Steroids	acceptor_superclass::Coumarins;acceptor_superclass::Fatty acyls;acceptor_superclass::Isoflavonoids;acceptor_superclass::Naphthalenes;acceptor_superclass::Ornithine alkaloids;acceptor_superclass::Phenanthrenoids;acceptor_superclass::Phenylethanoids (C6-C2);acceptor_superclass::Phenylpropanoids (C6-C3)	0,0,0,0,0,1,0,0,0,0,0,0,0,0,0,0,0,0,0,1,0,0,0	1,0,0,0,1,0,1,0,0,0,1,1,1,0,1,1,0,0,0,0,0,0,0	6.303026,-5.368239,-8.797556,-0.878416,0.755430,-0.961063,3.493027,-1.172772,-8.935118,-8.564620,0.105613,0.224507,3.633893,-1.874075,1.605587,0.887799,-0.304474,-3.068763,-3.059441,-0.247488,-6.310117,-2.570271,-4.363737
Dlan_MAT2_QWS71079.1	Dlan_MAT2_QWS71079.1	acceptor_superclass::Flavonoids;acceptor_superclass::Steroids	acceptor_superclass::Coumarins;acceptor_superclass::Flavonoids;acceptor_superclass::Isoflavonoids;acceptor_superclass::Phenanthrenoids;acceptor_superclass::Small peptides;acceptor_superclass::Steroids;acceptor_superclass::Tyrosine alkaloids	0,0,0,0,0,1,0,0,0,0,0,0,0,0,0,0,0,0,0,1,0,0,0	1,0,0,0,0,1,1,0,0,0,0,0,1,0,0,0,0,0,1,1,0,0,1	1.255461,-3.260431,-6.171231,-3.171312,-1.158742,3.659595,1.218685,-4.107635,-4.455472,-1.707772,-4.237131,-0.751323,7.317310,-2.950054,-0.614720,-0.689073,-1.413744,-5.607947,1.665470,1.888170,-0.965159,-6.648891,0.495344
Dmor_3MAT1_AAQ63615.1	Dmor_3MAT1_AAQ63615.1	acceptor_superclass::Flavonoids	acceptor_superclass::Diterpenoids;acceptor_superclass::Fatty Acids and Conjugates;acceptor_superclass::Isoflavonoids;acceptor_superclass::Phenylethanoids (C6-C2);acceptor_superclass::Saccharides;acceptor_superclass::Steroids;acceptor_superclass::Triterpenoids	0,0,0,0,0,1,0,0,0,0,0,0,0,0,0,0,0,0,0,0,0,0,0	0,0,1,1,0,0,1,0,0,0,0,0,0,0,1,0,0,1,0,1,1,0,0	-7.838180,-1.934491,3.838614,0.176205,-1.474880,-1.519556,1.291158,-20.399961,-16.030115,-7.067791,-12.301295,-1.908519,-12.747977,-2.790525,8.374018,-1.926649,-2.495341,5.629456,-0.897779,3.044163,1.296016,-5.619511,-0.113233
Dmor_3MAT2_AAQ63616.1	Dmor_3MAT2_AAQ63616.1	acceptor_superclass::Flavonoids	acceptor_superclass::Coumarins;acceptor_superclass::Flavonoids;acceptor_superclass::Isoflavonoids;acceptor_superclass::Phenanthrenoids;acceptor_superclass::Small peptides;acceptor_superclass::Steroids;acceptor_superclass::Tyrosine alkaloids	0,0,0,0,0,1,0,0,0,0,0,0,0,0,0,0,0,0,0,0,0,0,0	1,0,0,0,0,1,1,0,0,0,0,0,1,0,0,0,0,0,1,1,0,0,1	1.315543,-2.133700,-6.122428,-3.735679,-1.261989,4.020615,1.550351,-4.237864,-4.648137,-2.225504,-2.763287,-0.480371,7.157852,-3.993661,-0.774062,-0.868504,-0.643450,-5.580922,0.767095,2.212266,-0.463583,-5.428323,0.185949
Dmor_3MAT3_BAF50706.1	Dmor_3MAT3_BAF50706.1	acceptor_superclass::Flavonoids;acceptor_superclass::Isoflavonoids	acceptor_superclass::Diterpenoids;acceptor_superclass::Fatty Acids and Conjugates;acceptor_superclass::Isoflavonoids;acceptor_superclass::Phenylethanoids (C6-C2);acceptor_superclass::Saccharides;acceptor_superclass::Steroids;acceptor_superclass::Triterpenoids	0,0,0,0,0,1,1,0,0,0,0,0,0,0,0,0,0,0,0,0,0,0,0	0,0,1,1,0,0,1,0,0,0,0,0,0,0,1,0,0,1,0,1,1,0,0	-7.967042,-1.809592,4.041546,0.174629,-1.303593,-1.679576,0.992755,-20.676517,-15.729348,-6.935404,-12.113957,-1.897610,-12.954070,-2.921455,8.375154,-1.856315,-2.552973,5.882955,-1.075098,2.707709,1.433180,-5.282330,-0.289519
Dpin_3MAT_AAO12206.1	Dpin_3MAT_AAO12206.1	acceptor_superclass::Flavonoids	acceptor_superclass::Diterpenoids;acceptor_superclass::Fatty Acids and Conjugates;acceptor_superclass::Isoflavonoids;acceptor_superclass::Phenylethanoids (C6-C2);acceptor_superclass::Saccharides;acceptor_superclass::Steroids;acceptor_superclass::Triterpenoids	0,0,0,0,0,1,0,0,0,0,0,0,0,0,0,0,0,0,0,0,0,0,0	0,0,1,1,0,0,1,0,0,0,0,0,0,0,1,0,0,1,0,1,1,0,0	-7.920318,-1.712618,3.925885,0.087751,-1.456631,-1.466512,1.344152,-20.461029,-15.956492,-7.029310,-12.435552,-1.871683,-12.786433,-2.814072,8.308390,-1.961659,-2.411695,5.395531,-1.112854,2.878593,1.201039,-5.729455,-0.282405
Dvar_3MAT_AAO12206.1	Dvar_3MAT_AAO12206.1		acceptor_superclass::Diterpenoids;acceptor_superclass::Fatty Acids and Conjugates;acceptor_superclass::Isoflavonoids;acceptor_superclass::Phenylethanoids (C6-C2);acceptor_superclass::Saccharides;acceptor_superclass::Steroids;acceptor_superclass::Triterpenoids	0,0,0,0,0,0,0,0,0,0,0,0,0,0,0,0,0,0,0,0,0,0,0	0,0,1,1,0,0,1,0,0,0,0,0,0,0,1,0,0,1,0,1,1,0,0	-7.920318,-1.712618,3.925885,0.087751,-1.456631,-1.466512,1.344152,-20.461029,-15.956492,-7.029310,-12.435552,-1.871683,-12.786433,-2.814072,8.308390,-1.961659,-2.411695,5.395531,-1.112854,2.878593,1.201039,-5.729455,-0.282405
Ecoc_CS_AGT56097.1	Ecoc_BAHD7_AGT56097.1	acceptor_superclass::Ornithine alkaloids	acceptor_superclass::Cyclic polyketides;acceptor_superclass::Diterpenoids;acceptor_superclass::Fatty acyls;acceptor_superclass::Monoterpenoids;acceptor_superclass::Phenylethanoids (C6-C2);acceptor_superclass::Phenylpropanoids (C6-C3);acceptor_superclass::Saccharides;acceptor_superclass::Triterpenoids	0,0,0,0,0,0,0,0,0,0,0,1,0,0,0,0,0,0,0,0,0,0,0	0,1,1,0,1,0,0,0,0,1,0,0,0,0,1,1,0,1,0,0,1,0,0	-11.426903,3.054939,1.954532,-1.540387,1.534217,-4.343191,-6.581731,-7.398967,-2.115579,1.385912,-1.887412,-2.353645,-4.028937,-7.141636,2.004822,2.042861,-1.875682,7.170617,-3.709394,-10.736086,2.476538,-1.807901,-0.193587
Ecoc_CS_AGT56097.1	Ecoc_CS_AGT56097.1	acceptor_superclass::Ornithine alkaloids	acceptor_superclass::Diterpenoids;acceptor_superclass::Fatty acyls;acceptor_superclass::Lignans;acceptor_superclass::Naphthalenes;acceptor_superclass::Phenanthrenoids;acceptor_superclass::Saccharides	0,0,0,0,0,0,0,0,0,0,0,1,0,0,0,0,0,0,0,0,0,0,0	0,0,1,0,1,0,0,1,0,0,1,0,1,0,0,0,0,1,0,0,0,0,0	-0.287772,-8.765883,1.032276,-6.018290,1.655913,-2.379093,-1.619797,7.163488,-1.170685,-10.914258,2.041749,-1.468715,2.323904,-12.670073,-2.273806,-0.557908,-3.277929,6.237764,-17.123877,-11.347250,-2.330237,-2.060999,-9.044629
Ecoc_HQT_AFF19203.1	Ecoc_HQT_AFF19203.1	acceptor_superclass::Phenolic acids (C6-C1)	acceptor_superclass::Fatty Acids and Conjugates;acceptor_superclass::Ornithine alkaloids;acceptor_superclass::Phenolic acids (C6-C1);acceptor_superclass::Small peptides;acceptor_superclass::Triterpenoids;acceptor_superclass::Tyrosine alkaloids	0,0,0,0,0,0,0,0,0,0,0,0,0,1,0,0,0,0,0,0,0,0,0	0,0,0,1,0,0,0,0,0,0,0,1,0,1,0,0,0,0,1,0,1,0,1	-4.576978,-13.727937,-14.321617,1.035163,-0.550018,-4.834694,-4.788704,-18.307192,-9.373669,-4.220355,-6.929589,0.929843,-8.175451,1.004095,-0.140154,-1.855211,-3.479329,-5.585415,1.597936,-4.662739,1.254328,-8.787218,1.450124
Egra_5AT_BAF49288.1	Egra_5AT_BAF49288.1	acceptor_superclass::Flavonoids	acceptor_superclass::Coumarins;acceptor_superclass::Flavonoids;acceptor_superclass::Isoflavonoids;acceptor_superclass::Phenanthrenoids;acceptor_superclass::Small peptides;acceptor_superclass::Steroids;acceptor_superclass::Tyrosine alkaloids	0,0,0,0,0,1,0,0,0,0,0,0,0,0,0,0,0,0,0,0,0,0,0	1,0,0,0,0,1,1,0,0,0,0,0,1,0,0,0,0,0,1,1,0,0,1	0.853017,-4.188026,-6.448768,-2.713924,-1.732614,3.142082,1.358416,-3.997947,-4.838532,-1.682524,-4.675977,-0.885824,7.438086,-2.189840,-0.712153,-0.464047,-2.139055,-5.527618,2.261609,1.781960,-0.919898,-6.608969,0.916496
Epep_BAHD11_NA	Epep_BAHD11_NA	acceptor_superclass::Diterpenoids	acceptor_superclass::Cyclic polyketides;acceptor_superclass::Diterpenoids;acceptor_superclass::Fatty acyls;acceptor_superclass::Phenylethanoids (C6-C2);acceptor_superclass::Saccharides;acceptor_superclass::Triterpenoids	0,0,1,0,0,0,0,0,0,0,0,0,0,0,0,0,0,0,0,0,0,0,0	0,1,1,0,1,0,0,0,0,0,0,0,0,0,1,0,0,1,0,0,1,0,0	-13.470239,2.705865,9.300663,-1.194268,2.801241,-3.735560,-2.710390,-29.616835,-13.746696,-5.760478,-13.346630,-0.953541,-19.693340,-6.811462,8.700580,-1.112662,-1.838079,5.388870,-8.266809,-4.210702,0.247567,-4.036971,-5.908043
Epep_BAHD12_NA	Epep_BAHD12_NA	acceptor_superclass::Diterpenoids	acceptor_superclass::Cyclic polyketides;acceptor_superclass::Fatty acyls;acceptor_superclass::Flavonoids;acceptor_superclass::Lysine alkaloids;acceptor_superclass::Monoterpenoids;acceptor_superclass::Naphthalenes;acceptor_superclass::Ornithine alkaloids;acceptor_superclass::Phenanthrenoids;acceptor_superclass::Pseudoalkaloids;acceptor_superclass::Saccharides;acceptor_superclass::Steroids;acceptor_superclass::Triterpenoids	0,0,1,0,0,0,0,0,0,0,0,0,0,0,0,0,0,0,0,0,0,0,0	0,1,0,0,1,1,0,0,1,1,1,1,1,0,0,0,1,1,0,1,1,0,0	-11.935940,15.711307,-4.527280,-4.562415,2.976783,2.070510,-7.388012,-4.882347,5.026594,3.101728,1.321200,2.073395,6.164946,-7.611688,-1.240142,-1.318890,0.689686,4.356649,-7.353929,0.773510,6.646568,-4.384765,-7.164154
Epep_BAHD6_NA	Epep_BAHD6_NA	acceptor_superclass::Diterpenoids	acceptor_superclass::Diterpenoids;acceptor_superclass::Fatty acyls;acceptor_superclass::Lignans;acceptor_superclass::Naphthalenes;acceptor_superclass::Phenanthrenoids;acceptor_superclass::Saccharides	0,0,1,0,0,0,0,0,0,0,0,0,0,0,0,0,0,0,0,0,0,0,0	0,0,1,0,1,0,0,1,0,0,1,0,1,0,0,0,0,1,0,0,0,0,0	-1.318824,-9.087809,2.417383,-6.403399,1.623097,-2.635596,-2.405511,8.155480,-0.313092,-10.506204,2.514401,-1.765379,1.830690,-13.544914,-2.406969,-0.749895,-3.861877,7.952538,-18.538855,-12.388462,-1.464310,-1.563072,-9.367168
Epep_BAHD7_NA	Epep_BAHD7_NA	acceptor_superclass::Diterpenoids	acceptor_superclass::Fatty acyls;acceptor_superclass::Naphthalenes;acceptor_superclass::Phenanthrenoids;acceptor_superclass::Phenylpropanoids (C6-C3);acceptor_superclass::Saccharides;acceptor_superclass::Triterpenoids;acceptor_superclass::Tryptophan alkaloids	0,0,1,0,0,0,0,0,0,0,0,0,0,0,0,0,0,0,0,0,0,0,0	0,0,0,0,1,0,0,0,0,0,1,0,1,0,0,1,0,1,0,0,1,1,0	-5.450054,-0.505093,-0.435247,-3.361851,0.356307,-0.715486,-5.557044,-1.139582,-0.049717,-1.032709,0.217350,-1.655022,0.314450,-3.641577,-0.158253,0.081163,-0.257484,0.357775,-1.864692,-2.315336,0.853410,0.636201,-0.736311
Epep_BAHD8_NA	Epep_BAHD8_NA	acceptor_superclass::Diterpenoids	acceptor_superclass::Coumarins;acceptor_superclass::Fatty acyls;acceptor_superclass::Lignans;acceptor_superclass::Naphthalenes;acceptor_superclass::Phenanthrenoids;acceptor_superclass::Saccharides	0,0,1,0,0,0,0,0,0,0,0,0,0,0,0,0,0,0,0,0,0,0,0	1,0,0,0,1,0,0,1,0,0,1,0,1,0,0,0,0,1,0,0,0,0,0	0.325790,-7.884849,-0.217672,-4.968625,1.313721,-2.312047,-1.162152,5.864645,-2.283904,-9.632666,1.854956,-1.467510,2.016089,-10.472914,-1.356588,-0.313540,-2.950336,5.170882,-14.490183,-9.198009,-2.564832,-1.802984,-7.865669
Epla_AAT1-1_BDW80081.1	Epla_AAT1-1_BDW80081.1	acceptor_superclass::Naphthalenes	acceptor_superclass::Cyclic polyketides;acceptor_superclass::Diterpenoids;acceptor_superclass::Fatty acyls;acceptor_superclass::Monoterpenoids;acceptor_superclass::Phenylethanoids (C6-C2);acceptor_superclass::Phenylpropanoids (C6-C3);acceptor_superclass::Saccharides;acceptor_superclass::Triterpenoids	0,0,0,0,0,0,0,0,0,0,1,0,0,0,0,0,0,0,0,0,0,0,0	0,1,1,0,1,0,0,0,0,1,0,0,0,0,1,1,0,1,0,0,1,0,0	-9.564039,2.922546,1.866808,-1.326009,0.894872,-3.737461,-5.240918,-6.074489,-2.065345,1.032353,-0.894134,-2.326865,-3.381174,-6.886612,1.667053,1.504223,-1.423629,5.984346,-3.185768,-8.993897,2.082902,-1.523381,-0.112038
Epla_AAT1-2_BDW80082.1	Epla_AAT1-2_BDW80082.1	acceptor_superclass::Naphthalenes	acceptor_superclass::Cyclic polyketides;acceptor_superclass::Fatty acyls;acceptor_superclass::Flavonoids;acceptor_superclass::Lysine alkaloids;acceptor_superclass::Monoterpenoids;acceptor_superclass::Naphthalenes;acceptor_superclass::Ornithine alkaloids;acceptor_superclass::Phenanthrenoids;acceptor_superclass::Phenylethanoids (C6-C2);acceptor_superclass::Pseudoalkaloids;acceptor_superclass::Saccharides;acceptor_superclass::Steroids;acceptor_superclass::Triterpenoids	0,0,0,0,0,0,0,0,0,0,1,0,0,0,0,0,0,0,0,0,0,0,0	0,1,0,0,1,1,0,0,1,1,1,1,1,0,1,0,1,1,0,1,1,0,0	-16.755285,21.351128,-2.425285,-6.937300,2.482572,0.466818,-9.880813,-2.841203,9.108658,4.990477,4.048215,2.986742,2.300499,-11.629079,0.738514,-0.322709,1.068856,6.124187,-11.621057,0.155831,8.854732,-5.771187,-9.364265
Epla_AAT2-1_BDW80086.1	Epla_AAT2-1_BDW80086.1	acceptor_superclass::Naphthalenes	acceptor_superclass::Phenylethanoids (C6-C2);acceptor_superclass::Phenylpropanoids (C6-C3);acceptor_superclass::Saccharides;acceptor_superclass::Triterpenoids;acceptor_superclass::Tyrosine alkaloids	0,0,0,0,0,0,0,0,0,0,1,0,0,0,0,0,0,0,0,0,0,0,0	0,0,0,0,0,0,0,0,0,0,0,0,0,0,1,1,0,1,0,0,1,0,1	-5.886359,-0.854449,-1.905302,-0.339762,-0.169482,-2.998243,-2.667578,-7.689214,-4.079035,-0.798480,-0.669959,-1.005641,-3.370224,-4.855664,0.942288,0.075582,-0.949248,2.187310,-1.940180,-5.782923,1.533002,-2.310175,0.321947
Epla_AAT2-2_BDW80087.1	Epla_AAT2-2_BDW80087.1	acceptor_superclass::Naphthalenes	acceptor_superclass::Coumarins;acceptor_superclass::Fatty acyls;acceptor_superclass::Lignans;acceptor_superclass::Naphthalenes;acceptor_superclass::Phenanthrenoids;acceptor_superclass::Saccharides	0,0,0,0,0,0,0,0,0,0,1,0,0,0,0,0,0,0,0,0,0,0,0	1,0,0,0,1,0,0,1,0,0,1,0,1,0,0,0,0,1,0,0,0,0,0	0.760348,-6.254365,-0.615095,-3.878860,1.094550,-1.631964,-0.444370,4.248992,-2.068827,-8.022203,1.501520,-0.902479,1.947113,-8.183825,-1.086857,-0.297808,-2.086449,3.586628,-11.169804,-6.994511,-2.159859,-1.398613,-6.174178
Epla_AAT2-3_BDW80088.1	Epla_AAT2-3_BDW80088.1	acceptor_superclass::Naphthalenes	acceptor_superclass::Diterpenoids;acceptor_superclass::Fatty acyls;acceptor_superclass::Lignans;acceptor_superclass::Naphthalenes;acceptor_superclass::Phenanthrenoids;acceptor_superclass::Saccharides	0,0,0,0,0,0,0,0,0,0,1,0,0,0,0,0,0,0,0,0,0,0,0	0,0,1,0,1,0,0,1,0,0,1,0,1,0,0,0,0,1,0,0,0,0,0	-0.274823,-6.230231,0.876395,-4.299730,1.102247,-1.722277,-1.148735,5.139507,-0.798719,-7.699903,1.744130,-0.981853,1.563142,-9.090355,-1.539755,-0.500734,-2.355640,4.766445,-12.305691,-8.045040,-1.366479,-1.125388,-6.390363
Epla_SAT1-1_BDW80075.1	Epla_SAT1-1_BDW80075.1	acceptor_superclass::Naphthalenes	acceptor_superclass::Cyclic polyketides;acceptor_superclass::Diterpenoids;acceptor_superclass::Fatty acyls;acceptor_superclass::Monoterpenoids;acceptor_superclass::Phenylethanoids (C6-C2);acceptor_superclass::Phenylpropanoids (C6-C3);acceptor_superclass::Saccharides;acceptor_superclass::Triterpenoids;acceptor_superclass::Tryptophan alkaloids;acceptor_superclass::Tyrosine alkaloids	0,0,0,0,0,0,0,0,0,0,1,0,0,0,0,0,0,0,0,0,0,0,0	0,1,1,0,1,0,0,0,0,1,0,0,0,0,1,1,0,1,0,0,1,1,1	-9.906981,1.336726,2.781194,-0.443082,0.177548,-4.767857,-6.103117,-5.130349,-1.862247,0.597637,-0.843687,-2.386474,-3.844115,-4.639013,1.191860,1.164819,-1.045278,6.192528,-2.545490,-10.058753,2.197718,0.185649,0.112344
Epla_SAT1-2_BDW80076.1	Epla_SAT1-2_BDW80076.1	acceptor_superclass::Naphthalenes	acceptor_superclass::Cyclic polyketides;acceptor_superclass::Diterpenoids;acceptor_superclass::Fatty acyls;acceptor_superclass::Phenylethanoids (C6-C2);acceptor_superclass::Saccharides	0,0,0,0,0,0,0,0,0,0,1,0,0,0,0,0,0,0,0,0,0,0,0	0,1,1,0,1,0,0,0,0,0,0,0,0,0,1,0,0,1,0,0,0,0,0	-12.560660,3.406227,8.817614,-1.414803,3.179471,-3.502368,-3.180166,-26.651581,-10.761856,-4.386734,-11.284905,-0.467486,-18.082588,-6.521186,7.342047,-0.947590,-1.030346,4.225831,-8.675385,-5.284066,-0.204879,-3.011370,-6.318292
Epla_SAT2-1_BDW80078.1	Epla_SAT2-1_BDW80078.1	acceptor_superclass::Naphthalenes	acceptor_superclass::Cyclic polyketides;acceptor_superclass::Fatty acyls;acceptor_superclass::Flavonoids;acceptor_superclass::Lysine alkaloids;acceptor_superclass::Monoterpenoids;acceptor_superclass::Naphthalenes;acceptor_superclass::Ornithine alkaloids;acceptor_superclass::Phenanthrenoids;acceptor_superclass::Pseudoalkaloids;acceptor_superclass::Saccharides;acceptor_superclass::Steroids;acceptor_superclass::Triterpenoids	0,0,0,0,0,0,0,0,0,0,1,0,0,0,0,0,0,0,0,0,0,0,0	0,1,0,0,1,1,0,0,1,1,1,1,1,0,0,0,1,1,0,1,1,0,0	-10.856995,13.501221,-4.094864,-4.060039,2.944598,1.625317,-7.018212,-4.671456,4.303405,2.894266,1.393723,1.673715,5.899285,-6.452109,-1.389436,-1.266193,0.511840,4.492432,-6.783624,0.317116,6.128301,-3.108270,-6.259401
Epla_SAT2-2_BDW80079.1	Epla_SAT2-2_BDW80079.1	acceptor_superclass::Naphthalenes	acceptor_superclass::Phenylethanoids (C6-C2);acceptor_superclass::Phenylpropanoids (C6-C3);acceptor_superclass::Saccharides;acceptor_superclass::Triterpenoids;acceptor_superclass::Tyrosine alkaloids	0,0,0,0,0,0,0,0,0,0,1,0,0,0,0,0,0,0,0,0,0,0,0	0,0,0,0,0,0,0,0,0,0,0,0,0,0,1,1,0,1,0,0,1,0,1	-7.132751,-0.781123,-0.574073,-0.184953,-0.084369,-3.720205,-4.054646,-6.859379,-3.288424,-0.409799,-1.050424,-1.473742,-3.651744,-4.098084,0.909721,0.401107,-1.029083,3.199043,-1.862467,-7.154193,1.728776,-1.395952,0.289575
Epur_HCT_QRI59128.1	Epur_HCT_QRI59128.1	acceptor_superclass::Phenolic acids (C6-C1)	acceptor_superclass::Monoterpenoids;acceptor_superclass::Phenanthrenoids;acceptor_superclass::Phenolic acids (C6-C1);acceptor_superclass::Phenylpropanoids (C6-C3);acceptor_superclass::Small peptides;acceptor_superclass::Tyrosine alkaloids	0,0,0,0,0,0,0,0,0,0,0,0,0,1,0,0,0,0,0,0,0,0,0	0,0,0,0,0,0,0,0,0,1,0,0,1,1,0,1,0,0,1,0,0,0,1	-8.048346,-11.514132,-4.945635,-1.050560,-0.585932,-2.227916,-8.033442,-2.180916,-2.005198,0.766834,-12.558950,-3.989251,4.208271,2.712019,-0.100069,2.450780,-6.599635,-2.002293,4.845339,-5.190837,-2.055983,-9.590905,1.565968
Epur_HMT_UHJ19789.2	Epur_HMT_UHJ19789.2	acceptor_superclass::Fatty Acids and Conjugates	acceptor_superclass::Diterpenoids;acceptor_superclass::Fatty Acids and Conjugates;acceptor_superclass::Isoflavonoids;acceptor_superclass::Phenylethanoids (C6-C2);acceptor_superclass::Saccharides;acceptor_superclass::Small peptides;acceptor_superclass::Steroids;acceptor_superclass::Triterpenoids;acceptor_superclass::Tyrosine alkaloids	0,0,0,1,0,0,0,0,0,0,0,0,0,0,0,0,0,0,0,0,0,0,0	0,0,1,1,0,0,1,0,0,0,0,0,0,0,1,0,0,1,1,1,1,0,1	-3.522145,-5.792866,0.203368,1.381404,-3.152373,-1.410195,1.425784,-11.816808,-14.433012,-6.521701,-8.765261,-2.074167,-7.225379,-0.264985,7.265626,-1.770908,-3.243429,6.831561,4.309902,6.321426,2.482820,-4.288002,3.882721
Epur_HQT_QRI59127.1	Epur_HQT_QRI59127.1	acceptor_superclass::Phenolic acids (C6-C1)	acceptor_superclass::Coumarins;acceptor_superclass::Fatty Acids and Conjugates;acceptor_superclass::Fatty acyls;acceptor_superclass::Isoflavonoids;acceptor_superclass::Ornithine alkaloids;acceptor_superclass::Phenanthrenoids;acceptor_superclass::Phenolic acids (C6-C1);acceptor_superclass::Phenylethanoids (C6-C2);acceptor_superclass::Phenylpropanoids (C6-C3);acceptor_superclass::Pseudoalkaloids;acceptor_superclass::Small peptides;acceptor_superclass::Steroids	0,0,0,0,0,0,0,0,0,0,0,0,0,1,0,0,0,0,0,0,0,0,0	1,0,0,1,1,0,1,0,0,0,0,1,1,1,1,1,1,0,1,1,0,0,0	7.828688,-4.690145,-12.074730,0.747864,0.325231,-1.192814,4.253027,-3.550606,-12.144002,-7.653581,-0.308601,0.418081,3.202975,1.494673,3.318892,1.676000,0.751140,-5.512199,0.553134,2.767680,-7.801567,-2.921267,-3.283298
Epur_HTT_QRI59126.1	Epur_HTT_QRI59126.1	acceptor_superclass::Fatty Acids and Conjugates	acceptor_superclass::Coumarins;acceptor_superclass::Fatty acyls;acceptor_superclass::Isoflavonoids;acceptor_superclass::Naphthalenes;acceptor_superclass::Phenanthrenoids;acceptor_superclass::Phenylethanoids (C6-C2);acceptor_superclass::Phenylpropanoids (C6-C3)	0,0,0,1,0,0,0,0,0,0,0,0,0,0,0,0,0,0,0,0,0,0,0	1,0,0,0,1,0,1,0,0,0,1,0,1,0,1,1,0,0,0,0,0,0,0	4.903850,-4.671346,-7.236527,-0.733340,0.576416,-1.106182,2.390704,-0.690189,-7.570248,-7.006049,0.043466,-0.023003,2.625061,-1.640738,1.403880,0.932094,-0.208012,-2.514697,-2.978648,-0.617919,-5.453772,-2.497924,-3.816961
Fana_SAAT_AAG13130.1	Fana_SAAT_AAG13130.1	acceptor_superclass::Cyclic polyketides;acceptor_superclass::Fatty acyls;acceptor_superclass::Phenylethanoids (C6-C2)	acceptor_superclass::Cyclic polyketides;acceptor_superclass::Fatty acyls;acceptor_superclass::Flavonoids;acceptor_superclass::Lysine alkaloids;acceptor_superclass::Monoterpenoids;acceptor_superclass::Naphthalenes;acceptor_superclass::Ornithine alkaloids;acceptor_superclass::Phenanthrenoids;acceptor_superclass::Pseudoalkaloids;acceptor_superclass::Saccharides;acceptor_superclass::Steroids;acceptor_superclass::Triterpenoids	0,1,0,0,1,0,0,0,0,0,0,0,0,0,1,0,0,0,0,0,0,0,0	0,1,0,0,1,1,0,0,1,1,1,1,1,0,0,0,1,1,0,1,1,0,0	-12.817299,18.678968,-4.280730,-5.185913,2.085571,2.315876,-6.806827,-3.881802,6.504479,3.108050,1.575705,3.450102,4.876994,-9.745107,-0.076331,-0.963944,1.346186,3.316448,-8.283158,1.746425,6.780790,-6.503839,-7.628119
Fves_VAAT_CAC09062.1	Fves_VAAT_CAC09062.1	acceptor_superclass::Cyclic polyketides;acceptor_superclass::Fatty acyls;acceptor_superclass::Monoterpenoids;acceptor_superclass::Phenylethanoids (C6-C2);acceptor_superclass::Phenylpropanoids (C6-C3)	acceptor_superclass::Cyclic polyketides;acceptor_superclass::Fatty acyls;acceptor_superclass::Flavonoids;acceptor_superclass::Phenanthrenoids;acceptor_superclass::Pseudoalkaloids;acceptor_superclass::Triterpenoids	0,1,0,0,1,0,0,0,0,1,0,0,0,0,1,1,0,0,0,0,0,0,0	0,1,0,0,1,1,0,0,0,0,0,0,1,0,0,0,1,0,0,0,1,0,0	-3.872746,0.349025,-0.893172,-3.201421,0.630693,0.430104,-4.214890,-1.291424,-0.502054,-0.411637,-0.990822,-0.791813,0.827591,-3.829591,-0.402771,-0.144083,0.544015,-0.532807,-1.782443,-1.646442,0.236539,-0.736233,-0.803595
Gmax_COSY_KRH21316.1	Gmax_COSY_KRH21316.1		acceptor_superclass::Cyclic polyketides;acceptor_superclass::Fatty acyls;acceptor_superclass::Flavonoids;acceptor_superclass::Monoterpenoids;acceptor_superclass::Phenanthrenoids;acceptor_superclass::Pseudoalkaloids	0,0,0,0,0,0,0,0,0,0,0,0,0,0,0,0,0,0,0,0,0,0,0	0,1,0,0,1,1,0,0,0,1,0,0,1,0,0,0,1,0,0,0,0,0,0	-4.254423,0.372950,-0.906504,-3.934586,2.025893,1.251647,-5.580303,-1.489852,-0.083524,0.167279,-2.661819,-0.923787,0.579226,-4.585460,-0.401067,-0.068113,0.853700,-1.281909,-2.581059,-2.488468,-0.360024,-2.489646,-1.617284
Gmax_MT7_ABY59019.1	Gmax_IF7MAT_NP_001237760.1	acceptor_superclass::Isoflavonoids	acceptor_superclass::Coumarins;acceptor_superclass::Flavonoids;acceptor_superclass::Isoflavonoids;acceptor_superclass::Phenanthrenoids;acceptor_superclass::Small peptides;acceptor_superclass::Steroids;acceptor_superclass::Tyrosine alkaloids	0,0,0,0,0,0,1,0,0,0,0,0,0,0,0,0,0,0,0,0,0,0,0	1,0,0,0,0,1,1,0,0,0,0,0,1,0,0,0,0,0,1,1,0,0,1	3.261633,-7.122188,-9.959927,-2.738888,-3.316152,4.688213,4.330061,-5.935145,-7.851021,-2.948960,-6.621289,-1.111506,11.450188,-1.366842,-0.789541,-0.864302,-3.345224,-8.554801,4.501959,3.869987,-1.307268,-9.730791,1.857896
Gmax_IMAT1_AQY54373.1	Gmax_IMAT1_AQY54373.1	acceptor_superclass::Isoflavonoids	acceptor_superclass::Coumarins;acceptor_superclass::Flavonoids;acceptor_superclass::Isoflavonoids;acceptor_superclass::Phenanthrenoids;acceptor_superclass::Small peptides;acceptor_superclass::Steroids;acceptor_superclass::Tyrosine alkaloids	0,0,0,0,0,0,1,0,0,0,0,0,0,0,0,0,0,0,0,0,0,0,0	1,0,0,0,0,1,1,0,0,0,0,0,1,0,0,0,0,0,1,1,0,0,1	0.588548,-4.334143,-6.710530,-3.016479,-2.308753,3.089736,1.569601,-4.376223,-5.399481,-2.350768,-4.321609,-0.539816,7.559172,-2.094011,-0.717313,-0.440871,-1.378819,-5.393296,2.246284,1.991036,-0.224650,-5.913868,0.832879
Gmax_IMAT3_AQY54374.1	Gmax_IMAT3_AQY54374.1	acceptor_superclass::Isoflavonoids	acceptor_superclass::Cyclic polyketides;acceptor_superclass::Fatty acyls;acceptor_superclass::Flavonoids;acceptor_superclass::Ornithine alkaloids;acceptor_superclass::Phenanthrenoids;acceptor_superclass::Pseudoalkaloids;acceptor_superclass::Small peptides;acceptor_superclass::Steroids;acceptor_superclass::Triterpenoids	0,0,0,0,0,0,1,0,0,0,0,0,0,0,0,0,0,0,0,0,0,0,0	0,1,0,0,1,1,0,0,0,0,0,1,1,0,0,0,1,0,1,1,1,0,0	-4.001668,9.176908,-15.012891,-0.114165,3.788448,8.267382,-2.159878,-12.724097,-4.000796,-1.648196,-7.311045,2.012339,21.085506,-0.277422,-6.089471,-5.150439,1.021110,-0.923965,1.352807,4.784163,3.107102,-5.879186,-4.135890
Gmax_MT7_ABY59019.1	Gmax_MT7_ABY59019.1	acceptor_superclass::Flavonoids;acceptor_superclass::Isoflavonoids	acceptor_superclass::Coumarins;acceptor_superclass::Flavonoids;acceptor_superclass::Isoflavonoids;acceptor_superclass::Phenanthrenoids;acceptor_superclass::Small peptides;acceptor_superclass::Steroids;acceptor_superclass::Tyrosine alkaloids	0,0,0,0,0,1,1,0,0,0,0,0,0,0,0,0,0,0,0,0,0,0,0	1,0,0,0,0,1,1,0,0,0,0,0,1,0,0,0,0,0,1,1,0,0,1	3.261633,-7.122188,-9.959927,-2.738888,-3.316152,4.688213,4.330061,-5.935145,-7.851021,-2.948960,-6.621289,-1.111506,11.450188,-1.366842,-0.789541,-0.864302,-3.345224,-8.554801,4.501959,3.869987,-1.307268,-9.730791,1.857896
Gmax_SSACT1_KRH01153.1	Gmax_SSACT1_KRH01153.1	acceptor_superclass::Triterpenoids	acceptor_superclass::Coumarins;acceptor_superclass::Fatty Acids and Conjugates;acceptor_superclass::Flavonoids;acceptor_superclass::Isoflavonoids;acceptor_superclass::Ornithine alkaloids;acceptor_superclass::Phenylethanoids (C6-C2);acceptor_superclass::Steroids;acceptor_superclass::Tyrosine alkaloids	0,0,0,0,0,0,0,0,0,0,0,0,0,0,0,0,0,0,0,0,1,0,0	1,0,0,1,0,1,1,0,0,0,0,1,0,0,1,0,0,0,0,1,0,0,1	0.323712,-2.303864,-9.362239,0.754521,-2.613460,0.399494,5.739862,-13.219039,-9.948799,-3.194395,-0.223298,1.849726,-1.550144,-8.371562,1.237320,-1.548280,-0.043037,-1.919453,-2.338840,0.838381,-0.092680,-6.588584,0.414899
Gtri_53AAT_BAA74428.1	Gtri_53AAT_BAA74428.1	acceptor_superclass::Flavonoids	acceptor_superclass::Cyclic polyketides;acceptor_superclass::Fatty acyls;acceptor_superclass::Flavonoids;acceptor_superclass::Ornithine alkaloids;acceptor_superclass::Phenanthrenoids;acceptor_superclass::Pseudoalkaloids;acceptor_superclass::Saccharides;acceptor_superclass::Steroids;acceptor_superclass::Triterpenoids	0,0,0,0,0,1,0,0,0,0,0,0,0,0,0,0,0,0,0,0,0,0,0	0,1,0,0,1,1,0,0,0,0,0,1,1,0,0,0,1,1,0,1,1,0,0	-4.540432,8.490393,-11.770329,-0.499744,3.665039,6.387234,-2.950999,-10.460054,-2.619662,-0.761494,-5.094998,1.581414,16.908199,-0.781973,-5.023171,-4.171785,0.616724,0.465006,-0.069224,3.330458,3.333098,-4.223010,-3.902380
Gtri_53AAT_BAA74428.1	Gtri_5AT_BAA74428.1	acceptor_superclass::Flavonoids	acceptor_superclass::Diterpenoids;acceptor_superclass::Fatty Acids and Conjugates;acceptor_superclass::Isoflavonoids;acceptor_superclass::Phenylethanoids (C6-C2);acceptor_superclass::Saccharides;acceptor_superclass::Small peptides;acceptor_superclass::Steroids;acceptor_superclass::Triterpenoids;acceptor_superclass::Tyrosine alkaloids	0,0,0,0,0,1,0,0,0,0,0,0,0,0,0,0,0,0,0,0,0,0,0	0,0,1,1,0,0,1,0,0,0,0,0,0,0,1,0,0,1,1,1,1,0,1	-4.425848,-3.978682,1.146910,0.939689,-2.766390,-0.895051,1.821104,-13.857988,-14.300014,-6.426777,-9.428347,-1.923135,-8.351620,-0.791196,7.240406,-1.914419,-2.584476,6.035852,2.469000,5.137783,2.096339,-4.452471,2.427291
Gtri_53AAT_BAA74428.1	Gtri_GAT_BAA74428.1	acceptor_superclass::Flavonoids	acceptor_superclass::Coumarins;acceptor_superclass::Fatty acyls;acceptor_superclass::Isoflavonoids;acceptor_superclass::Naphthalenes;acceptor_superclass::Ornithine alkaloids;acceptor_superclass::Phenanthrenoids;acceptor_superclass::Phenylethanoids (C6-C2);acceptor_superclass::Phenylpropanoids (C6-C3)	0,0,0,0,0,1,0,0,0,0,0,0,0,0,0,0,0,0,0,0,0,0,0	1,0,0,0,1,0,1,0,0,0,1,1,1,0,1,1,0,0,0,0,0,0,0	5.645257,-4.832675,-8.017940,-0.679519,0.649540,-0.925792,3.192554,-1.234967,-8.296634,-7.667987,0.252264,0.218816,3.151803,-1.575885,1.595722,0.742326,-0.179070,-2.558885,-2.760535,-0.129251,-5.517240,-2.008772,-3.878614
Hann_HCT1_QBM78941.1	Hann_HCT1_QBM78941.1	acceptor_superclass::Phenolic acids (C6-C1)	acceptor_superclass::Monoterpenoids;acceptor_superclass::Phenanthrenoids;acceptor_superclass::Phenolic acids (C6-C1);acceptor_superclass::Phenylpropanoids (C6-C3);acceptor_superclass::Small peptides;acceptor_superclass::Tyrosine alkaloids	0,0,0,0,0,0,0,0,0,0,0,0,0,1,0,0,0,0,0,0,0,0,0	0,0,0,0,0,0,0,0,0,1,0,0,1,1,0,1,0,0,1,0,0,0,1	-7.093705,-12.464148,-6.293406,-1.128469,-1.502732,-1.664176,-6.660576,-3.044547,-3.337572,0.205677,-12.935335,-4.111639,5.944126,2.778054,-0.177626,2.241659,-7.150268,-3.014397,5.682485,-4.179277,-2.112189,-10.493072,2.087590
Hann_HCT2_QBM78942.1	Hann_HCT2_QBM78942.1	acceptor_superclass::Phenolic acids (C6-C1)	acceptor_superclass::Cyclic polyketides;acceptor_superclass::Fatty acyls;acceptor_superclass::Flavonoids;acceptor_superclass::Phenanthrenoids;acceptor_superclass::Phenolic acids (C6-C1);acceptor_superclass::Pseudoalkaloids;acceptor_superclass::Saccharides;acceptor_superclass::Small peptides;acceptor_superclass::Steroids;acceptor_superclass::Triterpenoids	0,0,0,0,0,0,0,0,0,0,0,0,0,1,0,0,0,0,0,0,0,0,0	0,1,0,0,1,1,0,0,0,0,0,0,1,1,0,0,1,1,1,1,1,0,0	-3.594014,4.282928,-13.804166,-0.138787,5.708592,7.024954,-4.750659,-13.844658,-4.565881,-1.112027,-8.288314,-0.783026,20.794668,2.328957,-7.708645,-4.363904,0.262328,1.688363,3.015894,2.284286,2.876859,-3.089135,-3.529716
Hann_HQT1_QBM78938.1	Hann_HQT1_QBM78938.1	acceptor_superclass::Phenolic acids (C6-C1)	acceptor_superclass::Fatty Acids and Conjugates;acceptor_superclass::Ornithine alkaloids;acceptor_superclass::Phenolic acids (C6-C1);acceptor_superclass::Small peptides;acceptor_superclass::Triterpenoids;acceptor_superclass::Tyrosine alkaloids	0,0,0,0,0,0,0,0,0,0,0,0,0,1,0,0,0,0,0,0,0,0,0	0,0,0,1,0,0,0,0,0,0,0,1,0,1,0,0,0,0,1,0,1,0,1	-5.258280,-18.620413,-17.068735,1.738766,-0.958746,-6.310863,-6.638584,-21.465788,-10.957402,-5.526844,-8.873114,1.025029,-10.521852,3.649947,-0.711171,-2.486090,-4.121653,-7.447190,2.820380,-5.730978,1.537323,-9.733565,1.803714
Hann_HQT2_QBM78939.1	Hann_HQT2_QBM78939.1	acceptor_superclass::Phenolic acids (C6-C1)	acceptor_superclass::Fatty Acids and Conjugates;acceptor_superclass::Ornithine alkaloids;acceptor_superclass::Phenolic acids (C6-C1);acceptor_superclass::Small peptides;acceptor_superclass::Triterpenoids;acceptor_superclass::Tyrosine alkaloids	0,0,0,0,0,0,0,0,0,0,0,0,0,1,0,0,0,0,0,0,0,0,0	0,0,0,1,0,0,0,0,0,0,0,1,0,1,0,0,0,0,1,0,1,0,1	-3.979690,-14.025971,-13.998086,1.290058,-1.017045,-4.511321,-4.271362,-17.940609,-9.574161,-4.578176,-6.617980,1.182442,-8.094174,1.414933,-0.419526,-1.981062,-3.071776,-5.732572,1.876989,-4.200081,1.091196,-8.278853,1.442320
Hann_HQT3_QBM78940.1	Hann_HQT3_QBM78940.1	acceptor_superclass::Phenolic acids (C6-C1)	acceptor_superclass::Cyclic polyketides;acceptor_superclass::Fatty acyls;acceptor_superclass::Flavonoids;acceptor_superclass::Phenanthrenoids;acceptor_superclass::Phenolic acids (C6-C1);acceptor_superclass::Pseudoalkaloids;acceptor_superclass::Saccharides;acceptor_superclass::Small peptides;acceptor_superclass::Steroids;acceptor_superclass::Triterpenoids	0,0,0,0,0,0,0,0,0,0,0,0,0,1,0,0,0,0,0,0,0,0,0	0,1,0,0,1,1,0,0,0,0,0,0,1,1,0,0,1,1,1,1,1,0,0	-4.721716,5.604009,-11.687073,-0.805382,5.226963,5.933143,-5.077283,-11.967398,-2.856002,-0.391125,-6.405960,-0.342628,17.801315,0.782134,-6.543155,-3.736909,0.264600,2.254022,1.249018,1.751731,3.396989,-2.866278,-3.831109
Hcan_PMT_KAL4341785.1	Hcan_PMT_KAL4341785.1	acceptor_superclass::Phenylpropanoids (C6-C3)	acceptor_superclass::Fatty acyls;acceptor_superclass::Phenylethanoids (C6-C2);acceptor_superclass::Phenylpropanoids (C6-C3);acceptor_superclass::Triterpenoids;acceptor_superclass::Tyrosine alkaloids	0,0,0,0,0,0,0,0,0,0,0,0,0,0,0,1,0,0,0,0,0,0,0	0,0,0,0,1,0,0,0,0,0,0,0,0,0,1,1,0,0,0,0,1,0,1	-8.709272,-8.852646,-7.602093,-0.115080,1.107134,-5.489243,-7.934759,-14.292169,-5.649954,-1.703963,-6.317133,-1.069897,-7.815652,-0.712911,0.264690,0.022633,-3.433259,-0.878588,-0.066452,-8.288971,1.971599,-6.506106,0.843695
Hmur_ACT_BCN87077.1	Hmur_ACT_BCN87077.1	acceptor_superclass::Ornithine alkaloids;acceptor_superclass::Pseudoalkaloids	acceptor_superclass::Coumarins;acceptor_superclass::Fatty acyls;acceptor_superclass::Isoflavonoids;acceptor_superclass::Naphthalenes;acceptor_superclass::Ornithine alkaloids;acceptor_superclass::Phenanthrenoids;acceptor_superclass::Phenylethanoids (C6-C2);acceptor_superclass::Phenylpropanoids (C6-C3);acceptor_superclass::Pseudoalkaloids	0,0,0,0,0,0,0,0,0,0,0,1,0,0,0,0,1,0,0,0,0,0,0	1,0,0,0,1,0,1,0,0,0,1,1,1,0,1,1,1,0,0,0,0,0,0	4.740253,-4.198704,-7.091372,-0.568642,0.471754,-1.012365,2.468868,-0.960338,-7.357626,-6.552643,0.210399,0.285034,2.441674,-1.186370,1.521486,0.799853,0.005609,-2.206533,-2.416226,-0.199763,-4.955904,-1.887068,-3.454615
Hpol_BAHD3_NA	Hpol_BAHD3_NA	acceptor_superclass::Tyrosine alkaloids	acceptor_superclass::Coumarins;acceptor_superclass::Fatty acyls;acceptor_superclass::Isoflavonoids;acceptor_superclass::Naphthalenes;acceptor_superclass::Phenanthrenoids;acceptor_superclass::Phenylethanoids (C6-C2);acceptor_superclass::Phenylpropanoids (C6-C3)	0,0,0,0,0,0,0,0,0,0,0,0,0,0,0,0,0,0,0,0,0,0,1	1,0,0,0,1,0,1,0,0,0,1,0,1,0,1,1,0,0,0,0,0,0,0	5.165755,-5.273898,-7.410113,-1.117456,0.673600,-1.170083,2.666276,-0.570717,-7.887521,-7.869270,0.471868,-0.046146,2.955642,-2.441723,1.451184,0.660459,-0.356465,-1.720361,-4.018332,-0.994900,-5.243136,-1.925425,-4.287625
Hvul_ACT1-1_AAO73071.1	Hvul_ACT1-1_AAO73071.1	acceptor_superclass::Ornithine alkaloids	acceptor_superclass::Diterpenoids;acceptor_superclass::Fatty Acids and Conjugates;acceptor_superclass::Isoflavonoids;acceptor_superclass::Phenylethanoids (C6-C2);acceptor_superclass::Saccharides;acceptor_superclass::Steroids;acceptor_superclass::Triterpenoids;acceptor_superclass::Tyrosine alkaloids	0,0,0,0,0,0,0,0,0,0,0,1,0,0,0,0,0,0,0,0,0,0,0	0,0,1,1,0,0,1,0,0,0,0,0,0,0,1,0,0,1,0,1,1,0,1	-5.370224,-2.082132,2.324158,0.368606,-1.077864,-1.237832,0.368298,-13.844150,-11.312106,-4.971754,-8.357449,-1.141246,-9.008899,-1.646799,6.123273,-1.443446,-1.655836,4.642172,-0.046237,2.177226,1.067393,-3.651464,0.370939
Hvul_ACT1-1_BAF97626	Hvul_ACT1-1_BAF97626	acceptor_superclass::Ornithine alkaloids;acceptor_superclass::Pseudoalkaloids	acceptor_superclass::Cyclic polyketides;acceptor_superclass::Fatty acyls;acceptor_superclass::Flavonoids;acceptor_superclass::Lysine alkaloids;acceptor_superclass::Monoterpenoids;acceptor_superclass::Ornithine alkaloids;acceptor_superclass::Phenanthrenoids;acceptor_superclass::Pseudoalkaloids;acceptor_superclass::Saccharides;acceptor_superclass::Steroids;acceptor_superclass::Triterpenoids	0,0,0,0,0,0,0,0,0,0,0,1,0,0,0,0,1,0,0,0,0,0,0	0,1,0,0,1,1,0,0,1,1,0,1,1,0,0,0,1,1,0,1,1,0,0	-6.255667,8.754556,-7.918043,-1.792421,2.995848,3.808126,-4.326248,-7.411696,0.107991,0.537012,-3.168590,1.383878,11.002559,-2.333905,-3.217457,-2.401280,0.834863,1.843016,-1.788383,1.786940,3.651231,-3.861290,-4.212766
Hvul_ACT1-2_BAF97627.1	Hvul_ACT1-2_BAF97627	acceptor_superclass::Ornithine alkaloids;acceptor_superclass::Pseudoalkaloids	acceptor_superclass::Fatty Acids and Conjugates;acceptor_superclass::Ornithine alkaloids;acceptor_superclass::Phenylethanoids (C6-C2);acceptor_superclass::Triterpenoids;acceptor_superclass::Tyrosine alkaloids	0,0,0,0,0,0,0,0,0,0,0,1,0,0,0,0,1,0,0,0,0,0,0	0,0,0,1,0,0,0,0,0,0,0,1,0,0,1,0,0,0,0,0,1,0,1	-2.920535,-6.432532,-8.308434,0.695102,-0.775466,-2.328232,-1.208229,-11.934516,-6.762872,-2.670310,-3.130483,1.242302,-4.195987,-2.052218,0.351679,-0.942644,-1.208495,-2.082529,-0.122353,-2.770916,0.622164,-5.529102,0.847766
Hvul_ACT1-2_BAF97627.1	Hvul_ACT1-2_BAF97627.1	acceptor_superclass::Ornithine alkaloids	acceptor_superclass::Cyclic polyketides;acceptor_superclass::Fatty acyls;acceptor_superclass::Flavonoids;acceptor_superclass::Monoterpenoids;acceptor_superclass::Ornithine alkaloids;acceptor_superclass::Phenanthrenoids;acceptor_superclass::Pseudoalkaloids;acceptor_superclass::Saccharides;acceptor_superclass::Steroids;acceptor_superclass::Triterpenoids	0,0,0,0,0,0,0,0,0,0,0,1,0,0,0,0,0,0,0,0,0,0,0	0,1,0,0,1,1,0,0,0,1,0,1,1,0,0,0,1,1,0,1,1,0,0	-5.360081,7.572897,-8.694769,-1.287209,3.205646,4.258697,-3.935687,-8.176532,-0.875967,0.150959,-3.826890,1.158674,12.378884,-1.379592,-3.814786,-2.760158,0.753958,1.607061,-0.924259,1.901488,3.308598,-3.449310,-3.773967
Hvul_ACT2_BAK00935.1	Hvul_ACT2_BAK00935.1	acceptor_superclass::Ornithine alkaloids;acceptor_superclass::Pseudoalkaloids	acceptor_superclass::Cyclic polyketides;acceptor_superclass::Fatty acyls;acceptor_superclass::Flavonoids;acceptor_superclass::Monoterpenoids;acceptor_superclass::Ornithine alkaloids;acceptor_superclass::Phenanthrenoids;acceptor_superclass::Pseudoalkaloids;acceptor_superclass::Saccharides;acceptor_superclass::Steroids;acceptor_superclass::Triterpenoids	0,0,0,0,0,0,0,0,0,0,0,1,0,0,0,0,1,0,0,0,0,0,0	0,1,0,0,1,1,0,0,0,1,0,1,1,0,0,0,1,1,0,1,1,0,0	-5.098457,7.477240,-8.500321,-1.300294,3.081900,4.245535,-3.680022,-7.982329,-0.809265,0.074649,-3.802718,1.182927,12.066827,-1.443745,-3.726426,-2.645822,0.806382,1.243064,-0.650698,2.072346,3.092623,-3.692761,-3.679901
Hvul_ACT1-1_AAO73071.1	Hvul_ACT_AAO73071.1	acceptor_superclass::Ornithine alkaloids	acceptor_superclass::Diterpenoids;acceptor_superclass::Fatty Acids and Conjugates;acceptor_superclass::Isoflavonoids;acceptor_superclass::Phenylethanoids (C6-C2);acceptor_superclass::Saccharides;acceptor_superclass::Steroids;acceptor_superclass::Triterpenoids;acceptor_superclass::Tyrosine alkaloids	0,0,0,0,0,0,0,0,0,0,0,1,0,0,0,0,0,0,0,0,0,0,0	0,0,1,1,0,0,1,0,0,0,0,0,0,0,1,0,0,1,0,1,1,0,1	-5.370224,-2.082132,2.324158,0.368606,-1.077864,-1.237832,0.368298,-13.844150,-11.312106,-4.971754,-8.357449,-1.141246,-9.008899,-1.646799,6.123273,-1.443446,-1.655836,4.642172,-0.046237,2.177226,1.067393,-3.651464,0.370939
Ibat_HQT_BAA87043.1	Ibat_HQT_BAA87043.1	acceptor_superclass::Phenolic acids (C6-C1)	acceptor_superclass::Monoterpenoids;acceptor_superclass::Phenanthrenoids;acceptor_superclass::Phenolic acids (C6-C1);acceptor_superclass::Phenylpropanoids (C6-C3);acceptor_superclass::Small peptides;acceptor_superclass::Tyrosine alkaloids	0,0,0,0,0,0,0,0,0,0,0,0,0,1,0,0,0,0,0,0,0,0,0	0,0,0,0,0,0,0,0,0,1,0,0,1,1,0,1,0,0,1,0,0,0,1	-7.108357,-10.042498,-4.480436,-1.203945,-0.544451,-1.793931,-7.147638,-2.096917,-2.031121,0.523198,-11.176884,-3.487217,3.946754,2.126070,-0.127591,2.018624,-5.750535,-1.991307,4.215208,-4.477067,-1.797873,-8.488734,1.396803
Ihol_3AT1_BAE72676.1	Ihol_3AT1_BAE72676.1	acceptor_superclass::Flavonoids	acceptor_superclass::Cyclic polyketides;acceptor_superclass::Diterpenoids;acceptor_superclass::Fatty acyls;acceptor_superclass::Lignans;acceptor_superclass::Lysine alkaloids;acceptor_superclass::Monoterpenoids;acceptor_superclass::Phenylpropanoids (C6-C3);acceptor_superclass::Pseudoalkaloids;acceptor_superclass::Saccharides	0,0,0,0,0,1,0,0,0,0,0,0,0,0,0,0,0,0,0,0,0,0,0	0,1,1,0,1,0,0,1,1,1,0,0,0,0,0,1,1,1,0,0,0,0,0	-9.293751,2.454829,2.568062,-4.880416,5.177215,-0.351103,-11.741126,0.494117,3.220386,1.914579,-2.830260,-1.606702,-4.324978,-5.775503,-0.089484,0.387348,1.863449,1.298879,-5.754917,-6.521319,-0.361981,-0.454721,-3.515244
Ihol_3AT2_BAE94328.1	Ihol_3AT2_BAE94328.1	acceptor_superclass::Flavonoids	acceptor_superclass::Cyclic polyketides;acceptor_superclass::Diterpenoids;acceptor_superclass::Fatty acyls;acceptor_superclass::Phenylethanoids (C6-C2);acceptor_superclass::Saccharides	0,0,0,0,0,1,0,0,0,0,0,0,0,0,0,0,0,0,0,0,0,0,0	0,1,1,0,1,0,0,0,0,0,0,0,0,0,1,0,0,1,0,0,0,0,0	-15.994479,5.218817,11.250705,-2.020065,4.489274,-3.711832,-3.418948,-33.222088,-13.393255,-5.253683,-15.122304,-0.393300,-22.764259,-8.371869,8.755121,-1.006241,-0.819869,3.491655,-12.016336,-7.115915,-1.590108,-5.076620,-8.778992
Jsam_BEAT1_UJH94663.1	Jsam_BEAT1_UJH94663.1		acceptor_superclass::Diterpenoids;acceptor_superclass::Fatty Acids and Conjugates;acceptor_superclass::Phenylethanoids (C6-C2);acceptor_superclass::Saccharides;acceptor_superclass::Steroids;acceptor_superclass::Triterpenoids	0,0,0,0,0,0,0,0,0,0,0,0,0,0,0,0,0,0,0,0,0,0,0	0,0,1,1,0,0,0,0,0,0,0,0,0,0,1,0,0,1,0,1,1,0,0	-8.664320,-2.055446,4.476141,0.216936,-0.389008,-2.397134,-0.250362,-21.272434,-15.208009,-6.648500,-11.893609,-1.626197,-13.915907,-3.508959,8.499107,-1.604302,-2.574346,6.180182,-1.615079,1.786637,1.149019,-4.980907,-0.687552
Jsam_BEAT2_UJH94664.1	Jsam_BEAT2_UJH94664.1		acceptor_superclass::Phenanthrenoids;acceptor_superclass::Phenolic acids (C6-C1);acceptor_superclass::Phenylethanoids (C6-C2);acceptor_superclass::Phenylpropanoids (C6-C3);acceptor_superclass::Small peptides;acceptor_superclass::Tyrosine alkaloids	0,0,0,0,0,0,0,0,0,0,0,0,0,0,0,0,0,0,0,0,0,0,0	0,0,0,0,0,0,0,0,0,0,0,0,1,1,1,1,0,0,1,0,0,0,1	-6.364663,-6.982723,-3.207995,-1.770272,-0.229902,-1.251737,-6.208760,-1.844340,-1.577712,-0.021820,-7.345033,-2.833540,2.924097,0.379460,0.036029,1.202719,-3.863204,-1.339362,2.196004,-3.478439,-0.876520,-5.346911,0.623963
Lalb_HMT_BAD89275.1	Lalb_HMT_BAD89275.1	acceptor_superclass::Lysine alkaloids	acceptor_superclass::Cyclic polyketides;acceptor_superclass::Diterpenoids;acceptor_superclass::Fatty acyls;acceptor_superclass::Phenylethanoids (C6-C2);acceptor_superclass::Saccharides;acceptor_superclass::Triterpenoids	0,0,0,0,0,0,0,0,1,0,0,0,0,0,0,0,0,0,0,0,0,0,0	0,1,1,0,1,0,0,0,0,0,0,0,0,0,1,0,0,1,0,0,1,0,0	-12.757620,1.207524,8.017090,-0.820001,2.036776,-3.412373,-2.159360,-28.302191,-14.960396,-6.305534,-13.902974,-1.134107,-19.137184,-6.125113,9.124377,-1.396588,-2.014943,5.578540,-6.678188,-2.524877,0.124047,-4.960434,-4.591188
Lang_RAS_ABI48360.1	Lang_AAT1_ABI48360.1	acceptor_superclass::Tyrosine alkaloids	acceptor_superclass::Diterpenoids;acceptor_superclass::Fatty Acids and Conjugates;acceptor_superclass::Isoflavonoids;acceptor_superclass::Phenylethanoids (C6-C2);acceptor_superclass::Saccharides;acceptor_superclass::Small peptides;acceptor_superclass::Steroids;acceptor_superclass::Triterpenoids;acceptor_superclass::Tyrosine alkaloids	0,0,0,0,0,0,0,0,0,0,0,0,0,0,0,0,0,0,0,0,0,0,1	0,0,1,1,0,0,1,0,0,0,0,0,0,0,1,0,0,1,1,1,1,0,1	-4.390543,-4.208295,1.086244,1.004913,-2.377789,-1.231857,1.052399,-12.807708,-13.313309,-5.923993,-8.868409,-1.714050,-8.084947,-0.771003,6.927073,-1.750089,-2.558310,6.077637,2.503688,4.574847,1.940446,-4.013344,2.379797
Lang_RAS_ABI48360.1	Lang_AT1_ABI48360.1	acceptor_superclass::Phenolic acids (C6-C1);acceptor_superclass::Small peptides;acceptor_superclass::Tryptophan alkaloids;acceptor_superclass::Tyrosine alkaloids	acceptor_superclass::Cyclic polyketides;acceptor_superclass::Fatty acyls;acceptor_superclass::Flavonoids;acceptor_superclass::Ornithine alkaloids;acceptor_superclass::Phenanthrenoids;acceptor_superclass::Pseudoalkaloids;acceptor_superclass::Saccharides;acceptor_superclass::Small peptides;acceptor_superclass::Steroids;acceptor_superclass::Triterpenoids	0,0,0,0,0,0,0,0,0,0,0,0,0,1,0,0,0,0,1,0,0,1,1	0,1,0,0,1,1,0,0,0,0,0,1,1,0,0,0,1,1,1,1,1,0,0	-5.449524,7.096824,-10.287096,-1.193119,4.085389,5.121788,-4.717874,-9.898451,-1.665074,-0.077446,-5.501501,0.340258,14.876295,-0.412323,-5.089048,-3.134463,0.539748,2.068156,0.036509,1.959555,3.463753,-3.486258,-4.037467
Lang_RAS_ABI48360.1	Lang_RAS_ABI48360.1		acceptor_superclass::Coumarins;acceptor_superclass::Fatty acyls;acceptor_superclass::Isoflavonoids;acceptor_superclass::Naphthalenes;acceptor_superclass::Ornithine alkaloids;acceptor_superclass::Phenanthrenoids;acceptor_superclass::Phenylethanoids (C6-C2);acceptor_superclass::Phenylpropanoids (C6-C3)	0,0,0,0,0,0,0,0,0,0,0,0,0,0,0,0,0,0,0,0,0,0,0	1,0,0,0,1,0,1,0,0,0,1,1,1,0,1,1,0,0,0,0,0,0,0	5.161121,-4.656950,-7.790177,-0.574624,0.469118,-1.239909,2.556144,-0.966798,-8.234348,-7.015350,0.133865,0.039488,2.571957,-1.351109,1.759182,1.009771,-0.184957,-2.478451,-2.722686,-0.224055,-5.642005,-2.328463,-3.814939
Lang_RAS_AEA36976.1	Lang_RAS_AEA36976.1		acceptor_superclass::Cyclic polyketides;acceptor_superclass::Fatty acyls;acceptor_superclass::Flavonoids;acceptor_superclass::Monoterpenoids;acceptor_superclass::Ornithine alkaloids;acceptor_superclass::Phenanthrenoids;acceptor_superclass::Pseudoalkaloids;acceptor_superclass::Saccharides;acceptor_superclass::Steroids;acceptor_superclass::Triterpenoids	0,0,0,0,0,0,0,0,0,0,0,0,0,0,0,0,0,0,0,0,0,0,0	0,1,0,0,1,1,0,0,0,1,0,1,1,0,0,0,1,1,0,1,1,0,0	-6.216644,8.611910,-9.745307,-1.611171,3.689125,4.869788,-4.749279,-9.148381,-0.711192,0.212685,-4.752778,0.845528,13.738958,-1.580312,-4.379289,-2.906774,0.714797,1.909693,-0.871540,2.116502,3.777788,-4.175594,-4.484130
Lery_AAT1_BBV14786.1	Lery_AAT1_BBV14786.1	acceptor_superclass::Naphthalenes	acceptor_superclass::Cyclic polyketides;acceptor_superclass::Fatty acyls;acceptor_superclass::Flavonoids;acceptor_superclass::Lysine alkaloids;acceptor_superclass::Monoterpenoids;acceptor_superclass::Naphthalenes;acceptor_superclass::Ornithine alkaloids;acceptor_superclass::Phenanthrenoids;acceptor_superclass::Phenylethanoids (C6-C2);acceptor_superclass::Pseudoalkaloids;acceptor_superclass::Saccharides;acceptor_superclass::Steroids;acceptor_superclass::Triterpenoids	0,0,0,0,0,0,0,0,0,0,1,0,0,0,0,0,0,0,0,0,0,0,0	0,1,0,0,1,1,0,0,1,1,1,1,1,0,1,0,1,1,0,1,1,0,0	-17.163372,22.108763,-2.281810,-7.116401,2.434567,0.356870,-10.006348,-2.639885,9.479887,5.112463,4.453235,3.169607,1.975191,-12.139865,0.958326,-0.280584,1.089350,6.130699,-12.094882,0.219516,9.043270,-6.042867,-9.644125
Lery_AAT2_BDW80085.1	Lery_AAT2_BDW80085.1	acceptor_superclass::Naphthalenes	acceptor_superclass::Cyclic polyketides;acceptor_superclass::Diterpenoids;acceptor_superclass::Fatty acyls;acceptor_superclass::Monoterpenoids;acceptor_superclass::Naphthalenes;acceptor_superclass::Phenylethanoids (C6-C2);acceptor_superclass::Phenylpropanoids (C6-C3);acceptor_superclass::Saccharides;acceptor_superclass::Triterpenoids	0,0,0,0,0,0,0,0,0,0,1,0,0,0,0,0,0,0,0,0,0,0,0	0,1,1,0,1,0,0,0,0,1,1,0,0,0,1,1,0,1,0,0,1,0,0	-8.449310,5.277750,2.172369,-1.628166,0.578650,-2.602314,-2.716703,-5.821478,-2.581812,1.021586,0.522285,-2.073562,-2.100848,-9.332016,2.079166,1.628506,-0.587327,6.437315,-4.253699,-7.687708,1.836982,-1.830478,-0.212451
Lery_SAT1_BBV14785.1	Lery_SAT1_BBV14785.1	acceptor_superclass::Naphthalenes	acceptor_superclass::Coumarins;acceptor_superclass::Fatty acyls;acceptor_superclass::Lignans;acceptor_superclass::Naphthalenes;acceptor_superclass::Phenanthrenoids;acceptor_superclass::Saccharides	0,0,0,0,0,0,0,0,0,0,1,0,0,0,0,0,0,0,0,0,0,0,0	1,0,0,0,1,0,0,1,0,0,1,0,1,0,0,0,0,1,0,0,0,0,0	0.883012,-6.549473,-0.902462,-3.914724,1.095350,-1.771613,-0.485899,4.302048,-2.424048,-8.278758,1.500924,-0.945182,1.961391,-8.280311,-1.001149,-0.198039,-2.104325,3.544728,-11.426336,-7.157528,-2.455386,-1.606870,-6.410053
Lery_SAT2_BDW80077.1	Lery_SAT2_BDW80077.1	acceptor_superclass::Naphthalenes	acceptor_superclass::Cyclic polyketides;acceptor_superclass::Diterpenoids;acceptor_superclass::Fatty acyls;acceptor_superclass::Lysine alkaloids;acceptor_superclass::Naphthalenes;acceptor_superclass::Phenylethanoids (C6-C2);acceptor_superclass::Phenylpropanoids (C6-C3);acceptor_superclass::Pseudoalkaloids;acceptor_superclass::Saccharides;acceptor_superclass::Triterpenoids;acceptor_superclass::Tryptophan alkaloids	0,0,0,0,0,0,0,0,0,0,1,0,0,0,0,0,0,0,0,0,0,0,0	0,1,1,0,1,0,0,0,1,0,1,0,0,0,1,1,1,1,0,0,1,1,0	-7.945536,0.033590,1.475581,-3.498349,1.148332,-2.202399,-8.169518,-0.211003,1.147141,-1.011058,1.240599,-1.831971,-2.490064,-3.141206,0.064329,0.053707,0.854232,2.187331,-3.162392,-3.942313,1.458446,3.072745,-1.110665
Lint_AAT-3_AIW81431.1	Lint_AAT-3_AIW81431.1	acceptor_superclass::Monoterpenoids	acceptor_superclass::Coumarins;acceptor_superclass::Fatty acyls;acceptor_superclass::Isoflavonoids;acceptor_superclass::Lignans;acceptor_superclass::Naphthalenes;acceptor_superclass::Phenanthrenoids;acceptor_superclass::Phenylethanoids (C6-C2);acceptor_superclass::Phenylpropanoids (C6-C3)	0,0,0,0,0,0,0,0,0,1,0,0,0,0,0,0,0,0,0,0,0,0,0	1,0,0,0,1,0,1,1,0,0,1,0,1,0,1,1,0,0,0,0,0,0,0	3.774772,-6.844869,-5.349120,-2.474123,1.076762,-1.671340,1.185887,1.829778,-6.392361,-8.994601,0.593803,-0.709590,2.810333,-5.534722,0.347642,0.652076,-1.220047,-0.024303,-8.144999,-4.301609,-5.194333,-2.872359,-6.035564
Lint_AAT-4_AIW81432.1	Lint_AAT-4_AIW81432.1	acceptor_superclass::Monoterpenoids	acceptor_superclass::Coumarins;acceptor_superclass::Fatty acyls;acceptor_superclass::Isoflavonoids;acceptor_superclass::Lignans;acceptor_superclass::Naphthalenes;acceptor_superclass::Phenanthrenoids;acceptor_superclass::Phenylethanoids (C6-C2);acceptor_superclass::Phenylpropanoids (C6-C3);acceptor_superclass::Saccharides	0,0,0,0,0,0,0,0,0,1,0,0,0,0,0,0,0,0,0,0,0,0,0	1,0,0,0,1,0,1,1,0,0,1,0,1,0,1,1,0,1,0,0,0,0,0	3.420049,-6.764065,-5.178603,-2.490412,0.816754,-2.090303,0.959434,1.761679,-6.747938,-8.625840,1.151526,-0.780255,2.297163,-5.577569,0.872942,0.459556,-1.259751,1.286097,-8.514240,-4.119599,-4.456191,-1.820415,-5.933292
Ljap_HQT_ACZ52698.1	Ljap_HQT_ACZ52698.1	acceptor_superclass::Phenolic acids (C6-C1)	acceptor_superclass::Monoterpenoids;acceptor_superclass::Phenanthrenoids;acceptor_superclass::Phenolic acids (C6-C1);acceptor_superclass::Phenylpropanoids (C6-C3);acceptor_superclass::Small peptides;acceptor_superclass::Tyrosine alkaloids	0,0,0,0,0,0,0,0,0,0,0,0,0,1,0,0,0,0,0,0,0,0,0	0,0,0,0,0,0,0,0,0,1,0,0,1,1,0,1,0,0,1,0,0,0,1	-6.219882,-8.865898,-4.487881,-1.603252,-0.279782,-1.002619,-6.462871,-2.240664,-2.108047,0.475790,-10.356095,-3.142782,4.063590,1.116849,-0.180151,1.662251,-5.026887,-2.445147,3.529677,-3.897292,-1.782116,-8.398713,1.074723
Lori_AAT1_WKK95849.1	Lori_AAT1_WKK95849.1	acceptor_superclass::Fatty acyls	acceptor_superclass::Coumarins;acceptor_superclass::Fatty acyls;acceptor_superclass::Isoflavonoids;acceptor_superclass::Lignans;acceptor_superclass::Naphthalenes;acceptor_superclass::Phenanthrenoids;acceptor_superclass::Phenylethanoids (C6-C2);acceptor_superclass::Phenylpropanoids (C6-C3);acceptor_superclass::Saccharides	0,0,0,0,1,0,0,0,0,0,0,0,0,0,0,0,0,0,0,0,0,0,0	1,0,0,0,1,0,1,1,0,0,1,0,1,0,1,1,0,1,0,0,0,0,0	3.477147,-7.395300,-5.063741,-2.998458,1.126478,-1.955836,0.913658,2.480553,-6.389515,-9.686263,0.910527,-0.859201,2.771278,-6.613676,0.225739,0.617815,-1.554402,0.778224,-9.626553,-5.307488,-5.209922,-2.885741,-6.738551
Lpur_3MAT1_AAS77404.1	Lpur_3MAT1_AAS77404.1	acceptor_superclass::Flavonoids;acceptor_superclass::Isoflavonoids;acceptor_superclass::Phenolic acids (C6-C1)	acceptor_superclass::Fatty Acids and Conjugates;acceptor_superclass::Isoflavonoids;acceptor_superclass::Ornithine alkaloids;acceptor_superclass::Phenylethanoids (C6-C2);acceptor_superclass::Steroids;acceptor_superclass::Triterpenoids;acceptor_superclass::Tyrosine alkaloids	0,0,0,0,0,1,1,0,0,0,0,0,0,1,0,0,0,0,0,0,0,0,0	0,0,0,1,0,0,1,0,0,0,0,1,0,0,1,0,0,0,0,1,1,0,1	-0.108374,-6.860075,-12.792196,1.002458,-2.159369,-0.645234,3.255630,-16.062237,-10.766030,-4.062913,-2.067272,1.696941,-3.414261,-6.311179,0.670474,-2.333640,-1.499713,-4.679784,-0.758481,0.576404,0.003486,-8.450851,0.576746
Lrob_AT1_WEX29780.1	Lrob_AT1_WEX29780.1	acceptor_superclass::Phenylethanoids (C6-C2)	acceptor_superclass::Coumarins;acceptor_superclass::Fatty Acids and Conjugates;acceptor_superclass::Fatty acyls;acceptor_superclass::Isoflavonoids;acceptor_superclass::Ornithine alkaloids;acceptor_superclass::Phenanthrenoids;acceptor_superclass::Phenolic acids (C6-C1);acceptor_superclass::Phenylethanoids (C6-C2);acceptor_superclass::Phenylpropanoids (C6-C3);acceptor_superclass::Pseudoalkaloids;acceptor_superclass::Small peptides;acceptor_superclass::Steroids	0,0,0,0,0,0,0,0,0,0,0,0,0,0,1,0,0,0,0,0,0,0,0	1,0,0,1,1,0,1,0,0,0,0,1,1,1,1,1,1,0,1,1,0,0,0	8.800888,-5.093573,-13.495338,1.128198,0.267477,-1.278128,4.837981,-4.360221,-13.658769,-8.070601,-0.319937,0.460966,3.547273,2.013482,3.908307,1.814273,1.009860,-6.003362,1.092753,3.611827,-8.402485,-2.858333,-3.266769
Lsat_BOS_QYL33117.1	Lsat_BOS_QYL33117.1	acceptor_superclass::Small peptides	acceptor_superclass::Cyclic polyketides;acceptor_superclass::Fatty acyls;acceptor_superclass::Flavonoids;acceptor_superclass::Lysine alkaloids;acceptor_superclass::Monoterpenoids;acceptor_superclass::Ornithine alkaloids;acceptor_superclass::Phenanthrenoids;acceptor_superclass::Pseudoalkaloids;acceptor_superclass::Saccharides;acceptor_superclass::Steroids;acceptor_superclass::Triterpenoids	0,0,0,0,0,0,0,0,0,0,0,0,0,0,0,0,0,0,1,0,0,0,0	0,1,0,0,1,1,0,0,1,1,0,1,1,0,0,0,1,1,0,1,1,0,0	-9.254772,13.593274,-8.823905,-3.151329,3.556928,4.743233,-5.757473,-8.272520,2.164029,1.325336,-2.406568,2.054256,12.414090,-5.362756,-3.268399,-2.671797,1.098849,2.378044,-3.984802,2.408017,5.469491,-5.524112,-6.260708
Lsat_BOS_QYL33117.1	Lsat_DS_QYL33117.1	acceptor_superclass::Small peptides	acceptor_superclass::Coumarins;acceptor_superclass::Fatty acyls;acceptor_superclass::Isoflavonoids;acceptor_superclass::Lignans;acceptor_superclass::Naphthalenes;acceptor_superclass::Phenanthrenoids;acceptor_superclass::Phenylethanoids (C6-C2);acceptor_superclass::Phenylpropanoids (C6-C3);acceptor_superclass::Saccharides	0,0,0,0,0,0,0,0,0,0,0,0,0,0,0,0,0,0,1,0,0,0,0	1,0,0,0,1,0,1,1,0,0,1,0,1,0,1,1,0,1,0,0,0,0,0	3.686058,-6.271381,-4.982067,-2.671263,1.025246,-1.427436,1.455814,1.811575,-5.734633,-9.004788,0.603307,-0.366929,2.987731,-5.496448,0.142796,0.399710,-1.165979,0.094044,-7.767151,-4.154539,-4.730167,-2.404824,-5.775952
Ltri_CAAT1_AHA90802.1	Ltri_CAAT1_AHA90802.1	acceptor_superclass::Phenylpropanoids (C6-C3)	acceptor_superclass::Cyclic polyketides;acceptor_superclass::Diterpenoids;acceptor_superclass::Fatty acyls;acceptor_superclass::Monoterpenoids;acceptor_superclass::Phenylethanoids (C6-C2);acceptor_superclass::Phenylpropanoids (C6-C3);acceptor_superclass::Saccharides;acceptor_superclass::Triterpenoids	0,0,0,0,0,0,0,0,0,0,0,0,0,0,0,1,0,0,0,0,0,0,0	0,1,1,0,1,0,0,0,0,1,0,0,0,0,1,1,0,1,0,0,1,0,0	-15.153308,5.466117,3.834464,-2.858874,2.503852,-5.027808,-8.750101,-8.530935,-1.897177,2.467778,-2.406975,-3.606199,-5.160984,-10.741868,2.745601,3.088809,-2.554421,9.936139,-5.303069,-13.766129,3.011752,-3.090980,-0.495153
Maze_AT1704_NA	Maze_AT1704_NA	acceptor_superclass::Triterpenoids	acceptor_superclass::Diterpenoids;acceptor_superclass::Fatty acyls;acceptor_superclass::Lysine alkaloids;acceptor_superclass::Monoterpenoids;acceptor_superclass::Phenylethanoids (C6-C2);acceptor_superclass::Phenylpropanoids (C6-C3);acceptor_superclass::Saccharides;acceptor_superclass::Triterpenoids	0,0,0,0,0,0,0,0,0,0,0,0,0,0,0,0,0,0,0,0,1,0,0	0,0,1,0,1,0,0,0,1,1,0,0,0,0,1,1,0,1,0,0,1,0,0	-8.588736,-2.800231,0.337352,-2.764604,1.209550,-2.376573,-8.892486,-0.287493,0.956710,0.091514,-3.199770,-2.528073,-1.031925,-1.539048,0.132962,0.783483,-1.662436,1.451947,-1.050356,-4.831557,0.178067,-0.441503,-0.645528
Maze_AT8824_KAJ4723782.1	Maze_AT8824_KAJ4723782.1	acceptor_superclass::Triterpenoids	acceptor_superclass::Cyclic polyketides;acceptor_superclass::Diterpenoids;acceptor_superclass::Fatty acyls;acceptor_superclass::Phenylethanoids (C6-C2);acceptor_superclass::Saccharides;acceptor_superclass::Triterpenoids	0,0,0,0,0,0,0,0,0,0,0,0,0,0,0,0,0,0,0,0,1,0,0	0,1,1,0,1,0,0,0,0,0,0,0,0,0,1,0,0,1,0,0,1,0,0	-8.907588,0.837344,5.779462,-0.539373,1.282528,-2.631734,-1.713225,-20.084074,-10.550444,-4.460650,-9.393038,-0.829321,-13.427091,-4.268527,6.522060,-1.005635,-1.571698,4.455469,-4.556866,-1.840883,0.585745,-2.893704,-3.122678
Mdom_AAT1_AAU14879.2	Mdom_AAT1_AAU14879.2	acceptor_superclass::Fatty acyls;acceptor_superclass::Phenylpropanoids (C6-C3)	acceptor_superclass::Fatty acyls;acceptor_superclass::Lysine alkaloids;acceptor_superclass::Monoterpenoids;acceptor_superclass::Phenolic acids (C6-C1);acceptor_superclass::Phenylethanoids (C6-C2);acceptor_superclass::Phenylpropanoids (C6-C3);acceptor_superclass::Saccharides;acceptor_superclass::Small peptides	0,0,0,0,1,0,0,0,0,0,0,0,0,0,0,1,0,0,0,0,0,0,0	0,0,0,0,1,0,0,0,1,1,0,0,0,1,1,1,0,1,1,0,0,0,0	-11.084806,-6.129762,-0.230948,-2.425093,2.633373,-2.968985,-11.908957,-0.133763,1.603928,1.334711,-8.382391,-3.231560,-1.372104,0.475298,0.271526,1.893586,-2.807833,1.219265,0.076585,-7.416681,-0.908006,-4.031321,-0.983465
Mdom_SHT_ALF00095.1	Mdom_SHT_ALF00095.1	acceptor_superclass::Ornithine alkaloids	acceptor_superclass::Phenanthrenoids;acceptor_superclass::Phenolic acids (C6-C1);acceptor_superclass::Phenylpropanoids (C6-C3);acceptor_superclass::Small peptides;acceptor_superclass::Tyrosine alkaloids	0,0,0,0,0,0,0,0,0,0,0,1,0,0,0,0,0,0,0,0,0,0,0	0,0,0,0,0,0,0,0,0,0,0,0,1,1,0,1,0,0,1,0,0,0,1	-5.060400,-9.183072,-5.062646,-1.248209,-1.072370,-0.724015,-5.062636,-2.652902,-2.949588,-0.004057,-10.220146,-2.743601,4.870491,1.701836,-0.169933,1.429069,-4.852035,-2.836473,4.221849,-2.919595,-1.639560,-8.449601,1.440330
Mema_HFT_NA	Mema_HFT_NA	acceptor_superclass::Fatty acyls	acceptor_superclass::Fatty acyls;acceptor_superclass::Phenanthrenoids;acceptor_superclass::Phenolic acids (C6-C1);acceptor_superclass::Phenylethanoids (C6-C2);acceptor_superclass::Phenylpropanoids (C6-C3);acceptor_superclass::Saccharides;acceptor_superclass::Small peptides	0,0,0,0,1,0,0,0,0,0,0,0,0,0,0,0,0,0,0,0,0,0,0	0,0,0,0,1,0,0,0,0,0,0,0,1,1,1,1,0,1,1,0,0,0,0	-10.211793,-6.914853,-1.705422,-2.860523,1.027904,-2.496701,-9.938509,-1.388036,-0.885978,-0.462973,-7.281413,-3.237852,0.277309,0.695139,0.211017,0.971544,-2.277984,0.387964,0.519868,-5.666332,-0.080074,-3.131016,-0.243192
Mlon_AT1_NA	Mlon_AT1_NA	acceptor_superclass::Phenolic acids (C6-C1)	acceptor_superclass::Fatty Acids and Conjugates;acceptor_superclass::Ornithine alkaloids;acceptor_superclass::Phenolic acids (C6-C1);acceptor_superclass::Small peptides;acceptor_superclass::Triterpenoids;acceptor_superclass::Tyrosine alkaloids	0,0,0,0,0,0,0,0,0,0,0,0,0,1,0,0,0,0,0,0,0,0,0	0,0,0,1,0,0,0,0,0,0,0,1,0,1,0,0,0,0,1,0,1,0,1	-5.632248,-14.983094,-13.277612,1.149544,-0.368286,-5.628166,-6.835250,-17.467726,-8.461701,-4.094639,-7.875457,0.470523,-9.014796,3.227569,-0.604179,-1.574819,-3.639706,-5.361400,2.275270,-5.941933,1.511927,-7.855507,1.529479
Mlon_AT2_NA	Mlon_AT2_NA	acceptor_superclass::Phenolic acids (C6-C1)	acceptor_superclass::Coumarins;acceptor_superclass::Fatty Acids and Conjugates;acceptor_superclass::Fatty acyls;acceptor_superclass::Isoflavonoids;acceptor_superclass::Ornithine alkaloids;acceptor_superclass::Phenanthrenoids;acceptor_superclass::Phenolic acids (C6-C1);acceptor_superclass::Phenylethanoids (C6-C2);acceptor_superclass::Phenylpropanoids (C6-C3);acceptor_superclass::Pseudoalkaloids;acceptor_superclass::Small peptides;acceptor_superclass::Steroids	0,0,0,0,0,0,0,0,0,0,0,0,0,1,0,0,0,0,0,0,0,0,0	1,0,0,1,1,0,1,0,0,0,0,1,1,1,1,1,1,0,1,1,0,0,0	7.527057,-4.702789,-11.706872,0.654822,0.312901,-1.282835,3.951465,-3.246956,-11.864850,-7.525431,-0.363206,0.264368,3.085678,1.153426,3.185801,1.743870,0.630397,-5.306252,0.137678,2.423185,-7.791553,-3.105895,-3.376294
Mlon_AT1_NA	Mlon_AT3_NA	acceptor_superclass::Phenolic acids (C6-C1)	acceptor_superclass::Fatty Acids and Conjugates;acceptor_superclass::Isoflavonoids;acceptor_superclass::Phenolic acids (C6-C1);acceptor_superclass::Phenylethanoids (C6-C2);acceptor_superclass::Saccharides;acceptor_superclass::Small peptides;acceptor_superclass::Steroids;acceptor_superclass::Triterpenoids;acceptor_superclass::Tyrosine alkaloids	0,0,0,0,0,0,0,0,0,0,0,0,0,1,0,0,0,0,0,0,0,0,0	0,0,0,1,0,0,1,0,0,0,0,0,0,1,1,0,0,1,1,1,1,0,1	-2.944577,-6.905544,-0.581295,1.789972,-3.799151,-1.306002,1.718898,-11.216036,-15.387756,-7.028262,-8.950780,-2.243737,-6.783822,0.301738,7.713727,-1.964553,-3.576389,7.646104,5.663949,7.565792,2.923287,-4.439902,4.954501
Mlon_AT4_NA	Mlon_AT4_NA	acceptor_superclass::Lignans;acceptor_superclass::Phenolic acids (C6-C1)	acceptor_superclass::Fatty Acids and Conjugates;acceptor_superclass::Ornithine alkaloids;acceptor_superclass::Phenolic acids (C6-C1);acceptor_superclass::Small peptides;acceptor_superclass::Triterpenoids;acceptor_superclass::Tyrosine alkaloids	0,0,0,0,0,0,0,1,0,0,0,0,0,1,0,0,0,0,0,0,0,0,0	0,0,0,1,0,0,0,0,0,0,0,1,0,1,0,0,0,0,1,0,1,0,1	-4.284326,-11.328809,-11.171046,1.090441,-0.525594,-4.084686,-4.280909,-14.924380,-7.545417,-3.263157,-5.891999,0.557785,-6.692635,1.048146,-0.190992,-1.230880,-2.749101,-4.100595,1.331608,-4.299207,1.105177,-6.787540,1.125129
Mlon_AT6_NA	Mlon_AT6_NA	acceptor_superclass::Phenolic acids (C6-C1)	acceptor_superclass::Cyclic polyketides;acceptor_superclass::Fatty acyls;acceptor_superclass::Flavonoids;acceptor_superclass::Phenanthrenoids;acceptor_superclass::Phenolic acids (C6-C1);acceptor_superclass::Pseudoalkaloids;acceptor_superclass::Saccharides;acceptor_superclass::Small peptides;acceptor_superclass::Steroids;acceptor_superclass::Triterpenoids	0,0,0,0,0,0,0,0,0,0,0,0,0,1,0,0,0,0,0,0,0,0,0	0,1,0,0,1,1,0,0,0,0,0,0,1,1,0,0,1,1,1,1,1,0,0	-4.988152,6.572371,-11.563024,-1.010505,4.703988,5.835028,-4.869781,-11.413287,-2.471062,-0.342822,-6.460433,-0.114544,16.988636,0.182665,-5.948205,-3.536536,0.426926,1.683756,1.127597,2.211037,3.299256,-3.803963,-4.145111
Moff_RAS_CBW35684.1	Moff_RAS_CBW35684.1		acceptor_superclass::Coumarins;acceptor_superclass::Fatty Acids and Conjugates;acceptor_superclass::Fatty acyls;acceptor_superclass::Isoflavonoids;acceptor_superclass::Ornithine alkaloids;acceptor_superclass::Phenanthrenoids;acceptor_superclass::Phenolic acids (C6-C1);acceptor_superclass::Phenylethanoids (C6-C2);acceptor_superclass::Phenylpropanoids (C6-C3);acceptor_superclass::Pseudoalkaloids;acceptor_superclass::Steroids	0,0,0,0,0,0,0,0,0,0,0,0,0,0,0,0,0,0,0,0,0,0,0	1,0,0,1,1,0,1,0,0,0,0,1,1,1,1,1,1,0,0,1,0,0,0	6.795990,-4.314998,-10.400722,0.454762,0.320524,-1.085551,3.641016,-2.808674,-10.504672,-6.967257,-0.238050,0.256069,2.906360,0.768017,2.732313,1.448858,0.480642,-4.630127,-0.109558,2.012702,-6.892642,-2.671998,-3.111001
Mpal_HCT_AXN55971.1	Mpal_HCT_AXN55971.1	acceptor_superclass::Phenolic acids (C6-C1)	acceptor_superclass::Phenanthrenoids;acceptor_superclass::Phenolic acids (C6-C1);acceptor_superclass::Phenylethanoids (C6-C2);acceptor_superclass::Phenylpropanoids (C6-C3);acceptor_superclass::Saccharides;acceptor_superclass::Small peptides;acceptor_superclass::Tyrosine alkaloids	0,0,0,0,0,0,0,0,0,0,0,0,0,1,0,0,0,0,0,0,0,0,0	0,0,0,0,0,0,0,0,0,0,0,0,1,1,1,1,0,1,1,0,0,0,1	-9.550290,-10.781066,-2.935640,-1.020429,-1.547557,-3.970530,-8.722984,-1.839289,-1.927045,-0.807398,-10.137306,-3.133636,2.358720,4.551645,0.197837,1.753742,-4.300790,0.688837,4.574686,-5.159225,-0.066320,-4.660144,1.489608
Mpol_HCT_PTQ49430.1	Mpol_HCT_PTQ49430.1	acceptor_superclass::Phenolic acids (C6-C1)	acceptor_superclass::Diterpenoids;acceptor_superclass::Fatty Acids and Conjugates;acceptor_superclass::Isoflavonoids;acceptor_superclass::Phenylethanoids (C6-C2);acceptor_superclass::Saccharides;acceptor_superclass::Small peptides;acceptor_superclass::Steroids;acceptor_superclass::Triterpenoids;acceptor_superclass::Tyrosine alkaloids	0,0,0,0,0,0,0,0,0,0,0,0,0,1,0,0,0,0,0,0,0,0,0	0,0,1,1,0,0,1,0,0,0,0,0,0,0,1,0,0,1,1,1,1,0,1	-4.999173,-6.209510,0.833919,1.878431,-3.269937,-1.583255,1.433294,-15.608213,-17.038813,-7.718427,-10.861606,-2.242486,-9.717648,-0.599965,9.038692,-2.234411,-3.589503,9.005970,4.300879,6.674255,3.131862,-4.482430,3.730794
Msap_AAT_CAC09063.1	Msap_AAT_CAC09063.1	acceptor_superclass::Fatty acyls;acceptor_superclass::Monoterpenoids;acceptor_superclass::Phenylethanoids (C6-C2);acceptor_superclass::Phenylpropanoids (C6-C3)	acceptor_superclass::Cyclic polyketides;acceptor_superclass::Diterpenoids;acceptor_superclass::Fatty acyls;acceptor_superclass::Phenylethanoids (C6-C2);acceptor_superclass::Saccharides;acceptor_superclass::Triterpenoids	0,0,0,0,1,0,0,0,0,1,0,0,0,0,1,1,0,0,0,0,0,0,0	0,1,1,0,1,0,0,0,0,0,0,0,0,0,1,0,0,1,0,0,1,0,0	-8.951350,0.551364,5.509456,-0.404464,1.029046,-2.173594,-1.051081,-20.218834,-11.599690,-4.885067,-10.403565,-0.874201,-13.516957,-4.080830,6.831092,-1.101355,-1.487641,4.228825,-4.249949,-1.156858,0.175558,-3.886092,-2.896011
Mtru_MAT1_ABY91220.1	Mtru_MAT1_ABY91220.1	acceptor_superclass::Flavonoids;acceptor_superclass::Isoflavonoids	acceptor_superclass::Diterpenoids;acceptor_superclass::Fatty Acids and Conjugates;acceptor_superclass::Isoflavonoids;acceptor_superclass::Phenylethanoids (C6-C2);acceptor_superclass::Saccharides;acceptor_superclass::Steroids;acceptor_superclass::Triterpenoids	0,0,0,0,0,1,1,0,0,0,0,0,0,0,0,0,0,0,0,0,0,0,0	0,0,1,1,0,0,1,0,0,0,0,0,0,0,1,0,0,1,0,1,1,0,0	-7.911941,-2.029144,3.967619,0.142210,-1.437877,-1.722157,1.016363,-20.506685,-16.006950,-7.004822,-12.173878,-1.855480,-12.864314,-2.802718,8.448057,-1.900464,-2.502220,5.846353,-0.899311,2.713081,1.410231,-5.428912,-0.090063
Mtru_MAT2_ABY91222.1	Mtru_MAT2_ABY91222.1	acceptor_superclass::Flavonoids;acceptor_superclass::Isoflavonoids	acceptor_superclass::Coumarins;acceptor_superclass::Fatty Acids and Conjugates;acceptor_superclass::Flavonoids;acceptor_superclass::Isoflavonoids;acceptor_superclass::Ornithine alkaloids;acceptor_superclass::Phenylethanoids (C6-C2);acceptor_superclass::Steroids;acceptor_superclass::Tyrosine alkaloids	0,0,0,0,0,1,1,0,0,0,0,0,0,0,0,0,0,0,0,0,0,0,0	1,0,0,1,0,1,1,0,0,0,0,1,0,0,1,0,0,0,0,1,0,0,1	1.705203,-3.770784,-12.231886,0.872470,-2.982715,1.063775,6.700439,-15.265743,-11.634658,-4.025257,-0.556467,2.254729,-1.524931,-9.173546,1.006907,-2.324848,-0.567573,-4.107853,-1.803158,2.501877,-0.601324,-8.660551,0.505231
Mtru_MAT3_ABY91221.1	Mtru_MAT3_ABY91221.1	acceptor_superclass::Flavonoids;acceptor_superclass::Isoflavonoids	acceptor_superclass::Coumarins;acceptor_superclass::Fatty acyls;acceptor_superclass::Isoflavonoids;acceptor_superclass::Naphthalenes;acceptor_superclass::Ornithine alkaloids;acceptor_superclass::Phenanthrenoids;acceptor_superclass::Phenylethanoids (C6-C2);acceptor_superclass::Phenylpropanoids (C6-C3);acceptor_superclass::Steroids	0,0,0,0,0,1,1,0,0,0,0,0,0,0,0,0,0,0,0,0,0,0,0	1,0,0,0,1,0,1,0,0,0,1,1,1,0,1,1,0,0,0,1,0,0,0	6.823308,-5.329312,-9.616690,-0.542268,0.659298,-0.948860,4.022939,-1.842873,-9.806664,-8.646996,0.214500,0.442890,3.708805,-1.148877,2.020906,0.848465,-0.084165,-3.272848,-2.340444,0.482430,-6.383059,-2.157197,-4.124160
Natt_AT1_AET80688.1	Natt_AT1_AET80688.1	acceptor_superclass::Ornithine alkaloids;acceptor_superclass::Pseudoalkaloids	acceptor_superclass::Fatty acyls;acceptor_superclass::Monoterpenoids;acceptor_superclass::Phenanthrenoids;acceptor_superclass::Phenolic acids (C6-C1);acceptor_superclass::Phenylpropanoids (C6-C3);acceptor_superclass::Small peptides;acceptor_superclass::Tyrosine alkaloids	0,0,0,0,0,0,0,0,0,0,0,1,0,0,0,0,1,0,0,0,0,0,0	0,0,0,0,1,0,0,0,0,1,0,0,1,1,0,1,0,0,1,0,0,0,1	-5.581560,-5.570910,-2.598934,-1.733427,0.091383,-0.952159,-5.540633,-1.537859,-1.285372,0.102993,-6.394749,-1.918263,2.077575,0.179945,-0.147390,1.081038,-2.470851,-1.242604,1.534664,-3.195392,-0.694009,-4.617512,0.315356
Natt_DH29_AET80686.1	Natt_DH29_AET80686.1	acceptor_superclass::Ornithine alkaloids;acceptor_superclass::Pseudoalkaloids	acceptor_superclass::Cyclic polyketides;acceptor_superclass::Diterpenoids;acceptor_superclass::Fatty acyls;acceptor_superclass::Monoterpenoids;acceptor_superclass::Phenylethanoids (C6-C2);acceptor_superclass::Phenylpropanoids (C6-C3);acceptor_superclass::Saccharides;acceptor_superclass::Triterpenoids	0,0,0,0,0,0,0,0,0,0,0,1,0,0,0,0,1,0,0,0,0,0,0	0,1,1,0,1,0,0,0,0,1,0,0,0,0,1,1,0,1,0,0,1,0,0	-7.773719,5.115657,1.764135,-1.493458,0.372207,-2.172277,-2.236844,-5.743332,-2.745671,1.147421,-0.058200,-1.712144,-1.922953,-8.683548,2.039741,1.649634,-0.595386,6.224437,-4.000305,-7.052164,1.714914,-1.853287,-0.222545
Ntab_ASAT1_XP_016480914.1	Ntab_ASAT1_XP_016480914.1	acceptor_superclass::Saccharides	acceptor_superclass::Cyclic polyketides;acceptor_superclass::Diterpenoids;acceptor_superclass::Fatty acyls;acceptor_superclass::Lignans;acceptor_superclass::Lysine alkaloids;acceptor_superclass::Naphthalenes;acceptor_superclass::Phenolic acids (C6-C1);acceptor_superclass::Phenylethanoids (C6-C2);acceptor_superclass::Pseudoalkaloids;acceptor_superclass::Saccharides;acceptor_superclass::Triterpenoids;acceptor_superclass::Tryptophan alkaloids	0,0,0,0,0,0,0,0,0,0,0,0,0,0,0,0,0,1,0,0,0,0,0	0,1,1,0,1,0,0,1,1,0,1,0,0,1,1,0,1,1,0,0,1,1,0	-24.240547,0.009557,10.071526,-5.694720,4.139878,-10.315456,-23.273102,3.229108,4.982108,-3.021712,2.630046,-3.058064,-13.904864,1.720585,1.324843,-1.231969,6.183199,12.770009,-7.493286,-12.334868,5.633570,15.997634,-3.053861
Ntab_ASAT2_XP_016451255.1	Ntab_ASAT2_XP_016451255.1		acceptor_superclass::Cyclic polyketides;acceptor_superclass::Diterpenoids;acceptor_superclass::Fatty acyls;acceptor_superclass::Monoterpenoids;acceptor_superclass::Phenylethanoids (C6-C2);acceptor_superclass::Phenylpropanoids (C6-C3);acceptor_superclass::Saccharides;acceptor_superclass::Triterpenoids	0,0,0,0,0,0,0,0,0,0,0,0,0,0,0,0,0,0,0,0,0,0,0	0,1,1,0,1,0,0,0,0,1,0,0,0,0,1,1,0,1,0,0,1,0,0	-12.627018,3.078764,2.319969,-1.700394,1.528254,-4.943831,-7.577352,-7.781369,-2.212991,1.539843,-2.166349,-3.063172,-4.578496,-7.632952,2.114045,2.164436,-2.186179,7.728850,-3.922161,-11.938982,2.791865,-1.864181,-0.246571
Ntab_BEBT_AAN09798.1	Ntab_BEBT_AAN09798.1		acceptor_superclass::Diterpenoids;acceptor_superclass::Fatty Acids and Conjugates;acceptor_superclass::Phenylethanoids (C6-C2);acceptor_superclass::Saccharides;acceptor_superclass::Steroids;acceptor_superclass::Triterpenoids	0,0,0,0,0,0,0,0,0,0,0,0,0,0,0,0,0,0,0,0,0,0,0	0,0,1,1,0,0,0,0,0,0,0,0,0,0,1,0,0,1,0,1,1,0,0	-8.643331,-2.841315,4.310488,0.484394,-0.563229,-2.767191,-0.625311,-21.446878,-15.734159,-6.886129,-12.004620,-1.769543,-14.143863,-3.426650,8.942558,-1.665612,-2.992939,7.148440,-0.938874,2.207901,1.628649,-4.695315,-0.170008
Ntab_HCT_CAD47830.1	Ntab_HCT_CAD47830.1	acceptor_superclass::Phenolic acids (C6-C1);acceptor_superclass::Phenylpropanoids (C6-C3)	acceptor_superclass::Coumarins;acceptor_superclass::Fatty Acids and Conjugates;acceptor_superclass::Fatty acyls;acceptor_superclass::Isoflavonoids;acceptor_superclass::Ornithine alkaloids;acceptor_superclass::Phenanthrenoids;acceptor_superclass::Phenolic acids (C6-C1);acceptor_superclass::Phenylethanoids (C6-C2);acceptor_superclass::Phenylpropanoids (C6-C3);acceptor_superclass::Pseudoalkaloids;acceptor_superclass::Small peptides;acceptor_superclass::Steroids	0,0,0,0,0,0,0,0,0,0,0,0,0,1,0,1,0,0,0,0,0,0,0	1,0,0,1,1,0,1,0,0,0,0,1,1,1,1,1,1,0,1,1,0,0,0	8.852361,-5.175644,-13.714561,0.999676,0.340854,-1.342866,4.808387,-4.185058,-13.790681,-8.386896,-0.409457,0.417209,3.561627,1.896218,3.821089,1.945356,0.916847,-6.334391,0.899629,3.372289,-8.827056,-3.279714,-3.535752
Ntab_HQT_CAE46932.1	Ntab_HQT_CAE46932.1	acceptor_superclass::Phenolic acids (C6-C1);acceptor_superclass::Phenylpropanoids (C6-C3)	acceptor_superclass::Fatty Acids and Conjugates;acceptor_superclass::Ornithine alkaloids;acceptor_superclass::Phenolic acids (C6-C1);acceptor_superclass::Small peptides;acceptor_superclass::Triterpenoids;acceptor_superclass::Tyrosine alkaloids	0,0,0,0,0,0,0,0,0,0,0,0,0,1,0,1,0,0,0,0,0,0,0	0,0,0,1,0,0,0,0,0,0,0,1,0,1,0,0,0,0,1,0,1,0,1	-4.312865,-14.327640,-14.262306,1.221139,-0.963607,-4.933587,-4.972856,-18.035139,-9.496222,-4.487456,-7.046187,0.991758,-8.458331,1.876914,-0.358995,-2.077488,-3.449214,-5.820034,2.073321,-4.692471,1.251164,-8.290397,1.498963
Ntab_MAT1_BAD93691.1	Ntab_MAT1_BAD93691.1	acceptor_superclass::Coumarins;acceptor_superclass::Flavonoids;acceptor_superclass::Naphthalenes;acceptor_superclass::Phenanthrenoids	acceptor_superclass::Diterpenoids;acceptor_superclass::Fatty Acids and Conjugates;acceptor_superclass::Isoflavonoids;acceptor_superclass::Phenylethanoids (C6-C2);acceptor_superclass::Saccharides;acceptor_superclass::Small peptides;acceptor_superclass::Steroids;acceptor_superclass::Triterpenoids;acceptor_superclass::Tyrosine alkaloids	1,0,0,0,0,1,0,0,0,0,1,0,1,0,0,0,0,0,0,0,0,0,0	0,0,1,1,0,0,1,0,0,0,0,0,0,0,1,0,0,1,1,1,1,0,1	-5.635479,-3.925236,1.861020,0.815212,-2.617865,-1.215058,1.800094,-16.364641,-15.662379,-7.035140,-10.807992,-2.091948,-10.032305,-1.415445,8.044934,-2.004416,-2.802050,6.367156,1.925325,5.083472,1.954772,-5.152046,2.026734
Ntab_SHT_QNO39110.1	Ntab_SHT_QNO39110.1	acceptor_superclass::Ornithine alkaloids	acceptor_superclass::Fatty Acids and Conjugates;acceptor_superclass::Isoflavonoids;acceptor_superclass::Phenolic acids (C6-C1);acceptor_superclass::Phenylethanoids (C6-C2);acceptor_superclass::Saccharides;acceptor_superclass::Small peptides;acceptor_superclass::Steroids;acceptor_superclass::Triterpenoids;acceptor_superclass::Tyrosine alkaloids	0,0,0,0,0,0,0,0,0,0,0,1,0,0,0,0,0,0,0,0,0,0,0	0,0,0,1,0,0,1,0,0,0,0,0,0,1,1,0,0,1,1,1,1,0,1	-1.892926,-8.649638,-1.944216,2.298991,-5.503750,-0.796510,3.100597,-10.521391,-17.850246,-8.211378,-9.801102,-2.792621,-5.845998,1.401095,8.648829,-2.568087,-4.082265,8.761004,8.131813,10.185408,3.707666,-5.205431,6.868837
Obas_CAAT1_QKK36036.1	Obas_CAAT1_QKK36036.1	acceptor_superclass::Phenylethanoids (C6-C2);acceptor_superclass::Phenylpropanoids (C6-C3)	acceptor_superclass::Cyclic polyketides;acceptor_superclass::Fatty acyls;acceptor_superclass::Flavonoids;acceptor_superclass::Monoterpenoids;acceptor_superclass::Ornithine alkaloids;acceptor_superclass::Phenanthrenoids;acceptor_superclass::Pseudoalkaloids;acceptor_superclass::Saccharides;acceptor_superclass::Steroids;acceptor_superclass::Triterpenoids	0,0,0,0,0,0,0,0,0,0,0,0,0,0,1,1,0,0,0,0,0,0,0	0,1,0,0,1,1,0,0,0,1,0,1,1,0,0,0,1,1,0,1,1,0,0	-6.472636,8.994659,-11.291286,-1.524525,4.557809,5.746062,-5.291164,-11.014879,-1.515498,0.169360,-4.871848,0.642753,16.709869,-1.105664,-5.551226,-3.799925,0.414151,2.381756,-0.822252,2.301011,4.352411,-3.553556,-4.718755
Obas_CAAT2_QKK36037.1	Obas_CAAT2_QKK36037.1	acceptor_superclass::Phenylpropanoids (C6-C3)	acceptor_superclass::Cyclic polyketides;acceptor_superclass::Fatty acyls;acceptor_superclass::Flavonoids;acceptor_superclass::Lysine alkaloids;acceptor_superclass::Monoterpenoids;acceptor_superclass::Naphthalenes;acceptor_superclass::Ornithine alkaloids;acceptor_superclass::Phenanthrenoids;acceptor_superclass::Phenylethanoids (C6-C2);acceptor_superclass::Pseudoalkaloids;acceptor_superclass::Saccharides;acceptor_superclass::Steroids;acceptor_superclass::Triterpenoids	0,0,0,0,0,0,0,0,0,0,0,0,0,0,0,1,0,0,0,0,0,0,0	0,1,0,0,1,1,0,0,1,1,1,1,1,0,1,0,1,1,0,1,1,0,0	-26.423567,33.283661,-4.047805,-10.796409,3.962693,0.778279,-15.781227,-4.415352,14.490018,7.791370,5.154617,4.386199,3.456628,-18.077785,1.282493,-0.248998,1.709375,9.733762,-18.001368,0.165042,13.750979,-9.693041,-14.821347
Oeur_AT1_XP_022859703.1	Oeur_AT1_XP_022859703.1	acceptor_superclass::Phenylethanoids (C6-C2)	acceptor_superclass::Coumarins;acceptor_superclass::Fatty Acids and Conjugates;acceptor_superclass::Fatty acyls;acceptor_superclass::Isoflavonoids;acceptor_superclass::Ornithine alkaloids;acceptor_superclass::Phenanthrenoids;acceptor_superclass::Phenolic acids (C6-C1);acceptor_superclass::Phenylethanoids (C6-C2);acceptor_superclass::Phenylpropanoids (C6-C3);acceptor_superclass::Pseudoalkaloids;acceptor_superclass::Small peptides;acceptor_superclass::Steroids	0,0,0,0,0,0,0,0,0,0,0,0,0,0,1,0,0,0,0,0,0,0,0	1,0,0,1,1,0,1,0,0,0,0,1,1,1,1,1,1,0,1,1,0,0,0	8.058476,-4.865933,-12.417031,0.844572,0.254748,-1.290747,4.336477,-3.746351,-12.601211,-7.715466,-0.279134,0.381210,3.277477,1.536467,3.545158,1.711789,0.816697,-5.433285,0.541006,2.983988,-7.889393,-2.821301,-3.276172
Osat_AHT1_CAE03579.1	Osat_AHT1_CAE03579.1	acceptor_superclass::Ornithine alkaloids;acceptor_superclass::Pseudoalkaloids	acceptor_superclass::Diterpenoids;acceptor_superclass::Fatty Acids and Conjugates;acceptor_superclass::Isoflavonoids;acceptor_superclass::Phenylethanoids (C6-C2);acceptor_superclass::Saccharides;acceptor_superclass::Small peptides;acceptor_superclass::Steroids;acceptor_superclass::Triterpenoids;acceptor_superclass::Tyrosine alkaloids	0,0,0,0,0,0,0,0,0,0,0,1,0,0,0,0,1,0,0,0,0,0,0	0,0,1,1,0,0,1,0,0,0,0,0,0,0,1,0,0,1,1,1,1,0,1	-4.329031,-4.286464,0.977434,1.046783,-2.431298,-1.146203,1.133021,-12.920780,-13.447113,-6.048174,-8.808110,-1.634593,-8.151717,-0.696773,7.021957,-1.810560,-2.416083,6.164873,2.600746,4.719347,1.983751,-4.065163,2.489663
Osat_AT10_BAD33123.1	Osat_AT10_BAD33123.1	acceptor_superclass::Phenylpropanoids (C6-C3)	acceptor_superclass::Cyclic polyketides;acceptor_superclass::Diterpenoids;acceptor_superclass::Fatty acyls;acceptor_superclass::Monoterpenoids;acceptor_superclass::Phenylethanoids (C6-C2);acceptor_superclass::Phenylpropanoids (C6-C3);acceptor_superclass::Saccharides;acceptor_superclass::Triterpenoids	0,0,0,0,0,0,0,0,0,0,0,0,0,0,0,1,0,0,0,0,0,0,0	0,1,1,0,1,0,0,0,0,1,0,0,0,0,1,1,0,1,0,0,1,0,0	-11.803724,1.520585,2.466552,-0.558907,1.244504,-4.776731,-7.412198,-7.338574,-1.863127,1.397894,-2.735854,-2.220554,-4.181233,-4.804540,1.742080,2.191890,-1.678547,7.481726,-3.082438,-11.303734,2.338018,-0.788437,-0.148854
Osat_DPW2_BAS75979.1	Osat_DPW2_BAS75979.1	acceptor_superclass::Fatty Acids and Conjugates	acceptor_superclass::Diterpenoids;acceptor_superclass::Fatty Acids and Conjugates;acceptor_superclass::Isoflavonoids;acceptor_superclass::Phenylethanoids (C6-C2);acceptor_superclass::Saccharides;acceptor_superclass::Small peptides;acceptor_superclass::Steroids;acceptor_superclass::Triterpenoids;acceptor_superclass::Tyrosine alkaloids	0,0,0,1,0,0,0,0,0,0,0,0,0,0,0,0,0,0,0,0,0,0,0	0,0,1,1,0,0,1,0,0,0,0,0,0,0,1,0,0,1,1,1,1,0,1	-6.019004,-4.220873,2.129941,0.951470,-2.211412,-1.752648,0.932910,-16.933844,-15.755836,-7.032280,-10.805741,-1.962538,-10.639018,-1.665241,8.348160,-1.897901,-3.032153,6.920283,1.782380,4.603201,2.127567,-4.830604,1.998473
Osat_FMT_BAF16996.1	Osat_FMT_BAF16996.1	acceptor_superclass::Phenylpropanoids (C6-C3)	acceptor_superclass::Cyclic polyketides;acceptor_superclass::Diterpenoids;acceptor_superclass::Fatty acyls;acceptor_superclass::Flavonoids;acceptor_superclass::Lysine alkaloids;acceptor_superclass::Monoterpenoids;acceptor_superclass::Pseudoalkaloids;acceptor_superclass::Saccharides	0,0,0,0,0,0,0,0,0,0,0,0,0,0,0,1,0,0,0,0,0,0,0	0,1,1,0,1,1,0,0,1,1,0,0,0,0,0,0,1,1,0,0,0,0,0	-5.472606,1.313234,0.575881,-3.689501,2.564135,0.325975,-6.815800,-0.654621,1.013233,0.525502,-1.574875,-0.878843,-1.278568,-4.336287,-0.211274,-0.017937,1.473878,0.082534,-3.380501,-3.334427,-0.006580,-0.684402,-1.988664
Osat_HCT4_BAD72437.1	Osat_HCT4_BAD72437.1	acceptor_superclass::Phenolic acids (C6-C1)	acceptor_superclass::Diterpenoids;acceptor_superclass::Fatty Acids and Conjugates;acceptor_superclass::Isoflavonoids;acceptor_superclass::Phenylethanoids (C6-C2);acceptor_superclass::Saccharides;acceptor_superclass::Small peptides;acceptor_superclass::Steroids;acceptor_superclass::Triterpenoids;acceptor_superclass::Tyrosine alkaloids	0,0,0,0,0,0,0,0,0,0,0,0,0,1,0,0,0,0,0,0,0,0,0	0,0,1,1,0,0,1,0,0,0,0,0,0,0,1,0,0,1,1,1,1,0,1	-4.588860,-2.973171,1.834612,0.688345,-1.521048,-1.481981,0.371476,-12.877180,-11.368586,-5.171028,-7.608303,-1.389842,-8.087328,-1.429919,6.244797,-1.209617,-2.335893,5.585765,1.165524,3.187794,1.817941,-3.058974,1.432097
Osat_MAT-2_BAG96218.1	Osat_MAT-2_BAG96218.1	acceptor_superclass::Flavonoids;acceptor_superclass::Isoflavonoids	acceptor_superclass::Cyclic polyketides;acceptor_superclass::Fatty acyls;acceptor_superclass::Flavonoids;acceptor_superclass::Lysine alkaloids;acceptor_superclass::Monoterpenoids;acceptor_superclass::Naphthalenes;acceptor_superclass::Ornithine alkaloids;acceptor_superclass::Phenanthrenoids;acceptor_superclass::Pseudoalkaloids;acceptor_superclass::Saccharides;acceptor_superclass::Steroids;acceptor_superclass::Triterpenoids	0,0,0,0,0,1,1,0,0,0,0,0,0,0,0,0,0,0,0,0,0,0,0	0,1,0,0,1,1,0,0,1,1,1,1,1,0,0,0,1,1,0,1,1,0,0	-13.554166,19.106827,-6.765085,-4.832197,2.713166,3.305790,-7.367755,-5.684442,5.481352,2.936916,0.720036,3.532373,8.328724,-8.939539,-1.051519,-2.033189,1.408609,4.282141,-8.642193,1.754182,7.550174,-6.125266,-7.975080
Osat_PHT2_BAD72527.1	Osat_PHT2_BAD72527.1	acceptor_superclass::Ornithine alkaloids;acceptor_superclass::Pseudoalkaloids	acceptor_superclass::Coumarins;acceptor_superclass::Fatty acyls;acceptor_superclass::Isoflavonoids;acceptor_superclass::Lignans;acceptor_superclass::Naphthalenes;acceptor_superclass::Phenanthrenoids;acceptor_superclass::Phenylethanoids (C6-C2);acceptor_superclass::Phenylpropanoids (C6-C3);acceptor_superclass::Saccharides	0,0,0,0,0,0,0,0,0,0,0,1,0,0,0,0,1,0,0,0,0,0,0	1,0,0,0,1,0,1,1,0,0,1,0,1,0,1,1,0,1,0,0,0,0,0	3.047059,-7.058216,-4.777047,-2.841815,0.741468,-2.327943,0.764310,2.223218,-6.649636,-8.709452,1.651681,-0.793750,2.049113,-6.321676,1.108583,0.259382,-1.567460,2.845790,-9.579958,-4.504563,-3.952311,-1.063944,-6.450204
Osat_PHT3_BAC79154.1	Osat_PHT3_BAC79154.1	acceptor_superclass::Ornithine alkaloids;acceptor_superclass::Pseudoalkaloids	acceptor_superclass::Fatty Acids and Conjugates;acceptor_superclass::Ornithine alkaloids;acceptor_superclass::Phenylethanoids (C6-C2);acceptor_superclass::Triterpenoids;acceptor_superclass::Tyrosine alkaloids	0,0,0,0,0,0,0,0,0,0,0,1,0,0,0,0,1,0,0,0,0,0,0	0,0,0,1,0,0,0,0,0,0,0,1,0,0,1,0,0,0,0,0,1,0,1	-4.915133,-6.159544,-6.485282,0.915948,-0.467992,-3.366672,-3.041060,-11.279032,-5.800941,-2.020628,-3.505667,0.603235,-4.619606,-0.992594,0.515037,-0.417476,-1.345741,-0.271205,-0.262085,-5.024801,1.217817,-3.859260,0.760469
Osat_PHT4_BAC79155.1	Osat_PHT4_BAC79155.1	acceptor_superclass::Ornithine alkaloids;acceptor_superclass::Pseudoalkaloids	acceptor_superclass::Fatty acyls;acceptor_superclass::Phenanthrenoids;acceptor_superclass::Phenylpropanoids (C6-C3);acceptor_superclass::Pseudoalkaloids;acceptor_superclass::Small peptides;acceptor_superclass::Triterpenoids	0,0,0,0,0,0,0,0,0,0,0,1,0,0,0,0,1,0,0,0,0,0,0	0,0,0,0,1,0,0,0,0,0,0,0,1,0,0,1,1,0,1,0,1,0,0	-4.975736,-2.824595,-1.372455,-2.107951,0.021654,-0.741849,-4.783941,-1.374486,-1.157933,-0.554288,-3.650196,-0.568904,0.814775,-0.463747,-0.202098,0.377591,0.256316,-0.219150,0.125345,-2.372198,0.371456,-1.600146,-0.184669
Osat_PHT4_BAC79155.1	Osat_PHT_BAC79155.1	acceptor_superclass::Ornithine alkaloids;acceptor_superclass::Pseudoalkaloids	acceptor_superclass::Fatty Acids and Conjugates;acceptor_superclass::Ornithine alkaloids;acceptor_superclass::Phenylethanoids (C6-C2);acceptor_superclass::Saccharides;acceptor_superclass::Triterpenoids;acceptor_superclass::Tyrosine alkaloids	0,0,0,0,0,0,0,0,0,0,0,1,0,0,0,0,1,0,0,0,0,0,0	0,0,0,1,0,0,0,0,0,0,0,1,0,0,1,0,0,1,0,0,1,0,1	-4.217030,-3.808718,-6.017568,0.789659,-0.690211,-2.470188,-1.248924,-10.671968,-5.877786,-1.658035,-2.417632,0.755588,-3.317777,-3.141797,0.918675,-0.343586,-1.034318,0.354641,-1.030145,-4.060797,0.976938,-3.848046,0.536606
Osat_PMT1_BAG87540.1	Osat_PMT1_BAG87540.1	acceptor_superclass::Phenylethanoids (C6-C2);acceptor_superclass::Phenylpropanoids (C6-C3)	acceptor_superclass::Cyclic polyketides;acceptor_superclass::Diterpenoids;acceptor_superclass::Fatty acyls;acceptor_superclass::Lysine alkaloids;acceptor_superclass::Monoterpenoids;acceptor_superclass::Phenylpropanoids (C6-C3);acceptor_superclass::Pseudoalkaloids;acceptor_superclass::Saccharides	0,0,0,0,0,0,0,0,0,0,0,0,0,0,1,1,0,0,0,0,0,0,0	0,1,1,0,1,0,0,0,1,1,0,0,0,0,0,1,1,1,0,0,0,0,0	-6.524205,0.666663,0.664019,-3.713563,2.993681,-0.038659,-7.996095,-0.574537,1.274098,0.816076,-2.819582,-0.948250,-1.733839,-3.938883,-0.121115,0.364633,1.475917,0.424967,-3.383595,-4.227874,-0.073685,-1.201239,-2.191111
Osat_PMT2_BAG91648.1	Osat_PMT2_BAG91648.1	acceptor_superclass::Phenylpropanoids (C6-C3)	acceptor_superclass::Cyclic polyketides;acceptor_superclass::Fatty acyls;acceptor_superclass::Flavonoids;acceptor_superclass::Lysine alkaloids;acceptor_superclass::Monoterpenoids;acceptor_superclass::Ornithine alkaloids;acceptor_superclass::Phenanthrenoids;acceptor_superclass::Pseudoalkaloids;acceptor_superclass::Saccharides;acceptor_superclass::Steroids;acceptor_superclass::Triterpenoids	0,0,0,0,0,0,0,0,0,0,0,0,0,0,0,1,0,0,0,0,0,0,0	0,1,0,0,1,1,0,0,1,1,0,1,1,0,0,0,1,1,0,1,1,0,0	-10.148996,13.299371,-5.278830,-3.521867,2.682463,2.332881,-6.549594,-5.161284,3.792012,2.391260,-0.371024,1.918767,6.781640,-6.158510,-1.258060,-1.225037,0.862315,3.600937,-5.902252,0.875988,5.607170,-4.194224,-6.022243
Osat_TBT1_ANQ47375.1	Osat_TBT1_ANQ47375.1	acceptor_superclass::Ornithine alkaloids;acceptor_superclass::Pseudoalkaloids;acceptor_superclass::Tryptophan alkaloids	acceptor_superclass::Diterpenoids;acceptor_superclass::Fatty acyls;acceptor_superclass::Phenylethanoids (C6-C2);acceptor_superclass::Saccharides;acceptor_superclass::Triterpenoids	0,0,0,0,0,0,0,0,0,0,0,1,0,0,0,0,1,0,0,0,0,1,0	0,0,1,0,1,0,0,0,0,0,0,0,0,0,1,0,0,1,0,0,1,0,0	-7.992394,-0.405319,4.702836,-0.070582,0.223464,-2.084920,-0.822578,-19.094160,-11.872253,-5.154192,-9.726512,-1.015015,-12.513294,-3.323416,7.008092,-1.267171,-1.681197,5.229399,-2.782489,-0.110485,1.009604,-3.346664,-1.695288
Osat_TBT2_ANQ47376.1	Osat_TBT2_ANQ47376.1	acceptor_superclass::Tryptophan alkaloids	acceptor_superclass::Fatty Acids and Conjugates;acceptor_superclass::Phenylethanoids (C6-C2);acceptor_superclass::Phenylpropanoids (C6-C3);acceptor_superclass::Saccharides;acceptor_superclass::Triterpenoids;acceptor_superclass::Tyrosine alkaloids	0,0,0,0,0,0,0,0,0,0,0,0,0,0,0,0,0,0,0,0,0,1,0	0,0,0,1,0,0,0,0,0,0,0,0,0,0,1,1,0,1,0,0,1,0,1	-6.359249,-2.663164,-3.198113,0.456851,-0.681444,-3.551742,-2.834948,-9.596386,-5.163460,-1.389418,-1.752753,-0.045084,-4.222619,-3.355241,0.938885,0.068773,-0.772575,2.462191,-1.598808,-6.607872,1.640183,-2.087055,0.546109
Osat_THT1_ANQ47373.1	Osat_THT1_ANQ47373.1	acceptor_superclass::Ornithine alkaloids;acceptor_superclass::Tryptophan alkaloids;acceptor_superclass::Tyrosine alkaloids	acceptor_superclass::Phenylethanoids (C6-C2);acceptor_superclass::Phenylpropanoids (C6-C3);acceptor_superclass::Saccharides;acceptor_superclass::Triterpenoids;acceptor_superclass::Tyrosine alkaloids	0,0,0,0,0,0,0,0,0,0,0,1,0,0,0,0,0,0,0,0,0,1,1	0,0,0,0,0,0,0,0,0,0,0,0,0,0,1,1,0,1,0,0,1,0,1	-6.611115,-1.233586,-1.626427,-0.061619,-0.054154,-3.252625,-3.577150,-7.684334,-3.688568,-0.448946,-1.788490,-0.649722,-3.643680,-3.448491,0.952388,0.552636,-0.918982,3.005830,-1.661909,-6.596097,1.584141,-1.910526,0.365144
Osat_THT2_AAM74310.1	Osat_THT2_AAM74310.1	acceptor_superclass::Tryptophan alkaloids;acceptor_superclass::Tyrosine alkaloids	acceptor_superclass::Coumarins;acceptor_superclass::Diterpenoids;acceptor_superclass::Fatty acyls;acceptor_superclass::Lignans;acceptor_superclass::Naphthalenes;acceptor_superclass::Phenanthrenoids;acceptor_superclass::Saccharides	0,0,0,0,0,0,0,0,0,0,0,0,0,0,0,0,0,0,0,0,0,1,1	1,0,1,0,1,0,0,1,0,0,1,0,1,0,0,0,0,1,0,0,0,0,0	0.168114,-6.458254,0.287872,-4.316230,1.209038,-1.685836,-0.939282,5.054747,-1.215803,-8.243927,1.373213,-0.859690,1.886590,-9.027631,-1.617904,-0.417279,-2.218133,4.160483,-12.206020,-8.094534,-1.986720,-1.520690,-6.628889
Paff_BAHD21_NA	Paff_BAHD21_NA	acceptor_superclass::Flavonoids	acceptor_superclass::Diterpenoids;acceptor_superclass::Fatty Acids and Conjugates;acceptor_superclass::Isoflavonoids;acceptor_superclass::Phenylethanoids (C6-C2);acceptor_superclass::Saccharides;acceptor_superclass::Steroids;acceptor_superclass::Triterpenoids;acceptor_superclass::Tyrosine alkaloids	0,0,0,0,0,1,0,0,0,0,0,0,0,0,0,0,0,0,0,0,0,0,0	0,0,1,1,0,0,1,0,0,0,0,0,0,0,1,0,0,1,0,1,1,0,1	-7.096762,-2.134405,3.380452,0.279655,-1.822046,-1.316220,1.548112,-19.260977,-15.649347,-6.917719,-11.778309,-1.967634,-11.758756,-2.373401,8.180699,-1.929883,-2.491373,5.682885,-0.332450,3.344413,1.518308,-5.362992,0.346314
Papp_HCT_AXN55972.1	Papp_HCT_AXN55972.1	acceptor_superclass::Phenolic acids (C6-C1)	acceptor_superclass::Cyclic polyketides;acceptor_superclass::Fatty acyls;acceptor_superclass::Flavonoids;acceptor_superclass::Lysine alkaloids;acceptor_superclass::Monoterpenoids;acceptor_superclass::Ornithine alkaloids;acceptor_superclass::Phenanthrenoids;acceptor_superclass::Pseudoalkaloids;acceptor_superclass::Saccharides;acceptor_superclass::Steroids;acceptor_superclass::Triterpenoids	0,0,0,0,0,0,0,0,0,0,0,0,0,1,0,0,0,0,0,0,0,0,0	0,1,0,0,1,1,0,0,1,1,0,1,1,0,0,0,1,1,0,1,1,0,0	-10.454070,11.015571,-9.912675,-2.619011,5.000961,3.977721,-8.517165,-9.955090,0.137353,1.677369,-4.349144,0.490077,14.185302,-1.769132,-4.967220,-3.093641,0.262722,6.301981,-3.994765,0.404257,6.193862,-2.148954,-6.038159
Paxi_ASAT1_AOR06331.1	Paxi_ASAT1_AOR06331.1	acceptor_superclass::Saccharides	acceptor_superclass::Cyclic polyketides;acceptor_superclass::Fatty acyls;acceptor_superclass::Flavonoids;acceptor_superclass::Lysine alkaloids;acceptor_superclass::Monoterpenoids;acceptor_superclass::Naphthalenes;acceptor_superclass::Ornithine alkaloids;acceptor_superclass::Phenanthrenoids;acceptor_superclass::Phenylethanoids (C6-C2);acceptor_superclass::Pseudoalkaloids;acceptor_superclass::Saccharides;acceptor_superclass::Steroids;acceptor_superclass::Triterpenoids	0,0,0,0,0,0,0,0,0,0,0,0,0,0,0,0,0,1,0,0,0,0,0	0,1,0,0,1,1,0,0,1,1,1,1,1,0,1,0,1,1,0,1,1,0,0	-21.971867,27.936441,-3.583513,-8.764792,3.361791,0.796098,-13.002921,-3.839437,11.537245,6.403664,4.728206,3.930430,3.263745,-14.784334,0.937412,-0.524267,1.312709,8.354802,-15.305524,0.096995,11.582475,-7.386751,-12.198978
Paxi_ASAT1_AOR06331.1	Paxi_ASAT2_AOR06331.1		acceptor_superclass::Cyclic polyketides;acceptor_superclass::Diterpenoids;acceptor_superclass::Fatty acyls;acceptor_superclass::Phenylethanoids (C6-C2);acceptor_superclass::Saccharides	0,0,0,0,0,0,0,0,0,0,0,0,0,0,0,0,0,0,0,0,0,0,0	0,1,1,0,1,0,0,0,0,0,0,0,0,0,1,0,0,1,0,0,0,0,0	-18.141790,5.370022,12.741090,-2.198428,4.592952,-4.602608,-4.041785,-38.488163,-15.767083,-6.395642,-16.990631,-0.759193,-26.051813,-9.440836,10.441247,-1.334109,-1.491968,5.318062,-12.846106,-7.556563,-0.823796,-5.139069,-9.309110
Paxi_ASAT3_AOR06333.1	Paxi_ASAT3_AOR06333.1		acceptor_superclass::Diterpenoids;acceptor_superclass::Fatty acyls;acceptor_superclass::Lignans;acceptor_superclass::Naphthalenes;acceptor_superclass::Phenanthrenoids;acceptor_superclass::Saccharides	0,0,0,0,0,0,0,0,0,0,0,0,0,0,0,0,0,0,0,0,0,0,0	0,0,1,0,1,0,0,1,0,0,1,0,1,0,0,0,0,1,0,0,0,0,0	-0.116785,-9.336275,0.896429,-6.355057,1.741654,-2.431240,-1.610409,7.506068,-1.269058,-11.592337,2.071172,-1.618635,2.611160,-13.260259,-2.406147,-0.513798,-3.465939,6.270345,-17.922873,-11.879387,-2.654521,-2.398915,-9.456878
Paxi_ASAT4_AOR06334.1	Paxi_ASAT4_AOR06334.1		acceptor_superclass::Cyclic polyketides;acceptor_superclass::Diterpenoids;acceptor_superclass::Fatty acyls;acceptor_superclass::Lignans;acceptor_superclass::Lysine alkaloids;acceptor_superclass::Naphthalenes;acceptor_superclass::Phenylethanoids (C6-C2);acceptor_superclass::Pseudoalkaloids;acceptor_superclass::Saccharides;acceptor_superclass::Triterpenoids;acceptor_superclass::Tryptophan alkaloids	0,0,0,0,0,0,0,0,0,0,0,0,0,0,0,0,0,0,0,0,0,0,0	0,1,1,0,1,0,0,1,1,0,1,0,0,0,1,0,1,1,0,0,1,1,0	-14.800270,1.933179,5.083089,-5.687269,4.246245,-4.037093,-15.942682,1.111770,3.753796,-0.432100,0.681423,-2.926389,-7.269117,-4.193942,0.578800,-0.436669,2.749791,5.777079,-6.597390,-8.273608,2.125199,6.115813,-3.157437
Paxi_CFAT_ABG75942.1	Paxi_CFAT_ABG75942.1	acceptor_superclass::Fatty acyls;acceptor_superclass::Monoterpenoids;acceptor_superclass::Phenylethanoids (C6-C2);acceptor_superclass::Phenylpropanoids (C6-C3)	acceptor_superclass::Cyclic polyketides;acceptor_superclass::Diterpenoids;acceptor_superclass::Fatty acyls;acceptor_superclass::Phenylethanoids (C6-C2);acceptor_superclass::Saccharides	0,0,0,0,1,0,0,0,0,1,0,0,0,0,1,1,0,0,0,0,0,0,0	0,1,1,0,1,0,0,0,0,0,0,0,0,0,1,0,0,1,0,0,0,0,0	-20.791649,6.878449,14.762264,-2.840756,5.771468,-5.185599,-4.744931,-43.437889,-16.899839,-6.837439,-19.122351,-0.563372,-29.633425,-11.100883,11.269332,-1.297041,-1.357817,4.835036,-15.556354,-9.281376,-1.643788,-6.115630,-11.315691
Pbar_AT1_WEX29777.1	Pbar_AT1_WEX29777.1	acceptor_superclass::Phenylethanoids (C6-C2)	acceptor_superclass::Coumarins;acceptor_superclass::Fatty Acids and Conjugates;acceptor_superclass::Fatty acyls;acceptor_superclass::Isoflavonoids;acceptor_superclass::Ornithine alkaloids;acceptor_superclass::Phenanthrenoids;acceptor_superclass::Phenolic acids (C6-C1);acceptor_superclass::Phenylethanoids (C6-C2);acceptor_superclass::Phenylpropanoids (C6-C3);acceptor_superclass::Pseudoalkaloids;acceptor_superclass::Small peptides;acceptor_superclass::Steroids	0,0,0,0,0,0,0,0,0,0,0,0,0,0,1,0,0,0,0,0,0,0,0	1,0,0,1,1,0,1,0,0,0,0,1,1,1,1,1,1,0,1,1,0,0,0	8.206038,-5.009578,-12.530881,0.760446,0.283363,-1.284346,4.448594,-3.717842,-12.717059,-7.971439,-0.249335,0.345933,3.414259,1.359263,3.526025,1.693579,0.729270,-5.462008,0.371053,2.906500,-7.992785,-2.862090,-3.387221
Pcam_HCT_QDF44405.1	Pcam_HCT_QDF44405.1	acceptor_superclass::Phenolic acids (C6-C1)	acceptor_superclass::Fatty Acids and Conjugates;acceptor_superclass::Ornithine alkaloids;acceptor_superclass::Phenolic acids (C6-C1);acceptor_superclass::Small peptides;acceptor_superclass::Triterpenoids;acceptor_superclass::Tyrosine alkaloids	0,0,0,0,0,0,0,0,0,0,0,0,0,1,0,0,0,0,0,0,0,0,0	0,0,0,1,0,0,0,0,0,0,0,1,0,1,0,0,0,0,1,0,1,0,1	-5.408708,-16.892611,-15.025057,1.423717,-0.632915,-5.922650,-6.790993,-19.241856,-9.508119,-4.853903,-8.371956,0.785205,-9.809527,3.819481,-0.755222,-1.887809,-3.730768,-6.370449,2.632385,-5.832584,1.509129,-8.656190,1.719032
Pcam_HQT_QDF44406.1	Pcam_HQT_QDF44406.1	acceptor_superclass::Phenolic acids (C6-C1)	acceptor_superclass::Coumarins;acceptor_superclass::Fatty Acids and Conjugates;acceptor_superclass::Fatty acyls;acceptor_superclass::Isoflavonoids;acceptor_superclass::Ornithine alkaloids;acceptor_superclass::Phenanthrenoids;acceptor_superclass::Phenolic acids (C6-C1);acceptor_superclass::Phenylethanoids (C6-C2);acceptor_superclass::Phenylpropanoids (C6-C3);acceptor_superclass::Pseudoalkaloids;acceptor_superclass::Small peptides;acceptor_superclass::Steroids	0,0,0,0,0,0,0,0,0,0,0,0,0,1,0,0,0,0,0,0,0,0,0	1,0,0,1,1,0,1,0,0,0,0,1,1,1,1,1,1,0,1,1,0,0,0	9.645578,-5.814738,-14.880662,1.022308,0.356062,-1.541942,5.219391,-4.525447,-15.090236,-9.222026,-0.383643,0.391515,3.886826,1.902385,4.235387,2.052847,0.956261,-6.566290,0.697839,3.619426,-9.481082,-3.406295,-3.911409
Pcam_RAS_QDF44407.1	Pcam_RAS_QDF44407.1	acceptor_superclass::Phenolic acids (C6-C1)	acceptor_superclass::Fatty acyls;acceptor_superclass::Monoterpenoids;acceptor_superclass::Phenanthrenoids;acceptor_superclass::Phenolic acids (C6-C1);acceptor_superclass::Phenylethanoids (C6-C2);acceptor_superclass::Phenylpropanoids (C6-C3);acceptor_superclass::Small peptides;acceptor_superclass::Tyrosine alkaloids	0,0,0,0,0,0,0,0,0,0,0,0,0,1,0,0,0,0,0,0,0,0,0	0,0,0,0,1,0,0,0,0,1,0,0,1,1,1,1,0,0,1,0,0,0,1	-6.179630,-8.038430,-3.608324,-1.669915,0.298688,-0.996515,-6.947220,-2.113705,-1.617435,0.358612,-9.658269,-2.952424,3.040807,1.148663,0.192556,1.282956,-3.773683,-1.837846,2.804625,-4.000861,-1.601568,-7.627773,0.657254
Pcru_3MAT_AAO38058.1	Pcru_3MAT_AAO38058.1	acceptor_superclass::Flavonoids	acceptor_superclass::Coumarins;acceptor_superclass::Fatty acyls;acceptor_superclass::Isoflavonoids;acceptor_superclass::Lignans;acceptor_superclass::Naphthalenes;acceptor_superclass::Phenanthrenoids;acceptor_superclass::Phenylpropanoids (C6-C3);acceptor_superclass::Saccharides	0,0,0,0,0,1,0,0,0,0,0,0,0,0,0,0,0,0,0,0,0,0,0	1,0,0,0,1,0,1,1,0,0,1,0,1,0,0,1,0,1,0,0,0,0,0	3.871798,-7.147871,-4.570997,-3.349046,1.397272,-1.252307,1.671864,2.555013,-5.322265,-10.352228,0.714243,-0.307402,3.790665,-7.106107,-0.538345,0.140521,-1.603133,0.631122,-9.503332,-5.391767,-4.846107,-2.639403,-6.699930
Pfru_3AT_BAA93475.1	Pfru_3AT_BAA93475.1	acceptor_superclass::Flavonoids	acceptor_superclass::Cyclic polyketides;acceptor_superclass::Fatty acyls;acceptor_superclass::Flavonoids;acceptor_superclass::Ornithine alkaloids;acceptor_superclass::Phenanthrenoids;acceptor_superclass::Pseudoalkaloids;acceptor_superclass::Saccharides;acceptor_superclass::Steroids;acceptor_superclass::Triterpenoids	0,0,0,0,0,1,0,0,0,0,0,0,0,0,0,0,0,0,0,0,0,0,0	0,1,0,0,1,1,0,0,0,0,0,1,1,0,0,0,1,1,0,1,1,0,0	-4.480685,8.787601,-11.921276,-0.593661,3.533114,6.607461,-2.766580,-10.396794,-2.403754,-0.826682,-5.184650,1.685712,17.107401,-1.186831,-5.049762,-4.196733,0.780493,0.165735,-0.009442,3.587343,3.329567,-4.518666,-4.062407
Phyb_AAT_AAW31948.1	Phyb_AAT_AAW31948.1	acceptor_superclass::Fatty acyls;acceptor_superclass::Monoterpenoids	acceptor_superclass::Coumarins;acceptor_superclass::Fatty acyls;acceptor_superclass::Lignans;acceptor_superclass::Naphthalenes;acceptor_superclass::Phenanthrenoids;acceptor_superclass::Saccharides	0,0,0,0,1,0,0,0,0,1,0,0,0,0,0,0,0,0,0,0,0,0,0	1,0,0,0,1,0,0,1,0,0,1,0,1,0,0,0,0,1,0,0,0,0,0	0.833160,-6.827148,-0.598896,-4.447882,1.321651,-1.692753,-0.490569,4.860736,-1.974042,-9.123341,1.365243,-0.867422,2.346028,-9.221292,-1.516528,-0.309354,-2.264051,3.671196,-12.374327,-8.028353,-2.615008,-1.896024,-6.986967
Phyb_BPBT_AAU06226.1	Phyb_BPBT_AAU06226.1	acceptor_superclass::Fatty acyls;acceptor_superclass::Monoterpenoids;acceptor_superclass::Phenylethanoids (C6-C2);acceptor_superclass::Phenylpropanoids (C6-C3)	acceptor_superclass::Fatty acyls;acceptor_superclass::Phenylethanoids (C6-C2);acceptor_superclass::Phenylpropanoids (C6-C3);acceptor_superclass::Saccharides;acceptor_superclass::Triterpenoids;acceptor_superclass::Tyrosine alkaloids	0,0,0,0,1,0,0,0,0,1,0,0,0,0,1,1,0,0,0,0,0,0,0	0,0,0,0,1,0,0,0,0,0,0,0,0,0,1,1,0,1,0,0,1,0,1	-10.200490,-7.731304,-5.424840,-0.055892,1.162179,-6.072042,-8.828983,-13.329864,-4.909711,-1.209039,-6.087180,-1.607804,-7.802957,-0.854503,0.426242,0.513248,-3.154147,0.970632,-0.512597,-9.865389,2.293494,-5.182253,0.669175
Phyb_CFAT_ABG75942.1	Phyb_CFAT_ABG75942.1	acceptor_superclass::Phenylpropanoids (C6-C3)	acceptor_superclass::Cyclic polyketides;acceptor_superclass::Diterpenoids;acceptor_superclass::Fatty acyls;acceptor_superclass::Phenylethanoids (C6-C2);acceptor_superclass::Saccharides	0,0,0,0,0,0,0,0,0,0,0,0,0,0,0,1,0,0,0,0,0,0,0	0,1,1,0,1,0,0,0,0,0,0,0,0,0,1,0,0,1,0,0,0,0,0	-20.791649,6.878449,14.762264,-2.840756,5.771468,-5.185599,-4.744931,-43.437889,-16.899839,-6.837439,-19.122351,-0.563372,-29.633425,-11.100883,11.269332,-1.297041,-1.357817,4.835036,-15.556354,-9.281376,-1.643788,-6.115630,-11.315691
Pnig_PAS_QUS53101.1	Pnig_BAHD1_QUS53101.1	acceptor_superclass::Lysine alkaloids;acceptor_superclass::Pseudoalkaloids	acceptor_superclass::Cyclic polyketides;acceptor_superclass::Diterpenoids;acceptor_superclass::Fatty acyls;acceptor_superclass::Lignans;acceptor_superclass::Lysine alkaloids;acceptor_superclass::Monoterpenoids;acceptor_superclass::Phenylethanoids (C6-C2);acceptor_superclass::Phenylpropanoids (C6-C3);acceptor_superclass::Pseudoalkaloids;acceptor_superclass::Saccharides;acceptor_superclass::Triterpenoids;acceptor_superclass::Tryptophan alkaloids	0,0,0,0,0,0,0,0,1,0,0,0,0,0,0,0,1,0,0,0,0,0,0	0,1,1,0,1,0,0,1,1,1,0,0,0,0,1,1,1,1,0,0,1,1,0	-12.937849,0.875628,3.667962,-4.936057,5.272224,-2.470445,-14.866554,1.201180,4.104538,1.522587,-2.792554,-2.678263,-6.116422,-4.227865,0.276853,0.703974,1.261314,3.159682,-5.634121,-8.531453,0.145291,1.334534,-3.372171
Pnig_PS_QUS53100.1	Pnig_BAHD2_QUS53100.1	acceptor_superclass::Lysine alkaloids	acceptor_superclass::Cyclic polyketides;acceptor_superclass::Diterpenoids;acceptor_superclass::Fatty acyls;acceptor_superclass::Phenylethanoids (C6-C2);acceptor_superclass::Saccharides	0,0,0,0,0,0,0,0,1,0,0,0,0,0,0,0,0,0,0,0,0,0,0	0,1,1,0,1,0,0,0,0,0,0,0,0,0,1,0,0,1,0,0,0,0,0	-14.371386,3.202086,9.641262,-1.470328,3.169117,-3.658874,-2.980886,-30.859995,-13.889850,-5.727889,-14.249681,-0.760172,-21.012236,-7.230548,8.975656,-1.251135,-1.412192,4.879752,-9.250629,-4.918193,-0.508350,-4.670777,-6.635078
Pnig_HCT1_AEN02914.1	Pnig_HCT1_AEN02914.1	acceptor_superclass::Phenolic acids (C6-C1)	acceptor_superclass::Fatty Acids and Conjugates;acceptor_superclass::Isoflavonoids;acceptor_superclass::Ornithine alkaloids;acceptor_superclass::Phenylethanoids (C6-C2);acceptor_superclass::Small peptides;acceptor_superclass::Triterpenoids;acceptor_superclass::Tyrosine alkaloids	0,0,0,0,0,0,0,0,0,0,0,0,0,1,0,0,0,0,0,0,0,0,0	0,0,0,1,0,0,1,0,0,0,0,1,0,0,1,0,0,0,1,0,1,0,1	-1.314312,-12.572944,-15.552744,1.920631,-1.881683,-2.339049,0.520470,-19.022743,-11.205270,-5.083115,-4.811529,2.660223,-5.869493,-1.038093,0.245685,-2.265442,-2.009839,-5.693720,0.960611,-1.101940,0.254957,-8.825421,1.213216
Pnig_PAS_QUS53101.1	Pnig_PAS_QUS53101.1	acceptor_superclass::Lysine alkaloids;acceptor_superclass::Pseudoalkaloids	acceptor_superclass::Cyclic polyketides;acceptor_superclass::Diterpenoids;acceptor_superclass::Fatty acyls;acceptor_superclass::Phenylethanoids (C6-C2);acceptor_superclass::Saccharides	0,0,0,0,0,0,0,0,1,0,0,0,0,0,0,0,1,0,0,0,0,0,0	0,1,1,0,1,0,0,0,0,0,0,0,0,0,1,0,0,1,0,0,0,0,0	-16.767502,4.812701,11.599395,-2.096368,4.432359,-4.252677,-3.849237,-35.142139,-14.295959,-5.778922,-15.699140,-0.561750,-24.093548,-8.821017,9.521806,-1.157522,-1.186352,4.443347,-11.969763,-6.916114,-1.214516,-5.069174,-8.706366
Pnig_PHT1_BGB46908.1	Pnig_PHT1_BGB46908.1	acceptor_superclass::Ornithine alkaloids;acceptor_superclass::Pseudoalkaloids	acceptor_superclass::Coumarins;acceptor_superclass::Fatty acyls;acceptor_superclass::Isoflavonoids;acceptor_superclass::Lignans;acceptor_superclass::Naphthalenes;acceptor_superclass::Phenanthrenoids;acceptor_superclass::Phenylethanoids (C6-C2);acceptor_superclass::Phenylpropanoids (C6-C3);acceptor_superclass::Saccharides	0,0,0,0,0,0,0,0,0,0,0,1,0,0,0,0,1,0,0,0,0,0,0	1,0,0,0,1,0,1,1,0,0,1,0,1,0,1,1,0,1,0,0,0,0,0	2.597871,-4.624403,-3.775260,-1.818908,0.614696,-1.258383,0.919022,1.268879,-4.548274,-6.418962,0.698308,-0.132591,1.891556,-3.888561,0.369481,0.254256,-0.726672,0.585248,-5.779069,-2.948884,-3.279934,-1.337336,-4.227816
Pnig_PS_QUS53100.1	Pnig_PS_QUS53100.1	acceptor_superclass::Lysine alkaloids	acceptor_superclass::Cyclic polyketides;acceptor_superclass::Fatty acyls;acceptor_superclass::Flavonoids;acceptor_superclass::Lysine alkaloids;acceptor_superclass::Monoterpenoids;acceptor_superclass::Naphthalenes;acceptor_superclass::Ornithine alkaloids;acceptor_superclass::Phenanthrenoids;acceptor_superclass::Pseudoalkaloids;acceptor_superclass::Saccharides;acceptor_superclass::Steroids;acceptor_superclass::Triterpenoids	0,0,0,0,0,0,0,0,1,0,0,0,0,0,0,0,0,0,0,0,0,0,0	0,1,0,0,1,1,0,0,1,1,1,1,1,0,0,0,1,1,0,1,1,0,0	-17.227028,21.685749,-4.492024,-6.759947,3.181072,1.394792,-10.702456,-4.553452,8.739183,4.756261,2.135094,2.859796,4.901234,-11.270497,-0.132956,-0.667574,1.189368,6.472311,-11.161582,0.367851,9.202382,-6.461789,-9.768930
Post_DPBT_Pos.gene30573	Post_DPBT_Pos.gene30573	acceptor_superclass::Monoterpenoids	acceptor_superclass::Diterpenoids;acceptor_superclass::Fatty acyls;acceptor_superclass::Lysine alkaloids;acceptor_superclass::Monoterpenoids;acceptor_superclass::Phenylethanoids (C6-C2);acceptor_superclass::Phenylpropanoids (C6-C3);acceptor_superclass::Saccharides	0,0,0,0,0,0,0,0,0,1,0,0,0,0,0,0,0,0,0,0,0,0,0	0,0,1,0,1,0,0,0,1,1,0,0,0,0,1,1,0,1,0,0,0,0,0	-9.875088,-3.784551,0.357254,-2.781340,2.226993,-2.431170,-10.456232,-0.193320,1.441457,0.747481,-5.714457,-2.562622,-1.470654,-0.787616,0.152322,1.321471,-1.548872,1.552377,-0.889956,-6.182906,-0.286680,-1.878434,-1.111709
Ppat_HCT1_AMK38063.1	Ppat_HCT1_AMK38063.1	acceptor_superclass::Phenolic acids (C6-C1);acceptor_superclass::Saccharides;acceptor_superclass::Small peptides	acceptor_superclass::Cyclic polyketides;acceptor_superclass::Fatty acyls;acceptor_superclass::Flavonoids;acceptor_superclass::Lysine alkaloids;acceptor_superclass::Monoterpenoids;acceptor_superclass::Ornithine alkaloids;acceptor_superclass::Phenanthrenoids;acceptor_superclass::Pseudoalkaloids;acceptor_superclass::Saccharides;acceptor_superclass::Triterpenoids	0,0,0,0,0,0,0,0,0,0,0,0,0,1,0,0,0,1,1,0,0,0,0	0,1,0,0,1,1,0,0,1,1,0,1,1,0,0,0,1,1,0,0,1,0,0	-13.644320,14.669690,-8.513047,-3.999958,4.598658,2.847023,-10.218806,-8.446837,2.598097,2.897477,-2.849123,1.093352,11.371973,-4.036376,-3.614885,-2.402251,0.449024,7.684559,-6.751471,-0.087550,7.586786,-2.882259,-7.416162
Ppat_HCT1_AMK38063.1	Ppat_HCT_AMK38063.1	acceptor_superclass::Fatty Acids and Conjugates;acceptor_superclass::Phenolic acids (C6-C1);acceptor_superclass::Phenylpropanoids (C6-C3);acceptor_superclass::Saccharides	acceptor_superclass::Diterpenoids;acceptor_superclass::Fatty acyls;acceptor_superclass::Lignans;acceptor_superclass::Lysine alkaloids;acceptor_superclass::Phenolic acids (C6-C1);acceptor_superclass::Phenylethanoids (C6-C2);acceptor_superclass::Phenylpropanoids (C6-C3);acceptor_superclass::Saccharides;acceptor_superclass::Small peptides;acceptor_superclass::Triterpenoids;acceptor_superclass::Tryptophan alkaloids;acceptor_superclass::Tyrosine alkaloids	0,0,0,1,0,0,0,0,0,0,0,0,0,1,0,1,0,1,0,0,0,0,0	0,0,1,0,1,0,0,1,1,0,0,0,0,1,1,1,0,1,1,0,1,1,1	-13.637577,-7.312913,1.472355,-1.868753,0.498208,-5.892111,-12.950257,0.130977,0.498916,-1.000440,-7.221430,-2.272639,-3.173396,4.757530,0.533518,0.959560,-0.342045,4.607254,1.314972,-7.515629,1.412555,1.448850,0.010501
Pper_AAT1_QEZ90730.1	Pper_AAT1_QEZ90730.1	acceptor_superclass::Fatty acyls	acceptor_superclass::Cyclic polyketides;acceptor_superclass::Fatty acyls;acceptor_superclass::Flavonoids;acceptor_superclass::Lysine alkaloids;acceptor_superclass::Monoterpenoids;acceptor_superclass::Ornithine alkaloids;acceptor_superclass::Phenanthrenoids;acceptor_superclass::Pseudoalkaloids;acceptor_superclass::Saccharides;acceptor_superclass::Steroids;acceptor_superclass::Triterpenoids	0,0,0,0,1,0,0,0,0,0,0,0,0,0,0,0,0,0,0,0,0,0,0	0,1,0,0,1,1,0,0,1,1,0,1,1,0,0,0,1,1,0,1,1,0,0	-10.744715,13.881778,-10.050612,-3.379438,4.901815,4.907796,-7.970160,-10.056666,2.114599,1.783422,-3.450441,1.173384,14.369760,-5.012719,-4.311629,-2.806402,0.732098,3.998202,-4.334484,1.658250,6.372361,-5.118034,-7.171472
Prad_HCT_ABO52899.1	Prad_HCT_ABO52899.1	acceptor_superclass::Phenolic acids (C6-C1);acceptor_superclass::Small peptides	acceptor_superclass::Fatty Acids and Conjugates;acceptor_superclass::Isoflavonoids;acceptor_superclass::Phenolic acids (C6-C1);acceptor_superclass::Phenylethanoids (C6-C2);acceptor_superclass::Saccharides;acceptor_superclass::Small peptides;acceptor_superclass::Steroids;acceptor_superclass::Triterpenoids;acceptor_superclass::Tyrosine alkaloids	0,0,0,0,0,0,0,0,0,0,0,0,0,1,0,0,0,0,1,0,0,0,0	0,0,0,1,0,0,1,0,0,0,0,0,0,1,1,0,0,1,1,1,1,0,1	-2.903004,-7.270741,-0.739468,1.879916,-4.012506,-1.300292,1.847576,-11.417431,-15.897639,-7.295485,-9.117564,-2.333807,-6.887887,0.394414,7.995582,-2.062163,-3.675238,7.978515,6.035902,7.941089,3.095759,-4.566617,5.276054
Pscu_HCT2_CBI83579.1	Pscu_HCT2_CBI83579.1	acceptor_superclass::Flavonoids;acceptor_superclass::Phenolic acids (C6-C1);acceptor_superclass::Tyrosine alkaloids	acceptor_superclass::Cyclic polyketides;acceptor_superclass::Fatty Acids and Conjugates;acceptor_superclass::Fatty acyls;acceptor_superclass::Flavonoids;acceptor_superclass::Phenanthrenoids;acceptor_superclass::Phenolic acids (C6-C1);acceptor_superclass::Pseudoalkaloids;acceptor_superclass::Saccharides;acceptor_superclass::Small peptides;acceptor_superclass::Steroids;acceptor_superclass::Triterpenoids	0,0,0,0,0,1,0,0,0,0,0,0,0,1,0,0,0,0,0,0,0,0,1	0,1,0,1,1,1,0,0,0,0,0,0,1,1,0,0,1,1,1,1,1,0,0	-3.399777,3.869990,-14.563375,0.039809,6.125376,7.487096,-4.933397,-14.682760,-5.068321,-1.262566,-8.982505,-1.081593,22.153156,2.801559,-8.363340,-4.618358,0.199477,1.820369,3.476203,2.365896,2.888057,-2.910475,-3.561676
Pscu_RAS_CAK55166.1	Pscu_RAS_CAK55166.1		acceptor_superclass::Fatty Acids and Conjugates;acceptor_superclass::Ornithine alkaloids;acceptor_superclass::Phenolic acids (C6-C1);acceptor_superclass::Small peptides;acceptor_superclass::Triterpenoids;acceptor_superclass::Tyrosine alkaloids	0,0,0,0,0,0,0,0,0,0,0,0,0,0,0,0,0,0,0,0,0,0,0	0,0,0,1,0,0,0,0,0,0,0,1,0,1,0,0,0,0,1,0,1,0,1	-3.439142,-11.795251,-12.262930,1.050778,-0.675369,-3.824524,-3.720902,-15.396391,-8.016739,-3.652712,-5.732190,0.826192,-6.713806,0.958559,-0.322983,-1.597143,-2.784709,-5.086999,1.559527,-3.513062,0.981830,-7.284966,1.234716
Psom_SALAT_AAK73661.1	Psom_SALAT_AAK73661.1	acceptor_superclass::Tyrosine alkaloids	acceptor_superclass::Cyclic polyketides;acceptor_superclass::Fatty acyls;acceptor_superclass::Flavonoids;acceptor_superclass::Lysine alkaloids;acceptor_superclass::Monoterpenoids;acceptor_superclass::Naphthalenes;acceptor_superclass::Ornithine alkaloids;acceptor_superclass::Phenanthrenoids;acceptor_superclass::Pseudoalkaloids;acceptor_superclass::Saccharides;acceptor_superclass::Steroids;acceptor_superclass::Triterpenoids	0,0,0,0,0,0,0,0,0,0,0,0,0,0,0,0,0,0,0,0,0,0,1	0,1,0,0,1,1,0,0,1,1,1,1,1,0,0,0,1,1,0,1,1,0,0	-11.404655,15.752425,-6.061052,-4.209071,3.311954,3.119530,-6.955473,-6.177283,4.204130,2.564526,0.121829,2.353352,8.395885,-7.278906,-1.941986,-1.809708,0.837703,3.777885,-6.530185,1.448123,6.436063,-4.945599,-7.087166
Ptri_BEBT_AJD25145.1	Ptri_BEBT_AJD25145.1		acceptor_superclass::Diterpenoids;acceptor_superclass::Fatty acyls;acceptor_superclass::Lignans;acceptor_superclass::Lysine alkaloids;acceptor_superclass::Monoterpenoids;acceptor_superclass::Phenylethanoids (C6-C2);acceptor_superclass::Phenylpropanoids (C6-C3);acceptor_superclass::Saccharides	0,0,0,0,0,0,0,0,0,0,0,0,0,0,0,0,0,0,0,0,0,0,0	0,0,1,0,1,0,0,1,1,1,0,0,0,0,1,1,0,1,0,0,0,0,0	-11.374155,-4.831127,0.288754,-2.994769,3.207155,-2.716259,-12.566651,0.128782,2.010117,1.570484,-7.609326,-3.464588,-2.006011,-0.744063,0.317139,1.613653,-2.529990,1.278005,-0.929364,-7.601540,-1.016531,-3.644234,-1.304198
Ptri_FHT1_AGJ03151.1	Ptri_FHT1_AGJ03151.1	acceptor_superclass::Fatty Acids and Conjugates;acceptor_superclass::Fatty acyls	acceptor_superclass::Coumarins;acceptor_superclass::Fatty acyls;acceptor_superclass::Isoflavonoids;acceptor_superclass::Naphthalenes;acceptor_superclass::Phenanthrenoids;acceptor_superclass::Phenylethanoids (C6-C2);acceptor_superclass::Phenylpropanoids (C6-C3)	0,0,0,1,1,0,0,0,0,0,0,0,0,0,0,0,0,0,0,0,0,0,0	1,0,0,0,1,0,1,0,0,0,1,0,1,0,1,1,0,0,0,0,0,0,0	6.041224,-6.037951,-9.223355,-0.594522,0.676764,-1.615020,2.843872,-1.162573,-10.145305,-8.329929,0.313260,-0.161260,2.961065,-1.855182,2.230211,1.215298,-0.226819,-2.568877,-3.769609,-0.456009,-6.630534,-2.657296,-4.764419
Ptri_HBMT1_PNT60021.1	Ptri_HBMT1_PNT60021.1	acceptor_superclass::Phenylpropanoids (C6-C3)	acceptor_superclass::Fatty acyls;acceptor_superclass::Phenylethanoids (C6-C2);acceptor_superclass::Phenylpropanoids (C6-C3);acceptor_superclass::Saccharides;acceptor_superclass::Triterpenoids;acceptor_superclass::Tyrosine alkaloids	0,0,0,0,0,0,0,0,0,0,0,0,0,0,0,1,0,0,0,0,0,0,0	0,0,0,0,1,0,0,0,0,0,0,0,0,0,1,1,0,1,0,0,1,0,1	-8.342082,-5.855615,-5.049464,-0.046565,0.714253,-4.842707,-6.441140,-11.961716,-4.856750,-1.194488,-4.633029,-1.030595,-6.292444,-1.948472,0.596448,0.389945,-2.470381,0.978157,-0.830043,-7.966696,1.867171,-4.719849,0.581850
Ptri_HCT6_PNT52620.1	Ptri_HCT6_PNT52620.1	acceptor_superclass::Phenolic acids (C6-C1);acceptor_superclass::Small peptides	acceptor_superclass::Monoterpenoids;acceptor_superclass::Phenanthrenoids;acceptor_superclass::Phenolic acids (C6-C1);acceptor_superclass::Phenylpropanoids (C6-C3);acceptor_superclass::Small peptides;acceptor_superclass::Tyrosine alkaloids	0,0,0,0,0,0,0,0,0,0,0,0,0,1,0,0,0,0,1,0,0,0,0	0,0,0,0,0,0,0,0,0,1,0,0,1,1,0,1,0,0,1,0,0,0,1	-7.987112,-11.336053,-4.713127,-0.951010,-0.379088,-2.238939,-8.301434,-2.046244,-1.729865,1.001991,-12.899507,-3.973559,4.020205,2.674066,-0.092569,2.496700,-6.616606,-1.909914,4.820862,-5.350224,-2.219491,-9.816295,1.489031
Ptri_HBMT1_PNT60021.1	Ptri_PHBMT1_AJD79571.1	acceptor_superclass::Phenylpropanoids (C6-C3)	acceptor_superclass::Fatty acyls;acceptor_superclass::Phenylethanoids (C6-C2);acceptor_superclass::Phenylpropanoids (C6-C3);acceptor_superclass::Saccharides;acceptor_superclass::Triterpenoids;acceptor_superclass::Tyrosine alkaloids	0,0,0,0,0,0,0,0,0,0,0,0,0,0,0,1,0,0,0,0,0,0,0	0,0,0,0,1,0,0,0,0,0,0,0,0,0,1,1,0,1,0,0,1,0,1	-8.342082,-5.855615,-5.049464,-0.046565,0.714253,-4.842707,-6.441140,-11.961716,-4.856750,-1.194488,-4.633029,-1.030595,-6.292444,-1.948472,0.596448,0.389945,-2.470381,0.978157,-0.830043,-7.966696,1.867171,-4.719849,0.581850
Ptri_SABT_AJD25144.1	Ptri_SABT_AJD25144.1	acceptor_superclass::Phenylpropanoids (C6-C3)	acceptor_superclass::Fatty acyls;acceptor_superclass::Lysine alkaloids;acceptor_superclass::Monoterpenoids;acceptor_superclass::Phenylethanoids (C6-C2);acceptor_superclass::Phenylpropanoids (C6-C3);acceptor_superclass::Saccharides;acceptor_superclass::Small peptides	0,0,0,0,0,0,0,0,0,0,0,0,0,0,0,1,0,0,0,0,0,0,0	0,0,0,0,1,0,0,0,1,1,0,0,0,0,1,1,0,1,1,0,0,0,0	-10.652813,-6.034953,-0.778084,-2.727350,2.292663,-2.593377,-11.428362,-0.468916,1.132738,1.199553,-8.046447,-3.641673,-0.547083,-0.357091,0.265009,1.748629,-3.414104,0.664682,0.099609,-6.907755,-1.057606,-4.419439,-0.745152
Pvir_FMT_KAG2630178.1	Pvir_FMT_KAG2630178.1	acceptor_superclass::Phenylpropanoids (C6-C3)	acceptor_superclass::Diterpenoids;acceptor_superclass::Fatty acyls;acceptor_superclass::Lysine alkaloids;acceptor_superclass::Monoterpenoids;acceptor_superclass::Phenylpropanoids (C6-C3);acceptor_superclass::Pseudoalkaloids;acceptor_superclass::Saccharides;acceptor_superclass::Triterpenoids	0,0,0,0,0,0,0,0,0,0,0,0,0,0,0,1,0,0,0,0,0,0,0	0,0,1,0,1,0,0,0,1,1,0,0,0,0,0,1,1,1,0,0,1,0,0	-6.093923,-0.382399,0.205664,-3.232936,2.109035,-0.259745,-6.993684,-0.756831,0.642570,0.307486,-2.594093,-1.224964,-0.954348,-2.947175,-0.061199,0.231686,0.698736,0.257651,-2.388340,-3.623456,0.008205,-0.998218,-1.582808
Pvir_HCT1a_BAO20883.1	Pvir_HCT1a_BAO20883.1	acceptor_superclass::Phenolic acids (C6-C1)	acceptor_superclass::Fatty Acids and Conjugates;acceptor_superclass::Isoflavonoids;acceptor_superclass::Phenolic acids (C6-C1);acceptor_superclass::Phenylethanoids (C6-C2);acceptor_superclass::Saccharides;acceptor_superclass::Small peptides;acceptor_superclass::Steroids;acceptor_superclass::Triterpenoids;acceptor_superclass::Tyrosine alkaloids	0,0,0,0,0,0,0,0,0,0,0,0,0,1,0,0,0,0,0,0,0,0,0	0,0,0,1,0,0,1,0,0,0,0,0,0,1,1,0,0,1,1,1,1,0,1	-2.199098,-8.597974,-1.663637,2.275297,-5.060710,-1.115639,2.528366,-10.858884,-17.485510,-8.084040,-9.610471,-2.681181,-6.271676,1.100409,8.632071,-2.354452,-4.171834,8.847800,7.752946,9.673161,3.660739,-5.009639,6.668191
Pvir_HCT2a_AGM90558.1	Pvir_HCT2a_AGM90558.1	acceptor_superclass::Phenolic acids (C6-C1);acceptor_superclass::Phenylpropanoids (C6-C3);acceptor_superclass::Small peptides	acceptor_superclass::Cyclic polyketides;acceptor_superclass::Fatty Acids and Conjugates;acceptor_superclass::Fatty acyls;acceptor_superclass::Flavonoids;acceptor_superclass::Phenanthrenoids;acceptor_superclass::Phenolic acids (C6-C1);acceptor_superclass::Pseudoalkaloids;acceptor_superclass::Saccharides;acceptor_superclass::Small peptides;acceptor_superclass::Steroids;acceptor_superclass::Triterpenoids	0,0,0,0,0,0,0,0,0,0,0,0,0,1,0,1,0,0,1,0,0,0,0	0,1,0,1,1,1,0,0,0,0,0,0,1,1,0,0,1,1,1,1,1,0,0	-3.582794,4.090677,-14.921350,0.218083,6.123380,7.590819,-4.897950,-14.978553,-5.518112,-1.225638,-8.788203,-0.837133,22.813137,2.985723,-8.375226,-4.997762,0.078123,2.185034,2.985058,2.296001,3.127796,-2.316542,-3.442286
Pvir_PMT_KAG2616253.1	Pvir_PMT_KAG2616253.1	acceptor_superclass::Phenylpropanoids (C6-C3)	acceptor_superclass::Cyclic polyketides;acceptor_superclass::Diterpenoids;acceptor_superclass::Fatty acyls;acceptor_superclass::Phenylethanoids (C6-C2);acceptor_superclass::Saccharides	0,0,0,0,0,0,0,0,0,0,0,0,0,0,0,1,0,0,0,0,0,0,0	0,1,1,0,1,0,0,0,0,0,0,0,0,0,1,0,0,1,0,0,0,0,0	-11.036967,2.035541,7.245760,-0.887949,2.115958,-2.661230,-1.840673,-24.064054,-11.914491,-4.931959,-11.600096,-0.691713,-16.222445,-5.394204,7.367781,-1.030405,-1.271846,4.054208,-6.649765,-3.067000,-0.284684,-4.053183,-4.680478
Pvul_HHHT_AOX15526.1	Pvul_HHHT_AOX15526.1	acceptor_superclass::Fatty Acids and Conjugates	acceptor_superclass::Cyclic polyketides;acceptor_superclass::Fatty acyls;acceptor_superclass::Flavonoids;acceptor_superclass::Ornithine alkaloids;acceptor_superclass::Phenanthrenoids;acceptor_superclass::Phenolic acids (C6-C1);acceptor_superclass::Pseudoalkaloids;acceptor_superclass::Saccharides;acceptor_superclass::Small peptides;acceptor_superclass::Steroids;acceptor_superclass::Triterpenoids	0,0,0,1,0,0,0,0,0,0,0,0,0,0,0,0,0,0,0,0,0,0,0	0,1,0,0,1,1,0,0,0,0,0,1,1,1,0,0,1,1,1,1,1,0,0	-4.022491,5.949204,-10.799351,-0.574932,3.974933,5.563117,-3.806667,-10.324374,-2.575066,-0.589392,-5.917001,0.405933,15.869334,0.128964,-5.291324,-3.412147,0.533228,1.206108,0.979775,2.340777,2.865563,-3.267650,-3.485362
Rcan_SHT_QNO39111.1	Rcan_SHT_QNO39111.1	acceptor_superclass::Ornithine alkaloids	acceptor_superclass::Cyclic polyketides;acceptor_superclass::Fatty acyls;acceptor_superclass::Flavonoids;acceptor_superclass::Ornithine alkaloids;acceptor_superclass::Phenanthrenoids;acceptor_superclass::Pseudoalkaloids;acceptor_superclass::Saccharides;acceptor_superclass::Small peptides;acceptor_superclass::Steroids;acceptor_superclass::Triterpenoids	0,0,0,0,0,0,0,0,0,0,0,1,0,0,0,0,0,0,0,0,0,0,0	0,1,0,0,1,1,0,0,0,0,0,1,1,0,0,0,1,1,1,1,1,0,0	-5.618388,7.067333,-11.148849,-1.043940,4.699013,5.561700,-5.213167,-11.079392,-2.229207,-0.003258,-5.900202,0.163399,16.510574,-0.121369,-5.684690,-3.515973,0.431160,2.428992,0.136843,1.849576,3.717035,-3.183868,-4.279268
Rcom_SHT_QNO39108.1	Rcom_SHT_QNO39108.1	acceptor_superclass::Ornithine alkaloids	acceptor_superclass::Flavonoids;acceptor_superclass::Phenanthrenoids;acceptor_superclass::Phenolic acids (C6-C1);acceptor_superclass::Phenylpropanoids (C6-C3);acceptor_superclass::Small peptides;acceptor_superclass::Tyrosine alkaloids	0,0,0,0,0,0,0,0,0,0,0,1,0,0,0,0,0,0,0,0,0,0,0	0,0,0,0,0,1,0,0,0,0,0,0,1,1,0,1,0,0,1,0,0,0,1	-3.863847,-9.473339,-6.261038,-1.424584,-1.441548,0.187038,-3.781195,-3.300394,-3.849059,-0.201303,-10.349286,-2.791510,6.367101,1.115430,-0.269284,1.239873,-5.186449,-4.096322,4.559252,-2.005044,-1.948584,-9.724732,1.703841
Rglu_AT1_WEX29776.1	Rglu_AT1_WEX29776.1	acceptor_superclass::Phenylethanoids (C6-C2)	acceptor_superclass::Fatty Acids and Conjugates;acceptor_superclass::Ornithine alkaloids;acceptor_superclass::Phenolic acids (C6-C1);acceptor_superclass::Small peptides;acceptor_superclass::Triterpenoids;acceptor_superclass::Tyrosine alkaloids	0,0,0,0,0,0,0,0,0,0,0,0,0,0,1,0,0,0,0,0,0,0,0	0,0,0,1,0,0,0,0,0,0,0,1,0,1,0,0,0,0,1,0,1,0,1	-4.199800,-14.969359,-14.871497,1.731989,-1.106594,-5.033048,-4.364845,-18.846586,-10.052067,-4.646072,-6.900532,1.185107,-8.267371,1.834237,-0.052006,-2.204965,-3.335820,-5.695589,1.850640,-4.653973,1.248254,-8.087977,1.454549
Rhyb_AAT1_AAW31948.1	Rhyb_AAT1_AAW31948.1	acceptor_superclass::Fatty acyls;acceptor_superclass::Monoterpenoids;acceptor_superclass::Phenylethanoids (C6-C2)	acceptor_superclass::Coumarins;acceptor_superclass::Fatty acyls;acceptor_superclass::Lignans;acceptor_superclass::Naphthalenes;acceptor_superclass::Phenanthrenoids;acceptor_superclass::Saccharides	0,0,0,0,1,0,0,0,0,1,0,0,0,0,1,0,0,0,0,0,0,0,0	1,0,0,0,1,0,0,1,0,0,1,0,1,0,0,0,0,1,0,0,0,0,0	0.833160,-6.827148,-0.598896,-4.447882,1.321651,-1.692753,-0.490569,4.860736,-1.974042,-9.123341,1.365243,-0.867422,2.346028,-9.221292,-1.516528,-0.309354,-2.264051,3.671196,-12.374327,-8.028353,-2.615008,-1.896024,-6.986967
Rser_VS_CAD89104.2	Rser_ACT_CAD89104.2	acceptor_superclass::Tryptophan alkaloids	acceptor_superclass::Diterpenoids;acceptor_superclass::Fatty acyls;acceptor_superclass::Phenylethanoids (C6-C2);acceptor_superclass::Saccharides;acceptor_superclass::Triterpenoids	0,0,0,0,0,0,0,0,0,0,0,0,0,0,0,0,0,0,0,0,0,1,0	0,0,1,0,1,0,0,0,0,0,0,0,0,0,1,0,0,1,0,0,1,0,0	-10.201004,-0.240891,6.282519,-0.128352,0.959141,-3.094103,-1.702032,-23.879189,-13.854251,-5.948785,-11.591022,-1.276614,-15.726081,-4.689537,8.500649,-1.295620,-2.361573,6.456502,-4.059331,-0.891116,1.245383,-3.611554,-2.607954
Rser_VS_CAD89104.2	Rser_VS_CAD89104.2	acceptor_superclass::Tryptophan alkaloids	acceptor_superclass::Coumarins;acceptor_superclass::Fatty acyls;acceptor_superclass::Isoflavonoids;acceptor_superclass::Lignans;acceptor_superclass::Naphthalenes;acceptor_superclass::Phenanthrenoids;acceptor_superclass::Phenylethanoids (C6-C2);acceptor_superclass::Phenylpropanoids (C6-C3);acceptor_superclass::Saccharides	0,0,0,0,0,0,0,0,0,0,0,0,0,0,0,0,0,0,0,0,0,1,0	1,0,0,0,1,0,1,1,0,0,1,0,1,0,1,1,0,1,0,0,0,0,0	2.366601,-7.373920,-3.290525,-3.401709,1.088081,-2.126895,0.241849,3.246151,-5.202031,-9.087421,1.468162,-1.007220,2.268982,-7.548841,0.058714,0.136388,-1.926967,2.811592,-10.902622,-6.060982,-3.695880,-1.762836,-6.798616
Rser_YAT_PQ801655	Rser_YAT_PQ801655	acceptor_superclass::Tryptophan alkaloids	acceptor_superclass::Coumarins;acceptor_superclass::Diterpenoids;acceptor_superclass::Fatty acyls;acceptor_superclass::Lignans;acceptor_superclass::Naphthalenes;acceptor_superclass::Phenanthrenoids;acceptor_superclass::Saccharides	0,0,0,0,0,0,0,0,0,0,0,0,0,0,0,0,0,0,0,0,0,1,0	1,0,1,0,1,0,0,1,0,0,1,0,1,0,0,0,0,1,0,0,0,0,0	0.093898,-8.163304,0.402077,-5.269369,1.521894,-2.233218,-1.322160,6.248959,-1.783108,-10.019454,1.852927,-1.412713,2.153055,-11.236467,-1.803564,-0.422166,-3.004639,5.374459,-15.368690,-9.998320,-2.393961,-1.938124,-8.244410
Sbic_COSY_OQU75851.1	Sbic_COSY_OQU75851.1		acceptor_superclass::Cyclic polyketides;acceptor_superclass::Diterpenoids;acceptor_superclass::Fatty acyls;acceptor_superclass::Phenylethanoids (C6-C2);acceptor_superclass::Saccharides	0,0,0,0,0,0,0,0,0,0,0,0,0,0,0,0,0,0,0,0,0,0,0	0,1,1,0,1,0,0,0,0,0,0,0,0,0,1,0,0,1,0,0,0,0,0	-14.466603,5.181293,10.391321,-1.950169,4.003946,-3.223569,-2.979333,-30.123415,-11.722191,-4.568234,-13.459884,-0.322315,-20.455051,-7.447526,7.702737,-0.968957,-0.563852,3.195387,-11.074025,-6.823125,-1.217663,-4.207757,-8.227041
Sbic_FMT_EES15804.1	Sbic_FMT_EES15804.1	acceptor_superclass::Phenylpropanoids (C6-C3)	acceptor_superclass::Cyclic polyketides;acceptor_superclass::Diterpenoids;acceptor_superclass::Fatty acyls;acceptor_superclass::Phenylethanoids (C6-C2);acceptor_superclass::Saccharides	0,0,0,0,0,0,0,0,0,0,0,0,0,0,0,1,0,0,0,0,0,0,0	0,1,1,0,1,0,0,0,0,0,0,0,0,0,1,0,0,1,0,0,0,0,0	-10.559809,1.694626,6.817814,-0.798013,1.758970,-2.473567,-1.497774,-23.326477,-12.015708,-5.005539,-11.477706,-0.788384,-15.627181,-5.065233,7.298055,-1.119586,-1.308297,4.068833,-6.068642,-2.508628,-0.177755,-4.143514,-4.255825
Sbic_HCT_EES05411.1	Sbic_HCT_EES05411.1	acceptor_superclass::Phenolic acids (C6-C1)	acceptor_superclass::Cyclic polyketides;acceptor_superclass::Fatty Acids and Conjugates;acceptor_superclass::Fatty acyls;acceptor_superclass::Flavonoids;acceptor_superclass::Phenanthrenoids;acceptor_superclass::Phenolic acids (C6-C1);acceptor_superclass::Pseudoalkaloids;acceptor_superclass::Saccharides;acceptor_superclass::Small peptides;acceptor_superclass::Steroids;acceptor_superclass::Triterpenoids	0,0,0,0,0,0,0,0,0,0,0,0,0,1,0,0,0,0,0,0,0,0,0	0,1,0,1,1,1,0,0,0,0,0,0,1,1,0,0,1,1,1,1,1,0,0	-3.550934,4.358084,-15.030889,0.175226,6.026651,7.662554,-4.778870,-14.966290,-5.420987,-1.279868,-8.828748,-0.727184,22.793026,2.814939,-8.277807,-4.975544,0.159691,1.866573,3.086641,2.483268,3.066356,-2.751046,-3.533360
Sbic_PMT_EES17668.1	Sbic_PMT_EES17668.1	acceptor_superclass::Phenylpropanoids (C6-C3)	acceptor_superclass::Cyclic polyketides;acceptor_superclass::Fatty acyls;acceptor_superclass::Flavonoids;acceptor_superclass::Lysine alkaloids;acceptor_superclass::Monoterpenoids;acceptor_superclass::Naphthalenes;acceptor_superclass::Ornithine alkaloids;acceptor_superclass::Phenanthrenoids;acceptor_superclass::Phenylethanoids (C6-C2);acceptor_superclass::Pseudoalkaloids;acceptor_superclass::Saccharides;acceptor_superclass::Steroids;acceptor_superclass::Triterpenoids	0,0,0,0,0,0,0,0,0,0,0,0,0,0,0,1,0,0,0,0,0,0,0	0,1,0,0,1,1,0,0,1,1,1,1,1,0,1,0,1,1,0,1,1,0,0	-16.190958,20.652044,-3.196001,-6.336426,2.483938,0.898671,-9.727685,-3.258471,8.545193,4.670450,2.485284,3.034981,2.910248,-11.044288,0.684186,-0.217103,1.207105,5.883330,-10.981134,0.256057,8.480627,-6.036641,-8.985382
Sche_AAT10422_BCJ78482.1	Sche_AAT10422_BCJ78482.1	acceptor_superclass::Fatty acyls	acceptor_superclass::Cyclic polyketides;acceptor_superclass::Fatty acyls;acceptor_superclass::Flavonoids;acceptor_superclass::Lysine alkaloids;acceptor_superclass::Monoterpenoids;acceptor_superclass::Ornithine alkaloids;acceptor_superclass::Phenanthrenoids;acceptor_superclass::Pseudoalkaloids;acceptor_superclass::Saccharides;acceptor_superclass::Steroids;acceptor_superclass::Triterpenoids	0,0,0,0,1,0,0,0,0,0,0,0,0,0,0,0,0,0,0,0,0,0,0	0,1,0,0,1,1,0,0,1,1,0,1,1,0,0,0,1,1,0,1,1,0,0	-13.974295,17.913755,-6.724160,-5.160797,3.999087,3.086068,-9.261653,-6.984159,5.773767,3.388275,-0.518006,2.106002,9.004617,-8.648158,-1.938865,-1.485872,1.002331,5.054066,-7.888263,0.985894,7.714119,-5.890354,-8.503460
Schi_CFAT_URQ03862.1	Schi_CFAT_URQ03862.1	acceptor_superclass::Lignans;acceptor_superclass::Phenylpropanoids (C6-C3)	acceptor_superclass::Cyclic polyketides;acceptor_superclass::Diterpenoids;acceptor_superclass::Fatty acyls;acceptor_superclass::Phenylethanoids (C6-C2);acceptor_superclass::Saccharides	0,0,0,0,0,0,0,1,0,0,0,0,0,0,0,1,0,0,0,0,0,0,0	0,1,1,0,1,0,0,0,0,0,0,0,0,0,1,0,0,1,0,0,0,0,0	-17.287062,4.155014,11.870420,-1.932947,4.030323,-4.624150,-3.771831,-37.097248,-16.175735,-6.714231,-16.679014,-0.877275,-25.136930,-8.934971,10.512002,-1.343323,-1.803998,5.645317,-11.423755,-6.232768,-0.547798,-5.334960,-8.173656
Schm_AAT11306_BCJ78485.1	Schm_AAT11306_BCJ78485.1	acceptor_superclass::Fatty acyls	acceptor_superclass::Coumarins;acceptor_superclass::Fatty acyls;acceptor_superclass::Lignans;acceptor_superclass::Naphthalenes;acceptor_superclass::Phenanthrenoids;acceptor_superclass::Phenylpropanoids (C6-C3);acceptor_superclass::Saccharides	0,0,0,0,1,0,0,0,0,0,0,0,0,0,0,0,0,0,0,0,0,0,0	1,0,0,0,1,0,0,1,0,0,1,0,1,0,0,1,0,1,0,0,0,0,0	2.017179,-9.125543,-2.415071,-4.810744,1.627120,-2.307319,-0.277882,5.146544,-4.341390,-11.367583,1.363981,-1.222188,2.991120,-10.464176,-1.133628,0.078375,-2.509188,3.580695,-14.556000,-9.039660,-4.353471,-2.885540,-8.720332
Scru_3MAT_AAO38058	Scru_3MAT_AAO38058		acceptor_superclass::Coumarins;acceptor_superclass::Fatty acyls;acceptor_superclass::Isoflavonoids;acceptor_superclass::Lignans;acceptor_superclass::Naphthalenes;acceptor_superclass::Phenanthrenoids;acceptor_superclass::Phenylpropanoids (C6-C3);acceptor_superclass::Saccharides	0,0,0,0,0,0,0,0,0,0,0,0,0,0,0,0,0,0,0,0,0,0,0	1,0,0,0,1,0,1,1,0,0,1,0,1,0,0,1,0,1,0,0,0,0,0	3.871798,-7.147871,-4.570997,-3.349046,1.397272,-1.252307,1.671864,2.555013,-5.322265,-10.352228,0.714243,-0.307402,3.790665,-7.106107,-0.538345,0.140521,-1.603133,0.631122,-9.503332,-5.391767,-4.846107,-2.639403,-6.699930
Sfal_HFT-like_KAH8954438.1	Sfal_HFT-like_KAH8954438.1	acceptor_superclass::Fatty Acids and Conjugates;acceptor_superclass::Fatty acyls	acceptor_superclass::Fatty acyls;acceptor_superclass::Lysine alkaloids;acceptor_superclass::Monoterpenoids;acceptor_superclass::Phenolic acids (C6-C1);acceptor_superclass::Phenylethanoids (C6-C2);acceptor_superclass::Phenylpropanoids (C6-C3);acceptor_superclass::Saccharides;acceptor_superclass::Small peptides	0,0,0,1,1,0,0,0,0,0,0,0,0,0,0,0,0,0,0,0,0,0,0	0,0,0,0,1,0,0,0,1,1,0,0,0,1,1,1,0,1,1,0,0,0,0	-8.129713,-5.284257,-0.762554,-1.873092,1.494660,-2.104946,-8.643448,-0.546240,0.380199,0.604643,-6.608448,-2.487468,-0.375614,0.667129,0.192842,1.174680,-2.086162,0.400899,0.527504,-5.212861,-0.701209,-3.428244,-0.324333
Sgal_AAT10483_BCJ78483.1	Sgal_AAT10483_BCJ78483.1	acceptor_superclass::Fatty acyls	acceptor_superclass::Diterpenoids;acceptor_superclass::Fatty acyls;acceptor_superclass::Lysine alkaloids;acceptor_superclass::Monoterpenoids;acceptor_superclass::Phenylethanoids (C6-C2);acceptor_superclass::Phenylpropanoids (C6-C3);acceptor_superclass::Saccharides	0,0,0,0,1,0,0,0,0,0,0,0,0,0,0,0,0,0,0,0,0,0,0	0,0,1,0,1,0,0,0,1,1,0,0,0,0,1,1,0,1,0,0,0,0,0	-10.866245,-2.606399,0.850690,-3.846788,3.731117,-1.895176,-12.287011,-0.068238,2.279540,1.486293,-6.254661,-2.905692,-2.261837,-2.522735,0.188983,1.280421,-1.243968,1.384102,-2.378078,-7.212435,-0.667260,-2.615910,-2.078372
Sgla_HQT1_WYJ75404.1	Sgla_HQT1_WYJ75404.1	acceptor_superclass::Phenolic acids (C6-C1);acceptor_superclass::Small peptides	acceptor_superclass::Monoterpenoids;acceptor_superclass::Phenanthrenoids;acceptor_superclass::Phenolic acids (C6-C1);acceptor_superclass::Phenylethanoids (C6-C2);acceptor_superclass::Phenylpropanoids (C6-C3);acceptor_superclass::Small peptides;acceptor_superclass::Tyrosine alkaloids	0,0,0,0,0,0,0,0,0,0,0,0,0,1,0,0,0,0,1,0,0,0,0	0,0,0,0,0,0,0,0,0,1,0,0,1,1,1,1,0,0,1,0,0,0,1	-7.702336,-10.868566,-4.546970,-0.945910,-0.638885,-2.221710,-7.694697,-2.041557,-1.852580,0.644108,-11.602329,-3.893439,3.945716,2.541262,0.012649,2.261199,-6.351156,-1.713008,4.576696,-4.882793,-1.894955,-8.786508,1.552958
Sgla_HQT2_WYJ75406.1	Sgla_HQT2_WYJ75406.1	acceptor_superclass::Phenolic acids (C6-C1)	acceptor_superclass::Monoterpenoids;acceptor_superclass::Phenanthrenoids;acceptor_superclass::Phenolic acids (C6-C1);acceptor_superclass::Phenylpropanoids (C6-C3);acceptor_superclass::Small peptides;acceptor_superclass::Tyrosine alkaloids	0,0,0,0,0,0,0,0,0,0,0,0,0,1,0,0,0,0,0,0,0,0,0	0,0,0,0,0,0,0,0,0,1,0,0,1,1,0,1,0,0,1,0,0,0,1	-7.152148,-10.407447,-5.044496,-1.326182,-0.930947,-1.673528,-6.893455,-2.406996,-2.476471,0.383469,-11.234838,-3.610811,4.604891,1.871204,-0.162439,2.039681,-6.137891,-2.307117,4.390521,-4.243378,-1.773179,-8.774755,1.549344
Sgla_HST_WYJ75403.1	Sgla_HST_WYJ75403.1	acceptor_superclass::Phenolic acids (C6-C1);acceptor_superclass::Small peptides	acceptor_superclass::Fatty Acids and Conjugates;acceptor_superclass::Isoflavonoids;acceptor_superclass::Phenolic acids (C6-C1);acceptor_superclass::Phenylethanoids (C6-C2);acceptor_superclass::Saccharides;acceptor_superclass::Small peptides;acceptor_superclass::Steroids;acceptor_superclass::Triterpenoids;acceptor_superclass::Tyrosine alkaloids	0,0,0,0,0,0,0,0,0,0,0,0,0,1,0,0,0,0,1,0,0,0,0	0,0,0,1,0,0,1,0,0,0,0,0,0,1,1,0,0,1,1,1,1,0,1	-2.681499,-7.710304,-1.084741,2.037476,-4.351991,-1.222104,2.052020,-11.137564,-16.432405,-7.560066,-9.353614,-2.419487,-6.658684,0.663989,8.190728,-2.170944,-3.857126,8.258462,6.598852,8.512495,3.254189,-4.741716,5.738520
Sgla_RAS_WYJ75405.1	Sgla_RAS_WYJ75405.1	acceptor_superclass::Phenolic acids (C6-C1);acceptor_superclass::Small peptides;acceptor_superclass::Tyrosine alkaloids	acceptor_superclass::Fatty Acids and Conjugates;acceptor_superclass::Ornithine alkaloids;acceptor_superclass::Phenolic acids (C6-C1);acceptor_superclass::Small peptides;acceptor_superclass::Triterpenoids;acceptor_superclass::Tyrosine alkaloids	0,0,0,0,0,0,0,0,0,0,0,0,0,1,0,0,0,0,1,0,0,0,1	0,0,0,1,0,0,0,0,0,0,0,1,0,1,0,0,0,0,1,0,1,0,1	-4.355702,-21.807875,-20.855642,2.656854,-1.679089,-6.349594,-5.361043,-25.224613,-13.624352,-6.840774,-9.508585,1.915712,-11.159125,3.923343,-0.540145,-3.273289,-4.469565,-9.037424,3.186675,-4.898960,1.346831,-10.959146,1.942876
Shab_AAT11777_BCJ78486.1	Shab_AAT11777_BCJ78486.1	acceptor_superclass::Fatty acyls	acceptor_superclass::Cyclic polyketides;acceptor_superclass::Fatty acyls;acceptor_superclass::Flavonoids;acceptor_superclass::Lysine alkaloids;acceptor_superclass::Monoterpenoids;acceptor_superclass::Ornithine alkaloids;acceptor_superclass::Phenanthrenoids;acceptor_superclass::Pseudoalkaloids;acceptor_superclass::Saccharides;acceptor_superclass::Steroids;acceptor_superclass::Triterpenoids	0,0,0,0,1,0,0,0,0,0,0,0,0,0,0,0,0,0,0,0,0,0,0	0,1,0,0,1,1,0,0,1,1,0,1,1,0,0,0,1,1,0,1,1,0,0	-13.033700,17.073832,-7.334107,-4.684850,4.001650,3.496072,-8.648392,-7.372972,5.005800,2.929659,-1.048358,2.076375,9.901631,-7.987858,-2.243794,-1.751722,0.999726,4.570069,-7.120074,1.252353,7.286936,-5.839588,-8.113152
Shab_ASAT2_ALU64009.1	Shab_ASAT2_ALU64009.1		acceptor_superclass::Cyclic polyketides;acceptor_superclass::Diterpenoids;acceptor_superclass::Fatty acyls;acceptor_superclass::Lysine alkaloids;acceptor_superclass::Monoterpenoids;acceptor_superclass::Pseudoalkaloids;acceptor_superclass::Saccharides;acceptor_superclass::Triterpenoids;acceptor_superclass::Tryptophan alkaloids	0,0,0,0,0,0,0,0,0,0,0,0,0,0,0,0,0,0,0,0,0,0,0	0,1,1,0,1,0,0,0,1,1,0,0,0,0,0,0,1,1,0,0,1,1,0	-10.225159,2.376667,2.361259,-5.763869,3.677179,-1.248736,-12.087481,-0.085521,2.597747,0.148101,-0.101663,-2.627055,-3.772805,-6.695741,-0.022877,-0.088742,1.472169,2.347537,-5.856480,-6.056954,0.746414,1.794724,-2.819298
Shab_ASAT3-F_AJF98584.1	Shab_ASAT3-F_AJF98584.1		acceptor_superclass::Cyclic polyketides;acceptor_superclass::Diterpenoids;acceptor_superclass::Fatty acyls;acceptor_superclass::Monoterpenoids;acceptor_superclass::Naphthalenes;acceptor_superclass::Phenylethanoids (C6-C2);acceptor_superclass::Phenylpropanoids (C6-C3);acceptor_superclass::Saccharides;acceptor_superclass::Triterpenoids	0,0,0,0,0,0,0,0,0,0,0,0,0,0,0,0,0,0,0,0,0,0,0	0,1,1,0,1,0,0,0,0,1,1,0,0,0,1,1,0,1,0,0,1,0,0	-8.023808,5.409169,1.327390,-1.789841,0.776152,-1.948070,-2.195552,-6.697683,-2.967277,1.181019,0.009690,-2.095671,-1.796135,-10.012141,2.232359,1.736052,-0.807265,5.939734,-4.497843,-6.875559,1.754216,-2.738628,-0.364321
Shab_ASAT3-P_AJF98591.1	Shab_ASAT3-P_AJF98591.1		acceptor_superclass::Cyclic polyketides;acceptor_superclass::Fatty acyls;acceptor_superclass::Flavonoids;acceptor_superclass::Lysine alkaloids;acceptor_superclass::Monoterpenoids;acceptor_superclass::Naphthalenes;acceptor_superclass::Ornithine alkaloids;acceptor_superclass::Phenanthrenoids;acceptor_superclass::Phenylethanoids (C6-C2);acceptor_superclass::Pseudoalkaloids;acceptor_superclass::Saccharides;acceptor_superclass::Steroids;acceptor_superclass::Triterpenoids	0,0,0,0,0,0,0,0,0,0,0,0,0,0,0,0,0,0,0,0,0,0,0	0,1,0,0,1,1,0,0,1,1,1,1,1,0,1,0,1,1,0,1,1,0,0	-18.876722,25.125526,-2.343169,-7.838187,2.301904,0.640121,-10.543305,-2.404966,10.936754,5.607602,4.893946,3.869042,1.582528,-14.127154,1.529253,-0.129637,1.455488,6.228364,-13.533138,0.629297,9.921343,-7.460467,-10.779064
Sind_AT1_BEE35702.1	Sind_AT1_BEE35702.1	acceptor_superclass::Phenylethanoids (C6-C2)	acceptor_superclass::Cyclic polyketides;acceptor_superclass::Fatty Acids and Conjugates;acceptor_superclass::Fatty acyls;acceptor_superclass::Flavonoids;acceptor_superclass::Phenanthrenoids;acceptor_superclass::Phenolic acids (C6-C1);acceptor_superclass::Pseudoalkaloids;acceptor_superclass::Saccharides;acceptor_superclass::Small peptides;acceptor_superclass::Steroids;acceptor_superclass::Triterpenoids	0,0,0,0,0,0,0,0,0,0,0,0,0,0,1,0,0,0,0,0,0,0,0	0,1,0,1,1,1,0,0,0,0,0,0,1,1,0,0,1,1,1,1,1,0,0	-3.086431,4.197451,-15.420340,0.373664,5.903116,7.897146,-4.396857,-15.163783,-5.791493,-1.537117,-9.142812,-0.640636,23.311398,3.000674,-8.342585,-5.113523,0.173587,1.516256,3.443383,2.793412,2.868559,-2.822718,-3.380058
Sind_AT2_BEE35703.1	Sind_AT2_BEE35703.1	acceptor_superclass::Phenylethanoids (C6-C2)	acceptor_superclass::Cyclic polyketides;acceptor_superclass::Fatty Acids and Conjugates;acceptor_superclass::Fatty acyls;acceptor_superclass::Flavonoids;acceptor_superclass::Phenanthrenoids;acceptor_superclass::Phenolic acids (C6-C1);acceptor_superclass::Pseudoalkaloids;acceptor_superclass::Saccharides;acceptor_superclass::Small peptides;acceptor_superclass::Steroids;acceptor_superclass::Triterpenoids	0,0,0,0,0,0,0,0,0,0,0,0,0,0,1,0,0,0,0,0,0,0,0	0,1,0,1,1,1,0,0,0,0,0,0,1,1,0,0,1,1,1,1,1,0,0	-3.504559,4.819543,-14.187115,0.075475,5.506071,7.238606,-4.430766,-13.942315,-4.881335,-1.212404,-8.211364,-0.401543,21.341576,2.215777,-7.552723,-4.679898,0.204130,1.547098,2.663502,2.592334,2.967820,-2.934970,-3.520170
Sind_AT1_BEE35702.1	Sind_SHCT_XP_011083883.1	acceptor_superclass::Phenylethanoids (C6-C2)	acceptor_superclass::Cyclic polyketides;acceptor_superclass::Fatty Acids and Conjugates;acceptor_superclass::Fatty acyls;acceptor_superclass::Flavonoids;acceptor_superclass::Phenanthrenoids;acceptor_superclass::Phenolic acids (C6-C1);acceptor_superclass::Pseudoalkaloids;acceptor_superclass::Saccharides;acceptor_superclass::Small peptides;acceptor_superclass::Steroids;acceptor_superclass::Triterpenoids	0,0,0,0,0,0,0,0,0,0,0,0,0,0,1,0,0,0,0,0,0,0,0	0,1,0,1,1,1,0,0,0,0,0,0,1,1,0,0,1,1,1,1,1,0,0	-3.086431,4.197451,-15.420340,0.373664,5.903116,7.897146,-4.396857,-15.163783,-5.791493,-1.537117,-9.142812,-0.640636,23.311398,3.000674,-8.342585,-5.113523,0.173587,1.516256,3.443383,2.793412,2.868559,-2.822718,-3.380058
Slyc_AAT1_XP_004244681.1	Slyc_AAT1_XP_004244681.1	acceptor_superclass::Fatty acyls;acceptor_superclass::Phenylethanoids (C6-C2)	acceptor_superclass::Cyclic polyketides;acceptor_superclass::Diterpenoids;acceptor_superclass::Fatty acyls;acceptor_superclass::Lignans;acceptor_superclass::Lysine alkaloids;acceptor_superclass::Monoterpenoids;acceptor_superclass::Naphthalenes;acceptor_superclass::Phenylethanoids (C6-C2);acceptor_superclass::Pseudoalkaloids;acceptor_superclass::Saccharides;acceptor_superclass::Triterpenoids;acceptor_superclass::Tryptophan alkaloids	0,0,0,0,1,0,0,0,0,0,0,0,0,0,1,0,0,0,0,0,0,0,0	0,1,1,0,1,0,0,1,1,1,1,0,0,0,1,0,1,1,0,0,1,1,0	-23.694895,8.733454,10.621114,-10.619658,11.066638,-4.383495,-27.572964,3.328812,8.346140,1.548644,1.518708,-3.428266,-15.978662,-10.290433,0.655866,-1.015410,7.863972,8.952866,-15.482773,-14.903142,2.635357,10.113769,-7.988680
Slyc_PHT1_UTQ10234.1	Slyc_ACT2_XP_004251197.1	acceptor_superclass::Ornithine alkaloids;acceptor_superclass::Pseudoalkaloids	acceptor_superclass::Fatty acyls;acceptor_superclass::Monoterpenoids;acceptor_superclass::Phenanthrenoids;acceptor_superclass::Phenolic acids (C6-C1);acceptor_superclass::Phenylpropanoids (C6-C3);acceptor_superclass::Small peptides;acceptor_superclass::Tyrosine alkaloids	0,0,0,0,0,0,0,0,0,0,0,1,0,0,0,0,1,0,0,0,0,0,0	0,0,0,0,1,0,0,0,0,1,0,0,1,1,0,1,0,0,1,0,0,0,1	-5.777068,-5.132968,-2.099211,-1.724855,0.283299,-1.104061,-5.814662,-1.337528,-0.971213,0.166501,-6.155325,-1.593145,1.467153,0.327261,-0.121859,1.067156,-1.840540,-0.847086,1.264467,-3.380070,-0.525993,-4.086616,0.111816
Slyc_ASAT1_NP_001316332.1	Slyc_ASAT1_NP_001316332.1	acceptor_superclass::Saccharides	acceptor_superclass::Diterpenoids;acceptor_superclass::Fatty acyls;acceptor_superclass::Lignans;acceptor_superclass::Lysine alkaloids;acceptor_superclass::Naphthalenes;acceptor_superclass::Phenanthrenoids;acceptor_superclass::Saccharides	0,0,0,0,0,0,0,0,0,0,0,0,0,0,0,0,0,1,0,0,0,0,0	0,0,1,0,1,0,0,1,1,0,1,0,1,0,0,0,0,1,0,0,0,0,0	-1.946840,-11.224687,3.843989,-8.497177,2.261039,-2.923619,-3.050653,10.680243,0.949701,-13.607959,2.752141,-2.117053,2.668037,-17.677664,-3.919057,-1.068086,-4.745970,9.486977,-23.682543,-16.329222,-1.785986,-2.488086,-11.824379
Slyc_ASAT2_ALU64015.1	Slyc_ASAT2_ALU64015.1		acceptor_superclass::Cyclic polyketides;acceptor_superclass::Diterpenoids;acceptor_superclass::Fatty acyls;acceptor_superclass::Phenylethanoids (C6-C2);acceptor_superclass::Saccharides	0,0,0,0,0,0,0,0,0,0,0,0,0,0,0,0,0,0,0,0,0,0,0	0,1,1,0,1,0,0,0,0,0,0,0,0,0,1,0,0,1,0,0,0,0,0	-18.143049,5.646538,12.762372,-2.435454,4.701301,-4.575657,-4.037710,-38.289944,-15.389894,-6.239504,-16.892376,-0.708777,-25.986221,-9.579457,10.156739,-1.279117,-1.396423,4.668883,-13.139905,-7.721465,-1.157491,-5.371328,-9.505624
Slyc_ASAT3_AJF98582.1	Slyc_ASAT3_AJF98582.1		acceptor_superclass::Cyclic polyketides;acceptor_superclass::Diterpenoids;acceptor_superclass::Fatty acyls;acceptor_superclass::Lysine alkaloids;acceptor_superclass::Monoterpenoids;acceptor_superclass::Naphthalenes;acceptor_superclass::Pseudoalkaloids;acceptor_superclass::Saccharides;acceptor_superclass::Triterpenoids;acceptor_superclass::Tryptophan alkaloids	0,0,0,0,0,0,0,0,0,0,0,0,0,0,0,0,0,0,0,0,0,0,0	0,1,1,0,1,0,0,0,1,1,1,0,0,0,0,0,1,1,0,0,1,1,0	-7.591787,3.503578,2.323002,-5.088643,3.471778,-0.323848,-9.549629,-0.063294,2.514102,0.412196,0.863441,-1.606909,-3.379270,-6.680904,-0.166442,-0.238959,2.084180,1.517111,-5.722781,-4.642601,0.529614,1.662927,-2.784154
Slyc_ASAT4_AFM77971.1	Slyc_ASAT4_AFM77971.1		acceptor_superclass::Cyclic polyketides;acceptor_superclass::Fatty acyls;acceptor_superclass::Flavonoids;acceptor_superclass::Lysine alkaloids;acceptor_superclass::Monoterpenoids;acceptor_superclass::Ornithine alkaloids;acceptor_superclass::Phenanthrenoids;acceptor_superclass::Pseudoalkaloids;acceptor_superclass::Saccharides;acceptor_superclass::Steroids;acceptor_superclass::Triterpenoids	0,0,0,0,0,0,0,0,0,0,0,0,0,0,0,0,0,0,0,0,0,0,0	0,1,0,0,1,1,0,0,1,1,0,1,1,0,0,0,1,1,0,1,1,0,0	-7.757381,9.947913,-7.253484,-2.527255,3.800951,3.594591,-5.906748,-7.637886,0.877998,1.269126,-2.616717,0.779136,10.899007,-3.000649,-3.676583,-2.338232,0.337615,3.371992,-2.825780,1.313796,4.648031,-2.969635,-5.030089
Slyc_GAME36_XP_004246214.1	Slyc_GAME36_XP_004246214.1	acceptor_superclass::Pseudoalkaloids	acceptor_superclass::Coumarins;acceptor_superclass::Diterpenoids;acceptor_superclass::Fatty acyls;acceptor_superclass::Lignans;acceptor_superclass::Naphthalenes;acceptor_superclass::Phenanthrenoids;acceptor_superclass::Saccharides	0,0,0,0,0,0,0,0,0,0,0,0,0,0,0,0,1,0,0,0,0,0,0	1,0,1,0,1,0,0,1,0,0,1,0,1,0,0,0,0,1,0,0,0,0,0	0.394115,-8.120719,0.185944,-5.334675,1.568037,-1.996679,-0.961255,6.177215,-1.557689,-10.356504,1.644092,-1.231776,2.548677,-11.169110,-2.046992,-0.388124,-2.883466,4.747485,-15.087234,-9.951629,-2.701726,-2.296576,-8.201431
Slyc_HCT_XP_004235891.1	Slyc_HCT_XP_004235891.1	acceptor_superclass::Flavonoids;acceptor_superclass::Monoterpenoids;acceptor_superclass::Phenolic acids (C6-C1);acceptor_superclass::Triterpenoids;acceptor_superclass::Tyrosine alkaloids	acceptor_superclass::Coumarins;acceptor_superclass::Fatty Acids and Conjugates;acceptor_superclass::Fatty acyls;acceptor_superclass::Isoflavonoids;acceptor_superclass::Ornithine alkaloids;acceptor_superclass::Phenanthrenoids;acceptor_superclass::Phenolic acids (C6-C1);acceptor_superclass::Phenylethanoids (C6-C2);acceptor_superclass::Phenylpropanoids (C6-C3);acceptor_superclass::Pseudoalkaloids;acceptor_superclass::Small peptides;acceptor_superclass::Steroids	0,0,0,0,0,1,0,0,0,1,0,0,0,1,0,0,0,0,0,0,1,0,1	1,0,0,1,1,0,1,0,0,0,0,1,1,1,1,1,1,0,1,1,0,0,0	8.407868,-5.049062,-13.015201,0.838810,0.352919,-1.303741,4.538298,-3.817456,-13.089734,-8.180263,-0.381139,0.403417,3.442677,1.594094,3.556860,1.859095,0.806353,-5.981606,0.587339,2.980087,-8.475892,-3.231064,-3.527049
Slyc_HQT_CAE46933.1	Slyc_HQT_CAE46933.1	acceptor_superclass::Phenolic acids (C6-C1);acceptor_superclass::Phenylpropanoids (C6-C3)	acceptor_superclass::Fatty acyls;acceptor_superclass::Monoterpenoids;acceptor_superclass::Phenanthrenoids;acceptor_superclass::Phenolic acids (C6-C1);acceptor_superclass::Phenylpropanoids (C6-C3);acceptor_superclass::Small peptides;acceptor_superclass::Tyrosine alkaloids	0,0,0,0,0,0,0,0,0,0,0,0,0,1,0,1,0,0,0,0,0,0,0	0,0,0,0,1,0,0,0,0,1,0,0,1,1,0,1,0,0,1,0,0,0,1	-7.315410,-8.208515,-3.128473,-1.276572,0.057024,-1.989664,-7.383188,-1.390421,-0.952224,0.728400,-9.327783,-2.963662,2.431123,1.578870,-0.048420,1.961450,-4.604615,-1.057360,3.025179,-4.711062,-1.429576,-6.675202,0.843906
Slyc_PHT1_UTQ10234.1	Slyc_PHT1_UTQ10234.1	acceptor_superclass::Ornithine alkaloids;acceptor_superclass::Pseudoalkaloids	acceptor_superclass::Fatty Acids and Conjugates;acceptor_superclass::Ornithine alkaloids;acceptor_superclass::Phenylethanoids (C6-C2);acceptor_superclass::Triterpenoids;acceptor_superclass::Tyrosine alkaloids	0,0,0,0,0,0,0,0,0,0,0,1,0,0,0,0,1,0,0,0,0,0,0	0,0,0,1,0,0,0,0,0,0,0,1,0,0,1,0,0,0,0,0,1,0,1	-4.489847,-7.319271,-7.996217,0.774383,-0.370945,-3.280643,-2.996626,-12.525821,-6.469843,-2.428099,-3.941170,0.713701,-5.101515,-1.274328,0.375826,-0.719394,-1.701608,-1.572458,-0.045492,-4.376200,1.060236,-5.212881,0.830475
Slyc_PHT2_UTQ10235.1	Slyc_PHT2_UTQ10235.1	acceptor_superclass::Ornithine alkaloids;acceptor_superclass::Pseudoalkaloids	acceptor_superclass::Diterpenoids;acceptor_superclass::Fatty Acids and Conjugates;acceptor_superclass::Isoflavonoids;acceptor_superclass::Phenylethanoids (C6-C2);acceptor_superclass::Saccharides;acceptor_superclass::Steroids;acceptor_superclass::Triterpenoids;acceptor_superclass::Tyrosine alkaloids	0,0,0,0,0,0,0,0,0,0,0,1,0,0,0,0,1,0,0,0,0,0,0	0,0,1,1,0,0,1,0,0,0,0,0,0,0,1,0,0,1,0,1,1,0,1	-6.041207,-2.289450,2.743387,0.479410,-0.979475,-1.554481,0.216852,-15.420843,-12.368559,-5.437886,-9.144362,-1.273444,-10.025349,-2.006488,6.758526,-1.485191,-1.973889,5.270078,-0.181518,2.272401,1.250006,-3.839542,0.312606
Slyc_SHT_QNO39109.1	Slyc_SHT_QNO39109.1	acceptor_superclass::Ornithine alkaloids	acceptor_superclass::Fatty Acids and Conjugates;acceptor_superclass::Isoflavonoids;acceptor_superclass::Phenolic acids (C6-C1);acceptor_superclass::Phenylethanoids (C6-C2);acceptor_superclass::Saccharides;acceptor_superclass::Small peptides;acceptor_superclass::Steroids;acceptor_superclass::Triterpenoids;acceptor_superclass::Tyrosine alkaloids	0,0,0,0,0,0,0,0,0,0,0,1,0,0,0,0,0,0,0,0,0,0,0	0,0,0,1,0,0,1,0,0,0,0,0,0,1,1,0,0,1,1,1,1,0,1	-3.293655,-5.482824,-0.020982,1.388235,-3.363599,-0.993370,1.780669,-11.430374,-14.338093,-6.480095,-8.801271,-2.004181,-6.895240,0.003146,7.194590,-1.924964,-2.987353,6.587574,4.289873,6.348408,2.409518,-4.349803,3.825485
Smel_SHT_AKP24035.1	Smel_SHT_AKP24035.1	acceptor_superclass::Ornithine alkaloids	acceptor_superclass::Cyclic polyketides;acceptor_superclass::Diterpenoids;acceptor_superclass::Fatty acyls;acceptor_superclass::Monoterpenoids;acceptor_superclass::Phenylethanoids (C6-C2);acceptor_superclass::Phenylpropanoids (C6-C3);acceptor_superclass::Saccharides;acceptor_superclass::Triterpenoids	0,0,0,0,0,0,0,0,0,0,0,1,0,0,0,0,0,0,0,0,0,0,0	0,1,1,0,1,0,0,0,0,1,0,0,0,0,1,1,0,1,0,0,1,0,0	-8.083042,3.706363,1.328633,-1.483211,0.657060,-2.541766,-3.590559,-5.883624,-2.489660,1.148161,-0.949344,-1.860394,-2.521169,-7.322106,1.709295,1.524855,-1.206033,5.507498,-3.298904,-7.361321,1.788534,-2.032865,-0.146531
Smoe_HCT1a_XP_002979061.1	Smoe_HCT1a_XP_002979061.1	acceptor_superclass::Flavonoids;acceptor_superclass::Phenolic acids (C6-C1);acceptor_superclass::Small peptides	acceptor_superclass::Monoterpenoids;acceptor_superclass::Phenanthrenoids;acceptor_superclass::Phenolic acids (C6-C1);acceptor_superclass::Phenylpropanoids (C6-C3);acceptor_superclass::Small peptides;acceptor_superclass::Tyrosine alkaloids	0,0,0,0,0,1,0,0,0,0,0,0,0,1,0,0,0,0,1,0,0,0,0	0,0,0,0,0,0,0,0,0,1,0,0,1,1,0,1,0,0,1,0,0,0,1	-8.679349,-11.556602,-4.663802,-1.030104,-1.077277,-2.750958,-8.266545,-2.156735,-2.300683,0.319392,-12.066582,-4.031112,3.995037,3.140425,-0.052232,2.241448,-6.474465,-1.380081,4.914582,-5.147901,-1.601053,-8.344770,1.810087
Sneo_AAT10247_BCJ78484.1	Sneo_AAT10247_BCJ78484.1	acceptor_superclass::Fatty acyls	acceptor_superclass::Cyclic polyketides;acceptor_superclass::Fatty acyls;acceptor_superclass::Flavonoids;acceptor_superclass::Lysine alkaloids;acceptor_superclass::Monoterpenoids;acceptor_superclass::Ornithine alkaloids;acceptor_superclass::Phenanthrenoids;acceptor_superclass::Pseudoalkaloids;acceptor_superclass::Saccharides;acceptor_superclass::Steroids;acceptor_superclass::Triterpenoids	0,0,0,0,1,0,0,0,0,0,0,0,0,0,0,0,0,0,0,0,0,0,0	0,1,0,0,1,1,0,0,1,1,0,1,1,0,0,0,1,1,0,1,1,0,0	-13.714581,17.596777,-7.394431,-4.933974,4.206266,3.476721,-9.176144,-7.561882,5.311098,3.163084,-0.957116,2.058562,10.024022,-8.272872,-2.300766,-1.723762,0.994868,5.034326,-7.570133,1.056292,7.667667,-5.805392,-8.401073
Snig_AGAT1_WES72146.1	Snig_AGAT1_WES72146.1		acceptor_superclass::Cyclic polyketides;acceptor_superclass::Diterpenoids;acceptor_superclass::Fatty acyls;acceptor_superclass::Phenylethanoids (C6-C2);acceptor_superclass::Saccharides;acceptor_superclass::Triterpenoids	0,0,0,0,0,0,0,0,0,0,0,0,0,0,0,0,0,0,0,0,0,0,0	0,1,1,0,1,0,0,0,0,0,0,0,0,0,1,0,0,1,0,0,1,0,0	-8.312996,0.581003,5.314744,-0.461417,0.897266,-2.274968,-1.154192,-19.222713,-10.723710,-4.551555,-9.367671,-0.951703,-12.634383,-3.869147,6.366665,-0.998034,-1.613917,4.222991,-3.966054,-1.178310,0.584960,-3.234641,-2.661052
Snig_ASAT1_ART34015.1	Snig_ASAT1_ART34015.1	acceptor_superclass::Saccharides	acceptor_superclass::Cyclic polyketides;acceptor_superclass::Diterpenoids;acceptor_superclass::Fatty acyls;acceptor_superclass::Phenylethanoids (C6-C2);acceptor_superclass::Saccharides	0,0,0,0,0,0,0,0,0,0,0,0,0,0,0,0,0,1,0,0,0,0,0	0,1,1,0,1,0,0,0,0,0,0,0,0,0,1,0,0,1,0,0,0,0,0	-15.622101,4.099900,10.847261,-1.893233,3.606356,-4.119909,-3.232366,-33.528240,-14.534225,-6.001703,-15.074895,-0.827200,-22.589199,-8.168229,9.334064,-1.163631,-1.624377,4.711524,-10.570462,-5.726997,-0.635024,-4.940157,-7.555787
Snig_ASAT2_WES72145.1	Snig_ASAT2_WES72145.1		acceptor_superclass::Cyclic polyketides;acceptor_superclass::Diterpenoids;acceptor_superclass::Fatty acyls;acceptor_superclass::Phenylethanoids (C6-C2);acceptor_superclass::Saccharides	0,0,0,0,0,0,0,0,0,0,0,0,0,0,0,0,0,0,0,0,0,0,0	0,1,1,0,1,0,0,0,0,0,0,0,0,0,1,0,0,1,0,0,0,0,0	-19.568754,6.589842,13.927132,-2.778216,5.393818,-4.831813,-4.362041,-40.947380,-15.822633,-6.354872,-17.932375,-0.629973,-27.816509,-10.461602,10.501919,-1.251711,-1.243337,4.401075,-14.704186,-8.790762,-1.595706,-5.773829,-10.710996
Snux_AT_UQZ09626.1	Snux_AT_UQZ09626.1	acceptor_superclass::Tryptophan alkaloids	acceptor_superclass::Cyclic polyketides;acceptor_superclass::Diterpenoids;acceptor_superclass::Fatty acyls;acceptor_superclass::Monoterpenoids;acceptor_superclass::Phenylethanoids (C6-C2);acceptor_superclass::Phenylpropanoids (C6-C3);acceptor_superclass::Saccharides;acceptor_superclass::Triterpenoids;acceptor_superclass::Tryptophan alkaloids	0,0,0,0,0,0,0,0,0,0,0,0,0,0,0,0,0,0,0,0,0,1,0	0,1,1,0,1,0,0,0,0,1,0,0,0,0,1,1,0,1,0,0,1,1,0	-14.513668,2.156125,4.136275,-0.647263,1.087164,-6.346748,-9.514605,-7.036684,-1.721182,1.643906,-2.614063,-3.604907,-5.028523,-5.644241,1.887196,2.306946,-2.265160,9.225424,-3.498512,-14.215544,3.050777,0.322143,-0.308249
Soff_AAT1_BDW80084.1	Soff_AAT1_BDW80084.1	acceptor_superclass::Naphthalenes	acceptor_superclass::Cyclic polyketides;acceptor_superclass::Diterpenoids;acceptor_superclass::Fatty acyls;acceptor_superclass::Lignans;acceptor_superclass::Lysine alkaloids;acceptor_superclass::Monoterpenoids;acceptor_superclass::Naphthalenes;acceptor_superclass::Pseudoalkaloids;acceptor_superclass::Saccharides;acceptor_superclass::Triterpenoids;acceptor_superclass::Tryptophan alkaloids	0,0,0,0,0,0,0,0,0,0,1,0,0,0,0,0,0,0,0,0,0,0,0	0,1,1,0,1,0,0,1,1,1,1,0,0,0,0,0,1,1,0,0,1,1,0	-8.115248,2.187891,1.953059,-4.526359,2.783076,-1.106202,-9.511330,0.024723,2.112154,0.112048,0.998280,-2.054533,-3.160029,-5.695588,-0.072985,-0.097214,1.194779,1.673615,-4.882614,-4.662951,0.643823,2.062219,-2.120652
Sole_SOAP10_KNA12459.1	Sole_SOAP10_KNA12459.1	acceptor_superclass::Triterpenoids	acceptor_superclass::Cyclic polyketides;acceptor_superclass::Diterpenoids;acceptor_superclass::Fatty acyls;acceptor_superclass::Monoterpenoids;acceptor_superclass::Phenylethanoids (C6-C2);acceptor_superclass::Phenylpropanoids (C6-C3);acceptor_superclass::Saccharides;acceptor_superclass::Triterpenoids;acceptor_superclass::Tryptophan alkaloids	0,0,0,0,0,0,0,0,0,0,0,0,0,0,0,0,0,0,0,0,1,0,0	0,1,1,0,1,0,0,0,0,1,0,0,0,0,1,1,0,1,0,0,1,1,0	-14.674925,10.162455,7.893459,-1.955314,1.731088,-4.390983,-6.828686,-4.211105,-0.133261,3.595958,-0.208592,-3.730991,-2.060169,-10.769263,3.250471,3.709846,-1.462572,12.872936,-6.075063,-13.579440,2.926561,1.121344,-0.953448
Some_HCT_EFJ20018.1	Some_HCT_EFJ20018.1	acceptor_superclass::Phenolic acids (C6-C1)	acceptor_superclass::Coumarins;acceptor_superclass::Fatty Acids and Conjugates;acceptor_superclass::Fatty acyls;acceptor_superclass::Isoflavonoids;acceptor_superclass::Ornithine alkaloids;acceptor_superclass::Phenanthrenoids;acceptor_superclass::Phenolic acids (C6-C1);acceptor_superclass::Phenylethanoids (C6-C2);acceptor_superclass::Phenylpropanoids (C6-C3);acceptor_superclass::Pseudoalkaloids;acceptor_superclass::Small peptides;acceptor_superclass::Steroids	0,0,0,0,0,0,0,0,0,0,0,0,0,1,0,0,0,0,0,0,0,0,0	1,0,0,1,1,0,1,0,0,0,0,1,1,1,1,1,1,0,1,1,0,0,0	8.512828,-5.355576,-13.268264,0.695878,0.293824,-1.526725,4.522583,-3.726060,-13.532179,-8.536302,-0.242367,0.320850,3.437560,1.339387,3.759195,1.848738,0.700146,-5.579527,0.046022,2.832143,-8.561283,-3.096060,-3.785150
Spen_AAT12560_BCJ78487.1	Spen_AAT12560_BCJ78487.1	acceptor_superclass::Fatty acyls	acceptor_superclass::Cyclic polyketides;acceptor_superclass::Fatty acyls;acceptor_superclass::Flavonoids;acceptor_superclass::Lysine alkaloids;acceptor_superclass::Monoterpenoids;acceptor_superclass::Naphthalenes;acceptor_superclass::Ornithine alkaloids;acceptor_superclass::Phenanthrenoids;acceptor_superclass::Pseudoalkaloids;acceptor_superclass::Saccharides;acceptor_superclass::Steroids;acceptor_superclass::Triterpenoids	0,0,0,0,1,0,0,0,0,0,0,0,0,0,0,0,0,0,0,0,0,0,0	0,1,0,0,1,1,0,0,1,1,1,1,1,0,0,0,1,1,0,1,1,0,0	-14.406432,18.675840,-6.039644,-5.413450,3.603519,2.753069,-9.108876,-6.122828,6.445923,3.598655,0.297649,2.445203,7.731874,-9.389396,-1.303446,-1.246164,1.139552,5.075534,-8.614636,0.926538,7.885703,-6.112453,-8.646845
Spen_AAT1_AIW04708.1	Spen_AAT1_AIW04708.1	acceptor_superclass::Fatty acyls;acceptor_superclass::Phenylethanoids (C6-C2)	acceptor_superclass::Diterpenoids;acceptor_superclass::Fatty acyls;acceptor_superclass::Lysine alkaloids;acceptor_superclass::Monoterpenoids;acceptor_superclass::Phenylethanoids (C6-C2);acceptor_superclass::Phenylpropanoids (C6-C3);acceptor_superclass::Saccharides	0,0,0,0,1,0,0,0,0,0,0,0,0,0,1,0,0,0,0,0,0,0,0	0,0,1,0,1,0,0,0,1,1,0,0,0,0,1,1,0,1,0,0,0,0,0	-9.255381,-0.806791,0.899320,-4.075258,4.063317,-0.868552,-11.121874,-0.118371,2.344475,1.619798,-5.236186,-2.196318,-2.231493,-3.781760,0.006899,1.005295,-0.225986,0.774477,-3.207559,-6.402441,-0.734259,-2.640378,-2.468323
Spen_ASAT2_ALU64005.1	Spen_ASAT2_ALU64005.1		acceptor_superclass::Cyclic polyketides;acceptor_superclass::Diterpenoids;acceptor_superclass::Fatty acyls;acceptor_superclass::Monoterpenoids;acceptor_superclass::Phenylethanoids (C6-C2);acceptor_superclass::Phenylpropanoids (C6-C3);acceptor_superclass::Saccharides;acceptor_superclass::Triterpenoids	0,0,0,0,0,0,0,0,0,0,0,0,0,0,0,0,0,0,0,0,0,0,0	0,1,1,0,1,0,0,0,0,1,0,0,0,0,1,1,0,1,0,0,1,0,0	-12.176586,5.668215,2.717682,-2.268861,1.617476,-3.939380,-5.959157,-7.677267,-2.395323,1.975623,-1.226973,-3.136866,-3.570477,-10.333983,2.630088,2.436987,-1.995952,8.342589,-4.914126,-11.038314,2.633744,-2.437853,-0.461108
Spen_ASAT3_AJF98583.1	Spen_ASAT3_AJF98583.1		acceptor_superclass::Cyclic polyketides;acceptor_superclass::Fatty acyls;acceptor_superclass::Flavonoids;acceptor_superclass::Lysine alkaloids;acceptor_superclass::Monoterpenoids;acceptor_superclass::Naphthalenes;acceptor_superclass::Ornithine alkaloids;acceptor_superclass::Phenanthrenoids;acceptor_superclass::Phenylethanoids (C6-C2);acceptor_superclass::Pseudoalkaloids;acceptor_superclass::Saccharides;acceptor_superclass::Steroids;acceptor_superclass::Triterpenoids	0,0,0,0,0,0,0,0,0,0,0,0,0,0,0,0,0,0,0,0,0,0,0	0,1,0,0,1,1,0,0,1,1,1,1,1,0,1,0,1,1,0,1,1,0,0	-13.919821,18.827490,-3.606638,-5.565620,2.461763,1.539025,-8.026209,-3.681880,7.185075,3.815391,2.688270,2.850736,4.202905,-10.059585,0.000459,-0.797438,1.052515,4.530917,-9.411329,0.890408,7.543248,-5.699562,-8.237944
Spim_AAT11589_BCJ78481.1	Spim_AAT11589_BCJ78481.1	acceptor_superclass::Fatty acyls	acceptor_superclass::Cyclic polyketides;acceptor_superclass::Diterpenoids;acceptor_superclass::Fatty acyls;acceptor_superclass::Phenylethanoids (C6-C2);acceptor_superclass::Saccharides	0,0,0,0,1,0,0,0,0,0,0,0,0,0,0,0,0,0,0,0,0,0,0	0,1,1,0,1,0,0,0,0,0,0,0,0,0,1,0,0,1,0,0,0,0,0	-14.268290,2.717658,9.467255,-1.207631,2.999669,-3.620657,-2.659081,-31.076601,-14.913310,-6.188451,-14.819737,-0.917370,-21.005236,-7.134451,9.353336,-1.220174,-1.766479,5.122055,-8.767555,-4.186743,-0.408324,-5.150267,-6.193348
Spot_AT_UQZ09635.1	Spot_AT_UQZ09635.1	acceptor_superclass::Tryptophan alkaloids	acceptor_superclass::Cyclic polyketides;acceptor_superclass::Diterpenoids;acceptor_superclass::Fatty acyls;acceptor_superclass::Lignans;acceptor_superclass::Lysine alkaloids;acceptor_superclass::Phenylethanoids (C6-C2);acceptor_superclass::Pseudoalkaloids;acceptor_superclass::Saccharides;acceptor_superclass::Triterpenoids;acceptor_superclass::Tryptophan alkaloids	0,0,0,0,0,0,0,0,0,0,0,0,0,0,0,0,0,0,0,0,0,1,0	0,1,1,0,1,0,0,1,1,0,0,0,0,0,1,0,1,1,0,0,1,1,0	-14.181824,0.322677,4.144054,-4.666388,3.158370,-4.428308,-14.722850,1.172199,3.187375,-0.295582,-0.043928,-3.150609,-6.099833,-3.030609,0.453584,-0.091127,0.958732,5.124018,-4.917082,-7.739302,1.720307,5.271707,-2.220275
Squi_ASAT1H_UTN00742.1	Squi_ASAT1H_UTN00742.1		acceptor_superclass::Cyclic polyketides;acceptor_superclass::Diterpenoids;acceptor_superclass::Fatty acyls;acceptor_superclass::Lignans;acceptor_superclass::Lysine alkaloids;acceptor_superclass::Monoterpenoids;acceptor_superclass::Naphthalenes;acceptor_superclass::Phenylethanoids (C6-C2);acceptor_superclass::Pseudoalkaloids;acceptor_superclass::Saccharides;acceptor_superclass::Triterpenoids;acceptor_superclass::Tryptophan alkaloids	0,0,0,0,0,0,0,0,0,0,0,0,0,0,0,0,0,0,0,0,0,0,0	0,1,1,0,1,0,0,1,1,1,1,0,0,0,1,0,1,1,0,0,1,1,0	-12.315197,3.224075,4.125861,-5.833125,4.528636,-2.335401,-14.242424,0.905558,3.685937,0.472915,0.886342,-2.955631,-6.075092,-6.501156,0.230710,-0.382622,1.947643,3.712091,-7.005537,-7.298251,1.023687,4.026467,-3.286391
Squi_ASAT3H_UTN00743.1	Squi_ASAT3H_UTN00743.1		acceptor_superclass::Diterpenoids;acceptor_superclass::Fatty acyls;acceptor_superclass::Lignans;acceptor_superclass::Lysine alkaloids;acceptor_superclass::Naphthalenes;acceptor_superclass::Phenanthrenoids;acceptor_superclass::Saccharides	0,0,0,0,0,0,0,0,0,0,0,0,0,0,0,0,0,0,0,0,0,0,0	0,0,1,0,1,0,0,1,1,0,1,0,1,0,0,0,0,1,0,0,0,0,0	-1.200482,-10.837559,3.054037,-8.133784,2.297837,-2.534877,-2.400908,9.945415,0.583302,-13.582116,2.438795,-1.934843,3.134708,-16.902111,-3.841007,-0.955554,-4.496724,8.257529,-22.346788,-15.349670,-2.255806,-2.793595,-11.401485
Squi_ASAT4H_QNR60312.1	Squi_ASAT4H_QNR60312.1		acceptor_superclass::Cyclic polyketides;acceptor_superclass::Fatty acyls;acceptor_superclass::Flavonoids;acceptor_superclass::Lysine alkaloids;acceptor_superclass::Monoterpenoids;acceptor_superclass::Ornithine alkaloids;acceptor_superclass::Phenanthrenoids;acceptor_superclass::Pseudoalkaloids;acceptor_superclass::Saccharides;acceptor_superclass::Steroids;acceptor_superclass::Triterpenoids	0,0,0,0,0,0,0,0,0,0,0,0,0,0,0,0,0,0,0,0,0,0,0	0,1,0,0,1,1,0,0,1,1,0,1,1,0,0,0,1,1,0,1,1,0,0	-11.140079,12.994789,-7.154287,-3.739718,4.646458,3.195691,-8.454067,-8.139602,2.522172,2.532480,-1.633451,0.875567,10.805886,-4.666354,-3.691130,-2.154442,0.249961,5.450593,-5.351138,0.456602,6.465369,-2.813353,-6.547122
Squi_TAIAT_QNR60311.1	Squi_TAIAT_QNR60311.1		acceptor_superclass::Fatty acyls;acceptor_superclass::Monoterpenoids;acceptor_superclass::Phenylethanoids (C6-C2);acceptor_superclass::Phenylpropanoids (C6-C3);acceptor_superclass::Saccharides;acceptor_superclass::Triterpenoids;acceptor_superclass::Tyrosine alkaloids	0,0,0,0,0,0,0,0,0,0,0,0,0,0,0,0,0,0,0,0,0,0,0	0,0,0,0,1,0,0,0,0,1,0,0,0,0,1,1,0,1,0,0,1,0,1	-10.475504,-2.202630,-0.610563,-0.256884,0.698910,-5.491992,-7.569064,-8.855061,-3.261276,0.022355,-3.359461,-2.042421,-5.465991,-3.058056,1.086379,0.960180,-2.181795,4.426860,-1.810074,-10.494814,2.472099,-1.644313,0.225773
Sric_SHT_AMB21755.1	Sric_SHT_AMB21755.1	acceptor_superclass::Ornithine alkaloids	acceptor_superclass::Coumarins;acceptor_superclass::Diterpenoids;acceptor_superclass::Fatty acyls;acceptor_superclass::Lignans;acceptor_superclass::Naphthalenes;acceptor_superclass::Phenanthrenoids;acceptor_superclass::Saccharides	0,0,0,0,0,0,0,0,0,0,0,1,0,0,0,0,0,0,0,0,0,0,0	1,0,1,0,1,0,0,1,0,0,1,0,1,0,0,0,0,1,0,0,0,0,0	0.029690,-6.995730,0.709900,-4.879033,1.426713,-1.742306,-1.080346,5.740285,-0.925496,-9.058249,1.414095,-1.099109,2.190797,-10.125093,-1.993762,-0.502854,-2.652432,4.513555,-13.546206,-9.048484,-2.052752,-1.894202,-7.281773
Ssin_ASAT1_ART34011.1	Ssin_ASAT1_ART34011.1	acceptor_superclass::Saccharides	acceptor_superclass::Cyclic polyketides;acceptor_superclass::Fatty acyls;acceptor_superclass::Flavonoids;acceptor_superclass::Lysine alkaloids;acceptor_superclass::Monoterpenoids;acceptor_superclass::Naphthalenes;acceptor_superclass::Ornithine alkaloids;acceptor_superclass::Phenanthrenoids;acceptor_superclass::Phenylethanoids (C6-C2);acceptor_superclass::Pseudoalkaloids;acceptor_superclass::Saccharides;acceptor_superclass::Steroids;acceptor_superclass::Triterpenoids	0,0,0,0,0,0,0,0,0,0,0,0,0,0,0,0,0,1,0,0,0,0,0	0,1,0,0,1,1,0,0,1,1,1,1,1,0,1,0,1,1,0,1,1,0,0	-21.555513,27.218758,-4.321289,-8.587986,3.868268,1.260317,-13.217014,-4.824045,11.004843,6.231731,3.912150,3.358695,4.730898,-14.220809,0.141791,-0.769343,1.143871,8.271954,-14.487195,0.247985,11.493817,-7.262825,-12.212790
Ssin_ASAT2_ART34012.1	Ssin_ASAT2_ART34012.1		acceptor_superclass::Cyclic polyketides;acceptor_superclass::Fatty acyls;acceptor_superclass::Flavonoids;acceptor_superclass::Lysine alkaloids;acceptor_superclass::Monoterpenoids;acceptor_superclass::Naphthalenes;acceptor_superclass::Ornithine alkaloids;acceptor_superclass::Phenanthrenoids;acceptor_superclass::Phenylethanoids (C6-C2);acceptor_superclass::Pseudoalkaloids;acceptor_superclass::Saccharides;acceptor_superclass::Steroids;acceptor_superclass::Triterpenoids	0,0,0,0,0,0,0,0,0,0,0,0,0,0,0,0,0,0,0,0,0,0,0	0,1,0,0,1,1,0,0,1,1,1,1,1,0,1,0,1,1,0,1,1,0,0	-20.650490,26.462135,-4.124488,-8.457843,3.503179,1.372283,-12.479569,-4.566032,11.059837,5.962658,3.489250,3.412466,4.326003,-14.292779,0.405333,-0.447435,1.350973,7.318283,-13.679004,0.484327,10.929236,-7.931994,-11.846109
Ssin_ASAT3_ART34013.1	Ssin_ASAT3_ART34013.1		acceptor_superclass::Cyclic polyketides;acceptor_superclass::Diterpenoids;acceptor_superclass::Fatty acyls;acceptor_superclass::Monoterpenoids;acceptor_superclass::Phenylethanoids (C6-C2);acceptor_superclass::Phenylpropanoids (C6-C3);acceptor_superclass::Saccharides;acceptor_superclass::Triterpenoids	0,0,0,0,0,0,0,0,0,0,0,0,0,0,0,0,0,0,0,0,0,0,0	0,1,1,0,1,0,0,0,0,1,0,0,0,0,1,1,0,1,0,0,1,0,0	-11.215527,3.524775,1.192675,-1.961577,1.548283,-3.857927,-6.070426,-8.233262,-2.713706,1.472289,-1.882030,-2.751435,-3.969664,-8.787453,2.227473,1.963221,-2.282945,6.720544,-4.029712,-10.117680,2.386040,-3.011830,-0.318789
Ssin_ASAT5_ART34014.1	Ssin_ASAT5_ART34014.1		acceptor_superclass::Cyclic polyketides;acceptor_superclass::Fatty acyls;acceptor_superclass::Flavonoids;acceptor_superclass::Lysine alkaloids;acceptor_superclass::Monoterpenoids;acceptor_superclass::Naphthalenes;acceptor_superclass::Ornithine alkaloids;acceptor_superclass::Phenanthrenoids;acceptor_superclass::Pseudoalkaloids;acceptor_superclass::Saccharides;acceptor_superclass::Triterpenoids	0,0,0,0,0,0,0,0,0,0,0,0,0,0,0,0,0,0,0,0,0,0,0	0,1,0,0,1,1,0,0,1,1,1,1,1,0,0,0,1,1,0,0,1,0,0	-14.365697,17.402348,-4.118328,-5.508695,3.347029,1.320363,-9.465549,-4.812022,6.222454,4.031678,1.480158,1.891675,5.345335,-8.305587,-1.036681,-0.968770,0.579647,6.150762,-8.961982,-0.038772,7.805663,-4.187545,-8.033161
Sspl_5MAT1_AAL50566.1	Sspl_5MAT1_AAL50566.1	acceptor_superclass::Flavonoids	acceptor_superclass::Diterpenoids;acceptor_superclass::Fatty Acids and Conjugates;acceptor_superclass::Isoflavonoids;acceptor_superclass::Phenylethanoids (C6-C2);acceptor_superclass::Saccharides;acceptor_superclass::Small peptides;acceptor_superclass::Steroids;acceptor_superclass::Triterpenoids;acceptor_superclass::Tyrosine alkaloids	0,0,0,0,0,1,0,0,0,0,0,0,0,0,0,0,0,0,0,0,0,0,0	0,0,1,1,0,0,1,0,0,0,0,0,0,0,1,0,0,1,1,1,1,0,1	-5.108859,-5.758487,0.955551,1.308304,-4.038075,-1.190915,2.590326,-16.724510,-18.416153,-8.259444,-11.949088,-2.694950,-9.926013,-0.667512,9.221354,-2.538201,-3.530711,7.885933,4.118674,7.368870,2.843444,-5.754476,3.712592
Sspl_5MAT2_AAR26385.1	Sspl_5MAT2_AAR26385.1	acceptor_superclass::Flavonoids	acceptor_superclass::Coumarins;acceptor_superclass::Fatty acyls;acceptor_superclass::Lignans;acceptor_superclass::Naphthalenes;acceptor_superclass::Phenanthrenoids;acceptor_superclass::Saccharides	0,0,0,0,0,1,0,0,0,0,0,0,0,0,0,0,0,0,0,0,0,0,0	1,0,0,0,1,0,0,1,0,0,1,0,1,0,0,0,0,1,0,0,0,0,0	1.661674,-6.895766,-2.130989,-3.708723,1.118135,-1.935454,-0.143595,3.771208,-3.733662,-8.789092,1.319041,-0.884174,2.185615,-8.072701,-0.604793,-0.034261,-1.864446,3.082307,-11.207800,-6.666184,-3.177961,-1.751661,-6.645111
Stub_COSY_M0ZYT4	Stub_COSY_M0ZYT4		acceptor_superclass::Diterpenoids;acceptor_superclass::Fatty acyls;acceptor_superclass::Phenylethanoids (C6-C2);acceptor_superclass::Saccharides;acceptor_superclass::Triterpenoids	0,0,0,0,0,0,0,0,0,0,0,0,0,0,0,0,0,0,0,0,0,0,0	0,0,1,0,1,0,0,0,0,0,0,0,0,0,1,0,0,1,0,0,1,0,0	-8.377025,-0.012086,4.944977,-0.423940,0.352106,-1.926467,-0.261012,-19.609095,-12.353158,-5.257572,-10.618311,-1.156709,-12.822812,-3.674604,6.842797,-1.294389,-1.632429,3.988226,-3.398557,-0.011268,0.281300,-4.493185,-2.169232
Stub_FHT_NP_001275190.1	Stub_FHT_NP_001275190.1	acceptor_superclass::Fatty Acids and Conjugates;acceptor_superclass::Fatty acyls	acceptor_superclass::Fatty Acids and Conjugates;acceptor_superclass::Isoflavonoids;acceptor_superclass::Phenylethanoids (C6-C2);acceptor_superclass::Saccharides;acceptor_superclass::Small peptides;acceptor_superclass::Steroids;acceptor_superclass::Triterpenoids;acceptor_superclass::Tyrosine alkaloids	0,0,0,1,1,0,0,0,0,0,0,0,0,0,0,0,0,0,0,0,0,0,0	0,0,0,1,0,0,1,0,0,0,0,0,0,0,1,0,0,1,1,1,1,0,1	-3.744913,-7.444838,-0.191597,2.067070,-3.858163,-1.617160,1.725443,-13.557085,-17.237782,-7.864864,-10.159295,-2.485677,-8.207780,-0.029406,8.825651,-2.148118,-3.965843,8.806840,5.805007,8.005997,3.337562,-4.755891,5.082824
Taes_ACT1-1_BCN87078.1	Taes_ACT1-1_BCN87078.1	acceptor_superclass::Ornithine alkaloids;acceptor_superclass::Pseudoalkaloids	acceptor_superclass::Fatty Acids and Conjugates;acceptor_superclass::Ornithine alkaloids;acceptor_superclass::Phenylethanoids (C6-C2);acceptor_superclass::Triterpenoids;acceptor_superclass::Tyrosine alkaloids	0,0,0,0,0,0,0,0,0,0,0,1,0,0,0,0,1,0,0,0,0,0,0	0,0,0,1,0,0,0,0,0,0,0,1,0,0,1,0,0,0,0,0,1,0,1	-2.635079,-6.700005,-9.067801,0.697228,-0.772726,-2.148328,-0.891393,-12.512466,-7.099393,-2.828359,-3.246773,1.467083,-4.181015,-2.179346,0.386670,-1.042107,-1.296733,-2.438840,-0.092859,-2.412665,0.533797,-6.005731,0.860777
Taes_ACT1-2_BCN87079.1	Taes_ACT1-2_BCN87079.1	acceptor_superclass::Ornithine alkaloids;acceptor_superclass::Pseudoalkaloids	acceptor_superclass::Coumarins;acceptor_superclass::Fatty acyls;acceptor_superclass::Isoflavonoids;acceptor_superclass::Lignans;acceptor_superclass::Naphthalenes;acceptor_superclass::Ornithine alkaloids;acceptor_superclass::Phenanthrenoids;acceptor_superclass::Phenylethanoids (C6-C2);acceptor_superclass::Phenylpropanoids (C6-C3)	0,0,0,0,0,0,0,0,0,0,0,1,0,0,0,0,1,0,0,0,0,0,0	1,0,0,0,1,0,1,1,0,0,1,1,1,0,1,1,0,0,0,0,0,0,0	3.980635,-4.660866,-5.871362,-1.184635,0.606529,-1.164852,1.853170,0.074722,-6.355550,-6.857963,0.337756,0.139934,2.349838,-2.486457,0.986067,0.642841,-0.308998,-1.205975,-4.079842,-1.579250,-4.542520,-1.952603,-4.040664
Taes_ACT2_AMY96376.1	Taes_ACT2_AMY96376.1	acceptor_superclass::Ornithine alkaloids	acceptor_superclass::Diterpenoids;acceptor_superclass::Fatty Acids and Conjugates;acceptor_superclass::Isoflavonoids;acceptor_superclass::Phenylethanoids (C6-C2);acceptor_superclass::Saccharides;acceptor_superclass::Small peptides;acceptor_superclass::Steroids;acceptor_superclass::Triterpenoids;acceptor_superclass::Tyrosine alkaloids	0,0,0,0,0,0,0,0,0,0,0,1,0,0,0,0,0,0,0,0,0,0,0	0,0,1,1,0,0,1,0,0,0,0,0,0,0,1,0,0,1,1,1,1,0,1	-4.068978,-3.317427,1.154777,0.751494,-1.980102,-0.994501,0.945906,-11.797091,-11.648279,-5.238512,-7.770000,-1.354596,-7.461558,-0.808128,6.100379,-1.556158,-1.957815,5.177790,1.764315,3.747594,1.599375,-3.566382,1.810860
Tant_HQT1_QCI44191.1	Tant_HQT1_QCI44191.1	acceptor_superclass::Phenolic acids (C6-C1)	acceptor_superclass::Monoterpenoids;acceptor_superclass::Phenanthrenoids;acceptor_superclass::Phenolic acids (C6-C1);acceptor_superclass::Phenylpropanoids (C6-C3);acceptor_superclass::Small peptides;acceptor_superclass::Tyrosine alkaloids	0,0,0,0,0,0,0,0,0,0,0,0,0,1,0,0,0,0,0,0,0,0,0	0,0,0,0,0,0,0,0,0,1,0,0,1,1,0,1,0,0,1,0,0,0,1	-8.138401,-9.377475,-3.423762,-1.189127,-0.132567,-2.448320,-7.936618,-1.493183,-1.153310,0.593548,-10.127659,-3.255656,2.584062,2.324099,-0.022994,2.165018,-5.128217,-0.921661,3.528056,-5.145259,-1.337568,-6.885725,0.974549
Tant_HQT2_QBQ52948.1	Tant_HQT2_QBQ52948.1	acceptor_superclass::Phenolic acids (C6-C1)	acceptor_superclass::Fatty Acids and Conjugates;acceptor_superclass::Isoflavonoids;acceptor_superclass::Phenolic acids (C6-C1);acceptor_superclass::Phenylethanoids (C6-C2);acceptor_superclass::Saccharides;acceptor_superclass::Small peptides;acceptor_superclass::Steroids;acceptor_superclass::Triterpenoids;acceptor_superclass::Tyrosine alkaloids	0,0,0,0,0,0,0,0,0,0,0,0,0,1,0,0,0,0,0,0,0,0,0	0,0,0,1,0,0,1,0,0,0,0,0,0,1,1,0,0,1,1,1,1,0,1	-3.121482,-6.543882,-0.370032,1.681491,-3.755761,-1.210391,1.785012,-11.679322,-15.332946,-7.017786,-9.014394,-2.202462,-7.032059,0.196241,7.746257,-1.997594,-3.405318,7.572083,5.290871,7.269244,2.882124,-4.412130,4.693169
Tcan_TAX10_AAM75818.1	Tcan_TAX10_AAM75818.1	acceptor_superclass::Diterpenoids	acceptor_superclass::Cyclic polyketides;acceptor_superclass::Diterpenoids;acceptor_superclass::Fatty acyls;acceptor_superclass::Phenylethanoids (C6-C2);acceptor_superclass::Saccharides	0,0,1,0,0,0,0,0,0,0,0,0,0,0,0,0,0,0,0,0,0,0,0	0,1,1,0,1,0,0,0,0,0,0,0,0,0,1,0,0,1,0,0,0,0,0	-14.144581,3.310636,9.639919,-1.217365,3.538435,-3.709272,-3.285797,-30.038580,-13.091189,-5.359978,-13.609651,-0.527947,-20.538198,-7.210706,8.711110,-1.034331,-1.281124,4.991532,-9.386011,-5.318538,-0.450203,-4.056654,-6.782719
Tcus_BAPT_AAL92459.1	Tcus_BAPT_AAL92459.1	acceptor_superclass::Diterpenoids	acceptor_superclass::Cyclic polyketides;acceptor_superclass::Diterpenoids;acceptor_superclass::Fatty acyls;acceptor_superclass::Lignans;acceptor_superclass::Lysine alkaloids;acceptor_superclass::Monoterpenoids;acceptor_superclass::Phenylethanoids (C6-C2);acceptor_superclass::Phenylpropanoids (C6-C3);acceptor_superclass::Pseudoalkaloids;acceptor_superclass::Saccharides;acceptor_superclass::Triterpenoids;acceptor_superclass::Tryptophan alkaloids	0,0,1,0,0,0,0,0,0,0,0,0,0,0,0,0,0,0,0,0,0,0,0	0,1,1,0,1,0,0,1,1,1,0,0,0,0,1,1,1,1,0,0,1,1,0	-12.837538,0.746746,4.114053,-4.165987,5.185253,-2.979225,-14.285643,1.578989,4.043447,1.549989,-3.111414,-2.100856,-6.445570,-2.654150,0.372436,0.469795,1.613314,3.775642,-5.105617,-8.338009,0.438562,2.213066,-3.245762
Tcus_DBAT_AAF27621.1	Tcus_DBAT_AAF27621.1	acceptor_superclass::Diterpenoids	acceptor_superclass::Diterpenoids;acceptor_superclass::Fatty acyls;acceptor_superclass::Lignans;acceptor_superclass::Lysine alkaloids;acceptor_superclass::Monoterpenoids;acceptor_superclass::Phenylethanoids (C6-C2);acceptor_superclass::Phenylpropanoids (C6-C3);acceptor_superclass::Pseudoalkaloids;acceptor_superclass::Saccharides;acceptor_superclass::Triterpenoids;acceptor_superclass::Tryptophan alkaloids	0,0,1,0,0,0,0,0,0,0,0,0,0,0,0,0,0,0,0,0,0,0,0	0,0,1,0,1,0,0,1,1,1,0,0,0,0,1,1,1,1,0,0,1,1,0	-12.204531,-0.055149,2.959387,-4.590154,4.522191,-2.463294,-13.834659,0.780785,3.549487,1.376986,-3.812576,-2.121674,-4.979997,-3.523557,0.139289,1.014255,1.055677,2.947387,-4.596763,-8.016281,0.336033,0.587845,-3.053321
Tcus_TBT_AAG38049.1	Tcus_DBBT_AAG38049.1	acceptor_superclass::Diterpenoids	acceptor_superclass::Cyclic polyketides;acceptor_superclass::Diterpenoids;acceptor_superclass::Fatty acyls;acceptor_superclass::Phenylethanoids (C6-C2);acceptor_superclass::Saccharides	0,0,1,0,0,0,0,0,0,0,0,0,0,0,0,0,0,0,0,0,0,0,0	0,1,1,0,1,0,0,0,0,0,0,0,0,0,1,0,0,1,0,0,0,0,0	-15.955588,3.951734,10.942094,-1.605095,4.022985,-4.124716,-3.532671,-33.835342,-14.684859,-5.968320,-15.460608,-0.669906,-23.106903,-8.221802,9.576921,-1.163566,-1.426096,5.010127,-10.802011,-6.002027,-0.810680,-4.935604,-7.815868
Tcus_DBNTBT_AAM75818.1	Tcus_DBNTBT_AAM75818.1	acceptor_superclass::Diterpenoids	acceptor_superclass::Cyclic polyketides;acceptor_superclass::Diterpenoids;acceptor_superclass::Fatty acyls;acceptor_superclass::Phenylethanoids (C6-C2);acceptor_superclass::Saccharides	0,0,1,0,0,0,0,0,0,0,0,0,0,0,0,0,0,0,0,0,0,0,0	0,1,1,0,1,0,0,0,0,0,0,0,0,0,1,0,0,1,0,0,0,0,0	-14.144581,3.310636,9.639919,-1.217365,3.538435,-3.709272,-3.285797,-30.038580,-13.091189,-5.359978,-13.609651,-0.527947,-20.538198,-7.210706,8.711110,-1.034331,-1.281124,4.991532,-9.386011,-5.318538,-0.450203,-4.056654,-6.782719
Tcus_TAT_AAF34254.1	Tcus_TAT_AAF34254.1	acceptor_superclass::Diterpenoids	acceptor_superclass::Diterpenoids;acceptor_superclass::Fatty acyls;acceptor_superclass::Lignans;acceptor_superclass::Naphthalenes;acceptor_superclass::Phenanthrenoids;acceptor_superclass::Saccharides	0,0,1,0,0,0,0,0,0,0,0,0,0,0,0,0,0,0,0,0,0,0,0	0,0,1,0,1,0,0,1,0,0,1,0,1,0,0,0,0,1,0,0,0,0,0	-0.006233,-8.803514,0.737865,-5.532061,1.695813,-2.220338,-1.507001,6.759281,-1.415183,-10.509019,1.707206,-1.385377,2.358209,-11.919291,-2.206931,-0.418706,-3.051692,5.582765,-16.309080,-10.898638,-2.561679,-2.326036,-8.764240
Tcus_TAX19_AAU89980.1	Tcus_TAX19_AAU89980.1		acceptor_superclass::Cyclic polyketides;acceptor_superclass::Fatty acyls;acceptor_superclass::Flavonoids;acceptor_superclass::Lysine alkaloids;acceptor_superclass::Monoterpenoids;acceptor_superclass::Naphthalenes;acceptor_superclass::Ornithine alkaloids;acceptor_superclass::Phenanthrenoids;acceptor_superclass::Pseudoalkaloids;acceptor_superclass::Saccharides;acceptor_superclass::Steroids;acceptor_superclass::Triterpenoids	0,0,0,0,0,0,0,0,0,0,0,0,0,0,0,0,0,0,0,0,0,0,0	0,1,0,0,1,1,0,0,1,1,1,1,1,0,0,0,1,1,0,1,1,0,0	-14.597559,18.038780,-5.173163,-5.495189,3.470904,2.054066,-9.444387,-5.611495,6.462358,3.949583,0.647736,2.184607,6.628916,-8.987477,-1.115992,-0.984613,0.973540,5.655930,-8.863313,0.388350,7.924151,-5.318089,-8.379961
Tcus_TAT_AAF34254.1	Tcus_TAX1_AAF34254.1		acceptor_superclass::Cyclic polyketides;acceptor_superclass::Diterpenoids;acceptor_superclass::Fatty acyls;acceptor_superclass::Monoterpenoids;acceptor_superclass::Phenylethanoids (C6-C2);acceptor_superclass::Phenylpropanoids (C6-C3);acceptor_superclass::Saccharides;acceptor_superclass::Triterpenoids	0,0,0,0,0,0,0,0,0,0,0,0,0,0,0,0,0,0,0,0,0,0,0	0,1,1,0,1,0,0,0,0,1,0,0,0,0,1,1,0,1,0,0,1,0,0	-10.784151,1.701730,1.447536,-1.231717,1.613354,-3.908899,-6.533314,-7.957845,-2.241026,1.257158,-2.697952,-2.127379,-4.175525,-5.973811,1.728448,2.125089,-1.726524,6.289452,-3.257107,-9.813599,2.144228,-2.423677,-0.095766
Tcus_TBT_AAG38049.1	Tcus_TBT_AAG38049.1	acceptor_superclass::Diterpenoids	acceptor_superclass::Diterpenoids;acceptor_superclass::Fatty acyls;acceptor_superclass::Lignans;acceptor_superclass::Lysine alkaloids;acceptor_superclass::Monoterpenoids;acceptor_superclass::Phenylethanoids (C6-C2);acceptor_superclass::Phenylpropanoids (C6-C3);acceptor_superclass::Pseudoalkaloids;acceptor_superclass::Saccharides;acceptor_superclass::Triterpenoids;acceptor_superclass::Tryptophan alkaloids	0,0,1,0,0,0,0,0,0,0,0,0,0,0,0,0,0,0,0,0,0,0,0	0,0,1,0,1,0,0,1,1,1,0,0,0,0,1,1,1,1,0,0,1,1,0	-13.066582,-0.301356,3.413238,-4.562445,5.164986,-2.742796,-14.722996,1.038180,3.777489,1.579995,-4.129830,-2.580905,-5.552273,-3.154463,0.360868,0.830927,0.820520,3.157309,-4.894414,-8.562623,0.197075,0.794205,-3.225662
Tmed_BAHD22_QDM39185.1	Tmed_BAHD22_QDM39185.1	acceptor_superclass::Diterpenoids	acceptor_superclass::Cyclic polyketides;acceptor_superclass::Fatty acyls;acceptor_superclass::Flavonoids;acceptor_superclass::Lysine alkaloids;acceptor_superclass::Monoterpenoids;acceptor_superclass::Naphthalenes;acceptor_superclass::Ornithine alkaloids;acceptor_superclass::Phenanthrenoids;acceptor_superclass::Phenylethanoids (C6-C2);acceptor_superclass::Pseudoalkaloids;acceptor_superclass::Saccharides;acceptor_superclass::Steroids;acceptor_superclass::Triterpenoids	0,0,1,0,0,0,0,0,0,0,0,0,0,0,0,0,0,0,0,0,0,0,0	0,1,0,0,1,1,0,0,1,1,1,1,1,0,1,0,1,1,0,1,1,0,0	-19.983524,24.895119,-3.853640,-7.890802,3.360684,1.129891,-12.138794,-4.244502,10.632305,5.856262,3.161260,3.306879,3.904877,-13.612514,0.535798,-0.264735,1.321261,7.448843,-13.437724,0.029452,10.563849,-7.161518,-11.198378
Tmed_BAHD6-13_BEK82039.1	Tmed_BAHD6-13_BEK82039.1	acceptor_superclass::Diterpenoids	acceptor_superclass::Cyclic polyketides;acceptor_superclass::Fatty acyls;acceptor_superclass::Flavonoids;acceptor_superclass::Lysine alkaloids;acceptor_superclass::Monoterpenoids;acceptor_superclass::Naphthalenes;acceptor_superclass::Ornithine alkaloids;acceptor_superclass::Phenanthrenoids;acceptor_superclass::Phenylethanoids (C6-C2);acceptor_superclass::Pseudoalkaloids;acceptor_superclass::Saccharides;acceptor_superclass::Triterpenoids	0,0,1,0,0,0,0,0,0,0,0,0,0,0,0,0,0,0,0,0,0,0,0	0,1,0,0,1,1,0,0,1,1,1,1,1,0,1,0,1,1,0,0,1,0,0	-19.307135,23.007601,-3.450295,-7.513651,3.427146,0.629688,-12.212851,-4.068626,9.849667,5.784502,2.908707,2.755196,3.510484,-12.192937,0.298856,-0.241563,1.011487,7.944283,-12.856949,-0.569454,10.198588,-5.957119,-10.542229
Tmed_DBAT_QDM39186.1	Tmed_DBAT_QDM39186.1	acceptor_superclass::Diterpenoids	acceptor_superclass::Cyclic polyketides;acceptor_superclass::Diterpenoids;acceptor_superclass::Fatty acyls;acceptor_superclass::Phenylethanoids (C6-C2);acceptor_superclass::Saccharides	0,0,1,0,0,0,0,0,0,0,0,0,0,0,0,0,0,0,0,0,0,0,0	0,1,1,0,1,0,0,0,0,0,0,0,0,0,1,0,0,1,0,0,0,0,0	-17.320110,4.964325,12.007436,-1.987527,4.609525,-4.323358,-3.885213,-36.301674,-14.999244,-6.101501,-16.361151,-0.527804,-24.867603,-9.044027,9.911211,-1.148536,-1.250210,4.754913,-12.327632,-7.134029,-1.170229,-5.255000,-8.941419
Tmed_TAT_QDM39184.1	Tmed_TAT_QDM39184.1	acceptor_superclass::Diterpenoids	acceptor_superclass::Cyclic polyketides;acceptor_superclass::Diterpenoids;acceptor_superclass::Fatty acyls;acceptor_superclass::Monoterpenoids;acceptor_superclass::Phenylethanoids (C6-C2);acceptor_superclass::Phenylpropanoids (C6-C3);acceptor_superclass::Saccharides;acceptor_superclass::Triterpenoids;acceptor_superclass::Tyrosine alkaloids	0,0,1,0,0,0,0,0,0,0,0,0,0,0,0,0,0,0,0,0,0,0,0	0,1,1,0,1,0,0,0,0,1,0,0,0,0,1,1,0,1,0,0,1,0,1	-10.310712,0.286753,0.357264,-1.069889,1.553340,-3.961191,-6.576623,-8.673151,-2.680794,0.861143,-3.157059,-1.885699,-4.559242,-5.114109,1.487886,1.867716,-1.793248,5.278524,-2.855409,-9.452377,2.132490,-2.847834,0.055544
Tpra_HST_ACI16630.1	Tpra_HCT1A_ACI16630.1	acceptor_superclass::Phenolic acids (C6-C1)	acceptor_superclass::Monoterpenoids;acceptor_superclass::Phenanthrenoids;acceptor_superclass::Phenolic acids (C6-C1);acceptor_superclass::Phenylpropanoids (C6-C3);acceptor_superclass::Small peptides;acceptor_superclass::Tyrosine alkaloids	0,0,0,0,0,0,0,0,0,0,0,0,0,1,0,0,0,0,0,0,0,0,0	0,0,0,0,0,0,0,0,0,1,0,0,1,1,0,1,0,0,1,0,0,0,1	-8.123032,-11.537116,-4.858880,-0.969294,-0.418819,-2.254857,-8.300515,-2.099178,-1.798897,0.968048,-12.915083,-3.971625,4.064071,2.791328,-0.073622,2.531922,-6.605443,-1.958459,4.873529,-5.401939,-2.180173,-9.896989,1.470267
Tpra_HMT_ACI16631.1	Tpra_HCT2_ACI16631.1	acceptor_superclass::Fatty Acids and Conjugates	acceptor_superclass::Cyclic polyketides;acceptor_superclass::Fatty acyls;acceptor_superclass::Flavonoids;acceptor_superclass::Ornithine alkaloids;acceptor_superclass::Phenanthrenoids;acceptor_superclass::Phenolic acids (C6-C1);acceptor_superclass::Pseudoalkaloids;acceptor_superclass::Saccharides;acceptor_superclass::Small peptides;acceptor_superclass::Steroids;acceptor_superclass::Triterpenoids	0,0,0,1,0,0,0,0,0,0,0,0,0,0,0,0,0,0,0,0,0,0,0	0,1,0,0,1,1,0,0,0,0,0,1,1,1,0,0,1,1,1,1,1,0,0	-3.871938,6.667025,-11.719795,-0.463647,3.792712,6.170482,-3.308153,-10.777635,-2.841390,-0.843365,-6.196545,0.744144,16.944611,0.030370,-5.387947,-3.776816,0.678516,0.445785,1.188725,2.994081,2.823243,-4.064202,-3.607989
Tpra_HDT1_AXB87812.1	Tpra_HDT1_AXB87812.1	acceptor_superclass::Small peptides;acceptor_superclass::Tyrosine alkaloids	acceptor_superclass::Fatty Acids and Conjugates;acceptor_superclass::Isoflavonoids;acceptor_superclass::Ornithine alkaloids;acceptor_superclass::Phenylethanoids (C6-C2);acceptor_superclass::Small peptides;acceptor_superclass::Triterpenoids;acceptor_superclass::Tyrosine alkaloids	0,0,0,0,0,0,0,0,0,0,0,0,0,0,0,0,0,0,1,0,0,0,1	0,0,0,1,0,0,1,0,0,0,0,1,0,0,1,0,0,0,1,0,1,0,1	-0.989429,-11.293866,-14.547359,1.613201,-1.820067,-2.285316,0.083920,-17.043892,-10.323993,-4.396291,-4.738485,2.041565,-5.366936,-1.424879,0.175467,-2.479902,-2.486399,-5.922468,1.123803,-0.846791,0.282202,-8.333331,1.009398
Tpra_HDT1_AXB87812.1	Tpra_HDT_AXB87812.1	acceptor_superclass::Small peptides	acceptor_superclass::Fatty Acids and Conjugates;acceptor_superclass::Isoflavonoids;acceptor_superclass::Ornithine alkaloids;acceptor_superclass::Phenylethanoids (C6-C2);acceptor_superclass::Small peptides;acceptor_superclass::Triterpenoids;acceptor_superclass::Tyrosine alkaloids	0,0,0,0,0,0,0,0,0,0,0,0,0,0,0,0,0,0,1,0,0,0,0	0,0,0,1,0,0,1,0,0,0,0,1,0,0,1,0,0,0,1,0,1,0,1	-0.989429,-11.293866,-14.547359,1.613201,-1.820067,-2.285316,0.083920,-17.043892,-10.323993,-4.396291,-4.738485,2.041565,-5.366936,-1.424879,0.175467,-2.479902,-2.486399,-5.922468,1.123803,-0.846791,0.282202,-8.333331,1.009398
Tpra_HMT_ACI16631.1	Tpra_HMT_ACI16631.1	acceptor_superclass::Fatty Acids and Conjugates	acceptor_superclass::Coumarins;acceptor_superclass::Fatty acyls;acceptor_superclass::Isoflavonoids;acceptor_superclass::Ornithine alkaloids;acceptor_superclass::Phenanthrenoids;acceptor_superclass::Phenylethanoids (C6-C2);acceptor_superclass::Phenylpropanoids (C6-C3);acceptor_superclass::Pseudoalkaloids;acceptor_superclass::Steroids	0,0,0,1,0,0,0,0,0,0,0,0,0,0,0,0,0,0,0,0,0,0,0	1,0,0,0,1,0,1,0,0,0,0,1,1,0,1,1,1,0,0,1,0,0,0	5.953408,-4.498884,-8.718016,-0.234950,0.481748,-0.972317,3.163965,-1.701665,-8.833901,-7.145039,-0.101188,0.240808,2.979466,-0.575285,1.926286,1.090316,0.109738,-3.538987,-1.563526,0.642275,-6.084460,-2.508461,-3.461331
Tpra_HST_ACI16630.1	Tpra_HST_ACI16630.1	acceptor_superclass::Phenolic acids (C6-C1)	acceptor_superclass::Coumarins;acceptor_superclass::Fatty Acids and Conjugates;acceptor_superclass::Fatty acyls;acceptor_superclass::Isoflavonoids;acceptor_superclass::Ornithine alkaloids;acceptor_superclass::Phenanthrenoids;acceptor_superclass::Phenolic acids (C6-C1);acceptor_superclass::Phenylethanoids (C6-C2);acceptor_superclass::Phenylpropanoids (C6-C3);acceptor_superclass::Pseudoalkaloids;acceptor_superclass::Small peptides;acceptor_superclass::Steroids	0,0,0,0,0,0,0,0,0,0,0,0,0,1,0,0,0,0,0,0,0,0,0	1,0,0,1,1,0,1,0,0,0,0,1,1,1,1,1,1,0,1,1,0,0,0	8.516120,-5.103932,-13.250535,0.916662,0.337560,-1.365563,4.540112,-3.934939,-13.354076,-8.190745,-0.441056,0.378165,3.423648,1.728423,3.675344,1.929209,0.884309,-6.106945,0.683157,3.108760,-8.627384,-3.310679,-3.535794
Twal_DBAT_AFD32413.1	Twal_DBAT_AFD32413.1	acceptor_superclass::Diterpenoids	acceptor_superclass::Cyclic polyketides;acceptor_superclass::Diterpenoids;acceptor_superclass::Fatty acyls;acceptor_superclass::Monoterpenoids;acceptor_superclass::Phenylethanoids (C6-C2);acceptor_superclass::Phenylpropanoids (C6-C3);acceptor_superclass::Saccharides;acceptor_superclass::Triterpenoids	0,0,1,0,0,0,0,0,0,0,0,0,0,0,0,0,0,0,0,0,0,0,0	0,1,1,0,1,0,0,0,0,1,0,0,0,0,1,1,0,1,0,0,1,0,0	-12.424175,4.337152,3.288279,-1.857797,1.924297,-4.050913,-6.919579,-7.476986,-1.753654,2.036960,-2.314954,-2.698686,-4.033274,-7.997354,2.238785,2.853975,-1.588372,8.442839,-4.369434,-11.300596,2.526376,-2.216188,-0.281605
Vhyb_3MAT1_AAS77402.1	Vhyb_3MAT1_AAS77402.1	acceptor_superclass::Flavonoids;acceptor_superclass::Isoflavonoids;acceptor_superclass::Phenolic acids (C6-C1)	acceptor_superclass::Coumarins;acceptor_superclass::Fatty Acids and Conjugates;acceptor_superclass::Flavonoids;acceptor_superclass::Isoflavonoids;acceptor_superclass::Ornithine alkaloids;acceptor_superclass::Phenylethanoids (C6-C2);acceptor_superclass::Steroids;acceptor_superclass::Tyrosine alkaloids	0,0,0,0,0,1,1,0,0,0,0,0,0,1,0,0,0,0,0,0,0,0,0	1,0,0,1,0,1,1,0,0,0,0,1,0,0,1,0,0,0,0,1,0,0,1	2.106360,-9.398744,-16.882864,1.487253,-2.772691,0.256622,5.195900,-19.039555,-13.177419,-5.373431,-2.536942,2.665012,-3.330199,-6.697773,0.369990,-3.320891,-1.737916,-7.614771,-0.195087,3.053565,-0.695687,-10.993851,0.748240
Vlab_AMAT_AAW22989.1	Vlab_AMAT_AAW22989.1	acceptor_superclass::Fatty acyls	acceptor_superclass::Coumarins;acceptor_superclass::Fatty acyls;acceptor_superclass::Lignans;acceptor_superclass::Naphthalenes;acceptor_superclass::Phenanthrenoids;acceptor_superclass::Phenylpropanoids (C6-C3);acceptor_superclass::Saccharides	0,0,0,0,1,0,0,0,0,0,0,0,0,0,0,0,0,0,0,0,0,0,0	1,0,0,0,1,0,0,1,0,0,1,0,1,0,0,1,0,1,0,0,0,0,0	2.197520,-8.115417,-2.932482,-4.112414,1.420842,-2.050541,-0.041232,4.315570,-4.451378,-10.322591,1.086852,-1.107566,2.729418,-8.851376,-0.854525,0.305247,-2.177996,2.367173,-12.426256,-7.726631,-4.515614,-3.051006,-7.735667
Vvin_3AT_AKF15588.1	Vvin_3AT_AKF15588.1	acceptor_superclass::Flavonoids	acceptor_superclass::Cyclic polyketides;acceptor_superclass::Diterpenoids;acceptor_superclass::Fatty acyls;acceptor_superclass::Lignans;acceptor_superclass::Lysine alkaloids;acceptor_superclass::Monoterpenoids;acceptor_superclass::Phenylethanoids (C6-C2);acceptor_superclass::Phenylpropanoids (C6-C3);acceptor_superclass::Pseudoalkaloids;acceptor_superclass::Saccharides;acceptor_superclass::Triterpenoids;acceptor_superclass::Tryptophan alkaloids	0,0,0,0,0,1,0,0,0,0,0,0,0,0,0,0,0,0,0,0,0,0,0	0,1,1,0,1,0,0,1,1,1,0,0,0,0,1,1,1,1,0,0,1,1,0	-12.212285,0.269835,3.730615,-3.862459,3.131730,-3.827556,-12.896174,1.127497,3.093512,0.044632,-0.779921,-2.017033,-5.650386,-2.127322,0.398446,0.245819,1.655628,4.438267,-4.231896,-7.046959,1.488820,4.169785,-2.186070
Vvin_AAT2_CBI26419.3	Vvin_AAT2_CBI26419.3	acceptor_superclass::Fatty acyls;acceptor_superclass::Phenylethanoids (C6-C2)	acceptor_superclass::Fatty acyls;acceptor_superclass::Phenylethanoids (C6-C2);acceptor_superclass::Phenylpropanoids (C6-C3);acceptor_superclass::Saccharides;acceptor_superclass::Triterpenoids;acceptor_superclass::Tyrosine alkaloids	0,0,0,0,1,0,0,0,0,0,0,0,0,0,1,0,0,0,0,0,0,0,0	0,0,0,0,1,0,0,0,0,0,0,0,0,0,1,1,0,1,0,0,1,0,1	-10.613552,-6.966833,-5.179128,-0.034052,1.197999,-6.046307,-8.694554,-13.453835,-4.957606,-1.018977,-5.875676,-1.611614,-7.553834,-1.431223,0.664541,0.694875,-3.248622,1.697196,-0.822020,-10.224129,2.331131,-4.901735,0.564018
Vvin_SHT_QNO39112.1	Vvin_SHT_QNO39112.1	acceptor_superclass::Ornithine alkaloids	acceptor_superclass::Coumarins;acceptor_superclass::Fatty Acids and Conjugates;acceptor_superclass::Fatty acyls;acceptor_superclass::Isoflavonoids;acceptor_superclass::Ornithine alkaloids;acceptor_superclass::Phenanthrenoids;acceptor_superclass::Phenolic acids (C6-C1);acceptor_superclass::Phenylethanoids (C6-C2);acceptor_superclass::Phenylpropanoids (C6-C3);acceptor_superclass::Pseudoalkaloids;acceptor_superclass::Steroids	0,0,0,0,0,0,0,0,0,0,0,1,0,0,0,0,0,0,0,0,0,0,0	1,0,0,1,1,0,1,0,0,0,0,1,1,1,1,1,1,0,0,1,0,0,0	7.429073,-5.101604,-11.144799,0.196467,0.488749,-1.191728,4.027267,-2.723379,-11.355825,-8.164238,-0.205453,0.315716,3.413821,0.227639,2.745760,1.506767,0.320878,-4.844924,-0.869122,1.636646,-7.562889,-3.050725,-3.796204
Wlon_BAT1_NA	Wlon_BAT1_NA	acceptor_superclass::Monoterpenoids	acceptor_superclass::Cyclic polyketides;acceptor_superclass::Fatty acyls;acceptor_superclass::Flavonoids;acceptor_superclass::Lysine alkaloids;acceptor_superclass::Monoterpenoids;acceptor_superclass::Naphthalenes;acceptor_superclass::Ornithine alkaloids;acceptor_superclass::Phenanthrenoids;acceptor_superclass::Pseudoalkaloids;acceptor_superclass::Saccharides;acceptor_superclass::Steroids;acceptor_superclass::Triterpenoids	0,0,0,0,0,0,0,0,0,1,0,0,0,0,0,0,0,0,0,0,0,0,0	0,1,0,0,1,1,0,0,1,1,1,1,1,0,0,0,1,1,0,1,1,0,0	-14.083964,17.634911,-4.886152,-5.194753,3.174941,1.934277,-8.928730,-5.124942,6.103729,3.762878,0.829576,2.373418,6.188199,-8.601583,-0.921275,-1.067340,0.909891,5.579433,-8.822838,0.418479,7.656712,-4.827033,-7.994446
Wlon_BAT2_NA	Wlon_BAT2_NA	acceptor_superclass::Monoterpenoids	acceptor_superclass::Diterpenoids;acceptor_superclass::Fatty acyls;acceptor_superclass::Monoterpenoids;acceptor_superclass::Phenylethanoids (C6-C2);acceptor_superclass::Phenylpropanoids (C6-C3);acceptor_superclass::Saccharides;acceptor_superclass::Triterpenoids	0,0,0,0,0,0,0,0,0,1,0,0,0,0,0,0,0,0,0,0,0,0,0	0,0,1,0,1,0,0,0,0,1,0,0,0,0,1,1,0,1,0,0,1,0,0	-10.879313,-0.115469,1.657255,-0.164876,0.861863,-4.941327,-7.493535,-6.933010,-1.997140,0.938520,-3.062979,-2.059197,-4.447555,-3.147466,1.267925,1.683193,-1.791571,6.206370,-2.209542,-10.688259,2.289558,-0.535885,-0.023890
Wlon_BAT3_NA	Wlon_BAT3_NA	acceptor_superclass::Monoterpenoids	acceptor_superclass::Cyclic polyketides;acceptor_superclass::Fatty acyls;acceptor_superclass::Flavonoids;acceptor_superclass::Lysine alkaloids;acceptor_superclass::Monoterpenoids;acceptor_superclass::Naphthalenes;acceptor_superclass::Ornithine alkaloids;acceptor_superclass::Phenanthrenoids;acceptor_superclass::Pseudoalkaloids;acceptor_superclass::Saccharides;acceptor_superclass::Steroids;acceptor_superclass::Triterpenoids	0,0,0,0,0,0,0,0,0,1,0,0,0,0,0,0,0,0,0,0,0,0,0	0,1,0,0,1,1,0,0,1,1,1,1,1,0,0,0,1,1,0,1,1,0,0	-13.906421,17.209345,-4.452361,-5.191551,3.059730,1.666630,-8.999033,-4.749104,6.330050,3.803754,0.737417,2.247140,5.404475,-8.645936,-0.619462,-0.739740,0.907201,5.526087,-8.747349,0.191276,7.502301,-4.824681,-7.856447
Wvil_BAT1_WvBAHD8	Wvil_BAT1_WvBAHD8	acceptor_superclass::Monoterpenoids	acceptor_superclass::Diterpenoids;acceptor_superclass::Fatty acyls;acceptor_superclass::Lignans;acceptor_superclass::Lysine alkaloids;acceptor_superclass::Monoterpenoids;acceptor_superclass::Phenolic acids (C6-C1);acceptor_superclass::Phenylethanoids (C6-C2);acceptor_superclass::Phenylpropanoids (C6-C3);acceptor_superclass::Saccharides	0,0,0,0,0,0,0,0,0,1,0,0,0,0,0,0,0,0,0,0,0,0,0	0,0,1,0,1,0,0,1,1,1,0,0,0,1,1,1,0,1,0,0,0,0,0	-12.022272,-5.567943,0.578030,-2.618186,2.890262,-3.443041,-12.761778,0.301627,2.064730,1.205270,-7.209131,-3.571831,-2.283906,0.251227,0.478119,1.699055,-2.780891,1.887929,-0.561775,-7.781872,-0.646140,-2.611740,-1.123365
Wvil_BAT2_WvBAHD14	Wvil_BAT2_WvBAHD14	acceptor_superclass::Monoterpenoids	acceptor_superclass::Cyclic polyketides;acceptor_superclass::Diterpenoids;acceptor_superclass::Fatty acyls;acceptor_superclass::Monoterpenoids;acceptor_superclass::Phenylethanoids (C6-C2);acceptor_superclass::Phenylpropanoids (C6-C3);acceptor_superclass::Saccharides;acceptor_superclass::Triterpenoids	0,0,0,0,0,0,0,0,0,1,0,0,0,0,0,0,0,0,0,0,0,0,0	0,1,1,0,1,0,0,0,0,1,0,0,0,0,1,1,0,1,0,0,1,0,0	-9.914818,6.256563,2.187995,-2.184308,1.977818,-1.988527,-3.903652,-7.363770,-2.145217,2.179813,-1.187990,-2.114048,-2.140722,-10.081286,2.639306,2.711819,-1.368525,7.357574,-4.897000,-8.180809,1.843077,-3.152048,-0.417323
Wvil_BAT3_WvBAHD39	Wvil_BAT3_WvBAHD39	acceptor_superclass::Monoterpenoids	acceptor_superclass::Coumarins;acceptor_superclass::Fatty acyls;acceptor_superclass::Lignans;acceptor_superclass::Naphthalenes;acceptor_superclass::Phenanthrenoids;acceptor_superclass::Saccharides	0,0,0,0,0,0,0,0,0,1,0,0,0,0,0,0,0,0,0,0,0,0,0	1,0,0,0,1,0,0,1,0,0,1,0,1,0,0,0,0,1,0,0,0,0,0	0.616392,-7.807230,-0.461745,-4.546081,1.332186,-2.158223,-0.941558,5.311165,-2.577937,-9.340057,1.661946,-1.170322,2.074933,-9.955704,-1.255410,-0.281705,-2.577844,4.797933,-13.803099,-8.756838,-2.604862,-1.773158,-7.682527
Wvil_BAT4_WvBAHD40	Wvil_BAT4_WvBAHD40	acceptor_superclass::Monoterpenoids	acceptor_superclass::Cyclic polyketides;acceptor_superclass::Diterpenoids;acceptor_superclass::Fatty acyls;acceptor_superclass::Phenylethanoids (C6-C2);acceptor_superclass::Saccharides	0,0,0,0,0,0,0,0,0,1,0,0,0,0,0,0,0,0,0,0,0,0,0	0,1,1,0,1,0,0,0,0,0,0,0,0,0,1,0,0,1,0,0,0,0,0	-12.928821,2.839001,8.713025,-1.011735,3.054779,-3.318177,-2.861531,-27.664843,-12.569571,-5.129196,-12.855603,-0.538415,-18.896944,-6.506064,8.237521,-1.005837,-1.280617,4.701697,-8.365358,-4.564951,-0.386968,-3.981839,-6.018746
Wvil_BAT5_WvBAHD50	Wvil_BAT5_WvBAHD50	acceptor_superclass::Monoterpenoids	acceptor_superclass::Cyclic polyketides;acceptor_superclass::Diterpenoids;acceptor_superclass::Fatty acyls;acceptor_superclass::Phenylethanoids (C6-C2);acceptor_superclass::Saccharides	0,0,0,0,0,0,0,0,0,1,0,0,0,0,0,0,0,0,0,0,0,0,0	0,1,1,0,1,0,0,0,0,0,0,0,0,0,1,0,0,1,0,0,0,0,0	-12.033547,2.386766,7.946141,-1.060727,2.436793,-2.847482,-2.041954,-26.070530,-12.692579,-5.185758,-12.644651,-0.713158,-17.631863,-5.889444,7.832471,-1.121036,-1.227069,4.070343,-7.455107,-3.587764,-0.537532,-4.506188,-5.331517
Wvil_BAT6_WvBAHD28	Wvil_BAT6_WvBAHD28	acceptor_superclass::Monoterpenoids	acceptor_superclass::Monoterpenoids;acceptor_superclass::Phenanthrenoids;acceptor_superclass::Phenolic acids (C6-C1);acceptor_superclass::Phenylethanoids (C6-C2);acceptor_superclass::Phenylpropanoids (C6-C3);acceptor_superclass::Small peptides;acceptor_superclass::Tyrosine alkaloids	0,0,0,0,0,0,0,0,0,1,0,0,0,0,0,0,0,0,0,0,0,0,0	0,0,0,0,0,0,0,0,0,1,0,0,1,1,1,1,0,0,1,0,0,0,1	-7.244703,-11.426266,-5.012242,-0.935160,-1.114688,-2.141303,-6.810694,-2.335505,-2.361665,0.220012,-11.471384,-3.851659,4.733709,2.912960,0.027603,2.242708,-6.732238,-2.046331,5.091649,-4.322462,-1.668125,-8.656987,1.712820
Zmay_AAT1_ONM11762.1	Zmay_AAT1_ONM11762.1	acceptor_superclass::Flavonoids	acceptor_superclass::Cyclic polyketides;acceptor_superclass::Fatty acyls;acceptor_superclass::Flavonoids;acceptor_superclass::Ornithine alkaloids;acceptor_superclass::Phenanthrenoids;acceptor_superclass::Pseudoalkaloids;acceptor_superclass::Triterpenoids	0,0,0,0,0,1,0,0,0,0,0,0,0,0,0,0,0,0,0,0,0,0,0	0,1,0,0,1,1,0,0,0,0,0,1,1,0,0,0,1,0,0,0,1,0,0	-2.291038,1.277729,-2.482394,-4.972862,0.808697,2.685798,-2.812057,-2.766241,-1.928097,-1.706369,-0.876654,0.259622,2.304866,-5.278159,-0.620483,-0.757501,2.593901,-2.285022,-2.610739,-0.442888,0.759878,-1.695756,-1.681335
Zmay_CAT_ACF87722.1	Zmay_CAT_ACF87722.1		acceptor_superclass::Coumarins;acceptor_superclass::Diterpenoids;acceptor_superclass::Fatty acyls;acceptor_superclass::Lignans;acceptor_superclass::Naphthalenes;acceptor_superclass::Phenanthrenoids;acceptor_superclass::Saccharides	0,0,0,0,0,0,0,0,0,0,0,0,0,0,0,0,0,0,0,0,0,0,0	1,0,1,0,1,0,0,1,0,0,1,0,1,0,0,0,0,1,0,0,0,0,0	0.103272,-7.623706,0.552266,-4.775026,1.439230,-1.898431,-1.188165,5.768970,-1.372054,-9.155110,1.600215,-1.079915,2.139283,-10.473526,-1.852679,-0.426063,-2.616886,5.044972,-14.184238,-9.373514,-2.182078,-1.815380,-7.661384
Zmay_FMT_AQK78565.1	Zmay_FMT_AQK78565.1	acceptor_superclass::Phenylpropanoids (C6-C3)	acceptor_superclass::Coumarins;acceptor_superclass::Fatty acyls;acceptor_superclass::Lignans;acceptor_superclass::Naphthalenes;acceptor_superclass::Phenanthrenoids;acceptor_superclass::Saccharides	0,0,0,0,0,0,0,0,0,0,0,0,0,0,0,1,0,0,0,0,0,0,0	1,0,0,0,1,0,0,1,0,0,1,0,1,0,0,0,0,1,0,0,0,0,0	0.685827,-6.927722,-0.295535,-4.199940,1.342832,-1.589205,-0.671826,4.831046,-1.773952,-8.671044,1.246129,-0.924507,2.256713,-9.128489,-1.609646,-0.259583,-2.221890,3.682410,-12.296391,-8.079474,-2.532958,-2.012236,-6.878939
