fasta_id	enzyme_id	true_labels	predicted_labels	true_vector	pred_vector	score_vector
Aagr_HCT6_QPI70575.1	Aagr_HCT6_QPI70575.1	acceptor_superclass::Phenolic acids (C6-C1);acceptor_superclass::Small peptides	acceptor_superclass::Coumarins;acceptor_superclass::Fatty Acids and Conjugates;acceptor_superclass::Flavonoids;acceptor_superclass::Isoflavonoids;acceptor_superclass::Ornithine alkaloids;acceptor_superclass::Phenanthrenoids;acceptor_superclass::Phenolic acids (C6-C1);acceptor_superclass::Phenylpropanoids (C6-C3);acceptor_superclass::Small peptides;acceptor_superclass::Tyrosine alkaloids	0,0,0,0,0,0,0,0,0,0,0,0,0,1,0,0,0,0,1,0,0,0,0	1,0,0,1,0,1,1,0,0,0,0,1,1,1,0,1,0,0,1,0,0,0,1	0.613441,-1.223391,-1.449229,0.943678,-0.337021,0.299131,0.691505,-0.499076,-1.438921,-0.737956,-1.570866,0.172513,0.625539,1.350067,-0.308753,0.040536,-0.331889,-0.848078,0.978909,-0.170012,-1.362201,-1.098420,0.458138
Aagr_HFT-like_Aagr000038l.49.1	Aagr_HFT-like_Aagr000038l.49.1	acceptor_superclass::Fatty Acids and Conjugates	acceptor_superclass::Coumarins;acceptor_superclass::Fatty Acids and Conjugates;acceptor_superclass::Flavonoids;acceptor_superclass::Isoflavonoids;acceptor_superclass::Phenanthrenoids;acceptor_superclass::Triterpenoids;acceptor_superclass::Tyrosine alkaloids	0,0,0,1,0,0,0,0,0,0,0,0,0,0,0,0,0,0,0,0,0,0,0	1,0,0,1,0,1,1,0,0,0,0,0,1,0,0,0,0,0,0,0,1,0,1	0.254010,-0.498132,-0.246272,0.021065,-0.031889,0.025388,0.128318,-0.118568,-0.351171,-0.238590,-0.335603,-0.131916,0.298640,-0.151007,-0.052458,-0.005943,-0.108784,-0.243871,-0.174719,-0.050069,0.049748,-0.191096,0.026732
Abel_TS_WPF47615.1	Abel_TS_WPF47615.1		acceptor_superclass::Cyclic polyketides;acceptor_superclass::Diterpenoids;acceptor_superclass::Fatty acyls;acceptor_superclass::Lysine alkaloids;acceptor_superclass::Monoterpenoids;acceptor_superclass::Naphthalenes;acceptor_superclass::Phenylpropanoids (C6-C3);acceptor_superclass::Saccharides;acceptor_superclass::Triterpenoids;acceptor_superclass::Tryptophan alkaloids	0,0,0,0,0,0,0,0,0,0,0,0,0,0,0,0,0,0,0,0,0,0,0	0,1,1,0,1,0,0,0,1,1,1,0,0,0,0,1,0,1,0,0,1,1,0	-0.213002,0.204983,0.536829,-0.623271,0.140982,-0.265060,-0.661305,-1.083619,0.614500,0.019316,0.445673,-0.093134,-0.231055,-2.217553,-0.192558,0.178073,-0.017134,0.689705,-1.750409,-0.132189,0.215147,0.559304,-0.352838
Achi_AT16_PSS01274.1	Achi_AT16_PSS01274.1	acceptor_superclass::Fatty acyls	acceptor_superclass::Coumarins;acceptor_superclass::Fatty acyls;acceptor_superclass::Isoflavonoids;acceptor_superclass::Lignans;acceptor_superclass::Phenanthrenoids;acceptor_superclass::Phenylethanoids (C6-C2);acceptor_superclass::Phenylpropanoids (C6-C3);acceptor_superclass::Triterpenoids	0,0,0,0,1,0,0,0,0,0,0,0,0,0,0,0,0,0,0,0,0,0,0	1,0,0,0,1,0,1,1,0,0,0,0,1,0,1,1,0,0,0,0,1,0,0	0.229358,-0.234709,-0.090066,-0.194051,0.007094,-0.003377,0.020809,0.002246,-0.120827,-0.114716,-0.146111,-0.130055,0.290128,-0.388682,0.009410,0.070414,-0.090399,-0.062381,-0.393038,-0.072750,0.035672,-0.036411,-0.129045
Achi_FHT_PSR89440.1	Achi_FHT_PSR89440.1	acceptor_superclass::Fatty Acids and Conjugates;acceptor_superclass::Fatty acyls	acceptor_superclass::Fatty Acids and Conjugates;acceptor_superclass::Fatty acyls;acceptor_superclass::Lignans;acceptor_superclass::Monoterpenoids;acceptor_superclass::Phenanthrenoids;acceptor_superclass::Phenylethanoids (C6-C2);acceptor_superclass::Phenylpropanoids (C6-C3);acceptor_superclass::Small peptides;acceptor_superclass::Steroids;acceptor_superclass::Tyrosine alkaloids	0,0,0,1,1,0,0,0,0,0,0,0,0,0,0,0,0,0,0,0,0,0,0	0,0,0,1,1,0,0,1,0,1,0,0,1,0,1,1,0,0,1,1,0,0,1	-0.102549,-1.049380,-0.592258,0.164071,0.265535,-0.086223,-0.076824,0.080941,-0.538249,0.119237,-0.259573,-0.063194,0.234118,-0.075298,0.225770,0.156727,-0.008745,-0.508789,0.113093,0.114842,-0.236247,-0.425352,0.049146
Aeri_AT9_AIC83789.1	Aeri_AT9_AIC83789.1	acceptor_superclass::Fatty acyls	acceptor_superclass::Fatty acyls;acceptor_superclass::Lysine alkaloids;acceptor_superclass::Monoterpenoids;acceptor_superclass::Naphthalenes;acceptor_superclass::Phenanthrenoids;acceptor_superclass::Phenylpropanoids (C6-C3);acceptor_superclass::Pseudoalkaloids;acceptor_superclass::Saccharides;acceptor_superclass::Tryptophan alkaloids	0,0,0,0,1,0,0,0,0,0,0,0,0,0,0,0,0,0,0,0,0,0,0	0,0,0,0,1,0,0,0,1,1,1,0,1,0,0,1,1,1,0,0,0,1,0	-0.679509,-0.171394,-0.035435,-0.469385,0.186211,-0.237543,-0.222051,-0.071601,0.073251,0.166683,0.104193,-0.105476,0.039288,-0.955968,-0.025485,0.213846,0.041517,0.072897,-0.475144,-0.059598,-0.065670,0.081181,-0.150093
Aeuc_AAT1_BDW80083.1	Aeuc_AAT1_BDW80083.1	acceptor_superclass::Naphthalenes	acceptor_superclass::Cyclic polyketides;acceptor_superclass::Diterpenoids;acceptor_superclass::Fatty acyls;acceptor_superclass::Lysine alkaloids;acceptor_superclass::Monoterpenoids;acceptor_superclass::Naphthalenes;acceptor_superclass::Phenylpropanoids (C6-C3);acceptor_superclass::Pseudoalkaloids;acceptor_superclass::Saccharides;acceptor_superclass::Triterpenoids;acceptor_superclass::Tryptophan alkaloids	0,0,0,0,0,0,0,0,0,0,1,0,0,0,0,0,0,0,0,0,0,0,0	0,1,1,0,1,0,0,0,1,1,1,0,0,0,0,1,1,1,0,0,1,1,0	-1.447038,0.675033,0.574206,-1.218147,0.144382,-0.454584,-0.461477,-0.199145,0.766622,0.256009,0.497023,-0.203404,-0.192031,-1.992008,-0.266691,0.318306,0.057121,0.712972,-1.146106,-0.320979,0.142495,0.645631,-0.386165
Aeuc_AAT2_BDW80089.1	Aeuc_AAT2_BDW80089.1	acceptor_superclass::Naphthalenes	acceptor_superclass::Coumarins;acceptor_superclass::Cyclic polyketides;acceptor_superclass::Diterpenoids;acceptor_superclass::Fatty acyls;acceptor_superclass::Lignans;acceptor_superclass::Lysine alkaloids;acceptor_superclass::Monoterpenoids;acceptor_superclass::Naphthalenes;acceptor_superclass::Phenanthrenoids;acceptor_superclass::Phenylethanoids (C6-C2);acceptor_superclass::Phenylpropanoids (C6-C3);acceptor_superclass::Saccharides;acceptor_superclass::Triterpenoids;acceptor_superclass::Tryptophan alkaloids	0,0,0,0,0,0,0,0,0,0,1,0,0,0,0,0,0,0,0,0,0,0,0	1,1,1,0,1,0,0,1,1,1,1,0,1,0,1,1,0,1,0,0,1,1,0	0.153353,0.194239,0.259227,-0.618083,0.018180,-0.093079,-0.231612,0.179300,0.243774,0.151206,0.299365,-0.140316,0.223483,-0.981723,0.087728,0.168213,-0.011903,0.506657,-0.939495,-0.144196,0.197210,0.368622,-0.364875
Aeuc_SAT2_BDW80080.1	Aeuc_SAT2_BDW80080.1	acceptor_superclass::Naphthalenes	acceptor_superclass::Diterpenoids;acceptor_superclass::Monoterpenoids;acceptor_superclass::Naphthalenes;acceptor_superclass::Triterpenoids;acceptor_superclass::Tryptophan alkaloids	0,0,0,0,0,0,0,0,0,0,1,0,0,0,0,0,0,0,0,0,0,0,0	0,0,1,0,0,0,0,0,0,1,1,0,0,0,0,0,0,0,0,0,1,1,0	-4.330471,-0.362030,0.050016,-1.440839,-0.087506,-0.882395,-4.341745,-0.749626,-0.212971,0.022155,0.667454,-1.229357,-0.726049,-2.570374,-0.142074,-0.073043,-0.405565,-0.024823,-1.823918,-5.134286,0.445033,0.504300,-0.080387
Amem_AT7-3_WMQ79387.1	Amem_AT7-3_WMQ79387.1	acceptor_superclass::Triterpenoids	acceptor_superclass::Coumarins;acceptor_superclass::Fatty Acids and Conjugates;acceptor_superclass::Flavonoids;acceptor_superclass::Isoflavonoids;acceptor_superclass::Phenanthrenoids;acceptor_superclass::Phenolic acids (C6-C1);acceptor_superclass::Phenylpropanoids (C6-C3);acceptor_superclass::Tyrosine alkaloids	0,0,0,0,0,0,0,0,0,0,0,0,0,0,0,0,0,0,0,0,1,0,0	1,0,0,1,0,1,1,0,0,0,0,0,1,1,0,1,0,0,0,0,0,0,1	0.357663,-0.665919,-0.811699,0.337555,-0.181261,0.177085,0.299558,-0.211300,-0.746850,-0.378810,-0.865850,-0.014924,0.353511,0.270853,-0.121773,0.067248,-0.199901,-0.385325,-0.047095,-0.013036,-0.740610,-0.546981,0.152494
Arac_HPT1_QAA12830.1	Arac_HPT1_QAA12830.1	acceptor_superclass::Phenylpropanoids (C6-C3)	acceptor_superclass::Fatty Acids and Conjugates;acceptor_superclass::Fatty acyls;acceptor_superclass::Flavonoids;acceptor_superclass::Isoflavonoids;acceptor_superclass::Lignans;acceptor_superclass::Phenanthrenoids;acceptor_superclass::Phenolic acids (C6-C1);acceptor_superclass::Phenylethanoids (C6-C2);acceptor_superclass::Small peptides;acceptor_superclass::Steroids;acceptor_superclass::Tyrosine alkaloids	0,0,0,0,0,0,0,0,0,0,0,0,0,0,0,1,0,0,0,0,0,0,0	0,0,0,1,1,1,1,1,0,0,0,0,1,1,1,0,0,0,1,1,0,0,1	-0.004375,-1.509406,-1.702278,0.576928,0.038908,0.079865,0.168752,0.389901,-1.697496,-0.571320,-1.955126,-0.297915,0.001016,1.504703,0.302805,-0.189260,-0.573449,-1.266039,0.950924,0.215848,-0.902882,-1.786543,0.194145
Asat_HCBT_BAC78635.1	Asat_HCBT_BAC78635.1	acceptor_superclass::Small peptides	acceptor_superclass::Coumarins;acceptor_superclass::Fatty Acids and Conjugates;acceptor_superclass::Fatty acyls;acceptor_superclass::Flavonoids;acceptor_superclass::Isoflavonoids;acceptor_superclass::Lignans;acceptor_superclass::Monoterpenoids;acceptor_superclass::Phenanthrenoids;acceptor_superclass::Phenolic acids (C6-C1);acceptor_superclass::Phenylethanoids (C6-C2);acceptor_superclass::Phenylpropanoids (C6-C3);acceptor_superclass::Small peptides;acceptor_superclass::Steroids;acceptor_superclass::Tyrosine alkaloids	0,0,0,0,0,0,0,0,0,0,0,0,0,0,0,0,0,0,1,0,0,0,0	1,0,0,1,1,1,1,1,0,1,0,0,1,1,1,1,0,0,1,1,0,0,1	0.305838,-1.861787,-1.120653,0.631708,0.357328,0.015641,0.039234,0.199135,-1.103688,0.084363,-0.559111,-0.039782,0.422766,0.532900,0.443897,0.153804,-0.011608,-0.991450,0.552190,0.289078,-0.424927,-0.869727,0.211313
Asat_HHT1_BAC78633.1	Asat_HHT1_BAC78633.1	acceptor_superclass::Phenolic acids (C6-C1)	acceptor_superclass::Coumarins;acceptor_superclass::Fatty Acids and Conjugates;acceptor_superclass::Flavonoids;acceptor_superclass::Isoflavonoids;acceptor_superclass::Ornithine alkaloids;acceptor_superclass::Phenanthrenoids;acceptor_superclass::Phenolic acids (C6-C1);acceptor_superclass::Phenylpropanoids (C6-C3);acceptor_superclass::Small peptides;acceptor_superclass::Tyrosine alkaloids	0,0,0,0,0,0,0,0,0,0,0,0,0,1,0,0,0,0,0,0,0,0,0	1,0,0,1,0,1,1,0,0,0,0,1,1,1,0,1,0,0,1,0,0,0,1	0.776708,-1.574452,-1.837125,1.262367,-0.428789,0.371957,0.902616,-0.644345,-1.861641,-0.949755,-2.007486,0.246303,0.806845,1.852715,-0.389733,0.034739,-0.429458,-1.067522,1.412352,-0.242596,-1.720592,-1.394003,0.613294
Asat_HHT4_QDC27803.1	Asat_HHT4_QDC27803.1	acceptor_superclass::Phenolic acids (C6-C1)	acceptor_superclass::Coumarins;acceptor_superclass::Fatty Acids and Conjugates;acceptor_superclass::Fatty acyls;acceptor_superclass::Lignans;acceptor_superclass::Monoterpenoids;acceptor_superclass::Phenanthrenoids;acceptor_superclass::Phenolic acids (C6-C1);acceptor_superclass::Phenylethanoids (C6-C2);acceptor_superclass::Phenylpropanoids (C6-C3);acceptor_superclass::Small peptides;acceptor_superclass::Steroids;acceptor_superclass::Tyrosine alkaloids	0,0,0,0,0,0,0,0,0,0,0,0,0,1,0,0,0,0,0,0,0,0,0	1,0,0,1,1,0,0,1,0,1,0,0,1,1,1,1,0,0,1,1,0,0,1	0.160396,-1.499731,-0.895266,0.457545,0.310969,-0.014111,-0.000936,0.158147,-0.866525,0.096662,-0.450011,-0.042989,0.322831,0.341596,0.345791,0.143345,-0.009753,-0.773631,0.405806,0.210022,-0.341117,-0.686138,0.148691
Asch_AKS1_URS65387.1	Asch_AKS1_URS65387.1	acceptor_superclass::Tryptophan alkaloids	acceptor_superclass::Coumarins;acceptor_superclass::Fatty Acids and Conjugates;acceptor_superclass::Flavonoids;acceptor_superclass::Isoflavonoids;acceptor_superclass::Phenanthrenoids;acceptor_superclass::Phenylpropanoids (C6-C3);acceptor_superclass::Steroids;acceptor_superclass::Tyrosine alkaloids	0,0,0,0,0,0,0,0,0,0,0,0,0,0,0,0,0,0,0,0,0,1,0	1,0,0,1,0,1,1,0,0,0,0,0,1,0,0,1,0,0,0,1,0,0,1	0.253651,-0.479802,-0.600571,0.110649,-0.128905,0.105808,0.121919,-0.102166,-0.502946,-0.272828,-0.631813,-0.092930,0.232443,-0.174992,-0.056121,0.106506,-0.186904,-0.211203,-0.499768,0.053993,-0.544124,-0.369124,0.045854
Asch_AKS2_URS65388.1	Asch_AKS2_URS65388.1	acceptor_superclass::Tryptophan alkaloids	acceptor_superclass::Coumarins;acceptor_superclass::Cyclic polyketides;acceptor_superclass::Diterpenoids;acceptor_superclass::Fatty acyls;acceptor_superclass::Lignans;acceptor_superclass::Lysine alkaloids;acceptor_superclass::Monoterpenoids;acceptor_superclass::Naphthalenes;acceptor_superclass::Phenanthrenoids;acceptor_superclass::Phenylethanoids (C6-C2);acceptor_superclass::Phenylpropanoids (C6-C3);acceptor_superclass::Saccharides;acceptor_superclass::Triterpenoids;acceptor_superclass::Tryptophan alkaloids	0,0,0,0,0,0,0,0,0,0,0,0,0,0,0,0,0,0,0,0,0,1,0	1,1,1,0,1,0,0,1,1,1,1,0,1,0,1,1,0,1,0,0,1,1,0	0.188680,0.038544,0.150463,-0.506850,0.003082,-0.072780,-0.184696,0.127656,0.115133,0.063451,0.158531,-0.154929,0.261720,-0.858723,0.051694,0.139037,-0.053552,0.371366,-0.827359,-0.115110,0.179221,0.276714,-0.302792
Asin_FMT_AHL24755.1	Asin_FMT_AHL24755.1	acceptor_superclass::Phenylpropanoids (C6-C3)	acceptor_superclass::Coumarins;acceptor_superclass::Cyclic polyketides;acceptor_superclass::Diterpenoids;acceptor_superclass::Fatty acyls;acceptor_superclass::Lignans;acceptor_superclass::Lysine alkaloids;acceptor_superclass::Monoterpenoids;acceptor_superclass::Naphthalenes;acceptor_superclass::Phenylethanoids (C6-C2);acceptor_superclass::Phenylpropanoids (C6-C3);acceptor_superclass::Saccharides;acceptor_superclass::Steroids;acceptor_superclass::Triterpenoids;acceptor_superclass::Tryptophan alkaloids	0,0,0,0,0,0,0,0,0,0,0,0,0,0,0,1,0,0,0,0,0,0,0	1,1,1,0,1,0,0,1,1,1,1,0,0,0,1,1,0,1,0,1,1,1,0	0.022814,0.057505,0.001244,-0.491172,0.030203,-0.000177,-0.234413,0.155626,0.153555,0.061077,0.036132,-0.266366,-0.019964,-1.200209,0.090063,0.171802,-0.048069,0.187601,-1.481526,0.212583,0.011124,0.117526,-0.228980
Atha_3AT1_AEE27636.1	Atha_3AT1_AEE27636.1	acceptor_superclass::Flavonoids	acceptor_superclass::Fatty acyls;acceptor_superclass::Monoterpenoids;acceptor_superclass::Phenanthrenoids;acceptor_superclass::Phenylethanoids (C6-C2);acceptor_superclass::Phenylpropanoids (C6-C3);acceptor_superclass::Pseudoalkaloids;acceptor_superclass::Steroids	0,0,0,0,0,1,0,0,0,0,0,0,0,0,0,0,0,0,0,0,0,0,0	0,0,0,0,1,0,0,0,0,1,0,0,1,0,1,1,1,0,0,1,0,0,0	-0.257563,-0.601252,-0.370358,-0.117242,0.211010,-0.087897,-0.040738,-0.017992,-0.296277,0.107539,-0.068018,-0.061242,0.163436,-0.446539,0.084798,0.159733,0.072885,-0.266264,-0.150068,0.102328,-0.174471,-0.194972,-0.028093
Atha_3AT2_AAF86513.1	Atha_3AT2_AAF86513.1	acceptor_superclass::Flavonoids	acceptor_superclass::Fatty Acids and Conjugates;acceptor_superclass::Fatty acyls;acceptor_superclass::Isoflavonoids;acceptor_superclass::Lignans;acceptor_superclass::Monoterpenoids;acceptor_superclass::Phenanthrenoids;acceptor_superclass::Phenylethanoids (C6-C2);acceptor_superclass::Phenylpropanoids (C6-C3);acceptor_superclass::Pseudoalkaloids;acceptor_superclass::Small peptides;acceptor_superclass::Steroids;acceptor_superclass::Tyrosine alkaloids	0,0,0,0,0,1,0,0,0,0,0,0,0,0,0,0,0,0,0,0,0,0,0	0,0,0,1,1,0,1,1,0,1,0,0,1,0,1,1,1,0,1,1,0,0,1	-0.065536,-0.912942,-0.565916,0.082959,0.240579,-0.040866,0.008679,0.022526,-0.511125,0.086401,-0.179171,-0.052479,0.235298,-0.161994,0.176040,0.143921,0.063742,-0.457935,0.034673,0.167342,-0.234546,-0.362989,0.037605
Atha_5MAT_BAB01191.1	Atha_5MAT_BAB01191.1	acceptor_superclass::Flavonoids	acceptor_superclass::Coumarins;acceptor_superclass::Fatty Acids and Conjugates;acceptor_superclass::Flavonoids;acceptor_superclass::Isoflavonoids;acceptor_superclass::Ornithine alkaloids;acceptor_superclass::Phenanthrenoids;acceptor_superclass::Pseudoalkaloids;acceptor_superclass::Steroids	0,0,0,0,0,1,0,0,0,0,0,0,0,0,0,0,0,0,0,0,0,0,0	1,0,0,1,0,1,1,0,0,0,0,1,1,0,0,0,1,0,0,1,0,0,0	1.534534,-0.791044,-7.905799,0.304941,-2.170816,1.713287,1.491513,-10.324970,-5.251297,-2.698716,-1.816539,0.623493,0.844499,-0.919477,-0.350525,-1.933353,0.077294,-2.805362,-0.212993,1.519908,-1.694468,-3.086831,-0.449626
Atha_ACT1_NP_200924.1	Atha_ACT1_NP_200924.1	acceptor_superclass::Ornithine alkaloids;acceptor_superclass::Pseudoalkaloids	acceptor_superclass::Coumarins;acceptor_superclass::Fatty Acids and Conjugates;acceptor_superclass::Fatty acyls;acceptor_superclass::Flavonoids;acceptor_superclass::Isoflavonoids;acceptor_superclass::Lignans;acceptor_superclass::Phenanthrenoids;acceptor_superclass::Phenolic acids (C6-C1);acceptor_superclass::Phenylethanoids (C6-C2);acceptor_superclass::Small peptides;acceptor_superclass::Steroids;acceptor_superclass::Tyrosine alkaloids	0,0,0,0,0,0,0,0,0,0,0,1,0,0,0,0,1,0,0,0,0,0,0	1,0,0,1,1,1,1,1,0,0,0,0,1,1,1,0,0,0,1,1,0,0,1	0.113311,-0.973568,-1.157599,0.244621,0.009663,0.106383,0.198156,0.021277,-1.151749,-0.462457,-1.250108,-0.249488,0.175859,0.575093,0.153562,-0.129881,-0.427976,-0.839701,0.297462,0.253511,-0.605856,-1.220760,0.054802
Atha_HHT1_AAL34170.1	Atha_ASFT_NP_851111.1	acceptor_superclass::Fatty Acids and Conjugates;acceptor_superclass::Fatty acyls	acceptor_superclass::Fatty Acids and Conjugates;acceptor_superclass::Phenolic acids (C6-C1);acceptor_superclass::Phenylethanoids (C6-C2);acceptor_superclass::Small peptides;acceptor_superclass::Tyrosine alkaloids	0,0,0,1,1,0,0,0,0,0,0,0,0,0,0,0,0,0,0,0,0,0,0	0,0,0,1,0,0,0,0,0,0,0,0,0,1,1,0,0,0,1,0,0,0,1	-2.344284,-1.458225,-4.327919,0.824897,-0.481338,-1.537764,-3.363450,-6.738768,-2.710992,-0.620982,-2.568897,-0.193188,-1.425261,1.525003,0.427966,-0.179401,-0.572314,-0.912618,0.639624,-2.600051,-0.477110,-1.896765,0.206583
Atha_AT3G47170_NP_190301.2	Atha_AT3G47170_NP_190301.2	acceptor_superclass::Ornithine alkaloids;acceptor_superclass::Pseudoalkaloids	acceptor_superclass::Coumarins;acceptor_superclass::Cyclic polyketides;acceptor_superclass::Diterpenoids;acceptor_superclass::Fatty acyls;acceptor_superclass::Lignans;acceptor_superclass::Lysine alkaloids;acceptor_superclass::Monoterpenoids;acceptor_superclass::Naphthalenes;acceptor_superclass::Phenanthrenoids;acceptor_superclass::Phenylethanoids (C6-C2);acceptor_superclass::Phenylpropanoids (C6-C3);acceptor_superclass::Saccharides;acceptor_superclass::Triterpenoids;acceptor_superclass::Tryptophan alkaloids	0,0,0,0,0,0,0,0,0,0,0,1,0,0,0,0,1,0,0,0,0,0,0	1,1,1,0,1,0,0,1,1,1,1,0,1,0,1,1,0,1,0,0,1,1,0	0.172937,0.102131,0.172034,-0.494308,0.021524,-0.064947,-0.167068,0.125251,0.153523,0.085130,0.158631,-0.132471,0.229933,-0.801138,0.086555,0.154544,-0.031855,0.319952,-0.779726,-0.131848,0.125823,0.244208,-0.316140
Atha_PHT_OAO95042.1	Atha_AT5G07080_OAO95042.1	acceptor_superclass::Ornithine alkaloids;acceptor_superclass::Pseudoalkaloids	acceptor_superclass::Coumarins;acceptor_superclass::Cyclic polyketides;acceptor_superclass::Fatty acyls;acceptor_superclass::Flavonoids;acceptor_superclass::Lignans;acceptor_superclass::Lysine alkaloids;acceptor_superclass::Monoterpenoids;acceptor_superclass::Phenanthrenoids;acceptor_superclass::Phenylethanoids (C6-C2);acceptor_superclass::Phenylpropanoids (C6-C3);acceptor_superclass::Saccharides;acceptor_superclass::Steroids;acceptor_superclass::Tryptophan alkaloids	0,0,0,0,0,0,0,0,0,0,0,1,0,0,0,0,1,0,0,0,0,0,0	1,1,0,0,1,1,0,1,1,1,0,0,1,0,1,1,0,1,0,1,0,1,0	0.067841,0.010511,-0.115711,-0.367465,0.024673,0.057109,-0.142566,0.082036,0.070412,0.034459,-0.080366,-0.182175,0.060638,-0.985983,0.059349,0.160235,-0.024324,0.024770,-1.238852,0.197644,-0.092112,0.000062,-0.181600
Atha_BIA1_CAB10319.1	Atha_BIA1_CAB10319.1	acceptor_superclass::Steroids	acceptor_superclass::Monoterpenoids;acceptor_superclass::Naphthalenes;acceptor_superclass::Phenylpropanoids (C6-C3);acceptor_superclass::Saccharides;acceptor_superclass::Triterpenoids;acceptor_superclass::Tryptophan alkaloids	0,0,0,0,0,0,0,0,0,0,0,0,0,0,0,0,0,0,0,1,0,0,0	0,0,0,0,0,0,0,0,0,1,1,0,0,0,0,1,0,1,0,0,1,1,0	-4.955664,-0.252912,-0.166867,-1.521307,-0.013533,-1.040700,-5.020244,-1.191605,-0.262868,0.153904,0.214853,-1.254323,-0.798172,-2.978942,-0.029494,0.115341,-0.437917,0.057940,-1.918421,-5.698824,0.327236,0.374585,-0.199811
Atha_CHAT_AAN09797.1	Atha_CHAT_AAN09797.1	acceptor_superclass::Fatty acyls;acceptor_superclass::Monoterpenoids;acceptor_superclass::Phenylethanoids (C6-C2);acceptor_superclass::Phenylpropanoids (C6-C3)	acceptor_superclass::Coumarins;acceptor_superclass::Isoflavonoids;acceptor_superclass::Phenanthrenoids;acceptor_superclass::Phenylethanoids (C6-C2);acceptor_superclass::Phenylpropanoids (C6-C3);acceptor_superclass::Triterpenoids	0,0,0,0,1,0,0,0,0,1,0,0,0,0,1,1,0,0,0,0,0,0,0	1,0,0,0,0,0,1,0,0,0,0,0,1,0,1,1,0,0,0,0,1,0,0	0.249708,-0.243046,-0.090721,-0.227967,-0.001951,-0.005343,0.008033,-0.004641,-0.137202,-0.115996,-0.146300,-0.135081,0.308392,-0.458224,0.001447,0.080959,-0.088393,-0.052605,-0.445584,-0.078215,0.061654,-0.019690,-0.148040
Atha_COSY_AEE31013.1	Atha_COSY_AEE31013.1		acceptor_superclass::Coumarins;acceptor_superclass::Flavonoids;acceptor_superclass::Isoflavonoids;acceptor_superclass::Phenanthrenoids;acceptor_superclass::Phenylpropanoids (C6-C3);acceptor_superclass::Triterpenoids	0,0,0,0,0,0,0,0,0,0,0,0,0,0,0,0,0,0,0,0,0,0,0	1,0,0,0,0,1,1,0,0,0,0,0,1,0,0,1,0,0,0,0,1,0,0	0.257991,-0.305769,-0.144677,-0.120456,-0.002518,0.026480,0.087496,-0.047257,-0.208520,-0.149756,-0.206128,-0.124597,0.297461,-0.290154,-0.001734,0.042878,-0.095536,-0.154198,-0.296037,-0.043163,0.032668,-0.107201,-0.079216
Atha_DCF_AAQ62868.1	Atha_DCF_AAQ62868.1	acceptor_superclass::Fatty Acids and Conjugates;acceptor_superclass::Fatty acyls	acceptor_superclass::Fatty Acids and Conjugates;acceptor_superclass::Fatty acyls;acceptor_superclass::Lignans;acceptor_superclass::Monoterpenoids;acceptor_superclass::Phenanthrenoids;acceptor_superclass::Phenylethanoids (C6-C2);acceptor_superclass::Phenylpropanoids (C6-C3);acceptor_superclass::Pseudoalkaloids;acceptor_superclass::Small peptides;acceptor_superclass::Steroids;acceptor_superclass::Tyrosine alkaloids	0,0,0,1,1,0,0,0,0,0,0,0,0,0,0,0,0,0,0,0,0,0,0	0,0,0,1,1,0,0,1,0,1,0,0,1,0,1,1,1,0,1,1,0,0,1	-0.089978,-1.116718,-0.634174,0.179581,0.271130,-0.082110,-0.063759,0.082031,-0.586461,0.114883,-0.264231,-0.073620,0.252542,-0.049695,0.246380,0.155833,0.004941,-0.528647,0.127521,0.128660,-0.246222,-0.439531,0.058944
Atha_EPS1_NP_201517.1	Atha_EPS1_NP_201517.1			0,0,0,0,0,0,0,0,0,0,0,0,0,0,0,0,0,0,0,0,0,0,0	0,0,0,0,0,0,0,0,0,0,0,0,0,0,0,0,0,0,0,0,0,0,0	-2.515562,-0.116186,-1.789008,-0.812391,-0.093701,-0.233230,-2.709912,-2.608826,-0.537478,-0.303590,-0.333793,-0.721310,-0.321568,-2.198666,-0.219711,-0.257663,-0.294915,-0.853025,-1.025761,-2.717713,-0.118022,-0.593449,-0.155129
Atha_FACT_AAN13119.1	Atha_FACT_AAN13119.1	acceptor_superclass::Fatty acyls	acceptor_superclass::Coumarins;acceptor_superclass::Fatty Acids and Conjugates;acceptor_superclass::Flavonoids;acceptor_superclass::Isoflavonoids;acceptor_superclass::Ornithine alkaloids;acceptor_superclass::Phenanthrenoids;acceptor_superclass::Phenolic acids (C6-C1);acceptor_superclass::Phenylpropanoids (C6-C3);acceptor_superclass::Small peptides;acceptor_superclass::Tyrosine alkaloids	0,0,0,0,1,0,0,0,0,0,0,0,0,0,0,0,0,0,0,0,0,0,0	1,0,0,1,0,1,1,0,0,0,0,1,1,1,0,1,0,0,1,0,0,0,1	0.509685,-0.991329,-1.189352,0.704355,-0.260692,0.242615,0.534921,-0.389077,-1.163367,-0.588788,-1.272492,0.110390,0.514705,0.906989,-0.232872,0.060921,-0.282622,-0.657896,0.568825,-0.105075,-1.104975,-0.888149,0.343791
Atha_GGES_AED96958.1	Atha_GGES_AED96958.1		acceptor_superclass::Coumarins;acceptor_superclass::Lignans;acceptor_superclass::Phenanthrenoids;acceptor_superclass::Phenylethanoids (C6-C2);acceptor_superclass::Phenylpropanoids (C6-C3);acceptor_superclass::Saccharides;acceptor_superclass::Triterpenoids;acceptor_superclass::Tryptophan alkaloids	0,0,0,0,0,0,0,0,0,0,0,0,0,0,0,0,0,0,0,0,0,0,0	1,0,0,0,0,0,0,1,0,0,0,0,1,0,1,1,0,1,0,0,1,1,0	0.221472,-0.152081,-0.011792,-0.291852,-0.000877,-0.020782,-0.045640,0.041829,-0.050848,-0.064293,-0.069216,-0.134153,0.292654,-0.528528,0.029635,0.095544,-0.073262,0.052567,-0.514938,-0.090869,0.063538,0.039863,-0.176537
Atha_HCT_BAB10316.1	Atha_HCT_BAB10316.1	acceptor_superclass::Flavonoids;acceptor_superclass::Phenolic acids (C6-C1);acceptor_superclass::Phenylpropanoids (C6-C3);acceptor_superclass::Small peptides	acceptor_superclass::Fatty Acids and Conjugates;acceptor_superclass::Phenolic acids (C6-C1);acceptor_superclass::Phenylethanoids (C6-C2);acceptor_superclass::Small peptides;acceptor_superclass::Tyrosine alkaloids	0,0,0,0,0,1,0,0,0,0,0,0,0,1,0,1,0,0,1,0,0,0,0	0,0,0,1,0,0,0,0,0,0,0,0,0,1,1,0,0,0,1,0,0,0,1	-2.096712,-1.754194,-5.185621,1.157967,-0.755965,-1.862428,-3.454852,-7.649053,-3.171940,-0.799504,-3.254884,-0.212877,-1.843131,3.019141,0.486573,-0.231733,-0.848352,-1.025601,1.523518,-2.305043,-0.410258,-2.342030,0.639919
Atha_HHT1_AAL34170.1	Atha_HHT1_AAL34170.1	acceptor_superclass::Fatty Acids and Conjugates;acceptor_superclass::Fatty acyls	acceptor_superclass::Fatty Acids and Conjugates;acceptor_superclass::Phenolic acids (C6-C1);acceptor_superclass::Phenylethanoids (C6-C2);acceptor_superclass::Small peptides;acceptor_superclass::Tyrosine alkaloids	0,0,0,1,1,0,0,0,0,0,0,0,0,0,0,0,0,0,0,0,0,0,0	0,0,0,1,0,0,0,0,0,0,0,0,0,1,1,0,0,0,1,0,0,0,1	-2.344284,-1.458225,-4.327919,0.824897,-0.481338,-1.537764,-3.363450,-6.738768,-2.710992,-0.620982,-2.568897,-0.193188,-1.425261,1.525003,0.427966,-0.179401,-0.572314,-0.912618,0.639624,-2.600051,-0.477110,-1.896765,0.206583
Atha_FACT_AAN13119.1	Atha_HHT3_NP_201161.1	acceptor_superclass::Fatty acyls	acceptor_superclass::Fatty Acids and Conjugates;acceptor_superclass::Phenolic acids (C6-C1);acceptor_superclass::Phenylethanoids (C6-C2);acceptor_superclass::Small peptides;acceptor_superclass::Tyrosine alkaloids	0,0,0,0,1,0,0,0,0,0,0,0,0,0,0,0,0,0,0,0,0,0,0	0,0,0,1,0,0,0,0,0,0,0,0,0,1,1,0,0,0,1,0,0,0,1	-1.964262,-1.067165,-4.433947,0.791610,-0.449953,-1.305201,-2.878487,-6.683117,-2.726287,-0.634593,-2.429538,-0.051399,-1.201681,1.217477,0.462153,-0.172899,-0.458371,-1.069958,0.607301,-2.152720,-0.538415,-1.893685,0.177145
Atha_HHT1_AAL34170.1	Atha_HHT_AAL34170.1	acceptor_superclass::Fatty Acids and Conjugates	acceptor_superclass::Fatty Acids and Conjugates;acceptor_superclass::Phenolic acids (C6-C1);acceptor_superclass::Phenylethanoids (C6-C2);acceptor_superclass::Small peptides;acceptor_superclass::Tyrosine alkaloids	0,0,0,1,0,0,0,0,0,0,0,0,0,0,0,0,0,0,0,0,0,0,0	0,0,0,1,0,0,0,0,0,0,0,0,0,1,1,0,0,0,1,0,0,0,1	-2.344284,-1.458225,-4.327919,0.824897,-0.481338,-1.537764,-3.363450,-6.738768,-2.710992,-0.620982,-2.568897,-0.193188,-1.425261,1.525003,0.427966,-0.179401,-0.572314,-0.912618,0.639624,-2.600051,-0.477110,-1.896765,0.206583
Atha_PHT_OAO95042.1	Atha_PHT_OAO95042.1	acceptor_superclass::Ornithine alkaloids;acceptor_superclass::Pseudoalkaloids	acceptor_superclass::Ornithine alkaloids;acceptor_superclass::Phenylethanoids (C6-C2);acceptor_superclass::Pseudoalkaloids	0,0,0,0,0,0,0,0,0,0,0,1,0,0,0,0,1,0,0,0,0,0,0	0,0,0,0,0,0,0,0,0,0,0,1,0,0,1,0,1,0,0,0,0,0,0	-1.850928,-0.510465,-3.057189,-0.001043,-0.091357,-0.363725,-2.170945,-4.512424,-1.499734,-0.471292,-1.358938,0.104653,-0.581696,-0.936980,0.035774,-0.151934,0.046528,-1.189009,-0.350688,-1.899294,-0.648465,-1.323512,-0.248193
Atha_PMAT1_AED94391.1	Atha_PMAT1_AED94391.1	acceptor_superclass::Flavonoids;acceptor_superclass::Isoflavonoids;acceptor_superclass::Steroids	acceptor_superclass::Coumarins;acceptor_superclass::Fatty Acids and Conjugates;acceptor_superclass::Flavonoids;acceptor_superclass::Isoflavonoids;acceptor_superclass::Lignans;acceptor_superclass::Phenanthrenoids;acceptor_superclass::Phenolic acids (C6-C1);acceptor_superclass::Phenylethanoids (C6-C2);acceptor_superclass::Small peptides;acceptor_superclass::Steroids;acceptor_superclass::Tyrosine alkaloids	0,0,0,0,0,1,1,0,0,0,0,0,0,0,0,0,0,0,0,1,0,0,0	1,0,0,1,0,1,1,1,0,0,0,0,1,1,1,0,0,0,1,1,0,0,1	0.147813,-1.382173,-1.674722,0.476021,-0.014493,0.172955,0.350264,0.314469,-1.653179,-0.596222,-1.806287,-0.306787,0.213132,1.300013,0.242437,-0.210720,-0.561906,-1.281690,0.815825,0.318143,-0.879830,-1.749678,0.150655
Atha_PMAT2_BAB02518.1	Atha_PMAT2_BAB02518.1	acceptor_superclass::Coumarins;acceptor_superclass::Flavonoids;acceptor_superclass::Naphthalenes;acceptor_superclass::Phenanthrenoids;acceptor_superclass::Steroids	acceptor_superclass::Coumarins;acceptor_superclass::Flavonoids;acceptor_superclass::Isoflavonoids;acceptor_superclass::Phenanthrenoids;acceptor_superclass::Steroids;acceptor_superclass::Tyrosine alkaloids	1,0,0,0,0,1,0,0,0,0,1,0,1,0,0,0,0,0,0,1,0,0,0	1,0,0,0,0,1,1,0,0,0,0,0,1,0,0,0,0,0,0,1,0,0,1	0.316321,-0.392078,-0.278338,-0.008957,-0.015306,0.092312,0.230708,-0.116429,-0.346807,-0.219672,-0.302121,-0.113956,0.340098,-0.102991,-0.021800,-0.011135,-0.111195,-0.321905,-0.122247,0.018485,-0.025352,-0.240983,0.006144
Atha_SCT_AAP81804.1	Atha_SCT_AAP81804.1	acceptor_superclass::Ornithine alkaloids	acceptor_superclass::Coumarins;acceptor_superclass::Cyclic polyketides;acceptor_superclass::Fatty acyls;acceptor_superclass::Flavonoids;acceptor_superclass::Lignans;acceptor_superclass::Lysine alkaloids;acceptor_superclass::Monoterpenoids;acceptor_superclass::Naphthalenes;acceptor_superclass::Phenanthrenoids;acceptor_superclass::Phenylethanoids (C6-C2);acceptor_superclass::Phenylpropanoids (C6-C3);acceptor_superclass::Saccharides;acceptor_superclass::Steroids;acceptor_superclass::Triterpenoids;acceptor_superclass::Tryptophan alkaloids	0,0,0,0,0,0,0,0,0,0,0,1,0,0,0,0,0,0,0,0,0,0,0	1,1,0,0,1,1,0,1,1,1,1,0,1,0,1,1,0,1,0,1,1,1,0	0.039226,0.083459,-0.009136,-0.462552,0.051617,0.036548,-0.201371,0.119906,0.167279,0.083912,0.029667,-0.216069,0.019081,-1.143202,0.087023,0.162423,-0.013581,0.109762,-1.381990,0.219502,0.007472,0.081911,-0.228324
Atha_SDT_AAC23766.1	Atha_SDT_AAC23766.1	acceptor_superclass::Ornithine alkaloids;acceptor_superclass::Pseudoalkaloids	acceptor_superclass::Cyclic polyketides;acceptor_superclass::Diterpenoids;acceptor_superclass::Fatty acyls;acceptor_superclass::Lignans;acceptor_superclass::Lysine alkaloids;acceptor_superclass::Monoterpenoids;acceptor_superclass::Naphthalenes;acceptor_superclass::Phenylethanoids (C6-C2);acceptor_superclass::Phenylpropanoids (C6-C3);acceptor_superclass::Pseudoalkaloids;acceptor_superclass::Saccharides;acceptor_superclass::Steroids;acceptor_superclass::Triterpenoids;acceptor_superclass::Tryptophan alkaloids	0,0,0,0,0,0,0,0,0,0,0,1,0,0,0,0,1,0,0,0,0,0,0	0,1,1,0,1,0,0,1,1,1,1,0,0,0,1,1,1,1,0,1,1,1,0	-0.063319,0.316910,0.227051,-0.754179,0.122999,-0.005246,-0.381549,0.244462,0.460374,0.238696,0.295377,-0.302988,-0.076186,-1.697074,0.166357,0.215122,0.041909,0.276554,-1.947399,0.318147,0.233909,0.291148,-0.360528
Atha_SHT_AAD12025.1	Atha_SHT_AAD12025.1	acceptor_superclass::Ornithine alkaloids	acceptor_superclass::Fatty Acids and Conjugates;acceptor_superclass::Ornithine alkaloids;acceptor_superclass::Phenolic acids (C6-C1);acceptor_superclass::Phenylethanoids (C6-C2);acceptor_superclass::Pseudoalkaloids;acceptor_superclass::Small peptides	0,0,0,0,0,0,0,0,0,0,0,1,0,0,0,0,0,0,0,0,0,0,0	0,0,0,1,0,0,0,0,0,0,0,1,0,1,1,0,1,0,1,0,0,0,0	-0.662090,-1.620494,-6.918358,1.539596,-1.206952,-0.939203,-1.733827,-9.738053,-4.391951,-1.490238,-3.492742,1.042656,-0.897885,2.031381,0.575409,-0.497830,0.042384,-1.465019,1.282139,-0.579782,-1.239544,-3.036403,-0.049166
Atha_PHT_OAO95042.1	Atha_SHT_OAO95042.1	acceptor_superclass::Ornithine alkaloids	acceptor_superclass::Cyclic polyketides;acceptor_superclass::Diterpenoids;acceptor_superclass::Fatty acyls;acceptor_superclass::Lysine alkaloids;acceptor_superclass::Monoterpenoids;acceptor_superclass::Naphthalenes;acceptor_superclass::Phenylpropanoids (C6-C3);acceptor_superclass::Pseudoalkaloids;acceptor_superclass::Saccharides;acceptor_superclass::Triterpenoids;acceptor_superclass::Tryptophan alkaloids	0,0,0,0,0,0,0,0,0,0,0,1,0,0,0,0,0,0,0,0,0,0,0	0,1,1,0,1,0,0,0,1,1,1,0,0,0,0,1,1,1,0,0,1,1,0	-1.188057,0.421947,0.381642,-0.964465,0.155812,-0.371924,-0.368223,-0.167677,0.548108,0.229291,0.347041,-0.149915,-0.110760,-1.679160,-0.200408,0.282936,0.058052,0.491014,-0.939346,-0.215762,0.055671,0.452940,-0.305426
Atha_THAA1_BAB11062.1	Atha_THAA1_BAB11062.1	acceptor_superclass::Triterpenoids	acceptor_superclass::Coumarins;acceptor_superclass::Flavonoids;acceptor_superclass::Lignans;acceptor_superclass::Phenanthrenoids;acceptor_superclass::Phenylethanoids (C6-C2);acceptor_superclass::Phenylpropanoids (C6-C3);acceptor_superclass::Steroids	0,0,0,0,0,0,0,0,0,0,0,0,0,0,0,0,0,0,0,0,1,0,0	1,0,0,0,0,1,0,1,0,0,0,0,1,0,1,1,0,0,0,1,0,0,0	0.163487,-0.203093,-0.322022,-0.182460,-0.052296,0.078449,-0.029238,0.018847,-0.182178,-0.104283,-0.310980,-0.159014,0.127355,-0.670725,0.004938,0.136051,-0.104311,-0.051511,-0.964765,0.141786,-0.291444,-0.140027,-0.094155
Atha_THAA2_AAO63428.1	Atha_THAA2_AAO63428.1	acceptor_superclass::Triterpenoids	acceptor_superclass::Coumarins;acceptor_superclass::Diterpenoids;acceptor_superclass::Fatty acyls;acceptor_superclass::Lignans;acceptor_superclass::Lysine alkaloids;acceptor_superclass::Monoterpenoids;acceptor_superclass::Naphthalenes;acceptor_superclass::Phenanthrenoids;acceptor_superclass::Phenylethanoids (C6-C2);acceptor_superclass::Phenylpropanoids (C6-C3);acceptor_superclass::Saccharides;acceptor_superclass::Triterpenoids;acceptor_superclass::Tryptophan alkaloids	0,0,0,0,0,0,0,0,0,0,0,0,0,0,0,0,0,0,0,0,1,0,0	1,0,1,0,1,0,0,1,1,1,1,0,1,0,1,1,0,1,0,0,1,1,0	0.215048,-0.001135,0.132322,-0.492286,0.003203,-0.062241,-0.172103,0.113725,0.083111,0.033759,0.115099,-0.156295,0.292679,-0.857117,0.048238,0.143181,-0.052130,0.330083,-0.818244,-0.127799,0.174714,0.249159,-0.294118
Bdis_PMT_CDG41682.1	Bdis_PMT_CDG41682.1	acceptor_superclass::Phenylpropanoids (C6-C3)	acceptor_superclass::Fatty Acids and Conjugates;acceptor_superclass::Ornithine alkaloids;acceptor_superclass::Phenylethanoids (C6-C2);acceptor_superclass::Phenylpropanoids (C6-C3);acceptor_superclass::Pseudoalkaloids	0,0,0,0,0,0,0,0,0,0,0,0,0,0,0,1,0,0,0,0,0,0,0	0,0,0,1,0,0,0,0,0,0,0,1,0,0,1,1,1,0,0,0,0,0,0	-1.873719,-0.575296,-3.463384,0.407825,-0.268419,-0.725382,-2.429331,-5.514032,-2.248080,-0.417708,-1.854752,0.393262,-0.409072,-0.720354,0.554597,0.126347,0.101714,-0.655904,-0.253086,-1.949538,-0.923005,-1.543568,-0.455007
Bmul_HQT1_BCY27076.1	Bmul_HQT1_BCY27076.1	acceptor_superclass::Phenolic acids (C6-C1);acceptor_superclass::Phenylpropanoids (C6-C3)	acceptor_superclass::Fatty Acids and Conjugates;acceptor_superclass::Phenolic acids (C6-C1);acceptor_superclass::Phenylethanoids (C6-C2);acceptor_superclass::Small peptides;acceptor_superclass::Tyrosine alkaloids	0,0,0,0,0,0,0,0,0,0,0,0,0,1,0,1,0,0,0,0,0,0,0	0,0,0,1,0,0,0,0,0,0,0,0,0,1,1,0,0,0,1,0,0,0,1	-2.292414,-0.778542,-2.936633,0.209022,-0.188256,-1.137150,-3.080440,-4.478840,-1.588935,-0.330752,-1.742317,-0.250592,-1.033940,0.298838,0.273643,-0.037929,-0.412862,-0.679507,0.211098,-2.407295,-0.376262,-1.256593,0.107516
Bmul_HQT1_BDR61289.1	Bmul_HQT1_BDR61289.1	acceptor_superclass::Phenolic acids (C6-C1)	acceptor_superclass::Fatty Acids and Conjugates;acceptor_superclass::Ornithine alkaloids;acceptor_superclass::Phenolic acids (C6-C1);acceptor_superclass::Phenylethanoids (C6-C2);acceptor_superclass::Small peptides;acceptor_superclass::Tyrosine alkaloids	0,0,0,0,0,0,0,0,0,0,0,0,0,1,0,0,0,0,0,0,0,0,0	0,0,0,1,0,0,0,0,0,0,0,1,0,1,1,0,0,0,1,0,0,0,1	-1.752088,-1.944211,-6.399333,1.550821,-1.119869,-1.955474,-3.233223,-9.324286,-4.133735,-1.126804,-3.851256,0.138509,-1.870837,3.654159,0.682656,-0.341566,-0.759636,-1.103727,1.863372,-1.955954,-0.662633,-2.809978,0.593704
Bser_AT1_QXN66176.1	Bser_AT1_QXN66176.1	acceptor_superclass::Triterpenoids	acceptor_superclass::Diterpenoids;acceptor_superclass::Fatty acyls;acceptor_superclass::Lysine alkaloids;acceptor_superclass::Monoterpenoids;acceptor_superclass::Naphthalenes;acceptor_superclass::Phenylpropanoids (C6-C3);acceptor_superclass::Saccharides;acceptor_superclass::Triterpenoids;acceptor_superclass::Tryptophan alkaloids	0,0,0,0,0,0,0,0,0,0,0,0,0,0,0,0,0,0,0,0,1,0,0	0,0,1,0,1,0,0,0,1,1,1,0,0,0,0,1,0,1,0,0,1,1,0	-5.613843,-0.446366,0.565227,-1.605931,0.138884,-1.405922,-5.726879,-0.376056,0.182750,0.389033,0.332011,-1.362338,-0.926686,-2.993406,-0.023979,0.296138,-0.487793,0.431329,-2.042436,-6.429796,0.580954,0.766266,-0.220314
Cang_AT20_QLI57449.1	Cang_AT20_QLI57449.1	acceptor_superclass::Monoterpenoids	acceptor_superclass::Fatty acyls;acceptor_superclass::Monoterpenoids;acceptor_superclass::Phenylethanoids (C6-C2);acceptor_superclass::Phenylpropanoids (C6-C3);acceptor_superclass::Tyrosine alkaloids	0,0,0,0,0,0,0,0,0,1,0,0,0,0,0,0,0,0,0,0,0,0,0	0,0,0,0,1,0,0,0,0,1,0,0,0,0,1,1,0,0,0,0,0,0,1	-3.307529,-0.995863,-1.815120,-0.199174,0.171566,-1.360886,-4.108715,-3.277122,-0.723714,0.055085,-1.214093,-0.855031,-1.245061,-0.353334,0.171303,0.106492,-0.619225,-0.528371,-0.327852,-3.654758,-0.072275,-0.854098,0.059956
Cann_AT3_NP_001311698.1	Cann_AT3_NP_001311698.1	acceptor_superclass::Tyrosine alkaloids	acceptor_superclass::Coumarins;acceptor_superclass::Cyclic polyketides;acceptor_superclass::Diterpenoids;acceptor_superclass::Lignans;acceptor_superclass::Lysine alkaloids;acceptor_superclass::Monoterpenoids;acceptor_superclass::Naphthalenes;acceptor_superclass::Phenanthrenoids;acceptor_superclass::Phenylethanoids (C6-C2);acceptor_superclass::Phenylpropanoids (C6-C3);acceptor_superclass::Saccharides;acceptor_superclass::Triterpenoids;acceptor_superclass::Tryptophan alkaloids	0,0,0,0,0,0,0,0,0,0,0,0,0,0,0,0,0,0,0,0,0,0,1	1,1,1,0,0,0,0,1,1,1,1,0,1,0,1,1,0,1,0,0,1,1,0	0.170693,0.079092,0.195149,-0.544413,-0.003868,-0.085312,-0.216150,0.148127,0.161261,0.100358,0.217002,-0.157170,0.247564,-0.912907,0.067924,0.140136,-0.026956,0.446924,-0.881068,-0.145219,0.189917,0.309249,-0.315702
Cblu_HCT_CBI83579.1	Cblu_HCT_CBI83579.1	acceptor_superclass::Phenolic acids (C6-C1);acceptor_superclass::Tyrosine alkaloids	acceptor_superclass::Coumarins;acceptor_superclass::Fatty Acids and Conjugates;acceptor_superclass::Flavonoids;acceptor_superclass::Isoflavonoids;acceptor_superclass::Phenanthrenoids;acceptor_superclass::Phenolic acids (C6-C1);acceptor_superclass::Small peptides;acceptor_superclass::Steroids;acceptor_superclass::Tyrosine alkaloids	0,0,0,0,0,0,0,0,0,0,0,0,0,1,0,0,0,0,0,0,0,0,1	1,0,0,1,0,1,1,0,0,0,0,0,1,1,0,0,0,0,1,1,0,0,1	0.273837,-0.712999,-0.472141,0.296998,-0.039799,0.084436,0.304700,-0.217990,-0.562944,-0.406767,-0.587340,-0.106638,0.317377,0.301336,-0.108532,-0.071095,-0.163354,-0.652190,0.276218,0.021006,-0.075842,-0.473110,0.183911
Cblu_HCT_CBI83579.1	Cblu_HST_CBI83579.1	acceptor_superclass::Phenolic acids (C6-C1);acceptor_superclass::Small peptides	acceptor_superclass::Coumarins;acceptor_superclass::Fatty Acids and Conjugates;acceptor_superclass::Flavonoids;acceptor_superclass::Isoflavonoids;acceptor_superclass::Ornithine alkaloids;acceptor_superclass::Phenanthrenoids;acceptor_superclass::Phenolic acids (C6-C1);acceptor_superclass::Phenylpropanoids (C6-C3);acceptor_superclass::Small peptides;acceptor_superclass::Tyrosine alkaloids	0,0,0,0,0,0,0,0,0,0,0,0,0,1,0,0,0,0,1,0,0,0,0	1,0,0,1,0,1,1,0,0,0,0,1,1,1,0,1,0,0,1,0,0,0,1	0.633992,-1.292262,-1.512743,0.994701,-0.338288,0.298788,0.712166,-0.518769,-1.503573,-0.771760,-1.661915,0.186261,0.650690,1.436208,-0.316733,0.041656,-0.356032,-0.889159,1.053136,-0.177981,-1.422926,-1.142841,0.495619
Cblu_RAS_CAK55166.1	Cblu_RAS_CAK55166.1	acceptor_superclass::Small peptides;acceptor_superclass::Tyrosine alkaloids	acceptor_superclass::Fatty Acids and Conjugates;acceptor_superclass::Fatty acyls;acceptor_superclass::Flavonoids;acceptor_superclass::Isoflavonoids;acceptor_superclass::Lignans;acceptor_superclass::Phenolic acids (C6-C1);acceptor_superclass::Phenylethanoids (C6-C2);acceptor_superclass::Small peptides;acceptor_superclass::Steroids;acceptor_superclass::Tyrosine alkaloids	0,0,0,0,0,0,0,0,0,0,0,0,0,0,0,0,0,0,1,0,0,0,1	0,0,0,1,1,1,1,1,0,0,0,0,0,1,1,0,0,0,1,1,0,0,1	-0.014365,-1.328378,-1.494670,0.478882,0.048416,0.056897,0.118219,0.313764,-1.466916,-0.503753,-1.719423,-0.276488,-0.015701,1.253333,0.254291,-0.149139,-0.518624,-1.121769,0.772636,0.169949,-0.786705,-1.546323,0.161209
Cbra_HQT-like_GBG71902.1	Cbra_HQT-like_GBG71902.1	acceptor_superclass::Phenolic acids (C6-C1)	acceptor_superclass::Fatty Acids and Conjugates;acceptor_superclass::Ornithine alkaloids;acceptor_superclass::Phenolic acids (C6-C1);acceptor_superclass::Phenylethanoids (C6-C2);acceptor_superclass::Saccharides	0,0,0,0,0,0,0,0,0,0,0,0,0,1,0,0,0,0,0,0,0,0,0	0,0,0,1,0,0,0,0,0,0,0,1,0,1,1,0,0,1,0,0,0,0,0	-2.388011,-1.582896,-4.797110,0.754144,-1.726331,-1.270244,-2.897597,-8.020885,-4.555147,-1.221722,-2.532467,0.262900,-0.588873,0.659781,0.757604,-0.416926,-0.146538,0.378398,-0.144267,-2.937505,-0.745351,-1.504905,-0.360535
Cbre_BEAT_AAC18062.1	Cbre_BEAT_AAC18062.1	acceptor_superclass::Phenanthrenoids;acceptor_superclass::Phenylethanoids (C6-C2);acceptor_superclass::Phenylpropanoids (C6-C3)	acceptor_superclass::Diterpenoids;acceptor_superclass::Fatty acyls;acceptor_superclass::Lysine alkaloids;acceptor_superclass::Phenylpropanoids (C6-C3);acceptor_superclass::Saccharides;acceptor_superclass::Tryptophan alkaloids	0,0,0,0,0,0,0,0,0,0,0,0,1,0,1,1,0,0,0,0,0,0,0	0,0,1,0,1,0,0,0,1,0,0,0,0,0,0,1,0,1,0,0,0,1,0	-0.179367,-0.163352,0.040890,-0.332716,0.117827,-0.204078,-0.473917,-0.770597,0.019105,-0.115218,-0.112832,-0.125241,-0.192586,-1.345387,-0.078712,0.090845,-0.139095,0.283723,-1.100752,-0.066120,-0.003415,0.053186,-0.213299
Cbre_BEBT_AAN09796.1	Cbre_BEBT_AAN09796.1	acceptor_superclass::Phenylpropanoids (C6-C3)	acceptor_superclass::Fatty acyls;acceptor_superclass::Monoterpenoids;acceptor_superclass::Phenylethanoids (C6-C2);acceptor_superclass::Phenylpropanoids (C6-C3);acceptor_superclass::Triterpenoids;acceptor_superclass::Tyrosine alkaloids	0,0,0,0,0,0,0,0,0,0,0,0,0,0,0,1,0,0,0,0,0,0,0	0,0,0,0,1,0,0,0,0,1,0,0,0,0,1,1,0,0,0,0,1,0,1	-4.314340,-1.054583,-0.916749,-0.679157,0.209238,-1.529944,-4.977044,-2.269956,-0.339532,0.200681,-0.753198,-1.170567,-1.376436,-0.975917,0.096432,0.177440,-0.672471,-0.189370,-0.852428,-4.895772,0.191917,-0.321901,0.000102
Ccan_HCT_ABO47805.1	Ccan_HCT_ABO47805.1	acceptor_superclass::Phenolic acids (C6-C1);acceptor_superclass::Phenylpropanoids (C6-C3)	acceptor_superclass::Fatty Acids and Conjugates;acceptor_superclass::Fatty acyls;acceptor_superclass::Flavonoids;acceptor_superclass::Isoflavonoids;acceptor_superclass::Lignans;acceptor_superclass::Phenolic acids (C6-C1);acceptor_superclass::Phenylethanoids (C6-C2);acceptor_superclass::Small peptides;acceptor_superclass::Steroids;acceptor_superclass::Tyrosine alkaloids	0,0,0,0,0,0,0,0,0,0,0,0,0,1,0,1,0,0,0,0,0,0,0	0,0,0,1,1,1,1,1,0,0,0,0,0,1,1,0,0,0,1,1,0,0,1	-0.038453,-1.826552,-2.076418,0.740271,0.045997,0.079114,0.200567,0.533851,-2.075820,-0.661237,-2.373586,-0.354849,-0.057772,1.997275,0.352855,-0.227197,-0.691821,-1.553926,1.280832,0.219688,-1.077386,-2.114822,0.281854
Ccan_HQT_ABO77957.1	Ccan_HQT_ABO77957.1	acceptor_superclass::Phenolic acids (C6-C1);acceptor_superclass::Phenylpropanoids (C6-C3)	acceptor_superclass::Fatty Acids and Conjugates;acceptor_superclass::Fatty acyls;acceptor_superclass::Flavonoids;acceptor_superclass::Isoflavonoids;acceptor_superclass::Lignans;acceptor_superclass::Phenanthrenoids;acceptor_superclass::Phenolic acids (C6-C1);acceptor_superclass::Phenylethanoids (C6-C2);acceptor_superclass::Small peptides;acceptor_superclass::Steroids;acceptor_superclass::Tyrosine alkaloids	0,0,0,0,0,0,0,0,0,0,0,0,0,1,0,1,0,0,0,0,0,0,0	0,0,0,1,1,1,1,1,0,0,0,0,1,1,1,0,0,0,1,1,0,0,1	-0.000961,-1.747431,-2.013565,0.680459,0.027755,0.107403,0.247791,0.492664,-2.001186,-0.657763,-2.257514,-0.339261,0.003824,1.863997,0.334202,-0.227041,-0.666675,-1.511719,1.188347,0.231160,-1.034386,-2.054370,0.257937
Ccar_HCT_AAZ80046.1	Ccar_HCT_AAZ80046.1	acceptor_superclass::Phenolic acids (C6-C1)	acceptor_superclass::Coumarins;acceptor_superclass::Fatty Acids and Conjugates;acceptor_superclass::Flavonoids;acceptor_superclass::Isoflavonoids;acceptor_superclass::Ornithine alkaloids;acceptor_superclass::Phenanthrenoids;acceptor_superclass::Phenolic acids (C6-C1);acceptor_superclass::Phenylpropanoids (C6-C3);acceptor_superclass::Small peptides;acceptor_superclass::Tyrosine alkaloids	0,0,0,0,0,0,0,0,0,0,0,0,0,1,0,0,0,0,0,0,0,0,0	1,0,0,1,0,1,1,0,0,0,0,1,1,1,0,1,0,0,1,0,0,0,1	0.695285,-1.419297,-1.660491,1.116196,-0.386747,0.331250,0.800986,-0.577641,-1.668593,-0.854869,-1.816442,0.206996,0.707614,1.630031,-0.353020,0.039819,-0.390943,-0.975054,1.217181,-0.210069,-1.562446,-1.259856,0.547410
Ccar_HQT1_CAM84302.2	Ccar_HQT1_CAM84302.2	acceptor_superclass::Phenolic acids (C6-C1)	acceptor_superclass::Coumarins;acceptor_superclass::Fatty Acids and Conjugates;acceptor_superclass::Flavonoids;acceptor_superclass::Isoflavonoids;acceptor_superclass::Ornithine alkaloids;acceptor_superclass::Phenanthrenoids;acceptor_superclass::Phenolic acids (C6-C1);acceptor_superclass::Phenylpropanoids (C6-C3);acceptor_superclass::Small peptides;acceptor_superclass::Tyrosine alkaloids	0,0,0,0,0,0,0,0,0,0,0,0,0,1,0,0,0,0,0,0,0,0,0	1,0,0,1,0,1,1,0,0,0,0,1,1,1,0,1,0,0,1,0,0,0,1	0.543422,-1.096322,-1.291886,0.799719,-0.296687,0.267139,0.594221,-0.427159,-1.274638,-0.651889,-1.409982,0.119898,0.555683,1.098094,-0.262872,0.058138,-0.300220,-0.732712,0.733379,-0.137876,-1.214997,-0.964428,0.382467
Ccar_HQT2_ACJ23164.1	Ccar_HQT2_ACJ23164.1	acceptor_superclass::Phenolic acids (C6-C1)	acceptor_superclass::Fatty Acids and Conjugates;acceptor_superclass::Fatty acyls;acceptor_superclass::Flavonoids;acceptor_superclass::Isoflavonoids;acceptor_superclass::Lignans;acceptor_superclass::Phenolic acids (C6-C1);acceptor_superclass::Phenylethanoids (C6-C2);acceptor_superclass::Small peptides;acceptor_superclass::Steroids;acceptor_superclass::Tyrosine alkaloids	0,0,0,0,0,0,0,0,0,0,0,0,0,1,0,0,0,0,0,0,0,0,0	0,0,0,1,1,1,1,1,0,0,0,0,0,1,1,0,0,0,1,1,0,0,1	-0.015735,-1.797061,-2.043360,0.723918,0.021602,0.105225,0.259480,0.534229,-2.051564,-0.656971,-2.309306,-0.350394,-0.018237,1.972769,0.342542,-0.233966,-0.681364,-1.545891,1.271825,0.225973,-1.057192,-2.088512,0.283988
Ccar_HQT_ABK79689.1	Ccar_HQT_ABK79689.1	acceptor_superclass::Phenolic acids (C6-C1)	acceptor_superclass::Fatty Acids and Conjugates;acceptor_superclass::Fatty acyls;acceptor_superclass::Flavonoids;acceptor_superclass::Isoflavonoids;acceptor_superclass::Lignans;acceptor_superclass::Phenolic acids (C6-C1);acceptor_superclass::Phenylethanoids (C6-C2);acceptor_superclass::Small peptides;acceptor_superclass::Steroids;acceptor_superclass::Tyrosine alkaloids	0,0,0,0,0,0,0,0,0,0,0,0,0,1,0,0,0,0,0,0,0,0,0	0,0,0,1,1,1,1,1,0,0,0,0,0,1,1,0,0,0,1,1,0,0,1	-0.050342,-1.845508,-2.090395,0.741362,0.033620,0.089410,0.224095,0.532784,-2.089794,-0.663424,-2.367302,-0.345434,-0.062420,2.002100,0.357139,-0.232584,-0.695359,-1.560996,1.287037,0.205132,-1.072211,-2.127412,0.290297
Ccar_HQT_ABK79690.1	Ccar_HQT_ABK79690.1	acceptor_superclass::Phenolic acids (C6-C1)	acceptor_superclass::Coumarins;acceptor_superclass::Fatty Acids and Conjugates;acceptor_superclass::Fatty acyls;acceptor_superclass::Lignans;acceptor_superclass::Monoterpenoids;acceptor_superclass::Phenanthrenoids;acceptor_superclass::Phenolic acids (C6-C1);acceptor_superclass::Phenylethanoids (C6-C2);acceptor_superclass::Phenylpropanoids (C6-C3);acceptor_superclass::Small peptides;acceptor_superclass::Steroids;acceptor_superclass::Tyrosine alkaloids	0,0,0,0,0,0,0,0,0,0,0,0,0,1,0,0,0,0,0,0,0,0,0	1,0,0,1,1,0,0,1,0,1,0,0,1,1,1,1,0,0,1,1,0,0,1	0.110101,-1.366231,-0.819762,0.383395,0.295446,-0.020466,-0.006514,0.141130,-0.782037,0.089446,-0.405955,-0.038815,0.292804,0.250770,0.303359,0.145211,-0.012188,-0.714960,0.338718,0.186121,-0.317813,-0.624775,0.123904
Cchi_AT3_AAV66309.1	Cchi_AT3_AAV66309.1	acceptor_superclass::Tyrosine alkaloids	acceptor_superclass::Diterpenoids;acceptor_superclass::Lignans;acceptor_superclass::Lysine alkaloids;acceptor_superclass::Monoterpenoids;acceptor_superclass::Naphthalenes;acceptor_superclass::Phenylpropanoids (C6-C3);acceptor_superclass::Saccharides;acceptor_superclass::Triterpenoids;acceptor_superclass::Tryptophan alkaloids	0,0,0,0,0,0,0,0,0,0,0,0,0,0,0,0,0,0,0,0,0,0,1	0,0,1,0,0,0,0,1,1,1,1,0,0,0,0,1,0,1,0,0,1,1,0	-6.486016,-0.754501,1.426253,-2.044855,-0.043181,-1.577850,-6.630077,0.564911,0.481338,0.409596,0.824536,-1.761333,-1.102463,-3.304822,-0.051770,0.253156,-0.595551,0.997531,-2.464900,-7.651773,0.781344,1.217008,-0.226093
Ccro_AT1_AXB26761.1	Ccro_AT1_AXB26761.1	acceptor_superclass::Flavonoids	acceptor_superclass::Coumarins;acceptor_superclass::Cyclic polyketides;acceptor_superclass::Diterpenoids;acceptor_superclass::Fatty acyls;acceptor_superclass::Lignans;acceptor_superclass::Lysine alkaloids;acceptor_superclass::Monoterpenoids;acceptor_superclass::Naphthalenes;acceptor_superclass::Phenanthrenoids;acceptor_superclass::Phenylethanoids (C6-C2);acceptor_superclass::Phenylpropanoids (C6-C3);acceptor_superclass::Saccharides;acceptor_superclass::Triterpenoids;acceptor_superclass::Tryptophan alkaloids	0,0,0,0,0,1,0,0,0,0,0,0,0,0,0,0,0,0,0,0,0,0,0	1,1,1,0,1,0,0,1,1,1,1,0,1,0,1,1,0,1,0,0,1,1,0	0.137833,0.213645,0.311783,-0.658078,0.030076,-0.122424,-0.323671,0.207971,0.309576,0.161438,0.257803,-0.162104,0.213992,-1.083465,0.127217,0.224670,-0.024936,0.524342,-1.033764,-0.208722,0.170372,0.394096,-0.440269
Ccro_AT1_AXB26761.1	Ccro_AT2_AXB26761.1	acceptor_superclass::Flavonoids	acceptor_superclass::Cyclic polyketides;acceptor_superclass::Diterpenoids;acceptor_superclass::Fatty acyls;acceptor_superclass::Lysine alkaloids;acceptor_superclass::Monoterpenoids;acceptor_superclass::Naphthalenes;acceptor_superclass::Phenylpropanoids (C6-C3);acceptor_superclass::Pseudoalkaloids;acceptor_superclass::Saccharides;acceptor_superclass::Triterpenoids;acceptor_superclass::Tryptophan alkaloids	0,0,0,0,0,1,0,0,0,0,0,0,0,0,0,0,0,0,0,0,0,0,0	0,1,1,0,1,0,0,0,1,1,1,0,0,0,0,1,1,1,0,0,1,1,0	-1.634554,0.750165,0.666722,-1.329824,0.170200,-0.510888,-0.527177,-0.207576,0.865639,0.285051,0.486219,-0.196018,-0.217190,-2.225042,-0.306664,0.368328,0.044095,0.793460,-1.255667,-0.359870,0.128235,0.685366,-0.426266
Ccro_AT2_AXB26762.1	Ccro_AT2_AXB26762.1	acceptor_superclass::Flavonoids	acceptor_superclass::Fatty acyls;acceptor_superclass::Monoterpenoids;acceptor_superclass::Phenylethanoids (C6-C2);acceptor_superclass::Phenylpropanoids (C6-C3);acceptor_superclass::Saccharides	0,0,0,0,0,1,0,0,0,0,0,0,0,0,0,0,0,0,0,0,0,0,0	0,0,0,0,1,0,0,0,0,1,0,0,0,0,1,1,0,1,0,0,0,0,0	-4.696693,-0.813079,-0.241210,-0.908718,0.414411,-1.263173,-5.220036,-1.726511,-0.011890,0.520863,-0.997676,-0.856363,-1.272093,-1.813664,0.284376,0.576043,-0.365338,0.158312,-1.111251,-5.246861,-0.311408,-0.345282,-0.351942
Ccro_HCT_WKA69991.1	Ccro_HCT_WKA69991.1	acceptor_superclass::Phenolic acids (C6-C1)	acceptor_superclass::Coumarins;acceptor_superclass::Fatty Acids and Conjugates;acceptor_superclass::Fatty acyls;acceptor_superclass::Isoflavonoids;acceptor_superclass::Lignans;acceptor_superclass::Monoterpenoids;acceptor_superclass::Phenanthrenoids;acceptor_superclass::Phenolic acids (C6-C1);acceptor_superclass::Phenylethanoids (C6-C2);acceptor_superclass::Phenylpropanoids (C6-C3);acceptor_superclass::Pseudoalkaloids;acceptor_superclass::Small peptides;acceptor_superclass::Steroids;acceptor_superclass::Tyrosine alkaloids	0,0,0,0,0,0,0,0,0,0,0,0,0,1,0,0,0,0,0,0,0,0,0	1,0,0,1,1,0,1,1,0,1,0,0,1,1,1,1,1,0,1,1,0,0,1	0.158749,-1.422161,-0.863162,0.422324,0.298013,-0.007092,0.013315,0.137898,-0.832151,0.088067,-0.416410,-0.036478,0.313320,0.298834,0.323063,0.135906,0.004637,-0.747641,0.368016,0.217117,-0.329630,-0.647713,0.136577
Cint_HCT1_ANN12608.1	Cint_HCT1_ANN12608.1	acceptor_superclass::Phenolic acids (C6-C1)	acceptor_superclass::Coumarins;acceptor_superclass::Fatty Acids and Conjugates;acceptor_superclass::Flavonoids;acceptor_superclass::Isoflavonoids;acceptor_superclass::Phenanthrenoids;acceptor_superclass::Phenolic acids (C6-C1);acceptor_superclass::Small peptides;acceptor_superclass::Steroids;acceptor_superclass::Tyrosine alkaloids	0,0,0,0,0,0,0,0,0,0,0,0,0,1,0,0,0,0,0,0,0,0,0	1,0,0,1,0,1,1,0,0,0,0,0,1,1,0,0,0,0,1,1,0,0,1	0.256209,-0.654655,-0.428952,0.248466,-0.034721,0.071017,0.273688,-0.194662,-0.506797,-0.372817,-0.530501,-0.106879,0.298896,0.239489,-0.091682,-0.052744,-0.154244,-0.588733,0.213023,0.009498,-0.063906,-0.421771,0.153894
Cint_HCT2_ANN12609.1	Cint_HCT2_ANN12609.1	acceptor_superclass::Phenolic acids (C6-C1)	acceptor_superclass::Fatty Acids and Conjugates;acceptor_superclass::Phenolic acids (C6-C1);acceptor_superclass::Phenylethanoids (C6-C2);acceptor_superclass::Small peptides;acceptor_superclass::Tyrosine alkaloids	0,0,0,0,0,0,0,0,0,0,0,0,0,1,0,0,0,0,0,0,0,0,0	0,0,0,1,0,0,0,0,0,0,0,0,0,1,1,0,0,0,1,0,0,0,1	-2.054296,-1.733811,-5.038053,1.107353,-0.714707,-1.777930,-3.355559,-7.384094,-2.989957,-0.800905,-3.144593,-0.182019,-1.830067,2.929381,0.431985,-0.252958,-0.783386,-1.061583,1.478855,-2.253257,-0.407451,-2.300543,0.612380
Cint_HQT1_ANN12610.1	Cint_HQT1_ANN12610.1	acceptor_superclass::Phenolic acids (C6-C1)	acceptor_superclass::Coumarins;acceptor_superclass::Fatty Acids and Conjugates;acceptor_superclass::Flavonoids;acceptor_superclass::Isoflavonoids;acceptor_superclass::Ornithine alkaloids;acceptor_superclass::Phenanthrenoids;acceptor_superclass::Phenolic acids (C6-C1);acceptor_superclass::Phenylpropanoids (C6-C3);acceptor_superclass::Small peptides;acceptor_superclass::Tyrosine alkaloids	0,0,0,0,0,0,0,0,0,0,0,0,0,1,0,0,0,0,0,0,0,0,0	1,0,0,1,0,1,1,0,0,0,0,1,1,1,0,1,0,0,1,0,0,0,1	0.684354,-1.372871,-1.609387,1.064892,-0.370096,0.335642,0.776567,-0.559991,-1.610484,-0.819274,-1.759748,0.192691,0.708491,1.542753,-0.339673,0.041510,-0.372301,-0.940032,1.139529,-0.192894,-1.512311,-1.219157,0.519391
Cint_HQT2_ANN12611.1	Cint_HQT2_ANN12611.1	acceptor_superclass::Phenolic acids (C6-C1)	acceptor_superclass::Coumarins;acceptor_superclass::Fatty Acids and Conjugates;acceptor_superclass::Flavonoids;acceptor_superclass::Isoflavonoids;acceptor_superclass::Phenanthrenoids;acceptor_superclass::Phenolic acids (C6-C1);acceptor_superclass::Small peptides;acceptor_superclass::Steroids;acceptor_superclass::Tyrosine alkaloids	0,0,0,0,0,0,0,0,0,0,0,0,0,1,0,0,0,0,0,0,0,0,0	1,0,0,1,0,1,1,0,0,0,0,0,1,1,0,0,0,0,1,1,0,0,1	0.288545,-0.709551,-0.479213,0.300079,-0.042520,0.098521,0.337531,-0.221848,-0.573262,-0.399674,-0.581191,-0.104112,0.316781,0.314567,-0.103406,-0.085168,-0.150608,-0.650393,0.275285,0.025029,-0.073709,-0.491756,0.189449
Cint_HQT3_ANN12612.1	Cint_HQT3_ANN12612.1	acceptor_superclass::Phenolic acids (C6-C1)	acceptor_superclass::Coumarins;acceptor_superclass::Fatty Acids and Conjugates;acceptor_superclass::Flavonoids;acceptor_superclass::Isoflavonoids;acceptor_superclass::Phenanthrenoids;acceptor_superclass::Phenolic acids (C6-C1);acceptor_superclass::Small peptides;acceptor_superclass::Steroids;acceptor_superclass::Tyrosine alkaloids	0,0,0,0,0,0,0,0,0,0,0,0,0,1,0,0,0,0,0,0,0,0,0	1,0,0,1,0,1,1,0,0,0,0,0,1,1,0,0,0,0,1,1,0,0,1	0.279814,-0.636195,-0.416824,0.214138,-0.038206,0.079332,0.282435,-0.184019,-0.501844,-0.356740,-0.511059,-0.105089,0.313452,0.188367,-0.088830,-0.057490,-0.134037,-0.557774,0.159423,0.004789,-0.049873,-0.417537,0.136409
Cint_SHT1_AXY93625.1	Cint_SHT1_AXY93625.1	acceptor_superclass::Ornithine alkaloids;acceptor_superclass::Phenolic acids (C6-C1);acceptor_superclass::Pseudoalkaloids	acceptor_superclass::Coumarins;acceptor_superclass::Fatty Acids and Conjugates;acceptor_superclass::Flavonoids;acceptor_superclass::Isoflavonoids;acceptor_superclass::Ornithine alkaloids;acceptor_superclass::Phenanthrenoids;acceptor_superclass::Phenolic acids (C6-C1);acceptor_superclass::Phenylpropanoids (C6-C3);acceptor_superclass::Small peptides;acceptor_superclass::Tyrosine alkaloids	0,0,0,0,0,0,0,0,0,0,0,1,0,1,0,0,1,0,0,0,0,0,0	1,0,0,1,0,1,1,0,0,0,0,1,1,1,0,1,0,0,1,0,0,0,1	0.657977,-1.269890,-1.511706,0.990798,-0.349360,0.320164,0.726242,-0.523599,-1.519762,-0.762753,-1.635820,0.187885,0.674448,1.389281,-0.320505,0.048723,-0.344293,-0.875531,1.017680,-0.173985,-1.403470,-1.149037,0.476290
Cint_SHT2_AXY93626.1	Cint_SHT2_AXY93626.1	acceptor_superclass::Ornithine alkaloids;acceptor_superclass::Phenolic acids (C6-C1);acceptor_superclass::Pseudoalkaloids	acceptor_superclass::Coumarins;acceptor_superclass::Fatty Acids and Conjugates;acceptor_superclass::Fatty acyls;acceptor_superclass::Flavonoids;acceptor_superclass::Isoflavonoids;acceptor_superclass::Lignans;acceptor_superclass::Phenanthrenoids;acceptor_superclass::Phenolic acids (C6-C1);acceptor_superclass::Phenylethanoids (C6-C2);acceptor_superclass::Small peptides;acceptor_superclass::Steroids;acceptor_superclass::Tyrosine alkaloids	0,0,0,0,0,0,0,0,0,0,0,1,0,1,0,0,1,0,0,0,0,0,0	1,0,0,1,1,1,1,1,0,0,0,0,1,1,1,0,0,0,1,1,0,0,1	0.009457,-1.673855,-1.913803,0.643303,0.029602,0.094894,0.224532,0.420168,-1.938403,-0.641738,-2.172391,-0.334987,0.028810,1.677624,0.327957,-0.216259,-0.642448,-1.426603,1.061503,0.248974,-1.002790,-1.995900,0.220608
Cmel_AAT1_CAA94432.1	Cmel_AAT1_CAA94432.1	acceptor_superclass::Fatty acyls;acceptor_superclass::Phenylethanoids (C6-C2);acceptor_superclass::Phenylpropanoids (C6-C3)	acceptor_superclass::Fatty Acids and Conjugates;acceptor_superclass::Fatty acyls;acceptor_superclass::Phenylethanoids (C6-C2);acceptor_superclass::Phenylpropanoids (C6-C3);acceptor_superclass::Steroids	0,0,0,0,1,0,0,0,0,0,0,0,0,0,1,1,0,0,0,0,0,0,0	0,0,0,1,1,0,0,0,0,0,0,0,0,0,1,1,0,0,0,1,0,0,0	-0.178320,-0.830151,-0.726590,0.088942,0.109418,-0.116900,-0.259207,-0.300252,-0.705967,-0.297040,-0.958148,-0.213216,-0.207416,-0.140885,0.074813,0.001158,-0.345288,-0.389949,-0.249022,0.017970,-0.402723,-0.758610,-0.040896
Cmel_AAT3_AAW51125.1	Cmel_AAT3_AAW51125.1	acceptor_superclass::Fatty acyls	acceptor_superclass::Coumarins;acceptor_superclass::Flavonoids;acceptor_superclass::Isoflavonoids;acceptor_superclass::Phenanthrenoids;acceptor_superclass::Phenylpropanoids (C6-C3);acceptor_superclass::Triterpenoids	0,0,0,0,1,0,0,0,0,0,0,0,0,0,0,0,0,0,0,0,0,0,0	1,0,0,0,0,1,1,0,0,0,0,0,1,0,0,1,0,0,0,0,1,0,0	0.248325,-0.341762,-0.159072,-0.118137,-0.003313,0.011202,0.069473,-0.037984,-0.205100,-0.167858,-0.232684,-0.132096,0.305335,-0.292358,-0.023467,0.048003,-0.102368,-0.165610,-0.293805,-0.057094,0.029105,-0.113552,-0.083307
Cmel_AAT4_AAW51126.1	Cmel_AAT4_AAW51126.1	acceptor_superclass::Fatty acyls;acceptor_superclass::Monoterpenoids;acceptor_superclass::Phenylpropanoids (C6-C3)	acceptor_superclass::Diterpenoids;acceptor_superclass::Fatty acyls;acceptor_superclass::Lysine alkaloids;acceptor_superclass::Naphthalenes;acceptor_superclass::Phenylpropanoids (C6-C3);acceptor_superclass::Saccharides;acceptor_superclass::Triterpenoids;acceptor_superclass::Tryptophan alkaloids	0,0,0,0,1,0,0,0,0,1,0,0,0,0,0,1,0,0,0,0,0,0,0	0,0,1,0,1,0,0,0,1,0,1,0,0,0,0,1,0,1,0,0,1,1,0	-0.160143,-0.046731,0.148654,-0.391712,0.123301,-0.210098,-0.500386,-0.835014,0.156553,-0.079825,0.010969,-0.123324,-0.170799,-1.518600,-0.106890,0.108012,-0.109225,0.358475,-1.221055,-0.057773,0.058995,0.169668,-0.250882
Cros_DAT_AAC99311.1	Cros_DAT_AAC99311.1	acceptor_superclass::Tryptophan alkaloids	acceptor_superclass::Cyclic polyketides;acceptor_superclass::Diterpenoids;acceptor_superclass::Fatty acyls;acceptor_superclass::Lysine alkaloids;acceptor_superclass::Monoterpenoids;acceptor_superclass::Naphthalenes;acceptor_superclass::Phenylpropanoids (C6-C3);acceptor_superclass::Pseudoalkaloids;acceptor_superclass::Saccharides;acceptor_superclass::Triterpenoids;acceptor_superclass::Tryptophan alkaloids	0,0,0,0,0,0,0,0,0,0,0,0,0,0,0,0,0,0,0,0,0,1,0	0,1,1,0,1,0,0,0,1,1,1,0,0,0,0,1,1,1,0,0,1,1,0	-1.755380,0.723743,0.685769,-1.443764,0.173957,-0.541622,-0.561479,-0.224124,0.895952,0.293041,0.586838,-0.248784,-0.227206,-2.367082,-0.297459,0.393424,0.067036,0.885091,-1.339759,-0.366549,0.144208,0.752980,-0.443342
Cros_MAT_AAO13736.1	Cros_MAT_AAO13736.1	acceptor_superclass::Tryptophan alkaloids	acceptor_superclass::Diterpenoids;acceptor_superclass::Fatty acyls;acceptor_superclass::Lignans;acceptor_superclass::Lysine alkaloids;acceptor_superclass::Monoterpenoids;acceptor_superclass::Naphthalenes;acceptor_superclass::Phenylpropanoids (C6-C3);acceptor_superclass::Saccharides;acceptor_superclass::Triterpenoids;acceptor_superclass::Tryptophan alkaloids	0,0,0,0,0,0,0,0,0,0,0,0,0,0,0,0,0,0,0,0,0,1,0	0,0,1,0,1,0,0,1,1,1,1,0,0,0,0,1,0,1,0,0,1,1,0	-7.184640,-0.710831,1.538805,-2.285009,0.069439,-1.674892,-7.301551,0.554588,0.632798,0.519313,0.726917,-1.900751,-1.221403,-3.814218,-0.053128,0.347892,-0.624681,1.038236,-2.724848,-8.347655,0.723252,1.207196,-0.328840
Cros_TAT_AQP25667.1	Cros_TAT_AQP25667.1	acceptor_superclass::Tryptophan alkaloids	acceptor_superclass::Coumarins;acceptor_superclass::Cyclic polyketides;acceptor_superclass::Fatty acyls;acceptor_superclass::Lignans;acceptor_superclass::Lysine alkaloids;acceptor_superclass::Monoterpenoids;acceptor_superclass::Naphthalenes;acceptor_superclass::Phenylethanoids (C6-C2);acceptor_superclass::Phenylpropanoids (C6-C3);acceptor_superclass::Saccharides;acceptor_superclass::Steroids;acceptor_superclass::Tryptophan alkaloids	0,0,0,0,0,0,0,0,0,0,0,0,0,0,0,0,0,0,0,0,0,1,0	1,1,0,0,1,0,0,1,1,1,1,0,0,0,1,1,0,1,0,1,0,1,0	0.015175,0.009787,-0.036839,-0.467300,0.014769,-0.017400,-0.264015,0.157190,0.124188,0.040270,0.001864,-0.277730,-0.033503,-1.215210,0.094902,0.167885,-0.073435,0.206269,-1.512901,0.207033,-0.007914,0.109364,-0.225651
Csat_HCT_AEJ88365.1	Csat_HCT_AEJ88365.1	acceptor_superclass::Phenolic acids (C6-C1)	acceptor_superclass::Coumarins;acceptor_superclass::Fatty Acids and Conjugates;acceptor_superclass::Fatty acyls;acceptor_superclass::Flavonoids;acceptor_superclass::Isoflavonoids;acceptor_superclass::Lignans;acceptor_superclass::Monoterpenoids;acceptor_superclass::Phenanthrenoids;acceptor_superclass::Phenolic acids (C6-C1);acceptor_superclass::Phenylethanoids (C6-C2);acceptor_superclass::Phenylpropanoids (C6-C3);acceptor_superclass::Small peptides;acceptor_superclass::Steroids;acceptor_superclass::Tyrosine alkaloids	0,0,0,0,0,0,0,0,0,0,0,0,0,1,0,0,0,0,0,0,0,0,0	1,0,0,1,1,1,1,1,0,1,0,0,1,1,1,1,0,0,1,1,0,0,1	0.218040,-1.592695,-0.956837,0.514198,0.320829,0.003959,0.013406,0.166031,-0.930075,0.089947,-0.486496,-0.038139,0.357368,0.403624,0.369048,0.141320,-0.021918,-0.853332,0.451305,0.233588,-0.363371,-0.742734,0.171549
Csco_HQT1_CAM84302.2	Csco_HQT1_CAM84302.2	acceptor_superclass::Phenolic acids (C6-C1)	acceptor_superclass::Fatty Acids and Conjugates;acceptor_superclass::Fatty acyls;acceptor_superclass::Flavonoids;acceptor_superclass::Isoflavonoids;acceptor_superclass::Lignans;acceptor_superclass::Phenolic acids (C6-C1);acceptor_superclass::Phenylethanoids (C6-C2);acceptor_superclass::Small peptides;acceptor_superclass::Steroids;acceptor_superclass::Tyrosine alkaloids	0,0,0,0,0,0,0,0,0,0,0,0,0,1,0,0,0,0,0,0,0,0,0	0,0,0,1,1,1,1,1,0,0,0,0,0,1,1,0,0,0,1,1,0,0,1	-0.050329,-1.511433,-1.704129,0.558247,0.045823,0.063705,0.150482,0.332952,-1.677513,-0.554959,-1.925948,-0.298300,-0.058387,1.447723,0.272004,-0.176732,-0.574243,-1.252578,0.890705,0.163793,-0.868911,-1.727919,0.203789
Csco_HQT2_ACJ23164.1	Csco_HQT2_ACJ23164.1	acceptor_superclass::Phenolic acids (C6-C1)	acceptor_superclass::Coumarins;acceptor_superclass::Fatty Acids and Conjugates;acceptor_superclass::Flavonoids;acceptor_superclass::Isoflavonoids;acceptor_superclass::Phenanthrenoids;acceptor_superclass::Phenolic acids (C6-C1);acceptor_superclass::Small peptides;acceptor_superclass::Steroids;acceptor_superclass::Tyrosine alkaloids	0,0,0,0,0,0,0,0,0,0,0,0,0,1,0,0,0,0,0,0,0,0,0	1,0,0,1,0,1,1,0,0,0,0,0,1,1,0,0,0,0,1,1,0,0,1	0.314502,-0.831224,-0.568091,0.400712,-0.051204,0.120762,0.397093,-0.269989,-0.677977,-0.474510,-0.686969,-0.105169,0.338879,0.434241,-0.131668,-0.113869,-0.167789,-0.778984,0.390890,0.044107,-0.094661,-0.583983,0.251032
Csin_AT1_THG04858.1	Csin_AT1_THG04858.1	acceptor_superclass::Flavonoids	acceptor_superclass::Fatty Acids and Conjugates;acceptor_superclass::Fatty acyls;acceptor_superclass::Phenylethanoids (C6-C2);acceptor_superclass::Phenylpropanoids (C6-C3);acceptor_superclass::Steroids	0,0,0,0,0,1,0,0,0,0,0,0,0,0,0,0,0,0,0,0,0,0,0	0,0,0,1,1,0,0,0,0,0,0,0,0,0,1,1,0,0,0,1,0,0,0	-0.164374,-0.894633,-0.785272,0.113111,0.117946,-0.111539,-0.239902,-0.251921,-0.738013,-0.323470,-1.014390,-0.234388,-0.193351,-0.061201,0.086508,0.001253,-0.368618,-0.472530,-0.192548,0.057129,-0.453281,-0.835041,-0.041392
Csin_AT2_THG19836.1	Csin_AT2_THG19836.1	acceptor_superclass::Flavonoids	acceptor_superclass::Coumarins;acceptor_superclass::Fatty Acids and Conjugates;acceptor_superclass::Flavonoids;acceptor_superclass::Isoflavonoids;acceptor_superclass::Phenanthrenoids;acceptor_superclass::Phenylpropanoids (C6-C3);acceptor_superclass::Steroids;acceptor_superclass::Tyrosine alkaloids	0,0,0,0,0,1,0,0,0,0,0,0,0,0,0,0,0,0,0,0,0,0,0	1,0,0,1,0,1,1,0,0,0,0,0,1,0,0,1,0,0,0,1,0,0,1	0.319096,-0.563701,-0.729674,0.193075,-0.132498,0.169218,0.205881,-0.161767,-0.601024,-0.311134,-0.769346,-0.043256,0.313854,-0.023744,-0.089289,0.123481,-0.180566,-0.342143,-0.353395,0.032469,-0.681261,-0.490841,0.092748
Csin_CHAT1_GMQ03793.1	Csin_CHAT1_GMQ03793.1	acceptor_superclass::Fatty acyls	acceptor_superclass::Coumarins;acceptor_superclass::Fatty acyls;acceptor_superclass::Lignans;acceptor_superclass::Phenanthrenoids;acceptor_superclass::Phenylethanoids (C6-C2);acceptor_superclass::Phenylpropanoids (C6-C3);acceptor_superclass::Triterpenoids;acceptor_superclass::Tryptophan alkaloids	0,0,0,0,1,0,0,0,0,0,0,0,0,0,0,0,0,0,0,0,0,0,0	1,0,0,0,1,0,0,1,0,0,0,0,1,0,1,1,0,0,0,0,1,1,0	0.217430,-0.198980,-0.054189,-0.239241,0.002081,-0.018082,-0.008759,0.018659,-0.077485,-0.093816,-0.105147,-0.135241,0.274004,-0.458864,0.019478,0.084816,-0.082287,-0.006586,-0.453140,-0.085957,0.056335,0.001162,-0.153471
Csin_HCT1_XP_028081726.1	Csin_HCT1_XP_028081726.1	acceptor_superclass::Phenolic acids (C6-C1)	acceptor_superclass::Coumarins;acceptor_superclass::Fatty Acids and Conjugates;acceptor_superclass::Flavonoids;acceptor_superclass::Isoflavonoids;acceptor_superclass::Phenanthrenoids;acceptor_superclass::Phenolic acids (C6-C1);acceptor_superclass::Small peptides;acceptor_superclass::Steroids;acceptor_superclass::Tyrosine alkaloids	0,0,0,0,0,0,0,0,0,0,0,0,0,1,0,0,0,0,0,0,0,0,0	1,0,0,1,0,1,1,0,0,0,0,0,1,1,0,0,0,0,1,1,0,0,1	0.308308,-0.786875,-0.525366,0.336448,-0.047695,0.101825,0.342631,-0.241546,-0.621867,-0.446341,-0.647891,-0.118347,0.342213,0.340441,-0.117732,-0.082467,-0.176715,-0.721928,0.308844,0.026188,-0.086658,-0.530975,0.203730
Csin_HCT2_THG02040.1	Csin_HCT2_THG02040.1	acceptor_superclass::Flavonoids;acceptor_superclass::Phenolic acids (C6-C1)	acceptor_superclass::Coumarins;acceptor_superclass::Fatty Acids and Conjugates;acceptor_superclass::Flavonoids;acceptor_superclass::Isoflavonoids;acceptor_superclass::Ornithine alkaloids;acceptor_superclass::Phenanthrenoids;acceptor_superclass::Phenolic acids (C6-C1);acceptor_superclass::Phenylpropanoids (C6-C3);acceptor_superclass::Small peptides;acceptor_superclass::Tyrosine alkaloids	0,0,0,0,0,1,0,0,0,0,0,0,0,1,0,0,0,0,0,0,0,0,0	1,0,0,1,0,1,1,0,0,0,0,1,1,1,0,1,0,0,1,0,0,0,1	0.678523,-1.389519,-1.621618,1.092839,-0.375884,0.326113,0.785335,-0.567793,-1.633505,-0.835784,-1.786764,0.190879,0.696515,1.597768,-0.344760,0.037236,-0.384322,-0.951597,1.181290,-0.202927,-1.530939,-1.233892,0.532562
Dcar_HCBT3_CAB06429.1	Dcar_HCBT1_CAB06427.1	acceptor_superclass::Phenolic acids (C6-C1);acceptor_superclass::Small peptides	acceptor_superclass::Fatty Acids and Conjugates;acceptor_superclass::Fatty acyls;acceptor_superclass::Lignans;acceptor_superclass::Monoterpenoids;acceptor_superclass::Phenanthrenoids;acceptor_superclass::Phenylethanoids (C6-C2);acceptor_superclass::Phenylpropanoids (C6-C3);acceptor_superclass::Pseudoalkaloids;acceptor_superclass::Small peptides;acceptor_superclass::Steroids;acceptor_superclass::Tyrosine alkaloids	0,0,0,0,0,0,0,0,0,0,0,0,0,1,0,0,0,0,1,0,0,0,0	0,0,0,1,1,0,0,1,0,1,0,0,1,0,1,1,1,0,1,1,0,0,1	-0.042552,-0.909853,-0.541342,0.171428,0.229922,-0.062030,-0.037689,0.073376,-0.510114,0.096426,-0.251890,-0.049704,0.199243,-0.017211,0.194854,0.133067,0.000265,-0.450116,0.146620,0.113516,-0.223028,-0.396614,0.047541
Dcar_HCBT2_CAB06430.1	Dcar_HCBT2_CAB06430.1	acceptor_superclass::Small peptides	acceptor_superclass::Coumarins;acceptor_superclass::Fatty Acids and Conjugates;acceptor_superclass::Flavonoids;acceptor_superclass::Isoflavonoids;acceptor_superclass::Ornithine alkaloids;acceptor_superclass::Phenanthrenoids;acceptor_superclass::Phenolic acids (C6-C1);acceptor_superclass::Phenylpropanoids (C6-C3);acceptor_superclass::Tyrosine alkaloids	0,0,0,0,0,0,0,0,0,0,0,0,0,0,0,0,0,0,1,0,0,0,0	1,0,0,1,0,1,1,0,0,0,0,1,1,1,0,1,0,0,0,0,0,0,1	0.303913,-0.554783,-0.699239,0.293825,-0.143341,0.146700,0.250836,-0.195879,-0.621294,-0.318145,-0.761780,0.013138,0.306038,0.250449,-0.125087,0.077518,-0.158372,-0.375559,-0.008979,-0.000094,-0.653007,-0.506566,0.151571
Dcar_HCBT3_CAB06429.1	Dcar_HCBT3_CAB06429.1	acceptor_superclass::Small peptides	acceptor_superclass::Coumarins;acceptor_superclass::Fatty Acids and Conjugates;acceptor_superclass::Flavonoids;acceptor_superclass::Isoflavonoids;acceptor_superclass::Ornithine alkaloids;acceptor_superclass::Phenanthrenoids;acceptor_superclass::Phenolic acids (C6-C1);acceptor_superclass::Phenylpropanoids (C6-C3);acceptor_superclass::Small peptides;acceptor_superclass::Tyrosine alkaloids	0,0,0,0,0,0,0,0,0,0,0,0,0,0,0,0,0,0,1,0,0,0,0	1,0,0,1,0,1,1,0,0,0,0,1,1,1,0,1,0,0,1,0,0,0,1	0.471787,-0.916537,-1.091052,0.673777,-0.245244,0.223292,0.499304,-0.364750,-1.069512,-0.540587,-1.190921,0.115742,0.481932,0.914720,-0.229203,0.040913,-0.246266,-0.620229,0.624128,-0.106137,-1.017079,-0.821572,0.329411
Dlan_MAT1_QUW17232.1	Dlan_MAT1_QUW17232.1	acceptor_superclass::Flavonoids;acceptor_superclass::Steroids	acceptor_superclass::Coumarins;acceptor_superclass::Fatty Acids and Conjugates;acceptor_superclass::Flavonoids;acceptor_superclass::Isoflavonoids;acceptor_superclass::Ornithine alkaloids;acceptor_superclass::Phenanthrenoids;acceptor_superclass::Phenolic acids (C6-C1);acceptor_superclass::Phenylpropanoids (C6-C3);acceptor_superclass::Small peptides;acceptor_superclass::Tyrosine alkaloids	0,0,0,0,0,1,0,0,0,0,0,0,0,0,0,0,0,0,0,1,0,0,0	1,0,0,1,0,1,1,0,0,0,0,1,1,1,0,1,0,0,1,0,0,0,1	0.488676,-0.803325,-1.015723,0.507903,-0.217068,0.263652,0.476777,-0.314320,-0.969765,-0.471044,-1.064882,0.053659,0.500200,0.554705,-0.192167,0.058773,-0.217516,-0.568317,0.231766,-0.015820,-0.928940,-0.714420,0.224739
Dlan_MAT2_QWS71079.1	Dlan_MAT2_QWS71079.1	acceptor_superclass::Flavonoids;acceptor_superclass::Steroids	acceptor_superclass::Fatty acyls;acceptor_superclass::Monoterpenoids;acceptor_superclass::Naphthalenes;acceptor_superclass::Phenanthrenoids;acceptor_superclass::Phenylethanoids (C6-C2);acceptor_superclass::Phenylpropanoids (C6-C3);acceptor_superclass::Pseudoalkaloids;acceptor_superclass::Steroids	0,0,0,0,0,1,0,0,0,0,0,0,0,0,0,0,0,0,0,1,0,0,0	0,0,0,0,1,0,0,0,0,1,1,0,1,0,1,1,1,0,0,1,0,0,0	-0.431099,-0.450973,-0.254300,-0.276185,0.212291,-0.137426,-0.113329,-0.043250,-0.142673,0.137542,0.009940,-0.092663,0.126264,-0.684670,0.050156,0.202042,0.048770,-0.147068,-0.287453,0.040900,-0.129399,-0.095012,-0.067951
Dmor_3MAT1_AAQ63615.1	Dmor_3MAT1_AAQ63615.1	acceptor_superclass::Flavonoids	acceptor_superclass::Coumarins;acceptor_superclass::Fatty Acids and Conjugates;acceptor_superclass::Fatty acyls;acceptor_superclass::Flavonoids;acceptor_superclass::Isoflavonoids;acceptor_superclass::Phenanthrenoids;acceptor_superclass::Phenolic acids (C6-C1);acceptor_superclass::Phenylethanoids (C6-C2);acceptor_superclass::Small peptides;acceptor_superclass::Steroids;acceptor_superclass::Tyrosine alkaloids	0,0,0,0,0,1,0,0,0,0,0,0,0,0,0,0,0,0,0,0,0,0,0	1,0,0,1,1,1,1,0,0,0,0,0,1,1,1,0,0,0,1,1,0,0,1	0.076781,-0.977460,-1.138023,0.194094,0.046400,0.076383,0.131761,-0.084050,-1.096311,-0.476624,-1.255961,-0.269102,0.127002,0.359830,0.131105,-0.095101,-0.428591,-0.823704,0.117400,0.288055,-0.626143,-1.205401,0.001474
Dmor_3MAT2_AAQ63616.1	Dmor_3MAT2_AAQ63616.1	acceptor_superclass::Flavonoids	acceptor_superclass::Fatty acyls;acceptor_superclass::Lysine alkaloids;acceptor_superclass::Monoterpenoids;acceptor_superclass::Naphthalenes;acceptor_superclass::Phenanthrenoids;acceptor_superclass::Phenylpropanoids (C6-C3);acceptor_superclass::Pseudoalkaloids;acceptor_superclass::Saccharides;acceptor_superclass::Tryptophan alkaloids	0,0,0,0,0,1,0,0,0,0,0,0,0,0,0,0,0,0,0,0,0,0,0	0,0,0,0,1,0,0,0,1,1,1,0,1,0,0,1,1,1,0,0,0,1,0	-0.626793,-0.255013,-0.109060,-0.459106,0.203570,-0.181989,-0.165355,-0.075316,0.006908,0.150619,0.117486,-0.103885,0.079475,-0.960096,-0.018122,0.220327,0.074159,0.011938,-0.477593,-0.004003,-0.089183,0.038732,-0.128907
Dmor_3MAT3_BAF50706.1	Dmor_3MAT3_BAF50706.1	acceptor_superclass::Flavonoids;acceptor_superclass::Isoflavonoids	acceptor_superclass::Coumarins;acceptor_superclass::Fatty Acids and Conjugates;acceptor_superclass::Fatty acyls;acceptor_superclass::Flavonoids;acceptor_superclass::Isoflavonoids;acceptor_superclass::Phenanthrenoids;acceptor_superclass::Phenolic acids (C6-C1);acceptor_superclass::Phenylethanoids (C6-C2);acceptor_superclass::Steroids	0,0,0,0,0,1,1,0,0,0,0,0,0,0,0,0,0,0,0,0,0,0,0	1,0,0,1,1,1,1,0,0,0,0,0,1,1,1,0,0,0,0,1,0,0,0	0.036584,-0.799059,-0.913080,0.090120,0.055148,0.031930,0.044177,-0.234640,-0.886941,-0.410519,-1.016061,-0.235290,0.082896,0.029504,0.084887,-0.067081,-0.368332,-0.586809,-0.109616,0.245688,-0.482739,-0.950198,-0.036737
Dpin_3MAT_AAO12206.1	Dpin_3MAT_AAO12206.1	acceptor_superclass::Flavonoids	acceptor_superclass::Coumarins;acceptor_superclass::Fatty Acids and Conjugates;acceptor_superclass::Fatty acyls;acceptor_superclass::Flavonoids;acceptor_superclass::Isoflavonoids;acceptor_superclass::Phenanthrenoids;acceptor_superclass::Phenolic acids (C6-C1);acceptor_superclass::Phenylethanoids (C6-C2);acceptor_superclass::Small peptides;acceptor_superclass::Steroids;acceptor_superclass::Tyrosine alkaloids	0,0,0,0,0,1,0,0,0,0,0,0,0,0,0,0,0,0,0,0,0,0,0	1,0,0,1,1,1,1,0,0,0,0,0,1,1,1,0,0,0,1,1,0,0,1	0.094899,-1.090129,-1.294137,0.260382,0.036252,0.102090,0.179831,-0.006600,-1.244351,-0.516647,-1.428529,-0.287119,0.155732,0.556639,0.159192,-0.122797,-0.474027,-0.947684,0.261160,0.317478,-0.702725,-1.372079,0.024032
Dvar_3MAT_AAO12206.1	Dvar_3MAT_AAO12206.1		acceptor_superclass::Coumarins;acceptor_superclass::Fatty Acids and Conjugates;acceptor_superclass::Fatty acyls;acceptor_superclass::Flavonoids;acceptor_superclass::Isoflavonoids;acceptor_superclass::Phenanthrenoids;acceptor_superclass::Phenolic acids (C6-C1);acceptor_superclass::Phenylethanoids (C6-C2);acceptor_superclass::Small peptides;acceptor_superclass::Steroids;acceptor_superclass::Tyrosine alkaloids	0,0,0,0,0,0,0,0,0,0,0,0,0,0,0,0,0,0,0,0,0,0,0	1,0,0,1,1,1,1,0,0,0,0,0,1,1,1,0,0,0,1,1,0,0,1	0.094899,-1.090129,-1.294137,0.260382,0.036252,0.102090,0.179831,-0.006600,-1.244351,-0.516647,-1.428529,-0.287119,0.155732,0.556639,0.159192,-0.122797,-0.474027,-0.947684,0.261160,0.317478,-0.702725,-1.372079,0.024032
Ecoc_CS_AGT56097.1	Ecoc_BAHD7_AGT56097.1	acceptor_superclass::Ornithine alkaloids	acceptor_superclass::Diterpenoids;acceptor_superclass::Fatty acyls;acceptor_superclass::Lysine alkaloids;acceptor_superclass::Monoterpenoids;acceptor_superclass::Naphthalenes;acceptor_superclass::Phenylethanoids (C6-C2);acceptor_superclass::Phenylpropanoids (C6-C3);acceptor_superclass::Saccharides;acceptor_superclass::Triterpenoids;acceptor_superclass::Tryptophan alkaloids	0,0,0,0,0,0,0,0,0,0,0,1,0,0,0,0,0,0,0,0,0,0,0	0,0,1,0,1,0,0,0,1,1,1,0,0,0,1,1,0,1,0,0,1,1,0	-5.149005,-0.380554,0.353588,-1.488536,0.268201,-1.226604,-5.324220,-0.587749,0.253735,0.415147,0.098333,-1.207484,-0.991196,-2.696677,0.072499,0.352982,-0.431277,0.256517,-1.792843,-5.908058,0.289479,0.387120,-0.240066
Ecoc_CS_AGT56097.1	Ecoc_CS_AGT56097.1	acceptor_superclass::Ornithine alkaloids	acceptor_superclass::Coumarins;acceptor_superclass::Cyclic polyketides;acceptor_superclass::Fatty acyls;acceptor_superclass::Flavonoids;acceptor_superclass::Lignans;acceptor_superclass::Lysine alkaloids;acceptor_superclass::Monoterpenoids;acceptor_superclass::Phenanthrenoids;acceptor_superclass::Phenylethanoids (C6-C2);acceptor_superclass::Phenylpropanoids (C6-C3);acceptor_superclass::Saccharides;acceptor_superclass::Steroids;acceptor_superclass::Tryptophan alkaloids	0,0,0,0,0,0,0,0,0,0,0,1,0,0,0,0,0,0,0,0,0,0,0	1,1,0,0,1,1,0,1,1,1,0,0,1,0,1,1,0,1,0,1,0,1,0	0.030120,0.028391,-0.068760,-0.431000,0.019909,0.020630,-0.202478,0.136868,0.119440,0.041830,-0.032509,-0.231594,0.002413,-1.119498,0.081597,0.169264,-0.052666,0.133072,-1.399880,0.201347,-0.043641,0.060798,-0.211058
Ecoc_HQT_AFF19203.1	Ecoc_HQT_AFF19203.1	acceptor_superclass::Phenolic acids (C6-C1)	acceptor_superclass::Fatty Acids and Conjugates;acceptor_superclass::Ornithine alkaloids;acceptor_superclass::Phenolic acids (C6-C1);acceptor_superclass::Phenylethanoids (C6-C2);acceptor_superclass::Small peptides;acceptor_superclass::Tyrosine alkaloids	0,0,0,0,0,0,0,0,0,0,0,0,0,1,0,0,0,0,0,0,0,0,0	0,0,0,1,0,0,0,0,0,0,0,1,0,1,1,0,0,0,1,0,0,0,1	-1.707432,-1.658588,-5.549675,1.246724,-0.875184,-1.628801,-2.953311,-7.994899,-3.330582,-0.982915,-3.161181,0.157317,-1.590833,2.686607,0.512231,-0.318795,-0.532678,-1.112288,1.427337,-1.854222,-0.596523,-2.473812,0.412073
Egra_5AT_BAF49288.1	Egra_5AT_BAF49288.1	acceptor_superclass::Flavonoids	acceptor_superclass::Fatty acyls;acceptor_superclass::Monoterpenoids;acceptor_superclass::Phenanthrenoids;acceptor_superclass::Phenylethanoids (C6-C2);acceptor_superclass::Phenylpropanoids (C6-C3);acceptor_superclass::Pseudoalkaloids;acceptor_superclass::Steroids	0,0,0,0,0,1,0,0,0,0,0,0,0,0,0,0,0,0,0,0,0,0,0	0,0,0,0,1,0,0,0,0,1,0,0,1,0,1,1,1,0,0,1,0,0,0	-0.252916,-0.642047,-0.391963,-0.100694,0.220721,-0.081883,-0.052998,-0.004096,-0.301522,0.111595,-0.090314,-0.072227,0.161641,-0.417112,0.096711,0.164642,0.042394,-0.283003,-0.129349,0.092546,-0.167995,-0.212355,-0.021888
Epep_BAHD11_NA	Epep_BAHD11_NA	acceptor_superclass::Diterpenoids	acceptor_superclass::Diterpenoids;acceptor_superclass::Fatty acyls;acceptor_superclass::Lysine alkaloids;acceptor_superclass::Naphthalenes;acceptor_superclass::Phenylpropanoids (C6-C3);acceptor_superclass::Saccharides;acceptor_superclass::Triterpenoids;acceptor_superclass::Tryptophan alkaloids	0,0,1,0,0,0,0,0,0,0,0,0,0,0,0,0,0,0,0,0,0,0,0	0,0,1,0,1,0,0,0,1,0,1,0,0,0,0,1,0,1,0,0,1,1,0	-0.232615,-0.115150,0.199772,-0.448938,0.127604,-0.266820,-0.579084,-0.997548,0.123264,-0.105260,0.067164,-0.153329,-0.231587,-1.762139,-0.138945,0.126679,-0.164221,0.463168,-1.434166,-0.094019,0.097118,0.240334,-0.250644
Epep_BAHD12_NA	Epep_BAHD12_NA	acceptor_superclass::Diterpenoids	acceptor_superclass::Coumarins;acceptor_superclass::Cyclic polyketides;acceptor_superclass::Diterpenoids;acceptor_superclass::Fatty acyls;acceptor_superclass::Lignans;acceptor_superclass::Lysine alkaloids;acceptor_superclass::Monoterpenoids;acceptor_superclass::Naphthalenes;acceptor_superclass::Phenanthrenoids;acceptor_superclass::Phenylethanoids (C6-C2);acceptor_superclass::Phenylpropanoids (C6-C3);acceptor_superclass::Saccharides;acceptor_superclass::Triterpenoids;acceptor_superclass::Tryptophan alkaloids	0,0,1,0,0,0,0,0,0,0,0,0,0,0,0,0,0,0,0,0,0,0,0	1,1,1,0,1,0,0,1,1,1,1,0,1,0,1,1,0,1,0,0,1,1,0	0.170768,0.062972,0.148819,-0.477630,0.010863,-0.066242,-0.164666,0.123051,0.108269,0.067300,0.159804,-0.133456,0.238910,-0.791241,0.048909,0.124170,-0.038878,0.338240,-0.757811,-0.113255,0.162056,0.253541,-0.284520
Epep_BAHD6_NA	Epep_BAHD6_NA	acceptor_superclass::Diterpenoids	acceptor_superclass::Cyclic polyketides;acceptor_superclass::Diterpenoids;acceptor_superclass::Fatty acyls;acceptor_superclass::Lignans;acceptor_superclass::Lysine alkaloids;acceptor_superclass::Monoterpenoids;acceptor_superclass::Naphthalenes;acceptor_superclass::Phenylethanoids (C6-C2);acceptor_superclass::Phenylpropanoids (C6-C3);acceptor_superclass::Saccharides;acceptor_superclass::Steroids;acceptor_superclass::Triterpenoids;acceptor_superclass::Tryptophan alkaloids	0,0,1,0,0,0,0,0,0,0,0,0,0,0,0,0,0,0,0,0,0,0,0	0,1,1,0,1,0,0,1,1,1,1,0,0,0,1,1,0,1,0,1,1,1,0	-0.069998,0.196497,0.150688,-0.675603,0.066240,-0.052145,-0.408723,0.251959,0.361423,0.163778,0.204748,-0.332449,-0.115380,-1.579579,0.152048,0.190552,-0.024013,0.320842,-1.869555,0.272747,0.174880,0.272152,-0.319824
Epep_BAHD7_NA	Epep_BAHD7_NA	acceptor_superclass::Diterpenoids	acceptor_superclass::Cyclic polyketides;acceptor_superclass::Diterpenoids;acceptor_superclass::Fatty acyls;acceptor_superclass::Lysine alkaloids;acceptor_superclass::Monoterpenoids;acceptor_superclass::Naphthalenes;acceptor_superclass::Phenylpropanoids (C6-C3);acceptor_superclass::Pseudoalkaloids;acceptor_superclass::Saccharides;acceptor_superclass::Triterpenoids;acceptor_superclass::Tryptophan alkaloids	0,0,1,0,0,0,0,0,0,0,0,0,0,0,0,0,0,0,0,0,0,0,0	0,1,1,0,1,0,0,0,1,1,1,0,0,0,0,1,1,1,0,0,1,1,0	-0.992438,0.187559,0.235327,-0.786764,0.155398,-0.314670,-0.312408,-0.124934,0.359140,0.199089,0.305096,-0.170956,-0.070067,-1.396034,-0.116074,0.241392,0.038233,0.361193,-0.774082,-0.159907,0.054005,0.345642,-0.250030
Epep_BAHD8_NA	Epep_BAHD8_NA	acceptor_superclass::Diterpenoids	acceptor_superclass::Coumarins;acceptor_superclass::Flavonoids;acceptor_superclass::Lignans;acceptor_superclass::Lysine alkaloids;acceptor_superclass::Phenanthrenoids;acceptor_superclass::Phenylethanoids (C6-C2);acceptor_superclass::Phenylpropanoids (C6-C3);acceptor_superclass::Saccharides;acceptor_superclass::Steroids;acceptor_superclass::Tryptophan alkaloids	0,0,1,0,0,0,0,0,0,0,0,0,0,0,0,0,0,0,0,0,0,0,0	1,0,0,0,0,1,0,1,1,0,0,0,1,0,1,1,0,1,0,1,0,1,0	0.057863,-0.058517,-0.127296,-0.387001,-0.008694,0.011554,-0.211885,0.131780,0.045250,-0.003382,-0.117302,-0.243307,0.018721,-1.071053,0.067258,0.152180,-0.086177,0.103801,-1.372520,0.208598,-0.111364,0.032259,-0.178283
Epla_AAT1-1_BDW80081.1	Epla_AAT1-1_BDW80081.1	acceptor_superclass::Naphthalenes	acceptor_superclass::Diterpenoids;acceptor_superclass::Fatty acyls;acceptor_superclass::Lysine alkaloids;acceptor_superclass::Monoterpenoids;acceptor_superclass::Naphthalenes;acceptor_superclass::Phenylpropanoids (C6-C3);acceptor_superclass::Saccharides;acceptor_superclass::Triterpenoids;acceptor_superclass::Tryptophan alkaloids	0,0,0,0,0,0,0,0,0,0,1,0,0,0,0,0,0,0,0,0,0,0,0	0,0,1,0,1,0,0,0,1,1,1,0,0,0,0,1,0,1,0,0,1,1,0	-5.326877,-0.553231,0.356654,-1.617008,0.196977,-1.237975,-5.561955,-0.516834,0.286916,0.314567,0.369635,-1.397081,-1.063167,-2.801475,-0.018816,0.224284,-0.484554,0.223569,-1.877470,-6.141675,0.360731,0.421912,-0.158998
Epla_AAT1-2_BDW80082.1	Epla_AAT1-2_BDW80082.1	acceptor_superclass::Naphthalenes	acceptor_superclass::Coumarins;acceptor_superclass::Cyclic polyketides;acceptor_superclass::Diterpenoids;acceptor_superclass::Fatty acyls;acceptor_superclass::Lignans;acceptor_superclass::Lysine alkaloids;acceptor_superclass::Monoterpenoids;acceptor_superclass::Naphthalenes;acceptor_superclass::Phenanthrenoids;acceptor_superclass::Phenylethanoids (C6-C2);acceptor_superclass::Phenylpropanoids (C6-C3);acceptor_superclass::Saccharides;acceptor_superclass::Triterpenoids;acceptor_superclass::Tryptophan alkaloids	0,0,0,0,0,0,0,0,0,0,1,0,0,0,0,0,0,0,0,0,0,0,0	1,1,1,0,1,0,0,1,1,1,1,0,1,0,1,1,0,1,0,0,1,1,0	0.157107,0.141479,0.226859,-0.583461,0.010752,-0.087811,-0.235482,0.167650,0.212289,0.127082,0.251119,-0.150491,0.227999,-0.948156,0.080090,0.158766,-0.030681,0.475752,-0.921183,-0.142622,0.183476,0.343453,-0.346236
Epla_AAT2-1_BDW80086.1	Epla_AAT2-1_BDW80086.1	acceptor_superclass::Naphthalenes	acceptor_superclass::Fatty acyls;acceptor_superclass::Monoterpenoids;acceptor_superclass::Naphthalenes;acceptor_superclass::Triterpenoids;acceptor_superclass::Tryptophan alkaloids	0,0,0,0,0,0,0,0,0,0,1,0,0,0,0,0,0,0,0,0,0,0,0	0,0,0,0,1,0,0,0,0,1,1,0,0,0,0,0,0,0,0,0,1,1,0	-4.526896,-0.379585,-0.102939,-1.505128,0.044270,-0.933282,-4.611518,-0.978988,-0.142999,0.076847,0.559887,-1.379279,-0.823497,-2.647678,-0.145982,-0.016895,-0.534652,-0.190375,-1.829093,-5.301631,0.424778,0.341606,-0.050058
Epla_AAT2-2_BDW80087.1	Epla_AAT2-2_BDW80087.1	acceptor_superclass::Naphthalenes	acceptor_superclass::Coumarins;acceptor_superclass::Fatty acyls;acceptor_superclass::Flavonoids;acceptor_superclass::Lignans;acceptor_superclass::Lysine alkaloids;acceptor_superclass::Monoterpenoids;acceptor_superclass::Phenanthrenoids;acceptor_superclass::Phenylethanoids (C6-C2);acceptor_superclass::Phenylpropanoids (C6-C3);acceptor_superclass::Saccharides;acceptor_superclass::Steroids;acceptor_superclass::Tryptophan alkaloids	0,0,0,0,0,0,0,0,0,0,1,0,0,0,0,0,0,0,0,0,0,0,0	1,0,0,0,1,1,0,1,1,1,0,0,1,0,1,1,0,1,0,1,0,1,0	0.064030,-0.002625,-0.075288,-0.366404,0.004679,0.022814,-0.134361,0.101600,0.049208,0.014715,-0.009484,-0.213196,0.023459,-0.943520,0.053300,0.119265,-0.051796,0.103673,-1.181950,0.178997,-0.048943,0.053292,-0.187311
Epla_AAT2-3_BDW80088.1	Epla_AAT2-3_BDW80088.1	acceptor_superclass::Naphthalenes	acceptor_superclass::Cyclic polyketides;acceptor_superclass::Diterpenoids;acceptor_superclass::Fatty acyls;acceptor_superclass::Lignans;acceptor_superclass::Lysine alkaloids;acceptor_superclass::Monoterpenoids;acceptor_superclass::Naphthalenes;acceptor_superclass::Phenylethanoids (C6-C2);acceptor_superclass::Phenylpropanoids (C6-C3);acceptor_superclass::Saccharides;acceptor_superclass::Steroids;acceptor_superclass::Triterpenoids;acceptor_superclass::Tryptophan alkaloids	0,0,0,0,0,0,0,0,0,0,1,0,0,0,0,0,0,0,0,0,0,0,0	0,1,1,0,1,0,0,1,1,1,1,0,0,0,1,1,0,1,0,1,1,1,0	-0.009493,0.137326,0.080420,-0.495785,0.039673,-0.020923,-0.234925,0.159434,0.222472,0.096327,0.163057,-0.239410,-0.065509,-1.146714,0.091472,0.124399,-0.013020,0.208596,-1.363283,0.208391,0.102598,0.177916,-0.247582
Epla_SAT1-1_BDW80075.1	Epla_SAT1-1_BDW80075.1	acceptor_superclass::Naphthalenes	acceptor_superclass::Diterpenoids;acceptor_superclass::Lignans;acceptor_superclass::Lysine alkaloids;acceptor_superclass::Monoterpenoids;acceptor_superclass::Naphthalenes;acceptor_superclass::Phenylpropanoids (C6-C3);acceptor_superclass::Saccharides;acceptor_superclass::Triterpenoids;acceptor_superclass::Tryptophan alkaloids	0,0,0,0,0,0,0,0,0,0,1,0,0,0,0,0,0,0,0,0,0,0,0	0,0,1,0,0,0,0,1,1,1,1,0,0,0,0,1,0,1,0,0,1,1,0	-6.225969,-0.666094,1.695979,-2.252283,-0.086734,-1.286527,-6.162807,1.075361,0.568274,0.278820,1.318120,-1.721556,-0.953490,-3.672258,-0.246092,0.099184,-0.473717,0.833030,-2.690143,-7.404035,0.863043,1.407400,-0.253825
Epla_SAT1-2_BDW80076.1	Epla_SAT1-2_BDW80076.1	acceptor_superclass::Naphthalenes	acceptor_superclass::Cyclic polyketides;acceptor_superclass::Diterpenoids;acceptor_superclass::Fatty acyls;acceptor_superclass::Lysine alkaloids;acceptor_superclass::Monoterpenoids;acceptor_superclass::Naphthalenes;acceptor_superclass::Phenylpropanoids (C6-C3);acceptor_superclass::Saccharides;acceptor_superclass::Triterpenoids;acceptor_superclass::Tryptophan alkaloids	0,0,0,0,0,0,0,0,0,0,1,0,0,0,0,0,0,0,0,0,0,0,0	0,1,1,0,1,0,0,0,1,1,1,0,0,0,0,1,0,1,0,0,1,1,0	-0.266146,0.124967,0.490680,-0.562219,0.111480,-0.286598,-0.661465,-1.059928,0.485771,0.014408,0.444324,-0.090703,-0.286667,-2.085357,-0.197314,0.153653,-0.034736,0.709938,-1.636482,-0.204871,0.241635,0.578036,-0.278036
Epla_SAT2-1_BDW80078.1	Epla_SAT2-1_BDW80078.1	acceptor_superclass::Naphthalenes	acceptor_superclass::Coumarins;acceptor_superclass::Cyclic polyketides;acceptor_superclass::Diterpenoids;acceptor_superclass::Fatty acyls;acceptor_superclass::Lignans;acceptor_superclass::Lysine alkaloids;acceptor_superclass::Monoterpenoids;acceptor_superclass::Naphthalenes;acceptor_superclass::Phenanthrenoids;acceptor_superclass::Phenylethanoids (C6-C2);acceptor_superclass::Phenylpropanoids (C6-C3);acceptor_superclass::Saccharides;acceptor_superclass::Triterpenoids;acceptor_superclass::Tryptophan alkaloids	0,0,0,0,0,0,0,0,0,0,1,0,0,0,0,0,0,0,0,0,0,0,0	1,1,1,0,1,0,0,1,1,1,1,0,1,0,1,1,0,1,0,0,1,1,0	0.153958,0.074846,0.177308,-0.502753,0.003529,-0.074679,-0.183197,0.126993,0.142963,0.090066,0.210015,-0.137177,0.212798,-0.823839,0.055753,0.126094,-0.027307,0.396845,-0.798406,-0.118306,0.182661,0.284736,-0.285474
Epla_SAT2-2_BDW80079.1	Epla_SAT2-2_BDW80079.1	acceptor_superclass::Naphthalenes	acceptor_superclass::Diterpenoids;acceptor_superclass::Fatty acyls;acceptor_superclass::Lignans;acceptor_superclass::Lysine alkaloids;acceptor_superclass::Monoterpenoids;acceptor_superclass::Naphthalenes;acceptor_superclass::Phenylpropanoids (C6-C3);acceptor_superclass::Saccharides;acceptor_superclass::Triterpenoids;acceptor_superclass::Tryptophan alkaloids	0,0,0,0,0,0,0,0,0,0,1,0,0,0,0,0,0,0,0,0,0,0,0	0,0,1,0,1,0,0,1,1,1,1,0,0,0,0,1,0,1,0,0,1,1,0	-5.406489,-0.467607,0.831699,-1.852462,0.047647,-1.103942,-5.413082,0.100733,0.311773,0.253420,0.917221,-1.520175,-0.901639,-3.217234,-0.178944,0.112846,-0.459818,0.279667,-2.235273,-6.353285,0.602912,0.854104,-0.151951
Epur_HCT_QRI59128.1	Epur_HCT_QRI59128.1	acceptor_superclass::Phenolic acids (C6-C1)	acceptor_superclass::Coumarins;acceptor_superclass::Fatty Acids and Conjugates;acceptor_superclass::Fatty acyls;acceptor_superclass::Lignans;acceptor_superclass::Monoterpenoids;acceptor_superclass::Phenanthrenoids;acceptor_superclass::Phenolic acids (C6-C1);acceptor_superclass::Phenylethanoids (C6-C2);acceptor_superclass::Phenylpropanoids (C6-C3);acceptor_superclass::Small peptides;acceptor_superclass::Steroids;acceptor_superclass::Tyrosine alkaloids	0,0,0,0,0,0,0,0,0,0,0,0,0,1,0,0,0,0,0,0,0,0,0	1,0,0,1,1,0,0,1,0,1,0,0,1,1,1,1,0,0,1,1,0,0,1	0.109897,-1.396504,-0.836592,0.393846,0.301763,-0.020861,-0.013577,0.140193,-0.793975,0.096841,-0.418100,-0.037209,0.298877,0.264782,0.311269,0.142997,-0.012826,-0.733099,0.349336,0.189376,-0.321164,-0.633032,0.131573
Epur_HMT_UHJ19789.2	Epur_HMT_UHJ19789.2	acceptor_superclass::Fatty Acids and Conjugates	acceptor_superclass::Fatty Acids and Conjugates;acceptor_superclass::Fatty acyls;acceptor_superclass::Flavonoids;acceptor_superclass::Isoflavonoids;acceptor_superclass::Lignans;acceptor_superclass::Phenolic acids (C6-C1);acceptor_superclass::Phenylethanoids (C6-C2);acceptor_superclass::Small peptides;acceptor_superclass::Steroids;acceptor_superclass::Tyrosine alkaloids	0,0,0,1,0,0,0,0,0,0,0,0,0,0,0,0,0,0,0,0,0,0,0	0,0,0,1,1,1,1,1,0,0,0,0,0,1,1,0,0,0,1,1,0,0,1	-0.029737,-1.355219,-1.467264,0.453027,0.063253,0.028437,0.067830,0.241165,-1.450640,-0.507789,-1.716975,-0.288830,-0.032224,1.122611,0.242583,-0.135906,-0.543496,-1.094201,0.649992,0.172361,-0.784753,-1.531911,0.134619
Epur_HQT_QRI59127.1	Epur_HQT_QRI59127.1	acceptor_superclass::Phenolic acids (C6-C1)	acceptor_superclass::Coumarins;acceptor_superclass::Fatty Acids and Conjugates;acceptor_superclass::Flavonoids;acceptor_superclass::Isoflavonoids;acceptor_superclass::Ornithine alkaloids;acceptor_superclass::Phenanthrenoids;acceptor_superclass::Phenolic acids (C6-C1);acceptor_superclass::Phenylpropanoids (C6-C3);acceptor_superclass::Small peptides;acceptor_superclass::Tyrosine alkaloids	0,0,0,0,0,0,0,0,0,0,0,0,0,1,0,0,0,0,0,0,0,0,0	1,0,0,1,0,1,1,0,0,0,0,1,1,1,0,1,0,0,1,0,0,0,1	0.639595,-1.293312,-1.504310,1.007071,-0.353637,0.307976,0.734781,-0.528333,-1.509021,-0.776441,-1.643366,0.175427,0.650394,1.462247,-0.324468,0.044517,-0.343829,-0.881299,1.080878,-0.190860,-1.422012,-1.142727,0.487198
Epur_HTT_QRI59126.1	Epur_HTT_QRI59126.1	acceptor_superclass::Fatty Acids and Conjugates	acceptor_superclass::Coumarins;acceptor_superclass::Fatty Acids and Conjugates;acceptor_superclass::Flavonoids;acceptor_superclass::Isoflavonoids;acceptor_superclass::Ornithine alkaloids;acceptor_superclass::Phenanthrenoids;acceptor_superclass::Phenolic acids (C6-C1);acceptor_superclass::Phenylpropanoids (C6-C3);acceptor_superclass::Small peptides;acceptor_superclass::Tyrosine alkaloids	0,0,0,1,0,0,0,0,0,0,0,0,0,0,0,0,0,0,0,0,0,0,0	1,0,0,1,0,1,1,0,0,0,0,1,1,1,0,1,0,0,1,0,0,0,1	0.385362,-0.727231,-0.877889,0.439336,-0.191438,0.199859,0.361609,-0.263283,-0.815430,-0.421786,-0.950676,0.033000,0.395965,0.484998,-0.167871,0.070263,-0.199165,-0.479789,0.183690,-0.038874,-0.828775,-0.653383,0.212470
Fana_SAAT_AAG13130.1	Fana_SAAT_AAG13130.1	acceptor_superclass::Cyclic polyketides;acceptor_superclass::Fatty acyls;acceptor_superclass::Phenylethanoids (C6-C2)	acceptor_superclass::Coumarins;acceptor_superclass::Cyclic polyketides;acceptor_superclass::Diterpenoids;acceptor_superclass::Fatty acyls;acceptor_superclass::Lignans;acceptor_superclass::Lysine alkaloids;acceptor_superclass::Monoterpenoids;acceptor_superclass::Naphthalenes;acceptor_superclass::Phenanthrenoids;acceptor_superclass::Phenylethanoids (C6-C2);acceptor_superclass::Phenylpropanoids (C6-C3);acceptor_superclass::Saccharides;acceptor_superclass::Triterpenoids;acceptor_superclass::Tryptophan alkaloids	0,1,0,0,1,0,0,0,0,0,0,0,0,0,1,0,0,0,0,0,0,0,0	1,1,1,0,1,0,0,1,1,1,1,0,1,0,1,1,0,1,0,0,1,1,0	0.199645,0.166655,0.197049,-0.575568,0.024691,-0.057628,-0.194002,0.155439,0.184411,0.107628,0.204525,-0.134210,0.273699,-0.932842,0.098375,0.170478,-0.024050,0.390881,-0.886112,-0.142559,0.138341,0.291114,-0.355432
Fves_VAAT_CAC09062.1	Fves_VAAT_CAC09062.1	acceptor_superclass::Cyclic polyketides;acceptor_superclass::Fatty acyls;acceptor_superclass::Monoterpenoids;acceptor_superclass::Phenylethanoids (C6-C2);acceptor_superclass::Phenylpropanoids (C6-C3)	acceptor_superclass::Cyclic polyketides;acceptor_superclass::Diterpenoids;acceptor_superclass::Fatty acyls;acceptor_superclass::Lysine alkaloids;acceptor_superclass::Monoterpenoids;acceptor_superclass::Naphthalenes;acceptor_superclass::Phenylpropanoids (C6-C3);acceptor_superclass::Pseudoalkaloids;acceptor_superclass::Saccharides;acceptor_superclass::Triterpenoids;acceptor_superclass::Tryptophan alkaloids	0,1,0,0,1,0,0,0,0,1,0,0,0,0,1,1,0,0,0,0,0,0,0	0,1,1,0,1,0,0,0,1,1,1,0,0,0,0,1,1,1,0,0,1,1,0	-0.826457,0.098267,0.126924,-0.646134,0.155989,-0.264644,-0.241106,-0.109979,0.248935,0.177655,0.208660,-0.129686,-0.030705,-1.169156,-0.102256,0.213727,0.054472,0.256111,-0.621274,-0.115719,0.003258,0.241334,-0.197792
Gmax_COSY_KRH21316.1	Gmax_COSY_KRH21316.1		acceptor_superclass::Cyclic polyketides;acceptor_superclass::Diterpenoids;acceptor_superclass::Fatty acyls;acceptor_superclass::Lysine alkaloids;acceptor_superclass::Monoterpenoids;acceptor_superclass::Naphthalenes;acceptor_superclass::Phenylpropanoids (C6-C3);acceptor_superclass::Pseudoalkaloids;acceptor_superclass::Saccharides;acceptor_superclass::Tryptophan alkaloids	0,0,0,0,0,0,0,0,0,0,0,0,0,0,0,0,0,0,0,0,0,0,0	0,1,1,0,1,0,0,0,1,1,1,0,0,0,0,1,1,1,0,0,0,1,0	-0.944979,0.067000,0.142190,-0.726951,0.191125,-0.303894,-0.301074,-0.114654,0.289765,0.200411,0.221896,-0.140885,-0.012355,-1.357158,-0.099073,0.275444,0.054181,0.251130,-0.714339,-0.125635,-0.023671,0.237675,-0.220910
Gmax_MT7_ABY59019.1	Gmax_IF7MAT_NP_001237760.1	acceptor_superclass::Isoflavonoids	acceptor_superclass::Coumarins;acceptor_superclass::Fatty Acids and Conjugates;acceptor_superclass::Fatty acyls;acceptor_superclass::Isoflavonoids;acceptor_superclass::Lignans;acceptor_superclass::Monoterpenoids;acceptor_superclass::Phenanthrenoids;acceptor_superclass::Phenolic acids (C6-C1);acceptor_superclass::Phenylethanoids (C6-C2);acceptor_superclass::Phenylpropanoids (C6-C3);acceptor_superclass::Pseudoalkaloids;acceptor_superclass::Small peptides;acceptor_superclass::Steroids;acceptor_superclass::Tyrosine alkaloids	0,0,0,0,0,0,1,0,0,0,0,0,0,0,0,0,0,0,0,0,0,0,0	1,0,0,1,1,0,1,1,0,1,0,0,1,1,1,1,1,0,1,1,0,0,1	0.065469,-1.141250,-0.719766,0.222193,0.277561,-0.002740,0.049366,0.052577,-0.670684,0.074632,-0.257073,-0.041000,0.294929,0.001515,0.238627,0.151256,0.058120,-0.623178,0.150479,0.227038,-0.282474,-0.507404,0.091860
Gmax_IMAT1_AQY54373.1	Gmax_IMAT1_AQY54373.1	acceptor_superclass::Isoflavonoids	acceptor_superclass::Fatty acyls;acceptor_superclass::Monoterpenoids;acceptor_superclass::Phenanthrenoids;acceptor_superclass::Phenylethanoids (C6-C2);acceptor_superclass::Phenylpropanoids (C6-C3);acceptor_superclass::Pseudoalkaloids;acceptor_superclass::Steroids	0,0,0,0,0,0,1,0,0,0,0,0,0,0,0,0,0,0,0,0,0,0,0	0,0,0,0,1,0,0,0,0,1,0,0,1,0,1,1,1,0,0,1,0,0,0	-0.354569,-0.569065,-0.331962,-0.199283,0.216826,-0.131714,-0.073494,-0.024787,-0.252902,0.110026,-0.015840,-0.074116,0.142672,-0.571578,0.074500,0.187436,0.077693,-0.210657,-0.224782,0.087035,-0.159813,-0.149697,-0.047156
Gmax_IMAT3_AQY54374.1	Gmax_IMAT3_AQY54374.1	acceptor_superclass::Isoflavonoids	acceptor_superclass::Coumarins;acceptor_superclass::Fatty Acids and Conjugates;acceptor_superclass::Flavonoids;acceptor_superclass::Isoflavonoids;acceptor_superclass::Phenanthrenoids;acceptor_superclass::Steroids;acceptor_superclass::Tyrosine alkaloids	0,0,0,0,0,0,1,0,0,0,0,0,0,0,0,0,0,0,0,0,0,0,0	1,0,0,1,0,1,1,0,0,0,0,0,1,0,0,0,0,0,0,1,0,0,1	0.346044,-0.442541,-0.323890,0.030070,-0.017513,0.118434,0.283684,-0.136571,-0.393157,-0.251658,-0.351508,-0.110542,0.357809,-0.038043,-0.028018,-0.024373,-0.120031,-0.404708,-0.064477,0.034511,-0.045161,-0.303146,0.038282
Gmax_MT7_ABY59019.1	Gmax_MT7_ABY59019.1	acceptor_superclass::Flavonoids;acceptor_superclass::Isoflavonoids	acceptor_superclass::Coumarins;acceptor_superclass::Fatty Acids and Conjugates;acceptor_superclass::Fatty acyls;acceptor_superclass::Isoflavonoids;acceptor_superclass::Lignans;acceptor_superclass::Monoterpenoids;acceptor_superclass::Phenanthrenoids;acceptor_superclass::Phenolic acids (C6-C1);acceptor_superclass::Phenylethanoids (C6-C2);acceptor_superclass::Phenylpropanoids (C6-C3);acceptor_superclass::Pseudoalkaloids;acceptor_superclass::Small peptides;acceptor_superclass::Steroids;acceptor_superclass::Tyrosine alkaloids	0,0,0,0,0,1,1,0,0,0,0,0,0,0,0,0,0,0,0,0,0,0,0	1,0,0,1,1,0,1,1,0,1,0,0,1,1,1,1,1,0,1,1,0,0,1	0.065469,-1.141250,-0.719766,0.222193,0.277561,-0.002740,0.049366,0.052577,-0.670684,0.074632,-0.257073,-0.041000,0.294929,0.001515,0.238627,0.151256,0.058120,-0.623178,0.150479,0.227038,-0.282474,-0.507404,0.091860
Gmax_SSACT1_KRH01153.1	Gmax_SSACT1_KRH01153.1	acceptor_superclass::Triterpenoids	acceptor_superclass::Coumarins;acceptor_superclass::Flavonoids;acceptor_superclass::Isoflavonoids;acceptor_superclass::Ornithine alkaloids;acceptor_superclass::Phenanthrenoids;acceptor_superclass::Pseudoalkaloids;acceptor_superclass::Steroids	0,0,0,0,0,0,0,0,0,0,0,0,0,0,0,0,0,0,0,0,1,0,0	1,0,0,0,0,1,1,0,0,0,0,1,1,0,0,0,1,0,0,1,0,0,0	1.270904,-0.280972,-5.494620,-0.139929,-1.736630,1.916864,1.829678,-6.954841,-3.584954,-2.201645,-0.825724,0.794114,1.089754,-2.021325,-0.621181,-1.532551,0.525206,-2.104130,-0.732862,1.393137,-1.343231,-1.992048,-0.634779
Gtri_53AAT_BAA74428.1	Gtri_53AAT_BAA74428.1	acceptor_superclass::Flavonoids	acceptor_superclass::Coumarins;acceptor_superclass::Fatty Acids and Conjugates;acceptor_superclass::Flavonoids;acceptor_superclass::Isoflavonoids;acceptor_superclass::Phenanthrenoids;acceptor_superclass::Steroids;acceptor_superclass::Tyrosine alkaloids	0,0,0,0,0,1,0,0,0,0,0,0,0,0,0,0,0,0,0,0,0,0,0	1,0,0,1,0,1,1,0,0,0,0,0,1,0,0,0,0,0,0,1,0,0,1	0.279647,-0.387804,-0.260025,0.006762,-0.012916,0.075965,0.220154,-0.115983,-0.327560,-0.202137,-0.282849,-0.103913,0.307495,-0.085437,-0.024883,-0.016192,-0.100000,-0.295360,-0.102914,0.003535,-0.011821,-0.224348,0.015818
Gtri_53AAT_BAA74428.1	Gtri_5AT_BAA74428.1	acceptor_superclass::Flavonoids	acceptor_superclass::Coumarins;acceptor_superclass::Fatty Acids and Conjugates;acceptor_superclass::Fatty acyls;acceptor_superclass::Flavonoids;acceptor_superclass::Isoflavonoids;acceptor_superclass::Lignans;acceptor_superclass::Phenanthrenoids;acceptor_superclass::Phenolic acids (C6-C1);acceptor_superclass::Phenylethanoids (C6-C2);acceptor_superclass::Small peptides;acceptor_superclass::Steroids;acceptor_superclass::Tyrosine alkaloids	0,0,0,0,0,1,0,0,0,0,0,0,0,0,0,0,0,0,0,0,0,0,0	1,0,0,1,1,1,1,1,0,0,0,0,1,1,1,0,0,0,1,1,0,0,1	0.060934,-1.024417,-1.224981,0.298881,0.025197,0.102360,0.186840,0.079103,-1.184130,-0.455732,-1.301713,-0.237944,0.104661,0.730285,0.160238,-0.133166,-0.417547,-0.885274,0.412790,0.212159,-0.613167,-1.251478,0.085716
Gtri_53AAT_BAA74428.1	Gtri_GAT_BAA74428.1	acceptor_superclass::Flavonoids	acceptor_superclass::Coumarins;acceptor_superclass::Fatty Acids and Conjugates;acceptor_superclass::Flavonoids;acceptor_superclass::Isoflavonoids;acceptor_superclass::Ornithine alkaloids;acceptor_superclass::Phenanthrenoids;acceptor_superclass::Phenolic acids (C6-C1);acceptor_superclass::Phenylpropanoids (C6-C3);acceptor_superclass::Small peptides;acceptor_superclass::Tyrosine alkaloids	0,0,0,0,0,1,0,0,0,0,0,0,0,0,0,0,0,0,0,0,0,0,0	1,0,0,1,0,1,1,0,0,0,0,1,1,1,0,1,0,0,1,0,0,0,1	0.446774,-0.738494,-0.919870,0.492453,-0.208702,0.233431,0.451394,-0.300698,-0.906301,-0.439878,-0.953433,0.043383,0.439193,0.546844,-0.181161,0.039020,-0.197304,-0.496216,0.244321,-0.037941,-0.831276,-0.659895,0.210026
Hann_HCT1_QBM78941.1	Hann_HCT1_QBM78941.1	acceptor_superclass::Phenolic acids (C6-C1)	acceptor_superclass::Coumarins;acceptor_superclass::Fatty Acids and Conjugates;acceptor_superclass::Fatty acyls;acceptor_superclass::Flavonoids;acceptor_superclass::Isoflavonoids;acceptor_superclass::Lignans;acceptor_superclass::Monoterpenoids;acceptor_superclass::Phenanthrenoids;acceptor_superclass::Phenolic acids (C6-C1);acceptor_superclass::Phenylethanoids (C6-C2);acceptor_superclass::Phenylpropanoids (C6-C3);acceptor_superclass::Small peptides;acceptor_superclass::Steroids;acceptor_superclass::Tyrosine alkaloids	0,0,0,0,0,0,0,0,0,0,0,0,0,1,0,0,0,0,0,0,0,0,0	1,0,0,1,1,1,1,1,0,1,0,0,1,1,1,1,0,0,1,1,0,0,1	0.303296,-1.770826,-1.073905,0.598171,0.344434,0.029572,0.043399,0.178874,-1.042703,0.080602,-0.538730,-0.024846,0.397358,0.531660,0.411358,0.140306,-0.009643,-0.958543,0.528618,0.279196,-0.398901,-0.826280,0.206271
Hann_HCT2_QBM78942.1	Hann_HCT2_QBM78942.1	acceptor_superclass::Phenolic acids (C6-C1)	acceptor_superclass::Coumarins;acceptor_superclass::Fatty Acids and Conjugates;acceptor_superclass::Flavonoids;acceptor_superclass::Isoflavonoids;acceptor_superclass::Phenanthrenoids;acceptor_superclass::Phenolic acids (C6-C1);acceptor_superclass::Small peptides;acceptor_superclass::Steroids;acceptor_superclass::Tyrosine alkaloids	0,0,0,0,0,0,0,0,0,0,0,0,0,1,0,0,0,0,0,0,0,0,0	1,0,0,1,0,1,1,0,0,0,0,0,1,1,0,0,0,0,1,1,0,0,1	0.266318,-0.708074,-0.470480,0.299893,-0.043430,0.084989,0.306942,-0.219228,-0.557505,-0.400646,-0.577189,-0.103266,0.306387,0.314399,-0.097960,-0.074741,-0.159178,-0.646844,0.278611,0.016142,-0.078838,-0.480445,0.187025
Hann_HQT1_QBM78938.1	Hann_HQT1_QBM78938.1	acceptor_superclass::Phenolic acids (C6-C1)	acceptor_superclass::Fatty Acids and Conjugates;acceptor_superclass::Ornithine alkaloids;acceptor_superclass::Phenolic acids (C6-C1);acceptor_superclass::Phenylethanoids (C6-C2);acceptor_superclass::Small peptides;acceptor_superclass::Tyrosine alkaloids	0,0,0,0,0,0,0,0,0,0,0,0,0,1,0,0,0,0,0,0,0,0,0	0,0,0,1,0,0,0,0,0,0,0,1,0,1,1,0,0,0,1,0,0,0,1	-1.597599,-1.874535,-5.855491,1.412564,-0.962392,-1.745539,-2.967989,-8.436100,-3.584860,-1.054241,-3.442117,0.065630,-1.704114,3.236539,0.513375,-0.385447,-0.702501,-1.153501,1.692390,-1.735224,-0.579673,-2.635344,0.538191
Hann_HQT2_QBM78939.1	Hann_HQT2_QBM78939.1	acceptor_superclass::Phenolic acids (C6-C1)	acceptor_superclass::Fatty Acids and Conjugates;acceptor_superclass::Ornithine alkaloids;acceptor_superclass::Phenolic acids (C6-C1);acceptor_superclass::Phenylethanoids (C6-C2);acceptor_superclass::Small peptides;acceptor_superclass::Tyrosine alkaloids	0,0,0,0,0,0,0,0,0,0,0,0,0,1,0,0,0,0,0,0,0,0,0	0,0,0,1,0,0,0,0,0,0,0,1,0,1,1,0,0,0,1,0,0,0,1	-1.087225,-1.769920,-5.980449,1.148214,-1.187781,-1.119511,-2.166939,-8.409626,-3.726189,-1.347302,-3.099048,0.182016,-1.348742,2.664356,0.284453,-0.640674,-0.531521,-1.391377,1.417732,-1.262572,-0.710337,-2.608917,0.405649
Hann_HQT3_QBM78940.1	Hann_HQT3_QBM78940.1	acceptor_superclass::Phenolic acids (C6-C1)	acceptor_superclass::Coumarins;acceptor_superclass::Fatty Acids and Conjugates;acceptor_superclass::Flavonoids;acceptor_superclass::Isoflavonoids;acceptor_superclass::Phenanthrenoids;acceptor_superclass::Phenolic acids (C6-C1);acceptor_superclass::Small peptides;acceptor_superclass::Steroids;acceptor_superclass::Tyrosine alkaloids	0,0,0,0,0,0,0,0,0,0,0,0,0,1,0,0,0,0,0,0,0,0,0	1,0,0,1,0,1,1,0,0,0,0,0,1,1,0,0,0,0,1,1,0,0,1	0.251678,-0.614858,-0.399477,0.212272,-0.035659,0.068417,0.263518,-0.179300,-0.482189,-0.344455,-0.491878,-0.101259,0.290873,0.190301,-0.091378,-0.056090,-0.134086,-0.531613,0.166220,0.002110,-0.047876,-0.395370,0.137577
Hcan_PMT_KAL4341785.1	Hcan_PMT_KAL4341785.1	acceptor_superclass::Phenylpropanoids (C6-C3)	acceptor_superclass::Fatty acyls;acceptor_superclass::Monoterpenoids;acceptor_superclass::Phenylethanoids (C6-C2);acceptor_superclass::Phenylpropanoids (C6-C3);acceptor_superclass::Tyrosine alkaloids	0,0,0,0,0,0,0,0,0,0,0,0,0,0,0,1,0,0,0,0,0,0,0	0,0,0,0,1,0,0,0,0,1,0,0,0,0,1,1,0,0,0,0,0,0,1	-3.448536,-1.055316,-2.165670,-0.133739,0.333437,-1.473587,-4.366555,-3.626661,-0.639261,0.070891,-1.527573,-0.832500,-1.542159,-0.004704,0.160230,0.171108,-0.648353,-0.818281,-0.071523,-3.754351,-0.131845,-1.146472,0.187316
Hmur_ACT_BCN87077.1	Hmur_ACT_BCN87077.1	acceptor_superclass::Ornithine alkaloids;acceptor_superclass::Pseudoalkaloids	acceptor_superclass::Coumarins;acceptor_superclass::Fatty Acids and Conjugates;acceptor_superclass::Flavonoids;acceptor_superclass::Isoflavonoids;acceptor_superclass::Ornithine alkaloids;acceptor_superclass::Phenanthrenoids;acceptor_superclass::Phenolic acids (C6-C1);acceptor_superclass::Phenylpropanoids (C6-C3);acceptor_superclass::Small peptides;acceptor_superclass::Tyrosine alkaloids	0,0,0,0,0,0,0,0,0,0,0,1,0,0,0,0,1,0,0,0,0,0,0	1,0,0,1,0,1,1,0,0,0,0,1,1,1,0,1,0,0,1,0,0,0,1	0.412933,-0.763444,-0.936831,0.518162,-0.217232,0.201262,0.421639,-0.298975,-0.898221,-0.448137,-0.986887,0.077064,0.409307,0.627269,-0.187112,0.053189,-0.193936,-0.516352,0.367699,-0.064470,-0.854156,-0.676920,0.241314
Hpol_BAHD3_NA	Hpol_BAHD3_NA	acceptor_superclass::Tyrosine alkaloids	acceptor_superclass::Coumarins;acceptor_superclass::Fatty Acids and Conjugates;acceptor_superclass::Flavonoids;acceptor_superclass::Isoflavonoids;acceptor_superclass::Ornithine alkaloids;acceptor_superclass::Phenanthrenoids;acceptor_superclass::Phenolic acids (C6-C1);acceptor_superclass::Phenylpropanoids (C6-C3);acceptor_superclass::Small peptides;acceptor_superclass::Tyrosine alkaloids	0,0,0,0,0,0,0,0,0,0,0,0,0,0,0,0,0,0,0,0,0,0,1	1,0,0,1,0,1,1,0,0,0,0,1,1,1,0,1,0,0,1,0,0,0,1	0.418821,-0.704090,-0.859911,0.425580,-0.196680,0.202025,0.400735,-0.269545,-0.832754,-0.424098,-0.891158,0.013019,0.395715,0.439281,-0.158375,0.051206,-0.204067,-0.443874,0.148823,-0.033825,-0.785141,-0.595365,0.181599
Hvul_ACT1-1_AAO73071.1	Hvul_ACT1-1_AAO73071.1	acceptor_superclass::Ornithine alkaloids	acceptor_superclass::Fatty Acids and Conjugates;acceptor_superclass::Fatty acyls;acceptor_superclass::Flavonoids;acceptor_superclass::Isoflavonoids;acceptor_superclass::Phenolic acids (C6-C1);acceptor_superclass::Phenylethanoids (C6-C2);acceptor_superclass::Small peptides;acceptor_superclass::Steroids;acceptor_superclass::Tyrosine alkaloids	0,0,0,0,0,0,0,0,0,0,0,1,0,0,0,0,0,0,0,0,0,0,0	0,0,0,1,1,1,1,0,0,0,0,0,0,1,1,0,0,0,1,1,0,0,1	-0.038004,-0.930878,-1.046674,0.224638,0.056092,0.027813,0.023561,-0.003432,-0.963388,-0.384946,-1.187793,-0.184617,-0.027469,0.463937,0.130090,-0.092830,-0.341159,-0.707319,0.206881,0.104695,-0.545604,-1.066873,0.029704
Hvul_ACT1-1_BAF97626	Hvul_ACT1-1_BAF97626	acceptor_superclass::Ornithine alkaloids;acceptor_superclass::Pseudoalkaloids	acceptor_superclass::Coumarins;acceptor_superclass::Flavonoids;acceptor_superclass::Isoflavonoids;acceptor_superclass::Phenanthrenoids;acceptor_superclass::Phenylpropanoids (C6-C3);acceptor_superclass::Triterpenoids	0,0,0,0,0,0,0,0,0,0,0,1,0,0,0,0,1,0,0,0,0,0,0	1,0,0,0,0,1,1,0,0,0,0,0,1,0,0,1,0,0,0,0,1,0,0	0.228333,-0.300464,-0.166269,-0.081719,-0.010874,0.019763,0.090103,-0.056657,-0.218013,-0.161574,-0.208115,-0.090864,0.276955,-0.208801,-0.003365,0.041616,-0.081166,-0.175900,-0.211920,-0.052602,0.020152,-0.126138,-0.031314
Hvul_ACT1-2_BAF97627.1	Hvul_ACT1-2_BAF97627	acceptor_superclass::Ornithine alkaloids;acceptor_superclass::Pseudoalkaloids	acceptor_superclass::Fatty Acids and Conjugates;acceptor_superclass::Ornithine alkaloids;acceptor_superclass::Phenolic acids (C6-C1);acceptor_superclass::Phenylethanoids (C6-C2);acceptor_superclass::Pseudoalkaloids;acceptor_superclass::Small peptides	0,0,0,0,0,0,0,0,0,0,0,1,0,0,0,0,1,0,0,0,0,0,0	0,0,0,1,0,0,0,0,0,0,0,1,0,1,1,0,1,0,1,0,0,0,0	-0.802341,-1.252165,-5.548792,0.839420,-1.039121,-0.518801,-1.434481,-7.484182,-3.190065,-1.396073,-2.478770,0.848562,-0.756785,1.116953,0.128060,-0.626487,0.211895,-1.420583,0.783981,-0.800455,-0.885284,-2.329131,-0.062424
Hvul_ACT1-2_BAF97627.1	Hvul_ACT1-2_BAF97627.1	acceptor_superclass::Ornithine alkaloids	acceptor_superclass::Coumarins;acceptor_superclass::Flavonoids;acceptor_superclass::Isoflavonoids;acceptor_superclass::Phenanthrenoids;acceptor_superclass::Phenylpropanoids (C6-C3);acceptor_superclass::Triterpenoids;acceptor_superclass::Tyrosine alkaloids	0,0,0,0,0,0,0,0,0,0,0,1,0,0,0,0,0,0,0,0,0,0,0	1,0,0,0,0,1,1,0,0,0,0,0,1,0,0,1,0,0,0,0,1,0,1	0.234743,-0.359302,-0.212074,-0.020700,-0.016841,0.035193,0.136396,-0.085328,-0.271662,-0.195158,-0.257716,-0.087284,0.274792,-0.118865,-0.019069,0.017300,-0.085415,-0.245644,-0.130230,-0.036495,0.007074,-0.182945,0.012324
Hvul_ACT2_BAK00935.1	Hvul_ACT2_BAK00935.1	acceptor_superclass::Ornithine alkaloids;acceptor_superclass::Pseudoalkaloids	acceptor_superclass::Coumarins;acceptor_superclass::Flavonoids;acceptor_superclass::Isoflavonoids;acceptor_superclass::Phenanthrenoids;acceptor_superclass::Phenylpropanoids (C6-C3);acceptor_superclass::Tyrosine alkaloids	0,0,0,0,0,0,0,0,0,0,0,1,0,0,0,0,1,0,0,0,0,0,0	1,0,0,0,0,1,1,0,0,0,0,0,1,0,0,1,0,0,0,0,0,0,1	0.225764,-0.356820,-0.217547,-0.011201,-0.017764,0.034050,0.139136,-0.086273,-0.268227,-0.195196,-0.260689,-0.086404,0.266888,-0.097208,-0.014118,0.016661,-0.087661,-0.262608,-0.108848,-0.031251,-0.006105,-0.193515,0.015329
Hvul_ACT1-1_AAO73071.1	Hvul_ACT_AAO73071.1	acceptor_superclass::Ornithine alkaloids	acceptor_superclass::Fatty Acids and Conjugates;acceptor_superclass::Fatty acyls;acceptor_superclass::Flavonoids;acceptor_superclass::Isoflavonoids;acceptor_superclass::Phenolic acids (C6-C1);acceptor_superclass::Phenylethanoids (C6-C2);acceptor_superclass::Small peptides;acceptor_superclass::Steroids;acceptor_superclass::Tyrosine alkaloids	0,0,0,0,0,0,0,0,0,0,0,1,0,0,0,0,0,0,0,0,0,0,0	0,0,0,1,1,1,1,0,0,0,0,0,0,1,1,0,0,0,1,1,0,0,1	-0.038004,-0.930878,-1.046674,0.224638,0.056092,0.027813,0.023561,-0.003432,-0.963388,-0.384946,-1.187793,-0.184617,-0.027469,0.463937,0.130090,-0.092830,-0.341159,-0.707319,0.206881,0.104695,-0.545604,-1.066873,0.029704
Ibat_HQT_BAA87043.1	Ibat_HQT_BAA87043.1	acceptor_superclass::Phenolic acids (C6-C1)	acceptor_superclass::Coumarins;acceptor_superclass::Fatty Acids and Conjugates;acceptor_superclass::Fatty acyls;acceptor_superclass::Isoflavonoids;acceptor_superclass::Lignans;acceptor_superclass::Monoterpenoids;acceptor_superclass::Phenanthrenoids;acceptor_superclass::Phenolic acids (C6-C1);acceptor_superclass::Phenylethanoids (C6-C2);acceptor_superclass::Phenylpropanoids (C6-C3);acceptor_superclass::Small peptides;acceptor_superclass::Steroids;acceptor_superclass::Tyrosine alkaloids	0,0,0,0,0,0,0,0,0,0,0,0,0,1,0,0,0,0,0,0,0,0,0	1,0,0,1,1,0,1,1,0,1,0,0,1,1,1,1,0,0,1,1,0,0,1	0.108834,-1.312840,-0.790750,0.375767,0.283178,-0.018471,0.000532,0.131224,-0.764067,0.086257,-0.394295,-0.037474,0.280750,0.242276,0.294860,0.135078,-0.005185,-0.689558,0.325577,0.181925,-0.308604,-0.600994,0.120147
Ihol_3AT1_BAE72676.1	Ihol_3AT1_BAE72676.1	acceptor_superclass::Flavonoids	acceptor_superclass::Cyclic polyketides;acceptor_superclass::Diterpenoids;acceptor_superclass::Fatty acyls;acceptor_superclass::Lysine alkaloids;acceptor_superclass::Monoterpenoids;acceptor_superclass::Naphthalenes;acceptor_superclass::Phenylpropanoids (C6-C3);acceptor_superclass::Pseudoalkaloids;acceptor_superclass::Saccharides;acceptor_superclass::Triterpenoids;acceptor_superclass::Tryptophan alkaloids	0,0,0,0,0,1,0,0,0,0,0,0,0,0,0,0,0,0,0,0,0,0,0	0,1,1,0,1,0,0,0,1,1,1,0,0,0,0,1,1,1,0,0,1,1,0	-1.383552,0.544526,0.509279,-1.109478,0.165238,-0.433212,-0.445672,-0.175549,0.679625,0.257513,0.402514,-0.177760,-0.150213,-1.915138,-0.240560,0.325452,0.044599,0.618164,-1.066123,-0.282998,0.089828,0.539222,-0.357140
Ihol_3AT2_BAE94328.1	Ihol_3AT2_BAE94328.1	acceptor_superclass::Flavonoids	acceptor_superclass::Diterpenoids;acceptor_superclass::Fatty acyls;acceptor_superclass::Lysine alkaloids;acceptor_superclass::Phenylpropanoids (C6-C3);acceptor_superclass::Saccharides	0,0,0,0,0,1,0,0,0,0,0,0,0,0,0,0,0,0,0,0,0,0,0	0,0,1,0,1,0,0,0,1,0,0,0,0,0,0,1,0,1,0,0,0,0,0	-0.157811,-0.197227,0.080174,-0.309991,0.130363,-0.162740,-0.447284,-0.698340,0.143246,-0.101187,-0.129537,-0.103635,-0.175488,-1.317171,-0.051995,0.125520,-0.119138,0.190631,-1.107752,-0.065076,-0.059789,-0.009759,-0.273708
Jsam_BEAT1_UJH94663.1	Jsam_BEAT1_UJH94663.1		acceptor_superclass::Fatty Acids and Conjugates;acceptor_superclass::Fatty acyls;acceptor_superclass::Phenolic acids (C6-C1);acceptor_superclass::Phenylethanoids (C6-C2);acceptor_superclass::Small peptides;acceptor_superclass::Steroids	0,0,0,0,0,0,0,0,0,0,0,0,0,0,0,0,0,0,0,0,0,0,0	0,0,0,1,1,0,0,0,0,0,0,0,0,1,1,0,0,0,1,1,0,0,0	-0.078179,-1.055883,-1.071767,0.230423,0.100417,-0.013695,-0.039064,-0.084712,-1.011749,-0.417470,-1.278759,-0.239391,-0.077180,0.360933,0.142546,-0.056380,-0.403030,-0.747565,0.097262,0.152592,-0.606691,-1.161309,-0.001431
Jsam_BEAT2_UJH94664.1	Jsam_BEAT2_UJH94664.1		acceptor_superclass::Fatty Acids and Conjugates;acceptor_superclass::Fatty acyls;acceptor_superclass::Lignans;acceptor_superclass::Monoterpenoids;acceptor_superclass::Phenanthrenoids;acceptor_superclass::Phenylethanoids (C6-C2);acceptor_superclass::Phenylpropanoids (C6-C3);acceptor_superclass::Pseudoalkaloids;acceptor_superclass::Steroids	0,0,0,0,0,0,0,0,0,0,0,0,0,0,0,0,0,0,0,0,0,0,0	0,0,0,1,1,0,0,1,0,1,0,0,1,0,1,1,1,0,0,1,0,0,0	-0.221784,-0.750869,-0.418321,0.000421,0.225341,-0.118901,-0.092875,0.048962,-0.362745,0.116805,-0.149332,-0.079557,0.167927,-0.282688,0.146421,0.159173,0.006580,-0.316947,-0.025409,0.075173,-0.174030,-0.265128,-0.004836
Lalb_HMT_BAD89275.1	Lalb_HMT_BAD89275.1	acceptor_superclass::Lysine alkaloids	acceptor_superclass::Fatty Acids and Conjugates;acceptor_superclass::Fatty acyls;acceptor_superclass::Phenylethanoids (C6-C2);acceptor_superclass::Phenylpropanoids (C6-C3);acceptor_superclass::Steroids	0,0,0,0,0,0,0,0,1,0,0,0,0,0,0,0,0,0,0,0,0,0,0	0,0,0,1,1,0,0,0,0,0,0,0,0,0,1,1,0,0,0,1,0,0,0	-0.146573,-0.745812,-0.670117,0.030483,0.121400,-0.100181,-0.240842,-0.317048,-0.585758,-0.299472,-0.886892,-0.206223,-0.170113,-0.248355,0.062228,0.016675,-0.317934,-0.390559,-0.338469,0.054119,-0.393216,-0.713015,-0.084623
Lang_RAS_ABI48360.1	Lang_AAT1_ABI48360.1	acceptor_superclass::Tyrosine alkaloids	acceptor_superclass::Fatty Acids and Conjugates;acceptor_superclass::Fatty acyls;acceptor_superclass::Flavonoids;acceptor_superclass::Lignans;acceptor_superclass::Phenolic acids (C6-C1);acceptor_superclass::Phenylethanoids (C6-C2);acceptor_superclass::Small peptides;acceptor_superclass::Steroids;acceptor_superclass::Tyrosine alkaloids	0,0,0,0,0,0,0,0,0,0,0,0,0,0,0,0,0,0,0,0,0,0,1	0,0,0,1,1,1,0,1,0,0,0,0,0,1,1,0,0,0,1,1,0,0,1	-0.047233,-1.104394,-1.193776,0.290491,0.045461,0.009958,-0.003661,0.055977,-1.159227,-0.429723,-1.411473,-0.250252,-0.042985,0.617359,0.167322,-0.108266,-0.440356,-0.806947,0.312531,0.123457,-0.637717,-1.231582,0.063868
Lang_RAS_ABI48360.1	Lang_AT1_ABI48360.1	acceptor_superclass::Phenolic acids (C6-C1);acceptor_superclass::Small peptides;acceptor_superclass::Tryptophan alkaloids;acceptor_superclass::Tyrosine alkaloids	acceptor_superclass::Coumarins;acceptor_superclass::Flavonoids;acceptor_superclass::Isoflavonoids;acceptor_superclass::Phenanthrenoids;acceptor_superclass::Phenylpropanoids (C6-C3);acceptor_superclass::Triterpenoids	0,0,0,0,0,0,0,0,0,0,0,0,0,1,0,0,0,0,1,0,0,1,1	1,0,0,0,0,1,1,0,0,0,0,0,1,0,0,1,0,0,0,0,1,0,0	0.236317,-0.335029,-0.167050,-0.071150,-0.011604,0.014778,0.084753,-0.055998,-0.230035,-0.175855,-0.234478,-0.125036,0.280084,-0.211363,-0.011052,0.032123,-0.102030,-0.183112,-0.224959,-0.046967,0.027876,-0.135288,-0.035726
Lang_RAS_ABI48360.1	Lang_RAS_ABI48360.1		acceptor_superclass::Coumarins;acceptor_superclass::Fatty Acids and Conjugates;acceptor_superclass::Flavonoids;acceptor_superclass::Isoflavonoids;acceptor_superclass::Ornithine alkaloids;acceptor_superclass::Phenanthrenoids;acceptor_superclass::Phenolic acids (C6-C1);acceptor_superclass::Phenylpropanoids (C6-C3);acceptor_superclass::Small peptides;acceptor_superclass::Tyrosine alkaloids	0,0,0,0,0,0,0,0,0,0,0,0,0,0,0,0,0,0,0,0,0,0,0	1,0,0,1,0,1,1,0,0,0,0,1,1,1,0,1,0,0,1,0,0,0,1	0.403423,-0.765886,-0.936805,0.469705,-0.209531,0.197595,0.369463,-0.275213,-0.866485,-0.445506,-1.008832,0.042536,0.403875,0.524216,-0.175812,0.068948,-0.208527,-0.496038,0.204522,-0.038266,-0.870636,-0.680666,0.232337
Lang_RAS_AEA36976.1	Lang_RAS_AEA36976.1		acceptor_superclass::Coumarins;acceptor_superclass::Flavonoids;acceptor_superclass::Isoflavonoids;acceptor_superclass::Phenanthrenoids;acceptor_superclass::Phenylpropanoids (C6-C3);acceptor_superclass::Triterpenoids	0,0,0,0,0,0,0,0,0,0,0,0,0,0,0,0,0,0,0,0,0,0,0	1,0,0,0,0,1,1,0,0,0,0,0,1,0,0,1,0,0,0,0,1,0,0	0.249617,-0.314172,-0.161843,-0.096727,-0.007823,0.019190,0.084020,-0.045879,-0.216724,-0.169695,-0.223983,-0.126878,0.295996,-0.243886,-0.002506,0.039889,-0.100363,-0.180311,-0.253609,-0.050797,0.021592,-0.133247,-0.057819
Lery_AAT1_BBV14786.1	Lery_AAT1_BBV14786.1	acceptor_superclass::Naphthalenes	acceptor_superclass::Coumarins;acceptor_superclass::Cyclic polyketides;acceptor_superclass::Diterpenoids;acceptor_superclass::Fatty acyls;acceptor_superclass::Lignans;acceptor_superclass::Lysine alkaloids;acceptor_superclass::Monoterpenoids;acceptor_superclass::Naphthalenes;acceptor_superclass::Phenanthrenoids;acceptor_superclass::Phenylethanoids (C6-C2);acceptor_superclass::Phenylpropanoids (C6-C3);acceptor_superclass::Saccharides;acceptor_superclass::Triterpenoids;acceptor_superclass::Tryptophan alkaloids	0,0,0,0,0,0,0,0,0,0,1,0,0,0,0,0,0,0,0,0,0,0,0	1,1,1,0,1,0,0,1,1,1,1,0,1,0,1,1,0,1,0,0,1,1,0	0.146432,0.212630,0.282210,-0.649199,0.013756,-0.104629,-0.277209,0.196538,0.275534,0.172141,0.320265,-0.154201,0.218407,-1.043610,0.095842,0.178910,-0.015960,0.563257,-1.010266,-0.158573,0.203782,0.405022,-0.391847
Lery_AAT2_BDW80085.1	Lery_AAT2_BDW80085.1	acceptor_superclass::Naphthalenes	acceptor_superclass::Fatty acyls;acceptor_superclass::Monoterpenoids;acceptor_superclass::Naphthalenes;acceptor_superclass::Triterpenoids;acceptor_superclass::Tryptophan alkaloids	0,0,0,0,0,0,0,0,0,0,1,0,0,0,0,0,0,0,0,0,0,0,0	0,0,0,0,1,0,0,0,0,1,1,0,0,0,0,0,0,0,0,0,1,1,0	-4.710235,-0.353596,-0.075043,-1.683534,0.022169,-0.771091,-4.716002,-0.947515,-0.047196,0.028086,0.607808,-1.255420,-0.740764,-3.190872,-0.184368,-0.037563,-0.348817,-0.176311,-2.062294,-5.495587,0.251077,0.299678,-0.203654
Lery_SAT1_BBV14785.1	Lery_SAT1_BBV14785.1	acceptor_superclass::Naphthalenes	acceptor_superclass::Coumarins;acceptor_superclass::Flavonoids;acceptor_superclass::Lignans;acceptor_superclass::Phenanthrenoids;acceptor_superclass::Phenylethanoids (C6-C2);acceptor_superclass::Phenylpropanoids (C6-C3);acceptor_superclass::Saccharides;acceptor_superclass::Steroids	0,0,0,0,0,0,0,0,0,0,1,0,0,0,0,0,0,0,0,0,0,0,0	1,0,0,0,0,1,0,1,0,0,0,0,1,0,1,1,0,1,0,1,0,0,0	0.099208,-0.093160,-0.167178,-0.281445,-0.017767,0.035560,-0.097271,0.061866,-0.041842,-0.040393,-0.122213,-0.185854,0.057847,-0.803675,0.032073,0.123675,-0.072077,0.047780,-1.054100,0.153989,-0.135947,-0.025596,-0.140009
Lery_SAT2_BDW80077.1	Lery_SAT2_BDW80077.1	acceptor_superclass::Naphthalenes	acceptor_superclass::Cyclic polyketides;acceptor_superclass::Diterpenoids;acceptor_superclass::Fatty acyls;acceptor_superclass::Lysine alkaloids;acceptor_superclass::Monoterpenoids;acceptor_superclass::Naphthalenes;acceptor_superclass::Phenylpropanoids (C6-C3);acceptor_superclass::Pseudoalkaloids;acceptor_superclass::Saccharides;acceptor_superclass::Triterpenoids;acceptor_superclass::Tryptophan alkaloids	0,0,0,0,0,0,0,0,0,0,1,0,0,0,0,0,0,0,0,0,0,0,0	0,1,1,0,1,0,0,0,1,1,1,0,0,0,0,1,1,1,0,0,1,1,0	-1.266946,0.460891,0.440477,-1.044019,0.145130,-0.407088,-0.402150,-0.173667,0.595532,0.219370,0.436932,-0.197089,-0.149253,-1.728563,-0.198062,0.279081,0.054138,0.585462,-0.988838,-0.259537,0.117474,0.533760,-0.331606
Lint_AAT-3_AIW81431.1	Lint_AAT-3_AIW81431.1	acceptor_superclass::Monoterpenoids	acceptor_superclass::Coumarins;acceptor_superclass::Fatty Acids and Conjugates;acceptor_superclass::Flavonoids;acceptor_superclass::Isoflavonoids;acceptor_superclass::Phenanthrenoids;acceptor_superclass::Phenylpropanoids (C6-C3);acceptor_superclass::Steroids;acceptor_superclass::Tyrosine alkaloids	0,0,0,0,0,0,0,0,0,1,0,0,0,0,0,0,0,0,0,0,0,0,0	1,0,0,1,0,1,1,0,0,0,0,0,1,0,0,1,0,0,0,1,0,0,1	0.290258,-0.530144,-0.661209,0.154114,-0.114357,0.146887,0.174055,-0.143392,-0.538612,-0.289982,-0.708061,-0.051773,0.294120,-0.060584,-0.083768,0.120905,-0.173436,-0.318233,-0.372200,0.045470,-0.625144,-0.448778,0.082780
Lint_AAT-4_AIW81432.1	Lint_AAT-4_AIW81432.1	acceptor_superclass::Monoterpenoids	acceptor_superclass::Coumarins;acceptor_superclass::Fatty Acids and Conjugates;acceptor_superclass::Flavonoids;acceptor_superclass::Isoflavonoids;acceptor_superclass::Phenanthrenoids;acceptor_superclass::Phenylpropanoids (C6-C3);acceptor_superclass::Steroids;acceptor_superclass::Tyrosine alkaloids	0,0,0,0,0,0,0,0,0,1,0,0,0,0,0,0,0,0,0,0,0,0,0	1,0,0,1,0,1,1,0,0,0,0,0,1,0,0,1,0,0,0,1,0,0,1	0.246416,-0.476511,-0.597492,0.087114,-0.131796,0.102069,0.104869,-0.095752,-0.507287,-0.269257,-0.629869,-0.123083,0.226837,-0.218673,-0.049969,0.115997,-0.187014,-0.181088,-0.578181,0.051767,-0.529504,-0.351025,0.021487
Ljap_HQT_ACZ52698.1	Ljap_HQT_ACZ52698.1	acceptor_superclass::Phenolic acids (C6-C1)	acceptor_superclass::Fatty Acids and Conjugates;acceptor_superclass::Fatty acyls;acceptor_superclass::Lignans;acceptor_superclass::Monoterpenoids;acceptor_superclass::Phenanthrenoids;acceptor_superclass::Phenylethanoids (C6-C2);acceptor_superclass::Phenylpropanoids (C6-C3);acceptor_superclass::Pseudoalkaloids;acceptor_superclass::Small peptides;acceptor_superclass::Steroids;acceptor_superclass::Tyrosine alkaloids	0,0,0,0,0,0,0,0,0,0,0,0,0,1,0,0,0,0,0,0,0,0,0	0,0,0,1,1,0,0,1,0,1,0,0,1,0,1,1,1,0,1,1,0,0,1	-0.042479,-1.075552,-0.639789,0.203500,0.268342,-0.055388,-0.037665,0.090215,-0.593243,0.100367,-0.291813,-0.045447,0.241593,-0.006495,0.223433,0.154745,0.006987,-0.542567,0.160065,0.137717,-0.260480,-0.467673,0.065813
Lori_AAT1_WKK95849.1	Lori_AAT1_WKK95849.1	acceptor_superclass::Fatty acyls	acceptor_superclass::Coumarins;acceptor_superclass::Fatty Acids and Conjugates;acceptor_superclass::Flavonoids;acceptor_superclass::Isoflavonoids;acceptor_superclass::Phenanthrenoids;acceptor_superclass::Phenolic acids (C6-C1);acceptor_superclass::Phenylpropanoids (C6-C3);acceptor_superclass::Steroids;acceptor_superclass::Tyrosine alkaloids	0,0,0,0,1,0,0,0,0,0,0,0,0,0,0,0,0,0,0,0,0,0,0	1,0,0,1,0,1,1,0,0,0,0,0,1,1,0,1,0,0,0,1,0,0,1	0.316471,-0.611597,-0.766964,0.244452,-0.141023,0.162202,0.229672,-0.183521,-0.643453,-0.341145,-0.818319,-0.027082,0.326285,0.101537,-0.110794,0.125264,-0.198760,-0.378600,-0.234078,0.013280,-0.719857,-0.533878,0.127603
Lpur_3MAT1_AAS77404.1	Lpur_3MAT1_AAS77404.1	acceptor_superclass::Flavonoids;acceptor_superclass::Isoflavonoids;acceptor_superclass::Phenolic acids (C6-C1)	acceptor_superclass::Coumarins;acceptor_superclass::Fatty Acids and Conjugates;acceptor_superclass::Flavonoids;acceptor_superclass::Isoflavonoids;acceptor_superclass::Ornithine alkaloids;acceptor_superclass::Phenanthrenoids;acceptor_superclass::Steroids	0,0,0,0,0,1,1,0,0,0,0,0,0,1,0,0,0,0,0,0,0,0,0	1,0,0,1,0,1,1,0,0,0,0,1,1,0,0,0,0,0,0,1,0,0,0	0.513068,-0.580306,-5.528418,0.128990,-1.311831,0.963507,0.278922,-7.132082,-3.199081,-1.756219,-1.240698,0.155300,0.397680,-0.900940,-0.354586,-1.313066,-0.083704,-2.098383,-0.179469,0.598197,-1.002037,-2.146185,-0.216747
Lrob_AT1_WEX29780.1	Lrob_AT1_WEX29780.1	acceptor_superclass::Phenylethanoids (C6-C2)	acceptor_superclass::Coumarins;acceptor_superclass::Fatty Acids and Conjugates;acceptor_superclass::Flavonoids;acceptor_superclass::Isoflavonoids;acceptor_superclass::Ornithine alkaloids;acceptor_superclass::Phenanthrenoids;acceptor_superclass::Phenolic acids (C6-C1);acceptor_superclass::Phenylpropanoids (C6-C3);acceptor_superclass::Small peptides;acceptor_superclass::Tyrosine alkaloids	0,0,0,0,0,0,0,0,0,0,0,0,0,0,1,0,0,0,0,0,0,0,0	1,0,0,1,0,1,1,0,0,0,0,1,1,1,0,1,0,0,1,0,0,0,1	0.770259,-1.516886,-1.776165,1.221772,-0.425728,0.363678,0.876829,-0.634874,-1.826342,-0.924731,-1.936263,0.236391,0.772179,1.792520,-0.372078,0.035601,-0.418679,-1.021111,1.371070,-0.247982,-1.653870,-1.343998,0.589291
Lsat_BOS_QYL33117.1	Lsat_BOS_QYL33117.1	acceptor_superclass::Small peptides	acceptor_superclass::Coumarins;acceptor_superclass::Diterpenoids;acceptor_superclass::Fatty acyls;acceptor_superclass::Lignans;acceptor_superclass::Lysine alkaloids;acceptor_superclass::Naphthalenes;acceptor_superclass::Phenanthrenoids;acceptor_superclass::Phenylethanoids (C6-C2);acceptor_superclass::Phenylpropanoids (C6-C3);acceptor_superclass::Saccharides;acceptor_superclass::Triterpenoids;acceptor_superclass::Tryptophan alkaloids	0,0,0,0,0,0,0,0,0,0,0,0,0,0,0,0,0,0,1,0,0,0,0	1,0,1,0,1,0,0,1,1,0,1,0,1,0,1,1,0,1,0,0,1,1,0	0.236449,-0.048062,0.039853,-0.381245,0.015229,-0.009460,-0.051810,0.073296,0.025872,-0.013604,0.023763,-0.120266,0.296516,-0.645504,0.044967,0.113728,-0.057837,0.130662,-0.604388,-0.094711,0.085764,0.117243,-0.229180
Lsat_BOS_QYL33117.1	Lsat_DS_QYL33117.1	acceptor_superclass::Small peptides	acceptor_superclass::Coumarins;acceptor_superclass::Fatty Acids and Conjugates;acceptor_superclass::Flavonoids;acceptor_superclass::Isoflavonoids;acceptor_superclass::Phenanthrenoids;acceptor_superclass::Phenylpropanoids (C6-C3);acceptor_superclass::Steroids;acceptor_superclass::Tyrosine alkaloids	0,0,0,0,0,0,0,0,0,0,0,0,0,0,0,0,0,0,1,0,0,0,0	1,0,0,1,0,1,1,0,0,0,0,0,1,0,0,1,0,0,0,1,0,0,1	0.270071,-0.412787,-0.576071,0.047425,-0.100559,0.154418,0.156657,-0.094310,-0.455020,-0.226333,-0.596658,-0.089223,0.274188,-0.239923,-0.060481,0.114899,-0.136404,-0.255613,-0.555370,0.084848,-0.527536,-0.353834,0.013381
Ltri_CAAT1_AHA90802.1	Ltri_CAAT1_AHA90802.1	acceptor_superclass::Phenylpropanoids (C6-C3)	acceptor_superclass::Diterpenoids;acceptor_superclass::Fatty acyls;acceptor_superclass::Lignans;acceptor_superclass::Lysine alkaloids;acceptor_superclass::Monoterpenoids;acceptor_superclass::Naphthalenes;acceptor_superclass::Phenylpropanoids (C6-C3);acceptor_superclass::Saccharides;acceptor_superclass::Triterpenoids;acceptor_superclass::Tryptophan alkaloids	0,0,0,0,0,0,0,0,0,0,0,0,0,0,0,1,0,0,0,0,0,0,0	0,0,1,0,1,0,0,1,1,1,1,0,0,0,0,1,0,1,0,0,1,1,0	-6.750832,-0.724769,1.140030,-2.207033,0.303377,-1.480326,-7.005328,0.246987,0.860172,0.532303,0.332545,-1.826088,-1.402245,-3.527444,-0.069444,0.396433,-0.639660,0.596786,-2.342259,-7.740330,0.447119,0.635354,-0.302577
Maze_AT1704_NA	Maze_AT1704_NA	acceptor_superclass::Triterpenoids	acceptor_superclass::Cyclic polyketides;acceptor_superclass::Diterpenoids;acceptor_superclass::Fatty acyls;acceptor_superclass::Lysine alkaloids;acceptor_superclass::Monoterpenoids;acceptor_superclass::Naphthalenes;acceptor_superclass::Phenylpropanoids (C6-C3);acceptor_superclass::Pseudoalkaloids;acceptor_superclass::Saccharides;acceptor_superclass::Triterpenoids;acceptor_superclass::Tryptophan alkaloids	0,0,0,0,0,0,0,0,0,0,0,0,0,0,0,0,0,0,0,0,1,0,0	0,1,1,0,1,0,0,0,1,1,1,0,0,0,0,1,1,1,0,0,1,1,0	-0.949504,0.003310,0.130854,-0.695821,0.188184,-0.312897,-0.314347,-0.089616,0.250293,0.205171,0.201741,-0.167151,-0.034447,-1.277174,-0.076784,0.252947,0.019707,0.268787,-0.661770,-0.151675,0.002161,0.241861,-0.221824
Maze_AT8824_KAJ4723782.1	Maze_AT8824_KAJ4723782.1	acceptor_superclass::Triterpenoids	acceptor_superclass::Diterpenoids;acceptor_superclass::Fatty acyls;acceptor_superclass::Phenylpropanoids (C6-C3);acceptor_superclass::Saccharides;acceptor_superclass::Triterpenoids;acceptor_superclass::Tryptophan alkaloids	0,0,0,0,0,0,0,0,0,0,0,0,0,0,0,0,0,0,0,0,1,0,0	0,0,1,0,1,0,0,0,0,0,0,0,0,0,0,1,0,1,0,0,1,1,0	-0.178916,-0.195118,0.000739,-0.271913,0.099380,-0.187167,-0.425525,-0.651862,-0.021365,-0.106983,-0.103202,-0.130165,-0.197020,-1.125958,-0.069074,0.071090,-0.154654,0.223075,-0.933609,-0.088368,0.001356,0.049890,-0.153569
Mdom_AAT1_AAU14879.2	Mdom_AAT1_AAU14879.2	acceptor_superclass::Fatty acyls;acceptor_superclass::Phenylpropanoids (C6-C3)	acceptor_superclass::Diterpenoids;acceptor_superclass::Fatty acyls;acceptor_superclass::Lysine alkaloids;acceptor_superclass::Monoterpenoids;acceptor_superclass::Naphthalenes;acceptor_superclass::Phenanthrenoids;acceptor_superclass::Phenylpropanoids (C6-C3);acceptor_superclass::Pseudoalkaloids;acceptor_superclass::Saccharides;acceptor_superclass::Tryptophan alkaloids	0,0,0,0,1,0,0,0,0,0,0,0,0,0,0,1,0,0,0,0,0,0,0	0,0,1,0,1,0,0,0,1,1,1,0,1,0,0,1,1,1,0,0,0,1,0	-0.860539,-0.223532,0.001131,-0.572556,0.228489,-0.295281,-0.305401,-0.056574,0.138737,0.205646,0.105163,-0.140766,0.022925,-1.135954,-0.018547,0.271728,0.012261,0.106308,-0.556751,-0.117609,-0.064486,0.112308,-0.178408
Mdom_SHT_ALF00095.1	Mdom_SHT_ALF00095.1	acceptor_superclass::Ornithine alkaloids	acceptor_superclass::Coumarins;acceptor_superclass::Fatty Acids and Conjugates;acceptor_superclass::Fatty acyls;acceptor_superclass::Lignans;acceptor_superclass::Monoterpenoids;acceptor_superclass::Phenanthrenoids;acceptor_superclass::Phenolic acids (C6-C1);acceptor_superclass::Phenylethanoids (C6-C2);acceptor_superclass::Phenylpropanoids (C6-C3);acceptor_superclass::Pseudoalkaloids;acceptor_superclass::Small peptides;acceptor_superclass::Steroids;acceptor_superclass::Tyrosine alkaloids	0,0,0,0,0,0,0,0,0,0,0,1,0,0,0,0,0,0,0,0,0,0,0	1,0,0,1,1,0,0,1,0,1,0,0,1,1,1,1,1,0,1,1,0,0,1	0.076578,-1.297428,-0.781326,0.343172,0.286867,-0.038108,-0.002457,0.116770,-0.761357,0.094352,-0.371896,-0.043107,0.291241,0.161458,0.292750,0.145928,0.010423,-0.663485,0.290974,0.190586,-0.313508,-0.586212,0.108636
Mema_HFT_NA	Mema_HFT_NA	acceptor_superclass::Fatty acyls	acceptor_superclass::Fatty Acids and Conjugates;acceptor_superclass::Fatty acyls;acceptor_superclass::Lignans;acceptor_superclass::Monoterpenoids;acceptor_superclass::Phenanthrenoids;acceptor_superclass::Phenylethanoids (C6-C2);acceptor_superclass::Phenylpropanoids (C6-C3);acceptor_superclass::Pseudoalkaloids;acceptor_superclass::Small peptides;acceptor_superclass::Steroids;acceptor_superclass::Tyrosine alkaloids	0,0,0,0,1,0,0,0,0,0,0,0,0,0,0,0,0,0,0,0,0,0,0	0,0,0,1,1,0,0,1,0,1,0,0,1,0,1,1,1,0,1,1,0,0,1	-0.053868,-1.117318,-0.634851,0.197172,0.268653,-0.071751,-0.048269,0.083774,-0.588148,0.100770,-0.270865,-0.059809,0.243806,-0.011912,0.242030,0.153517,0.012860,-0.529268,0.145458,0.143921,-0.255427,-0.447326,0.065332
Mlon_AT1_NA	Mlon_AT1_NA	acceptor_superclass::Phenolic acids (C6-C1)	acceptor_superclass::Fatty Acids and Conjugates;acceptor_superclass::Phenolic acids (C6-C1);acceptor_superclass::Phenylethanoids (C6-C2);acceptor_superclass::Small peptides;acceptor_superclass::Tyrosine alkaloids	0,0,0,0,0,0,0,0,0,0,0,0,0,1,0,0,0,0,0,0,0,0,0	0,0,0,1,0,0,0,0,0,0,0,0,0,1,1,0,0,0,1,0,0,0,1	-2.143370,-1.652789,-4.617690,0.989260,-0.637930,-1.741451,-3.429923,-6.882154,-2.803488,-0.686910,-2.984939,-0.243920,-1.710396,2.616968,0.430793,-0.175116,-0.788739,-0.903925,1.330216,-2.338634,-0.405006,-2.131811,0.575161
Mlon_AT2_NA	Mlon_AT2_NA	acceptor_superclass::Phenolic acids (C6-C1)	acceptor_superclass::Coumarins;acceptor_superclass::Fatty Acids and Conjugates;acceptor_superclass::Flavonoids;acceptor_superclass::Isoflavonoids;acceptor_superclass::Ornithine alkaloids;acceptor_superclass::Phenanthrenoids;acceptor_superclass::Phenolic acids (C6-C1);acceptor_superclass::Phenylpropanoids (C6-C3);acceptor_superclass::Small peptides;acceptor_superclass::Tyrosine alkaloids	0,0,0,0,0,0,0,0,0,0,0,0,0,1,0,0,0,0,0,0,0,0,0	1,0,0,1,0,1,1,0,0,0,0,1,1,1,0,1,0,0,1,0,0,0,1	0.604482,-1.239019,-1.443958,0.953473,-0.335234,0.289486,0.673533,-0.493629,-1.437000,-0.736521,-1.588353,0.174725,0.623888,1.359713,-0.300431,0.048975,-0.336457,-0.843040,0.987009,-0.171890,-1.367454,-1.112239,0.474037
Mlon_AT1_NA	Mlon_AT3_NA	acceptor_superclass::Phenolic acids (C6-C1)	acceptor_superclass::Fatty Acids and Conjugates;acceptor_superclass::Fatty acyls;acceptor_superclass::Flavonoids;acceptor_superclass::Isoflavonoids;acceptor_superclass::Lignans;acceptor_superclass::Phenolic acids (C6-C1);acceptor_superclass::Phenylethanoids (C6-C2);acceptor_superclass::Small peptides;acceptor_superclass::Steroids;acceptor_superclass::Tyrosine alkaloids	0,0,0,0,0,0,0,0,0,0,0,0,0,1,0,0,0,0,0,0,0,0,0	0,0,0,1,1,1,1,1,0,0,0,0,0,1,1,0,0,0,1,1,0,0,1	-0.044016,-1.569983,-1.754472,0.600879,0.059232,0.048659,0.114823,0.392782,-1.736662,-0.569732,-2.036522,-0.318725,-0.064401,1.574437,0.294685,-0.180940,-0.600661,-1.306800,0.983040,0.182919,-0.924492,-1.796373,0.213032
Mlon_AT4_NA	Mlon_AT4_NA	acceptor_superclass::Lignans;acceptor_superclass::Phenolic acids (C6-C1)	acceptor_superclass::Fatty Acids and Conjugates;acceptor_superclass::Ornithine alkaloids;acceptor_superclass::Phenolic acids (C6-C1);acceptor_superclass::Phenylethanoids (C6-C2);acceptor_superclass::Small peptides;acceptor_superclass::Tyrosine alkaloids	0,0,0,0,0,0,0,1,0,0,0,0,0,1,0,0,0,0,0,0,0,0,0	0,0,0,1,0,0,0,0,0,0,0,1,0,1,1,0,0,0,1,0,0,0,1	-1.715379,-1.625133,-5.046055,1.144145,-0.771775,-1.457377,-2.867294,-7.440753,-3.108596,-0.868650,-2.956081,0.085084,-1.414936,2.174978,0.445295,-0.246431,-0.506807,-0.992668,1.160135,-1.810584,-0.638650,-2.281068,0.311626
Mlon_AT6_NA	Mlon_AT6_NA	acceptor_superclass::Phenolic acids (C6-C1)	acceptor_superclass::Coumarins;acceptor_superclass::Fatty Acids and Conjugates;acceptor_superclass::Flavonoids;acceptor_superclass::Isoflavonoids;acceptor_superclass::Phenanthrenoids;acceptor_superclass::Phenolic acids (C6-C1);acceptor_superclass::Small peptides;acceptor_superclass::Steroids;acceptor_superclass::Tyrosine alkaloids	0,0,0,0,0,0,0,0,0,0,0,0,0,1,0,0,0,0,0,0,0,0,0	1,0,0,1,0,1,1,0,0,0,0,0,1,1,0,0,0,0,1,1,0,0,1	0.254554,-0.582540,-0.383965,0.202385,-0.033329,0.065593,0.252623,-0.168724,-0.459335,-0.330741,-0.478683,-0.110035,0.290322,0.190899,-0.073814,-0.051717,-0.143564,-0.523403,0.157592,0.003962,-0.060688,-0.395465,0.127324
Moff_RAS_CBW35684.1	Moff_RAS_CBW35684.1		acceptor_superclass::Coumarins;acceptor_superclass::Fatty Acids and Conjugates;acceptor_superclass::Flavonoids;acceptor_superclass::Isoflavonoids;acceptor_superclass::Ornithine alkaloids;acceptor_superclass::Phenanthrenoids;acceptor_superclass::Phenolic acids (C6-C1);acceptor_superclass::Phenylpropanoids (C6-C3);acceptor_superclass::Small peptides;acceptor_superclass::Tyrosine alkaloids	0,0,0,0,0,0,0,0,0,0,0,0,0,0,0,0,0,0,0,0,0,0,0	1,0,0,1,0,1,1,0,0,0,0,1,1,1,0,1,0,0,1,0,0,0,1	0.544436,-1.069581,-1.263563,0.812591,-0.294270,0.260958,0.595302,-0.434205,-1.246666,-0.641225,-1.371542,0.142090,0.553619,1.132201,-0.264062,0.037354,-0.286717,-0.729484,0.801134,-0.135115,-1.184504,-0.958633,0.397033
Mpal_HCT_AXN55971.1	Mpal_HCT_AXN55971.1	acceptor_superclass::Phenolic acids (C6-C1)	acceptor_superclass::Fatty acyls;acceptor_superclass::Lignans;acceptor_superclass::Monoterpenoids;acceptor_superclass::Phenanthrenoids;acceptor_superclass::Phenylethanoids (C6-C2);acceptor_superclass::Phenylpropanoids (C6-C3);acceptor_superclass::Pseudoalkaloids;acceptor_superclass::Steroids	0,0,0,0,0,0,0,0,0,0,0,0,0,1,0,0,0,0,0,0,0,0,0	0,0,0,0,1,0,0,1,0,1,0,0,1,0,1,1,1,0,0,1,0,0,0	-0.554404,-0.750782,-0.318550,-0.222812,0.256622,-0.225960,-0.191805,0.000000,-0.253031,0.132193,-0.086409,-0.113700,0.091646,-0.577924,0.122270,0.219999,0.028786,-0.110897,-0.174226,0.003312,-0.165964,-0.163895,-0.057530
Mpol_HCT_PTQ49430.1	Mpol_HCT_PTQ49430.1	acceptor_superclass::Phenolic acids (C6-C1)	acceptor_superclass::Fatty Acids and Conjugates;acceptor_superclass::Fatty acyls;acceptor_superclass::Flavonoids;acceptor_superclass::Isoflavonoids;acceptor_superclass::Lignans;acceptor_superclass::Phenolic acids (C6-C1);acceptor_superclass::Phenylethanoids (C6-C2);acceptor_superclass::Small peptides;acceptor_superclass::Steroids;acceptor_superclass::Tyrosine alkaloids	0,0,0,0,0,0,0,0,0,0,0,0,0,1,0,0,0,0,0,0,0,0,0	0,0,0,1,1,1,1,1,0,0,0,0,0,1,1,0,0,0,1,1,0,0,1	-0.116207,-1.451821,-1.540963,0.461399,0.032501,0.002499,0.025395,0.106587,-1.558453,-0.530447,-1.805494,-0.290706,-0.124312,1.002048,0.229361,-0.155447,-0.544968,-0.976106,0.585631,0.132885,-0.796894,-1.560362,0.143582
Msap_AAT_CAC09063.1	Msap_AAT_CAC09063.1	acceptor_superclass::Fatty acyls;acceptor_superclass::Monoterpenoids;acceptor_superclass::Phenylethanoids (C6-C2);acceptor_superclass::Phenylpropanoids (C6-C3)	acceptor_superclass::Fatty acyls;acceptor_superclass::Phenylethanoids (C6-C2);acceptor_superclass::Phenylpropanoids (C6-C3);acceptor_superclass::Steroids	0,0,0,0,1,0,0,0,0,1,0,0,0,0,1,1,0,0,0,0,0,0,0	0,0,0,0,1,0,0,0,0,0,0,0,0,0,1,1,0,0,0,1,0,0,0	-0.109335,-0.497421,-0.401617,-0.060333,0.103253,-0.081184,-0.242815,-0.387589,-0.359146,-0.217759,-0.606109,-0.148493,-0.114940,-0.514325,0.031236,0.040619,-0.217260,-0.176299,-0.502389,0.038310,-0.257532,-0.474538,-0.133958
Mtru_MAT1_ABY91220.1	Mtru_MAT1_ABY91220.1	acceptor_superclass::Flavonoids;acceptor_superclass::Isoflavonoids	acceptor_superclass::Coumarins;acceptor_superclass::Fatty Acids and Conjugates;acceptor_superclass::Fatty acyls;acceptor_superclass::Flavonoids;acceptor_superclass::Isoflavonoids;acceptor_superclass::Phenanthrenoids;acceptor_superclass::Phenolic acids (C6-C1);acceptor_superclass::Phenylethanoids (C6-C2);acceptor_superclass::Small peptides;acceptor_superclass::Steroids;acceptor_superclass::Tyrosine alkaloids	0,0,0,0,0,1,1,0,0,0,0,0,0,0,0,0,0,0,0,0,0,0,0	1,0,0,1,1,1,1,0,0,0,0,0,1,1,1,0,0,0,1,1,0,0,1	0.081758,-0.940656,-1.086656,0.185432,0.026980,0.073659,0.146953,-0.066577,-1.058637,-0.442261,-1.174075,-0.237661,0.140617,0.374445,0.135598,-0.108017,-0.411039,-0.759583,0.124531,0.227742,-0.559662,-1.139335,0.014493
Mtru_MAT2_ABY91222.1	Mtru_MAT2_ABY91222.1	acceptor_superclass::Flavonoids;acceptor_superclass::Isoflavonoids	acceptor_superclass::Coumarins;acceptor_superclass::Flavonoids;acceptor_superclass::Isoflavonoids;acceptor_superclass::Ornithine alkaloids;acceptor_superclass::Phenanthrenoids;acceptor_superclass::Pseudoalkaloids;acceptor_superclass::Steroids	0,0,0,0,0,1,1,0,0,0,0,0,0,0,0,0,0,0,0,0,0,0,0	1,0,0,0,0,1,1,0,0,0,0,1,1,0,0,0,1,0,0,1,0,0,0	2.041444,-0.247264,-6.283398,-0.105322,-1.935726,2.423753,2.609402,-7.661863,-3.885195,-2.569874,-0.837662,1.064645,1.394213,-2.199347,-0.778108,-1.818230,0.688002,-2.610518,-0.660581,2.244892,-1.615019,-2.334774,-0.672368
Mtru_MAT3_ABY91221.1	Mtru_MAT3_ABY91221.1	acceptor_superclass::Flavonoids;acceptor_superclass::Isoflavonoids	acceptor_superclass::Coumarins;acceptor_superclass::Fatty Acids and Conjugates;acceptor_superclass::Flavonoids;acceptor_superclass::Isoflavonoids;acceptor_superclass::Ornithine alkaloids;acceptor_superclass::Phenanthrenoids;acceptor_superclass::Phenolic acids (C6-C1);acceptor_superclass::Phenylpropanoids (C6-C3);acceptor_superclass::Small peptides;acceptor_superclass::Tyrosine alkaloids	0,0,0,0,0,1,1,0,0,0,0,0,0,0,0,0,0,0,0,0,0,0,0	1,0,0,1,0,1,1,0,0,0,0,1,1,1,0,1,0,0,1,0,0,0,1	0.574564,-0.946023,-1.169159,0.675810,-0.272948,0.296076,0.596358,-0.406565,-1.185662,-0.574077,-1.234438,0.086634,0.573447,0.841123,-0.240482,0.034104,-0.253245,-0.642670,0.492714,-0.065685,-1.057485,-0.840928,0.298399
Natt_AT1_AET80688.1	Natt_AT1_AET80688.1	acceptor_superclass::Ornithine alkaloids;acceptor_superclass::Pseudoalkaloids	acceptor_superclass::Fatty acyls;acceptor_superclass::Lignans;acceptor_superclass::Monoterpenoids;acceptor_superclass::Phenanthrenoids;acceptor_superclass::Phenylethanoids (C6-C2);acceptor_superclass::Phenylpropanoids (C6-C3);acceptor_superclass::Pseudoalkaloids;acceptor_superclass::Steroids	0,0,0,0,0,0,0,0,0,0,0,1,0,0,0,0,1,0,0,0,0,0,0	0,0,0,0,1,0,0,1,0,1,0,0,1,0,1,1,1,0,0,1,0,0,0	-0.274906,-0.688287,-0.379553,-0.046144,0.224121,-0.128399,-0.101715,0.031288,-0.313316,0.115611,-0.131771,-0.064898,0.140725,-0.328265,0.122087,0.166735,0.021696,-0.278717,-0.065251,0.057241,-0.171709,-0.231009,-0.009730
Natt_DH29_AET80686.1	Natt_DH29_AET80686.1	acceptor_superclass::Ornithine alkaloids;acceptor_superclass::Pseudoalkaloids	acceptor_superclass::Naphthalenes	0,0,0,0,0,0,0,0,0,0,0,1,0,0,0,0,1,0,0,0,0,0,0	0,0,0,0,0,0,0,0,0,0,1,0,0,0,0,0,0,0,0,0,0,0,0	-3.364012,-0.197937,-0.762313,-1.235073,-0.153995,-0.363750,-3.336387,-1.620200,-0.479713,-0.172912,0.076530,-0.811627,-0.426907,-2.627269,-0.201169,-0.147853,-0.229596,-0.355925,-1.504918,-3.853600,-0.038667,-0.080278,-0.221386
Ntab_ASAT1_XP_016480914.1	Ntab_ASAT1_XP_016480914.1	acceptor_superclass::Saccharides	acceptor_superclass::Cyclic polyketides;acceptor_superclass::Diterpenoids;acceptor_superclass::Fatty acyls;acceptor_superclass::Lysine alkaloids;acceptor_superclass::Monoterpenoids;acceptor_superclass::Naphthalenes;acceptor_superclass::Phenylpropanoids (C6-C3);acceptor_superclass::Pseudoalkaloids;acceptor_superclass::Saccharides;acceptor_superclass::Triterpenoids;acceptor_superclass::Tryptophan alkaloids	0,0,0,0,0,0,0,0,0,0,0,0,0,0,0,0,0,1,0,0,0,0,0	0,1,1,0,1,0,0,0,1,1,1,0,0,0,0,1,1,1,0,0,1,1,0	-2.221593,0.948196,0.948051,-1.824298,0.167213,-0.703048,-0.705208,-0.281290,1.155003,0.331557,0.752645,-0.329190,-0.343180,-2.880211,-0.376542,0.478551,0.099468,1.255760,-1.613592,-0.484768,0.206698,0.998455,-0.562083
Ntab_ASAT2_XP_016451255.1	Ntab_ASAT2_XP_016451255.1		acceptor_superclass::Diterpenoids;acceptor_superclass::Fatty acyls;acceptor_superclass::Lysine alkaloids;acceptor_superclass::Monoterpenoids;acceptor_superclass::Naphthalenes;acceptor_superclass::Phenylethanoids (C6-C2);acceptor_superclass::Phenylpropanoids (C6-C3);acceptor_superclass::Saccharides;acceptor_superclass::Triterpenoids;acceptor_superclass::Tryptophan alkaloids	0,0,0,0,0,0,0,0,0,0,0,0,0,0,0,0,0,0,0,0,0,0,0	0,0,1,0,1,0,0,0,1,1,1,0,0,0,1,1,0,1,0,0,1,1,0	-6.471632,-0.585269,1.049131,-1.950108,0.203095,-1.576163,-6.760467,-0.069597,0.482405,0.578977,0.320885,-1.787885,-1.194302,-3.296235,0.099463,0.410490,-0.702044,0.785422,-2.284909,-7.461017,0.422203,0.769400,-0.248439
Ntab_BEBT_AAN09798.1	Ntab_BEBT_AAN09798.1		acceptor_superclass::Fatty Acids and Conjugates;acceptor_superclass::Fatty acyls;acceptor_superclass::Phenolic acids (C6-C1);acceptor_superclass::Phenylethanoids (C6-C2);acceptor_superclass::Small peptides;acceptor_superclass::Steroids;acceptor_superclass::Tyrosine alkaloids	0,0,0,0,0,0,0,0,0,0,0,0,0,0,0,0,0,0,0,0,0,0,0	0,0,0,1,1,0,0,0,0,0,0,0,0,1,1,0,0,0,1,1,0,0,1	-0.117292,-1.152922,-1.136045,0.297842,0.106686,-0.052742,-0.108228,-0.005576,-1.111415,-0.418060,-1.409142,-0.271494,-0.144823,0.555704,0.174152,-0.057445,-0.460683,-0.798887,0.255483,0.127990,-0.637145,-1.211761,0.048060
Ntab_HCT_CAD47830.1	Ntab_HCT_CAD47830.1	acceptor_superclass::Phenolic acids (C6-C1);acceptor_superclass::Phenylpropanoids (C6-C3)	acceptor_superclass::Coumarins;acceptor_superclass::Fatty Acids and Conjugates;acceptor_superclass::Flavonoids;acceptor_superclass::Isoflavonoids;acceptor_superclass::Ornithine alkaloids;acceptor_superclass::Phenanthrenoids;acceptor_superclass::Phenolic acids (C6-C1);acceptor_superclass::Phenylpropanoids (C6-C3);acceptor_superclass::Small peptides;acceptor_superclass::Tyrosine alkaloids	0,0,0,0,0,0,0,0,0,0,0,0,0,1,0,1,0,0,0,0,0,0,0	1,0,0,1,0,1,1,0,0,0,0,1,1,1,0,1,0,0,1,0,0,0,1	0.699994,-1.414004,-1.655691,1.110778,-0.380617,0.333498,0.801467,-0.578598,-1.662976,-0.851733,-1.808558,0.206316,0.710034,1.616503,-0.353610,0.041744,-0.389087,-0.975313,1.206578,-0.205296,-1.557522,-1.254513,0.544766
Ntab_HQT_CAE46932.1	Ntab_HQT_CAE46932.1	acceptor_superclass::Phenolic acids (C6-C1);acceptor_superclass::Phenylpropanoids (C6-C3)	acceptor_superclass::Fatty Acids and Conjugates;acceptor_superclass::Ornithine alkaloids;acceptor_superclass::Phenolic acids (C6-C1);acceptor_superclass::Phenylethanoids (C6-C2);acceptor_superclass::Small peptides;acceptor_superclass::Tyrosine alkaloids	0,0,0,0,0,0,0,0,0,0,0,0,0,1,0,1,0,0,0,0,0,0,0	0,0,0,1,0,0,0,0,0,0,0,1,0,1,1,0,0,0,1,0,0,0,1	-1.375572,-1.634882,-5.623702,1.159151,-1.019329,-1.416289,-2.555650,-7.960373,-3.418776,-1.117656,-3.108362,0.072906,-1.533780,2.817676,0.392007,-0.469694,-0.610012,-1.218577,1.506858,-1.551871,-0.559119,-2.435772,0.496899
Ntab_MAT1_BAD93691.1	Ntab_MAT1_BAD93691.1	acceptor_superclass::Coumarins;acceptor_superclass::Flavonoids;acceptor_superclass::Naphthalenes;acceptor_superclass::Phenanthrenoids	acceptor_superclass::Coumarins;acceptor_superclass::Fatty Acids and Conjugates;acceptor_superclass::Fatty acyls;acceptor_superclass::Flavonoids;acceptor_superclass::Isoflavonoids;acceptor_superclass::Lignans;acceptor_superclass::Phenanthrenoids;acceptor_superclass::Phenolic acids (C6-C1);acceptor_superclass::Phenylethanoids (C6-C2);acceptor_superclass::Small peptides;acceptor_superclass::Steroids;acceptor_superclass::Tyrosine alkaloids	1,0,0,0,0,1,0,0,0,0,1,0,1,0,0,0,0,0,0,0,0,0,0	1,0,0,1,1,1,1,1,0,0,0,0,1,1,1,0,0,0,1,1,0,0,1	0.046322,-1.065120,-1.221776,0.273842,0.032885,0.085049,0.159946,0.014161,-1.176447,-0.478564,-1.343442,-0.264372,0.089329,0.592603,0.163975,-0.116654,-0.436394,-0.873268,0.299308,0.259718,-0.653806,-1.290294,0.050767
Ntab_SHT_QNO39110.1	Ntab_SHT_QNO39110.1	acceptor_superclass::Ornithine alkaloids	acceptor_superclass::Coumarins;acceptor_superclass::Fatty Acids and Conjugates;acceptor_superclass::Fatty acyls;acceptor_superclass::Flavonoids;acceptor_superclass::Isoflavonoids;acceptor_superclass::Lignans;acceptor_superclass::Phenanthrenoids;acceptor_superclass::Phenolic acids (C6-C1);acceptor_superclass::Phenylethanoids (C6-C2);acceptor_superclass::Small peptides;acceptor_superclass::Steroids;acceptor_superclass::Tyrosine alkaloids	0,0,0,0,0,0,0,0,0,0,0,1,0,0,0,0,0,0,0,0,0,0,0	1,0,0,1,1,1,1,1,0,0,0,0,1,1,1,0,0,0,1,1,0,0,1	0.032007,-2.011631,-2.338141,0.829900,0.008542,0.140415,0.328277,0.636872,-2.380061,-0.762778,-2.630055,-0.390828,0.052346,2.289733,0.407967,-0.284052,-0.768888,-1.764686,1.500208,0.306447,-1.213535,-2.417175,0.318804
Obas_CAAT1_QKK36036.1	Obas_CAAT1_QKK36036.1	acceptor_superclass::Phenylethanoids (C6-C2);acceptor_superclass::Phenylpropanoids (C6-C3)	acceptor_superclass::Coumarins;acceptor_superclass::Flavonoids;acceptor_superclass::Isoflavonoids;acceptor_superclass::Phenanthrenoids;acceptor_superclass::Phenylpropanoids (C6-C3);acceptor_superclass::Triterpenoids	0,0,0,0,0,0,0,0,0,0,0,0,0,0,1,1,0,0,0,0,0,0,0	1,0,0,0,0,1,1,0,0,0,0,0,1,0,0,1,0,0,0,0,1,0,0	0.239437,-0.347315,-0.194338,-0.057322,-0.016396,0.042520,0.138859,-0.073036,-0.236446,-0.176937,-0.228147,-0.109536,0.277425,-0.176327,-0.025707,0.011115,-0.102225,-0.213819,-0.178847,-0.023912,0.018514,-0.149865,-0.017747
Obas_CAAT2_QKK36037.1	Obas_CAAT2_QKK36037.1	acceptor_superclass::Phenylpropanoids (C6-C3)	acceptor_superclass::Coumarins;acceptor_superclass::Cyclic polyketides;acceptor_superclass::Diterpenoids;acceptor_superclass::Fatty acyls;acceptor_superclass::Lignans;acceptor_superclass::Lysine alkaloids;acceptor_superclass::Monoterpenoids;acceptor_superclass::Naphthalenes;acceptor_superclass::Phenanthrenoids;acceptor_superclass::Phenylethanoids (C6-C2);acceptor_superclass::Phenylpropanoids (C6-C3);acceptor_superclass::Saccharides;acceptor_superclass::Triterpenoids;acceptor_superclass::Tryptophan alkaloids	0,0,0,0,0,0,0,0,0,0,0,0,0,0,0,1,0,0,0,0,0,0,0	1,1,1,0,1,0,0,1,1,1,1,0,1,0,1,1,0,1,0,0,1,1,0	0.221223,0.054552,0.197442,-0.595238,0.003604,-0.091859,-0.248547,0.176991,0.174982,0.079785,0.162619,-0.186169,0.317237,-1.056726,0.076283,0.185962,-0.045021,0.432236,-1.003543,-0.183971,0.171643,0.303897,-0.392089
Oeur_AT1_XP_022859703.1	Oeur_AT1_XP_022859703.1	acceptor_superclass::Phenylethanoids (C6-C2)	acceptor_superclass::Coumarins;acceptor_superclass::Fatty Acids and Conjugates;acceptor_superclass::Flavonoids;acceptor_superclass::Isoflavonoids;acceptor_superclass::Ornithine alkaloids;acceptor_superclass::Phenanthrenoids;acceptor_superclass::Phenolic acids (C6-C1);acceptor_superclass::Phenylpropanoids (C6-C3);acceptor_superclass::Small peptides;acceptor_superclass::Tyrosine alkaloids	0,0,0,0,0,0,0,0,0,0,0,0,0,0,1,0,0,0,0,0,0,0,0	1,0,0,1,0,1,1,0,0,0,0,1,1,1,0,1,0,0,1,0,0,0,1	0.713265,-1.421427,-1.663130,1.125470,-0.399888,0.333584,0.806235,-0.583900,-1.695676,-0.861853,-1.817557,0.216784,0.719125,1.647463,-0.344613,0.038326,-0.388641,-0.951239,1.249071,-0.223371,-1.552816,-1.256596,0.551243
Osat_AHT1_CAE03579.1	Osat_AHT1_CAE03579.1	acceptor_superclass::Ornithine alkaloids;acceptor_superclass::Pseudoalkaloids	acceptor_superclass::Fatty Acids and Conjugates;acceptor_superclass::Fatty acyls;acceptor_superclass::Flavonoids;acceptor_superclass::Isoflavonoids;acceptor_superclass::Lignans;acceptor_superclass::Phenolic acids (C6-C1);acceptor_superclass::Phenylethanoids (C6-C2);acceptor_superclass::Small peptides;acceptor_superclass::Steroids;acceptor_superclass::Tyrosine alkaloids	0,0,0,0,0,0,0,0,0,0,0,1,0,0,0,0,1,0,0,0,0,0,0	0,0,0,1,1,1,1,1,0,0,0,0,0,1,1,0,0,0,1,1,0,0,1	-0.031073,-1.253279,-1.431179,0.436306,0.038449,0.065418,0.130282,0.220156,-1.369076,-0.482774,-1.605379,-0.229879,-0.029200,1.077702,0.211409,-0.155250,-0.451664,-1.018755,0.655677,0.147570,-0.737436,-1.457514,0.137635
Osat_AT10_BAD33123.1	Osat_AT10_BAD33123.1	acceptor_superclass::Phenylpropanoids (C6-C3)	acceptor_superclass::Diterpenoids;acceptor_superclass::Fatty acyls;acceptor_superclass::Monoterpenoids;acceptor_superclass::Phenylethanoids (C6-C2);acceptor_superclass::Phenylpropanoids (C6-C3);acceptor_superclass::Saccharides;acceptor_superclass::Triterpenoids;acceptor_superclass::Tryptophan alkaloids	0,0,0,0,0,0,0,0,0,0,0,0,0,0,0,1,0,0,0,0,0,0,0	0,0,1,0,1,0,0,0,0,1,0,0,0,0,1,1,0,1,0,0,1,1,0	-5.821353,-0.859830,0.554772,-1.471397,0.059836,-1.427359,-6.103428,-0.909839,-0.012528,0.432274,-0.237442,-1.132870,-1.062347,-2.866289,0.232584,0.439092,-0.342064,0.860027,-2.013608,-6.731843,0.033358,0.463904,-0.503525
Osat_DPW2_BAS75979.1	Osat_DPW2_BAS75979.1	acceptor_superclass::Fatty Acids and Conjugates	acceptor_superclass::Fatty Acids and Conjugates;acceptor_superclass::Fatty acyls;acceptor_superclass::Flavonoids;acceptor_superclass::Isoflavonoids;acceptor_superclass::Lignans;acceptor_superclass::Phenanthrenoids;acceptor_superclass::Phenolic acids (C6-C1);acceptor_superclass::Phenylethanoids (C6-C2);acceptor_superclass::Small peptides;acceptor_superclass::Steroids;acceptor_superclass::Tyrosine alkaloids	0,0,0,1,0,0,0,0,0,0,0,0,0,0,0,0,0,0,0,0,0,0,0	0,0,0,1,1,1,1,1,0,0,0,0,1,1,1,0,0,0,1,1,0,0,1	-0.009458,-1.282617,-1.434546,0.425272,0.046994,0.057740,0.115298,0.181328,-1.403643,-0.500409,-1.621337,-0.262963,0.006916,1.004563,0.225994,-0.139642,-0.499235,-1.036543,0.591804,0.184712,-0.745734,-1.491431,0.122643
Osat_FMT_BAF16996.1	Osat_FMT_BAF16996.1	acceptor_superclass::Phenylpropanoids (C6-C3)	acceptor_superclass::Cyclic polyketides;acceptor_superclass::Diterpenoids;acceptor_superclass::Fatty acyls;acceptor_superclass::Lysine alkaloids;acceptor_superclass::Monoterpenoids;acceptor_superclass::Naphthalenes;acceptor_superclass::Phenylpropanoids (C6-C3);acceptor_superclass::Pseudoalkaloids;acceptor_superclass::Saccharides;acceptor_superclass::Triterpenoids;acceptor_superclass::Tryptophan alkaloids	0,0,0,0,0,0,0,0,0,0,0,0,0,0,0,1,0,0,0,0,0,0,0	0,1,1,0,1,0,0,0,1,1,1,0,0,0,0,1,1,1,0,0,1,1,0	-1.108338,0.364726,0.337212,-0.894388,0.156008,-0.353845,-0.348232,-0.156237,0.493672,0.216817,0.326630,-0.148701,-0.094857,-1.572000,-0.176864,0.270040,0.059718,0.451637,-0.875445,-0.197542,0.051697,0.407938,-0.283301
Osat_HCT4_BAD72437.1	Osat_HCT4_BAD72437.1	acceptor_superclass::Phenolic acids (C6-C1)	acceptor_superclass::Fatty Acids and Conjugates;acceptor_superclass::Fatty acyls;acceptor_superclass::Phenylethanoids (C6-C2);acceptor_superclass::Steroids	0,0,0,0,0,0,0,0,0,0,0,0,0,1,0,0,0,0,0,0,0,0,0	0,0,0,1,1,0,0,0,0,0,0,0,0,0,1,0,0,0,0,1,0,0,0	-0.068813,-0.620531,-0.601680,0.031305,0.066296,-0.044512,-0.106733,-0.225896,-0.581272,-0.273887,-0.729233,-0.164599,-0.069146,-0.080961,0.062032,-0.011607,-0.275363,-0.337440,-0.156935,0.059501,-0.298266,-0.598739,-0.022628
Osat_MAT-2_BAG96218.1	Osat_MAT-2_BAG96218.1	acceptor_superclass::Flavonoids;acceptor_superclass::Isoflavonoids	acceptor_superclass::Coumarins;acceptor_superclass::Fatty acyls;acceptor_superclass::Flavonoids;acceptor_superclass::Isoflavonoids;acceptor_superclass::Lignans;acceptor_superclass::Phenanthrenoids;acceptor_superclass::Phenylethanoids (C6-C2);acceptor_superclass::Phenylpropanoids (C6-C3);acceptor_superclass::Saccharides;acceptor_superclass::Triterpenoids;acceptor_superclass::Tryptophan alkaloids	0,0,0,0,0,1,1,0,0,0,0,0,0,0,0,0,0,0,0,0,0,0,0	1,0,0,0,1,1,1,1,0,0,0,0,1,0,1,1,0,1,0,0,1,1,0	0.267697,-0.098949,-0.005879,-0.334033,0.010209,0.009673,0.010104,0.025471,-0.042624,-0.037540,-0.003910,-0.123480,0.310384,-0.600148,0.042037,0.075156,-0.051615,0.118563,-0.584421,-0.069282,0.095007,0.080461,-0.179744
Osat_PHT2_BAD72527.1	Osat_PHT2_BAD72527.1	acceptor_superclass::Ornithine alkaloids;acceptor_superclass::Pseudoalkaloids	acceptor_superclass::Coumarins;acceptor_superclass::Fatty Acids and Conjugates;acceptor_superclass::Flavonoids;acceptor_superclass::Isoflavonoids;acceptor_superclass::Phenanthrenoids;acceptor_superclass::Phenylpropanoids (C6-C3);acceptor_superclass::Steroids;acceptor_superclass::Tyrosine alkaloids	0,0,0,0,0,0,0,0,0,0,0,1,0,0,0,0,1,0,0,0,0,0,0	1,0,0,1,0,1,1,0,0,0,0,0,1,0,0,1,0,0,0,1,0,0,1	0.254287,-0.507133,-0.600452,0.122043,-0.184868,0.093973,0.137080,-0.110256,-0.538252,-0.300774,-0.646408,-0.159649,0.187095,-0.144763,-0.058803,0.102965,-0.184019,-0.102658,-0.477164,0.005991,-0.527679,-0.335711,0.034462
Osat_PHT3_BAC79154.1	Osat_PHT3_BAC79154.1	acceptor_superclass::Ornithine alkaloids;acceptor_superclass::Pseudoalkaloids	acceptor_superclass::Fatty Acids and Conjugates;acceptor_superclass::Ornithine alkaloids;acceptor_superclass::Phenolic acids (C6-C1);acceptor_superclass::Phenylethanoids (C6-C2);acceptor_superclass::Pseudoalkaloids;acceptor_superclass::Small peptides	0,0,0,0,0,0,0,0,0,0,0,1,0,0,0,0,1,0,0,0,0,0,0	0,0,0,1,0,0,0,0,0,0,0,1,0,1,1,0,1,0,1,0,0,0,0	-1.037034,-1.079967,-5.267309,0.948045,-0.952302,-0.701644,-1.696845,-7.407692,-3.210331,-1.159962,-2.453947,0.877473,-0.687709,0.839553,0.372435,-0.381036,0.273097,-1.090329,0.637461,-1.041179,-0.845134,-2.083365,-0.164367
Osat_PHT4_BAC79155.1	Osat_PHT4_BAC79155.1	acceptor_superclass::Ornithine alkaloids;acceptor_superclass::Pseudoalkaloids	acceptor_superclass::Fatty acyls;acceptor_superclass::Monoterpenoids;acceptor_superclass::Naphthalenes;acceptor_superclass::Phenanthrenoids;acceptor_superclass::Phenylethanoids (C6-C2);acceptor_superclass::Phenylpropanoids (C6-C3);acceptor_superclass::Pseudoalkaloids	0,0,0,0,0,0,0,0,0,0,0,1,0,0,0,0,1,0,0,0,0,0,0	0,0,0,0,1,0,0,0,0,1,1,0,1,0,1,1,1,0,0,0,0,0,0	-0.528762,-0.390719,-0.185263,-0.306132,0.202226,-0.213971,-0.169827,-0.029347,-0.089081,0.139882,0.012350,-0.083357,0.071852,-0.695084,0.043856,0.202106,0.058002,-0.051207,-0.293072,-0.011475,-0.116770,-0.039675,-0.088096
Osat_PHT4_BAC79155.1	Osat_PHT_BAC79155.1	acceptor_superclass::Ornithine alkaloids;acceptor_superclass::Pseudoalkaloids	acceptor_superclass::Fatty Acids and Conjugates;acceptor_superclass::Ornithine alkaloids;acceptor_superclass::Phenolic acids (C6-C1);acceptor_superclass::Phenylethanoids (C6-C2);acceptor_superclass::Pseudoalkaloids;acceptor_superclass::Small peptides	0,0,0,0,0,0,0,0,0,0,0,1,0,0,0,0,1,0,0,0,0,0,0	0,0,0,1,0,0,0,0,0,0,0,1,0,1,1,0,1,0,1,0,0,0,0	-0.524628,-0.966150,-5.865495,1.103913,-1.072860,-0.396635,-1.082296,-8.035420,-3.499158,-1.384020,-2.579346,1.281517,-0.363185,0.507815,0.365373,-0.461133,0.551424,-1.248206,0.612741,-0.354776,-1.105875,-2.347636,-0.356175
Osat_PMT1_BAG87540.1	Osat_PMT1_BAG87540.1	acceptor_superclass::Phenylethanoids (C6-C2);acceptor_superclass::Phenylpropanoids (C6-C3)	acceptor_superclass::Cyclic polyketides;acceptor_superclass::Diterpenoids;acceptor_superclass::Fatty acyls;acceptor_superclass::Lysine alkaloids;acceptor_superclass::Monoterpenoids;acceptor_superclass::Naphthalenes;acceptor_superclass::Phenylpropanoids (C6-C3);acceptor_superclass::Pseudoalkaloids;acceptor_superclass::Saccharides;acceptor_superclass::Triterpenoids;acceptor_superclass::Tryptophan alkaloids	0,0,0,0,0,0,0,0,0,0,0,0,0,0,1,1,0,0,0,0,0,0,0	0,1,1,0,1,0,0,0,1,1,1,0,0,0,0,1,1,1,0,0,1,1,0	-1.235836,0.432409,0.392977,-0.996271,0.163230,-0.400182,-0.391893,-0.181633,0.563650,0.235591,0.370273,-0.153219,-0.116969,-1.724230,-0.195440,0.297934,0.070803,0.524308,-0.965001,-0.227558,0.061051,0.468894,-0.313568
Osat_PMT2_BAG91648.1	Osat_PMT2_BAG91648.1	acceptor_superclass::Phenylpropanoids (C6-C3)	acceptor_superclass::Coumarins;acceptor_superclass::Diterpenoids;acceptor_superclass::Lignans;acceptor_superclass::Naphthalenes;acceptor_superclass::Phenanthrenoids;acceptor_superclass::Phenylethanoids (C6-C2);acceptor_superclass::Phenylpropanoids (C6-C3);acceptor_superclass::Saccharides;acceptor_superclass::Triterpenoids;acceptor_superclass::Tryptophan alkaloids	0,0,0,0,0,0,0,0,0,0,0,0,0,0,0,1,0,0,0,0,0,0,0	1,0,1,0,0,0,0,1,0,0,1,0,1,0,1,1,0,1,0,0,1,1,0	0.166659,-0.084096,0.035264,-0.285897,-0.003907,-0.047760,-0.081988,0.038078,-0.006003,-0.007011,0.001514,-0.112020,0.216076,-0.511761,0.045907,0.089818,-0.049754,0.133591,-0.504533,-0.101923,0.091986,0.079012,-0.172128
Osat_TBT1_ANQ47375.1	Osat_TBT1_ANQ47375.1	acceptor_superclass::Ornithine alkaloids;acceptor_superclass::Pseudoalkaloids;acceptor_superclass::Tryptophan alkaloids	acceptor_superclass::Fatty Acids and Conjugates;acceptor_superclass::Fatty acyls;acceptor_superclass::Phenylethanoids (C6-C2);acceptor_superclass::Steroids	0,0,0,0,0,0,0,0,0,0,0,1,0,0,0,0,1,0,0,0,0,1,0	0,0,0,1,1,0,0,0,0,0,0,0,0,0,1,0,0,0,0,1,0,0,0	-0.084473,-0.689851,-0.691007,0.056475,0.069747,-0.058589,-0.121375,-0.295341,-0.662585,-0.294788,-0.808027,-0.171213,-0.083204,-0.135420,0.045757,-0.023429,-0.282467,-0.359101,-0.207308,0.057654,-0.332636,-0.671279,-0.030760
Osat_TBT2_ANQ47376.1	Osat_TBT2_ANQ47376.1	acceptor_superclass::Tryptophan alkaloids	acceptor_superclass::Ornithine alkaloids;acceptor_superclass::Pseudoalkaloids	0,0,0,0,0,0,0,0,0,0,0,0,0,0,0,0,0,0,0,0,0,1,0	0,0,0,0,0,0,0,0,0,0,0,1,0,0,0,0,1,0,0,0,0,0,0	-1.287993,-0.450341,-3.751822,-0.057417,-0.890019,-0.031658,-1.343263,-5.197382,-2.285378,-1.087677,-1.050861,0.207278,-0.313805,-0.806238,-0.113251,-0.662328,0.119943,-1.183933,-0.360773,-1.487383,-0.475072,-1.165307,-0.180283
Osat_THT1_ANQ47373.1	Osat_THT1_ANQ47373.1	acceptor_superclass::Ornithine alkaloids;acceptor_superclass::Tryptophan alkaloids;acceptor_superclass::Tyrosine alkaloids	acceptor_superclass::Phenylethanoids (C6-C2)	0,0,0,0,0,0,0,0,0,0,0,1,0,0,0,0,0,0,0,0,0,1,1	0,0,0,0,0,0,0,0,0,0,0,0,0,0,1,0,0,0,0,0,0,0,0	-2.959219,-0.510553,-1.851383,-0.521187,-0.291876,-0.734539,-3.183229,-3.005157,-1.026733,-0.338979,-0.680134,-0.342555,-0.764332,-1.259965,0.001308,-0.135437,-0.090551,-0.449067,-0.759629,-3.345803,-0.116512,-0.476764,-0.128438
Osat_THT2_AAM74310.1	Osat_THT2_AAM74310.1	acceptor_superclass::Tryptophan alkaloids;acceptor_superclass::Tyrosine alkaloids	acceptor_superclass::Coumarins;acceptor_superclass::Cyclic polyketides;acceptor_superclass::Fatty acyls;acceptor_superclass::Flavonoids;acceptor_superclass::Lignans;acceptor_superclass::Lysine alkaloids;acceptor_superclass::Monoterpenoids;acceptor_superclass::Phenanthrenoids;acceptor_superclass::Phenylethanoids (C6-C2);acceptor_superclass::Phenylpropanoids (C6-C3);acceptor_superclass::Saccharides;acceptor_superclass::Steroids;acceptor_superclass::Tryptophan alkaloids	0,0,0,0,0,0,0,0,0,0,0,0,0,0,0,0,0,0,0,0,0,1,1	1,1,0,0,1,1,0,1,1,1,0,0,1,0,1,1,0,1,0,1,0,1,0	0.042995,0.035995,-0.062818,-0.391233,0.014934,0.021280,-0.178060,0.107870,0.097683,0.044042,-0.037350,-0.197603,0.018471,-0.996562,0.070099,0.141804,-0.025433,0.080501,-1.245767,0.192975,-0.047655,0.061412,-0.182874
Paff_BAHD21_NA	Paff_BAHD21_NA	acceptor_superclass::Flavonoids	acceptor_superclass::Coumarins;acceptor_superclass::Fatty Acids and Conjugates;acceptor_superclass::Fatty acyls;acceptor_superclass::Flavonoids;acceptor_superclass::Isoflavonoids;acceptor_superclass::Phenanthrenoids;acceptor_superclass::Phenolic acids (C6-C1);acceptor_superclass::Phenylethanoids (C6-C2);acceptor_superclass::Small peptides;acceptor_superclass::Steroids;acceptor_superclass::Tyrosine alkaloids	0,0,0,0,0,1,0,0,0,0,0,0,0,0,0,0,0,0,0,0,0,0,0	1,0,0,1,1,1,1,0,0,0,0,0,1,1,1,0,0,0,1,1,0,0,1	0.103433,-0.968098,-1.142407,0.188857,0.025239,0.104272,0.184282,-0.085220,-1.136042,-0.489847,-1.241431,-0.262007,0.182182,0.392412,0.148440,-0.108103,-0.438770,-0.806850,0.157754,0.296888,-0.609202,-1.218095,0.009819
Papp_HCT_AXN55972.1	Papp_HCT_AXN55972.1	acceptor_superclass::Phenolic acids (C6-C1)	acceptor_superclass::Coumarins;acceptor_superclass::Lignans;acceptor_superclass::Phenanthrenoids;acceptor_superclass::Phenylethanoids (C6-C2);acceptor_superclass::Phenylpropanoids (C6-C3);acceptor_superclass::Saccharides;acceptor_superclass::Triterpenoids;acceptor_superclass::Tryptophan alkaloids	0,0,0,0,0,0,0,0,0,0,0,0,0,1,0,0,0,0,0,0,0,0,0	1,0,0,0,0,0,0,1,0,0,0,0,1,0,1,1,0,1,0,0,1,1,0	0.260128,-0.274984,-0.043223,-0.254235,-0.023389,-0.033085,-0.068455,0.005927,-0.162634,-0.103340,-0.130389,-0.166571,0.328619,-0.576044,0.005282,0.069679,-0.085849,0.106039,-0.582664,-0.112285,0.137121,0.060773,-0.146752
Paxi_ASAT1_AOR06331.1	Paxi_ASAT1_AOR06331.1	acceptor_superclass::Saccharides	acceptor_superclass::Coumarins;acceptor_superclass::Cyclic polyketides;acceptor_superclass::Diterpenoids;acceptor_superclass::Lignans;acceptor_superclass::Lysine alkaloids;acceptor_superclass::Monoterpenoids;acceptor_superclass::Naphthalenes;acceptor_superclass::Phenanthrenoids;acceptor_superclass::Phenylethanoids (C6-C2);acceptor_superclass::Phenylpropanoids (C6-C3);acceptor_superclass::Saccharides;acceptor_superclass::Triterpenoids;acceptor_superclass::Tryptophan alkaloids	0,0,0,0,0,0,0,0,0,0,0,0,0,0,0,0,0,1,0,0,0,0,0	1,1,1,0,0,0,0,1,1,1,1,0,1,0,1,1,0,1,0,0,1,1,0	0.191059,0.055671,0.184424,-0.537861,-0.001718,-0.083568,-0.224835,0.140903,0.140863,0.093395,0.183489,-0.169446,0.271527,-0.945943,0.066014,0.139528,-0.033425,0.451653,-0.915631,-0.156956,0.186757,0.301594,-0.324235
Paxi_ASAT1_AOR06331.1	Paxi_ASAT2_AOR06331.1		acceptor_superclass::Diterpenoids;acceptor_superclass::Fatty acyls;acceptor_superclass::Lysine alkaloids;acceptor_superclass::Phenylpropanoids (C6-C3);acceptor_superclass::Saccharides;acceptor_superclass::Triterpenoids;acceptor_superclass::Tryptophan alkaloids	0,0,0,0,0,0,0,0,0,0,0,0,0,0,0,0,0,0,0,0,0,0,0	0,0,1,0,1,0,0,0,1,0,0,0,0,0,0,1,0,1,0,0,1,1,0	-0.246521,-0.158058,0.132736,-0.428421,0.114905,-0.250114,-0.573908,-0.934393,0.091333,-0.114646,-0.033391,-0.145822,-0.253976,-1.653959,-0.105689,0.128984,-0.166877,0.407662,-1.348669,-0.094392,0.036963,0.155189,-0.242453
Paxi_ASAT3_AOR06333.1	Paxi_ASAT3_AOR06333.1		acceptor_superclass::Coumarins;acceptor_superclass::Cyclic polyketides;acceptor_superclass::Fatty acyls;acceptor_superclass::Flavonoids;acceptor_superclass::Lignans;acceptor_superclass::Lysine alkaloids;acceptor_superclass::Monoterpenoids;acceptor_superclass::Phenanthrenoids;acceptor_superclass::Phenylethanoids (C6-C2);acceptor_superclass::Phenylpropanoids (C6-C3);acceptor_superclass::Saccharides;acceptor_superclass::Steroids;acceptor_superclass::Tryptophan alkaloids	0,0,0,0,0,0,0,0,0,0,0,0,0,0,0,0,0,0,0,0,0,0,0	1,1,0,0,1,1,0,1,1,1,0,0,1,0,1,1,0,1,0,1,0,1,0	0.037913,0.014363,-0.074743,-0.508057,0.021318,0.027937,-0.241199,0.169715,0.131431,0.050328,-0.042587,-0.286893,0.027618,-1.298659,0.099003,0.199048,-0.070505,0.158485,-1.626267,0.241644,-0.059837,0.074966,-0.248976
Paxi_ASAT4_AOR06334.1	Paxi_ASAT4_AOR06334.1		acceptor_superclass::Cyclic polyketides;acceptor_superclass::Diterpenoids;acceptor_superclass::Fatty acyls;acceptor_superclass::Lysine alkaloids;acceptor_superclass::Monoterpenoids;acceptor_superclass::Naphthalenes;acceptor_superclass::Phenylpropanoids (C6-C3);acceptor_superclass::Pseudoalkaloids;acceptor_superclass::Saccharides;acceptor_superclass::Triterpenoids;acceptor_superclass::Tryptophan alkaloids	0,0,0,0,0,0,0,0,0,0,0,0,0,0,0,0,0,0,0,0,0,0,0	0,1,1,0,1,0,0,0,1,1,1,0,0,0,0,1,1,1,0,0,1,1,0	-1.862712,0.737909,0.725240,-1.540257,0.177267,-0.597260,-0.605681,-0.234764,0.938722,0.322280,0.609858,-0.294225,-0.220744,-2.534859,-0.301209,0.436760,0.071328,0.946921,-1.407431,-0.390091,0.152933,0.787767,-0.478165
Paxi_CFAT_ABG75942.1	Paxi_CFAT_ABG75942.1	acceptor_superclass::Fatty acyls;acceptor_superclass::Monoterpenoids;acceptor_superclass::Phenylethanoids (C6-C2);acceptor_superclass::Phenylpropanoids (C6-C3)	acceptor_superclass::Diterpenoids;acceptor_superclass::Fatty acyls;acceptor_superclass::Lysine alkaloids;acceptor_superclass::Phenylpropanoids (C6-C3);acceptor_superclass::Saccharides;acceptor_superclass::Tryptophan alkaloids	0,0,0,0,1,0,0,0,0,1,0,0,0,0,1,1,0,0,0,0,0,0,0	0,0,1,0,1,0,0,0,1,0,0,0,0,0,0,1,0,1,0,0,0,1,0	-0.243855,-0.253432,0.042107,-0.367673,0.142902,-0.235513,-0.564515,-0.872851,0.064502,-0.133409,-0.163683,-0.150343,-0.258413,-1.506336,-0.088596,0.122251,-0.178465,0.255761,-1.271425,-0.085080,-0.046411,0.022914,-0.259569
Pbar_AT1_WEX29777.1	Pbar_AT1_WEX29777.1	acceptor_superclass::Phenylethanoids (C6-C2)	acceptor_superclass::Coumarins;acceptor_superclass::Fatty Acids and Conjugates;acceptor_superclass::Flavonoids;acceptor_superclass::Isoflavonoids;acceptor_superclass::Ornithine alkaloids;acceptor_superclass::Phenanthrenoids;acceptor_superclass::Phenolic acids (C6-C1);acceptor_superclass::Phenylpropanoids (C6-C3);acceptor_superclass::Small peptides;acceptor_superclass::Tyrosine alkaloids	0,0,0,0,0,0,0,0,0,0,0,0,0,0,1,0,0,0,0,0,0,0,0	1,0,0,1,0,1,1,0,0,0,0,1,1,1,0,1,0,0,1,0,0,0,1	0.693230,-1.365006,-1.606200,1.071430,-0.383133,0.328641,0.775945,-0.560290,-1.632157,-0.827664,-1.752978,0.195634,0.702068,1.547447,-0.331311,0.036958,-0.376849,-0.916250,1.145227,-0.202813,-1.498411,-1.210796,0.518837
Pcam_HCT_QDF44405.1	Pcam_HCT_QDF44405.1	acceptor_superclass::Phenolic acids (C6-C1)	acceptor_superclass::Fatty Acids and Conjugates;acceptor_superclass::Phenolic acids (C6-C1);acceptor_superclass::Phenylethanoids (C6-C2);acceptor_superclass::Small peptides;acceptor_superclass::Tyrosine alkaloids	0,0,0,0,0,0,0,0,0,0,0,0,0,1,0,0,0,0,0,0,0,0,0	0,0,0,1,0,0,0,0,0,0,0,0,0,1,1,0,0,0,1,0,0,0,1	-1.873492,-1.773129,-5.042402,1.130554,-0.772668,-1.705063,-3.142776,-7.342699,-3.056845,-0.857979,-3.111016,-0.163623,-1.770671,3.011476,0.392477,-0.304011,-0.778522,-1.068173,1.518078,-2.068404,-0.393968,-2.273902,0.638532
Pcam_HQT_QDF44406.1	Pcam_HQT_QDF44406.1	acceptor_superclass::Phenolic acids (C6-C1)	acceptor_superclass::Coumarins;acceptor_superclass::Fatty Acids and Conjugates;acceptor_superclass::Flavonoids;acceptor_superclass::Isoflavonoids;acceptor_superclass::Ornithine alkaloids;acceptor_superclass::Phenanthrenoids;acceptor_superclass::Phenolic acids (C6-C1);acceptor_superclass::Phenylpropanoids (C6-C3);acceptor_superclass::Small peptides;acceptor_superclass::Tyrosine alkaloids	0,0,0,0,0,0,0,0,0,0,0,0,0,1,0,0,0,0,0,0,0,0,0	1,0,0,1,0,1,1,0,0,0,0,1,1,1,0,1,0,0,1,0,0,0,1	0.795019,-1.600262,-1.864579,1.284422,-0.440028,0.382630,0.920117,-0.657790,-1.904169,-0.967542,-2.050321,0.238388,0.813917,1.883635,-0.391149,0.036722,-0.441798,-1.090231,1.420668,-0.253503,-1.745658,-1.411416,0.615698
Pcam_RAS_QDF44407.1	Pcam_RAS_QDF44407.1	acceptor_superclass::Phenolic acids (C6-C1)	acceptor_superclass::Fatty Acids and Conjugates;acceptor_superclass::Fatty acyls;acceptor_superclass::Lignans;acceptor_superclass::Monoterpenoids;acceptor_superclass::Phenanthrenoids;acceptor_superclass::Phenylethanoids (C6-C2);acceptor_superclass::Phenylpropanoids (C6-C3);acceptor_superclass::Pseudoalkaloids;acceptor_superclass::Small peptides;acceptor_superclass::Steroids;acceptor_superclass::Tyrosine alkaloids	0,0,0,0,0,0,0,0,0,0,0,0,0,1,0,0,0,0,0,0,0,0,0	0,0,0,1,1,0,0,1,0,1,0,0,1,0,1,1,1,0,1,1,0,0,1	-0.056193,-1.181454,-0.683933,0.229879,0.283256,-0.086188,-0.061232,0.096448,-0.642784,0.110756,-0.314975,-0.063053,0.268226,-0.014199,0.272509,0.171589,0.001761,-0.573663,0.190410,0.138709,-0.283564,-0.511936,0.073326
Pcru_3MAT_AAO38058.1	Pcru_3MAT_AAO38058.1	acceptor_superclass::Flavonoids	acceptor_superclass::Coumarins;acceptor_superclass::Fatty Acids and Conjugates;acceptor_superclass::Flavonoids;acceptor_superclass::Isoflavonoids;acceptor_superclass::Phenanthrenoids;acceptor_superclass::Phenylpropanoids (C6-C3);acceptor_superclass::Steroids;acceptor_superclass::Tyrosine alkaloids	0,0,0,0,0,1,0,0,0,0,0,0,0,0,0,0,0,0,0,0,0,0,0	1,0,0,1,0,1,1,0,0,0,0,0,1,0,0,1,0,0,0,1,0,0,1	0.350253,-0.456257,-0.673993,0.073790,-0.121248,0.218743,0.224246,-0.122622,-0.550519,-0.247551,-0.664343,-0.081909,0.357520,-0.259780,-0.078741,0.114597,-0.136746,-0.307285,-0.592821,0.125172,-0.601972,-0.407169,0.014145
Pfru_3AT_BAA93475.1	Pfru_3AT_BAA93475.1	acceptor_superclass::Flavonoids	acceptor_superclass::Coumarins;acceptor_superclass::Fatty acyls;acceptor_superclass::Flavonoids;acceptor_superclass::Isoflavonoids;acceptor_superclass::Phenanthrenoids;acceptor_superclass::Phenylethanoids (C6-C2);acceptor_superclass::Phenylpropanoids (C6-C3);acceptor_superclass::Triterpenoids	0,0,0,0,0,1,0,0,0,0,0,0,0,0,0,0,0,0,0,0,0,0,0	1,0,0,0,1,1,1,0,0,0,0,0,1,0,1,1,0,0,0,0,1,0,0	0.277852,-0.223457,-0.125996,-0.175265,0.006163,0.049742,0.118263,-0.029191,-0.164202,-0.113936,-0.140118,-0.106672,0.316455,-0.346406,0.008818,0.037161,-0.076190,-0.100570,-0.336528,-0.022617,0.032028,-0.061291,-0.095912
Phyb_AAT_AAW31948.1	Phyb_AAT_AAW31948.1	acceptor_superclass::Fatty acyls;acceptor_superclass::Monoterpenoids	acceptor_superclass::Coumarins;acceptor_superclass::Flavonoids;acceptor_superclass::Lignans;acceptor_superclass::Phenanthrenoids;acceptor_superclass::Phenylethanoids (C6-C2);acceptor_superclass::Phenylpropanoids (C6-C3);acceptor_superclass::Saccharides;acceptor_superclass::Steroids	0,0,0,0,1,0,0,0,0,1,0,0,0,0,0,0,0,0,0,0,0,0,0	1,0,0,0,0,1,0,1,0,0,0,0,1,0,1,1,0,1,0,1,0,0,0	0.107689,-0.065357,-0.184837,-0.278152,-0.012722,0.061943,-0.072088,0.058938,-0.031224,-0.020641,-0.146140,-0.165116,0.080745,-0.800130,0.029255,0.139415,-0.050991,0.007286,-1.051486,0.164737,-0.150325,-0.045152,-0.141448
Phyb_BPBT_AAU06226.1	Phyb_BPBT_AAU06226.1	acceptor_superclass::Fatty acyls;acceptor_superclass::Monoterpenoids;acceptor_superclass::Phenylethanoids (C6-C2);acceptor_superclass::Phenylpropanoids (C6-C3)	acceptor_superclass::Fatty acyls;acceptor_superclass::Monoterpenoids;acceptor_superclass::Phenylethanoids (C6-C2);acceptor_superclass::Phenylpropanoids (C6-C3);acceptor_superclass::Tyrosine alkaloids	0,0,0,0,1,0,0,0,0,1,0,0,0,0,1,1,0,0,0,0,0,0,0	0,0,0,0,1,0,0,0,0,1,0,0,0,0,1,1,0,0,0,0,0,0,1	-4.134215,-1.003101,-1.655217,-0.463628,0.334092,-1.564013,-4.956978,-3.178863,-0.519453,0.192487,-1.197954,-1.080476,-1.498561,-0.708028,0.167660,0.232015,-0.707849,-0.577071,-0.549104,-4.589185,-0.008304,-0.804794,0.077596
Phyb_CFAT_ABG75942.1	Phyb_CFAT_ABG75942.1	acceptor_superclass::Phenylpropanoids (C6-C3)	acceptor_superclass::Diterpenoids;acceptor_superclass::Fatty acyls;acceptor_superclass::Lysine alkaloids;acceptor_superclass::Phenylpropanoids (C6-C3);acceptor_superclass::Saccharides;acceptor_superclass::Tryptophan alkaloids	0,0,0,0,0,0,0,0,0,0,0,0,0,0,0,1,0,0,0,0,0,0,0	0,0,1,0,1,0,0,0,1,0,0,0,0,0,0,1,0,1,0,0,0,1,0	-0.243855,-0.253432,0.042107,-0.367673,0.142902,-0.235513,-0.564515,-0.872851,0.064502,-0.133409,-0.163683,-0.150343,-0.258413,-1.506336,-0.088596,0.122251,-0.178465,0.255761,-1.271425,-0.085080,-0.046411,0.022914,-0.259569
Pnig_PAS_QUS53101.1	Pnig_BAHD1_QUS53101.1	acceptor_superclass::Lysine alkaloids;acceptor_superclass::Pseudoalkaloids	acceptor_superclass::Cyclic polyketides;acceptor_superclass::Diterpenoids;acceptor_superclass::Fatty acyls;acceptor_superclass::Lysine alkaloids;acceptor_superclass::Monoterpenoids;acceptor_superclass::Naphthalenes;acceptor_superclass::Phenylpropanoids (C6-C3);acceptor_superclass::Pseudoalkaloids;acceptor_superclass::Saccharides;acceptor_superclass::Triterpenoids;acceptor_superclass::Tryptophan alkaloids	0,0,0,0,0,0,0,0,1,0,0,0,0,0,0,0,1,0,0,0,0,0,0	0,1,1,0,1,0,0,0,1,1,1,0,0,0,0,1,1,1,0,0,1,1,0	-1.504803,0.627953,0.586732,-1.240314,0.175231,-0.469515,-0.503035,-0.181185,0.789298,0.272113,0.469964,-0.213650,-0.194328,-2.055253,-0.255675,0.353963,0.038072,0.711559,-1.149946,-0.338029,0.122399,0.625833,-0.390272
Pnig_PS_QUS53100.1	Pnig_BAHD2_QUS53100.1	acceptor_superclass::Lysine alkaloids	acceptor_superclass::Fatty acyls;acceptor_superclass::Phenylpropanoids (C6-C3)	0,0,0,0,0,0,0,0,1,0,0,0,0,0,0,0,0,0,0,0,0,0,0	0,0,0,0,1,0,0,0,0,0,0,0,0,0,0,1,0,0,0,0,0,0,0	-0.153291,-0.407999,-0.260281,-0.151055,0.107379,-0.123341,-0.319291,-0.508336,-0.154412,-0.177504,-0.420712,-0.142242,-0.167612,-0.781232,-0.023670,0.060323,-0.187174,-0.042451,-0.693382,-0.007565,-0.177840,-0.287603,-0.152658
Pnig_HCT1_AEN02914.1	Pnig_HCT1_AEN02914.1	acceptor_superclass::Phenolic acids (C6-C1)	acceptor_superclass::Fatty Acids and Conjugates;acceptor_superclass::Ornithine alkaloids;acceptor_superclass::Phenolic acids (C6-C1);acceptor_superclass::Phenylethanoids (C6-C2);acceptor_superclass::Small peptides;acceptor_superclass::Tyrosine alkaloids	0,0,0,0,0,0,0,0,0,0,0,0,0,1,0,0,0,0,0,0,0,0,0	0,0,0,1,0,0,0,0,0,0,0,1,0,1,1,0,0,0,1,0,0,0,1	-0.433365,-1.814923,-7.354415,1.507052,-1.415092,-0.820529,-1.527783,-10.297128,-4.599157,-1.715734,-3.503398,0.873064,-0.918568,2.279918,0.442477,-0.770756,-0.110942,-1.644533,1.351970,-0.469072,-1.251340,-3.224862,0.018921
Pnig_PAS_QUS53101.1	Pnig_PAS_QUS53101.1	acceptor_superclass::Lysine alkaloids;acceptor_superclass::Pseudoalkaloids	acceptor_superclass::Diterpenoids;acceptor_superclass::Fatty acyls;acceptor_superclass::Lysine alkaloids;acceptor_superclass::Naphthalenes;acceptor_superclass::Phenylpropanoids (C6-C3);acceptor_superclass::Saccharides;acceptor_superclass::Triterpenoids;acceptor_superclass::Tryptophan alkaloids	0,0,0,0,0,0,0,0,1,0,0,0,0,0,0,0,1,0,0,0,0,0,0	0,0,1,0,1,0,0,0,1,0,1,0,0,0,0,1,0,1,0,0,1,1,0	-0.236866,-0.113594,0.223784,-0.422730,0.145485,-0.226367,-0.580808,-0.859475,0.331261,-0.071093,0.038408,-0.118569,-0.258860,-1.654942,-0.121141,0.155736,-0.100404,0.358130,-1.355872,-0.100842,0.027749,0.180246,-0.295155
Pnig_PHT1_BGB46908.1	Pnig_PHT1_BGB46908.1	acceptor_superclass::Ornithine alkaloids;acceptor_superclass::Pseudoalkaloids	acceptor_superclass::Coumarins;acceptor_superclass::Fatty Acids and Conjugates;acceptor_superclass::Flavonoids;acceptor_superclass::Isoflavonoids;acceptor_superclass::Phenanthrenoids;acceptor_superclass::Phenolic acids (C6-C1);acceptor_superclass::Phenylpropanoids (C6-C3);acceptor_superclass::Steroids;acceptor_superclass::Tyrosine alkaloids	0,0,0,0,0,0,0,0,0,0,0,1,0,0,0,0,1,0,0,0,0,0,0	1,0,0,1,0,1,1,0,0,0,0,0,1,1,0,1,0,0,0,1,0,0,1	0.257527,-0.443740,-0.580475,0.181380,-0.131782,0.115211,0.185820,-0.140375,-0.502832,-0.247757,-0.593423,-0.014245,0.238351,0.048823,-0.085658,0.065306,-0.118797,-0.270505,-0.187104,0.023392,-0.512138,-0.371700,0.081354
Pnig_PS_QUS53100.1	Pnig_PS_QUS53100.1	acceptor_superclass::Lysine alkaloids	acceptor_superclass::Coumarins;acceptor_superclass::Diterpenoids;acceptor_superclass::Fatty acyls;acceptor_superclass::Lignans;acceptor_superclass::Lysine alkaloids;acceptor_superclass::Monoterpenoids;acceptor_superclass::Naphthalenes;acceptor_superclass::Phenanthrenoids;acceptor_superclass::Phenylethanoids (C6-C2);acceptor_superclass::Phenylpropanoids (C6-C3);acceptor_superclass::Saccharides;acceptor_superclass::Triterpenoids;acceptor_superclass::Tryptophan alkaloids	0,0,0,0,0,0,0,0,1,0,0,0,0,0,0,0,0,0,0,0,0,0,0	1,0,1,0,1,0,0,1,1,1,1,0,1,0,1,1,0,1,0,0,1,1,0	0.169647,-0.044177,0.085048,-0.371983,0.003452,-0.044665,-0.108620,0.080288,0.063869,0.018307,0.052325,-0.132408,0.232911,-0.632857,0.051366,0.115131,-0.053339,0.185448,-0.611915,-0.115634,0.088177,0.134482,-0.230310
Post_DPBT_Pos.gene30573	Post_DPBT_Pos.gene30573	acceptor_superclass::Monoterpenoids	acceptor_superclass::Fatty acyls;acceptor_superclass::Lysine alkaloids;acceptor_superclass::Monoterpenoids;acceptor_superclass::Naphthalenes;acceptor_superclass::Phenanthrenoids;acceptor_superclass::Phenylpropanoids (C6-C3);acceptor_superclass::Pseudoalkaloids;acceptor_superclass::Saccharides;acceptor_superclass::Tryptophan alkaloids	0,0,0,0,0,0,0,0,0,1,0,0,0,0,0,0,0,0,0,0,0,0,0	0,0,0,0,1,0,0,0,1,1,1,0,1,0,0,1,1,1,0,0,0,1,0	-0.702944,-0.255168,-0.048459,-0.456903,0.201037,-0.244620,-0.245012,-0.046460,0.061561,0.175197,0.071248,-0.128398,0.029019,-0.923811,-0.001078,0.220898,0.016418,0.060377,-0.435867,-0.081956,-0.066345,0.064686,-0.143138
Ppat_HCT1_AMK38063.1	Ppat_HCT1_AMK38063.1	acceptor_superclass::Phenolic acids (C6-C1);acceptor_superclass::Saccharides;acceptor_superclass::Small peptides	acceptor_superclass::Coumarins;acceptor_superclass::Phenanthrenoids;acceptor_superclass::Phenylethanoids (C6-C2);acceptor_superclass::Phenylpropanoids (C6-C3);acceptor_superclass::Saccharides;acceptor_superclass::Triterpenoids;acceptor_superclass::Tryptophan alkaloids	0,0,0,0,0,0,0,0,0,0,0,0,0,1,0,0,0,1,1,0,0,0,0	1,0,0,0,0,0,0,0,0,0,0,0,1,0,1,1,0,1,0,0,1,1,0	0.276199,-0.321954,-0.067601,-0.220466,-0.026650,-0.019984,-0.052119,-0.011718,-0.188245,-0.121911,-0.173379,-0.163711,0.340357,-0.525400,0.000775,0.078249,-0.098347,0.044360,-0.527901,-0.106894,0.117641,0.022987,-0.129050
Ppat_HCT1_AMK38063.1	Ppat_HCT_AMK38063.1	acceptor_superclass::Fatty Acids and Conjugates;acceptor_superclass::Phenolic acids (C6-C1);acceptor_superclass::Phenylpropanoids (C6-C3);acceptor_superclass::Saccharides	acceptor_superclass::Fatty acyls;acceptor_superclass::Lysine alkaloids;acceptor_superclass::Monoterpenoids;acceptor_superclass::Naphthalenes;acceptor_superclass::Phenanthrenoids;acceptor_superclass::Phenylethanoids (C6-C2);acceptor_superclass::Phenylpropanoids (C6-C3);acceptor_superclass::Pseudoalkaloids;acceptor_superclass::Saccharides;acceptor_superclass::Tryptophan alkaloids	0,0,0,1,0,0,0,0,0,0,0,0,0,1,0,1,0,1,0,0,0,0,0	0,0,0,0,1,0,0,0,1,1,1,0,1,0,1,1,1,1,0,0,0,1,0	-1.020764,-0.435140,-0.061749,-0.624717,0.274333,-0.366343,-0.354067,-0.058365,0.060734,0.194337,0.085607,-0.157901,0.004549,-1.212980,0.021579,0.323217,0.049241,0.181145,-0.537614,-0.110244,-0.118093,0.077075,-0.181705
Pper_AAT1_QEZ90730.1	Pper_AAT1_QEZ90730.1	acceptor_superclass::Fatty acyls	acceptor_superclass::Coumarins;acceptor_superclass::Fatty acyls;acceptor_superclass::Flavonoids;acceptor_superclass::Isoflavonoids;acceptor_superclass::Lignans;acceptor_superclass::Phenanthrenoids;acceptor_superclass::Phenylethanoids (C6-C2);acceptor_superclass::Phenylpropanoids (C6-C3);acceptor_superclass::Triterpenoids	0,0,0,0,1,0,0,0,0,0,0,0,0,0,0,0,0,0,0,0,0,0,0	1,0,0,0,1,1,1,1,0,0,0,0,1,0,1,1,0,0,0,0,1,0,0	0.254617,-0.228139,-0.086247,-0.229996,0.011623,0.000863,0.017411,0.011334,-0.120575,-0.112837,-0.142832,-0.133458,0.317136,-0.456919,0.007635,0.083818,-0.086699,-0.047176,-0.446309,-0.078504,0.050566,-0.020221,-0.154703
Prad_HCT_ABO52899.1	Prad_HCT_ABO52899.1	acceptor_superclass::Phenolic acids (C6-C1);acceptor_superclass::Small peptides	acceptor_superclass::Fatty Acids and Conjugates;acceptor_superclass::Fatty acyls;acceptor_superclass::Flavonoids;acceptor_superclass::Isoflavonoids;acceptor_superclass::Lignans;acceptor_superclass::Phenolic acids (C6-C1);acceptor_superclass::Phenylethanoids (C6-C2);acceptor_superclass::Small peptides;acceptor_superclass::Steroids;acceptor_superclass::Tyrosine alkaloids	0,0,0,0,0,0,0,0,0,0,0,0,0,1,0,0,0,0,1,0,0,0,0	0,0,0,1,1,1,1,1,0,0,0,0,0,1,1,0,0,0,1,1,0,0,1	-0.050970,-1.689821,-1.890404,0.661014,0.049965,0.061980,0.156131,0.443144,-1.877502,-0.607655,-2.161108,-0.331520,-0.070334,1.734469,0.321202,-0.200193,-0.639185,-1.406572,1.092203,0.187467,-0.985505,-1.933144,0.244772
Pscu_HCT2_CBI83579.1	Pscu_HCT2_CBI83579.1	acceptor_superclass::Flavonoids;acceptor_superclass::Phenolic acids (C6-C1);acceptor_superclass::Tyrosine alkaloids	acceptor_superclass::Coumarins;acceptor_superclass::Fatty Acids and Conjugates;acceptor_superclass::Flavonoids;acceptor_superclass::Isoflavonoids;acceptor_superclass::Phenanthrenoids;acceptor_superclass::Phenolic acids (C6-C1);acceptor_superclass::Small peptides;acceptor_superclass::Steroids;acceptor_superclass::Tyrosine alkaloids	0,0,0,0,0,1,0,0,0,0,0,0,0,1,0,0,0,0,0,0,0,0,1	1,0,0,1,0,1,1,0,0,0,0,0,1,1,0,0,0,0,1,1,0,0,1	0.273837,-0.712999,-0.472141,0.296998,-0.039799,0.084436,0.304700,-0.217990,-0.562944,-0.406767,-0.587340,-0.106638,0.317377,0.301336,-0.108532,-0.071095,-0.163354,-0.652190,0.276218,0.021006,-0.075842,-0.473110,0.183911
Pscu_RAS_CAK55166.1	Pscu_RAS_CAK55166.1		acceptor_superclass::Fatty Acids and Conjugates;acceptor_superclass::Phenolic acids (C6-C1);acceptor_superclass::Phenylethanoids (C6-C2);acceptor_superclass::Small peptides;acceptor_superclass::Tyrosine alkaloids	0,0,0,0,0,0,0,0,0,0,0,0,0,0,0,0,0,0,0,0,0,0,0	0,0,0,1,0,0,0,0,0,0,0,0,0,1,1,0,0,0,1,0,0,0,1	-1.751020,-1.442632,-4.745697,0.974138,-0.662232,-1.436603,-2.914112,-6.955349,-2.835752,-0.754926,-2.746866,-0.144687,-1.448558,2.125251,0.412186,-0.253340,-0.633782,-1.079160,1.131821,-1.943250,-0.503024,-2.127185,0.428028
Psom_SALAT_AAK73661.1	Psom_SALAT_AAK73661.1	acceptor_superclass::Tyrosine alkaloids	acceptor_superclass::Coumarins;acceptor_superclass::Cyclic polyketides;acceptor_superclass::Diterpenoids;acceptor_superclass::Fatty acyls;acceptor_superclass::Lignans;acceptor_superclass::Lysine alkaloids;acceptor_superclass::Monoterpenoids;acceptor_superclass::Naphthalenes;acceptor_superclass::Phenanthrenoids;acceptor_superclass::Phenylethanoids (C6-C2);acceptor_superclass::Phenylpropanoids (C6-C3);acceptor_superclass::Saccharides;acceptor_superclass::Triterpenoids;acceptor_superclass::Tryptophan alkaloids	0,0,0,0,0,0,0,0,0,0,0,0,0,0,0,0,0,0,0,0,0,0,1	1,1,1,0,1,0,0,1,1,1,1,0,1,0,1,1,0,1,0,0,1,1,0	0.210613,0.026979,0.101827,-0.456895,0.008567,-0.045224,-0.132055,0.107971,0.053219,0.030078,0.099964,-0.136178,0.290634,-0.780445,0.053028,0.126962,-0.041434,0.266912,-0.741882,-0.119177,0.131858,0.196538,-0.281923
Ptri_BEBT_AJD25145.1	Ptri_BEBT_AJD25145.1		acceptor_superclass::Fatty acyls;acceptor_superclass::Lysine alkaloids;acceptor_superclass::Monoterpenoids;acceptor_superclass::Naphthalenes;acceptor_superclass::Phenanthrenoids;acceptor_superclass::Phenylethanoids (C6-C2);acceptor_superclass::Phenylpropanoids (C6-C3)	0,0,0,0,0,0,0,0,0,0,0,0,0,0,0,0,0,0,0,0,0,0,0	0,0,0,0,1,0,0,0,1,1,1,0,1,0,1,1,0,0,0,0,0,0,0	-0.691554,-0.376028,-0.115824,-0.413592,0.233446,-0.239441,-0.260190,-0.019735,0.002996,0.190586,0.014767,-0.124865,0.061758,-0.895217,0.028377,0.244447,-0.003255,-0.014967,-0.400239,-0.075092,-0.097934,-0.002711,-0.125840
Ptri_FHT1_AGJ03151.1	Ptri_FHT1_AGJ03151.1	acceptor_superclass::Fatty Acids and Conjugates;acceptor_superclass::Fatty acyls	acceptor_superclass::Coumarins;acceptor_superclass::Fatty Acids and Conjugates;acceptor_superclass::Flavonoids;acceptor_superclass::Isoflavonoids;acceptor_superclass::Ornithine alkaloids;acceptor_superclass::Phenanthrenoids;acceptor_superclass::Phenolic acids (C6-C1);acceptor_superclass::Phenylpropanoids (C6-C3);acceptor_superclass::Small peptides;acceptor_superclass::Tyrosine alkaloids	0,0,0,1,1,0,0,0,0,0,0,0,0,0,0,0,0,0,0,0,0,0,0	1,0,0,1,0,1,1,0,0,0,0,1,1,1,0,1,0,0,1,0,0,0,1	0.554870,-1.120746,-1.317324,0.838440,-0.290162,0.260946,0.606751,-0.451100,-1.309904,-0.658017,-1.418771,0.138958,0.567178,1.128637,-0.268000,0.046127,-0.316426,-0.746750,0.785150,-0.141636,-1.218378,-0.991097,0.409210
Ptri_HBMT1_PNT60021.1	Ptri_HBMT1_PNT60021.1	acceptor_superclass::Phenylpropanoids (C6-C3)	acceptor_superclass::Fatty Acids and Conjugates;acceptor_superclass::Fatty acyls;acceptor_superclass::Phenolic acids (C6-C1);acceptor_superclass::Phenylethanoids (C6-C2);acceptor_superclass::Phenylpropanoids (C6-C3);acceptor_superclass::Tyrosine alkaloids	0,0,0,0,0,0,0,0,0,0,0,0,0,0,0,1,0,0,0,0,0,0,0	0,0,0,1,1,0,0,0,0,0,0,0,0,1,1,1,0,0,0,0,0,0,1	-3.057310,-1.003556,-2.523113,0.023215,0.063762,-1.368211,-3.853018,-4.145336,-1.160263,-0.126349,-1.559220,-0.616162,-1.331976,0.083464,0.193678,0.048967,-0.567623,-0.776528,-0.048704,-3.348073,-0.206410,-1.186010,0.139051
Ptri_HCT6_PNT52620.1	Ptri_HCT6_PNT52620.1	acceptor_superclass::Phenolic acids (C6-C1);acceptor_superclass::Small peptides	acceptor_superclass::Coumarins;acceptor_superclass::Fatty Acids and Conjugates;acceptor_superclass::Fatty acyls;acceptor_superclass::Lignans;acceptor_superclass::Monoterpenoids;acceptor_superclass::Phenanthrenoids;acceptor_superclass::Phenolic acids (C6-C1);acceptor_superclass::Phenylethanoids (C6-C2);acceptor_superclass::Phenylpropanoids (C6-C3);acceptor_superclass::Small peptides;acceptor_superclass::Steroids;acceptor_superclass::Tyrosine alkaloids	0,0,0,0,0,0,0,0,0,0,0,0,0,1,0,0,0,0,1,0,0,0,0	1,0,0,1,1,0,0,1,0,1,0,0,1,1,1,1,0,0,1,1,0,0,1	0.131222,-1.447051,-0.865747,0.425129,0.310579,-0.020570,-0.010943,0.148472,-0.828721,0.098758,-0.440710,-0.039068,0.318046,0.282186,0.325971,0.146834,-0.020643,-0.766755,0.368691,0.197619,-0.335497,-0.663697,0.140394
Ptri_HBMT1_PNT60021.1	Ptri_PHBMT1_AJD79571.1	acceptor_superclass::Phenylpropanoids (C6-C3)	acceptor_superclass::Fatty Acids and Conjugates;acceptor_superclass::Fatty acyls;acceptor_superclass::Phenolic acids (C6-C1);acceptor_superclass::Phenylethanoids (C6-C2);acceptor_superclass::Phenylpropanoids (C6-C3);acceptor_superclass::Tyrosine alkaloids	0,0,0,0,0,0,0,0,0,0,0,0,0,0,0,1,0,0,0,0,0,0,0	0,0,0,1,1,0,0,0,0,0,0,0,0,1,1,1,0,0,0,0,0,0,1	-3.057310,-1.003556,-2.523113,0.023215,0.063762,-1.368211,-3.853018,-4.145336,-1.160263,-0.126349,-1.559220,-0.616162,-1.331976,0.083464,0.193678,0.048967,-0.567623,-0.776528,-0.048704,-3.348073,-0.206410,-1.186010,0.139051
Ptri_SABT_AJD25144.1	Ptri_SABT_AJD25144.1	acceptor_superclass::Phenylpropanoids (C6-C3)	acceptor_superclass::Fatty acyls;acceptor_superclass::Monoterpenoids;acceptor_superclass::Phenanthrenoids;acceptor_superclass::Phenylethanoids (C6-C2);acceptor_superclass::Phenylpropanoids (C6-C3)	0,0,0,0,0,0,0,0,0,0,0,0,0,0,0,1,0,0,0,0,0,0,0	0,0,0,0,1,0,0,0,0,1,0,0,1,0,1,1,0,0,0,0,0,0,0	-0.552517,-0.490789,-0.203201,-0.292467,0.233257,-0.202953,-0.214997,-0.003055,-0.099804,0.167133,-0.033993,-0.112720,0.093450,-0.706873,0.067469,0.216733,-0.005806,-0.111075,-0.294448,-0.036533,-0.115729,-0.076709,-0.088750
Pvir_FMT_KAG2630178.1	Pvir_FMT_KAG2630178.1	acceptor_superclass::Phenylpropanoids (C6-C3)	acceptor_superclass::Cyclic polyketides;acceptor_superclass::Diterpenoids;acceptor_superclass::Fatty acyls;acceptor_superclass::Lysine alkaloids;acceptor_superclass::Monoterpenoids;acceptor_superclass::Naphthalenes;acceptor_superclass::Phenylpropanoids (C6-C3);acceptor_superclass::Pseudoalkaloids;acceptor_superclass::Saccharides;acceptor_superclass::Triterpenoids;acceptor_superclass::Tryptophan alkaloids	0,0,0,0,0,0,0,0,0,0,0,0,0,0,0,1,0,0,0,0,0,0,0	0,1,1,0,1,0,0,0,1,1,1,0,0,0,0,1,1,1,0,0,1,1,0	-1.054692,0.226863,0.263000,-0.822816,0.172762,-0.341713,-0.336694,-0.138011,0.403632,0.207123,0.281219,-0.146902,-0.065132,-1.476991,-0.140551,0.270477,0.056700,0.385867,-0.802029,-0.173214,0.023142,0.340228,-0.261105
Pvir_HCT1a_BAO20883.1	Pvir_HCT1a_BAO20883.1	acceptor_superclass::Phenolic acids (C6-C1)	acceptor_superclass::Fatty Acids and Conjugates;acceptor_superclass::Fatty acyls;acceptor_superclass::Flavonoids;acceptor_superclass::Isoflavonoids;acceptor_superclass::Lignans;acceptor_superclass::Phenolic acids (C6-C1);acceptor_superclass::Phenylethanoids (C6-C2);acceptor_superclass::Small peptides;acceptor_superclass::Steroids;acceptor_superclass::Tyrosine alkaloids	0,0,0,0,0,0,0,0,0,0,0,0,0,1,0,0,0,0,0,0,0,0,0	0,0,0,1,1,1,1,1,0,0,0,0,0,1,1,0,0,0,1,1,0,0,1	-0.018822,-1.865503,-2.152552,0.759073,0.032379,0.103590,0.242348,0.573471,-2.151318,-0.683487,-2.435041,-0.355153,-0.024089,2.092719,0.373179,-0.245680,-0.705155,-1.611894,1.352988,0.223991,-1.105392,-2.191304,0.296122
Pvir_HCT2a_AGM90558.1	Pvir_HCT2a_AGM90558.1	acceptor_superclass::Phenolic acids (C6-C1);acceptor_superclass::Phenylpropanoids (C6-C3);acceptor_superclass::Small peptides	acceptor_superclass::Coumarins;acceptor_superclass::Fatty Acids and Conjugates;acceptor_superclass::Flavonoids;acceptor_superclass::Isoflavonoids;acceptor_superclass::Phenanthrenoids;acceptor_superclass::Phenolic acids (C6-C1);acceptor_superclass::Small peptides;acceptor_superclass::Steroids;acceptor_superclass::Tyrosine alkaloids	0,0,0,0,0,0,0,0,0,0,0,0,0,1,0,1,0,0,1,0,0,0,0	1,0,0,1,0,1,1,0,0,0,0,0,1,1,0,0,0,0,1,1,0,0,1	0.349589,-0.925684,-0.623332,0.450966,-0.069034,0.130245,0.420472,-0.303476,-0.760598,-0.508580,-0.753926,-0.116817,0.368686,0.478744,-0.153536,-0.145428,-0.178495,-0.819025,0.421155,0.053048,-0.084777,-0.633612,0.289259
Pvir_PMT_KAG2616253.1	Pvir_PMT_KAG2616253.1	acceptor_superclass::Phenylpropanoids (C6-C3)	acceptor_superclass::Fatty acyls;acceptor_superclass::Phenylpropanoids (C6-C3)	0,0,0,0,0,0,0,0,0,0,0,0,0,0,0,1,0,0,0,0,0,0,0	0,0,0,0,1,0,0,0,0,0,0,0,0,0,0,1,0,0,0,0,0,0,0	-0.132403,-0.368833,-0.221662,-0.170775,0.107093,-0.109168,-0.311233,-0.534007,-0.162550,-0.175841,-0.392778,-0.132750,-0.138055,-0.859527,-0.008659,0.074361,-0.175146,-0.015387,-0.758003,-0.002671,-0.166963,-0.278320,-0.181152
Pvul_HHHT_AOX15526.1	Pvul_HHHT_AOX15526.1	acceptor_superclass::Fatty Acids and Conjugates	acceptor_superclass::Coumarins;acceptor_superclass::Fatty Acids and Conjugates;acceptor_superclass::Flavonoids;acceptor_superclass::Isoflavonoids;acceptor_superclass::Phenanthrenoids;acceptor_superclass::Phenolic acids (C6-C1);acceptor_superclass::Small peptides;acceptor_superclass::Tyrosine alkaloids	0,0,0,1,0,0,0,0,0,0,0,0,0,0,0,0,0,0,0,0,0,0,0	1,0,0,1,0,1,1,0,0,0,0,0,1,1,0,0,0,0,1,0,0,0,1	0.256608,-0.480514,-0.306032,0.098793,-0.034653,0.059123,0.194229,-0.132760,-0.376870,-0.253462,-0.374091,-0.100772,0.295470,0.057469,-0.034548,-0.025594,-0.118678,-0.388187,0.022901,-0.002377,-0.038968,-0.303525,0.069338
Rcan_SHT_QNO39111.1	Rcan_SHT_QNO39111.1	acceptor_superclass::Ornithine alkaloids	acceptor_superclass::Coumarins;acceptor_superclass::Fatty Acids and Conjugates;acceptor_superclass::Flavonoids;acceptor_superclass::Isoflavonoids;acceptor_superclass::Phenanthrenoids;acceptor_superclass::Triterpenoids;acceptor_superclass::Tyrosine alkaloids	0,0,0,0,0,0,0,0,0,0,0,1,0,0,0,0,0,0,0,0,0,0,0	1,0,0,1,0,1,1,0,0,0,0,0,1,0,0,0,0,0,0,0,1,0,1	0.247996,-0.446421,-0.270267,0.052201,-0.025953,0.038506,0.149249,-0.110936,-0.356079,-0.248665,-0.342542,-0.107234,0.292189,-0.028375,-0.039051,-0.006503,-0.112922,-0.328003,-0.056310,-0.027352,0.000010,-0.241897,0.039520
Rcom_SHT_QNO39108.1	Rcom_SHT_QNO39108.1	acceptor_superclass::Ornithine alkaloids	acceptor_superclass::Coumarins;acceptor_superclass::Fatty Acids and Conjugates;acceptor_superclass::Fatty acyls;acceptor_superclass::Flavonoids;acceptor_superclass::Isoflavonoids;acceptor_superclass::Lignans;acceptor_superclass::Monoterpenoids;acceptor_superclass::Phenanthrenoids;acceptor_superclass::Phenolic acids (C6-C1);acceptor_superclass::Phenylethanoids (C6-C2);acceptor_superclass::Phenylpropanoids (C6-C3);acceptor_superclass::Pseudoalkaloids;acceptor_superclass::Small peptides;acceptor_superclass::Steroids;acceptor_superclass::Tyrosine alkaloids	0,0,0,0,0,0,0,0,0,0,0,1,0,0,0,0,0,0,0,0,0,0,0	1,0,0,1,1,1,1,1,0,1,0,0,1,1,1,1,1,0,1,1,0,0,1	0.200625,-1.417783,-0.884473,0.444479,0.297321,0.006981,0.037527,0.128887,-0.853993,0.083212,-0.420449,-0.029412,0.332431,0.317270,0.323384,0.129381,0.014993,-0.775297,0.380399,0.233093,-0.336070,-0.672596,0.143747
Rglu_AT1_WEX29776.1	Rglu_AT1_WEX29776.1	acceptor_superclass::Phenylethanoids (C6-C2)	acceptor_superclass::Fatty Acids and Conjugates;acceptor_superclass::Ornithine alkaloids;acceptor_superclass::Phenolic acids (C6-C1);acceptor_superclass::Phenylethanoids (C6-C2);acceptor_superclass::Small peptides;acceptor_superclass::Tyrosine alkaloids	0,0,0,0,0,0,0,0,0,0,0,0,0,0,1,0,0,0,0,0,0,0,0	0,0,0,1,0,0,0,0,0,0,0,1,0,1,1,0,0,0,1,0,0,0,1	-1.497664,-1.925432,-6.730378,1.723426,-1.324741,-1.903778,-3.005368,-10.018385,-4.698183,-1.203955,-3.813354,0.327085,-1.561567,3.318039,0.975319,-0.310312,-0.610167,-0.941404,1.689159,-1.767363,-0.836736,-2.916093,0.332788
Rhyb_AAT1_AAW31948.1	Rhyb_AAT1_AAW31948.1	acceptor_superclass::Fatty acyls;acceptor_superclass::Monoterpenoids;acceptor_superclass::Phenylethanoids (C6-C2)	acceptor_superclass::Coumarins;acceptor_superclass::Flavonoids;acceptor_superclass::Lignans;acceptor_superclass::Phenanthrenoids;acceptor_superclass::Phenylethanoids (C6-C2);acceptor_superclass::Phenylpropanoids (C6-C3);acceptor_superclass::Saccharides;acceptor_superclass::Steroids	0,0,0,0,1,0,0,0,0,1,0,0,0,0,1,0,0,0,0,0,0,0,0	1,0,0,0,0,1,0,1,0,0,0,0,1,0,1,1,0,1,0,1,0,0,0	0.107689,-0.065357,-0.184837,-0.278152,-0.012722,0.061943,-0.072088,0.058938,-0.031224,-0.020641,-0.146140,-0.165116,0.080745,-0.800130,0.029255,0.139415,-0.050991,0.007286,-1.051486,0.164737,-0.150325,-0.045152,-0.141448
Rser_VS_CAD89104.2	Rser_ACT_CAD89104.2	acceptor_superclass::Tryptophan alkaloids	acceptor_superclass::Diterpenoids;acceptor_superclass::Fatty acyls;acceptor_superclass::Lysine alkaloids;acceptor_superclass::Phenylpropanoids (C6-C3);acceptor_superclass::Saccharides;acceptor_superclass::Triterpenoids;acceptor_superclass::Tryptophan alkaloids	0,0,0,0,0,0,0,0,0,0,0,0,0,0,0,0,0,0,0,0,0,1,0	0,0,1,0,1,0,0,0,1,0,0,0,0,0,0,1,0,1,0,0,1,1,0	-0.262351,-0.190124,0.146962,-0.406450,0.111150,-0.262787,-0.596381,-0.946222,0.063724,-0.105975,-0.013618,-0.150332,-0.276576,-1.665018,-0.113825,0.122390,-0.168714,0.434571,-1.340511,-0.133754,0.064167,0.184650,-0.229246
Rser_VS_CAD89104.2	Rser_VS_CAD89104.2	acceptor_superclass::Tryptophan alkaloids	acceptor_superclass::Coumarins;acceptor_superclass::Flavonoids;acceptor_superclass::Lignans;acceptor_superclass::Phenanthrenoids;acceptor_superclass::Phenylethanoids (C6-C2);acceptor_superclass::Phenylpropanoids (C6-C3);acceptor_superclass::Saccharides;acceptor_superclass::Steroids	0,0,0,0,0,0,0,0,0,0,0,0,0,0,0,0,0,0,0,0,0,1,0	1,0,0,0,0,1,0,1,0,0,0,0,1,0,1,1,0,1,0,1,0,0,0	0.150988,-0.251709,-0.341275,-0.163899,-0.060135,0.053477,-0.043377,0.006208,-0.231603,-0.134104,-0.334780,-0.202224,0.113989,-0.660960,0.014232,0.144926,-0.136255,0.002774,-0.989680,0.120981,-0.290007,-0.141803,-0.092597
Rser_YAT_PQ801655	Rser_YAT_PQ801655	acceptor_superclass::Tryptophan alkaloids	acceptor_superclass::Coumarins;acceptor_superclass::Cyclic polyketides;acceptor_superclass::Fatty acyls;acceptor_superclass::Flavonoids;acceptor_superclass::Lignans;acceptor_superclass::Lysine alkaloids;acceptor_superclass::Monoterpenoids;acceptor_superclass::Phenanthrenoids;acceptor_superclass::Phenylethanoids (C6-C2);acceptor_superclass::Phenylpropanoids (C6-C3);acceptor_superclass::Saccharides;acceptor_superclass::Steroids;acceptor_superclass::Tryptophan alkaloids	0,0,0,0,0,0,0,0,0,0,0,0,0,0,0,0,0,0,0,0,0,1,0	1,1,0,0,1,1,0,1,1,1,0,0,1,0,1,1,0,1,0,1,0,1,0	0.034070,0.007883,-0.073515,-0.448662,0.023950,0.004649,-0.225719,0.137184,0.094538,0.031651,-0.045740,-0.264029,0.008123,-1.171005,0.087753,0.175412,-0.075058,0.134135,-1.476741,0.220652,-0.053319,0.067022,-0.217269
Sbic_COSY_OQU75851.1	Sbic_COSY_OQU75851.1		acceptor_superclass::Cyclic polyketides;acceptor_superclass::Diterpenoids;acceptor_superclass::Fatty acyls;acceptor_superclass::Lysine alkaloids;acceptor_superclass::Naphthalenes;acceptor_superclass::Phenylpropanoids (C6-C3);acceptor_superclass::Saccharides;acceptor_superclass::Triterpenoids;acceptor_superclass::Tryptophan alkaloids	0,0,0,0,0,0,0,0,0,0,0,0,0,0,0,0,0,0,0,0,0,0,0	0,1,1,0,1,0,0,0,1,0,1,0,0,0,0,1,0,1,0,0,1,1,0	-0.117912,0.065854,0.273881,-0.480139,0.110077,-0.165117,-0.453036,-0.894053,0.377049,-0.053047,0.177411,-0.072063,-0.109829,-1.800107,-0.139095,0.139696,-0.034833,0.444133,-1.423603,-0.049935,0.106300,0.265329,-0.336555
Sbic_FMT_EES15804.1	Sbic_FMT_EES15804.1	acceptor_superclass::Phenylpropanoids (C6-C3)	acceptor_superclass::Fatty acyls;acceptor_superclass::Phenylpropanoids (C6-C3);acceptor_superclass::Steroids	0,0,0,0,0,0,0,0,0,0,0,0,0,0,0,1,0,0,0,0,0,0,0	0,0,0,0,1,0,0,0,0,0,0,0,0,0,0,1,0,0,0,1,0,0,0	-0.103393,-0.403920,-0.290638,-0.161068,0.107470,-0.089182,-0.270267,-0.530541,-0.226513,-0.200794,-0.452994,-0.144822,-0.098068,-0.840587,-0.003071,0.057693,-0.186909,-0.071715,-0.742227,0.030582,-0.203201,-0.357884,-0.188566
Sbic_HCT_EES05411.1	Sbic_HCT_EES05411.1	acceptor_superclass::Phenolic acids (C6-C1)	acceptor_superclass::Coumarins;acceptor_superclass::Fatty Acids and Conjugates;acceptor_superclass::Flavonoids;acceptor_superclass::Isoflavonoids;acceptor_superclass::Phenanthrenoids;acceptor_superclass::Phenolic acids (C6-C1);acceptor_superclass::Small peptides;acceptor_superclass::Steroids;acceptor_superclass::Tyrosine alkaloids	0,0,0,0,0,0,0,0,0,0,0,0,0,1,0,0,0,0,0,0,0,0,0	1,0,0,1,0,1,1,0,0,0,0,0,1,1,0,0,0,0,1,1,0,0,1	0.358585,-0.906185,-0.615647,0.429618,-0.066401,0.131575,0.415162,-0.292599,-0.745241,-0.502744,-0.746669,-0.116921,0.375370,0.453857,-0.145556,-0.132224,-0.178619,-0.822007,0.401915,0.050750,-0.089758,-0.628978,0.270680
Sbic_PMT_EES17668.1	Sbic_PMT_EES17668.1	acceptor_superclass::Phenylpropanoids (C6-C3)	acceptor_superclass::Coumarins;acceptor_superclass::Cyclic polyketides;acceptor_superclass::Diterpenoids;acceptor_superclass::Fatty acyls;acceptor_superclass::Lignans;acceptor_superclass::Lysine alkaloids;acceptor_superclass::Monoterpenoids;acceptor_superclass::Naphthalenes;acceptor_superclass::Phenanthrenoids;acceptor_superclass::Phenylethanoids (C6-C2);acceptor_superclass::Phenylpropanoids (C6-C3);acceptor_superclass::Saccharides;acceptor_superclass::Triterpenoids;acceptor_superclass::Tryptophan alkaloids	0,0,0,0,0,0,0,0,0,0,0,0,0,0,0,1,0,0,0,0,0,0,0	1,1,1,0,1,0,0,1,1,1,1,0,1,0,1,1,0,1,0,0,1,1,0	0.138385,0.134856,0.236313,-0.540475,0.014572,-0.098989,-0.247464,0.154310,0.209563,0.125457,0.204552,-0.134257,0.210697,-0.899365,0.094830,0.175089,-0.020725,0.432194,-0.859428,-0.168202,0.159003,0.311825,-0.341646
Sche_AAT10422_BCJ78482.1	Sche_AAT10422_BCJ78482.1	acceptor_superclass::Fatty acyls	acceptor_superclass::Coumarins;acceptor_superclass::Fatty acyls;acceptor_superclass::Lignans;acceptor_superclass::Phenanthrenoids;acceptor_superclass::Phenylethanoids (C6-C2);acceptor_superclass::Phenylpropanoids (C6-C3);acceptor_superclass::Saccharides;acceptor_superclass::Triterpenoids;acceptor_superclass::Tryptophan alkaloids	0,0,0,0,1,0,0,0,0,0,0,0,0,0,0,0,0,0,0,0,0,0,0	1,0,0,0,1,0,0,1,0,0,0,0,1,0,1,1,0,1,0,0,1,1,0	0.212103,-0.164747,-0.028860,-0.270952,0.007246,-0.023349,-0.048591,0.035454,-0.065170,-0.075730,-0.090711,-0.135948,0.292279,-0.516404,0.022019,0.095240,-0.075609,0.042996,-0.502855,-0.103885,0.060945,0.030946,-0.192847
Schi_CFAT_URQ03862.1	Schi_CFAT_URQ03862.1	acceptor_superclass::Lignans;acceptor_superclass::Phenylpropanoids (C6-C3)	acceptor_superclass::Diterpenoids;acceptor_superclass::Fatty acyls;acceptor_superclass::Lysine alkaloids;acceptor_superclass::Phenylpropanoids (C6-C3);acceptor_superclass::Saccharides;acceptor_superclass::Tryptophan alkaloids	0,0,0,0,0,0,0,1,0,0,0,0,0,0,0,1,0,0,0,0,0,0,0	0,0,1,0,1,0,0,0,1,0,0,0,0,0,0,1,0,1,0,0,0,1,0	-0.271334,-0.305037,0.018444,-0.400400,0.154195,-0.261654,-0.612614,-0.963907,0.036266,-0.159164,-0.174726,-0.172568,-0.275995,-1.651768,-0.110400,0.132400,-0.209604,0.277346,-1.402941,-0.080599,-0.037474,0.021877,-0.271018
Schm_AAT11306_BCJ78485.1	Schm_AAT11306_BCJ78485.1	acceptor_superclass::Fatty acyls	acceptor_superclass::Coumarins;acceptor_superclass::Flavonoids;acceptor_superclass::Isoflavonoids;acceptor_superclass::Phenanthrenoids;acceptor_superclass::Phenylpropanoids (C6-C3);acceptor_superclass::Steroids	0,0,0,0,1,0,0,0,0,0,0,0,0,0,0,0,0,0,0,0,0,0,0	1,0,0,0,0,1,1,0,0,0,0,0,1,0,0,1,0,0,0,1,0,0,0	0.208987,-0.339014,-0.479067,-0.105891,-0.055414,0.119261,0.018433,-0.032072,-0.313784,-0.168843,-0.512833,-0.158082,0.209326,-0.596701,-0.005986,0.177474,-0.143553,-0.134967,-0.951300,0.126233,-0.448027,-0.265038,-0.049482
Scru_3MAT_AAO38058	Scru_3MAT_AAO38058		acceptor_superclass::Coumarins;acceptor_superclass::Fatty Acids and Conjugates;acceptor_superclass::Flavonoids;acceptor_superclass::Isoflavonoids;acceptor_superclass::Phenanthrenoids;acceptor_superclass::Phenylpropanoids (C6-C3);acceptor_superclass::Steroids;acceptor_superclass::Tyrosine alkaloids	0,0,0,0,0,0,0,0,0,0,0,0,0,0,0,0,0,0,0,0,0,0,0	1,0,0,1,0,1,1,0,0,0,0,0,1,0,0,1,0,0,0,1,0,0,1	0.350253,-0.456257,-0.673993,0.073790,-0.121248,0.218743,0.224246,-0.122622,-0.550519,-0.247551,-0.664343,-0.081909,0.357520,-0.259780,-0.078741,0.114597,-0.136746,-0.307285,-0.592821,0.125172,-0.601972,-0.407169,0.014145
Sfal_HFT-like_KAH8954438.1	Sfal_HFT-like_KAH8954438.1	acceptor_superclass::Fatty Acids and Conjugates;acceptor_superclass::Fatty acyls	acceptor_superclass::Fatty acyls;acceptor_superclass::Lignans;acceptor_superclass::Monoterpenoids;acceptor_superclass::Phenanthrenoids;acceptor_superclass::Phenylethanoids (C6-C2);acceptor_superclass::Phenylpropanoids (C6-C3);acceptor_superclass::Pseudoalkaloids	0,0,0,1,1,0,0,0,0,0,0,0,0,0,0,0,0,0,0,0,0,0,0	0,0,0,0,1,0,0,1,0,1,0,0,1,0,1,1,1,0,0,0,0,0,0	-0.445868,-0.568139,-0.263981,-0.186281,0.225962,-0.181750,-0.175960,0.019682,-0.178521,0.147523,-0.075514,-0.092560,0.105477,-0.552235,0.092330,0.198981,0.004441,-0.164313,-0.190560,-0.006003,-0.139692,-0.143645,-0.057217
Sgal_AAT10483_BCJ78483.1	Sgal_AAT10483_BCJ78483.1	acceptor_superclass::Fatty acyls	acceptor_superclass::Cyclic polyketides;acceptor_superclass::Diterpenoids;acceptor_superclass::Fatty acyls;acceptor_superclass::Lysine alkaloids;acceptor_superclass::Monoterpenoids;acceptor_superclass::Naphthalenes;acceptor_superclass::Phenylpropanoids (C6-C3);acceptor_superclass::Pseudoalkaloids;acceptor_superclass::Saccharides;acceptor_superclass::Tryptophan alkaloids	0,0,0,0,1,0,0,0,0,0,0,0,0,0,0,0,0,0,0,0,0,0,0	0,1,1,0,1,0,0,0,1,1,1,0,0,0,0,1,1,1,0,0,0,1,0	-1.136958,0.082301,0.205198,-0.844241,0.216535,-0.365212,-0.384189,-0.121166,0.367503,0.241295,0.240390,-0.170411,-0.039631,-1.540856,-0.116678,0.314650,0.032660,0.338830,-0.800509,-0.190700,-0.010825,0.291686,-0.259125
Sgla_HQT1_WYJ75404.1	Sgla_HQT1_WYJ75404.1	acceptor_superclass::Phenolic acids (C6-C1);acceptor_superclass::Small peptides	acceptor_superclass::Coumarins;acceptor_superclass::Fatty Acids and Conjugates;acceptor_superclass::Fatty acyls;acceptor_superclass::Lignans;acceptor_superclass::Monoterpenoids;acceptor_superclass::Phenanthrenoids;acceptor_superclass::Phenolic acids (C6-C1);acceptor_superclass::Phenylethanoids (C6-C2);acceptor_superclass::Phenylpropanoids (C6-C3);acceptor_superclass::Small peptides;acceptor_superclass::Steroids;acceptor_superclass::Tyrosine alkaloids	0,0,0,0,0,0,0,0,0,0,0,0,0,1,0,0,0,0,1,0,0,0,0	1,0,0,1,1,0,0,1,0,1,0,0,1,1,1,1,0,0,1,1,0,0,1	0.103861,-1.397464,-0.831483,0.395084,0.296080,-0.030243,-0.017412,0.147408,-0.792991,0.095802,-0.411910,-0.046229,0.298702,0.252589,0.322952,0.142696,-0.019352,-0.720592,0.347298,0.185421,-0.318059,-0.625368,0.127466
Sgla_HQT2_WYJ75406.1	Sgla_HQT2_WYJ75406.1	acceptor_superclass::Phenolic acids (C6-C1)	acceptor_superclass::Coumarins;acceptor_superclass::Fatty Acids and Conjugates;acceptor_superclass::Fatty acyls;acceptor_superclass::Lignans;acceptor_superclass::Monoterpenoids;acceptor_superclass::Phenanthrenoids;acceptor_superclass::Phenolic acids (C6-C1);acceptor_superclass::Phenylethanoids (C6-C2);acceptor_superclass::Phenylpropanoids (C6-C3);acceptor_superclass::Small peptides;acceptor_superclass::Steroids;acceptor_superclass::Tyrosine alkaloids	0,0,0,0,0,0,0,0,0,0,0,0,0,1,0,0,0,0,0,0,0,0,0	1,0,0,1,1,0,0,1,0,1,0,0,1,1,1,1,0,0,1,1,0,0,1	0.066126,-1.216771,-0.741302,0.314182,0.277474,-0.029664,-0.009143,0.115917,-0.697116,0.092082,-0.351291,-0.041954,0.268916,0.164422,0.267478,0.136468,-0.000855,-0.638843,0.273504,0.169120,-0.284246,-0.545009,0.101024
Sgla_HST_WYJ75403.1	Sgla_HST_WYJ75403.1	acceptor_superclass::Phenolic acids (C6-C1);acceptor_superclass::Small peptides	acceptor_superclass::Fatty Acids and Conjugates;acceptor_superclass::Fatty acyls;acceptor_superclass::Flavonoids;acceptor_superclass::Isoflavonoids;acceptor_superclass::Lignans;acceptor_superclass::Phenolic acids (C6-C1);acceptor_superclass::Phenylethanoids (C6-C2);acceptor_superclass::Small peptides;acceptor_superclass::Steroids;acceptor_superclass::Tyrosine alkaloids	0,0,0,0,0,0,0,0,0,0,0,0,0,1,0,0,0,0,1,0,0,0,0	0,0,0,1,1,1,1,1,0,0,0,0,0,1,1,0,0,0,1,1,0,0,1	-0.043847,-1.835191,-2.096392,0.733612,0.046707,0.083630,0.191494,0.534509,-2.081160,-0.664526,-2.397808,-0.353892,-0.057790,1.986824,0.361588,-0.230383,-0.696853,-1.564903,1.264000,0.209822,-1.084972,-2.135122,0.273457
Sgla_RAS_WYJ75405.1	Sgla_RAS_WYJ75405.1	acceptor_superclass::Phenolic acids (C6-C1);acceptor_superclass::Small peptides;acceptor_superclass::Tyrosine alkaloids	acceptor_superclass::Fatty Acids and Conjugates;acceptor_superclass::Ornithine alkaloids;acceptor_superclass::Phenolic acids (C6-C1);acceptor_superclass::Phenylethanoids (C6-C2);acceptor_superclass::Small peptides;acceptor_superclass::Tyrosine alkaloids	0,0,0,0,0,0,0,0,0,0,0,0,0,1,0,0,0,0,1,0,0,0,1	0,0,0,1,0,0,0,0,0,0,0,1,0,1,1,0,0,0,1,0,0,0,1	-1.272882,-2.280258,-8.030617,2.014257,-1.673700,-1.935562,-2.919245,-11.876275,-5.701639,-1.571870,-4.471271,0.335491,-1.677834,4.027082,0.980075,-0.523247,-0.812992,-1.201082,2.019464,-1.516639,-1.047494,-3.503506,0.439411
Shab_AAT11777_BCJ78486.1	Shab_AAT11777_BCJ78486.1	acceptor_superclass::Fatty acyls	acceptor_superclass::Coumarins;acceptor_superclass::Fatty acyls;acceptor_superclass::Lignans;acceptor_superclass::Phenanthrenoids;acceptor_superclass::Phenylethanoids (C6-C2);acceptor_superclass::Phenylpropanoids (C6-C3);acceptor_superclass::Saccharides;acceptor_superclass::Triterpenoids;acceptor_superclass::Tryptophan alkaloids	0,0,0,0,1,0,0,0,0,0,0,0,0,0,0,0,0,0,0,0,0,0,0	1,0,0,0,1,0,0,1,0,0,0,0,1,0,1,1,0,1,0,0,1,1,0	0.234397,-0.194858,-0.056469,-0.248183,0.006076,-0.010789,-0.018886,0.021846,-0.094291,-0.092402,-0.118523,-0.136761,0.309200,-0.487481,0.019202,0.085813,-0.079055,0.006841,-0.477181,-0.095092,0.053812,0.000237,-0.176360
Shab_ASAT2_ALU64009.1	Shab_ASAT2_ALU64009.1		acceptor_superclass::Cyclic polyketides;acceptor_superclass::Diterpenoids;acceptor_superclass::Fatty acyls;acceptor_superclass::Lysine alkaloids;acceptor_superclass::Monoterpenoids;acceptor_superclass::Naphthalenes;acceptor_superclass::Phenylpropanoids (C6-C3);acceptor_superclass::Pseudoalkaloids;acceptor_superclass::Saccharides;acceptor_superclass::Triterpenoids;acceptor_superclass::Tryptophan alkaloids	0,0,0,0,0,0,0,0,0,0,0,0,0,0,0,0,0,0,0,0,0,0,0	0,1,1,0,1,0,0,0,1,1,1,0,0,0,0,1,1,1,0,0,1,1,0	-1.717442,0.630531,0.614110,-1.404424,0.186907,-0.523578,-0.551996,-0.214202,0.827211,0.303827,0.558718,-0.256121,-0.173712,-2.365444,-0.279734,0.401375,0.066712,0.807926,-1.322933,-0.345944,0.118873,0.686930,-0.433838
Shab_ASAT3-F_AJF98584.1	Shab_ASAT3-F_AJF98584.1		acceptor_superclass::Fatty acyls;acceptor_superclass::Lysine alkaloids;acceptor_superclass::Monoterpenoids;acceptor_superclass::Naphthalenes;acceptor_superclass::Triterpenoids;acceptor_superclass::Tryptophan alkaloids	0,0,0,0,0,0,0,0,0,0,0,0,0,0,0,0,0,0,0,0,0,0,0	0,0,0,0,1,0,0,0,1,1,1,0,0,0,0,0,0,0,0,0,1,1,0	-4.291340,-0.164741,-0.000578,-1.643416,0.143009,-0.546462,-4.330624,-0.959869,0.014201,0.125342,0.500123,-1.287578,-0.432929,-3.499250,-0.186957,-0.024161,-0.430944,-0.243349,-2.123228,-4.906069,0.042451,0.228941,-0.312443
Shab_ASAT3-P_AJF98591.1	Shab_ASAT3-P_AJF98591.1		acceptor_superclass::Coumarins;acceptor_superclass::Cyclic polyketides;acceptor_superclass::Diterpenoids;acceptor_superclass::Fatty acyls;acceptor_superclass::Lignans;acceptor_superclass::Lysine alkaloids;acceptor_superclass::Monoterpenoids;acceptor_superclass::Naphthalenes;acceptor_superclass::Phenanthrenoids;acceptor_superclass::Phenylethanoids (C6-C2);acceptor_superclass::Phenylpropanoids (C6-C3);acceptor_superclass::Saccharides;acceptor_superclass::Triterpenoids;acceptor_superclass::Tryptophan alkaloids	0,0,0,0,0,0,0,0,0,0,0,0,0,0,0,0,0,0,0,0,0,0,0	1,1,1,0,1,0,0,1,1,1,1,0,1,0,1,1,0,1,0,0,1,1,0	0.160060,0.313770,0.362138,-0.773958,0.030140,-0.119269,-0.342959,0.250542,0.356030,0.219909,0.385763,-0.160048,0.247764,-1.234199,0.119256,0.225545,-0.001100,0.664826,-1.175564,-0.185914,0.221782,0.490685,-0.483603
Sind_AT1_BEE35702.1	Sind_AT1_BEE35702.1	acceptor_superclass::Phenylethanoids (C6-C2)	acceptor_superclass::Coumarins;acceptor_superclass::Fatty Acids and Conjugates;acceptor_superclass::Flavonoids;acceptor_superclass::Isoflavonoids;acceptor_superclass::Phenanthrenoids;acceptor_superclass::Phenolic acids (C6-C1);acceptor_superclass::Small peptides;acceptor_superclass::Steroids;acceptor_superclass::Tyrosine alkaloids	0,0,0,0,0,0,0,0,0,0,0,0,0,0,1,0,0,0,0,0,0,0,0	1,0,0,1,0,1,1,0,0,0,0,0,1,1,0,0,0,0,1,1,0,0,1	0.401919,-1.019480,-0.707940,0.522118,-0.088671,0.159464,0.484551,-0.345375,-0.855421,-0.564896,-0.850507,-0.123271,0.409383,0.586305,-0.153286,-0.165823,-0.196765,-0.948978,0.512006,0.076020,-0.118916,-0.741275,0.327816
Sind_AT2_BEE35703.1	Sind_AT2_BEE35703.1	acceptor_superclass::Phenylethanoids (C6-C2)	acceptor_superclass::Coumarins;acceptor_superclass::Fatty Acids and Conjugates;acceptor_superclass::Flavonoids;acceptor_superclass::Isoflavonoids;acceptor_superclass::Phenanthrenoids;acceptor_superclass::Phenolic acids (C6-C1);acceptor_superclass::Small peptides;acceptor_superclass::Steroids;acceptor_superclass::Tyrosine alkaloids	0,0,0,0,0,0,0,0,0,0,0,0,0,0,1,0,0,0,0,0,0,0,0	1,0,0,1,0,1,1,0,0,0,0,0,1,1,0,0,0,0,1,1,0,0,1	0.339667,-0.798109,-0.547086,0.351444,-0.063141,0.118682,0.362237,-0.258789,-0.666254,-0.443638,-0.661003,-0.113773,0.360456,0.363138,-0.112044,-0.112253,-0.162194,-0.716990,0.311396,0.040109,-0.081334,-0.559222,0.223449
Sind_AT1_BEE35702.1	Sind_SHCT_XP_011083883.1	acceptor_superclass::Phenylethanoids (C6-C2)	acceptor_superclass::Coumarins;acceptor_superclass::Fatty Acids and Conjugates;acceptor_superclass::Flavonoids;acceptor_superclass::Isoflavonoids;acceptor_superclass::Phenanthrenoids;acceptor_superclass::Phenolic acids (C6-C1);acceptor_superclass::Small peptides;acceptor_superclass::Steroids;acceptor_superclass::Tyrosine alkaloids	0,0,0,0,0,0,0,0,0,0,0,0,0,0,1,0,0,0,0,0,0,0,0	1,0,0,1,0,1,1,0,0,0,0,0,1,1,0,0,0,0,1,1,0,0,1	0.401919,-1.019480,-0.707940,0.522118,-0.088671,0.159464,0.484551,-0.345375,-0.855421,-0.564896,-0.850507,-0.123271,0.409383,0.586305,-0.153286,-0.165823,-0.196765,-0.948978,0.512006,0.076020,-0.118916,-0.741275,0.327816
Slyc_AAT1_XP_004244681.1	Slyc_AAT1_XP_004244681.1	acceptor_superclass::Fatty acyls;acceptor_superclass::Phenylethanoids (C6-C2)	acceptor_superclass::Cyclic polyketides;acceptor_superclass::Diterpenoids;acceptor_superclass::Fatty acyls;acceptor_superclass::Lysine alkaloids;acceptor_superclass::Monoterpenoids;acceptor_superclass::Naphthalenes;acceptor_superclass::Phenylpropanoids (C6-C3);acceptor_superclass::Pseudoalkaloids;acceptor_superclass::Saccharides;acceptor_superclass::Triterpenoids;acceptor_superclass::Tryptophan alkaloids	0,0,0,0,1,0,0,0,0,0,0,0,0,0,1,0,0,0,0,0,0,0,0	0,1,1,0,1,0,0,0,1,1,1,0,0,0,0,1,1,1,0,0,1,1,0	-2.735450,1.596630,1.389703,-2.318801,0.146855,-0.822495,-0.859573,-0.398497,1.664545,0.396354,0.986510,-0.331743,-0.508025,-3.637365,-0.586765,0.557768,0.147557,1.662056,-2.118966,-0.637715,0.325248,1.354106,-0.726745
Slyc_PHT1_UTQ10234.1	Slyc_ACT2_XP_004251197.1	acceptor_superclass::Ornithine alkaloids;acceptor_superclass::Pseudoalkaloids	acceptor_superclass::Fatty acyls;acceptor_superclass::Lignans;acceptor_superclass::Monoterpenoids;acceptor_superclass::Phenanthrenoids;acceptor_superclass::Phenylethanoids (C6-C2);acceptor_superclass::Phenylpropanoids (C6-C3);acceptor_superclass::Pseudoalkaloids;acceptor_superclass::Steroids	0,0,0,0,0,0,0,0,0,0,0,1,0,0,0,0,1,0,0,0,0,0,0	0,0,0,0,1,0,0,1,0,1,0,0,1,0,1,1,1,0,0,1,0,0,0	-0.295546,-0.653966,-0.360141,-0.064938,0.217903,-0.140996,-0.109406,0.024919,-0.292632,0.116350,-0.121533,-0.059629,0.129869,-0.350258,0.114864,0.167874,0.029232,-0.255715,-0.078062,0.049220,-0.166493,-0.213470,-0.019630
Slyc_ASAT1_NP_001316332.1	Slyc_ASAT1_NP_001316332.1	acceptor_superclass::Saccharides	acceptor_superclass::Cyclic polyketides;acceptor_superclass::Diterpenoids;acceptor_superclass::Fatty acyls;acceptor_superclass::Lignans;acceptor_superclass::Lysine alkaloids;acceptor_superclass::Monoterpenoids;acceptor_superclass::Naphthalenes;acceptor_superclass::Phenylethanoids (C6-C2);acceptor_superclass::Phenylpropanoids (C6-C3);acceptor_superclass::Saccharides;acceptor_superclass::Steroids;acceptor_superclass::Triterpenoids;acceptor_superclass::Tryptophan alkaloids	0,0,0,0,0,0,0,0,0,0,0,0,0,0,0,0,0,1,0,0,0,0,0	0,1,1,0,1,0,0,1,1,1,1,0,0,0,1,1,0,1,0,1,1,1,0	-0.068685,0.245480,0.172757,-0.747340,0.085654,-0.027497,-0.406361,0.266563,0.411366,0.184838,0.212768,-0.349318,-0.099188,-1.725378,0.168876,0.232382,-0.018721,0.322803,-2.045960,0.305773,0.170509,0.267115,-0.344447
Slyc_ASAT2_ALU64015.1	Slyc_ASAT2_ALU64015.1		acceptor_superclass::Diterpenoids;acceptor_superclass::Fatty acyls;acceptor_superclass::Lysine alkaloids;acceptor_superclass::Naphthalenes;acceptor_superclass::Phenylpropanoids (C6-C3);acceptor_superclass::Saccharides;acceptor_superclass::Triterpenoids;acceptor_superclass::Tryptophan alkaloids	0,0,0,0,0,0,0,0,0,0,0,0,0,0,0,0,0,0,0,0,0,0,0	0,0,1,0,1,0,0,0,1,0,1,0,0,0,0,1,0,1,0,0,1,1,0	-0.243861,-0.106138,0.190485,-0.488746,0.133724,-0.260319,-0.628384,-1.010925,0.200677,-0.106339,0.016432,-0.161623,-0.253488,-1.854786,-0.118298,0.143633,-0.152106,0.427234,-1.516824,-0.086804,0.036699,0.188766,-0.296779
Slyc_ASAT3_AJF98582.1	Slyc_ASAT3_AJF98582.1		acceptor_superclass::Cyclic polyketides;acceptor_superclass::Diterpenoids;acceptor_superclass::Fatty acyls;acceptor_superclass::Lysine alkaloids;acceptor_superclass::Monoterpenoids;acceptor_superclass::Naphthalenes;acceptor_superclass::Phenylpropanoids (C6-C3);acceptor_superclass::Pseudoalkaloids;acceptor_superclass::Saccharides;acceptor_superclass::Triterpenoids;acceptor_superclass::Tryptophan alkaloids	0,0,0,0,0,0,0,0,0,0,0,0,0,0,0,0,0,0,0,0,0,0,0	0,1,1,0,1,0,0,0,1,1,1,0,0,0,0,1,1,1,0,0,1,1,0	-1.582782,0.812839,0.680828,-1.353050,0.141046,-0.492639,-0.501925,-0.231882,0.884584,0.277093,0.566903,-0.231501,-0.209933,-2.232330,-0.310349,0.356255,0.068047,0.818235,-1.291512,-0.345297,0.159312,0.722865,-0.423438
Slyc_ASAT4_AFM77971.1	Slyc_ASAT4_AFM77971.1		acceptor_superclass::Coumarins;acceptor_superclass::Flavonoids;acceptor_superclass::Isoflavonoids;acceptor_superclass::Phenanthrenoids;acceptor_superclass::Phenylpropanoids (C6-C3);acceptor_superclass::Triterpenoids	0,0,0,0,0,0,0,0,0,0,0,0,0,0,0,0,0,0,0,0,0,0,0	1,0,0,0,0,1,1,0,0,0,0,0,1,0,0,1,0,0,0,0,1,0,0	0.194637,-0.241282,-0.123276,-0.113026,-0.011405,0.002034,0.036076,-0.036361,-0.189465,-0.123559,-0.159227,-0.111068,0.257531,-0.259421,-0.004820,0.022198,-0.085399,-0.072092,-0.275839,-0.049176,0.038545,-0.064443,-0.055032
Slyc_GAME36_XP_004246214.1	Slyc_GAME36_XP_004246214.1	acceptor_superclass::Pseudoalkaloids	acceptor_superclass::Coumarins;acceptor_superclass::Cyclic polyketides;acceptor_superclass::Fatty acyls;acceptor_superclass::Flavonoids;acceptor_superclass::Lignans;acceptor_superclass::Lysine alkaloids;acceptor_superclass::Monoterpenoids;acceptor_superclass::Naphthalenes;acceptor_superclass::Phenanthrenoids;acceptor_superclass::Phenylethanoids (C6-C2);acceptor_superclass::Phenylpropanoids (C6-C3);acceptor_superclass::Saccharides;acceptor_superclass::Steroids;acceptor_superclass::Tryptophan alkaloids	0,0,0,0,0,0,0,0,0,0,0,0,0,0,0,0,1,0,0,0,0,0,0	1,1,0,0,1,1,0,1,1,1,1,0,1,0,1,1,0,1,0,1,0,1,0	0.041422,0.060538,-0.033071,-0.506579,0.036693,0.032491,-0.221644,0.157693,0.156125,0.059464,0.006155,-0.259665,0.019518,-1.263503,0.090816,0.182011,-0.053351,0.130760,-1.549859,0.249610,-0.026085,0.079060,-0.241017
Slyc_HCT_XP_004235891.1	Slyc_HCT_XP_004235891.1	acceptor_superclass::Flavonoids;acceptor_superclass::Monoterpenoids;acceptor_superclass::Phenolic acids (C6-C1);acceptor_superclass::Triterpenoids;acceptor_superclass::Tyrosine alkaloids	acceptor_superclass::Coumarins;acceptor_superclass::Fatty Acids and Conjugates;acceptor_superclass::Flavonoids;acceptor_superclass::Isoflavonoids;acceptor_superclass::Ornithine alkaloids;acceptor_superclass::Phenanthrenoids;acceptor_superclass::Phenolic acids (C6-C1);acceptor_superclass::Phenylpropanoids (C6-C3);acceptor_superclass::Small peptides;acceptor_superclass::Tyrosine alkaloids	0,0,0,0,0,1,0,0,0,1,0,0,0,1,0,0,0,0,0,0,1,0,1	1,0,0,1,0,1,1,0,0,0,0,1,1,1,0,1,0,0,1,0,0,0,1	0.673697,-1.364812,-1.601508,1.064044,-0.367311,0.322500,0.766648,-0.553814,-1.599911,-0.818164,-1.747643,0.199959,0.688328,1.539231,-0.341914,0.044295,-0.372245,-0.941973,1.143863,-0.192734,-1.506645,-1.214781,0.523707
Slyc_HQT_CAE46933.1	Slyc_HQT_CAE46933.1	acceptor_superclass::Phenolic acids (C6-C1);acceptor_superclass::Phenylpropanoids (C6-C3)	acceptor_superclass::Fatty Acids and Conjugates;acceptor_superclass::Fatty acyls;acceptor_superclass::Lignans;acceptor_superclass::Monoterpenoids;acceptor_superclass::Phenanthrenoids;acceptor_superclass::Phenylethanoids (C6-C2);acceptor_superclass::Phenylpropanoids (C6-C3);acceptor_superclass::Pseudoalkaloids;acceptor_superclass::Small peptides;acceptor_superclass::Steroids;acceptor_superclass::Tyrosine alkaloids	0,0,0,0,0,0,0,0,0,0,0,0,0,1,0,1,0,0,0,0,0,0,0	0,0,0,1,1,0,0,1,0,1,0,0,1,0,1,1,1,0,1,1,0,0,1	-0.090184,-0.966704,-0.569314,0.154593,0.245583,-0.070336,-0.056264,0.079905,-0.519600,0.099928,-0.257539,-0.046058,0.193209,-0.033237,0.202495,0.145020,0.000722,-0.468649,0.131646,0.099605,-0.228674,-0.403114,0.045664
Slyc_PHT1_UTQ10234.1	Slyc_PHT1_UTQ10234.1	acceptor_superclass::Ornithine alkaloids;acceptor_superclass::Pseudoalkaloids	acceptor_superclass::Fatty Acids and Conjugates;acceptor_superclass::Ornithine alkaloids;acceptor_superclass::Phenolic acids (C6-C1);acceptor_superclass::Phenylethanoids (C6-C2);acceptor_superclass::Pseudoalkaloids;acceptor_superclass::Small peptides;acceptor_superclass::Tyrosine alkaloids	0,0,0,0,0,0,0,0,0,0,0,1,0,0,0,0,1,0,0,0,0,0,0	0,0,0,1,0,0,0,0,0,0,0,1,0,1,1,0,1,0,1,0,0,0,1	-1.277401,-1.261768,-4.984959,1.043111,-0.736573,-1.016521,-2.091108,-7.052196,-2.945854,-0.990451,-2.621370,0.703822,-0.992772,1.389920,0.366789,-0.289660,0.084421,-1.064986,0.864966,-1.270867,-0.741297,-2.111609,0.006284
Slyc_PHT2_UTQ10235.1	Slyc_PHT2_UTQ10235.1	acceptor_superclass::Ornithine alkaloids;acceptor_superclass::Pseudoalkaloids	acceptor_superclass::Fatty Acids and Conjugates;acceptor_superclass::Fatty acyls;acceptor_superclass::Flavonoids;acceptor_superclass::Isoflavonoids;acceptor_superclass::Lignans;acceptor_superclass::Phenolic acids (C6-C1);acceptor_superclass::Phenylethanoids (C6-C2);acceptor_superclass::Small peptides;acceptor_superclass::Steroids;acceptor_superclass::Tyrosine alkaloids	0,0,0,0,0,0,0,0,0,0,0,1,0,0,0,0,1,0,0,0,0,0,0	0,0,0,1,1,1,1,1,0,0,0,0,0,1,1,0,0,0,1,1,0,0,1	-0.052456,-1.027605,-1.112479,0.280003,0.061838,0.010791,0.007710,0.018394,-1.062549,-0.399872,-1.282936,-0.206147,-0.049284,0.551176,0.151237,-0.100460,-0.383671,-0.753613,0.266608,0.112551,-0.583875,-1.148572,0.049535
Slyc_SHT_QNO39109.1	Slyc_SHT_QNO39109.1	acceptor_superclass::Ornithine alkaloids	acceptor_superclass::Coumarins;acceptor_superclass::Fatty Acids and Conjugates;acceptor_superclass::Fatty acyls;acceptor_superclass::Flavonoids;acceptor_superclass::Isoflavonoids;acceptor_superclass::Lignans;acceptor_superclass::Phenanthrenoids;acceptor_superclass::Phenolic acids (C6-C1);acceptor_superclass::Phenylethanoids (C6-C2);acceptor_superclass::Small peptides;acceptor_superclass::Steroids;acceptor_superclass::Tyrosine alkaloids	0,0,0,0,0,0,0,0,0,0,0,1,0,0,0,0,0,0,0,0,0,0,0	1,0,0,1,1,1,1,1,0,0,0,0,1,1,1,0,0,0,1,1,0,0,1	0.003994,-1.392480,-1.589729,0.499319,0.039625,0.069956,0.140570,0.305894,-1.583632,-0.541778,-1.823697,-0.283253,0.013437,1.289783,0.265872,-0.171629,-0.539671,-1.174826,0.796853,0.197838,-0.834908,-1.652283,0.158152
Smel_SHT_AKP24035.1	Smel_SHT_AKP24035.1	acceptor_superclass::Ornithine alkaloids	acceptor_superclass::Fatty acyls;acceptor_superclass::Monoterpenoids;acceptor_superclass::Phenylpropanoids (C6-C3);acceptor_superclass::Triterpenoids	0,0,0,0,0,0,0,0,0,0,0,1,0,0,0,0,0,0,0,0,0,0,0	0,0,0,0,1,0,0,0,0,1,0,0,0,0,0,1,0,0,0,0,1,0,0	-3.963024,-0.295931,-0.687149,-1.123193,0.068741,-0.833947,-4.165148,-1.686369,-0.293075,0.069004,-0.321773,-0.938266,-0.778465,-2.240827,-0.049873,0.093443,-0.418596,-0.220656,-1.282901,-4.412372,0.005136,-0.139989,-0.141673
Smoe_HCT1a_XP_002979061.1	Smoe_HCT1a_XP_002979061.1	acceptor_superclass::Flavonoids;acceptor_superclass::Phenolic acids (C6-C1);acceptor_superclass::Small peptides	acceptor_superclass::Coumarins;acceptor_superclass::Fatty Acids and Conjugates;acceptor_superclass::Fatty acyls;acceptor_superclass::Lignans;acceptor_superclass::Monoterpenoids;acceptor_superclass::Phenanthrenoids;acceptor_superclass::Phenolic acids (C6-C1);acceptor_superclass::Phenylethanoids (C6-C2);acceptor_superclass::Phenylpropanoids (C6-C3);acceptor_superclass::Small peptides;acceptor_superclass::Steroids;acceptor_superclass::Tyrosine alkaloids	0,0,0,0,0,1,0,0,0,0,0,0,0,1,0,0,0,0,1,0,0,0,0	1,0,0,1,1,0,0,1,0,1,0,0,1,1,1,1,0,0,1,1,0,0,1	0.105872,-1.552062,-0.907766,0.427529,0.328434,-0.034499,-0.020206,0.160409,-0.875843,0.098272,-0.447624,-0.050879,0.330166,0.277510,0.353380,0.164886,-0.004399,-0.771886,0.382922,0.211366,-0.354228,-0.687379,0.143411
Sneo_AAT10247_BCJ78484.1	Sneo_AAT10247_BCJ78484.1	acceptor_superclass::Fatty acyls	acceptor_superclass::Coumarins;acceptor_superclass::Diterpenoids;acceptor_superclass::Fatty acyls;acceptor_superclass::Lignans;acceptor_superclass::Phenanthrenoids;acceptor_superclass::Phenylethanoids (C6-C2);acceptor_superclass::Phenylpropanoids (C6-C3);acceptor_superclass::Saccharides;acceptor_superclass::Triterpenoids;acceptor_superclass::Tryptophan alkaloids	0,0,0,0,1,0,0,0,0,0,0,0,0,0,0,0,0,0,0,0,0,0,0	1,0,1,0,1,0,0,1,0,0,0,0,1,0,1,1,0,1,0,0,1,1,0	0.216616,-0.122045,0.007529,-0.322605,0.012698,-0.029930,-0.067588,0.050634,-0.025169,-0.051370,-0.044555,-0.136272,0.294618,-0.589988,0.035517,0.107277,-0.068036,0.103078,-0.573600,-0.111223,0.075854,0.074156,-0.217516
Snig_AGAT1_WES72146.1	Snig_AGAT1_WES72146.1		acceptor_superclass::Fatty acyls;acceptor_superclass::Phenylpropanoids (C6-C3);acceptor_superclass::Saccharides;acceptor_superclass::Steroids	0,0,0,0,0,0,0,0,0,0,0,0,0,0,0,0,0,0,0,0,0,0,0	0,0,0,0,1,0,0,0,0,0,0,0,0,0,0,1,0,1,0,1,0,0,0	-0.099747,-0.292913,-0.177227,-0.196957,0.103273,-0.134150,-0.304789,-0.551867,-0.172614,-0.164670,-0.283406,-0.142462,-0.104917,-0.854639,-0.029259,0.044941,-0.186034,0.044166,-0.727767,0.001174,-0.092789,-0.158250,-0.142391
Snig_ASAT1_ART34015.1	Snig_ASAT1_ART34015.1	acceptor_superclass::Saccharides	acceptor_superclass::Fatty acyls;acceptor_superclass::Phenylpropanoids (C6-C3);acceptor_superclass::Saccharides	0,0,0,0,0,0,0,0,0,0,0,0,0,0,0,0,0,1,0,0,0,0,0	0,0,0,0,1,0,0,0,0,0,0,0,0,0,0,1,0,1,0,0,0,0,0	-0.194866,-0.277389,-0.017230,-0.338251,0.131499,-0.216669,-0.508070,-0.801763,-0.042505,-0.166120,-0.207643,-0.172593,-0.202735,-1.366157,-0.051194,0.110314,-0.212506,0.195576,-1.162804,-0.037133,-0.069089,-0.047014,-0.232148
Snig_ASAT2_WES72145.1	Snig_ASAT2_WES72145.1		acceptor_superclass::Diterpenoids;acceptor_superclass::Fatty acyls;acceptor_superclass::Lysine alkaloids;acceptor_superclass::Phenylpropanoids (C6-C3);acceptor_superclass::Saccharides;acceptor_superclass::Triterpenoids;acceptor_superclass::Tryptophan alkaloids	0,0,0,0,0,0,0,0,0,0,0,0,0,0,0,0,0,0,0,0,0,0,0	0,0,1,0,1,0,0,0,1,0,0,0,0,0,0,1,0,1,0,0,1,1,0	-0.210890,-0.124542,0.166727,-0.447232,0.145500,-0.236179,-0.574060,-0.952279,0.192623,-0.113273,-0.013158,-0.155400,-0.215623,-1.731534,-0.102918,0.139376,-0.149307,0.356071,-1.430619,-0.055795,0.006199,0.130509,-0.298491
Snux_AT_UQZ09626.1	Snux_AT_UQZ09626.1	acceptor_superclass::Tryptophan alkaloids	acceptor_superclass::Diterpenoids;acceptor_superclass::Fatty acyls;acceptor_superclass::Lignans;acceptor_superclass::Lysine alkaloids;acceptor_superclass::Monoterpenoids;acceptor_superclass::Naphthalenes;acceptor_superclass::Phenylpropanoids (C6-C3);acceptor_superclass::Saccharides;acceptor_superclass::Triterpenoids;acceptor_superclass::Tryptophan alkaloids	0,0,0,0,0,0,0,0,0,0,0,0,0,0,0,0,0,0,0,0,0,1,0	0,0,1,0,1,0,0,1,1,1,1,0,0,0,0,1,0,1,0,0,1,1,0	-7.308393,-0.737563,1.811791,-2.280534,0.129515,-1.759521,-7.414404,0.774737,0.632358,0.643154,0.770175,-1.882857,-1.161859,-3.910276,-0.030504,0.449349,-0.640649,1.114954,-2.809560,-8.491279,0.775237,1.415717,-0.371192
Soff_AAT1_BDW80084.1	Soff_AAT1_BDW80084.1	acceptor_superclass::Naphthalenes	acceptor_superclass::Cyclic polyketides;acceptor_superclass::Diterpenoids;acceptor_superclass::Fatty acyls;acceptor_superclass::Lysine alkaloids;acceptor_superclass::Monoterpenoids;acceptor_superclass::Naphthalenes;acceptor_superclass::Phenylpropanoids (C6-C3);acceptor_superclass::Pseudoalkaloids;acceptor_superclass::Saccharides;acceptor_superclass::Triterpenoids;acceptor_superclass::Tryptophan alkaloids	0,0,0,0,0,0,0,0,0,0,1,0,0,0,0,0,0,0,0,0,0,0,0	0,1,1,0,1,0,0,0,1,1,1,0,0,0,0,1,1,1,0,0,1,1,0	-1.403738,0.600934,0.530060,-1.173115,0.152496,-0.434022,-0.450303,-0.196947,0.717891,0.259791,0.473169,-0.201860,-0.167364,-1.946544,-0.249287,0.318943,0.057935,0.674188,-1.116492,-0.297727,0.127137,0.604268,-0.366976
Sole_SOAP10_KNA12459.1	Sole_SOAP10_KNA12459.1	acceptor_superclass::Triterpenoids	acceptor_superclass::Diterpenoids;acceptor_superclass::Fatty acyls;acceptor_superclass::Lignans;acceptor_superclass::Lysine alkaloids;acceptor_superclass::Monoterpenoids;acceptor_superclass::Naphthalenes;acceptor_superclass::Phenylethanoids (C6-C2);acceptor_superclass::Phenylpropanoids (C6-C3);acceptor_superclass::Saccharides;acceptor_superclass::Triterpenoids;acceptor_superclass::Tryptophan alkaloids	0,0,0,0,0,0,0,0,0,0,0,0,0,0,0,0,0,0,0,0,1,0,0	0,0,1,0,1,0,0,1,1,1,1,0,0,0,1,1,0,1,0,0,1,1,0	-7.051303,-0.476994,1.410225,-2.305500,0.020597,-1.417982,-6.938406,0.187346,0.161902,0.523627,0.510280,-1.553710,-0.913525,-4.217823,0.062981,0.413508,-0.443207,1.141296,-2.917936,-8.139423,0.396677,1.189054,-0.503278
Some_HCT_EFJ20018.1	Some_HCT_EFJ20018.1	acceptor_superclass::Phenolic acids (C6-C1)	acceptor_superclass::Coumarins;acceptor_superclass::Fatty Acids and Conjugates;acceptor_superclass::Flavonoids;acceptor_superclass::Isoflavonoids;acceptor_superclass::Ornithine alkaloids;acceptor_superclass::Phenanthrenoids;acceptor_superclass::Phenolic acids (C6-C1);acceptor_superclass::Phenylpropanoids (C6-C3);acceptor_superclass::Small peptides;acceptor_superclass::Tyrosine alkaloids	0,0,0,0,0,0,0,0,0,0,0,0,0,1,0,0,0,0,0,0,0,0,0	1,0,0,1,0,1,1,0,0,0,0,1,1,1,0,1,0,0,1,0,0,0,1	0.731119,-1.488468,-1.732208,1.170838,-0.407160,0.344127,0.831358,-0.601721,-1.761614,-0.897118,-1.916902,0.205197,0.737535,1.706356,-0.361966,0.039957,-0.416278,-1.001875,1.259742,-0.218443,-1.632077,-1.314367,0.575992
Spen_AAT12560_BCJ78487.1	Spen_AAT12560_BCJ78487.1	acceptor_superclass::Fatty acyls	acceptor_superclass::Coumarins;acceptor_superclass::Diterpenoids;acceptor_superclass::Fatty acyls;acceptor_superclass::Lignans;acceptor_superclass::Lysine alkaloids;acceptor_superclass::Naphthalenes;acceptor_superclass::Phenanthrenoids;acceptor_superclass::Phenylethanoids (C6-C2);acceptor_superclass::Phenylpropanoids (C6-C3);acceptor_superclass::Saccharides;acceptor_superclass::Triterpenoids;acceptor_superclass::Tryptophan alkaloids	0,0,0,0,1,0,0,0,0,0,0,0,0,0,0,0,0,0,0,0,0,0,0	1,0,1,0,1,0,0,1,1,0,1,0,1,0,1,1,0,1,0,0,1,1,0	0.199353,-0.063071,0.065126,-0.369899,0.017031,-0.046100,-0.104029,0.077416,0.033661,-0.013672,0.016587,-0.139680,0.273953,-0.661458,0.046179,0.119472,-0.060679,0.179058,-0.636927,-0.123167,0.097851,0.132385,-0.247272
Spen_AAT1_AIW04708.1	Spen_AAT1_AIW04708.1	acceptor_superclass::Fatty acyls;acceptor_superclass::Phenylethanoids (C6-C2)	acceptor_superclass::Cyclic polyketides;acceptor_superclass::Diterpenoids;acceptor_superclass::Fatty acyls;acceptor_superclass::Lysine alkaloids;acceptor_superclass::Monoterpenoids;acceptor_superclass::Naphthalenes;acceptor_superclass::Phenylpropanoids (C6-C3);acceptor_superclass::Pseudoalkaloids;acceptor_superclass::Saccharides;acceptor_superclass::Triterpenoids;acceptor_superclass::Tryptophan alkaloids	0,0,0,0,1,0,0,0,0,0,0,0,0,0,1,0,0,0,0,0,0,0,0	0,1,1,0,1,0,0,0,1,1,1,0,0,0,0,1,1,1,0,0,1,1,0	-1.057138,0.155937,0.226376,-0.796949,0.187270,-0.337208,-0.351698,-0.124780,0.378070,0.227072,0.240399,-0.153728,-0.054378,-1.450405,-0.128929,0.280686,0.035026,0.336066,-0.764775,-0.184371,0.005546,0.296604,-0.248573
Spen_ASAT2_ALU64005.1	Spen_ASAT2_ALU64005.1		acceptor_superclass::Diterpenoids;acceptor_superclass::Fatty acyls;acceptor_superclass::Lysine alkaloids;acceptor_superclass::Monoterpenoids;acceptor_superclass::Naphthalenes;acceptor_superclass::Phenylethanoids (C6-C2);acceptor_superclass::Phenylpropanoids (C6-C3);acceptor_superclass::Saccharides;acceptor_superclass::Triterpenoids;acceptor_superclass::Tryptophan alkaloids	0,0,0,0,0,0,0,0,0,0,0,0,0,0,0,0,0,0,0,0,0,0,0	0,0,1,0,1,0,0,0,1,1,1,0,0,0,1,1,0,1,0,0,1,1,0	-6.404934,-0.738525,0.599522,-1.889073,0.100588,-1.608461,-6.814541,-0.735403,0.052008,0.465782,0.076069,-1.851438,-1.257133,-3.009363,0.133857,0.311683,-0.831031,0.708938,-2.149871,-7.437172,0.303573,0.508485,-0.187638
Spen_ASAT3_AJF98583.1	Spen_ASAT3_AJF98583.1		acceptor_superclass::Coumarins;acceptor_superclass::Cyclic polyketides;acceptor_superclass::Diterpenoids;acceptor_superclass::Fatty acyls;acceptor_superclass::Lignans;acceptor_superclass::Lysine alkaloids;acceptor_superclass::Monoterpenoids;acceptor_superclass::Naphthalenes;acceptor_superclass::Phenanthrenoids;acceptor_superclass::Phenylethanoids (C6-C2);acceptor_superclass::Phenylpropanoids (C6-C3);acceptor_superclass::Saccharides;acceptor_superclass::Triterpenoids;acceptor_superclass::Tryptophan alkaloids	0,0,0,0,0,0,0,0,0,0,0,0,0,0,0,0,0,0,0,0,0,0,0	1,1,1,0,1,0,0,1,1,1,1,0,1,0,1,1,0,1,0,0,1,1,0	0.158193,0.160483,0.226693,-0.575641,0.017522,-0.080409,-0.221338,0.164115,0.207202,0.129410,0.248308,-0.139843,0.230684,-0.924014,0.080725,0.161867,-0.023203,0.445827,-0.882996,-0.137766,0.170951,0.327439,-0.347617
Spim_AAT11589_BCJ78481.1	Spim_AAT11589_BCJ78481.1	acceptor_superclass::Fatty acyls	acceptor_superclass::Fatty acyls;acceptor_superclass::Phenylethanoids (C6-C2);acceptor_superclass::Phenylpropanoids (C6-C3);acceptor_superclass::Steroids	0,0,0,0,1,0,0,0,0,0,0,0,0,0,0,0,0,0,0,0,0,0,0	0,0,0,0,1,0,0,0,0,0,0,0,0,0,1,1,0,0,0,1,0,0,0	-0.173385,-0.526305,-0.355198,-0.110932,0.136484,-0.140033,-0.342770,-0.498924,-0.343375,-0.225686,-0.619187,-0.173619,-0.189517,-0.663022,0.020927,0.061776,-0.239813,-0.125367,-0.638182,0.023615,-0.250683,-0.430911,-0.159953
Spot_AT_UQZ09635.1	Spot_AT_UQZ09635.1	acceptor_superclass::Tryptophan alkaloids	acceptor_superclass::Cyclic polyketides;acceptor_superclass::Diterpenoids;acceptor_superclass::Fatty acyls;acceptor_superclass::Lysine alkaloids;acceptor_superclass::Monoterpenoids;acceptor_superclass::Naphthalenes;acceptor_superclass::Phenylpropanoids (C6-C3);acceptor_superclass::Pseudoalkaloids;acceptor_superclass::Saccharides;acceptor_superclass::Triterpenoids;acceptor_superclass::Tryptophan alkaloids	0,0,0,0,0,0,0,0,0,0,0,0,0,0,0,0,0,0,0,0,0,1,0	0,1,1,0,1,0,0,0,1,1,1,0,0,0,0,1,1,1,0,0,1,1,0	-1.701053,0.588840,0.606824,-1.378944,0.192349,-0.537714,-0.558109,-0.192486,0.813100,0.309559,0.528549,-0.268634,-0.193592,-2.293725,-0.257623,0.393707,0.044235,0.807663,-1.277359,-0.361293,0.131937,0.693449,-0.426236
Squi_ASAT1H_UTN00742.1	Squi_ASAT1H_UTN00742.1		acceptor_superclass::Cyclic polyketides;acceptor_superclass::Diterpenoids;acceptor_superclass::Fatty acyls;acceptor_superclass::Lysine alkaloids;acceptor_superclass::Monoterpenoids;acceptor_superclass::Naphthalenes;acceptor_superclass::Phenylpropanoids (C6-C3);acceptor_superclass::Pseudoalkaloids;acceptor_superclass::Saccharides;acceptor_superclass::Triterpenoids;acceptor_superclass::Tryptophan alkaloids	0,0,0,0,0,0,0,0,0,0,0,0,0,0,0,0,0,0,0,0,0,0,0	0,1,1,0,1,0,0,0,1,1,1,0,0,0,0,1,1,1,0,0,1,1,0	-1.799357,0.821285,0.747864,-1.498581,0.163641,-0.550682,-0.580193,-0.241171,0.955479,0.322721,0.596405,-0.264580,-0.242282,-2.468147,-0.326832,0.399794,0.055084,0.936803,-1.408030,-0.393850,0.173957,0.786537,-0.469915
Squi_ASAT3H_UTN00743.1	Squi_ASAT3H_UTN00743.1		acceptor_superclass::Cyclic polyketides;acceptor_superclass::Diterpenoids;acceptor_superclass::Fatty acyls;acceptor_superclass::Flavonoids;acceptor_superclass::Lignans;acceptor_superclass::Lysine alkaloids;acceptor_superclass::Monoterpenoids;acceptor_superclass::Naphthalenes;acceptor_superclass::Phenylethanoids (C6-C2);acceptor_superclass::Phenylpropanoids (C6-C3);acceptor_superclass::Saccharides;acceptor_superclass::Steroids;acceptor_superclass::Triterpenoids;acceptor_superclass::Tryptophan alkaloids	0,0,0,0,0,0,0,0,0,0,0,0,0,0,0,0,0,0,0,0,0,0,0	0,1,1,0,1,1,0,1,1,1,1,0,0,0,1,1,0,1,0,1,1,1,0	-0.003718,0.167426,0.061668,-0.663261,0.059919,0.022146,-0.314627,0.219936,0.292921,0.138376,0.110694,-0.319349,-0.016847,-1.559656,0.129799,0.211635,-0.029474,0.219358,-1.876958,0.304733,0.066029,0.177702,-0.309193
Squi_ASAT4H_QNR60312.1	Squi_ASAT4H_QNR60312.1		acceptor_superclass::Coumarins;acceptor_superclass::Cyclic polyketides;acceptor_superclass::Diterpenoids;acceptor_superclass::Fatty acyls;acceptor_superclass::Lignans;acceptor_superclass::Lysine alkaloids;acceptor_superclass::Monoterpenoids;acceptor_superclass::Naphthalenes;acceptor_superclass::Phenanthrenoids;acceptor_superclass::Phenylethanoids (C6-C2);acceptor_superclass::Phenylpropanoids (C6-C3);acceptor_superclass::Saccharides;acceptor_superclass::Triterpenoids;acceptor_superclass::Tryptophan alkaloids	0,0,0,0,0,0,0,0,0,0,0,0,0,0,0,0,0,0,0,0,0,0,0	1,1,1,0,1,0,0,1,1,1,1,0,1,0,1,1,0,1,0,0,1,1,0	0.160130,0.076792,0.190050,-0.525139,0.011039,-0.084599,-0.231174,0.130926,0.140589,0.086426,0.182811,-0.151347,0.253025,-0.894719,0.070812,0.158569,-0.039688,0.424430,-0.861460,-0.149893,0.178616,0.318405,-0.314972
Squi_TAIAT_QNR60311.1	Squi_TAIAT_QNR60311.1		acceptor_superclass::Diterpenoids;acceptor_superclass::Fatty acyls;acceptor_superclass::Lignans;acceptor_superclass::Lysine alkaloids;acceptor_superclass::Monoterpenoids;acceptor_superclass::Naphthalenes;acceptor_superclass::Phenylethanoids (C6-C2);acceptor_superclass::Phenylpropanoids (C6-C3);acceptor_superclass::Saccharides;acceptor_superclass::Triterpenoids;acceptor_superclass::Tryptophan alkaloids	0,0,0,0,0,0,0,0,0,0,0,0,0,0,0,0,0,0,0,0,0,0,0	0,0,1,0,1,0,0,1,1,1,1,0,0,0,1,1,0,1,0,0,1,1,0	-7.140500,-0.580473,1.375880,-2.099324,0.193862,-1.774713,-7.234946,0.341901,0.461140,0.678188,0.450897,-1.713122,-1.213605,-3.624498,0.063412,0.557535,-0.605805,0.933000,-2.540345,-8.239046,0.734102,1.163249,-0.315692
Sric_SHT_AMB21755.1	Sric_SHT_AMB21755.1	acceptor_superclass::Ornithine alkaloids	acceptor_superclass::Coumarins;acceptor_superclass::Cyclic polyketides;acceptor_superclass::Diterpenoids;acceptor_superclass::Fatty acyls;acceptor_superclass::Flavonoids;acceptor_superclass::Lignans;acceptor_superclass::Lysine alkaloids;acceptor_superclass::Monoterpenoids;acceptor_superclass::Naphthalenes;acceptor_superclass::Phenylethanoids (C6-C2);acceptor_superclass::Phenylpropanoids (C6-C3);acceptor_superclass::Saccharides;acceptor_superclass::Steroids;acceptor_superclass::Triterpenoids;acceptor_superclass::Tryptophan alkaloids	0,0,0,0,0,0,0,0,0,0,0,1,0,0,0,0,0,0,0,0,0,0,0	1,1,1,0,1,1,0,1,1,1,1,0,0,0,1,1,0,1,0,1,1,1,0	0.021444,0.114190,0.032805,-0.520276,0.047233,0.009688,-0.246863,0.158729,0.205648,0.085863,0.053627,-0.249288,-0.013898,-1.246581,0.096742,0.172524,-0.032304,0.150715,-1.520161,0.245466,0.033122,0.127432,-0.232151
Ssin_ASAT1_ART34011.1	Ssin_ASAT1_ART34011.1	acceptor_superclass::Saccharides	acceptor_superclass::Coumarins;acceptor_superclass::Cyclic polyketides;acceptor_superclass::Diterpenoids;acceptor_superclass::Lignans;acceptor_superclass::Lysine alkaloids;acceptor_superclass::Monoterpenoids;acceptor_superclass::Naphthalenes;acceptor_superclass::Phenanthrenoids;acceptor_superclass::Phenylethanoids (C6-C2);acceptor_superclass::Phenylpropanoids (C6-C3);acceptor_superclass::Saccharides;acceptor_superclass::Triterpenoids;acceptor_superclass::Tryptophan alkaloids	0,0,0,0,0,0,0,0,0,0,0,0,0,0,0,0,0,1,0,0,0,0,0	1,1,1,0,0,0,0,1,1,1,1,0,1,0,1,1,0,1,0,0,1,1,0	0.214532,0.047069,0.184368,-0.569916,-0.001788,-0.089374,-0.235387,0.159148,0.141854,0.084517,0.171746,-0.183874,0.299622,-1.000941,0.067171,0.152557,-0.039424,0.442759,-0.968217,-0.162602,0.185397,0.305899,-0.358158
Ssin_ASAT2_ART34012.1	Ssin_ASAT2_ART34012.1		acceptor_superclass::Coumarins;acceptor_superclass::Cyclic polyketides;acceptor_superclass::Diterpenoids;acceptor_superclass::Fatty acyls;acceptor_superclass::Lignans;acceptor_superclass::Lysine alkaloids;acceptor_superclass::Monoterpenoids;acceptor_superclass::Naphthalenes;acceptor_superclass::Phenanthrenoids;acceptor_superclass::Phenylethanoids (C6-C2);acceptor_superclass::Phenylpropanoids (C6-C3);acceptor_superclass::Saccharides;acceptor_superclass::Triterpenoids;acceptor_superclass::Tryptophan alkaloids	0,0,0,0,0,0,0,0,0,0,0,0,0,0,0,0,0,0,0,0,0,0,0	1,1,1,0,1,0,0,1,1,1,1,0,1,0,1,1,0,1,0,0,1,1,0	0.209080,0.069556,0.191979,-0.587815,0.004950,-0.096350,-0.258517,0.174576,0.154138,0.083644,0.155876,-0.189307,0.294902,-1.016133,0.069637,0.168041,-0.052262,0.427294,-0.983150,-0.169957,0.171798,0.296525,-0.382418
Ssin_ASAT3_ART34013.1	Ssin_ASAT3_ART34013.1		acceptor_superclass::Diterpenoids;acceptor_superclass::Fatty acyls;acceptor_superclass::Lysine alkaloids;acceptor_superclass::Monoterpenoids;acceptor_superclass::Naphthalenes;acceptor_superclass::Phenylethanoids (C6-C2);acceptor_superclass::Phenylpropanoids (C6-C3);acceptor_superclass::Saccharides;acceptor_superclass::Triterpenoids;acceptor_superclass::Tryptophan alkaloids	0,0,0,0,0,0,0,0,0,0,0,0,0,0,0,0,0,0,0,0,0,0,0	0,0,1,0,1,0,0,0,1,1,1,0,0,0,1,1,0,1,0,0,1,1,0	-5.824465,-0.532432,0.472062,-1.785996,0.290037,-1.390075,-6.207303,-0.685525,0.288482,0.498778,0.072137,-1.726665,-1.168122,-3.015776,0.068916,0.339431,-0.757850,0.361358,-1.992193,-6.667857,0.246118,0.325744,-0.181256
Ssin_ASAT5_ART34014.1	Ssin_ASAT5_ART34014.1		acceptor_superclass::Coumarins;acceptor_superclass::Cyclic polyketides;acceptor_superclass::Diterpenoids;acceptor_superclass::Fatty acyls;acceptor_superclass::Lignans;acceptor_superclass::Lysine alkaloids;acceptor_superclass::Monoterpenoids;acceptor_superclass::Naphthalenes;acceptor_superclass::Phenanthrenoids;acceptor_superclass::Phenylethanoids (C6-C2);acceptor_superclass::Phenylpropanoids (C6-C3);acceptor_superclass::Saccharides;acceptor_superclass::Triterpenoids;acceptor_superclass::Tryptophan alkaloids	0,0,0,0,0,0,0,0,0,0,0,0,0,0,0,0,0,0,0,0,0,0,0	1,1,1,0,1,0,0,1,1,1,1,0,1,0,1,1,0,1,0,0,1,1,0	0.158603,0.064469,0.182279,-0.505788,0.006665,-0.086406,-0.222947,0.134464,0.134948,0.078420,0.169375,-0.149687,0.239497,-0.860775,0.059123,0.143915,-0.041285,0.404932,-0.830485,-0.148032,0.175015,0.287860,-0.306055
Sspl_5MAT1_AAL50566.1	Sspl_5MAT1_AAL50566.1	acceptor_superclass::Flavonoids	acceptor_superclass::Coumarins;acceptor_superclass::Fatty Acids and Conjugates;acceptor_superclass::Fatty acyls;acceptor_superclass::Flavonoids;acceptor_superclass::Isoflavonoids;acceptor_superclass::Lignans;acceptor_superclass::Phenanthrenoids;acceptor_superclass::Phenolic acids (C6-C1);acceptor_superclass::Phenylethanoids (C6-C2);acceptor_superclass::Small peptides;acceptor_superclass::Steroids;acceptor_superclass::Tyrosine alkaloids	0,0,0,0,0,1,0,0,0,0,0,0,0,0,0,0,0,0,0,0,0,0,0	1,0,0,1,1,1,1,1,0,0,0,0,1,1,1,0,0,0,1,1,0,0,1	0.103385,-1.211774,-1.434288,0.383970,0.022601,0.100801,0.239576,0.163810,-1.415865,-0.540958,-1.560863,-0.288036,0.144525,0.963698,0.202522,-0.154373,-0.505579,-1.053540,0.583854,0.313066,-0.752995,-1.487590,0.111146
Sspl_5MAT2_AAR26385.1	Sspl_5MAT2_AAR26385.1	acceptor_superclass::Flavonoids	acceptor_superclass::Coumarins;acceptor_superclass::Flavonoids;acceptor_superclass::Lignans;acceptor_superclass::Phenanthrenoids;acceptor_superclass::Phenylethanoids (C6-C2);acceptor_superclass::Phenylpropanoids (C6-C3);acceptor_superclass::Saccharides;acceptor_superclass::Steroids	0,0,0,0,0,1,0,0,0,0,0,0,0,0,0,0,0,0,0,0,0,0,0	1,0,0,0,0,1,0,1,0,0,0,0,1,0,1,1,0,1,0,1,0,0,0	0.131513,-0.163983,-0.292834,-0.222969,-0.048826,0.065807,-0.071079,0.027827,-0.139623,-0.081009,-0.277309,-0.176631,0.092146,-0.760432,0.032607,0.149102,-0.096383,0.003296,-1.062982,0.139134,-0.248484,-0.108729,-0.108833
Stub_COSY_M0ZYT4	Stub_COSY_M0ZYT4		acceptor_superclass::Fatty Acids and Conjugates;acceptor_superclass::Fatty acyls;acceptor_superclass::Flavonoids;acceptor_superclass::Phenanthrenoids;acceptor_superclass::Phenolic acids (C6-C1);acceptor_superclass::Phenylethanoids (C6-C2);acceptor_superclass::Steroids	0,0,0,0,0,0,0,0,0,0,0,0,0,0,0,0,0,0,0,0,0,0,0	0,0,0,1,1,1,0,0,0,0,0,0,1,1,1,0,0,0,0,1,0,0,0	-0.004228,-0.840461,-0.875215,0.146596,0.084080,0.002302,-0.026660,-0.120201,-0.795496,-0.358063,-1.040909,-0.213419,0.011718,0.146176,0.106154,-0.047095,-0.341341,-0.617392,-0.032561,0.162775,-0.501569,-0.955746,-0.046100
Stub_FHT_NP_001275190.1	Stub_FHT_NP_001275190.1	acceptor_superclass::Fatty Acids and Conjugates;acceptor_superclass::Fatty acyls	acceptor_superclass::Fatty Acids and Conjugates;acceptor_superclass::Fatty acyls;acceptor_superclass::Flavonoids;acceptor_superclass::Isoflavonoids;acceptor_superclass::Lignans;acceptor_superclass::Phenolic acids (C6-C1);acceptor_superclass::Phenylethanoids (C6-C2);acceptor_superclass::Small peptides;acceptor_superclass::Steroids;acceptor_superclass::Tyrosine alkaloids	0,0,0,1,1,0,0,0,0,0,0,0,0,0,0,0,0,0,0,0,0,0,0	0,0,0,1,1,1,1,1,0,0,0,0,0,1,1,0,0,0,1,1,0,0,1	-0.055897,-1.809600,-1.986496,0.738193,0.054770,0.058765,0.179399,0.479719,-2.025327,-0.641315,-2.280379,-0.342279,-0.072899,1.890437,0.351083,-0.212026,-0.676058,-1.482988,1.205076,0.216354,-1.040182,-2.061569,0.267045
Taes_ACT1-1_BCN87078.1	Taes_ACT1-1_BCN87078.1	acceptor_superclass::Ornithine alkaloids;acceptor_superclass::Pseudoalkaloids	acceptor_superclass::Fatty Acids and Conjugates;acceptor_superclass::Ornithine alkaloids;acceptor_superclass::Phenolic acids (C6-C1);acceptor_superclass::Phenylethanoids (C6-C2);acceptor_superclass::Pseudoalkaloids;acceptor_superclass::Small peptides	0,0,0,0,0,0,0,0,0,0,0,1,0,0,0,0,1,0,0,0,0,0,0	0,0,0,1,0,0,0,0,0,0,0,1,0,1,1,0,1,0,1,0,0,0,0	-0.492256,-1.204019,-5.802557,0.920046,-1.101772,-0.376481,-1.076000,-7.715673,-3.302448,-1.506140,-2.540463,1.073857,-0.656924,1.142327,0.119879,-0.669299,0.361298,-1.497605,0.851383,-0.422211,-0.971597,-2.426198,-0.128874
Taes_ACT1-2_BCN87079.1	Taes_ACT1-2_BCN87079.1	acceptor_superclass::Ornithine alkaloids;acceptor_superclass::Pseudoalkaloids	acceptor_superclass::Coumarins;acceptor_superclass::Fatty Acids and Conjugates;acceptor_superclass::Flavonoids;acceptor_superclass::Isoflavonoids;acceptor_superclass::Ornithine alkaloids;acceptor_superclass::Phenanthrenoids;acceptor_superclass::Phenolic acids (C6-C1);acceptor_superclass::Phenylpropanoids (C6-C3);acceptor_superclass::Small peptides;acceptor_superclass::Tyrosine alkaloids	0,0,0,0,0,0,0,0,0,0,0,1,0,0,0,0,1,0,0,0,0,0,0	1,0,0,1,0,1,1,0,0,0,0,1,1,1,0,1,0,0,1,0,0,0,1	0.346518,-0.642193,-0.808325,0.370088,-0.179117,0.176844,0.320728,-0.231528,-0.743237,-0.363330,-0.848435,0.036960,0.355348,0.359286,-0.145607,0.077705,-0.164955,-0.426683,0.100090,-0.023505,-0.730781,-0.569919,0.170640
Taes_ACT2_AMY96376.1	Taes_ACT2_AMY96376.1	acceptor_superclass::Ornithine alkaloids	acceptor_superclass::Fatty Acids and Conjugates;acceptor_superclass::Fatty acyls;acceptor_superclass::Flavonoids;acceptor_superclass::Isoflavonoids;acceptor_superclass::Lignans;acceptor_superclass::Phenolic acids (C6-C1);acceptor_superclass::Phenylethanoids (C6-C2);acceptor_superclass::Small peptides;acceptor_superclass::Steroids;acceptor_superclass::Tyrosine alkaloids	0,0,0,0,0,0,0,0,0,0,0,1,0,0,0,0,0,0,0,0,0,0,0	0,0,0,1,1,1,1,1,0,0,0,0,0,1,1,0,0,0,1,1,0,0,1	-0.019760,-1.067524,-1.228956,0.328484,0.038101,0.056829,0.112962,0.122436,-1.159287,-0.430470,-1.361522,-0.201901,-0.007738,0.800213,0.166498,-0.124601,-0.391129,-0.862184,0.463131,0.131870,-0.623868,-1.243461,0.095698
Tant_HQT1_QCI44191.1	Tant_HQT1_QCI44191.1	acceptor_superclass::Phenolic acids (C6-C1)	acceptor_superclass::Fatty Acids and Conjugates;acceptor_superclass::Fatty acyls;acceptor_superclass::Lignans;acceptor_superclass::Monoterpenoids;acceptor_superclass::Phenanthrenoids;acceptor_superclass::Phenolic acids (C6-C1);acceptor_superclass::Phenylethanoids (C6-C2);acceptor_superclass::Phenylpropanoids (C6-C3);acceptor_superclass::Small peptides;acceptor_superclass::Steroids;acceptor_superclass::Tyrosine alkaloids	0,0,0,0,0,0,0,0,0,0,0,0,0,1,0,0,0,0,0,0,0,0,0	0,0,0,1,1,0,0,1,0,1,0,0,1,1,1,1,0,0,1,1,0,0,1	-0.010957,-1.116524,-0.655968,0.243812,0.261342,-0.053189,-0.036075,0.102964,-0.617272,0.090247,-0.307620,-0.044466,0.228036,0.086329,0.240281,0.139062,-0.003655,-0.552528,0.211670,0.130850,-0.256825,-0.478548,0.074697
Tant_HQT2_QBQ52948.1	Tant_HQT2_QBQ52948.1	acceptor_superclass::Phenolic acids (C6-C1)	acceptor_superclass::Fatty Acids and Conjugates;acceptor_superclass::Fatty acyls;acceptor_superclass::Flavonoids;acceptor_superclass::Isoflavonoids;acceptor_superclass::Lignans;acceptor_superclass::Phenolic acids (C6-C1);acceptor_superclass::Phenylethanoids (C6-C2);acceptor_superclass::Small peptides;acceptor_superclass::Steroids;acceptor_superclass::Tyrosine alkaloids	0,0,0,0,0,0,0,0,0,0,0,0,0,1,0,0,0,0,0,0,0,0,0	0,0,0,1,1,1,1,1,0,0,0,0,0,1,1,0,0,0,1,1,0,0,1	-0.019119,-1.628356,-1.844448,0.639869,0.028831,0.089221,0.211219,0.452706,-1.851751,-0.600764,-2.093261,-0.321949,-0.018963,1.745463,0.311171,-0.207221,-0.623130,-1.387557,1.113430,0.197460,-0.952900,-1.887147,0.250456
Tcan_TAX10_AAM75818.1	Tcan_TAX10_AAM75818.1	acceptor_superclass::Diterpenoids	acceptor_superclass::Diterpenoids;acceptor_superclass::Fatty acyls;acceptor_superclass::Lysine alkaloids;acceptor_superclass::Phenylpropanoids (C6-C3);acceptor_superclass::Saccharides;acceptor_superclass::Tryptophan alkaloids	0,0,1,0,0,0,0,0,0,0,0,0,0,0,0,0,0,0,0,0,0,0,0	0,0,1,0,1,0,0,0,1,0,0,0,0,0,0,1,0,1,0,0,0,1,0	-0.251697,-0.264147,0.044148,-0.271342,0.109091,-0.199189,-0.487720,-0.708749,0.045678,-0.092935,-0.169967,-0.112281,-0.273729,-1.236147,-0.069441,0.108674,-0.137404,0.256837,-1.013717,-0.122228,-0.029751,0.017097,-0.207417
Tcus_BAPT_AAL92459.1	Tcus_BAPT_AAL92459.1	acceptor_superclass::Diterpenoids	acceptor_superclass::Cyclic polyketides;acceptor_superclass::Diterpenoids;acceptor_superclass::Fatty acyls;acceptor_superclass::Lysine alkaloids;acceptor_superclass::Monoterpenoids;acceptor_superclass::Naphthalenes;acceptor_superclass::Phenylpropanoids (C6-C3);acceptor_superclass::Pseudoalkaloids;acceptor_superclass::Saccharides;acceptor_superclass::Triterpenoids;acceptor_superclass::Tryptophan alkaloids	0,0,1,0,0,0,0,0,0,0,0,0,0,0,0,0,0,0,0,0,0,0,0	0,1,1,0,1,0,0,0,1,1,1,0,0,0,0,1,1,1,0,0,1,1,0	-1.432221,0.561234,0.550722,-1.149216,0.160960,-0.449338,-0.466858,-0.175813,0.722404,0.257761,0.406789,-0.202636,-0.191019,-1.917988,-0.248703,0.325004,0.034082,0.687194,-1.065583,-0.316878,0.102513,0.578772,-0.362346
Tcus_DBAT_AAF27621.1	Tcus_DBAT_AAF27621.1	acceptor_superclass::Diterpenoids	acceptor_superclass::Cyclic polyketides;acceptor_superclass::Diterpenoids;acceptor_superclass::Fatty acyls;acceptor_superclass::Lysine alkaloids;acceptor_superclass::Monoterpenoids;acceptor_superclass::Naphthalenes;acceptor_superclass::Phenylpropanoids (C6-C3);acceptor_superclass::Pseudoalkaloids;acceptor_superclass::Saccharides;acceptor_superclass::Triterpenoids;acceptor_superclass::Tryptophan alkaloids	0,0,1,0,0,0,0,0,0,0,0,0,0,0,0,0,0,0,0,0,0,0,0	0,1,1,0,1,0,0,0,1,1,1,0,0,0,0,1,1,1,0,0,1,1,0	-1.489622,0.462138,0.502289,-1.183432,0.189072,-0.482147,-0.497975,-0.166721,0.681423,0.262651,0.435276,-0.215409,-0.154454,-2.018816,-0.223141,0.360805,0.038481,0.632299,-1.110340,-0.306528,0.080358,0.554779,-0.374594
Tcus_TBT_AAG38049.1	Tcus_DBBT_AAG38049.1	acceptor_superclass::Diterpenoids	acceptor_superclass::Fatty acyls;acceptor_superclass::Phenylpropanoids (C6-C3);acceptor_superclass::Saccharides	0,0,1,0,0,0,0,0,0,0,0,0,0,0,0,0,0,0,0,0,0,0,0	0,0,0,0,1,0,0,0,0,0,0,0,0,0,0,1,0,1,0,0,0,0,0	-0.236888,-0.353486,-0.051879,-0.229095,0.125393,-0.194713,-0.468725,-0.670490,-0.040701,-0.132040,-0.301201,-0.144897,-0.263450,-1.117438,-0.048254,0.098367,-0.178772,0.135972,-0.953060,-0.074909,-0.104816,-0.119196,-0.211146
Tcus_DBNTBT_AAM75818.1	Tcus_DBNTBT_AAM75818.1	acceptor_superclass::Diterpenoids	acceptor_superclass::Diterpenoids;acceptor_superclass::Fatty acyls;acceptor_superclass::Lysine alkaloids;acceptor_superclass::Phenylpropanoids (C6-C3);acceptor_superclass::Saccharides;acceptor_superclass::Tryptophan alkaloids	0,0,1,0,0,0,0,0,0,0,0,0,0,0,0,0,0,0,0,0,0,0,0	0,0,1,0,1,0,0,0,1,0,0,0,0,0,0,1,0,1,0,0,0,1,0	-0.251697,-0.264147,0.044148,-0.271342,0.109091,-0.199189,-0.487720,-0.708749,0.045678,-0.092935,-0.169967,-0.112281,-0.273729,-1.236147,-0.069441,0.108674,-0.137404,0.256837,-1.013717,-0.122228,-0.029751,0.017097,-0.207417
Tcus_TAT_AAF34254.1	Tcus_TAT_AAF34254.1	acceptor_superclass::Diterpenoids	acceptor_superclass::Coumarins;acceptor_superclass::Cyclic polyketides;acceptor_superclass::Fatty acyls;acceptor_superclass::Flavonoids;acceptor_superclass::Lignans;acceptor_superclass::Lysine alkaloids;acceptor_superclass::Monoterpenoids;acceptor_superclass::Phenanthrenoids;acceptor_superclass::Phenylethanoids (C6-C2);acceptor_superclass::Phenylpropanoids (C6-C3);acceptor_superclass::Saccharides;acceptor_superclass::Steroids;acceptor_superclass::Tryptophan alkaloids	0,0,1,0,0,0,0,0,0,0,0,0,0,0,0,0,0,0,0,0,0,0,0	1,1,0,0,1,1,0,1,1,1,0,0,1,0,1,1,0,1,0,1,0,1,0	0.032501,0.026941,-0.049755,-0.458254,0.050446,0.017562,-0.229193,0.126191,0.138552,0.055154,-0.033099,-0.237689,0.005065,-1.172694,0.093619,0.189349,-0.048703,0.115725,-1.456541,0.212251,-0.035907,0.064471,-0.215867
Tcus_TAX19_AAU89980.1	Tcus_TAX19_AAU89980.1		acceptor_superclass::Coumarins;acceptor_superclass::Cyclic polyketides;acceptor_superclass::Diterpenoids;acceptor_superclass::Fatty acyls;acceptor_superclass::Lignans;acceptor_superclass::Lysine alkaloids;acceptor_superclass::Monoterpenoids;acceptor_superclass::Naphthalenes;acceptor_superclass::Phenanthrenoids;acceptor_superclass::Phenylethanoids (C6-C2);acceptor_superclass::Phenylpropanoids (C6-C3);acceptor_superclass::Saccharides;acceptor_superclass::Triterpenoids;acceptor_superclass::Tryptophan alkaloids	0,0,0,0,0,0,0,0,0,0,0,0,0,0,0,0,0,0,0,0,0,0,0	1,1,1,0,1,0,0,1,1,1,1,0,1,0,1,1,0,1,0,0,1,1,0	0.175074,0.023372,0.153004,-0.473167,0.009765,-0.074826,-0.189627,0.117104,0.112593,0.047906,0.106682,-0.146550,0.245610,-0.811229,0.065779,0.155532,-0.041595,0.308057,-0.776442,-0.150201,0.138017,0.224919,-0.307194
Tcus_TAT_AAF34254.1	Tcus_TAX1_AAF34254.1		acceptor_superclass::Fatty acyls;acceptor_superclass::Lysine alkaloids;acceptor_superclass::Monoterpenoids;acceptor_superclass::Phenylethanoids (C6-C2);acceptor_superclass::Phenylpropanoids (C6-C3)	0,0,0,0,0,0,0,0,0,0,0,0,0,0,0,0,0,0,0,0,0,0,0	0,0,0,0,1,0,0,0,1,1,0,0,0,0,1,1,0,0,0,0,0,0,0	-4.096465,-0.642515,-0.277805,-1.039339,0.279611,-0.890529,-4.389006,-1.469864,0.009202,0.224110,-0.370202,-0.834820,-0.828002,-2.328922,0.014212,0.221044,-0.280566,-0.092403,-1.432537,-4.594433,-0.178309,-0.169225,-0.394831
Tcus_TBT_AAG38049.1	Tcus_TBT_AAG38049.1	acceptor_superclass::Diterpenoids	acceptor_superclass::Cyclic polyketides;acceptor_superclass::Diterpenoids;acceptor_superclass::Fatty acyls;acceptor_superclass::Lysine alkaloids;acceptor_superclass::Monoterpenoids;acceptor_superclass::Naphthalenes;acceptor_superclass::Phenylpropanoids (C6-C3);acceptor_superclass::Pseudoalkaloids;acceptor_superclass::Saccharides;acceptor_superclass::Triterpenoids;acceptor_superclass::Tryptophan alkaloids	0,0,1,0,0,0,0,0,0,0,0,0,0,0,0,0,0,0,0,0,0,0,0	0,1,1,0,1,0,0,0,1,1,1,0,0,0,0,1,1,1,0,0,1,1,0	-1.449070,0.435933,0.495227,-1.142604,0.190371,-0.471900,-0.492421,-0.174993,0.662776,0.260935,0.406299,-0.212458,-0.151194,-1.955883,-0.215601,0.353144,0.033218,0.621429,-1.075556,-0.300680,0.080770,0.526524,-0.355695
Tmed_BAHD22_QDM39185.1	Tmed_BAHD22_QDM39185.1	acceptor_superclass::Diterpenoids	acceptor_superclass::Coumarins;acceptor_superclass::Cyclic polyketides;acceptor_superclass::Diterpenoids;acceptor_superclass::Fatty acyls;acceptor_superclass::Lignans;acceptor_superclass::Lysine alkaloids;acceptor_superclass::Monoterpenoids;acceptor_superclass::Naphthalenes;acceptor_superclass::Phenanthrenoids;acceptor_superclass::Phenylethanoids (C6-C2);acceptor_superclass::Phenylpropanoids (C6-C3);acceptor_superclass::Saccharides;acceptor_superclass::Triterpenoids;acceptor_superclass::Tryptophan alkaloids	0,0,1,0,0,0,0,0,0,0,0,0,0,0,0,0,0,0,0,0,0,0,0	1,1,1,0,1,0,0,1,1,1,1,0,1,0,1,1,0,1,0,0,1,1,0	0.174115,0.060572,0.210177,-0.541710,0.006622,-0.095496,-0.232647,0.154036,0.171197,0.082321,0.154652,-0.167586,0.249044,-0.938941,0.073764,0.167726,-0.040593,0.402198,-0.896698,-0.174821,0.165593,0.283378,-0.355823
Tmed_BAHD6-13_BEK82039.1	Tmed_BAHD6-13_BEK82039.1	acceptor_superclass::Diterpenoids	acceptor_superclass::Coumarins;acceptor_superclass::Cyclic polyketides;acceptor_superclass::Diterpenoids;acceptor_superclass::Fatty acyls;acceptor_superclass::Lignans;acceptor_superclass::Lysine alkaloids;acceptor_superclass::Monoterpenoids;acceptor_superclass::Naphthalenes;acceptor_superclass::Phenanthrenoids;acceptor_superclass::Phenylethanoids (C6-C2);acceptor_superclass::Phenylpropanoids (C6-C3);acceptor_superclass::Saccharides;acceptor_superclass::Triterpenoids;acceptor_superclass::Tryptophan alkaloids	0,0,1,0,0,0,0,0,0,0,0,0,0,0,0,0,0,0,0,0,0,0,0	1,1,1,0,1,0,0,1,1,1,1,0,1,0,1,1,0,1,0,0,1,1,0	0.137719,0.049184,0.202762,-0.503045,0.005133,-0.100478,-0.232244,0.141190,0.156658,0.081361,0.155841,-0.154249,0.213459,-0.858978,0.059479,0.155363,-0.041809,0.393386,-0.823102,-0.162930,0.164291,0.284082,-0.319060
Tmed_DBAT_QDM39186.1	Tmed_DBAT_QDM39186.1	acceptor_superclass::Diterpenoids	acceptor_superclass::Diterpenoids;acceptor_superclass::Fatty acyls;acceptor_superclass::Lysine alkaloids;acceptor_superclass::Phenylpropanoids (C6-C3);acceptor_superclass::Saccharides;acceptor_superclass::Tryptophan alkaloids	0,0,1,0,0,0,0,0,0,0,0,0,0,0,0,0,0,0,0,0,0,0,0	0,0,1,0,1,0,0,0,1,0,0,0,0,0,0,1,0,1,0,0,0,1,0	-0.259006,-0.267763,0.054995,-0.311074,0.134450,-0.215800,-0.527007,-0.777807,0.081744,-0.105283,-0.181319,-0.127304,-0.280093,-1.367773,-0.081232,0.125231,-0.153005,0.248214,-1.142191,-0.104020,-0.042944,0.005511,-0.241495
Tmed_TAT_QDM39184.1	Tmed_TAT_QDM39184.1	acceptor_superclass::Diterpenoids	acceptor_superclass::Fatty acyls;acceptor_superclass::Monoterpenoids;acceptor_superclass::Phenylethanoids (C6-C2);acceptor_superclass::Phenylpropanoids (C6-C3)	0,0,1,0,0,0,0,0,0,0,0,0,0,0,0,0,0,0,0,0,0,0,0	0,0,0,0,1,0,0,0,0,1,0,0,0,0,1,1,0,0,0,0,0,0,0	-3.959630,-0.628726,-0.439703,-0.902941,0.295313,-0.931104,-4.270662,-1.670486,-0.088279,0.228179,-0.507158,-0.782501,-0.862289,-2.093067,0.035720,0.242528,-0.294481,-0.151387,-1.293527,-4.411058,-0.171875,-0.239744,-0.352805
Tpra_HST_ACI16630.1	Tpra_HCT1A_ACI16630.1	acceptor_superclass::Phenolic acids (C6-C1)	acceptor_superclass::Coumarins;acceptor_superclass::Fatty Acids and Conjugates;acceptor_superclass::Fatty acyls;acceptor_superclass::Lignans;acceptor_superclass::Monoterpenoids;acceptor_superclass::Phenanthrenoids;acceptor_superclass::Phenolic acids (C6-C1);acceptor_superclass::Phenylethanoids (C6-C2);acceptor_superclass::Phenylpropanoids (C6-C3);acceptor_superclass::Small peptides;acceptor_superclass::Steroids;acceptor_superclass::Tyrosine alkaloids	0,0,0,0,0,0,0,0,0,0,0,0,0,1,0,0,0,0,0,0,0,0,0	1,0,0,1,1,0,0,1,0,1,0,0,1,1,1,1,0,0,1,1,0,0,1	0.099559,-1.382825,-0.826740,0.386060,0.303218,-0.025081,-0.018138,0.138792,-0.784924,0.100177,-0.415236,-0.038115,0.300419,0.245810,0.308684,0.146061,-0.015793,-0.726368,0.337783,0.181922,-0.318488,-0.627609,0.128112
Tpra_HMT_ACI16631.1	Tpra_HCT2_ACI16631.1	acceptor_superclass::Fatty Acids and Conjugates	acceptor_superclass::Coumarins;acceptor_superclass::Fatty Acids and Conjugates;acceptor_superclass::Flavonoids;acceptor_superclass::Isoflavonoids;acceptor_superclass::Phenanthrenoids;acceptor_superclass::Tyrosine alkaloids	0,0,0,1,0,0,0,0,0,0,0,0,0,0,0,0,0,0,0,0,0,0,0	1,0,0,1,0,1,1,0,0,0,0,0,1,0,0,0,0,0,0,0,0,0,1	0.277319,-0.433019,-0.284477,0.040251,-0.022772,0.063902,0.186374,-0.114335,-0.341280,-0.241472,-0.342353,-0.108526,0.301972,-0.027480,-0.028951,-0.009883,-0.115164,-0.355967,-0.055310,-0.004978,-0.028416,-0.271292,0.034750
Tpra_HDT1_AXB87812.1	Tpra_HDT1_AXB87812.1	acceptor_superclass::Small peptides;acceptor_superclass::Tyrosine alkaloids	acceptor_superclass::Fatty Acids and Conjugates;acceptor_superclass::Ornithine alkaloids;acceptor_superclass::Phenolic acids (C6-C1);acceptor_superclass::Phenylethanoids (C6-C2);acceptor_superclass::Small peptides;acceptor_superclass::Tyrosine alkaloids	0,0,0,0,0,0,0,0,0,0,0,0,0,0,0,0,0,0,1,0,0,0,1	0,0,0,1,0,0,0,0,0,0,0,1,0,1,1,0,0,0,1,0,0,0,1	-0.543740,-1.504452,-6.970008,1.506580,-1.359433,-0.929635,-1.634801,-9.802150,-4.495460,-1.530572,-3.451286,0.826210,-0.870500,2.083567,0.603385,-0.557300,-0.118526,-1.361469,1.318338,-0.484443,-1.175166,-2.975756,0.006084
Tpra_HDT1_AXB87812.1	Tpra_HDT_AXB87812.1	acceptor_superclass::Small peptides	acceptor_superclass::Fatty Acids and Conjugates;acceptor_superclass::Ornithine alkaloids;acceptor_superclass::Phenolic acids (C6-C1);acceptor_superclass::Phenylethanoids (C6-C2);acceptor_superclass::Small peptides;acceptor_superclass::Tyrosine alkaloids	0,0,0,0,0,0,0,0,0,0,0,0,0,0,0,0,0,0,1,0,0,0,0	0,0,0,1,0,0,0,0,0,0,0,1,0,1,1,0,0,0,1,0,0,0,1	-0.543740,-1.504452,-6.970008,1.506580,-1.359433,-0.929635,-1.634801,-9.802150,-4.495460,-1.530572,-3.451286,0.826210,-0.870500,2.083567,0.603385,-0.557300,-0.118526,-1.361469,1.318338,-0.484443,-1.175166,-2.975756,0.006084
Tpra_HMT_ACI16631.1	Tpra_HMT_ACI16631.1	acceptor_superclass::Fatty Acids and Conjugates	acceptor_superclass::Coumarins;acceptor_superclass::Fatty Acids and Conjugates;acceptor_superclass::Flavonoids;acceptor_superclass::Isoflavonoids;acceptor_superclass::Ornithine alkaloids;acceptor_superclass::Phenanthrenoids;acceptor_superclass::Phenolic acids (C6-C1);acceptor_superclass::Phenylpropanoids (C6-C3);acceptor_superclass::Small peptides;acceptor_superclass::Tyrosine alkaloids	0,0,0,1,0,0,0,0,0,0,0,0,0,0,0,0,0,0,0,0,0,0,0	1,0,0,1,0,1,1,0,0,0,0,1,1,1,0,1,0,0,1,0,0,0,1	0.455880,-0.823005,-1.015349,0.549519,-0.226509,0.229114,0.446341,-0.318880,-0.966465,-0.484297,-1.083599,0.080191,0.459997,0.674274,-0.197587,0.062405,-0.219927,-0.573854,0.374002,-0.057105,-0.944979,-0.746967,0.265997
Tpra_HST_ACI16630.1	Tpra_HST_ACI16630.1	acceptor_superclass::Phenolic acids (C6-C1)	acceptor_superclass::Coumarins;acceptor_superclass::Fatty Acids and Conjugates;acceptor_superclass::Flavonoids;acceptor_superclass::Isoflavonoids;acceptor_superclass::Ornithine alkaloids;acceptor_superclass::Phenanthrenoids;acceptor_superclass::Phenolic acids (C6-C1);acceptor_superclass::Phenylpropanoids (C6-C3);acceptor_superclass::Small peptides;acceptor_superclass::Tyrosine alkaloids	0,0,0,0,0,0,0,0,0,0,0,0,0,1,0,0,0,0,0,0,0,0,0	1,0,0,1,0,1,1,0,0,0,0,1,1,1,0,1,0,0,1,0,0,0,1	0.677429,-1.388627,-1.622244,1.083778,-0.374445,0.327381,0.773341,-0.560978,-1.623150,-0.830645,-1.780767,0.201656,0.696667,1.574687,-0.345291,0.046569,-0.378368,-0.953831,1.169903,-0.201840,-1.530617,-1.236260,0.532536
Twal_DBAT_AFD32413.1	Twal_DBAT_AFD32413.1	acceptor_superclass::Diterpenoids	acceptor_superclass::Diterpenoids;acceptor_superclass::Fatty acyls;acceptor_superclass::Lignans;acceptor_superclass::Lysine alkaloids;acceptor_superclass::Monoterpenoids;acceptor_superclass::Naphthalenes;acceptor_superclass::Phenylpropanoids (C6-C3);acceptor_superclass::Saccharides;acceptor_superclass::Triterpenoids;acceptor_superclass::Tryptophan alkaloids	0,0,1,0,0,0,0,0,0,0,0,0,0,0,0,0,0,0,0,0,0,0,0	0,0,1,0,1,0,0,1,1,1,1,0,0,0,0,1,0,1,0,0,1,1,0	-5.317126,-0.618328,0.992527,-1.710724,0.293511,-1.059214,-5.505723,0.001684,0.651907,0.487386,0.159586,-1.414100,-1.072419,-3.021604,-0.065863,0.358119,-0.460112,0.368052,-1.967995,-6.129281,0.167223,0.444708,-0.380666
Vhyb_3MAT1_AAS77402.1	Vhyb_3MAT1_AAS77402.1	acceptor_superclass::Flavonoids;acceptor_superclass::Isoflavonoids;acceptor_superclass::Phenolic acids (C6-C1)	acceptor_superclass::Coumarins;acceptor_superclass::Fatty Acids and Conjugates;acceptor_superclass::Flavonoids;acceptor_superclass::Isoflavonoids;acceptor_superclass::Ornithine alkaloids;acceptor_superclass::Phenanthrenoids;acceptor_superclass::Pseudoalkaloids;acceptor_superclass::Steroids	0,0,0,0,0,1,1,0,0,0,0,0,0,1,0,0,0,0,0,0,0,0,0	1,0,0,1,0,1,1,0,0,0,0,1,1,0,0,0,1,0,0,1,0,0,0	1.213841,-0.567388,-6.201368,0.197340,-1.392692,1.425573,1.047227,-7.821032,-3.498124,-2.034998,-1.356148,0.484049,0.730782,-1.149046,-0.480416,-1.526754,0.115108,-2.475405,-0.210477,1.429777,-1.331250,-2.527621,-0.386542
Vlab_AMAT_AAW22989.1	Vlab_AMAT_AAW22989.1	acceptor_superclass::Fatty acyls	acceptor_superclass::Coumarins;acceptor_superclass::Fatty Acids and Conjugates;acceptor_superclass::Flavonoids;acceptor_superclass::Isoflavonoids;acceptor_superclass::Phenanthrenoids;acceptor_superclass::Phenylpropanoids (C6-C3);acceptor_superclass::Steroids;acceptor_superclass::Tyrosine alkaloids	0,0,0,0,1,0,0,0,0,0,0,0,0,0,0,0,0,0,0,0,0,0,0	1,0,0,1,0,1,1,0,0,0,0,0,1,0,0,1,0,0,0,1,0,0,1	0.237471,-0.439512,-0.572921,0.026306,-0.082646,0.132581,0.090711,-0.089042,-0.406797,-0.228142,-0.619659,-0.090416,0.248112,-0.301775,-0.050565,0.161843,-0.152199,-0.250180,-0.633594,0.079484,-0.552332,-0.376993,0.029622
Vvin_3AT_AKF15588.1	Vvin_3AT_AKF15588.1	acceptor_superclass::Flavonoids	acceptor_superclass::Cyclic polyketides;acceptor_superclass::Diterpenoids;acceptor_superclass::Fatty acyls;acceptor_superclass::Lysine alkaloids;acceptor_superclass::Monoterpenoids;acceptor_superclass::Naphthalenes;acceptor_superclass::Phenylpropanoids (C6-C3);acceptor_superclass::Pseudoalkaloids;acceptor_superclass::Saccharides;acceptor_superclass::Triterpenoids;acceptor_superclass::Tryptophan alkaloids	0,0,0,0,0,1,0,0,0,0,0,0,0,0,0,0,0,0,0,0,0,0,0	0,1,1,0,1,0,0,0,1,1,1,0,0,0,0,1,1,1,0,0,1,1,0	-1.509616,0.583789,0.569875,-1.213589,0.155758,-0.483076,-0.481458,-0.176284,0.738181,0.254447,0.468750,-0.217156,-0.206678,-1.994754,-0.240216,0.332339,0.050141,0.743791,-1.109123,-0.324663,0.127319,0.624720,-0.385655
Vvin_AAT2_CBI26419.3	Vvin_AAT2_CBI26419.3	acceptor_superclass::Fatty acyls;acceptor_superclass::Phenylethanoids (C6-C2)	acceptor_superclass::Fatty acyls;acceptor_superclass::Monoterpenoids;acceptor_superclass::Phenylethanoids (C6-C2);acceptor_superclass::Phenylpropanoids (C6-C3);acceptor_superclass::Tyrosine alkaloids	0,0,0,0,1,0,0,0,0,0,0,0,0,0,1,0,0,0,0,0,0,0,0	0,0,0,0,1,0,0,0,0,1,0,0,0,0,1,1,0,0,0,0,0,0,1	-3.884174,-0.936117,-1.914108,-0.276217,0.293036,-1.551808,-4.676392,-3.527207,-0.796227,0.151594,-1.423740,-0.845024,-1.456956,-0.444442,0.257715,0.283498,-0.623030,-0.551725,-0.384656,-4.288185,-0.089745,-0.897280,0.068893
Vvin_SHT_QNO39112.1	Vvin_SHT_QNO39112.1	acceptor_superclass::Ornithine alkaloids	acceptor_superclass::Coumarins;acceptor_superclass::Fatty Acids and Conjugates;acceptor_superclass::Flavonoids;acceptor_superclass::Isoflavonoids;acceptor_superclass::Ornithine alkaloids;acceptor_superclass::Phenanthrenoids;acceptor_superclass::Phenolic acids (C6-C1);acceptor_superclass::Phenylpropanoids (C6-C3);acceptor_superclass::Small peptides;acceptor_superclass::Tyrosine alkaloids	0,0,0,0,0,0,0,0,0,0,0,1,0,0,0,0,0,0,0,0,0,0,0	1,0,0,1,0,1,1,0,0,0,0,1,1,1,0,1,0,0,1,0,0,0,1	0.610564,-1.169509,-1.397520,0.884933,-0.313020,0.299306,0.662181,-0.473927,-1.385869,-0.699698,-1.507844,0.166124,0.630048,1.216290,-0.298066,0.052981,-0.316214,-0.814981,0.854902,-0.136504,-1.302968,-1.064825,0.432944
Wlon_BAT1_NA	Wlon_BAT1_NA	acceptor_superclass::Monoterpenoids	acceptor_superclass::Coumarins;acceptor_superclass::Cyclic polyketides;acceptor_superclass::Diterpenoids;acceptor_superclass::Fatty acyls;acceptor_superclass::Lignans;acceptor_superclass::Lysine alkaloids;acceptor_superclass::Monoterpenoids;acceptor_superclass::Naphthalenes;acceptor_superclass::Phenanthrenoids;acceptor_superclass::Phenylethanoids (C6-C2);acceptor_superclass::Phenylpropanoids (C6-C3);acceptor_superclass::Saccharides;acceptor_superclass::Triterpenoids;acceptor_superclass::Tryptophan alkaloids	0,0,0,0,0,0,0,0,0,1,0,0,0,0,0,0,0,0,0,0,0,0,0	1,1,1,0,1,0,0,1,1,1,1,0,1,0,1,1,0,1,0,0,1,1,0	0.162886,0.030267,0.158597,-0.447515,0.002566,-0.073515,-0.177831,0.110929,0.112396,0.068270,0.124251,-0.140617,0.220732,-0.774227,0.066719,0.132312,-0.032941,0.329913,-0.755862,-0.142541,0.143275,0.231094,-0.284547
Wlon_BAT2_NA	Wlon_BAT2_NA	acceptor_superclass::Monoterpenoids	acceptor_superclass::Monoterpenoids;acceptor_superclass::Phenylethanoids (C6-C2);acceptor_superclass::Phenylpropanoids (C6-C3);acceptor_superclass::Saccharides;acceptor_superclass::Triterpenoids;acceptor_superclass::Tryptophan alkaloids	0,0,0,0,0,0,0,0,0,1,0,0,0,0,0,0,0,0,0,0,0,0,0	0,0,0,0,0,0,0,0,0,1,0,0,0,0,1,1,0,1,0,0,1,1,0	-4.404731,-0.749133,-0.013318,-0.877877,-0.051999,-1.269541,-4.737393,-1.381881,-0.369026,0.285928,-0.538606,-0.857144,-0.921282,-1.812997,0.230086,0.292704,-0.362794,0.595984,-1.329637,-5.059019,0.001536,0.205313,-0.361774
Wlon_BAT3_NA	Wlon_BAT3_NA	acceptor_superclass::Monoterpenoids	acceptor_superclass::Coumarins;acceptor_superclass::Cyclic polyketides;acceptor_superclass::Diterpenoids;acceptor_superclass::Fatty acyls;acceptor_superclass::Lignans;acceptor_superclass::Lysine alkaloids;acceptor_superclass::Monoterpenoids;acceptor_superclass::Naphthalenes;acceptor_superclass::Phenanthrenoids;acceptor_superclass::Phenylethanoids (C6-C2);acceptor_superclass::Phenylpropanoids (C6-C3);acceptor_superclass::Saccharides;acceptor_superclass::Triterpenoids;acceptor_superclass::Tryptophan alkaloids	0,0,0,0,0,0,0,0,0,1,0,0,0,0,0,0,0,0,0,0,0,0,0	1,1,1,0,1,0,0,1,1,1,1,0,1,0,1,1,0,1,0,0,1,1,0	0.135934,0.044668,0.167873,-0.439036,0.006695,-0.086041,-0.200967,0.113232,0.121700,0.070021,0.121537,-0.134140,0.206487,-0.755169,0.070393,0.139047,-0.034594,0.335656,-0.732992,-0.153803,0.130209,0.230689,-0.281942
Wvil_BAT1_WvBAHD8	Wvil_BAT1_WvBAHD8	acceptor_superclass::Monoterpenoids	acceptor_superclass::Fatty acyls;acceptor_superclass::Lysine alkaloids;acceptor_superclass::Monoterpenoids;acceptor_superclass::Naphthalenes;acceptor_superclass::Phenanthrenoids;acceptor_superclass::Phenylethanoids (C6-C2);acceptor_superclass::Phenylpropanoids (C6-C3);acceptor_superclass::Saccharides;acceptor_superclass::Tryptophan alkaloids	0,0,0,0,0,0,0,0,0,1,0,0,0,0,0,0,0,0,0,0,0,0,0	0,0,0,0,1,0,0,0,1,1,1,0,1,0,1,1,0,1,0,0,0,1,0	-0.687160,-0.334756,-0.080192,-0.415958,0.215577,-0.249655,-0.262720,-0.016306,0.030185,0.184184,0.036926,-0.132750,0.046310,-0.876167,0.028969,0.231081,-0.008164,0.011051,-0.399612,-0.087102,-0.074877,0.032413,-0.132548
Wvil_BAT2_WvBAHD14	Wvil_BAT2_WvBAHD14	acceptor_superclass::Monoterpenoids	acceptor_superclass::Fatty acyls;acceptor_superclass::Monoterpenoids;acceptor_superclass::Phenylethanoids (C6-C2);acceptor_superclass::Phenylpropanoids (C6-C3)	0,0,0,0,0,0,0,0,0,1,0,0,0,0,0,0,0,0,0,0,0,0,0	0,0,0,0,1,0,0,0,0,1,0,0,0,0,1,1,0,0,0,0,0,0,0	-3.627180,-0.621099,-1.297363,-0.587765,0.290797,-0.878117,-4.053136,-2.790403,-0.574232,0.129835,-0.933696,-0.416401,-0.750094,-1.985373,0.216371,0.302905,-0.132002,-0.316252,-1.086587,-3.964621,-0.542915,-0.701451,-0.393584
Wvil_BAT3_WvBAHD39	Wvil_BAT3_WvBAHD39	acceptor_superclass::Monoterpenoids	acceptor_superclass::Coumarins;acceptor_superclass::Flavonoids;acceptor_superclass::Lignans;acceptor_superclass::Phenanthrenoids;acceptor_superclass::Phenylethanoids (C6-C2);acceptor_superclass::Phenylpropanoids (C6-C3);acceptor_superclass::Saccharides;acceptor_superclass::Steroids	0,0,0,0,0,0,0,0,0,1,0,0,0,0,0,0,0,0,0,0,0,0,0	1,0,0,0,0,1,0,1,0,0,0,0,1,0,1,1,0,1,0,1,0,0,0	0.091651,-0.120567,-0.200758,-0.238437,-0.018142,0.038079,-0.112789,0.033063,-0.072025,-0.037135,-0.203428,-0.170360,0.061146,-0.755839,0.041490,0.142869,-0.074888,0.040333,-1.022668,0.132633,-0.169626,-0.071046,-0.110849
Wvil_BAT4_WvBAHD40	Wvil_BAT4_WvBAHD40	acceptor_superclass::Monoterpenoids	acceptor_superclass::Diterpenoids;acceptor_superclass::Fatty acyls;acceptor_superclass::Lysine alkaloids;acceptor_superclass::Phenylpropanoids (C6-C3);acceptor_superclass::Saccharides;acceptor_superclass::Tryptophan alkaloids	0,0,0,0,0,0,0,0,0,1,0,0,0,0,0,0,0,0,0,0,0,0,0	0,0,1,0,1,0,0,0,1,0,0,0,0,0,0,1,0,1,0,0,0,1,0	-0.233331,-0.193071,0.107226,-0.310462,0.110414,-0.206547,-0.512962,-0.745305,0.113427,-0.070443,-0.123128,-0.098678,-0.269146,-1.343734,-0.073526,0.120087,-0.108792,0.313625,-1.090180,-0.125230,-0.014491,0.066608,-0.233929
Wvil_BAT5_WvBAHD50	Wvil_BAT5_WvBAHD50	acceptor_superclass::Monoterpenoids	acceptor_superclass::Fatty acyls;acceptor_superclass::Phenylethanoids (C6-C2);acceptor_superclass::Phenylpropanoids (C6-C3);acceptor_superclass::Steroids	0,0,0,0,0,0,0,0,0,1,0,0,0,0,0,0,0,0,0,0,0,0,0	0,0,0,0,1,0,0,0,0,0,0,0,0,0,1,1,0,0,0,1,0,0,0	-0.124127,-0.451607,-0.299187,-0.130093,0.121137,-0.106133,-0.308927,-0.494759,-0.224625,-0.200418,-0.507679,-0.142816,-0.126592,-0.762604,0.008810,0.068021,-0.194140,-0.100606,-0.700086,0.017952,-0.229502,-0.389689,-0.186498
Wvil_BAT6_WvBAHD28	Wvil_BAT6_WvBAHD28	acceptor_superclass::Monoterpenoids	acceptor_superclass::Coumarins;acceptor_superclass::Fatty Acids and Conjugates;acceptor_superclass::Fatty acyls;acceptor_superclass::Isoflavonoids;acceptor_superclass::Lignans;acceptor_superclass::Monoterpenoids;acceptor_superclass::Phenanthrenoids;acceptor_superclass::Phenolic acids (C6-C1);acceptor_superclass::Phenylethanoids (C6-C2);acceptor_superclass::Phenylpropanoids (C6-C3);acceptor_superclass::Small peptides;acceptor_superclass::Steroids;acceptor_superclass::Tyrosine alkaloids	0,0,0,0,0,0,0,0,0,1,0,0,0,0,0,0,0,0,0,0,0,0,0	1,0,0,1,1,0,1,1,0,1,0,0,1,1,1,1,0,0,1,1,0,0,1	0.155668,-1.367747,-0.820057,0.413609,0.282597,-0.010524,0.009486,0.143073,-0.794299,0.078517,-0.400657,-0.042982,0.303640,0.299204,0.317653,0.124686,-0.016317,-0.719505,0.363927,0.196559,-0.307072,-0.620241,0.136264
Zmay_AAT1_ONM11762.1	Zmay_AAT1_ONM11762.1	acceptor_superclass::Flavonoids	acceptor_superclass::Cyclic polyketides;acceptor_superclass::Diterpenoids;acceptor_superclass::Fatty acyls;acceptor_superclass::Lysine alkaloids;acceptor_superclass::Monoterpenoids;acceptor_superclass::Naphthalenes;acceptor_superclass::Phenylpropanoids (C6-C3);acceptor_superclass::Pseudoalkaloids;acceptor_superclass::Saccharides;acceptor_superclass::Tryptophan alkaloids	0,0,0,0,0,1,0,0,0,0,0,0,0,0,0,0,0,0,0,0,0,0,0	0,1,1,0,1,0,0,0,1,1,1,0,0,0,0,1,1,1,0,0,0,1,0	-1.074263,0.220321,0.216858,-0.873253,0.172197,-0.327417,-0.293759,-0.141250,0.376816,0.186123,0.334655,-0.140613,-0.049898,-1.566662,-0.149215,0.287356,0.104675,0.374035,-0.827672,-0.135863,-0.003338,0.335363,-0.258564
Zmay_CAT_ACF87722.1	Zmay_CAT_ACF87722.1		acceptor_superclass::Coumarins;acceptor_superclass::Cyclic polyketides;acceptor_superclass::Fatty acyls;acceptor_superclass::Flavonoids;acceptor_superclass::Lignans;acceptor_superclass::Lysine alkaloids;acceptor_superclass::Monoterpenoids;acceptor_superclass::Naphthalenes;acceptor_superclass::Phenylethanoids (C6-C2);acceptor_superclass::Phenylpropanoids (C6-C3);acceptor_superclass::Saccharides;acceptor_superclass::Steroids;acceptor_superclass::Tryptophan alkaloids	0,0,0,0,0,0,0,0,0,0,0,0,0,0,0,0,0,0,0,0,0,0,0	1,1,0,0,1,1,0,1,1,1,1,0,0,0,1,1,0,1,0,1,0,1,0	0.031938,0.062517,-0.039194,-0.426997,0.030241,0.019003,-0.217708,0.112029,0.149841,0.069935,0.007357,-0.205760,-0.000029,-1.085667,0.085230,0.156507,-0.021901,0.117915,-1.341353,0.197451,-0.008546,0.071377,-0.207768
Zmay_FMT_AQK78565.1	Zmay_FMT_AQK78565.1	acceptor_superclass::Phenylpropanoids (C6-C3)	acceptor_superclass::Coumarins;acceptor_superclass::Cyclic polyketides;acceptor_superclass::Fatty acyls;acceptor_superclass::Flavonoids;acceptor_superclass::Lignans;acceptor_superclass::Lysine alkaloids;acceptor_superclass::Monoterpenoids;acceptor_superclass::Phenanthrenoids;acceptor_superclass::Phenylethanoids (C6-C2);acceptor_superclass::Phenylpropanoids (C6-C3);acceptor_superclass::Saccharides;acceptor_superclass::Steroids;acceptor_superclass::Tryptophan alkaloids	0,0,0,0,0,0,0,0,0,0,0,0,0,0,0,1,0,0,0,0,0,0,0	1,1,0,0,1,1,0,1,1,1,0,0,1,0,1,1,0,1,0,1,0,1,0	0.067168,0.008234,-0.114196,-0.378243,0.021255,0.049716,-0.162422,0.088302,0.077936,0.034530,-0.077064,-0.188625,0.050947,-1.009153,0.065910,0.163659,-0.039956,0.051073,-1.274279,0.192308,-0.086262,0.000459,-0.186058
