fasta_id	enzyme_id	true_labels	predicted_labels	true_vector	pred_vector	score_vector
Aagr_HCT6_QPI70575.1	Aagr_HCT6_QPI70575.1	acceptor_superclass::Phenolic acids (C6-C1);acceptor_superclass::Small peptides	acceptor_superclass::Phenolic acids (C6-C1);acceptor_superclass::Phenylpropanoids (C6-C3)	0,0,0,0,0,0,0,0,0,0,0,0,0,1,0,0,0,0,1,0,0,0,0	0,0,0,0,0,0,0,0,0,0,0,0,0,1,0,1,0,0,0,0,0,0,0	-0.813233,-0.952040,-1.058346,-0.939341,-0.238547,-0.740911,-1.113738,0.000000,-1.076491,-0.804988,-0.693973,-0.370844,-0.762831,0.684905,-0.083617,0.467667,-0.863150,-0.927075,-0.522835,-1.170763,-1.053936,-0.782812,-0.694304
Aagr_HFT-like_Aagr000038l.49.1	Aagr_HFT-like_Aagr000038l.49.1	acceptor_superclass::Fatty Acids and Conjugates	acceptor_superclass::Fatty Acids and Conjugates;acceptor_superclass::Fatty acyls	0,0,0,1,0,0,0,0,0,0,0,0,0,0,0,0,0,0,0,0,0,0,0	0,0,0,1,1,0,0,0,0,0,0,0,0,0,0,0,0,0,0,0,0,0,0	-1.228384,-1.322235,-0.934768,1.033395,0.028715,-0.477052,-0.746540,-1.050853,-0.655712,-1.075901,-1.150389,-0.516260,-1.183753,-0.326014,-1.236751,-0.945875,-0.016050,-1.169124,-0.808469,-1.181142,-0.832223,-0.711308,-0.358529
Abel_TS_WPF47615.1	Abel_TS_WPF47615.1			0,0,0,0,0,0,0,0,0,0,0,0,0,0,0,0,0,0,0,0,0,0,0	0,0,0,0,0,0,0,0,0,0,0,0,0,0,0,0,0,0,0,0,0,0,0	-1.065582,-1.309611,-0.920770,-1.502098,-1.939421,-0.632472,-0.539039,-0.560348,-0.580801,-1.129761,-0.458514,-1.639615,-1.065582,-1.128152,-1.509863,-0.528192,-1.598186,-0.723600,-1.232270,-1.096642,-0.457933,-1.152995,-0.202450
Achi_AT16_PSS01274.1	Achi_AT16_PSS01274.1	acceptor_superclass::Fatty acyls	acceptor_superclass::Fatty acyls;acceptor_superclass::Phenylpropanoids (C6-C3);acceptor_superclass::Pseudoalkaloids	0,0,0,0,1,0,0,0,0,0,0,0,0,0,0,0,0,0,0,0,0,0,0	0,0,0,0,1,0,0,0,0,0,0,0,0,0,0,1,1,0,0,0,0,0,0	-0.929792,-1.050659,-1.081047,-0.702046,0.459083,-0.740570,-0.923531,-1.325781,-0.514061,-0.507177,-0.812110,-0.456971,-0.685386,-0.574055,-0.649524,0.171259,0.091023,-1.304100,-0.758800,-0.787400,-1.266031,-1.050397,-1.109464
Achi_FHT_PSR89440.1	Achi_FHT_PSR89440.1	acceptor_superclass::Fatty Acids and Conjugates;acceptor_superclass::Fatty acyls	acceptor_superclass::Fatty Acids and Conjugates;acceptor_superclass::Fatty acyls	0,0,0,1,1,0,0,0,0,0,0,0,0,0,0,0,0,0,0,0,0,0,0	0,0,0,1,1,0,0,0,0,0,0,0,0,0,0,0,0,0,0,0,0,0,0	-0.910129,-1.183901,-0.793653,0.701893,0.877926,-0.925090,-0.984062,0.000000,-0.980684,-0.880816,-1.047344,-1.101676,-0.921066,-0.902253,-0.436983,-0.178079,-1.113915,-1.238505,-0.773193,-1.055394,-0.841509,-0.897079,-0.736320
Aeri_AT9_AIC83789.1	Aeri_AT9_AIC83789.1	acceptor_superclass::Fatty acyls	acceptor_superclass::Phenylethanoids (C6-C2);acceptor_superclass::Phenylpropanoids (C6-C3)	0,0,0,0,1,0,0,0,0,0,0,0,0,0,0,0,0,0,0,0,0,0,0	0,0,0,0,0,0,0,0,0,0,0,0,0,0,1,1,0,0,0,0,0,0,0	-1.199957,-0.665693,-0.751407,-0.739011,-0.311103,-1.189532,-0.915405,-0.570821,-1.560894,-0.394730,-0.876751,-0.356322,-0.748616,-1.156369,0.084418,0.326755,-0.342738,-0.955631,-0.567624,-0.571255,-1.940432,-1.170101,-1.086074
Aeuc_AAT1_BDW80083.1	Aeuc_AAT1_BDW80083.1	acceptor_superclass::Naphthalenes	acceptor_superclass::Naphthalenes	0,0,0,0,0,0,0,0,0,0,1,0,0,0,0,0,0,0,0,0,0,0,0	0,0,0,0,0,0,0,0,0,0,1,0,0,0,0,0,0,0,0,0,0,0,0	-0.958039,-0.848387,-1.216573,-1.156677,-1.116851,-0.352007,-0.939858,-1.103255,-0.573262,-0.323268,1.162400,-1.116695,-0.958289,-0.811781,-0.623216,-0.892578,-0.768079,-1.404200,-0.901000,-1.311571,-0.522965,-0.957400,-1.293028
Aeuc_AAT2_BDW80089.1	Aeuc_AAT2_BDW80089.1	acceptor_superclass::Naphthalenes	acceptor_superclass::Naphthalenes	0,0,0,0,0,0,0,0,0,0,1,0,0,0,0,0,0,0,0,0,0,0,0	0,0,0,0,0,0,0,0,0,0,1,0,0,0,0,0,0,0,0,0,0,0,0	-1.117665,-1.032158,-0.929404,-0.898256,-0.584952,-0.850586,-0.709407,-0.966597,-1.125397,-0.988862,0.661329,-0.820749,-1.045528,-1.011835,-0.880089,-0.222028,-0.818186,-1.009058,-0.859766,-1.127422,-1.151091,-1.406383,-0.687221
Aeuc_SAT2_BDW80080.1	Aeuc_SAT2_BDW80080.1	acceptor_superclass::Naphthalenes	acceptor_superclass::Naphthalenes	0,0,0,0,0,0,0,0,0,0,1,0,0,0,0,0,0,0,0,0,0,0,0	0,0,0,0,0,0,0,0,0,0,1,0,0,0,0,0,0,0,0,0,0,0,0	-1.122091,-0.961595,-0.606876,-0.886492,-1.072172,-0.850833,-0.716249,-0.717856,-1.116192,-1.254622,1.179202,-1.190825,-1.119004,-0.927979,-1.498383,-0.904886,-0.813035,-0.936219,-1.011330,-0.727079,-0.771201,-0.917015,-0.467506
Amem_AT7-3_WMQ79387.1	Amem_AT7-3_WMQ79387.1	acceptor_superclass::Triterpenoids		0,0,0,0,0,0,0,0,0,0,0,0,0,0,0,0,0,0,0,0,1,0,0	0,0,0,0,0,0,0,0,0,0,0,0,0,0,0,0,0,0,0,0,0,0,0	-0.643778,-1.368567,-1.061171,-0.705750,-1.945968,-0.286482,-0.707035,-0.708485,-0.513694,-0.385525,-0.736824,-0.990872,-0.913896,-0.618054,-1.263362,-0.461448,-1.243664,-0.896738,-0.381645,-0.898216,-1.896330,-0.835002,-1.427020
Arac_HPT1_QAA12830.1	Arac_HPT1_QAA12830.1	acceptor_superclass::Phenylpropanoids (C6-C3)	acceptor_superclass::Phenylethanoids (C6-C2)	0,0,0,0,0,0,0,0,0,0,0,0,0,0,0,1,0,0,0,0,0,0,0	0,0,0,0,0,0,0,0,0,0,0,0,0,0,1,0,0,0,0,0,0,0,0	-1.086438,-0.843014,-1.277286,-0.668644,-0.856099,-1.333210,-1.023068,-0.931041,-0.942958,-0.818404,-0.787372,-0.332902,-0.947555,-0.081002,0.163058,-1.270970,-0.895181,-1.043986,-0.114654,-1.130217,-0.887227,-1.150988,-0.451052
Asat_HCBT_BAC78635.1	Asat_HCBT_BAC78635.1	acceptor_superclass::Small peptides	acceptor_superclass::Phenolic acids (C6-C1);acceptor_superclass::Small peptides	0,0,0,0,0,0,0,0,0,0,0,0,0,0,0,0,0,0,1,0,0,0,0	0,0,0,0,0,0,0,0,0,0,0,0,0,1,0,0,0,0,1,0,0,0,0	-0.993600,-1.214616,-1.294056,-1.229842,-1.203182,-0.820610,-1.047585,-0.996161,-1.037443,-1.332055,-1.194007,-0.226564,-0.859349,0.997156,-0.745290,-0.228574,-0.760660,-0.963715,0.508399,-0.923184,-0.905403,-1.157554,-0.511315
Asat_HHT1_BAC78633.1	Asat_HHT1_BAC78633.1	acceptor_superclass::Phenolic acids (C6-C1)	acceptor_superclass::Phenolic acids (C6-C1);acceptor_superclass::Phenylpropanoids (C6-C3);acceptor_superclass::Small peptides	0,0,0,0,0,0,0,0,0,0,0,0,0,1,0,0,0,0,0,0,0,0,0	0,0,0,0,0,0,0,0,0,0,0,0,0,1,0,1,0,0,1,0,0,0,0	-1.031975,-1.091006,-1.348832,-1.103084,-0.907589,-0.586654,-1.116869,-0.968411,-0.986924,-1.077849,-1.240730,-0.596039,-1.031975,0.498308,-0.408918,0.579327,-0.793338,-0.987232,0.655690,-0.969151,-0.521222,-1.278691,-0.335038
Asat_HHT4_QDC27803.1	Asat_HHT4_QDC27803.1	acceptor_superclass::Phenolic acids (C6-C1)	acceptor_superclass::Phenolic acids (C6-C1);acceptor_superclass::Small peptides	0,0,0,0,0,0,0,0,0,0,0,0,0,1,0,0,0,0,0,0,0,0,0	0,0,0,0,0,0,0,0,0,0,0,0,0,1,0,0,0,0,1,0,0,0,0	-0.961188,-1.219365,-1.058471,-1.384355,-1.166121,-0.419626,-0.845552,-0.848783,-1.143807,-1.217341,-0.893831,-1.143818,-1.016867,1.574972,-0.853172,-0.034154,-1.127224,-1.043972,0.218071,-0.987440,-0.711422,-1.021937,-0.623985
Asch_AKS1_URS65387.1	Asch_AKS1_URS65387.1	acceptor_superclass::Tryptophan alkaloids	acceptor_superclass::Fatty acyls;acceptor_superclass::Monoterpenoids;acceptor_superclass::Phenylethanoids (C6-C2);acceptor_superclass::Tryptophan alkaloids	0,0,0,0,0,0,0,0,0,0,0,0,0,0,0,0,0,0,0,0,0,1,0	0,0,0,0,1,0,0,0,0,1,0,0,0,0,1,0,0,0,0,0,0,1,0	-0.916464,-0.828948,-1.181359,-0.719917,0.258825,-0.651434,-0.977641,-1.358605,-0.959371,0.283055,-1.152043,-1.235543,-0.796769,-1.163933,0.104095,-0.766358,-0.884602,-0.620562,-1.425653,-0.504783,-0.351147,0.400769,-0.668103
Asch_AKS2_URS65388.1	Asch_AKS2_URS65388.1	acceptor_superclass::Tryptophan alkaloids	acceptor_superclass::Diterpenoids	0,0,0,0,0,0,0,0,0,0,0,0,0,0,0,0,0,0,0,0,0,1,0	0,0,1,0,0,0,0,0,0,0,0,0,0,0,0,0,0,0,0,0,0,0,0	-0.931022,-0.866574,0.074111,-1.034519,-1.144982,-0.836060,-0.870386,-0.676302,-0.790927,-0.493884,-0.403270,-1.070009,-1.251096,-0.540054,-1.693180,-1.348765,-1.000400,-0.563115,-1.268292,-1.187214,-0.093551,-0.399238,-0.891038
Asin_FMT_AHL24755.1	Asin_FMT_AHL24755.1	acceptor_superclass::Phenylpropanoids (C6-C3)	acceptor_superclass::Ornithine alkaloids;acceptor_superclass::Triterpenoids	0,0,0,0,0,0,0,0,0,0,0,0,0,0,0,1,0,0,0,0,0,0,0	0,0,0,0,0,0,0,0,0,0,0,1,0,0,0,0,0,0,0,0,1,0,0	-1.029730,-1.044634,-0.585292,-0.813296,-0.696448,-0.928609,-0.972891,-0.966625,-1.211851,-0.587536,-0.251657,0.101365,-0.870156,-1.110303,-0.837860,-0.714148,-0.393599,-1.186407,-0.896099,-1.573332,0.457120,-0.894455,-0.533045
Atha_3AT1_AEE27636.1	Atha_3AT1_AEE27636.1	acceptor_superclass::Flavonoids	acceptor_superclass::Flavonoids	0,0,0,0,0,1,0,0,0,0,0,0,0,0,0,0,0,0,0,0,0,0,0	0,0,0,0,0,1,0,0,0,0,0,0,0,0,0,0,0,0,0,0,0,0,0	-1.146288,-0.835742,-1.301894,-1.105850,-1.181792,0.764506,-0.270350,-0.844914,-1.095076,-0.895316,-1.084789,-0.516942,-1.166850,-0.872087,-1.228830,-1.111120,-0.660372,-1.238400,-1.365637,-1.067849,-0.319494,-0.903177,-0.302486
Atha_3AT2_AAF86513.1	Atha_3AT2_AAF86513.1	acceptor_superclass::Flavonoids	acceptor_superclass::Flavonoids	0,0,0,0,0,1,0,0,0,0,0,0,0,0,0,0,0,0,0,0,0,0,0	0,0,0,0,0,1,0,0,0,0,0,0,0,0,0,0,0,0,0,0,0,0,0	-0.584345,-0.975958,-1.179821,-1.046736,-1.421146,1.000432,-0.232945,-1.036507,-1.201110,-1.407068,-0.345416,-0.780868,-0.511116,-0.594722,-1.190922,-0.943776,-0.793233,-1.255034,-1.304595,-1.290551,-0.709989,-1.149477,-0.396471
Atha_5MAT_BAB01191.1	Atha_5MAT_BAB01191.1	acceptor_superclass::Flavonoids	acceptor_superclass::Flavonoids;acceptor_superclass::Isoflavonoids	0,0,0,0,0,1,0,0,0,0,0,0,0,0,0,0,0,0,0,0,0,0,0	0,0,0,0,0,1,1,0,0,0,0,0,0,0,0,0,0,0,0,0,0,0,0	-1.007068,-1.074942,-0.810425,-0.689483,-0.692228,0.464328,0.982389,-1.368050,-1.295590,-0.929203,-0.570158,-0.992729,-1.159413,-0.493703,-1.102752,-1.256551,-0.222989,-0.414983,-1.833539,-0.994416,-0.661307,-1.699570,-0.850048
Atha_ACT1_NP_200924.1	Atha_ACT1_NP_200924.1	acceptor_superclass::Ornithine alkaloids;acceptor_superclass::Pseudoalkaloids	acceptor_superclass::Flavonoids;acceptor_superclass::Steroids	0,0,0,0,0,0,0,0,0,0,0,1,0,0,0,0,1,0,0,0,0,0,0	0,0,0,0,0,1,0,0,0,0,0,0,0,0,0,0,0,0,0,1,0,0,0	-0.039945,-0.730758,-0.715879,-0.699946,-1.166919,1.428952,-0.033098,-1.072362,-0.925807,-1.137713,-0.114023,-0.598544,-0.131115,-1.531750,-0.895132,-1.229741,-0.923432,-1.180656,-0.561391,0.298657,-1.570908,-0.653442,-0.951327
Atha_HHT1_AAL34170.1	Atha_ASFT_NP_851111.1	acceptor_superclass::Fatty Acids and Conjugates;acceptor_superclass::Fatty acyls	acceptor_superclass::Fatty Acids and Conjugates;acceptor_superclass::Fatty acyls	0,0,0,1,1,0,0,0,0,0,0,0,0,0,0,0,0,0,0,0,0,0,0	0,0,0,1,1,0,0,0,0,0,0,0,0,0,0,0,0,0,0,0,0,0,0	-0.968998,-0.944256,-0.856152,0.926598,1.058197,-0.814363,-0.746732,-1.116678,-0.992799,-1.201944,-1.092409,-1.226166,-0.873490,-0.694152,-0.974710,-0.851188,-0.769557,-0.727309,-1.011410,-1.063795,-1.074681,-0.780567,-1.136788
Atha_AT3G47170_NP_190301.2	Atha_AT3G47170_NP_190301.2	acceptor_superclass::Ornithine alkaloids;acceptor_superclass::Pseudoalkaloids	acceptor_superclass::Pseudoalkaloids	0,0,0,0,0,0,0,0,0,0,0,1,0,0,0,0,1,0,0,0,0,0,0	0,0,0,0,0,0,0,0,0,0,0,0,0,0,0,0,1,0,0,0,0,0,0	-0.518215,-1.347069,-1.226373,-0.369854,-1.124137,-0.794401,-1.112275,0.000000,-0.910831,-0.955776,-0.322764,-0.026974,-0.491416,-1.061546,-1.468473,-0.042126,0.337137,-1.066272,-1.050491,-1.166638,-1.147789,-0.680119,-0.690781
Atha_PHT_OAO95042.1	Atha_AT5G07080_OAO95042.1	acceptor_superclass::Ornithine alkaloids;acceptor_superclass::Pseudoalkaloids	acceptor_superclass::Ornithine alkaloids;acceptor_superclass::Pseudoalkaloids	0,0,0,0,0,0,0,0,0,0,0,1,0,0,0,0,1,0,0,0,0,0,0	0,0,0,0,0,0,0,0,0,0,0,1,0,0,0,0,1,0,0,0,0,0,0	-1.206707,-1.010283,-0.958174,-1.117499,-0.555003,-0.663469,-0.751501,-0.830411,-0.849092,-0.982839,-1.250512,0.870274,-1.174402,-0.913994,-0.874596,-0.895515,0.630891,-1.003035,-0.976726,-0.900976,-0.855408,-1.076392,-1.175115
Atha_BIA1_CAB10319.1	Atha_BIA1_CAB10319.1	acceptor_superclass::Steroids		0,0,0,0,0,0,0,0,0,0,0,0,0,0,0,0,0,0,0,1,0,0,0	0,0,0,0,0,0,0,0,0,0,0,0,0,0,0,0,0,0,0,0,0,0,0	-1.239182,-0.583181,-0.303140,-0.473657,-0.114039,-1.449188,-0.528392,-1.025645,-1.387718,-0.803966,-1.163328,-0.686775,-1.239182,-0.928302,-0.705164,-1.289395,-0.546143,-0.973348,-0.713427,-1.231586,-0.024265,-0.388441,-1.149609
Atha_CHAT_AAN09797.1	Atha_CHAT_AAN09797.1	acceptor_superclass::Fatty acyls;acceptor_superclass::Monoterpenoids;acceptor_superclass::Phenylethanoids (C6-C2);acceptor_superclass::Phenylpropanoids (C6-C3)	acceptor_superclass::Fatty acyls;acceptor_superclass::Monoterpenoids;acceptor_superclass::Phenylpropanoids (C6-C3)	0,0,0,0,1,0,0,0,0,1,0,0,0,0,1,1,0,0,0,0,0,0,0	0,0,0,0,1,0,0,0,0,1,0,0,0,0,0,1,0,0,0,0,0,0,0	-1.121369,-0.853436,-1.309942,-0.311162,0.356387,-0.231208,-0.841761,-0.716099,-0.800701,0.118714,-0.891614,-0.736145,-1.370808,-1.161159,-0.796766,0.345033,-0.758683,-0.894613,-0.382147,-0.867637,-0.545415,-0.445767,-0.481673
Atha_COSY_AEE31013.1	Atha_COSY_AEE31013.1			0,0,0,0,0,0,0,0,0,0,0,0,0,0,0,0,0,0,0,0,0,0,0	0,0,0,0,0,0,0,0,0,0,0,0,0,0,0,0,0,0,0,0,0,0,0	-0.985025,-1.196328,-0.785439,-0.921352,-1.039250,-1.089571,-0.706775,0.000000,-0.704143,-0.979218,-1.077386,-0.499991,-1.082921,-1.222649,-0.811836,-1.108872,-0.698657,-1.073517,-1.108534,-0.877371,-0.837532,-0.587271,-0.708554
Atha_DCF_AAQ62868.1	Atha_DCF_AAQ62868.1	acceptor_superclass::Fatty Acids and Conjugates;acceptor_superclass::Fatty acyls	acceptor_superclass::Fatty Acids and Conjugates;acceptor_superclass::Fatty acyls;acceptor_superclass::Phenylethanoids (C6-C2)	0,0,0,1,1,0,0,0,0,0,0,0,0,0,0,0,0,0,0,0,0,0,0	0,0,0,1,1,0,0,0,0,0,0,0,0,0,1,0,0,0,0,0,0,0,0	-1.046378,-1.009508,-0.785206,0.116337,1.061810,-1.252012,-1.024280,0.000000,-1.344425,-0.968091,-0.829655,-0.342024,-0.842742,-0.501466,0.063590,-0.542837,-0.553703,-1.015727,-1.659122,-1.109094,-1.044584,-0.907712,-1.482323
Atha_EPS1_NP_201517.1	Atha_EPS1_NP_201517.1		acceptor_superclass::Lysine alkaloids;acceptor_superclass::Small peptides	0,0,0,0,0,0,0,0,0,0,0,0,0,0,0,0,0,0,0,0,0,0,0	0,0,0,0,0,0,0,0,1,0,0,0,0,0,0,0,0,0,1,0,0,0,0	-0.415221,-0.891640,-1.233138,-0.354408,-1.546172,-0.358711,-1.017793,-0.758146,0.487308,-1.239920,-0.718282,-1.542621,-0.814495,-0.460869,-1.883230,-0.521233,-1.303807,-1.010993,0.627638,-0.390697,-1.619841,-1.868273,-1.396485
Atha_FACT_AAN13119.1	Atha_FACT_AAN13119.1	acceptor_superclass::Fatty acyls	acceptor_superclass::Fatty acyls	0,0,0,0,1,0,0,0,0,0,0,0,0,0,0,0,0,0,0,0,0,0,0	0,0,0,0,1,0,0,0,0,0,0,0,0,0,0,0,0,0,0,0,0,0,0	-0.944017,-0.770089,-0.978825,-0.239151,1.017796,-1.009359,-1.252362,0.000000,-1.054151,-0.357081,-0.994021,-1.033848,-0.929112,-0.920887,-0.195294,-0.416014,-1.048705,-1.130383,-0.917092,-0.933325,-0.754005,-1.171578,-0.894950
Atha_GGES_AED96958.1	Atha_GGES_AED96958.1		acceptor_superclass::Phenolic acids (C6-C1);acceptor_superclass::Phenylpropanoids (C6-C3);acceptor_superclass::Small peptides	0,0,0,0,0,0,0,0,0,0,0,0,0,0,0,0,0,0,0,0,0,0,0	0,0,0,0,0,0,0,0,0,0,0,0,0,1,0,1,0,0,1,0,0,0,0	-1.365640,-1.158205,-0.496827,-1.213052,-1.453082,-1.087840,-1.247066,-0.344450,-0.716353,-0.096346,-1.242855,-0.553136,-1.365640,0.329843,-1.223525,0.442573,-0.664148,-0.914082,0.155190,-1.283143,-0.376998,-1.073888,-0.039215
Atha_HCT_BAB10316.1	Atha_HCT_BAB10316.1	acceptor_superclass::Flavonoids;acceptor_superclass::Phenolic acids (C6-C1);acceptor_superclass::Phenylpropanoids (C6-C3);acceptor_superclass::Small peptides	acceptor_superclass::Phenolic acids (C6-C1);acceptor_superclass::Phenylpropanoids (C6-C3);acceptor_superclass::Small peptides	0,0,0,0,0,1,0,0,0,0,0,0,0,1,0,1,0,0,1,0,0,0,0	0,0,0,0,0,0,0,0,0,0,0,0,0,1,0,1,0,0,1,0,0,0,0	-0.924405,-0.805254,-1.043060,-0.911293,-1.028884,-0.255135,-1.251721,0.000000,-0.697928,-0.720600,-0.935932,-0.845199,-0.972944,0.853044,-0.754958,0.152015,-0.902769,-1.055925,0.361278,-1.042751,-0.880684,-1.191192,-0.479743
Atha_HHT1_AAL34170.1	Atha_HHT1_AAL34170.1	acceptor_superclass::Fatty Acids and Conjugates;acceptor_superclass::Fatty acyls	acceptor_superclass::Fatty Acids and Conjugates;acceptor_superclass::Fatty acyls	0,0,0,1,1,0,0,0,0,0,0,0,0,0,0,0,0,0,0,0,0,0,0	0,0,0,1,1,0,0,0,0,0,0,0,0,0,0,0,0,0,0,0,0,0,0	-0.987636,-0.898611,-0.932656,0.891421,0.981965,-0.659976,-0.901384,-1.177266,-0.873521,-1.102682,-1.084745,-1.192656,-0.892064,-0.902545,-0.554874,-0.832664,-0.966549,-0.784636,-1.071550,-1.058789,-1.156589,-0.870628,-0.992667
Atha_FACT_AAN13119.1	Atha_HHT3_NP_201161.1	acceptor_superclass::Fatty acyls	acceptor_superclass::Fatty Acids and Conjugates;acceptor_superclass::Fatty acyls	0,0,0,0,1,0,0,0,0,0,0,0,0,0,0,0,0,0,0,0,0,0,0	0,0,0,1,1,0,0,0,0,0,0,0,0,0,0,0,0,0,0,0,0,0,0	-0.874334,-0.767295,-0.995525,0.215872,1.006368,-1.126101,-1.321112,-0.878675,-0.988600,-0.405264,-0.981471,-1.015438,-0.901537,-0.920674,-0.409771,-0.573974,-1.028090,-1.089781,-0.878671,-0.973206,-0.956213,-1.224915,-0.920521
Atha_HHT1_AAL34170.1	Atha_HHT_AAL34170.1	acceptor_superclass::Fatty Acids and Conjugates	acceptor_superclass::Fatty Acids and Conjugates;acceptor_superclass::Fatty acyls	0,0,0,1,0,0,0,0,0,0,0,0,0,0,0,0,0,0,0,0,0,0,0	0,0,0,1,1,0,0,0,0,0,0,0,0,0,0,0,0,0,0,0,0,0,0	-0.968998,-0.944256,-0.856152,0.926598,1.058197,-0.814363,-0.746732,-1.116678,-0.992799,-1.201944,-1.092409,-1.226166,-0.873490,-0.694152,-0.974710,-0.851188,-0.769557,-0.727309,-1.011410,-1.063795,-1.074681,-0.780567,-1.136788
Atha_PHT_OAO95042.1	Atha_PHT_OAO95042.1	acceptor_superclass::Ornithine alkaloids;acceptor_superclass::Pseudoalkaloids	acceptor_superclass::Ornithine alkaloids;acceptor_superclass::Pseudoalkaloids	0,0,0,0,0,0,0,0,0,0,0,1,0,0,0,0,1,0,0,0,0,0,0	0,0,0,0,0,0,0,0,0,0,0,1,0,0,0,0,1,0,0,0,0,0,0	-1.212121,-0.967735,-0.900854,-1.137169,-0.736609,-0.530558,-0.925625,-0.912476,-0.867213,-1.102520,-1.248228,0.884073,-1.212121,-0.781360,-1.113622,-0.829000,0.755347,-0.889438,-0.621952,-1.030563,-0.820514,-0.950790,-1.185495
Atha_PMAT1_AED94391.1	Atha_PMAT1_AED94391.1	acceptor_superclass::Flavonoids;acceptor_superclass::Isoflavonoids;acceptor_superclass::Steroids	acceptor_superclass::Flavonoids;acceptor_superclass::Isoflavonoids;acceptor_superclass::Ornithine alkaloids	0,0,0,0,0,1,1,0,0,0,0,0,0,0,0,0,0,0,0,1,0,0,0	0,0,0,0,0,1,1,0,0,0,0,1,0,0,0,0,0,0,0,0,0,0,0	-1.012174,-1.005917,-0.568191,-1.094145,-1.008345,0.510241,0.560562,-0.836036,-1.425242,-0.013732,-1.094033,0.056415,-1.012174,-0.468953,-1.403622,-1.919695,-0.398203,-1.098382,-1.567550,-0.528200,-0.832472,-0.529777,-1.375812
Atha_PMAT2_BAB02518.1	Atha_PMAT2_BAB02518.1	acceptor_superclass::Coumarins;acceptor_superclass::Flavonoids;acceptor_superclass::Naphthalenes;acceptor_superclass::Phenanthrenoids;acceptor_superclass::Steroids	acceptor_superclass::Isoflavonoids;acceptor_superclass::Pseudoalkaloids;acceptor_superclass::Tyrosine alkaloids	1,0,0,0,0,1,0,0,0,0,1,0,1,0,0,0,0,0,0,1,0,0,0	0,0,0,0,0,0,1,0,0,0,0,0,0,0,0,0,1,0,0,0,0,0,1	-1.187837,-0.901621,-0.740800,-0.628355,-0.756237,-0.195609,0.160225,-0.837463,-1.453802,-0.072468,-1.202448,-0.147002,-1.153219,-1.346544,-1.144820,-0.498337,0.114264,-0.630362,-0.736378,-0.602282,-0.560122,-0.987778,0.184980
Atha_SCT_AAP81804.1	Atha_SCT_AAP81804.1	acceptor_superclass::Ornithine alkaloids	acceptor_superclass::Ornithine alkaloids;acceptor_superclass::Pseudoalkaloids	0,0,0,0,0,0,0,0,0,0,0,1,0,0,0,0,0,0,0,0,0,0,0	0,0,0,0,0,0,0,0,0,0,0,1,0,0,0,0,1,0,0,0,0,0,0	-1.197957,-1.245810,-0.063800,-1.261896,-1.179314,-1.235582,-0.786962,-1.264109,-0.919945,-1.013410,-0.999191,0.338087,-1.232749,-1.047981,-1.393432,-2.240841,0.395700,-1.209149,-1.232157,-1.153674,-0.803410,-1.254883,-1.819239
Atha_SDT_AAC23766.1	Atha_SDT_AAC23766.1	acceptor_superclass::Ornithine alkaloids;acceptor_superclass::Pseudoalkaloids	acceptor_superclass::Ornithine alkaloids;acceptor_superclass::Pseudoalkaloids	0,0,0,0,0,0,0,0,0,0,0,1,0,0,0,0,1,0,0,0,0,0,0	0,0,0,0,0,0,0,0,0,0,0,1,0,0,0,0,1,0,0,0,0,0,0	-0.910639,-1.270183,-1.424157,-1.131351,-0.852104,-0.297371,-1.117169,-0.849887,-0.819820,-1.125787,-0.690414,0.904216,-0.988208,-0.843939,-1.394851,-1.430135,0.238909,-1.031911,-0.915893,-0.999003,-1.018141,-0.718355,-0.779753
Atha_SHT_AAD12025.1	Atha_SHT_AAD12025.1	acceptor_superclass::Ornithine alkaloids	acceptor_superclass::Ornithine alkaloids	0,0,0,0,0,0,0,0,0,0,0,1,0,0,0,0,0,0,0,0,0,0,0	0,0,0,0,0,0,0,0,0,0,0,1,0,0,0,0,0,0,0,0,0,0,0	-1.020767,-0.812923,-1.195801,-0.659856,-1.037802,-0.541841,-1.084338,-0.838214,-1.001758,-0.925567,-0.788777,0.771026,-1.028695,-0.357577,-0.173291,-1.145448,-0.071600,-0.981688,-0.378653,-1.010044,-1.057297,-0.592018,-0.986165
Atha_PHT_OAO95042.1	Atha_SHT_OAO95042.1	acceptor_superclass::Ornithine alkaloids	acceptor_superclass::Ornithine alkaloids;acceptor_superclass::Pseudoalkaloids	0,0,0,0,0,0,0,0,0,0,0,1,0,0,0,0,0,0,0,0,0,0,0	0,0,0,0,0,0,0,0,0,0,0,1,0,0,0,0,1,0,0,0,0,0,0	-1.095894,-1.045213,-0.781968,-1.168538,-0.510283,-0.882285,-0.829295,-0.903884,-0.959178,-0.863307,-1.149616,0.863734,-1.039506,-0.994144,-0.883754,-0.794176,0.916581,-0.994812,-0.952846,-1.005027,-0.806743,-0.888079,-1.246289
Atha_THAA1_BAB11062.1	Atha_THAA1_BAB11062.1	acceptor_superclass::Triterpenoids	acceptor_superclass::Triterpenoids	0,0,0,0,0,0,0,0,0,0,0,0,0,0,0,0,0,0,0,0,1,0,0	0,0,0,0,0,0,0,0,0,0,0,0,0,0,0,0,0,0,0,0,1,0,0	-1.226068,-0.363960,-0.591016,-1.286005,-0.898830,-0.272295,-1.420383,-1.278836,-0.798049,-0.660247,-0.986676,-0.013991,-1.094979,-1.148335,-0.309523,-0.235425,-1.128574,-0.837673,-0.419141,-0.056397,0.101369,-0.639027,-0.948168
Atha_THAA2_AAO63428.1	Atha_THAA2_AAO63428.1	acceptor_superclass::Triterpenoids	acceptor_superclass::Triterpenoids	0,0,0,0,0,0,0,0,0,0,0,0,0,0,0,0,0,0,0,0,1,0,0	0,0,0,0,0,0,0,0,0,0,0,0,0,0,0,0,0,0,0,0,1,0,0	-1.000926,-0.870436,-0.783412,-1.019236,-0.971590,-1.186853,-1.279958,-0.958883,-1.198623,-0.298895,-0.855563,-1.198736,-0.915017,-0.828493,-0.547226,-0.512393,-1.304019,-0.766215,-0.625535,-0.361196,0.081138,-0.008304,-0.825166
Bdis_PMT_CDG41682.1	Bdis_PMT_CDG41682.1	acceptor_superclass::Phenylpropanoids (C6-C3)	acceptor_superclass::Phenylethanoids (C6-C2);acceptor_superclass::Phenylpropanoids (C6-C3)	0,0,0,0,0,0,0,0,0,0,0,0,0,0,0,1,0,0,0,0,0,0,0	0,0,0,0,0,0,0,0,0,0,0,0,0,0,1,1,0,0,0,0,0,0,0	-0.859859,-0.939948,-1.205541,-1.337036,-0.489258,-0.952597,-1.385344,-1.177074,-0.980299,-0.201392,-0.936920,-0.887785,-0.589539,-0.868830,0.032779,0.761193,-1.151652,-1.331725,-1.276952,-0.887166,-1.168116,-1.633632,-1.412984
Bmul_HQT1_BCY27076.1	Bmul_HQT1_BCY27076.1	acceptor_superclass::Phenolic acids (C6-C1);acceptor_superclass::Phenylpropanoids (C6-C3)	acceptor_superclass::Tryptophan alkaloids	0,0,0,0,0,0,0,0,0,0,0,0,0,1,0,1,0,0,0,0,0,0,0	0,0,0,0,0,0,0,0,0,0,0,0,0,0,0,0,0,0,0,0,0,1,0	-0.866901,-1.180935,-0.948582,-0.412516,-0.836450,-1.016181,-1.134173,-0.383152,-1.586229,-0.950332,-1.014171,-0.790962,-0.866901,-0.035669,-1.547272,-0.462828,-1.541822,-1.112604,-1.506587,-0.644302,-2.509685,0.019385,-0.806135
Bmul_HQT1_BDR61289.1	Bmul_HQT1_BDR61289.1	acceptor_superclass::Phenolic acids (C6-C1)	acceptor_superclass::Phenolic acids (C6-C1);acceptor_superclass::Small peptides	0,0,0,0,0,0,0,0,0,0,0,0,0,1,0,0,0,0,0,0,0,0,0	0,0,0,0,0,0,0,0,0,0,0,0,0,1,0,0,0,0,1,0,0,0,0	-1.013505,-0.882831,-1.108636,-1.403488,-0.729684,-0.535797,-1.051521,-1.079197,-0.921239,-1.004637,-1.063073,-1.061942,-1.072349,1.224884,-0.818550,-0.334836,-1.063301,-1.044939,0.286413,-0.935481,-0.715183,-0.981100,-0.126370
Bser_AT1_QXN66176.1	Bser_AT1_QXN66176.1	acceptor_superclass::Triterpenoids	acceptor_superclass::Phenylpropanoids (C6-C3)	0,0,0,0,0,0,0,0,0,0,0,0,0,0,0,0,0,0,0,0,1,0,0	0,0,0,0,0,0,0,0,0,0,0,0,0,0,0,1,0,0,0,0,0,0,0	-0.952427,-1.243119,-0.930442,-1.120310,-0.802477,-1.637277,-1.100030,-1.203668,-1.194497,-0.622294,-1.146460,-0.067452,-0.701725,-1.257400,-0.714930,0.017886,-1.002584,-0.934609,-1.029435,-0.603370,-0.534600,-0.300487,-0.662319
Cang_AT20_QLI57449.1	Cang_AT20_QLI57449.1	acceptor_superclass::Monoterpenoids	acceptor_superclass::Fatty acyls;acceptor_superclass::Phenylethanoids (C6-C2);acceptor_superclass::Phenylpropanoids (C6-C3)	0,0,0,0,0,0,0,0,0,1,0,0,0,0,0,0,0,0,0,0,0,0,0	0,0,0,0,1,0,0,0,0,0,0,0,0,0,1,1,0,0,0,0,0,0,0	-0.892801,-1.245247,-0.650897,-1.070054,0.028705,-0.968204,-0.863386,-0.667188,-0.653473,-0.361977,-0.931576,-1.023710,-0.828734,-0.799012,0.426404,0.161150,-0.774884,-0.830102,-1.269234,-1.017918,-1.424936,-1.455617,-2.144200
Cann_AT3_NP_001311698.1	Cann_AT3_NP_001311698.1	acceptor_superclass::Tyrosine alkaloids	acceptor_superclass::Tyrosine alkaloids	0,0,0,0,0,0,0,0,0,0,0,0,0,0,0,0,0,0,0,0,0,0,1	0,0,0,0,0,0,0,0,0,0,0,0,0,0,0,0,0,0,0,0,0,0,1	-1.286030,-1.104178,-1.053352,-0.691222,-1.095964,-1.374187,-1.037622,-0.594581,-1.024615,-2.164398,-0.687068,-1.060379,-1.286030,-0.914080,-0.770845,-0.549252,-1.329865,-0.789373,-1.366664,-1.141465,-0.794201,-0.503934,0.718172
Cblu_HCT_CBI83579.1	Cblu_HCT_CBI83579.1	acceptor_superclass::Phenolic acids (C6-C1);acceptor_superclass::Tyrosine alkaloids	acceptor_superclass::Phenolic acids (C6-C1);acceptor_superclass::Small peptides	0,0,0,0,0,0,0,0,0,0,0,0,0,1,0,0,0,0,0,0,0,0,1	0,0,0,0,0,0,0,0,0,0,0,0,0,1,0,0,0,0,1,0,0,0,0	-0.950473,-1.050982,-0.881916,-0.796619,-0.879154,-0.667363,-0.983713,-0.997211,-1.064453,-0.551959,-0.895650,-0.927753,-0.994320,1.009644,-1.209541,-0.327951,-1.243404,-0.969479,0.672307,-0.903371,-0.611717,-0.739255,-0.300036
Cblu_HCT_CBI83579.1	Cblu_HST_CBI83579.1	acceptor_superclass::Phenolic acids (C6-C1);acceptor_superclass::Small peptides	acceptor_superclass::Flavonoids;acceptor_superclass::Phenolic acids (C6-C1);acceptor_superclass::Tyrosine alkaloids	0,0,0,0,0,0,0,0,0,0,0,0,0,1,0,0,0,0,1,0,0,0,0	0,0,0,0,0,1,0,0,0,0,0,0,0,1,0,0,0,0,0,0,0,0,1	-0.959141,-1.060730,-1.005918,-1.011620,-0.970411,0.291725,-0.923288,-0.900498,-1.067086,-0.364186,-0.942778,-0.910637,-0.959141,0.890637,-1.009591,-0.071496,-1.210788,-1.042009,-0.101318,-0.967480,-0.730352,-0.677012,0.831689
Cblu_RAS_CAK55166.1	Cblu_RAS_CAK55166.1	acceptor_superclass::Small peptides;acceptor_superclass::Tyrosine alkaloids	acceptor_superclass::Phenolic acids (C6-C1)	0,0,0,0,0,0,0,0,0,0,0,0,0,0,0,0,0,0,1,0,0,0,1	0,0,0,0,0,0,0,0,0,0,0,0,0,1,0,0,0,0,0,0,0,0,0	-0.925036,-0.849752,-1.207309,-0.523714,-0.851701,-0.756299,-1.072781,-0.503466,-0.856232,-0.454133,-0.921443,-1.036098,-0.887186,0.061248,-0.959003,-0.843217,-0.978156,-1.001953,-0.083759,-0.928105,-0.952476,-0.407470,-0.315672
Cbra_HQT-like_GBG71902.1	Cbra_HQT-like_GBG71902.1	acceptor_superclass::Phenolic acids (C6-C1)	acceptor_superclass::Isoflavonoids;acceptor_superclass::Ornithine alkaloids;acceptor_superclass::Phenolic acids (C6-C1);acceptor_superclass::Phenylpropanoids (C6-C3);acceptor_superclass::Pseudoalkaloids	0,0,0,0,0,0,0,0,0,0,0,0,0,1,0,0,0,0,0,0,0,0,0	0,0,0,0,0,0,1,0,0,0,0,1,0,1,0,1,1,0,0,0,0,0,0	-1.675854,-1.115489,-1.402456,-2.832770,-3.690820,-1.012063,0.204500,-0.801526,-1.051822,-0.562569,-1.967247,0.811116,-0.737785,0.677730,-0.977041,0.381715,1.887142,-1.221461,-0.917284,-2.817058,-0.830499,-1.015588,-1.371051
Cbre_BEAT_AAC18062.1	Cbre_BEAT_AAC18062.1	acceptor_superclass::Phenanthrenoids;acceptor_superclass::Phenylethanoids (C6-C2);acceptor_superclass::Phenylpropanoids (C6-C3)		0,0,0,0,0,0,0,0,0,0,0,0,1,0,1,1,0,0,0,0,0,0,0	0,0,0,0,0,0,0,0,0,0,0,0,0,0,0,0,0,0,0,0,0,0,0	-1.005886,-1.248437,-0.663299,-0.172278,-0.551866,-0.586150,-0.473495,-1.407569,-1.385648,-1.913009,-1.163043,-0.538175,-1.005886,-0.628163,-2.065464,-1.606850,-0.448156,-1.308434,-0.315969,-0.954648,-0.242044,-0.830721,-1.117397
Cbre_BEBT_AAN09796.1	Cbre_BEBT_AAN09796.1	acceptor_superclass::Phenylpropanoids (C6-C3)	acceptor_superclass::Fatty acyls;acceptor_superclass::Monoterpenoids;acceptor_superclass::Phenylpropanoids (C6-C3)	0,0,0,0,0,0,0,0,0,0,0,0,0,0,0,1,0,0,0,0,0,0,0	0,0,0,0,1,0,0,0,0,1,0,0,0,0,0,1,0,0,0,0,0,0,0	-1.148914,-1.019639,-0.704292,-1.336380,0.153796,-0.690896,-0.692650,-0.448457,-0.874716,0.345805,-0.911387,-1.139192,-1.104993,-0.720561,-0.321674,1.222915,-0.884338,-0.874335,-0.909730,-1.024229,-0.921979,-0.324007,-0.985544
Ccan_HCT_ABO47805.1	Ccan_HCT_ABO47805.1	acceptor_superclass::Phenolic acids (C6-C1);acceptor_superclass::Phenylpropanoids (C6-C3)	acceptor_superclass::Monoterpenoids;acceptor_superclass::Phenolic acids (C6-C1);acceptor_superclass::Small peptides;acceptor_superclass::Tyrosine alkaloids	0,0,0,0,0,0,0,0,0,0,0,0,0,1,0,1,0,0,0,0,0,0,0	0,0,0,0,0,0,0,0,0,1,0,0,0,1,0,0,0,0,1,0,0,0,1	-1.081081,-1.023732,-0.899170,-0.966178,-0.725215,-0.000446,-0.963204,-1.021673,-1.126460,0.037919,-1.123751,-0.719727,-0.986506,1.024568,-0.969509,-0.109910,-0.855207,-1.041557,0.579924,-0.949681,-0.054874,-0.901097,0.175027
Ccan_HQT_ABO77957.1	Ccan_HQT_ABO77957.1	acceptor_superclass::Phenolic acids (C6-C1);acceptor_superclass::Phenylpropanoids (C6-C3)	acceptor_superclass::Phenolic acids (C6-C1)	0,0,0,0,0,0,0,0,0,0,0,0,0,1,0,1,0,0,0,0,0,0,0	0,0,0,0,0,0,0,0,0,0,0,0,0,1,0,0,0,0,0,0,0,0,0	-0.987213,-0.987760,-1.147774,-0.839847,-1.003586,-0.635460,-0.696551,-1.257962,-0.891067,-0.988356,-0.896953,-0.845155,-0.912192,1.015757,-1.150969,-0.393239,-0.834482,-0.568747,-0.249953,-1.050581,-0.568446,-1.048840,-1.105439
Ccar_HCT_AAZ80046.1	Ccar_HCT_AAZ80046.1	acceptor_superclass::Phenolic acids (C6-C1)	acceptor_superclass::Flavonoids;acceptor_superclass::Phenolic acids (C6-C1);acceptor_superclass::Small peptides;acceptor_superclass::Triterpenoids	0,0,0,0,0,0,0,0,0,0,0,0,0,1,0,0,0,0,0,0,0,0,0	0,0,0,0,0,1,0,0,0,0,0,0,0,1,0,0,0,0,1,0,1,0,0	-1.048612,-1.025878,-1.225508,-1.011467,-1.059374,0.072231,-1.088454,-0.995031,-0.681870,-0.338030,-1.052111,-0.863536,-1.075169,0.930866,-0.711986,-0.083299,-0.935862,-1.018391,0.218840,-1.221964,0.074545,-0.976531,-0.006342
Ccar_HQT1_CAM84302.2	Ccar_HQT1_CAM84302.2	acceptor_superclass::Phenolic acids (C6-C1)	acceptor_superclass::Phenolic acids (C6-C1)	0,0,0,0,0,0,0,0,0,0,0,0,0,1,0,0,0,0,0,0,0,0,0	0,0,0,0,0,0,0,0,0,0,0,0,0,1,0,0,0,0,0,0,0,0,0	-1.135324,-0.954090,-0.852429,-1.069633,-1.057521,-0.816564,-1.017552,-0.712309,-0.868822,-0.354323,-1.020054,-1.185619,-1.214935,0.781407,-1.011158,-0.590496,-0.927083,-1.173923,-0.954375,-1.064633,-0.614160,-1.166025,-0.802996
Ccar_HQT2_ACJ23164.1	Ccar_HQT2_ACJ23164.1	acceptor_superclass::Phenolic acids (C6-C1)	acceptor_superclass::Phenolic acids (C6-C1)	0,0,0,0,0,0,0,0,0,0,0,0,0,1,0,0,0,0,0,0,0,0,0	0,0,0,0,0,0,0,0,0,0,0,0,0,1,0,0,0,0,0,0,0,0,0	-1.033137,-0.919973,-0.970753,-0.615129,-0.791673,-0.458620,-0.923169,-0.979054,-1.036438,-1.488183,-1.076236,-0.915458,-1.048260,0.849883,-1.203237,-0.822208,-0.821501,-0.910356,-0.615777,-0.883198,-1.088249,-0.984936,-0.992904
Ccar_HQT_ABK79689.1	Ccar_HQT_ABK79689.1	acceptor_superclass::Phenolic acids (C6-C1)	acceptor_superclass::Phenolic acids (C6-C1)	0,0,0,0,0,0,0,0,0,0,0,0,0,1,0,0,0,0,0,0,0,0,0	0,0,0,0,0,0,0,0,0,0,0,0,0,1,0,0,0,0,0,0,0,0,0	-0.961225,-1.151584,-0.856627,-1.175673,-1.168006,-1.014122,-1.070130,-0.694137,-1.150064,-0.647795,-0.909215,-1.039844,-0.980463,1.067198,-1.154595,-0.471766,-0.904035,-1.177471,-0.578711,-0.860774,-0.662201,-1.316899,-1.507680
Ccar_HQT_ABK79690.1	Ccar_HQT_ABK79690.1	acceptor_superclass::Phenolic acids (C6-C1)	acceptor_superclass::Phenolic acids (C6-C1)	0,0,0,0,0,0,0,0,0,0,0,0,0,1,0,0,0,0,0,0,0,0,0	0,0,0,0,0,0,0,0,0,0,0,0,0,1,0,0,0,0,0,0,0,0,0	-0.996560,-1.001303,-0.735120,-1.410236,-1.047798,-0.722542,-0.937216,-0.827805,-1.037583,-0.408537,-0.995741,-1.165829,-1.016788,1.158742,-0.744156,-0.428268,-1.010585,-1.125467,-0.557675,-0.970364,-0.759009,-1.063458,-1.116577
Cchi_AT3_AAV66309.1	Cchi_AT3_AAV66309.1	acceptor_superclass::Tyrosine alkaloids	acceptor_superclass::Tyrosine alkaloids	0,0,0,0,0,0,0,0,0,0,0,0,0,0,0,0,0,0,0,0,0,0,1	0,0,0,0,0,0,0,0,0,0,0,0,0,0,0,0,0,0,0,0,0,0,1	-0.988876,-1.063719,-1.323956,-0.612281,-0.824888,-0.612607,-1.060582,-0.788440,-0.936992,-1.742725,-0.467071,-1.213254,-0.998227,-0.736277,-0.707240,-0.839569,-1.187261,-0.639903,-1.030083,-0.952114,-0.767335,-0.521887,0.684582
Ccro_AT1_AXB26761.1	Ccro_AT1_AXB26761.1	acceptor_superclass::Flavonoids	acceptor_superclass::Flavonoids	0,0,0,0,0,1,0,0,0,0,0,0,0,0,0,0,0,0,0,0,0,0,0	0,0,0,0,0,1,0,0,0,0,0,0,0,0,0,0,0,0,0,0,0,0,0	-1.016392,-1.079533,-0.886246,-0.869113,-1.344976,0.979222,-1.037271,-0.994668,-0.597202,-0.813694,-0.977381,-0.828777,-1.106851,-0.997709,-1.445510,-1.253112,-0.986803,-1.040127,-1.080226,-1.045394,-0.903574,-0.969710,-1.136361
Ccro_AT1_AXB26761.1	Ccro_AT2_AXB26761.1	acceptor_superclass::Flavonoids	acceptor_superclass::Flavonoids	0,0,0,0,0,1,0,0,0,0,0,0,0,0,0,0,0,0,0,0,0,0,0	0,0,0,0,0,1,0,0,0,0,0,0,0,0,0,0,0,0,0,0,0,0,0	-1.089505,-1.039062,-0.889649,-0.941135,-1.166118,0.934228,-1.046491,-0.927860,-0.595182,-0.799236,-1.030899,-0.825328,-1.089505,-0.999417,-1.203990,-1.318226,-0.716113,-0.888795,-1.010556,-1.089525,-1.092092,-1.063979,-1.189383
Ccro_AT2_AXB26762.1	Ccro_AT2_AXB26762.1	acceptor_superclass::Flavonoids	acceptor_superclass::Flavonoids	0,0,0,0,0,1,0,0,0,0,0,0,0,0,0,0,0,0,0,0,0,0,0	0,0,0,0,0,1,0,0,0,0,0,0,0,0,0,0,0,0,0,0,0,0,0	-1.021007,-1.062533,-0.542005,-0.924967,-1.081521,1.090839,-1.202496,-0.547466,-0.934848,-1.393621,-1.005638,-0.982717,-0.917862,-0.687426,-1.285129,-1.482289,-0.762000,-1.368534,-0.772429,-1.205996,-1.502467,-1.168566,-1.276449
Ccro_HCT_WKA69991.1	Ccro_HCT_WKA69991.1	acceptor_superclass::Phenolic acids (C6-C1)	acceptor_superclass::Phenolic acids (C6-C1);acceptor_superclass::Small peptides	0,0,0,0,0,0,0,0,0,0,0,0,0,1,0,0,0,0,0,0,0,0,0	0,0,0,0,0,0,0,0,0,0,0,0,0,1,0,0,0,0,1,0,0,0,0	-1.299107,-0.947028,-1.232871,-1.056944,-1.082773,-0.212352,-0.953094,-0.808434,-0.929023,-0.609898,-1.581631,-0.523551,-1.317924,0.449523,-0.670229,-0.605951,-0.656567,-0.868121,0.505163,-1.053681,-0.495742,-0.795431,-0.009979
Cint_HCT1_ANN12608.1	Cint_HCT1_ANN12608.1	acceptor_superclass::Phenolic acids (C6-C1)	acceptor_superclass::Flavonoids;acceptor_superclass::Phenolic acids (C6-C1);acceptor_superclass::Triterpenoids;acceptor_superclass::Tyrosine alkaloids	0,0,0,0,0,0,0,0,0,0,0,0,0,1,0,0,0,0,0,0,0,0,0	0,0,0,0,0,1,0,0,0,0,0,0,0,1,0,0,0,0,0,0,1,0,1	-1.098753,-1.044931,-0.977837,-0.889146,-0.971204,0.320715,-1.030666,-1.078079,-0.858369,-0.306507,-1.058737,-0.926943,-1.064429,0.825595,-0.978124,-0.275128,-1.054451,-1.020224,-0.334610,-1.065356,0.192241,-0.817544,0.485153
Cint_HCT2_ANN12609.1	Cint_HCT2_ANN12609.1	acceptor_superclass::Phenolic acids (C6-C1)	acceptor_superclass::Flavonoids;acceptor_superclass::Phenolic acids (C6-C1);acceptor_superclass::Triterpenoids	0,0,0,0,0,0,0,0,0,0,0,0,0,1,0,0,0,0,0,0,0,0,0	0,0,0,0,0,1,0,0,0,0,0,0,0,1,0,0,0,0,0,0,1,0,0	-1.000092,-0.960819,-0.845183,-0.818701,-1.064931,0.005924,-1.229672,-0.956601,-0.865958,-0.672189,-0.984186,-0.972555,-0.988571,0.957274,-1.082877,-0.461514,-0.887502,-1.073619,-0.170946,-1.051064,0.052223,-1.081586,-0.193531
Cint_HQT1_ANN12610.1	Cint_HQT1_ANN12610.1	acceptor_superclass::Phenolic acids (C6-C1)	acceptor_superclass::Phenolic acids (C6-C1)	0,0,0,0,0,0,0,0,0,0,0,0,0,1,0,0,0,0,0,0,0,0,0	0,0,0,0,0,0,0,0,0,0,0,0,0,1,0,0,0,0,0,0,0,0,0	-0.909544,-0.826077,-1.014508,-0.959858,-0.497747,-0.962864,-1.034956,0.000000,-1.051419,-0.384359,-0.845522,-1.081671,-0.983025,1.043691,-1.228141,-0.439701,-0.927731,-1.343724,-0.993522,-0.981225,-0.944041,-1.225382,-0.814095
Cint_HQT2_ANN12611.1	Cint_HQT2_ANN12611.1	acceptor_superclass::Phenolic acids (C6-C1)	acceptor_superclass::Phenolic acids (C6-C1)	0,0,0,0,0,0,0,0,0,0,0,0,0,1,0,0,0,0,0,0,0,0,0	0,0,0,0,0,0,0,0,0,0,0,0,0,1,0,0,0,0,0,0,0,0,0	-0.950416,-0.974543,-1.060729,-0.480952,-0.737270,-1.184578,-0.763359,-1.101918,-1.140334,-1.351076,-1.009259,-1.049010,-0.950416,0.642143,-0.965791,-0.426736,-1.066476,-0.971738,-0.950466,-1.126297,-1.158904,-0.840919,-0.841833
Cint_HQT3_ANN12612.1	Cint_HQT3_ANN12612.1	acceptor_superclass::Phenolic acids (C6-C1)	acceptor_superclass::Phenolic acids (C6-C1)	0,0,0,0,0,0,0,0,0,0,0,0,0,1,0,0,0,0,0,0,0,0,0	0,0,0,0,0,0,0,0,0,0,0,0,0,1,0,0,0,0,0,0,0,0,0	-1.064697,-0.977491,-1.041034,-0.764961,-1.248855,-0.689663,-1.150414,-0.731782,-1.008741,-0.436064,-0.831069,-1.302170,-1.036938,0.907668,-1.185652,-0.074678,-1.015939,-1.160908,-1.434348,-1.140870,-0.604893,-1.188799,-0.640344
Cint_SHT1_AXY93625.1	Cint_SHT1_AXY93625.1	acceptor_superclass::Ornithine alkaloids;acceptor_superclass::Phenolic acids (C6-C1);acceptor_superclass::Pseudoalkaloids	acceptor_superclass::Ornithine alkaloids	0,0,0,0,0,0,0,0,0,0,0,1,0,1,0,0,1,0,0,0,0,0,0	0,0,0,0,0,0,0,0,0,0,0,1,0,0,0,0,0,0,0,0,0,0,0	-1.118261,-0.548458,-1.066602,-1.245202,-0.861363,-1.117908,-0.992814,-1.334720,-1.138782,-1.644578,-1.195027,0.570076,-1.056011,-0.172490,-0.608430,-1.008014,-0.415833,-0.974552,-0.787870,-1.051175,-1.189325,-1.236293,-1.253343
Cint_SHT2_AXY93626.1	Cint_SHT2_AXY93626.1	acceptor_superclass::Ornithine alkaloids;acceptor_superclass::Phenolic acids (C6-C1);acceptor_superclass::Pseudoalkaloids	acceptor_superclass::Ornithine alkaloids;acceptor_superclass::Pseudoalkaloids	0,0,0,0,0,0,0,0,0,0,0,1,0,1,0,0,1,0,0,0,0,0,0	0,0,0,0,0,0,0,0,0,0,0,1,0,0,0,0,1,0,0,0,0,0,0	-0.962937,-0.948361,-1.010539,-0.879744,-1.316167,-0.969623,-0.715755,-1.130606,-1.146461,-1.115985,-1.008778,0.651308,-0.620173,-0.123483,-0.540339,-1.001994,0.265383,-1.056162,-0.618790,-0.951509,-1.065670,-0.624128,-0.633145
Cmel_AAT1_CAA94432.1	Cmel_AAT1_CAA94432.1	acceptor_superclass::Fatty acyls;acceptor_superclass::Phenylethanoids (C6-C2);acceptor_superclass::Phenylpropanoids (C6-C3)	acceptor_superclass::Fatty acyls	0,0,0,0,1,0,0,0,0,0,0,0,0,0,1,1,0,0,0,0,0,0,0	0,0,0,0,1,0,0,0,0,0,0,0,0,0,0,0,0,0,0,0,0,0,0	-1.362672,-0.719678,-0.012451,-0.647987,0.599457,-1.103433,-1.101616,0.000000,-0.369231,-0.457999,-1.572658,-1.075746,-1.385603,-0.541552,-0.574295,-0.737438,-1.466747,-1.321691,-1.132939,-1.314370,-0.380074,-1.244312,-1.021722
Cmel_AAT3_AAW51125.1	Cmel_AAT3_AAW51125.1	acceptor_superclass::Fatty acyls	acceptor_superclass::Fatty acyls;acceptor_superclass::Monoterpenoids;acceptor_superclass::Phenylethanoids (C6-C2);acceptor_superclass::Phenylpropanoids (C6-C3)	0,0,0,0,1,0,0,0,0,0,0,0,0,0,0,0,0,0,0,0,0,0,0	0,0,0,0,1,0,0,0,0,1,0,0,0,0,1,1,0,0,0,0,0,0,0	-0.949332,-0.975286,-0.771655,-1.198093,0.502799,-1.079562,-1.080459,-1.120611,-0.764063,0.364835,-0.868743,-1.182278,-1.047997,-0.664639,0.088188,0.763868,-1.207380,-1.064365,-0.746479,-0.851855,-0.706797,-1.002212,-0.860867
Cmel_AAT4_AAW51126.1	Cmel_AAT4_AAW51126.1	acceptor_superclass::Fatty acyls;acceptor_superclass::Monoterpenoids;acceptor_superclass::Phenylpropanoids (C6-C3)		0,0,0,0,1,0,0,0,0,1,0,0,0,0,0,1,0,0,0,0,0,0,0	0,0,0,0,0,0,0,0,0,0,0,0,0,0,0,0,0,0,0,0,0,0,0	-0.480938,-0.627723,-0.162689,-1.035005,-0.299599,-0.806032,-1.198663,-1.199138,-1.400341,-1.014864,-0.831519,-0.535074,-0.480938,-0.751253,-1.067918,-0.943667,-1.109099,-1.018449,-1.132033,-0.279731,-0.352233,-0.964108,-1.225039
Cros_DAT_AAC99311.1	Cros_DAT_AAC99311.1	acceptor_superclass::Tryptophan alkaloids	acceptor_superclass::Tryptophan alkaloids;acceptor_superclass::Tyrosine alkaloids	0,0,0,0,0,0,0,0,0,0,0,0,0,0,0,0,0,0,0,0,0,1,0	0,0,0,0,0,0,0,0,0,0,0,0,0,0,0,0,0,0,0,0,0,1,1	-1.216484,-0.769491,-0.934527,-1.069921,-0.144491,-0.259208,-0.532596,-0.503450,-0.604532,-0.766525,-0.875544,-1.140389,-1.523913,-1.596653,-0.981516,-0.662384,-0.800397,-0.699262,-0.714394,-0.929763,-0.410466,0.293452,0.383030
Cros_MAT_AAO13736.1	Cros_MAT_AAO13736.1	acceptor_superclass::Tryptophan alkaloids	acceptor_superclass::Tryptophan alkaloids	0,0,0,0,0,0,0,0,0,0,0,0,0,0,0,0,0,0,0,0,0,1,0	0,0,0,0,0,0,0,0,0,0,0,0,0,0,0,0,0,0,0,0,0,1,0	-0.858714,-0.910116,-0.460357,-1.271058,-0.908757,-1.120143,-0.301504,-0.817858,-0.768951,-0.493382,-0.610462,-1.453677,-0.862080,-0.626291,-0.742927,-1.501826,-1.291647,-0.806001,-1.747610,-0.306735,-0.111726,0.526397,-1.109503
Cros_TAT_AQP25667.1	Cros_TAT_AQP25667.1	acceptor_superclass::Tryptophan alkaloids	acceptor_superclass::Tryptophan alkaloids	0,0,0,0,0,0,0,0,0,0,0,0,0,0,0,0,0,0,0,0,0,1,0	0,0,0,0,0,0,0,0,0,0,0,0,0,0,0,0,0,0,0,0,0,1,0	-0.952612,-1.031233,-0.025987,-0.453359,-0.427131,-1.644646,-1.092670,0.000000,-0.840341,-1.434038,-0.880769,-0.386301,-0.740899,-1.152771,-0.932792,-0.531348,-0.873481,-0.588353,-1.037510,-1.192756,-0.807126,0.354591,-1.016970
Csat_HCT_AEJ88365.1	Csat_HCT_AEJ88365.1	acceptor_superclass::Phenolic acids (C6-C1)	acceptor_superclass::Phenolic acids (C6-C1);acceptor_superclass::Small peptides;acceptor_superclass::Tyrosine alkaloids	0,0,0,0,0,0,0,0,0,0,0,0,0,1,0,0,0,0,0,0,0,0,0	0,0,0,0,0,0,0,0,0,0,0,0,0,1,0,0,0,0,1,0,0,0,1	-0.952715,-1.010442,-1.195979,-0.904818,-0.637240,-0.197029,-1.081338,-1.150287,-1.014145,-0.456979,-1.015806,-0.846151,-0.868002,0.683688,-0.879495,-0.545544,-0.941065,-0.982013,0.728403,-0.948584,-1.002496,-1.025644,0.075725
Csco_HQT1_CAM84302.2	Csco_HQT1_CAM84302.2	acceptor_superclass::Phenolic acids (C6-C1)	acceptor_superclass::Phenolic acids (C6-C1)	0,0,0,0,0,0,0,0,0,0,0,0,0,1,0,0,0,0,0,0,0,0,0	0,0,0,0,0,0,0,0,0,0,0,0,0,1,0,0,0,0,0,0,0,0,0	-1.048512,-0.955908,-0.906116,-1.040802,-0.960846,-0.548703,-1.109487,-0.790667,-0.833608,-0.384148,-1.022161,-1.071337,-1.129136,0.832214,-0.803679,-0.649437,-0.901307,-1.105258,-0.990638,-1.007207,-0.610199,-1.167172,-1.106832
Csco_HQT2_ACJ23164.1	Csco_HQT2_ACJ23164.1	acceptor_superclass::Phenolic acids (C6-C1)	acceptor_superclass::Phenolic acids (C6-C1)	0,0,0,0,0,0,0,0,0,0,0,0,0,1,0,0,0,0,0,0,0,0,0	0,0,0,0,0,0,0,0,0,0,0,0,0,1,0,0,0,0,0,0,0,0,0	-1.116853,-0.909130,-1.109507,-0.597148,-0.785086,-1.114481,-0.878460,-1.070104,-1.115233,-1.177894,-1.195422,-0.872404,-1.116853,1.009119,-1.425107,-0.877961,-0.634096,-0.895634,-0.747379,-1.122506,-1.161271,-0.885925,-1.208019
Csin_AT1_THG04858.1	Csin_AT1_THG04858.1	acceptor_superclass::Flavonoids	acceptor_superclass::Fatty acyls;acceptor_superclass::Phenylpropanoids (C6-C3)	0,0,0,0,0,1,0,0,0,0,0,0,0,0,0,0,0,0,0,0,0,0,0	0,0,0,0,1,0,0,0,0,0,0,0,0,0,0,1,0,0,0,0,0,0,0	-1.282433,-1.098968,-0.625201,-0.199386,1.155509,-0.818364,-0.794067,-0.732080,-0.647932,-0.324713,-1.167576,-1.652379,-1.367997,-0.757081,-0.079901,1.168314,-1.166064,-0.673294,-1.602196,-1.110961,-1.421491,-1.455908,-1.513806
Csin_AT2_THG19836.1	Csin_AT2_THG19836.1	acceptor_superclass::Flavonoids	acceptor_superclass::Fatty acyls;acceptor_superclass::Phenylethanoids (C6-C2);acceptor_superclass::Phenylpropanoids (C6-C3)	0,0,0,0,0,1,0,0,0,0,0,0,0,0,0,0,0,0,0,0,0,0,0	0,0,0,0,1,0,0,0,0,0,0,0,0,0,1,1,0,0,0,0,0,0,0	-1.093995,-0.840953,-0.957879,-0.201536,1.115373,-0.989708,-1.237688,-1.008719,-0.551384,-0.399718,-1.129445,-1.271226,-1.093995,-1.327361,0.630199,0.053425,-0.973358,-0.766370,-1.229649,-1.404064,-1.264402,-1.331828,-0.786846
Csin_CHAT1_GMQ03793.1	Csin_CHAT1_GMQ03793.1	acceptor_superclass::Fatty acyls	acceptor_superclass::Fatty acyls;acceptor_superclass::Pseudoalkaloids	0,0,0,0,1,0,0,0,0,0,0,0,0,0,0,0,0,0,0,0,0,0,0	0,0,0,0,1,0,0,0,0,0,0,0,0,0,0,0,1,0,0,0,0,0,0	-0.940521,-0.862345,-1.395030,-0.550406,0.190426,-0.482058,-0.991762,-1.186183,-0.649124,-0.144864,-0.994232,-0.302077,-0.857166,-1.321464,-0.008532,-0.198811,0.236652,-0.976341,-1.099014,-0.923219,-0.819995,-0.800327,-0.682894
Csin_HCT1_XP_028081726.1	Csin_HCT1_XP_028081726.1	acceptor_superclass::Phenolic acids (C6-C1)	acceptor_superclass::Flavonoids;acceptor_superclass::Phenolic acids (C6-C1);acceptor_superclass::Small peptides	0,0,0,0,0,0,0,0,0,0,0,0,0,1,0,0,0,0,0,0,0,0,0	0,0,0,0,0,1,0,0,0,0,0,0,0,1,0,0,0,0,1,0,0,0,0	-1.049496,-0.984347,-1.176385,-0.993724,-0.826559,0.212720,-1.168422,-1.425327,-0.816624,-1.151312,-0.992466,-0.896276,-1.040909,1.191205,-1.028913,-0.742630,-0.718894,-1.031963,0.700706,-1.073969,-0.520877,-0.643444,-0.104062
Csin_HCT2_THG02040.1	Csin_HCT2_THG02040.1	acceptor_superclass::Flavonoids;acceptor_superclass::Phenolic acids (C6-C1)	acceptor_superclass::Phenolic acids (C6-C1)	0,0,0,0,0,1,0,0,0,0,0,0,0,1,0,0,0,0,0,0,0,0,0	0,0,0,0,0,0,0,0,0,0,0,0,0,1,0,0,0,0,0,0,0,0,0	-0.978527,-0.948405,-1.169346,-1.002722,-1.193167,-0.776067,-0.967394,-1.286413,-1.023992,-0.894850,-1.148826,-1.175060,-0.978527,1.258679,-1.017493,-0.643465,-0.967233,-1.046734,-0.146306,-0.979140,-0.925109,-0.775428,-0.743774
Dcar_HCBT3_CAB06429.1	Dcar_HCBT1_CAB06427.1	acceptor_superclass::Phenolic acids (C6-C1);acceptor_superclass::Small peptides	acceptor_superclass::Phenylpropanoids (C6-C3);acceptor_superclass::Small peptides	0,0,0,0,0,0,0,0,0,0,0,0,0,1,0,0,0,0,1,0,0,0,0	0,0,0,0,0,0,0,0,0,0,0,0,0,0,0,1,0,0,1,0,0,0,0	-1.053699,-0.943766,-0.951033,-1.053612,-0.758275,-1.300454,-0.947797,0.000000,-1.153675,-1.156707,-1.065761,-0.607628,-0.975629,-0.719419,-0.775776,0.242812,-0.959414,-1.001367,0.969220,-0.931635,-1.103677,-1.212421,-0.931708
Dcar_HCBT2_CAB06430.1	Dcar_HCBT2_CAB06430.1	acceptor_superclass::Small peptides	acceptor_superclass::Phenolic acids (C6-C1);acceptor_superclass::Small peptides	0,0,0,0,0,0,0,0,0,0,0,0,0,0,0,0,0,0,1,0,0,0,0	0,0,0,0,0,0,0,0,0,0,0,0,0,1,0,0,0,0,1,0,0,0,0	-0.737898,-0.676962,-1.016283,-0.871167,-0.863109,-1.427668,-0.998419,-0.838464,-0.791724,-1.220085,-0.655307,-0.268686,-0.698505,0.423808,-1.346341,-0.164570,-0.663235,-0.899529,0.548215,-0.830544,-1.781543,-0.798331,-0.978625
Dcar_HCBT3_CAB06429.1	Dcar_HCBT3_CAB06429.1	acceptor_superclass::Small peptides	acceptor_superclass::Phenolic acids (C6-C1);acceptor_superclass::Small peptides	0,0,0,0,0,0,0,0,0,0,0,0,0,0,0,0,0,0,1,0,0,0,0	0,0,0,0,0,0,0,0,0,0,0,0,0,1,0,0,0,0,1,0,0,0,0	-0.873825,-0.913047,-0.621017,-0.898114,-1.122908,-1.559326,-1.068088,-0.881835,-1.030095,-1.022938,-0.858040,-0.356750,-0.813931,0.397747,-1.168645,-0.149616,-0.831517,-0.912709,0.844114,-0.907401,-1.315525,-1.117108,-1.197703
Dlan_MAT1_QUW17232.1	Dlan_MAT1_QUW17232.1	acceptor_superclass::Flavonoids;acceptor_superclass::Steroids	acceptor_superclass::Flavonoids;acceptor_superclass::Isoflavonoids;acceptor_superclass::Steroids	0,0,0,0,0,1,0,0,0,0,0,0,0,0,0,0,0,0,0,1,0,0,0	0,0,0,0,0,1,1,0,0,0,0,0,0,0,0,0,0,0,0,1,0,0,0	-0.290699,-0.846008,-0.759841,-1.066384,-0.376034,0.944494,0.129992,-0.900216,-0.938463,-0.719893,-0.382383,-1.304864,-0.409750,-0.491307,-1.098010,-1.217687,-1.595650,-1.151863,-0.635813,0.786151,-1.040336,-0.820558,-0.754144
Dlan_MAT2_QWS71079.1	Dlan_MAT2_QWS71079.1	acceptor_superclass::Flavonoids;acceptor_superclass::Steroids	acceptor_superclass::Flavonoids;acceptor_superclass::Isoflavonoids;acceptor_superclass::Steroids	0,0,0,0,0,1,0,0,0,0,0,0,0,0,0,0,0,0,0,1,0,0,0	0,0,0,0,0,1,1,0,0,0,0,0,0,0,0,0,0,0,0,1,0,0,0	-0.409580,-0.971891,-1.035963,-0.987601,-1.087764,1.027968,0.567899,-0.768633,-1.035089,-1.188890,-0.561130,-1.224905,-0.409580,-0.412025,-1.339024,-0.842199,-1.330224,-0.886847,-0.333941,0.746953,-0.774117,-1.034116,-0.891479
Dmor_3MAT1_AAQ63615.1	Dmor_3MAT1_AAQ63615.1	acceptor_superclass::Flavonoids	acceptor_superclass::Flavonoids;acceptor_superclass::Isoflavonoids	0,0,0,0,0,1,0,0,0,0,0,0,0,0,0,0,0,0,0,0,0,0,0	0,0,0,0,0,1,1,0,0,0,0,0,0,0,0,0,0,0,0,0,0,0,0	-0.936684,-1.074439,-1.137781,-1.005049,-0.820400,1.237897,0.062604,-1.186839,-1.239967,-0.812624,-0.850671,-1.137000,-0.766427,-0.528705,-0.717596,-1.137693,-0.992341,-0.902653,-1.128431,-0.543325,-1.686448,-1.106363,-1.058038
Dmor_3MAT2_AAQ63616.1	Dmor_3MAT2_AAQ63616.1	acceptor_superclass::Flavonoids	acceptor_superclass::Flavonoids	0,0,0,0,0,1,0,0,0,0,0,0,0,0,0,0,0,0,0,0,0,0,0	0,0,0,0,0,1,0,0,0,0,0,0,0,0,0,0,0,0,0,0,0,0,0	-0.743219,-1.158866,-0.863006,-1.120013,-0.686672,0.857469,-0.694802,-1.184641,-1.074787,-0.800036,-0.703438,-0.482510,-0.941004,-0.525115,-1.164795,-0.692594,-0.336835,-1.353829,-0.843534,-1.070128,-1.023861,-0.747231,-0.419816
Dmor_3MAT3_BAF50706.1	Dmor_3MAT3_BAF50706.1	acceptor_superclass::Flavonoids;acceptor_superclass::Isoflavonoids	acceptor_superclass::Flavonoids;acceptor_superclass::Steroids	0,0,0,0,0,1,1,0,0,0,0,0,0,0,0,0,0,0,0,0,0,0,0	0,0,0,0,0,1,0,0,0,0,0,0,0,0,0,0,0,0,0,1,0,0,0	-0.450235,-0.905148,-1.134828,-0.796231,-1.133560,0.865199,-0.554897,-1.043761,-0.940876,-0.922093,-0.692859,-1.451179,-0.196607,-0.707937,-0.422108,-0.803170,-1.159019,-0.555293,-1.059152,0.091850,-0.904243,-1.166771,-1.059988
Dpin_3MAT_AAO12206.1	Dpin_3MAT_AAO12206.1	acceptor_superclass::Flavonoids	acceptor_superclass::Flavonoids	0,0,0,0,0,1,0,0,0,0,0,0,0,0,0,0,0,0,0,0,0,0,0	0,0,0,0,0,1,0,0,0,0,0,0,0,0,0,0,0,0,0,0,0,0,0	-0.811415,-0.765853,-1.025135,-0.938089,-0.630838,0.590657,-0.573224,-0.834788,-0.900163,-1.196178,-0.904475,-0.784635,-0.811415,-1.109437,-0.675530,-1.113239,-0.704296,-0.974373,-1.000938,-0.571152,-0.972824,-0.977901,-1.174839
Dvar_3MAT_AAO12206.1	Dvar_3MAT_AAO12206.1		acceptor_superclass::Flavonoids	0,0,0,0,0,0,0,0,0,0,0,0,0,0,0,0,0,0,0,0,0,0,0	0,0,0,0,0,1,0,0,0,0,0,0,0,0,0,0,0,0,0,0,0,0,0	-0.872500,-0.821509,-1.106899,-0.932734,-0.672982,0.999259,-0.615800,-0.867871,-0.898845,-1.215276,-0.935438,-0.673166,-1.008746,-1.275251,-0.902254,-1.060492,-0.858494,-1.110308,-1.394941,-0.430055,-0.974930,-1.134859,-0.995832
Ecoc_CS_AGT56097.1	Ecoc_BAHD7_AGT56097.1	acceptor_superclass::Ornithine alkaloids	acceptor_superclass::Ornithine alkaloids	0,0,0,0,0,0,0,0,0,0,0,1,0,0,0,0,0,0,0,0,0,0,0	0,0,0,0,0,0,0,0,0,0,0,1,0,0,0,0,0,0,0,0,0,0,0	-1.109161,-1.010066,-0.383339,-1.411917,-0.506067,-1.094136,-1.073946,0.000000,-0.865136,-0.842087,-0.965769,0.652775,-0.882075,-1.118847,-0.268267,-0.232523,-0.909841,-1.009754,-1.401007,-0.884862,-0.449715,-1.051875,-0.472824
Ecoc_CS_AGT56097.1	Ecoc_CS_AGT56097.1	acceptor_superclass::Ornithine alkaloids	acceptor_superclass::Ornithine alkaloids	0,0,0,0,0,0,0,0,0,0,0,1,0,0,0,0,0,0,0,0,0,0,0	0,0,0,0,0,0,0,0,0,0,0,1,0,0,0,0,0,0,0,0,0,0,0	-1.157364,-0.946965,-0.693499,-1.268162,-0.583500,-1.033274,-0.917353,-1.451539,-0.777101,-0.504873,-0.909570,0.648662,-0.963304,-1.205772,-0.481281,-0.641341,-0.859717,-1.153140,-1.251409,-0.909620,-0.014167,-0.772694,-0.296992
Ecoc_HQT_AFF19203.1	Ecoc_HQT_AFF19203.1	acceptor_superclass::Phenolic acids (C6-C1)	acceptor_superclass::Phenolic acids (C6-C1);acceptor_superclass::Small peptides	0,0,0,0,0,0,0,0,0,0,0,0,0,1,0,0,0,0,0,0,0,0,0	0,0,0,0,0,0,0,0,0,0,0,0,0,1,0,0,0,0,1,0,0,0,0	-0.735556,-1.108602,-0.984381,-0.372938,-1.072157,-1.646655,-0.686065,-1.271110,-0.879584,-1.590891,-0.477096,-0.449754,-0.660571,0.771449,-0.958949,-1.402719,-1.015028,-0.975671,0.100557,-0.904663,-0.634792,-1.366210,-0.617354
Egra_5AT_BAF49288.1	Egra_5AT_BAF49288.1	acceptor_superclass::Flavonoids	acceptor_superclass::Flavonoids	0,0,0,0,0,1,0,0,0,0,0,0,0,0,0,0,0,0,0,0,0,0,0	0,0,0,0,0,1,0,0,0,0,0,0,0,0,0,0,0,0,0,0,0,0,0	-0.999233,-0.926837,-1.006133,-0.968977,-1.112690,0.057492,-0.057699,-0.604269,-1.076145,-1.273192,-1.123851,-0.937409,-0.999233,-0.125233,-1.038188,-1.210793,-1.126372,-0.838520,-1.114864,-0.463687,-0.860340,-1.103118,-1.322449
Epep_BAHD11_NA	Epep_BAHD11_NA	acceptor_superclass::Diterpenoids	acceptor_superclass::Diterpenoids;acceptor_superclass::Triterpenoids;acceptor_superclass::Tryptophan alkaloids	0,0,1,0,0,0,0,0,0,0,0,0,0,0,0,0,0,0,0,0,0,0,0	0,0,1,0,0,0,0,0,0,0,0,0,0,0,0,0,0,0,0,0,1,1,0	-1.390937,-0.728762,0.556720,-1.265334,-0.681198,-1.507036,-1.194483,-0.524466,-1.200461,-0.513111,-1.125622,-0.638380,-1.274685,-1.178951,-0.543530,-0.161475,-0.057771,-1.598341,-0.984049,-0.681038,0.131531,0.002503,-1.011931
Epep_BAHD12_NA	Epep_BAHD12_NA	acceptor_superclass::Diterpenoids	acceptor_superclass::Diterpenoids	0,0,1,0,0,0,0,0,0,0,0,0,0,0,0,0,0,0,0,0,0,0,0	0,0,1,0,0,0,0,0,0,0,0,0,0,0,0,0,0,0,0,0,0,0,0	-0.723805,-0.965724,0.307693,-0.628574,-0.393157,-1.035312,-0.945289,-1.051954,-0.953983,-0.219667,-0.418383,-0.677894,-0.634572,-1.094409,-0.269364,-0.930450,-0.511033,-1.305518,-1.473315,-0.468814,-0.378960,-0.507700,-1.688101
Epep_BAHD6_NA	Epep_BAHD6_NA	acceptor_superclass::Diterpenoids	acceptor_superclass::Diterpenoids;acceptor_superclass::Monoterpenoids;acceptor_superclass::Phenylpropanoids (C6-C3);acceptor_superclass::Tryptophan alkaloids	0,0,1,0,0,0,0,0,0,0,0,0,0,0,0,0,0,0,0,0,0,0,0	0,0,1,0,0,0,0,0,0,1,0,0,0,0,0,1,0,0,0,0,0,1,0	-1.022176,-1.291284,0.266012,-1.089578,-1.353820,-0.469646,-0.938527,-0.668029,-0.847029,0.507623,-1.088587,-2.070070,-0.537471,-1.111018,-0.910529,0.401332,-1.909453,-1.247430,-0.310241,-1.246042,-0.997270,0.253277,-0.503058
Epep_BAHD7_NA	Epep_BAHD7_NA	acceptor_superclass::Diterpenoids	acceptor_superclass::Diterpenoids;acceptor_superclass::Triterpenoids	0,0,1,0,0,0,0,0,0,0,0,0,0,0,0,0,0,0,0,0,0,0,0	0,0,1,0,0,0,0,0,0,0,0,0,0,0,0,0,0,0,0,0,1,0,0	-1.070045,-0.855174,0.575354,-1.649516,-0.720134,-0.814351,-0.563115,-0.774808,-1.306573,-0.889130,-0.491244,-0.567519,-1.040447,-0.746477,-0.291736,-0.452834,-0.352587,-1.037336,-1.130800,-0.242408,0.187787,-0.672735,-2.171012
Epep_BAHD8_NA	Epep_BAHD8_NA	acceptor_superclass::Diterpenoids	acceptor_superclass::Diterpenoids;acceptor_superclass::Tryptophan alkaloids	0,0,1,0,0,0,0,0,0,0,0,0,0,0,0,0,0,0,0,0,0,0,0	0,0,1,0,0,0,0,0,0,0,0,0,0,0,0,0,0,0,0,0,0,1,0	-0.679727,-1.493865,0.928393,-0.463574,-1.142830,-0.334606,-1.135325,-0.341903,-1.257459,-1.010931,-0.776706,-1.963938,-0.679727,-1.042161,-1.705012,-1.549283,-1.813853,-0.839013,-0.611281,-0.840409,-0.749154,0.435696,-0.533661
Epla_AAT1-1_BDW80081.1	Epla_AAT1-1_BDW80081.1	acceptor_superclass::Naphthalenes	acceptor_superclass::Naphthalenes	0,0,0,0,0,0,0,0,0,0,1,0,0,0,0,0,0,0,0,0,0,0,0	0,0,0,0,0,0,0,0,0,0,1,0,0,0,0,0,0,0,0,0,0,0,0	-0.893337,-1.072185,-1.111383,-0.833363,-1.067541,-0.992457,-1.177591,0.000000,-1.216114,-1.471520,0.905924,-0.799134,-0.920067,-1.104836,-1.423391,-0.742543,-0.686570,-0.347487,-1.075873,-0.877498,-0.627510,-0.882360,-1.247852
Epla_AAT1-2_BDW80082.1	Epla_AAT1-2_BDW80082.1	acceptor_superclass::Naphthalenes	acceptor_superclass::Naphthalenes	0,0,0,0,0,0,0,0,0,0,1,0,0,0,0,0,0,0,0,0,0,0,0	0,0,0,0,0,0,0,0,0,0,1,0,0,0,0,0,0,0,0,0,0,0,0	-1.107099,-1.037065,-1.035084,-1.076189,-1.333266,-0.802699,-1.075626,-0.806989,-1.033685,-1.150967,0.858818,-0.614616,-1.022501,-1.095294,-1.032378,-1.604307,-0.848123,-0.431411,-0.943655,-0.740793,-0.688482,-0.848465,-1.095224
Epla_AAT2-1_BDW80086.1	Epla_AAT2-1_BDW80086.1	acceptor_superclass::Naphthalenes	acceptor_superclass::Naphthalenes	0,0,0,0,0,0,0,0,0,0,1,0,0,0,0,0,0,0,0,0,0,0,0	0,0,0,0,0,0,0,0,0,0,1,0,0,0,0,0,0,0,0,0,0,0,0	-0.992649,-1.188912,-0.999313,-1.218650,-1.289029,-0.973608,-0.856544,-0.873774,-1.032053,-0.783473,0.923251,-1.130306,-0.956735,-0.779678,-0.940285,-0.716227,-1.177275,-1.313681,-0.613587,-0.849712,-1.230686,-0.566297,-1.014192
Epla_AAT2-2_BDW80087.1	Epla_AAT2-2_BDW80087.1	acceptor_superclass::Naphthalenes	acceptor_superclass::Naphthalenes	0,0,0,0,0,0,0,0,0,0,1,0,0,0,0,0,0,0,0,0,0,0,0	0,0,0,0,0,0,0,0,0,0,1,0,0,0,0,0,0,0,0,0,0,0,0	-0.951151,-1.179695,-0.917505,-1.405525,-1.157059,-0.559970,-0.640091,-0.633935,-0.864778,-1.179768,1.011825,-1.321123,-0.969175,-1.053561,-0.805474,-0.622983,-1.469955,-1.260332,-0.316287,-1.040967,-1.344777,-1.018953,-0.653659
Epla_AAT2-3_BDW80088.1	Epla_AAT2-3_BDW80088.1	acceptor_superclass::Naphthalenes	acceptor_superclass::Naphthalenes	0,0,0,0,0,0,0,0,0,0,1,0,0,0,0,0,0,0,0,0,0,0,0	0,0,0,0,0,0,0,0,0,0,1,0,0,0,0,0,0,0,0,0,0,0,0	-0.914098,-0.972043,-0.820654,-1.094233,-0.965388,-0.946878,-1.389577,0.000000,-0.800911,-1.433844,1.049925,-0.950501,-1.122622,-1.359703,-0.977134,-0.880882,-1.170851,-0.979987,-0.944555,-1.141646,-1.187587,-0.914853,-0.242219
Epla_SAT1-1_BDW80075.1	Epla_SAT1-1_BDW80075.1	acceptor_superclass::Naphthalenes	acceptor_superclass::Naphthalenes;acceptor_superclass::Phenylpropanoids (C6-C3)	0,0,0,0,0,0,0,0,0,0,1,0,0,0,0,0,0,0,0,0,0,0,0	0,0,0,0,0,0,0,0,0,0,1,0,0,0,0,1,0,0,0,0,0,0,0	-1.020317,-1.060494,-1.022718,-1.260609,-1.604080,-1.269152,-1.190322,-0.743541,-1.277581,-0.567750,0.893059,-0.983857,-1.020317,-1.209627,-0.672578,0.028998,-1.281535,-0.712617,-1.247693,-1.160535,-0.805397,-0.186496,-0.553752
Epla_SAT1-2_BDW80076.1	Epla_SAT1-2_BDW80076.1	acceptor_superclass::Naphthalenes	acceptor_superclass::Naphthalenes	0,0,0,0,0,0,0,0,0,0,1,0,0,0,0,0,0,0,0,0,0,0,0	0,0,0,0,0,0,0,0,0,0,1,0,0,0,0,0,0,0,0,0,0,0,0	-0.912077,-1.122924,-0.868693,-1.258725,-1.577672,-1.251605,-1.170575,-0.721524,-1.274708,-0.664010,0.847516,-0.926486,-0.912077,-1.039361,-1.015784,-0.212112,-1.143469,-0.910277,-1.121139,-1.023974,-0.678559,-0.286479,-0.798831
Epla_SAT2-1_BDW80078.1	Epla_SAT2-1_BDW80078.1	acceptor_superclass::Naphthalenes	acceptor_superclass::Naphthalenes	0,0,0,0,0,0,0,0,0,0,1,0,0,0,0,0,0,0,0,0,0,0,0	0,0,0,0,0,0,0,0,0,0,1,0,0,0,0,0,0,0,0,0,0,0,0	-1.001051,-1.165370,-0.872768,-0.714515,-1.606954,-1.098854,-1.058888,0.000000,-1.037048,-1.273727,0.991815,-0.577074,-0.959103,-1.091085,-1.177079,-1.709752,-0.284372,-0.813772,-1.272235,-1.008982,-0.796168,-0.522198,-0.636698
Epla_SAT2-2_BDW80079.1	Epla_SAT2-2_BDW80079.1	acceptor_superclass::Naphthalenes	acceptor_superclass::Naphthalenes	0,0,0,0,0,0,0,0,0,0,1,0,0,0,0,0,0,0,0,0,0,0,0	0,0,0,0,0,0,0,0,0,0,1,0,0,0,0,0,0,0,0,0,0,0,0	-1.102773,-1.099244,-0.687555,-0.533792,-1.631415,-1.017399,-0.996186,-0.809111,-0.842853,-1.411811,0.907128,-0.964333,-1.086320,-1.028800,-1.366954,-1.477304,-0.690645,-0.846694,-0.808144,-1.008169,-1.151930,-0.309800,-0.361280
Epur_HCT_QRI59128.1	Epur_HCT_QRI59128.1	acceptor_superclass::Phenolic acids (C6-C1)	acceptor_superclass::Phenolic acids (C6-C1)	0,0,0,0,0,0,0,0,0,0,0,0,0,1,0,0,0,0,0,0,0,0,0	0,0,0,0,0,0,0,0,0,0,0,0,0,1,0,0,0,0,0,0,0,0,0	-1.024589,-1.130383,-0.973655,-1.021868,-0.967273,-0.377382,-0.927356,0.000000,-0.980760,-1.126834,-1.081748,-0.772550,-1.042321,0.991787,-1.003736,-0.411643,-0.895669,-1.043185,-0.392147,-0.968213,-1.206988,-0.840724,-0.402189
Epur_HMT_UHJ19789.2	Epur_HMT_UHJ19789.2	acceptor_superclass::Fatty Acids and Conjugates	acceptor_superclass::Fatty Acids and Conjugates	0,0,0,1,0,0,0,0,0,0,0,0,0,0,0,0,0,0,0,0,0,0,0	0,0,0,1,0,0,0,0,0,0,0,0,0,0,0,0,0,0,0,0,0,0,0	-0.590803,-1.050853,-0.860838,0.495482,-1.051761,-0.556498,-1.198686,0.000000,-1.064072,-1.356030,-0.537433,-0.780537,-0.431227,-0.153996,-1.494135,-0.613344,-0.843355,-0.812641,-0.356657,-1.040052,-0.861403,-0.486736,-0.135768
Epur_HQT_QRI59127.1	Epur_HQT_QRI59127.1	acceptor_superclass::Phenolic acids (C6-C1)	acceptor_superclass::Phenolic acids (C6-C1)	0,0,0,0,0,0,0,0,0,0,0,0,0,1,0,0,0,0,0,0,0,0,0	0,0,0,0,0,0,0,0,0,0,0,0,0,1,0,0,0,0,0,0,0,0,0	-0.975527,-0.970011,-0.964505,-1.096365,-0.967971,-0.418342,-0.971025,-0.922102,-1.030564,-0.703357,-1.015639,-1.154947,-0.951578,0.882143,-1.230174,-0.107431,-0.958434,-1.248471,-1.252912,-1.135235,-0.769926,-0.920687,-0.645275
Epur_HTT_QRI59126.1	Epur_HTT_QRI59126.1	acceptor_superclass::Fatty Acids and Conjugates	acceptor_superclass::Phenolic acids (C6-C1)	0,0,0,1,0,0,0,0,0,0,0,0,0,0,0,0,0,0,0,0,0,0,0	0,0,0,0,0,0,0,0,0,0,0,0,0,1,0,0,0,0,0,0,0,0,0	-0.806377,-0.841045,-0.714923,-0.015689,-1.031511,-0.558103,-1.074429,-0.426639,-0.967506,-1.573484,-0.723490,-0.722591,-0.640427,0.096810,-0.737474,-0.639656,-0.551232,-0.996839,-0.659052,-1.070769,-1.460281,-1.290004,-1.019414
Fana_SAAT_AAG13130.1	Fana_SAAT_AAG13130.1	acceptor_superclass::Cyclic polyketides;acceptor_superclass::Fatty acyls;acceptor_superclass::Phenylethanoids (C6-C2)	acceptor_superclass::Cyclic polyketides;acceptor_superclass::Fatty acyls;acceptor_superclass::Monoterpenoids;acceptor_superclass::Phenylethanoids (C6-C2)	0,1,0,0,1,0,0,0,0,0,0,0,0,0,1,0,0,0,0,0,0,0,0	0,1,0,0,1,0,0,0,0,1,0,0,0,0,1,0,0,0,0,0,0,0,0	-1.050327,0.381252,-1.232622,-1.078062,0.552022,-0.605121,-0.814955,0.000000,-0.732519,0.933467,-1.498020,-0.528359,-1.209785,-0.975142,1.187560,-0.188079,-0.854895,-0.782429,-1.256229,-0.731053,-0.841409,-0.709696,-0.828753
Fves_VAAT_CAC09062.1	Fves_VAAT_CAC09062.1	acceptor_superclass::Cyclic polyketides;acceptor_superclass::Fatty acyls;acceptor_superclass::Monoterpenoids;acceptor_superclass::Phenylethanoids (C6-C2);acceptor_superclass::Phenylpropanoids (C6-C3)	acceptor_superclass::Cyclic polyketides;acceptor_superclass::Fatty acyls;acceptor_superclass::Monoterpenoids;acceptor_superclass::Phenylethanoids (C6-C2)	0,1,0,0,1,0,0,0,0,1,0,0,0,0,1,1,0,0,0,0,0,0,0	0,1,0,0,1,0,0,0,0,1,0,0,0,0,1,0,0,0,0,0,0,0,0	-0.950611,0.507703,-0.939349,-1.517959,0.887885,-0.617323,-0.852355,-1.273418,-1.165318,0.077471,-0.917670,-0.297387,-0.950611,-0.643093,0.030492,-0.057057,-0.624551,-1.062506,-1.047527,-0.602615,-1.056108,-1.503029,-1.285119
Gmax_COSY_KRH21316.1	Gmax_COSY_KRH21316.1			0,0,0,0,0,0,0,0,0,0,0,0,0,0,0,0,0,0,0,0,0,0,0	0,0,0,0,0,0,0,0,0,0,0,0,0,0,0,0,0,0,0,0,0,0,0	-0.797296,-0.944461,-1.121600,-0.428576,-0.050655,-0.812550,-0.956706,-0.841176,-0.567207,-1.055666,-0.844091,-0.444711,-0.999009,-1.061600,-1.046333,-0.962980,-0.486401,-0.958447,-0.729305,-1.028924,-1.335019,-0.753413,-0.676700
Gmax_MT7_ABY59019.1	Gmax_IF7MAT_NP_001237760.1	acceptor_superclass::Isoflavonoids	acceptor_superclass::Flavonoids;acceptor_superclass::Isoflavonoids	0,0,0,0,0,0,1,0,0,0,0,0,0,0,0,0,0,0,0,0,0,0,0	0,0,0,0,0,1,1,0,0,0,0,0,0,0,0,0,0,0,0,0,0,0,0	-0.924960,-0.988480,-1.025683,-1.093783,-1.100298,0.831619,1.017872,-1.231266,-1.131720,-1.186203,-0.816618,-1.190072,-0.872886,-0.874422,-0.755957,-0.805579,-1.119231,-1.054554,-0.972352,-0.662778,-0.796936,-0.999893,-1.291449
Gmax_IMAT1_AQY54373.1	Gmax_IMAT1_AQY54373.1	acceptor_superclass::Isoflavonoids	acceptor_superclass::Flavonoids;acceptor_superclass::Isoflavonoids	0,0,0,0,0,0,1,0,0,0,0,0,0,0,0,0,0,0,0,0,0,0,0	0,0,0,0,0,1,1,0,0,0,0,0,0,0,0,0,0,0,0,0,0,0,0	-0.938639,-0.680297,-0.692942,-1.134390,-0.952894,0.600002,0.337814,-1.150903,-1.028677,-0.906373,-1.208584,-0.552232,-1.063370,-1.430518,-0.590661,-1.156721,-0.691196,-0.926562,-0.693115,-0.319502,-0.626657,-0.830284,-0.755834
Gmax_IMAT3_AQY54374.1	Gmax_IMAT3_AQY54374.1	acceptor_superclass::Isoflavonoids	acceptor_superclass::Flavonoids;acceptor_superclass::Isoflavonoids;acceptor_superclass::Steroids	0,0,0,0,0,0,1,0,0,0,0,0,0,0,0,0,0,0,0,0,0,0,0	0,0,0,0,0,1,1,0,0,0,0,0,0,0,0,0,0,0,0,1,0,0,0	-0.486604,-1.260379,-1.330901,-1.436181,-1.309806,0.574262,0.572521,0.000000,-1.058041,-1.000648,-0.583941,-1.415398,-0.316903,-0.922944,-1.078302,-0.984139,-1.214640,-1.013315,-0.627986,0.232666,-1.015584,-0.950349,-0.808510
Gmax_MT7_ABY59019.1	Gmax_MT7_ABY59019.1	acceptor_superclass::Flavonoids;acceptor_superclass::Isoflavonoids	acceptor_superclass::Flavonoids;acceptor_superclass::Isoflavonoids	0,0,0,0,0,1,1,0,0,0,0,0,0,0,0,0,0,0,0,0,0,0,0	0,0,0,0,0,1,1,0,0,0,0,0,0,0,0,0,0,0,0,0,0,0,0	-0.564558,-1.202154,-1.265404,-1.275491,-1.294940,0.263903,0.966451,0.000000,-1.023530,-1.081335,-0.559653,-1.355625,-0.484013,-0.848021,-0.905624,-0.847491,-1.447402,-1.059054,-1.175666,-0.172032,-1.085178,-1.118323,-1.192057
Gmax_SSACT1_KRH01153.1	Gmax_SSACT1_KRH01153.1	acceptor_superclass::Triterpenoids	acceptor_superclass::Flavonoids;acceptor_superclass::Isoflavonoids;acceptor_superclass::Pseudoalkaloids	0,0,0,0,0,0,0,0,0,0,0,0,0,0,0,0,0,0,0,0,1,0,0	0,0,0,0,0,1,1,0,0,0,0,0,0,0,0,0,1,0,0,0,0,0,0	-0.354059,-1.643376,-0.849987,-1.450853,-1.866323,0.022819,1.296759,0.000000,-0.467295,-1.035152,-0.567226,-0.432506,-0.355658,-1.366537,-1.475457,-1.359194,0.396559,-1.190718,-0.683139,-0.404315,-1.386608,-1.036113,-1.547611
Gtri_53AAT_BAA74428.1	Gtri_53AAT_BAA74428.1	acceptor_superclass::Flavonoids	acceptor_superclass::Flavonoids	0,0,0,0,0,1,0,0,0,0,0,0,0,0,0,0,0,0,0,0,0,0,0	0,0,0,0,0,1,0,0,0,0,0,0,0,0,0,0,0,0,0,0,0,0,0	-0.876052,-0.953779,-0.953151,-0.621342,-0.749916,0.946103,-0.780964,-0.845975,-0.739111,-1.162032,-0.916481,-1.042512,-0.958287,-1.102951,-0.799390,-1.145855,-1.260360,-0.975149,-1.347013,-1.254624,-1.043463,-1.067207,-1.199382
Gtri_53AAT_BAA74428.1	Gtri_5AT_BAA74428.1	acceptor_superclass::Flavonoids	acceptor_superclass::Flavonoids	0,0,0,0,0,1,0,0,0,0,0,0,0,0,0,0,0,0,0,0,0,0,0	0,0,0,0,0,1,0,0,0,0,0,0,0,0,0,0,0,0,0,0,0,0,0	-0.918385,-0.937346,-0.829132,-0.637206,-0.856703,0.927523,-0.882725,0.000000,-0.743348,-1.098859,-0.957064,-0.922920,-0.958146,-1.099857,-0.823564,-1.304128,-1.139211,-0.944109,-1.416072,-1.182396,-0.928204,-1.090163,-1.069822
Gtri_53AAT_BAA74428.1	Gtri_GAT_BAA74428.1	acceptor_superclass::Flavonoids	acceptor_superclass::Flavonoids	0,0,0,0,0,1,0,0,0,0,0,0,0,0,0,0,0,0,0,0,0,0,0	0,0,0,0,0,1,0,0,0,0,0,0,0,0,0,0,0,0,0,0,0,0,0	-0.983730,-0.920253,-0.983902,-0.524537,-0.779603,0.984064,-0.863542,-0.850986,-0.745110,-1.145811,-0.987436,-1.129780,-1.039245,-1.141193,-0.846969,-1.227688,-1.353244,-0.918603,-1.396563,-1.174600,-0.975436,-1.200287,-1.408407
Hann_HCT1_QBM78941.1	Hann_HCT1_QBM78941.1	acceptor_superclass::Phenolic acids (C6-C1)	acceptor_superclass::Monoterpenoids;acceptor_superclass::Phenolic acids (C6-C1)	0,0,0,0,0,0,0,0,0,0,0,0,0,1,0,0,0,0,0,0,0,0,0	0,0,0,0,0,0,0,0,0,1,0,0,0,1,0,0,0,0,0,0,0,0,0	-1.337711,-1.046515,-0.909900,-1.117372,-0.624554,-0.044006,-0.781071,-1.113291,-0.830027,0.553156,-1.271914,-0.588776,-1.351068,0.605373,-0.557073,-0.058697,-1.391395,-1.345958,-0.009214,-1.145607,-0.371807,-0.762702,-0.092444
Hann_HCT2_QBM78942.1	Hann_HCT2_QBM78942.1	acceptor_superclass::Phenolic acids (C6-C1)	acceptor_superclass::Flavonoids;acceptor_superclass::Phenolic acids (C6-C1);acceptor_superclass::Small peptides;acceptor_superclass::Triterpenoids;acceptor_superclass::Tyrosine alkaloids	0,0,0,0,0,0,0,0,0,0,0,0,0,1,0,0,0,0,0,0,0,0,0	0,0,0,0,0,1,0,0,0,0,0,0,0,1,0,0,0,0,1,0,1,0,1	-0.880533,-1.157500,-0.757093,-0.892006,-1.217286,0.044521,-1.003235,-0.823177,-0.788951,-0.268116,-0.796512,-1.056387,-0.880533,0.819769,-1.534844,-0.455092,-1.285409,-1.033625,0.143250,-0.805496,0.102672,-1.378202,0.105885
Hann_HQT1_QBM78938.1	Hann_HQT1_QBM78938.1	acceptor_superclass::Phenolic acids (C6-C1)	acceptor_superclass::Phenolic acids (C6-C1);acceptor_superclass::Small peptides	0,0,0,0,0,0,0,0,0,0,0,0,0,1,0,0,0,0,0,0,0,0,0	0,0,0,0,0,0,0,0,0,0,0,0,0,1,0,0,0,0,1,0,0,0,0	-1.011798,-1.286942,-0.781629,-1.209229,-1.459746,-0.956926,-0.990732,-0.772393,-1.179418,-0.869765,-0.951671,-1.060199,-1.005010,0.957189,-1.349066,-1.023665,-0.959793,-1.290073,0.059664,-0.760864,-0.675749,-1.109419,-0.920088
Hann_HQT2_QBM78939.1	Hann_HQT2_QBM78939.1	acceptor_superclass::Phenolic acids (C6-C1)	acceptor_superclass::Phenolic acids (C6-C1)	0,0,0,0,0,0,0,0,0,0,0,0,0,1,0,0,0,0,0,0,0,0,0	0,0,0,0,0,0,0,0,0,0,0,0,0,1,0,0,0,0,0,0,0,0,0	-0.955901,-0.998657,-1.008457,-1.104522,-1.238903,-0.857717,-0.923540,-0.936502,-0.942019,-1.368179,-0.948488,-0.965074,-0.962421,1.027908,-1.245451,-0.663624,-0.790036,-1.055025,-0.287288,-1.050786,-0.748904,-1.018561,-0.741939
Hann_HQT3_QBM78940.1	Hann_HQT3_QBM78940.1	acceptor_superclass::Phenolic acids (C6-C1)	acceptor_superclass::Phenolic acids (C6-C1)	0,0,0,0,0,0,0,0,0,0,0,0,0,1,0,0,0,0,0,0,0,0,0	0,0,0,0,0,0,0,0,0,0,0,0,0,1,0,0,0,0,0,0,0,0,0	-0.954439,-1.016616,-0.919281,-0.851793,-0.938584,-0.499320,-1.161878,-1.047729,-1.002397,-0.749615,-0.834425,-1.340930,-0.921215,1.090360,-0.720559,-0.126553,-1.153325,-1.041425,-0.938339,-1.207154,-0.990319,-1.069722,-1.150667
Hcan_PMT_KAL4341785.1	Hcan_PMT_KAL4341785.1	acceptor_superclass::Phenylpropanoids (C6-C3)	acceptor_superclass::Fatty acyls;acceptor_superclass::Phenylpropanoids (C6-C3)	0,0,0,0,0,0,0,0,0,0,0,0,0,0,0,1,0,0,0,0,0,0,0	0,0,0,0,1,0,0,0,0,0,0,0,0,0,0,1,0,0,0,0,0,0,0	-0.870098,-1.074961,-1.430507,-0.608954,0.317128,-0.550485,-1.061926,-0.690170,-0.607298,-0.184973,-0.858170,-1.593507,-0.870098,-0.889328,-0.213415,0.571486,-1.073058,-1.095805,-1.505204,-0.981018,-1.323162,-1.155207,-0.593694
Hmur_ACT_BCN87077.1	Hmur_ACT_BCN87077.1	acceptor_superclass::Ornithine alkaloids;acceptor_superclass::Pseudoalkaloids	acceptor_superclass::Ornithine alkaloids;acceptor_superclass::Pseudoalkaloids	0,0,0,0,0,0,0,0,0,0,0,1,0,0,0,0,1,0,0,0,0,0,0	0,0,0,0,0,0,0,0,0,0,0,1,0,0,0,0,1,0,0,0,0,0,0	-1.037082,-0.933213,-1.050818,-1.174064,-0.762846,-0.832510,-0.921161,0.000000,-1.015591,-1.139612,-0.997654,0.975593,-1.019497,-0.836285,-0.894107,-0.756450,0.664626,-1.199732,-1.217784,-0.983433,-1.048473,-0.863504,-0.719132
Hpol_BAHD3_NA	Hpol_BAHD3_NA	acceptor_superclass::Tyrosine alkaloids	acceptor_superclass::Fatty acyls;acceptor_superclass::Monoterpenoids;acceptor_superclass::Phenylethanoids (C6-C2)	0,0,0,0,0,0,0,0,0,0,0,0,0,0,0,0,0,0,0,0,0,0,1	0,0,0,0,1,0,0,0,0,1,0,0,0,0,1,0,0,0,0,0,0,0,0	-0.710024,-0.814228,-1.383528,-0.150345,0.032195,-0.185172,-0.417448,-0.835005,-0.950074,0.229669,-0.568564,-1.668875,-0.923136,-0.649806,0.301284,-0.196081,-1.455296,-0.931107,-0.422386,-1.499729,-1.017239,-0.669485,-0.681419
Hvul_ACT1-1_AAO73071.1	Hvul_ACT1-1_AAO73071.1	acceptor_superclass::Ornithine alkaloids	acceptor_superclass::Ornithine alkaloids;acceptor_superclass::Pseudoalkaloids	0,0,0,0,0,0,0,0,0,0,0,1,0,0,0,0,0,0,0,0,0,0,0	0,0,0,0,0,0,0,0,0,0,0,1,0,0,0,0,1,0,0,0,0,0,0	-0.918639,-0.928180,-1.096041,-1.239594,-0.999763,-1.203625,-1.084616,-0.860234,-1.064713,-0.952326,-1.009564,1.078659,-0.941809,-0.787334,-0.938290,-0.615190,0.867300,-0.944219,-0.964562,-0.815407,-0.984426,-0.885348,-0.858578
Hvul_ACT1-1_BAF97626	Hvul_ACT1-1_BAF97626	acceptor_superclass::Ornithine alkaloids;acceptor_superclass::Pseudoalkaloids	acceptor_superclass::Ornithine alkaloids;acceptor_superclass::Pseudoalkaloids	0,0,0,0,0,0,0,0,0,0,0,1,0,0,0,0,1,0,0,0,0,0,0	0,0,0,0,0,0,0,0,0,0,0,1,0,0,0,0,1,0,0,0,0,0,0	-0.921808,-0.941591,-1.062800,-1.121692,-0.921840,-1.320891,-1.062140,0.000000,-0.981414,-0.967688,-1.023213,1.088904,-0.962208,-0.910028,-0.811918,-0.579661,0.727868,-0.933893,-0.888024,-0.854625,-1.115888,-0.872466,-0.817868
Hvul_ACT1-2_BAF97627.1	Hvul_ACT1-2_BAF97627	acceptor_superclass::Ornithine alkaloids;acceptor_superclass::Pseudoalkaloids	acceptor_superclass::Ornithine alkaloids;acceptor_superclass::Pseudoalkaloids	0,0,0,0,0,0,0,0,0,0,0,1,0,0,0,0,1,0,0,0,0,0,0	0,0,0,0,0,0,0,0,0,0,0,1,0,0,0,0,1,0,0,0,0,0,0	-0.938169,-1.123918,-0.973364,-0.994089,-1.070997,-1.136980,-0.778441,-0.909673,-0.998047,-1.175235,-0.921303,0.889334,-0.892344,-0.769257,-1.145205,-0.961742,0.716618,-0.978297,-0.801253,-0.916002,-0.990737,-1.035170,-0.847404
Hvul_ACT1-2_BAF97627.1	Hvul_ACT1-2_BAF97627.1	acceptor_superclass::Ornithine alkaloids	acceptor_superclass::Ornithine alkaloids;acceptor_superclass::Pseudoalkaloids	0,0,0,0,0,0,0,0,0,0,0,1,0,0,0,0,0,0,0,0,0,0,0	0,0,0,0,0,0,0,0,0,0,0,1,0,0,0,0,1,0,0,0,0,0,0	-0.957857,-1.115229,-0.989926,-0.935065,-0.992850,-1.114000,-0.864101,-0.927300,-1.031390,-1.013748,-0.983650,0.837759,-0.957857,-0.875575,-1.067488,-0.826956,0.808919,-0.938457,-0.681888,-0.969331,-0.994890,-0.970749,-0.785830
Hvul_ACT2_BAK00935.1	Hvul_ACT2_BAK00935.1	acceptor_superclass::Ornithine alkaloids;acceptor_superclass::Pseudoalkaloids	acceptor_superclass::Ornithine alkaloids;acceptor_superclass::Pseudoalkaloids	0,0,0,0,0,0,0,0,0,0,0,1,0,0,0,0,1,0,0,0,0,0,0	0,0,0,0,0,0,0,0,0,0,0,1,0,0,0,0,1,0,0,0,0,0,0	-1.194519,-1.058127,-1.063989,-0.703476,-1.055124,-0.956090,-0.865440,-0.695828,-1.032563,-1.111332,-1.132437,1.083994,-1.141546,-0.780117,-1.306617,-0.956451,0.719324,-1.066311,-0.846973,-0.797619,-0.899469,-0.767118,-0.410872
Hvul_ACT1-1_AAO73071.1	Hvul_ACT_AAO73071.1	acceptor_superclass::Ornithine alkaloids	acceptor_superclass::Ornithine alkaloids;acceptor_superclass::Pseudoalkaloids	0,0,0,0,0,0,0,0,0,0,0,1,0,0,0,0,0,0,0,0,0,0,0	0,0,0,0,0,0,0,0,0,0,0,1,0,0,0,0,1,0,0,0,0,0,0	-1.052647,-0.953534,-1.142807,-1.247638,-0.850298,-1.220620,-0.955449,-0.851914,-0.962519,-0.739907,-1.136901,1.054084,-1.074360,-0.768863,-0.789588,-0.659717,0.933074,-0.913110,-1.071772,-0.955146,-0.912634,-0.870321,-0.885097
Ibat_HQT_BAA87043.1	Ibat_HQT_BAA87043.1	acceptor_superclass::Phenolic acids (C6-C1)	acceptor_superclass::Phenolic acids (C6-C1);acceptor_superclass::Small peptides	0,0,0,0,0,0,0,0,0,0,0,0,0,1,0,0,0,0,0,0,0,0,0	0,0,0,0,0,0,0,0,0,0,0,0,0,1,0,0,0,0,1,0,0,0,0	-0.912644,-1.030317,-1.186769,-0.208819,-1.001569,-0.476005,-0.881727,-1.323515,-1.296804,-1.565743,-1.121334,-0.664352,-0.912644,0.910266,-1.467496,-0.332710,-0.926759,-1.014308,0.119927,-1.020957,-1.237067,-0.824565,-0.741129
Ihol_3AT1_BAE72676.1	Ihol_3AT1_BAE72676.1	acceptor_superclass::Flavonoids	acceptor_superclass::Monoterpenoids	0,0,0,0,0,1,0,0,0,0,0,0,0,0,0,0,0,0,0,0,0,0,0	0,0,0,0,0,0,0,0,0,1,0,0,0,0,0,0,0,0,0,0,0,0,0	-0.958002,-0.805052,-0.732225,-0.767954,-0.707835,-0.116016,-1.165403,0.000000,-0.882244,0.545745,-0.919499,-0.650128,-1.071653,-1.138965,-0.671077,-0.629004,-0.298658,-1.021868,-1.100119,-1.322575,-1.101474,-0.809853,-1.216497
Ihol_3AT2_BAE94328.1	Ihol_3AT2_BAE94328.1	acceptor_superclass::Flavonoids	acceptor_superclass::Monoterpenoids	0,0,0,0,0,1,0,0,0,0,0,0,0,0,0,0,0,0,0,0,0,0,0	0,0,0,0,0,0,0,0,0,1,0,0,0,0,0,0,0,0,0,0,0,0,0	-0.828552,-0.959983,-0.634776,-0.604385,-0.826900,-0.343079,-1.163056,0.000000,-1.012935,0.284785,-0.785761,-0.363095,-0.909101,-1.272580,-0.806182,-0.900406,-0.227938,-1.194547,-1.080206,-1.453704,-1.308909,-0.383585,-1.297732
Jsam_BEAT1_UJH94663.1	Jsam_BEAT1_UJH94663.1		acceptor_superclass::Fatty acyls;acceptor_superclass::Phenylpropanoids (C6-C3)	0,0,0,0,0,0,0,0,0,0,0,0,0,0,0,0,0,0,0,0,0,0,0	0,0,0,0,1,0,0,0,0,0,0,0,0,0,0,1,0,0,0,0,0,0,0	-1.165404,-1.330186,-0.933633,-0.919280,0.679374,-0.787453,-0.931365,-1.356829,-0.835063,-0.072840,-0.808254,-0.723164,-0.897762,-0.791458,-0.800390,0.497065,-0.692160,-1.384535,-1.159713,-1.129948,-0.313794,-1.893538,-0.898378
Jsam_BEAT2_UJH94664.1	Jsam_BEAT2_UJH94664.1		acceptor_superclass::Fatty Acids and Conjugates;acceptor_superclass::Pseudoalkaloids	0,0,0,0,0,0,0,0,0,0,0,0,0,0,0,0,0,0,0,0,0,0,0	0,0,0,1,0,0,0,0,0,0,0,0,0,0,0,0,1,0,0,0,0,0,0	-1.194553,-1.093107,-0.985141,0.479874,-0.300324,-0.443915,-0.870190,0.000000,-1.097025,-1.069353,-1.278993,-0.333466,-1.168363,-1.188779,-0.544992,-1.231524,0.173467,-0.844253,-0.906523,-0.988194,-0.924704,-0.983375,-1.266371
Lalb_HMT_BAD89275.1	Lalb_HMT_BAD89275.1	acceptor_superclass::Lysine alkaloids	acceptor_superclass::Fatty acyls;acceptor_superclass::Phenylpropanoids (C6-C3)	0,0,0,0,0,0,0,0,1,0,0,0,0,0,0,0,0,0,0,0,0,0,0	0,0,0,0,1,0,0,0,0,0,0,0,0,0,0,1,0,0,0,0,0,0,0	-1.105374,-0.981838,-1.478322,-0.884743,0.337733,-0.784432,-0.981068,-0.736237,-0.933141,-1.060086,-1.339966,-1.343998,-1.147845,-1.129803,-0.620602,0.528425,-0.650535,-0.666117,-0.741423,-1.570997,-1.021678,-0.947529,-0.676066
Lang_RAS_ABI48360.1	Lang_AAT1_ABI48360.1	acceptor_superclass::Tyrosine alkaloids	acceptor_superclass::Phenolic acids (C6-C1);acceptor_superclass::Small peptides;acceptor_superclass::Tryptophan alkaloids;acceptor_superclass::Tyrosine alkaloids	0,0,0,0,0,0,0,0,0,0,0,0,0,0,0,0,0,0,0,0,0,0,1	0,0,0,0,0,0,0,0,0,0,0,0,0,1,0,0,0,0,1,0,0,1,1	-1.060629,-1.034708,-1.014372,-0.474588,-1.315565,-0.760973,-1.115282,0.000000,-0.930637,-1.126676,-1.124161,-0.723940,-1.070759,0.261353,-1.352199,-1.065963,-0.636944,-0.785995,0.804658,-0.965472,-1.102808,0.695140,0.839803
Lang_RAS_ABI48360.1	Lang_AT1_ABI48360.1	acceptor_superclass::Phenolic acids (C6-C1);acceptor_superclass::Small peptides;acceptor_superclass::Tryptophan alkaloids;acceptor_superclass::Tyrosine alkaloids	acceptor_superclass::Tyrosine alkaloids	0,0,0,0,0,0,0,0,0,0,0,0,0,1,0,0,0,0,1,0,0,1,1	0,0,0,0,0,0,0,0,0,0,0,0,0,0,0,0,0,0,0,0,0,0,1	-1.075905,-1.010811,-1.088410,-0.765238,-1.278957,-0.755925,-1.052509,-0.811687,-0.842241,-1.220142,-1.146749,-0.713596,-1.138306,-0.142594,-1.558550,-1.454696,-0.581322,-0.883417,-0.296445,-0.923252,-0.480636,-0.957383,0.938999
Lang_RAS_ABI48360.1	Lang_RAS_ABI48360.1		acceptor_superclass::Tyrosine alkaloids	0,0,0,0,0,0,0,0,0,0,0,0,0,0,0,0,0,0,0,0,0,0,0	0,0,0,0,0,0,0,0,0,0,0,0,0,0,0,0,0,0,0,0,0,0,1	-1.075905,-1.010811,-1.088410,-0.765238,-1.278957,-0.755925,-1.052509,-0.811687,-0.842241,-1.220142,-1.146749,-0.713596,-1.138306,-0.142594,-1.558550,-1.454696,-0.581322,-0.883417,-0.296445,-0.923252,-0.480636,-0.957383,0.938999
Lang_RAS_AEA36976.1	Lang_RAS_AEA36976.1		acceptor_superclass::Phenolic acids (C6-C1);acceptor_superclass::Small peptides;acceptor_superclass::Tryptophan alkaloids;acceptor_superclass::Tyrosine alkaloids	0,0,0,0,0,0,0,0,0,0,0,0,0,0,0,0,0,0,0,0,0,0,0	0,0,0,0,0,0,0,0,0,0,0,0,0,1,0,0,0,0,1,0,0,1,1	-1.079617,-0.688843,-1.067417,-0.707303,-1.079894,-0.676028,-1.071476,-0.959110,-0.746957,-1.006926,-1.123200,-0.745914,-1.174061,0.325740,-1.375020,-1.275077,-0.699984,-0.649020,0.672868,-0.990270,-0.602010,0.593986,1.181458
Lery_AAT1_BBV14786.1	Lery_AAT1_BBV14786.1	acceptor_superclass::Naphthalenes	acceptor_superclass::Naphthalenes	0,0,0,0,0,0,0,0,0,0,1,0,0,0,0,0,0,0,0,0,0,0,0	0,0,0,0,0,0,0,0,0,0,1,0,0,0,0,0,0,0,0,0,0,0,0	-1.020984,-0.981778,-1.103453,-1.251756,-0.610094,-0.784364,-1.018848,-1.135720,-1.101852,-1.078501,0.871493,-0.703553,-0.907212,-0.980252,-0.976359,-1.098662,-0.679273,-0.751697,-1.384183,-0.957500,-0.840838,-0.659981,-0.897847
Lery_AAT2_BDW80085.1	Lery_AAT2_BDW80085.1	acceptor_superclass::Naphthalenes	acceptor_superclass::Naphthalenes	0,0,0,0,0,0,0,0,0,0,1,0,0,0,0,0,0,0,0,0,0,0,0	0,0,0,0,0,0,0,0,0,0,1,0,0,0,0,0,0,0,0,0,0,0,0	-1.139985,-1.097522,-0.724210,-1.295611,-1.271353,-0.948624,-0.638708,-0.936768,-0.855699,-1.371337,0.774915,-0.779264,-1.157594,-0.821095,-1.052096,-0.713058,-0.752811,-1.013724,-0.450490,-1.376509,-1.234913,-1.397471,-0.775366
Lery_SAT1_BBV14785.1	Lery_SAT1_BBV14785.1	acceptor_superclass::Naphthalenes	acceptor_superclass::Naphthalenes	0,0,0,0,0,0,0,0,0,0,1,0,0,0,0,0,0,0,0,0,0,0,0	0,0,0,0,0,0,0,0,0,0,1,0,0,0,0,0,0,0,0,0,0,0,0	-0.817204,-0.889757,-1.195200,-0.874789,-0.683416,-1.058350,-1.095287,0.000000,-1.170754,-0.699661,1.152534,-0.653188,-0.769496,-1.143636,-0.954146,-0.840289,-0.911590,-0.740188,-1.135042,-1.336419,-0.970026,-1.104726,-1.003248
Lery_SAT2_BDW80077.1	Lery_SAT2_BDW80077.1	acceptor_superclass::Naphthalenes	acceptor_superclass::Naphthalenes	0,0,0,0,0,0,0,0,0,0,1,0,0,0,0,0,0,0,0,0,0,0,0	0,0,0,0,0,0,0,0,0,0,1,0,0,0,0,0,0,0,0,0,0,0,0	-1.147934,-1.097904,-1.092592,-0.967118,-1.417135,-1.111746,-0.929509,-1.194176,-0.896739,-1.051747,0.969653,-0.822908,-1.147934,-1.077565,-1.024901,-1.281310,-0.742631,-0.813725,-1.137463,-1.294170,-1.020488,-0.848568,-1.025870
Lint_AAT-3_AIW81431.1	Lint_AAT-3_AIW81431.1	acceptor_superclass::Monoterpenoids	acceptor_superclass::Fatty acyls;acceptor_superclass::Monoterpenoids;acceptor_superclass::Pseudoalkaloids	0,0,0,0,0,0,0,0,0,1,0,0,0,0,0,0,0,0,0,0,0,0,0	0,0,0,0,1,0,0,0,0,1,0,0,0,0,0,0,1,0,0,0,0,0,0	-1.114574,-1.170728,-0.276889,-0.511672,0.359602,-1.085892,-1.004320,-1.046607,-0.906929,0.497612,-0.911221,-0.539630,-1.282063,-0.553271,-0.690523,-0.217785,0.091325,-1.339539,-1.069554,-0.521225,-0.452996,-0.487709,-0.032259
Lint_AAT-4_AIW81432.1	Lint_AAT-4_AIW81432.1	acceptor_superclass::Monoterpenoids	acceptor_superclass::Tryptophan alkaloids	0,0,0,0,0,0,0,0,0,1,0,0,0,0,0,0,0,0,0,0,0,0,0	0,0,0,0,0,0,0,0,0,0,0,0,0,0,0,0,0,0,0,0,0,1,0	-0.491414,-1.187560,-1.307497,-0.799231,-0.672210,-1.009422,-0.596431,0.000000,-0.691564,-0.270870,-0.513435,-1.245159,-0.541905,-0.400777,-0.518448,-1.652301,-0.802379,-0.694732,-0.225878,-0.813437,-0.405117,0.816102,-0.581334
Ljap_HQT_ACZ52698.1	Ljap_HQT_ACZ52698.1	acceptor_superclass::Phenolic acids (C6-C1)	acceptor_superclass::Phenolic acids (C6-C1)	0,0,0,0,0,0,0,0,0,0,0,0,0,1,0,0,0,0,0,0,0,0,0	0,0,0,0,0,0,0,0,0,0,0,0,0,1,0,0,0,0,0,0,0,0,0	-0.953398,-0.916205,-0.970487,-0.861644,-1.098792,-0.675625,-1.007764,-1.169346,-1.122457,-1.070330,-0.996806,-0.471968,-1.084396,0.578883,-1.184561,-0.938525,-0.595319,-0.950723,-0.849563,-0.938939,-1.333826,-1.091748,-0.810021
Lori_AAT1_WKK95849.1	Lori_AAT1_WKK95849.1	acceptor_superclass::Fatty acyls	acceptor_superclass::Fatty acyls;acceptor_superclass::Monoterpenoids;acceptor_superclass::Phenylethanoids (C6-C2);acceptor_superclass::Phenylpropanoids (C6-C3)	0,0,0,0,1,0,0,0,0,0,0,0,0,0,0,0,0,0,0,0,0,0,0	0,0,0,0,1,0,0,0,0,1,0,0,0,0,1,1,0,0,0,0,0,0,0	-1.004056,-1.032931,-1.141315,-1.284981,0.306558,-0.765913,-0.790294,-0.996455,-0.439400,0.224538,-0.850524,-1.314209,-1.004056,-0.501955,0.544559,0.822002,-1.101791,-1.079464,-0.557730,-0.999287,-0.843897,-1.462850,-1.048451
Lpur_3MAT1_AAS77404.1	Lpur_3MAT1_AAS77404.1	acceptor_superclass::Flavonoids;acceptor_superclass::Isoflavonoids;acceptor_superclass::Phenolic acids (C6-C1)	acceptor_superclass::Flavonoids;acceptor_superclass::Isoflavonoids	0,0,0,0,0,1,1,0,0,0,0,0,0,1,0,0,0,0,0,0,0,0,0	0,0,0,0,0,1,1,0,0,0,0,0,0,0,0,0,0,0,0,0,0,0,0	-0.639329,-0.954582,-0.867373,-1.089310,-1.223929,0.720154,0.258094,-1.020256,-0.958871,-0.576322,-0.737056,-0.594411,-0.388098,-0.709459,-0.787775,-1.395616,-0.786728,-1.122154,-0.481955,-0.247276,-0.966039,-0.567076,-0.836678
Lrob_AT1_WEX29780.1	Lrob_AT1_WEX29780.1	acceptor_superclass::Phenylethanoids (C6-C2)	acceptor_superclass::Phenylethanoids (C6-C2)	0,0,0,0,0,0,0,0,0,0,0,0,0,0,1,0,0,0,0,0,0,0,0	0,0,0,0,0,0,0,0,0,0,0,0,0,0,1,0,0,0,0,0,0,0,0	-0.950790,-1.113369,-1.201660,-0.513250,-1.108710,-1.020426,-0.824952,-1.240262,-0.880237,-1.097542,-0.964619,-1.044328,-1.055314,-0.411952,1.013983,-0.338542,-0.995160,-0.905818,-0.651032,-1.344080,-0.909788,-1.189125,-1.110185
Lsat_BOS_QYL33117.1	Lsat_BOS_QYL33117.1	acceptor_superclass::Small peptides	acceptor_superclass::Small peptides	0,0,0,0,0,0,0,0,0,0,0,0,0,0,0,0,0,0,1,0,0,0,0	0,0,0,0,0,0,0,0,0,0,0,0,0,0,0,0,0,0,1,0,0,0,0	-0.812081,-1.129177,-1.258809,-1.351038,-0.869309,-0.988670,-0.927446,-1.023400,-0.734924,-0.866617,-0.884291,-0.480294,-0.754802,-0.739720,-0.513631,-0.541335,-0.478063,-1.395049,0.881129,-0.689774,-0.078399,-0.862481,-0.413397
Lsat_BOS_QYL33117.1	Lsat_DS_QYL33117.1	acceptor_superclass::Small peptides	acceptor_superclass::Small peptides	0,0,0,0,0,0,0,0,0,0,0,0,0,0,0,0,0,0,1,0,0,0,0	0,0,0,0,0,0,0,0,0,0,0,0,0,0,0,0,0,0,1,0,0,0,0	-0.915618,-1.260364,-1.269785,-1.172999,-0.804152,-0.683971,-0.769016,0.000000,-0.746331,-0.752236,-0.949216,-0.360480,-0.857979,-0.636382,-0.415211,-0.368495,-0.348220,-1.177902,0.850864,-0.679829,-0.589806,-0.928765,-0.561269
Ltri_CAAT1_AHA90802.1	Ltri_CAAT1_AHA90802.1	acceptor_superclass::Phenylpropanoids (C6-C3)	acceptor_superclass::Fatty acyls;acceptor_superclass::Lignans;acceptor_superclass::Monoterpenoids;acceptor_superclass::Phenylethanoids (C6-C2);acceptor_superclass::Phenylpropanoids (C6-C3)	0,0,0,0,0,0,0,0,0,0,0,0,0,0,0,1,0,0,0,0,0,0,0	0,0,0,0,1,0,0,1,0,1,0,0,0,0,1,1,0,0,0,0,0,0,0	-0.946033,-1.005406,-0.872312,-0.842868,0.213990,-0.943214,-0.919932,0.273257,-0.185229,0.084228,-0.835063,-0.525760,-1.008592,-1.515876,0.815898,0.584789,-0.837246,-0.801941,-1.445766,-0.755720,-0.984397,-1.467126,-1.578724
Maze_AT1704_NA	Maze_AT1704_NA	acceptor_superclass::Triterpenoids		0,0,0,0,0,0,0,0,0,0,0,0,0,0,0,0,0,0,0,0,1,0,0	0,0,0,0,0,0,0,0,0,0,0,0,0,0,0,0,0,0,0,0,0,0,0	-0.815705,-0.853537,-0.290589,-1.105947,-0.938742,-0.774512,-1.256061,-0.717395,-1.245111,-1.045919,-0.843061,-0.886927,-0.815705,-0.928490,-0.619473,-0.540758,-1.477785,-0.977778,-1.422701,-0.591574,-0.092981,-0.647389,-1.400675
Maze_AT8824_KAJ4723782.1	Maze_AT8824_KAJ4723782.1	acceptor_superclass::Triterpenoids	acceptor_superclass::Triterpenoids	0,0,0,0,0,0,0,0,0,0,0,0,0,0,0,0,0,0,0,0,1,0,0	0,0,0,0,0,0,0,0,0,0,0,0,0,0,0,0,0,0,0,0,1,0,0	-1.126544,-0.664684,-0.066020,-0.529153,-0.313844,-0.801175,-1.123662,0.000000,-1.028222,-0.106093,-1.104618,-0.719188,-0.947050,-0.611352,-0.469218,-0.525682,-0.928901,-0.941062,-0.689384,-1.158177,0.618273,-0.173050,-0.487250
Mdom_AAT1_AAU14879.2	Mdom_AAT1_AAU14879.2	acceptor_superclass::Fatty acyls;acceptor_superclass::Phenylpropanoids (C6-C3)	acceptor_superclass::Fatty acyls	0,0,0,0,1,0,0,0,0,0,0,0,0,0,0,1,0,0,0,0,0,0,0	0,0,0,0,1,0,0,0,0,0,0,0,0,0,0,0,0,0,0,0,0,0,0	-1.077490,-1.224377,-0.982208,-0.421231,1.054106,-1.090832,-0.880667,-0.817331,-0.531281,-0.294066,-1.011431,-1.032934,-1.077490,-0.752279,-0.580096,-0.820472,-0.810219,-1.023854,-0.721480,-1.172654,-0.769673,-0.782514,-0.988400
Mdom_SHT_ALF00095.1	Mdom_SHT_ALF00095.1	acceptor_superclass::Ornithine alkaloids	acceptor_superclass::Ornithine alkaloids;acceptor_superclass::Phenolic acids (C6-C1);acceptor_superclass::Pseudoalkaloids	0,0,0,0,0,0,0,0,0,0,0,1,0,0,0,0,0,0,0,0,0,0,0	0,0,0,0,0,0,0,0,0,0,0,1,0,1,0,0,1,0,0,0,0,0,0	-0.941866,-1.116512,-0.985350,-1.146334,-1.444587,-0.400602,-1.155661,-0.804400,-1.197022,-1.603137,-0.871429,0.927962,-0.941866,0.063414,-1.167133,-0.332297,0.009039,-1.027020,-0.094786,-0.623699,-0.873954,-1.148470,-0.917800
Mema_HFT_NA	Mema_HFT_NA	acceptor_superclass::Fatty acyls	acceptor_superclass::Fatty Acids and Conjugates;acceptor_superclass::Fatty acyls	0,0,0,0,1,0,0,0,0,0,0,0,0,0,0,0,0,0,0,0,0,0,0	0,0,0,1,1,0,0,0,0,0,0,0,0,0,0,0,0,0,0,0,0,0,0	-1.007784,-1.227368,-0.402517,1.223669,0.813198,-0.618575,-0.357637,-0.905881,-0.878711,-0.445929,-0.975525,-0.369310,-1.062475,-0.885560,-0.756478,-1.637011,-0.579824,-1.359362,-1.375506,-0.950907,-1.572408,-0.672470,-0.581290
Mlon_AT1_NA	Mlon_AT1_NA	acceptor_superclass::Phenolic acids (C6-C1)	acceptor_superclass::Phenolic acids (C6-C1);acceptor_superclass::Small peptides;acceptor_superclass::Tyrosine alkaloids	0,0,0,0,0,0,0,0,0,0,0,0,0,1,0,0,0,0,0,0,0,0,0	0,0,0,0,0,0,0,0,0,0,0,0,0,1,0,0,0,0,1,0,0,0,1	-1.083375,-0.878194,-0.938343,-0.992963,-0.959973,-0.022778,-0.944559,-0.986847,-1.017107,-0.652606,-1.080848,-1.141517,-1.083375,0.957118,-0.895976,-0.687146,-1.090964,-1.154160,0.307841,-1.090154,-1.164674,-0.716250,0.250264
Mlon_AT2_NA	Mlon_AT2_NA	acceptor_superclass::Phenolic acids (C6-C1)	acceptor_superclass::Phenolic acids (C6-C1);acceptor_superclass::Small peptides	0,0,0,0,0,0,0,0,0,0,0,0,0,1,0,0,0,0,0,0,0,0,0	0,0,0,0,0,0,0,0,0,0,0,0,0,1,0,0,0,0,1,0,0,0,0	-1.191669,-0.897651,-0.996947,-0.868785,-0.790880,-0.804022,-1.088390,-0.082446,-1.020651,-1.087905,-1.132730,-1.035753,-1.191669,0.938374,-0.625976,-0.197500,-1.071521,-0.859844,0.446934,-1.003835,-1.045774,-0.972868,-0.228084
Mlon_AT1_NA	Mlon_AT3_NA	acceptor_superclass::Phenolic acids (C6-C1)	acceptor_superclass::Phenolic acids (C6-C1);acceptor_superclass::Small peptides;acceptor_superclass::Tyrosine alkaloids	0,0,0,0,0,0,0,0,0,0,0,0,0,1,0,0,0,0,0,0,0,0,0	0,0,0,0,0,0,0,0,0,0,0,0,0,1,0,0,0,0,1,0,0,0,1	-1.054375,-0.868661,-0.874272,-1.033542,-0.864746,-0.081420,-0.928705,-0.994775,-0.985192,-0.835813,-1.040207,-1.238488,-1.014402,1.090012,-0.802315,-0.752856,-1.315891,-1.113963,0.528788,-1.041588,-1.200888,-0.748132,0.197955
Mlon_AT4_NA	Mlon_AT4_NA	acceptor_superclass::Lignans;acceptor_superclass::Phenolic acids (C6-C1)	acceptor_superclass::Fatty Acids and Conjugates;acceptor_superclass::Small peptides;acceptor_superclass::Tyrosine alkaloids	0,0,0,0,0,0,0,1,0,0,0,0,0,1,0,0,0,0,0,0,0,0,0	0,0,0,1,0,0,0,0,0,0,0,0,0,0,0,0,0,0,1,0,0,0,1	-0.984035,-0.995090,-0.638701,0.115349,-0.889259,-0.594112,-1.151672,0.000000,-1.183200,-0.907152,-1.054862,-0.980495,-1.037674,-0.018356,-1.443754,-0.527656,-0.750109,-0.976989,0.614096,-0.820728,-1.122624,-0.567594,0.151866
Mlon_AT6_NA	Mlon_AT6_NA	acceptor_superclass::Phenolic acids (C6-C1)	acceptor_superclass::Tyrosine alkaloids	0,0,0,0,0,0,0,0,0,0,0,0,0,1,0,0,0,0,0,0,0,0,0	0,0,0,0,0,0,0,0,0,0,0,0,0,0,0,0,0,0,0,0,0,0,1	-0.860138,-0.773802,-1.006252,-0.472452,-0.191383,-0.428808,-1.597081,0.000000,-1.351827,-0.626701,-0.903665,-1.077359,-0.935954,-0.433222,-0.643976,-0.424973,-1.041055,-1.064635,-0.125763,-1.049317,-1.003844,-0.731969,0.073223
Moff_RAS_CBW35684.1	Moff_RAS_CBW35684.1		acceptor_superclass::Phenolic acids (C6-C1);acceptor_superclass::Small peptides	0,0,0,0,0,0,0,0,0,0,0,0,0,0,0,0,0,0,0,0,0,0,0	0,0,0,0,0,0,0,0,0,0,0,0,0,1,0,0,0,0,1,0,0,0,0	-0.619729,-0.859253,-1.144376,-0.593424,-0.754889,-0.822340,-0.999386,-0.718490,-0.929061,-1.109203,-0.704502,-1.170850,-0.619729,0.511426,-0.997033,-0.147706,-1.128345,-0.878227,0.411608,-0.822734,-1.229699,-0.802965,-0.062004
Mpal_HCT_AXN55971.1	Mpal_HCT_AXN55971.1	acceptor_superclass::Phenolic acids (C6-C1)	acceptor_superclass::Fatty Acids and Conjugates;acceptor_superclass::Phenolic acids (C6-C1);acceptor_superclass::Phenylpropanoids (C6-C3);acceptor_superclass::Saccharides;acceptor_superclass::Small peptides	0,0,0,0,0,0,0,0,0,0,0,0,0,1,0,0,0,0,0,0,0,0,0	0,0,0,1,0,0,0,0,0,0,0,0,0,1,0,1,0,1,1,0,0,0,0	-0.753586,-1.114612,-1.162941,0.095801,-0.278907,-1.223915,-0.880344,0.000000,-1.145686,-0.526574,-0.388267,-1.005513,-0.705244,1.050814,-0.789659,0.446071,-1.028257,0.136201,0.919913,-0.576872,-1.366601,-0.767326,-0.573859
Mpol_HCT_PTQ49430.1	Mpol_HCT_PTQ49430.1	acceptor_superclass::Phenolic acids (C6-C1)	acceptor_superclass::Fatty Acids and Conjugates;acceptor_superclass::Phenolic acids (C6-C1)	0,0,0,0,0,0,0,0,0,0,0,0,0,1,0,0,0,0,0,0,0,0,0	0,0,0,1,0,0,0,0,0,0,0,0,0,1,0,0,0,0,0,0,0,0,0	-1.221326,-1.152109,-1.137827,0.210701,-0.841181,-0.639143,-0.844296,-1.386849,-0.946978,-0.802490,-1.055758,-0.686534,-1.243527,0.933197,-0.503282,-1.080933,-0.958297,-0.226400,-0.372322,-0.847923,-1.120434,-1.289962,-1.177806
Msap_AAT_CAC09063.1	Msap_AAT_CAC09063.1	acceptor_superclass::Fatty acyls;acceptor_superclass::Monoterpenoids;acceptor_superclass::Phenylethanoids (C6-C2);acceptor_superclass::Phenylpropanoids (C6-C3)	acceptor_superclass::Monoterpenoids;acceptor_superclass::Phenylethanoids (C6-C2);acceptor_superclass::Phenylpropanoids (C6-C3)	0,0,0,0,1,0,0,0,0,1,0,0,0,0,1,1,0,0,0,0,0,0,0	0,0,0,0,0,0,0,0,0,1,0,0,0,0,1,1,0,0,0,0,0,0,0	-0.977039,-0.831300,-0.738090,-0.731783,-0.759630,-1.311791,-1.158377,-1.057510,-1.289933,0.352821,-0.994048,-0.856483,-0.857636,-1.147465,0.081733,1.018360,-1.179274,-1.208262,-0.442888,-0.628226,-1.037867,-1.300359,-0.977732
Mtru_MAT1_ABY91220.1	Mtru_MAT1_ABY91220.1	acceptor_superclass::Flavonoids;acceptor_superclass::Isoflavonoids	acceptor_superclass::Flavonoids;acceptor_superclass::Isoflavonoids	0,0,0,0,0,1,1,0,0,0,0,0,0,0,0,0,0,0,0,0,0,0,0	0,0,0,0,0,1,1,0,0,0,0,0,0,0,0,0,0,0,0,0,0,0,0	-1.057284,-1.212614,-0.713919,-0.889300,-0.838750,0.735765,0.803503,-0.961865,-1.046782,-0.777409,-0.656238,-1.047314,-1.215384,-1.038324,-1.725320,-1.361708,-0.532595,-0.703995,-0.848944,-0.285589,-0.378344,-1.121258,-0.048306
Mtru_MAT2_ABY91222.1	Mtru_MAT2_ABY91222.1	acceptor_superclass::Flavonoids;acceptor_superclass::Isoflavonoids	acceptor_superclass::Flavonoids;acceptor_superclass::Isoflavonoids	0,0,0,0,0,1,1,0,0,0,0,0,0,0,0,0,0,0,0,0,0,0,0	0,0,0,0,0,1,1,0,0,0,0,0,0,0,0,0,0,0,0,0,0,0,0	-0.414548,-0.835788,-0.870656,-0.664798,-0.846083,0.368566,0.713640,0.000000,-0.983249,-1.191943,-0.396129,-1.115000,-0.425147,-0.986515,-1.411575,-1.347911,-1.134306,-1.131435,-1.215808,-0.516187,-1.396324,-0.739052,-0.963773
Mtru_MAT3_ABY91221.1	Mtru_MAT3_ABY91221.1	acceptor_superclass::Flavonoids;acceptor_superclass::Isoflavonoids	acceptor_superclass::Flavonoids;acceptor_superclass::Isoflavonoids	0,0,0,0,0,1,1,0,0,0,0,0,0,0,0,0,0,0,0,0,0,0,0	0,0,0,0,0,1,1,0,0,0,0,0,0,0,0,0,0,0,0,0,0,0,0	-0.879543,-0.684679,-0.890318,-1.227880,-1.426594,1.319092,0.680589,-1.079949,-0.696910,-1.329632,-0.931526,-1.250297,-0.936036,-1.227457,-1.045965,-0.921015,-1.151801,-0.704563,-0.387337,-0.769278,-0.613119,-1.502637,-0.981403
Natt_AT1_AET80688.1	Natt_AT1_AET80688.1	acceptor_superclass::Ornithine alkaloids;acceptor_superclass::Pseudoalkaloids	acceptor_superclass::Fatty acyls;acceptor_superclass::Ornithine alkaloids;acceptor_superclass::Pseudoalkaloids	0,0,0,0,0,0,0,0,0,0,0,1,0,0,0,0,1,0,0,0,0,0,0	0,0,0,0,1,0,0,0,0,0,0,1,0,0,0,0,1,0,0,0,0,0,0	-0.942441,-1.117815,-0.490645,-0.352355,0.064810,-1.198496,-1.232934,-0.992087,-1.327900,-0.391410,-0.844462,0.618431,-0.942441,-1.007501,-0.986727,-1.184883,0.381366,-1.009258,-0.688749,-0.916231,-0.536575,-0.786658,-0.992750
Natt_DH29_AET80686.1	Natt_DH29_AET80686.1	acceptor_superclass::Ornithine alkaloids;acceptor_superclass::Pseudoalkaloids		0,0,0,0,0,0,0,0,0,0,0,1,0,0,0,0,1,0,0,0,0,0,0	0,0,0,0,0,0,0,0,0,0,0,0,0,0,0,0,0,0,0,0,0,0,0	-0.589112,-0.759660,-0.314318,-1.421168,-0.988325,-1.204191,-1.317870,-0.999524,-0.811942,-0.044903,-0.546658,-0.106748,-0.589112,-1.150797,-0.561931,-0.828193,-0.742671,-0.960250,-0.164733,-0.963411,-0.413657,-0.589783,-0.032629
Ntab_ASAT1_XP_016480914.1	Ntab_ASAT1_XP_016480914.1	acceptor_superclass::Saccharides	acceptor_superclass::Saccharides;acceptor_superclass::Tryptophan alkaloids	0,0,0,0,0,0,0,0,0,0,0,0,0,0,0,0,0,1,0,0,0,0,0	0,0,0,0,0,0,0,0,0,0,0,0,0,0,0,0,0,1,0,0,0,1,0	-0.933293,-1.129681,-1.297623,-0.807160,-1.049778,-0.123100,-0.814576,0.000000,-1.434598,-0.490797,-1.125911,-0.880915,-1.465667,-0.828277,-0.425096,-0.894620,-0.915533,1.529260,-0.528799,-1.369074,-1.773424,0.471601,-1.443448
Ntab_ASAT2_XP_016451255.1	Ntab_ASAT2_XP_016451255.1		acceptor_superclass::Saccharides	0,0,0,0,0,0,0,0,0,0,0,0,0,0,0,0,0,0,0,0,0,0,0	0,0,0,0,0,0,0,0,0,0,0,0,0,0,0,0,0,1,0,0,0,0,0	-0.865019,-0.789933,-1.268983,-1.140994,-0.737528,-0.896377,-0.949203,-1.423136,-0.885864,-0.645580,-0.550967,-1.513567,-0.800570,-1.356519,-0.993648,-0.652716,-1.257457,0.524618,-0.612128,-0.441055,-0.361302,-0.558228,-0.566254
Ntab_BEBT_AAN09798.1	Ntab_BEBT_AAN09798.1		acceptor_superclass::Fatty acyls;acceptor_superclass::Monoterpenoids;acceptor_superclass::Phenylethanoids (C6-C2);acceptor_superclass::Phenylpropanoids (C6-C3)	0,0,0,0,0,0,0,0,0,0,0,0,0,0,0,0,0,0,0,0,0,0,0	0,0,0,0,1,0,0,0,0,1,0,0,0,0,1,1,0,0,0,0,0,0,0	-0.952232,-1.137030,-0.559760,-1.325868,0.576951,-0.760918,-1.028286,-0.830297,-0.672148,0.059083,-1.127598,-1.208375,-0.965543,-0.794629,0.483376,0.790551,-1.058511,-0.910121,-1.088450,-0.863387,-1.275499,-1.182608,-1.237708
Ntab_HCT_CAD47830.1	Ntab_HCT_CAD47830.1	acceptor_superclass::Phenolic acids (C6-C1);acceptor_superclass::Phenylpropanoids (C6-C3)	acceptor_superclass::Flavonoids;acceptor_superclass::Monoterpenoids;acceptor_superclass::Phenolic acids (C6-C1);acceptor_superclass::Triterpenoids;acceptor_superclass::Tyrosine alkaloids	0,0,0,0,0,0,0,0,0,0,0,0,0,1,0,1,0,0,0,0,0,0,0	0,0,0,0,0,1,0,0,0,1,0,0,0,1,0,0,0,0,0,0,1,0,1	-0.964006,-1.015566,-1.072563,-0.741493,-0.693942,0.026901,-0.959180,-0.956732,-1.095886,0.287736,-0.987210,-1.089044,-0.976208,0.963206,-0.963573,-0.203127,-1.290879,-0.937077,-0.252580,-1.064388,0.632640,-0.801549,0.444111
Ntab_HQT_CAE46932.1	Ntab_HQT_CAE46932.1	acceptor_superclass::Phenolic acids (C6-C1);acceptor_superclass::Phenylpropanoids (C6-C3)	acceptor_superclass::Phenolic acids (C6-C1)	0,0,0,0,0,0,0,0,0,0,0,0,0,1,0,1,0,0,0,0,0,0,0	0,0,0,0,0,0,0,0,0,0,0,0,0,1,0,0,0,0,0,0,0,0,0	-0.983311,-0.904366,-0.926235,-0.899627,-1.298299,-0.480087,-1.006227,-1.289796,-0.906978,-0.659453,-1.067107,-1.164350,-1.045830,1.057748,-1.054801,-0.262263,-1.054576,-0.956429,-0.024382,-1.001303,-0.612210,-1.001383,-1.063565
Ntab_MAT1_BAD93691.1	Ntab_MAT1_BAD93691.1	acceptor_superclass::Coumarins;acceptor_superclass::Flavonoids;acceptor_superclass::Naphthalenes;acceptor_superclass::Phenanthrenoids	acceptor_superclass::Flavonoids;acceptor_superclass::Isoflavonoids	1,0,0,0,0,1,0,0,0,0,1,0,1,0,0,0,0,0,0,0,0,0,0	0,0,0,0,0,1,1,0,0,0,0,0,0,0,0,0,0,0,0,0,0,0,0	-1.274822,-1.229501,-0.756875,-0.378905,-0.974491,1.192586,0.132163,-1.362771,-0.859114,-0.942827,-1.082330,-1.502414,-1.403959,-0.299849,-0.982400,-1.963894,-1.043118,-1.465076,-0.929116,-1.147815,-1.102464,-1.932078,-1.765550
Ntab_SHT_QNO39110.1	Ntab_SHT_QNO39110.1	acceptor_superclass::Ornithine alkaloids	acceptor_superclass::Ornithine alkaloids;acceptor_superclass::Pseudoalkaloids	0,0,0,0,0,0,0,0,0,0,0,1,0,0,0,0,0,0,0,0,0,0,0	0,0,0,0,0,0,0,0,0,0,0,1,0,0,0,0,1,0,0,0,0,0,0	-0.982626,-0.851543,-1.047331,-0.979046,-0.563597,-0.702211,-0.830859,0.000000,-1.184230,-1.144301,-1.085117,0.925466,-1.082705,-0.316650,-0.536140,-0.633642,0.143670,-0.915414,-0.711206,-0.921120,-0.971555,-1.090827,-1.065179
Obas_CAAT1_QKK36036.1	Obas_CAAT1_QKK36036.1	acceptor_superclass::Phenylethanoids (C6-C2);acceptor_superclass::Phenylpropanoids (C6-C3)	acceptor_superclass::Fatty Acids and Conjugates;acceptor_superclass::Small peptides;acceptor_superclass::Tyrosine alkaloids	0,0,0,0,0,0,0,0,0,0,0,0,0,0,1,1,0,0,0,0,0,0,0	0,0,0,1,0,0,0,0,0,0,0,0,0,0,0,0,0,0,1,0,0,0,1	-0.772974,-0.935357,-1.128562,0.564124,-0.280277,-0.490164,-1.439445,-0.953332,-0.588846,-1.397938,-0.498131,-1.035658,-0.888024,-0.808729,-0.917234,-0.709258,-1.116588,-0.910408,0.568785,-0.414278,-0.937592,-0.644448,0.070083
Obas_CAAT2_QKK36037.1	Obas_CAAT2_QKK36037.1	acceptor_superclass::Phenylpropanoids (C6-C3)	acceptor_superclass::Fatty acyls;acceptor_superclass::Monoterpenoids;acceptor_superclass::Phenylethanoids (C6-C2)	0,0,0,0,0,0,0,0,0,0,0,0,0,0,0,1,0,0,0,0,0,0,0	0,0,0,0,1,0,0,0,0,1,0,0,0,0,1,0,0,0,0,0,0,0,0	-1.010815,-0.875389,-0.465796,-0.512333,0.410908,-1.092972,-0.850887,-0.163126,-0.589916,0.278796,-1.127376,-0.569408,-0.993257,-1.162763,0.054165,-0.081275,-0.503786,-0.335609,-1.846652,-0.774961,-1.870048,-1.116404,-1.082199
Oeur_AT1_XP_022859703.1	Oeur_AT1_XP_022859703.1	acceptor_superclass::Phenylethanoids (C6-C2)	acceptor_superclass::Phenylethanoids (C6-C2)	0,0,0,0,0,0,0,0,0,0,0,0,0,0,1,0,0,0,0,0,0,0,0	0,0,0,0,0,0,0,0,0,0,0,0,0,0,1,0,0,0,0,0,0,0,0	-0.864105,-1.043710,-1.250926,-1.120027,-1.104563,-0.992532,-0.686544,0.000000,-0.847753,-0.580743,-0.732633,-1.019501,-0.889237,-0.324923,0.781249,-0.782327,-1.020754,-0.954666,-0.552996,-1.253434,-1.014332,-1.155746,-0.813732
Osat_AHT1_CAE03579.1	Osat_AHT1_CAE03579.1	acceptor_superclass::Ornithine alkaloids;acceptor_superclass::Pseudoalkaloids	acceptor_superclass::Ornithine alkaloids;acceptor_superclass::Pseudoalkaloids	0,0,0,0,0,0,0,0,0,0,0,1,0,0,0,0,1,0,0,0,0,0,0	0,0,0,0,0,0,0,0,0,0,0,1,0,0,0,0,1,0,0,0,0,0,0	-0.895116,-1.187769,-1.041556,-1.047920,-1.302392,-1.259825,-1.021043,0.000000,-1.003605,-1.135236,-0.958062,0.862187,-0.865605,-0.241971,-1.079047,-1.310083,0.910600,-1.124779,-1.059905,-1.103103,-1.041408,-0.749018,-0.714896
Osat_AT10_BAD33123.1	Osat_AT10_BAD33123.1	acceptor_superclass::Phenylpropanoids (C6-C3)	acceptor_superclass::Phenylpropanoids (C6-C3);acceptor_superclass::Tyrosine alkaloids	0,0,0,0,0,0,0,0,0,0,0,0,0,0,0,1,0,0,0,0,0,0,0	0,0,0,0,0,0,0,0,0,0,0,0,0,0,0,1,0,0,0,0,0,0,1	-0.983266,-1.370032,-0.504518,-0.937676,-0.432757,-0.938540,-1.210887,-1.184610,-0.760956,-0.614329,-1.052501,-1.504020,-0.986959,-0.926092,-0.517546,0.209693,-1.039183,-0.958739,-0.913173,-1.049245,-0.612804,-0.173643,0.392664
Osat_DPW2_BAS75979.1	Osat_DPW2_BAS75979.1	acceptor_superclass::Fatty Acids and Conjugates	acceptor_superclass::Fatty Acids and Conjugates	0,0,0,1,0,0,0,0,0,0,0,0,0,0,0,0,0,0,0,0,0,0,0	0,0,0,1,0,0,0,0,0,0,0,0,0,0,0,0,0,0,0,0,0,0,0	-1.058577,-1.325313,-1.242829,0.119542,-0.036000,-0.817538,-0.885476,0.000000,-1.111518,-0.930235,-1.065030,-1.216767,-1.024709,-1.043621,-0.484445,-0.127802,-1.234742,-1.341414,-2.085649,-1.159034,-0.938129,-1.082321,-2.058187
Osat_FMT_BAF16996.1	Osat_FMT_BAF16996.1	acceptor_superclass::Phenylpropanoids (C6-C3)	acceptor_superclass::Monoterpenoids;acceptor_superclass::Phenylpropanoids (C6-C3)	0,0,0,0,0,0,0,0,0,0,0,0,0,0,0,1,0,0,0,0,0,0,0	0,0,0,0,0,0,0,0,0,1,0,0,0,0,0,1,0,0,0,0,0,0,0	-0.990039,-0.768176,-0.955847,-1.138064,-0.741641,-0.639486,-1.111017,-0.850040,-0.877488,0.126136,-0.973475,-0.553461,-0.990039,-0.965109,-0.407668,0.707858,-0.601737,-0.804264,-0.705346,-0.973663,-0.511640,-1.467069,-0.897318
Osat_HCT4_BAD72437.1	Osat_HCT4_BAD72437.1	acceptor_superclass::Phenolic acids (C6-C1)	acceptor_superclass::Tryptophan alkaloids	0,0,0,0,0,0,0,0,0,0,0,0,0,1,0,0,0,0,0,0,0,0,0	0,0,0,0,0,0,0,0,0,0,0,0,0,0,0,0,0,0,0,0,0,1,0	-1.005361,-0.888652,-1.482325,-1.437293,-1.273502,-1.046102,-0.949896,-1.009851,-0.813420,-1.395545,-0.609761,-1.250673,-1.346269,-0.033335,-1.087612,-0.043027,-0.732852,-0.525148,-1.692598,-0.637806,-1.113514,0.072709,-0.338015
Osat_MAT-2_BAG96218.1	Osat_MAT-2_BAG96218.1	acceptor_superclass::Flavonoids;acceptor_superclass::Isoflavonoids	acceptor_superclass::Flavonoids;acceptor_superclass::Isoflavonoids;acceptor_superclass::Ornithine alkaloids	0,0,0,0,0,1,1,0,0,0,0,0,0,0,0,0,0,0,0,0,0,0,0	0,0,0,0,0,1,1,0,0,0,0,1,0,0,0,0,0,0,0,0,0,0,0	-0.568801,-0.739517,-1.222049,-0.426144,-0.769043,0.712749,0.002977,-0.999716,-1.031559,-1.784724,-0.496436,0.402271,-0.568801,-0.726155,-1.014118,-0.369019,-0.083035,-0.802879,-1.172314,-0.744574,-1.778443,-0.586476,-1.595491
Osat_PHT2_BAD72527.1	Osat_PHT2_BAD72527.1	acceptor_superclass::Ornithine alkaloids;acceptor_superclass::Pseudoalkaloids	acceptor_superclass::Cyclic polyketides;acceptor_superclass::Fatty acyls;acceptor_superclass::Phenolic acids (C6-C1);acceptor_superclass::Triterpenoids	0,0,0,0,0,0,0,0,0,0,0,1,0,0,0,0,1,0,0,0,0,0,0	0,1,0,0,1,0,0,0,0,0,0,0,0,1,0,0,0,0,0,0,1,0,0	-1.196720,0.170646,-1.752718,-3.553136,0.428832,-0.953541,-2.705060,-1.837456,-0.874220,-1.079536,-1.298450,-2.820429,-1.348842,1.018077,-1.419150,-0.879104,-3.094194,-0.159788,-1.079934,-1.198632,0.678793,-1.077372,-2.622527
Osat_PHT3_BAC79154.1	Osat_PHT3_BAC79154.1	acceptor_superclass::Ornithine alkaloids;acceptor_superclass::Pseudoalkaloids	acceptor_superclass::Ornithine alkaloids;acceptor_superclass::Pseudoalkaloids	0,0,0,0,0,0,0,0,0,0,0,1,0,0,0,0,1,0,0,0,0,0,0	0,0,0,0,0,0,0,0,0,0,0,1,0,0,0,0,1,0,0,0,0,0,0	-0.906699,-0.863714,-1.074851,-0.649557,-0.757294,-0.517155,-1.020267,-0.942720,-0.890299,-0.826207,-0.928518,1.099318,-0.906699,-0.698205,-0.874787,-1.108447,1.075853,-1.254265,-0.662615,-0.975480,-1.126467,-0.256566,-0.704578
Osat_PHT4_BAC79155.1	Osat_PHT4_BAC79155.1	acceptor_superclass::Ornithine alkaloids;acceptor_superclass::Pseudoalkaloids	acceptor_superclass::Ornithine alkaloids;acceptor_superclass::Pseudoalkaloids	0,0,0,0,0,0,0,0,0,0,0,1,0,0,0,0,1,0,0,0,0,0,0	0,0,0,0,0,0,0,0,0,0,0,1,0,0,0,0,1,0,0,0,0,0,0	-1.082149,-0.865021,-1.321436,-0.131398,-1.157608,-1.492286,-0.822030,-1.009448,-0.980775,-1.144369,-0.974561,1.017581,-0.994444,-1.207899,-0.816974,-1.678531,0.603333,-1.051195,-1.304734,-0.654521,-1.205326,-0.499613,-1.084096
Osat_PHT4_BAC79155.1	Osat_PHT_BAC79155.1	acceptor_superclass::Ornithine alkaloids;acceptor_superclass::Pseudoalkaloids	acceptor_superclass::Ornithine alkaloids;acceptor_superclass::Pseudoalkaloids	0,0,0,0,0,0,0,0,0,0,0,1,0,0,0,0,1,0,0,0,0,0,0	0,0,0,0,0,0,0,0,0,0,0,1,0,0,0,0,1,0,0,0,0,0,0	-1.082149,-0.865021,-1.321436,-0.131398,-1.157608,-1.492286,-0.822030,-1.009448,-0.980775,-1.144369,-0.974561,1.017581,-0.994444,-1.207899,-0.816974,-1.678531,0.603333,-1.051195,-1.304734,-0.654521,-1.205326,-0.499613,-1.084096
Osat_PMT1_BAG87540.1	Osat_PMT1_BAG87540.1	acceptor_superclass::Phenylethanoids (C6-C2);acceptor_superclass::Phenylpropanoids (C6-C3)	acceptor_superclass::Monoterpenoids;acceptor_superclass::Phenylpropanoids (C6-C3)	0,0,0,0,0,0,0,0,0,0,0,0,0,0,1,1,0,0,0,0,0,0,0	0,0,0,0,0,0,0,0,0,1,0,0,0,0,0,1,0,0,0,0,0,0,0	-1.175781,-0.912439,-1.482996,-1.171699,-0.069474,-0.205611,-1.195132,-0.992724,-1.090567,0.099683,-0.978409,-0.538236,-1.115141,-1.305532,-0.316086,1.616245,-0.678699,-0.612913,-1.347542,-1.352827,-0.265302,-1.693599,-1.058890
Osat_PMT2_BAG91648.1	Osat_PMT2_BAG91648.1	acceptor_superclass::Phenylpropanoids (C6-C3)	acceptor_superclass::Phenylethanoids (C6-C2);acceptor_superclass::Phenylpropanoids (C6-C3)	0,0,0,0,0,0,0,0,0,0,0,0,0,0,0,1,0,0,0,0,0,0,0	0,0,0,0,0,0,0,0,0,0,0,0,0,0,1,1,0,0,0,0,0,0,0	-1.028813,-0.945543,-1.080930,-0.849117,-0.416325,-0.683275,-0.942588,-0.668880,-1.218117,-0.098900,-1.115679,-0.824027,-0.840163,-0.637370,0.492906,1.126174,-0.343840,-0.872570,-1.215312,-0.927125,-0.751602,-0.545680,-0.447031
Osat_TBT1_ANQ47375.1	Osat_TBT1_ANQ47375.1	acceptor_superclass::Ornithine alkaloids;acceptor_superclass::Pseudoalkaloids;acceptor_superclass::Tryptophan alkaloids	acceptor_superclass::Ornithine alkaloids;acceptor_superclass::Pseudoalkaloids;acceptor_superclass::Tryptophan alkaloids	0,0,0,0,0,0,0,0,0,0,0,1,0,0,0,0,1,0,0,0,0,1,0	0,0,0,0,0,0,0,0,0,0,0,1,0,0,0,0,1,0,0,0,0,1,0	-1.086589,-1.209930,-1.017142,-1.428465,-1.277872,-1.182863,-0.904727,0.000000,-0.828657,-0.808683,-0.965611,0.662183,-0.914693,-1.117233,-0.781123,-0.781031,0.171069,-1.113685,-1.085717,-0.951161,-1.058620,0.425970,-0.079900
Osat_TBT2_ANQ47376.1	Osat_TBT2_ANQ47376.1	acceptor_superclass::Tryptophan alkaloids	acceptor_superclass::Ornithine alkaloids;acceptor_superclass::Pseudoalkaloids;acceptor_superclass::Tryptophan alkaloids	0,0,0,0,0,0,0,0,0,0,0,0,0,0,0,0,0,0,0,0,0,1,0	0,0,0,0,0,0,0,0,0,0,0,1,0,0,0,0,1,0,0,0,0,1,0	-1.000888,-1.045087,-1.150118,-1.403892,-1.485452,-0.779836,-1.017695,-1.195521,-0.929874,-1.166898,-0.828578,1.210023,-1.000888,-0.941887,-1.441066,-1.477293,0.732325,-1.063336,-1.449311,-0.832970,-0.618140,1.018815,-0.260072
Osat_THT1_ANQ47373.1	Osat_THT1_ANQ47373.1	acceptor_superclass::Ornithine alkaloids;acceptor_superclass::Tryptophan alkaloids;acceptor_superclass::Tyrosine alkaloids	acceptor_superclass::Tryptophan alkaloids;acceptor_superclass::Tyrosine alkaloids	0,0,0,0,0,0,0,0,0,0,0,1,0,0,0,0,0,0,0,0,0,1,1	0,0,0,0,0,0,0,0,0,0,0,0,0,0,0,0,0,0,0,0,0,1,1	-1.144935,-0.989306,-1.029133,-0.777698,-1.250286,-1.483039,-0.977797,-0.932868,-1.149928,-0.321987,-0.555129,-0.189579,-1.227867,-0.816643,-1.253253,-0.581711,-0.194461,-0.746445,-0.543983,-0.759493,-0.703935,0.709999,0.332878
Osat_THT2_AAM74310.1	Osat_THT2_AAM74310.1	acceptor_superclass::Tryptophan alkaloids;acceptor_superclass::Tyrosine alkaloids	acceptor_superclass::Ornithine alkaloids;acceptor_superclass::Pseudoalkaloids;acceptor_superclass::Tryptophan alkaloids;acceptor_superclass::Tyrosine alkaloids	0,0,0,0,0,0,0,0,0,0,0,0,0,0,0,0,0,0,0,0,0,1,1	0,0,0,0,0,0,0,0,0,0,0,1,0,0,0,0,1,0,0,0,0,1,1	-0.755334,-0.989415,-1.169388,-0.206853,-0.954331,-0.941403,-1.444417,-0.895996,-1.058885,-1.297166,-0.534559,1.250687,-0.674591,-1.260058,-1.178646,-1.167817,0.471659,-0.889819,-0.438536,-0.667897,-1.530770,0.734772,0.019819
Paff_BAHD21_NA	Paff_BAHD21_NA	acceptor_superclass::Flavonoids	acceptor_superclass::Coumarins;acceptor_superclass::Flavonoids;acceptor_superclass::Isoflavonoids;acceptor_superclass::Naphthalenes;acceptor_superclass::Phenanthrenoids;acceptor_superclass::Pseudoalkaloids	0,0,0,0,0,1,0,0,0,0,0,0,0,0,0,0,0,0,0,0,0,0,0	1,0,0,0,0,1,1,0,0,0,1,0,1,0,0,0,1,0,0,0,0,0,0	0.282547,-0.998607,-1.184716,-1.352027,-1.203405,1.050199,0.023831,0.000000,-1.158903,-2.325242,0.208385,-0.092972,0.162484,-0.947176,-1.060981,-0.201878,0.072052,-0.803183,-1.028259,-0.519090,-1.044668,-1.033550,-1.197773
Papp_HCT_AXN55972.1	Papp_HCT_AXN55972.1	acceptor_superclass::Phenolic acids (C6-C1)	acceptor_superclass::Fatty Acids and Conjugates;acceptor_superclass::Phenolic acids (C6-C1);acceptor_superclass::Saccharides;acceptor_superclass::Small peptides	0,0,0,0,0,0,0,0,0,0,0,0,0,1,0,0,0,0,0,0,0,0,0	0,0,0,1,0,0,0,0,0,0,0,0,0,1,0,0,0,1,1,0,0,0,0	-1.100489,-1.098690,-0.770023,0.380350,-0.801119,-1.751510,-1.330587,0.000000,-0.800372,-0.755737,-0.995738,-0.700397,-0.804775,0.732072,-1.007263,-0.262704,-0.508445,0.028345,0.752047,-0.775458,-1.357958,-0.938104,-0.764924
Paxi_ASAT1_AOR06331.1	Paxi_ASAT1_AOR06331.1	acceptor_superclass::Saccharides		0,0,0,0,0,0,0,0,0,0,0,0,0,0,0,0,0,1,0,0,0,0,0	0,0,0,0,0,0,0,0,0,0,0,0,0,0,0,0,0,0,0,0,0,0,0	-1.042407,-0.797907,-1.331942,-0.596667,-0.511199,-1.046081,-0.743594,-1.187604,-0.919920,-1.000972,-0.596419,-1.071664,-1.042407,-1.132573,-0.931356,-1.031631,-1.074248,-0.232333,-0.857019,-0.971726,-0.892555,-1.091002,-0.766429
Paxi_ASAT1_AOR06331.1	Paxi_ASAT2_AOR06331.1		acceptor_superclass::Saccharides	0,0,0,0,0,0,0,0,0,0,0,0,0,0,0,0,0,0,0,0,0,0,0	0,0,0,0,0,0,0,0,0,0,0,0,0,0,0,0,0,1,0,0,0,0,0	-1.086166,-0.750135,-1.430800,-0.566979,-0.394391,-1.041612,-0.793889,-1.132296,-0.880611,-0.490318,-0.703083,-0.799368,-0.904668,-1.241524,-0.558401,-0.691587,-0.936805,0.932466,-1.247231,-0.864882,-1.055215,-1.189739,-0.727852
Paxi_ASAT3_AOR06333.1	Paxi_ASAT3_AOR06333.1			0,0,0,0,0,0,0,0,0,0,0,0,0,0,0,0,0,0,0,0,0,0,0	0,0,0,0,0,0,0,0,0,0,0,0,0,0,0,0,0,0,0,0,0,0,0	-1.109898,-0.890066,-1.210965,-0.853299,-1.248632,-0.958866,-0.758788,-1.110234,-1.093615,-0.253251,-0.772285,-0.813410,-1.000949,-0.876936,-0.880215,-0.972838,-0.281876,-0.129484,-0.973523,-1.204766,-1.325269,-0.725663,-1.474377
Paxi_ASAT4_AOR06334.1	Paxi_ASAT4_AOR06334.1		acceptor_superclass::Flavonoids;acceptor_superclass::Saccharides	0,0,0,0,0,0,0,0,0,0,0,0,0,0,0,0,0,0,0,0,0,0,0	0,0,0,0,0,1,0,0,0,0,0,0,0,0,0,0,0,1,0,0,0,0,0	-0.657745,-1.344646,-0.518531,-0.856703,-1.797707,0.086233,-0.732051,-1.236994,-0.858413,-1.232326,-1.130057,-1.198045,-0.360806,-0.617038,-1.664400,-2.014722,-1.133176,0.464998,-2.310179,-0.791804,-0.978024,-1.164400,-1.470681
Paxi_CFAT_ABG75942.1	Paxi_CFAT_ABG75942.1	acceptor_superclass::Fatty acyls;acceptor_superclass::Monoterpenoids;acceptor_superclass::Phenylethanoids (C6-C2);acceptor_superclass::Phenylpropanoids (C6-C3)	acceptor_superclass::Phenylpropanoids (C6-C3)	0,0,0,0,1,0,0,0,0,1,0,0,0,0,1,1,0,0,0,0,0,0,0	0,0,0,0,0,0,0,0,0,0,0,0,0,0,0,1,0,0,0,0,0,0,0	-1.248818,-0.796838,-0.760827,-1.300632,-0.701888,-1.450990,-1.155523,-0.550819,-0.647319,-1.121642,-1.433328,-0.713160,-1.203763,-1.186526,-0.910183,0.967644,-0.795131,-1.096297,-0.768846,-1.133784,-0.840520,-0.807130,-1.202048
Pbar_AT1_WEX29777.1	Pbar_AT1_WEX29777.1	acceptor_superclass::Phenylethanoids (C6-C2)	acceptor_superclass::Phenylethanoids (C6-C2)	0,0,0,0,0,0,0,0,0,0,0,0,0,0,1,0,0,0,0,0,0,0,0	0,0,0,0,0,0,0,0,0,0,0,0,0,0,1,0,0,0,0,0,0,0,0	-0.798142,-1.056638,-1.137970,-0.523611,-1.037850,-1.213026,-0.914196,-1.073177,-0.979130,-0.864351,-0.994381,-0.879609,-0.854970,-0.479683,0.867879,-0.657327,-0.926352,-0.809847,-0.301990,-1.323854,-1.048858,-1.088005,-1.048098
Pcam_HCT_QDF44405.1	Pcam_HCT_QDF44405.1	acceptor_superclass::Phenolic acids (C6-C1)	acceptor_superclass::Phenolic acids (C6-C1);acceptor_superclass::Small peptides	0,0,0,0,0,0,0,0,0,0,0,0,0,1,0,0,0,0,0,0,0,0,0	0,0,0,0,0,0,0,0,0,0,0,0,0,1,0,0,0,0,1,0,0,0,0	-0.981767,-1.057775,-0.880206,-0.807013,-1.163860,-0.055017,-0.881075,0.000000,-0.976230,-1.075631,-0.940167,-1.268934,-0.979737,1.037043,-1.235604,-0.408374,-1.302542,-0.978202,0.088554,-0.964420,-0.963413,-0.879398,-0.113371
Pcam_HQT_QDF44406.1	Pcam_HQT_QDF44406.1	acceptor_superclass::Phenolic acids (C6-C1)	acceptor_superclass::Phenolic acids (C6-C1)	0,0,0,0,0,0,0,0,0,0,0,0,0,1,0,0,0,0,0,0,0,0,0	0,0,0,0,0,0,0,0,0,0,0,0,0,1,0,0,0,0,0,0,0,0,0	-1.221594,-0.918549,-0.886153,-0.782590,-0.756722,-0.711894,-0.773374,0.000000,-1.217064,-0.773801,-1.442786,-0.540513,-1.321273,1.081620,-1.042609,-0.871351,-0.760627,-0.597152,-0.182582,-0.916991,-0.640550,-1.022349,-0.781194
Pcam_RAS_QDF44407.1	Pcam_RAS_QDF44407.1	acceptor_superclass::Phenolic acids (C6-C1)	acceptor_superclass::Flavonoids;acceptor_superclass::Phenylethanoids (C6-C2);acceptor_superclass::Phenylpropanoids (C6-C3);acceptor_superclass::Small peptides	0,0,0,0,0,0,0,0,0,0,0,0,0,1,0,0,0,0,0,0,0,0,0	0,0,0,0,0,1,0,0,0,0,0,0,0,0,1,1,0,0,1,0,0,0,0	-0.364081,-1.234721,-1.052612,-0.039887,-0.778632,0.349279,-1.037709,-0.735639,-0.933226,-0.635216,-0.497411,-0.526020,-0.364081,-0.489222,0.128905,0.158242,-1.155259,-1.316631,0.159569,-0.679787,-0.513790,-1.759258,-0.370842
Pcru_3MAT_AAO38058.1	Pcru_3MAT_AAO38058.1	acceptor_superclass::Flavonoids		0,0,0,0,0,1,0,0,0,0,0,0,0,0,0,0,0,0,0,0,0,0,0	0,0,0,0,0,0,0,0,0,0,0,0,0,0,0,0,0,0,0,0,0,0,0	-0.805914,-0.776805,-0.904719,-0.905228,-0.637273,-0.074635,-0.559676,-1.169036,-1.279213,-0.783701,-0.817969,-0.921771,-0.657497,-1.203955,-0.381226,-1.035795,-1.149764,-1.244597,-1.317078,-0.847724,-1.175107,-0.865283,-1.153176
Pfru_3AT_BAA93475.1	Pfru_3AT_BAA93475.1	acceptor_superclass::Flavonoids	acceptor_superclass::Flavonoids;acceptor_superclass::Isoflavonoids	0,0,0,0,0,1,0,0,0,0,0,0,0,0,0,0,0,0,0,0,0,0,0	0,0,0,0,0,1,1,0,0,0,0,0,0,0,0,0,0,0,0,0,0,0,0	-1.479498,-1.083689,-0.447020,-1.171264,-1.171736,1.257084,0.009656,0.000000,-0.962422,-1.462019,-1.608447,-0.352562,-1.251596,-0.186706,-0.980883,-1.100399,-0.377990,-0.893383,-0.411504,-0.698469,-0.032711,-1.034146,-0.485678
Phyb_AAT_AAW31948.1	Phyb_AAT_AAW31948.1	acceptor_superclass::Fatty acyls;acceptor_superclass::Monoterpenoids	acceptor_superclass::Cyclic polyketides;acceptor_superclass::Fatty acyls;acceptor_superclass::Monoterpenoids;acceptor_superclass::Phenylethanoids (C6-C2)	0,0,0,0,1,0,0,0,0,1,0,0,0,0,0,0,0,0,0,0,0,0,0	0,1,0,0,1,0,0,0,0,1,0,0,0,0,1,0,0,0,0,0,0,0,0	-1.024220,0.240331,-1.340862,-1.241434,0.838728,-1.019965,-0.874180,-1.088154,-1.000205,0.732790,-0.764531,-0.557806,-1.063770,-0.966950,0.908652,-0.378851,-0.484467,-1.057518,-1.325514,-0.656074,-0.967867,-0.902794,-0.854090
Phyb_BPBT_AAU06226.1	Phyb_BPBT_AAU06226.1	acceptor_superclass::Fatty acyls;acceptor_superclass::Monoterpenoids;acceptor_superclass::Phenylethanoids (C6-C2);acceptor_superclass::Phenylpropanoids (C6-C3)	acceptor_superclass::Monoterpenoids	0,0,0,0,1,0,0,0,0,1,0,0,0,0,1,1,0,0,0,0,0,0,0	0,0,0,0,0,0,0,0,0,1,0,0,0,0,0,0,0,0,0,0,0,0,0	-0.965867,-0.977943,-0.685699,-0.842196,-0.297391,-0.428673,-1.138418,-0.783273,-0.737971,0.383137,-0.956345,-0.959066,-1.132731,-1.194577,-0.796899,-0.024475,-0.811334,-1.020965,-1.065761,-1.054340,-0.845903,-0.988346,-1.193544
Phyb_CFAT_ABG75942.1	Phyb_CFAT_ABG75942.1	acceptor_superclass::Phenylpropanoids (C6-C3)	acceptor_superclass::Fatty acyls;acceptor_superclass::Monoterpenoids;acceptor_superclass::Phenylethanoids (C6-C2);acceptor_superclass::Phenylpropanoids (C6-C3)	0,0,0,0,0,0,0,0,0,0,0,0,0,0,0,1,0,0,0,0,0,0,0	0,0,0,0,1,0,0,0,0,1,0,0,0,0,1,1,0,0,0,0,0,0,0	-1.309814,-0.918578,-0.628165,-1.166776,0.565953,-1.172376,-0.900587,0.000000,-0.364576,0.717485,-1.478439,-0.640671,-1.279325,-1.080961,0.760980,0.904464,-0.787649,-1.071346,-0.730872,-1.143864,-0.868910,-0.905343,-0.725481
Pnig_PAS_QUS53101.1	Pnig_BAHD1_QUS53101.1	acceptor_superclass::Lysine alkaloids;acceptor_superclass::Pseudoalkaloids	acceptor_superclass::Lysine alkaloids;acceptor_superclass::Pseudoalkaloids	0,0,0,0,0,0,0,0,1,0,0,0,0,0,0,0,1,0,0,0,0,0,0	0,0,0,0,0,0,0,0,1,0,0,0,0,0,0,0,1,0,0,0,0,0,0	-1.044672,-1.082587,-1.002661,-0.856833,-0.244000,-0.744137,-1.090482,-0.870802,0.983531,-0.185849,-0.789579,-0.651652,-1.170516,-1.255858,-0.440772,-0.186344,0.796278,-0.994727,-0.817903,-1.048121,-1.323993,-0.864712,-1.504280
Pnig_PS_QUS53100.1	Pnig_BAHD2_QUS53100.1	acceptor_superclass::Lysine alkaloids	acceptor_superclass::Lysine alkaloids	0,0,0,0,0,0,0,0,1,0,0,0,0,0,0,0,0,0,0,0,0,0,0	0,0,0,0,0,0,0,0,1,0,0,0,0,0,0,0,0,0,0,0,0,0,0	-1.221346,-0.810350,-1.075099,-1.121544,-0.286287,-0.593531,-1.037215,-1.380144,0.952618,-1.211120,-1.300964,-1.177150,-1.384332,-0.802532,-0.373617,-0.620517,-0.196124,-1.038242,-0.445910,-1.240470,-1.170385,-0.968528,-1.084596
Pnig_HCT1_AEN02914.1	Pnig_HCT1_AEN02914.1	acceptor_superclass::Phenolic acids (C6-C1)	acceptor_superclass::Diterpenoids;acceptor_superclass::Phenolic acids (C6-C1);acceptor_superclass::Pseudoalkaloids;acceptor_superclass::Small peptides	0,0,0,0,0,0,0,0,0,0,0,0,0,1,0,0,0,0,0,0,0,0,0	0,0,1,0,0,0,0,0,0,0,0,0,0,1,0,0,1,0,1,0,0,0,0	-1.519140,-1.337253,0.658314,-2.276473,-1.924206,-0.512693,-1.688522,-1.837235,-1.102030,-1.446308,-1.264987,-0.099323,-1.966334,1.244680,-2.102574,-3.705809,1.077395,-1.534051,1.222662,-2.187909,-0.291640,-1.581235,-0.886036
Pnig_PAS_QUS53101.1	Pnig_PAS_QUS53101.1	acceptor_superclass::Lysine alkaloids;acceptor_superclass::Pseudoalkaloids	acceptor_superclass::Lysine alkaloids;acceptor_superclass::Pseudoalkaloids	0,0,0,0,0,0,0,0,1,0,0,0,0,0,0,0,1,0,0,0,0,0,0	0,0,0,0,0,0,0,0,1,0,0,0,0,0,0,0,1,0,0,0,0,0,0	-1.210611,-0.997394,-1.122785,-0.992555,-0.500184,-0.684978,-1.080996,-0.905553,0.987686,-0.302501,-0.988197,-0.761932,-1.336818,-1.272432,-0.661848,-0.123002,0.804029,-0.931759,-0.859436,-1.136130,-1.299421,-0.790551,-1.238686
Pnig_PHT1_BGB46908.1	Pnig_PHT1_BGB46908.1	acceptor_superclass::Ornithine alkaloids;acceptor_superclass::Pseudoalkaloids	acceptor_superclass::Ornithine alkaloids;acceptor_superclass::Pseudoalkaloids;acceptor_superclass::Tryptophan alkaloids	0,0,0,0,0,0,0,0,0,0,0,1,0,0,0,0,1,0,0,0,0,0,0	0,0,0,0,0,0,0,0,0,0,0,1,0,0,0,0,1,0,0,0,0,1,0	-1.195923,-0.887146,-1.381170,-0.756155,-0.714905,-0.107874,-0.754704,0.000000,-0.811782,-0.630370,-1.071548,0.459783,-1.101532,-1.102372,-0.698038,-1.042125,0.360393,-0.965916,-0.842784,-0.827189,-0.777759,0.166395,-0.060523
Pnig_PS_QUS53100.1	Pnig_PS_QUS53100.1	acceptor_superclass::Lysine alkaloids	acceptor_superclass::Lysine alkaloids	0,0,0,0,0,0,0,0,1,0,0,0,0,0,0,0,0,0,0,0,0,0,0	0,0,0,0,0,0,0,0,1,0,0,0,0,0,0,0,0,0,0,0,0,0,0	-0.999710,-0.818405,-0.920850,-0.927217,-0.407892,-0.651067,-1.059927,-1.320957,0.978758,-0.575389,-1.111497,-1.041054,-1.118298,-0.959371,-0.509313,-0.886547,-0.385245,-0.958434,-0.534808,-1.158128,-1.352833,-0.909984,-1.469697
Post_DPBT_Pos.gene30573	Post_DPBT_Pos.gene30573	acceptor_superclass::Monoterpenoids	acceptor_superclass::Fatty acyls;acceptor_superclass::Phenylethanoids (C6-C2)	0,0,0,0,0,0,0,0,0,1,0,0,0,0,0,0,0,0,0,0,0,0,0	0,0,0,0,1,0,0,0,0,0,0,0,0,0,1,0,0,0,0,0,0,0,0	-0.816658,-0.661445,-0.899099,-1.602874,0.430413,-0.549794,-0.531844,-1.090604,-0.005676,-0.712780,-0.890677,-1.908566,-0.897711,-0.368045,0.170372,-0.075068,-1.616060,-1.253719,-0.894417,-1.080550,-1.562029,-0.689345,-0.680606
Ppat_HCT1_AMK38063.1	Ppat_HCT1_AMK38063.1	acceptor_superclass::Phenolic acids (C6-C1);acceptor_superclass::Saccharides;acceptor_superclass::Small peptides	acceptor_superclass::Phenolic acids (C6-C1)	0,0,0,0,0,0,0,0,0,0,0,0,0,1,0,0,0,1,1,0,0,0,0	0,0,0,0,0,0,0,0,0,0,0,0,0,1,0,0,0,0,0,0,0,0,0	-1.354687,-0.800931,-1.001438,-1.078088,-1.461184,-0.762052,-1.137917,-1.104308,-0.402554,-1.579155,-1.399644,-1.276697,-1.565630,0.484310,-1.015576,-0.635977,-0.936136,-1.134164,-0.221542,-1.435953,-0.369485,-0.946832,-0.753010
Ppat_HCT1_AMK38063.1	Ppat_HCT_AMK38063.1	acceptor_superclass::Fatty Acids and Conjugates;acceptor_superclass::Phenolic acids (C6-C1);acceptor_superclass::Phenylpropanoids (C6-C3);acceptor_superclass::Saccharides	acceptor_superclass::Phenolic acids (C6-C1)	0,0,0,1,0,0,0,0,0,0,0,0,0,1,0,1,0,1,0,0,0,0,0	0,0,0,0,0,0,0,0,0,0,0,0,0,1,0,0,0,0,0,0,0,0,0	-1.354687,-0.800931,-1.001438,-1.078088,-1.461184,-0.762052,-1.137917,-1.104308,-0.402554,-1.579155,-1.399644,-1.276697,-1.565630,0.484310,-1.015576,-0.635977,-0.936136,-1.134164,-0.221542,-1.435953,-0.369485,-0.946832,-0.753010
Pper_AAT1_QEZ90730.1	Pper_AAT1_QEZ90730.1	acceptor_superclass::Fatty acyls	acceptor_superclass::Fatty acyls	0,0,0,0,1,0,0,0,0,0,0,0,0,0,0,0,0,0,0,0,0,0,0	0,0,0,0,1,0,0,0,0,0,0,0,0,0,0,0,0,0,0,0,0,0,0	-0.991530,-1.051360,-0.962236,-0.841569,0.769971,-0.930954,-1.029442,-1.021832,-1.138440,-0.826655,-1.313343,-0.875463,-0.975069,-0.458703,-0.445600,-0.106011,-0.563114,-0.779731,-1.277811,-0.914766,-1.159083,-1.010695,-1.190270
Prad_HCT_ABO52899.1	Prad_HCT_ABO52899.1	acceptor_superclass::Phenolic acids (C6-C1);acceptor_superclass::Small peptides	acceptor_superclass::Phenolic acids (C6-C1);acceptor_superclass::Phenylpropanoids (C6-C3);acceptor_superclass::Small peptides	0,0,0,0,0,0,0,0,0,0,0,0,0,1,0,0,0,0,1,0,0,0,0	0,0,0,0,0,0,0,0,0,0,0,0,0,1,0,1,0,0,1,0,0,0,0	-0.899677,-0.991576,-0.959576,-0.664497,-0.692579,-0.197136,-1.117939,-1.275111,-0.892967,-0.688533,-0.809062,-0.790091,-0.803446,0.748792,-0.472906,0.028285,-1.008622,-1.045945,0.185058,-1.091317,-0.615786,-1.394795,-1.165579
Pscu_HCT2_CBI83579.1	Pscu_HCT2_CBI83579.1	acceptor_superclass::Flavonoids;acceptor_superclass::Phenolic acids (C6-C1);acceptor_superclass::Tyrosine alkaloids	acceptor_superclass::Phenolic acids (C6-C1);acceptor_superclass::Small peptides	0,0,0,0,0,1,0,0,0,0,0,0,0,1,0,0,0,0,0,0,0,0,1	0,0,0,0,0,0,0,0,0,0,0,0,0,1,0,0,0,0,1,0,0,0,0	-0.950473,-1.050982,-0.881916,-0.796619,-0.879154,-0.667363,-0.983713,-0.997211,-1.064453,-0.551959,-0.895650,-0.927753,-0.994320,1.009644,-1.209541,-0.327951,-1.243404,-0.969479,0.672307,-0.903371,-0.611717,-0.739255,-0.300036
Pscu_RAS_CAK55166.1	Pscu_RAS_CAK55166.1		acceptor_superclass::Small peptides;acceptor_superclass::Tyrosine alkaloids	0,0,0,0,0,0,0,0,0,0,0,0,0,0,0,0,0,0,0,0,0,0,0	0,0,0,0,0,0,0,0,0,0,0,0,0,0,0,0,0,0,1,0,0,0,1	-0.826398,-0.883429,-1.155332,-0.621644,-0.790571,-0.491779,-0.995314,-0.560619,-1.010567,-0.573499,-0.858091,-1.062462,-0.795996,-0.056027,-0.674328,-0.619381,-0.840321,-0.999068,0.718204,-0.910247,-0.935084,-0.470099,0.807439
Psom_SALAT_AAK73661.1	Psom_SALAT_AAK73661.1	acceptor_superclass::Tyrosine alkaloids	acceptor_superclass::Monoterpenoids;acceptor_superclass::Triterpenoids	0,0,0,0,0,0,0,0,0,0,0,0,0,0,0,0,0,0,0,0,0,0,1	0,0,0,0,0,0,0,0,0,1,0,0,0,0,0,0,0,0,0,0,1,0,0	-0.562843,-1.058043,-1.428002,-1.269013,-1.132448,-0.770021,-0.704782,-0.732514,-0.918696,0.042359,-0.718309,-0.585478,-0.376598,-1.038902,-1.144073,-0.539395,-1.055776,-0.724695,-1.150209,-0.694950,0.159919,-0.677337,-0.522364
Ptri_BEBT_AJD25145.1	Ptri_BEBT_AJD25145.1		acceptor_superclass::Fatty acyls;acceptor_superclass::Monoterpenoids;acceptor_superclass::Phenylethanoids (C6-C2);acceptor_superclass::Phenylpropanoids (C6-C3)	0,0,0,0,0,0,0,0,0,0,0,0,0,0,0,0,0,0,0,0,0,0,0	0,0,0,0,1,0,0,0,0,1,0,0,0,0,1,1,0,0,0,0,0,0,0	-1.069831,-1.035302,-1.052542,-0.932410,0.504183,-0.657818,-1.085870,-0.809013,-0.662775,0.484757,-1.177712,-1.164637,-1.185318,-1.135522,0.072297,0.351210,-1.052313,-0.803245,-0.936638,-0.999910,-0.586991,-0.871689,-1.088250
Ptri_FHT1_AGJ03151.1	Ptri_FHT1_AGJ03151.1	acceptor_superclass::Fatty Acids and Conjugates;acceptor_superclass::Fatty acyls	acceptor_superclass::Fatty Acids and Conjugates;acceptor_superclass::Fatty acyls	0,0,0,1,1,0,0,0,0,0,0,0,0,0,0,0,0,0,0,0,0,0,0	0,0,0,1,1,0,0,0,0,0,0,0,0,0,0,0,0,0,0,0,0,0,0	-0.898780,-0.894114,-1.009344,1.113705,0.844836,-0.270169,-0.881812,-0.672743,-1.132615,-1.121580,-1.022397,-0.942997,-0.749167,-0.238771,-0.982401,-0.300894,-0.511522,-1.006459,-0.993304,-1.207370,-1.204700,-1.025362,-0.930978
Ptri_HBMT1_PNT60021.1	Ptri_HBMT1_PNT60021.1	acceptor_superclass::Phenylpropanoids (C6-C3)	acceptor_superclass::Fatty acyls;acceptor_superclass::Monoterpenoids;acceptor_superclass::Phenylethanoids (C6-C2);acceptor_superclass::Phenylpropanoids (C6-C3)	0,0,0,0,0,0,0,0,0,0,0,0,0,0,0,1,0,0,0,0,0,0,0	0,0,0,0,1,0,0,0,0,1,0,0,0,0,1,1,0,0,0,0,0,0,0	-1.075696,-0.950948,-1.008822,-0.997402,0.121528,-1.197806,-1.032946,-0.855994,-0.726942,0.125680,-0.717822,-1.219256,-1.075696,-0.916896,0.157614,0.816869,-1.575427,-0.977413,-0.727191,-1.166440,-0.516153,-1.484655,-0.709961
Ptri_HCT6_PNT52620.1	Ptri_HCT6_PNT52620.1	acceptor_superclass::Phenolic acids (C6-C1);acceptor_superclass::Small peptides	acceptor_superclass::Phenolic acids (C6-C1);acceptor_superclass::Small peptides	0,0,0,0,0,0,0,0,0,0,0,0,0,1,0,0,0,0,1,0,0,0,0	0,0,0,0,0,0,0,0,0,0,0,0,0,1,0,0,0,0,1,0,0,0,0	-1.000244,-1.002258,-1.029557,-0.770983,-1.061797,-0.371818,-1.026816,0.000000,-0.798435,-0.887328,-1.003190,-0.938586,-1.026844,0.964922,-1.315807,-0.611133,-0.881169,-0.980429,0.941772,-0.848015,-0.946549,-1.199669,-0.261491
Ptri_HBMT1_PNT60021.1	Ptri_PHBMT1_AJD79571.1	acceptor_superclass::Phenylpropanoids (C6-C3)	acceptor_superclass::Fatty acyls;acceptor_superclass::Monoterpenoids;acceptor_superclass::Phenylpropanoids (C6-C3)	0,0,0,0,0,0,0,0,0,0,0,0,0,0,0,1,0,0,0,0,0,0,0	0,0,0,0,1,0,0,0,0,1,0,0,0,0,0,1,0,0,0,0,0,0,0	-1.033958,-0.926432,-1.034562,-0.926501,0.166941,-1.138338,-1.006278,-0.998309,-0.707447,0.144646,-0.618685,-1.229978,-1.239858,-0.953719,-0.290657,0.756271,-1.486186,-1.133418,-0.518951,-1.560050,-0.621925,-1.559649,-0.758632
Ptri_SABT_AJD25144.1	Ptri_SABT_AJD25144.1	acceptor_superclass::Phenylpropanoids (C6-C3)	acceptor_superclass::Fatty acyls;acceptor_superclass::Monoterpenoids;acceptor_superclass::Phenylethanoids (C6-C2);acceptor_superclass::Phenylpropanoids (C6-C3)	0,0,0,0,0,0,0,0,0,0,0,0,0,0,0,1,0,0,0,0,0,0,0	0,0,0,0,1,0,0,0,0,1,0,0,0,0,1,1,0,0,0,0,0,0,0	-1.020658,-0.904043,-1.057894,-0.989398,0.676122,-0.999632,-0.924911,-1.074190,-0.813417,0.307037,-1.182510,-1.055474,-1.111292,-0.943243,0.141793,0.174943,-0.932696,-1.164908,-0.799963,-0.892064,-1.165049,-0.906258,-0.997803
Pvir_FMT_KAG2630178.1	Pvir_FMT_KAG2630178.1	acceptor_superclass::Phenylpropanoids (C6-C3)	acceptor_superclass::Phenylpropanoids (C6-C3)	0,0,0,0,0,0,0,0,0,0,0,0,0,0,0,1,0,0,0,0,0,0,0	0,0,0,0,0,0,0,0,0,0,0,0,0,0,0,1,0,0,0,0,0,0,0	-1.035734,-1.003231,-0.959502,-1.090211,-0.717573,-1.330894,-1.229077,-1.208611,-0.900016,-0.092654,-1.022069,-0.781436,-1.035278,-0.983800,-0.511458,0.380139,-0.593103,-0.917947,-0.454695,-0.879698,-0.729787,-0.845928,-0.740701
Pvir_HCT1a_BAO20883.1	Pvir_HCT1a_BAO20883.1	acceptor_superclass::Phenolic acids (C6-C1)	acceptor_superclass::Phenolic acids (C6-C1);acceptor_superclass::Small peptides	0,0,0,0,0,0,0,0,0,0,0,0,0,1,0,0,0,0,0,0,0,0,0	0,0,0,0,0,0,0,0,0,0,0,0,0,1,0,0,0,0,1,0,0,0,0	-0.987569,-1.111462,-1.180783,-1.571645,-1.125075,-0.585092,-0.958684,-1.082010,-0.879534,-1.023163,-1.049336,-1.044641,-0.997326,1.469946,-0.667199,-0.206127,-1.051118,-0.884677,0.126770,-0.951361,-0.467939,-1.152138,-0.865799
Pvir_HCT2a_AGM90558.1	Pvir_HCT2a_AGM90558.1	acceptor_superclass::Phenolic acids (C6-C1);acceptor_superclass::Phenylpropanoids (C6-C3);acceptor_superclass::Small peptides	acceptor_superclass::Phenolic acids (C6-C1);acceptor_superclass::Small peptides	0,0,0,0,0,0,0,0,0,0,0,0,0,1,0,1,0,0,1,0,0,0,0	0,0,0,0,0,0,0,0,0,0,0,0,0,1,0,0,0,0,1,0,0,0,0	-0.920532,-1.081104,-1.206402,-0.694318,-1.190089,-0.719260,-0.688296,-0.456793,-1.152984,-0.695771,-0.948342,-0.828936,-0.841461,0.601485,-0.241345,-1.006461,-1.161789,-1.052396,0.039056,-1.228801,-1.220326,-0.712700,-0.834855
Pvir_PMT_KAG2616253.1	Pvir_PMT_KAG2616253.1	acceptor_superclass::Phenylpropanoids (C6-C3)	acceptor_superclass::Monoterpenoids;acceptor_superclass::Phenylethanoids (C6-C2);acceptor_superclass::Phenylpropanoids (C6-C3)	0,0,0,0,0,0,0,0,0,0,0,0,0,0,0,1,0,0,0,0,0,0,0	0,0,0,0,0,0,0,0,0,1,0,0,0,0,1,1,0,0,0,0,0,0,0	-1.001753,-0.765664,-0.918099,-0.833077,-0.011983,-1.196978,-1.115848,-1.013598,-1.177379,0.492605,-0.912532,-1.002037,-1.001753,-1.027231,0.442755,0.953103,-1.077292,-0.900195,-1.049555,-1.115960,-1.465449,-0.781101,-0.641033
Pvul_HHHT_AOX15526.1	Pvul_HHHT_AOX15526.1	acceptor_superclass::Fatty Acids and Conjugates	acceptor_superclass::Phenylpropanoids (C6-C3)	0,0,0,1,0,0,0,0,0,0,0,0,0,0,0,0,0,0,0,0,0,0,0	0,0,0,0,0,0,0,0,0,0,0,0,0,0,0,1,0,0,0,0,0,0,0	-0.819835,-1.079876,-0.922225,-0.601259,-0.952803,-1.004780,-0.843170,0.000000,-1.157529,-0.943748,-0.913900,-0.575638,-0.576614,-0.749810,-0.273980,0.119666,-0.862445,-0.974126,-0.306061,-0.524354,-0.940498,-1.217154,-0.237941
Rcan_SHT_QNO39111.1	Rcan_SHT_QNO39111.1	acceptor_superclass::Ornithine alkaloids	acceptor_superclass::Ornithine alkaloids;acceptor_superclass::Phenolic acids (C6-C1);acceptor_superclass::Pseudoalkaloids;acceptor_superclass::Small peptides	0,0,0,0,0,0,0,0,0,0,0,1,0,0,0,0,0,0,0,0,0,0,0	0,0,0,0,0,0,0,0,0,0,0,1,0,1,0,0,1,0,1,0,0,0,0	-1.209640,-1.042088,-0.802496,-0.485996,-0.938685,-1.073067,-1.095782,-0.722508,-1.124523,-0.896416,-1.044125,0.621338,-0.964021,0.059880,-0.454470,-0.237960,0.145918,-1.021344,0.024291,-1.376971,-0.683657,-1.264383,-1.149116
Rcom_SHT_QNO39108.1	Rcom_SHT_QNO39108.1	acceptor_superclass::Ornithine alkaloids	acceptor_superclass::Ornithine alkaloids	0,0,0,0,0,0,0,0,0,0,0,1,0,0,0,0,0,0,0,0,0,0,0	0,0,0,0,0,0,0,0,0,0,0,1,0,0,0,0,0,0,0,0,0,0,0	-1.136992,-0.952330,-1.019266,-0.839472,-0.634147,-0.734058,-1.253041,-1.242098,-1.141761,-1.215825,-0.916487,0.531936,-1.218791,-0.273467,-0.363845,-0.452454,-0.390298,-1.229713,-0.550047,-1.260180,-0.117759,-1.214561,-0.651189
Rglu_AT1_WEX29776.1	Rglu_AT1_WEX29776.1	acceptor_superclass::Phenylethanoids (C6-C2)	acceptor_superclass::Phenylethanoids (C6-C2)	0,0,0,0,0,0,0,0,0,0,0,0,0,0,1,0,0,0,0,0,0,0,0	0,0,0,0,0,0,0,0,0,0,0,0,0,0,1,0,0,0,0,0,0,0,0	-0.832993,-0.979728,-1.220558,-0.686499,-1.225479,-1.040861,-0.953816,-0.894276,-0.977843,-0.667395,-0.864920,-1.265132,-0.865430,-0.433406,1.034348,-0.744466,-1.286794,-0.876885,-0.356702,-1.196385,-0.611556,-1.167710,-0.732066
Rhyb_AAT1_AAW31948.1	Rhyb_AAT1_AAW31948.1	acceptor_superclass::Fatty acyls;acceptor_superclass::Monoterpenoids;acceptor_superclass::Phenylethanoids (C6-C2)	acceptor_superclass::Cyclic polyketides;acceptor_superclass::Fatty acyls;acceptor_superclass::Monoterpenoids	0,0,0,0,1,0,0,0,0,1,0,0,0,0,1,0,0,0,0,0,0,0,0	0,1,0,0,1,0,0,0,0,1,0,0,0,0,0,0,0,0,0,0,0,0,0	-1.035613,0.116967,-1.134744,-1.267560,0.753730,-1.002431,-0.754399,-1.164104,-0.969899,0.682975,-0.763526,-0.524787,-1.035613,-0.876921,-0.091142,-0.957033,-0.837997,-1.141634,-1.210370,-0.949426,-1.079008,-1.006377,-1.039370
Rser_VS_CAD89104.2	Rser_ACT_CAD89104.2	acceptor_superclass::Tryptophan alkaloids	acceptor_superclass::Tryptophan alkaloids	0,0,0,0,0,0,0,0,0,0,0,0,0,0,0,0,0,0,0,0,0,1,0	0,0,0,0,0,0,0,0,0,0,0,0,0,0,0,0,0,0,0,0,0,1,0	-1.228313,-1.203869,-0.637893,-0.618511,-0.861079,-1.157445,-0.939624,-0.806420,-1.414361,-0.950143,-0.866245,-1.344308,-0.913760,-0.930741,-0.933560,-0.400112,-1.202295,-1.125728,-1.029315,-0.644135,-0.887907,0.921928,-0.575146
Rser_VS_CAD89104.2	Rser_VS_CAD89104.2	acceptor_superclass::Tryptophan alkaloids	acceptor_superclass::Tryptophan alkaloids	0,0,0,0,0,0,0,0,0,0,0,0,0,0,0,0,0,0,0,0,0,1,0	0,0,0,0,0,0,0,0,0,0,0,0,0,0,0,0,0,0,0,0,0,1,0	-1.076432,-1.260442,-0.429069,-0.717625,-0.951199,-0.743017,-0.917973,-0.840942,-1.520413,-0.759806,-0.808689,-1.383116,-0.777852,-0.869984,-1.079838,-0.890437,-1.517680,-1.134271,-1.282613,-0.705182,-1.009910,0.896436,-0.587111
Rser_YAT_PQ801655	Rser_YAT_PQ801655	acceptor_superclass::Tryptophan alkaloids	acceptor_superclass::Tryptophan alkaloids	0,0,0,0,0,0,0,0,0,0,0,0,0,0,0,0,0,0,0,0,0,1,0	0,0,0,0,0,0,0,0,0,0,0,0,0,0,0,0,0,0,0,0,0,1,0	-0.978016,-0.952451,-0.080426,-0.745869,-0.626999,-0.832652,-0.981304,-0.734795,-1.266017,-0.267958,-0.717872,-0.849687,-0.896341,-1.246990,-0.656243,-0.089619,-0.929793,-0.979925,-0.516737,-0.642978,-0.574105,0.205358,-0.600378
Sbic_COSY_OQU75851.1	Sbic_COSY_OQU75851.1			0,0,0,0,0,0,0,0,0,0,0,0,0,0,0,0,0,0,0,0,0,0,0	0,0,0,0,0,0,0,0,0,0,0,0,0,0,0,0,0,0,0,0,0,0,0	-0.811267,-0.829275,-1.087165,-0.615076,-0.929282,-0.627282,-1.304835,-0.625273,-1.011504,-1.188979,-0.835249,-0.272766,-0.811267,-0.556746,-1.503541,-0.727944,-0.578891,-0.630230,-0.822419,-0.992858,-1.247970,-0.283908,-0.811979
Sbic_FMT_EES15804.1	Sbic_FMT_EES15804.1	acceptor_superclass::Phenylpropanoids (C6-C3)	acceptor_superclass::Phenylpropanoids (C6-C3)	0,0,0,0,0,0,0,0,0,0,0,0,0,0,0,1,0,0,0,0,0,0,0	0,0,0,0,0,0,0,0,0,0,0,0,0,0,0,1,0,0,0,0,0,0,0	-0.774792,-1.077965,-0.828110,-1.153459,-1.034020,-0.862306,-1.092109,-1.058525,-0.789837,-0.801867,-0.977256,-0.676383,-0.774792,-1.002451,-0.429257,0.842730,-0.372266,-0.960004,-0.742849,-1.029954,-0.667383,-1.170143,-1.025869
Sbic_HCT_EES05411.1	Sbic_HCT_EES05411.1	acceptor_superclass::Phenolic acids (C6-C1)	acceptor_superclass::Phenolic acids (C6-C1);acceptor_superclass::Phenylpropanoids (C6-C3);acceptor_superclass::Small peptides	0,0,0,0,0,0,0,0,0,0,0,0,0,1,0,0,0,0,0,0,0,0,0	0,0,0,0,0,0,0,0,0,0,0,0,0,1,0,1,0,0,1,0,0,0,0	-1.100918,-1.033269,-1.262662,-0.662216,-0.944305,-0.819322,-0.991394,0.000000,-1.006135,-0.836229,-1.116988,-0.530461,-0.977216,0.762823,-0.474929,0.314246,-0.789463,-1.046644,0.738871,-1.377802,-1.074633,-0.841785,-0.492950
Sbic_PMT_EES17668.1	Sbic_PMT_EES17668.1	acceptor_superclass::Phenylpropanoids (C6-C3)	acceptor_superclass::Phenylpropanoids (C6-C3)	0,0,0,0,0,0,0,0,0,0,0,0,0,0,0,1,0,0,0,0,0,0,0	0,0,0,0,0,0,0,0,0,0,0,0,0,0,0,1,0,0,0,0,0,0,0	-1.221549,-0.719810,-0.627141,-0.838252,-0.529915,-0.938489,-0.942245,0.000000,-0.814013,-0.092690,-1.491161,-1.121286,-1.196587,-0.686491,-0.036356,0.426508,-1.199679,-1.032250,-1.043581,-1.157667,-0.826160,-0.786436,-0.648776
Sche_AAT10422_BCJ78482.1	Sche_AAT10422_BCJ78482.1	acceptor_superclass::Fatty acyls	acceptor_superclass::Fatty acyls;acceptor_superclass::Phenylethanoids (C6-C2)	0,0,0,0,1,0,0,0,0,0,0,0,0,0,0,0,0,0,0,0,0,0,0	0,0,0,0,1,0,0,0,0,0,0,0,0,0,1,0,0,0,0,0,0,0,0	-1.054866,-1.059649,-0.925672,-0.706484,1.071757,-1.099527,-0.863267,-1.055012,-0.854736,-0.558037,-1.067075,-1.001696,-0.872798,-1.219439,0.229353,-0.614028,-1.393333,-1.074292,-1.016283,-0.869320,-1.355351,-0.923011,-0.962853
Schi_CFAT_URQ03862.1	Schi_CFAT_URQ03862.1	acceptor_superclass::Lignans;acceptor_superclass::Phenylpropanoids (C6-C3)	acceptor_superclass::Phenylpropanoids (C6-C3)	0,0,0,0,0,0,0,1,0,0,0,0,0,0,0,1,0,0,0,0,0,0,0	0,0,0,0,0,0,0,0,0,0,0,0,0,0,0,1,0,0,0,0,0,0,0	-1.051563,-1.363362,-0.402389,-1.399934,-1.089156,-0.483344,-0.988119,0.000000,-0.638745,-0.343028,-0.722668,-1.226627,-1.250713,-1.421730,-0.378015,0.547269,-1.028684,-1.393425,-0.631041,-0.757986,-0.677135,-1.004649,-0.153992
Schm_AAT11306_BCJ78485.1	Schm_AAT11306_BCJ78485.1	acceptor_superclass::Fatty acyls	acceptor_superclass::Fatty acyls	0,0,0,0,1,0,0,0,0,0,0,0,0,0,0,0,0,0,0,0,0,0,0	0,0,0,0,1,0,0,0,0,0,0,0,0,0,0,0,0,0,0,0,0,0,0	-0.931815,-0.967995,-0.849786,-1.018407,0.377880,-0.668848,-0.993074,0.000000,-0.852487,-0.575198,-1.026182,-0.795874,-1.010426,-1.339171,-0.290233,-0.544010,-0.780119,-0.679191,-1.095510,-1.088689,-1.050195,-0.756538,-1.223541
Scru_3MAT_AAO38058	Scru_3MAT_AAO38058		acceptor_superclass::Flavonoids	0,0,0,0,0,0,0,0,0,0,0,0,0,0,0,0,0,0,0,0,0,0,0	0,0,0,0,0,1,0,0,0,0,0,0,0,0,0,0,0,0,0,0,0,0,0	-0.554189,-0.779339,-0.915825,-1.027851,-0.658228,0.958223,-0.668087,-1.227980,-1.240475,-0.903307,-0.532351,-0.965762,-0.554189,-1.211215,-0.476198,-1.051350,-1.045975,-1.206436,-1.056189,-0.830217,-1.030567,-0.869507,-0.985384
Sfal_HFT-like_KAH8954438.1	Sfal_HFT-like_KAH8954438.1	acceptor_superclass::Fatty Acids and Conjugates;acceptor_superclass::Fatty acyls	acceptor_superclass::Tyrosine alkaloids	0,0,0,1,1,0,0,0,0,0,0,0,0,0,0,0,0,0,0,0,0,0,0	0,0,0,0,0,0,0,0,0,0,0,0,0,0,0,0,0,0,0,0,0,0,1	-1.156468,-1.268260,-1.079605,-0.188761,-0.569643,-0.067094,-1.295160,-0.573346,-0.445643,-0.649501,-1.090575,-0.228318,-1.156468,-1.312550,-1.187349,-1.466750,-0.249092,-0.984470,-0.575963,-0.973513,-1.380374,-0.283929,0.122341
Sgal_AAT10483_BCJ78483.1	Sgal_AAT10483_BCJ78483.1	acceptor_superclass::Fatty acyls	acceptor_superclass::Fatty acyls;acceptor_superclass::Phenylethanoids (C6-C2)	0,0,0,0,1,0,0,0,0,0,0,0,0,0,0,0,0,0,0,0,0,0,0	0,0,0,0,1,0,0,0,0,0,0,0,0,0,1,0,0,0,0,0,0,0,0	-1.109453,-0.901626,-1.130127,-0.902681,1.025949,-1.216652,-0.904069,-1.096728,-0.860896,-0.596807,-1.245134,-1.064915,-1.109453,-1.106167,0.039767,-0.596240,-1.079062,-1.061807,-0.882392,-1.015932,-1.380327,-0.805051,-1.185946
Sgla_HQT1_WYJ75404.1	Sgla_HQT1_WYJ75404.1	acceptor_superclass::Phenolic acids (C6-C1);acceptor_superclass::Small peptides	acceptor_superclass::Phenolic acids (C6-C1)	0,0,0,0,0,0,0,0,0,0,0,0,0,1,0,0,0,0,1,0,0,0,0	0,0,0,0,0,0,0,0,0,0,0,0,0,1,0,0,0,0,0,0,0,0,0	-0.849467,-1.218452,-1.299253,-0.973102,-0.844873,-0.211827,-0.906391,0.000000,-0.925663,-1.216305,-0.738171,-0.763950,-0.758334,1.031978,-1.206432,-0.190505,-0.629546,-1.127242,-0.138155,-1.021644,-0.992894,-0.776136,-1.291373
Sgla_HQT2_WYJ75406.1	Sgla_HQT2_WYJ75406.1	acceptor_superclass::Phenolic acids (C6-C1)	acceptor_superclass::Phenolic acids (C6-C1)	0,0,0,0,0,0,0,0,0,0,0,0,0,1,0,0,0,0,0,0,0,0,0	0,0,0,0,0,0,0,0,0,0,0,0,0,1,0,0,0,0,0,0,0,0,0	-1.066957,-0.981386,-0.876743,-1.256526,-0.737058,-0.706323,-1.023155,-1.501562,-0.880331,-0.908739,-1.103459,-0.690538,-1.329469,0.879778,-1.173078,-1.325397,-0.792662,-0.796050,-0.335982,-0.919992,-0.244932,-0.825233,-0.699340
Sgla_HST_WYJ75403.1	Sgla_HST_WYJ75403.1	acceptor_superclass::Phenolic acids (C6-C1);acceptor_superclass::Small peptides	acceptor_superclass::Phenolic acids (C6-C1)	0,0,0,0,0,0,0,0,0,0,0,0,0,1,0,0,0,0,1,0,0,0,0	0,0,0,0,0,0,0,0,0,0,0,0,0,1,0,0,0,0,0,0,0,0,0	-1.148088,-1.202112,-0.976379,-1.240907,-1.244000,-0.431183,-1.018041,-1.032512,-0.880976,-0.965946,-1.182984,-1.179394,-1.163867,1.121284,-1.009696,-1.275954,-1.194845,-0.765048,-0.159511,-0.874267,-0.356617,-1.201444,-0.696420
Sgla_RAS_WYJ75405.1	Sgla_RAS_WYJ75405.1	acceptor_superclass::Phenolic acids (C6-C1);acceptor_superclass::Small peptides;acceptor_superclass::Tyrosine alkaloids	acceptor_superclass::Phenolic acids (C6-C1);acceptor_superclass::Phenylpropanoids (C6-C3);acceptor_superclass::Tyrosine alkaloids	0,0,0,0,0,0,0,0,0,0,0,0,0,1,0,0,0,0,1,0,0,0,1	0,0,0,0,0,0,0,0,0,0,0,0,0,1,0,1,0,0,0,0,0,0,1	-0.913435,-1.095723,-1.071901,-1.184653,-1.239978,-0.129254,-1.125206,-0.363803,-1.165772,-0.997457,-1.183652,-0.665795,-0.913435,0.571647,-0.323602,0.582122,-0.920572,-1.359877,-1.687981,-0.740101,-0.379964,-0.898413,0.317863
Shab_AAT11777_BCJ78486.1	Shab_AAT11777_BCJ78486.1	acceptor_superclass::Fatty acyls	acceptor_superclass::Fatty acyls	0,0,0,0,1,0,0,0,0,0,0,0,0,0,0,0,0,0,0,0,0,0,0	0,0,0,0,1,0,0,0,0,0,0,0,0,0,0,0,0,0,0,0,0,0,0	-1.072654,-0.912164,-1.155648,-1.031964,1.000982,-1.076558,-0.926940,-1.046815,-0.943316,-0.542946,-1.149813,-0.858922,-0.982545,-1.116609,-0.521822,-0.667840,-1.136504,-0.941727,-0.983443,-1.015259,-1.118093,-0.857794,-0.570604
Shab_ASAT2_ALU64009.1	Shab_ASAT2_ALU64009.1			0,0,0,0,0,0,0,0,0,0,0,0,0,0,0,0,0,0,0,0,0,0,0	0,0,0,0,0,0,0,0,0,0,0,0,0,0,0,0,0,0,0,0,0,0,0	-0.959804,-0.943928,-0.819231,-0.826443,-0.788090,-1.108587,-1.000722,-0.933671,-0.583981,-2.200938,-1.103408,-1.187567,-0.959804,-0.790936,-1.316712,-1.224585,-0.801649,-0.693811,-0.790671,-1.264946,-0.922787,-1.123797,-0.920556
Shab_ASAT3-F_AJF98584.1	Shab_ASAT3-F_AJF98584.1			0,0,0,0,0,0,0,0,0,0,0,0,0,0,0,0,0,0,0,0,0,0,0	0,0,0,0,0,0,0,0,0,0,0,0,0,0,0,0,0,0,0,0,0,0,0	-0.825337,-1.011027,-0.360674,-0.826051,-0.982257,-1.019641,-1.124467,-1.078757,-1.041137,-0.899953,-0.839725,-1.225697,-0.701927,-1.378510,-0.812115,-0.520965,-0.475339,-0.473687,-0.701250,-0.803704,-0.825298,-1.539105,-1.518180
Shab_ASAT3-P_AJF98591.1	Shab_ASAT3-P_AJF98591.1			0,0,0,0,0,0,0,0,0,0,0,0,0,0,0,0,0,0,0,0,0,0,0	0,0,0,0,0,0,0,0,0,0,0,0,0,0,0,0,0,0,0,0,0,0,0	-0.890167,-1.044456,-0.596121,-1.085051,-1.170928,-0.794186,-0.972861,-0.857802,-1.091270,-0.454176,-0.781184,-1.094345,-0.890167,-1.075770,-0.542356,-0.305206,-1.195916,-0.469398,-0.989913,-0.887316,-0.338395,-0.857843,-0.750463
Sind_AT1_BEE35702.1	Sind_AT1_BEE35702.1	acceptor_superclass::Phenylethanoids (C6-C2)	acceptor_superclass::Phenylethanoids (C6-C2)	0,0,0,0,0,0,0,0,0,0,0,0,0,0,1,0,0,0,0,0,0,0,0	0,0,0,0,0,0,0,0,0,0,0,0,0,0,1,0,0,0,0,0,0,0,0	-0.802016,-0.918355,-0.834344,-0.463935,-1.011743,-1.132561,-0.831052,-0.931565,-1.057150,-0.556885,-0.965739,-0.883698,-0.802016,-0.676474,0.979108,-0.707789,-1.169039,-0.914255,-0.729448,-0.937086,-1.123781,-0.973216,-0.860043
Sind_AT2_BEE35703.1	Sind_AT2_BEE35703.1	acceptor_superclass::Phenylethanoids (C6-C2)	acceptor_superclass::Phenylethanoids (C6-C2)	0,0,0,0,0,0,0,0,0,0,0,0,0,0,1,0,0,0,0,0,0,0,0	0,0,0,0,0,0,0,0,0,0,0,0,0,0,1,0,0,0,0,0,0,0,0	-0.797826,-0.773094,-0.986543,-0.589024,-0.785520,-1.125357,-1.085539,-1.253707,-1.004160,-0.411946,-0.890661,-0.361799,-0.797826,-0.336478,0.214745,-0.816025,-0.546887,-1.095281,-0.869848,-1.027914,-1.369483,-1.259438,-1.375473
Sind_AT1_BEE35702.1	Sind_SHCT_XP_011083883.1	acceptor_superclass::Phenylethanoids (C6-C2)	acceptor_superclass::Phenylethanoids (C6-C2)	0,0,0,0,0,0,0,0,0,0,0,0,0,0,1,0,0,0,0,0,0,0,0	0,0,0,0,0,0,0,0,0,0,0,0,0,0,1,0,0,0,0,0,0,0,0	-0.850051,-1.100166,-0.824585,-0.596959,-0.927239,-1.171565,-0.662674,0.000000,-1.036899,-0.554052,-0.972853,-0.907975,-0.910628,-0.539423,1.040931,-1.016059,-1.130776,-0.936089,-0.464454,-1.023400,-1.033788,-1.019660,-0.655756
Slyc_AAT1_XP_004244681.1	Slyc_AAT1_XP_004244681.1	acceptor_superclass::Fatty acyls;acceptor_superclass::Phenylethanoids (C6-C2)	acceptor_superclass::Diterpenoids;acceptor_superclass::Ornithine alkaloids;acceptor_superclass::Phenolic acids (C6-C1);acceptor_superclass::Phenylethanoids (C6-C2);acceptor_superclass::Pseudoalkaloids;acceptor_superclass::Saccharides;acceptor_superclass::Small peptides	0,0,0,0,1,0,0,0,0,0,0,0,0,0,1,0,0,0,0,0,0,0,0	0,0,1,0,0,0,0,0,0,0,0,1,0,1,1,0,1,1,1,0,0,0,0	-1.032818,-1.012395,0.235343,-1.960540,-0.153532,-0.286819,-1.727444,0.000000,-0.707718,-1.601876,-0.503424,0.595907,-0.738473,1.345877,1.015128,-0.548244,0.639117,0.726384,0.736049,-0.998908,-0.889300,-1.302644,-2.166463
Slyc_PHT1_UTQ10234.1	Slyc_ACT2_XP_004251197.1	acceptor_superclass::Ornithine alkaloids;acceptor_superclass::Pseudoalkaloids	acceptor_superclass::Ornithine alkaloids;acceptor_superclass::Pseudoalkaloids	0,0,0,0,0,0,0,0,0,0,0,1,0,0,0,0,1,0,0,0,0,0,0	0,0,0,0,0,0,0,0,0,0,0,1,0,0,0,0,1,0,0,0,0,0,0	-1.118794,-1.000967,-0.727870,-0.323232,-0.335088,-0.917407,-1.206285,-0.734897,-1.034546,-0.876306,-0.998228,0.749543,-1.118794,-1.010271,-0.846394,-0.956680,0.829395,-0.840614,-0.807653,-1.079936,-0.570103,-1.013124,-1.000554
Slyc_ASAT1_NP_001316332.1	Slyc_ASAT1_NP_001316332.1	acceptor_superclass::Saccharides	acceptor_superclass::Saccharides	0,0,0,0,0,0,0,0,0,0,0,0,0,0,0,0,0,1,0,0,0,0,0	0,0,0,0,0,0,0,0,0,0,0,0,0,0,0,0,0,1,0,0,0,0,0	-0.988409,-1.081604,-1.115250,-1.346151,-1.434803,-1.125348,-1.199026,-1.155324,-0.951774,-1.502046,-1.062836,-1.017042,-0.933070,-1.114625,-1.302402,-1.754770,-0.910397,0.900795,-0.798334,-0.500848,-0.935479,-0.895020,-0.611508
Slyc_ASAT2_ALU64015.1	Slyc_ASAT2_ALU64015.1			0,0,0,0,0,0,0,0,0,0,0,0,0,0,0,0,0,0,0,0,0,0,0	0,0,0,0,0,0,0,0,0,0,0,0,0,0,0,0,0,0,0,0,0,0,0	-1.098302,-0.673597,-1.390587,-1.184832,-0.685453,-0.710317,-1.041771,-1.097149,-0.701195,-0.915823,-0.957888,-0.868735,-1.006458,-0.905117,-0.917545,-0.769385,-1.114168,-0.456695,-0.913176,-1.646645,-0.787779,-1.041110,-0.863730
Slyc_ASAT3_AJF98582.1	Slyc_ASAT3_AJF98582.1			0,0,0,0,0,0,0,0,0,0,0,0,0,0,0,0,0,0,0,0,0,0,0	0,0,0,0,0,0,0,0,0,0,0,0,0,0,0,0,0,0,0,0,0,0,0	-1.132529,-1.017002,-0.756933,-1.229032,-1.210723,-1.211114,-1.154794,-1.213277,-0.871615,-1.219471,-0.880114,-0.797270,-0.903423,-1.260884,-0.659283,-1.129569,-0.637183,-0.862726,-0.969855,-1.038329,-1.196456,-1.418545,-1.147449
Slyc_ASAT4_AFM77971.1	Slyc_ASAT4_AFM77971.1		acceptor_superclass::Monoterpenoids;acceptor_superclass::Phenylethanoids (C6-C2);acceptor_superclass::Phenylpropanoids (C6-C3)	0,0,0,0,0,0,0,0,0,0,0,0,0,0,0,0,0,0,0,0,0,0,0	0,0,0,0,0,0,0,0,0,1,0,0,0,0,1,1,0,0,0,0,0,0,0	-1.133953,-0.501806,-1.632422,-1.347299,-0.267781,-1.084195,-1.229574,-1.286797,-1.636624,0.136188,-1.313910,-0.069969,-0.947106,-0.640359,0.208126,0.397251,-0.697950,-1.020010,-1.203771,-0.336628,-0.811988,-0.934613,-0.651740
Slyc_GAME36_XP_004246214.1	Slyc_GAME36_XP_004246214.1	acceptor_superclass::Pseudoalkaloids	acceptor_superclass::Diterpenoids	0,0,0,0,0,0,0,0,0,0,0,0,0,0,0,0,1,0,0,0,0,0,0	0,0,1,0,0,0,0,0,0,0,0,0,0,0,0,0,0,0,0,0,0,0,0	-0.866027,-1.068265,0.251382,-0.193382,-0.527514,-1.346841,-0.488476,-0.526161,-1.026987,-0.664321,-0.050902,-1.869201,-0.866027,-0.560743,-1.765922,-0.758043,-1.784681,-1.025487,-1.453764,-0.746116,-1.091729,-0.691684,-1.132832
Slyc_HCT_XP_004235891.1	Slyc_HCT_XP_004235891.1	acceptor_superclass::Flavonoids;acceptor_superclass::Monoterpenoids;acceptor_superclass::Phenolic acids (C6-C1);acceptor_superclass::Triterpenoids;acceptor_superclass::Tyrosine alkaloids	acceptor_superclass::Phenolic acids (C6-C1);acceptor_superclass::Phenylpropanoids (C6-C3)	0,0,0,0,0,1,0,0,0,1,0,0,0,1,0,0,0,0,0,0,1,0,1	0,0,0,0,0,0,0,0,0,0,0,0,0,1,0,1,0,0,0,0,0,0,0	-0.993278,-1.106912,-0.973275,-0.839670,-0.887642,-0.594822,-1.000812,0.000000,-1.159583,-1.239691,-0.951669,-0.720114,-0.973198,0.871757,-1.140235,0.152120,-0.951644,-1.067690,-0.064467,-0.979031,-1.177344,-0.913703,-0.306569
Slyc_HQT_CAE46933.1	Slyc_HQT_CAE46933.1	acceptor_superclass::Phenolic acids (C6-C1);acceptor_superclass::Phenylpropanoids (C6-C3)	acceptor_superclass::Phenolic acids (C6-C1);acceptor_superclass::Phenylpropanoids (C6-C3)	0,0,0,0,0,0,0,0,0,0,0,0,0,1,0,1,0,0,0,0,0,0,0	0,0,0,0,0,0,0,0,0,0,0,0,0,1,0,1,0,0,0,0,0,0,0	-1.025346,-0.814980,-0.974039,-1.094534,-0.579193,-0.944840,-0.970285,0.000000,-1.151141,-1.023762,-0.922808,-1.092664,-0.992789,1.165604,-0.538520,0.793352,-1.273027,-1.036283,-0.741232,-1.031880,-0.876205,-1.043169,-1.259931
Slyc_PHT1_UTQ10234.1	Slyc_PHT1_UTQ10234.1	acceptor_superclass::Ornithine alkaloids;acceptor_superclass::Pseudoalkaloids	acceptor_superclass::Ornithine alkaloids;acceptor_superclass::Pseudoalkaloids	0,0,0,0,0,0,0,0,0,0,0,1,0,0,0,0,1,0,0,0,0,0,0	0,0,0,0,0,0,0,0,0,0,0,1,0,0,0,0,1,0,0,0,0,0,0	-1.113083,-0.961921,-0.681035,-0.464188,-0.458425,-0.921896,-1.172570,0.000000,-0.998985,-1.118327,-0.968737,0.876178,-1.119466,-1.136450,-0.812796,-0.944076,0.863557,-0.994038,-0.782133,-1.085574,-0.902605,-1.191354,-0.970233
Slyc_PHT2_UTQ10235.1	Slyc_PHT2_UTQ10235.1	acceptor_superclass::Ornithine alkaloids;acceptor_superclass::Pseudoalkaloids	acceptor_superclass::Ornithine alkaloids;acceptor_superclass::Pseudoalkaloids	0,0,0,0,0,0,0,0,0,0,0,1,0,0,0,0,1,0,0,0,0,0,0	0,0,0,0,0,0,0,0,0,0,0,1,0,0,0,0,1,0,0,0,0,0,0	-1.071305,-0.984106,-0.805695,-0.343878,-0.368201,-0.933674,-0.972134,-0.940852,-0.976119,-1.070081,-0.837446,1.170285,-0.972826,-1.143506,-0.908152,-1.258926,1.302738,-1.023050,-1.134053,-1.231317,-0.963137,-1.174422,-1.423542
Slyc_SHT_QNO39109.1	Slyc_SHT_QNO39109.1	acceptor_superclass::Ornithine alkaloids	acceptor_superclass::Ornithine alkaloids;acceptor_superclass::Phenolic acids (C6-C1);acceptor_superclass::Pseudoalkaloids	0,0,0,0,0,0,0,0,0,0,0,1,0,0,0,0,0,0,0,0,0,0,0	0,0,0,0,0,0,0,0,0,0,0,1,0,1,0,0,1,0,0,0,0,0,0	-1.075274,-0.804177,-1.026263,-0.791585,-0.775515,-1.064829,-1.258954,-0.997272,-1.155287,-1.326750,-1.119971,0.761180,-1.075274,0.026247,-1.161261,-1.051549,0.666889,-1.018729,-0.386621,-0.997965,-0.746156,-0.788949,-0.962633
Smel_SHT_AKP24035.1	Smel_SHT_AKP24035.1	acceptor_superclass::Ornithine alkaloids	acceptor_superclass::Ornithine alkaloids	0,0,0,0,0,0,0,0,0,0,0,1,0,0,0,0,0,0,0,0,0,0,0	0,0,0,0,0,0,0,0,0,0,0,1,0,0,0,0,0,0,0,0,0,0,0	-0.951645,-0.587419,-0.089167,-1.187678,-0.883407,-0.997359,-0.957203,-0.946982,-1.522712,-0.485609,-0.995340,0.736648,-1.179545,-0.704072,-0.664742,-0.648419,-0.433309,-1.297207,-0.858568,-0.675864,-0.517097,-0.999296,-1.026668
Smoe_HCT1a_XP_002979061.1	Smoe_HCT1a_XP_002979061.1	acceptor_superclass::Flavonoids;acceptor_superclass::Phenolic acids (C6-C1);acceptor_superclass::Small peptides	acceptor_superclass::Phenolic acids (C6-C1);acceptor_superclass::Small peptides	0,0,0,0,0,1,0,0,0,0,0,0,0,1,0,0,0,0,1,0,0,0,0	0,0,0,0,0,0,0,0,0,0,0,0,0,1,0,0,0,0,1,0,0,0,0	-0.949230,-0.931012,-1.076115,-0.662597,-1.005081,-1.207044,-1.001599,-0.508933,-1.072596,-0.644306,-1.036032,-1.216587,-0.949230,1.101571,-0.935651,-0.496149,-0.785563,-1.024618,0.227938,-1.140177,-0.893690,-0.744999,-0.876360
Sneo_AAT10247_BCJ78484.1	Sneo_AAT10247_BCJ78484.1	acceptor_superclass::Fatty acyls	acceptor_superclass::Fatty acyls	0,0,0,0,1,0,0,0,0,0,0,0,0,0,0,0,0,0,0,0,0,0,0	0,0,0,0,1,0,0,0,0,0,0,0,0,0,0,0,0,0,0,0,0,0,0	-0.828441,-0.992366,-1.036918,-0.739594,0.686302,-1.077779,-1.023715,-1.374817,-0.880231,-0.710476,-0.975038,-0.932745,-0.828441,-1.042027,-0.147215,-1.005892,-0.868667,-0.985977,-0.851625,-0.949795,-1.211579,-0.954223,-1.333426
Snig_AGAT1_WES72146.1	Snig_AGAT1_WES72146.1		acceptor_superclass::Flavonoids	0,0,0,0,0,0,0,0,0,0,0,0,0,0,0,0,0,0,0,0,0,0,0	0,0,0,0,0,1,0,0,0,0,0,0,0,0,0,0,0,0,0,0,0,0,0	-0.548658,-0.812701,-0.763476,-1.187428,-0.545801,0.183799,-0.959865,0.000000,-1.164248,-0.557178,-0.523468,-0.820224,-0.322330,-0.689570,-0.579864,-0.374077,-1.077032,-1.221491,-1.548621,-1.367296,-0.298358,-0.438606,-1.524712
Snig_ASAT1_ART34015.1	Snig_ASAT1_ART34015.1	acceptor_superclass::Saccharides	acceptor_superclass::Saccharides	0,0,0,0,0,0,0,0,0,0,0,0,0,0,0,0,0,1,0,0,0,0,0	0,0,0,0,0,0,0,0,0,0,0,0,0,0,0,0,0,1,0,0,0,0,0	-0.988375,-0.931219,-1.125983,-0.895170,-1.089001,-1.262234,-0.741107,-1.009468,-1.064955,-1.224602,-0.760491,-1.404352,-0.988375,-0.728099,-1.209944,-1.507561,-1.181990,0.027366,-1.283641,-1.113975,-0.824579,-0.500044,-0.707344
Snig_ASAT2_WES72145.1	Snig_ASAT2_WES72145.1			0,0,0,0,0,0,0,0,0,0,0,0,0,0,0,0,0,0,0,0,0,0,0	0,0,0,0,0,0,0,0,0,0,0,0,0,0,0,0,0,0,0,0,0,0,0	-1.033470,-0.906192,-0.952801,-1.096432,-0.563838,-0.823173,-0.910434,-1.119490,-0.556775,-1.535870,-0.741195,-0.874419,-1.033470,-1.241543,-0.469045,-0.915225,-0.619215,-0.345187,-0.660922,-1.321239,-1.441585,-0.797562,-0.391730
Snux_AT_UQZ09626.1	Snux_AT_UQZ09626.1	acceptor_superclass::Tryptophan alkaloids	acceptor_superclass::Tryptophan alkaloids	0,0,0,0,0,0,0,0,0,0,0,0,0,0,0,0,0,0,0,0,0,1,0	0,0,0,0,0,0,0,0,0,0,0,0,0,0,0,0,0,0,0,0,0,1,0	-1.197359,-1.199057,-0.040114,-1.202066,-1.102011,-1.153737,-1.018542,-0.675873,-0.964860,-0.280605,-1.381381,-0.826311,-1.197359,-1.310358,-0.987067,-0.706445,-1.186864,-0.880532,-0.784895,-0.875641,-0.293484,0.872552,-0.661318
Soff_AAT1_BDW80084.1	Soff_AAT1_BDW80084.1	acceptor_superclass::Naphthalenes	acceptor_superclass::Fatty acyls;acceptor_superclass::Monoterpenoids;acceptor_superclass::Naphthalenes	0,0,0,0,0,0,0,0,0,0,1,0,0,0,0,0,0,0,0,0,0,0,0	0,0,0,0,1,0,0,0,0,1,1,0,0,0,0,0,0,0,0,0,0,0,0	-0.939750,-0.943830,-1.216085,-0.807817,0.121924,-1.064773,-1.157993,-1.360247,-1.146157,0.246009,0.676231,-0.157416,-1.010891,-1.200280,-0.663802,-0.669366,-0.309991,-0.865014,-1.187884,-1.188687,-0.844807,-0.676794,-0.516705
Sole_SOAP10_KNA12459.1	Sole_SOAP10_KNA12459.1	acceptor_superclass::Triterpenoids	acceptor_superclass::Monoterpenoids;acceptor_superclass::Phenylethanoids (C6-C2);acceptor_superclass::Phenylpropanoids (C6-C3)	0,0,0,0,0,0,0,0,0,0,0,0,0,0,0,0,0,0,0,0,1,0,0	0,0,0,0,0,0,0,0,0,1,0,0,0,0,1,1,0,0,0,0,0,0,0	-1.284228,-0.856863,-0.351516,-0.590179,-0.585809,-2.108531,-1.602941,0.000000,-0.772342,0.018860,-1.597924,-0.299274,-0.937597,-0.836557,0.750655,0.105915,-1.270031,-0.435163,-1.464749,-1.203191,-1.386365,-0.201698,-0.899064
Some_HCT_EFJ20018.1	Some_HCT_EFJ20018.1	acceptor_superclass::Phenolic acids (C6-C1)	acceptor_superclass::Flavonoids;acceptor_superclass::Phenolic acids (C6-C1);acceptor_superclass::Small peptides	0,0,0,0,0,0,0,0,0,0,0,0,0,1,0,0,0,0,0,0,0,0,0	0,0,0,0,0,1,0,0,0,0,0,0,0,1,0,0,0,0,1,0,0,0,0	-0.959837,-0.973092,-1.089006,-0.765707,-1.458398,0.575774,-1.002009,-0.434426,-0.792902,-0.729520,-1.033498,-1.145968,-1.015558,1.032320,-1.153196,-0.099657,-1.010347,-0.960491,0.987919,-1.058801,-0.853470,-0.714060,-0.549917
Spen_AAT12560_BCJ78487.1	Spen_AAT12560_BCJ78487.1	acceptor_superclass::Fatty acyls	acceptor_superclass::Fatty acyls	0,0,0,0,1,0,0,0,0,0,0,0,0,0,0,0,0,0,0,0,0,0,0	0,0,0,0,1,0,0,0,0,0,0,0,0,0,0,0,0,0,0,0,0,0,0	-0.922843,-0.978768,-0.686879,-1.113805,0.724445,-0.700181,-0.972570,-1.464992,-0.869699,-0.663273,-0.904379,-0.607932,-0.873922,-0.929005,-0.488803,-0.715188,-0.865903,-0.978308,-0.891564,-1.357773,-0.811963,-1.063410,-1.266781
Spen_AAT1_AIW04708.1	Spen_AAT1_AIW04708.1	acceptor_superclass::Fatty acyls;acceptor_superclass::Phenylethanoids (C6-C2)	acceptor_superclass::Fatty acyls	0,0,0,0,1,0,0,0,0,0,0,0,0,0,1,0,0,0,0,0,0,0,0	0,0,0,0,1,0,0,0,0,0,0,0,0,0,0,0,0,0,0,0,0,0,0	-0.932612,-1.014324,-0.950750,-0.906745,1.136656,-0.833094,-0.928557,-1.449371,-1.086059,-0.546999,-0.965789,-0.852950,-0.825489,-1.309394,-0.582743,-0.874843,-1.306210,-0.929673,-1.022579,-1.044122,-0.967938,-0.950540,-1.122053
Spen_ASAT2_ALU64005.1	Spen_ASAT2_ALU64005.1			0,0,0,0,0,0,0,0,0,0,0,0,0,0,0,0,0,0,0,0,0,0,0	0,0,0,0,0,0,0,0,0,0,0,0,0,0,0,0,0,0,0,0,0,0,0	-1.113368,-0.972705,-0.812951,-1.206819,-0.780656,-1.270355,-1.051412,0.000000,-0.863947,-1.093627,-1.173821,-0.703000,-1.054571,-0.657989,-1.193383,-0.958394,-0.884070,-0.545690,-0.690549,-1.414259,-0.619837,-0.851295,-0.812232
Spen_ASAT3_AJF98583.1	Spen_ASAT3_AJF98583.1			0,0,0,0,0,0,0,0,0,0,0,0,0,0,0,0,0,0,0,0,0,0,0	0,0,0,0,0,0,0,0,0,0,0,0,0,0,0,0,0,0,0,0,0,0,0	-0.738169,-1.146016,-0.763814,-0.982978,-0.934975,-1.117084,-1.170052,-1.188180,-1.126878,-0.853954,-0.482967,-0.964240,-0.707039,-1.229371,-0.693073,-0.709275,-0.548073,-0.673191,-1.010381,-0.984060,-1.039138,-1.196198,-0.882319
Spim_AAT11589_BCJ78481.1	Spim_AAT11589_BCJ78481.1	acceptor_superclass::Fatty acyls	acceptor_superclass::Fatty acyls;acceptor_superclass::Phenylethanoids (C6-C2)	0,0,0,0,1,0,0,0,0,0,0,0,0,0,0,0,0,0,0,0,0,0,0	0,0,0,0,1,0,0,0,0,0,0,0,0,0,1,0,0,0,0,0,0,0,0	-1.254223,-1.043237,-0.778510,-1.196228,1.065902,-1.067355,-0.835756,0.000000,-0.744420,-0.870506,-1.427604,-0.815848,-0.948002,-0.858727,0.448045,-0.625457,-1.056662,-0.825096,-0.643955,-1.031171,-1.221362,-1.092740,-1.252917
Spot_AT_UQZ09635.1	Spot_AT_UQZ09635.1	acceptor_superclass::Tryptophan alkaloids	acceptor_superclass::Tryptophan alkaloids	0,0,0,0,0,0,0,0,0,0,0,0,0,0,0,0,0,0,0,0,0,1,0	0,0,0,0,0,0,0,0,0,0,0,0,0,0,0,0,0,0,0,0,0,1,0	-1.169990,-1.355256,-1.314533,-0.755992,-2.040307,-1.191100,-1.292485,0.000000,-0.427509,-1.068964,-1.144029,-0.325372,-1.533010,-0.932457,-1.910758,-1.807818,-0.342577,-0.880524,-1.165121,-0.845660,-0.529515,0.802728,-1.326801
Squi_ASAT1H_UTN00742.1	Squi_ASAT1H_UTN00742.1			0,0,0,0,0,0,0,0,0,0,0,0,0,0,0,0,0,0,0,0,0,0,0	0,0,0,0,0,0,0,0,0,0,0,0,0,0,0,0,0,0,0,0,0,0,0	-1.097590,-1.162649,-0.691015,-1.013355,-0.647302,-1.380705,-0.968606,-1.044689,-1.187114,-0.914029,-0.504227,-0.967279,-1.087322,-1.046520,-1.227085,-1.555453,-1.503718,-0.272536,-1.320618,-1.178956,-0.657656,-0.221226,-1.162678
Squi_ASAT3H_UTN00743.1	Squi_ASAT3H_UTN00743.1			0,0,0,0,0,0,0,0,0,0,0,0,0,0,0,0,0,0,0,0,0,0,0	0,0,0,0,0,0,0,0,0,0,0,0,0,0,0,0,0,0,0,0,0,0,0	-0.640327,-0.536928,-1.147106,-1.331668,-0.267918,-1.157333,-0.783335,-1.369969,-0.861911,-0.577607,-0.683622,-1.220330,-0.777741,-0.828211,-0.921785,-1.690016,-0.292258,-0.353490,-1.608287,-0.119371,-1.753100,-1.124631,-1.696374
Squi_ASAT4H_QNR60312.1	Squi_ASAT4H_QNR60312.1		acceptor_superclass::Triterpenoids	0,0,0,0,0,0,0,0,0,0,0,0,0,0,0,0,0,0,0,0,0,0,0	0,0,0,0,0,0,0,0,0,0,0,0,0,0,0,0,0,0,0,0,1,0,0	-1.175165,-0.731343,-1.703073,-1.040096,-0.769909,-0.531702,-0.839744,0.000000,-0.694184,-0.261163,-1.080780,-1.239550,-0.946093,-0.687259,-0.918485,-1.212015,-1.556077,-0.939034,-1.157577,-1.120377,0.220596,-0.253436,-1.315837
Squi_TAIAT_QNR60311.1	Squi_TAIAT_QNR60311.1			0,0,0,0,0,0,0,0,0,0,0,0,0,0,0,0,0,0,0,0,0,0,0	0,0,0,0,0,0,0,0,0,0,0,0,0,0,0,0,0,0,0,0,0,0,0	-1.122079,-1.065471,-0.488811,-0.826203,-1.330601,-0.327483,-1.180893,-0.799861,-0.988780,-0.822766,-1.405011,-1.197940,-0.936923,-1.340889,-0.799634,-0.918168,-1.084806,-0.764338,-0.760130,-0.588448,-0.007296,-0.927544,-1.409111
Sric_SHT_AMB21755.1	Sric_SHT_AMB21755.1	acceptor_superclass::Ornithine alkaloids	acceptor_superclass::Ornithine alkaloids	0,0,0,0,0,0,0,0,0,0,0,1,0,0,0,0,0,0,0,0,0,0,0	0,0,0,0,0,0,0,0,0,0,0,1,0,0,0,0,0,0,0,0,0,0,0	-0.655905,-0.353906,-0.431513,-1.260825,-0.411824,-0.775118,-1.337484,-1.293626,-1.379153,-0.551475,-0.673639,0.753138,-0.801437,-0.850991,-0.364433,-1.080222,-0.385598,-1.250646,-0.807888,-0.557545,-0.466624,-0.872423,-1.218817
Ssin_ASAT1_ART34011.1	Ssin_ASAT1_ART34011.1	acceptor_superclass::Saccharides		0,0,0,0,0,0,0,0,0,0,0,0,0,0,0,0,0,1,0,0,0,0,0	0,0,0,0,0,0,0,0,0,0,0,0,0,0,0,0,0,0,0,0,0,0,0	-1.113474,-1.046909,-1.308847,-0.653855,-1.453248,-0.742776,-1.128406,0.000000,-0.759172,-1.694471,-1.042100,-0.804225,-1.416438,-1.495432,-1.442975,-0.553542,-0.744452,-0.216918,-1.193972,-0.948659,-1.161678,-0.225250,-1.223547
Ssin_ASAT2_ART34012.1	Ssin_ASAT2_ART34012.1		acceptor_superclass::Saccharides	0,0,0,0,0,0,0,0,0,0,0,0,0,0,0,0,0,0,0,0,0,0,0	0,0,0,0,0,0,0,0,0,0,0,0,0,0,0,0,0,1,0,0,0,0,0	-1.219706,-1.064525,-0.740601,-0.540558,-1.431794,-0.805429,-1.254705,-1.341179,-1.135020,-1.254270,-1.397246,-0.810398,-1.180496,-1.148708,-1.517283,-1.792595,-0.730420,0.246571,-1.278720,-0.905535,-0.823000,-0.499151,-1.283660
Ssin_ASAT3_ART34013.1	Ssin_ASAT3_ART34013.1			0,0,0,0,0,0,0,0,0,0,0,0,0,0,0,0,0,0,0,0,0,0,0	0,0,0,0,0,0,0,0,0,0,0,0,0,0,0,0,0,0,0,0,0,0,0	-1.066443,-0.850729,-1.331456,-0.998109,-0.707633,-1.198495,-1.104218,0.000000,-0.869013,-0.511299,-0.758144,-1.184627,-1.208789,-1.008769,-1.100827,-0.469955,-0.816260,-0.961242,-0.812607,-0.820266,-1.170893,-0.956326,-1.272723
Ssin_ASAT5_ART34014.1	Ssin_ASAT5_ART34014.1		acceptor_superclass::Triterpenoids	0,0,0,0,0,0,0,0,0,0,0,0,0,0,0,0,0,0,0,0,0,0,0	0,0,0,0,0,0,0,0,0,0,0,0,0,0,0,0,0,0,0,0,1,0,0	-0.862489,-0.845392,-0.481074,-0.931753,-0.904054,-0.272781,-1.219205,0.000000,-1.238048,-0.835021,-0.962951,-0.958339,-0.740399,-0.787280,-1.518944,-0.587176,-1.209739,-0.976178,-0.635134,-0.925552,0.199567,-0.851382,-0.982776
Sspl_5MAT1_AAL50566.1	Sspl_5MAT1_AAL50566.1	acceptor_superclass::Flavonoids	acceptor_superclass::Flavonoids;acceptor_superclass::Isoflavonoids;acceptor_superclass::Phenolic acids (C6-C1);acceptor_superclass::Steroids	0,0,0,0,0,1,0,0,0,0,0,0,0,0,0,0,0,0,0,0,0,0,0	0,0,0,0,0,1,1,0,0,0,0,0,0,1,0,0,0,0,0,1,0,0,0	-0.168614,-0.952392,-1.156718,-1.408474,-1.204522,1.041228,0.937597,-0.989917,-1.149413,-1.551735,-0.174498,-0.754219,-0.168614,0.099385,-0.986249,-0.428462,-1.353052,-0.766411,-0.916376,0.216685,-0.591076,-1.334205,-1.352795
Sspl_5MAT2_AAR26385.1	Sspl_5MAT2_AAR26385.1	acceptor_superclass::Flavonoids	acceptor_superclass::Tryptophan alkaloids	0,0,0,0,0,1,0,0,0,0,0,0,0,0,0,0,0,0,0,0,0,0,0	0,0,0,0,0,0,0,0,0,0,0,0,0,0,0,0,0,0,0,0,0,1,0	-1.315839,-0.493813,-1.221586,-0.600692,-0.613239,-1.434822,-1.245159,-0.699843,-0.479579,-0.578203,-0.853392,-0.683244,-0.944925,-1.610170,-0.184149,-1.547096,-1.103999,-1.249902,-0.817350,-0.411128,-1.168083,0.085808,-0.101014
Stub_COSY_M0ZYT4	Stub_COSY_M0ZYT4			0,0,0,0,0,0,0,0,0,0,0,0,0,0,0,0,0,0,0,0,0,0,0	0,0,0,0,0,0,0,0,0,0,0,0,0,0,0,0,0,0,0,0,0,0,0	-0.792509,-0.987013,-0.891435,-0.510253,-0.887868,-0.899223,-0.527936,-1.057481,-0.806742,-0.959300,-0.768210,-0.493767,-0.960577,-1.197661,-0.959435,-1.408690,-0.469799,-0.962580,-1.075205,-0.704619,-1.002425,-0.539432,-0.582621
Stub_FHT_NP_001275190.1	Stub_FHT_NP_001275190.1	acceptor_superclass::Fatty Acids and Conjugates;acceptor_superclass::Fatty acyls	acceptor_superclass::Fatty Acids and Conjugates;acceptor_superclass::Fatty acyls	0,0,0,1,1,0,0,0,0,0,0,0,0,0,0,0,0,0,0,0,0,0,0	0,0,0,1,1,0,0,0,0,0,0,0,0,0,0,0,0,0,0,0,0,0,0	-1.052167,-1.331428,-0.851890,1.099844,0.583141,-0.664346,-1.096404,-0.930689,-1.315244,-0.845592,-1.043832,-1.005057,-0.958169,-0.849469,-0.959377,-0.374649,-1.297030,-1.179409,-0.940152,-1.006492,-0.178376,-1.351146,-0.252293
Taes_ACT1-1_BCN87078.1	Taes_ACT1-1_BCN87078.1	acceptor_superclass::Ornithine alkaloids;acceptor_superclass::Pseudoalkaloids	acceptor_superclass::Ornithine alkaloids;acceptor_superclass::Pseudoalkaloids	0,0,0,0,0,0,0,0,0,0,0,1,0,0,0,0,1,0,0,0,0,0,0	0,0,0,0,0,0,0,0,0,0,0,1,0,0,0,0,1,0,0,0,0,0,0	-1.062207,-0.941645,-1.045189,-1.309743,-0.987348,-1.186317,-0.979223,-1.145670,-0.980411,-1.042322,-1.124097,1.194454,-1.125349,-0.635421,-1.190673,-1.130299,1.144534,-0.870666,-1.085281,-1.069073,-0.999606,-1.179818,-1.117591
Taes_ACT1-2_BCN87079.1	Taes_ACT1-2_BCN87079.1	acceptor_superclass::Ornithine alkaloids;acceptor_superclass::Pseudoalkaloids	acceptor_superclass::Ornithine alkaloids;acceptor_superclass::Pseudoalkaloids	0,0,0,0,0,0,0,0,0,0,0,1,0,0,0,0,1,0,0,0,0,0,0	0,0,0,0,0,0,0,0,0,0,0,1,0,0,0,0,1,0,0,0,0,0,0	-0.984312,-1.020159,-1.187958,-0.897345,-1.182522,-1.171439,-0.899676,-0.935814,-0.856785,-1.064615,-1.040402,1.158437,-1.021159,-0.771246,-0.908593,-1.196324,0.934237,-0.844351,-1.199407,-1.030058,-1.099383,-1.036021,-1.450453
Taes_ACT2_AMY96376.1	Taes_ACT2_AMY96376.1	acceptor_superclass::Ornithine alkaloids	acceptor_superclass::Ornithine alkaloids;acceptor_superclass::Pseudoalkaloids	0,0,0,0,0,0,0,0,0,0,0,1,0,0,0,0,0,0,0,0,0,0,0	0,0,0,0,0,0,0,0,0,0,0,1,0,0,0,0,1,0,0,0,0,0,0	-1.012278,-0.933435,-1.104686,-1.035319,-0.912674,-1.018433,-0.643143,-0.900959,-1.010463,-1.196690,-1.036784,0.652175,-0.948092,-0.595021,-1.018225,-0.801146,0.809285,-1.091291,-0.876143,-0.927965,-1.147044,-0.753982,-0.741562
Tant_HQT1_QCI44191.1	Tant_HQT1_QCI44191.1	acceptor_superclass::Phenolic acids (C6-C1)	acceptor_superclass::Phenolic acids (C6-C1);acceptor_superclass::Phenylpropanoids (C6-C3)	0,0,0,0,0,0,0,0,0,0,0,0,0,1,0,0,0,0,0,0,0,0,0	0,0,0,0,0,0,0,0,0,0,0,0,0,1,0,1,0,0,0,0,0,0,0	-0.965195,-0.851063,-1.044088,-0.707191,-0.927464,-0.245267,-1.264959,-1.041256,-0.811689,-0.789622,-0.898242,-1.231141,-1.022481,1.034309,-0.596961,0.215889,-1.060265,-0.882094,-0.589837,-1.333584,-1.013652,-1.080184,-1.552902
Tant_HQT2_QBQ52948.1	Tant_HQT2_QBQ52948.1	acceptor_superclass::Phenolic acids (C6-C1)	acceptor_superclass::Phenolic acids (C6-C1)	0,0,0,0,0,0,0,0,0,0,0,0,0,1,0,0,0,0,0,0,0,0,0	0,0,0,0,0,0,0,0,0,0,0,0,0,1,0,0,0,0,0,0,0,0,0	-1.010785,-1.014767,-0.704525,-0.684214,-1.287465,-0.651267,-1.055763,-0.855014,-0.987945,-1.436852,-1.080254,-1.096805,-1.019402,0.821060,-0.930490,-0.428654,-1.110575,-1.002807,-0.856390,-0.944319,-1.288566,-0.951347,-1.168736
Tcan_TAX10_AAM75818.1	Tcan_TAX10_AAM75818.1	acceptor_superclass::Diterpenoids	acceptor_superclass::Diterpenoids	0,0,1,0,0,0,0,0,0,0,0,0,0,0,0,0,0,0,0,0,0,0,0	0,0,1,0,0,0,0,0,0,0,0,0,0,0,0,0,0,0,0,0,0,0,0	-0.950889,-0.898869,0.587485,-1.030807,-1.022967,-0.507670,-0.810484,-0.967892,-1.257858,-0.382440,-1.020911,-0.541022,-0.950889,-0.588522,-0.861941,-0.439350,-1.147718,-0.597316,-0.662065,-0.824165,-0.955477,-0.701659,-1.478914
Tcus_BAPT_AAL92459.1	Tcus_BAPT_AAL92459.1	acceptor_superclass::Diterpenoids	acceptor_superclass::Monoterpenoids;acceptor_superclass::Ornithine alkaloids	0,0,1,0,0,0,0,0,0,0,0,0,0,0,0,0,0,0,0,0,0,0,0	0,0,0,0,0,0,0,0,0,1,0,1,0,0,0,0,0,0,0,0,0,0,0	-1.041286,-0.903161,-0.372133,-1.669112,-0.190138,-1.194614,-1.081177,-0.915100,-1.450991,0.679860,-1.415689,0.216782,-0.902027,-0.965755,-0.429581,-0.836738,-0.248909,-1.476355,-2.212890,-1.048562,-1.065641,-0.932701,-1.304965
Tcus_DBAT_AAF27621.1	Tcus_DBAT_AAF27621.1	acceptor_superclass::Diterpenoids	acceptor_superclass::Diterpenoids	0,0,1,0,0,0,0,0,0,0,0,0,0,0,0,0,0,0,0,0,0,0,0	0,0,1,0,0,0,0,0,0,0,0,0,0,0,0,0,0,0,0,0,0,0,0	-0.866178,-1.087598,0.916299,-0.964341,-1.463427,-0.863466,-0.980674,-0.627027,-0.762004,-1.048770,-1.142752,-0.483654,-0.776130,-1.022599,-0.951732,-1.130166,-0.297457,-0.967722,-1.258409,-0.975256,-0.940814,-1.142112,-1.522420
Tcus_TBT_AAG38049.1	Tcus_DBBT_AAG38049.1	acceptor_superclass::Diterpenoids	acceptor_superclass::Diterpenoids;acceptor_superclass::Monoterpenoids;acceptor_superclass::Phenylpropanoids (C6-C3)	0,0,1,0,0,0,0,0,0,0,0,0,0,0,0,0,0,0,0,0,0,0,0	0,0,1,0,0,0,0,0,0,1,0,0,0,0,0,1,0,0,0,0,0,0,0	-1.114384,-1.238042,0.769506,-1.146683,-0.243854,-1.256182,-0.775333,-1.071488,-1.317236,0.045158,-1.351935,-0.788393,-0.968451,-1.264206,-0.515900,0.051911,-1.056307,-1.221069,-1.492479,-1.303418,-1.004012,-0.835607,-1.457984
Tcus_DBNTBT_AAM75818.1	Tcus_DBNTBT_AAM75818.1	acceptor_superclass::Diterpenoids	acceptor_superclass::Diterpenoids	0,0,1,0,0,0,0,0,0,0,0,0,0,0,0,0,0,0,0,0,0,0,0	0,0,1,0,0,0,0,0,0,0,0,0,0,0,0,0,0,0,0,0,0,0,0	-0.950889,-0.898869,0.587485,-1.030807,-1.022967,-0.507670,-0.810484,-0.967892,-1.257858,-0.382440,-1.020911,-0.541022,-0.950889,-0.588522,-0.861941,-0.439350,-1.147718,-0.597316,-0.662065,-0.824165,-0.955477,-0.701659,-1.478914
Tcus_TAT_AAF34254.1	Tcus_TAT_AAF34254.1	acceptor_superclass::Diterpenoids	acceptor_superclass::Diterpenoids	0,0,1,0,0,0,0,0,0,0,0,0,0,0,0,0,0,0,0,0,0,0,0	0,0,1,0,0,0,0,0,0,0,0,0,0,0,0,0,0,0,0,0,0,0,0	-0.860682,-0.981413,0.404716,-0.677337,-0.732063,-0.639080,-0.910353,-0.858615,-1.150429,-1.017089,-0.804900,-0.829472,-0.860682,-1.038785,-1.131014,-0.810663,-1.022227,-0.946584,-1.279532,-0.843487,-0.746216,-0.890719,-0.921190
Tcus_TAX19_AAU89980.1	Tcus_TAX19_AAU89980.1		acceptor_superclass::Diterpenoids;acceptor_superclass::Monoterpenoids	0,0,0,0,0,0,0,0,0,0,0,0,0,0,0,0,0,0,0,0,0,0,0	0,0,1,0,0,0,0,0,0,1,0,0,0,0,0,0,0,0,0,0,0,0,0	-0.926591,-1.003158,0.507029,-0.226848,-0.849631,-1.212360,-1.004380,-1.040640,-1.153771,0.218483,-0.883920,-0.525106,-0.968181,-0.881447,-0.847506,-1.007026,-0.877526,-0.770435,-0.680619,-0.840698,-0.749373,-0.743472,-0.840001
Tcus_TAT_AAF34254.1	Tcus_TAX1_AAF34254.1		acceptor_superclass::Diterpenoids	0,0,0,0,0,0,0,0,0,0,0,0,0,0,0,0,0,0,0,0,0,0,0	0,0,1,0,0,0,0,0,0,0,0,0,0,0,0,0,0,0,0,0,0,0,0	-0.883420,-0.968907,0.871794,-0.584938,-0.625555,-0.705070,-0.985096,-0.750889,-1.072260,-0.925402,-0.806527,-0.947455,-0.920549,-1.137351,-1.124999,-0.753855,-0.972572,-1.046198,-1.101047,-0.933598,-0.771512,-0.960469,-0.960536
Tcus_TBT_AAG38049.1	Tcus_TBT_AAG38049.1	acceptor_superclass::Diterpenoids	acceptor_superclass::Diterpenoids;acceptor_superclass::Monoterpenoids;acceptor_superclass::Phenylpropanoids (C6-C3)	0,0,1,0,0,0,0,0,0,0,0,0,0,0,0,0,0,0,0,0,0,0,0	0,0,1,0,0,0,0,0,0,1,0,0,0,0,0,1,0,0,0,0,0,0,0	-1.114384,-1.238042,0.769506,-1.146683,-0.243854,-1.256182,-0.775333,-1.071488,-1.317236,0.045158,-1.351935,-0.788393,-0.968451,-1.264206,-0.515900,0.051911,-1.056307,-1.221069,-1.492479,-1.303418,-1.004012,-0.835607,-1.457984
Tmed_BAHD22_QDM39185.1	Tmed_BAHD22_QDM39185.1	acceptor_superclass::Diterpenoids	acceptor_superclass::Diterpenoids	0,0,1,0,0,0,0,0,0,0,0,0,0,0,0,0,0,0,0,0,0,0,0	0,0,1,0,0,0,0,0,0,0,0,0,0,0,0,0,0,0,0,0,0,0,0	-0.925462,-1.082137,0.333079,-0.807659,-0.733143,-0.749846,-1.198354,-1.316216,-0.737865,-0.097020,-0.987818,-1.029578,-0.932063,-1.052970,-0.309811,-0.557865,-0.872704,-0.876103,-0.871383,-0.975600,-0.550470,-0.906369,-0.733585
Tmed_BAHD6-13_BEK82039.1	Tmed_BAHD6-13_BEK82039.1	acceptor_superclass::Diterpenoids	acceptor_superclass::Diterpenoids	0,0,1,0,0,0,0,0,0,0,0,0,0,0,0,0,0,0,0,0,0,0,0	0,0,1,0,0,0,0,0,0,0,0,0,0,0,0,0,0,0,0,0,0,0,0	-1.194227,-1.340940,1.043252,-0.075720,-0.850569,-1.048197,-0.940309,-0.601411,-0.989620,-1.428847,-1.018122,-1.111066,-1.016074,-0.700090,-1.411995,-0.685298,-1.556891,-0.899298,-0.403841,-0.811144,-1.104308,-0.734907,-1.246022
Tmed_DBAT_QDM39186.1	Tmed_DBAT_QDM39186.1	acceptor_superclass::Diterpenoids	acceptor_superclass::Diterpenoids	0,0,1,0,0,0,0,0,0,0,0,0,0,0,0,0,0,0,0,0,0,0,0	0,0,1,0,0,0,0,0,0,0,0,0,0,0,0,0,0,0,0,0,0,0,0	-1.088139,-0.999170,1.055491,-1.313504,-1.188395,-0.636385,-1.191506,-0.816960,-0.912207,-1.018760,-1.280602,-0.395862,-1.210258,-1.018707,-1.169600,-1.151728,-0.341820,-1.076670,-1.399224,-0.949678,-1.052720,-1.189811,-1.118961
Tmed_TAT_QDM39184.1	Tmed_TAT_QDM39184.1	acceptor_superclass::Diterpenoids	acceptor_superclass::Diterpenoids	0,0,1,0,0,0,0,0,0,0,0,0,0,0,0,0,0,0,0,0,0,0,0	0,0,1,0,0,0,0,0,0,0,0,0,0,0,0,0,0,0,0,0,0,0,0	-0.956421,-1.072847,0.471329,-1.027128,-0.542632,-1.028638,-0.930712,-0.820371,-1.193348,-0.394192,-1.001145,-0.500526,-0.989432,-1.216401,-1.017325,-0.531060,-0.602569,-1.367909,-1.168555,-0.871427,-0.751220,-0.703706,-0.875578
Tpra_HST_ACI16630.1	Tpra_HCT1A_ACI16630.1	acceptor_superclass::Phenolic acids (C6-C1)	acceptor_superclass::Phenolic acids (C6-C1);acceptor_superclass::Small peptides	0,0,0,0,0,0,0,0,0,0,0,0,0,1,0,0,0,0,0,0,0,0,0	0,0,0,0,0,0,0,0,0,0,0,0,0,1,0,0,0,0,1,0,0,0,0	-1.056549,-1.105257,-0.963898,-1.178099,-0.890397,-0.316473,-0.970935,-0.831863,-1.057220,-0.210330,-1.061717,-0.780792,-1.046243,1.170609,-1.181271,-0.557615,-0.794459,-1.106501,0.068917,-0.895848,-0.233470,-1.140945,-0.440571
Tpra_HMT_ACI16631.1	Tpra_HCT2_ACI16631.1	acceptor_superclass::Fatty Acids and Conjugates	acceptor_superclass::Fatty Acids and Conjugates;acceptor_superclass::Small peptides;acceptor_superclass::Tyrosine alkaloids	0,0,0,1,0,0,0,0,0,0,0,0,0,0,0,0,0,0,0,0,0,0,0	0,0,0,1,0,0,0,0,0,0,0,0,0,0,0,0,0,0,1,0,0,0,1	-0.581889,-1.097866,-1.269081,0.876566,-1.085851,-0.404980,-0.932772,-0.583487,-1.143122,-0.754673,-0.723777,-0.880017,-0.762882,-0.800811,-0.707323,-1.072781,-0.894436,-0.871323,0.360333,-0.480100,-0.766999,-0.633018,0.980422
Tpra_HDT1_AXB87812.1	Tpra_HDT1_AXB87812.1	acceptor_superclass::Small peptides;acceptor_superclass::Tyrosine alkaloids	acceptor_superclass::Fatty Acids and Conjugates;acceptor_superclass::Small peptides	0,0,0,0,0,0,0,0,0,0,0,0,0,0,0,0,0,0,1,0,0,0,1	0,0,0,1,0,0,0,0,0,0,0,0,0,0,0,0,0,0,1,0,0,0,0	-1.050443,-0.861210,-1.062487,0.086353,-0.552455,-1.075035,-0.672657,-0.621046,-1.135492,-0.714379,-1.104418,-0.700508,-1.050443,-0.553219,-0.666790,-0.702504,-0.634468,-0.985769,0.694902,-0.880284,-1.184951,-0.907033,-1.049734
Tpra_HDT1_AXB87812.1	Tpra_HDT_AXB87812.1	acceptor_superclass::Small peptides	acceptor_superclass::Fatty Acids and Conjugates;acceptor_superclass::Small peptides;acceptor_superclass::Tyrosine alkaloids	0,0,0,0,0,0,0,0,0,0,0,0,0,0,0,0,0,0,1,0,0,0,0	0,0,0,1,0,0,0,0,0,0,0,0,0,0,0,0,0,0,1,0,0,0,1	-1.055290,-0.840479,-1.038907,0.081336,-0.809850,-1.196709,-0.773329,-0.686654,-1.079309,-1.052342,-1.117189,-0.637683,-1.015489,-0.531783,-0.617035,-0.622897,-0.627236,-1.167474,0.752985,-0.370622,-1.191518,-1.189821,0.819283
Tpra_HMT_ACI16631.1	Tpra_HMT_ACI16631.1	acceptor_superclass::Fatty Acids and Conjugates	acceptor_superclass::Fatty Acids and Conjugates;acceptor_superclass::Tyrosine alkaloids	0,0,0,1,0,0,0,0,0,0,0,0,0,0,0,0,0,0,0,0,0,0,0	0,0,0,1,0,0,0,0,0,0,0,0,0,0,0,0,0,0,0,0,0,0,1	-0.606190,-0.981926,-1.002439,0.857200,-0.728181,-0.756041,-0.947229,-0.588908,-1.195085,-0.434546,-0.745363,-0.941047,-0.606190,-0.782685,-0.289845,-0.623066,-0.926783,-0.966021,-0.130000,-0.942840,-0.835742,-0.552006,0.042005
Tpra_HST_ACI16630.1	Tpra_HST_ACI16630.1	acceptor_superclass::Phenolic acids (C6-C1)	acceptor_superclass::Phenolic acids (C6-C1);acceptor_superclass::Small peptides	0,0,0,0,0,0,0,0,0,0,0,0,0,1,0,0,0,0,0,0,0,0,0	0,0,0,0,0,0,0,0,0,0,0,0,0,1,0,0,0,0,1,0,0,0,0	-0.980645,-1.091469,-0.979150,-1.037788,-0.889591,-0.573174,-1.014948,0.000000,-1.036182,-0.865255,-0.977125,-0.778033,-0.970782,1.157197,-1.178348,-0.364313,-0.829188,-1.068316,0.149789,-0.803111,-1.055893,-1.215838,-0.879582
Twal_DBAT_AFD32413.1	Twal_DBAT_AFD32413.1	acceptor_superclass::Diterpenoids	acceptor_superclass::Diterpenoids	0,0,1,0,0,0,0,0,0,0,0,0,0,0,0,0,0,0,0,0,0,0,0	0,0,1,0,0,0,0,0,0,0,0,0,0,0,0,0,0,0,0,0,0,0,0	-1.089084,-1.041832,1.013446,-1.094983,-1.340032,-0.692554,-1.071357,-0.678345,-0.845551,-1.149720,-1.260020,-0.550136,-1.205646,-1.062612,-1.123969,-0.976394,-0.244561,-0.950913,-1.373914,-0.877068,-0.989905,-1.081384,-1.003002
Vhyb_3MAT1_AAS77402.1	Vhyb_3MAT1_AAS77402.1	acceptor_superclass::Flavonoids;acceptor_superclass::Isoflavonoids;acceptor_superclass::Phenolic acids (C6-C1)	acceptor_superclass::Flavonoids;acceptor_superclass::Isoflavonoids	0,0,0,0,0,1,1,0,0,0,0,0,0,1,0,0,0,0,0,0,0,0,0	0,0,0,0,0,1,1,0,0,0,0,0,0,0,0,0,0,0,0,0,0,0,0	-0.310710,-1.129463,-1.018791,-1.094449,-1.042867,0.608730,0.081470,0.000000,-1.001738,-0.979462,-0.429908,-0.994536,-0.276276,-0.109705,-1.207853,-0.835902,-0.585282,-1.012755,-0.798204,-0.216019,-1.001865,-1.471302,-1.050289
Vlab_AMAT_AAW22989.1	Vlab_AMAT_AAW22989.1	acceptor_superclass::Fatty acyls	acceptor_superclass::Fatty acyls;acceptor_superclass::Phenylpropanoids (C6-C3)	0,0,0,0,1,0,0,0,0,0,0,0,0,0,0,0,0,0,0,0,0,0,0	0,0,0,0,1,0,0,0,0,0,0,0,0,0,0,1,0,0,0,0,0,0,0	-0.977046,-1.130923,-0.565845,-0.331663,0.346260,-0.541711,-1.203756,-1.065808,-0.442005,-0.599726,-0.957102,-1.014192,-1.062562,-0.886858,-0.367518,0.867761,-1.189896,-0.562890,-0.972920,-1.094128,-0.641178,-1.270763,-0.646132
Vvin_3AT_AKF15588.1	Vvin_3AT_AKF15588.1	acceptor_superclass::Flavonoids		0,0,0,0,0,1,0,0,0,0,0,0,0,0,0,0,0,0,0,0,0,0,0	0,0,0,0,0,0,0,0,0,0,0,0,0,0,0,0,0,0,0,0,0,0,0	-0.603737,-0.802237,-0.929828,-0.977277,-0.995893,-1.229683,-1.166600,-0.994096,-0.485409,-1.103602,-0.785763,-0.414351,-0.310077,-1.336871,-0.390619,-0.534216,-0.586408,-0.955740,-0.894452,-1.288100,-0.600902,-1.045208,-1.496309
Vvin_AAT2_CBI26419.3	Vvin_AAT2_CBI26419.3	acceptor_superclass::Fatty acyls;acceptor_superclass::Phenylethanoids (C6-C2)	acceptor_superclass::Fatty acyls	0,0,0,0,1,0,0,0,0,0,0,0,0,0,1,0,0,0,0,0,0,0,0	0,0,0,0,1,0,0,0,0,0,0,0,0,0,0,0,0,0,0,0,0,0,0	-0.956689,-1.061710,-0.944690,-0.864093,0.933496,-0.995122,-1.058625,-0.878451,-0.853304,-0.358331,-1.230379,-1.155667,-1.010402,-0.924740,-0.016401,-0.064674,-1.090877,-0.894252,-0.793081,-0.823242,-1.245860,-0.951047,-1.005563
Vvin_SHT_QNO39112.1	Vvin_SHT_QNO39112.1	acceptor_superclass::Ornithine alkaloids	acceptor_superclass::Ornithine alkaloids;acceptor_superclass::Pseudoalkaloids	0,0,0,0,0,0,0,0,0,0,0,1,0,0,0,0,0,0,0,0,0,0,0	0,0,0,0,0,0,0,0,0,0,0,1,0,0,0,0,1,0,0,0,0,0,0	-1.278581,-0.970999,-1.058399,-0.721791,-0.525844,-1.136089,-1.056420,-0.925520,-1.364529,-1.138613,-1.264304,0.876671,-1.278581,-0.074413,-0.723344,-0.378626,0.019646,-0.808184,-0.519828,-0.846093,-0.615745,-0.891690,-0.638457
Wlon_BAT1_NA	Wlon_BAT1_NA	acceptor_superclass::Monoterpenoids	acceptor_superclass::Monoterpenoids	0,0,0,0,0,0,0,0,0,1,0,0,0,0,0,0,0,0,0,0,0,0,0	0,0,0,0,0,0,0,0,0,1,0,0,0,0,0,0,0,0,0,0,0,0,0	-1.036977,-1.079921,-0.606060,-0.965046,-0.878929,-0.997381,-0.990686,0.000000,-0.981480,0.796343,-0.902684,-0.354847,-1.019329,-1.424440,-0.555454,-0.342678,-0.982290,-1.058008,-1.241418,-1.058648,-0.540380,-0.773736,-1.244087
Wlon_BAT2_NA	Wlon_BAT2_NA	acceptor_superclass::Monoterpenoids	acceptor_superclass::Monoterpenoids	0,0,0,0,0,0,0,0,0,1,0,0,0,0,0,0,0,0,0,0,0,0,0	0,0,0,0,0,0,0,0,0,1,0,0,0,0,0,0,0,0,0,0,0,0,0	-0.780958,-1.029121,-0.505322,-1.175358,-1.120397,-1.063540,-1.063239,-0.684140,-1.080018,0.911053,-0.762789,-1.271653,-0.780958,-1.059676,-0.920910,-1.037936,-1.338747,-0.839026,-0.722950,-0.830428,-0.944313,-0.394867,-0.977917
Wlon_BAT3_NA	Wlon_BAT3_NA	acceptor_superclass::Monoterpenoids	acceptor_superclass::Monoterpenoids;acceptor_superclass::Phenylpropanoids (C6-C3)	0,0,0,0,0,0,0,0,0,1,0,0,0,0,0,0,0,0,0,0,0,0,0	0,0,0,0,0,0,0,0,0,1,0,0,0,0,0,1,0,0,0,0,0,0,0	-0.924128,-0.919341,-0.610006,-1.183213,-0.473280,-0.922256,-0.967262,-1.290633,-1.244406,1.054461,-1.034698,-0.869261,-0.942348,-1.026016,-0.045899,0.214383,-0.996159,-0.755088,-1.207281,-1.128494,-1.148133,-1.154391,-1.223260
Wvil_BAT1_WvBAHD8	Wvil_BAT1_WvBAHD8	acceptor_superclass::Monoterpenoids	acceptor_superclass::Monoterpenoids;acceptor_superclass::Phenylpropanoids (C6-C3)	0,0,0,0,0,0,0,0,0,1,0,0,0,0,0,0,0,0,0,0,0,0,0	0,0,0,0,0,0,0,0,0,1,0,0,0,0,0,1,0,0,0,0,0,0,0	-0.811068,-1.148273,-0.654551,-0.939724,-0.107419,-0.312526,-0.946527,-0.416488,-0.752385,0.137195,-0.762955,-1.530488,-0.811068,-1.231913,-0.145540,0.488787,-1.131505,-1.100758,-1.457673,-0.769209,-0.832012,-0.528609,-0.413632
Wvil_BAT2_WvBAHD14	Wvil_BAT2_WvBAHD14	acceptor_superclass::Monoterpenoids		0,0,0,0,0,0,0,0,0,1,0,0,0,0,0,0,0,0,0,0,0,0,0	0,0,0,0,0,0,0,0,0,0,0,0,0,0,0,0,0,0,0,0,0,0,0	-0.872361,-1.291066,-0.331572,-0.447702,-0.325774,-0.415799,-0.922937,-1.428462,-1.327755,-0.823126,-0.782742,-1.507983,-0.748074,-1.306752,-0.590418,-0.350341,-1.184420,-1.060887,-1.049382,-1.145778,-1.590714,-1.442403,-0.850497
Wvil_BAT3_WvBAHD39	Wvil_BAT3_WvBAHD39	acceptor_superclass::Monoterpenoids	acceptor_superclass::Monoterpenoids	0,0,0,0,0,0,0,0,0,1,0,0,0,0,0,0,0,0,0,0,0,0,0	0,0,0,0,0,0,0,0,0,1,0,0,0,0,0,0,0,0,0,0,0,0,0	-0.852146,-0.939938,-0.786353,-1.183524,-0.828663,-0.882054,-1.022941,-1.134708,-0.993075,0.730324,-0.818830,-1.106119,-0.722576,-1.085028,-0.483905,-0.045993,-1.361875,-1.023015,-1.036180,-1.032731,-0.689165,-0.710858,-1.083860
Wvil_BAT4_WvBAHD40	Wvil_BAT4_WvBAHD40	acceptor_superclass::Monoterpenoids	acceptor_superclass::Monoterpenoids;acceptor_superclass::Phenylpropanoids (C6-C3)	0,0,0,0,0,0,0,0,0,1,0,0,0,0,0,0,0,0,0,0,0,0,0	0,0,0,0,0,0,0,0,0,1,0,0,0,0,0,1,0,0,0,0,0,0,0	-1.085504,-0.706063,-0.611536,-1.513360,-0.535455,-0.766290,-0.978544,-1.253511,-1.143512,0.813421,-1.143000,-1.210300,-1.001804,-1.023792,-0.014564,0.183338,-1.175188,-0.905533,-1.327504,-0.918850,-0.936610,-1.231553,-1.260134
Wvil_BAT5_WvBAHD50	Wvil_BAT5_WvBAHD50	acceptor_superclass::Monoterpenoids		0,0,0,0,0,0,0,0,0,1,0,0,0,0,0,0,0,0,0,0,0,0,0	0,0,0,0,0,0,0,0,0,0,0,0,0,0,0,0,0,0,0,0,0,0,0	-0.946119,-1.193014,-0.487953,-0.752147,-0.121967,-0.502098,-1.027290,-1.142726,-1.205208,-0.401776,-0.991465,-0.736659,-0.806497,-1.123526,-0.028153,-0.103920,-0.642557,-1.005263,-0.572099,-0.837726,-1.434635,-1.080286,-0.935302
Wvil_BAT6_WvBAHD28	Wvil_BAT6_WvBAHD28	acceptor_superclass::Monoterpenoids	acceptor_superclass::Phenolic acids (C6-C1);acceptor_superclass::Small peptides	0,0,0,0,0,0,0,0,0,1,0,0,0,0,0,0,0,0,0,0,0,0,0	0,0,0,0,0,0,0,0,0,0,0,0,0,1,0,0,0,0,1,0,0,0,0	-0.836654,-0.959896,-0.337008,-1.640424,-1.431067,-0.584007,-1.285756,-0.837752,-0.976020,-0.515693,-1.082000,-0.688016,-0.974484,0.721641,-0.557243,-0.050561,-0.726951,-1.326477,0.062605,-1.100153,-0.301871,-0.843529,-0.671550
Zmay_AAT1_ONM11762.1	Zmay_AAT1_ONM11762.1	acceptor_superclass::Flavonoids	acceptor_superclass::Fatty Acids and Conjugates;acceptor_superclass::Flavonoids;acceptor_superclass::Isoflavonoids	0,0,0,0,0,1,0,0,0,0,0,0,0,0,0,0,0,0,0,0,0,0,0	0,0,0,1,0,1,1,0,0,0,0,0,0,0,0,0,0,0,0,0,0,0,0	-1.492698,-1.419680,-0.778912,0.017629,-0.689378,1.233119,1.044503,-0.907359,-1.242517,-0.890185,-1.806290,-0.417046,-1.491534,-0.847021,-0.929958,-1.205700,-0.327169,-0.475647,-1.037084,-0.803134,-0.381284,-0.850354,-0.142483
Zmay_CAT_ACF87722.1	Zmay_CAT_ACF87722.1		acceptor_superclass::Monoterpenoids;acceptor_superclass::Phenylpropanoids (C6-C3)	0,0,0,0,0,0,0,0,0,0,0,0,0,0,0,0,0,0,0,0,0,0,0	0,0,0,0,0,0,0,0,0,1,0,0,0,0,0,1,0,0,0,0,0,0,0	-1.069900,-0.726334,-1.211964,-0.884210,-0.350472,-0.971903,-1.045325,-0.925289,-1.217303,0.511768,-1.155757,-1.088929,-1.186118,-0.939621,-0.387834,0.984592,-0.953359,-0.932085,-1.058067,-1.208150,-0.762227,-0.762514,-0.754985
Zmay_FMT_AQK78565.1	Zmay_FMT_AQK78565.1	acceptor_superclass::Phenylpropanoids (C6-C3)	acceptor_superclass::Monoterpenoids;acceptor_superclass::Phenylpropanoids (C6-C3)	0,0,0,0,0,0,0,0,0,0,0,0,0,0,0,1,0,0,0,0,0,0,0	0,0,0,0,0,0,0,0,0,1,0,0,0,0,0,1,0,0,0,0,0,0,0	-1.009930,-0.903147,-0.879831,-1.611570,-0.916924,-0.681310,-1.147611,-1.150818,-0.922070,0.294215,-1.040396,-0.797739,-1.116328,-0.909873,-0.949975,0.389236,-0.434679,-0.899406,-0.633741,-0.833608,-0.715849,-1.247014,-1.616361
