fasta_id	enzyme_id	embedding_path	true_labels	predicted_labels	true_vector	pred_vector	score_vector
Aagr_HCT6_QPI70575.1	Aagr_HCT6_QPI70575.1	/content/drive/MyDrive/CS_5782_Final_Project/code_and_data/BAHD_lastLayer_embeddings/Aagr_HCT6_QPI70575.1_hidden_layer_steps10.pt	acceptor_superclass::Phenolic acids (C6-C1);acceptor_superclass::Small peptides	acceptor_superclass::Coumarins;acceptor_superclass::Cyclic polyketides;acceptor_superclass::Diterpenoids;acceptor_superclass::Fatty Acids and Conjugates;acceptor_superclass::Flavonoids;acceptor_superclass::Lignans;acceptor_superclass::Ornithine alkaloids;acceptor_superclass::Phenolic acids (C6-C1);acceptor_superclass::Pseudoalkaloids;acceptor_superclass::Saccharides;acceptor_superclass::Triterpenoids	0,0,0,0,0,0,0,0,0,0,0,0,0,1,0,0,0,0,1,0,0,0,0	1,1,1,1,0,1,0,1,0,0,0,1,0,1,0,0,1,1,0,0,1,0,0	0.007297,0.065000,0.007190,0.006382,-0.074517,0.009489,-0.078592,0.100263,-0.117863,-0.075700,-0.089727,0.059689,-0.061442,0.097676,-0.019492,-0.064985,0.088856,0.001947,-0.082610,-0.011369,0.242431,-0.225254,-0.023508
Aagr_HFT-like_Aagr000038l.49.1	Aagr_HFT-like_Aagr000038l.49.1	/content/drive/MyDrive/CS_5782_Final_Project/code_and_data/BAHD_lastLayer_embeddings/Aagr_HFT-like_Aagr000038l.49.1_hidden_layer_steps10.pt	acceptor_superclass::Fatty Acids and Conjugates	acceptor_superclass::Coumarins;acceptor_superclass::Cyclic polyketides;acceptor_superclass::Flavonoids;acceptor_superclass::Isoflavonoids;acceptor_superclass::Lignans;acceptor_superclass::Lysine alkaloids;acceptor_superclass::Monoterpenoids;acceptor_superclass::Naphthalenes;acceptor_superclass::Ornithine alkaloids;acceptor_superclass::Phenanthrenoids;acceptor_superclass::Phenylpropanoids (C6-C3);acceptor_superclass::Pseudoalkaloids;acceptor_superclass::Saccharides;acceptor_superclass::Small peptides;acceptor_superclass::Tryptophan alkaloids;acceptor_superclass::Tyrosine alkaloids	0,0,0,1,0,0,0,0,0,0,0,0,0,0,0,0,0,0,0,0,0,0,0	1,1,0,0,0,1,1,1,1,1,1,1,1,0,0,1,1,1,1,0,0,1,1	0.103578,0.197445,-0.081448,-0.079707,-0.033580,0.005212,0.053624,0.035559,0.009789,0.065255,0.039989,0.011250,0.202564,-0.000772,-0.001186,0.015730,0.054336,0.068968,0.045381,-0.053620,-0.053676,0.061322,0.069850
Abel_TS_WPF47615.1	Abel_TS_WPF47615.1	/content/drive/MyDrive/CS_5782_Final_Project/code_and_data/BAHD_lastLayer_embeddings/Abel_TS_WPF47615.1_hidden_layer_steps10.pt		acceptor_superclass::Coumarins;acceptor_superclass::Cyclic polyketides;acceptor_superclass::Flavonoids;acceptor_superclass::Monoterpenoids;acceptor_superclass::Phenylethanoids (C6-C2);acceptor_superclass::Phenylpropanoids (C6-C3);acceptor_superclass::Saccharides;acceptor_superclass::Small peptides;acceptor_superclass::Tryptophan alkaloids;acceptor_superclass::Tyrosine alkaloids	0,0,0,0,0,0,0,0,0,0,0,0,0,0,0,0,0,0,0,0,0,0,0	1,1,0,0,0,1,0,0,0,1,0,0,0,0,1,1,0,1,1,0,0,1,1	0.134297,0.045496,-0.017216,-0.013915,-0.007559,0.047085,-0.030451,-0.005764,-0.045269,0.009238,-0.070009,-0.009879,-0.041999,-0.006754,0.028504,0.007573,-0.005475,0.027912,0.051142,-0.042927,-0.009991,0.092678,0.143618
Achi_AT16_PSS01274.1	Achi_AT16_PSS01274.1	/content/drive/MyDrive/CS_5782_Final_Project/code_and_data/BAHD_lastLayer_embeddings/Achi_AT16_PSS01274.1_hidden_layer_steps10.pt	acceptor_superclass::Fatty acyls	acceptor_superclass::Coumarins;acceptor_superclass::Cyclic polyketides;acceptor_superclass::Flavonoids;acceptor_superclass::Isoflavonoids;acceptor_superclass::Lignans;acceptor_superclass::Lysine alkaloids;acceptor_superclass::Monoterpenoids;acceptor_superclass::Naphthalenes;acceptor_superclass::Ornithine alkaloids;acceptor_superclass::Phenanthrenoids;acceptor_superclass::Phenylpropanoids (C6-C3);acceptor_superclass::Pseudoalkaloids;acceptor_superclass::Saccharides;acceptor_superclass::Small peptides;acceptor_superclass::Tryptophan alkaloids;acceptor_superclass::Tyrosine alkaloids	0,0,0,0,1,0,0,0,0,0,0,0,0,0,0,0,0,0,0,0,0,0,0	1,1,0,0,0,1,1,1,1,1,1,1,1,0,0,1,1,1,1,0,0,1,1	0.103578,0.197445,-0.081448,-0.079707,-0.033580,0.005212,0.053624,0.035559,0.009789,0.065255,0.039989,0.011250,0.202564,-0.000772,-0.001186,0.015730,0.054336,0.068969,0.045381,-0.053620,-0.053676,0.061322,0.069850
Achi_FHT_PSR89440.1	Achi_FHT_PSR89440.1	/content/drive/MyDrive/CS_5782_Final_Project/code_and_data/BAHD_lastLayer_embeddings/Achi_FHT_PSR89440.1_hidden_layer_steps10.pt	acceptor_superclass::Fatty Acids and Conjugates;acceptor_superclass::Fatty acyls	acceptor_superclass::Coumarins;acceptor_superclass::Diterpenoids;acceptor_superclass::Fatty Acids and Conjugates;acceptor_superclass::Fatty acyls;acceptor_superclass::Isoflavonoids;acceptor_superclass::Lignans;acceptor_superclass::Monoterpenoids;acceptor_superclass::Naphthalenes;acceptor_superclass::Phenanthrenoids;acceptor_superclass::Phenolic acids (C6-C1);acceptor_superclass::Phenylpropanoids (C6-C3);acceptor_superclass::Steroids	0,0,0,1,1,0,0,0,0,0,0,0,0,0,0,0,0,0,0,0,0,0,0	1,0,1,1,1,0,1,1,0,1,1,0,1,1,0,1,0,0,0,1,0,0,0	0.051901,-0.095316,0.016876,0.313478,0.046537,-0.015457,0.374411,0.164496,-0.133358,0.063614,0.120351,-0.192484,0.212852,0.102015,-0.089360,0.065212,-0.166238,-0.127025,-0.006399,0.140029,-0.243017,-0.052516,-0.135496
Aeri_AT9_AIC83789.1	Aeri_AT9_AIC83789.1	/content/drive/MyDrive/CS_5782_Final_Project/code_and_data/BAHD_lastLayer_embeddings/Aeri_AT9_AIC83789.1_hidden_layer_steps10.pt	acceptor_superclass::Fatty acyls	acceptor_superclass::Coumarins;acceptor_superclass::Diterpenoids;acceptor_superclass::Fatty Acids and Conjugates;acceptor_superclass::Fatty acyls;acceptor_superclass::Isoflavonoids;acceptor_superclass::Lignans;acceptor_superclass::Monoterpenoids;acceptor_superclass::Naphthalenes;acceptor_superclass::Phenanthrenoids;acceptor_superclass::Phenolic acids (C6-C1);acceptor_superclass::Phenylpropanoids (C6-C3);acceptor_superclass::Steroids	0,0,0,0,1,0,0,0,0,0,0,0,0,0,0,0,0,0,0,0,0,0,0	1,0,1,1,1,0,1,1,0,1,1,0,1,1,0,1,0,0,0,1,0,0,0	0.051901,-0.095317,0.016875,0.313477,0.046538,-0.015457,0.374410,0.164496,-0.133358,0.063613,0.120351,-0.192483,0.212853,0.102015,-0.089360,0.065213,-0.166239,-0.127024,-0.006399,0.140028,-0.243017,-0.052515,-0.135496
Aeuc_AAT1_BDW80083.1	Aeuc_AAT1_BDW80083.1	/content/drive/MyDrive/CS_5782_Final_Project/code_and_data/BAHD_lastLayer_embeddings/Aeuc_AAT1_BDW80083.1_hidden_layer_steps10.pt	acceptor_superclass::Naphthalenes	acceptor_superclass::Coumarins;acceptor_superclass::Diterpenoids;acceptor_superclass::Fatty Acids and Conjugates;acceptor_superclass::Fatty acyls;acceptor_superclass::Isoflavonoids;acceptor_superclass::Lignans;acceptor_superclass::Monoterpenoids;acceptor_superclass::Naphthalenes;acceptor_superclass::Phenanthrenoids;acceptor_superclass::Phenolic acids (C6-C1);acceptor_superclass::Phenylpropanoids (C6-C3);acceptor_superclass::Steroids	0,0,0,0,0,0,0,0,0,0,1,0,0,0,0,0,0,0,0,0,0,0,0	1,0,1,1,1,0,1,1,0,1,1,0,1,1,0,1,0,0,0,1,0,0,0	0.051901,-0.095314,0.016876,0.313480,0.046536,-0.015457,0.374412,0.164497,-0.133358,0.063615,0.120351,-0.192486,0.212849,0.102015,-0.089361,0.065212,-0.166238,-0.127026,-0.006399,0.140031,-0.243017,-0.052519,-0.135495
Aeuc_AAT2_BDW80089.1	Aeuc_AAT2_BDW80089.1	/content/drive/MyDrive/CS_5782_Final_Project/code_and_data/BAHD_lastLayer_embeddings/Aeuc_AAT2_BDW80089.1_hidden_layer_steps10.pt	acceptor_superclass::Naphthalenes	acceptor_superclass::Coumarins;acceptor_superclass::Cyclic polyketides;acceptor_superclass::Flavonoids;acceptor_superclass::Isoflavonoids;acceptor_superclass::Lignans;acceptor_superclass::Lysine alkaloids;acceptor_superclass::Monoterpenoids;acceptor_superclass::Naphthalenes;acceptor_superclass::Ornithine alkaloids;acceptor_superclass::Phenanthrenoids;acceptor_superclass::Phenylpropanoids (C6-C3);acceptor_superclass::Pseudoalkaloids;acceptor_superclass::Saccharides;acceptor_superclass::Small peptides;acceptor_superclass::Tryptophan alkaloids;acceptor_superclass::Tyrosine alkaloids	0,0,0,0,0,0,0,0,0,0,1,0,0,0,0,0,0,0,0,0,0,0,0	1,1,0,0,0,1,1,1,1,1,1,1,1,0,0,1,1,1,1,0,0,1,1	0.103578,0.197445,-0.081448,-0.079707,-0.033580,0.005212,0.053624,0.035559,0.009789,0.065255,0.039989,0.011250,0.202564,-0.000772,-0.001186,0.015730,0.054336,0.068969,0.045381,-0.053620,-0.053676,0.061322,0.069850
Aeuc_SAT2_BDW80080.1	Aeuc_SAT2_BDW80080.1	/content/drive/MyDrive/CS_5782_Final_Project/code_and_data/BAHD_lastLayer_embeddings/Aeuc_SAT2_BDW80080.1_hidden_layer_steps10.pt	acceptor_superclass::Naphthalenes	acceptor_superclass::Diterpenoids;acceptor_superclass::Fatty acyls;acceptor_superclass::Flavonoids;acceptor_superclass::Isoflavonoids;acceptor_superclass::Lignans;acceptor_superclass::Lysine alkaloids;acceptor_superclass::Phenanthrenoids;acceptor_superclass::Phenylethanoids (C6-C2);acceptor_superclass::Phenylpropanoids (C6-C3);acceptor_superclass::Saccharides;acceptor_superclass::Steroids;acceptor_superclass::Triterpenoids;acceptor_superclass::Tyrosine alkaloids	0,0,0,0,0,0,0,0,0,0,1,0,0,0,0,0,0,0,0,0,0,0,0	0,0,1,0,1,1,1,1,1,0,0,0,1,0,1,1,0,1,0,1,1,0,1	-0.022578,-0.020647,0.030924,-0.005503,0.028431,0.021797,0.023982,0.027042,0.020981,-0.010895,-0.003073,-0.037338,0.029294,-0.008554,0.010687,0.014747,-0.012423,0.017034,-0.004441,0.011177,0.004864,-0.028064,0.014506
Amem_AT7-3_WMQ79387.1	Amem_AT7-3_WMQ79387.1	/content/drive/MyDrive/CS_5782_Final_Project/code_and_data/BAHD_lastLayer_embeddings/Amem_AT7-3_WMQ79387.1_hidden_layer_steps10.pt	acceptor_superclass::Triterpenoids	acceptor_superclass::Coumarins;acceptor_superclass::Cyclic polyketides;acceptor_superclass::Diterpenoids;acceptor_superclass::Fatty Acids and Conjugates;acceptor_superclass::Flavonoids;acceptor_superclass::Lignans;acceptor_superclass::Ornithine alkaloids;acceptor_superclass::Phenolic acids (C6-C1);acceptor_superclass::Pseudoalkaloids;acceptor_superclass::Saccharides;acceptor_superclass::Triterpenoids	0,0,0,0,0,0,0,0,0,0,0,0,0,0,0,0,0,0,0,0,1,0,0	1,1,1,1,0,1,0,1,0,0,0,1,0,1,0,0,1,1,0,0,1,0,0	0.007297,0.065000,0.007190,0.006382,-0.074517,0.009489,-0.078592,0.100263,-0.117863,-0.075700,-0.089727,0.059689,-0.061442,0.097676,-0.019491,-0.064985,0.088856,0.001948,-0.082609,-0.011369,0.242431,-0.225254,-0.023508
Arac_HPT1_QAA12830.1	Arac_HPT1_QAA12830.1	/content/drive/MyDrive/CS_5782_Final_Project/code_and_data/BAHD_lastLayer_embeddings/Arac_HPT1_QAA12830.1_hidden_layer_steps10.pt	acceptor_superclass::Phenylpropanoids (C6-C3)	acceptor_superclass::Coumarins;acceptor_superclass::Cyclic polyketides;acceptor_superclass::Flavonoids;acceptor_superclass::Monoterpenoids;acceptor_superclass::Phenylethanoids (C6-C2);acceptor_superclass::Phenylpropanoids (C6-C3);acceptor_superclass::Saccharides;acceptor_superclass::Small peptides;acceptor_superclass::Tryptophan alkaloids;acceptor_superclass::Tyrosine alkaloids	0,0,0,0,0,0,0,0,0,0,0,0,0,0,0,1,0,0,0,0,0,0,0	1,1,0,0,0,1,0,0,0,1,0,0,0,0,1,1,0,1,1,0,0,1,1	0.134297,0.045496,-0.017216,-0.013915,-0.007559,0.047085,-0.030451,-0.005764,-0.045269,0.009238,-0.070009,-0.009879,-0.041998,-0.006754,0.028504,0.007573,-0.005475,0.027912,0.051142,-0.042927,-0.009991,0.092678,0.143618
Asat_HCBT_BAC78635.1	Asat_HCBT_BAC78635.1	/content/drive/MyDrive/CS_5782_Final_Project/code_and_data/BAHD_lastLayer_embeddings/Asat_HCBT_BAC78635.1_hidden_layer_steps10.pt	acceptor_superclass::Small peptides	acceptor_superclass::Coumarins;acceptor_superclass::Diterpenoids;acceptor_superclass::Fatty Acids and Conjugates;acceptor_superclass::Fatty acyls;acceptor_superclass::Isoflavonoids;acceptor_superclass::Lignans;acceptor_superclass::Monoterpenoids;acceptor_superclass::Naphthalenes;acceptor_superclass::Phenanthrenoids;acceptor_superclass::Phenolic acids (C6-C1);acceptor_superclass::Phenylpropanoids (C6-C3);acceptor_superclass::Steroids	0,0,0,0,0,0,0,0,0,0,0,0,0,0,0,0,0,0,1,0,0,0,0	1,0,1,1,1,0,1,1,0,1,1,0,1,1,0,1,0,0,0,1,0,0,0	0.051901,-0.095314,0.016876,0.313479,0.046537,-0.015457,0.374412,0.164497,-0.133358,0.063614,0.120351,-0.192485,0.212850,0.102015,-0.089361,0.065212,-0.166238,-0.127026,-0.006399,0.140030,-0.243017,-0.052518,-0.135495
Asat_HHT1_BAC78633.1	Asat_HHT1_BAC78633.1	/content/drive/MyDrive/CS_5782_Final_Project/code_and_data/BAHD_lastLayer_embeddings/Asat_HHT1_BAC78633.1_hidden_layer_steps10.pt	acceptor_superclass::Phenolic acids (C6-C1)	acceptor_superclass::Coumarins;acceptor_superclass::Cyclic polyketides;acceptor_superclass::Diterpenoids;acceptor_superclass::Fatty Acids and Conjugates;acceptor_superclass::Flavonoids;acceptor_superclass::Lignans;acceptor_superclass::Ornithine alkaloids;acceptor_superclass::Phenolic acids (C6-C1);acceptor_superclass::Pseudoalkaloids;acceptor_superclass::Saccharides;acceptor_superclass::Triterpenoids	0,0,0,0,0,0,0,0,0,0,0,0,0,1,0,0,0,0,0,0,0,0,0	1,1,1,1,0,1,0,1,0,0,0,1,0,1,0,0,1,1,0,0,1,0,0	0.007297,0.065000,0.007190,0.006382,-0.074517,0.009489,-0.078592,0.100263,-0.117863,-0.075700,-0.089727,0.059689,-0.061442,0.097676,-0.019492,-0.064985,0.088856,0.001948,-0.082610,-0.011369,0.242431,-0.225254,-0.023508
Asat_HHT4_QDC27803.1	Asat_HHT4_QDC27803.1	/content/drive/MyDrive/CS_5782_Final_Project/code_and_data/BAHD_lastLayer_embeddings/Asat_HHT4_QDC27803.1_hidden_layer_steps10.pt	acceptor_superclass::Phenolic acids (C6-C1)	acceptor_superclass::Coumarins;acceptor_superclass::Diterpenoids;acceptor_superclass::Fatty Acids and Conjugates;acceptor_superclass::Fatty acyls;acceptor_superclass::Isoflavonoids;acceptor_superclass::Lignans;acceptor_superclass::Monoterpenoids;acceptor_superclass::Naphthalenes;acceptor_superclass::Phenanthrenoids;acceptor_superclass::Phenolic acids (C6-C1);acceptor_superclass::Phenylpropanoids (C6-C3);acceptor_superclass::Steroids	0,0,0,0,0,0,0,0,0,0,0,0,0,1,0,0,0,0,0,0,0,0,0	1,0,1,1,1,0,1,1,0,1,1,0,1,1,0,1,0,0,0,1,0,0,0	0.051902,-0.095313,0.016876,0.313480,0.046536,-0.015457,0.374412,0.164497,-0.133358,0.063615,0.120351,-0.192487,0.212849,0.102015,-0.089362,0.065212,-0.166237,-0.127027,-0.006399,0.140032,-0.243017,-0.052520,-0.135495
Asch_AKS1_URS65387.1	Asch_AKS1_URS65387.1	/content/drive/MyDrive/CS_5782_Final_Project/code_and_data/BAHD_lastLayer_embeddings/Asch_AKS1_URS65387.1_hidden_layer_steps10.pt	acceptor_superclass::Tryptophan alkaloids	acceptor_superclass::Coumarins;acceptor_superclass::Cyclic polyketides;acceptor_superclass::Diterpenoids;acceptor_superclass::Fatty Acids and Conjugates;acceptor_superclass::Flavonoids;acceptor_superclass::Lignans;acceptor_superclass::Ornithine alkaloids;acceptor_superclass::Phenolic acids (C6-C1);acceptor_superclass::Pseudoalkaloids;acceptor_superclass::Saccharides;acceptor_superclass::Triterpenoids	0,0,0,0,0,0,0,0,0,0,0,0,0,0,0,0,0,0,0,0,0,1,0	1,1,1,1,0,1,0,1,0,0,0,1,0,1,0,0,1,1,0,0,1,0,0	0.007297,0.064999,0.007190,0.006382,-0.074517,0.009489,-0.078592,0.100263,-0.117863,-0.075700,-0.089727,0.059689,-0.061441,0.097676,-0.019491,-0.064985,0.088856,0.001948,-0.082609,-0.011369,0.242431,-0.225254,-0.023508
Asch_AKS2_URS65388.1	Asch_AKS2_URS65388.1	/content/drive/MyDrive/CS_5782_Final_Project/code_and_data/BAHD_lastLayer_embeddings/Asch_AKS2_URS65388.1_hidden_layer_steps10.pt	acceptor_superclass::Tryptophan alkaloids	acceptor_superclass::Coumarins;acceptor_superclass::Cyclic polyketides;acceptor_superclass::Flavonoids;acceptor_superclass::Isoflavonoids;acceptor_superclass::Lignans;acceptor_superclass::Lysine alkaloids;acceptor_superclass::Monoterpenoids;acceptor_superclass::Naphthalenes;acceptor_superclass::Ornithine alkaloids;acceptor_superclass::Phenanthrenoids;acceptor_superclass::Phenylpropanoids (C6-C3);acceptor_superclass::Pseudoalkaloids;acceptor_superclass::Saccharides;acceptor_superclass::Small peptides;acceptor_superclass::Tryptophan alkaloids;acceptor_superclass::Tyrosine alkaloids	0,0,0,0,0,0,0,0,0,0,0,0,0,0,0,0,0,0,0,0,0,1,0	1,1,0,0,0,1,1,1,1,1,1,1,1,0,0,1,1,1,1,0,0,1,1	0.103578,0.197445,-0.081448,-0.079707,-0.033580,0.005212,0.053624,0.035559,0.009789,0.065255,0.039990,0.011250,0.202563,-0.000772,-0.001187,0.015730,0.054336,0.068968,0.045381,-0.053620,-0.053676,0.061322,0.069850
Asin_FMT_AHL24755.1	Asin_FMT_AHL24755.1	/content/drive/MyDrive/CS_5782_Final_Project/code_and_data/BAHD_lastLayer_embeddings/Asin_FMT_AHL24755.1_hidden_layer_steps10.pt	acceptor_superclass::Phenylpropanoids (C6-C3)	acceptor_superclass::Coumarins;acceptor_superclass::Cyclic polyketides;acceptor_superclass::Diterpenoids;acceptor_superclass::Fatty Acids and Conjugates;acceptor_superclass::Flavonoids;acceptor_superclass::Lignans;acceptor_superclass::Ornithine alkaloids;acceptor_superclass::Phenolic acids (C6-C1);acceptor_superclass::Pseudoalkaloids;acceptor_superclass::Saccharides;acceptor_superclass::Triterpenoids	0,0,0,0,0,0,0,0,0,0,0,0,0,0,0,1,0,0,0,0,0,0,0	1,1,1,1,0,1,0,1,0,0,0,1,0,1,0,0,1,1,0,0,1,0,0	0.007297,0.065000,0.007190,0.006382,-0.074517,0.009489,-0.078592,0.100263,-0.117863,-0.075700,-0.089727,0.059689,-0.061442,0.097676,-0.019491,-0.064985,0.088856,0.001948,-0.082609,-0.011369,0.242431,-0.225254,-0.023508
Atha_3AT1_AEE27636.1	Atha_3AT1_AEE27636.1	/content/drive/MyDrive/CS_5782_Final_Project/code_and_data/BAHD_lastLayer_embeddings/Atha_3AT1_AEE27636.1_hidden_layer_steps10.pt	acceptor_superclass::Flavonoids	acceptor_superclass::Coumarins;acceptor_superclass::Diterpenoids;acceptor_superclass::Fatty Acids and Conjugates;acceptor_superclass::Fatty acyls;acceptor_superclass::Isoflavonoids;acceptor_superclass::Lignans;acceptor_superclass::Monoterpenoids;acceptor_superclass::Naphthalenes;acceptor_superclass::Phenanthrenoids;acceptor_superclass::Phenolic acids (C6-C1);acceptor_superclass::Phenylpropanoids (C6-C3);acceptor_superclass::Steroids	0,0,0,0,0,1,0,0,0,0,0,0,0,0,0,0,0,0,0,0,0,0,0	1,0,1,1,1,0,1,1,0,1,1,0,1,1,0,1,0,0,0,1,0,0,0	0.051902,-0.095313,0.016876,0.313480,0.046536,-0.015457,0.374412,0.164497,-0.133358,0.063615,0.120351,-0.192487,0.212849,0.102015,-0.089362,0.065212,-0.166237,-0.127027,-0.006399,0.140032,-0.243017,-0.052520,-0.135495
Atha_3AT2_AAF86513.1	Atha_3AT2_AAF86513.1	/content/drive/MyDrive/CS_5782_Final_Project/code_and_data/BAHD_lastLayer_embeddings/Atha_3AT2_AAF86513.1_hidden_layer_steps10.pt	acceptor_superclass::Flavonoids	acceptor_superclass::Coumarins;acceptor_superclass::Diterpenoids;acceptor_superclass::Fatty Acids and Conjugates;acceptor_superclass::Fatty acyls;acceptor_superclass::Isoflavonoids;acceptor_superclass::Lignans;acceptor_superclass::Monoterpenoids;acceptor_superclass::Naphthalenes;acceptor_superclass::Phenanthrenoids;acceptor_superclass::Phenolic acids (C6-C1);acceptor_superclass::Phenylpropanoids (C6-C3);acceptor_superclass::Steroids	0,0,0,0,0,1,0,0,0,0,0,0,0,0,0,0,0,0,0,0,0,0,0	1,0,1,1,1,0,1,1,0,1,1,0,1,1,0,1,0,0,0,1,0,0,0	0.051902,-0.095313,0.016876,0.313480,0.046536,-0.015457,0.374412,0.164497,-0.133358,0.063615,0.120351,-0.192487,0.212849,0.102015,-0.089361,0.065212,-0.166238,-0.127027,-0.006399,0.140031,-0.243017,-0.052520,-0.135495
Atha_5MAT_BAB01191.1	Atha_5MAT_BAB01191.1	/content/drive/MyDrive/CS_5782_Final_Project/code_and_data/BAHD_lastLayer_embeddings/Atha_5MAT_BAB01191.1_hidden_layer_steps10.pt	acceptor_superclass::Flavonoids	acceptor_superclass::Diterpenoids;acceptor_superclass::Fatty acyls;acceptor_superclass::Flavonoids;acceptor_superclass::Isoflavonoids;acceptor_superclass::Lignans;acceptor_superclass::Lysine alkaloids;acceptor_superclass::Phenanthrenoids;acceptor_superclass::Phenylethanoids (C6-C2);acceptor_superclass::Phenylpropanoids (C6-C3);acceptor_superclass::Saccharides;acceptor_superclass::Steroids;acceptor_superclass::Triterpenoids;acceptor_superclass::Tyrosine alkaloids	0,0,0,0,0,1,0,0,0,0,0,0,0,0,0,0,0,0,0,0,0,0,0	0,0,1,0,1,1,1,1,1,0,0,0,1,0,1,1,0,1,0,1,1,0,1	-0.022578,-0.020647,0.030924,-0.005503,0.028431,0.021797,0.023982,0.027042,0.020981,-0.010895,-0.003073,-0.037338,0.029294,-0.008554,0.010687,0.014747,-0.012423,0.017034,-0.004441,0.011177,0.004864,-0.028064,0.014506
Atha_ACT1_NP_200924.1	Atha_ACT1_NP_200924.1	/content/drive/MyDrive/CS_5782_Final_Project/code_and_data/BAHD_lastLayer_embeddings/Atha_ACT1_NP_200924.1_hidden_layer_steps10.pt	acceptor_superclass::Ornithine alkaloids;acceptor_superclass::Pseudoalkaloids	acceptor_superclass::Coumarins;acceptor_superclass::Cyclic polyketides;acceptor_superclass::Flavonoids;acceptor_superclass::Monoterpenoids;acceptor_superclass::Phenylethanoids (C6-C2);acceptor_superclass::Phenylpropanoids (C6-C3);acceptor_superclass::Saccharides;acceptor_superclass::Small peptides;acceptor_superclass::Tryptophan alkaloids;acceptor_superclass::Tyrosine alkaloids	0,0,0,0,0,0,0,0,0,0,0,1,0,0,0,0,1,0,0,0,0,0,0	1,1,0,0,0,1,0,0,0,1,0,0,0,0,1,1,0,1,1,0,0,1,1	0.134297,0.045496,-0.017216,-0.013915,-0.007559,0.047084,-0.030451,-0.005764,-0.045269,0.009239,-0.070009,-0.009879,-0.041999,-0.006755,0.028504,0.007573,-0.005475,0.027912,0.051142,-0.042927,-0.009991,0.092677,0.143618
Atha_HHT1_AAL34170.1	Atha_ASFT_NP_851111.1	/content/drive/MyDrive/CS_5782_Final_Project/code_and_data/BAHD_lastLayer_embeddings/Atha_HHT1_AAL34170.1_hidden_layer_steps10.pt	acceptor_superclass::Fatty Acids and Conjugates;acceptor_superclass::Fatty acyls	acceptor_superclass::Diterpenoids;acceptor_superclass::Fatty acyls;acceptor_superclass::Flavonoids;acceptor_superclass::Isoflavonoids;acceptor_superclass::Lignans;acceptor_superclass::Lysine alkaloids;acceptor_superclass::Phenanthrenoids;acceptor_superclass::Phenylethanoids (C6-C2);acceptor_superclass::Phenylpropanoids (C6-C3);acceptor_superclass::Saccharides;acceptor_superclass::Steroids;acceptor_superclass::Triterpenoids;acceptor_superclass::Tyrosine alkaloids	0,0,0,1,1,0,0,0,0,0,0,0,0,0,0,0,0,0,0,0,0,0,0	0,0,1,0,1,1,1,1,1,0,0,0,1,0,1,1,0,1,0,1,1,0,1	-0.022578,-0.020647,0.030924,-0.005503,0.028431,0.021797,0.023982,0.027042,0.020981,-0.010895,-0.003073,-0.037338,0.029294,-0.008554,0.010687,0.014747,-0.012423,0.017034,-0.004441,0.011177,0.004864,-0.028064,0.014506
Atha_AT3G47170_NP_190301.2	Atha_AT3G47170_NP_190301.2	/content/drive/MyDrive/CS_5782_Final_Project/code_and_data/BAHD_lastLayer_embeddings/Atha_AT3G47170_NP_190301.2_hidden_layer_steps10.pt	acceptor_superclass::Ornithine alkaloids;acceptor_superclass::Pseudoalkaloids	acceptor_superclass::Coumarins;acceptor_superclass::Cyclic polyketides;acceptor_superclass::Flavonoids;acceptor_superclass::Isoflavonoids;acceptor_superclass::Lignans;acceptor_superclass::Lysine alkaloids;acceptor_superclass::Monoterpenoids;acceptor_superclass::Naphthalenes;acceptor_superclass::Ornithine alkaloids;acceptor_superclass::Phenanthrenoids;acceptor_superclass::Phenylpropanoids (C6-C3);acceptor_superclass::Pseudoalkaloids;acceptor_superclass::Saccharides;acceptor_superclass::Small peptides;acceptor_superclass::Tryptophan alkaloids;acceptor_superclass::Tyrosine alkaloids	0,0,0,0,0,0,0,0,0,0,0,1,0,0,0,0,1,0,0,0,0,0,0	1,1,0,0,0,1,1,1,1,1,1,1,1,0,0,1,1,1,1,0,0,1,1	0.103578,0.197445,-0.081448,-0.079707,-0.033580,0.005212,0.053624,0.035559,0.009789,0.065255,0.039989,0.011250,0.202564,-0.000772,-0.001186,0.015730,0.054336,0.068968,0.045381,-0.053620,-0.053676,0.061322,0.069850
Atha_PHT_OAO95042.1	Atha_AT5G07080_OAO95042.1	/content/drive/MyDrive/CS_5782_Final_Project/code_and_data/BAHD_lastLayer_embeddings/Atha_PHT_OAO95042.1_hidden_layer_steps10.pt	acceptor_superclass::Ornithine alkaloids;acceptor_superclass::Pseudoalkaloids	acceptor_superclass::Coumarins;acceptor_superclass::Cyclic polyketides;acceptor_superclass::Diterpenoids;acceptor_superclass::Fatty Acids and Conjugates;acceptor_superclass::Flavonoids;acceptor_superclass::Lignans;acceptor_superclass::Ornithine alkaloids;acceptor_superclass::Phenolic acids (C6-C1);acceptor_superclass::Pseudoalkaloids;acceptor_superclass::Saccharides;acceptor_superclass::Triterpenoids	0,0,0,0,0,0,0,0,0,0,0,1,0,0,0,0,1,0,0,0,0,0,0	1,1,1,1,0,1,0,1,0,0,0,1,0,1,0,0,1,1,0,0,1,0,0	0.007297,0.065000,0.007190,0.006382,-0.074517,0.009489,-0.078592,0.100263,-0.117863,-0.075700,-0.089727,0.059689,-0.061442,0.097676,-0.019491,-0.064985,0.088856,0.001947,-0.082609,-0.011369,0.242431,-0.225254,-0.023508
Atha_BIA1_CAB10319.1	Atha_BIA1_CAB10319.1	/content/drive/MyDrive/CS_5782_Final_Project/code_and_data/BAHD_lastLayer_embeddings/Atha_BIA1_CAB10319.1_hidden_layer_steps10.pt	acceptor_superclass::Steroids	acceptor_superclass::Diterpenoids;acceptor_superclass::Fatty acyls;acceptor_superclass::Flavonoids;acceptor_superclass::Isoflavonoids;acceptor_superclass::Lignans;acceptor_superclass::Lysine alkaloids;acceptor_superclass::Phenanthrenoids;acceptor_superclass::Phenylethanoids (C6-C2);acceptor_superclass::Phenylpropanoids (C6-C3);acceptor_superclass::Saccharides;acceptor_superclass::Steroids;acceptor_superclass::Triterpenoids;acceptor_superclass::Tyrosine alkaloids	0,0,0,0,0,0,0,0,0,0,0,0,0,0,0,0,0,0,0,1,0,0,0	0,0,1,0,1,1,1,1,1,0,0,0,1,0,1,1,0,1,0,1,1,0,1	-0.022578,-0.020647,0.030924,-0.005503,0.028431,0.021797,0.023982,0.027042,0.020981,-0.010895,-0.003073,-0.037338,0.029294,-0.008554,0.010687,0.014747,-0.012423,0.017034,-0.004441,0.011177,0.004864,-0.028064,0.014506
Atha_CHAT_AAN09797.1	Atha_CHAT_AAN09797.1	/content/drive/MyDrive/CS_5782_Final_Project/code_and_data/BAHD_lastLayer_embeddings/Atha_CHAT_AAN09797.1_hidden_layer_steps10.pt	acceptor_superclass::Fatty acyls;acceptor_superclass::Monoterpenoids;acceptor_superclass::Phenylethanoids (C6-C2);acceptor_superclass::Phenylpropanoids (C6-C3)	acceptor_superclass::Coumarins;acceptor_superclass::Cyclic polyketides;acceptor_superclass::Flavonoids;acceptor_superclass::Isoflavonoids;acceptor_superclass::Lignans;acceptor_superclass::Lysine alkaloids;acceptor_superclass::Monoterpenoids;acceptor_superclass::Naphthalenes;acceptor_superclass::Ornithine alkaloids;acceptor_superclass::Phenanthrenoids;acceptor_superclass::Phenylpropanoids (C6-C3);acceptor_superclass::Pseudoalkaloids;acceptor_superclass::Saccharides;acceptor_superclass::Small peptides;acceptor_superclass::Tryptophan alkaloids;acceptor_superclass::Tyrosine alkaloids	0,0,0,0,1,0,0,0,0,1,0,0,0,0,1,1,0,0,0,0,0,0,0	1,1,0,0,0,1,1,1,1,1,1,1,1,0,0,1,1,1,1,0,0,1,1	0.103578,0.197445,-0.081448,-0.079707,-0.033580,0.005212,0.053624,0.035559,0.009789,0.065255,0.039989,0.011250,0.202564,-0.000772,-0.001186,0.015730,0.054336,0.068968,0.045381,-0.053620,-0.053676,0.061322,0.069850
Atha_COSY_AEE31013.1	Atha_COSY_AEE31013.1	/content/drive/MyDrive/CS_5782_Final_Project/code_and_data/BAHD_lastLayer_embeddings/Atha_COSY_AEE31013.1_hidden_layer_steps10.pt		acceptor_superclass::Coumarins;acceptor_superclass::Cyclic polyketides;acceptor_superclass::Flavonoids;acceptor_superclass::Isoflavonoids;acceptor_superclass::Lignans;acceptor_superclass::Lysine alkaloids;acceptor_superclass::Monoterpenoids;acceptor_superclass::Naphthalenes;acceptor_superclass::Ornithine alkaloids;acceptor_superclass::Phenanthrenoids;acceptor_superclass::Phenylpropanoids (C6-C3);acceptor_superclass::Pseudoalkaloids;acceptor_superclass::Saccharides;acceptor_superclass::Small peptides;acceptor_superclass::Tryptophan alkaloids;acceptor_superclass::Tyrosine alkaloids	0,0,0,0,0,0,0,0,0,0,0,0,0,0,0,0,0,0,0,0,0,0,0	1,1,0,0,0,1,1,1,1,1,1,1,1,0,0,1,1,1,1,0,0,1,1	0.103578,0.197445,-0.081448,-0.079707,-0.033580,0.005212,0.053624,0.035559,0.009789,0.065255,0.039990,0.011250,0.202563,-0.000772,-0.001187,0.015730,0.054336,0.068968,0.045381,-0.053620,-0.053676,0.061322,0.069850
Atha_DCF_AAQ62868.1	Atha_DCF_AAQ62868.1	/content/drive/MyDrive/CS_5782_Final_Project/code_and_data/BAHD_lastLayer_embeddings/Atha_DCF_AAQ62868.1_hidden_layer_steps10.pt	acceptor_superclass::Fatty Acids and Conjugates;acceptor_superclass::Fatty acyls	acceptor_superclass::Coumarins;acceptor_superclass::Diterpenoids;acceptor_superclass::Fatty Acids and Conjugates;acceptor_superclass::Fatty acyls;acceptor_superclass::Isoflavonoids;acceptor_superclass::Lignans;acceptor_superclass::Monoterpenoids;acceptor_superclass::Naphthalenes;acceptor_superclass::Phenanthrenoids;acceptor_superclass::Phenolic acids (C6-C1);acceptor_superclass::Phenylpropanoids (C6-C3);acceptor_superclass::Steroids	0,0,0,1,1,0,0,0,0,0,0,0,0,0,0,0,0,0,0,0,0,0,0	1,0,1,1,1,0,1,1,0,1,1,0,1,1,0,1,0,0,0,1,0,0,0	0.051901,-0.095316,0.016876,0.313478,0.046537,-0.015457,0.374411,0.164496,-0.133358,0.063614,0.120351,-0.192484,0.212852,0.102015,-0.089360,0.065212,-0.166238,-0.127024,-0.006399,0.140029,-0.243017,-0.052516,-0.135496
Atha_EPS1_NP_201517.1	Atha_EPS1_NP_201517.1	/content/drive/MyDrive/CS_5782_Final_Project/code_and_data/BAHD_lastLayer_embeddings/Atha_EPS1_NP_201517.1_hidden_layer_steps10.pt		acceptor_superclass::Diterpenoids;acceptor_superclass::Fatty acyls;acceptor_superclass::Flavonoids;acceptor_superclass::Isoflavonoids;acceptor_superclass::Lignans;acceptor_superclass::Lysine alkaloids;acceptor_superclass::Phenanthrenoids;acceptor_superclass::Phenylethanoids (C6-C2);acceptor_superclass::Phenylpropanoids (C6-C3);acceptor_superclass::Saccharides;acceptor_superclass::Steroids;acceptor_superclass::Triterpenoids;acceptor_superclass::Tyrosine alkaloids	0,0,0,0,0,0,0,0,0,0,0,0,0,0,0,0,0,0,0,0,0,0,0	0,0,1,0,1,1,1,1,1,0,0,0,1,0,1,1,0,1,0,1,1,0,1	-0.022578,-0.020647,0.030924,-0.005503,0.028431,0.021797,0.023982,0.027042,0.020981,-0.010895,-0.003073,-0.037338,0.029294,-0.008554,0.010687,0.014747,-0.012423,0.017034,-0.004441,0.011177,0.004864,-0.028064,0.014506
Atha_FACT_AAN13119.1	Atha_FACT_AAN13119.1	/content/drive/MyDrive/CS_5782_Final_Project/code_and_data/BAHD_lastLayer_embeddings/Atha_FACT_AAN13119.1_hidden_layer_steps10.pt	acceptor_superclass::Fatty acyls	acceptor_superclass::Coumarins;acceptor_superclass::Cyclic polyketides;acceptor_superclass::Diterpenoids;acceptor_superclass::Fatty Acids and Conjugates;acceptor_superclass::Flavonoids;acceptor_superclass::Lignans;acceptor_superclass::Ornithine alkaloids;acceptor_superclass::Phenolic acids (C6-C1);acceptor_superclass::Pseudoalkaloids;acceptor_superclass::Saccharides;acceptor_superclass::Triterpenoids	0,0,0,0,1,0,0,0,0,0,0,0,0,0,0,0,0,0,0,0,0,0,0	1,1,1,1,0,1,0,1,0,0,0,1,0,1,0,0,1,1,0,0,1,0,0	0.007297,0.064999,0.007190,0.006382,-0.074517,0.009489,-0.078592,0.100263,-0.117863,-0.075700,-0.089727,0.059689,-0.061442,0.097676,-0.019491,-0.064985,0.088856,0.001948,-0.082609,-0.011369,0.242431,-0.225254,-0.023508
Atha_GGES_AED96958.1	Atha_GGES_AED96958.1	/content/drive/MyDrive/CS_5782_Final_Project/code_and_data/BAHD_lastLayer_embeddings/Atha_GGES_AED96958.1_hidden_layer_steps10.pt		acceptor_superclass::Coumarins;acceptor_superclass::Cyclic polyketides;acceptor_superclass::Flavonoids;acceptor_superclass::Isoflavonoids;acceptor_superclass::Lignans;acceptor_superclass::Lysine alkaloids;acceptor_superclass::Monoterpenoids;acceptor_superclass::Naphthalenes;acceptor_superclass::Ornithine alkaloids;acceptor_superclass::Phenanthrenoids;acceptor_superclass::Phenylpropanoids (C6-C3);acceptor_superclass::Pseudoalkaloids;acceptor_superclass::Saccharides;acceptor_superclass::Small peptides;acceptor_superclass::Tryptophan alkaloids;acceptor_superclass::Tyrosine alkaloids	0,0,0,0,0,0,0,0,0,0,0,0,0,0,0,0,0,0,0,0,0,0,0	1,1,0,0,0,1,1,1,1,1,1,1,1,0,0,1,1,1,1,0,0,1,1	0.103578,0.197445,-0.081448,-0.079707,-0.033580,0.005212,0.053624,0.035559,0.009789,0.065255,0.039990,0.011250,0.202563,-0.000772,-0.001187,0.015730,0.054336,0.068968,0.045381,-0.053620,-0.053676,0.061322,0.069850
Atha_HCT_BAB10316.1	Atha_HCT_BAB10316.1	/content/drive/MyDrive/CS_5782_Final_Project/code_and_data/BAHD_lastLayer_embeddings/Atha_HCT_BAB10316.1_hidden_layer_steps10.pt	acceptor_superclass::Flavonoids;acceptor_superclass::Phenolic acids (C6-C1);acceptor_superclass::Phenylpropanoids (C6-C3);acceptor_superclass::Small peptides	acceptor_superclass::Diterpenoids;acceptor_superclass::Fatty acyls;acceptor_superclass::Flavonoids;acceptor_superclass::Isoflavonoids;acceptor_superclass::Lignans;acceptor_superclass::Lysine alkaloids;acceptor_superclass::Phenanthrenoids;acceptor_superclass::Phenylethanoids (C6-C2);acceptor_superclass::Phenylpropanoids (C6-C3);acceptor_superclass::Saccharides;acceptor_superclass::Steroids;acceptor_superclass::Triterpenoids;acceptor_superclass::Tyrosine alkaloids	0,0,0,0,0,1,0,0,0,0,0,0,0,1,0,1,0,0,1,0,0,0,0	0,0,1,0,1,1,1,1,1,0,0,0,1,0,1,1,0,1,0,1,1,0,1	-0.022578,-0.020647,0.030924,-0.005503,0.028431,0.021797,0.023982,0.027042,0.020981,-0.010895,-0.003073,-0.037337,0.029294,-0.008554,0.010687,0.014747,-0.012423,0.017034,-0.004441,0.011177,0.004864,-0.028064,0.014506
Atha_HHT1_AAL34170.1	Atha_HHT1_AAL34170.1	/content/drive/MyDrive/CS_5782_Final_Project/code_and_data/BAHD_lastLayer_embeddings/Atha_HHT1_AAL34170.1_hidden_layer_steps10.pt	acceptor_superclass::Fatty Acids and Conjugates;acceptor_superclass::Fatty acyls	acceptor_superclass::Diterpenoids;acceptor_superclass::Fatty acyls;acceptor_superclass::Flavonoids;acceptor_superclass::Isoflavonoids;acceptor_superclass::Lignans;acceptor_superclass::Lysine alkaloids;acceptor_superclass::Phenanthrenoids;acceptor_superclass::Phenylethanoids (C6-C2);acceptor_superclass::Phenylpropanoids (C6-C3);acceptor_superclass::Saccharides;acceptor_superclass::Steroids;acceptor_superclass::Triterpenoids;acceptor_superclass::Tyrosine alkaloids	0,0,0,1,1,0,0,0,0,0,0,0,0,0,0,0,0,0,0,0,0,0,0	0,0,1,0,1,1,1,1,1,0,0,0,1,0,1,1,0,1,0,1,1,0,1	-0.022578,-0.020647,0.030924,-0.005503,0.028431,0.021797,0.023982,0.027042,0.020981,-0.010895,-0.003073,-0.037338,0.029294,-0.008554,0.010687,0.014747,-0.012423,0.017034,-0.004441,0.011177,0.004864,-0.028064,0.014506
Atha_FACT_AAN13119.1	Atha_HHT3_NP_201161.1	/content/drive/MyDrive/CS_5782_Final_Project/code_and_data/BAHD_lastLayer_embeddings/Atha_FACT_AAN13119.1_hidden_layer_steps10.pt	acceptor_superclass::Fatty acyls	acceptor_superclass::Diterpenoids;acceptor_superclass::Fatty acyls;acceptor_superclass::Flavonoids;acceptor_superclass::Isoflavonoids;acceptor_superclass::Lignans;acceptor_superclass::Lysine alkaloids;acceptor_superclass::Phenanthrenoids;acceptor_superclass::Phenylethanoids (C6-C2);acceptor_superclass::Phenylpropanoids (C6-C3);acceptor_superclass::Saccharides;acceptor_superclass::Steroids;acceptor_superclass::Triterpenoids;acceptor_superclass::Tyrosine alkaloids	0,0,0,0,1,0,0,0,0,0,0,0,0,0,0,0,0,0,0,0,0,0,0	0,0,1,0,1,1,1,1,1,0,0,0,1,0,1,1,0,1,0,1,1,0,1	-0.022578,-0.020647,0.030924,-0.005503,0.028431,0.021797,0.023982,0.027042,0.020981,-0.010895,-0.003073,-0.037338,0.029294,-0.008554,0.010687,0.014747,-0.012423,0.017034,-0.004441,0.011177,0.004864,-0.028064,0.014506
Atha_HHT1_AAL34170.1	Atha_HHT_AAL34170.1	/content/drive/MyDrive/CS_5782_Final_Project/code_and_data/BAHD_lastLayer_embeddings/Atha_HHT1_AAL34170.1_hidden_layer_steps10.pt	acceptor_superclass::Fatty Acids and Conjugates	acceptor_superclass::Diterpenoids;acceptor_superclass::Fatty acyls;acceptor_superclass::Flavonoids;acceptor_superclass::Isoflavonoids;acceptor_superclass::Lignans;acceptor_superclass::Lysine alkaloids;acceptor_superclass::Phenanthrenoids;acceptor_superclass::Phenylethanoids (C6-C2);acceptor_superclass::Phenylpropanoids (C6-C3);acceptor_superclass::Saccharides;acceptor_superclass::Steroids;acceptor_superclass::Triterpenoids;acceptor_superclass::Tyrosine alkaloids	0,0,0,1,0,0,0,0,0,0,0,0,0,0,0,0,0,0,0,0,0,0,0	0,0,1,0,1,1,1,1,1,0,0,0,1,0,1,1,0,1,0,1,1,0,1	-0.022578,-0.020647,0.030924,-0.005503,0.028431,0.021797,0.023982,0.027042,0.020981,-0.010895,-0.003073,-0.037338,0.029294,-0.008554,0.010687,0.014747,-0.012423,0.017034,-0.004441,0.011177,0.004864,-0.028064,0.014506
Atha_PHT_OAO95042.1	Atha_PHT_OAO95042.1	/content/drive/MyDrive/CS_5782_Final_Project/code_and_data/BAHD_lastLayer_embeddings/Atha_PHT_OAO95042.1_hidden_layer_steps10.pt	acceptor_superclass::Ornithine alkaloids;acceptor_superclass::Pseudoalkaloids	acceptor_superclass::Diterpenoids;acceptor_superclass::Fatty acyls;acceptor_superclass::Flavonoids;acceptor_superclass::Isoflavonoids;acceptor_superclass::Lignans;acceptor_superclass::Lysine alkaloids;acceptor_superclass::Phenanthrenoids;acceptor_superclass::Phenylethanoids (C6-C2);acceptor_superclass::Phenylpropanoids (C6-C3);acceptor_superclass::Saccharides;acceptor_superclass::Steroids;acceptor_superclass::Triterpenoids;acceptor_superclass::Tyrosine alkaloids	0,0,0,0,0,0,0,0,0,0,0,1,0,0,0,0,1,0,0,0,0,0,0	0,0,1,0,1,1,1,1,1,0,0,0,1,0,1,1,0,1,0,1,1,0,1	-0.022578,-0.020647,0.030924,-0.005503,0.028431,0.021797,0.023982,0.027042,0.020981,-0.010895,-0.003073,-0.037338,0.029294,-0.008554,0.010687,0.014747,-0.012423,0.017034,-0.004441,0.011177,0.004864,-0.028064,0.014506
Atha_PMAT1_AED94391.1	Atha_PMAT1_AED94391.1	/content/drive/MyDrive/CS_5782_Final_Project/code_and_data/BAHD_lastLayer_embeddings/Atha_PMAT1_AED94391.1_hidden_layer_steps10.pt	acceptor_superclass::Flavonoids;acceptor_superclass::Isoflavonoids;acceptor_superclass::Steroids	acceptor_superclass::Coumarins;acceptor_superclass::Cyclic polyketides;acceptor_superclass::Flavonoids;acceptor_superclass::Monoterpenoids;acceptor_superclass::Phenylethanoids (C6-C2);acceptor_superclass::Phenylpropanoids (C6-C3);acceptor_superclass::Saccharides;acceptor_superclass::Small peptides;acceptor_superclass::Tryptophan alkaloids;acceptor_superclass::Tyrosine alkaloids	0,0,0,0,0,1,1,0,0,0,0,0,0,0,0,0,0,0,0,1,0,0,0	1,1,0,0,0,1,0,0,0,1,0,0,0,0,1,1,0,1,1,0,0,1,1	0.134297,0.045496,-0.017216,-0.013915,-0.007559,0.047085,-0.030451,-0.005764,-0.045269,0.009238,-0.070009,-0.009879,-0.041999,-0.006754,0.028504,0.007573,-0.005475,0.027912,0.051142,-0.042927,-0.009991,0.092678,0.143618
Atha_PMAT2_BAB02518.1	Atha_PMAT2_BAB02518.1	/content/drive/MyDrive/CS_5782_Final_Project/code_and_data/BAHD_lastLayer_embeddings/Atha_PMAT2_BAB02518.1_hidden_layer_steps10.pt	acceptor_superclass::Coumarins;acceptor_superclass::Flavonoids;acceptor_superclass::Naphthalenes;acceptor_superclass::Phenanthrenoids;acceptor_superclass::Steroids	acceptor_superclass::Coumarins;acceptor_superclass::Cyclic polyketides;acceptor_superclass::Flavonoids;acceptor_superclass::Isoflavonoids;acceptor_superclass::Lignans;acceptor_superclass::Lysine alkaloids;acceptor_superclass::Monoterpenoids;acceptor_superclass::Naphthalenes;acceptor_superclass::Ornithine alkaloids;acceptor_superclass::Phenanthrenoids;acceptor_superclass::Phenylpropanoids (C6-C3);acceptor_superclass::Pseudoalkaloids;acceptor_superclass::Saccharides;acceptor_superclass::Small peptides;acceptor_superclass::Tryptophan alkaloids;acceptor_superclass::Tyrosine alkaloids	1,0,0,0,0,1,0,0,0,0,1,0,1,0,0,0,0,0,0,1,0,0,0	1,1,0,0,0,1,1,1,1,1,1,1,1,0,0,1,1,1,1,0,0,1,1	0.103578,0.197445,-0.081448,-0.079707,-0.033580,0.005212,0.053624,0.035559,0.009789,0.065255,0.039989,0.011250,0.202564,-0.000772,-0.001186,0.015730,0.054336,0.068969,0.045381,-0.053620,-0.053676,0.061322,0.069850
Atha_SCT_AAP81804.1	Atha_SCT_AAP81804.1	/content/drive/MyDrive/CS_5782_Final_Project/code_and_data/BAHD_lastLayer_embeddings/Atha_SCT_AAP81804.1_hidden_layer_steps10.pt	acceptor_superclass::Ornithine alkaloids	acceptor_superclass::Coumarins;acceptor_superclass::Cyclic polyketides;acceptor_superclass::Diterpenoids;acceptor_superclass::Fatty Acids and Conjugates;acceptor_superclass::Flavonoids;acceptor_superclass::Lignans;acceptor_superclass::Ornithine alkaloids;acceptor_superclass::Phenolic acids (C6-C1);acceptor_superclass::Pseudoalkaloids;acceptor_superclass::Saccharides;acceptor_superclass::Triterpenoids	0,0,0,0,0,0,0,0,0,0,0,1,0,0,0,0,0,0,0,0,0,0,0	1,1,1,1,0,1,0,1,0,0,0,1,0,1,0,0,1,1,0,0,1,0,0	0.007297,0.065000,0.007190,0.006382,-0.074517,0.009489,-0.078592,0.100263,-0.117863,-0.075700,-0.089727,0.059689,-0.061442,0.097676,-0.019492,-0.064985,0.088856,0.001948,-0.082610,-0.011369,0.242431,-0.225254,-0.023508
Atha_SDT_AAC23766.1	Atha_SDT_AAC23766.1	/content/drive/MyDrive/CS_5782_Final_Project/code_and_data/BAHD_lastLayer_embeddings/Atha_SDT_AAC23766.1_hidden_layer_steps10.pt	acceptor_superclass::Ornithine alkaloids;acceptor_superclass::Pseudoalkaloids	acceptor_superclass::Coumarins;acceptor_superclass::Cyclic polyketides;acceptor_superclass::Diterpenoids;acceptor_superclass::Fatty Acids and Conjugates;acceptor_superclass::Flavonoids;acceptor_superclass::Lignans;acceptor_superclass::Ornithine alkaloids;acceptor_superclass::Phenolic acids (C6-C1);acceptor_superclass::Pseudoalkaloids;acceptor_superclass::Saccharides;acceptor_superclass::Triterpenoids	0,0,0,0,0,0,0,0,0,0,0,1,0,0,0,0,1,0,0,0,0,0,0	1,1,1,1,0,1,0,1,0,0,0,1,0,1,0,0,1,1,0,0,1,0,0	0.007297,0.065000,0.007190,0.006382,-0.074517,0.009489,-0.078592,0.100263,-0.117863,-0.075700,-0.089727,0.059689,-0.061442,0.097676,-0.019491,-0.064985,0.088856,0.001948,-0.082609,-0.011369,0.242431,-0.225254,-0.023508
Atha_SHT_AAD12025.1	Atha_SHT_AAD12025.1	/content/drive/MyDrive/CS_5782_Final_Project/code_and_data/BAHD_lastLayer_embeddings/Atha_SHT_AAD12025.1_hidden_layer_steps10.pt	acceptor_superclass::Ornithine alkaloids	acceptor_superclass::Diterpenoids;acceptor_superclass::Fatty acyls;acceptor_superclass::Flavonoids;acceptor_superclass::Isoflavonoids;acceptor_superclass::Lignans;acceptor_superclass::Lysine alkaloids;acceptor_superclass::Phenanthrenoids;acceptor_superclass::Phenylethanoids (C6-C2);acceptor_superclass::Phenylpropanoids (C6-C3);acceptor_superclass::Saccharides;acceptor_superclass::Steroids;acceptor_superclass::Triterpenoids;acceptor_superclass::Tyrosine alkaloids	0,0,0,0,0,0,0,0,0,0,0,1,0,0,0,0,0,0,0,0,0,0,0	0,0,1,0,1,1,1,1,1,0,0,0,1,0,1,1,0,1,0,1,1,0,1	-0.022578,-0.020647,0.030924,-0.005503,0.028431,0.021797,0.023982,0.027042,0.020981,-0.010895,-0.003073,-0.037338,0.029294,-0.008554,0.010687,0.014747,-0.012423,0.017034,-0.004441,0.011177,0.004864,-0.028064,0.014506
Atha_PHT_OAO95042.1	Atha_SHT_OAO95042.1	/content/drive/MyDrive/CS_5782_Final_Project/code_and_data/BAHD_lastLayer_embeddings/Atha_PHT_OAO95042.1_hidden_layer_steps10.pt	acceptor_superclass::Ornithine alkaloids	acceptor_superclass::Coumarins;acceptor_superclass::Diterpenoids;acceptor_superclass::Fatty Acids and Conjugates;acceptor_superclass::Fatty acyls;acceptor_superclass::Isoflavonoids;acceptor_superclass::Lignans;acceptor_superclass::Monoterpenoids;acceptor_superclass::Naphthalenes;acceptor_superclass::Phenanthrenoids;acceptor_superclass::Phenolic acids (C6-C1);acceptor_superclass::Phenylpropanoids (C6-C3);acceptor_superclass::Steroids	0,0,0,0,0,0,0,0,0,0,0,1,0,0,0,0,0,0,0,0,0,0,0	1,0,1,1,1,0,1,1,0,1,1,0,1,1,0,1,0,0,0,1,0,0,0	0.051901,-0.095315,0.016876,0.313478,0.046537,-0.015457,0.374411,0.164496,-0.133358,0.063614,0.120351,-0.192484,0.212851,0.102015,-0.089360,0.065212,-0.166238,-0.127025,-0.006399,0.140029,-0.243017,-0.052517,-0.135496
Atha_THAA1_BAB11062.1	Atha_THAA1_BAB11062.1	/content/drive/MyDrive/CS_5782_Final_Project/code_and_data/BAHD_lastLayer_embeddings/Atha_THAA1_BAB11062.1_hidden_layer_steps10.pt	acceptor_superclass::Triterpenoids	acceptor_superclass::Coumarins;acceptor_superclass::Cyclic polyketides;acceptor_superclass::Diterpenoids;acceptor_superclass::Fatty Acids and Conjugates;acceptor_superclass::Flavonoids;acceptor_superclass::Lignans;acceptor_superclass::Ornithine alkaloids;acceptor_superclass::Phenolic acids (C6-C1);acceptor_superclass::Pseudoalkaloids;acceptor_superclass::Saccharides;acceptor_superclass::Triterpenoids	0,0,0,0,0,0,0,0,0,0,0,0,0,0,0,0,0,0,0,0,1,0,0	1,1,1,1,0,1,0,1,0,0,0,1,0,1,0,0,1,1,0,0,1,0,0	0.007297,0.065000,0.007190,0.006382,-0.074517,0.009489,-0.078592,0.100263,-0.117863,-0.075700,-0.089727,0.059689,-0.061442,0.097676,-0.019491,-0.064985,0.088856,0.001948,-0.082609,-0.011369,0.242431,-0.225254,-0.023508
Atha_THAA2_AAO63428.1	Atha_THAA2_AAO63428.1	/content/drive/MyDrive/CS_5782_Final_Project/code_and_data/BAHD_lastLayer_embeddings/Atha_THAA2_AAO63428.1_hidden_layer_steps10.pt	acceptor_superclass::Triterpenoids	acceptor_superclass::Coumarins;acceptor_superclass::Cyclic polyketides;acceptor_superclass::Flavonoids;acceptor_superclass::Isoflavonoids;acceptor_superclass::Lignans;acceptor_superclass::Lysine alkaloids;acceptor_superclass::Monoterpenoids;acceptor_superclass::Naphthalenes;acceptor_superclass::Ornithine alkaloids;acceptor_superclass::Phenanthrenoids;acceptor_superclass::Phenylpropanoids (C6-C3);acceptor_superclass::Pseudoalkaloids;acceptor_superclass::Saccharides;acceptor_superclass::Small peptides;acceptor_superclass::Tryptophan alkaloids;acceptor_superclass::Tyrosine alkaloids	0,0,0,0,0,0,0,0,0,0,0,0,0,0,0,0,0,0,0,0,1,0,0	1,1,0,0,0,1,1,1,1,1,1,1,1,0,0,1,1,1,1,0,0,1,1	0.103578,0.197445,-0.081448,-0.079707,-0.033580,0.005212,0.053624,0.035559,0.009789,0.065255,0.039989,0.011250,0.202563,-0.000772,-0.001187,0.015730,0.054336,0.068968,0.045381,-0.053620,-0.053676,0.061322,0.069850
Bdis_PMT_CDG41682.1	Bdis_PMT_CDG41682.1	/content/drive/MyDrive/CS_5782_Final_Project/code_and_data/BAHD_lastLayer_embeddings/Bdis_PMT_CDG41682.1_hidden_layer_steps10.pt	acceptor_superclass::Phenylpropanoids (C6-C3)	acceptor_superclass::Diterpenoids;acceptor_superclass::Fatty acyls;acceptor_superclass::Flavonoids;acceptor_superclass::Isoflavonoids;acceptor_superclass::Lignans;acceptor_superclass::Lysine alkaloids;acceptor_superclass::Phenanthrenoids;acceptor_superclass::Phenylethanoids (C6-C2);acceptor_superclass::Phenylpropanoids (C6-C3);acceptor_superclass::Saccharides;acceptor_superclass::Steroids;acceptor_superclass::Triterpenoids;acceptor_superclass::Tyrosine alkaloids	0,0,0,0,0,0,0,0,0,0,0,0,0,0,0,1,0,0,0,0,0,0,0	0,0,1,0,1,1,1,1,1,0,0,0,1,0,1,1,0,1,0,1,1,0,1	-0.022578,-0.020647,0.030924,-0.005503,0.028431,0.021797,0.023982,0.027042,0.020981,-0.010895,-0.003073,-0.037338,0.029294,-0.008554,0.010687,0.014747,-0.012423,0.017034,-0.004441,0.011177,0.004864,-0.028064,0.014506
Bmul_HQT1_BCY27076.1	Bmul_HQT1_BCY27076.1	/content/drive/MyDrive/CS_5782_Final_Project/code_and_data/BAHD_lastLayer_embeddings/Bmul_HQT1_BCY27076.1_hidden_layer_steps10.pt	acceptor_superclass::Phenolic acids (C6-C1);acceptor_superclass::Phenylpropanoids (C6-C3)	acceptor_superclass::Diterpenoids;acceptor_superclass::Fatty acyls;acceptor_superclass::Flavonoids;acceptor_superclass::Isoflavonoids;acceptor_superclass::Lignans;acceptor_superclass::Lysine alkaloids;acceptor_superclass::Phenanthrenoids;acceptor_superclass::Phenylethanoids (C6-C2);acceptor_superclass::Phenylpropanoids (C6-C3);acceptor_superclass::Saccharides;acceptor_superclass::Steroids;acceptor_superclass::Triterpenoids;acceptor_superclass::Tyrosine alkaloids	0,0,0,0,0,0,0,0,0,0,0,0,0,1,0,1,0,0,0,0,0,0,0	0,0,1,0,1,1,1,1,1,0,0,0,1,0,1,1,0,1,0,1,1,0,1	-0.022578,-0.020647,0.030924,-0.005503,0.028431,0.021797,0.023982,0.027042,0.020981,-0.010895,-0.003073,-0.037338,0.029294,-0.008554,0.010687,0.014747,-0.012423,0.017034,-0.004441,0.011177,0.004864,-0.028064,0.014506
Bmul_HQT1_BDR61289.1	Bmul_HQT1_BDR61289.1	/content/drive/MyDrive/CS_5782_Final_Project/code_and_data/BAHD_lastLayer_embeddings/Bmul_HQT1_BDR61289.1_hidden_layer_steps10.pt	acceptor_superclass::Phenolic acids (C6-C1)	acceptor_superclass::Diterpenoids;acceptor_superclass::Fatty acyls;acceptor_superclass::Flavonoids;acceptor_superclass::Isoflavonoids;acceptor_superclass::Lignans;acceptor_superclass::Lysine alkaloids;acceptor_superclass::Phenanthrenoids;acceptor_superclass::Phenylethanoids (C6-C2);acceptor_superclass::Phenylpropanoids (C6-C3);acceptor_superclass::Saccharides;acceptor_superclass::Steroids;acceptor_superclass::Triterpenoids;acceptor_superclass::Tyrosine alkaloids	0,0,0,0,0,0,0,0,0,0,0,0,0,1,0,0,0,0,0,0,0,0,0	0,0,1,0,1,1,1,1,1,0,0,0,1,0,1,1,0,1,0,1,1,0,1	-0.022578,-0.020647,0.030924,-0.005503,0.028431,0.021797,0.023982,0.027042,0.020981,-0.010895,-0.003073,-0.037337,0.029294,-0.008554,0.010687,0.014747,-0.012423,0.017034,-0.004441,0.011177,0.004864,-0.028064,0.014506
Bser_AT1_QXN66176.1	Bser_AT1_QXN66176.1	/content/drive/MyDrive/CS_5782_Final_Project/code_and_data/BAHD_lastLayer_embeddings/Bser_AT1_QXN66176.1_hidden_layer_steps10.pt	acceptor_superclass::Triterpenoids	acceptor_superclass::Diterpenoids;acceptor_superclass::Fatty acyls;acceptor_superclass::Flavonoids;acceptor_superclass::Isoflavonoids;acceptor_superclass::Lignans;acceptor_superclass::Lysine alkaloids;acceptor_superclass::Phenanthrenoids;acceptor_superclass::Phenylethanoids (C6-C2);acceptor_superclass::Phenylpropanoids (C6-C3);acceptor_superclass::Saccharides;acceptor_superclass::Steroids;acceptor_superclass::Triterpenoids;acceptor_superclass::Tyrosine alkaloids	0,0,0,0,0,0,0,0,0,0,0,0,0,0,0,0,0,0,0,0,1,0,0	0,0,1,0,1,1,1,1,1,0,0,0,1,0,1,1,0,1,0,1,1,0,1	-0.022578,-0.020647,0.030924,-0.005503,0.028431,0.021797,0.023982,0.027042,0.020981,-0.010895,-0.003073,-0.037338,0.029294,-0.008554,0.010687,0.014747,-0.012423,0.017034,-0.004441,0.011177,0.004864,-0.028064,0.014506
Cang_AT20_QLI57449.1	Cang_AT20_QLI57449.1	/content/drive/MyDrive/CS_5782_Final_Project/code_and_data/BAHD_lastLayer_embeddings/Cang_AT20_QLI57449.1_hidden_layer_steps10.pt	acceptor_superclass::Monoterpenoids	acceptor_superclass::Diterpenoids;acceptor_superclass::Fatty acyls;acceptor_superclass::Flavonoids;acceptor_superclass::Isoflavonoids;acceptor_superclass::Lignans;acceptor_superclass::Lysine alkaloids;acceptor_superclass::Phenanthrenoids;acceptor_superclass::Phenylethanoids (C6-C2);acceptor_superclass::Phenylpropanoids (C6-C3);acceptor_superclass::Saccharides;acceptor_superclass::Steroids;acceptor_superclass::Triterpenoids;acceptor_superclass::Tyrosine alkaloids	0,0,0,0,0,0,0,0,0,1,0,0,0,0,0,0,0,0,0,0,0,0,0	0,0,1,0,1,1,1,1,1,0,0,0,1,0,1,1,0,1,0,1,1,0,1	-0.022578,-0.020647,0.030924,-0.005503,0.028431,0.021797,0.023982,0.027042,0.020981,-0.010895,-0.003073,-0.037338,0.029294,-0.008554,0.010687,0.014747,-0.012423,0.017034,-0.004441,0.011177,0.004864,-0.028064,0.014506
Cann_AT3_NP_001311698.1	Cann_AT3_NP_001311698.1	/content/drive/MyDrive/CS_5782_Final_Project/code_and_data/BAHD_lastLayer_embeddings/Cann_AT3_NP_001311698.1_hidden_layer_steps10.pt	acceptor_superclass::Tyrosine alkaloids	acceptor_superclass::Coumarins;acceptor_superclass::Cyclic polyketides;acceptor_superclass::Flavonoids;acceptor_superclass::Isoflavonoids;acceptor_superclass::Lignans;acceptor_superclass::Lysine alkaloids;acceptor_superclass::Monoterpenoids;acceptor_superclass::Naphthalenes;acceptor_superclass::Ornithine alkaloids;acceptor_superclass::Phenanthrenoids;acceptor_superclass::Phenylpropanoids (C6-C3);acceptor_superclass::Pseudoalkaloids;acceptor_superclass::Saccharides;acceptor_superclass::Small peptides;acceptor_superclass::Tryptophan alkaloids;acceptor_superclass::Tyrosine alkaloids	0,0,0,0,0,0,0,0,0,0,0,0,0,0,0,0,0,0,0,0,0,0,1	1,1,0,0,0,1,1,1,1,1,1,1,1,0,0,1,1,1,1,0,0,1,1	0.103578,0.197445,-0.081448,-0.079707,-0.033580,0.005212,0.053624,0.035559,0.009789,0.065255,0.039990,0.011250,0.202563,-0.000772,-0.001187,0.015730,0.054336,0.068968,0.045381,-0.053620,-0.053676,0.061322,0.069850
Cblu_HCT_CBI83579.1	Cblu_HCT_CBI83579.1	/content/drive/MyDrive/CS_5782_Final_Project/code_and_data/BAHD_lastLayer_embeddings/Cblu_HCT_CBI83579.1_hidden_layer_steps10.pt	acceptor_superclass::Phenolic acids (C6-C1);acceptor_superclass::Tyrosine alkaloids	acceptor_superclass::Coumarins;acceptor_superclass::Cyclic polyketides;acceptor_superclass::Flavonoids;acceptor_superclass::Isoflavonoids;acceptor_superclass::Lignans;acceptor_superclass::Lysine alkaloids;acceptor_superclass::Monoterpenoids;acceptor_superclass::Naphthalenes;acceptor_superclass::Ornithine alkaloids;acceptor_superclass::Phenanthrenoids;acceptor_superclass::Phenylpropanoids (C6-C3);acceptor_superclass::Pseudoalkaloids;acceptor_superclass::Saccharides;acceptor_superclass::Small peptides;acceptor_superclass::Tryptophan alkaloids;acceptor_superclass::Tyrosine alkaloids	0,0,0,0,0,0,0,0,0,0,0,0,0,1,0,0,0,0,0,0,0,0,1	1,1,0,0,0,1,1,1,1,1,1,1,1,0,0,1,1,1,1,0,0,1,1	0.103578,0.197445,-0.081448,-0.079707,-0.033580,0.005212,0.053624,0.035559,0.009789,0.065255,0.039990,0.011250,0.202563,-0.000772,-0.001187,0.015730,0.054336,0.068968,0.045381,-0.053620,-0.053676,0.061322,0.069850
Cblu_HCT_CBI83579.1	Cblu_HST_CBI83579.1	/content/drive/MyDrive/CS_5782_Final_Project/code_and_data/BAHD_lastLayer_embeddings/Cblu_HCT_CBI83579.1_hidden_layer_steps10.pt	acceptor_superclass::Phenolic acids (C6-C1);acceptor_superclass::Small peptides	acceptor_superclass::Coumarins;acceptor_superclass::Cyclic polyketides;acceptor_superclass::Diterpenoids;acceptor_superclass::Fatty Acids and Conjugates;acceptor_superclass::Flavonoids;acceptor_superclass::Lignans;acceptor_superclass::Ornithine alkaloids;acceptor_superclass::Phenolic acids (C6-C1);acceptor_superclass::Pseudoalkaloids;acceptor_superclass::Saccharides;acceptor_superclass::Triterpenoids	0,0,0,0,0,0,0,0,0,0,0,0,0,1,0,0,0,0,1,0,0,0,0	1,1,1,1,0,1,0,1,0,0,0,1,0,1,0,0,1,1,0,0,1,0,0	0.007297,0.065000,0.007190,0.006382,-0.074517,0.009489,-0.078592,0.100263,-0.117863,-0.075700,-0.089727,0.059689,-0.061442,0.097676,-0.019491,-0.064985,0.088856,0.001948,-0.082609,-0.011369,0.242431,-0.225254,-0.023508
Cblu_RAS_CAK55166.1	Cblu_RAS_CAK55166.1	/content/drive/MyDrive/CS_5782_Final_Project/code_and_data/BAHD_lastLayer_embeddings/Cblu_RAS_CAK55166.1_hidden_layer_steps10.pt	acceptor_superclass::Small peptides;acceptor_superclass::Tyrosine alkaloids	acceptor_superclass::Coumarins;acceptor_superclass::Cyclic polyketides;acceptor_superclass::Flavonoids;acceptor_superclass::Monoterpenoids;acceptor_superclass::Phenylethanoids (C6-C2);acceptor_superclass::Phenylpropanoids (C6-C3);acceptor_superclass::Saccharides;acceptor_superclass::Small peptides;acceptor_superclass::Tryptophan alkaloids;acceptor_superclass::Tyrosine alkaloids	0,0,0,0,0,0,0,0,0,0,0,0,0,0,0,0,0,0,1,0,0,0,1	1,1,0,0,0,1,0,0,0,1,0,0,0,0,1,1,0,1,1,0,0,1,1	0.134297,0.045496,-0.017216,-0.013915,-0.007559,0.047085,-0.030451,-0.005764,-0.045269,0.009238,-0.070009,-0.009879,-0.041999,-0.006754,0.028504,0.007573,-0.005475,0.027912,0.051142,-0.042927,-0.009991,0.092678,0.143618
Cbra_HQT-like_GBG71902.1	Cbra_HQT-like_GBG71902.1	/content/drive/MyDrive/CS_5782_Final_Project/code_and_data/BAHD_lastLayer_embeddings/Cbra_HQT-like_GBG71902.1_hidden_layer_steps10.pt	acceptor_superclass::Phenolic acids (C6-C1)	acceptor_superclass::Diterpenoids;acceptor_superclass::Fatty acyls;acceptor_superclass::Flavonoids;acceptor_superclass::Isoflavonoids;acceptor_superclass::Lignans;acceptor_superclass::Lysine alkaloids;acceptor_superclass::Phenanthrenoids;acceptor_superclass::Phenylethanoids (C6-C2);acceptor_superclass::Phenylpropanoids (C6-C3);acceptor_superclass::Saccharides;acceptor_superclass::Steroids;acceptor_superclass::Triterpenoids;acceptor_superclass::Tyrosine alkaloids	0,0,0,0,0,0,0,0,0,0,0,0,0,1,0,0,0,0,0,0,0,0,0	0,0,1,0,1,1,1,1,1,0,0,0,1,0,1,1,0,1,0,1,1,0,1	-0.022578,-0.020647,0.030924,-0.005503,0.028431,0.021797,0.023982,0.027042,0.020981,-0.010895,-0.003073,-0.037338,0.029294,-0.008554,0.010687,0.014747,-0.012423,0.017034,-0.004441,0.011177,0.004864,-0.028064,0.014506
Cbre_BEAT_AAC18062.1	Cbre_BEAT_AAC18062.1	/content/drive/MyDrive/CS_5782_Final_Project/code_and_data/BAHD_lastLayer_embeddings/Cbre_BEAT_AAC18062.1_hidden_layer_steps10.pt	acceptor_superclass::Phenanthrenoids;acceptor_superclass::Phenylethanoids (C6-C2);acceptor_superclass::Phenylpropanoids (C6-C3)	acceptor_superclass::Coumarins;acceptor_superclass::Cyclic polyketides;acceptor_superclass::Flavonoids;acceptor_superclass::Monoterpenoids;acceptor_superclass::Phenylethanoids (C6-C2);acceptor_superclass::Phenylpropanoids (C6-C3);acceptor_superclass::Saccharides;acceptor_superclass::Small peptides;acceptor_superclass::Tryptophan alkaloids;acceptor_superclass::Tyrosine alkaloids	0,0,0,0,0,0,0,0,0,0,0,0,1,0,1,1,0,0,0,0,0,0,0	1,1,0,0,0,1,0,0,0,1,0,0,0,0,1,1,0,1,1,0,0,1,1	0.134297,0.045496,-0.017216,-0.013915,-0.007559,0.047085,-0.030451,-0.005764,-0.045269,0.009238,-0.070009,-0.009879,-0.041998,-0.006754,0.028504,0.007573,-0.005475,0.027912,0.051142,-0.042927,-0.009991,0.092678,0.143618
Cbre_BEBT_AAN09796.1	Cbre_BEBT_AAN09796.1	/content/drive/MyDrive/CS_5782_Final_Project/code_and_data/BAHD_lastLayer_embeddings/Cbre_BEBT_AAN09796.1_hidden_layer_steps10.pt	acceptor_superclass::Phenylpropanoids (C6-C3)	acceptor_superclass::Diterpenoids;acceptor_superclass::Fatty acyls;acceptor_superclass::Flavonoids;acceptor_superclass::Isoflavonoids;acceptor_superclass::Lignans;acceptor_superclass::Lysine alkaloids;acceptor_superclass::Phenanthrenoids;acceptor_superclass::Phenylethanoids (C6-C2);acceptor_superclass::Phenylpropanoids (C6-C3);acceptor_superclass::Saccharides;acceptor_superclass::Steroids;acceptor_superclass::Triterpenoids;acceptor_superclass::Tyrosine alkaloids	0,0,0,0,0,0,0,0,0,0,0,0,0,0,0,1,0,0,0,0,0,0,0	0,0,1,0,1,1,1,1,1,0,0,0,1,0,1,1,0,1,0,1,1,0,1	-0.022578,-0.020647,0.030924,-0.005503,0.028431,0.021797,0.023982,0.027042,0.020981,-0.010895,-0.003073,-0.037338,0.029294,-0.008554,0.010687,0.014747,-0.012423,0.017034,-0.004441,0.011177,0.004864,-0.028064,0.014506
Ccan_HCT_ABO47805.1	Ccan_HCT_ABO47805.1	/content/drive/MyDrive/CS_5782_Final_Project/code_and_data/BAHD_lastLayer_embeddings/Ccan_HCT_ABO47805.1_hidden_layer_steps10.pt	acceptor_superclass::Phenolic acids (C6-C1);acceptor_superclass::Phenylpropanoids (C6-C3)	acceptor_superclass::Coumarins;acceptor_superclass::Cyclic polyketides;acceptor_superclass::Flavonoids;acceptor_superclass::Monoterpenoids;acceptor_superclass::Phenylethanoids (C6-C2);acceptor_superclass::Phenylpropanoids (C6-C3);acceptor_superclass::Saccharides;acceptor_superclass::Small peptides;acceptor_superclass::Tryptophan alkaloids;acceptor_superclass::Tyrosine alkaloids	0,0,0,0,0,0,0,0,0,0,0,0,0,1,0,1,0,0,0,0,0,0,0	1,1,0,0,0,1,0,0,0,1,0,0,0,0,1,1,0,1,1,0,0,1,1	0.134297,0.045496,-0.017216,-0.013915,-0.007559,0.047085,-0.030451,-0.005764,-0.045269,0.009238,-0.070009,-0.009879,-0.041998,-0.006754,0.028504,0.007573,-0.005475,0.027912,0.051142,-0.042927,-0.009991,0.092678,0.143618
Ccan_HQT_ABO77957.1	Ccan_HQT_ABO77957.1	/content/drive/MyDrive/CS_5782_Final_Project/code_and_data/BAHD_lastLayer_embeddings/Ccan_HQT_ABO77957.1_hidden_layer_steps10.pt	acceptor_superclass::Phenolic acids (C6-C1);acceptor_superclass::Phenylpropanoids (C6-C3)	acceptor_superclass::Coumarins;acceptor_superclass::Cyclic polyketides;acceptor_superclass::Flavonoids;acceptor_superclass::Monoterpenoids;acceptor_superclass::Phenylethanoids (C6-C2);acceptor_superclass::Phenylpropanoids (C6-C3);acceptor_superclass::Saccharides;acceptor_superclass::Small peptides;acceptor_superclass::Tryptophan alkaloids;acceptor_superclass::Tyrosine alkaloids	0,0,0,0,0,0,0,0,0,0,0,0,0,1,0,1,0,0,0,0,0,0,0	1,1,0,0,0,1,0,0,0,1,0,0,0,0,1,1,0,1,1,0,0,1,1	0.134297,0.045496,-0.017216,-0.013915,-0.007559,0.047085,-0.030451,-0.005764,-0.045269,0.009238,-0.070009,-0.009879,-0.041998,-0.006754,0.028504,0.007573,-0.005475,0.027912,0.051142,-0.042927,-0.009991,0.092678,0.143618
Ccar_HCT_AAZ80046.1	Ccar_HCT_AAZ80046.1	/content/drive/MyDrive/CS_5782_Final_Project/code_and_data/BAHD_lastLayer_embeddings/Ccar_HCT_AAZ80046.1_hidden_layer_steps10.pt	acceptor_superclass::Phenolic acids (C6-C1)	acceptor_superclass::Coumarins;acceptor_superclass::Cyclic polyketides;acceptor_superclass::Diterpenoids;acceptor_superclass::Fatty Acids and Conjugates;acceptor_superclass::Flavonoids;acceptor_superclass::Lignans;acceptor_superclass::Ornithine alkaloids;acceptor_superclass::Phenolic acids (C6-C1);acceptor_superclass::Pseudoalkaloids;acceptor_superclass::Saccharides;acceptor_superclass::Triterpenoids	0,0,0,0,0,0,0,0,0,0,0,0,0,1,0,0,0,0,0,0,0,0,0	1,1,1,1,0,1,0,1,0,0,0,1,0,1,0,0,1,1,0,0,1,0,0	0.007297,0.065000,0.007190,0.006382,-0.074517,0.009489,-0.078592,0.100263,-0.117863,-0.075700,-0.089727,0.059689,-0.061442,0.097676,-0.019492,-0.064985,0.088856,0.001947,-0.082609,-0.011369,0.242431,-0.225254,-0.023508
Ccar_HQT1_CAM84302.2	Ccar_HQT1_CAM84302.2	/content/drive/MyDrive/CS_5782_Final_Project/code_and_data/BAHD_lastLayer_embeddings/Ccar_HQT1_CAM84302.2_hidden_layer_steps10.pt	acceptor_superclass::Phenolic acids (C6-C1)	acceptor_superclass::Coumarins;acceptor_superclass::Cyclic polyketides;acceptor_superclass::Diterpenoids;acceptor_superclass::Fatty Acids and Conjugates;acceptor_superclass::Flavonoids;acceptor_superclass::Lignans;acceptor_superclass::Ornithine alkaloids;acceptor_superclass::Phenolic acids (C6-C1);acceptor_superclass::Pseudoalkaloids;acceptor_superclass::Saccharides;acceptor_superclass::Triterpenoids	0,0,0,0,0,0,0,0,0,0,0,0,0,1,0,0,0,0,0,0,0,0,0	1,1,1,1,0,1,0,1,0,0,0,1,0,1,0,0,1,1,0,0,1,0,0	0.007297,0.065000,0.007190,0.006382,-0.074517,0.009489,-0.078592,0.100263,-0.117863,-0.075700,-0.089727,0.059689,-0.061442,0.097676,-0.019492,-0.064985,0.088856,0.001947,-0.082610,-0.011369,0.242431,-0.225254,-0.023508
Ccar_HQT2_ACJ23164.1	Ccar_HQT2_ACJ23164.1	/content/drive/MyDrive/CS_5782_Final_Project/code_and_data/BAHD_lastLayer_embeddings/Ccar_HQT2_ACJ23164.1_hidden_layer_steps10.pt	acceptor_superclass::Phenolic acids (C6-C1)	acceptor_superclass::Coumarins;acceptor_superclass::Cyclic polyketides;acceptor_superclass::Flavonoids;acceptor_superclass::Monoterpenoids;acceptor_superclass::Phenylethanoids (C6-C2);acceptor_superclass::Phenylpropanoids (C6-C3);acceptor_superclass::Saccharides;acceptor_superclass::Small peptides;acceptor_superclass::Tryptophan alkaloids;acceptor_superclass::Tyrosine alkaloids	0,0,0,0,0,0,0,0,0,0,0,0,0,1,0,0,0,0,0,0,0,0,0	1,1,0,0,0,1,0,0,0,1,0,0,0,0,1,1,0,1,1,0,0,1,1	0.134297,0.045496,-0.017216,-0.013915,-0.007559,0.047085,-0.030451,-0.005764,-0.045269,0.009238,-0.070009,-0.009879,-0.041999,-0.006754,0.028504,0.007573,-0.005475,0.027912,0.051142,-0.042927,-0.009991,0.092678,0.143618
Ccar_HQT_ABK79689.1	Ccar_HQT_ABK79689.1	/content/drive/MyDrive/CS_5782_Final_Project/code_and_data/BAHD_lastLayer_embeddings/Ccar_HQT_ABK79689.1_hidden_layer_steps10.pt	acceptor_superclass::Phenolic acids (C6-C1)	acceptor_superclass::Coumarins;acceptor_superclass::Cyclic polyketides;acceptor_superclass::Flavonoids;acceptor_superclass::Monoterpenoids;acceptor_superclass::Phenylethanoids (C6-C2);acceptor_superclass::Phenylpropanoids (C6-C3);acceptor_superclass::Saccharides;acceptor_superclass::Small peptides;acceptor_superclass::Tryptophan alkaloids;acceptor_superclass::Tyrosine alkaloids	0,0,0,0,0,0,0,0,0,0,0,0,0,1,0,0,0,0,0,0,0,0,0	1,1,0,0,0,1,0,0,0,1,0,0,0,0,1,1,0,1,1,0,0,1,1	0.134297,0.045496,-0.017216,-0.013915,-0.007559,0.047085,-0.030451,-0.005764,-0.045269,0.009238,-0.070009,-0.009879,-0.041998,-0.006754,0.028504,0.007573,-0.005475,0.027912,0.051142,-0.042927,-0.009991,0.092678,0.143618
Ccar_HQT_ABK79690.1	Ccar_HQT_ABK79690.1	/content/drive/MyDrive/CS_5782_Final_Project/code_and_data/BAHD_lastLayer_embeddings/Ccar_HQT_ABK79690.1_hidden_layer_steps10.pt	acceptor_superclass::Phenolic acids (C6-C1)	acceptor_superclass::Coumarins;acceptor_superclass::Diterpenoids;acceptor_superclass::Fatty Acids and Conjugates;acceptor_superclass::Fatty acyls;acceptor_superclass::Isoflavonoids;acceptor_superclass::Lignans;acceptor_superclass::Monoterpenoids;acceptor_superclass::Naphthalenes;acceptor_superclass::Phenanthrenoids;acceptor_superclass::Phenolic acids (C6-C1);acceptor_superclass::Phenylpropanoids (C6-C3);acceptor_superclass::Steroids	0,0,0,0,0,0,0,0,0,0,0,0,0,1,0,0,0,0,0,0,0,0,0	1,0,1,1,1,0,1,1,0,1,1,0,1,1,0,1,0,0,0,1,0,0,0	0.051902,-0.095314,0.016876,0.313480,0.046536,-0.015457,0.374412,0.164497,-0.133358,0.063615,0.120351,-0.192486,0.212849,0.102015,-0.089361,0.065212,-0.166238,-0.127026,-0.006399,0.140031,-0.243017,-0.052519,-0.135495
Cchi_AT3_AAV66309.1	Cchi_AT3_AAV66309.1	/content/drive/MyDrive/CS_5782_Final_Project/code_and_data/BAHD_lastLayer_embeddings/Cchi_AT3_AAV66309.1_hidden_layer_steps10.pt	acceptor_superclass::Tyrosine alkaloids	acceptor_superclass::Diterpenoids;acceptor_superclass::Fatty acyls;acceptor_superclass::Flavonoids;acceptor_superclass::Isoflavonoids;acceptor_superclass::Lignans;acceptor_superclass::Lysine alkaloids;acceptor_superclass::Phenanthrenoids;acceptor_superclass::Phenylethanoids (C6-C2);acceptor_superclass::Phenylpropanoids (C6-C3);acceptor_superclass::Saccharides;acceptor_superclass::Steroids;acceptor_superclass::Triterpenoids;acceptor_superclass::Tyrosine alkaloids	0,0,0,0,0,0,0,0,0,0,0,0,0,0,0,0,0,0,0,0,0,0,1	0,0,1,0,1,1,1,1,1,0,0,0,1,0,1,1,0,1,0,1,1,0,1	-0.022578,-0.020647,0.030924,-0.005503,0.028431,0.021797,0.023982,0.027042,0.020981,-0.010895,-0.003073,-0.037338,0.029294,-0.008554,0.010687,0.014747,-0.012423,0.017034,-0.004441,0.011177,0.004864,-0.028064,0.014506
Ccro_AT1_AXB26761.1	Ccro_AT1_AXB26761.1	/content/drive/MyDrive/CS_5782_Final_Project/code_and_data/BAHD_lastLayer_embeddings/Ccro_AT1_AXB26761.1_hidden_layer_steps10.pt	acceptor_superclass::Flavonoids	acceptor_superclass::Coumarins;acceptor_superclass::Cyclic polyketides;acceptor_superclass::Flavonoids;acceptor_superclass::Isoflavonoids;acceptor_superclass::Lignans;acceptor_superclass::Lysine alkaloids;acceptor_superclass::Monoterpenoids;acceptor_superclass::Naphthalenes;acceptor_superclass::Ornithine alkaloids;acceptor_superclass::Phenanthrenoids;acceptor_superclass::Phenylpropanoids (C6-C3);acceptor_superclass::Pseudoalkaloids;acceptor_superclass::Saccharides;acceptor_superclass::Small peptides;acceptor_superclass::Tryptophan alkaloids;acceptor_superclass::Tyrosine alkaloids	0,0,0,0,0,1,0,0,0,0,0,0,0,0,0,0,0,0,0,0,0,0,0	1,1,0,0,0,1,1,1,1,1,1,1,1,0,0,1,1,1,1,0,0,1,1	0.103578,0.197445,-0.081448,-0.079707,-0.033580,0.005212,0.053624,0.035559,0.009789,0.065255,0.039990,0.011250,0.202564,-0.000772,-0.001187,0.015730,0.054336,0.068968,0.045381,-0.053620,-0.053676,0.061322,0.069850
Ccro_AT1_AXB26761.1	Ccro_AT2_AXB26761.1	/content/drive/MyDrive/CS_5782_Final_Project/code_and_data/BAHD_lastLayer_embeddings/Ccro_AT1_AXB26761.1_hidden_layer_steps10.pt	acceptor_superclass::Flavonoids	acceptor_superclass::Coumarins;acceptor_superclass::Diterpenoids;acceptor_superclass::Fatty Acids and Conjugates;acceptor_superclass::Fatty acyls;acceptor_superclass::Isoflavonoids;acceptor_superclass::Lignans;acceptor_superclass::Monoterpenoids;acceptor_superclass::Naphthalenes;acceptor_superclass::Phenanthrenoids;acceptor_superclass::Phenolic acids (C6-C1);acceptor_superclass::Phenylpropanoids (C6-C3);acceptor_superclass::Steroids	0,0,0,0,0,1,0,0,0,0,0,0,0,0,0,0,0,0,0,0,0,0,0	1,0,1,1,1,0,1,1,0,1,1,0,1,1,0,1,0,0,0,1,0,0,0	0.051901,-0.095317,0.016875,0.313477,0.046538,-0.015457,0.374410,0.164496,-0.133358,0.063613,0.120351,-0.192482,0.212853,0.102015,-0.089359,0.065213,-0.166239,-0.127023,-0.006399,0.140028,-0.243017,-0.052515,-0.135496
Ccro_AT2_AXB26762.1	Ccro_AT2_AXB26762.1	/content/drive/MyDrive/CS_5782_Final_Project/code_and_data/BAHD_lastLayer_embeddings/Ccro_AT2_AXB26762.1_hidden_layer_steps10.pt	acceptor_superclass::Flavonoids	acceptor_superclass::Diterpenoids;acceptor_superclass::Fatty acyls;acceptor_superclass::Flavonoids;acceptor_superclass::Isoflavonoids;acceptor_superclass::Lignans;acceptor_superclass::Lysine alkaloids;acceptor_superclass::Phenanthrenoids;acceptor_superclass::Phenylethanoids (C6-C2);acceptor_superclass::Phenylpropanoids (C6-C3);acceptor_superclass::Saccharides;acceptor_superclass::Steroids;acceptor_superclass::Triterpenoids;acceptor_superclass::Tyrosine alkaloids	0,0,0,0,0,1,0,0,0,0,0,0,0,0,0,0,0,0,0,0,0,0,0	0,0,1,0,1,1,1,1,1,0,0,0,1,0,1,1,0,1,0,1,1,0,1	-0.022578,-0.020647,0.030924,-0.005503,0.028431,0.021797,0.023982,0.027042,0.020981,-0.010895,-0.003073,-0.037338,0.029294,-0.008554,0.010687,0.014747,-0.012423,0.017034,-0.004441,0.011177,0.004864,-0.028064,0.014506
Ccro_HCT_WKA69991.1	Ccro_HCT_WKA69991.1	/content/drive/MyDrive/CS_5782_Final_Project/code_and_data/BAHD_lastLayer_embeddings/Ccro_HCT_WKA69991.1_hidden_layer_steps10.pt	acceptor_superclass::Phenolic acids (C6-C1)	acceptor_superclass::Coumarins;acceptor_superclass::Diterpenoids;acceptor_superclass::Fatty Acids and Conjugates;acceptor_superclass::Fatty acyls;acceptor_superclass::Isoflavonoids;acceptor_superclass::Lignans;acceptor_superclass::Monoterpenoids;acceptor_superclass::Naphthalenes;acceptor_superclass::Phenanthrenoids;acceptor_superclass::Phenolic acids (C6-C1);acceptor_superclass::Phenylpropanoids (C6-C3);acceptor_superclass::Steroids	0,0,0,0,0,0,0,0,0,0,0,0,0,1,0,0,0,0,0,0,0,0,0	1,0,1,1,1,0,1,1,0,1,1,0,1,1,0,1,0,0,0,1,0,0,0	0.051901,-0.095314,0.016876,0.313479,0.046536,-0.015457,0.374412,0.164497,-0.133358,0.063615,0.120351,-0.192486,0.212850,0.102015,-0.089361,0.065212,-0.166238,-0.127026,-0.006399,0.140031,-0.243017,-0.052519,-0.135495
Cint_HCT1_ANN12608.1	Cint_HCT1_ANN12608.1	/content/drive/MyDrive/CS_5782_Final_Project/code_and_data/BAHD_lastLayer_embeddings/Cint_HCT1_ANN12608.1_hidden_layer_steps10.pt	acceptor_superclass::Phenolic acids (C6-C1)	acceptor_superclass::Coumarins;acceptor_superclass::Cyclic polyketides;acceptor_superclass::Flavonoids;acceptor_superclass::Isoflavonoids;acceptor_superclass::Lignans;acceptor_superclass::Lysine alkaloids;acceptor_superclass::Monoterpenoids;acceptor_superclass::Naphthalenes;acceptor_superclass::Ornithine alkaloids;acceptor_superclass::Phenanthrenoids;acceptor_superclass::Phenylpropanoids (C6-C3);acceptor_superclass::Pseudoalkaloids;acceptor_superclass::Saccharides;acceptor_superclass::Small peptides;acceptor_superclass::Tryptophan alkaloids;acceptor_superclass::Tyrosine alkaloids	0,0,0,0,0,0,0,0,0,0,0,0,0,1,0,0,0,0,0,0,0,0,0	1,1,0,0,0,1,1,1,1,1,1,1,1,0,0,1,1,1,1,0,0,1,1	0.103578,0.197445,-0.081448,-0.079707,-0.033580,0.005212,0.053624,0.035559,0.009789,0.065255,0.039989,0.011250,0.202563,-0.000772,-0.001186,0.015730,0.054336,0.068968,0.045381,-0.053620,-0.053676,0.061322,0.069850
Cint_HCT2_ANN12609.1	Cint_HCT2_ANN12609.1	/content/drive/MyDrive/CS_5782_Final_Project/code_and_data/BAHD_lastLayer_embeddings/Cint_HCT2_ANN12609.1_hidden_layer_steps10.pt	acceptor_superclass::Phenolic acids (C6-C1)	acceptor_superclass::Diterpenoids;acceptor_superclass::Fatty acyls;acceptor_superclass::Flavonoids;acceptor_superclass::Isoflavonoids;acceptor_superclass::Lignans;acceptor_superclass::Lysine alkaloids;acceptor_superclass::Phenanthrenoids;acceptor_superclass::Phenylethanoids (C6-C2);acceptor_superclass::Phenylpropanoids (C6-C3);acceptor_superclass::Saccharides;acceptor_superclass::Steroids;acceptor_superclass::Triterpenoids;acceptor_superclass::Tyrosine alkaloids	0,0,0,0,0,0,0,0,0,0,0,0,0,1,0,0,0,0,0,0,0,0,0	0,0,1,0,1,1,1,1,1,0,0,0,1,0,1,1,0,1,0,1,1,0,1	-0.022578,-0.020647,0.030924,-0.005503,0.028431,0.021797,0.023982,0.027042,0.020981,-0.010895,-0.003073,-0.037337,0.029294,-0.008554,0.010687,0.014747,-0.012423,0.017034,-0.004441,0.011177,0.004864,-0.028064,0.014506
Cint_HQT1_ANN12610.1	Cint_HQT1_ANN12610.1	/content/drive/MyDrive/CS_5782_Final_Project/code_and_data/BAHD_lastLayer_embeddings/Cint_HQT1_ANN12610.1_hidden_layer_steps10.pt	acceptor_superclass::Phenolic acids (C6-C1)	acceptor_superclass::Coumarins;acceptor_superclass::Cyclic polyketides;acceptor_superclass::Diterpenoids;acceptor_superclass::Fatty Acids and Conjugates;acceptor_superclass::Flavonoids;acceptor_superclass::Lignans;acceptor_superclass::Ornithine alkaloids;acceptor_superclass::Phenolic acids (C6-C1);acceptor_superclass::Pseudoalkaloids;acceptor_superclass::Saccharides;acceptor_superclass::Triterpenoids	0,0,0,0,0,0,0,0,0,0,0,0,0,1,0,0,0,0,0,0,0,0,0	1,1,1,1,0,1,0,1,0,0,0,1,0,1,0,0,1,1,0,0,1,0,0	0.007297,0.065000,0.007191,0.006382,-0.074517,0.009489,-0.078592,0.100263,-0.117863,-0.075700,-0.089728,0.059689,-0.061442,0.097676,-0.019492,-0.064985,0.088856,0.001947,-0.082610,-0.011369,0.242432,-0.225254,-0.023508
Cint_HQT2_ANN12611.1	Cint_HQT2_ANN12611.1	/content/drive/MyDrive/CS_5782_Final_Project/code_and_data/BAHD_lastLayer_embeddings/Cint_HQT2_ANN12611.1_hidden_layer_steps10.pt	acceptor_superclass::Phenolic acids (C6-C1)	acceptor_superclass::Coumarins;acceptor_superclass::Cyclic polyketides;acceptor_superclass::Flavonoids;acceptor_superclass::Isoflavonoids;acceptor_superclass::Lignans;acceptor_superclass::Lysine alkaloids;acceptor_superclass::Monoterpenoids;acceptor_superclass::Naphthalenes;acceptor_superclass::Ornithine alkaloids;acceptor_superclass::Phenanthrenoids;acceptor_superclass::Phenylpropanoids (C6-C3);acceptor_superclass::Pseudoalkaloids;acceptor_superclass::Saccharides;acceptor_superclass::Small peptides;acceptor_superclass::Tryptophan alkaloids;acceptor_superclass::Tyrosine alkaloids	0,0,0,0,0,0,0,0,0,0,0,0,0,1,0,0,0,0,0,0,0,0,0	1,1,0,0,0,1,1,1,1,1,1,1,1,0,0,1,1,1,1,0,0,1,1	0.103578,0.197445,-0.081448,-0.079707,-0.033580,0.005212,0.053624,0.035559,0.009789,0.065255,0.039989,0.011250,0.202563,-0.000772,-0.001186,0.015730,0.054336,0.068968,0.045381,-0.053620,-0.053676,0.061322,0.069850
Cint_HQT3_ANN12612.1	Cint_HQT3_ANN12612.1	/content/drive/MyDrive/CS_5782_Final_Project/code_and_data/BAHD_lastLayer_embeddings/Cint_HQT3_ANN12612.1_hidden_layer_steps10.pt	acceptor_superclass::Phenolic acids (C6-C1)	acceptor_superclass::Coumarins;acceptor_superclass::Cyclic polyketides;acceptor_superclass::Flavonoids;acceptor_superclass::Isoflavonoids;acceptor_superclass::Lignans;acceptor_superclass::Lysine alkaloids;acceptor_superclass::Monoterpenoids;acceptor_superclass::Naphthalenes;acceptor_superclass::Ornithine alkaloids;acceptor_superclass::Phenanthrenoids;acceptor_superclass::Phenylpropanoids (C6-C3);acceptor_superclass::Pseudoalkaloids;acceptor_superclass::Saccharides;acceptor_superclass::Small peptides;acceptor_superclass::Tryptophan alkaloids;acceptor_superclass::Tyrosine alkaloids	0,0,0,0,0,0,0,0,0,0,0,0,0,1,0,0,0,0,0,0,0,0,0	1,1,0,0,0,1,1,1,1,1,1,1,1,0,0,1,1,1,1,0,0,1,1	0.103578,0.197445,-0.081448,-0.079707,-0.033580,0.005212,0.053624,0.035559,0.009789,0.065255,0.039989,0.011250,0.202564,-0.000772,-0.001186,0.015730,0.054336,0.068968,0.045381,-0.053620,-0.053676,0.061322,0.069850
Cint_SHT1_AXY93625.1	Cint_SHT1_AXY93625.1	/content/drive/MyDrive/CS_5782_Final_Project/code_and_data/BAHD_lastLayer_embeddings/Cint_SHT1_AXY93625.1_hidden_layer_steps10.pt	acceptor_superclass::Ornithine alkaloids;acceptor_superclass::Phenolic acids (C6-C1);acceptor_superclass::Pseudoalkaloids	acceptor_superclass::Coumarins;acceptor_superclass::Cyclic polyketides;acceptor_superclass::Diterpenoids;acceptor_superclass::Fatty Acids and Conjugates;acceptor_superclass::Flavonoids;acceptor_superclass::Lignans;acceptor_superclass::Ornithine alkaloids;acceptor_superclass::Phenolic acids (C6-C1);acceptor_superclass::Pseudoalkaloids;acceptor_superclass::Saccharides;acceptor_superclass::Triterpenoids	0,0,0,0,0,0,0,0,0,0,0,1,0,1,0,0,1,0,0,0,0,0,0	1,1,1,1,0,1,0,1,0,0,0,1,0,1,0,0,1,1,0,0,1,0,0	0.007297,0.065000,0.007190,0.006382,-0.074517,0.009489,-0.078592,0.100263,-0.117863,-0.075700,-0.089727,0.059689,-0.061442,0.097676,-0.019491,-0.064985,0.088856,0.001948,-0.082609,-0.011369,0.242431,-0.225254,-0.023508
Cint_SHT2_AXY93626.1	Cint_SHT2_AXY93626.1	/content/drive/MyDrive/CS_5782_Final_Project/code_and_data/BAHD_lastLayer_embeddings/Cint_SHT2_AXY93626.1_hidden_layer_steps10.pt	acceptor_superclass::Ornithine alkaloids;acceptor_superclass::Phenolic acids (C6-C1);acceptor_superclass::Pseudoalkaloids	acceptor_superclass::Coumarins;acceptor_superclass::Cyclic polyketides;acceptor_superclass::Flavonoids;acceptor_superclass::Monoterpenoids;acceptor_superclass::Phenylethanoids (C6-C2);acceptor_superclass::Phenylpropanoids (C6-C3);acceptor_superclass::Saccharides;acceptor_superclass::Small peptides;acceptor_superclass::Tryptophan alkaloids;acceptor_superclass::Tyrosine alkaloids	0,0,0,0,0,0,0,0,0,0,0,1,0,1,0,0,1,0,0,0,0,0,0	1,1,0,0,0,1,0,0,0,1,0,0,0,0,1,1,0,1,1,0,0,1,1	0.134297,0.045496,-0.017216,-0.013915,-0.007559,0.047085,-0.030451,-0.005764,-0.045269,0.009238,-0.070009,-0.009879,-0.041999,-0.006754,0.028504,0.007573,-0.005475,0.027912,0.051142,-0.042927,-0.009991,0.092678,0.143618
Cmel_AAT1_CAA94432.1	Cmel_AAT1_CAA94432.1	/content/drive/MyDrive/CS_5782_Final_Project/code_and_data/BAHD_lastLayer_embeddings/Cmel_AAT1_CAA94432.1_hidden_layer_steps10.pt	acceptor_superclass::Fatty acyls;acceptor_superclass::Phenylethanoids (C6-C2);acceptor_superclass::Phenylpropanoids (C6-C3)	acceptor_superclass::Coumarins;acceptor_superclass::Cyclic polyketides;acceptor_superclass::Flavonoids;acceptor_superclass::Monoterpenoids;acceptor_superclass::Phenylethanoids (C6-C2);acceptor_superclass::Phenylpropanoids (C6-C3);acceptor_superclass::Saccharides;acceptor_superclass::Small peptides;acceptor_superclass::Tryptophan alkaloids;acceptor_superclass::Tyrosine alkaloids	0,0,0,0,1,0,0,0,0,0,0,0,0,0,1,1,0,0,0,0,0,0,0	1,1,0,0,0,1,0,0,0,1,0,0,0,0,1,1,0,1,1,0,0,1,1	0.134297,0.045496,-0.017216,-0.013915,-0.007559,0.047085,-0.030451,-0.005764,-0.045269,0.009238,-0.070009,-0.009879,-0.041998,-0.006754,0.028504,0.007573,-0.005475,0.027912,0.051142,-0.042927,-0.009991,0.092678,0.143618
Cmel_AAT3_AAW51125.1	Cmel_AAT3_AAW51125.1	/content/drive/MyDrive/CS_5782_Final_Project/code_and_data/BAHD_lastLayer_embeddings/Cmel_AAT3_AAW51125.1_hidden_layer_steps10.pt	acceptor_superclass::Fatty acyls	acceptor_superclass::Coumarins;acceptor_superclass::Cyclic polyketides;acceptor_superclass::Flavonoids;acceptor_superclass::Isoflavonoids;acceptor_superclass::Lignans;acceptor_superclass::Lysine alkaloids;acceptor_superclass::Monoterpenoids;acceptor_superclass::Naphthalenes;acceptor_superclass::Ornithine alkaloids;acceptor_superclass::Phenanthrenoids;acceptor_superclass::Phenylpropanoids (C6-C3);acceptor_superclass::Pseudoalkaloids;acceptor_superclass::Saccharides;acceptor_superclass::Small peptides;acceptor_superclass::Tryptophan alkaloids;acceptor_superclass::Tyrosine alkaloids	0,0,0,0,1,0,0,0,0,0,0,0,0,0,0,0,0,0,0,0,0,0,0	1,1,0,0,0,1,1,1,1,1,1,1,1,0,0,1,1,1,1,0,0,1,1	0.103578,0.197445,-0.081448,-0.079707,-0.033580,0.005212,0.053624,0.035559,0.009789,0.065255,0.039990,0.011250,0.202563,-0.000772,-0.001187,0.015730,0.054336,0.068968,0.045381,-0.053620,-0.053676,0.061322,0.069850
Cmel_AAT4_AAW51126.1	Cmel_AAT4_AAW51126.1	/content/drive/MyDrive/CS_5782_Final_Project/code_and_data/BAHD_lastLayer_embeddings/Cmel_AAT4_AAW51126.1_hidden_layer_steps10.pt	acceptor_superclass::Fatty acyls;acceptor_superclass::Monoterpenoids;acceptor_superclass::Phenylpropanoids (C6-C3)	acceptor_superclass::Coumarins;acceptor_superclass::Cyclic polyketides;acceptor_superclass::Flavonoids;acceptor_superclass::Monoterpenoids;acceptor_superclass::Phenylethanoids (C6-C2);acceptor_superclass::Phenylpropanoids (C6-C3);acceptor_superclass::Saccharides;acceptor_superclass::Small peptides;acceptor_superclass::Tryptophan alkaloids;acceptor_superclass::Tyrosine alkaloids	0,0,0,0,1,0,0,0,0,1,0,0,0,0,0,1,0,0,0,0,0,0,0	1,1,0,0,0,1,0,0,0,1,0,0,0,0,1,1,0,1,1,0,0,1,1	0.134297,0.045496,-0.017216,-0.013915,-0.007559,0.047085,-0.030451,-0.005764,-0.045269,0.009238,-0.070009,-0.009879,-0.041999,-0.006754,0.028504,0.007573,-0.005475,0.027912,0.051142,-0.042927,-0.009991,0.092678,0.143618
Cros_DAT_AAC99311.1	Cros_DAT_AAC99311.1	/content/drive/MyDrive/CS_5782_Final_Project/code_and_data/BAHD_lastLayer_embeddings/Cros_DAT_AAC99311.1_hidden_layer_steps10.pt	acceptor_superclass::Tryptophan alkaloids	acceptor_superclass::Coumarins;acceptor_superclass::Diterpenoids;acceptor_superclass::Fatty Acids and Conjugates;acceptor_superclass::Fatty acyls;acceptor_superclass::Isoflavonoids;acceptor_superclass::Lignans;acceptor_superclass::Monoterpenoids;acceptor_superclass::Naphthalenes;acceptor_superclass::Phenanthrenoids;acceptor_superclass::Phenolic acids (C6-C1);acceptor_superclass::Phenylpropanoids (C6-C3);acceptor_superclass::Steroids	0,0,0,0,0,0,0,0,0,0,0,0,0,0,0,0,0,0,0,0,0,1,0	1,0,1,1,1,0,1,1,0,1,1,0,1,1,0,1,0,0,0,1,0,0,0	0.051901,-0.095315,0.016876,0.313479,0.046537,-0.015457,0.374411,0.164497,-0.133358,0.063614,0.120351,-0.192485,0.212851,0.102015,-0.089361,0.065212,-0.166238,-0.127025,-0.006399,0.140030,-0.243017,-0.052518,-0.135495
Cros_MAT_AAO13736.1	Cros_MAT_AAO13736.1	/content/drive/MyDrive/CS_5782_Final_Project/code_and_data/BAHD_lastLayer_embeddings/Cros_MAT_AAO13736.1_hidden_layer_steps10.pt	acceptor_superclass::Tryptophan alkaloids	acceptor_superclass::Diterpenoids;acceptor_superclass::Fatty acyls;acceptor_superclass::Flavonoids;acceptor_superclass::Isoflavonoids;acceptor_superclass::Lignans;acceptor_superclass::Lysine alkaloids;acceptor_superclass::Phenanthrenoids;acceptor_superclass::Phenylethanoids (C6-C2);acceptor_superclass::Phenylpropanoids (C6-C3);acceptor_superclass::Saccharides;acceptor_superclass::Steroids;acceptor_superclass::Triterpenoids;acceptor_superclass::Tyrosine alkaloids	0,0,0,0,0,0,0,0,0,0,0,0,0,0,0,0,0,0,0,0,0,1,0	0,0,1,0,1,1,1,1,1,0,0,0,1,0,1,1,0,1,0,1,1,0,1	-0.022578,-0.020647,0.030924,-0.005503,0.028431,0.021797,0.023982,0.027042,0.020981,-0.010895,-0.003073,-0.037338,0.029294,-0.008554,0.010687,0.014747,-0.012423,0.017034,-0.004441,0.011177,0.004864,-0.028064,0.014506
Cros_TAT_AQP25667.1	Cros_TAT_AQP25667.1	/content/drive/MyDrive/CS_5782_Final_Project/code_and_data/BAHD_lastLayer_embeddings/Cros_TAT_AQP25667.1_hidden_layer_steps10.pt	acceptor_superclass::Tryptophan alkaloids	acceptor_superclass::Coumarins;acceptor_superclass::Cyclic polyketides;acceptor_superclass::Diterpenoids;acceptor_superclass::Fatty Acids and Conjugates;acceptor_superclass::Flavonoids;acceptor_superclass::Lignans;acceptor_superclass::Ornithine alkaloids;acceptor_superclass::Phenolic acids (C6-C1);acceptor_superclass::Pseudoalkaloids;acceptor_superclass::Saccharides;acceptor_superclass::Triterpenoids	0,0,0,0,0,0,0,0,0,0,0,0,0,0,0,0,0,0,0,0,0,1,0	1,1,1,1,0,1,0,1,0,0,0,1,0,1,0,0,1,1,0,0,1,0,0	0.007297,0.064999,0.007190,0.006382,-0.074517,0.009489,-0.078592,0.100263,-0.117863,-0.075700,-0.089727,0.059689,-0.061441,0.097676,-0.019491,-0.064985,0.088856,0.001948,-0.082609,-0.011369,0.242431,-0.225254,-0.023508
Csat_HCT_AEJ88365.1	Csat_HCT_AEJ88365.1	/content/drive/MyDrive/CS_5782_Final_Project/code_and_data/BAHD_lastLayer_embeddings/Csat_HCT_AEJ88365.1_hidden_layer_steps10.pt	acceptor_superclass::Phenolic acids (C6-C1)	acceptor_superclass::Coumarins;acceptor_superclass::Diterpenoids;acceptor_superclass::Fatty Acids and Conjugates;acceptor_superclass::Fatty acyls;acceptor_superclass::Isoflavonoids;acceptor_superclass::Lignans;acceptor_superclass::Monoterpenoids;acceptor_superclass::Naphthalenes;acceptor_superclass::Phenanthrenoids;acceptor_superclass::Phenolic acids (C6-C1);acceptor_superclass::Phenylpropanoids (C6-C3);acceptor_superclass::Steroids	0,0,0,0,0,0,0,0,0,0,0,0,0,1,0,0,0,0,0,0,0,0,0	1,0,1,1,1,0,1,1,0,1,1,0,1,1,0,1,0,0,0,1,0,0,0	0.051901,-0.095314,0.016876,0.313479,0.046536,-0.015457,0.374412,0.164497,-0.133358,0.063615,0.120351,-0.192486,0.212850,0.102015,-0.089361,0.065212,-0.166238,-0.127026,-0.006399,0.140030,-0.243017,-0.052518,-0.135495
Csco_HQT1_CAM84302.2	Csco_HQT1_CAM84302.2	/content/drive/MyDrive/CS_5782_Final_Project/code_and_data/BAHD_lastLayer_embeddings/Csco_HQT1_CAM84302.2_hidden_layer_steps10.pt	acceptor_superclass::Phenolic acids (C6-C1)	acceptor_superclass::Coumarins;acceptor_superclass::Cyclic polyketides;acceptor_superclass::Flavonoids;acceptor_superclass::Monoterpenoids;acceptor_superclass::Phenylethanoids (C6-C2);acceptor_superclass::Phenylpropanoids (C6-C3);acceptor_superclass::Saccharides;acceptor_superclass::Small peptides;acceptor_superclass::Tryptophan alkaloids;acceptor_superclass::Tyrosine alkaloids	0,0,0,0,0,0,0,0,0,0,0,0,0,1,0,0,0,0,0,0,0,0,0	1,1,0,0,0,1,0,0,0,1,0,0,0,0,1,1,0,1,1,0,0,1,1	0.134297,0.045496,-0.017216,-0.013915,-0.007559,0.047085,-0.030451,-0.005764,-0.045270,0.009238,-0.070009,-0.009879,-0.041998,-0.006754,0.028504,0.007573,-0.005475,0.027912,0.051142,-0.042927,-0.009991,0.092678,0.143618
Csco_HQT2_ACJ23164.1	Csco_HQT2_ACJ23164.1	/content/drive/MyDrive/CS_5782_Final_Project/code_and_data/BAHD_lastLayer_embeddings/Csco_HQT2_ACJ23164.1_hidden_layer_steps10.pt	acceptor_superclass::Phenolic acids (C6-C1)	acceptor_superclass::Coumarins;acceptor_superclass::Cyclic polyketides;acceptor_superclass::Flavonoids;acceptor_superclass::Isoflavonoids;acceptor_superclass::Lignans;acceptor_superclass::Lysine alkaloids;acceptor_superclass::Monoterpenoids;acceptor_superclass::Naphthalenes;acceptor_superclass::Ornithine alkaloids;acceptor_superclass::Phenanthrenoids;acceptor_superclass::Phenylpropanoids (C6-C3);acceptor_superclass::Pseudoalkaloids;acceptor_superclass::Saccharides;acceptor_superclass::Small peptides;acceptor_superclass::Tryptophan alkaloids;acceptor_superclass::Tyrosine alkaloids	0,0,0,0,0,0,0,0,0,0,0,0,0,1,0,0,0,0,0,0,0,0,0	1,1,0,0,0,1,1,1,1,1,1,1,1,0,0,1,1,1,1,0,0,1,1	0.103578,0.197445,-0.081448,-0.079707,-0.033580,0.005212,0.053624,0.035559,0.009789,0.065255,0.039989,0.011250,0.202564,-0.000772,-0.001186,0.015730,0.054336,0.068969,0.045381,-0.053620,-0.053676,0.061322,0.069850
Csin_AT1_THG04858.1	Csin_AT1_THG04858.1	/content/drive/MyDrive/CS_5782_Final_Project/code_and_data/BAHD_lastLayer_embeddings/Csin_AT1_THG04858.1_hidden_layer_steps10.pt	acceptor_superclass::Flavonoids	acceptor_superclass::Coumarins;acceptor_superclass::Cyclic polyketides;acceptor_superclass::Flavonoids;acceptor_superclass::Monoterpenoids;acceptor_superclass::Phenylethanoids (C6-C2);acceptor_superclass::Phenylpropanoids (C6-C3);acceptor_superclass::Saccharides;acceptor_superclass::Small peptides;acceptor_superclass::Tryptophan alkaloids;acceptor_superclass::Tyrosine alkaloids	0,0,0,0,0,1,0,0,0,0,0,0,0,0,0,0,0,0,0,0,0,0,0	1,1,0,0,0,1,0,0,0,1,0,0,0,0,1,1,0,1,1,0,0,1,1	0.134296,0.045496,-0.017216,-0.013915,-0.007559,0.047085,-0.030451,-0.005764,-0.045270,0.009238,-0.070009,-0.009879,-0.041998,-0.006754,0.028504,0.007573,-0.005475,0.027912,0.051142,-0.042927,-0.009991,0.092678,0.143618
Csin_AT2_THG19836.1	Csin_AT2_THG19836.1	/content/drive/MyDrive/CS_5782_Final_Project/code_and_data/BAHD_lastLayer_embeddings/Csin_AT2_THG19836.1_hidden_layer_steps10.pt	acceptor_superclass::Flavonoids	acceptor_superclass::Coumarins;acceptor_superclass::Cyclic polyketides;acceptor_superclass::Diterpenoids;acceptor_superclass::Fatty Acids and Conjugates;acceptor_superclass::Flavonoids;acceptor_superclass::Lignans;acceptor_superclass::Ornithine alkaloids;acceptor_superclass::Phenolic acids (C6-C1);acceptor_superclass::Pseudoalkaloids;acceptor_superclass::Saccharides;acceptor_superclass::Triterpenoids	0,0,0,0,0,1,0,0,0,0,0,0,0,0,0,0,0,0,0,0,0,0,0	1,1,1,1,0,1,0,1,0,0,0,1,0,1,0,0,1,1,0,0,1,0,0	0.007297,0.065000,0.007190,0.006382,-0.074517,0.009489,-0.078592,0.100263,-0.117863,-0.075700,-0.089727,0.059689,-0.061442,0.097676,-0.019491,-0.064985,0.088856,0.001948,-0.082609,-0.011369,0.242431,-0.225254,-0.023508
Csin_CHAT1_GMQ03793.1	Csin_CHAT1_GMQ03793.1	/content/drive/MyDrive/CS_5782_Final_Project/code_and_data/BAHD_lastLayer_embeddings/Csin_CHAT1_GMQ03793.1_hidden_layer_steps10.pt	acceptor_superclass::Fatty acyls	acceptor_superclass::Coumarins;acceptor_superclass::Cyclic polyketides;acceptor_superclass::Flavonoids;acceptor_superclass::Isoflavonoids;acceptor_superclass::Lignans;acceptor_superclass::Lysine alkaloids;acceptor_superclass::Monoterpenoids;acceptor_superclass::Naphthalenes;acceptor_superclass::Ornithine alkaloids;acceptor_superclass::Phenanthrenoids;acceptor_superclass::Phenylpropanoids (C6-C3);acceptor_superclass::Pseudoalkaloids;acceptor_superclass::Saccharides;acceptor_superclass::Small peptides;acceptor_superclass::Tryptophan alkaloids;acceptor_superclass::Tyrosine alkaloids	0,0,0,0,1,0,0,0,0,0,0,0,0,0,0,0,0,0,0,0,0,0,0	1,1,0,0,0,1,1,1,1,1,1,1,1,0,0,1,1,1,1,0,0,1,1	0.103578,0.197445,-0.081448,-0.079707,-0.033580,0.005212,0.053624,0.035559,0.009789,0.065255,0.039989,0.011250,0.202564,-0.000772,-0.001186,0.015730,0.054336,0.068969,0.045381,-0.053620,-0.053676,0.061322,0.069850
Csin_HCT1_XP_028081726.1	Csin_HCT1_XP_028081726.1	/content/drive/MyDrive/CS_5782_Final_Project/code_and_data/BAHD_lastLayer_embeddings/Csin_HCT1_XP_028081726.1_hidden_layer_steps10.pt	acceptor_superclass::Phenolic acids (C6-C1)	acceptor_superclass::Coumarins;acceptor_superclass::Cyclic polyketides;acceptor_superclass::Flavonoids;acceptor_superclass::Isoflavonoids;acceptor_superclass::Lignans;acceptor_superclass::Lysine alkaloids;acceptor_superclass::Monoterpenoids;acceptor_superclass::Naphthalenes;acceptor_superclass::Ornithine alkaloids;acceptor_superclass::Phenanthrenoids;acceptor_superclass::Phenylpropanoids (C6-C3);acceptor_superclass::Pseudoalkaloids;acceptor_superclass::Saccharides;acceptor_superclass::Small peptides;acceptor_superclass::Tryptophan alkaloids;acceptor_superclass::Tyrosine alkaloids	0,0,0,0,0,0,0,0,0,0,0,0,0,1,0,0,0,0,0,0,0,0,0	1,1,0,0,0,1,1,1,1,1,1,1,1,0,0,1,1,1,1,0,0,1,1	0.103578,0.197445,-0.081448,-0.079707,-0.033580,0.005212,0.053624,0.035559,0.009789,0.065255,0.039989,0.011250,0.202564,-0.000772,-0.001186,0.015730,0.054336,0.068968,0.045381,-0.053620,-0.053676,0.061322,0.069850
Csin_HCT2_THG02040.1	Csin_HCT2_THG02040.1	/content/drive/MyDrive/CS_5782_Final_Project/code_and_data/BAHD_lastLayer_embeddings/Csin_HCT2_THG02040.1_hidden_layer_steps10.pt	acceptor_superclass::Flavonoids;acceptor_superclass::Phenolic acids (C6-C1)	acceptor_superclass::Coumarins;acceptor_superclass::Cyclic polyketides;acceptor_superclass::Diterpenoids;acceptor_superclass::Fatty Acids and Conjugates;acceptor_superclass::Flavonoids;acceptor_superclass::Lignans;acceptor_superclass::Ornithine alkaloids;acceptor_superclass::Phenolic acids (C6-C1);acceptor_superclass::Pseudoalkaloids;acceptor_superclass::Saccharides;acceptor_superclass::Triterpenoids	0,0,0,0,0,1,0,0,0,0,0,0,0,1,0,0,0,0,0,0,0,0,0	1,1,1,1,0,1,0,1,0,0,0,1,0,1,0,0,1,1,0,0,1,0,0	0.007297,0.065000,0.007190,0.006382,-0.074517,0.009489,-0.078592,0.100263,-0.117863,-0.075700,-0.089727,0.059689,-0.061442,0.097676,-0.019492,-0.064985,0.088856,0.001947,-0.082610,-0.011369,0.242431,-0.225254,-0.023508
Dcar_HCBT3_CAB06429.1	Dcar_HCBT1_CAB06427.1	/content/drive/MyDrive/CS_5782_Final_Project/code_and_data/BAHD_lastLayer_embeddings/Dcar_HCBT3_CAB06429.1_hidden_layer_steps10.pt	acceptor_superclass::Phenolic acids (C6-C1);acceptor_superclass::Small peptides	acceptor_superclass::Coumarins;acceptor_superclass::Diterpenoids;acceptor_superclass::Fatty Acids and Conjugates;acceptor_superclass::Fatty acyls;acceptor_superclass::Isoflavonoids;acceptor_superclass::Lignans;acceptor_superclass::Monoterpenoids;acceptor_superclass::Naphthalenes;acceptor_superclass::Phenanthrenoids;acceptor_superclass::Phenolic acids (C6-C1);acceptor_superclass::Phenylpropanoids (C6-C3);acceptor_superclass::Steroids	0,0,0,0,0,0,0,0,0,0,0,0,0,1,0,0,0,0,1,0,0,0,0	1,0,1,1,1,0,1,1,0,1,1,0,1,1,0,1,0,0,0,1,0,0,0	0.051901,-0.095314,0.016876,0.313480,0.046536,-0.015457,0.374412,0.164497,-0.133358,0.063615,0.120351,-0.192486,0.212850,0.102015,-0.089361,0.065212,-0.166238,-0.127026,-0.006399,0.140031,-0.243017,-0.052519,-0.135495
Dcar_HCBT2_CAB06430.1	Dcar_HCBT2_CAB06430.1	/content/drive/MyDrive/CS_5782_Final_Project/code_and_data/BAHD_lastLayer_embeddings/Dcar_HCBT2_CAB06430.1_hidden_layer_steps10.pt	acceptor_superclass::Small peptides	acceptor_superclass::Coumarins;acceptor_superclass::Cyclic polyketides;acceptor_superclass::Diterpenoids;acceptor_superclass::Fatty Acids and Conjugates;acceptor_superclass::Flavonoids;acceptor_superclass::Lignans;acceptor_superclass::Ornithine alkaloids;acceptor_superclass::Phenolic acids (C6-C1);acceptor_superclass::Pseudoalkaloids;acceptor_superclass::Saccharides;acceptor_superclass::Triterpenoids	0,0,0,0,0,0,0,0,0,0,0,0,0,0,0,0,0,0,1,0,0,0,0	1,1,1,1,0,1,0,1,0,0,0,1,0,1,0,0,1,1,0,0,1,0,0	0.007297,0.065000,0.007190,0.006382,-0.074517,0.009489,-0.078592,0.100263,-0.117863,-0.075700,-0.089727,0.059689,-0.061442,0.097676,-0.019491,-0.064985,0.088856,0.001948,-0.082609,-0.011369,0.242431,-0.225254,-0.023508
Dcar_HCBT3_CAB06429.1	Dcar_HCBT3_CAB06429.1	/content/drive/MyDrive/CS_5782_Final_Project/code_and_data/BAHD_lastLayer_embeddings/Dcar_HCBT3_CAB06429.1_hidden_layer_steps10.pt	acceptor_superclass::Small peptides	acceptor_superclass::Coumarins;acceptor_superclass::Cyclic polyketides;acceptor_superclass::Diterpenoids;acceptor_superclass::Fatty Acids and Conjugates;acceptor_superclass::Flavonoids;acceptor_superclass::Lignans;acceptor_superclass::Ornithine alkaloids;acceptor_superclass::Phenolic acids (C6-C1);acceptor_superclass::Pseudoalkaloids;acceptor_superclass::Saccharides;acceptor_superclass::Triterpenoids	0,0,0,0,0,0,0,0,0,0,0,0,0,0,0,0,0,0,1,0,0,0,0	1,1,1,1,0,1,0,1,0,0,0,1,0,1,0,0,1,1,0,0,1,0,0	0.007297,0.065000,0.007190,0.006382,-0.074517,0.009489,-0.078592,0.100263,-0.117863,-0.075700,-0.089727,0.059689,-0.061442,0.097676,-0.019491,-0.064985,0.088856,0.001948,-0.082609,-0.011369,0.242431,-0.225254,-0.023508
Dlan_MAT1_QUW17232.1	Dlan_MAT1_QUW17232.1	/content/drive/MyDrive/CS_5782_Final_Project/code_and_data/BAHD_lastLayer_embeddings/Dlan_MAT1_QUW17232.1_hidden_layer_steps10.pt	acceptor_superclass::Flavonoids;acceptor_superclass::Steroids	acceptor_superclass::Coumarins;acceptor_superclass::Cyclic polyketides;acceptor_superclass::Diterpenoids;acceptor_superclass::Fatty Acids and Conjugates;acceptor_superclass::Flavonoids;acceptor_superclass::Lignans;acceptor_superclass::Ornithine alkaloids;acceptor_superclass::Phenolic acids (C6-C1);acceptor_superclass::Pseudoalkaloids;acceptor_superclass::Saccharides;acceptor_superclass::Triterpenoids	0,0,0,0,0,1,0,0,0,0,0,0,0,0,0,0,0,0,0,1,0,0,0	1,1,1,1,0,1,0,1,0,0,0,1,0,1,0,0,1,1,0,0,1,0,0	0.007297,0.065000,0.007190,0.006382,-0.074517,0.009489,-0.078592,0.100263,-0.117863,-0.075700,-0.089727,0.059689,-0.061442,0.097676,-0.019492,-0.064985,0.088856,0.001948,-0.082610,-0.011369,0.242431,-0.225254,-0.023508
Dlan_MAT2_QWS71079.1	Dlan_MAT2_QWS71079.1	/content/drive/MyDrive/CS_5782_Final_Project/code_and_data/BAHD_lastLayer_embeddings/Dlan_MAT2_QWS71079.1_hidden_layer_steps10.pt	acceptor_superclass::Flavonoids;acceptor_superclass::Steroids	acceptor_superclass::Coumarins;acceptor_superclass::Diterpenoids;acceptor_superclass::Fatty Acids and Conjugates;acceptor_superclass::Fatty acyls;acceptor_superclass::Isoflavonoids;acceptor_superclass::Lignans;acceptor_superclass::Monoterpenoids;acceptor_superclass::Naphthalenes;acceptor_superclass::Phenanthrenoids;acceptor_superclass::Phenolic acids (C6-C1);acceptor_superclass::Phenylpropanoids (C6-C3);acceptor_superclass::Steroids	0,0,0,0,0,1,0,0,0,0,0,0,0,0,0,0,0,0,0,1,0,0,0	1,0,1,1,1,0,1,1,0,1,1,0,1,1,0,1,0,0,0,1,0,0,0	0.051902,-0.095313,0.016876,0.313480,0.046536,-0.015457,0.374413,0.164497,-0.133358,0.063615,0.120351,-0.192487,0.212849,0.102015,-0.089362,0.065212,-0.166237,-0.127027,-0.006399,0.140032,-0.243017,-0.052520,-0.135495
Dmor_3MAT1_AAQ63615.1	Dmor_3MAT1_AAQ63615.1	/content/drive/MyDrive/CS_5782_Final_Project/code_and_data/BAHD_lastLayer_embeddings/Dmor_3MAT1_AAQ63615.1_hidden_layer_steps10.pt	acceptor_superclass::Flavonoids	acceptor_superclass::Coumarins;acceptor_superclass::Cyclic polyketides;acceptor_superclass::Flavonoids;acceptor_superclass::Monoterpenoids;acceptor_superclass::Phenylethanoids (C6-C2);acceptor_superclass::Phenylpropanoids (C6-C3);acceptor_superclass::Saccharides;acceptor_superclass::Small peptides;acceptor_superclass::Tryptophan alkaloids;acceptor_superclass::Tyrosine alkaloids	0,0,0,0,0,1,0,0,0,0,0,0,0,0,0,0,0,0,0,0,0,0,0	1,1,0,0,0,1,0,0,0,1,0,0,0,0,1,1,0,1,1,0,0,1,1	0.134297,0.045496,-0.017216,-0.013915,-0.007559,0.047085,-0.030451,-0.005764,-0.045269,0.009238,-0.070009,-0.009879,-0.041999,-0.006755,0.028504,0.007573,-0.005475,0.027912,0.051142,-0.042927,-0.009991,0.092677,0.143618
Dmor_3MAT2_AAQ63616.1	Dmor_3MAT2_AAQ63616.1	/content/drive/MyDrive/CS_5782_Final_Project/code_and_data/BAHD_lastLayer_embeddings/Dmor_3MAT2_AAQ63616.1_hidden_layer_steps10.pt	acceptor_superclass::Flavonoids	acceptor_superclass::Coumarins;acceptor_superclass::Diterpenoids;acceptor_superclass::Fatty Acids and Conjugates;acceptor_superclass::Fatty acyls;acceptor_superclass::Isoflavonoids;acceptor_superclass::Lignans;acceptor_superclass::Monoterpenoids;acceptor_superclass::Naphthalenes;acceptor_superclass::Phenanthrenoids;acceptor_superclass::Phenolic acids (C6-C1);acceptor_superclass::Phenylpropanoids (C6-C3);acceptor_superclass::Steroids	0,0,0,0,0,1,0,0,0,0,0,0,0,0,0,0,0,0,0,0,0,0,0	1,0,1,1,1,0,1,1,0,1,1,0,1,1,0,1,0,0,0,1,0,0,0	0.051902,-0.095312,0.016877,0.313481,0.046535,-0.015457,0.374413,0.164497,-0.133358,0.063616,0.120351,-0.192488,0.212848,0.102014,-0.089362,0.065212,-0.166237,-0.127028,-0.006399,0.140033,-0.243017,-0.052521,-0.135494
Dmor_3MAT3_BAF50706.1	Dmor_3MAT3_BAF50706.1	/content/drive/MyDrive/CS_5782_Final_Project/code_and_data/BAHD_lastLayer_embeddings/Dmor_3MAT3_BAF50706.1_hidden_layer_steps10.pt	acceptor_superclass::Flavonoids;acceptor_superclass::Isoflavonoids	acceptor_superclass::Coumarins;acceptor_superclass::Cyclic polyketides;acceptor_superclass::Flavonoids;acceptor_superclass::Monoterpenoids;acceptor_superclass::Phenylethanoids (C6-C2);acceptor_superclass::Phenylpropanoids (C6-C3);acceptor_superclass::Saccharides;acceptor_superclass::Small peptides;acceptor_superclass::Tryptophan alkaloids;acceptor_superclass::Tyrosine alkaloids	0,0,0,0,0,1,1,0,0,0,0,0,0,0,0,0,0,0,0,0,0,0,0	1,1,0,0,0,1,0,0,0,1,0,0,0,0,1,1,0,1,1,0,0,1,1	0.134297,0.045496,-0.017216,-0.013915,-0.007559,0.047085,-0.030451,-0.005764,-0.045269,0.009238,-0.070009,-0.009879,-0.041999,-0.006755,0.028504,0.007573,-0.005475,0.027912,0.051142,-0.042927,-0.009991,0.092677,0.143618
Dpin_3MAT_AAO12206.1	Dpin_3MAT_AAO12206.1	/content/drive/MyDrive/CS_5782_Final_Project/code_and_data/BAHD_lastLayer_embeddings/Dpin_3MAT_AAO12206.1_hidden_layer_steps10.pt	acceptor_superclass::Flavonoids	acceptor_superclass::Coumarins;acceptor_superclass::Cyclic polyketides;acceptor_superclass::Flavonoids;acceptor_superclass::Monoterpenoids;acceptor_superclass::Phenylethanoids (C6-C2);acceptor_superclass::Phenylpropanoids (C6-C3);acceptor_superclass::Saccharides;acceptor_superclass::Small peptides;acceptor_superclass::Tryptophan alkaloids;acceptor_superclass::Tyrosine alkaloids	0,0,0,0,0,1,0,0,0,0,0,0,0,0,0,0,0,0,0,0,0,0,0	1,1,0,0,0,1,0,0,0,1,0,0,0,0,1,1,0,1,1,0,0,1,1	0.134297,0.045496,-0.017216,-0.013915,-0.007560,0.047084,-0.030451,-0.005764,-0.045269,0.009239,-0.070009,-0.009879,-0.041999,-0.006755,0.028504,0.007572,-0.005475,0.027912,0.051142,-0.042927,-0.009991,0.092677,0.143618
Dvar_3MAT_AAO12206.1	Dvar_3MAT_AAO12206.1	/content/drive/MyDrive/CS_5782_Final_Project/code_and_data/BAHD_lastLayer_embeddings/Dvar_3MAT_AAO12206.1_hidden_layer_steps10.pt		acceptor_superclass::Coumarins;acceptor_superclass::Cyclic polyketides;acceptor_superclass::Flavonoids;acceptor_superclass::Monoterpenoids;acceptor_superclass::Phenylethanoids (C6-C2);acceptor_superclass::Phenylpropanoids (C6-C3);acceptor_superclass::Saccharides;acceptor_superclass::Small peptides;acceptor_superclass::Tryptophan alkaloids;acceptor_superclass::Tyrosine alkaloids	0,0,0,0,0,0,0,0,0,0,0,0,0,0,0,0,0,0,0,0,0,0,0	1,1,0,0,0,1,0,0,0,1,0,0,0,0,1,1,0,1,1,0,0,1,1	0.134297,0.045496,-0.017216,-0.013915,-0.007560,0.047084,-0.030451,-0.005764,-0.045269,0.009239,-0.070009,-0.009879,-0.041999,-0.006755,0.028504,0.007572,-0.005475,0.027912,0.051142,-0.042927,-0.009991,0.092677,0.143618
Ecoc_CS_AGT56097.1	Ecoc_BAHD7_AGT56097.1	/content/drive/MyDrive/CS_5782_Final_Project/code_and_data/BAHD_lastLayer_embeddings/Ecoc_CS_AGT56097.1_hidden_layer_steps10.pt	acceptor_superclass::Ornithine alkaloids	acceptor_superclass::Diterpenoids;acceptor_superclass::Fatty acyls;acceptor_superclass::Flavonoids;acceptor_superclass::Isoflavonoids;acceptor_superclass::Lignans;acceptor_superclass::Lysine alkaloids;acceptor_superclass::Phenanthrenoids;acceptor_superclass::Phenylethanoids (C6-C2);acceptor_superclass::Phenylpropanoids (C6-C3);acceptor_superclass::Saccharides;acceptor_superclass::Steroids;acceptor_superclass::Triterpenoids;acceptor_superclass::Tyrosine alkaloids	0,0,0,0,0,0,0,0,0,0,0,1,0,0,0,0,0,0,0,0,0,0,0	0,0,1,0,1,1,1,1,1,0,0,0,1,0,1,1,0,1,0,1,1,0,1	-0.022578,-0.020647,0.030924,-0.005503,0.028431,0.021797,0.023982,0.027042,0.020981,-0.010895,-0.003073,-0.037338,0.029294,-0.008554,0.010687,0.014747,-0.012423,0.017034,-0.004441,0.011177,0.004864,-0.028064,0.014506
Ecoc_CS_AGT56097.1	Ecoc_CS_AGT56097.1	/content/drive/MyDrive/CS_5782_Final_Project/code_and_data/BAHD_lastLayer_embeddings/Ecoc_CS_AGT56097.1_hidden_layer_steps10.pt	acceptor_superclass::Ornithine alkaloids	acceptor_superclass::Coumarins;acceptor_superclass::Cyclic polyketides;acceptor_superclass::Diterpenoids;acceptor_superclass::Fatty Acids and Conjugates;acceptor_superclass::Flavonoids;acceptor_superclass::Lignans;acceptor_superclass::Ornithine alkaloids;acceptor_superclass::Phenolic acids (C6-C1);acceptor_superclass::Pseudoalkaloids;acceptor_superclass::Saccharides;acceptor_superclass::Triterpenoids	0,0,0,0,0,0,0,0,0,0,0,1,0,0,0,0,0,0,0,0,0,0,0	1,1,1,1,0,1,0,1,0,0,0,1,0,1,0,0,1,1,0,0,1,0,0	0.007297,0.065000,0.007190,0.006382,-0.074517,0.009489,-0.078592,0.100263,-0.117863,-0.075700,-0.089727,0.059689,-0.061442,0.097676,-0.019491,-0.064985,0.088856,0.001948,-0.082609,-0.011369,0.242431,-0.225254,-0.023508
Ecoc_HQT_AFF19203.1	Ecoc_HQT_AFF19203.1	/content/drive/MyDrive/CS_5782_Final_Project/code_and_data/BAHD_lastLayer_embeddings/Ecoc_HQT_AFF19203.1_hidden_layer_steps10.pt	acceptor_superclass::Phenolic acids (C6-C1)	acceptor_superclass::Diterpenoids;acceptor_superclass::Fatty acyls;acceptor_superclass::Flavonoids;acceptor_superclass::Isoflavonoids;acceptor_superclass::Lignans;acceptor_superclass::Lysine alkaloids;acceptor_superclass::Phenanthrenoids;acceptor_superclass::Phenylethanoids (C6-C2);acceptor_superclass::Phenylpropanoids (C6-C3);acceptor_superclass::Saccharides;acceptor_superclass::Steroids;acceptor_superclass::Triterpenoids;acceptor_superclass::Tyrosine alkaloids	0,0,0,0,0,0,0,0,0,0,0,0,0,1,0,0,0,0,0,0,0,0,0	0,0,1,0,1,1,1,1,1,0,0,0,1,0,1,1,0,1,0,1,1,0,1	-0.022578,-0.020647,0.030924,-0.005503,0.028431,0.021797,0.023982,0.027042,0.020981,-0.010895,-0.003073,-0.037338,0.029294,-0.008554,0.010687,0.014747,-0.012423,0.017034,-0.004441,0.011177,0.004864,-0.028064,0.014506
Egra_5AT_BAF49288.1	Egra_5AT_BAF49288.1	/content/drive/MyDrive/CS_5782_Final_Project/code_and_data/BAHD_lastLayer_embeddings/Egra_5AT_BAF49288.1_hidden_layer_steps10.pt	acceptor_superclass::Flavonoids	acceptor_superclass::Coumarins;acceptor_superclass::Diterpenoids;acceptor_superclass::Fatty Acids and Conjugates;acceptor_superclass::Fatty acyls;acceptor_superclass::Isoflavonoids;acceptor_superclass::Lignans;acceptor_superclass::Monoterpenoids;acceptor_superclass::Naphthalenes;acceptor_superclass::Phenanthrenoids;acceptor_superclass::Phenolic acids (C6-C1);acceptor_superclass::Phenylpropanoids (C6-C3);acceptor_superclass::Steroids	0,0,0,0,0,1,0,0,0,0,0,0,0,0,0,0,0,0,0,0,0,0,0	1,0,1,1,1,0,1,1,0,1,1,0,1,1,0,1,0,0,0,1,0,0,0	0.051902,-0.095313,0.016876,0.313480,0.046536,-0.015457,0.374412,0.164497,-0.133358,0.063615,0.120351,-0.192487,0.212849,0.102015,-0.089361,0.065212,-0.166238,-0.127027,-0.006399,0.140031,-0.243017,-0.052519,-0.135495
Epep_BAHD11_NA	Epep_BAHD11_NA	/content/drive/MyDrive/CS_5782_Final_Project/code_and_data/BAHD_lastLayer_embeddings/Epep_BAHD11_NA_hidden_layer_steps10.pt	acceptor_superclass::Diterpenoids	acceptor_superclass::Coumarins;acceptor_superclass::Cyclic polyketides;acceptor_superclass::Flavonoids;acceptor_superclass::Monoterpenoids;acceptor_superclass::Phenylethanoids (C6-C2);acceptor_superclass::Phenylpropanoids (C6-C3);acceptor_superclass::Saccharides;acceptor_superclass::Small peptides;acceptor_superclass::Tryptophan alkaloids;acceptor_superclass::Tyrosine alkaloids	0,0,1,0,0,0,0,0,0,0,0,0,0,0,0,0,0,0,0,0,0,0,0	1,1,0,0,0,1,0,0,0,1,0,0,0,0,1,1,0,1,1,0,0,1,1	0.134297,0.045496,-0.017216,-0.013915,-0.007559,0.047085,-0.030451,-0.005764,-0.045269,0.009238,-0.070009,-0.009879,-0.041999,-0.006754,0.028504,0.007573,-0.005475,0.027912,0.051142,-0.042927,-0.009991,0.092678,0.143618
Epep_BAHD12_NA	Epep_BAHD12_NA	/content/drive/MyDrive/CS_5782_Final_Project/code_and_data/BAHD_lastLayer_embeddings/Epep_BAHD12_NA_hidden_layer_steps10.pt	acceptor_superclass::Diterpenoids	acceptor_superclass::Coumarins;acceptor_superclass::Cyclic polyketides;acceptor_superclass::Flavonoids;acceptor_superclass::Isoflavonoids;acceptor_superclass::Lignans;acceptor_superclass::Lysine alkaloids;acceptor_superclass::Monoterpenoids;acceptor_superclass::Naphthalenes;acceptor_superclass::Ornithine alkaloids;acceptor_superclass::Phenanthrenoids;acceptor_superclass::Phenylpropanoids (C6-C3);acceptor_superclass::Pseudoalkaloids;acceptor_superclass::Saccharides;acceptor_superclass::Small peptides;acceptor_superclass::Tryptophan alkaloids;acceptor_superclass::Tyrosine alkaloids	0,0,1,0,0,0,0,0,0,0,0,0,0,0,0,0,0,0,0,0,0,0,0	1,1,0,0,0,1,1,1,1,1,1,1,1,0,0,1,1,1,1,0,0,1,1	0.103578,0.197445,-0.081448,-0.079707,-0.033580,0.005212,0.053624,0.035559,0.009789,0.065255,0.039989,0.011250,0.202564,-0.000772,-0.001186,0.015730,0.054336,0.068968,0.045381,-0.053620,-0.053676,0.061322,0.069850
Epep_BAHD6_NA	Epep_BAHD6_NA	/content/drive/MyDrive/CS_5782_Final_Project/code_and_data/BAHD_lastLayer_embeddings/Epep_BAHD6_NA_hidden_layer_steps10.pt	acceptor_superclass::Diterpenoids	acceptor_superclass::Coumarins;acceptor_superclass::Cyclic polyketides;acceptor_superclass::Diterpenoids;acceptor_superclass::Fatty Acids and Conjugates;acceptor_superclass::Flavonoids;acceptor_superclass::Lignans;acceptor_superclass::Ornithine alkaloids;acceptor_superclass::Phenolic acids (C6-C1);acceptor_superclass::Pseudoalkaloids;acceptor_superclass::Saccharides;acceptor_superclass::Triterpenoids	0,0,1,0,0,0,0,0,0,0,0,0,0,0,0,0,0,0,0,0,0,0,0	1,1,1,1,0,1,0,1,0,0,0,1,0,1,0,0,1,1,0,0,1,0,0	0.007297,0.064999,0.007190,0.006382,-0.074517,0.009489,-0.078592,0.100263,-0.117863,-0.075700,-0.089727,0.059689,-0.061441,0.097676,-0.019491,-0.064985,0.088856,0.001948,-0.082609,-0.011369,0.242431,-0.225254,-0.023508
Epep_BAHD7_NA	Epep_BAHD7_NA	/content/drive/MyDrive/CS_5782_Final_Project/code_and_data/BAHD_lastLayer_embeddings/Epep_BAHD7_NA_hidden_layer_steps10.pt	acceptor_superclass::Diterpenoids	acceptor_superclass::Coumarins;acceptor_superclass::Diterpenoids;acceptor_superclass::Fatty Acids and Conjugates;acceptor_superclass::Fatty acyls;acceptor_superclass::Isoflavonoids;acceptor_superclass::Lignans;acceptor_superclass::Monoterpenoids;acceptor_superclass::Naphthalenes;acceptor_superclass::Phenanthrenoids;acceptor_superclass::Phenolic acids (C6-C1);acceptor_superclass::Phenylpropanoids (C6-C3);acceptor_superclass::Steroids	0,0,1,0,0,0,0,0,0,0,0,0,0,0,0,0,0,0,0,0,0,0,0	1,0,1,1,1,0,1,1,0,1,1,0,1,1,0,1,0,0,0,1,0,0,0	0.051901,-0.095315,0.016876,0.313478,0.046537,-0.015457,0.374411,0.164497,-0.133358,0.063614,0.120351,-0.192484,0.212851,0.102015,-0.089360,0.065212,-0.166238,-0.127025,-0.006399,0.140030,-0.243017,-0.052517,-0.135495
Epep_BAHD8_NA	Epep_BAHD8_NA	/content/drive/MyDrive/CS_5782_Final_Project/code_and_data/BAHD_lastLayer_embeddings/Epep_BAHD8_NA_hidden_layer_steps10.pt	acceptor_superclass::Diterpenoids	acceptor_superclass::Coumarins;acceptor_superclass::Cyclic polyketides;acceptor_superclass::Diterpenoids;acceptor_superclass::Fatty Acids and Conjugates;acceptor_superclass::Flavonoids;acceptor_superclass::Lignans;acceptor_superclass::Ornithine alkaloids;acceptor_superclass::Phenolic acids (C6-C1);acceptor_superclass::Pseudoalkaloids;acceptor_superclass::Saccharides;acceptor_superclass::Triterpenoids	0,0,1,0,0,0,0,0,0,0,0,0,0,0,0,0,0,0,0,0,0,0,0	1,1,1,1,0,1,0,1,0,0,0,1,0,1,0,0,1,1,0,0,1,0,0	0.007297,0.064999,0.007190,0.006382,-0.074517,0.009489,-0.078592,0.100263,-0.117863,-0.075700,-0.089726,0.059689,-0.061441,0.097676,-0.019491,-0.064985,0.088856,0.001948,-0.082609,-0.011369,0.242431,-0.225254,-0.023508
Epla_AAT1-1_BDW80081.1	Epla_AAT1-1_BDW80081.1	/content/drive/MyDrive/CS_5782_Final_Project/code_and_data/BAHD_lastLayer_embeddings/Epla_AAT1-1_BDW80081.1_hidden_layer_steps10.pt	acceptor_superclass::Naphthalenes	acceptor_superclass::Diterpenoids;acceptor_superclass::Fatty acyls;acceptor_superclass::Flavonoids;acceptor_superclass::Isoflavonoids;acceptor_superclass::Lignans;acceptor_superclass::Lysine alkaloids;acceptor_superclass::Phenanthrenoids;acceptor_superclass::Phenylethanoids (C6-C2);acceptor_superclass::Phenylpropanoids (C6-C3);acceptor_superclass::Saccharides;acceptor_superclass::Steroids;acceptor_superclass::Triterpenoids;acceptor_superclass::Tyrosine alkaloids	0,0,0,0,0,0,0,0,0,0,1,0,0,0,0,0,0,0,0,0,0,0,0	0,0,1,0,1,1,1,1,1,0,0,0,1,0,1,1,0,1,0,1,1,0,1	-0.022578,-0.020647,0.030924,-0.005503,0.028431,0.021797,0.023982,0.027042,0.020981,-0.010895,-0.003073,-0.037338,0.029294,-0.008554,0.010687,0.014747,-0.012423,0.017034,-0.004441,0.011177,0.004864,-0.028064,0.014506
Epla_AAT1-2_BDW80082.1	Epla_AAT1-2_BDW80082.1	/content/drive/MyDrive/CS_5782_Final_Project/code_and_data/BAHD_lastLayer_embeddings/Epla_AAT1-2_BDW80082.1_hidden_layer_steps10.pt	acceptor_superclass::Naphthalenes	acceptor_superclass::Coumarins;acceptor_superclass::Cyclic polyketides;acceptor_superclass::Flavonoids;acceptor_superclass::Isoflavonoids;acceptor_superclass::Lignans;acceptor_superclass::Lysine alkaloids;acceptor_superclass::Monoterpenoids;acceptor_superclass::Naphthalenes;acceptor_superclass::Ornithine alkaloids;acceptor_superclass::Phenanthrenoids;acceptor_superclass::Phenylpropanoids (C6-C3);acceptor_superclass::Pseudoalkaloids;acceptor_superclass::Saccharides;acceptor_superclass::Small peptides;acceptor_superclass::Tryptophan alkaloids;acceptor_superclass::Tyrosine alkaloids	0,0,0,0,0,0,0,0,0,0,1,0,0,0,0,0,0,0,0,0,0,0,0	1,1,0,0,0,1,1,1,1,1,1,1,1,0,0,1,1,1,1,0,0,1,1	0.103578,0.197445,-0.081448,-0.079707,-0.033580,0.005212,0.053624,0.035559,0.009789,0.065255,0.039990,0.011250,0.202563,-0.000772,-0.001187,0.015730,0.054336,0.068968,0.045381,-0.053620,-0.053676,0.061322,0.069850
Epla_AAT2-1_BDW80086.1	Epla_AAT2-1_BDW80086.1	/content/drive/MyDrive/CS_5782_Final_Project/code_and_data/BAHD_lastLayer_embeddings/Epla_AAT2-1_BDW80086.1_hidden_layer_steps10.pt	acceptor_superclass::Naphthalenes	acceptor_superclass::Diterpenoids;acceptor_superclass::Fatty acyls;acceptor_superclass::Flavonoids;acceptor_superclass::Isoflavonoids;acceptor_superclass::Lignans;acceptor_superclass::Lysine alkaloids;acceptor_superclass::Phenanthrenoids;acceptor_superclass::Phenylethanoids (C6-C2);acceptor_superclass::Phenylpropanoids (C6-C3);acceptor_superclass::Saccharides;acceptor_superclass::Steroids;acceptor_superclass::Triterpenoids;acceptor_superclass::Tyrosine alkaloids	0,0,0,0,0,0,0,0,0,0,1,0,0,0,0,0,0,0,0,0,0,0,0	0,0,1,0,1,1,1,1,1,0,0,0,1,0,1,1,0,1,0,1,1,0,1	-0.022578,-0.020647,0.030924,-0.005503,0.028431,0.021797,0.023982,0.027042,0.020981,-0.010895,-0.003073,-0.037338,0.029294,-0.008554,0.010687,0.014747,-0.012423,0.017034,-0.004441,0.011177,0.004864,-0.028064,0.014506
Epla_AAT2-2_BDW80087.1	Epla_AAT2-2_BDW80087.1	/content/drive/MyDrive/CS_5782_Final_Project/code_and_data/BAHD_lastLayer_embeddings/Epla_AAT2-2_BDW80087.1_hidden_layer_steps10.pt	acceptor_superclass::Naphthalenes	acceptor_superclass::Coumarins;acceptor_superclass::Cyclic polyketides;acceptor_superclass::Diterpenoids;acceptor_superclass::Fatty Acids and Conjugates;acceptor_superclass::Flavonoids;acceptor_superclass::Lignans;acceptor_superclass::Ornithine alkaloids;acceptor_superclass::Phenolic acids (C6-C1);acceptor_superclass::Pseudoalkaloids;acceptor_superclass::Saccharides;acceptor_superclass::Triterpenoids	0,0,0,0,0,0,0,0,0,0,1,0,0,0,0,0,0,0,0,0,0,0,0	1,1,1,1,0,1,0,1,0,0,0,1,0,1,0,0,1,1,0,0,1,0,0	0.007297,0.065000,0.007190,0.006382,-0.074517,0.009489,-0.078592,0.100263,-0.117863,-0.075700,-0.089727,0.059689,-0.061442,0.097676,-0.019491,-0.064985,0.088856,0.001948,-0.082609,-0.011369,0.242431,-0.225254,-0.023508
Epla_AAT2-3_BDW80088.1	Epla_AAT2-3_BDW80088.1	/content/drive/MyDrive/CS_5782_Final_Project/code_and_data/BAHD_lastLayer_embeddings/Epla_AAT2-3_BDW80088.1_hidden_layer_steps10.pt	acceptor_superclass::Naphthalenes	acceptor_superclass::Coumarins;acceptor_superclass::Cyclic polyketides;acceptor_superclass::Diterpenoids;acceptor_superclass::Fatty Acids and Conjugates;acceptor_superclass::Flavonoids;acceptor_superclass::Lignans;acceptor_superclass::Ornithine alkaloids;acceptor_superclass::Phenolic acids (C6-C1);acceptor_superclass::Pseudoalkaloids;acceptor_superclass::Saccharides;acceptor_superclass::Triterpenoids	0,0,0,0,0,0,0,0,0,0,1,0,0,0,0,0,0,0,0,0,0,0,0	1,1,1,1,0,1,0,1,0,0,0,1,0,1,0,0,1,1,0,0,1,0,0	0.007297,0.065000,0.007190,0.006382,-0.074517,0.009489,-0.078592,0.100263,-0.117863,-0.075700,-0.089727,0.059689,-0.061442,0.097676,-0.019491,-0.064985,0.088856,0.001948,-0.082609,-0.011369,0.242431,-0.225254,-0.023508
Epla_SAT1-1_BDW80075.1	Epla_SAT1-1_BDW80075.1	/content/drive/MyDrive/CS_5782_Final_Project/code_and_data/BAHD_lastLayer_embeddings/Epla_SAT1-1_BDW80075.1_hidden_layer_steps10.pt	acceptor_superclass::Naphthalenes	acceptor_superclass::Diterpenoids;acceptor_superclass::Fatty acyls;acceptor_superclass::Flavonoids;acceptor_superclass::Isoflavonoids;acceptor_superclass::Lignans;acceptor_superclass::Lysine alkaloids;acceptor_superclass::Phenanthrenoids;acceptor_superclass::Phenylethanoids (C6-C2);acceptor_superclass::Phenylpropanoids (C6-C3);acceptor_superclass::Saccharides;acceptor_superclass::Steroids;acceptor_superclass::Triterpenoids;acceptor_superclass::Tyrosine alkaloids	0,0,0,0,0,0,0,0,0,0,1,0,0,0,0,0,0,0,0,0,0,0,0	0,0,1,0,1,1,1,1,1,0,0,0,1,0,1,1,0,1,0,1,1,0,1	-0.022578,-0.020647,0.030924,-0.005503,0.028431,0.021797,0.023982,0.027042,0.020981,-0.010895,-0.003073,-0.037338,0.029294,-0.008554,0.010687,0.014747,-0.012423,0.017034,-0.004441,0.011177,0.004864,-0.028064,0.014506
Epla_SAT1-2_BDW80076.1	Epla_SAT1-2_BDW80076.1	/content/drive/MyDrive/CS_5782_Final_Project/code_and_data/BAHD_lastLayer_embeddings/Epla_SAT1-2_BDW80076.1_hidden_layer_steps10.pt	acceptor_superclass::Naphthalenes	acceptor_superclass::Coumarins;acceptor_superclass::Cyclic polyketides;acceptor_superclass::Flavonoids;acceptor_superclass::Monoterpenoids;acceptor_superclass::Phenylethanoids (C6-C2);acceptor_superclass::Phenylpropanoids (C6-C3);acceptor_superclass::Saccharides;acceptor_superclass::Small peptides;acceptor_superclass::Tryptophan alkaloids;acceptor_superclass::Tyrosine alkaloids	0,0,0,0,0,0,0,0,0,0,1,0,0,0,0,0,0,0,0,0,0,0,0	1,1,0,0,0,1,0,0,0,1,0,0,0,0,1,1,0,1,1,0,0,1,1	0.134297,0.045496,-0.017216,-0.013915,-0.007559,0.047085,-0.030451,-0.005764,-0.045269,0.009238,-0.070009,-0.009879,-0.041999,-0.006755,0.028504,0.007573,-0.005475,0.027912,0.051142,-0.042927,-0.009991,0.092677,0.143618
Epla_SAT2-1_BDW80078.1	Epla_SAT2-1_BDW80078.1	/content/drive/MyDrive/CS_5782_Final_Project/code_and_data/BAHD_lastLayer_embeddings/Epla_SAT2-1_BDW80078.1_hidden_layer_steps10.pt	acceptor_superclass::Naphthalenes	acceptor_superclass::Coumarins;acceptor_superclass::Cyclic polyketides;acceptor_superclass::Flavonoids;acceptor_superclass::Isoflavonoids;acceptor_superclass::Lignans;acceptor_superclass::Lysine alkaloids;acceptor_superclass::Monoterpenoids;acceptor_superclass::Naphthalenes;acceptor_superclass::Ornithine alkaloids;acceptor_superclass::Phenanthrenoids;acceptor_superclass::Phenylpropanoids (C6-C3);acceptor_superclass::Pseudoalkaloids;acceptor_superclass::Saccharides;acceptor_superclass::Small peptides;acceptor_superclass::Tryptophan alkaloids;acceptor_superclass::Tyrosine alkaloids	0,0,0,0,0,0,0,0,0,0,1,0,0,0,0,0,0,0,0,0,0,0,0	1,1,0,0,0,1,1,1,1,1,1,1,1,0,0,1,1,1,1,0,0,1,1	0.103578,0.197445,-0.081448,-0.079707,-0.033580,0.005212,0.053624,0.035559,0.009789,0.065255,0.039989,0.011250,0.202564,-0.000772,-0.001186,0.015730,0.054336,0.068968,0.045381,-0.053620,-0.053676,0.061322,0.069850
Epla_SAT2-2_BDW80079.1	Epla_SAT2-2_BDW80079.1	/content/drive/MyDrive/CS_5782_Final_Project/code_and_data/BAHD_lastLayer_embeddings/Epla_SAT2-2_BDW80079.1_hidden_layer_steps10.pt	acceptor_superclass::Naphthalenes	acceptor_superclass::Diterpenoids;acceptor_superclass::Fatty acyls;acceptor_superclass::Flavonoids;acceptor_superclass::Isoflavonoids;acceptor_superclass::Lignans;acceptor_superclass::Lysine alkaloids;acceptor_superclass::Phenanthrenoids;acceptor_superclass::Phenylethanoids (C6-C2);acceptor_superclass::Phenylpropanoids (C6-C3);acceptor_superclass::Saccharides;acceptor_superclass::Steroids;acceptor_superclass::Triterpenoids;acceptor_superclass::Tyrosine alkaloids	0,0,0,0,0,0,0,0,0,0,1,0,0,0,0,0,0,0,0,0,0,0,0	0,0,1,0,1,1,1,1,1,0,0,0,1,0,1,1,0,1,0,1,1,0,1	-0.022578,-0.020647,0.030924,-0.005503,0.028431,0.021797,0.023982,0.027042,0.020981,-0.010895,-0.003073,-0.037338,0.029294,-0.008554,0.010687,0.014747,-0.012423,0.017034,-0.004441,0.011177,0.004864,-0.028064,0.014506
Epur_HCT_QRI59128.1	Epur_HCT_QRI59128.1	/content/drive/MyDrive/CS_5782_Final_Project/code_and_data/BAHD_lastLayer_embeddings/Epur_HCT_QRI59128.1_hidden_layer_steps10.pt	acceptor_superclass::Phenolic acids (C6-C1)	acceptor_superclass::Coumarins;acceptor_superclass::Diterpenoids;acceptor_superclass::Fatty Acids and Conjugates;acceptor_superclass::Fatty acyls;acceptor_superclass::Isoflavonoids;acceptor_superclass::Lignans;acceptor_superclass::Monoterpenoids;acceptor_superclass::Naphthalenes;acceptor_superclass::Phenanthrenoids;acceptor_superclass::Phenolic acids (C6-C1);acceptor_superclass::Phenylpropanoids (C6-C3);acceptor_superclass::Steroids	0,0,0,0,0,0,0,0,0,0,0,0,0,1,0,0,0,0,0,0,0,0,0	1,0,1,1,1,0,1,1,0,1,1,0,1,1,0,1,0,0,0,1,0,0,0	0.051901,-0.095314,0.016876,0.313479,0.046536,-0.015457,0.374412,0.164497,-0.133358,0.063615,0.120351,-0.192486,0.212850,0.102015,-0.089361,0.065212,-0.166238,-0.127026,-0.006399,0.140031,-0.243017,-0.052519,-0.135495
Epur_HMT_UHJ19789.2	Epur_HMT_UHJ19789.2	/content/drive/MyDrive/CS_5782_Final_Project/code_and_data/BAHD_lastLayer_embeddings/Epur_HMT_UHJ19789.2_hidden_layer_steps10.pt	acceptor_superclass::Fatty Acids and Conjugates	acceptor_superclass::Coumarins;acceptor_superclass::Cyclic polyketides;acceptor_superclass::Flavonoids;acceptor_superclass::Monoterpenoids;acceptor_superclass::Phenylethanoids (C6-C2);acceptor_superclass::Phenylpropanoids (C6-C3);acceptor_superclass::Saccharides;acceptor_superclass::Small peptides;acceptor_superclass::Tryptophan alkaloids;acceptor_superclass::Tyrosine alkaloids	0,0,0,1,0,0,0,0,0,0,0,0,0,0,0,0,0,0,0,0,0,0,0	1,1,0,0,0,1,0,0,0,1,0,0,0,0,1,1,0,1,1,0,0,1,1	0.134297,0.045496,-0.017216,-0.013915,-0.007559,0.047085,-0.030451,-0.005764,-0.045269,0.009238,-0.070009,-0.009879,-0.041998,-0.006754,0.028504,0.007573,-0.005475,0.027912,0.051142,-0.042927,-0.009991,0.092678,0.143618
Epur_HQT_QRI59127.1	Epur_HQT_QRI59127.1	/content/drive/MyDrive/CS_5782_Final_Project/code_and_data/BAHD_lastLayer_embeddings/Epur_HQT_QRI59127.1_hidden_layer_steps10.pt	acceptor_superclass::Phenolic acids (C6-C1)	acceptor_superclass::Coumarins;acceptor_superclass::Cyclic polyketides;acceptor_superclass::Diterpenoids;acceptor_superclass::Fatty Acids and Conjugates;acceptor_superclass::Flavonoids;acceptor_superclass::Lignans;acceptor_superclass::Ornithine alkaloids;acceptor_superclass::Phenolic acids (C6-C1);acceptor_superclass::Pseudoalkaloids;acceptor_superclass::Saccharides;acceptor_superclass::Triterpenoids	0,0,0,0,0,0,0,0,0,0,0,0,0,1,0,0,0,0,0,0,0,0,0	1,1,1,1,0,1,0,1,0,0,0,1,0,1,0,0,1,1,0,0,1,0,0	0.007297,0.065000,0.007191,0.006382,-0.074517,0.009489,-0.078592,0.100263,-0.117863,-0.075700,-0.089728,0.059689,-0.061442,0.097676,-0.019492,-0.064985,0.088856,0.001947,-0.082610,-0.011369,0.242432,-0.225254,-0.023508
Epur_HTT_QRI59126.1	Epur_HTT_QRI59126.1	/content/drive/MyDrive/CS_5782_Final_Project/code_and_data/BAHD_lastLayer_embeddings/Epur_HTT_QRI59126.1_hidden_layer_steps10.pt	acceptor_superclass::Fatty Acids and Conjugates	acceptor_superclass::Coumarins;acceptor_superclass::Cyclic polyketides;acceptor_superclass::Diterpenoids;acceptor_superclass::Fatty Acids and Conjugates;acceptor_superclass::Flavonoids;acceptor_superclass::Lignans;acceptor_superclass::Ornithine alkaloids;acceptor_superclass::Phenolic acids (C6-C1);acceptor_superclass::Pseudoalkaloids;acceptor_superclass::Saccharides;acceptor_superclass::Triterpenoids	0,0,0,1,0,0,0,0,0,0,0,0,0,0,0,0,0,0,0,0,0,0,0	1,1,1,1,0,1,0,1,0,0,0,1,0,1,0,0,1,1,0,0,1,0,0	0.007297,0.064999,0.007190,0.006382,-0.074517,0.009489,-0.078592,0.100263,-0.117863,-0.075700,-0.089727,0.059689,-0.061441,0.097676,-0.019491,-0.064985,0.088856,0.001948,-0.082609,-0.011369,0.242431,-0.225254,-0.023508
Fana_SAAT_AAG13130.1	Fana_SAAT_AAG13130.1	/content/drive/MyDrive/CS_5782_Final_Project/code_and_data/BAHD_lastLayer_embeddings/Fana_SAAT_AAG13130.1_hidden_layer_steps10.pt	acceptor_superclass::Cyclic polyketides;acceptor_superclass::Fatty acyls;acceptor_superclass::Phenylethanoids (C6-C2)	acceptor_superclass::Coumarins;acceptor_superclass::Cyclic polyketides;acceptor_superclass::Flavonoids;acceptor_superclass::Isoflavonoids;acceptor_superclass::Lignans;acceptor_superclass::Lysine alkaloids;acceptor_superclass::Monoterpenoids;acceptor_superclass::Naphthalenes;acceptor_superclass::Ornithine alkaloids;acceptor_superclass::Phenanthrenoids;acceptor_superclass::Phenylpropanoids (C6-C3);acceptor_superclass::Pseudoalkaloids;acceptor_superclass::Saccharides;acceptor_superclass::Small peptides;acceptor_superclass::Tryptophan alkaloids;acceptor_superclass::Tyrosine alkaloids	0,1,0,0,1,0,0,0,0,0,0,0,0,0,1,0,0,0,0,0,0,0,0	1,1,0,0,0,1,1,1,1,1,1,1,1,0,0,1,1,1,1,0,0,1,1	0.103578,0.197445,-0.081448,-0.079707,-0.033580,0.005211,0.053624,0.035559,0.009789,0.065255,0.039989,0.011250,0.202564,-0.000772,-0.001186,0.015730,0.054336,0.068969,0.045381,-0.053620,-0.053676,0.061323,0.069850
Fves_VAAT_CAC09062.1	Fves_VAAT_CAC09062.1	/content/drive/MyDrive/CS_5782_Final_Project/code_and_data/BAHD_lastLayer_embeddings/Fves_VAAT_CAC09062.1_hidden_layer_steps10.pt	acceptor_superclass::Cyclic polyketides;acceptor_superclass::Fatty acyls;acceptor_superclass::Monoterpenoids;acceptor_superclass::Phenylethanoids (C6-C2);acceptor_superclass::Phenylpropanoids (C6-C3)	acceptor_superclass::Coumarins;acceptor_superclass::Diterpenoids;acceptor_superclass::Fatty Acids and Conjugates;acceptor_superclass::Fatty acyls;acceptor_superclass::Isoflavonoids;acceptor_superclass::Lignans;acceptor_superclass::Monoterpenoids;acceptor_superclass::Naphthalenes;acceptor_superclass::Phenanthrenoids;acceptor_superclass::Phenolic acids (C6-C1);acceptor_superclass::Phenylpropanoids (C6-C3);acceptor_superclass::Steroids	0,1,0,0,1,0,0,0,0,1,0,0,0,0,1,1,0,0,0,0,0,0,0	1,0,1,1,1,0,1,1,0,1,1,0,1,1,0,1,0,0,0,1,0,0,0	0.051902,-0.095313,0.016876,0.313480,0.046536,-0.015457,0.374412,0.164497,-0.133358,0.063615,0.120351,-0.192487,0.212849,0.102015,-0.089361,0.065212,-0.166237,-0.127027,-0.006399,0.140031,-0.243017,-0.052520,-0.135495
Gmax_COSY_KRH21316.1	Gmax_COSY_KRH21316.1	/content/drive/MyDrive/CS_5782_Final_Project/code_and_data/BAHD_lastLayer_embeddings/Gmax_COSY_KRH21316.1_hidden_layer_steps10.pt		acceptor_superclass::Coumarins;acceptor_superclass::Diterpenoids;acceptor_superclass::Fatty Acids and Conjugates;acceptor_superclass::Fatty acyls;acceptor_superclass::Isoflavonoids;acceptor_superclass::Lignans;acceptor_superclass::Monoterpenoids;acceptor_superclass::Naphthalenes;acceptor_superclass::Phenanthrenoids;acceptor_superclass::Phenolic acids (C6-C1);acceptor_superclass::Phenylpropanoids (C6-C3);acceptor_superclass::Steroids	0,0,0,0,0,0,0,0,0,0,0,0,0,0,0,0,0,0,0,0,0,0,0	1,0,1,1,1,0,1,1,0,1,1,0,1,1,0,1,0,0,0,1,0,0,0	0.051901,-0.095315,0.016876,0.313478,0.046537,-0.015457,0.374411,0.164496,-0.133358,0.063614,0.120351,-0.192484,0.212851,0.102015,-0.089360,0.065212,-0.166238,-0.127025,-0.006399,0.140029,-0.243017,-0.052517,-0.135495
Gmax_MT7_ABY59019.1	Gmax_IF7MAT_NP_001237760.1	/content/drive/MyDrive/CS_5782_Final_Project/code_and_data/BAHD_lastLayer_embeddings/Gmax_MT7_ABY59019.1_hidden_layer_steps10.pt	acceptor_superclass::Isoflavonoids	acceptor_superclass::Coumarins;acceptor_superclass::Diterpenoids;acceptor_superclass::Fatty Acids and Conjugates;acceptor_superclass::Fatty acyls;acceptor_superclass::Isoflavonoids;acceptor_superclass::Lignans;acceptor_superclass::Monoterpenoids;acceptor_superclass::Naphthalenes;acceptor_superclass::Phenanthrenoids;acceptor_superclass::Phenolic acids (C6-C1);acceptor_superclass::Phenylpropanoids (C6-C3);acceptor_superclass::Steroids	0,0,0,0,0,0,1,0,0,0,0,0,0,0,0,0,0,0,0,0,0,0,0	1,0,1,1,1,0,1,1,0,1,1,0,1,1,0,1,0,0,0,1,0,0,0	0.051902,-0.095311,0.016877,0.313482,0.046535,-0.015457,0.374414,0.164497,-0.133358,0.063616,0.120351,-0.192489,0.212847,0.102014,-0.089363,0.065211,-0.166237,-0.127028,-0.006399,0.140033,-0.243017,-0.052522,-0.135494
Gmax_IMAT1_AQY54373.1	Gmax_IMAT1_AQY54373.1	/content/drive/MyDrive/CS_5782_Final_Project/code_and_data/BAHD_lastLayer_embeddings/Gmax_IMAT1_AQY54373.1_hidden_layer_steps10.pt	acceptor_superclass::Isoflavonoids	acceptor_superclass::Coumarins;acceptor_superclass::Diterpenoids;acceptor_superclass::Fatty Acids and Conjugates;acceptor_superclass::Fatty acyls;acceptor_superclass::Isoflavonoids;acceptor_superclass::Lignans;acceptor_superclass::Monoterpenoids;acceptor_superclass::Naphthalenes;acceptor_superclass::Phenanthrenoids;acceptor_superclass::Phenolic acids (C6-C1);acceptor_superclass::Phenylpropanoids (C6-C3);acceptor_superclass::Steroids	0,0,0,0,0,0,1,0,0,0,0,0,0,0,0,0,0,0,0,0,0,0,0	1,0,1,1,1,0,1,1,0,1,1,0,1,1,0,1,0,0,0,1,0,0,0	0.051901,-0.095314,0.016876,0.313479,0.046536,-0.015457,0.374412,0.164497,-0.133358,0.063615,0.120351,-0.192486,0.212850,0.102015,-0.089361,0.065212,-0.166238,-0.127026,-0.006399,0.140031,-0.243017,-0.052519,-0.135495
Gmax_IMAT3_AQY54374.1	Gmax_IMAT3_AQY54374.1	/content/drive/MyDrive/CS_5782_Final_Project/code_and_data/BAHD_lastLayer_embeddings/Gmax_IMAT3_AQY54374.1_hidden_layer_steps10.pt	acceptor_superclass::Isoflavonoids	acceptor_superclass::Coumarins;acceptor_superclass::Cyclic polyketides;acceptor_superclass::Flavonoids;acceptor_superclass::Isoflavonoids;acceptor_superclass::Lignans;acceptor_superclass::Lysine alkaloids;acceptor_superclass::Monoterpenoids;acceptor_superclass::Naphthalenes;acceptor_superclass::Ornithine alkaloids;acceptor_superclass::Phenanthrenoids;acceptor_superclass::Phenylpropanoids (C6-C3);acceptor_superclass::Pseudoalkaloids;acceptor_superclass::Saccharides;acceptor_superclass::Small peptides;acceptor_superclass::Tryptophan alkaloids;acceptor_superclass::Tyrosine alkaloids	0,0,0,0,0,0,1,0,0,0,0,0,0,0,0,0,0,0,0,0,0,0,0	1,1,0,0,0,1,1,1,1,1,1,1,1,0,0,1,1,1,1,0,0,1,1	0.103578,0.197445,-0.081448,-0.079707,-0.033580,0.005212,0.053624,0.035559,0.009789,0.065255,0.039989,0.011250,0.202564,-0.000772,-0.001186,0.015730,0.054336,0.068969,0.045381,-0.053620,-0.053676,0.061322,0.069850
Gmax_MT7_ABY59019.1	Gmax_MT7_ABY59019.1	/content/drive/MyDrive/CS_5782_Final_Project/code_and_data/BAHD_lastLayer_embeddings/Gmax_MT7_ABY59019.1_hidden_layer_steps10.pt	acceptor_superclass::Flavonoids;acceptor_superclass::Isoflavonoids	acceptor_superclass::Coumarins;acceptor_superclass::Diterpenoids;acceptor_superclass::Fatty Acids and Conjugates;acceptor_superclass::Fatty acyls;acceptor_superclass::Isoflavonoids;acceptor_superclass::Lignans;acceptor_superclass::Monoterpenoids;acceptor_superclass::Naphthalenes;acceptor_superclass::Phenanthrenoids;acceptor_superclass::Phenolic acids (C6-C1);acceptor_superclass::Phenylpropanoids (C6-C3);acceptor_superclass::Steroids	0,0,0,0,0,1,1,0,0,0,0,0,0,0,0,0,0,0,0,0,0,0,0	1,0,1,1,1,0,1,1,0,1,1,0,1,1,0,1,0,0,0,1,0,0,0	0.051902,-0.095311,0.016877,0.313482,0.046535,-0.015457,0.374414,0.164497,-0.133358,0.063616,0.120351,-0.192489,0.212847,0.102014,-0.089363,0.065211,-0.166237,-0.127028,-0.006399,0.140033,-0.243017,-0.052522,-0.135494
Gmax_SSACT1_KRH01153.1	Gmax_SSACT1_KRH01153.1	/content/drive/MyDrive/CS_5782_Final_Project/code_and_data/BAHD_lastLayer_embeddings/Gmax_SSACT1_KRH01153.1_hidden_layer_steps10.pt	acceptor_superclass::Triterpenoids	acceptor_superclass::Diterpenoids;acceptor_superclass::Fatty acyls;acceptor_superclass::Flavonoids;acceptor_superclass::Isoflavonoids;acceptor_superclass::Lignans;acceptor_superclass::Lysine alkaloids;acceptor_superclass::Phenanthrenoids;acceptor_superclass::Phenylethanoids (C6-C2);acceptor_superclass::Phenylpropanoids (C6-C3);acceptor_superclass::Saccharides;acceptor_superclass::Steroids;acceptor_superclass::Triterpenoids;acceptor_superclass::Tyrosine alkaloids	0,0,0,0,0,0,0,0,0,0,0,0,0,0,0,0,0,0,0,0,1,0,0	0,0,1,0,1,1,1,1,1,0,0,0,1,0,1,1,0,1,0,1,1,0,1	-0.022578,-0.020647,0.030924,-0.005503,0.028431,0.021797,0.023982,0.027042,0.020981,-0.010895,-0.003073,-0.037338,0.029294,-0.008554,0.010687,0.014747,-0.012423,0.017034,-0.004441,0.011177,0.004864,-0.028064,0.014506
Gtri_53AAT_BAA74428.1	Gtri_53AAT_BAA74428.1	/content/drive/MyDrive/CS_5782_Final_Project/code_and_data/BAHD_lastLayer_embeddings/Gtri_53AAT_BAA74428.1_hidden_layer_steps10.pt	acceptor_superclass::Flavonoids	acceptor_superclass::Coumarins;acceptor_superclass::Cyclic polyketides;acceptor_superclass::Flavonoids;acceptor_superclass::Isoflavonoids;acceptor_superclass::Lignans;acceptor_superclass::Lysine alkaloids;acceptor_superclass::Monoterpenoids;acceptor_superclass::Naphthalenes;acceptor_superclass::Ornithine alkaloids;acceptor_superclass::Phenanthrenoids;acceptor_superclass::Phenylpropanoids (C6-C3);acceptor_superclass::Pseudoalkaloids;acceptor_superclass::Saccharides;acceptor_superclass::Small peptides;acceptor_superclass::Tryptophan alkaloids;acceptor_superclass::Tyrosine alkaloids	0,0,0,0,0,1,0,0,0,0,0,0,0,0,0,0,0,0,0,0,0,0,0	1,1,0,0,0,1,1,1,1,1,1,1,1,0,0,1,1,1,1,0,0,1,1	0.103578,0.197445,-0.081448,-0.079707,-0.033580,0.005212,0.053624,0.035559,0.009789,0.065255,0.039989,0.011250,0.202564,-0.000772,-0.001186,0.015730,0.054336,0.068968,0.045381,-0.053620,-0.053676,0.061322,0.069850
Gtri_53AAT_BAA74428.1	Gtri_5AT_BAA74428.1	/content/drive/MyDrive/CS_5782_Final_Project/code_and_data/BAHD_lastLayer_embeddings/Gtri_53AAT_BAA74428.1_hidden_layer_steps10.pt	acceptor_superclass::Flavonoids	acceptor_superclass::Coumarins;acceptor_superclass::Cyclic polyketides;acceptor_superclass::Flavonoids;acceptor_superclass::Monoterpenoids;acceptor_superclass::Phenylethanoids (C6-C2);acceptor_superclass::Phenylpropanoids (C6-C3);acceptor_superclass::Saccharides;acceptor_superclass::Small peptides;acceptor_superclass::Tryptophan alkaloids;acceptor_superclass::Tyrosine alkaloids	0,0,0,0,0,1,0,0,0,0,0,0,0,0,0,0,0,0,0,0,0,0,0	1,1,0,0,0,1,0,0,0,1,0,0,0,0,1,1,0,1,1,0,0,1,1	0.134297,0.045496,-0.017216,-0.013915,-0.007559,0.047084,-0.030451,-0.005764,-0.045269,0.009238,-0.070009,-0.009879,-0.041999,-0.006755,0.028504,0.007573,-0.005475,0.027912,0.051142,-0.042927,-0.009991,0.092677,0.143618
Gtri_53AAT_BAA74428.1	Gtri_GAT_BAA74428.1	/content/drive/MyDrive/CS_5782_Final_Project/code_and_data/BAHD_lastLayer_embeddings/Gtri_53AAT_BAA74428.1_hidden_layer_steps10.pt	acceptor_superclass::Flavonoids	acceptor_superclass::Coumarins;acceptor_superclass::Cyclic polyketides;acceptor_superclass::Diterpenoids;acceptor_superclass::Fatty Acids and Conjugates;acceptor_superclass::Flavonoids;acceptor_superclass::Lignans;acceptor_superclass::Ornithine alkaloids;acceptor_superclass::Phenolic acids (C6-C1);acceptor_superclass::Pseudoalkaloids;acceptor_superclass::Saccharides;acceptor_superclass::Triterpenoids	0,0,0,0,0,1,0,0,0,0,0,0,0,0,0,0,0,0,0,0,0,0,0	1,1,1,1,0,1,0,1,0,0,0,1,0,1,0,0,1,1,0,0,1,0,0	0.007297,0.065000,0.007190,0.006382,-0.074517,0.009489,-0.078592,0.100263,-0.117863,-0.075700,-0.089727,0.059689,-0.061442,0.097676,-0.019491,-0.064985,0.088856,0.001948,-0.082609,-0.011369,0.242431,-0.225254,-0.023508
Hann_HCT1_QBM78941.1	Hann_HCT1_QBM78941.1	/content/drive/MyDrive/CS_5782_Final_Project/code_and_data/BAHD_lastLayer_embeddings/Hann_HCT1_QBM78941.1_hidden_layer_steps10.pt	acceptor_superclass::Phenolic acids (C6-C1)	acceptor_superclass::Coumarins;acceptor_superclass::Diterpenoids;acceptor_superclass::Fatty Acids and Conjugates;acceptor_superclass::Fatty acyls;acceptor_superclass::Isoflavonoids;acceptor_superclass::Lignans;acceptor_superclass::Monoterpenoids;acceptor_superclass::Naphthalenes;acceptor_superclass::Phenanthrenoids;acceptor_superclass::Phenolic acids (C6-C1);acceptor_superclass::Phenylpropanoids (C6-C3);acceptor_superclass::Steroids	0,0,0,0,0,0,0,0,0,0,0,0,0,1,0,0,0,0,0,0,0,0,0	1,0,1,1,1,0,1,1,0,1,1,0,1,1,0,1,0,0,0,1,0,0,0	0.051901,-0.095314,0.016876,0.313479,0.046536,-0.015457,0.374412,0.164497,-0.133358,0.063615,0.120351,-0.192486,0.212850,0.102015,-0.089361,0.065212,-0.166238,-0.127026,-0.006399,0.140031,-0.243017,-0.052519,-0.135495
Hann_HCT2_QBM78942.1	Hann_HCT2_QBM78942.1	/content/drive/MyDrive/CS_5782_Final_Project/code_and_data/BAHD_lastLayer_embeddings/Hann_HCT2_QBM78942.1_hidden_layer_steps10.pt	acceptor_superclass::Phenolic acids (C6-C1)	acceptor_superclass::Coumarins;acceptor_superclass::Cyclic polyketides;acceptor_superclass::Flavonoids;acceptor_superclass::Isoflavonoids;acceptor_superclass::Lignans;acceptor_superclass::Lysine alkaloids;acceptor_superclass::Monoterpenoids;acceptor_superclass::Naphthalenes;acceptor_superclass::Ornithine alkaloids;acceptor_superclass::Phenanthrenoids;acceptor_superclass::Phenylpropanoids (C6-C3);acceptor_superclass::Pseudoalkaloids;acceptor_superclass::Saccharides;acceptor_superclass::Small peptides;acceptor_superclass::Tryptophan alkaloids;acceptor_superclass::Tyrosine alkaloids	0,0,0,0,0,0,0,0,0,0,0,0,0,1,0,0,0,0,0,0,0,0,0	1,1,0,0,0,1,1,1,1,1,1,1,1,0,0,1,1,1,1,0,0,1,1	0.103578,0.197445,-0.081448,-0.079707,-0.033580,0.005212,0.053624,0.035559,0.009789,0.065255,0.039990,0.011250,0.202563,-0.000772,-0.001187,0.015730,0.054336,0.068968,0.045381,-0.053620,-0.053676,0.061322,0.069850
Hann_HQT1_QBM78938.1	Hann_HQT1_QBM78938.1	/content/drive/MyDrive/CS_5782_Final_Project/code_and_data/BAHD_lastLayer_embeddings/Hann_HQT1_QBM78938.1_hidden_layer_steps10.pt	acceptor_superclass::Phenolic acids (C6-C1)	acceptor_superclass::Diterpenoids;acceptor_superclass::Fatty acyls;acceptor_superclass::Flavonoids;acceptor_superclass::Isoflavonoids;acceptor_superclass::Lignans;acceptor_superclass::Lysine alkaloids;acceptor_superclass::Phenanthrenoids;acceptor_superclass::Phenylethanoids (C6-C2);acceptor_superclass::Phenylpropanoids (C6-C3);acceptor_superclass::Saccharides;acceptor_superclass::Steroids;acceptor_superclass::Triterpenoids;acceptor_superclass::Tyrosine alkaloids	0,0,0,0,0,0,0,0,0,0,0,0,0,1,0,0,0,0,0,0,0,0,0	0,0,1,0,1,1,1,1,1,0,0,0,1,0,1,1,0,1,0,1,1,0,1	-0.022578,-0.020647,0.030924,-0.005503,0.028431,0.021797,0.023982,0.027042,0.020981,-0.010895,-0.003073,-0.037337,0.029294,-0.008554,0.010687,0.014747,-0.012423,0.017034,-0.004441,0.011177,0.004864,-0.028064,0.014506
Hann_HQT2_QBM78939.1	Hann_HQT2_QBM78939.1	/content/drive/MyDrive/CS_5782_Final_Project/code_and_data/BAHD_lastLayer_embeddings/Hann_HQT2_QBM78939.1_hidden_layer_steps10.pt	acceptor_superclass::Phenolic acids (C6-C1)	acceptor_superclass::Diterpenoids;acceptor_superclass::Fatty acyls;acceptor_superclass::Flavonoids;acceptor_superclass::Isoflavonoids;acceptor_superclass::Lignans;acceptor_superclass::Lysine alkaloids;acceptor_superclass::Phenanthrenoids;acceptor_superclass::Phenylethanoids (C6-C2);acceptor_superclass::Phenylpropanoids (C6-C3);acceptor_superclass::Saccharides;acceptor_superclass::Steroids;acceptor_superclass::Triterpenoids;acceptor_superclass::Tyrosine alkaloids	0,0,0,0,0,0,0,0,0,0,0,0,0,1,0,0,0,0,0,0,0,0,0	0,0,1,0,1,1,1,1,1,0,0,0,1,0,1,1,0,1,0,1,1,0,1	-0.022578,-0.020647,0.030924,-0.005503,0.028431,0.021797,0.023982,0.027042,0.020981,-0.010895,-0.003073,-0.037338,0.029294,-0.008554,0.010687,0.014747,-0.012423,0.017034,-0.004441,0.011177,0.004864,-0.028064,0.014506
Hann_HQT3_QBM78940.1	Hann_HQT3_QBM78940.1	/content/drive/MyDrive/CS_5782_Final_Project/code_and_data/BAHD_lastLayer_embeddings/Hann_HQT3_QBM78940.1_hidden_layer_steps10.pt	acceptor_superclass::Phenolic acids (C6-C1)	acceptor_superclass::Coumarins;acceptor_superclass::Cyclic polyketides;acceptor_superclass::Flavonoids;acceptor_superclass::Isoflavonoids;acceptor_superclass::Lignans;acceptor_superclass::Lysine alkaloids;acceptor_superclass::Monoterpenoids;acceptor_superclass::Naphthalenes;acceptor_superclass::Ornithine alkaloids;acceptor_superclass::Phenanthrenoids;acceptor_superclass::Phenylpropanoids (C6-C3);acceptor_superclass::Pseudoalkaloids;acceptor_superclass::Saccharides;acceptor_superclass::Small peptides;acceptor_superclass::Tryptophan alkaloids;acceptor_superclass::Tyrosine alkaloids	0,0,0,0,0,0,0,0,0,0,0,0,0,1,0,0,0,0,0,0,0,0,0	1,1,0,0,0,1,1,1,1,1,1,1,1,0,0,1,1,1,1,0,0,1,1	0.103578,0.197445,-0.081448,-0.079707,-0.033580,0.005212,0.053624,0.035559,0.009789,0.065255,0.039989,0.011250,0.202564,-0.000772,-0.001186,0.015730,0.054336,0.068968,0.045381,-0.053620,-0.053676,0.061322,0.069850
Hcan_PMT_KAL4341785.1	Hcan_PMT_KAL4341785.1	/content/drive/MyDrive/CS_5782_Final_Project/code_and_data/BAHD_lastLayer_embeddings/Hcan_PMT_KAL4341785.1_hidden_layer_steps10.pt	acceptor_superclass::Phenylpropanoids (C6-C3)	acceptor_superclass::Diterpenoids;acceptor_superclass::Fatty acyls;acceptor_superclass::Flavonoids;acceptor_superclass::Isoflavonoids;acceptor_superclass::Lignans;acceptor_superclass::Lysine alkaloids;acceptor_superclass::Phenanthrenoids;acceptor_superclass::Phenylethanoids (C6-C2);acceptor_superclass::Phenylpropanoids (C6-C3);acceptor_superclass::Saccharides;acceptor_superclass::Steroids;acceptor_superclass::Triterpenoids;acceptor_superclass::Tyrosine alkaloids	0,0,0,0,0,0,0,0,0,0,0,0,0,0,0,1,0,0,0,0,0,0,0	0,0,1,0,1,1,1,1,1,0,0,0,1,0,1,1,0,1,0,1,1,0,1	-0.022578,-0.020647,0.030924,-0.005503,0.028431,0.021797,0.023982,0.027042,0.020981,-0.010895,-0.003073,-0.037338,0.029294,-0.008554,0.010687,0.014747,-0.012423,0.017034,-0.004441,0.011177,0.004864,-0.028064,0.014506
Hmur_ACT_BCN87077.1	Hmur_ACT_BCN87077.1	/content/drive/MyDrive/CS_5782_Final_Project/code_and_data/BAHD_lastLayer_embeddings/Hmur_ACT_BCN87077.1_hidden_layer_steps10.pt	acceptor_superclass::Ornithine alkaloids;acceptor_superclass::Pseudoalkaloids	acceptor_superclass::Coumarins;acceptor_superclass::Cyclic polyketides;acceptor_superclass::Diterpenoids;acceptor_superclass::Fatty Acids and Conjugates;acceptor_superclass::Flavonoids;acceptor_superclass::Lignans;acceptor_superclass::Ornithine alkaloids;acceptor_superclass::Phenolic acids (C6-C1);acceptor_superclass::Pseudoalkaloids;acceptor_superclass::Saccharides;acceptor_superclass::Triterpenoids	0,0,0,0,0,0,0,0,0,0,0,1,0,0,0,0,1,0,0,0,0,0,0	1,1,1,1,0,1,0,1,0,0,0,1,0,1,0,0,1,1,0,0,1,0,0	0.007297,0.065000,0.007190,0.006382,-0.074517,0.009489,-0.078592,0.100263,-0.117863,-0.075700,-0.089727,0.059689,-0.061442,0.097676,-0.019491,-0.064985,0.088856,0.001948,-0.082609,-0.011369,0.242431,-0.225254,-0.023508
Hpol_BAHD3_NA	Hpol_BAHD3_NA	/content/drive/MyDrive/CS_5782_Final_Project/code_and_data/BAHD_lastLayer_embeddings/Hpol_BAHD3_NA_hidden_layer_steps10.pt	acceptor_superclass::Tyrosine alkaloids	acceptor_superclass::Coumarins;acceptor_superclass::Cyclic polyketides;acceptor_superclass::Diterpenoids;acceptor_superclass::Fatty Acids and Conjugates;acceptor_superclass::Flavonoids;acceptor_superclass::Lignans;acceptor_superclass::Ornithine alkaloids;acceptor_superclass::Phenolic acids (C6-C1);acceptor_superclass::Pseudoalkaloids;acceptor_superclass::Saccharides;acceptor_superclass::Triterpenoids	0,0,0,0,0,0,0,0,0,0,0,0,0,0,0,0,0,0,0,0,0,0,1	1,1,1,1,0,1,0,1,0,0,0,1,0,1,0,0,1,1,0,0,1,0,0	0.007297,0.065000,0.007190,0.006382,-0.074517,0.009489,-0.078592,0.100263,-0.117863,-0.075700,-0.089727,0.059689,-0.061442,0.097676,-0.019491,-0.064985,0.088856,0.001948,-0.082609,-0.011369,0.242431,-0.225254,-0.023508
Hvul_ACT1-1_AAO73071.1	Hvul_ACT1-1_AAO73071.1	/content/drive/MyDrive/CS_5782_Final_Project/code_and_data/BAHD_lastLayer_embeddings/Hvul_ACT1-1_AAO73071.1_hidden_layer_steps10.pt	acceptor_superclass::Ornithine alkaloids	acceptor_superclass::Coumarins;acceptor_superclass::Cyclic polyketides;acceptor_superclass::Flavonoids;acceptor_superclass::Monoterpenoids;acceptor_superclass::Phenylethanoids (C6-C2);acceptor_superclass::Phenylpropanoids (C6-C3);acceptor_superclass::Saccharides;acceptor_superclass::Small peptides;acceptor_superclass::Tryptophan alkaloids;acceptor_superclass::Tyrosine alkaloids	0,0,0,0,0,0,0,0,0,0,0,1,0,0,0,0,0,0,0,0,0,0,0	1,1,0,0,0,1,0,0,0,1,0,0,0,0,1,1,0,1,1,0,0,1,1	0.134297,0.045496,-0.017216,-0.013915,-0.007559,0.047085,-0.030451,-0.005764,-0.045269,0.009238,-0.070009,-0.009879,-0.041999,-0.006754,0.028504,0.007573,-0.005475,0.027912,0.051142,-0.042927,-0.009991,0.092678,0.143618
Hvul_ACT1-1_BAF97626	Hvul_ACT1-1_BAF97626	/content/drive/MyDrive/CS_5782_Final_Project/code_and_data/BAHD_lastLayer_embeddings/Hvul_ACT1-1_BAF97626_hidden_layer_steps10.pt	acceptor_superclass::Ornithine alkaloids;acceptor_superclass::Pseudoalkaloids	acceptor_superclass::Coumarins;acceptor_superclass::Cyclic polyketides;acceptor_superclass::Flavonoids;acceptor_superclass::Isoflavonoids;acceptor_superclass::Lignans;acceptor_superclass::Lysine alkaloids;acceptor_superclass::Monoterpenoids;acceptor_superclass::Naphthalenes;acceptor_superclass::Ornithine alkaloids;acceptor_superclass::Phenanthrenoids;acceptor_superclass::Phenylpropanoids (C6-C3);acceptor_superclass::Pseudoalkaloids;acceptor_superclass::Saccharides;acceptor_superclass::Small peptides;acceptor_superclass::Tryptophan alkaloids;acceptor_superclass::Tyrosine alkaloids	0,0,0,0,0,0,0,0,0,0,0,1,0,0,0,0,1,0,0,0,0,0,0	1,1,0,0,0,1,1,1,1,1,1,1,1,0,0,1,1,1,1,0,0,1,1	0.103578,0.197445,-0.081448,-0.079707,-0.033580,0.005212,0.053624,0.035559,0.009789,0.065255,0.039990,0.011250,0.202563,-0.000772,-0.001187,0.015730,0.054336,0.068968,0.045381,-0.053620,-0.053676,0.061322,0.069850
Hvul_ACT1-2_BAF97627.1	Hvul_ACT1-2_BAF97627	/content/drive/MyDrive/CS_5782_Final_Project/code_and_data/BAHD_lastLayer_embeddings/Hvul_ACT1-2_BAF97627.1_hidden_layer_steps10.pt	acceptor_superclass::Ornithine alkaloids;acceptor_superclass::Pseudoalkaloids	acceptor_superclass::Diterpenoids;acceptor_superclass::Fatty acyls;acceptor_superclass::Flavonoids;acceptor_superclass::Isoflavonoids;acceptor_superclass::Lignans;acceptor_superclass::Lysine alkaloids;acceptor_superclass::Phenanthrenoids;acceptor_superclass::Phenylethanoids (C6-C2);acceptor_superclass::Phenylpropanoids (C6-C3);acceptor_superclass::Saccharides;acceptor_superclass::Steroids;acceptor_superclass::Triterpenoids;acceptor_superclass::Tyrosine alkaloids	0,0,0,0,0,0,0,0,0,0,0,1,0,0,0,0,1,0,0,0,0,0,0	0,0,1,0,1,1,1,1,1,0,0,0,1,0,1,1,0,1,0,1,1,0,1	-0.022578,-0.020647,0.030924,-0.005503,0.028431,0.021797,0.023982,0.027042,0.020981,-0.010895,-0.003073,-0.037338,0.029294,-0.008554,0.010687,0.014747,-0.012423,0.017034,-0.004441,0.011177,0.004864,-0.028064,0.014506
Hvul_ACT1-2_BAF97627.1	Hvul_ACT1-2_BAF97627.1	/content/drive/MyDrive/CS_5782_Final_Project/code_and_data/BAHD_lastLayer_embeddings/Hvul_ACT1-2_BAF97627.1_hidden_layer_steps10.pt	acceptor_superclass::Ornithine alkaloids	acceptor_superclass::Coumarins;acceptor_superclass::Cyclic polyketides;acceptor_superclass::Flavonoids;acceptor_superclass::Isoflavonoids;acceptor_superclass::Lignans;acceptor_superclass::Lysine alkaloids;acceptor_superclass::Monoterpenoids;acceptor_superclass::Naphthalenes;acceptor_superclass::Ornithine alkaloids;acceptor_superclass::Phenanthrenoids;acceptor_superclass::Phenylpropanoids (C6-C3);acceptor_superclass::Pseudoalkaloids;acceptor_superclass::Saccharides;acceptor_superclass::Small peptides;acceptor_superclass::Tryptophan alkaloids;acceptor_superclass::Tyrosine alkaloids	0,0,0,0,0,0,0,0,0,0,0,1,0,0,0,0,0,0,0,0,0,0,0	1,1,0,0,0,1,1,1,1,1,1,1,1,0,0,1,1,1,1,0,0,1,1	0.103578,0.197445,-0.081448,-0.079707,-0.033580,0.005212,0.053624,0.035559,0.009789,0.065255,0.039990,0.011250,0.202563,-0.000772,-0.001187,0.015730,0.054336,0.068968,0.045381,-0.053620,-0.053676,0.061322,0.069850
Hvul_ACT2_BAK00935.1	Hvul_ACT2_BAK00935.1	/content/drive/MyDrive/CS_5782_Final_Project/code_and_data/BAHD_lastLayer_embeddings/Hvul_ACT2_BAK00935.1_hidden_layer_steps10.pt	acceptor_superclass::Ornithine alkaloids;acceptor_superclass::Pseudoalkaloids	acceptor_superclass::Coumarins;acceptor_superclass::Cyclic polyketides;acceptor_superclass::Flavonoids;acceptor_superclass::Isoflavonoids;acceptor_superclass::Lignans;acceptor_superclass::Lysine alkaloids;acceptor_superclass::Monoterpenoids;acceptor_superclass::Naphthalenes;acceptor_superclass::Ornithine alkaloids;acceptor_superclass::Phenanthrenoids;acceptor_superclass::Phenylpropanoids (C6-C3);acceptor_superclass::Pseudoalkaloids;acceptor_superclass::Saccharides;acceptor_superclass::Small peptides;acceptor_superclass::Tryptophan alkaloids;acceptor_superclass::Tyrosine alkaloids	0,0,0,0,0,0,0,0,0,0,0,1,0,0,0,0,1,0,0,0,0,0,0	1,1,0,0,0,1,1,1,1,1,1,1,1,0,0,1,1,1,1,0,0,1,1	0.103578,0.197445,-0.081448,-0.079707,-0.033580,0.005212,0.053624,0.035559,0.009789,0.065255,0.039990,0.011250,0.202563,-0.000772,-0.001187,0.015730,0.054336,0.068968,0.045381,-0.053620,-0.053676,0.061322,0.069850
Hvul_ACT1-1_AAO73071.1	Hvul_ACT_AAO73071.1	/content/drive/MyDrive/CS_5782_Final_Project/code_and_data/BAHD_lastLayer_embeddings/Hvul_ACT1-1_AAO73071.1_hidden_layer_steps10.pt	acceptor_superclass::Ornithine alkaloids	acceptor_superclass::Coumarins;acceptor_superclass::Cyclic polyketides;acceptor_superclass::Flavonoids;acceptor_superclass::Monoterpenoids;acceptor_superclass::Phenylethanoids (C6-C2);acceptor_superclass::Phenylpropanoids (C6-C3);acceptor_superclass::Saccharides;acceptor_superclass::Small peptides;acceptor_superclass::Tryptophan alkaloids;acceptor_superclass::Tyrosine alkaloids	0,0,0,0,0,0,0,0,0,0,0,1,0,0,0,0,0,0,0,0,0,0,0	1,1,0,0,0,1,0,0,0,1,0,0,0,0,1,1,0,1,1,0,0,1,1	0.134297,0.045496,-0.017216,-0.013915,-0.007559,0.047085,-0.030451,-0.005764,-0.045269,0.009238,-0.070009,-0.009879,-0.041999,-0.006754,0.028504,0.007573,-0.005475,0.027912,0.051142,-0.042927,-0.009991,0.092678,0.143618
Ibat_HQT_BAA87043.1	Ibat_HQT_BAA87043.1	/content/drive/MyDrive/CS_5782_Final_Project/code_and_data/BAHD_lastLayer_embeddings/Ibat_HQT_BAA87043.1_hidden_layer_steps10.pt	acceptor_superclass::Phenolic acids (C6-C1)	acceptor_superclass::Coumarins;acceptor_superclass::Diterpenoids;acceptor_superclass::Fatty Acids and Conjugates;acceptor_superclass::Fatty acyls;acceptor_superclass::Isoflavonoids;acceptor_superclass::Lignans;acceptor_superclass::Monoterpenoids;acceptor_superclass::Naphthalenes;acceptor_superclass::Phenanthrenoids;acceptor_superclass::Phenolic acids (C6-C1);acceptor_superclass::Phenylpropanoids (C6-C3);acceptor_superclass::Steroids	0,0,0,0,0,0,0,0,0,0,0,0,0,1,0,0,0,0,0,0,0,0,0	1,0,1,1,1,0,1,1,0,1,1,0,1,1,0,1,0,0,0,1,0,0,0	0.051901,-0.095315,0.016876,0.313479,0.046537,-0.015457,0.374412,0.164497,-0.133358,0.063614,0.120351,-0.192485,0.212850,0.102015,-0.089361,0.065212,-0.166238,-0.127026,-0.006399,0.140030,-0.243017,-0.052518,-0.135495
Ihol_3AT1_BAE72676.1	Ihol_3AT1_BAE72676.1	/content/drive/MyDrive/CS_5782_Final_Project/code_and_data/BAHD_lastLayer_embeddings/Ihol_3AT1_BAE72676.1_hidden_layer_steps10.pt	acceptor_superclass::Flavonoids	acceptor_superclass::Coumarins;acceptor_superclass::Diterpenoids;acceptor_superclass::Fatty Acids and Conjugates;acceptor_superclass::Fatty acyls;acceptor_superclass::Isoflavonoids;acceptor_superclass::Lignans;acceptor_superclass::Monoterpenoids;acceptor_superclass::Naphthalenes;acceptor_superclass::Phenanthrenoids;acceptor_superclass::Phenolic acids (C6-C1);acceptor_superclass::Phenylpropanoids (C6-C3);acceptor_superclass::Steroids	0,0,0,0,0,1,0,0,0,0,0,0,0,0,0,0,0,0,0,0,0,0,0	1,0,1,1,1,0,1,1,0,1,1,0,1,1,0,1,0,0,0,1,0,0,0	0.051901,-0.095314,0.016876,0.313480,0.046536,-0.015457,0.374412,0.164497,-0.133358,0.063615,0.120351,-0.192486,0.212850,0.102015,-0.089361,0.065212,-0.166238,-0.127026,-0.006399,0.140031,-0.243017,-0.052519,-0.135495
Ihol_3AT2_BAE94328.1	Ihol_3AT2_BAE94328.1	/content/drive/MyDrive/CS_5782_Final_Project/code_and_data/BAHD_lastLayer_embeddings/Ihol_3AT2_BAE94328.1_hidden_layer_steps10.pt	acceptor_superclass::Flavonoids	acceptor_superclass::Coumarins;acceptor_superclass::Cyclic polyketides;acceptor_superclass::Flavonoids;acceptor_superclass::Monoterpenoids;acceptor_superclass::Phenylethanoids (C6-C2);acceptor_superclass::Phenylpropanoids (C6-C3);acceptor_superclass::Saccharides;acceptor_superclass::Small peptides;acceptor_superclass::Tryptophan alkaloids;acceptor_superclass::Tyrosine alkaloids	0,0,0,0,0,1,0,0,0,0,0,0,0,0,0,0,0,0,0,0,0,0,0	1,1,0,0,0,1,0,0,0,1,0,0,0,0,1,1,0,1,1,0,0,1,1	0.134296,0.045496,-0.017216,-0.013915,-0.007558,0.047085,-0.030451,-0.005764,-0.045270,0.009238,-0.070009,-0.009878,-0.041998,-0.006754,0.028504,0.007573,-0.005475,0.027912,0.051142,-0.042927,-0.009991,0.092678,0.143618
Jsam_BEAT1_UJH94663.1	Jsam_BEAT1_UJH94663.1	/content/drive/MyDrive/CS_5782_Final_Project/code_and_data/BAHD_lastLayer_embeddings/Jsam_BEAT1_UJH94663.1_hidden_layer_steps10.pt		acceptor_superclass::Coumarins;acceptor_superclass::Cyclic polyketides;acceptor_superclass::Flavonoids;acceptor_superclass::Monoterpenoids;acceptor_superclass::Phenylethanoids (C6-C2);acceptor_superclass::Phenylpropanoids (C6-C3);acceptor_superclass::Saccharides;acceptor_superclass::Small peptides;acceptor_superclass::Tryptophan alkaloids;acceptor_superclass::Tyrosine alkaloids	0,0,0,0,0,0,0,0,0,0,0,0,0,0,0,0,0,0,0,0,0,0,0	1,1,0,0,0,1,0,0,0,1,0,0,0,0,1,1,0,1,1,0,0,1,1	0.134296,0.045496,-0.017216,-0.013915,-0.007558,0.047085,-0.030451,-0.005764,-0.045270,0.009238,-0.070009,-0.009878,-0.041998,-0.006753,0.028504,0.007573,-0.005475,0.027912,0.051142,-0.042927,-0.009991,0.092678,0.143618
Jsam_BEAT2_UJH94664.1	Jsam_BEAT2_UJH94664.1	/content/drive/MyDrive/CS_5782_Final_Project/code_and_data/BAHD_lastLayer_embeddings/Jsam_BEAT2_UJH94664.1_hidden_layer_steps10.pt		acceptor_superclass::Coumarins;acceptor_superclass::Diterpenoids;acceptor_superclass::Fatty Acids and Conjugates;acceptor_superclass::Fatty acyls;acceptor_superclass::Isoflavonoids;acceptor_superclass::Lignans;acceptor_superclass::Monoterpenoids;acceptor_superclass::Naphthalenes;acceptor_superclass::Phenanthrenoids;acceptor_superclass::Phenolic acids (C6-C1);acceptor_superclass::Phenylpropanoids (C6-C3);acceptor_superclass::Steroids	0,0,0,0,0,0,0,0,0,0,0,0,0,0,0,0,0,0,0,0,0,0,0	1,0,1,1,1,0,1,1,0,1,1,0,1,1,0,1,0,0,0,1,0,0,0	0.051901,-0.095315,0.016876,0.313479,0.046537,-0.015457,0.374411,0.164497,-0.133358,0.063614,0.120351,-0.192485,0.212851,0.102015,-0.089361,0.065212,-0.166238,-0.127025,-0.006399,0.140030,-0.243017,-0.052518,-0.135495
Lalb_HMT_BAD89275.1	Lalb_HMT_BAD89275.1	/content/drive/MyDrive/CS_5782_Final_Project/code_and_data/BAHD_lastLayer_embeddings/Lalb_HMT_BAD89275.1_hidden_layer_steps10.pt	acceptor_superclass::Lysine alkaloids	acceptor_superclass::Coumarins;acceptor_superclass::Cyclic polyketides;acceptor_superclass::Flavonoids;acceptor_superclass::Monoterpenoids;acceptor_superclass::Phenylethanoids (C6-C2);acceptor_superclass::Phenylpropanoids (C6-C3);acceptor_superclass::Saccharides;acceptor_superclass::Small peptides;acceptor_superclass::Tryptophan alkaloids;acceptor_superclass::Tyrosine alkaloids	0,0,0,0,0,0,0,0,1,0,0,0,0,0,0,0,0,0,0,0,0,0,0	1,1,0,0,0,1,0,0,0,1,0,0,0,0,1,1,0,1,1,0,0,1,1	0.134296,0.045496,-0.017216,-0.013915,-0.007559,0.047085,-0.030451,-0.005764,-0.045270,0.009238,-0.070009,-0.009879,-0.041998,-0.006754,0.028504,0.007573,-0.005475,0.027912,0.051142,-0.042927,-0.009991,0.092678,0.143618
Lang_RAS_ABI48360.1	Lang_AAT1_ABI48360.1	/content/drive/MyDrive/CS_5782_Final_Project/code_and_data/BAHD_lastLayer_embeddings/Lang_RAS_ABI48360.1_hidden_layer_steps10.pt	acceptor_superclass::Tyrosine alkaloids	acceptor_superclass::Coumarins;acceptor_superclass::Cyclic polyketides;acceptor_superclass::Flavonoids;acceptor_superclass::Monoterpenoids;acceptor_superclass::Phenylethanoids (C6-C2);acceptor_superclass::Phenylpropanoids (C6-C3);acceptor_superclass::Saccharides;acceptor_superclass::Small peptides;acceptor_superclass::Tryptophan alkaloids;acceptor_superclass::Tyrosine alkaloids	0,0,0,0,0,0,0,0,0,0,0,0,0,0,0,0,0,0,0,0,0,0,1	1,1,0,0,0,1,0,0,0,1,0,0,0,0,1,1,0,1,1,0,0,1,1	0.134297,0.045496,-0.017216,-0.013915,-0.007559,0.047085,-0.030451,-0.005764,-0.045269,0.009238,-0.070009,-0.009879,-0.041998,-0.006754,0.028504,0.007573,-0.005475,0.027912,0.051142,-0.042927,-0.009991,0.092678,0.143618
Lang_RAS_ABI48360.1	Lang_AT1_ABI48360.1	/content/drive/MyDrive/CS_5782_Final_Project/code_and_data/BAHD_lastLayer_embeddings/Lang_RAS_ABI48360.1_hidden_layer_steps10.pt	acceptor_superclass::Phenolic acids (C6-C1);acceptor_superclass::Small peptides;acceptor_superclass::Tryptophan alkaloids;acceptor_superclass::Tyrosine alkaloids	acceptor_superclass::Coumarins;acceptor_superclass::Cyclic polyketides;acceptor_superclass::Flavonoids;acceptor_superclass::Isoflavonoids;acceptor_superclass::Lignans;acceptor_superclass::Lysine alkaloids;acceptor_superclass::Monoterpenoids;acceptor_superclass::Naphthalenes;acceptor_superclass::Ornithine alkaloids;acceptor_superclass::Phenanthrenoids;acceptor_superclass::Phenylpropanoids (C6-C3);acceptor_superclass::Pseudoalkaloids;acceptor_superclass::Saccharides;acceptor_superclass::Small peptides;acceptor_superclass::Tryptophan alkaloids;acceptor_superclass::Tyrosine alkaloids	0,0,0,0,0,0,0,0,0,0,0,0,0,1,0,0,0,0,1,0,0,1,1	1,1,0,0,0,1,1,1,1,1,1,1,1,0,0,1,1,1,1,0,0,1,1	0.103578,0.197445,-0.081448,-0.079707,-0.033580,0.005212,0.053624,0.035559,0.009789,0.065255,0.039989,0.011250,0.202564,-0.000772,-0.001186,0.015730,0.054336,0.068968,0.045381,-0.053620,-0.053676,0.061322,0.069850
Lang_RAS_ABI48360.1	Lang_RAS_ABI48360.1	/content/drive/MyDrive/CS_5782_Final_Project/code_and_data/BAHD_lastLayer_embeddings/Lang_RAS_ABI48360.1_hidden_layer_steps10.pt		acceptor_superclass::Coumarins;acceptor_superclass::Cyclic polyketides;acceptor_superclass::Diterpenoids;acceptor_superclass::Fatty Acids and Conjugates;acceptor_superclass::Flavonoids;acceptor_superclass::Lignans;acceptor_superclass::Ornithine alkaloids;acceptor_superclass::Phenolic acids (C6-C1);acceptor_superclass::Pseudoalkaloids;acceptor_superclass::Saccharides;acceptor_superclass::Triterpenoids	0,0,0,0,0,0,0,0,0,0,0,0,0,0,0,0,0,0,0,0,0,0,0	1,1,1,1,0,1,0,1,0,0,0,1,0,1,0,0,1,1,0,0,1,0,0	0.007297,0.065000,0.007190,0.006382,-0.074517,0.009489,-0.078592,0.100263,-0.117863,-0.075700,-0.089727,0.059689,-0.061442,0.097676,-0.019492,-0.064985,0.088856,0.001948,-0.082610,-0.011369,0.242431,-0.225254,-0.023508
Lang_RAS_AEA36976.1	Lang_RAS_AEA36976.1	/content/drive/MyDrive/CS_5782_Final_Project/code_and_data/BAHD_lastLayer_embeddings/Lang_RAS_AEA36976.1_hidden_layer_steps10.pt		acceptor_superclass::Coumarins;acceptor_superclass::Cyclic polyketides;acceptor_superclass::Flavonoids;acceptor_superclass::Isoflavonoids;acceptor_superclass::Lignans;acceptor_superclass::Lysine alkaloids;acceptor_superclass::Monoterpenoids;acceptor_superclass::Naphthalenes;acceptor_superclass::Ornithine alkaloids;acceptor_superclass::Phenanthrenoids;acceptor_superclass::Phenylpropanoids (C6-C3);acceptor_superclass::Pseudoalkaloids;acceptor_superclass::Saccharides;acceptor_superclass::Small peptides;acceptor_superclass::Tryptophan alkaloids;acceptor_superclass::Tyrosine alkaloids	0,0,0,0,0,0,0,0,0,0,0,0,0,0,0,0,0,0,0,0,0,0,0	1,1,0,0,0,1,1,1,1,1,1,1,1,0,0,1,1,1,1,0,0,1,1	0.103578,0.197445,-0.081448,-0.079707,-0.033580,0.005212,0.053624,0.035559,0.009789,0.065255,0.039989,0.011250,0.202564,-0.000772,-0.001186,0.015730,0.054336,0.068968,0.045381,-0.053620,-0.053676,0.061322,0.069850
Lery_AAT1_BBV14786.1	Lery_AAT1_BBV14786.1	/content/drive/MyDrive/CS_5782_Final_Project/code_and_data/BAHD_lastLayer_embeddings/Lery_AAT1_BBV14786.1_hidden_layer_steps10.pt	acceptor_superclass::Naphthalenes	acceptor_superclass::Coumarins;acceptor_superclass::Cyclic polyketides;acceptor_superclass::Flavonoids;acceptor_superclass::Isoflavonoids;acceptor_superclass::Lignans;acceptor_superclass::Lysine alkaloids;acceptor_superclass::Monoterpenoids;acceptor_superclass::Naphthalenes;acceptor_superclass::Ornithine alkaloids;acceptor_superclass::Phenanthrenoids;acceptor_superclass::Phenylpropanoids (C6-C3);acceptor_superclass::Pseudoalkaloids;acceptor_superclass::Saccharides;acceptor_superclass::Small peptides;acceptor_superclass::Tryptophan alkaloids;acceptor_superclass::Tyrosine alkaloids	0,0,0,0,0,0,0,0,0,0,1,0,0,0,0,0,0,0,0,0,0,0,0	1,1,0,0,0,1,1,1,1,1,1,1,1,0,0,1,1,1,1,0,0,1,1	0.103578,0.197445,-0.081448,-0.079707,-0.033580,0.005212,0.053624,0.035559,0.009789,0.065255,0.039990,0.011250,0.202563,-0.000772,-0.001187,0.015730,0.054336,0.068968,0.045381,-0.053620,-0.053676,0.061322,0.069850
Lery_AAT2_BDW80085.1	Lery_AAT2_BDW80085.1	/content/drive/MyDrive/CS_5782_Final_Project/code_and_data/BAHD_lastLayer_embeddings/Lery_AAT2_BDW80085.1_hidden_layer_steps10.pt	acceptor_superclass::Naphthalenes	acceptor_superclass::Diterpenoids;acceptor_superclass::Fatty acyls;acceptor_superclass::Flavonoids;acceptor_superclass::Isoflavonoids;acceptor_superclass::Lignans;acceptor_superclass::Lysine alkaloids;acceptor_superclass::Phenanthrenoids;acceptor_superclass::Phenylethanoids (C6-C2);acceptor_superclass::Phenylpropanoids (C6-C3);acceptor_superclass::Saccharides;acceptor_superclass::Steroids;acceptor_superclass::Triterpenoids;acceptor_superclass::Tyrosine alkaloids	0,0,0,0,0,0,0,0,0,0,1,0,0,0,0,0,0,0,0,0,0,0,0	0,0,1,0,1,1,1,1,1,0,0,0,1,0,1,1,0,1,0,1,1,0,1	-0.022578,-0.020647,0.030924,-0.005503,0.028431,0.021797,0.023982,0.027042,0.020981,-0.010895,-0.003073,-0.037338,0.029294,-0.008554,0.010687,0.014747,-0.012423,0.017034,-0.004441,0.011177,0.004864,-0.028064,0.014506
Lery_SAT1_BBV14785.1	Lery_SAT1_BBV14785.1	/content/drive/MyDrive/CS_5782_Final_Project/code_and_data/BAHD_lastLayer_embeddings/Lery_SAT1_BBV14785.1_hidden_layer_steps10.pt	acceptor_superclass::Naphthalenes	acceptor_superclass::Coumarins;acceptor_superclass::Cyclic polyketides;acceptor_superclass::Diterpenoids;acceptor_superclass::Fatty Acids and Conjugates;acceptor_superclass::Flavonoids;acceptor_superclass::Lignans;acceptor_superclass::Ornithine alkaloids;acceptor_superclass::Phenolic acids (C6-C1);acceptor_superclass::Pseudoalkaloids;acceptor_superclass::Saccharides;acceptor_superclass::Triterpenoids	0,0,0,0,0,0,0,0,0,0,1,0,0,0,0,0,0,0,0,0,0,0,0	1,1,1,1,0,1,0,1,0,0,0,1,0,1,0,0,1,1,0,0,1,0,0	0.007297,0.065000,0.007190,0.006382,-0.074517,0.009489,-0.078592,0.100263,-0.117863,-0.075700,-0.089727,0.059689,-0.061441,0.097676,-0.019491,-0.064985,0.088856,0.001948,-0.082609,-0.011369,0.242431,-0.225254,-0.023508
Lery_SAT2_BDW80077.1	Lery_SAT2_BDW80077.1	/content/drive/MyDrive/CS_5782_Final_Project/code_and_data/BAHD_lastLayer_embeddings/Lery_SAT2_BDW80077.1_hidden_layer_steps10.pt	acceptor_superclass::Naphthalenes	acceptor_superclass::Coumarins;acceptor_superclass::Diterpenoids;acceptor_superclass::Fatty Acids and Conjugates;acceptor_superclass::Fatty acyls;acceptor_superclass::Isoflavonoids;acceptor_superclass::Lignans;acceptor_superclass::Monoterpenoids;acceptor_superclass::Naphthalenes;acceptor_superclass::Phenanthrenoids;acceptor_superclass::Phenolic acids (C6-C1);acceptor_superclass::Phenylpropanoids (C6-C3);acceptor_superclass::Steroids	0,0,0,0,0,0,0,0,0,0,1,0,0,0,0,0,0,0,0,0,0,0,0	1,0,1,1,1,0,1,1,0,1,1,0,1,1,0,1,0,0,0,1,0,0,0	0.051901,-0.095315,0.016876,0.313479,0.046537,-0.015457,0.374411,0.164497,-0.133358,0.063614,0.120351,-0.192485,0.212851,0.102015,-0.089361,0.065212,-0.166238,-0.127025,-0.006399,0.140030,-0.243017,-0.052517,-0.135495
Lint_AAT-3_AIW81431.1	Lint_AAT-3_AIW81431.1	/content/drive/MyDrive/CS_5782_Final_Project/code_and_data/BAHD_lastLayer_embeddings/Lint_AAT-3_AIW81431.1_hidden_layer_steps10.pt	acceptor_superclass::Monoterpenoids	acceptor_superclass::Coumarins;acceptor_superclass::Cyclic polyketides;acceptor_superclass::Diterpenoids;acceptor_superclass::Fatty Acids and Conjugates;acceptor_superclass::Flavonoids;acceptor_superclass::Lignans;acceptor_superclass::Ornithine alkaloids;acceptor_superclass::Phenolic acids (C6-C1);acceptor_superclass::Pseudoalkaloids;acceptor_superclass::Saccharides;acceptor_superclass::Triterpenoids	0,0,0,0,0,0,0,0,0,1,0,0,0,0,0,0,0,0,0,0,0,0,0	1,1,1,1,0,1,0,1,0,0,0,1,0,1,0,0,1,1,0,0,1,0,0	0.007297,0.065000,0.007190,0.006382,-0.074517,0.009489,-0.078592,0.100263,-0.117863,-0.075700,-0.089727,0.059689,-0.061442,0.097676,-0.019492,-0.064985,0.088856,0.001947,-0.082610,-0.011369,0.242431,-0.225254,-0.023508
Lint_AAT-4_AIW81432.1	Lint_AAT-4_AIW81432.1	/content/drive/MyDrive/CS_5782_Final_Project/code_and_data/BAHD_lastLayer_embeddings/Lint_AAT-4_AIW81432.1_hidden_layer_steps10.pt	acceptor_superclass::Monoterpenoids	acceptor_superclass::Coumarins;acceptor_superclass::Cyclic polyketides;acceptor_superclass::Diterpenoids;acceptor_superclass::Fatty Acids and Conjugates;acceptor_superclass::Flavonoids;acceptor_superclass::Lignans;acceptor_superclass::Ornithine alkaloids;acceptor_superclass::Phenolic acids (C6-C1);acceptor_superclass::Pseudoalkaloids;acceptor_superclass::Saccharides;acceptor_superclass::Triterpenoids	0,0,0,0,0,0,0,0,0,1,0,0,0,0,0,0,0,0,0,0,0,0,0	1,1,1,1,0,1,0,1,0,0,0,1,0,1,0,0,1,1,0,0,1,0,0	0.007297,0.064999,0.007190,0.006382,-0.074517,0.009489,-0.078592,0.100263,-0.117863,-0.075700,-0.089726,0.059689,-0.061441,0.097676,-0.019491,-0.064985,0.088855,0.001948,-0.082609,-0.011369,0.242431,-0.225254,-0.023507
Ljap_HQT_ACZ52698.1	Ljap_HQT_ACZ52698.1	/content/drive/MyDrive/CS_5782_Final_Project/code_and_data/BAHD_lastLayer_embeddings/Ljap_HQT_ACZ52698.1_hidden_layer_steps10.pt	acceptor_superclass::Phenolic acids (C6-C1)	acceptor_superclass::Coumarins;acceptor_superclass::Diterpenoids;acceptor_superclass::Fatty Acids and Conjugates;acceptor_superclass::Fatty acyls;acceptor_superclass::Isoflavonoids;acceptor_superclass::Lignans;acceptor_superclass::Monoterpenoids;acceptor_superclass::Naphthalenes;acceptor_superclass::Phenanthrenoids;acceptor_superclass::Phenolic acids (C6-C1);acceptor_superclass::Phenylpropanoids (C6-C3);acceptor_superclass::Steroids	0,0,0,0,0,0,0,0,0,0,0,0,0,1,0,0,0,0,0,0,0,0,0	1,0,1,1,1,0,1,1,0,1,1,0,1,1,0,1,0,0,0,1,0,0,0	0.051901,-0.095315,0.016876,0.313479,0.046537,-0.015457,0.374411,0.164497,-0.133358,0.063614,0.120351,-0.192485,0.212850,0.102015,-0.089361,0.065212,-0.166238,-0.127025,-0.006399,0.140030,-0.243017,-0.052518,-0.135495
Lori_AAT1_WKK95849.1	Lori_AAT1_WKK95849.1	/content/drive/MyDrive/CS_5782_Final_Project/code_and_data/BAHD_lastLayer_embeddings/Lori_AAT1_WKK95849.1_hidden_layer_steps10.pt	acceptor_superclass::Fatty acyls	acceptor_superclass::Coumarins;acceptor_superclass::Cyclic polyketides;acceptor_superclass::Diterpenoids;acceptor_superclass::Fatty Acids and Conjugates;acceptor_superclass::Flavonoids;acceptor_superclass::Lignans;acceptor_superclass::Ornithine alkaloids;acceptor_superclass::Phenolic acids (C6-C1);acceptor_superclass::Pseudoalkaloids;acceptor_superclass::Saccharides;acceptor_superclass::Triterpenoids	0,0,0,0,1,0,0,0,0,0,0,0,0,0,0,0,0,0,0,0,0,0,0	1,1,1,1,0,1,0,1,0,0,0,1,0,1,0,0,1,1,0,0,1,0,0	0.007297,0.065000,0.007190,0.006382,-0.074517,0.009489,-0.078592,0.100263,-0.117863,-0.075700,-0.089727,0.059689,-0.061442,0.097676,-0.019491,-0.064985,0.088856,0.001948,-0.082609,-0.011369,0.242431,-0.225254,-0.023508
Lpur_3MAT1_AAS77404.1	Lpur_3MAT1_AAS77404.1	/content/drive/MyDrive/CS_5782_Final_Project/code_and_data/BAHD_lastLayer_embeddings/Lpur_3MAT1_AAS77404.1_hidden_layer_steps10.pt	acceptor_superclass::Flavonoids;acceptor_superclass::Isoflavonoids;acceptor_superclass::Phenolic acids (C6-C1)	acceptor_superclass::Diterpenoids;acceptor_superclass::Fatty acyls;acceptor_superclass::Flavonoids;acceptor_superclass::Isoflavonoids;acceptor_superclass::Lignans;acceptor_superclass::Lysine alkaloids;acceptor_superclass::Phenanthrenoids;acceptor_superclass::Phenylethanoids (C6-C2);acceptor_superclass::Phenylpropanoids (C6-C3);acceptor_superclass::Saccharides;acceptor_superclass::Steroids;acceptor_superclass::Triterpenoids;acceptor_superclass::Tyrosine alkaloids	0,0,0,0,0,1,1,0,0,0,0,0,0,1,0,0,0,0,0,0,0,0,0	0,0,1,0,1,1,1,1,1,0,0,0,1,0,1,1,0,1,0,1,1,0,1	-0.022578,-0.020647,0.030924,-0.005503,0.028431,0.021797,0.023982,0.027042,0.020981,-0.010895,-0.003073,-0.037338,0.029294,-0.008554,0.010687,0.014747,-0.012423,0.017034,-0.004441,0.011177,0.004864,-0.028064,0.014506
Lrob_AT1_WEX29780.1	Lrob_AT1_WEX29780.1	/content/drive/MyDrive/CS_5782_Final_Project/code_and_data/BAHD_lastLayer_embeddings/Lrob_AT1_WEX29780.1_hidden_layer_steps10.pt	acceptor_superclass::Phenylethanoids (C6-C2)	acceptor_superclass::Coumarins;acceptor_superclass::Cyclic polyketides;acceptor_superclass::Diterpenoids;acceptor_superclass::Fatty Acids and Conjugates;acceptor_superclass::Flavonoids;acceptor_superclass::Lignans;acceptor_superclass::Ornithine alkaloids;acceptor_superclass::Phenolic acids (C6-C1);acceptor_superclass::Pseudoalkaloids;acceptor_superclass::Saccharides;acceptor_superclass::Triterpenoids	0,0,0,0,0,0,0,0,0,0,0,0,0,0,1,0,0,0,0,0,0,0,0	1,1,1,1,0,1,0,1,0,0,0,1,0,1,0,0,1,1,0,0,1,0,0	0.007297,0.065000,0.007190,0.006382,-0.074517,0.009489,-0.078592,0.100263,-0.117863,-0.075700,-0.089727,0.059689,-0.061442,0.097676,-0.019492,-0.064985,0.088856,0.001948,-0.082610,-0.011369,0.242431,-0.225254,-0.023508
Lsat_BOS_QYL33117.1	Lsat_BOS_QYL33117.1	/content/drive/MyDrive/CS_5782_Final_Project/code_and_data/BAHD_lastLayer_embeddings/Lsat_BOS_QYL33117.1_hidden_layer_steps10.pt	acceptor_superclass::Small peptides	acceptor_superclass::Coumarins;acceptor_superclass::Cyclic polyketides;acceptor_superclass::Flavonoids;acceptor_superclass::Isoflavonoids;acceptor_superclass::Lignans;acceptor_superclass::Lysine alkaloids;acceptor_superclass::Monoterpenoids;acceptor_superclass::Naphthalenes;acceptor_superclass::Ornithine alkaloids;acceptor_superclass::Phenanthrenoids;acceptor_superclass::Phenylpropanoids (C6-C3);acceptor_superclass::Pseudoalkaloids;acceptor_superclass::Saccharides;acceptor_superclass::Small peptides;acceptor_superclass::Tryptophan alkaloids;acceptor_superclass::Tyrosine alkaloids	0,0,0,0,0,0,0,0,0,0,0,0,0,0,0,0,0,0,1,0,0,0,0	1,1,0,0,0,1,1,1,1,1,1,1,1,0,0,1,1,1,1,0,0,1,1	0.103578,0.197445,-0.081448,-0.079707,-0.033580,0.005212,0.053624,0.035559,0.009789,0.065255,0.039990,0.011250,0.202563,-0.000772,-0.001187,0.015730,0.054336,0.068968,0.045381,-0.053620,-0.053676,0.061322,0.069850
Lsat_BOS_QYL33117.1	Lsat_DS_QYL33117.1	/content/drive/MyDrive/CS_5782_Final_Project/code_and_data/BAHD_lastLayer_embeddings/Lsat_BOS_QYL33117.1_hidden_layer_steps10.pt	acceptor_superclass::Small peptides	acceptor_superclass::Coumarins;acceptor_superclass::Cyclic polyketides;acceptor_superclass::Diterpenoids;acceptor_superclass::Fatty Acids and Conjugates;acceptor_superclass::Flavonoids;acceptor_superclass::Lignans;acceptor_superclass::Ornithine alkaloids;acceptor_superclass::Phenolic acids (C6-C1);acceptor_superclass::Pseudoalkaloids;acceptor_superclass::Saccharides;acceptor_superclass::Triterpenoids	0,0,0,0,0,0,0,0,0,0,0,0,0,0,0,0,0,0,1,0,0,0,0	1,1,1,1,0,1,0,1,0,0,0,1,0,1,0,0,1,1,0,0,1,0,0	0.007297,0.065000,0.007190,0.006382,-0.074517,0.009489,-0.078592,0.100263,-0.117863,-0.075700,-0.089727,0.059689,-0.061442,0.097676,-0.019492,-0.064985,0.088856,0.001948,-0.082610,-0.011369,0.242431,-0.225254,-0.023508
Ltri_CAAT1_AHA90802.1	Ltri_CAAT1_AHA90802.1	/content/drive/MyDrive/CS_5782_Final_Project/code_and_data/BAHD_lastLayer_embeddings/Ltri_CAAT1_AHA90802.1_hidden_layer_steps10.pt	acceptor_superclass::Phenylpropanoids (C6-C3)	acceptor_superclass::Diterpenoids;acceptor_superclass::Fatty acyls;acceptor_superclass::Flavonoids;acceptor_superclass::Isoflavonoids;acceptor_superclass::Lignans;acceptor_superclass::Lysine alkaloids;acceptor_superclass::Phenanthrenoids;acceptor_superclass::Phenylethanoids (C6-C2);acceptor_superclass::Phenylpropanoids (C6-C3);acceptor_superclass::Saccharides;acceptor_superclass::Steroids;acceptor_superclass::Triterpenoids;acceptor_superclass::Tyrosine alkaloids	0,0,0,0,0,0,0,0,0,0,0,0,0,0,0,1,0,0,0,0,0,0,0	0,0,1,0,1,1,1,1,1,0,0,0,1,0,1,1,0,1,0,1,1,0,1	-0.022578,-0.020647,0.030924,-0.005503,0.028431,0.021797,0.023982,0.027042,0.020981,-0.010895,-0.003073,-0.037338,0.029294,-0.008554,0.010687,0.014747,-0.012423,0.017034,-0.004441,0.011177,0.004864,-0.028064,0.014506
Maze_AT1704_NA	Maze_AT1704_NA	/content/drive/MyDrive/CS_5782_Final_Project/code_and_data/BAHD_lastLayer_embeddings/Maze_AT1704_NA_hidden_layer_steps10.pt	acceptor_superclass::Triterpenoids	acceptor_superclass::Coumarins;acceptor_superclass::Diterpenoids;acceptor_superclass::Fatty Acids and Conjugates;acceptor_superclass::Fatty acyls;acceptor_superclass::Isoflavonoids;acceptor_superclass::Lignans;acceptor_superclass::Monoterpenoids;acceptor_superclass::Naphthalenes;acceptor_superclass::Phenanthrenoids;acceptor_superclass::Phenolic acids (C6-C1);acceptor_superclass::Phenylpropanoids (C6-C3);acceptor_superclass::Steroids	0,0,0,0,0,0,0,0,0,0,0,0,0,0,0,0,0,0,0,0,1,0,0	1,0,1,1,1,0,1,1,0,1,1,0,1,1,0,1,0,0,0,1,0,0,0	0.051901,-0.095315,0.016876,0.313479,0.046537,-0.015457,0.374412,0.164497,-0.133358,0.063614,0.120351,-0.192485,0.212850,0.102015,-0.089361,0.065212,-0.166238,-0.127026,-0.006399,0.140030,-0.243017,-0.052518,-0.135495
Maze_AT8824_KAJ4723782.1	Maze_AT8824_KAJ4723782.1	/content/drive/MyDrive/CS_5782_Final_Project/code_and_data/BAHD_lastLayer_embeddings/Maze_AT8824_KAJ4723782.1_hidden_layer_steps10.pt	acceptor_superclass::Triterpenoids	acceptor_superclass::Coumarins;acceptor_superclass::Cyclic polyketides;acceptor_superclass::Flavonoids;acceptor_superclass::Monoterpenoids;acceptor_superclass::Phenylethanoids (C6-C2);acceptor_superclass::Phenylpropanoids (C6-C3);acceptor_superclass::Saccharides;acceptor_superclass::Small peptides;acceptor_superclass::Tryptophan alkaloids;acceptor_superclass::Tyrosine alkaloids	0,0,0,0,0,0,0,0,0,0,0,0,0,0,0,0,0,0,0,0,1,0,0	1,1,0,0,0,1,0,0,0,1,0,0,0,0,1,1,0,1,1,0,0,1,1	0.134297,0.045496,-0.017216,-0.013915,-0.007559,0.047085,-0.030451,-0.005764,-0.045269,0.009238,-0.070009,-0.009879,-0.041999,-0.006755,0.028504,0.007573,-0.005475,0.027912,0.051142,-0.042927,-0.009991,0.092677,0.143618
Mdom_AAT1_AAU14879.2	Mdom_AAT1_AAU14879.2	/content/drive/MyDrive/CS_5782_Final_Project/code_and_data/BAHD_lastLayer_embeddings/Mdom_AAT1_AAU14879.2_hidden_layer_steps10.pt	acceptor_superclass::Fatty acyls;acceptor_superclass::Phenylpropanoids (C6-C3)	acceptor_superclass::Coumarins;acceptor_superclass::Diterpenoids;acceptor_superclass::Fatty Acids and Conjugates;acceptor_superclass::Fatty acyls;acceptor_superclass::Isoflavonoids;acceptor_superclass::Lignans;acceptor_superclass::Monoterpenoids;acceptor_superclass::Naphthalenes;acceptor_superclass::Phenanthrenoids;acceptor_superclass::Phenolic acids (C6-C1);acceptor_superclass::Phenylpropanoids (C6-C3);acceptor_superclass::Steroids	0,0,0,0,1,0,0,0,0,0,0,0,0,0,0,1,0,0,0,0,0,0,0	1,0,1,1,1,0,1,1,0,1,1,0,1,1,0,1,0,0,0,1,0,0,0	0.051901,-0.095315,0.016876,0.313479,0.046537,-0.015457,0.374411,0.164497,-0.133358,0.063614,0.120351,-0.192485,0.212851,0.102015,-0.089361,0.065212,-0.166238,-0.127025,-0.006399,0.140030,-0.243017,-0.052518,-0.135495
Mdom_SHT_ALF00095.1	Mdom_SHT_ALF00095.1	/content/drive/MyDrive/CS_5782_Final_Project/code_and_data/BAHD_lastLayer_embeddings/Mdom_SHT_ALF00095.1_hidden_layer_steps10.pt	acceptor_superclass::Ornithine alkaloids	acceptor_superclass::Coumarins;acceptor_superclass::Diterpenoids;acceptor_superclass::Fatty Acids and Conjugates;acceptor_superclass::Fatty acyls;acceptor_superclass::Isoflavonoids;acceptor_superclass::Lignans;acceptor_superclass::Monoterpenoids;acceptor_superclass::Naphthalenes;acceptor_superclass::Phenanthrenoids;acceptor_superclass::Phenolic acids (C6-C1);acceptor_superclass::Phenylpropanoids (C6-C3);acceptor_superclass::Steroids	0,0,0,0,0,0,0,0,0,0,0,1,0,0,0,0,0,0,0,0,0,0,0	1,0,1,1,1,0,1,1,0,1,1,0,1,1,0,1,0,0,0,1,0,0,0	0.051902,-0.095313,0.016876,0.313480,0.046536,-0.015457,0.374413,0.164497,-0.133358,0.063615,0.120351,-0.192487,0.212849,0.102015,-0.089362,0.065212,-0.166237,-0.127027,-0.006399,0.140032,-0.243017,-0.052520,-0.135495
Mema_HFT_NA	Mema_HFT_NA	/content/drive/MyDrive/CS_5782_Final_Project/code_and_data/BAHD_lastLayer_embeddings/Mema_HFT_NA_hidden_layer_steps10.pt	acceptor_superclass::Fatty acyls	acceptor_superclass::Coumarins;acceptor_superclass::Diterpenoids;acceptor_superclass::Fatty Acids and Conjugates;acceptor_superclass::Fatty acyls;acceptor_superclass::Isoflavonoids;acceptor_superclass::Lignans;acceptor_superclass::Monoterpenoids;acceptor_superclass::Naphthalenes;acceptor_superclass::Phenanthrenoids;acceptor_superclass::Phenolic acids (C6-C1);acceptor_superclass::Phenylpropanoids (C6-C3);acceptor_superclass::Steroids	0,0,0,0,1,0,0,0,0,0,0,0,0,0,0,0,0,0,0,0,0,0,0	1,0,1,1,1,0,1,1,0,1,1,0,1,1,0,1,0,0,0,1,0,0,0	0.051902,-0.095313,0.016876,0.313480,0.046536,-0.015457,0.374412,0.164497,-0.133358,0.063615,0.120351,-0.192487,0.212849,0.102015,-0.089361,0.065212,-0.166238,-0.127027,-0.006399,0.140031,-0.243017,-0.052520,-0.135495
Mlon_AT1_NA	Mlon_AT1_NA	/content/drive/MyDrive/CS_5782_Final_Project/code_and_data/BAHD_lastLayer_embeddings/Mlon_AT1_NA_hidden_layer_steps10.pt	acceptor_superclass::Phenolic acids (C6-C1)	acceptor_superclass::Diterpenoids;acceptor_superclass::Fatty acyls;acceptor_superclass::Flavonoids;acceptor_superclass::Isoflavonoids;acceptor_superclass::Lignans;acceptor_superclass::Lysine alkaloids;acceptor_superclass::Phenanthrenoids;acceptor_superclass::Phenylethanoids (C6-C2);acceptor_superclass::Phenylpropanoids (C6-C3);acceptor_superclass::Saccharides;acceptor_superclass::Steroids;acceptor_superclass::Triterpenoids;acceptor_superclass::Tyrosine alkaloids	0,0,0,0,0,0,0,0,0,0,0,0,0,1,0,0,0,0,0,0,0,0,0	0,0,1,0,1,1,1,1,1,0,0,0,1,0,1,1,0,1,0,1,1,0,1	-0.022578,-0.020647,0.030924,-0.005503,0.028431,0.021797,0.023982,0.027042,0.020981,-0.010895,-0.003073,-0.037338,0.029294,-0.008554,0.010687,0.014747,-0.012423,0.017034,-0.004441,0.011177,0.004864,-0.028064,0.014506
Mlon_AT2_NA	Mlon_AT2_NA	/content/drive/MyDrive/CS_5782_Final_Project/code_and_data/BAHD_lastLayer_embeddings/Mlon_AT2_NA_hidden_layer_steps10.pt	acceptor_superclass::Phenolic acids (C6-C1)	acceptor_superclass::Coumarins;acceptor_superclass::Cyclic polyketides;acceptor_superclass::Diterpenoids;acceptor_superclass::Fatty Acids and Conjugates;acceptor_superclass::Flavonoids;acceptor_superclass::Lignans;acceptor_superclass::Ornithine alkaloids;acceptor_superclass::Phenolic acids (C6-C1);acceptor_superclass::Pseudoalkaloids;acceptor_superclass::Saccharides;acceptor_superclass::Triterpenoids	0,0,0,0,0,0,0,0,0,0,0,0,0,1,0,0,0,0,0,0,0,0,0	1,1,1,1,0,1,0,1,0,0,0,1,0,1,0,0,1,1,0,0,1,0,0	0.007297,0.065000,0.007190,0.006382,-0.074517,0.009489,-0.078592,0.100263,-0.117863,-0.075700,-0.089727,0.059689,-0.061442,0.097676,-0.019491,-0.064985,0.088856,0.001948,-0.082609,-0.011369,0.242431,-0.225254,-0.023508
Mlon_AT1_NA	Mlon_AT3_NA	/content/drive/MyDrive/CS_5782_Final_Project/code_and_data/BAHD_lastLayer_embeddings/Mlon_AT1_NA_hidden_layer_steps10.pt	acceptor_superclass::Phenolic acids (C6-C1)	acceptor_superclass::Coumarins;acceptor_superclass::Cyclic polyketides;acceptor_superclass::Flavonoids;acceptor_superclass::Monoterpenoids;acceptor_superclass::Phenylethanoids (C6-C2);acceptor_superclass::Phenylpropanoids (C6-C3);acceptor_superclass::Saccharides;acceptor_superclass::Small peptides;acceptor_superclass::Tryptophan alkaloids;acceptor_superclass::Tyrosine alkaloids	0,0,0,0,0,0,0,0,0,0,0,0,0,1,0,0,0,0,0,0,0,0,0	1,1,0,0,0,1,0,0,0,1,0,0,0,0,1,1,0,1,1,0,0,1,1	0.134297,0.045496,-0.017216,-0.013915,-0.007559,0.047085,-0.030451,-0.005764,-0.045269,0.009238,-0.070009,-0.009879,-0.041998,-0.006754,0.028504,0.007573,-0.005475,0.027912,0.051142,-0.042927,-0.009991,0.092678,0.143618
Mlon_AT4_NA	Mlon_AT4_NA	/content/drive/MyDrive/CS_5782_Final_Project/code_and_data/BAHD_lastLayer_embeddings/Mlon_AT4_NA_hidden_layer_steps10.pt	acceptor_superclass::Lignans;acceptor_superclass::Phenolic acids (C6-C1)	acceptor_superclass::Diterpenoids;acceptor_superclass::Fatty acyls;acceptor_superclass::Flavonoids;acceptor_superclass::Isoflavonoids;acceptor_superclass::Lignans;acceptor_superclass::Lysine alkaloids;acceptor_superclass::Phenanthrenoids;acceptor_superclass::Phenylethanoids (C6-C2);acceptor_superclass::Phenylpropanoids (C6-C3);acceptor_superclass::Saccharides;acceptor_superclass::Steroids;acceptor_superclass::Triterpenoids;acceptor_superclass::Tyrosine alkaloids	0,0,0,0,0,0,0,1,0,0,0,0,0,1,0,0,0,0,0,0,0,0,0	0,0,1,0,1,1,1,1,1,0,0,0,1,0,1,1,0,1,0,1,1,0,1	-0.022578,-0.020647,0.030924,-0.005503,0.028431,0.021797,0.023982,0.027042,0.020981,-0.010895,-0.003073,-0.037338,0.029294,-0.008554,0.010687,0.014747,-0.012423,0.017034,-0.004441,0.011177,0.004864,-0.028064,0.014506
Mlon_AT6_NA	Mlon_AT6_NA	/content/drive/MyDrive/CS_5782_Final_Project/code_and_data/BAHD_lastLayer_embeddings/Mlon_AT6_NA_hidden_layer_steps10.pt	acceptor_superclass::Phenolic acids (C6-C1)	acceptor_superclass::Coumarins;acceptor_superclass::Cyclic polyketides;acceptor_superclass::Flavonoids;acceptor_superclass::Isoflavonoids;acceptor_superclass::Lignans;acceptor_superclass::Lysine alkaloids;acceptor_superclass::Monoterpenoids;acceptor_superclass::Naphthalenes;acceptor_superclass::Ornithine alkaloids;acceptor_superclass::Phenanthrenoids;acceptor_superclass::Phenylpropanoids (C6-C3);acceptor_superclass::Pseudoalkaloids;acceptor_superclass::Saccharides;acceptor_superclass::Small peptides;acceptor_superclass::Tryptophan alkaloids;acceptor_superclass::Tyrosine alkaloids	0,0,0,0,0,0,0,0,0,0,0,0,0,1,0,0,0,0,0,0,0,0,0	1,1,0,0,0,1,1,1,1,1,1,1,1,0,0,1,1,1,1,0,0,1,1	0.103578,0.197445,-0.081448,-0.079707,-0.033580,0.005212,0.053624,0.035559,0.009789,0.065255,0.039990,0.011250,0.202563,-0.000772,-0.001187,0.015730,0.054336,0.068968,0.045381,-0.053620,-0.053676,0.061322,0.069850
Moff_RAS_CBW35684.1	Moff_RAS_CBW35684.1	/content/drive/MyDrive/CS_5782_Final_Project/code_and_data/BAHD_lastLayer_embeddings/Moff_RAS_CBW35684.1_hidden_layer_steps10.pt		acceptor_superclass::Coumarins;acceptor_superclass::Cyclic polyketides;acceptor_superclass::Diterpenoids;acceptor_superclass::Fatty Acids and Conjugates;acceptor_superclass::Flavonoids;acceptor_superclass::Lignans;acceptor_superclass::Ornithine alkaloids;acceptor_superclass::Phenolic acids (C6-C1);acceptor_superclass::Pseudoalkaloids;acceptor_superclass::Saccharides;acceptor_superclass::Triterpenoids	0,0,0,0,0,0,0,0,0,0,0,0,0,0,0,0,0,0,0,0,0,0,0	1,1,1,1,0,1,0,1,0,0,0,1,0,1,0,0,1,1,0,0,1,0,0	0.007297,0.065000,0.007190,0.006382,-0.074517,0.009489,-0.078592,0.100263,-0.117863,-0.075700,-0.089727,0.059689,-0.061442,0.097676,-0.019491,-0.064985,0.088856,0.001948,-0.082609,-0.011369,0.242431,-0.225254,-0.023508
Mpal_HCT_AXN55971.1	Mpal_HCT_AXN55971.1	/content/drive/MyDrive/CS_5782_Final_Project/code_and_data/BAHD_lastLayer_embeddings/Mpal_HCT_AXN55971.1_hidden_layer_steps10.pt	acceptor_superclass::Phenolic acids (C6-C1)	acceptor_superclass::Coumarins;acceptor_superclass::Diterpenoids;acceptor_superclass::Fatty Acids and Conjugates;acceptor_superclass::Fatty acyls;acceptor_superclass::Isoflavonoids;acceptor_superclass::Lignans;acceptor_superclass::Monoterpenoids;acceptor_superclass::Naphthalenes;acceptor_superclass::Phenanthrenoids;acceptor_superclass::Phenolic acids (C6-C1);acceptor_superclass::Phenylpropanoids (C6-C3);acceptor_superclass::Steroids	0,0,0,0,0,0,0,0,0,0,0,0,0,1,0,0,0,0,0,0,0,0,0	1,0,1,1,1,0,1,1,0,1,1,0,1,1,0,1,0,0,0,1,0,0,0	0.051902,-0.095312,0.016877,0.313481,0.046536,-0.015457,0.374413,0.164497,-0.133358,0.063616,0.120351,-0.192488,0.212848,0.102014,-0.089362,0.065212,-0.166237,-0.127028,-0.006399,0.140032,-0.243017,-0.052521,-0.135494
Mpol_HCT_PTQ49430.1	Mpol_HCT_PTQ49430.1	/content/drive/MyDrive/CS_5782_Final_Project/code_and_data/BAHD_lastLayer_embeddings/Mpol_HCT_PTQ49430.1_hidden_layer_steps10.pt	acceptor_superclass::Phenolic acids (C6-C1)	acceptor_superclass::Coumarins;acceptor_superclass::Cyclic polyketides;acceptor_superclass::Flavonoids;acceptor_superclass::Monoterpenoids;acceptor_superclass::Phenylethanoids (C6-C2);acceptor_superclass::Phenylpropanoids (C6-C3);acceptor_superclass::Saccharides;acceptor_superclass::Small peptides;acceptor_superclass::Tryptophan alkaloids;acceptor_superclass::Tyrosine alkaloids	0,0,0,0,0,0,0,0,0,0,0,0,0,1,0,0,0,0,0,0,0,0,0	1,1,0,0,0,1,0,0,0,1,0,0,0,0,1,1,0,1,1,0,0,1,1	0.134297,0.045496,-0.017216,-0.013915,-0.007559,0.047085,-0.030451,-0.005764,-0.045270,0.009238,-0.070009,-0.009879,-0.041998,-0.006754,0.028504,0.007573,-0.005475,0.027912,0.051142,-0.042927,-0.009991,0.092678,0.143618
Msap_AAT_CAC09063.1	Msap_AAT_CAC09063.1	/content/drive/MyDrive/CS_5782_Final_Project/code_and_data/BAHD_lastLayer_embeddings/Msap_AAT_CAC09063.1_hidden_layer_steps10.pt	acceptor_superclass::Fatty acyls;acceptor_superclass::Monoterpenoids;acceptor_superclass::Phenylethanoids (C6-C2);acceptor_superclass::Phenylpropanoids (C6-C3)	acceptor_superclass::Coumarins;acceptor_superclass::Cyclic polyketides;acceptor_superclass::Flavonoids;acceptor_superclass::Monoterpenoids;acceptor_superclass::Phenylethanoids (C6-C2);acceptor_superclass::Phenylpropanoids (C6-C3);acceptor_superclass::Saccharides;acceptor_superclass::Small peptides;acceptor_superclass::Tryptophan alkaloids;acceptor_superclass::Tyrosine alkaloids	0,0,0,0,1,0,0,0,0,1,0,0,0,0,1,1,0,0,0,0,0,0,0	1,1,0,0,0,1,0,0,0,1,0,0,0,0,1,1,0,1,1,0,0,1,1	0.134297,0.045496,-0.017216,-0.013915,-0.007559,0.047085,-0.030451,-0.005764,-0.045269,0.009238,-0.070009,-0.009879,-0.041998,-0.006754,0.028504,0.007573,-0.005475,0.027912,0.051142,-0.042927,-0.009991,0.092678,0.143618
Mtru_MAT1_ABY91220.1	Mtru_MAT1_ABY91220.1	/content/drive/MyDrive/CS_5782_Final_Project/code_and_data/BAHD_lastLayer_embeddings/Mtru_MAT1_ABY91220.1_hidden_layer_steps10.pt	acceptor_superclass::Flavonoids;acceptor_superclass::Isoflavonoids	acceptor_superclass::Coumarins;acceptor_superclass::Cyclic polyketides;acceptor_superclass::Flavonoids;acceptor_superclass::Monoterpenoids;acceptor_superclass::Phenylethanoids (C6-C2);acceptor_superclass::Phenylpropanoids (C6-C3);acceptor_superclass::Saccharides;acceptor_superclass::Small peptides;acceptor_superclass::Tryptophan alkaloids;acceptor_superclass::Tyrosine alkaloids	0,0,0,0,0,1,1,0,0,0,0,0,0,0,0,0,0,0,0,0,0,0,0	1,1,0,0,0,1,0,0,0,1,0,0,0,0,1,1,0,1,1,0,0,1,1	0.134297,0.045496,-0.017216,-0.013915,-0.007559,0.047085,-0.030451,-0.005764,-0.045269,0.009238,-0.070009,-0.009879,-0.041999,-0.006754,0.028504,0.007573,-0.005475,0.027912,0.051142,-0.042927,-0.009991,0.092678,0.143618
Mtru_MAT2_ABY91222.1	Mtru_MAT2_ABY91222.1	/content/drive/MyDrive/CS_5782_Final_Project/code_and_data/BAHD_lastLayer_embeddings/Mtru_MAT2_ABY91222.1_hidden_layer_steps10.pt	acceptor_superclass::Flavonoids;acceptor_superclass::Isoflavonoids	acceptor_superclass::Diterpenoids;acceptor_superclass::Fatty acyls;acceptor_superclass::Flavonoids;acceptor_superclass::Isoflavonoids;acceptor_superclass::Lignans;acceptor_superclass::Lysine alkaloids;acceptor_superclass::Phenanthrenoids;acceptor_superclass::Phenylethanoids (C6-C2);acceptor_superclass::Phenylpropanoids (C6-C3);acceptor_superclass::Saccharides;acceptor_superclass::Steroids;acceptor_superclass::Triterpenoids;acceptor_superclass::Tyrosine alkaloids	0,0,0,0,0,1,1,0,0,0,0,0,0,0,0,0,0,0,0,0,0,0,0	0,0,1,0,1,1,1,1,1,0,0,0,1,0,1,1,0,1,0,1,1,0,1	-0.022578,-0.020647,0.030924,-0.005503,0.028431,0.021797,0.023982,0.027042,0.020981,-0.010895,-0.003073,-0.037338,0.029294,-0.008554,0.010687,0.014747,-0.012423,0.017034,-0.004441,0.011177,0.004864,-0.028064,0.014506
Mtru_MAT3_ABY91221.1	Mtru_MAT3_ABY91221.1	/content/drive/MyDrive/CS_5782_Final_Project/code_and_data/BAHD_lastLayer_embeddings/Mtru_MAT3_ABY91221.1_hidden_layer_steps10.pt	acceptor_superclass::Flavonoids;acceptor_superclass::Isoflavonoids	acceptor_superclass::Coumarins;acceptor_superclass::Cyclic polyketides;acceptor_superclass::Diterpenoids;acceptor_superclass::Fatty Acids and Conjugates;acceptor_superclass::Flavonoids;acceptor_superclass::Lignans;acceptor_superclass::Ornithine alkaloids;acceptor_superclass::Phenolic acids (C6-C1);acceptor_superclass::Pseudoalkaloids;acceptor_superclass::Saccharides;acceptor_superclass::Triterpenoids	0,0,0,0,0,1,1,0,0,0,0,0,0,0,0,0,0,0,0,0,0,0,0	1,1,1,1,0,1,0,1,0,0,0,1,0,1,0,0,1,1,0,0,1,0,0	0.007297,0.065000,0.007190,0.006382,-0.074517,0.009489,-0.078592,0.100263,-0.117863,-0.075700,-0.089727,0.059689,-0.061442,0.097676,-0.019491,-0.064985,0.088856,0.001948,-0.082609,-0.011369,0.242431,-0.225254,-0.023508
Natt_AT1_AET80688.1	Natt_AT1_AET80688.1	/content/drive/MyDrive/CS_5782_Final_Project/code_and_data/BAHD_lastLayer_embeddings/Natt_AT1_AET80688.1_hidden_layer_steps10.pt	acceptor_superclass::Ornithine alkaloids;acceptor_superclass::Pseudoalkaloids	acceptor_superclass::Coumarins;acceptor_superclass::Diterpenoids;acceptor_superclass::Fatty Acids and Conjugates;acceptor_superclass::Fatty acyls;acceptor_superclass::Isoflavonoids;acceptor_superclass::Lignans;acceptor_superclass::Monoterpenoids;acceptor_superclass::Naphthalenes;acceptor_superclass::Phenanthrenoids;acceptor_superclass::Phenolic acids (C6-C1);acceptor_superclass::Phenylpropanoids (C6-C3);acceptor_superclass::Steroids	0,0,0,0,0,0,0,0,0,0,0,1,0,0,0,0,1,0,0,0,0,0,0	1,0,1,1,1,0,1,1,0,1,1,0,1,1,0,1,0,0,0,1,0,0,0	0.051901,-0.095315,0.016876,0.313479,0.046537,-0.015457,0.374411,0.164497,-0.133358,0.063614,0.120351,-0.192485,0.212851,0.102015,-0.089361,0.065212,-0.166238,-0.127025,-0.006399,0.140030,-0.243017,-0.052518,-0.135495
Natt_DH29_AET80686.1	Natt_DH29_AET80686.1	/content/drive/MyDrive/CS_5782_Final_Project/code_and_data/BAHD_lastLayer_embeddings/Natt_DH29_AET80686.1_hidden_layer_steps10.pt	acceptor_superclass::Ornithine alkaloids;acceptor_superclass::Pseudoalkaloids	acceptor_superclass::Diterpenoids;acceptor_superclass::Fatty acyls;acceptor_superclass::Flavonoids;acceptor_superclass::Isoflavonoids;acceptor_superclass::Lignans;acceptor_superclass::Lysine alkaloids;acceptor_superclass::Phenanthrenoids;acceptor_superclass::Phenylethanoids (C6-C2);acceptor_superclass::Phenylpropanoids (C6-C3);acceptor_superclass::Saccharides;acceptor_superclass::Steroids;acceptor_superclass::Triterpenoids;acceptor_superclass::Tyrosine alkaloids	0,0,0,0,0,0,0,0,0,0,0,1,0,0,0,0,1,0,0,0,0,0,0	0,0,1,0,1,1,1,1,1,0,0,0,1,0,1,1,0,1,0,1,1,0,1	-0.022578,-0.020647,0.030924,-0.005503,0.028431,0.021797,0.023982,0.027042,0.020981,-0.010895,-0.003073,-0.037338,0.029294,-0.008554,0.010687,0.014747,-0.012423,0.017034,-0.004441,0.011177,0.004864,-0.028064,0.014506
Ntab_ASAT1_XP_016480914.1	Ntab_ASAT1_XP_016480914.1	/content/drive/MyDrive/CS_5782_Final_Project/code_and_data/BAHD_lastLayer_embeddings/Ntab_ASAT1_XP_016480914.1_hidden_layer_steps10.pt	acceptor_superclass::Saccharides	acceptor_superclass::Coumarins;acceptor_superclass::Diterpenoids;acceptor_superclass::Fatty Acids and Conjugates;acceptor_superclass::Fatty acyls;acceptor_superclass::Isoflavonoids;acceptor_superclass::Lignans;acceptor_superclass::Monoterpenoids;acceptor_superclass::Naphthalenes;acceptor_superclass::Phenanthrenoids;acceptor_superclass::Phenolic acids (C6-C1);acceptor_superclass::Phenylpropanoids (C6-C3);acceptor_superclass::Steroids	0,0,0,0,0,0,0,0,0,0,0,0,0,0,0,0,0,1,0,0,0,0,0	1,0,1,1,1,0,1,1,0,1,1,0,1,1,0,1,0,0,0,1,0,0,0	0.051901,-0.095314,0.016876,0.313479,0.046537,-0.015457,0.374412,0.164497,-0.133358,0.063615,0.120351,-0.192485,0.212850,0.102015,-0.089361,0.065212,-0.166238,-0.127026,-0.006399,0.140030,-0.243017,-0.052518,-0.135495
Ntab_ASAT2_XP_016451255.1	Ntab_ASAT2_XP_016451255.1	/content/drive/MyDrive/CS_5782_Final_Project/code_and_data/BAHD_lastLayer_embeddings/Ntab_ASAT2_XP_016451255.1_hidden_layer_steps10.pt		acceptor_superclass::Diterpenoids;acceptor_superclass::Fatty acyls;acceptor_superclass::Flavonoids;acceptor_superclass::Isoflavonoids;acceptor_superclass::Lignans;acceptor_superclass::Lysine alkaloids;acceptor_superclass::Phenanthrenoids;acceptor_superclass::Phenylethanoids (C6-C2);acceptor_superclass::Phenylpropanoids (C6-C3);acceptor_superclass::Saccharides;acceptor_superclass::Steroids;acceptor_superclass::Triterpenoids;acceptor_superclass::Tyrosine alkaloids	0,0,0,0,0,0,0,0,0,0,0,0,0,0,0,0,0,0,0,0,0,0,0	0,0,1,0,1,1,1,1,1,0,0,0,1,0,1,1,0,1,0,1,1,0,1	-0.022578,-0.020647,0.030924,-0.005503,0.028431,0.021797,0.023982,0.027042,0.020981,-0.010895,-0.003073,-0.037338,0.029294,-0.008554,0.010687,0.014747,-0.012423,0.017034,-0.004441,0.011177,0.004864,-0.028064,0.014506
Ntab_BEBT_AAN09798.1	Ntab_BEBT_AAN09798.1	/content/drive/MyDrive/CS_5782_Final_Project/code_and_data/BAHD_lastLayer_embeddings/Ntab_BEBT_AAN09798.1_hidden_layer_steps10.pt		acceptor_superclass::Coumarins;acceptor_superclass::Cyclic polyketides;acceptor_superclass::Flavonoids;acceptor_superclass::Monoterpenoids;acceptor_superclass::Phenylethanoids (C6-C2);acceptor_superclass::Phenylpropanoids (C6-C3);acceptor_superclass::Saccharides;acceptor_superclass::Small peptides;acceptor_superclass::Tryptophan alkaloids;acceptor_superclass::Tyrosine alkaloids	0,0,0,0,0,0,0,0,0,0,0,0,0,0,0,0,0,0,0,0,0,0,0	1,1,0,0,0,1,0,0,0,1,0,0,0,0,1,1,0,1,1,0,0,1,1	0.134296,0.045496,-0.017216,-0.013915,-0.007558,0.047085,-0.030451,-0.005764,-0.045270,0.009238,-0.070009,-0.009878,-0.041998,-0.006753,0.028504,0.007573,-0.005475,0.027912,0.051142,-0.042927,-0.009991,0.092678,0.143618
Ntab_HCT_CAD47830.1	Ntab_HCT_CAD47830.1	/content/drive/MyDrive/CS_5782_Final_Project/code_and_data/BAHD_lastLayer_embeddings/Ntab_HCT_CAD47830.1_hidden_layer_steps10.pt	acceptor_superclass::Phenolic acids (C6-C1);acceptor_superclass::Phenylpropanoids (C6-C3)	acceptor_superclass::Coumarins;acceptor_superclass::Cyclic polyketides;acceptor_superclass::Diterpenoids;acceptor_superclass::Fatty Acids and Conjugates;acceptor_superclass::Flavonoids;acceptor_superclass::Lignans;acceptor_superclass::Ornithine alkaloids;acceptor_superclass::Phenolic acids (C6-C1);acceptor_superclass::Pseudoalkaloids;acceptor_superclass::Saccharides;acceptor_superclass::Triterpenoids	0,0,0,0,0,0,0,0,0,0,0,0,0,1,0,1,0,0,0,0,0,0,0	1,1,1,1,0,1,0,1,0,0,0,1,0,1,0,0,1,1,0,0,1,0,0	0.007297,0.065000,0.007190,0.006382,-0.074517,0.009489,-0.078592,0.100263,-0.117863,-0.075700,-0.089727,0.059689,-0.061442,0.097676,-0.019492,-0.064985,0.088856,0.001948,-0.082610,-0.011369,0.242431,-0.225254,-0.023508
Ntab_HQT_CAE46932.1	Ntab_HQT_CAE46932.1	/content/drive/MyDrive/CS_5782_Final_Project/code_and_data/BAHD_lastLayer_embeddings/Ntab_HQT_CAE46932.1_hidden_layer_steps10.pt	acceptor_superclass::Phenolic acids (C6-C1);acceptor_superclass::Phenylpropanoids (C6-C3)	acceptor_superclass::Diterpenoids;acceptor_superclass::Fatty acyls;acceptor_superclass::Flavonoids;acceptor_superclass::Isoflavonoids;acceptor_superclass::Lignans;acceptor_superclass::Lysine alkaloids;acceptor_superclass::Phenanthrenoids;acceptor_superclass::Phenylethanoids (C6-C2);acceptor_superclass::Phenylpropanoids (C6-C3);acceptor_superclass::Saccharides;acceptor_superclass::Steroids;acceptor_superclass::Triterpenoids;acceptor_superclass::Tyrosine alkaloids	0,0,0,0,0,0,0,0,0,0,0,0,0,1,0,1,0,0,0,0,0,0,0	0,0,1,0,1,1,1,1,1,0,0,0,1,0,1,1,0,1,0,1,1,0,1	-0.022578,-0.020647,0.030924,-0.005503,0.028431,0.021797,0.023982,0.027042,0.020981,-0.010895,-0.003073,-0.037338,0.029294,-0.008554,0.010687,0.014747,-0.012423,0.017034,-0.004441,0.011177,0.004864,-0.028064,0.014506
Ntab_MAT1_BAD93691.1	Ntab_MAT1_BAD93691.1	/content/drive/MyDrive/CS_5782_Final_Project/code_and_data/BAHD_lastLayer_embeddings/Ntab_MAT1_BAD93691.1_hidden_layer_steps10.pt	acceptor_superclass::Coumarins;acceptor_superclass::Flavonoids;acceptor_superclass::Naphthalenes;acceptor_superclass::Phenanthrenoids	acceptor_superclass::Coumarins;acceptor_superclass::Cyclic polyketides;acceptor_superclass::Flavonoids;acceptor_superclass::Monoterpenoids;acceptor_superclass::Phenylethanoids (C6-C2);acceptor_superclass::Phenylpropanoids (C6-C3);acceptor_superclass::Saccharides;acceptor_superclass::Small peptides;acceptor_superclass::Tryptophan alkaloids;acceptor_superclass::Tyrosine alkaloids	1,0,0,0,0,1,0,0,0,0,1,0,1,0,0,0,0,0,0,0,0,0,0	1,1,0,0,0,1,0,0,0,1,0,0,0,0,1,1,0,1,1,0,0,1,1	0.134297,0.045496,-0.017216,-0.013915,-0.007559,0.047085,-0.030451,-0.005764,-0.045270,0.009238,-0.070009,-0.009879,-0.041998,-0.006754,0.028504,0.007573,-0.005475,0.027912,0.051142,-0.042927,-0.009991,0.092678,0.143618
Ntab_SHT_QNO39110.1	Ntab_SHT_QNO39110.1	/content/drive/MyDrive/CS_5782_Final_Project/code_and_data/BAHD_lastLayer_embeddings/Ntab_SHT_QNO39110.1_hidden_layer_steps10.pt	acceptor_superclass::Ornithine alkaloids	acceptor_superclass::Coumarins;acceptor_superclass::Cyclic polyketides;acceptor_superclass::Flavonoids;acceptor_superclass::Monoterpenoids;acceptor_superclass::Phenylethanoids (C6-C2);acceptor_superclass::Phenylpropanoids (C6-C3);acceptor_superclass::Saccharides;acceptor_superclass::Small peptides;acceptor_superclass::Tryptophan alkaloids;acceptor_superclass::Tyrosine alkaloids	0,0,0,0,0,0,0,0,0,0,0,1,0,0,0,0,0,0,0,0,0,0,0	1,1,0,0,0,1,0,0,0,1,0,0,0,0,1,1,0,1,1,0,0,1,1	0.134297,0.045496,-0.017216,-0.013915,-0.007559,0.047085,-0.030451,-0.005764,-0.045269,0.009238,-0.070009,-0.009879,-0.041999,-0.006754,0.028504,0.007573,-0.005475,0.027912,0.051142,-0.042927,-0.009991,0.092678,0.143618
Obas_CAAT1_QKK36036.1	Obas_CAAT1_QKK36036.1	/content/drive/MyDrive/CS_5782_Final_Project/code_and_data/BAHD_lastLayer_embeddings/Obas_CAAT1_QKK36036.1_hidden_layer_steps10.pt	acceptor_superclass::Phenylethanoids (C6-C2);acceptor_superclass::Phenylpropanoids (C6-C3)	acceptor_superclass::Coumarins;acceptor_superclass::Cyclic polyketides;acceptor_superclass::Flavonoids;acceptor_superclass::Isoflavonoids;acceptor_superclass::Lignans;acceptor_superclass::Lysine alkaloids;acceptor_superclass::Monoterpenoids;acceptor_superclass::Naphthalenes;acceptor_superclass::Ornithine alkaloids;acceptor_superclass::Phenanthrenoids;acceptor_superclass::Phenylpropanoids (C6-C3);acceptor_superclass::Pseudoalkaloids;acceptor_superclass::Saccharides;acceptor_superclass::Small peptides;acceptor_superclass::Tryptophan alkaloids;acceptor_superclass::Tyrosine alkaloids	0,0,0,0,0,0,0,0,0,0,0,0,0,0,1,1,0,0,0,0,0,0,0	1,1,0,0,0,1,1,1,1,1,1,1,1,0,0,1,1,1,1,0,0,1,1	0.103578,0.197445,-0.081448,-0.079707,-0.033580,0.005212,0.053624,0.035559,0.009789,0.065255,0.039989,0.011250,0.202564,-0.000772,-0.001186,0.015730,0.054336,0.068968,0.045381,-0.053620,-0.053676,0.061322,0.069850
Obas_CAAT2_QKK36037.1	Obas_CAAT2_QKK36037.1	/content/drive/MyDrive/CS_5782_Final_Project/code_and_data/BAHD_lastLayer_embeddings/Obas_CAAT2_QKK36037.1_hidden_layer_steps10.pt	acceptor_superclass::Phenylpropanoids (C6-C3)	acceptor_superclass::Coumarins;acceptor_superclass::Cyclic polyketides;acceptor_superclass::Flavonoids;acceptor_superclass::Isoflavonoids;acceptor_superclass::Lignans;acceptor_superclass::Lysine alkaloids;acceptor_superclass::Monoterpenoids;acceptor_superclass::Naphthalenes;acceptor_superclass::Ornithine alkaloids;acceptor_superclass::Phenanthrenoids;acceptor_superclass::Phenylpropanoids (C6-C3);acceptor_superclass::Pseudoalkaloids;acceptor_superclass::Saccharides;acceptor_superclass::Small peptides;acceptor_superclass::Tryptophan alkaloids;acceptor_superclass::Tyrosine alkaloids	0,0,0,0,0,0,0,0,0,0,0,0,0,0,0,1,0,0,0,0,0,0,0	1,1,0,0,0,1,1,1,1,1,1,1,1,0,0,1,1,1,1,0,0,1,1	0.103578,0.197445,-0.081448,-0.079707,-0.033580,0.005212,0.053624,0.035559,0.009789,0.065255,0.039989,0.011250,0.202564,-0.000772,-0.001186,0.015730,0.054336,0.068969,0.045381,-0.053620,-0.053676,0.061322,0.069850
Oeur_AT1_XP_022859703.1	Oeur_AT1_XP_022859703.1	/content/drive/MyDrive/CS_5782_Final_Project/code_and_data/BAHD_lastLayer_embeddings/Oeur_AT1_XP_022859703.1_hidden_layer_steps10.pt	acceptor_superclass::Phenylethanoids (C6-C2)	acceptor_superclass::Coumarins;acceptor_superclass::Cyclic polyketides;acceptor_superclass::Diterpenoids;acceptor_superclass::Fatty Acids and Conjugates;acceptor_superclass::Flavonoids;acceptor_superclass::Lignans;acceptor_superclass::Ornithine alkaloids;acceptor_superclass::Phenolic acids (C6-C1);acceptor_superclass::Pseudoalkaloids;acceptor_superclass::Saccharides;acceptor_superclass::Triterpenoids	0,0,0,0,0,0,0,0,0,0,0,0,0,0,1,0,0,0,0,0,0,0,0	1,1,1,1,0,1,0,1,0,0,0,1,0,1,0,0,1,1,0,0,1,0,0	0.007297,0.065000,0.007190,0.006382,-0.074517,0.009489,-0.078592,0.100263,-0.117863,-0.075700,-0.089727,0.059689,-0.061442,0.097676,-0.019492,-0.064985,0.088856,0.001947,-0.082609,-0.011369,0.242431,-0.225254,-0.023508
Osat_AHT1_CAE03579.1	Osat_AHT1_CAE03579.1	/content/drive/MyDrive/CS_5782_Final_Project/code_and_data/BAHD_lastLayer_embeddings/Osat_AHT1_CAE03579.1_hidden_layer_steps10.pt	acceptor_superclass::Ornithine alkaloids;acceptor_superclass::Pseudoalkaloids	acceptor_superclass::Coumarins;acceptor_superclass::Cyclic polyketides;acceptor_superclass::Flavonoids;acceptor_superclass::Monoterpenoids;acceptor_superclass::Phenylethanoids (C6-C2);acceptor_superclass::Phenylpropanoids (C6-C3);acceptor_superclass::Saccharides;acceptor_superclass::Small peptides;acceptor_superclass::Tryptophan alkaloids;acceptor_superclass::Tyrosine alkaloids	0,0,0,0,0,0,0,0,0,0,0,1,0,0,0,0,1,0,0,0,0,0,0	1,1,0,0,0,1,0,0,0,1,0,0,0,0,1,1,0,1,1,0,0,1,1	0.134297,0.045496,-0.017216,-0.013915,-0.007559,0.047085,-0.030451,-0.005764,-0.045269,0.009238,-0.070009,-0.009879,-0.041999,-0.006754,0.028504,0.007573,-0.005475,0.027912,0.051142,-0.042927,-0.009991,0.092678,0.143618
Osat_AT10_BAD33123.1	Osat_AT10_BAD33123.1	/content/drive/MyDrive/CS_5782_Final_Project/code_and_data/BAHD_lastLayer_embeddings/Osat_AT10_BAD33123.1_hidden_layer_steps10.pt	acceptor_superclass::Phenylpropanoids (C6-C3)	acceptor_superclass::Diterpenoids;acceptor_superclass::Fatty acyls;acceptor_superclass::Flavonoids;acceptor_superclass::Isoflavonoids;acceptor_superclass::Lignans;acceptor_superclass::Lysine alkaloids;acceptor_superclass::Phenanthrenoids;acceptor_superclass::Phenylethanoids (C6-C2);acceptor_superclass::Phenylpropanoids (C6-C3);acceptor_superclass::Saccharides;acceptor_superclass::Steroids;acceptor_superclass::Triterpenoids;acceptor_superclass::Tyrosine alkaloids	0,0,0,0,0,0,0,0,0,0,0,0,0,0,0,1,0,0,0,0,0,0,0	0,0,1,0,1,1,1,1,1,0,0,0,1,0,1,1,0,1,0,1,1,0,1	-0.022578,-0.020647,0.030924,-0.005503,0.028431,0.021797,0.023982,0.027042,0.020981,-0.010895,-0.003073,-0.037338,0.029294,-0.008554,0.010687,0.014747,-0.012423,0.017034,-0.004441,0.011177,0.004864,-0.028064,0.014506
Osat_DPW2_BAS75979.1	Osat_DPW2_BAS75979.1	/content/drive/MyDrive/CS_5782_Final_Project/code_and_data/BAHD_lastLayer_embeddings/Osat_DPW2_BAS75979.1_hidden_layer_steps10.pt	acceptor_superclass::Fatty Acids and Conjugates	acceptor_superclass::Coumarins;acceptor_superclass::Cyclic polyketides;acceptor_superclass::Flavonoids;acceptor_superclass::Monoterpenoids;acceptor_superclass::Phenylethanoids (C6-C2);acceptor_superclass::Phenylpropanoids (C6-C3);acceptor_superclass::Saccharides;acceptor_superclass::Small peptides;acceptor_superclass::Tryptophan alkaloids;acceptor_superclass::Tyrosine alkaloids	0,0,0,1,0,0,0,0,0,0,0,0,0,0,0,0,0,0,0,0,0,0,0	1,1,0,0,0,1,0,0,0,1,0,0,0,0,1,1,0,1,1,0,0,1,1	0.134296,0.045496,-0.017216,-0.013915,-0.007559,0.047085,-0.030451,-0.005764,-0.045270,0.009238,-0.070009,-0.009879,-0.041998,-0.006754,0.028504,0.007573,-0.005475,0.027912,0.051142,-0.042927,-0.009991,0.092678,0.143618
Osat_FMT_BAF16996.1	Osat_FMT_BAF16996.1	/content/drive/MyDrive/CS_5782_Final_Project/code_and_data/BAHD_lastLayer_embeddings/Osat_FMT_BAF16996.1_hidden_layer_steps10.pt	acceptor_superclass::Phenylpropanoids (C6-C3)	acceptor_superclass::Coumarins;acceptor_superclass::Diterpenoids;acceptor_superclass::Fatty Acids and Conjugates;acceptor_superclass::Fatty acyls;acceptor_superclass::Isoflavonoids;acceptor_superclass::Lignans;acceptor_superclass::Monoterpenoids;acceptor_superclass::Naphthalenes;acceptor_superclass::Phenanthrenoids;acceptor_superclass::Phenolic acids (C6-C1);acceptor_superclass::Phenylpropanoids (C6-C3);acceptor_superclass::Steroids	0,0,0,0,0,0,0,0,0,0,0,0,0,0,0,1,0,0,0,0,0,0,0	1,0,1,1,1,0,1,1,0,1,1,0,1,1,0,1,0,0,0,1,0,0,0	0.051901,-0.095316,0.016876,0.313478,0.046537,-0.015457,0.374411,0.164496,-0.133358,0.063614,0.120351,-0.192484,0.212852,0.102015,-0.089360,0.065212,-0.166238,-0.127024,-0.006399,0.140029,-0.243017,-0.052516,-0.135496
Osat_HCT4_BAD72437.1	Osat_HCT4_BAD72437.1	/content/drive/MyDrive/CS_5782_Final_Project/code_and_data/BAHD_lastLayer_embeddings/Osat_HCT4_BAD72437.1_hidden_layer_steps10.pt	acceptor_superclass::Phenolic acids (C6-C1)	acceptor_superclass::Coumarins;acceptor_superclass::Cyclic polyketides;acceptor_superclass::Flavonoids;acceptor_superclass::Monoterpenoids;acceptor_superclass::Phenylethanoids (C6-C2);acceptor_superclass::Phenylpropanoids (C6-C3);acceptor_superclass::Saccharides;acceptor_superclass::Small peptides;acceptor_superclass::Tryptophan alkaloids;acceptor_superclass::Tyrosine alkaloids	0,0,0,0,0,0,0,0,0,0,0,0,0,1,0,0,0,0,0,0,0,0,0	1,1,0,0,0,1,0,0,0,1,0,0,0,0,1,1,0,1,1,0,0,1,1	0.134297,0.045496,-0.017216,-0.013915,-0.007559,0.047084,-0.030451,-0.005764,-0.045269,0.009238,-0.070009,-0.009879,-0.041999,-0.006755,0.028504,0.007573,-0.005475,0.027912,0.051142,-0.042927,-0.009991,0.092677,0.143618
Osat_MAT-2_BAG96218.1	Osat_MAT-2_BAG96218.1	/content/drive/MyDrive/CS_5782_Final_Project/code_and_data/BAHD_lastLayer_embeddings/Osat_MAT-2_BAG96218.1_hidden_layer_steps10.pt	acceptor_superclass::Flavonoids;acceptor_superclass::Isoflavonoids	acceptor_superclass::Coumarins;acceptor_superclass::Cyclic polyketides;acceptor_superclass::Flavonoids;acceptor_superclass::Isoflavonoids;acceptor_superclass::Lignans;acceptor_superclass::Lysine alkaloids;acceptor_superclass::Monoterpenoids;acceptor_superclass::Naphthalenes;acceptor_superclass::Ornithine alkaloids;acceptor_superclass::Phenanthrenoids;acceptor_superclass::Phenylpropanoids (C6-C3);acceptor_superclass::Pseudoalkaloids;acceptor_superclass::Saccharides;acceptor_superclass::Small peptides;acceptor_superclass::Tryptophan alkaloids;acceptor_superclass::Tyrosine alkaloids	0,0,0,0,0,1,1,0,0,0,0,0,0,0,0,0,0,0,0,0,0,0,0	1,1,0,0,0,1,1,1,1,1,1,1,1,0,0,1,1,1,1,0,0,1,1	0.103578,0.197445,-0.081448,-0.079707,-0.033580,0.005212,0.053624,0.035559,0.009789,0.065255,0.039989,0.011250,0.202564,-0.000772,-0.001186,0.015730,0.054336,0.068969,0.045381,-0.053620,-0.053676,0.061323,0.069850
Osat_PHT2_BAD72527.1	Osat_PHT2_BAD72527.1	/content/drive/MyDrive/CS_5782_Final_Project/code_and_data/BAHD_lastLayer_embeddings/Osat_PHT2_BAD72527.1_hidden_layer_steps10.pt	acceptor_superclass::Ornithine alkaloids;acceptor_superclass::Pseudoalkaloids	acceptor_superclass::Coumarins;acceptor_superclass::Cyclic polyketides;acceptor_superclass::Diterpenoids;acceptor_superclass::Fatty Acids and Conjugates;acceptor_superclass::Flavonoids;acceptor_superclass::Lignans;acceptor_superclass::Ornithine alkaloids;acceptor_superclass::Phenolic acids (C6-C1);acceptor_superclass::Pseudoalkaloids;acceptor_superclass::Saccharides;acceptor_superclass::Triterpenoids	0,0,0,0,0,0,0,0,0,0,0,1,0,0,0,0,1,0,0,0,0,0,0	1,1,1,1,0,1,0,1,0,0,0,1,0,1,0,0,1,1,0,0,1,0,0	0.007297,0.065000,0.007190,0.006382,-0.074517,0.009489,-0.078592,0.100263,-0.117863,-0.075700,-0.089727,0.059689,-0.061442,0.097676,-0.019491,-0.064985,0.088856,0.001948,-0.082609,-0.011369,0.242431,-0.225254,-0.023508
Osat_PHT3_BAC79154.1	Osat_PHT3_BAC79154.1	/content/drive/MyDrive/CS_5782_Final_Project/code_and_data/BAHD_lastLayer_embeddings/Osat_PHT3_BAC79154.1_hidden_layer_steps10.pt	acceptor_superclass::Ornithine alkaloids;acceptor_superclass::Pseudoalkaloids	acceptor_superclass::Diterpenoids;acceptor_superclass::Fatty acyls;acceptor_superclass::Flavonoids;acceptor_superclass::Isoflavonoids;acceptor_superclass::Lignans;acceptor_superclass::Lysine alkaloids;acceptor_superclass::Phenanthrenoids;acceptor_superclass::Phenylethanoids (C6-C2);acceptor_superclass::Phenylpropanoids (C6-C3);acceptor_superclass::Saccharides;acceptor_superclass::Steroids;acceptor_superclass::Triterpenoids;acceptor_superclass::Tyrosine alkaloids	0,0,0,0,0,0,0,0,0,0,0,1,0,0,0,0,1,0,0,0,0,0,0	0,0,1,0,1,1,1,1,1,0,0,0,1,0,1,1,0,1,0,1,1,0,1	-0.022578,-0.020647,0.030924,-0.005503,0.028431,0.021797,0.023982,0.027042,0.020981,-0.010895,-0.003073,-0.037337,0.029294,-0.008554,0.010687,0.014747,-0.012423,0.017034,-0.004441,0.011177,0.004864,-0.028064,0.014506
Osat_PHT4_BAC79155.1	Osat_PHT4_BAC79155.1	/content/drive/MyDrive/CS_5782_Final_Project/code_and_data/BAHD_lastLayer_embeddings/Osat_PHT4_BAC79155.1_hidden_layer_steps10.pt	acceptor_superclass::Ornithine alkaloids;acceptor_superclass::Pseudoalkaloids	acceptor_superclass::Coumarins;acceptor_superclass::Diterpenoids;acceptor_superclass::Fatty Acids and Conjugates;acceptor_superclass::Fatty acyls;acceptor_superclass::Isoflavonoids;acceptor_superclass::Lignans;acceptor_superclass::Monoterpenoids;acceptor_superclass::Naphthalenes;acceptor_superclass::Phenanthrenoids;acceptor_superclass::Phenolic acids (C6-C1);acceptor_superclass::Phenylpropanoids (C6-C3);acceptor_superclass::Steroids	0,0,0,0,0,0,0,0,0,0,0,1,0,0,0,0,1,0,0,0,0,0,0	1,0,1,1,1,0,1,1,0,1,1,0,1,1,0,1,0,0,0,1,0,0,0	0.051901,-0.095314,0.016876,0.313479,0.046537,-0.015457,0.374412,0.164497,-0.133358,0.063615,0.120351,-0.192485,0.212850,0.102015,-0.089361,0.065212,-0.166238,-0.127026,-0.006399,0.140030,-0.243017,-0.052518,-0.135495
Osat_PHT4_BAC79155.1	Osat_PHT_BAC79155.1	/content/drive/MyDrive/CS_5782_Final_Project/code_and_data/BAHD_lastLayer_embeddings/Osat_PHT4_BAC79155.1_hidden_layer_steps10.pt	acceptor_superclass::Ornithine alkaloids;acceptor_superclass::Pseudoalkaloids	acceptor_superclass::Diterpenoids;acceptor_superclass::Fatty acyls;acceptor_superclass::Flavonoids;acceptor_superclass::Isoflavonoids;acceptor_superclass::Lignans;acceptor_superclass::Lysine alkaloids;acceptor_superclass::Phenanthrenoids;acceptor_superclass::Phenylethanoids (C6-C2);acceptor_superclass::Phenylpropanoids (C6-C3);acceptor_superclass::Saccharides;acceptor_superclass::Steroids;acceptor_superclass::Triterpenoids;acceptor_superclass::Tyrosine alkaloids	0,0,0,0,0,0,0,0,0,0,0,1,0,0,0,0,1,0,0,0,0,0,0	0,0,1,0,1,1,1,1,1,0,0,0,1,0,1,1,0,1,0,1,1,0,1	-0.022578,-0.020647,0.030924,-0.005503,0.028431,0.021797,0.023982,0.027042,0.020981,-0.010895,-0.003073,-0.037338,0.029294,-0.008554,0.010687,0.014747,-0.012423,0.017034,-0.004441,0.011177,0.004864,-0.028064,0.014506
Osat_PMT1_BAG87540.1	Osat_PMT1_BAG87540.1	/content/drive/MyDrive/CS_5782_Final_Project/code_and_data/BAHD_lastLayer_embeddings/Osat_PMT1_BAG87540.1_hidden_layer_steps10.pt	acceptor_superclass::Phenylethanoids (C6-C2);acceptor_superclass::Phenylpropanoids (C6-C3)	acceptor_superclass::Coumarins;acceptor_superclass::Diterpenoids;acceptor_superclass::Fatty Acids and Conjugates;acceptor_superclass::Fatty acyls;acceptor_superclass::Isoflavonoids;acceptor_superclass::Lignans;acceptor_superclass::Monoterpenoids;acceptor_superclass::Naphthalenes;acceptor_superclass::Phenanthrenoids;acceptor_superclass::Phenolic acids (C6-C1);acceptor_superclass::Phenylpropanoids (C6-C3);acceptor_superclass::Steroids	0,0,0,0,0,0,0,0,0,0,0,0,0,0,1,1,0,0,0,0,0,0,0	1,0,1,1,1,0,1,1,0,1,1,0,1,1,0,1,0,0,0,1,0,0,0	0.051901,-0.095315,0.016876,0.313479,0.046537,-0.015457,0.374411,0.164497,-0.133358,0.063614,0.120351,-0.192485,0.212851,0.102015,-0.089361,0.065212,-0.166238,-0.127025,-0.006399,0.140030,-0.243017,-0.052517,-0.135495
Osat_PMT2_BAG91648.1	Osat_PMT2_BAG91648.1	/content/drive/MyDrive/CS_5782_Final_Project/code_and_data/BAHD_lastLayer_embeddings/Osat_PMT2_BAG91648.1_hidden_layer_steps10.pt	acceptor_superclass::Phenylpropanoids (C6-C3)	acceptor_superclass::Coumarins;acceptor_superclass::Cyclic polyketides;acceptor_superclass::Flavonoids;acceptor_superclass::Isoflavonoids;acceptor_superclass::Lignans;acceptor_superclass::Lysine alkaloids;acceptor_superclass::Monoterpenoids;acceptor_superclass::Naphthalenes;acceptor_superclass::Ornithine alkaloids;acceptor_superclass::Phenanthrenoids;acceptor_superclass::Phenylpropanoids (C6-C3);acceptor_superclass::Pseudoalkaloids;acceptor_superclass::Saccharides;acceptor_superclass::Small peptides;acceptor_superclass::Tryptophan alkaloids;acceptor_superclass::Tyrosine alkaloids	0,0,0,0,0,0,0,0,0,0,0,0,0,0,0,1,0,0,0,0,0,0,0	1,1,0,0,0,1,1,1,1,1,1,1,1,0,0,1,1,1,1,0,0,1,1	0.103578,0.197445,-0.081448,-0.079707,-0.033580,0.005212,0.053624,0.035559,0.009789,0.065255,0.039989,0.011250,0.202564,-0.000772,-0.001186,0.015730,0.054336,0.068968,0.045381,-0.053620,-0.053676,0.061322,0.069850
Osat_TBT1_ANQ47375.1	Osat_TBT1_ANQ47375.1	/content/drive/MyDrive/CS_5782_Final_Project/code_and_data/BAHD_lastLayer_embeddings/Osat_TBT1_ANQ47375.1_hidden_layer_steps10.pt	acceptor_superclass::Ornithine alkaloids;acceptor_superclass::Pseudoalkaloids;acceptor_superclass::Tryptophan alkaloids	acceptor_superclass::Coumarins;acceptor_superclass::Cyclic polyketides;acceptor_superclass::Flavonoids;acceptor_superclass::Monoterpenoids;acceptor_superclass::Phenylethanoids (C6-C2);acceptor_superclass::Phenylpropanoids (C6-C3);acceptor_superclass::Saccharides;acceptor_superclass::Small peptides;acceptor_superclass::Tryptophan alkaloids;acceptor_superclass::Tyrosine alkaloids	0,0,0,0,0,0,0,0,0,0,0,1,0,0,0,0,1,0,0,0,0,1,0	1,1,0,0,0,1,0,0,0,1,0,0,0,0,1,1,0,1,1,0,0,1,1	0.134297,0.045496,-0.017216,-0.013915,-0.007559,0.047085,-0.030451,-0.005764,-0.045269,0.009238,-0.070009,-0.009879,-0.041998,-0.006754,0.028504,0.007573,-0.005475,0.027912,0.051142,-0.042927,-0.009991,0.092678,0.143618
Osat_TBT2_ANQ47376.1	Osat_TBT2_ANQ47376.1	/content/drive/MyDrive/CS_5782_Final_Project/code_and_data/BAHD_lastLayer_embeddings/Osat_TBT2_ANQ47376.1_hidden_layer_steps10.pt	acceptor_superclass::Tryptophan alkaloids	acceptor_superclass::Diterpenoids;acceptor_superclass::Fatty acyls;acceptor_superclass::Flavonoids;acceptor_superclass::Isoflavonoids;acceptor_superclass::Lignans;acceptor_superclass::Lysine alkaloids;acceptor_superclass::Phenanthrenoids;acceptor_superclass::Phenylethanoids (C6-C2);acceptor_superclass::Phenylpropanoids (C6-C3);acceptor_superclass::Saccharides;acceptor_superclass::Steroids;acceptor_superclass::Triterpenoids;acceptor_superclass::Tyrosine alkaloids	0,0,0,0,0,0,0,0,0,0,0,0,0,0,0,0,0,0,0,0,0,1,0	0,0,1,0,1,1,1,1,1,0,0,0,1,0,1,1,0,1,0,1,1,0,1	-0.022578,-0.020647,0.030924,-0.005503,0.028431,0.021797,0.023982,0.027042,0.020981,-0.010895,-0.003073,-0.037338,0.029294,-0.008554,0.010687,0.014747,-0.012423,0.017034,-0.004441,0.011177,0.004864,-0.028064,0.014506
Osat_THT1_ANQ47373.1	Osat_THT1_ANQ47373.1	/content/drive/MyDrive/CS_5782_Final_Project/code_and_data/BAHD_lastLayer_embeddings/Osat_THT1_ANQ47373.1_hidden_layer_steps10.pt	acceptor_superclass::Ornithine alkaloids;acceptor_superclass::Tryptophan alkaloids;acceptor_superclass::Tyrosine alkaloids	acceptor_superclass::Diterpenoids;acceptor_superclass::Fatty acyls;acceptor_superclass::Flavonoids;acceptor_superclass::Isoflavonoids;acceptor_superclass::Lignans;acceptor_superclass::Lysine alkaloids;acceptor_superclass::Phenanthrenoids;acceptor_superclass::Phenylethanoids (C6-C2);acceptor_superclass::Phenylpropanoids (C6-C3);acceptor_superclass::Saccharides;acceptor_superclass::Steroids;acceptor_superclass::Triterpenoids;acceptor_superclass::Tyrosine alkaloids	0,0,0,0,0,0,0,0,0,0,0,1,0,0,0,0,0,0,0,0,0,1,1	0,0,1,0,1,1,1,1,1,0,0,0,1,0,1,1,0,1,0,1,1,0,1	-0.022578,-0.020647,0.030924,-0.005503,0.028431,0.021797,0.023982,0.027042,0.020981,-0.010895,-0.003073,-0.037338,0.029294,-0.008554,0.010687,0.014747,-0.012423,0.017034,-0.004441,0.011177,0.004864,-0.028064,0.014506
Osat_THT2_AAM74310.1	Osat_THT2_AAM74310.1	/content/drive/MyDrive/CS_5782_Final_Project/code_and_data/BAHD_lastLayer_embeddings/Osat_THT2_AAM74310.1_hidden_layer_steps10.pt	acceptor_superclass::Tryptophan alkaloids;acceptor_superclass::Tyrosine alkaloids	acceptor_superclass::Coumarins;acceptor_superclass::Cyclic polyketides;acceptor_superclass::Diterpenoids;acceptor_superclass::Fatty Acids and Conjugates;acceptor_superclass::Flavonoids;acceptor_superclass::Lignans;acceptor_superclass::Ornithine alkaloids;acceptor_superclass::Phenolic acids (C6-C1);acceptor_superclass::Pseudoalkaloids;acceptor_superclass::Saccharides;acceptor_superclass::Triterpenoids	0,0,0,0,0,0,0,0,0,0,0,0,0,0,0,0,0,0,0,0,0,1,1	1,1,1,1,0,1,0,1,0,0,0,1,0,1,0,0,1,1,0,0,1,0,0	0.007297,0.065000,0.007190,0.006382,-0.074517,0.009489,-0.078592,0.100263,-0.117863,-0.075700,-0.089727,0.059689,-0.061442,0.097676,-0.019491,-0.064985,0.088856,0.001948,-0.082609,-0.011369,0.242431,-0.225254,-0.023508
Paff_BAHD21_NA	Paff_BAHD21_NA	/content/drive/MyDrive/CS_5782_Final_Project/code_and_data/BAHD_lastLayer_embeddings/Paff_BAHD21_NA_hidden_layer_steps10.pt	acceptor_superclass::Flavonoids	acceptor_superclass::Coumarins;acceptor_superclass::Cyclic polyketides;acceptor_superclass::Flavonoids;acceptor_superclass::Monoterpenoids;acceptor_superclass::Phenylethanoids (C6-C2);acceptor_superclass::Phenylpropanoids (C6-C3);acceptor_superclass::Saccharides;acceptor_superclass::Small peptides;acceptor_superclass::Tryptophan alkaloids;acceptor_superclass::Tyrosine alkaloids	0,0,0,0,0,1,0,0,0,0,0,0,0,0,0,0,0,0,0,0,0,0,0	1,1,0,0,0,1,0,0,0,1,0,0,0,0,1,1,0,1,1,0,0,1,1	0.134297,0.045496,-0.017216,-0.013915,-0.007559,0.047085,-0.030451,-0.005764,-0.045269,0.009238,-0.070009,-0.009879,-0.041999,-0.006754,0.028504,0.007573,-0.005475,0.027912,0.051142,-0.042927,-0.009991,0.092678,0.143618
Papp_HCT_AXN55972.1	Papp_HCT_AXN55972.1	/content/drive/MyDrive/CS_5782_Final_Project/code_and_data/BAHD_lastLayer_embeddings/Papp_HCT_AXN55972.1_hidden_layer_steps10.pt	acceptor_superclass::Phenolic acids (C6-C1)	acceptor_superclass::Coumarins;acceptor_superclass::Cyclic polyketides;acceptor_superclass::Flavonoids;acceptor_superclass::Isoflavonoids;acceptor_superclass::Lignans;acceptor_superclass::Lysine alkaloids;acceptor_superclass::Monoterpenoids;acceptor_superclass::Naphthalenes;acceptor_superclass::Ornithine alkaloids;acceptor_superclass::Phenanthrenoids;acceptor_superclass::Phenylpropanoids (C6-C3);acceptor_superclass::Pseudoalkaloids;acceptor_superclass::Saccharides;acceptor_superclass::Small peptides;acceptor_superclass::Tryptophan alkaloids;acceptor_superclass::Tyrosine alkaloids	0,0,0,0,0,0,0,0,0,0,0,0,0,1,0,0,0,0,0,0,0,0,0	1,1,0,0,0,1,1,1,1,1,1,1,1,0,0,1,1,1,1,0,0,1,1	0.103578,0.197445,-0.081448,-0.079707,-0.033580,0.005212,0.053624,0.035559,0.009789,0.065255,0.039989,0.011250,0.202564,-0.000772,-0.001186,0.015730,0.054336,0.068968,0.045381,-0.053620,-0.053676,0.061322,0.069850
Paxi_ASAT1_AOR06331.1	Paxi_ASAT1_AOR06331.1	/content/drive/MyDrive/CS_5782_Final_Project/code_and_data/BAHD_lastLayer_embeddings/Paxi_ASAT1_AOR06331.1_hidden_layer_steps10.pt	acceptor_superclass::Saccharides	acceptor_superclass::Coumarins;acceptor_superclass::Cyclic polyketides;acceptor_superclass::Flavonoids;acceptor_superclass::Isoflavonoids;acceptor_superclass::Lignans;acceptor_superclass::Lysine alkaloids;acceptor_superclass::Monoterpenoids;acceptor_superclass::Naphthalenes;acceptor_superclass::Ornithine alkaloids;acceptor_superclass::Phenanthrenoids;acceptor_superclass::Phenylpropanoids (C6-C3);acceptor_superclass::Pseudoalkaloids;acceptor_superclass::Saccharides;acceptor_superclass::Small peptides;acceptor_superclass::Tryptophan alkaloids;acceptor_superclass::Tyrosine alkaloids	0,0,0,0,0,0,0,0,0,0,0,0,0,0,0,0,0,1,0,0,0,0,0	1,1,0,0,0,1,1,1,1,1,1,1,1,0,0,1,1,1,1,0,0,1,1	0.103578,0.197445,-0.081448,-0.079707,-0.033580,0.005212,0.053624,0.035559,0.009789,0.065255,0.039990,0.011250,0.202563,-0.000772,-0.001187,0.015730,0.054336,0.068968,0.045381,-0.053620,-0.053676,0.061322,0.069850
Paxi_ASAT1_AOR06331.1	Paxi_ASAT2_AOR06331.1	/content/drive/MyDrive/CS_5782_Final_Project/code_and_data/BAHD_lastLayer_embeddings/Paxi_ASAT1_AOR06331.1_hidden_layer_steps10.pt		acceptor_superclass::Coumarins;acceptor_superclass::Cyclic polyketides;acceptor_superclass::Flavonoids;acceptor_superclass::Monoterpenoids;acceptor_superclass::Phenylethanoids (C6-C2);acceptor_superclass::Phenylpropanoids (C6-C3);acceptor_superclass::Saccharides;acceptor_superclass::Small peptides;acceptor_superclass::Tryptophan alkaloids;acceptor_superclass::Tyrosine alkaloids	0,0,0,0,0,0,0,0,0,0,0,0,0,0,0,0,0,0,0,0,0,0,0	1,1,0,0,0,1,0,0,0,1,0,0,0,0,1,1,0,1,1,0,0,1,1	0.134297,0.045496,-0.017216,-0.013915,-0.007560,0.047084,-0.030451,-0.005764,-0.045269,0.009239,-0.070009,-0.009879,-0.041999,-0.006755,0.028504,0.007572,-0.005475,0.027912,0.051142,-0.042927,-0.009991,0.092677,0.143618
Paxi_ASAT3_AOR06333.1	Paxi_ASAT3_AOR06333.1	/content/drive/MyDrive/CS_5782_Final_Project/code_and_data/BAHD_lastLayer_embeddings/Paxi_ASAT3_AOR06333.1_hidden_layer_steps10.pt		acceptor_superclass::Coumarins;acceptor_superclass::Cyclic polyketides;acceptor_superclass::Diterpenoids;acceptor_superclass::Fatty Acids and Conjugates;acceptor_superclass::Flavonoids;acceptor_superclass::Lignans;acceptor_superclass::Ornithine alkaloids;acceptor_superclass::Phenolic acids (C6-C1);acceptor_superclass::Pseudoalkaloids;acceptor_superclass::Saccharides;acceptor_superclass::Triterpenoids	0,0,0,0,0,0,0,0,0,0,0,0,0,0,0,0,0,0,0,0,0,0,0	1,1,1,1,0,1,0,1,0,0,0,1,0,1,0,0,1,1,0,0,1,0,0	0.007297,0.065000,0.007190,0.006382,-0.074517,0.009489,-0.078592,0.100263,-0.117863,-0.075700,-0.089727,0.059689,-0.061442,0.097676,-0.019491,-0.064985,0.088856,0.001948,-0.082609,-0.011369,0.242431,-0.225254,-0.023508
Paxi_ASAT4_AOR06334.1	Paxi_ASAT4_AOR06334.1	/content/drive/MyDrive/CS_5782_Final_Project/code_and_data/BAHD_lastLayer_embeddings/Paxi_ASAT4_AOR06334.1_hidden_layer_steps10.pt		acceptor_superclass::Coumarins;acceptor_superclass::Diterpenoids;acceptor_superclass::Fatty Acids and Conjugates;acceptor_superclass::Fatty acyls;acceptor_superclass::Isoflavonoids;acceptor_superclass::Lignans;acceptor_superclass::Monoterpenoids;acceptor_superclass::Naphthalenes;acceptor_superclass::Phenanthrenoids;acceptor_superclass::Phenolic acids (C6-C1);acceptor_superclass::Phenylpropanoids (C6-C3);acceptor_superclass::Steroids	0,0,0,0,0,0,0,0,0,0,0,0,0,0,0,0,0,0,0,0,0,0,0	1,0,1,1,1,0,1,1,0,1,1,0,1,1,0,1,0,0,0,1,0,0,0	0.051901,-0.095314,0.016876,0.313480,0.046536,-0.015457,0.374412,0.164497,-0.133358,0.063615,0.120351,-0.192486,0.212849,0.102015,-0.089361,0.065212,-0.166238,-0.127026,-0.006399,0.140031,-0.243017,-0.052519,-0.135495
Paxi_CFAT_ABG75942.1	Paxi_CFAT_ABG75942.1	/content/drive/MyDrive/CS_5782_Final_Project/code_and_data/BAHD_lastLayer_embeddings/Paxi_CFAT_ABG75942.1_hidden_layer_steps10.pt	acceptor_superclass::Fatty acyls;acceptor_superclass::Monoterpenoids;acceptor_superclass::Phenylethanoids (C6-C2);acceptor_superclass::Phenylpropanoids (C6-C3)	acceptor_superclass::Coumarins;acceptor_superclass::Cyclic polyketides;acceptor_superclass::Flavonoids;acceptor_superclass::Monoterpenoids;acceptor_superclass::Phenylethanoids (C6-C2);acceptor_superclass::Phenylpropanoids (C6-C3);acceptor_superclass::Saccharides;acceptor_superclass::Small peptides;acceptor_superclass::Tryptophan alkaloids;acceptor_superclass::Tyrosine alkaloids	0,0,0,0,1,0,0,0,0,1,0,0,0,0,1,1,0,0,0,0,0,0,0	1,1,0,0,0,1,0,0,0,1,0,0,0,0,1,1,0,1,1,0,0,1,1	0.134297,0.045496,-0.017216,-0.013915,-0.007559,0.047084,-0.030451,-0.005764,-0.045269,0.009239,-0.070009,-0.009879,-0.041999,-0.006755,0.028504,0.007572,-0.005475,0.027912,0.051142,-0.042927,-0.009991,0.092677,0.143618
Pbar_AT1_WEX29777.1	Pbar_AT1_WEX29777.1	/content/drive/MyDrive/CS_5782_Final_Project/code_and_data/BAHD_lastLayer_embeddings/Pbar_AT1_WEX29777.1_hidden_layer_steps10.pt	acceptor_superclass::Phenylethanoids (C6-C2)	acceptor_superclass::Coumarins;acceptor_superclass::Cyclic polyketides;acceptor_superclass::Diterpenoids;acceptor_superclass::Fatty Acids and Conjugates;acceptor_superclass::Flavonoids;acceptor_superclass::Lignans;acceptor_superclass::Ornithine alkaloids;acceptor_superclass::Phenolic acids (C6-C1);acceptor_superclass::Pseudoalkaloids;acceptor_superclass::Saccharides;acceptor_superclass::Triterpenoids	0,0,0,0,0,0,0,0,0,0,0,0,0,0,1,0,0,0,0,0,0,0,0	1,1,1,1,0,1,0,1,0,0,0,1,0,1,0,0,1,1,0,0,1,0,0	0.007297,0.065000,0.007190,0.006382,-0.074517,0.009489,-0.078592,0.100263,-0.117863,-0.075700,-0.089727,0.059689,-0.061442,0.097676,-0.019492,-0.064985,0.088856,0.001947,-0.082609,-0.011369,0.242431,-0.225254,-0.023508
Pcam_HCT_QDF44405.1	Pcam_HCT_QDF44405.1	/content/drive/MyDrive/CS_5782_Final_Project/code_and_data/BAHD_lastLayer_embeddings/Pcam_HCT_QDF44405.1_hidden_layer_steps10.pt	acceptor_superclass::Phenolic acids (C6-C1)	acceptor_superclass::Diterpenoids;acceptor_superclass::Fatty acyls;acceptor_superclass::Flavonoids;acceptor_superclass::Isoflavonoids;acceptor_superclass::Lignans;acceptor_superclass::Lysine alkaloids;acceptor_superclass::Phenanthrenoids;acceptor_superclass::Phenylethanoids (C6-C2);acceptor_superclass::Phenylpropanoids (C6-C3);acceptor_superclass::Saccharides;acceptor_superclass::Steroids;acceptor_superclass::Triterpenoids;acceptor_superclass::Tyrosine alkaloids	0,0,0,0,0,0,0,0,0,0,0,0,0,1,0,0,0,0,0,0,0,0,0	0,0,1,0,1,1,1,1,1,0,0,0,1,0,1,1,0,1,0,1,1,0,1	-0.022578,-0.020647,0.030924,-0.005503,0.028431,0.021797,0.023982,0.027042,0.020981,-0.010895,-0.003073,-0.037337,0.029294,-0.008554,0.010687,0.014747,-0.012423,0.017034,-0.004441,0.011177,0.004864,-0.028064,0.014506
Pcam_HQT_QDF44406.1	Pcam_HQT_QDF44406.1	/content/drive/MyDrive/CS_5782_Final_Project/code_and_data/BAHD_lastLayer_embeddings/Pcam_HQT_QDF44406.1_hidden_layer_steps10.pt	acceptor_superclass::Phenolic acids (C6-C1)	acceptor_superclass::Coumarins;acceptor_superclass::Cyclic polyketides;acceptor_superclass::Diterpenoids;acceptor_superclass::Fatty Acids and Conjugates;acceptor_superclass::Flavonoids;acceptor_superclass::Lignans;acceptor_superclass::Ornithine alkaloids;acceptor_superclass::Phenolic acids (C6-C1);acceptor_superclass::Pseudoalkaloids;acceptor_superclass::Saccharides;acceptor_superclass::Triterpenoids	0,0,0,0,0,0,0,0,0,0,0,0,0,1,0,0,0,0,0,0,0,0,0	1,1,1,1,0,1,0,1,0,0,0,1,0,1,0,0,1,1,0,0,1,0,0	0.007297,0.065000,0.007190,0.006382,-0.074517,0.009489,-0.078592,0.100263,-0.117863,-0.075700,-0.089727,0.059689,-0.061442,0.097676,-0.019491,-0.064985,0.088856,0.001948,-0.082609,-0.011369,0.242431,-0.225254,-0.023508
Pcam_RAS_QDF44407.1	Pcam_RAS_QDF44407.1	/content/drive/MyDrive/CS_5782_Final_Project/code_and_data/BAHD_lastLayer_embeddings/Pcam_RAS_QDF44407.1_hidden_layer_steps10.pt	acceptor_superclass::Phenolic acids (C6-C1)	acceptor_superclass::Coumarins;acceptor_superclass::Diterpenoids;acceptor_superclass::Fatty Acids and Conjugates;acceptor_superclass::Fatty acyls;acceptor_superclass::Isoflavonoids;acceptor_superclass::Lignans;acceptor_superclass::Monoterpenoids;acceptor_superclass::Naphthalenes;acceptor_superclass::Phenanthrenoids;acceptor_superclass::Phenolic acids (C6-C1);acceptor_superclass::Phenylpropanoids (C6-C3);acceptor_superclass::Steroids	0,0,0,0,0,0,0,0,0,0,0,0,0,1,0,0,0,0,0,0,0,0,0	1,0,1,1,1,0,1,1,0,1,1,0,1,1,0,1,0,0,0,1,0,0,0	0.051901,-0.095314,0.016876,0.313480,0.046536,-0.015457,0.374412,0.164497,-0.133358,0.063615,0.120351,-0.192486,0.212850,0.102015,-0.089361,0.065212,-0.166238,-0.127026,-0.006399,0.140031,-0.243017,-0.052519,-0.135495
Pcru_3MAT_AAO38058.1	Pcru_3MAT_AAO38058.1	/content/drive/MyDrive/CS_5782_Final_Project/code_and_data/BAHD_lastLayer_embeddings/Pcru_3MAT_AAO38058.1_hidden_layer_steps10.pt	acceptor_superclass::Flavonoids	acceptor_superclass::Coumarins;acceptor_superclass::Cyclic polyketides;acceptor_superclass::Diterpenoids;acceptor_superclass::Fatty Acids and Conjugates;acceptor_superclass::Flavonoids;acceptor_superclass::Lignans;acceptor_superclass::Ornithine alkaloids;acceptor_superclass::Phenolic acids (C6-C1);acceptor_superclass::Pseudoalkaloids;acceptor_superclass::Saccharides;acceptor_superclass::Triterpenoids	0,0,0,0,0,1,0,0,0,0,0,0,0,0,0,0,0,0,0,0,0,0,0	1,1,1,1,0,1,0,1,0,0,0,1,0,1,0,0,1,1,0,0,1,0,0	0.007297,0.065000,0.007190,0.006382,-0.074517,0.009489,-0.078592,0.100263,-0.117863,-0.075700,-0.089727,0.059689,-0.061442,0.097676,-0.019491,-0.064985,0.088856,0.001948,-0.082609,-0.011369,0.242431,-0.225254,-0.023508
Pfru_3AT_BAA93475.1	Pfru_3AT_BAA93475.1	/content/drive/MyDrive/CS_5782_Final_Project/code_and_data/BAHD_lastLayer_embeddings/Pfru_3AT_BAA93475.1_hidden_layer_steps10.pt	acceptor_superclass::Flavonoids	acceptor_superclass::Coumarins;acceptor_superclass::Cyclic polyketides;acceptor_superclass::Flavonoids;acceptor_superclass::Isoflavonoids;acceptor_superclass::Lignans;acceptor_superclass::Lysine alkaloids;acceptor_superclass::Monoterpenoids;acceptor_superclass::Naphthalenes;acceptor_superclass::Ornithine alkaloids;acceptor_superclass::Phenanthrenoids;acceptor_superclass::Phenylpropanoids (C6-C3);acceptor_superclass::Pseudoalkaloids;acceptor_superclass::Saccharides;acceptor_superclass::Small peptides;acceptor_superclass::Tryptophan alkaloids;acceptor_superclass::Tyrosine alkaloids	0,0,0,0,0,1,0,0,0,0,0,0,0,0,0,0,0,0,0,0,0,0,0	1,1,0,0,0,1,1,1,1,1,1,1,1,0,0,1,1,1,1,0,0,1,1	0.103578,0.197445,-0.081448,-0.079707,-0.033580,0.005212,0.053624,0.035559,0.009789,0.065255,0.039989,0.011250,0.202564,-0.000772,-0.001186,0.015730,0.054336,0.068968,0.045381,-0.053620,-0.053676,0.061322,0.069850
Phyb_AAT_AAW31948.1	Phyb_AAT_AAW31948.1	/content/drive/MyDrive/CS_5782_Final_Project/code_and_data/BAHD_lastLayer_embeddings/Phyb_AAT_AAW31948.1_hidden_layer_steps10.pt	acceptor_superclass::Fatty acyls;acceptor_superclass::Monoterpenoids	acceptor_superclass::Coumarins;acceptor_superclass::Cyclic polyketides;acceptor_superclass::Diterpenoids;acceptor_superclass::Fatty Acids and Conjugates;acceptor_superclass::Flavonoids;acceptor_superclass::Lignans;acceptor_superclass::Ornithine alkaloids;acceptor_superclass::Phenolic acids (C6-C1);acceptor_superclass::Pseudoalkaloids;acceptor_superclass::Saccharides;acceptor_superclass::Triterpenoids	0,0,0,0,1,0,0,0,0,1,0,0,0,0,0,0,0,0,0,0,0,0,0	1,1,1,1,0,1,0,1,0,0,0,1,0,1,0,0,1,1,0,0,1,0,0	0.007297,0.065000,0.007190,0.006382,-0.074517,0.009489,-0.078592,0.100263,-0.117863,-0.075700,-0.089727,0.059689,-0.061442,0.097676,-0.019491,-0.064985,0.088856,0.001948,-0.082609,-0.011369,0.242431,-0.225254,-0.023508
Phyb_BPBT_AAU06226.1	Phyb_BPBT_AAU06226.1	/content/drive/MyDrive/CS_5782_Final_Project/code_and_data/BAHD_lastLayer_embeddings/Phyb_BPBT_AAU06226.1_hidden_layer_steps10.pt	acceptor_superclass::Fatty acyls;acceptor_superclass::Monoterpenoids;acceptor_superclass::Phenylethanoids (C6-C2);acceptor_superclass::Phenylpropanoids (C6-C3)	acceptor_superclass::Diterpenoids;acceptor_superclass::Fatty acyls;acceptor_superclass::Flavonoids;acceptor_superclass::Isoflavonoids;acceptor_superclass::Lignans;acceptor_superclass::Lysine alkaloids;acceptor_superclass::Phenanthrenoids;acceptor_superclass::Phenylethanoids (C6-C2);acceptor_superclass::Phenylpropanoids (C6-C3);acceptor_superclass::Saccharides;acceptor_superclass::Steroids;acceptor_superclass::Triterpenoids;acceptor_superclass::Tyrosine alkaloids	0,0,0,0,1,0,0,0,0,1,0,0,0,0,1,1,0,0,0,0,0,0,0	0,0,1,0,1,1,1,1,1,0,0,0,1,0,1,1,0,1,0,1,1,0,1	-0.022578,-0.020647,0.030924,-0.005503,0.028431,0.021797,0.023982,0.027042,0.020981,-0.010895,-0.003073,-0.037338,0.029294,-0.008554,0.010687,0.014747,-0.012423,0.017034,-0.004441,0.011177,0.004864,-0.028064,0.014506
Phyb_CFAT_ABG75942.1	Phyb_CFAT_ABG75942.1	/content/drive/MyDrive/CS_5782_Final_Project/code_and_data/BAHD_lastLayer_embeddings/Phyb_CFAT_ABG75942.1_hidden_layer_steps10.pt	acceptor_superclass::Phenylpropanoids (C6-C3)	acceptor_superclass::Coumarins;acceptor_superclass::Cyclic polyketides;acceptor_superclass::Flavonoids;acceptor_superclass::Monoterpenoids;acceptor_superclass::Phenylethanoids (C6-C2);acceptor_superclass::Phenylpropanoids (C6-C3);acceptor_superclass::Saccharides;acceptor_superclass::Small peptides;acceptor_superclass::Tryptophan alkaloids;acceptor_superclass::Tyrosine alkaloids	0,0,0,0,0,0,0,0,0,0,0,0,0,0,0,1,0,0,0,0,0,0,0	1,1,0,0,0,1,0,0,0,1,0,0,0,0,1,1,0,1,1,0,0,1,1	0.134297,0.045496,-0.017216,-0.013915,-0.007559,0.047084,-0.030451,-0.005764,-0.045269,0.009239,-0.070009,-0.009879,-0.041999,-0.006755,0.028504,0.007572,-0.005475,0.027912,0.051142,-0.042927,-0.009991,0.092677,0.143618
Pnig_PAS_QUS53101.1	Pnig_BAHD1_QUS53101.1	/content/drive/MyDrive/CS_5782_Final_Project/code_and_data/BAHD_lastLayer_embeddings/Pnig_PAS_QUS53101.1_hidden_layer_steps10.pt	acceptor_superclass::Lysine alkaloids;acceptor_superclass::Pseudoalkaloids	acceptor_superclass::Coumarins;acceptor_superclass::Diterpenoids;acceptor_superclass::Fatty Acids and Conjugates;acceptor_superclass::Fatty acyls;acceptor_superclass::Isoflavonoids;acceptor_superclass::Lignans;acceptor_superclass::Monoterpenoids;acceptor_superclass::Naphthalenes;acceptor_superclass::Phenanthrenoids;acceptor_superclass::Phenolic acids (C6-C1);acceptor_superclass::Phenylpropanoids (C6-C3);acceptor_superclass::Steroids	0,0,0,0,0,0,0,0,1,0,0,0,0,0,0,0,1,0,0,0,0,0,0	1,0,1,1,1,0,1,1,0,1,1,0,1,1,0,1,0,0,0,1,0,0,0	0.051902,-0.095314,0.016876,0.313480,0.046536,-0.015457,0.374412,0.164497,-0.133358,0.063615,0.120351,-0.192486,0.212849,0.102015,-0.089361,0.065212,-0.166238,-0.127026,-0.006399,0.140031,-0.243017,-0.052519,-0.135495
Pnig_PS_QUS53100.1	Pnig_BAHD2_QUS53100.1	/content/drive/MyDrive/CS_5782_Final_Project/code_and_data/BAHD_lastLayer_embeddings/Pnig_PS_QUS53100.1_hidden_layer_steps10.pt	acceptor_superclass::Lysine alkaloids	acceptor_superclass::Coumarins;acceptor_superclass::Cyclic polyketides;acceptor_superclass::Flavonoids;acceptor_superclass::Monoterpenoids;acceptor_superclass::Phenylethanoids (C6-C2);acceptor_superclass::Phenylpropanoids (C6-C3);acceptor_superclass::Saccharides;acceptor_superclass::Small peptides;acceptor_superclass::Tryptophan alkaloids;acceptor_superclass::Tyrosine alkaloids	0,0,0,0,0,0,0,0,1,0,0,0,0,0,0,0,0,0,0,0,0,0,0	1,1,0,0,0,1,0,0,0,1,0,0,0,0,1,1,0,1,1,0,0,1,1	0.134297,0.045496,-0.017216,-0.013915,-0.007559,0.047085,-0.030451,-0.005764,-0.045270,0.009238,-0.070009,-0.009879,-0.041998,-0.006754,0.028504,0.007573,-0.005475,0.027912,0.051142,-0.042927,-0.009991,0.092678,0.143618
Pnig_HCT1_AEN02914.1	Pnig_HCT1_AEN02914.1	/content/drive/MyDrive/CS_5782_Final_Project/code_and_data/BAHD_lastLayer_embeddings/Pnig_HCT1_AEN02914.1_hidden_layer_steps10.pt	acceptor_superclass::Phenolic acids (C6-C1)	acceptor_superclass::Diterpenoids;acceptor_superclass::Fatty acyls;acceptor_superclass::Flavonoids;acceptor_superclass::Isoflavonoids;acceptor_superclass::Lignans;acceptor_superclass::Lysine alkaloids;acceptor_superclass::Phenanthrenoids;acceptor_superclass::Phenylethanoids (C6-C2);acceptor_superclass::Phenylpropanoids (C6-C3);acceptor_superclass::Saccharides;acceptor_superclass::Steroids;acceptor_superclass::Triterpenoids;acceptor_superclass::Tyrosine alkaloids	0,0,0,0,0,0,0,0,0,0,0,0,0,1,0,0,0,0,0,0,0,0,0	0,0,1,0,1,1,1,1,1,0,0,0,1,0,1,1,0,1,0,1,1,0,1	-0.022578,-0.020647,0.030924,-0.005503,0.028431,0.021797,0.023982,0.027042,0.020981,-0.010895,-0.003073,-0.037337,0.029294,-0.008555,0.010687,0.014747,-0.012423,0.017034,-0.004441,0.011177,0.004864,-0.028064,0.014506
Pnig_PAS_QUS53101.1	Pnig_PAS_QUS53101.1	/content/drive/MyDrive/CS_5782_Final_Project/code_and_data/BAHD_lastLayer_embeddings/Pnig_PAS_QUS53101.1_hidden_layer_steps10.pt	acceptor_superclass::Lysine alkaloids;acceptor_superclass::Pseudoalkaloids	acceptor_superclass::Coumarins;acceptor_superclass::Cyclic polyketides;acceptor_superclass::Flavonoids;acceptor_superclass::Monoterpenoids;acceptor_superclass::Phenylethanoids (C6-C2);acceptor_superclass::Phenylpropanoids (C6-C3);acceptor_superclass::Saccharides;acceptor_superclass::Small peptides;acceptor_superclass::Tryptophan alkaloids;acceptor_superclass::Tyrosine alkaloids	0,0,0,0,0,0,0,0,1,0,0,0,0,0,0,0,1,0,0,0,0,0,0	1,1,0,0,0,1,0,0,0,1,0,0,0,0,1,1,0,1,1,0,0,1,1	0.134297,0.045496,-0.017216,-0.013915,-0.007559,0.047085,-0.030451,-0.005764,-0.045269,0.009238,-0.070009,-0.009879,-0.041998,-0.006754,0.028504,0.007573,-0.005475,0.027912,0.051142,-0.042927,-0.009991,0.092678,0.143618
Pnig_PHT1_BGB46908.1	Pnig_PHT1_BGB46908.1	/content/drive/MyDrive/CS_5782_Final_Project/code_and_data/BAHD_lastLayer_embeddings/Pnig_PHT1_BGB46908.1_hidden_layer_steps10.pt	acceptor_superclass::Ornithine alkaloids;acceptor_superclass::Pseudoalkaloids	acceptor_superclass::Coumarins;acceptor_superclass::Cyclic polyketides;acceptor_superclass::Diterpenoids;acceptor_superclass::Fatty Acids and Conjugates;acceptor_superclass::Flavonoids;acceptor_superclass::Lignans;acceptor_superclass::Ornithine alkaloids;acceptor_superclass::Phenolic acids (C6-C1);acceptor_superclass::Pseudoalkaloids;acceptor_superclass::Saccharides;acceptor_superclass::Triterpenoids	0,0,0,0,0,0,0,0,0,0,0,1,0,0,0,0,1,0,0,0,0,0,0	1,1,1,1,0,1,0,1,0,0,0,1,0,1,0,0,1,1,0,0,1,0,0	0.007297,0.065000,0.007191,0.006382,-0.074517,0.009489,-0.078592,0.100263,-0.117863,-0.075700,-0.089728,0.059689,-0.061442,0.097676,-0.019492,-0.064985,0.088856,0.001947,-0.082610,-0.011369,0.242432,-0.225254,-0.023508
Pnig_PS_QUS53100.1	Pnig_PS_QUS53100.1	/content/drive/MyDrive/CS_5782_Final_Project/code_and_data/BAHD_lastLayer_embeddings/Pnig_PS_QUS53100.1_hidden_layer_steps10.pt	acceptor_superclass::Lysine alkaloids	acceptor_superclass::Coumarins;acceptor_superclass::Cyclic polyketides;acceptor_superclass::Flavonoids;acceptor_superclass::Isoflavonoids;acceptor_superclass::Lignans;acceptor_superclass::Lysine alkaloids;acceptor_superclass::Monoterpenoids;acceptor_superclass::Naphthalenes;acceptor_superclass::Ornithine alkaloids;acceptor_superclass::Phenanthrenoids;acceptor_superclass::Phenylpropanoids (C6-C3);acceptor_superclass::Pseudoalkaloids;acceptor_superclass::Saccharides;acceptor_superclass::Small peptides;acceptor_superclass::Tryptophan alkaloids;acceptor_superclass::Tyrosine alkaloids	0,0,0,0,0,0,0,0,1,0,0,0,0,0,0,0,0,0,0,0,0,0,0	1,1,0,0,0,1,1,1,1,1,1,1,1,0,0,1,1,1,1,0,0,1,1	0.103578,0.197445,-0.081448,-0.079707,-0.033580,0.005212,0.053624,0.035559,0.009789,0.065255,0.039989,0.011250,0.202564,-0.000772,-0.001186,0.015730,0.054336,0.068968,0.045381,-0.053620,-0.053676,0.061322,0.069850
Post_DPBT_Pos.gene30573	Post_DPBT_Pos.gene30573	/content/drive/MyDrive/CS_5782_Final_Project/code_and_data/BAHD_lastLayer_embeddings/Post_DPBT_Pos.gene30573_hidden_layer_steps10.pt	acceptor_superclass::Monoterpenoids	acceptor_superclass::Coumarins;acceptor_superclass::Diterpenoids;acceptor_superclass::Fatty Acids and Conjugates;acceptor_superclass::Fatty acyls;acceptor_superclass::Isoflavonoids;acceptor_superclass::Lignans;acceptor_superclass::Monoterpenoids;acceptor_superclass::Naphthalenes;acceptor_superclass::Phenanthrenoids;acceptor_superclass::Phenolic acids (C6-C1);acceptor_superclass::Phenylpropanoids (C6-C3);acceptor_superclass::Steroids	0,0,0,0,0,0,0,0,0,1,0,0,0,0,0,0,0,0,0,0,0,0,0	1,0,1,1,1,0,1,1,0,1,1,0,1,1,0,1,0,0,0,1,0,0,0	0.051901,-0.095314,0.016876,0.313480,0.046536,-0.015457,0.374412,0.164497,-0.133358,0.063615,0.120351,-0.192486,0.212849,0.102015,-0.089361,0.065212,-0.166238,-0.127026,-0.006399,0.140031,-0.243017,-0.052519,-0.135495
Ppat_HCT1_AMK38063.1	Ppat_HCT1_AMK38063.1	/content/drive/MyDrive/CS_5782_Final_Project/code_and_data/BAHD_lastLayer_embeddings/Ppat_HCT1_AMK38063.1_hidden_layer_steps10.pt	acceptor_superclass::Phenolic acids (C6-C1);acceptor_superclass::Saccharides;acceptor_superclass::Small peptides	acceptor_superclass::Coumarins;acceptor_superclass::Cyclic polyketides;acceptor_superclass::Flavonoids;acceptor_superclass::Isoflavonoids;acceptor_superclass::Lignans;acceptor_superclass::Lysine alkaloids;acceptor_superclass::Monoterpenoids;acceptor_superclass::Naphthalenes;acceptor_superclass::Ornithine alkaloids;acceptor_superclass::Phenanthrenoids;acceptor_superclass::Phenylpropanoids (C6-C3);acceptor_superclass::Pseudoalkaloids;acceptor_superclass::Saccharides;acceptor_superclass::Small peptides;acceptor_superclass::Tryptophan alkaloids;acceptor_superclass::Tyrosine alkaloids	0,0,0,0,0,0,0,0,0,0,0,0,0,1,0,0,0,1,1,0,0,0,0	1,1,0,0,0,1,1,1,1,1,1,1,1,0,0,1,1,1,1,0,0,1,1	0.103578,0.197445,-0.081448,-0.079707,-0.033580,0.005212,0.053624,0.035559,0.009789,0.065255,0.039989,0.011250,0.202564,-0.000772,-0.001186,0.015730,0.054336,0.068968,0.045381,-0.053620,-0.053676,0.061322,0.069850
Ppat_HCT1_AMK38063.1	Ppat_HCT_AMK38063.1	/content/drive/MyDrive/CS_5782_Final_Project/code_and_data/BAHD_lastLayer_embeddings/Ppat_HCT1_AMK38063.1_hidden_layer_steps10.pt	acceptor_superclass::Fatty Acids and Conjugates;acceptor_superclass::Phenolic acids (C6-C1);acceptor_superclass::Phenylpropanoids (C6-C3);acceptor_superclass::Saccharides	acceptor_superclass::Coumarins;acceptor_superclass::Diterpenoids;acceptor_superclass::Fatty Acids and Conjugates;acceptor_superclass::Fatty acyls;acceptor_superclass::Isoflavonoids;acceptor_superclass::Lignans;acceptor_superclass::Monoterpenoids;acceptor_superclass::Naphthalenes;acceptor_superclass::Phenanthrenoids;acceptor_superclass::Phenolic acids (C6-C1);acceptor_superclass::Phenylpropanoids (C6-C3);acceptor_superclass::Steroids	0,0,0,1,0,0,0,0,0,0,0,0,0,1,0,1,0,1,0,0,0,0,0	1,0,1,1,1,0,1,1,0,1,1,0,1,1,0,1,0,0,0,1,0,0,0	0.051902,-0.095313,0.016876,0.313480,0.046536,-0.015457,0.374412,0.164497,-0.133358,0.063615,0.120351,-0.192486,0.212849,0.102015,-0.089361,0.065212,-0.166238,-0.127026,-0.006399,0.140031,-0.243017,-0.052519,-0.135495
Pper_AAT1_QEZ90730.1	Pper_AAT1_QEZ90730.1	/content/drive/MyDrive/CS_5782_Final_Project/code_and_data/BAHD_lastLayer_embeddings/Pper_AAT1_QEZ90730.1_hidden_layer_steps10.pt	acceptor_superclass::Fatty acyls	acceptor_superclass::Coumarins;acceptor_superclass::Cyclic polyketides;acceptor_superclass::Flavonoids;acceptor_superclass::Isoflavonoids;acceptor_superclass::Lignans;acceptor_superclass::Lysine alkaloids;acceptor_superclass::Monoterpenoids;acceptor_superclass::Naphthalenes;acceptor_superclass::Ornithine alkaloids;acceptor_superclass::Phenanthrenoids;acceptor_superclass::Phenylpropanoids (C6-C3);acceptor_superclass::Pseudoalkaloids;acceptor_superclass::Saccharides;acceptor_superclass::Small peptides;acceptor_superclass::Tryptophan alkaloids;acceptor_superclass::Tyrosine alkaloids	0,0,0,0,1,0,0,0,0,0,0,0,0,0,0,0,0,0,0,0,0,0,0	1,1,0,0,0,1,1,1,1,1,1,1,1,0,0,1,1,1,1,0,0,1,1	0.103578,0.197445,-0.081448,-0.079707,-0.033580,0.005212,0.053624,0.035559,0.009789,0.065255,0.039990,0.011250,0.202563,-0.000772,-0.001187,0.015730,0.054336,0.068968,0.045381,-0.053620,-0.053676,0.061322,0.069850
Prad_HCT_ABO52899.1	Prad_HCT_ABO52899.1	/content/drive/MyDrive/CS_5782_Final_Project/code_and_data/BAHD_lastLayer_embeddings/Prad_HCT_ABO52899.1_hidden_layer_steps10.pt	acceptor_superclass::Phenolic acids (C6-C1);acceptor_superclass::Small peptides	acceptor_superclass::Coumarins;acceptor_superclass::Cyclic polyketides;acceptor_superclass::Flavonoids;acceptor_superclass::Monoterpenoids;acceptor_superclass::Phenylethanoids (C6-C2);acceptor_superclass::Phenylpropanoids (C6-C3);acceptor_superclass::Saccharides;acceptor_superclass::Small peptides;acceptor_superclass::Tryptophan alkaloids;acceptor_superclass::Tyrosine alkaloids	0,0,0,0,0,0,0,0,0,0,0,0,0,1,0,0,0,0,1,0,0,0,0	1,1,0,0,0,1,0,0,0,1,0,0,0,0,1,1,0,1,1,0,0,1,1	0.134297,0.045496,-0.017216,-0.013915,-0.007559,0.047085,-0.030451,-0.005764,-0.045269,0.009238,-0.070009,-0.009879,-0.041998,-0.006754,0.028504,0.007573,-0.005475,0.027912,0.051142,-0.042927,-0.009991,0.092678,0.143618
Pscu_HCT2_CBI83579.1	Pscu_HCT2_CBI83579.1	/content/drive/MyDrive/CS_5782_Final_Project/code_and_data/BAHD_lastLayer_embeddings/Pscu_HCT2_CBI83579.1_hidden_layer_steps10.pt	acceptor_superclass::Flavonoids;acceptor_superclass::Phenolic acids (C6-C1);acceptor_superclass::Tyrosine alkaloids	acceptor_superclass::Coumarins;acceptor_superclass::Cyclic polyketides;acceptor_superclass::Flavonoids;acceptor_superclass::Isoflavonoids;acceptor_superclass::Lignans;acceptor_superclass::Lysine alkaloids;acceptor_superclass::Monoterpenoids;acceptor_superclass::Naphthalenes;acceptor_superclass::Ornithine alkaloids;acceptor_superclass::Phenanthrenoids;acceptor_superclass::Phenylpropanoids (C6-C3);acceptor_superclass::Pseudoalkaloids;acceptor_superclass::Saccharides;acceptor_superclass::Small peptides;acceptor_superclass::Tryptophan alkaloids;acceptor_superclass::Tyrosine alkaloids	0,0,0,0,0,1,0,0,0,0,0,0,0,1,0,0,0,0,0,0,0,0,1	1,1,0,0,0,1,1,1,1,1,1,1,1,0,0,1,1,1,1,0,0,1,1	0.103578,0.197445,-0.081448,-0.079707,-0.033580,0.005212,0.053624,0.035559,0.009789,0.065255,0.039990,0.011250,0.202563,-0.000772,-0.001187,0.015730,0.054336,0.068968,0.045381,-0.053620,-0.053676,0.061322,0.069850
Pscu_RAS_CAK55166.1	Pscu_RAS_CAK55166.1	/content/drive/MyDrive/CS_5782_Final_Project/code_and_data/BAHD_lastLayer_embeddings/Pscu_RAS_CAK55166.1_hidden_layer_steps10.pt		acceptor_superclass::Diterpenoids;acceptor_superclass::Fatty acyls;acceptor_superclass::Flavonoids;acceptor_superclass::Isoflavonoids;acceptor_superclass::Lignans;acceptor_superclass::Lysine alkaloids;acceptor_superclass::Phenanthrenoids;acceptor_superclass::Phenylethanoids (C6-C2);acceptor_superclass::Phenylpropanoids (C6-C3);acceptor_superclass::Saccharides;acceptor_superclass::Steroids;acceptor_superclass::Triterpenoids;acceptor_superclass::Tyrosine alkaloids	0,0,0,0,0,0,0,0,0,0,0,0,0,0,0,0,0,0,0,0,0,0,0	0,0,1,0,1,1,1,1,1,0,0,0,1,0,1,1,0,1,0,1,1,0,1	-0.022578,-0.020647,0.030924,-0.005503,0.028431,0.021797,0.023982,0.027042,0.020981,-0.010895,-0.003073,-0.037338,0.029294,-0.008554,0.010687,0.014747,-0.012423,0.017034,-0.004441,0.011177,0.004864,-0.028064,0.014506
Psom_SALAT_AAK73661.1	Psom_SALAT_AAK73661.1	/content/drive/MyDrive/CS_5782_Final_Project/code_and_data/BAHD_lastLayer_embeddings/Psom_SALAT_AAK73661.1_hidden_layer_steps10.pt	acceptor_superclass::Tyrosine alkaloids	acceptor_superclass::Coumarins;acceptor_superclass::Cyclic polyketides;acceptor_superclass::Flavonoids;acceptor_superclass::Isoflavonoids;acceptor_superclass::Lignans;acceptor_superclass::Lysine alkaloids;acceptor_superclass::Monoterpenoids;acceptor_superclass::Naphthalenes;acceptor_superclass::Ornithine alkaloids;acceptor_superclass::Phenanthrenoids;acceptor_superclass::Phenylpropanoids (C6-C3);acceptor_superclass::Pseudoalkaloids;acceptor_superclass::Saccharides;acceptor_superclass::Small peptides;acceptor_superclass::Tryptophan alkaloids;acceptor_superclass::Tyrosine alkaloids	0,0,0,0,0,0,0,0,0,0,0,0,0,0,0,0,0,0,0,0,0,0,1	1,1,0,0,0,1,1,1,1,1,1,1,1,0,0,1,1,1,1,0,0,1,1	0.103578,0.197445,-0.081448,-0.079707,-0.033580,0.005212,0.053624,0.035559,0.009789,0.065255,0.039989,0.011250,0.202564,-0.000772,-0.001186,0.015730,0.054336,0.068968,0.045381,-0.053620,-0.053676,0.061322,0.069850
Ptri_BEBT_AJD25145.1	Ptri_BEBT_AJD25145.1	/content/drive/MyDrive/CS_5782_Final_Project/code_and_data/BAHD_lastLayer_embeddings/Ptri_BEBT_AJD25145.1_hidden_layer_steps10.pt		acceptor_superclass::Coumarins;acceptor_superclass::Diterpenoids;acceptor_superclass::Fatty Acids and Conjugates;acceptor_superclass::Fatty acyls;acceptor_superclass::Isoflavonoids;acceptor_superclass::Lignans;acceptor_superclass::Monoterpenoids;acceptor_superclass::Naphthalenes;acceptor_superclass::Phenanthrenoids;acceptor_superclass::Phenolic acids (C6-C1);acceptor_superclass::Phenylpropanoids (C6-C3);acceptor_superclass::Steroids	0,0,0,0,0,0,0,0,0,0,0,0,0,0,0,0,0,0,0,0,0,0,0	1,0,1,1,1,0,1,1,0,1,1,0,1,1,0,1,0,0,0,1,0,0,0	0.051901,-0.095314,0.016876,0.313479,0.046536,-0.015457,0.374412,0.164497,-0.133358,0.063615,0.120351,-0.192486,0.212850,0.102015,-0.089361,0.065212,-0.166238,-0.127026,-0.006399,0.140030,-0.243017,-0.052518,-0.135495
Ptri_FHT1_AGJ03151.1	Ptri_FHT1_AGJ03151.1	/content/drive/MyDrive/CS_5782_Final_Project/code_and_data/BAHD_lastLayer_embeddings/Ptri_FHT1_AGJ03151.1_hidden_layer_steps10.pt	acceptor_superclass::Fatty Acids and Conjugates;acceptor_superclass::Fatty acyls	acceptor_superclass::Coumarins;acceptor_superclass::Cyclic polyketides;acceptor_superclass::Diterpenoids;acceptor_superclass::Fatty Acids and Conjugates;acceptor_superclass::Flavonoids;acceptor_superclass::Lignans;acceptor_superclass::Ornithine alkaloids;acceptor_superclass::Phenolic acids (C6-C1);acceptor_superclass::Pseudoalkaloids;acceptor_superclass::Saccharides;acceptor_superclass::Triterpenoids	0,0,0,1,1,0,0,0,0,0,0,0,0,0,0,0,0,0,0,0,0,0,0	1,1,1,1,0,1,0,1,0,0,0,1,0,1,0,0,1,1,0,0,1,0,0	0.007297,0.065000,0.007190,0.006382,-0.074517,0.009489,-0.078592,0.100263,-0.117863,-0.075700,-0.089727,0.059689,-0.061442,0.097676,-0.019491,-0.064985,0.088856,0.001948,-0.082609,-0.011369,0.242431,-0.225254,-0.023508
Ptri_HBMT1_PNT60021.1	Ptri_HBMT1_PNT60021.1	/content/drive/MyDrive/CS_5782_Final_Project/code_and_data/BAHD_lastLayer_embeddings/Ptri_HBMT1_PNT60021.1_hidden_layer_steps10.pt	acceptor_superclass::Phenylpropanoids (C6-C3)	acceptor_superclass::Diterpenoids;acceptor_superclass::Fatty acyls;acceptor_superclass::Flavonoids;acceptor_superclass::Isoflavonoids;acceptor_superclass::Lignans;acceptor_superclass::Lysine alkaloids;acceptor_superclass::Phenanthrenoids;acceptor_superclass::Phenylethanoids (C6-C2);acceptor_superclass::Phenylpropanoids (C6-C3);acceptor_superclass::Saccharides;acceptor_superclass::Steroids;acceptor_superclass::Triterpenoids;acceptor_superclass::Tyrosine alkaloids	0,0,0,0,0,0,0,0,0,0,0,0,0,0,0,1,0,0,0,0,0,0,0	0,0,1,0,1,1,1,1,1,0,0,0,1,0,1,1,0,1,0,1,1,0,1	-0.022578,-0.020647,0.030924,-0.005503,0.028431,0.021797,0.023982,0.027042,0.020981,-0.010895,-0.003073,-0.037338,0.029294,-0.008554,0.010687,0.014747,-0.012423,0.017034,-0.004441,0.011177,0.004864,-0.028064,0.014506
Ptri_HCT6_PNT52620.1	Ptri_HCT6_PNT52620.1	/content/drive/MyDrive/CS_5782_Final_Project/code_and_data/BAHD_lastLayer_embeddings/Ptri_HCT6_PNT52620.1_hidden_layer_steps10.pt	acceptor_superclass::Phenolic acids (C6-C1);acceptor_superclass::Small peptides	acceptor_superclass::Coumarins;acceptor_superclass::Diterpenoids;acceptor_superclass::Fatty Acids and Conjugates;acceptor_superclass::Fatty acyls;acceptor_superclass::Isoflavonoids;acceptor_superclass::Lignans;acceptor_superclass::Monoterpenoids;acceptor_superclass::Naphthalenes;acceptor_superclass::Phenanthrenoids;acceptor_superclass::Phenolic acids (C6-C1);acceptor_superclass::Phenylpropanoids (C6-C3);acceptor_superclass::Steroids	0,0,0,0,0,0,0,0,0,0,0,0,0,1,0,0,0,0,1,0,0,0,0	1,0,1,1,1,0,1,1,0,1,1,0,1,1,0,1,0,0,0,1,0,0,0	0.051901,-0.095315,0.016876,0.313479,0.046537,-0.015457,0.374411,0.164497,-0.133358,0.063614,0.120351,-0.192485,0.212851,0.102015,-0.089361,0.065212,-0.166238,-0.127025,-0.006399,0.140030,-0.243017,-0.052518,-0.135495
Ptri_HBMT1_PNT60021.1	Ptri_PHBMT1_AJD79571.1	/content/drive/MyDrive/CS_5782_Final_Project/code_and_data/BAHD_lastLayer_embeddings/Ptri_HBMT1_PNT60021.1_hidden_layer_steps10.pt	acceptor_superclass::Phenylpropanoids (C6-C3)	acceptor_superclass::Diterpenoids;acceptor_superclass::Fatty acyls;acceptor_superclass::Flavonoids;acceptor_superclass::Isoflavonoids;acceptor_superclass::Lignans;acceptor_superclass::Lysine alkaloids;acceptor_superclass::Phenanthrenoids;acceptor_superclass::Phenylethanoids (C6-C2);acceptor_superclass::Phenylpropanoids (C6-C3);acceptor_superclass::Saccharides;acceptor_superclass::Steroids;acceptor_superclass::Triterpenoids;acceptor_superclass::Tyrosine alkaloids	0,0,0,0,0,0,0,0,0,0,0,0,0,0,0,1,0,0,0,0,0,0,0	0,0,1,0,1,1,1,1,1,0,0,0,1,0,1,1,0,1,0,1,1,0,1	-0.022578,-0.020647,0.030924,-0.005503,0.028431,0.021797,0.023982,0.027042,0.020981,-0.010895,-0.003073,-0.037338,0.029294,-0.008554,0.010687,0.014747,-0.012423,0.017034,-0.004441,0.011177,0.004864,-0.028064,0.014506
Ptri_SABT_AJD25144.1	Ptri_SABT_AJD25144.1	/content/drive/MyDrive/CS_5782_Final_Project/code_and_data/BAHD_lastLayer_embeddings/Ptri_SABT_AJD25144.1_hidden_layer_steps10.pt	acceptor_superclass::Phenylpropanoids (C6-C3)	acceptor_superclass::Coumarins;acceptor_superclass::Diterpenoids;acceptor_superclass::Fatty Acids and Conjugates;acceptor_superclass::Fatty acyls;acceptor_superclass::Isoflavonoids;acceptor_superclass::Lignans;acceptor_superclass::Monoterpenoids;acceptor_superclass::Naphthalenes;acceptor_superclass::Phenanthrenoids;acceptor_superclass::Phenolic acids (C6-C1);acceptor_superclass::Phenylpropanoids (C6-C3);acceptor_superclass::Steroids	0,0,0,0,0,0,0,0,0,0,0,0,0,0,0,1,0,0,0,0,0,0,0	1,0,1,1,1,0,1,1,0,1,1,0,1,1,0,1,0,0,0,1,0,0,0	0.051901,-0.095314,0.016876,0.313479,0.046536,-0.015457,0.374412,0.164497,-0.133358,0.063615,0.120351,-0.192486,0.212850,0.102015,-0.089361,0.065212,-0.166238,-0.127026,-0.006399,0.140030,-0.243017,-0.052518,-0.135495
Pvir_FMT_KAG2630178.1	Pvir_FMT_KAG2630178.1	/content/drive/MyDrive/CS_5782_Final_Project/code_and_data/BAHD_lastLayer_embeddings/Pvir_FMT_KAG2630178.1_hidden_layer_steps10.pt	acceptor_superclass::Phenylpropanoids (C6-C3)	acceptor_superclass::Coumarins;acceptor_superclass::Diterpenoids;acceptor_superclass::Fatty Acids and Conjugates;acceptor_superclass::Fatty acyls;acceptor_superclass::Isoflavonoids;acceptor_superclass::Lignans;acceptor_superclass::Monoterpenoids;acceptor_superclass::Naphthalenes;acceptor_superclass::Phenanthrenoids;acceptor_superclass::Phenolic acids (C6-C1);acceptor_superclass::Phenylpropanoids (C6-C3);acceptor_superclass::Steroids	0,0,0,0,0,0,0,0,0,0,0,0,0,0,0,1,0,0,0,0,0,0,0	1,0,1,1,1,0,1,1,0,1,1,0,1,1,0,1,0,0,0,1,0,0,0	0.051901,-0.095316,0.016876,0.313478,0.046537,-0.015457,0.374411,0.164496,-0.133358,0.063614,0.120351,-0.192484,0.212852,0.102015,-0.089360,0.065212,-0.166238,-0.127024,-0.006399,0.140029,-0.243017,-0.052516,-0.135496
Pvir_HCT1a_BAO20883.1	Pvir_HCT1a_BAO20883.1	/content/drive/MyDrive/CS_5782_Final_Project/code_and_data/BAHD_lastLayer_embeddings/Pvir_HCT1a_BAO20883.1_hidden_layer_steps10.pt	acceptor_superclass::Phenolic acids (C6-C1)	acceptor_superclass::Coumarins;acceptor_superclass::Cyclic polyketides;acceptor_superclass::Flavonoids;acceptor_superclass::Monoterpenoids;acceptor_superclass::Phenylethanoids (C6-C2);acceptor_superclass::Phenylpropanoids (C6-C3);acceptor_superclass::Saccharides;acceptor_superclass::Small peptides;acceptor_superclass::Tryptophan alkaloids;acceptor_superclass::Tyrosine alkaloids	0,0,0,0,0,0,0,0,0,0,0,0,0,1,0,0,0,0,0,0,0,0,0	1,1,0,0,0,1,0,0,0,1,0,0,0,0,1,1,0,1,1,0,0,1,1	0.134297,0.045496,-0.017216,-0.013915,-0.007559,0.047085,-0.030451,-0.005764,-0.045269,0.009238,-0.070009,-0.009879,-0.041998,-0.006754,0.028504,0.007573,-0.005475,0.027912,0.051142,-0.042927,-0.009991,0.092678,0.143618
Pvir_HCT2a_AGM90558.1	Pvir_HCT2a_AGM90558.1	/content/drive/MyDrive/CS_5782_Final_Project/code_and_data/BAHD_lastLayer_embeddings/Pvir_HCT2a_AGM90558.1_hidden_layer_steps10.pt	acceptor_superclass::Phenolic acids (C6-C1);acceptor_superclass::Phenylpropanoids (C6-C3);acceptor_superclass::Small peptides	acceptor_superclass::Coumarins;acceptor_superclass::Cyclic polyketides;acceptor_superclass::Flavonoids;acceptor_superclass::Isoflavonoids;acceptor_superclass::Lignans;acceptor_superclass::Lysine alkaloids;acceptor_superclass::Monoterpenoids;acceptor_superclass::Naphthalenes;acceptor_superclass::Ornithine alkaloids;acceptor_superclass::Phenanthrenoids;acceptor_superclass::Phenylpropanoids (C6-C3);acceptor_superclass::Pseudoalkaloids;acceptor_superclass::Saccharides;acceptor_superclass::Small peptides;acceptor_superclass::Tryptophan alkaloids;acceptor_superclass::Tyrosine alkaloids	0,0,0,0,0,0,0,0,0,0,0,0,0,1,0,1,0,0,1,0,0,0,0	1,1,0,0,0,1,1,1,1,1,1,1,1,0,0,1,1,1,1,0,0,1,1	0.103578,0.197445,-0.081448,-0.079707,-0.033580,0.005212,0.053624,0.035559,0.009789,0.065255,0.039989,0.011250,0.202564,-0.000772,-0.001186,0.015730,0.054336,0.068968,0.045381,-0.053620,-0.053676,0.061322,0.069850
Pvir_PMT_KAG2616253.1	Pvir_PMT_KAG2616253.1	/content/drive/MyDrive/CS_5782_Final_Project/code_and_data/BAHD_lastLayer_embeddings/Pvir_PMT_KAG2616253.1_hidden_layer_steps10.pt	acceptor_superclass::Phenylpropanoids (C6-C3)	acceptor_superclass::Coumarins;acceptor_superclass::Cyclic polyketides;acceptor_superclass::Flavonoids;acceptor_superclass::Monoterpenoids;acceptor_superclass::Phenylethanoids (C6-C2);acceptor_superclass::Phenylpropanoids (C6-C3);acceptor_superclass::Saccharides;acceptor_superclass::Small peptides;acceptor_superclass::Tryptophan alkaloids;acceptor_superclass::Tyrosine alkaloids	0,0,0,0,0,0,0,0,0,0,0,0,0,0,0,1,0,0,0,0,0,0,0	1,1,0,0,0,1,0,0,0,1,0,0,0,0,1,1,0,1,1,0,0,1,1	0.134297,0.045496,-0.017216,-0.013915,-0.007559,0.047085,-0.030451,-0.005764,-0.045269,0.009238,-0.070009,-0.009879,-0.041999,-0.006755,0.028504,0.007573,-0.005475,0.027912,0.051142,-0.042927,-0.009991,0.092677,0.143618
Pvul_HHHT_AOX15526.1	Pvul_HHHT_AOX15526.1	/content/drive/MyDrive/CS_5782_Final_Project/code_and_data/BAHD_lastLayer_embeddings/Pvul_HHHT_AOX15526.1_hidden_layer_steps10.pt	acceptor_superclass::Fatty Acids and Conjugates	acceptor_superclass::Coumarins;acceptor_superclass::Cyclic polyketides;acceptor_superclass::Flavonoids;acceptor_superclass::Isoflavonoids;acceptor_superclass::Lignans;acceptor_superclass::Lysine alkaloids;acceptor_superclass::Monoterpenoids;acceptor_superclass::Naphthalenes;acceptor_superclass::Ornithine alkaloids;acceptor_superclass::Phenanthrenoids;acceptor_superclass::Phenylpropanoids (C6-C3);acceptor_superclass::Pseudoalkaloids;acceptor_superclass::Saccharides;acceptor_superclass::Small peptides;acceptor_superclass::Tryptophan alkaloids;acceptor_superclass::Tyrosine alkaloids	0,0,0,1,0,0,0,0,0,0,0,0,0,0,0,0,0,0,0,0,0,0,0	1,1,0,0,0,1,1,1,1,1,1,1,1,0,0,1,1,1,1,0,0,1,1	0.103578,0.197445,-0.081448,-0.079707,-0.033580,0.005212,0.053624,0.035559,0.009789,0.065255,0.039989,0.011250,0.202564,-0.000772,-0.001186,0.015730,0.054336,0.068968,0.045381,-0.053620,-0.053676,0.061322,0.069850
Rcan_SHT_QNO39111.1	Rcan_SHT_QNO39111.1	/content/drive/MyDrive/CS_5782_Final_Project/code_and_data/BAHD_lastLayer_embeddings/Rcan_SHT_QNO39111.1_hidden_layer_steps10.pt	acceptor_superclass::Ornithine alkaloids	acceptor_superclass::Coumarins;acceptor_superclass::Cyclic polyketides;acceptor_superclass::Flavonoids;acceptor_superclass::Isoflavonoids;acceptor_superclass::Lignans;acceptor_superclass::Lysine alkaloids;acceptor_superclass::Monoterpenoids;acceptor_superclass::Naphthalenes;acceptor_superclass::Ornithine alkaloids;acceptor_superclass::Phenanthrenoids;acceptor_superclass::Phenylpropanoids (C6-C3);acceptor_superclass::Pseudoalkaloids;acceptor_superclass::Saccharides;acceptor_superclass::Small peptides;acceptor_superclass::Tryptophan alkaloids;acceptor_superclass::Tyrosine alkaloids	0,0,0,0,0,0,0,0,0,0,0,1,0,0,0,0,0,0,0,0,0,0,0	1,1,0,0,0,1,1,1,1,1,1,1,1,0,0,1,1,1,1,0,0,1,1	0.103578,0.197445,-0.081448,-0.079707,-0.033580,0.005212,0.053624,0.035559,0.009789,0.065255,0.039989,0.011250,0.202564,-0.000772,-0.001186,0.015730,0.054336,0.068969,0.045381,-0.053620,-0.053676,0.061322,0.069850
Rcom_SHT_QNO39108.1	Rcom_SHT_QNO39108.1	/content/drive/MyDrive/CS_5782_Final_Project/code_and_data/BAHD_lastLayer_embeddings/Rcom_SHT_QNO39108.1_hidden_layer_steps10.pt	acceptor_superclass::Ornithine alkaloids	acceptor_superclass::Coumarins;acceptor_superclass::Diterpenoids;acceptor_superclass::Fatty Acids and Conjugates;acceptor_superclass::Fatty acyls;acceptor_superclass::Isoflavonoids;acceptor_superclass::Lignans;acceptor_superclass::Monoterpenoids;acceptor_superclass::Naphthalenes;acceptor_superclass::Phenanthrenoids;acceptor_superclass::Phenolic acids (C6-C1);acceptor_superclass::Phenylpropanoids (C6-C3);acceptor_superclass::Steroids	0,0,0,0,0,0,0,0,0,0,0,1,0,0,0,0,0,0,0,0,0,0,0	1,0,1,1,1,0,1,1,0,1,1,0,1,1,0,1,0,0,0,1,0,0,0	0.051902,-0.095313,0.016876,0.313480,0.046536,-0.015457,0.374413,0.164497,-0.133358,0.063615,0.120351,-0.192487,0.212849,0.102015,-0.089362,0.065212,-0.166237,-0.127027,-0.006399,0.140032,-0.243017,-0.052520,-0.135495
Rglu_AT1_WEX29776.1	Rglu_AT1_WEX29776.1	/content/drive/MyDrive/CS_5782_Final_Project/code_and_data/BAHD_lastLayer_embeddings/Rglu_AT1_WEX29776.1_hidden_layer_steps10.pt	acceptor_superclass::Phenylethanoids (C6-C2)	acceptor_superclass::Diterpenoids;acceptor_superclass::Fatty acyls;acceptor_superclass::Flavonoids;acceptor_superclass::Isoflavonoids;acceptor_superclass::Lignans;acceptor_superclass::Lysine alkaloids;acceptor_superclass::Phenanthrenoids;acceptor_superclass::Phenylethanoids (C6-C2);acceptor_superclass::Phenylpropanoids (C6-C3);acceptor_superclass::Saccharides;acceptor_superclass::Steroids;acceptor_superclass::Triterpenoids;acceptor_superclass::Tyrosine alkaloids	0,0,0,0,0,0,0,0,0,0,0,0,0,0,1,0,0,0,0,0,0,0,0	0,0,1,0,1,1,1,1,1,0,0,0,1,0,1,1,0,1,0,1,1,0,1	-0.022578,-0.020647,0.030924,-0.005503,0.028431,0.021797,0.023982,0.027042,0.020981,-0.010895,-0.003073,-0.037338,0.029294,-0.008554,0.010687,0.014747,-0.012423,0.017034,-0.004441,0.011177,0.004864,-0.028064,0.014506
Rhyb_AAT1_AAW31948.1	Rhyb_AAT1_AAW31948.1	/content/drive/MyDrive/CS_5782_Final_Project/code_and_data/BAHD_lastLayer_embeddings/Rhyb_AAT1_AAW31948.1_hidden_layer_steps10.pt	acceptor_superclass::Fatty acyls;acceptor_superclass::Monoterpenoids;acceptor_superclass::Phenylethanoids (C6-C2)	acceptor_superclass::Coumarins;acceptor_superclass::Cyclic polyketides;acceptor_superclass::Diterpenoids;acceptor_superclass::Fatty Acids and Conjugates;acceptor_superclass::Flavonoids;acceptor_superclass::Lignans;acceptor_superclass::Ornithine alkaloids;acceptor_superclass::Phenolic acids (C6-C1);acceptor_superclass::Pseudoalkaloids;acceptor_superclass::Saccharides;acceptor_superclass::Triterpenoids	0,0,0,0,1,0,0,0,0,1,0,0,0,0,1,0,0,0,0,0,0,0,0	1,1,1,1,0,1,0,1,0,0,0,1,0,1,0,0,1,1,0,0,1,0,0	0.007297,0.065000,0.007190,0.006382,-0.074517,0.009489,-0.078592,0.100263,-0.117863,-0.075700,-0.089727,0.059689,-0.061442,0.097676,-0.019491,-0.064985,0.088856,0.001948,-0.082609,-0.011369,0.242431,-0.225254,-0.023508
Rser_VS_CAD89104.2	Rser_ACT_CAD89104.2	/content/drive/MyDrive/CS_5782_Final_Project/code_and_data/BAHD_lastLayer_embeddings/Rser_VS_CAD89104.2_hidden_layer_steps10.pt	acceptor_superclass::Tryptophan alkaloids	acceptor_superclass::Coumarins;acceptor_superclass::Cyclic polyketides;acceptor_superclass::Flavonoids;acceptor_superclass::Monoterpenoids;acceptor_superclass::Phenylethanoids (C6-C2);acceptor_superclass::Phenylpropanoids (C6-C3);acceptor_superclass::Saccharides;acceptor_superclass::Small peptides;acceptor_superclass::Tryptophan alkaloids;acceptor_superclass::Tyrosine alkaloids	0,0,0,0,0,0,0,0,0,0,0,0,0,0,0,0,0,0,0,0,0,1,0	1,1,0,0,0,1,0,0,0,1,0,0,0,0,1,1,0,1,1,0,0,1,1	0.134297,0.045496,-0.017216,-0.013915,-0.007559,0.047085,-0.030451,-0.005764,-0.045269,0.009238,-0.070009,-0.009879,-0.041999,-0.006754,0.028504,0.007573,-0.005475,0.027912,0.051142,-0.042927,-0.009991,0.092678,0.143618
Rser_VS_CAD89104.2	Rser_VS_CAD89104.2	/content/drive/MyDrive/CS_5782_Final_Project/code_and_data/BAHD_lastLayer_embeddings/Rser_VS_CAD89104.2_hidden_layer_steps10.pt	acceptor_superclass::Tryptophan alkaloids	acceptor_superclass::Coumarins;acceptor_superclass::Cyclic polyketides;acceptor_superclass::Diterpenoids;acceptor_superclass::Fatty Acids and Conjugates;acceptor_superclass::Flavonoids;acceptor_superclass::Lignans;acceptor_superclass::Ornithine alkaloids;acceptor_superclass::Phenolic acids (C6-C1);acceptor_superclass::Pseudoalkaloids;acceptor_superclass::Saccharides;acceptor_superclass::Triterpenoids	0,0,0,0,0,0,0,0,0,0,0,0,0,0,0,0,0,0,0,0,0,1,0	1,1,1,1,0,1,0,1,0,0,0,1,0,1,0,0,1,1,0,0,1,0,0	0.007297,0.064999,0.007190,0.006382,-0.074517,0.009489,-0.078592,0.100263,-0.117863,-0.075700,-0.089727,0.059689,-0.061441,0.097676,-0.019491,-0.064985,0.088856,0.001948,-0.082609,-0.011369,0.242431,-0.225254,-0.023508
Rser_YAT_PQ801655	Rser_YAT_PQ801655	/content/drive/MyDrive/CS_5782_Final_Project/code_and_data/BAHD_lastLayer_embeddings/Rser_YAT_PQ801655_hidden_layer_steps10.pt	acceptor_superclass::Tryptophan alkaloids	acceptor_superclass::Coumarins;acceptor_superclass::Cyclic polyketides;acceptor_superclass::Diterpenoids;acceptor_superclass::Fatty Acids and Conjugates;acceptor_superclass::Flavonoids;acceptor_superclass::Lignans;acceptor_superclass::Ornithine alkaloids;acceptor_superclass::Phenolic acids (C6-C1);acceptor_superclass::Pseudoalkaloids;acceptor_superclass::Saccharides;acceptor_superclass::Triterpenoids	0,0,0,0,0,0,0,0,0,0,0,0,0,0,0,0,0,0,0,0,0,1,0	1,1,1,1,0,1,0,1,0,0,0,1,0,1,0,0,1,1,0,0,1,0,0	0.007297,0.064999,0.007190,0.006382,-0.074517,0.009489,-0.078592,0.100263,-0.117863,-0.075700,-0.089727,0.059689,-0.061441,0.097676,-0.019491,-0.064985,0.088856,0.001948,-0.082609,-0.011369,0.242431,-0.225254,-0.023508
Sbic_COSY_OQU75851.1	Sbic_COSY_OQU75851.1	/content/drive/MyDrive/CS_5782_Final_Project/code_and_data/BAHD_lastLayer_embeddings/Sbic_COSY_OQU75851.1_hidden_layer_steps10.pt		acceptor_superclass::Coumarins;acceptor_superclass::Cyclic polyketides;acceptor_superclass::Flavonoids;acceptor_superclass::Monoterpenoids;acceptor_superclass::Phenylethanoids (C6-C2);acceptor_superclass::Phenylpropanoids (C6-C3);acceptor_superclass::Saccharides;acceptor_superclass::Small peptides;acceptor_superclass::Tryptophan alkaloids;acceptor_superclass::Tyrosine alkaloids	0,0,0,0,0,0,0,0,0,0,0,0,0,0,0,0,0,0,0,0,0,0,0	1,1,0,0,0,1,0,0,0,1,0,0,0,0,1,1,0,1,1,0,0,1,1	0.134297,0.045496,-0.017216,-0.013915,-0.007559,0.047085,-0.030451,-0.005764,-0.045269,0.009238,-0.070009,-0.009879,-0.041998,-0.006754,0.028504,0.007573,-0.005475,0.027912,0.051142,-0.042927,-0.009991,0.092678,0.143618
Sbic_FMT_EES15804.1	Sbic_FMT_EES15804.1	/content/drive/MyDrive/CS_5782_Final_Project/code_and_data/BAHD_lastLayer_embeddings/Sbic_FMT_EES15804.1_hidden_layer_steps10.pt	acceptor_superclass::Phenylpropanoids (C6-C3)	acceptor_superclass::Coumarins;acceptor_superclass::Cyclic polyketides;acceptor_superclass::Flavonoids;acceptor_superclass::Monoterpenoids;acceptor_superclass::Phenylethanoids (C6-C2);acceptor_superclass::Phenylpropanoids (C6-C3);acceptor_superclass::Saccharides;acceptor_superclass::Small peptides;acceptor_superclass::Tryptophan alkaloids;acceptor_superclass::Tyrosine alkaloids	0,0,0,0,0,0,0,0,0,0,0,0,0,0,0,1,0,0,0,0,0,0,0	1,1,0,0,0,1,0,0,0,1,0,0,0,0,1,1,0,1,1,0,0,1,1	0.134297,0.045496,-0.017216,-0.013915,-0.007559,0.047085,-0.030451,-0.005764,-0.045269,0.009238,-0.070009,-0.009879,-0.041998,-0.006754,0.028504,0.007573,-0.005475,0.027912,0.051142,-0.042927,-0.009991,0.092678,0.143618
Sbic_HCT_EES05411.1	Sbic_HCT_EES05411.1	/content/drive/MyDrive/CS_5782_Final_Project/code_and_data/BAHD_lastLayer_embeddings/Sbic_HCT_EES05411.1_hidden_layer_steps10.pt	acceptor_superclass::Phenolic acids (C6-C1)	acceptor_superclass::Coumarins;acceptor_superclass::Cyclic polyketides;acceptor_superclass::Flavonoids;acceptor_superclass::Isoflavonoids;acceptor_superclass::Lignans;acceptor_superclass::Lysine alkaloids;acceptor_superclass::Monoterpenoids;acceptor_superclass::Naphthalenes;acceptor_superclass::Ornithine alkaloids;acceptor_superclass::Phenanthrenoids;acceptor_superclass::Phenylpropanoids (C6-C3);acceptor_superclass::Pseudoalkaloids;acceptor_superclass::Saccharides;acceptor_superclass::Small peptides;acceptor_superclass::Tryptophan alkaloids;acceptor_superclass::Tyrosine alkaloids	0,0,0,0,0,0,0,0,0,0,0,0,0,1,0,0,0,0,0,0,0,0,0	1,1,0,0,0,1,1,1,1,1,1,1,1,0,0,1,1,1,1,0,0,1,1	0.103578,0.197445,-0.081448,-0.079707,-0.033580,0.005212,0.053624,0.035559,0.009789,0.065255,0.039989,0.011250,0.202564,-0.000772,-0.001186,0.015730,0.054336,0.068968,0.045381,-0.053620,-0.053676,0.061322,0.069850
Sbic_PMT_EES17668.1	Sbic_PMT_EES17668.1	/content/drive/MyDrive/CS_5782_Final_Project/code_and_data/BAHD_lastLayer_embeddings/Sbic_PMT_EES17668.1_hidden_layer_steps10.pt	acceptor_superclass::Phenylpropanoids (C6-C3)	acceptor_superclass::Coumarins;acceptor_superclass::Cyclic polyketides;acceptor_superclass::Flavonoids;acceptor_superclass::Isoflavonoids;acceptor_superclass::Lignans;acceptor_superclass::Lysine alkaloids;acceptor_superclass::Monoterpenoids;acceptor_superclass::Naphthalenes;acceptor_superclass::Ornithine alkaloids;acceptor_superclass::Phenanthrenoids;acceptor_superclass::Phenylpropanoids (C6-C3);acceptor_superclass::Pseudoalkaloids;acceptor_superclass::Saccharides;acceptor_superclass::Small peptides;acceptor_superclass::Tryptophan alkaloids;acceptor_superclass::Tyrosine alkaloids	0,0,0,0,0,0,0,0,0,0,0,0,0,0,0,1,0,0,0,0,0,0,0	1,1,0,0,0,1,1,1,1,1,1,1,1,0,0,1,1,1,1,0,0,1,1	0.103578,0.197445,-0.081448,-0.079707,-0.033580,0.005212,0.053624,0.035559,0.009789,0.065255,0.039989,0.011250,0.202564,-0.000772,-0.001186,0.015730,0.054336,0.068968,0.045381,-0.053620,-0.053676,0.061322,0.069850
Sche_AAT10422_BCJ78482.1	Sche_AAT10422_BCJ78482.1	/content/drive/MyDrive/CS_5782_Final_Project/code_and_data/BAHD_lastLayer_embeddings/Sche_AAT10422_BCJ78482.1_hidden_layer_steps10.pt	acceptor_superclass::Fatty acyls	acceptor_superclass::Coumarins;acceptor_superclass::Cyclic polyketides;acceptor_superclass::Flavonoids;acceptor_superclass::Isoflavonoids;acceptor_superclass::Lignans;acceptor_superclass::Lysine alkaloids;acceptor_superclass::Monoterpenoids;acceptor_superclass::Naphthalenes;acceptor_superclass::Ornithine alkaloids;acceptor_superclass::Phenanthrenoids;acceptor_superclass::Phenylpropanoids (C6-C3);acceptor_superclass::Pseudoalkaloids;acceptor_superclass::Saccharides;acceptor_superclass::Small peptides;acceptor_superclass::Tryptophan alkaloids;acceptor_superclass::Tyrosine alkaloids	0,0,0,0,1,0,0,0,0,0,0,0,0,0,0,0,0,0,0,0,0,0,0	1,1,0,0,0,1,1,1,1,1,1,1,1,0,0,1,1,1,1,0,0,1,1	0.103578,0.197445,-0.081448,-0.079707,-0.033580,0.005212,0.053624,0.035559,0.009789,0.065255,0.039990,0.011250,0.202563,-0.000772,-0.001187,0.015730,0.054337,0.068968,0.045381,-0.053620,-0.053676,0.061322,0.069850
Schi_CFAT_URQ03862.1	Schi_CFAT_URQ03862.1	/content/drive/MyDrive/CS_5782_Final_Project/code_and_data/BAHD_lastLayer_embeddings/Schi_CFAT_URQ03862.1_hidden_layer_steps10.pt	acceptor_superclass::Lignans;acceptor_superclass::Phenylpropanoids (C6-C3)	acceptor_superclass::Coumarins;acceptor_superclass::Cyclic polyketides;acceptor_superclass::Flavonoids;acceptor_superclass::Monoterpenoids;acceptor_superclass::Phenylethanoids (C6-C2);acceptor_superclass::Phenylpropanoids (C6-C3);acceptor_superclass::Saccharides;acceptor_superclass::Small peptides;acceptor_superclass::Tryptophan alkaloids;acceptor_superclass::Tyrosine alkaloids	0,0,0,0,0,0,0,1,0,0,0,0,0,0,0,1,0,0,0,0,0,0,0	1,1,0,0,0,1,0,0,0,1,0,0,0,0,1,1,0,1,1,0,0,1,1	0.134297,0.045496,-0.017216,-0.013915,-0.007559,0.047085,-0.030451,-0.005764,-0.045269,0.009238,-0.070009,-0.009879,-0.041999,-0.006754,0.028504,0.007573,-0.005475,0.027912,0.051142,-0.042927,-0.009991,0.092678,0.143618
Schm_AAT11306_BCJ78485.1	Schm_AAT11306_BCJ78485.1	/content/drive/MyDrive/CS_5782_Final_Project/code_and_data/BAHD_lastLayer_embeddings/Schm_AAT11306_BCJ78485.1_hidden_layer_steps10.pt	acceptor_superclass::Fatty acyls	acceptor_superclass::Coumarins;acceptor_superclass::Cyclic polyketides;acceptor_superclass::Diterpenoids;acceptor_superclass::Fatty Acids and Conjugates;acceptor_superclass::Flavonoids;acceptor_superclass::Lignans;acceptor_superclass::Ornithine alkaloids;acceptor_superclass::Phenolic acids (C6-C1);acceptor_superclass::Pseudoalkaloids;acceptor_superclass::Saccharides;acceptor_superclass::Triterpenoids	0,0,0,0,1,0,0,0,0,0,0,0,0,0,0,0,0,0,0,0,0,0,0	1,1,1,1,0,1,0,1,0,0,0,1,0,1,0,0,1,1,0,0,1,0,0	0.007297,0.064999,0.007190,0.006382,-0.074517,0.009489,-0.078592,0.100263,-0.117863,-0.075700,-0.089727,0.059689,-0.061441,0.097676,-0.019491,-0.064985,0.088856,0.001948,-0.082609,-0.011369,0.242431,-0.225254,-0.023508
Scru_3MAT_AAO38058	Scru_3MAT_AAO38058	/content/drive/MyDrive/CS_5782_Final_Project/code_and_data/BAHD_lastLayer_embeddings/Scru_3MAT_AAO38058_hidden_layer_steps10.pt		acceptor_superclass::Coumarins;acceptor_superclass::Cyclic polyketides;acceptor_superclass::Diterpenoids;acceptor_superclass::Fatty Acids and Conjugates;acceptor_superclass::Flavonoids;acceptor_superclass::Lignans;acceptor_superclass::Ornithine alkaloids;acceptor_superclass::Phenolic acids (C6-C1);acceptor_superclass::Pseudoalkaloids;acceptor_superclass::Saccharides;acceptor_superclass::Triterpenoids	0,0,0,0,0,0,0,0,0,0,0,0,0,0,0,0,0,0,0,0,0,0,0	1,1,1,1,0,1,0,1,0,0,0,1,0,1,0,0,1,1,0,0,1,0,0	0.007297,0.065000,0.007190,0.006382,-0.074517,0.009489,-0.078592,0.100263,-0.117863,-0.075700,-0.089727,0.059689,-0.061442,0.097676,-0.019491,-0.064985,0.088856,0.001948,-0.082609,-0.011369,0.242431,-0.225254,-0.023508
Sfal_HFT-like_KAH8954438.1	Sfal_HFT-like_KAH8954438.1	/content/drive/MyDrive/CS_5782_Final_Project/code_and_data/BAHD_lastLayer_embeddings/Sfal_HFT-like_KAH8954438.1_hidden_layer_steps10.pt	acceptor_superclass::Fatty Acids and Conjugates;acceptor_superclass::Fatty acyls	acceptor_superclass::Coumarins;acceptor_superclass::Diterpenoids;acceptor_superclass::Fatty Acids and Conjugates;acceptor_superclass::Fatty acyls;acceptor_superclass::Isoflavonoids;acceptor_superclass::Lignans;acceptor_superclass::Monoterpenoids;acceptor_superclass::Naphthalenes;acceptor_superclass::Phenanthrenoids;acceptor_superclass::Phenolic acids (C6-C1);acceptor_superclass::Phenylpropanoids (C6-C3);acceptor_superclass::Steroids	0,0,0,1,1,0,0,0,0,0,0,0,0,0,0,0,0,0,0,0,0,0,0	1,0,1,1,1,0,1,1,0,1,1,0,1,1,0,1,0,0,0,1,0,0,0	0.051901,-0.095315,0.016876,0.313479,0.046537,-0.015457,0.374411,0.164497,-0.133358,0.063614,0.120351,-0.192485,0.212851,0.102015,-0.089361,0.065212,-0.166238,-0.127025,-0.006399,0.140030,-0.243017,-0.052517,-0.135495
Sgal_AAT10483_BCJ78483.1	Sgal_AAT10483_BCJ78483.1	/content/drive/MyDrive/CS_5782_Final_Project/code_and_data/BAHD_lastLayer_embeddings/Sgal_AAT10483_BCJ78483.1_hidden_layer_steps10.pt	acceptor_superclass::Fatty acyls	acceptor_superclass::Coumarins;acceptor_superclass::Diterpenoids;acceptor_superclass::Fatty Acids and Conjugates;acceptor_superclass::Fatty acyls;acceptor_superclass::Isoflavonoids;acceptor_superclass::Lignans;acceptor_superclass::Monoterpenoids;acceptor_superclass::Naphthalenes;acceptor_superclass::Phenanthrenoids;acceptor_superclass::Phenolic acids (C6-C1);acceptor_superclass::Phenylpropanoids (C6-C3);acceptor_superclass::Steroids	0,0,0,0,1,0,0,0,0,0,0,0,0,0,0,0,0,0,0,0,0,0,0	1,0,1,1,1,0,1,1,0,1,1,0,1,1,0,1,0,0,0,1,0,0,0	0.051901,-0.095314,0.016876,0.313479,0.046537,-0.015457,0.374412,0.164497,-0.133358,0.063615,0.120351,-0.192485,0.212850,0.102015,-0.089361,0.065212,-0.166238,-0.127026,-0.006399,0.140030,-0.243017,-0.052518,-0.135495
Sgla_HQT1_WYJ75404.1	Sgla_HQT1_WYJ75404.1	/content/drive/MyDrive/CS_5782_Final_Project/code_and_data/BAHD_lastLayer_embeddings/Sgla_HQT1_WYJ75404.1_hidden_layer_steps10.pt	acceptor_superclass::Phenolic acids (C6-C1);acceptor_superclass::Small peptides	acceptor_superclass::Coumarins;acceptor_superclass::Diterpenoids;acceptor_superclass::Fatty Acids and Conjugates;acceptor_superclass::Fatty acyls;acceptor_superclass::Isoflavonoids;acceptor_superclass::Lignans;acceptor_superclass::Monoterpenoids;acceptor_superclass::Naphthalenes;acceptor_superclass::Phenanthrenoids;acceptor_superclass::Phenolic acids (C6-C1);acceptor_superclass::Phenylpropanoids (C6-C3);acceptor_superclass::Steroids	0,0,0,0,0,0,0,0,0,0,0,0,0,1,0,0,0,0,1,0,0,0,0	1,0,1,1,1,0,1,1,0,1,1,0,1,1,0,1,0,0,0,1,0,0,0	0.051902,-0.095313,0.016876,0.313480,0.046536,-0.015457,0.374412,0.164497,-0.133358,0.063615,0.120351,-0.192487,0.212849,0.102015,-0.089361,0.065212,-0.166237,-0.127027,-0.006399,0.140031,-0.243017,-0.052520,-0.135495
Sgla_HQT2_WYJ75406.1	Sgla_HQT2_WYJ75406.1	/content/drive/MyDrive/CS_5782_Final_Project/code_and_data/BAHD_lastLayer_embeddings/Sgla_HQT2_WYJ75406.1_hidden_layer_steps10.pt	acceptor_superclass::Phenolic acids (C6-C1)	acceptor_superclass::Coumarins;acceptor_superclass::Diterpenoids;acceptor_superclass::Fatty Acids and Conjugates;acceptor_superclass::Fatty acyls;acceptor_superclass::Isoflavonoids;acceptor_superclass::Lignans;acceptor_superclass::Monoterpenoids;acceptor_superclass::Naphthalenes;acceptor_superclass::Phenanthrenoids;acceptor_superclass::Phenolic acids (C6-C1);acceptor_superclass::Phenylpropanoids (C6-C3);acceptor_superclass::Steroids	0,0,0,0,0,0,0,0,0,0,0,0,0,1,0,0,0,0,0,0,0,0,0	1,0,1,1,1,0,1,1,0,1,1,0,1,1,0,1,0,0,0,1,0,0,0	0.051901,-0.095315,0.016876,0.313479,0.046537,-0.015457,0.374412,0.164497,-0.133358,0.063614,0.120351,-0.192485,0.212850,0.102015,-0.089361,0.065212,-0.166238,-0.127026,-0.006399,0.140030,-0.243017,-0.052518,-0.135495
Sgla_HST_WYJ75403.1	Sgla_HST_WYJ75403.1	/content/drive/MyDrive/CS_5782_Final_Project/code_and_data/BAHD_lastLayer_embeddings/Sgla_HST_WYJ75403.1_hidden_layer_steps10.pt	acceptor_superclass::Phenolic acids (C6-C1);acceptor_superclass::Small peptides	acceptor_superclass::Coumarins;acceptor_superclass::Cyclic polyketides;acceptor_superclass::Flavonoids;acceptor_superclass::Monoterpenoids;acceptor_superclass::Phenylethanoids (C6-C2);acceptor_superclass::Phenylpropanoids (C6-C3);acceptor_superclass::Saccharides;acceptor_superclass::Small peptides;acceptor_superclass::Tryptophan alkaloids;acceptor_superclass::Tyrosine alkaloids	0,0,0,0,0,0,0,0,0,0,0,0,0,1,0,0,0,0,1,0,0,0,0	1,1,0,0,0,1,0,0,0,1,0,0,0,0,1,1,0,1,1,0,0,1,1	0.134297,0.045496,-0.017216,-0.013915,-0.007559,0.047085,-0.030451,-0.005764,-0.045269,0.009238,-0.070009,-0.009879,-0.041999,-0.006754,0.028504,0.007573,-0.005475,0.027912,0.051142,-0.042927,-0.009991,0.092678,0.143618
Sgla_RAS_WYJ75405.1	Sgla_RAS_WYJ75405.1	/content/drive/MyDrive/CS_5782_Final_Project/code_and_data/BAHD_lastLayer_embeddings/Sgla_RAS_WYJ75405.1_hidden_layer_steps10.pt	acceptor_superclass::Phenolic acids (C6-C1);acceptor_superclass::Small peptides;acceptor_superclass::Tyrosine alkaloids	acceptor_superclass::Diterpenoids;acceptor_superclass::Fatty acyls;acceptor_superclass::Flavonoids;acceptor_superclass::Isoflavonoids;acceptor_superclass::Lignans;acceptor_superclass::Lysine alkaloids;acceptor_superclass::Phenanthrenoids;acceptor_superclass::Phenylethanoids (C6-C2);acceptor_superclass::Phenylpropanoids (C6-C3);acceptor_superclass::Saccharides;acceptor_superclass::Steroids;acceptor_superclass::Triterpenoids;acceptor_superclass::Tyrosine alkaloids	0,0,0,0,0,0,0,0,0,0,0,0,0,1,0,0,0,0,1,0,0,0,1	0,0,1,0,1,1,1,1,1,0,0,0,1,0,1,1,0,1,0,1,1,0,1	-0.022578,-0.020647,0.030924,-0.005503,0.028431,0.021797,0.023982,0.027042,0.020981,-0.010895,-0.003073,-0.037338,0.029294,-0.008554,0.010687,0.014747,-0.012423,0.017034,-0.004441,0.011177,0.004864,-0.028064,0.014506
Shab_AAT11777_BCJ78486.1	Shab_AAT11777_BCJ78486.1	/content/drive/MyDrive/CS_5782_Final_Project/code_and_data/BAHD_lastLayer_embeddings/Shab_AAT11777_BCJ78486.1_hidden_layer_steps10.pt	acceptor_superclass::Fatty acyls	acceptor_superclass::Coumarins;acceptor_superclass::Cyclic polyketides;acceptor_superclass::Flavonoids;acceptor_superclass::Isoflavonoids;acceptor_superclass::Lignans;acceptor_superclass::Lysine alkaloids;acceptor_superclass::Monoterpenoids;acceptor_superclass::Naphthalenes;acceptor_superclass::Ornithine alkaloids;acceptor_superclass::Phenanthrenoids;acceptor_superclass::Phenylpropanoids (C6-C3);acceptor_superclass::Pseudoalkaloids;acceptor_superclass::Saccharides;acceptor_superclass::Small peptides;acceptor_superclass::Tryptophan alkaloids;acceptor_superclass::Tyrosine alkaloids	0,0,0,0,1,0,0,0,0,0,0,0,0,0,0,0,0,0,0,0,0,0,0	1,1,0,0,0,1,1,1,1,1,1,1,1,0,0,1,1,1,1,0,0,1,1	0.103578,0.197445,-0.081448,-0.079707,-0.033580,0.005212,0.053624,0.035559,0.009789,0.065255,0.039990,0.011250,0.202563,-0.000772,-0.001187,0.015730,0.054336,0.068968,0.045381,-0.053620,-0.053676,0.061322,0.069850
Shab_ASAT2_ALU64009.1	Shab_ASAT2_ALU64009.1	/content/drive/MyDrive/CS_5782_Final_Project/code_and_data/BAHD_lastLayer_embeddings/Shab_ASAT2_ALU64009.1_hidden_layer_steps10.pt		acceptor_superclass::Coumarins;acceptor_superclass::Diterpenoids;acceptor_superclass::Fatty Acids and Conjugates;acceptor_superclass::Fatty acyls;acceptor_superclass::Isoflavonoids;acceptor_superclass::Lignans;acceptor_superclass::Monoterpenoids;acceptor_superclass::Naphthalenes;acceptor_superclass::Phenanthrenoids;acceptor_superclass::Phenolic acids (C6-C1);acceptor_superclass::Phenylpropanoids (C6-C3);acceptor_superclass::Steroids	0,0,0,0,0,0,0,0,0,0,0,0,0,0,0,0,0,0,0,0,0,0,0	1,0,1,1,1,0,1,1,0,1,1,0,1,1,0,1,0,0,0,1,0,0,0	0.051901,-0.095315,0.016876,0.313479,0.046537,-0.015457,0.374411,0.164497,-0.133358,0.063614,0.120351,-0.192485,0.212851,0.102015,-0.089361,0.065212,-0.166238,-0.127025,-0.006399,0.140030,-0.243017,-0.052517,-0.135495
Shab_ASAT3-F_AJF98584.1	Shab_ASAT3-F_AJF98584.1	/content/drive/MyDrive/CS_5782_Final_Project/code_and_data/BAHD_lastLayer_embeddings/Shab_ASAT3-F_AJF98584.1_hidden_layer_steps10.pt		acceptor_superclass::Diterpenoids;acceptor_superclass::Fatty acyls;acceptor_superclass::Flavonoids;acceptor_superclass::Isoflavonoids;acceptor_superclass::Lignans;acceptor_superclass::Lysine alkaloids;acceptor_superclass::Phenanthrenoids;acceptor_superclass::Phenylethanoids (C6-C2);acceptor_superclass::Phenylpropanoids (C6-C3);acceptor_superclass::Saccharides;acceptor_superclass::Steroids;acceptor_superclass::Triterpenoids;acceptor_superclass::Tyrosine alkaloids	0,0,0,0,0,0,0,0,0,0,0,0,0,0,0,0,0,0,0,0,0,0,0	0,0,1,0,1,1,1,1,1,0,0,0,1,0,1,1,0,1,0,1,1,0,1	-0.022578,-0.020647,0.030924,-0.005503,0.028431,0.021797,0.023982,0.027042,0.020981,-0.010895,-0.003073,-0.037338,0.029294,-0.008554,0.010687,0.014747,-0.012423,0.017034,-0.004441,0.011177,0.004864,-0.028064,0.014506
Shab_ASAT3-P_AJF98591.1	Shab_ASAT3-P_AJF98591.1	/content/drive/MyDrive/CS_5782_Final_Project/code_and_data/BAHD_lastLayer_embeddings/Shab_ASAT3-P_AJF98591.1_hidden_layer_steps10.pt		acceptor_superclass::Coumarins;acceptor_superclass::Cyclic polyketides;acceptor_superclass::Flavonoids;acceptor_superclass::Isoflavonoids;acceptor_superclass::Lignans;acceptor_superclass::Lysine alkaloids;acceptor_superclass::Monoterpenoids;acceptor_superclass::Naphthalenes;acceptor_superclass::Ornithine alkaloids;acceptor_superclass::Phenanthrenoids;acceptor_superclass::Phenylpropanoids (C6-C3);acceptor_superclass::Pseudoalkaloids;acceptor_superclass::Saccharides;acceptor_superclass::Small peptides;acceptor_superclass::Tryptophan alkaloids;acceptor_superclass::Tyrosine alkaloids	0,0,0,0,0,0,0,0,0,0,0,0,0,0,0,0,0,0,0,0,0,0,0	1,1,0,0,0,1,1,1,1,1,1,1,1,0,0,1,1,1,1,0,0,1,1	0.103578,0.197445,-0.081448,-0.079707,-0.033580,0.005212,0.053624,0.035559,0.009789,0.065255,0.039990,0.011250,0.202563,-0.000772,-0.001187,0.015730,0.054336,0.068968,0.045381,-0.053620,-0.053676,0.061322,0.069850
Sind_AT1_BEE35702.1	Sind_AT1_BEE35702.1	/content/drive/MyDrive/CS_5782_Final_Project/code_and_data/BAHD_lastLayer_embeddings/Sind_AT1_BEE35702.1_hidden_layer_steps10.pt	acceptor_superclass::Phenylethanoids (C6-C2)	acceptor_superclass::Coumarins;acceptor_superclass::Cyclic polyketides;acceptor_superclass::Flavonoids;acceptor_superclass::Isoflavonoids;acceptor_superclass::Lignans;acceptor_superclass::Lysine alkaloids;acceptor_superclass::Monoterpenoids;acceptor_superclass::Naphthalenes;acceptor_superclass::Ornithine alkaloids;acceptor_superclass::Phenanthrenoids;acceptor_superclass::Phenylpropanoids (C6-C3);acceptor_superclass::Pseudoalkaloids;acceptor_superclass::Saccharides;acceptor_superclass::Small peptides;acceptor_superclass::Tryptophan alkaloids;acceptor_superclass::Tyrosine alkaloids	0,0,0,0,0,0,0,0,0,0,0,0,0,0,1,0,0,0,0,0,0,0,0	1,1,0,0,0,1,1,1,1,1,1,1,1,0,0,1,1,1,1,0,0,1,1	0.103578,0.197445,-0.081448,-0.079707,-0.033580,0.005212,0.053624,0.035559,0.009789,0.065255,0.039989,0.011250,0.202564,-0.000772,-0.001186,0.015730,0.054336,0.068968,0.045381,-0.053620,-0.053676,0.061322,0.069850
Sind_AT2_BEE35703.1	Sind_AT2_BEE35703.1	/content/drive/MyDrive/CS_5782_Final_Project/code_and_data/BAHD_lastLayer_embeddings/Sind_AT2_BEE35703.1_hidden_layer_steps10.pt	acceptor_superclass::Phenylethanoids (C6-C2)	acceptor_superclass::Coumarins;acceptor_superclass::Cyclic polyketides;acceptor_superclass::Flavonoids;acceptor_superclass::Isoflavonoids;acceptor_superclass::Lignans;acceptor_superclass::Lysine alkaloids;acceptor_superclass::Monoterpenoids;acceptor_superclass::Naphthalenes;acceptor_superclass::Ornithine alkaloids;acceptor_superclass::Phenanthrenoids;acceptor_superclass::Phenylpropanoids (C6-C3);acceptor_superclass::Pseudoalkaloids;acceptor_superclass::Saccharides;acceptor_superclass::Small peptides;acceptor_superclass::Tryptophan alkaloids;acceptor_superclass::Tyrosine alkaloids	0,0,0,0,0,0,0,0,0,0,0,0,0,0,1,0,0,0,0,0,0,0,0	1,1,0,0,0,1,1,1,1,1,1,1,1,0,0,1,1,1,1,0,0,1,1	0.103578,0.197445,-0.081448,-0.079707,-0.033580,0.005212,0.053624,0.035559,0.009789,0.065255,0.039989,0.011250,0.202564,-0.000772,-0.001186,0.015730,0.054336,0.068969,0.045381,-0.053620,-0.053676,0.061323,0.069850
Sind_AT1_BEE35702.1	Sind_SHCT_XP_011083883.1	/content/drive/MyDrive/CS_5782_Final_Project/code_and_data/BAHD_lastLayer_embeddings/Sind_AT1_BEE35702.1_hidden_layer_steps10.pt	acceptor_superclass::Phenylethanoids (C6-C2)	acceptor_superclass::Coumarins;acceptor_superclass::Cyclic polyketides;acceptor_superclass::Flavonoids;acceptor_superclass::Isoflavonoids;acceptor_superclass::Lignans;acceptor_superclass::Lysine alkaloids;acceptor_superclass::Monoterpenoids;acceptor_superclass::Naphthalenes;acceptor_superclass::Ornithine alkaloids;acceptor_superclass::Phenanthrenoids;acceptor_superclass::Phenylpropanoids (C6-C3);acceptor_superclass::Pseudoalkaloids;acceptor_superclass::Saccharides;acceptor_superclass::Small peptides;acceptor_superclass::Tryptophan alkaloids;acceptor_superclass::Tyrosine alkaloids	0,0,0,0,0,0,0,0,0,0,0,0,0,0,1,0,0,0,0,0,0,0,0	1,1,0,0,0,1,1,1,1,1,1,1,1,0,0,1,1,1,1,0,0,1,1	0.103578,0.197445,-0.081448,-0.079707,-0.033580,0.005212,0.053624,0.035559,0.009789,0.065255,0.039989,0.011250,0.202564,-0.000772,-0.001186,0.015730,0.054336,0.068968,0.045381,-0.053620,-0.053676,0.061322,0.069850
Slyc_AAT1_XP_004244681.1	Slyc_AAT1_XP_004244681.1	/content/drive/MyDrive/CS_5782_Final_Project/code_and_data/BAHD_lastLayer_embeddings/Slyc_AAT1_XP_004244681.1_hidden_layer_steps10.pt	acceptor_superclass::Fatty acyls;acceptor_superclass::Phenylethanoids (C6-C2)	acceptor_superclass::Coumarins;acceptor_superclass::Diterpenoids;acceptor_superclass::Fatty Acids and Conjugates;acceptor_superclass::Fatty acyls;acceptor_superclass::Isoflavonoids;acceptor_superclass::Lignans;acceptor_superclass::Monoterpenoids;acceptor_superclass::Naphthalenes;acceptor_superclass::Phenanthrenoids;acceptor_superclass::Phenolic acids (C6-C1);acceptor_superclass::Phenylpropanoids (C6-C3);acceptor_superclass::Steroids	0,0,0,0,1,0,0,0,0,0,0,0,0,0,1,0,0,0,0,0,0,0,0	1,0,1,1,1,0,1,1,0,1,1,0,1,1,0,1,0,0,0,1,0,0,0	0.051902,-0.095313,0.016876,0.313480,0.046536,-0.015457,0.374412,0.164497,-0.133358,0.063615,0.120351,-0.192487,0.212849,0.102015,-0.089361,0.065212,-0.166238,-0.127027,-0.006399,0.140031,-0.243017,-0.052520,-0.135495
Slyc_PHT1_UTQ10234.1	Slyc_ACT2_XP_004251197.1	/content/drive/MyDrive/CS_5782_Final_Project/code_and_data/BAHD_lastLayer_embeddings/Slyc_PHT1_UTQ10234.1_hidden_layer_steps10.pt	acceptor_superclass::Ornithine alkaloids;acceptor_superclass::Pseudoalkaloids	acceptor_superclass::Coumarins;acceptor_superclass::Diterpenoids;acceptor_superclass::Fatty Acids and Conjugates;acceptor_superclass::Fatty acyls;acceptor_superclass::Isoflavonoids;acceptor_superclass::Lignans;acceptor_superclass::Monoterpenoids;acceptor_superclass::Naphthalenes;acceptor_superclass::Phenanthrenoids;acceptor_superclass::Phenolic acids (C6-C1);acceptor_superclass::Phenylpropanoids (C6-C3);acceptor_superclass::Steroids	0,0,0,0,0,0,0,0,0,0,0,1,0,0,0,0,1,0,0,0,0,0,0	1,0,1,1,1,0,1,1,0,1,1,0,1,1,0,1,0,0,0,1,0,0,0	0.051901,-0.095314,0.016876,0.313479,0.046536,-0.015457,0.374412,0.164497,-0.133358,0.063615,0.120351,-0.192486,0.212850,0.102015,-0.089361,0.065212,-0.166238,-0.127026,-0.006399,0.140030,-0.243017,-0.052518,-0.135495
Slyc_ASAT1_NP_001316332.1	Slyc_ASAT1_NP_001316332.1	/content/drive/MyDrive/CS_5782_Final_Project/code_and_data/BAHD_lastLayer_embeddings/Slyc_ASAT1_NP_001316332.1_hidden_layer_steps10.pt	acceptor_superclass::Saccharides	acceptor_superclass::Coumarins;acceptor_superclass::Cyclic polyketides;acceptor_superclass::Diterpenoids;acceptor_superclass::Fatty Acids and Conjugates;acceptor_superclass::Flavonoids;acceptor_superclass::Lignans;acceptor_superclass::Ornithine alkaloids;acceptor_superclass::Phenolic acids (C6-C1);acceptor_superclass::Pseudoalkaloids;acceptor_superclass::Saccharides;acceptor_superclass::Triterpenoids	0,0,0,0,0,0,0,0,0,0,0,0,0,0,0,0,0,1,0,0,0,0,0	1,1,1,1,0,1,0,1,0,0,0,1,0,1,0,0,1,1,0,0,1,0,0	0.007297,0.064999,0.007190,0.006382,-0.074517,0.009489,-0.078592,0.100263,-0.117863,-0.075700,-0.089727,0.059689,-0.061441,0.097676,-0.019491,-0.064985,0.088856,0.001948,-0.082609,-0.011369,0.242431,-0.225254,-0.023508
Slyc_ASAT2_ALU64015.1	Slyc_ASAT2_ALU64015.1	/content/drive/MyDrive/CS_5782_Final_Project/code_and_data/BAHD_lastLayer_embeddings/Slyc_ASAT2_ALU64015.1_hidden_layer_steps10.pt		acceptor_superclass::Coumarins;acceptor_superclass::Cyclic polyketides;acceptor_superclass::Flavonoids;acceptor_superclass::Monoterpenoids;acceptor_superclass::Phenylethanoids (C6-C2);acceptor_superclass::Phenylpropanoids (C6-C3);acceptor_superclass::Saccharides;acceptor_superclass::Small peptides;acceptor_superclass::Tryptophan alkaloids;acceptor_superclass::Tyrosine alkaloids	0,0,0,0,0,0,0,0,0,0,0,0,0,0,0,0,0,0,0,0,0,0,0	1,1,0,0,0,1,0,0,0,1,0,0,0,0,1,1,0,1,1,0,0,1,1	0.134297,0.045496,-0.017216,-0.013915,-0.007559,0.047085,-0.030451,-0.005764,-0.045269,0.009238,-0.070009,-0.009879,-0.041999,-0.006755,0.028504,0.007573,-0.005475,0.027912,0.051142,-0.042927,-0.009991,0.092677,0.143618
Slyc_ASAT3_AJF98582.1	Slyc_ASAT3_AJF98582.1	/content/drive/MyDrive/CS_5782_Final_Project/code_and_data/BAHD_lastLayer_embeddings/Slyc_ASAT3_AJF98582.1_hidden_layer_steps10.pt		acceptor_superclass::Coumarins;acceptor_superclass::Diterpenoids;acceptor_superclass::Fatty Acids and Conjugates;acceptor_superclass::Fatty acyls;acceptor_superclass::Isoflavonoids;acceptor_superclass::Lignans;acceptor_superclass::Monoterpenoids;acceptor_superclass::Naphthalenes;acceptor_superclass::Phenanthrenoids;acceptor_superclass::Phenolic acids (C6-C1);acceptor_superclass::Phenylpropanoids (C6-C3);acceptor_superclass::Steroids	0,0,0,0,0,0,0,0,0,0,0,0,0,0,0,0,0,0,0,0,0,0,0	1,0,1,1,1,0,1,1,0,1,1,0,1,1,0,1,0,0,0,1,0,0,0	0.051901,-0.095315,0.016876,0.313478,0.046537,-0.015457,0.374411,0.164497,-0.133358,0.063614,0.120351,-0.192484,0.212851,0.102015,-0.089360,0.065212,-0.166238,-0.127025,-0.006399,0.140029,-0.243017,-0.052517,-0.135495
Slyc_ASAT4_AFM77971.1	Slyc_ASAT4_AFM77971.1	/content/drive/MyDrive/CS_5782_Final_Project/code_and_data/BAHD_lastLayer_embeddings/Slyc_ASAT4_AFM77971.1_hidden_layer_steps10.pt		acceptor_superclass::Coumarins;acceptor_superclass::Cyclic polyketides;acceptor_superclass::Flavonoids;acceptor_superclass::Isoflavonoids;acceptor_superclass::Lignans;acceptor_superclass::Lysine alkaloids;acceptor_superclass::Monoterpenoids;acceptor_superclass::Naphthalenes;acceptor_superclass::Ornithine alkaloids;acceptor_superclass::Phenanthrenoids;acceptor_superclass::Phenylpropanoids (C6-C3);acceptor_superclass::Pseudoalkaloids;acceptor_superclass::Saccharides;acceptor_superclass::Small peptides;acceptor_superclass::Tryptophan alkaloids;acceptor_superclass::Tyrosine alkaloids	0,0,0,0,0,0,0,0,0,0,0,0,0,0,0,0,0,0,0,0,0,0,0	1,1,0,0,0,1,1,1,1,1,1,1,1,0,0,1,1,1,1,0,0,1,1	0.103578,0.197445,-0.081448,-0.079707,-0.033580,0.005212,0.053624,0.035559,0.009789,0.065255,0.039989,0.011250,0.202563,-0.000772,-0.001186,0.015730,0.054336,0.068968,0.045381,-0.053620,-0.053676,0.061322,0.069850
Slyc_GAME36_XP_004246214.1	Slyc_GAME36_XP_004246214.1	/content/drive/MyDrive/CS_5782_Final_Project/code_and_data/BAHD_lastLayer_embeddings/Slyc_GAME36_XP_004246214.1_hidden_layer_steps10.pt	acceptor_superclass::Pseudoalkaloids	acceptor_superclass::Coumarins;acceptor_superclass::Cyclic polyketides;acceptor_superclass::Diterpenoids;acceptor_superclass::Fatty Acids and Conjugates;acceptor_superclass::Flavonoids;acceptor_superclass::Lignans;acceptor_superclass::Ornithine alkaloids;acceptor_superclass::Phenolic acids (C6-C1);acceptor_superclass::Pseudoalkaloids;acceptor_superclass::Saccharides;acceptor_superclass::Triterpenoids	0,0,0,0,0,0,0,0,0,0,0,0,0,0,0,0,1,0,0,0,0,0,0	1,1,1,1,0,1,0,1,0,0,0,1,0,1,0,0,1,1,0,0,1,0,0	0.007297,0.064999,0.007190,0.006382,-0.074517,0.009489,-0.078592,0.100263,-0.117863,-0.075700,-0.089727,0.059689,-0.061441,0.097676,-0.019491,-0.064985,0.088856,0.001948,-0.082609,-0.011369,0.242431,-0.225254,-0.023508
Slyc_HCT_XP_004235891.1	Slyc_HCT_XP_004235891.1	/content/drive/MyDrive/CS_5782_Final_Project/code_and_data/BAHD_lastLayer_embeddings/Slyc_HCT_XP_004235891.1_hidden_layer_steps10.pt	acceptor_superclass::Flavonoids;acceptor_superclass::Monoterpenoids;acceptor_superclass::Phenolic acids (C6-C1);acceptor_superclass::Triterpenoids;acceptor_superclass::Tyrosine alkaloids	acceptor_superclass::Coumarins;acceptor_superclass::Cyclic polyketides;acceptor_superclass::Diterpenoids;acceptor_superclass::Fatty Acids and Conjugates;acceptor_superclass::Flavonoids;acceptor_superclass::Lignans;acceptor_superclass::Ornithine alkaloids;acceptor_superclass::Phenolic acids (C6-C1);acceptor_superclass::Pseudoalkaloids;acceptor_superclass::Saccharides;acceptor_superclass::Triterpenoids	0,0,0,0,0,1,0,0,0,1,0,0,0,1,0,0,0,0,0,0,1,0,1	1,1,1,1,0,1,0,1,0,0,0,1,0,1,0,0,1,1,0,0,1,0,0	0.007297,0.065000,0.007190,0.006382,-0.074517,0.009489,-0.078592,0.100263,-0.117863,-0.075700,-0.089727,0.059689,-0.061442,0.097676,-0.019492,-0.064985,0.088856,0.001947,-0.082610,-0.011369,0.242431,-0.225254,-0.023508
Slyc_HQT_CAE46933.1	Slyc_HQT_CAE46933.1	/content/drive/MyDrive/CS_5782_Final_Project/code_and_data/BAHD_lastLayer_embeddings/Slyc_HQT_CAE46933.1_hidden_layer_steps10.pt	acceptor_superclass::Phenolic acids (C6-C1);acceptor_superclass::Phenylpropanoids (C6-C3)	acceptor_superclass::Coumarins;acceptor_superclass::Diterpenoids;acceptor_superclass::Fatty Acids and Conjugates;acceptor_superclass::Fatty acyls;acceptor_superclass::Isoflavonoids;acceptor_superclass::Lignans;acceptor_superclass::Monoterpenoids;acceptor_superclass::Naphthalenes;acceptor_superclass::Phenanthrenoids;acceptor_superclass::Phenolic acids (C6-C1);acceptor_superclass::Phenylpropanoids (C6-C3);acceptor_superclass::Steroids	0,0,0,0,0,0,0,0,0,0,0,0,0,1,0,1,0,0,0,0,0,0,0	1,0,1,1,1,0,1,1,0,1,1,0,1,1,0,1,0,0,0,1,0,0,0	0.051901,-0.095315,0.016876,0.313479,0.046537,-0.015457,0.374411,0.164497,-0.133358,0.063614,0.120351,-0.192485,0.212851,0.102015,-0.089361,0.065212,-0.166238,-0.127025,-0.006399,0.140030,-0.243017,-0.052517,-0.135495
Slyc_PHT1_UTQ10234.1	Slyc_PHT1_UTQ10234.1	/content/drive/MyDrive/CS_5782_Final_Project/code_and_data/BAHD_lastLayer_embeddings/Slyc_PHT1_UTQ10234.1_hidden_layer_steps10.pt	acceptor_superclass::Ornithine alkaloids;acceptor_superclass::Pseudoalkaloids	acceptor_superclass::Diterpenoids;acceptor_superclass::Fatty acyls;acceptor_superclass::Flavonoids;acceptor_superclass::Isoflavonoids;acceptor_superclass::Lignans;acceptor_superclass::Lysine alkaloids;acceptor_superclass::Phenanthrenoids;acceptor_superclass::Phenylethanoids (C6-C2);acceptor_superclass::Phenylpropanoids (C6-C3);acceptor_superclass::Saccharides;acceptor_superclass::Steroids;acceptor_superclass::Triterpenoids;acceptor_superclass::Tyrosine alkaloids	0,0,0,0,0,0,0,0,0,0,0,1,0,0,0,0,1,0,0,0,0,0,0	0,0,1,0,1,1,1,1,1,0,0,0,1,0,1,1,0,1,0,1,1,0,1	-0.022578,-0.020647,0.030924,-0.005503,0.028431,0.021797,0.023982,0.027042,0.020981,-0.010895,-0.003073,-0.037338,0.029294,-0.008554,0.010687,0.014747,-0.012423,0.017034,-0.004441,0.011177,0.004864,-0.028064,0.014506
Slyc_PHT2_UTQ10235.1	Slyc_PHT2_UTQ10235.1	/content/drive/MyDrive/CS_5782_Final_Project/code_and_data/BAHD_lastLayer_embeddings/Slyc_PHT2_UTQ10235.1_hidden_layer_steps10.pt	acceptor_superclass::Ornithine alkaloids;acceptor_superclass::Pseudoalkaloids	acceptor_superclass::Coumarins;acceptor_superclass::Cyclic polyketides;acceptor_superclass::Flavonoids;acceptor_superclass::Monoterpenoids;acceptor_superclass::Phenylethanoids (C6-C2);acceptor_superclass::Phenylpropanoids (C6-C3);acceptor_superclass::Saccharides;acceptor_superclass::Small peptides;acceptor_superclass::Tryptophan alkaloids;acceptor_superclass::Tyrosine alkaloids	0,0,0,0,0,0,0,0,0,0,0,1,0,0,0,0,1,0,0,0,0,0,0	1,1,0,0,0,1,0,0,0,1,0,0,0,0,1,1,0,1,1,0,0,1,1	0.134297,0.045496,-0.017216,-0.013915,-0.007559,0.047085,-0.030451,-0.005764,-0.045269,0.009239,-0.070009,-0.009879,-0.041999,-0.006755,0.028504,0.007573,-0.005475,0.027912,0.051142,-0.042927,-0.009991,0.092677,0.143618
Slyc_SHT_QNO39109.1	Slyc_SHT_QNO39109.1	/content/drive/MyDrive/CS_5782_Final_Project/code_and_data/BAHD_lastLayer_embeddings/Slyc_SHT_QNO39109.1_hidden_layer_steps10.pt	acceptor_superclass::Ornithine alkaloids	acceptor_superclass::Coumarins;acceptor_superclass::Cyclic polyketides;acceptor_superclass::Flavonoids;acceptor_superclass::Monoterpenoids;acceptor_superclass::Phenylethanoids (C6-C2);acceptor_superclass::Phenylpropanoids (C6-C3);acceptor_superclass::Saccharides;acceptor_superclass::Small peptides;acceptor_superclass::Tryptophan alkaloids;acceptor_superclass::Tyrosine alkaloids	0,0,0,0,0,0,0,0,0,0,0,1,0,0,0,0,0,0,0,0,0,0,0	1,1,0,0,0,1,0,0,0,1,0,0,0,0,1,1,0,1,1,0,0,1,1	0.134297,0.045496,-0.017216,-0.013915,-0.007559,0.047085,-0.030451,-0.005764,-0.045269,0.009238,-0.070009,-0.009879,-0.041999,-0.006754,0.028504,0.007573,-0.005475,0.027912,0.051142,-0.042927,-0.009991,0.092678,0.143618
Smel_SHT_AKP24035.1	Smel_SHT_AKP24035.1	/content/drive/MyDrive/CS_5782_Final_Project/code_and_data/BAHD_lastLayer_embeddings/Smel_SHT_AKP24035.1_hidden_layer_steps10.pt	acceptor_superclass::Ornithine alkaloids	acceptor_superclass::Diterpenoids;acceptor_superclass::Fatty acyls;acceptor_superclass::Flavonoids;acceptor_superclass::Isoflavonoids;acceptor_superclass::Lignans;acceptor_superclass::Lysine alkaloids;acceptor_superclass::Phenanthrenoids;acceptor_superclass::Phenylethanoids (C6-C2);acceptor_superclass::Phenylpropanoids (C6-C3);acceptor_superclass::Saccharides;acceptor_superclass::Steroids;acceptor_superclass::Triterpenoids;acceptor_superclass::Tyrosine alkaloids	0,0,0,0,0,0,0,0,0,0,0,1,0,0,0,0,0,0,0,0,0,0,0	0,0,1,0,1,1,1,1,1,0,0,0,1,0,1,1,0,1,0,1,1,0,1	-0.022578,-0.020647,0.030924,-0.005503,0.028431,0.021797,0.023982,0.027042,0.020981,-0.010895,-0.003073,-0.037338,0.029294,-0.008554,0.010687,0.014747,-0.012423,0.017034,-0.004441,0.011177,0.004864,-0.028064,0.014506
Smoe_HCT1a_XP_002979061.1	Smoe_HCT1a_XP_002979061.1	/content/drive/MyDrive/CS_5782_Final_Project/code_and_data/BAHD_lastLayer_embeddings/Smoe_HCT1a_XP_002979061.1_hidden_layer_steps10.pt	acceptor_superclass::Flavonoids;acceptor_superclass::Phenolic acids (C6-C1);acceptor_superclass::Small peptides	acceptor_superclass::Coumarins;acceptor_superclass::Diterpenoids;acceptor_superclass::Fatty Acids and Conjugates;acceptor_superclass::Fatty acyls;acceptor_superclass::Isoflavonoids;acceptor_superclass::Lignans;acceptor_superclass::Monoterpenoids;acceptor_superclass::Naphthalenes;acceptor_superclass::Phenanthrenoids;acceptor_superclass::Phenolic acids (C6-C1);acceptor_superclass::Phenylpropanoids (C6-C3);acceptor_superclass::Steroids	0,0,0,0,0,1,0,0,0,0,0,0,0,1,0,0,0,0,1,0,0,0,0	1,0,1,1,1,0,1,1,0,1,1,0,1,1,0,1,0,0,0,1,0,0,0	0.051901,-0.095314,0.016876,0.313479,0.046536,-0.015457,0.374412,0.164497,-0.133358,0.063615,0.120351,-0.192486,0.212850,0.102015,-0.089361,0.065212,-0.166238,-0.127026,-0.006399,0.140031,-0.243017,-0.052519,-0.135495
Sneo_AAT10247_BCJ78484.1	Sneo_AAT10247_BCJ78484.1	/content/drive/MyDrive/CS_5782_Final_Project/code_and_data/BAHD_lastLayer_embeddings/Sneo_AAT10247_BCJ78484.1_hidden_layer_steps10.pt	acceptor_superclass::Fatty acyls	acceptor_superclass::Coumarins;acceptor_superclass::Cyclic polyketides;acceptor_superclass::Flavonoids;acceptor_superclass::Isoflavonoids;acceptor_superclass::Lignans;acceptor_superclass::Lysine alkaloids;acceptor_superclass::Monoterpenoids;acceptor_superclass::Naphthalenes;acceptor_superclass::Ornithine alkaloids;acceptor_superclass::Phenanthrenoids;acceptor_superclass::Phenylpropanoids (C6-C3);acceptor_superclass::Pseudoalkaloids;acceptor_superclass::Saccharides;acceptor_superclass::Small peptides;acceptor_superclass::Tryptophan alkaloids;acceptor_superclass::Tyrosine alkaloids	0,0,0,0,1,0,0,0,0,0,0,0,0,0,0,0,0,0,0,0,0,0,0	1,1,0,0,0,1,1,1,1,1,1,1,1,0,0,1,1,1,1,0,0,1,1	0.103578,0.197445,-0.081448,-0.079707,-0.033580,0.005212,0.053624,0.035559,0.009789,0.065255,0.039990,0.011250,0.202563,-0.000772,-0.001187,0.015730,0.054336,0.068968,0.045381,-0.053620,-0.053676,0.061322,0.069850
Snig_AGAT1_WES72146.1	Snig_AGAT1_WES72146.1	/content/drive/MyDrive/CS_5782_Final_Project/code_and_data/BAHD_lastLayer_embeddings/Snig_AGAT1_WES72146.1_hidden_layer_steps10.pt		acceptor_superclass::Coumarins;acceptor_superclass::Cyclic polyketides;acceptor_superclass::Flavonoids;acceptor_superclass::Monoterpenoids;acceptor_superclass::Phenylethanoids (C6-C2);acceptor_superclass::Phenylpropanoids (C6-C3);acceptor_superclass::Saccharides;acceptor_superclass::Small peptides;acceptor_superclass::Tryptophan alkaloids;acceptor_superclass::Tyrosine alkaloids	0,0,0,0,0,0,0,0,0,0,0,0,0,0,0,0,0,0,0,0,0,0,0	1,1,0,0,0,1,0,0,0,1,0,0,0,0,1,1,0,1,1,0,0,1,1	0.134297,0.045496,-0.017216,-0.013915,-0.007559,0.047085,-0.030451,-0.005764,-0.045269,0.009238,-0.070009,-0.009879,-0.041999,-0.006755,0.028504,0.007573,-0.005475,0.027912,0.051142,-0.042927,-0.009991,0.092677,0.143618
Snig_ASAT1_ART34015.1	Snig_ASAT1_ART34015.1	/content/drive/MyDrive/CS_5782_Final_Project/code_and_data/BAHD_lastLayer_embeddings/Snig_ASAT1_ART34015.1_hidden_layer_steps10.pt	acceptor_superclass::Saccharides	acceptor_superclass::Coumarins;acceptor_superclass::Cyclic polyketides;acceptor_superclass::Flavonoids;acceptor_superclass::Monoterpenoids;acceptor_superclass::Phenylethanoids (C6-C2);acceptor_superclass::Phenylpropanoids (C6-C3);acceptor_superclass::Saccharides;acceptor_superclass::Small peptides;acceptor_superclass::Tryptophan alkaloids;acceptor_superclass::Tyrosine alkaloids	0,0,0,0,0,0,0,0,0,0,0,0,0,0,0,0,0,1,0,0,0,0,0	1,1,0,0,0,1,0,0,0,1,0,0,0,0,1,1,0,1,1,0,0,1,1	0.134297,0.045496,-0.017217,-0.013915,-0.007560,0.047084,-0.030451,-0.005764,-0.045269,0.009239,-0.070008,-0.009879,-0.041999,-0.006755,0.028504,0.007572,-0.005475,0.027912,0.051142,-0.042927,-0.009991,0.092677,0.143618
Snig_ASAT2_WES72145.1	Snig_ASAT2_WES72145.1	/content/drive/MyDrive/CS_5782_Final_Project/code_and_data/BAHD_lastLayer_embeddings/Snig_ASAT2_WES72145.1_hidden_layer_steps10.pt		acceptor_superclass::Coumarins;acceptor_superclass::Cyclic polyketides;acceptor_superclass::Flavonoids;acceptor_superclass::Monoterpenoids;acceptor_superclass::Phenylethanoids (C6-C2);acceptor_superclass::Phenylpropanoids (C6-C3);acceptor_superclass::Saccharides;acceptor_superclass::Small peptides;acceptor_superclass::Tryptophan alkaloids;acceptor_superclass::Tyrosine alkaloids	0,0,0,0,0,0,0,0,0,0,0,0,0,0,0,0,0,0,0,0,0,0,0	1,1,0,0,0,1,0,0,0,1,0,0,0,0,1,1,0,1,1,0,0,1,1	0.134297,0.045496,-0.017216,-0.013915,-0.007559,0.047085,-0.030451,-0.005764,-0.045269,0.009238,-0.070009,-0.009879,-0.041999,-0.006754,0.028504,0.007573,-0.005475,0.027912,0.051142,-0.042927,-0.009991,0.092678,0.143618
Snux_AT_UQZ09626.1	Snux_AT_UQZ09626.1	/content/drive/MyDrive/CS_5782_Final_Project/code_and_data/BAHD_lastLayer_embeddings/Snux_AT_UQZ09626.1_hidden_layer_steps10.pt	acceptor_superclass::Tryptophan alkaloids	acceptor_superclass::Diterpenoids;acceptor_superclass::Fatty acyls;acceptor_superclass::Flavonoids;acceptor_superclass::Isoflavonoids;acceptor_superclass::Lignans;acceptor_superclass::Lysine alkaloids;acceptor_superclass::Phenanthrenoids;acceptor_superclass::Phenylethanoids (C6-C2);acceptor_superclass::Phenylpropanoids (C6-C3);acceptor_superclass::Saccharides;acceptor_superclass::Steroids;acceptor_superclass::Triterpenoids;acceptor_superclass::Tyrosine alkaloids	0,0,0,0,0,0,0,0,0,0,0,0,0,0,0,0,0,0,0,0,0,1,0	0,0,1,0,1,1,1,1,1,0,0,0,1,0,1,1,0,1,0,1,1,0,1	-0.022578,-0.020647,0.030924,-0.005503,0.028431,0.021797,0.023982,0.027042,0.020981,-0.010895,-0.003073,-0.037338,0.029294,-0.008554,0.010687,0.014747,-0.012423,0.017034,-0.004441,0.011177,0.004864,-0.028064,0.014506
Soff_AAT1_BDW80084.1	Soff_AAT1_BDW80084.1	/content/drive/MyDrive/CS_5782_Final_Project/code_and_data/BAHD_lastLayer_embeddings/Soff_AAT1_BDW80084.1_hidden_layer_steps10.pt	acceptor_superclass::Naphthalenes	acceptor_superclass::Coumarins;acceptor_superclass::Diterpenoids;acceptor_superclass::Fatty Acids and Conjugates;acceptor_superclass::Fatty acyls;acceptor_superclass::Isoflavonoids;acceptor_superclass::Lignans;acceptor_superclass::Monoterpenoids;acceptor_superclass::Naphthalenes;acceptor_superclass::Phenanthrenoids;acceptor_superclass::Phenolic acids (C6-C1);acceptor_superclass::Phenylpropanoids (C6-C3);acceptor_superclass::Steroids	0,0,0,0,0,0,0,0,0,0,1,0,0,0,0,0,0,0,0,0,0,0,0	1,0,1,1,1,0,1,1,0,1,1,0,1,1,0,1,0,0,0,1,0,0,0	0.051902,-0.095313,0.016876,0.313480,0.046536,-0.015457,0.374413,0.164497,-0.133358,0.063615,0.120351,-0.192487,0.212849,0.102015,-0.089362,0.065212,-0.166237,-0.127027,-0.006399,0.140032,-0.243017,-0.052520,-0.135495
Sole_SOAP10_KNA12459.1	Sole_SOAP10_KNA12459.1	/content/drive/MyDrive/CS_5782_Final_Project/code_and_data/BAHD_lastLayer_embeddings/Sole_SOAP10_KNA12459.1_hidden_layer_steps10.pt	acceptor_superclass::Triterpenoids	acceptor_superclass::Diterpenoids;acceptor_superclass::Fatty acyls;acceptor_superclass::Flavonoids;acceptor_superclass::Isoflavonoids;acceptor_superclass::Lignans;acceptor_superclass::Lysine alkaloids;acceptor_superclass::Phenanthrenoids;acceptor_superclass::Phenylethanoids (C6-C2);acceptor_superclass::Phenylpropanoids (C6-C3);acceptor_superclass::Saccharides;acceptor_superclass::Steroids;acceptor_superclass::Triterpenoids;acceptor_superclass::Tyrosine alkaloids	0,0,0,0,0,0,0,0,0,0,0,0,0,0,0,0,0,0,0,0,1,0,0	0,0,1,0,1,1,1,1,1,0,0,0,1,0,1,1,0,1,0,1,1,0,1	-0.022578,-0.020647,0.030924,-0.005503,0.028431,0.021797,0.023982,0.027042,0.020981,-0.010895,-0.003073,-0.037338,0.029294,-0.008554,0.010687,0.014747,-0.012423,0.017034,-0.004441,0.011177,0.004864,-0.028064,0.014506
Some_HCT_EFJ20018.1	Some_HCT_EFJ20018.1	/content/drive/MyDrive/CS_5782_Final_Project/code_and_data/BAHD_lastLayer_embeddings/Some_HCT_EFJ20018.1_hidden_layer_steps10.pt	acceptor_superclass::Phenolic acids (C6-C1)	acceptor_superclass::Coumarins;acceptor_superclass::Cyclic polyketides;acceptor_superclass::Diterpenoids;acceptor_superclass::Fatty Acids and Conjugates;acceptor_superclass::Flavonoids;acceptor_superclass::Lignans;acceptor_superclass::Ornithine alkaloids;acceptor_superclass::Phenolic acids (C6-C1);acceptor_superclass::Pseudoalkaloids;acceptor_superclass::Saccharides;acceptor_superclass::Triterpenoids	0,0,0,0,0,0,0,0,0,0,0,0,0,1,0,0,0,0,0,0,0,0,0	1,1,1,1,0,1,0,1,0,0,0,1,0,1,0,0,1,1,0,0,1,0,0	0.007297,0.065000,0.007190,0.006382,-0.074517,0.009489,-0.078592,0.100263,-0.117863,-0.075700,-0.089727,0.059689,-0.061442,0.097676,-0.019491,-0.064985,0.088856,0.001948,-0.082609,-0.011369,0.242431,-0.225254,-0.023508
Spen_AAT12560_BCJ78487.1	Spen_AAT12560_BCJ78487.1	/content/drive/MyDrive/CS_5782_Final_Project/code_and_data/BAHD_lastLayer_embeddings/Spen_AAT12560_BCJ78487.1_hidden_layer_steps10.pt	acceptor_superclass::Fatty acyls	acceptor_superclass::Coumarins;acceptor_superclass::Cyclic polyketides;acceptor_superclass::Flavonoids;acceptor_superclass::Isoflavonoids;acceptor_superclass::Lignans;acceptor_superclass::Lysine alkaloids;acceptor_superclass::Monoterpenoids;acceptor_superclass::Naphthalenes;acceptor_superclass::Ornithine alkaloids;acceptor_superclass::Phenanthrenoids;acceptor_superclass::Phenylpropanoids (C6-C3);acceptor_superclass::Pseudoalkaloids;acceptor_superclass::Saccharides;acceptor_superclass::Small peptides;acceptor_superclass::Tryptophan alkaloids;acceptor_superclass::Tyrosine alkaloids	0,0,0,0,1,0,0,0,0,0,0,0,0,0,0,0,0,0,0,0,0,0,0	1,1,0,0,0,1,1,1,1,1,1,1,1,0,0,1,1,1,1,0,0,1,1	0.103578,0.197445,-0.081448,-0.079707,-0.033580,0.005212,0.053624,0.035559,0.009789,0.065255,0.039990,0.011250,0.202563,-0.000772,-0.001187,0.015730,0.054336,0.068968,0.045381,-0.053620,-0.053676,0.061322,0.069850
Spen_AAT1_AIW04708.1	Spen_AAT1_AIW04708.1	/content/drive/MyDrive/CS_5782_Final_Project/code_and_data/BAHD_lastLayer_embeddings/Spen_AAT1_AIW04708.1_hidden_layer_steps10.pt	acceptor_superclass::Fatty acyls;acceptor_superclass::Phenylethanoids (C6-C2)	acceptor_superclass::Coumarins;acceptor_superclass::Diterpenoids;acceptor_superclass::Fatty Acids and Conjugates;acceptor_superclass::Fatty acyls;acceptor_superclass::Isoflavonoids;acceptor_superclass::Lignans;acceptor_superclass::Monoterpenoids;acceptor_superclass::Naphthalenes;acceptor_superclass::Phenanthrenoids;acceptor_superclass::Phenolic acids (C6-C1);acceptor_superclass::Phenylpropanoids (C6-C3);acceptor_superclass::Steroids	0,0,0,0,1,0,0,0,0,0,0,0,0,0,1,0,0,0,0,0,0,0,0	1,0,1,1,1,0,1,1,0,1,1,0,1,1,0,1,0,0,0,1,0,0,0	0.051901,-0.095315,0.016876,0.313479,0.046537,-0.015457,0.374412,0.164497,-0.133358,0.063614,0.120351,-0.192485,0.212850,0.102015,-0.089361,0.065212,-0.166238,-0.127025,-0.006399,0.140030,-0.243017,-0.052518,-0.135495
Spen_ASAT2_ALU64005.1	Spen_ASAT2_ALU64005.1	/content/drive/MyDrive/CS_5782_Final_Project/code_and_data/BAHD_lastLayer_embeddings/Spen_ASAT2_ALU64005.1_hidden_layer_steps10.pt		acceptor_superclass::Diterpenoids;acceptor_superclass::Fatty acyls;acceptor_superclass::Flavonoids;acceptor_superclass::Isoflavonoids;acceptor_superclass::Lignans;acceptor_superclass::Lysine alkaloids;acceptor_superclass::Phenanthrenoids;acceptor_superclass::Phenylethanoids (C6-C2);acceptor_superclass::Phenylpropanoids (C6-C3);acceptor_superclass::Saccharides;acceptor_superclass::Steroids;acceptor_superclass::Triterpenoids;acceptor_superclass::Tyrosine alkaloids	0,0,0,0,0,0,0,0,0,0,0,0,0,0,0,0,0,0,0,0,0,0,0	0,0,1,0,1,1,1,1,1,0,0,0,1,0,1,1,0,1,0,1,1,0,1	-0.022578,-0.020647,0.030924,-0.005503,0.028431,0.021797,0.023982,0.027042,0.020981,-0.010895,-0.003073,-0.037338,0.029294,-0.008554,0.010687,0.014747,-0.012423,0.017034,-0.004441,0.011177,0.004864,-0.028064,0.014506
Spen_ASAT3_AJF98583.1	Spen_ASAT3_AJF98583.1	/content/drive/MyDrive/CS_5782_Final_Project/code_and_data/BAHD_lastLayer_embeddings/Spen_ASAT3_AJF98583.1_hidden_layer_steps10.pt		acceptor_superclass::Coumarins;acceptor_superclass::Cyclic polyketides;acceptor_superclass::Flavonoids;acceptor_superclass::Isoflavonoids;acceptor_superclass::Lignans;acceptor_superclass::Lysine alkaloids;acceptor_superclass::Monoterpenoids;acceptor_superclass::Naphthalenes;acceptor_superclass::Ornithine alkaloids;acceptor_superclass::Phenanthrenoids;acceptor_superclass::Phenylpropanoids (C6-C3);acceptor_superclass::Pseudoalkaloids;acceptor_superclass::Saccharides;acceptor_superclass::Small peptides;acceptor_superclass::Tryptophan alkaloids;acceptor_superclass::Tyrosine alkaloids	0,0,0,0,0,0,0,0,0,0,0,0,0,0,0,0,0,0,0,0,0,0,0	1,1,0,0,0,1,1,1,1,1,1,1,1,0,0,1,1,1,1,0,0,1,1	0.103578,0.197445,-0.081448,-0.079707,-0.033580,0.005212,0.053624,0.035559,0.009789,0.065255,0.039990,0.011250,0.202563,-0.000772,-0.001187,0.015730,0.054336,0.068968,0.045381,-0.053620,-0.053676,0.061322,0.069850
Spim_AAT11589_BCJ78481.1	Spim_AAT11589_BCJ78481.1	/content/drive/MyDrive/CS_5782_Final_Project/code_and_data/BAHD_lastLayer_embeddings/Spim_AAT11589_BCJ78481.1_hidden_layer_steps10.pt	acceptor_superclass::Fatty acyls	acceptor_superclass::Coumarins;acceptor_superclass::Cyclic polyketides;acceptor_superclass::Flavonoids;acceptor_superclass::Monoterpenoids;acceptor_superclass::Phenylethanoids (C6-C2);acceptor_superclass::Phenylpropanoids (C6-C3);acceptor_superclass::Saccharides;acceptor_superclass::Small peptides;acceptor_superclass::Tryptophan alkaloids;acceptor_superclass::Tyrosine alkaloids	0,0,0,0,1,0,0,0,0,0,0,0,0,0,0,0,0,0,0,0,0,0,0	1,1,0,0,0,1,0,0,0,1,0,0,0,0,1,1,0,1,1,0,0,1,1	0.134297,0.045496,-0.017216,-0.013915,-0.007559,0.047085,-0.030451,-0.005764,-0.045269,0.009238,-0.070009,-0.009879,-0.041999,-0.006754,0.028504,0.007573,-0.005475,0.027912,0.051142,-0.042927,-0.009991,0.092678,0.143618
Spot_AT_UQZ09635.1	Spot_AT_UQZ09635.1	/content/drive/MyDrive/CS_5782_Final_Project/code_and_data/BAHD_lastLayer_embeddings/Spot_AT_UQZ09635.1_hidden_layer_steps10.pt	acceptor_superclass::Tryptophan alkaloids	acceptor_superclass::Coumarins;acceptor_superclass::Diterpenoids;acceptor_superclass::Fatty Acids and Conjugates;acceptor_superclass::Fatty acyls;acceptor_superclass::Isoflavonoids;acceptor_superclass::Lignans;acceptor_superclass::Monoterpenoids;acceptor_superclass::Naphthalenes;acceptor_superclass::Phenanthrenoids;acceptor_superclass::Phenolic acids (C6-C1);acceptor_superclass::Phenylpropanoids (C6-C3);acceptor_superclass::Steroids	0,0,0,0,0,0,0,0,0,0,0,0,0,0,0,0,0,0,0,0,0,1,0	1,0,1,1,1,0,1,1,0,1,1,0,1,1,0,1,0,0,0,1,0,0,0	0.051902,-0.095313,0.016876,0.313480,0.046536,-0.015457,0.374413,0.164497,-0.133358,0.063615,0.120351,-0.192487,0.212849,0.102015,-0.089362,0.065212,-0.166237,-0.127027,-0.006399,0.140032,-0.243017,-0.052520,-0.135495
Squi_ASAT1H_UTN00742.1	Squi_ASAT1H_UTN00742.1	/content/drive/MyDrive/CS_5782_Final_Project/code_and_data/BAHD_lastLayer_embeddings/Squi_ASAT1H_UTN00742.1_hidden_layer_steps10.pt		acceptor_superclass::Coumarins;acceptor_superclass::Diterpenoids;acceptor_superclass::Fatty Acids and Conjugates;acceptor_superclass::Fatty acyls;acceptor_superclass::Isoflavonoids;acceptor_superclass::Lignans;acceptor_superclass::Monoterpenoids;acceptor_superclass::Naphthalenes;acceptor_superclass::Phenanthrenoids;acceptor_superclass::Phenolic acids (C6-C1);acceptor_superclass::Phenylpropanoids (C6-C3);acceptor_superclass::Steroids	0,0,0,0,0,0,0,0,0,0,0,0,0,0,0,0,0,0,0,0,0,0,0	1,0,1,1,1,0,1,1,0,1,1,0,1,1,0,1,0,0,0,1,0,0,0	0.051901,-0.095316,0.016875,0.313478,0.046537,-0.015457,0.374411,0.164496,-0.133358,0.063614,0.120351,-0.192483,0.212852,0.102015,-0.089360,0.065213,-0.166238,-0.127024,-0.006399,0.140029,-0.243017,-0.052516,-0.135496
Squi_ASAT3H_UTN00743.1	Squi_ASAT3H_UTN00743.1	/content/drive/MyDrive/CS_5782_Final_Project/code_and_data/BAHD_lastLayer_embeddings/Squi_ASAT3H_UTN00743.1_hidden_layer_steps10.pt		acceptor_superclass::Coumarins;acceptor_superclass::Cyclic polyketides;acceptor_superclass::Diterpenoids;acceptor_superclass::Fatty Acids and Conjugates;acceptor_superclass::Flavonoids;acceptor_superclass::Lignans;acceptor_superclass::Ornithine alkaloids;acceptor_superclass::Phenolic acids (C6-C1);acceptor_superclass::Pseudoalkaloids;acceptor_superclass::Saccharides;acceptor_superclass::Triterpenoids	0,0,0,0,0,0,0,0,0,0,0,0,0,0,0,0,0,0,0,0,0,0,0	1,1,1,1,0,1,0,1,0,0,0,1,0,1,0,0,1,1,0,0,1,0,0	0.007297,0.064999,0.007190,0.006382,-0.074517,0.009489,-0.078592,0.100263,-0.117863,-0.075700,-0.089727,0.059689,-0.061441,0.097676,-0.019491,-0.064985,0.088856,0.001948,-0.082609,-0.011369,0.242431,-0.225254,-0.023508
Squi_ASAT4H_QNR60312.1	Squi_ASAT4H_QNR60312.1	/content/drive/MyDrive/CS_5782_Final_Project/code_and_data/BAHD_lastLayer_embeddings/Squi_ASAT4H_QNR60312.1_hidden_layer_steps10.pt		acceptor_superclass::Coumarins;acceptor_superclass::Cyclic polyketides;acceptor_superclass::Flavonoids;acceptor_superclass::Isoflavonoids;acceptor_superclass::Lignans;acceptor_superclass::Lysine alkaloids;acceptor_superclass::Monoterpenoids;acceptor_superclass::Naphthalenes;acceptor_superclass::Ornithine alkaloids;acceptor_superclass::Phenanthrenoids;acceptor_superclass::Phenylpropanoids (C6-C3);acceptor_superclass::Pseudoalkaloids;acceptor_superclass::Saccharides;acceptor_superclass::Small peptides;acceptor_superclass::Tryptophan alkaloids;acceptor_superclass::Tyrosine alkaloids	0,0,0,0,0,0,0,0,0,0,0,0,0,0,0,0,0,0,0,0,0,0,0	1,1,0,0,0,1,1,1,1,1,1,1,1,0,0,1,1,1,1,0,0,1,1	0.103578,0.197445,-0.081448,-0.079707,-0.033580,0.005212,0.053624,0.035559,0.009789,0.065255,0.039990,0.011250,0.202563,-0.000772,-0.001186,0.015730,0.054336,0.068968,0.045381,-0.053620,-0.053676,0.061322,0.069850
Squi_TAIAT_QNR60311.1	Squi_TAIAT_QNR60311.1	/content/drive/MyDrive/CS_5782_Final_Project/code_and_data/BAHD_lastLayer_embeddings/Squi_TAIAT_QNR60311.1_hidden_layer_steps10.pt		acceptor_superclass::Diterpenoids;acceptor_superclass::Fatty acyls;acceptor_superclass::Flavonoids;acceptor_superclass::Isoflavonoids;acceptor_superclass::Lignans;acceptor_superclass::Lysine alkaloids;acceptor_superclass::Phenanthrenoids;acceptor_superclass::Phenylethanoids (C6-C2);acceptor_superclass::Phenylpropanoids (C6-C3);acceptor_superclass::Saccharides;acceptor_superclass::Steroids;acceptor_superclass::Triterpenoids;acceptor_superclass::Tyrosine alkaloids	0,0,0,0,0,0,0,0,0,0,0,0,0,0,0,0,0,0,0,0,0,0,0	0,0,1,0,1,1,1,1,1,0,0,0,1,0,1,1,0,1,0,1,1,0,1	-0.022578,-0.020647,0.030924,-0.005503,0.028431,0.021797,0.023982,0.027042,0.020981,-0.010895,-0.003073,-0.037338,0.029294,-0.008554,0.010687,0.014747,-0.012423,0.017034,-0.004441,0.011177,0.004864,-0.028064,0.014506
Sric_SHT_AMB21755.1	Sric_SHT_AMB21755.1	/content/drive/MyDrive/CS_5782_Final_Project/code_and_data/BAHD_lastLayer_embeddings/Sric_SHT_AMB21755.1_hidden_layer_steps10.pt	acceptor_superclass::Ornithine alkaloids	acceptor_superclass::Coumarins;acceptor_superclass::Cyclic polyketides;acceptor_superclass::Diterpenoids;acceptor_superclass::Fatty Acids and Conjugates;acceptor_superclass::Flavonoids;acceptor_superclass::Lignans;acceptor_superclass::Ornithine alkaloids;acceptor_superclass::Phenolic acids (C6-C1);acceptor_superclass::Pseudoalkaloids;acceptor_superclass::Saccharides;acceptor_superclass::Triterpenoids	0,0,0,0,0,0,0,0,0,0,0,1,0,0,0,0,0,0,0,0,0,0,0	1,1,1,1,0,1,0,1,0,0,0,1,0,1,0,0,1,1,0,0,1,0,0	0.007297,0.064999,0.007190,0.006382,-0.074517,0.009489,-0.078592,0.100263,-0.117863,-0.075700,-0.089727,0.059689,-0.061441,0.097676,-0.019491,-0.064985,0.088856,0.001948,-0.082609,-0.011369,0.242431,-0.225254,-0.023508
Ssin_ASAT1_ART34011.1	Ssin_ASAT1_ART34011.1	/content/drive/MyDrive/CS_5782_Final_Project/code_and_data/BAHD_lastLayer_embeddings/Ssin_ASAT1_ART34011.1_hidden_layer_steps10.pt	acceptor_superclass::Saccharides	acceptor_superclass::Coumarins;acceptor_superclass::Cyclic polyketides;acceptor_superclass::Flavonoids;acceptor_superclass::Isoflavonoids;acceptor_superclass::Lignans;acceptor_superclass::Lysine alkaloids;acceptor_superclass::Monoterpenoids;acceptor_superclass::Naphthalenes;acceptor_superclass::Ornithine alkaloids;acceptor_superclass::Phenanthrenoids;acceptor_superclass::Phenylpropanoids (C6-C3);acceptor_superclass::Pseudoalkaloids;acceptor_superclass::Saccharides;acceptor_superclass::Small peptides;acceptor_superclass::Tryptophan alkaloids;acceptor_superclass::Tyrosine alkaloids	0,0,0,0,0,0,0,0,0,0,0,0,0,0,0,0,0,1,0,0,0,0,0	1,1,0,0,0,1,1,1,1,1,1,1,1,0,0,1,1,1,1,0,0,1,1	0.103578,0.197445,-0.081448,-0.079707,-0.033580,0.005212,0.053624,0.035559,0.009789,0.065255,0.039990,0.011250,0.202563,-0.000772,-0.001187,0.015730,0.054336,0.068968,0.045381,-0.053620,-0.053676,0.061322,0.069850
Ssin_ASAT2_ART34012.1	Ssin_ASAT2_ART34012.1	/content/drive/MyDrive/CS_5782_Final_Project/code_and_data/BAHD_lastLayer_embeddings/Ssin_ASAT2_ART34012.1_hidden_layer_steps10.pt		acceptor_superclass::Coumarins;acceptor_superclass::Cyclic polyketides;acceptor_superclass::Flavonoids;acceptor_superclass::Isoflavonoids;acceptor_superclass::Lignans;acceptor_superclass::Lysine alkaloids;acceptor_superclass::Monoterpenoids;acceptor_superclass::Naphthalenes;acceptor_superclass::Ornithine alkaloids;acceptor_superclass::Phenanthrenoids;acceptor_superclass::Phenylpropanoids (C6-C3);acceptor_superclass::Pseudoalkaloids;acceptor_superclass::Saccharides;acceptor_superclass::Small peptides;acceptor_superclass::Tryptophan alkaloids;acceptor_superclass::Tyrosine alkaloids	0,0,0,0,0,0,0,0,0,0,0,0,0,0,0,0,0,0,0,0,0,0,0	1,1,0,0,0,1,1,1,1,1,1,1,1,0,0,1,1,1,1,0,0,1,1	0.103578,0.197445,-0.081448,-0.079707,-0.033580,0.005212,0.053624,0.035559,0.009789,0.065255,0.039990,0.011250,0.202563,-0.000772,-0.001187,0.015730,0.054336,0.068968,0.045381,-0.053620,-0.053676,0.061322,0.069850
Ssin_ASAT3_ART34013.1	Ssin_ASAT3_ART34013.1	/content/drive/MyDrive/CS_5782_Final_Project/code_and_data/BAHD_lastLayer_embeddings/Ssin_ASAT3_ART34013.1_hidden_layer_steps10.pt		acceptor_superclass::Diterpenoids;acceptor_superclass::Fatty acyls;acceptor_superclass::Flavonoids;acceptor_superclass::Isoflavonoids;acceptor_superclass::Lignans;acceptor_superclass::Lysine alkaloids;acceptor_superclass::Phenanthrenoids;acceptor_superclass::Phenylethanoids (C6-C2);acceptor_superclass::Phenylpropanoids (C6-C3);acceptor_superclass::Saccharides;acceptor_superclass::Steroids;acceptor_superclass::Triterpenoids;acceptor_superclass::Tyrosine alkaloids	0,0,0,0,0,0,0,0,0,0,0,0,0,0,0,0,0,0,0,0,0,0,0	0,0,1,0,1,1,1,1,1,0,0,0,1,0,1,1,0,1,0,1,1,0,1	-0.022578,-0.020647,0.030924,-0.005503,0.028431,0.021797,0.023982,0.027042,0.020981,-0.010895,-0.003073,-0.037338,0.029294,-0.008554,0.010687,0.014747,-0.012423,0.017034,-0.004441,0.011177,0.004864,-0.028064,0.014506
Ssin_ASAT5_ART34014.1	Ssin_ASAT5_ART34014.1	/content/drive/MyDrive/CS_5782_Final_Project/code_and_data/BAHD_lastLayer_embeddings/Ssin_ASAT5_ART34014.1_hidden_layer_steps10.pt		acceptor_superclass::Coumarins;acceptor_superclass::Cyclic polyketides;acceptor_superclass::Flavonoids;acceptor_superclass::Isoflavonoids;acceptor_superclass::Lignans;acceptor_superclass::Lysine alkaloids;acceptor_superclass::Monoterpenoids;acceptor_superclass::Naphthalenes;acceptor_superclass::Ornithine alkaloids;acceptor_superclass::Phenanthrenoids;acceptor_superclass::Phenylpropanoids (C6-C3);acceptor_superclass::Pseudoalkaloids;acceptor_superclass::Saccharides;acceptor_superclass::Small peptides;acceptor_superclass::Tryptophan alkaloids;acceptor_superclass::Tyrosine alkaloids	0,0,0,0,0,0,0,0,0,0,0,0,0,0,0,0,0,0,0,0,0,0,0	1,1,0,0,0,1,1,1,1,1,1,1,1,0,0,1,1,1,1,0,0,1,1	0.103578,0.197445,-0.081448,-0.079707,-0.033580,0.005212,0.053624,0.035559,0.009789,0.065255,0.039989,0.011250,0.202564,-0.000772,-0.001186,0.015730,0.054336,0.068968,0.045381,-0.053620,-0.053676,0.061322,0.069850
Sspl_5MAT1_AAL50566.1	Sspl_5MAT1_AAL50566.1	/content/drive/MyDrive/CS_5782_Final_Project/code_and_data/BAHD_lastLayer_embeddings/Sspl_5MAT1_AAL50566.1_hidden_layer_steps10.pt	acceptor_superclass::Flavonoids	acceptor_superclass::Coumarins;acceptor_superclass::Cyclic polyketides;acceptor_superclass::Flavonoids;acceptor_superclass::Monoterpenoids;acceptor_superclass::Phenylethanoids (C6-C2);acceptor_superclass::Phenylpropanoids (C6-C3);acceptor_superclass::Saccharides;acceptor_superclass::Small peptides;acceptor_superclass::Tryptophan alkaloids;acceptor_superclass::Tyrosine alkaloids	0,0,0,0,0,1,0,0,0,0,0,0,0,0,0,0,0,0,0,0,0,0,0	1,1,0,0,0,1,0,0,0,1,0,0,0,0,1,1,0,1,1,0,0,1,1	0.134297,0.045496,-0.017216,-0.013915,-0.007559,0.047085,-0.030451,-0.005764,-0.045269,0.009238,-0.070009,-0.009879,-0.041999,-0.006755,0.028504,0.007573,-0.005475,0.027912,0.051142,-0.042927,-0.009991,0.092677,0.143618
Sspl_5MAT2_AAR26385.1	Sspl_5MAT2_AAR26385.1	/content/drive/MyDrive/CS_5782_Final_Project/code_and_data/BAHD_lastLayer_embeddings/Sspl_5MAT2_AAR26385.1_hidden_layer_steps10.pt	acceptor_superclass::Flavonoids	acceptor_superclass::Coumarins;acceptor_superclass::Cyclic polyketides;acceptor_superclass::Diterpenoids;acceptor_superclass::Fatty Acids and Conjugates;acceptor_superclass::Flavonoids;acceptor_superclass::Lignans;acceptor_superclass::Ornithine alkaloids;acceptor_superclass::Phenolic acids (C6-C1);acceptor_superclass::Pseudoalkaloids;acceptor_superclass::Saccharides;acceptor_superclass::Triterpenoids	0,0,0,0,0,1,0,0,0,0,0,0,0,0,0,0,0,0,0,0,0,0,0	1,1,1,1,0,1,0,1,0,0,0,1,0,1,0,0,1,1,0,0,1,0,0	0.007297,0.064999,0.007190,0.006382,-0.074517,0.009489,-0.078592,0.100263,-0.117863,-0.075700,-0.089727,0.059689,-0.061442,0.097676,-0.019491,-0.064985,0.088856,0.001948,-0.082609,-0.011369,0.242431,-0.225254,-0.023508
Stub_COSY_M0ZYT4	Stub_COSY_M0ZYT4	/content/drive/MyDrive/CS_5782_Final_Project/code_and_data/BAHD_lastLayer_embeddings/Stub_COSY_M0ZYT4_hidden_layer_steps10.pt		acceptor_superclass::Coumarins;acceptor_superclass::Cyclic polyketides;acceptor_superclass::Flavonoids;acceptor_superclass::Monoterpenoids;acceptor_superclass::Phenylethanoids (C6-C2);acceptor_superclass::Phenylpropanoids (C6-C3);acceptor_superclass::Saccharides;acceptor_superclass::Small peptides;acceptor_superclass::Tryptophan alkaloids;acceptor_superclass::Tyrosine alkaloids	0,0,0,0,0,0,0,0,0,0,0,0,0,0,0,0,0,0,0,0,0,0,0	1,1,0,0,0,1,0,0,0,1,0,0,0,0,1,1,0,1,1,0,0,1,1	0.134297,0.045496,-0.017216,-0.013915,-0.007559,0.047085,-0.030451,-0.005764,-0.045270,0.009238,-0.070009,-0.009879,-0.041998,-0.006754,0.028504,0.007573,-0.005475,0.027912,0.051142,-0.042927,-0.009991,0.092678,0.143618
Stub_FHT_NP_001275190.1	Stub_FHT_NP_001275190.1	/content/drive/MyDrive/CS_5782_Final_Project/code_and_data/BAHD_lastLayer_embeddings/Stub_FHT_NP_001275190.1_hidden_layer_steps10.pt	acceptor_superclass::Fatty Acids and Conjugates;acceptor_superclass::Fatty acyls	acceptor_superclass::Coumarins;acceptor_superclass::Cyclic polyketides;acceptor_superclass::Flavonoids;acceptor_superclass::Monoterpenoids;acceptor_superclass::Phenylethanoids (C6-C2);acceptor_superclass::Phenylpropanoids (C6-C3);acceptor_superclass::Saccharides;acceptor_superclass::Small peptides;acceptor_superclass::Tryptophan alkaloids;acceptor_superclass::Tyrosine alkaloids	0,0,0,1,1,0,0,0,0,0,0,0,0,0,0,0,0,0,0,0,0,0,0	1,1,0,0,0,1,0,0,0,1,0,0,0,0,1,1,0,1,1,0,0,1,1	0.134297,0.045496,-0.017216,-0.013915,-0.007559,0.047085,-0.030451,-0.005764,-0.045269,0.009238,-0.070009,-0.009879,-0.041998,-0.006754,0.028504,0.007573,-0.005475,0.027912,0.051142,-0.042927,-0.009991,0.092678,0.143618
Taes_ACT1-1_BCN87078.1	Taes_ACT1-1_BCN87078.1	/content/drive/MyDrive/CS_5782_Final_Project/code_and_data/BAHD_lastLayer_embeddings/Taes_ACT1-1_BCN87078.1_hidden_layer_steps10.pt	acceptor_superclass::Ornithine alkaloids;acceptor_superclass::Pseudoalkaloids	acceptor_superclass::Diterpenoids;acceptor_superclass::Fatty acyls;acceptor_superclass::Flavonoids;acceptor_superclass::Isoflavonoids;acceptor_superclass::Lignans;acceptor_superclass::Lysine alkaloids;acceptor_superclass::Phenanthrenoids;acceptor_superclass::Phenylethanoids (C6-C2);acceptor_superclass::Phenylpropanoids (C6-C3);acceptor_superclass::Saccharides;acceptor_superclass::Steroids;acceptor_superclass::Triterpenoids;acceptor_superclass::Tyrosine alkaloids	0,0,0,0,0,0,0,0,0,0,0,1,0,0,0,0,1,0,0,0,0,0,0	0,0,1,0,1,1,1,1,1,0,0,0,1,0,1,1,0,1,0,1,1,0,1	-0.022578,-0.020647,0.030924,-0.005503,0.028431,0.021797,0.023982,0.027042,0.020981,-0.010895,-0.003073,-0.037338,0.029294,-0.008554,0.010687,0.014747,-0.012423,0.017034,-0.004441,0.011177,0.004864,-0.028064,0.014506
Taes_ACT1-2_BCN87079.1	Taes_ACT1-2_BCN87079.1	/content/drive/MyDrive/CS_5782_Final_Project/code_and_data/BAHD_lastLayer_embeddings/Taes_ACT1-2_BCN87079.1_hidden_layer_steps10.pt	acceptor_superclass::Ornithine alkaloids;acceptor_superclass::Pseudoalkaloids	acceptor_superclass::Coumarins;acceptor_superclass::Cyclic polyketides;acceptor_superclass::Diterpenoids;acceptor_superclass::Fatty Acids and Conjugates;acceptor_superclass::Flavonoids;acceptor_superclass::Lignans;acceptor_superclass::Ornithine alkaloids;acceptor_superclass::Phenolic acids (C6-C1);acceptor_superclass::Pseudoalkaloids;acceptor_superclass::Saccharides;acceptor_superclass::Triterpenoids	0,0,0,0,0,0,0,0,0,0,0,1,0,0,0,0,1,0,0,0,0,0,0	1,1,1,1,0,1,0,1,0,0,0,1,0,1,0,0,1,1,0,0,1,0,0	0.007297,0.065000,0.007190,0.006382,-0.074517,0.009489,-0.078592,0.100263,-0.117863,-0.075700,-0.089727,0.059689,-0.061442,0.097676,-0.019491,-0.064985,0.088856,0.001948,-0.082609,-0.011369,0.242431,-0.225254,-0.023508
Taes_ACT2_AMY96376.1	Taes_ACT2_AMY96376.1	/content/drive/MyDrive/CS_5782_Final_Project/code_and_data/BAHD_lastLayer_embeddings/Taes_ACT2_AMY96376.1_hidden_layer_steps10.pt	acceptor_superclass::Ornithine alkaloids	acceptor_superclass::Coumarins;acceptor_superclass::Cyclic polyketides;acceptor_superclass::Flavonoids;acceptor_superclass::Monoterpenoids;acceptor_superclass::Phenylethanoids (C6-C2);acceptor_superclass::Phenylpropanoids (C6-C3);acceptor_superclass::Saccharides;acceptor_superclass::Small peptides;acceptor_superclass::Tryptophan alkaloids;acceptor_superclass::Tyrosine alkaloids	0,0,0,0,0,0,0,0,0,0,0,1,0,0,0,0,0,0,0,0,0,0,0	1,1,0,0,0,1,0,0,0,1,0,0,0,0,1,1,0,1,1,0,0,1,1	0.134297,0.045496,-0.017216,-0.013915,-0.007559,0.047085,-0.030451,-0.005764,-0.045269,0.009239,-0.070009,-0.009879,-0.041999,-0.006755,0.028504,0.007573,-0.005475,0.027912,0.051142,-0.042927,-0.009991,0.092677,0.143618
Tant_HQT1_QCI44191.1	Tant_HQT1_QCI44191.1	/content/drive/MyDrive/CS_5782_Final_Project/code_and_data/BAHD_lastLayer_embeddings/Tant_HQT1_QCI44191.1_hidden_layer_steps10.pt	acceptor_superclass::Phenolic acids (C6-C1)	acceptor_superclass::Coumarins;acceptor_superclass::Diterpenoids;acceptor_superclass::Fatty Acids and Conjugates;acceptor_superclass::Fatty acyls;acceptor_superclass::Isoflavonoids;acceptor_superclass::Lignans;acceptor_superclass::Monoterpenoids;acceptor_superclass::Naphthalenes;acceptor_superclass::Phenanthrenoids;acceptor_superclass::Phenolic acids (C6-C1);acceptor_superclass::Phenylpropanoids (C6-C3);acceptor_superclass::Steroids	0,0,0,0,0,0,0,0,0,0,0,0,0,1,0,0,0,0,0,0,0,0,0	1,0,1,1,1,0,1,1,0,1,1,0,1,1,0,1,0,0,0,1,0,0,0	0.051901,-0.095314,0.016876,0.313479,0.046536,-0.015457,0.374412,0.164497,-0.133358,0.063615,0.120351,-0.192486,0.212850,0.102015,-0.089361,0.065212,-0.166238,-0.127026,-0.006399,0.140031,-0.243017,-0.052519,-0.135495
Tant_HQT2_QBQ52948.1	Tant_HQT2_QBQ52948.1	/content/drive/MyDrive/CS_5782_Final_Project/code_and_data/BAHD_lastLayer_embeddings/Tant_HQT2_QBQ52948.1_hidden_layer_steps10.pt	acceptor_superclass::Phenolic acids (C6-C1)	acceptor_superclass::Coumarins;acceptor_superclass::Cyclic polyketides;acceptor_superclass::Flavonoids;acceptor_superclass::Monoterpenoids;acceptor_superclass::Phenylethanoids (C6-C2);acceptor_superclass::Phenylpropanoids (C6-C3);acceptor_superclass::Saccharides;acceptor_superclass::Small peptides;acceptor_superclass::Tryptophan alkaloids;acceptor_superclass::Tyrosine alkaloids	0,0,0,0,0,0,0,0,0,0,0,0,0,1,0,0,0,0,0,0,0,0,0	1,1,0,0,0,1,0,0,0,1,0,0,0,0,1,1,0,1,1,0,0,1,1	0.134297,0.045496,-0.017216,-0.013915,-0.007559,0.047085,-0.030451,-0.005764,-0.045269,0.009238,-0.070009,-0.009879,-0.041998,-0.006754,0.028504,0.007573,-0.005475,0.027912,0.051142,-0.042927,-0.009991,0.092678,0.143618
Tcan_TAX10_AAM75818.1	Tcan_TAX10_AAM75818.1	/content/drive/MyDrive/CS_5782_Final_Project/code_and_data/BAHD_lastLayer_embeddings/Tcan_TAX10_AAM75818.1_hidden_layer_steps10.pt	acceptor_superclass::Diterpenoids	acceptor_superclass::Coumarins;acceptor_superclass::Cyclic polyketides;acceptor_superclass::Flavonoids;acceptor_superclass::Monoterpenoids;acceptor_superclass::Phenylethanoids (C6-C2);acceptor_superclass::Phenylpropanoids (C6-C3);acceptor_superclass::Saccharides;acceptor_superclass::Small peptides;acceptor_superclass::Tryptophan alkaloids;acceptor_superclass::Tyrosine alkaloids	0,0,1,0,0,0,0,0,0,0,0,0,0,0,0,0,0,0,0,0,0,0,0	1,1,0,0,0,1,0,0,0,1,0,0,0,0,1,1,0,1,1,0,0,1,1	0.134297,0.045496,-0.017216,-0.013915,-0.007559,0.047085,-0.030451,-0.005764,-0.045269,0.009238,-0.070009,-0.009879,-0.041998,-0.006754,0.028504,0.007573,-0.005475,0.027912,0.051142,-0.042927,-0.009991,0.092678,0.143618
Tcus_BAPT_AAL92459.1	Tcus_BAPT_AAL92459.1	/content/drive/MyDrive/CS_5782_Final_Project/code_and_data/BAHD_lastLayer_embeddings/Tcus_BAPT_AAL92459.1_hidden_layer_steps10.pt	acceptor_superclass::Diterpenoids	acceptor_superclass::Coumarins;acceptor_superclass::Diterpenoids;acceptor_superclass::Fatty Acids and Conjugates;acceptor_superclass::Fatty acyls;acceptor_superclass::Isoflavonoids;acceptor_superclass::Lignans;acceptor_superclass::Monoterpenoids;acceptor_superclass::Naphthalenes;acceptor_superclass::Phenanthrenoids;acceptor_superclass::Phenolic acids (C6-C1);acceptor_superclass::Phenylpropanoids (C6-C3);acceptor_superclass::Steroids	0,0,1,0,0,0,0,0,0,0,0,0,0,0,0,0,0,0,0,0,0,0,0	1,0,1,1,1,0,1,1,0,1,1,0,1,1,0,1,0,0,0,1,0,0,0	0.051901,-0.095316,0.016875,0.313478,0.046537,-0.015457,0.374411,0.164496,-0.133358,0.063614,0.120351,-0.192484,0.212852,0.102015,-0.089360,0.065212,-0.166238,-0.127024,-0.006399,0.140029,-0.243017,-0.052516,-0.135496
Tcus_DBAT_AAF27621.1	Tcus_DBAT_AAF27621.1	/content/drive/MyDrive/CS_5782_Final_Project/code_and_data/BAHD_lastLayer_embeddings/Tcus_DBAT_AAF27621.1_hidden_layer_steps10.pt	acceptor_superclass::Diterpenoids	acceptor_superclass::Coumarins;acceptor_superclass::Diterpenoids;acceptor_superclass::Fatty Acids and Conjugates;acceptor_superclass::Fatty acyls;acceptor_superclass::Isoflavonoids;acceptor_superclass::Lignans;acceptor_superclass::Monoterpenoids;acceptor_superclass::Naphthalenes;acceptor_superclass::Phenanthrenoids;acceptor_superclass::Phenolic acids (C6-C1);acceptor_superclass::Phenylpropanoids (C6-C3);acceptor_superclass::Steroids	0,0,1,0,0,0,0,0,0,0,0,0,0,0,0,0,0,0,0,0,0,0,0	1,0,1,1,1,0,1,1,0,1,1,0,1,1,0,1,0,0,0,1,0,0,0	0.051901,-0.095317,0.016875,0.313476,0.046538,-0.015457,0.374410,0.164496,-0.133358,0.063613,0.120351,-0.192482,0.212853,0.102015,-0.089359,0.065213,-0.166239,-0.127023,-0.006399,0.140027,-0.243016,-0.052514,-0.135496
Tcus_TBT_AAG38049.1	Tcus_DBBT_AAG38049.1	/content/drive/MyDrive/CS_5782_Final_Project/code_and_data/BAHD_lastLayer_embeddings/Tcus_TBT_AAG38049.1_hidden_layer_steps10.pt	acceptor_superclass::Diterpenoids	acceptor_superclass::Coumarins;acceptor_superclass::Cyclic polyketides;acceptor_superclass::Flavonoids;acceptor_superclass::Monoterpenoids;acceptor_superclass::Phenylethanoids (C6-C2);acceptor_superclass::Phenylpropanoids (C6-C3);acceptor_superclass::Saccharides;acceptor_superclass::Small peptides;acceptor_superclass::Tryptophan alkaloids;acceptor_superclass::Tyrosine alkaloids	0,0,1,0,0,0,0,0,0,0,0,0,0,0,0,0,0,0,0,0,0,0,0	1,1,0,0,0,1,0,0,0,1,0,0,0,0,1,1,0,1,1,0,0,1,1	0.134297,0.045496,-0.017216,-0.013915,-0.007559,0.047085,-0.030451,-0.005764,-0.045269,0.009238,-0.070009,-0.009879,-0.041999,-0.006754,0.028504,0.007573,-0.005475,0.027912,0.051142,-0.042927,-0.009991,0.092678,0.143618
Tcus_DBNTBT_AAM75818.1	Tcus_DBNTBT_AAM75818.1	/content/drive/MyDrive/CS_5782_Final_Project/code_and_data/BAHD_lastLayer_embeddings/Tcus_DBNTBT_AAM75818.1_hidden_layer_steps10.pt	acceptor_superclass::Diterpenoids	acceptor_superclass::Coumarins;acceptor_superclass::Cyclic polyketides;acceptor_superclass::Flavonoids;acceptor_superclass::Monoterpenoids;acceptor_superclass::Phenylethanoids (C6-C2);acceptor_superclass::Phenylpropanoids (C6-C3);acceptor_superclass::Saccharides;acceptor_superclass::Small peptides;acceptor_superclass::Tryptophan alkaloids;acceptor_superclass::Tyrosine alkaloids	0,0,1,0,0,0,0,0,0,0,0,0,0,0,0,0,0,0,0,0,0,0,0	1,1,0,0,0,1,0,0,0,1,0,0,0,0,1,1,0,1,1,0,0,1,1	0.134297,0.045496,-0.017216,-0.013915,-0.007559,0.047085,-0.030451,-0.005764,-0.045269,0.009238,-0.070009,-0.009879,-0.041998,-0.006754,0.028504,0.007573,-0.005475,0.027912,0.051142,-0.042927,-0.009991,0.092678,0.143618
Tcus_TAT_AAF34254.1	Tcus_TAT_AAF34254.1	/content/drive/MyDrive/CS_5782_Final_Project/code_and_data/BAHD_lastLayer_embeddings/Tcus_TAT_AAF34254.1_hidden_layer_steps10.pt	acceptor_superclass::Diterpenoids	acceptor_superclass::Coumarins;acceptor_superclass::Cyclic polyketides;acceptor_superclass::Diterpenoids;acceptor_superclass::Fatty Acids and Conjugates;acceptor_superclass::Flavonoids;acceptor_superclass::Lignans;acceptor_superclass::Ornithine alkaloids;acceptor_superclass::Phenolic acids (C6-C1);acceptor_superclass::Pseudoalkaloids;acceptor_superclass::Saccharides;acceptor_superclass::Triterpenoids	0,0,1,0,0,0,0,0,0,0,0,0,0,0,0,0,0,0,0,0,0,0,0	1,1,1,1,0,1,0,1,0,0,0,1,0,1,0,0,1,1,0,0,1,0,0	0.007297,0.064999,0.007190,0.006382,-0.074517,0.009489,-0.078592,0.100263,-0.117863,-0.075700,-0.089726,0.059689,-0.061441,0.097676,-0.019491,-0.064985,0.088856,0.001948,-0.082609,-0.011369,0.242431,-0.225254,-0.023507
Tcus_TAX19_AAU89980.1	Tcus_TAX19_AAU89980.1	/content/drive/MyDrive/CS_5782_Final_Project/code_and_data/BAHD_lastLayer_embeddings/Tcus_TAX19_AAU89980.1_hidden_layer_steps10.pt		acceptor_superclass::Coumarins;acceptor_superclass::Cyclic polyketides;acceptor_superclass::Flavonoids;acceptor_superclass::Isoflavonoids;acceptor_superclass::Lignans;acceptor_superclass::Lysine alkaloids;acceptor_superclass::Monoterpenoids;acceptor_superclass::Naphthalenes;acceptor_superclass::Ornithine alkaloids;acceptor_superclass::Phenanthrenoids;acceptor_superclass::Phenylpropanoids (C6-C3);acceptor_superclass::Pseudoalkaloids;acceptor_superclass::Saccharides;acceptor_superclass::Small peptides;acceptor_superclass::Tryptophan alkaloids;acceptor_superclass::Tyrosine alkaloids	0,0,0,0,0,0,0,0,0,0,0,0,0,0,0,0,0,0,0,0,0,0,0	1,1,0,0,0,1,1,1,1,1,1,1,1,0,0,1,1,1,1,0,0,1,1	0.103578,0.197445,-0.081448,-0.079707,-0.033580,0.005212,0.053624,0.035559,0.009789,0.065255,0.039989,0.011250,0.202563,-0.000772,-0.001186,0.015730,0.054336,0.068968,0.045381,-0.053620,-0.053676,0.061322,0.069850
Tcus_TAT_AAF34254.1	Tcus_TAX1_AAF34254.1	/content/drive/MyDrive/CS_5782_Final_Project/code_and_data/BAHD_lastLayer_embeddings/Tcus_TAT_AAF34254.1_hidden_layer_steps10.pt		acceptor_superclass::Diterpenoids;acceptor_superclass::Fatty acyls;acceptor_superclass::Flavonoids;acceptor_superclass::Isoflavonoids;acceptor_superclass::Lignans;acceptor_superclass::Lysine alkaloids;acceptor_superclass::Phenanthrenoids;acceptor_superclass::Phenylethanoids (C6-C2);acceptor_superclass::Phenylpropanoids (C6-C3);acceptor_superclass::Saccharides;acceptor_superclass::Steroids;acceptor_superclass::Triterpenoids;acceptor_superclass::Tyrosine alkaloids	0,0,0,0,0,0,0,0,0,0,0,0,0,0,0,0,0,0,0,0,0,0,0	0,0,1,0,1,1,1,1,1,0,0,0,1,0,1,1,0,1,0,1,1,0,1	-0.022578,-0.020647,0.030924,-0.005503,0.028431,0.021797,0.023982,0.027042,0.020981,-0.010895,-0.003073,-0.037338,0.029294,-0.008554,0.010687,0.014747,-0.012423,0.017034,-0.004441,0.011177,0.004864,-0.028064,0.014506
Tcus_TBT_AAG38049.1	Tcus_TBT_AAG38049.1	/content/drive/MyDrive/CS_5782_Final_Project/code_and_data/BAHD_lastLayer_embeddings/Tcus_TBT_AAG38049.1_hidden_layer_steps10.pt	acceptor_superclass::Diterpenoids	acceptor_superclass::Coumarins;acceptor_superclass::Diterpenoids;acceptor_superclass::Fatty Acids and Conjugates;acceptor_superclass::Fatty acyls;acceptor_superclass::Isoflavonoids;acceptor_superclass::Lignans;acceptor_superclass::Monoterpenoids;acceptor_superclass::Naphthalenes;acceptor_superclass::Phenanthrenoids;acceptor_superclass::Phenolic acids (C6-C1);acceptor_superclass::Phenylpropanoids (C6-C3);acceptor_superclass::Steroids	0,0,1,0,0,0,0,0,0,0,0,0,0,0,0,0,0,0,0,0,0,0,0	1,0,1,1,1,0,1,1,0,1,1,0,1,1,0,1,0,0,0,1,0,0,0	0.051901,-0.095316,0.016875,0.313477,0.046538,-0.015457,0.374411,0.164496,-0.133358,0.063614,0.120351,-0.192483,0.212852,0.102015,-0.089360,0.065213,-0.166239,-0.127024,-0.006399,0.140028,-0.243017,-0.052515,-0.135496
Tmed_BAHD22_QDM39185.1	Tmed_BAHD22_QDM39185.1	/content/drive/MyDrive/CS_5782_Final_Project/code_and_data/BAHD_lastLayer_embeddings/Tmed_BAHD22_QDM39185.1_hidden_layer_steps10.pt	acceptor_superclass::Diterpenoids	acceptor_superclass::Coumarins;acceptor_superclass::Cyclic polyketides;acceptor_superclass::Flavonoids;acceptor_superclass::Isoflavonoids;acceptor_superclass::Lignans;acceptor_superclass::Lysine alkaloids;acceptor_superclass::Monoterpenoids;acceptor_superclass::Naphthalenes;acceptor_superclass::Ornithine alkaloids;acceptor_superclass::Phenanthrenoids;acceptor_superclass::Phenylpropanoids (C6-C3);acceptor_superclass::Pseudoalkaloids;acceptor_superclass::Saccharides;acceptor_superclass::Small peptides;acceptor_superclass::Tryptophan alkaloids;acceptor_superclass::Tyrosine alkaloids	0,0,1,0,0,0,0,0,0,0,0,0,0,0,0,0,0,0,0,0,0,0,0	1,1,0,0,0,1,1,1,1,1,1,1,1,0,0,1,1,1,1,0,0,1,1	0.103578,0.197445,-0.081448,-0.079707,-0.033580,0.005212,0.053624,0.035559,0.009789,0.065255,0.039989,0.011250,0.202564,-0.000772,-0.001186,0.015730,0.054336,0.068969,0.045381,-0.053620,-0.053676,0.061322,0.069850
Tmed_BAHD6-13_BEK82039.1	Tmed_BAHD6-13_BEK82039.1	/content/drive/MyDrive/CS_5782_Final_Project/code_and_data/BAHD_lastLayer_embeddings/Tmed_BAHD6-13_BEK82039.1_hidden_layer_steps10.pt	acceptor_superclass::Diterpenoids	acceptor_superclass::Coumarins;acceptor_superclass::Cyclic polyketides;acceptor_superclass::Flavonoids;acceptor_superclass::Isoflavonoids;acceptor_superclass::Lignans;acceptor_superclass::Lysine alkaloids;acceptor_superclass::Monoterpenoids;acceptor_superclass::Naphthalenes;acceptor_superclass::Ornithine alkaloids;acceptor_superclass::Phenanthrenoids;acceptor_superclass::Phenylpropanoids (C6-C3);acceptor_superclass::Pseudoalkaloids;acceptor_superclass::Saccharides;acceptor_superclass::Small peptides;acceptor_superclass::Tryptophan alkaloids;acceptor_superclass::Tyrosine alkaloids	0,0,1,0,0,0,0,0,0,0,0,0,0,0,0,0,0,0,0,0,0,0,0	1,1,0,0,0,1,1,1,1,1,1,1,1,0,0,1,1,1,1,0,0,1,1	0.103578,0.197445,-0.081448,-0.079707,-0.033580,0.005211,0.053624,0.035559,0.009789,0.065255,0.039989,0.011250,0.202564,-0.000772,-0.001186,0.015730,0.054336,0.068969,0.045381,-0.053620,-0.053676,0.061323,0.069850
Tmed_DBAT_QDM39186.1	Tmed_DBAT_QDM39186.1	/content/drive/MyDrive/CS_5782_Final_Project/code_and_data/BAHD_lastLayer_embeddings/Tmed_DBAT_QDM39186.1_hidden_layer_steps10.pt	acceptor_superclass::Diterpenoids	acceptor_superclass::Coumarins;acceptor_superclass::Cyclic polyketides;acceptor_superclass::Flavonoids;acceptor_superclass::Monoterpenoids;acceptor_superclass::Phenylethanoids (C6-C2);acceptor_superclass::Phenylpropanoids (C6-C3);acceptor_superclass::Saccharides;acceptor_superclass::Small peptides;acceptor_superclass::Tryptophan alkaloids;acceptor_superclass::Tyrosine alkaloids	0,0,1,0,0,0,0,0,0,0,0,0,0,0,0,0,0,0,0,0,0,0,0	1,1,0,0,0,1,0,0,0,1,0,0,0,0,1,1,0,1,1,0,0,1,1	0.134297,0.045496,-0.017216,-0.013915,-0.007559,0.047085,-0.030451,-0.005764,-0.045269,0.009238,-0.070009,-0.009879,-0.041999,-0.006755,0.028504,0.007573,-0.005475,0.027912,0.051142,-0.042927,-0.009991,0.092677,0.143618
Tmed_TAT_QDM39184.1	Tmed_TAT_QDM39184.1	/content/drive/MyDrive/CS_5782_Final_Project/code_and_data/BAHD_lastLayer_embeddings/Tmed_TAT_QDM39184.1_hidden_layer_steps10.pt	acceptor_superclass::Diterpenoids	acceptor_superclass::Diterpenoids;acceptor_superclass::Fatty acyls;acceptor_superclass::Flavonoids;acceptor_superclass::Isoflavonoids;acceptor_superclass::Lignans;acceptor_superclass::Lysine alkaloids;acceptor_superclass::Phenanthrenoids;acceptor_superclass::Phenylethanoids (C6-C2);acceptor_superclass::Phenylpropanoids (C6-C3);acceptor_superclass::Saccharides;acceptor_superclass::Steroids;acceptor_superclass::Triterpenoids;acceptor_superclass::Tyrosine alkaloids	0,0,1,0,0,0,0,0,0,0,0,0,0,0,0,0,0,0,0,0,0,0,0	0,0,1,0,1,1,1,1,1,0,0,0,1,0,1,1,0,1,0,1,1,0,1	-0.022578,-0.020647,0.030924,-0.005503,0.028431,0.021797,0.023982,0.027042,0.020981,-0.010895,-0.003073,-0.037338,0.029294,-0.008554,0.010687,0.014747,-0.012423,0.017034,-0.004441,0.011177,0.004864,-0.028064,0.014506
Tpra_HST_ACI16630.1	Tpra_HCT1A_ACI16630.1	/content/drive/MyDrive/CS_5782_Final_Project/code_and_data/BAHD_lastLayer_embeddings/Tpra_HST_ACI16630.1_hidden_layer_steps10.pt	acceptor_superclass::Phenolic acids (C6-C1)	acceptor_superclass::Coumarins;acceptor_superclass::Diterpenoids;acceptor_superclass::Fatty Acids and Conjugates;acceptor_superclass::Fatty acyls;acceptor_superclass::Isoflavonoids;acceptor_superclass::Lignans;acceptor_superclass::Monoterpenoids;acceptor_superclass::Naphthalenes;acceptor_superclass::Phenanthrenoids;acceptor_superclass::Phenolic acids (C6-C1);acceptor_superclass::Phenylpropanoids (C6-C3);acceptor_superclass::Steroids	0,0,0,0,0,0,0,0,0,0,0,0,0,1,0,0,0,0,0,0,0,0,0	1,0,1,1,1,0,1,1,0,1,1,0,1,1,0,1,0,0,0,1,0,0,0	0.051902,-0.095313,0.016876,0.313480,0.046536,-0.015457,0.374412,0.164497,-0.133358,0.063615,0.120351,-0.192486,0.212849,0.102015,-0.089361,0.065212,-0.166238,-0.127026,-0.006399,0.140031,-0.243017,-0.052519,-0.135495
Tpra_HMT_ACI16631.1	Tpra_HCT2_ACI16631.1	/content/drive/MyDrive/CS_5782_Final_Project/code_and_data/BAHD_lastLayer_embeddings/Tpra_HMT_ACI16631.1_hidden_layer_steps10.pt	acceptor_superclass::Fatty Acids and Conjugates	acceptor_superclass::Coumarins;acceptor_superclass::Cyclic polyketides;acceptor_superclass::Flavonoids;acceptor_superclass::Isoflavonoids;acceptor_superclass::Lignans;acceptor_superclass::Lysine alkaloids;acceptor_superclass::Monoterpenoids;acceptor_superclass::Naphthalenes;acceptor_superclass::Ornithine alkaloids;acceptor_superclass::Phenanthrenoids;acceptor_superclass::Phenylpropanoids (C6-C3);acceptor_superclass::Pseudoalkaloids;acceptor_superclass::Saccharides;acceptor_superclass::Small peptides;acceptor_superclass::Tryptophan alkaloids;acceptor_superclass::Tyrosine alkaloids	0,0,0,1,0,0,0,0,0,0,0,0,0,0,0,0,0,0,0,0,0,0,0	1,1,0,0,0,1,1,1,1,1,1,1,1,0,0,1,1,1,1,0,0,1,1	0.103578,0.197445,-0.081448,-0.079707,-0.033580,0.005212,0.053624,0.035559,0.009789,0.065255,0.039989,0.011250,0.202564,-0.000772,-0.001186,0.015730,0.054336,0.068968,0.045381,-0.053620,-0.053676,0.061322,0.069850
Tpra_HDT1_AXB87812.1	Tpra_HDT1_AXB87812.1	/content/drive/MyDrive/CS_5782_Final_Project/code_and_data/BAHD_lastLayer_embeddings/Tpra_HDT1_AXB87812.1_hidden_layer_steps10.pt	acceptor_superclass::Small peptides;acceptor_superclass::Tyrosine alkaloids	acceptor_superclass::Diterpenoids;acceptor_superclass::Fatty acyls;acceptor_superclass::Flavonoids;acceptor_superclass::Isoflavonoids;acceptor_superclass::Lignans;acceptor_superclass::Lysine alkaloids;acceptor_superclass::Phenanthrenoids;acceptor_superclass::Phenylethanoids (C6-C2);acceptor_superclass::Phenylpropanoids (C6-C3);acceptor_superclass::Saccharides;acceptor_superclass::Steroids;acceptor_superclass::Triterpenoids;acceptor_superclass::Tyrosine alkaloids	0,0,0,0,0,0,0,0,0,0,0,0,0,0,0,0,0,0,1,0,0,0,1	0,0,1,0,1,1,1,1,1,0,0,0,1,0,1,1,0,1,0,1,1,0,1	-0.022578,-0.020647,0.030924,-0.005503,0.028431,0.021797,0.023982,0.027042,0.020981,-0.010895,-0.003073,-0.037338,0.029294,-0.008554,0.010687,0.014747,-0.012423,0.017034,-0.004441,0.011177,0.004864,-0.028064,0.014506
Tpra_HDT1_AXB87812.1	Tpra_HDT_AXB87812.1	/content/drive/MyDrive/CS_5782_Final_Project/code_and_data/BAHD_lastLayer_embeddings/Tpra_HDT1_AXB87812.1_hidden_layer_steps10.pt	acceptor_superclass::Small peptides	acceptor_superclass::Diterpenoids;acceptor_superclass::Fatty acyls;acceptor_superclass::Flavonoids;acceptor_superclass::Isoflavonoids;acceptor_superclass::Lignans;acceptor_superclass::Lysine alkaloids;acceptor_superclass::Phenanthrenoids;acceptor_superclass::Phenylethanoids (C6-C2);acceptor_superclass::Phenylpropanoids (C6-C3);acceptor_superclass::Saccharides;acceptor_superclass::Steroids;acceptor_superclass::Triterpenoids;acceptor_superclass::Tyrosine alkaloids	0,0,0,0,0,0,0,0,0,0,0,0,0,0,0,0,0,0,1,0,0,0,0	0,0,1,0,1,1,1,1,1,0,0,0,1,0,1,1,0,1,0,1,1,0,1	-0.022578,-0.020647,0.030924,-0.005503,0.028431,0.021797,0.023982,0.027042,0.020981,-0.010895,-0.003073,-0.037338,0.029294,-0.008554,0.010687,0.014747,-0.012423,0.017034,-0.004441,0.011177,0.004864,-0.028064,0.014506
Tpra_HMT_ACI16631.1	Tpra_HMT_ACI16631.1	/content/drive/MyDrive/CS_5782_Final_Project/code_and_data/BAHD_lastLayer_embeddings/Tpra_HMT_ACI16631.1_hidden_layer_steps10.pt	acceptor_superclass::Fatty Acids and Conjugates	acceptor_superclass::Coumarins;acceptor_superclass::Cyclic polyketides;acceptor_superclass::Diterpenoids;acceptor_superclass::Fatty Acids and Conjugates;acceptor_superclass::Flavonoids;acceptor_superclass::Lignans;acceptor_superclass::Ornithine alkaloids;acceptor_superclass::Phenolic acids (C6-C1);acceptor_superclass::Pseudoalkaloids;acceptor_superclass::Saccharides;acceptor_superclass::Triterpenoids	0,0,0,1,0,0,0,0,0,0,0,0,0,0,0,0,0,0,0,0,0,0,0	1,1,1,1,0,1,0,1,0,0,0,1,0,1,0,0,1,1,0,0,1,0,0	0.007297,0.065000,0.007190,0.006382,-0.074517,0.009489,-0.078592,0.100263,-0.117863,-0.075700,-0.089727,0.059689,-0.061442,0.097676,-0.019491,-0.064985,0.088856,0.001948,-0.082609,-0.011369,0.242431,-0.225254,-0.023508
Tpra_HST_ACI16630.1	Tpra_HST_ACI16630.1	/content/drive/MyDrive/CS_5782_Final_Project/code_and_data/BAHD_lastLayer_embeddings/Tpra_HST_ACI16630.1_hidden_layer_steps10.pt	acceptor_superclass::Phenolic acids (C6-C1)	acceptor_superclass::Coumarins;acceptor_superclass::Cyclic polyketides;acceptor_superclass::Diterpenoids;acceptor_superclass::Fatty Acids and Conjugates;acceptor_superclass::Flavonoids;acceptor_superclass::Lignans;acceptor_superclass::Ornithine alkaloids;acceptor_superclass::Phenolic acids (C6-C1);acceptor_superclass::Pseudoalkaloids;acceptor_superclass::Saccharides;acceptor_superclass::Triterpenoids	0,0,0,0,0,0,0,0,0,0,0,0,0,1,0,0,0,0,0,0,0,0,0	1,1,1,1,0,1,0,1,0,0,0,1,0,1,0,0,1,1,0,0,1,0,0	0.007297,0.065000,0.007190,0.006382,-0.074517,0.009489,-0.078592,0.100263,-0.117863,-0.075700,-0.089727,0.059689,-0.061442,0.097676,-0.019492,-0.064985,0.088856,0.001948,-0.082610,-0.011369,0.242431,-0.225254,-0.023508
Twal_DBAT_AFD32413.1	Twal_DBAT_AFD32413.1	/content/drive/MyDrive/CS_5782_Final_Project/code_and_data/BAHD_lastLayer_embeddings/Twal_DBAT_AFD32413.1_hidden_layer_steps10.pt	acceptor_superclass::Diterpenoids	acceptor_superclass::Diterpenoids;acceptor_superclass::Fatty acyls;acceptor_superclass::Flavonoids;acceptor_superclass::Isoflavonoids;acceptor_superclass::Lignans;acceptor_superclass::Lysine alkaloids;acceptor_superclass::Phenanthrenoids;acceptor_superclass::Phenylethanoids (C6-C2);acceptor_superclass::Phenylpropanoids (C6-C3);acceptor_superclass::Saccharides;acceptor_superclass::Steroids;acceptor_superclass::Triterpenoids;acceptor_superclass::Tyrosine alkaloids	0,0,1,0,0,0,0,0,0,0,0,0,0,0,0,0,0,0,0,0,0,0,0	0,0,1,0,1,1,1,1,1,0,0,0,1,0,1,1,0,1,0,1,1,0,1	-0.022578,-0.020647,0.030924,-0.005503,0.028431,0.021797,0.023982,0.027042,0.020981,-0.010895,-0.003073,-0.037338,0.029294,-0.008554,0.010687,0.014747,-0.012423,0.017034,-0.004441,0.011177,0.004864,-0.028064,0.014506
Vhyb_3MAT1_AAS77402.1	Vhyb_3MAT1_AAS77402.1	/content/drive/MyDrive/CS_5782_Final_Project/code_and_data/BAHD_lastLayer_embeddings/Vhyb_3MAT1_AAS77402.1_hidden_layer_steps10.pt	acceptor_superclass::Flavonoids;acceptor_superclass::Isoflavonoids;acceptor_superclass::Phenolic acids (C6-C1)	acceptor_superclass::Diterpenoids;acceptor_superclass::Fatty acyls;acceptor_superclass::Flavonoids;acceptor_superclass::Isoflavonoids;acceptor_superclass::Lignans;acceptor_superclass::Lysine alkaloids;acceptor_superclass::Phenanthrenoids;acceptor_superclass::Phenylethanoids (C6-C2);acceptor_superclass::Phenylpropanoids (C6-C3);acceptor_superclass::Saccharides;acceptor_superclass::Steroids;acceptor_superclass::Triterpenoids;acceptor_superclass::Tyrosine alkaloids	0,0,0,0,0,1,1,0,0,0,0,0,0,1,0,0,0,0,0,0,0,0,0	0,0,1,0,1,1,1,1,1,0,0,0,1,0,1,1,0,1,0,1,1,0,1	-0.022578,-0.020647,0.030924,-0.005503,0.028431,0.021797,0.023982,0.027042,0.020981,-0.010895,-0.003073,-0.037338,0.029294,-0.008554,0.010687,0.014747,-0.012423,0.017034,-0.004441,0.011177,0.004864,-0.028064,0.014506
Vlab_AMAT_AAW22989.1	Vlab_AMAT_AAW22989.1	/content/drive/MyDrive/CS_5782_Final_Project/code_and_data/BAHD_lastLayer_embeddings/Vlab_AMAT_AAW22989.1_hidden_layer_steps10.pt	acceptor_superclass::Fatty acyls	acceptor_superclass::Coumarins;acceptor_superclass::Cyclic polyketides;acceptor_superclass::Diterpenoids;acceptor_superclass::Fatty Acids and Conjugates;acceptor_superclass::Flavonoids;acceptor_superclass::Lignans;acceptor_superclass::Ornithine alkaloids;acceptor_superclass::Phenolic acids (C6-C1);acceptor_superclass::Pseudoalkaloids;acceptor_superclass::Saccharides;acceptor_superclass::Triterpenoids	0,0,0,0,1,0,0,0,0,0,0,0,0,0,0,0,0,0,0,0,0,0,0	1,1,1,1,0,1,0,1,0,0,0,1,0,1,0,0,1,1,0,0,1,0,0	0.007297,0.065000,0.007190,0.006382,-0.074517,0.009489,-0.078592,0.100263,-0.117863,-0.075700,-0.089727,0.059689,-0.061442,0.097676,-0.019492,-0.064985,0.088856,0.001947,-0.082610,-0.011369,0.242431,-0.225254,-0.023508
Vvin_3AT_AKF15588.1	Vvin_3AT_AKF15588.1	/content/drive/MyDrive/CS_5782_Final_Project/code_and_data/BAHD_lastLayer_embeddings/Vvin_3AT_AKF15588.1_hidden_layer_steps10.pt	acceptor_superclass::Flavonoids	acceptor_superclass::Coumarins;acceptor_superclass::Diterpenoids;acceptor_superclass::Fatty Acids and Conjugates;acceptor_superclass::Fatty acyls;acceptor_superclass::Isoflavonoids;acceptor_superclass::Lignans;acceptor_superclass::Monoterpenoids;acceptor_superclass::Naphthalenes;acceptor_superclass::Phenanthrenoids;acceptor_superclass::Phenolic acids (C6-C1);acceptor_superclass::Phenylpropanoids (C6-C3);acceptor_superclass::Steroids	0,0,0,0,0,1,0,0,0,0,0,0,0,0,0,0,0,0,0,0,0,0,0	1,0,1,1,1,0,1,1,0,1,1,0,1,1,0,1,0,0,0,1,0,0,0	0.051902,-0.095313,0.016876,0.313480,0.046536,-0.015457,0.374412,0.164497,-0.133358,0.063615,0.120351,-0.192487,0.212849,0.102015,-0.089361,0.065212,-0.166238,-0.127027,-0.006399,0.140031,-0.243017,-0.052520,-0.135495
Vvin_AAT2_CBI26419.3	Vvin_AAT2_CBI26419.3	/content/drive/MyDrive/CS_5782_Final_Project/code_and_data/BAHD_lastLayer_embeddings/Vvin_AAT2_CBI26419.3_hidden_layer_steps10.pt	acceptor_superclass::Fatty acyls;acceptor_superclass::Phenylethanoids (C6-C2)	acceptor_superclass::Diterpenoids;acceptor_superclass::Fatty acyls;acceptor_superclass::Flavonoids;acceptor_superclass::Isoflavonoids;acceptor_superclass::Lignans;acceptor_superclass::Lysine alkaloids;acceptor_superclass::Phenanthrenoids;acceptor_superclass::Phenylethanoids (C6-C2);acceptor_superclass::Phenylpropanoids (C6-C3);acceptor_superclass::Saccharides;acceptor_superclass::Steroids;acceptor_superclass::Triterpenoids;acceptor_superclass::Tyrosine alkaloids	0,0,0,0,1,0,0,0,0,0,0,0,0,0,1,0,0,0,0,0,0,0,0	0,0,1,0,1,1,1,1,1,0,0,0,1,0,1,1,0,1,0,1,1,0,1	-0.022578,-0.020647,0.030924,-0.005503,0.028431,0.021797,0.023982,0.027042,0.020981,-0.010895,-0.003073,-0.037338,0.029294,-0.008554,0.010687,0.014747,-0.012423,0.017034,-0.004441,0.011177,0.004864,-0.028064,0.014506
Vvin_SHT_QNO39112.1	Vvin_SHT_QNO39112.1	/content/drive/MyDrive/CS_5782_Final_Project/code_and_data/BAHD_lastLayer_embeddings/Vvin_SHT_QNO39112.1_hidden_layer_steps10.pt	acceptor_superclass::Ornithine alkaloids	acceptor_superclass::Coumarins;acceptor_superclass::Cyclic polyketides;acceptor_superclass::Diterpenoids;acceptor_superclass::Fatty Acids and Conjugates;acceptor_superclass::Flavonoids;acceptor_superclass::Lignans;acceptor_superclass::Ornithine alkaloids;acceptor_superclass::Phenolic acids (C6-C1);acceptor_superclass::Pseudoalkaloids;acceptor_superclass::Saccharides;acceptor_superclass::Triterpenoids	0,0,0,0,0,0,0,0,0,0,0,1,0,0,0,0,0,0,0,0,0,0,0	1,1,1,1,0,1,0,1,0,0,0,1,0,1,0,0,1,1,0,0,1,0,0	0.007297,0.065000,0.007190,0.006382,-0.074517,0.009489,-0.078592,0.100263,-0.117863,-0.075700,-0.089727,0.059689,-0.061442,0.097676,-0.019492,-0.064985,0.088856,0.001948,-0.082610,-0.011369,0.242431,-0.225254,-0.023508
Wlon_BAT1_NA	Wlon_BAT1_NA	/content/drive/MyDrive/CS_5782_Final_Project/code_and_data/BAHD_lastLayer_embeddings/Wlon_BAT1_NA_hidden_layer_steps10.pt	acceptor_superclass::Monoterpenoids	acceptor_superclass::Coumarins;acceptor_superclass::Cyclic polyketides;acceptor_superclass::Flavonoids;acceptor_superclass::Isoflavonoids;acceptor_superclass::Lignans;acceptor_superclass::Lysine alkaloids;acceptor_superclass::Monoterpenoids;acceptor_superclass::Naphthalenes;acceptor_superclass::Ornithine alkaloids;acceptor_superclass::Phenanthrenoids;acceptor_superclass::Phenylpropanoids (C6-C3);acceptor_superclass::Pseudoalkaloids;acceptor_superclass::Saccharides;acceptor_superclass::Small peptides;acceptor_superclass::Tryptophan alkaloids;acceptor_superclass::Tyrosine alkaloids	0,0,0,0,0,0,0,0,0,1,0,0,0,0,0,0,0,0,0,0,0,0,0	1,1,0,0,0,1,1,1,1,1,1,1,1,0,0,1,1,1,1,0,0,1,1	0.103578,0.197445,-0.081448,-0.079707,-0.033580,0.005212,0.053624,0.035559,0.009789,0.065255,0.039990,0.011250,0.202563,-0.000772,-0.001187,0.015730,0.054336,0.068968,0.045381,-0.053620,-0.053676,0.061322,0.069850
Wlon_BAT2_NA	Wlon_BAT2_NA	/content/drive/MyDrive/CS_5782_Final_Project/code_and_data/BAHD_lastLayer_embeddings/Wlon_BAT2_NA_hidden_layer_steps10.pt	acceptor_superclass::Monoterpenoids	acceptor_superclass::Diterpenoids;acceptor_superclass::Fatty acyls;acceptor_superclass::Flavonoids;acceptor_superclass::Isoflavonoids;acceptor_superclass::Lignans;acceptor_superclass::Lysine alkaloids;acceptor_superclass::Phenanthrenoids;acceptor_superclass::Phenylethanoids (C6-C2);acceptor_superclass::Phenylpropanoids (C6-C3);acceptor_superclass::Saccharides;acceptor_superclass::Steroids;acceptor_superclass::Triterpenoids;acceptor_superclass::Tyrosine alkaloids	0,0,0,0,0,0,0,0,0,1,0,0,0,0,0,0,0,0,0,0,0,0,0	0,0,1,0,1,1,1,1,1,0,0,0,1,0,1,1,0,1,0,1,1,0,1	-0.022578,-0.020647,0.030924,-0.005503,0.028431,0.021797,0.023982,0.027042,0.020981,-0.010895,-0.003073,-0.037338,0.029294,-0.008554,0.010687,0.014747,-0.012423,0.017034,-0.004441,0.011177,0.004864,-0.028064,0.014506
Wlon_BAT3_NA	Wlon_BAT3_NA	/content/drive/MyDrive/CS_5782_Final_Project/code_and_data/BAHD_lastLayer_embeddings/Wlon_BAT3_NA_hidden_layer_steps10.pt	acceptor_superclass::Monoterpenoids	acceptor_superclass::Coumarins;acceptor_superclass::Cyclic polyketides;acceptor_superclass::Flavonoids;acceptor_superclass::Isoflavonoids;acceptor_superclass::Lignans;acceptor_superclass::Lysine alkaloids;acceptor_superclass::Monoterpenoids;acceptor_superclass::Naphthalenes;acceptor_superclass::Ornithine alkaloids;acceptor_superclass::Phenanthrenoids;acceptor_superclass::Phenylpropanoids (C6-C3);acceptor_superclass::Pseudoalkaloids;acceptor_superclass::Saccharides;acceptor_superclass::Small peptides;acceptor_superclass::Tryptophan alkaloids;acceptor_superclass::Tyrosine alkaloids	0,0,0,0,0,0,0,0,0,1,0,0,0,0,0,0,0,0,0,0,0,0,0	1,1,0,0,0,1,1,1,1,1,1,1,1,0,0,1,1,1,1,0,0,1,1	0.103578,0.197445,-0.081448,-0.079707,-0.033580,0.005212,0.053624,0.035559,0.009789,0.065255,0.039990,0.011250,0.202563,-0.000772,-0.001186,0.015730,0.054336,0.068968,0.045381,-0.053620,-0.053676,0.061322,0.069850
Wvil_BAT1_WvBAHD8	Wvil_BAT1_WvBAHD8	/content/drive/MyDrive/CS_5782_Final_Project/code_and_data/BAHD_lastLayer_embeddings/Wvil_BAT1_WvBAHD8_hidden_layer_steps10.pt	acceptor_superclass::Monoterpenoids	acceptor_superclass::Coumarins;acceptor_superclass::Diterpenoids;acceptor_superclass::Fatty Acids and Conjugates;acceptor_superclass::Fatty acyls;acceptor_superclass::Isoflavonoids;acceptor_superclass::Lignans;acceptor_superclass::Monoterpenoids;acceptor_superclass::Naphthalenes;acceptor_superclass::Phenanthrenoids;acceptor_superclass::Phenolic acids (C6-C1);acceptor_superclass::Phenylpropanoids (C6-C3);acceptor_superclass::Steroids	0,0,0,0,0,0,0,0,0,1,0,0,0,0,0,0,0,0,0,0,0,0,0	1,0,1,1,1,0,1,1,0,1,1,0,1,1,0,1,0,0,0,1,0,0,0	0.051901,-0.095316,0.016876,0.313478,0.046537,-0.015457,0.374411,0.164496,-0.133358,0.063614,0.120351,-0.192484,0.212852,0.102015,-0.089360,0.065212,-0.166238,-0.127024,-0.006399,0.140029,-0.243017,-0.052516,-0.135496
Wvil_BAT2_WvBAHD14	Wvil_BAT2_WvBAHD14	/content/drive/MyDrive/CS_5782_Final_Project/code_and_data/BAHD_lastLayer_embeddings/Wvil_BAT2_WvBAHD14_hidden_layer_steps10.pt	acceptor_superclass::Monoterpenoids	acceptor_superclass::Diterpenoids;acceptor_superclass::Fatty acyls;acceptor_superclass::Flavonoids;acceptor_superclass::Isoflavonoids;acceptor_superclass::Lignans;acceptor_superclass::Lysine alkaloids;acceptor_superclass::Phenanthrenoids;acceptor_superclass::Phenylethanoids (C6-C2);acceptor_superclass::Phenylpropanoids (C6-C3);acceptor_superclass::Saccharides;acceptor_superclass::Steroids;acceptor_superclass::Triterpenoids;acceptor_superclass::Tyrosine alkaloids	0,0,0,0,0,0,0,0,0,1,0,0,0,0,0,0,0,0,0,0,0,0,0	0,0,1,0,1,1,1,1,1,0,0,0,1,0,1,1,0,1,0,1,1,0,1	-0.022578,-0.020647,0.030924,-0.005503,0.028431,0.021797,0.023982,0.027042,0.020981,-0.010895,-0.003073,-0.037337,0.029294,-0.008554,0.010687,0.014747,-0.012423,0.017034,-0.004441,0.011177,0.004864,-0.028064,0.014506
Wvil_BAT3_WvBAHD39	Wvil_BAT3_WvBAHD39	/content/drive/MyDrive/CS_5782_Final_Project/code_and_data/BAHD_lastLayer_embeddings/Wvil_BAT3_WvBAHD39_hidden_layer_steps10.pt	acceptor_superclass::Monoterpenoids	acceptor_superclass::Coumarins;acceptor_superclass::Cyclic polyketides;acceptor_superclass::Diterpenoids;acceptor_superclass::Fatty Acids and Conjugates;acceptor_superclass::Flavonoids;acceptor_superclass::Lignans;acceptor_superclass::Ornithine alkaloids;acceptor_superclass::Phenolic acids (C6-C1);acceptor_superclass::Pseudoalkaloids;acceptor_superclass::Saccharides;acceptor_superclass::Triterpenoids	0,0,0,0,0,0,0,0,0,1,0,0,0,0,0,0,0,0,0,0,0,0,0	1,1,1,1,0,1,0,1,0,0,0,1,0,1,0,0,1,1,0,0,1,0,0	0.007297,0.064999,0.007190,0.006382,-0.074517,0.009489,-0.078592,0.100263,-0.117863,-0.075700,-0.089727,0.059689,-0.061441,0.097676,-0.019491,-0.064985,0.088856,0.001948,-0.082609,-0.011369,0.242431,-0.225254,-0.023508
Wvil_BAT4_WvBAHD40	Wvil_BAT4_WvBAHD40	/content/drive/MyDrive/CS_5782_Final_Project/code_and_data/BAHD_lastLayer_embeddings/Wvil_BAT4_WvBAHD40_hidden_layer_steps10.pt	acceptor_superclass::Monoterpenoids	acceptor_superclass::Coumarins;acceptor_superclass::Cyclic polyketides;acceptor_superclass::Flavonoids;acceptor_superclass::Monoterpenoids;acceptor_superclass::Phenylethanoids (C6-C2);acceptor_superclass::Phenylpropanoids (C6-C3);acceptor_superclass::Saccharides;acceptor_superclass::Small peptides;acceptor_superclass::Tryptophan alkaloids;acceptor_superclass::Tyrosine alkaloids	0,0,0,0,0,0,0,0,0,1,0,0,0,0,0,0,0,0,0,0,0,0,0	1,1,0,0,0,1,0,0,0,1,0,0,0,0,1,1,0,1,1,0,0,1,1	0.134297,0.045496,-0.017216,-0.013915,-0.007559,0.047085,-0.030451,-0.005764,-0.045269,0.009238,-0.070009,-0.009879,-0.041998,-0.006754,0.028504,0.007573,-0.005475,0.027912,0.051142,-0.042927,-0.009991,0.092678,0.143618
Wvil_BAT5_WvBAHD50	Wvil_BAT5_WvBAHD50	/content/drive/MyDrive/CS_5782_Final_Project/code_and_data/BAHD_lastLayer_embeddings/Wvil_BAT5_WvBAHD50_hidden_layer_steps10.pt	acceptor_superclass::Monoterpenoids	acceptor_superclass::Coumarins;acceptor_superclass::Cyclic polyketides;acceptor_superclass::Flavonoids;acceptor_superclass::Monoterpenoids;acceptor_superclass::Phenylethanoids (C6-C2);acceptor_superclass::Phenylpropanoids (C6-C3);acceptor_superclass::Saccharides;acceptor_superclass::Small peptides;acceptor_superclass::Tryptophan alkaloids;acceptor_superclass::Tyrosine alkaloids	0,0,0,0,0,0,0,0,0,1,0,0,0,0,0,0,0,0,0,0,0,0,0	1,1,0,0,0,1,0,0,0,1,0,0,0,0,1,1,0,1,1,0,0,1,1	0.134297,0.045496,-0.017216,-0.013915,-0.007559,0.047085,-0.030451,-0.005764,-0.045269,0.009238,-0.070009,-0.009879,-0.041999,-0.006754,0.028504,0.007573,-0.005475,0.027912,0.051142,-0.042927,-0.009991,0.092678,0.143618
Wvil_BAT6_WvBAHD28	Wvil_BAT6_WvBAHD28	/content/drive/MyDrive/CS_5782_Final_Project/code_and_data/BAHD_lastLayer_embeddings/Wvil_BAT6_WvBAHD28_hidden_layer_steps10.pt	acceptor_superclass::Monoterpenoids	acceptor_superclass::Coumarins;acceptor_superclass::Diterpenoids;acceptor_superclass::Fatty Acids and Conjugates;acceptor_superclass::Fatty acyls;acceptor_superclass::Isoflavonoids;acceptor_superclass::Lignans;acceptor_superclass::Monoterpenoids;acceptor_superclass::Naphthalenes;acceptor_superclass::Phenanthrenoids;acceptor_superclass::Phenolic acids (C6-C1);acceptor_superclass::Phenylpropanoids (C6-C3);acceptor_superclass::Steroids	0,0,0,0,0,0,0,0,0,1,0,0,0,0,0,0,0,0,0,0,0,0,0	1,0,1,1,1,0,1,1,0,1,1,0,1,1,0,1,0,0,0,1,0,0,0	0.051901,-0.095314,0.016876,0.313479,0.046537,-0.015457,0.374412,0.164497,-0.133358,0.063614,0.120351,-0.192485,0.212850,0.102015,-0.089361,0.065212,-0.166238,-0.127026,-0.006399,0.140030,-0.243017,-0.052518,-0.135495
Zmay_AAT1_ONM11762.1	Zmay_AAT1_ONM11762.1	/content/drive/MyDrive/CS_5782_Final_Project/code_and_data/BAHD_lastLayer_embeddings/Zmay_AAT1_ONM11762.1_hidden_layer_steps10.pt	acceptor_superclass::Flavonoids	acceptor_superclass::Coumarins;acceptor_superclass::Diterpenoids;acceptor_superclass::Fatty Acids and Conjugates;acceptor_superclass::Fatty acyls;acceptor_superclass::Isoflavonoids;acceptor_superclass::Lignans;acceptor_superclass::Monoterpenoids;acceptor_superclass::Naphthalenes;acceptor_superclass::Phenanthrenoids;acceptor_superclass::Phenolic acids (C6-C1);acceptor_superclass::Phenylpropanoids (C6-C3);acceptor_superclass::Steroids	0,0,0,0,0,1,0,0,0,0,0,0,0,0,0,0,0,0,0,0,0,0,0	1,0,1,1,1,0,1,1,0,1,1,0,1,1,0,1,0,0,0,1,0,0,0	0.051902,-0.095313,0.016876,0.313480,0.046536,-0.015457,0.374412,0.164497,-0.133358,0.063615,0.120351,-0.192487,0.212849,0.102015,-0.089361,0.065212,-0.166238,-0.127027,-0.006399,0.140031,-0.243017,-0.052519,-0.135495
Zmay_CAT_ACF87722.1	Zmay_CAT_ACF87722.1	/content/drive/MyDrive/CS_5782_Final_Project/code_and_data/BAHD_lastLayer_embeddings/Zmay_CAT_ACF87722.1_hidden_layer_steps10.pt		acceptor_superclass::Coumarins;acceptor_superclass::Cyclic polyketides;acceptor_superclass::Diterpenoids;acceptor_superclass::Fatty Acids and Conjugates;acceptor_superclass::Flavonoids;acceptor_superclass::Lignans;acceptor_superclass::Ornithine alkaloids;acceptor_superclass::Phenolic acids (C6-C1);acceptor_superclass::Pseudoalkaloids;acceptor_superclass::Saccharides;acceptor_superclass::Triterpenoids	0,0,0,0,0,0,0,0,0,0,0,0,0,0,0,0,0,0,0,0,0,0,0	1,1,1,1,0,1,0,1,0,0,0,1,0,1,0,0,1,1,0,0,1,0,0	0.007297,0.065000,0.007190,0.006382,-0.074517,0.009489,-0.078592,0.100263,-0.117863,-0.075700,-0.089727,0.059689,-0.061442,0.097676,-0.019491,-0.064985,0.088856,0.001948,-0.082609,-0.011369,0.242431,-0.225254,-0.023508
Zmay_FMT_AQK78565.1	Zmay_FMT_AQK78565.1	/content/drive/MyDrive/CS_5782_Final_Project/code_and_data/BAHD_lastLayer_embeddings/Zmay_FMT_AQK78565.1_hidden_layer_steps10.pt	acceptor_superclass::Phenylpropanoids (C6-C3)	acceptor_superclass::Coumarins;acceptor_superclass::Cyclic polyketides;acceptor_superclass::Diterpenoids;acceptor_superclass::Fatty Acids and Conjugates;acceptor_superclass::Flavonoids;acceptor_superclass::Lignans;acceptor_superclass::Ornithine alkaloids;acceptor_superclass::Phenolic acids (C6-C1);acceptor_superclass::Pseudoalkaloids;acceptor_superclass::Saccharides;acceptor_superclass::Triterpenoids	0,0,0,0,0,0,0,0,0,0,0,0,0,0,0,1,0,0,0,0,0,0,0	1,1,1,1,0,1,0,1,0,0,0,1,0,1,0,0,1,1,0,0,1,0,0	0.007297,0.065000,0.007190,0.006382,-0.074517,0.009489,-0.078592,0.100263,-0.117863,-0.075700,-0.089727,0.059689,-0.061442,0.097676,-0.019491,-0.064985,0.088856,0.001948,-0.082609,-0.011369,0.242431,-0.225254,-0.023508
