fasta_id	enzyme_id	true_labels	predicted_labels	true_vector	pred_vector	score_vector
Aagr_HCT6_QPI70575.1	Aagr_HCT6_QPI70575.1	acceptor_superclass::Phenolic acids (C6-C1);acceptor_superclass::Small peptides	acceptor_superclass::Cyclic polyketides;acceptor_superclass::Flavonoids;acceptor_superclass::Isoflavonoids;acceptor_superclass::Lignans;acceptor_superclass::Monoterpenoids;acceptor_superclass::Naphthalenes;acceptor_superclass::Phenolic acids (C6-C1);acceptor_superclass::Phenylpropanoids (C6-C3);acceptor_superclass::Pseudoalkaloids;acceptor_superclass::Saccharides;acceptor_superclass::Steroids;acceptor_superclass::Tyrosine alkaloids	0,0,0,0,0,0,0,0,0,0,0,0,0,1,0,0,0,0,1,0,0,0,0	0,1,0,0,0,1,1,1,0,1,1,0,0,1,0,1,1,1,0,1,0,0,1	-0.001604,0.011545,-0.002240,-0.021621,-0.027456,0.020044,0.005085,0.018742,-0.000975,0.019054,0.003730,-0.020082,-0.001824,0.026218,-0.017834,0.006949,0.008211,0.009342,-0.000267,0.018377,-0.015654,-0.006252,0.006013
Aagr_HFT-like_Aagr000038l.49.1	Aagr_HFT-like_Aagr000038l.49.1	acceptor_superclass::Fatty Acids and Conjugates	acceptor_superclass::Coumarins;acceptor_superclass::Fatty acyls;acceptor_superclass::Flavonoids;acceptor_superclass::Lignans;acceptor_superclass::Lysine alkaloids;acceptor_superclass::Monoterpenoids;acceptor_superclass::Naphthalenes;acceptor_superclass::Ornithine alkaloids;acceptor_superclass::Phenanthrenoids;acceptor_superclass::Phenylethanoids (C6-C2);acceptor_superclass::Phenylpropanoids (C6-C3);acceptor_superclass::Pseudoalkaloids;acceptor_superclass::Small peptides;acceptor_superclass::Tryptophan alkaloids;acceptor_superclass::Tyrosine alkaloids	0,0,0,1,0,0,0,0,0,0,0,0,0,0,0,0,0,0,0,0,0,0,0	1,0,0,0,1,1,0,1,1,1,1,1,1,0,1,1,1,0,1,0,0,1,1	0.035011,-0.002635,-0.020310,-0.002492,0.011199,0.038432,-0.029586,0.032514,0.041839,0.016638,0.018087,0.001000,0.016582,-0.026216,0.024911,0.002946,0.027180,-0.035133,0.003576,-0.034486,-0.040607,0.014074,0.011821
Abel_TS_WPF47615.1	Abel_TS_WPF47615.1		acceptor_superclass::Coumarins;acceptor_superclass::Diterpenoids;acceptor_superclass::Fatty acyls;acceptor_superclass::Flavonoids;acceptor_superclass::Isoflavonoids;acceptor_superclass::Lignans;acceptor_superclass::Lysine alkaloids;acceptor_superclass::Monoterpenoids;acceptor_superclass::Ornithine alkaloids;acceptor_superclass::Phenanthrenoids;acceptor_superclass::Phenolic acids (C6-C1);acceptor_superclass::Phenylpropanoids (C6-C3);acceptor_superclass::Pseudoalkaloids;acceptor_superclass::Saccharides;acceptor_superclass::Small peptides;acceptor_superclass::Steroids;acceptor_superclass::Triterpenoids	0,0,0,0,0,0,0,0,0,0,0,0,0,0,0,0,0,0,0,0,0,0,0	1,0,1,0,1,1,1,1,1,1,0,1,1,1,0,1,1,1,1,1,1,0,0	0.026834,-0.009815,0.002884,-0.004059,0.004328,0.006375,0.003347,0.025902,0.008222,0.030015,-0.000952,0.017875,0.034087,0.001815,-0.028551,0.003741,0.012326,0.029014,0.011143,0.018244,0.005304,-0.022621,-0.004317
Achi_AT16_PSS01274.1	Achi_AT16_PSS01274.1	acceptor_superclass::Fatty acyls	acceptor_superclass::Coumarins;acceptor_superclass::Fatty acyls;acceptor_superclass::Flavonoids;acceptor_superclass::Lignans;acceptor_superclass::Lysine alkaloids;acceptor_superclass::Monoterpenoids;acceptor_superclass::Naphthalenes;acceptor_superclass::Ornithine alkaloids;acceptor_superclass::Phenanthrenoids;acceptor_superclass::Phenylethanoids (C6-C2);acceptor_superclass::Phenylpropanoids (C6-C3);acceptor_superclass::Pseudoalkaloids;acceptor_superclass::Small peptides;acceptor_superclass::Tryptophan alkaloids;acceptor_superclass::Tyrosine alkaloids	0,0,0,0,1,0,0,0,0,0,0,0,0,0,0,0,0,0,0,0,0,0,0	1,0,0,0,1,1,0,1,1,1,1,1,1,0,1,1,1,0,1,0,0,1,1	0.035011,-0.002635,-0.020310,-0.002492,0.011199,0.038432,-0.029586,0.032514,0.041839,0.016638,0.018087,0.001000,0.016582,-0.026216,0.024911,0.002946,0.027180,-0.035133,0.003576,-0.034486,-0.040607,0.014074,0.011821
Achi_FHT_PSR89440.1	Achi_FHT_PSR89440.1	acceptor_superclass::Fatty Acids and Conjugates;acceptor_superclass::Fatty acyls	acceptor_superclass::Coumarins;acceptor_superclass::Diterpenoids;acceptor_superclass::Fatty Acids and Conjugates;acceptor_superclass::Fatty acyls;acceptor_superclass::Flavonoids;acceptor_superclass::Lignans;acceptor_superclass::Lysine alkaloids;acceptor_superclass::Monoterpenoids;acceptor_superclass::Naphthalenes;acceptor_superclass::Phenanthrenoids;acceptor_superclass::Phenolic acids (C6-C1);acceptor_superclass::Phenylethanoids (C6-C2);acceptor_superclass::Phenylpropanoids (C6-C3);acceptor_superclass::Pseudoalkaloids;acceptor_superclass::Saccharides;acceptor_superclass::Small peptides;acceptor_superclass::Steroids;acceptor_superclass::Triterpenoids;acceptor_superclass::Tryptophan alkaloids;acceptor_superclass::Tyrosine alkaloids	0,0,0,1,1,0,0,0,0,0,0,0,0,0,0,0,0,0,0,0,0,0,0	1,0,1,1,1,1,0,1,1,1,1,0,1,1,1,1,1,1,1,1,1,1,1	0.017714,-0.016186,0.012905,0.015746,0.002605,0.001264,-0.003098,0.001299,0.010091,0.006331,0.011785,-0.003165,0.011432,0.002647,0.001798,0.002731,0.013009,0.015514,0.006776,0.015548,0.009116,0.002635,0.002657
Aeri_AT9_AIC83789.1	Aeri_AT9_AIC83789.1	acceptor_superclass::Fatty acyls	acceptor_superclass::Coumarins;acceptor_superclass::Diterpenoids;acceptor_superclass::Fatty Acids and Conjugates;acceptor_superclass::Fatty acyls;acceptor_superclass::Flavonoids;acceptor_superclass::Lignans;acceptor_superclass::Lysine alkaloids;acceptor_superclass::Monoterpenoids;acceptor_superclass::Naphthalenes;acceptor_superclass::Phenanthrenoids;acceptor_superclass::Phenolic acids (C6-C1);acceptor_superclass::Phenylethanoids (C6-C2);acceptor_superclass::Phenylpropanoids (C6-C3);acceptor_superclass::Pseudoalkaloids;acceptor_superclass::Saccharides;acceptor_superclass::Small peptides;acceptor_superclass::Steroids;acceptor_superclass::Triterpenoids;acceptor_superclass::Tryptophan alkaloids;acceptor_superclass::Tyrosine alkaloids	0,0,0,0,1,0,0,0,0,0,0,0,0,0,0,0,0,0,0,0,0,0,0	1,0,1,1,1,1,0,1,1,1,1,0,1,1,1,1,1,1,1,1,1,1,1	0.017715,-0.016186,0.012908,0.015746,0.002598,0.001249,-0.003095,0.001298,0.010093,0.006339,0.011775,-0.003176,0.011432,0.002647,0.001797,0.002717,0.013009,0.015518,0.006768,0.015551,0.009115,0.002626,0.002654
Aeuc_AAT1_BDW80083.1	Aeuc_AAT1_BDW80083.1	acceptor_superclass::Naphthalenes	acceptor_superclass::Coumarins;acceptor_superclass::Diterpenoids;acceptor_superclass::Fatty Acids and Conjugates;acceptor_superclass::Fatty acyls;acceptor_superclass::Flavonoids;acceptor_superclass::Lignans;acceptor_superclass::Lysine alkaloids;acceptor_superclass::Monoterpenoids;acceptor_superclass::Naphthalenes;acceptor_superclass::Phenanthrenoids;acceptor_superclass::Phenolic acids (C6-C1);acceptor_superclass::Phenylethanoids (C6-C2);acceptor_superclass::Phenylpropanoids (C6-C3);acceptor_superclass::Pseudoalkaloids;acceptor_superclass::Saccharides;acceptor_superclass::Small peptides;acceptor_superclass::Steroids;acceptor_superclass::Triterpenoids;acceptor_superclass::Tryptophan alkaloids;acceptor_superclass::Tyrosine alkaloids	0,0,0,0,0,0,0,0,0,0,1,0,0,0,0,0,0,0,0,0,0,0,0	1,0,1,1,1,1,0,1,1,1,1,0,1,1,1,1,1,1,1,1,1,1,1	0.017713,-0.016186,0.012905,0.015746,0.002605,0.001264,-0.003098,0.001298,0.010090,0.006330,0.011786,-0.003165,0.011432,0.002647,0.001798,0.002732,0.013009,0.015514,0.006776,0.015548,0.009116,0.002635,0.002657
Aeuc_AAT2_BDW80089.1	Aeuc_AAT2_BDW80089.1	acceptor_superclass::Naphthalenes	acceptor_superclass::Coumarins;acceptor_superclass::Fatty acyls;acceptor_superclass::Flavonoids;acceptor_superclass::Lignans;acceptor_superclass::Lysine alkaloids;acceptor_superclass::Monoterpenoids;acceptor_superclass::Naphthalenes;acceptor_superclass::Ornithine alkaloids;acceptor_superclass::Phenanthrenoids;acceptor_superclass::Phenylethanoids (C6-C2);acceptor_superclass::Phenylpropanoids (C6-C3);acceptor_superclass::Pseudoalkaloids;acceptor_superclass::Small peptides;acceptor_superclass::Tryptophan alkaloids;acceptor_superclass::Tyrosine alkaloids	0,0,0,0,0,0,0,0,0,0,1,0,0,0,0,0,0,0,0,0,0,0,0	1,0,0,0,1,1,0,1,1,1,1,1,1,0,1,1,1,0,1,0,0,1,1	0.035011,-0.002635,-0.020310,-0.002492,0.011199,0.038432,-0.029586,0.032514,0.041839,0.016638,0.018087,0.001000,0.016582,-0.026216,0.024911,0.002946,0.027180,-0.035133,0.003576,-0.034486,-0.040607,0.014074,0.011821
Aeuc_SAT2_BDW80080.1	Aeuc_SAT2_BDW80080.1	acceptor_superclass::Naphthalenes	acceptor_superclass::Diterpenoids;acceptor_superclass::Fatty Acids and Conjugates;acceptor_superclass::Lignans;acceptor_superclass::Lysine alkaloids;acceptor_superclass::Ornithine alkaloids;acceptor_superclass::Phenolic acids (C6-C1);acceptor_superclass::Phenylethanoids (C6-C2);acceptor_superclass::Phenylpropanoids (C6-C3);acceptor_superclass::Pseudoalkaloids;acceptor_superclass::Tryptophan alkaloids;acceptor_superclass::Tyrosine alkaloids	0,0,0,0,0,0,0,0,0,0,1,0,0,0,0,0,0,0,0,0,0,0,0	0,0,1,1,0,0,0,1,1,0,0,1,0,1,1,1,1,0,0,0,0,1,1	-0.014331,-0.013549,0.011055,0.004201,-0.013830,-0.009397,-0.012567,0.017289,0.002828,-0.004479,-0.014983,0.004450,-0.026404,0.010797,0.010820,0.009444,0.019164,-0.000513,-0.009680,-0.004868,-0.006248,0.014364,0.001638
Amem_AT7-3_WMQ79387.1	Amem_AT7-3_WMQ79387.1	acceptor_superclass::Triterpenoids	acceptor_superclass::Cyclic polyketides;acceptor_superclass::Flavonoids;acceptor_superclass::Isoflavonoids;acceptor_superclass::Lignans;acceptor_superclass::Monoterpenoids;acceptor_superclass::Naphthalenes;acceptor_superclass::Phenolic acids (C6-C1);acceptor_superclass::Phenylpropanoids (C6-C3);acceptor_superclass::Pseudoalkaloids;acceptor_superclass::Saccharides;acceptor_superclass::Steroids;acceptor_superclass::Tyrosine alkaloids	0,0,0,0,0,0,0,0,0,0,0,0,0,0,0,0,0,0,0,0,1,0,0	0,1,0,0,0,1,1,1,0,1,1,0,0,1,0,1,1,1,0,1,0,0,1	-0.001599,0.011547,-0.002240,-0.021620,-0.027442,0.020042,0.005087,0.018741,-0.000977,0.019053,0.003723,-0.020093,-0.001830,0.026219,-0.017839,0.006950,0.008216,0.009344,-0.000280,0.018384,-0.015657,-0.006257,0.006013
Arac_HPT1_QAA12830.1	Arac_HPT1_QAA12830.1	acceptor_superclass::Phenylpropanoids (C6-C3)	acceptor_superclass::Coumarins;acceptor_superclass::Diterpenoids;acceptor_superclass::Fatty acyls;acceptor_superclass::Flavonoids;acceptor_superclass::Isoflavonoids;acceptor_superclass::Lignans;acceptor_superclass::Lysine alkaloids;acceptor_superclass::Monoterpenoids;acceptor_superclass::Ornithine alkaloids;acceptor_superclass::Phenanthrenoids;acceptor_superclass::Phenolic acids (C6-C1);acceptor_superclass::Phenylpropanoids (C6-C3);acceptor_superclass::Pseudoalkaloids;acceptor_superclass::Saccharides;acceptor_superclass::Small peptides;acceptor_superclass::Steroids;acceptor_superclass::Triterpenoids	0,0,0,0,0,0,0,0,0,0,0,0,0,0,0,1,0,0,0,0,0,0,0	1,0,1,0,1,1,1,1,1,1,0,1,1,1,0,1,1,1,1,1,1,0,0	0.026834,-0.009815,0.002884,-0.004058,0.004328,0.006375,0.003347,0.025902,0.008222,0.030014,-0.000953,0.017876,0.034087,0.001815,-0.028551,0.003741,0.012325,0.029015,0.011142,0.018244,0.005304,-0.022620,-0.004317
Asat_HCBT_BAC78635.1	Asat_HCBT_BAC78635.1	acceptor_superclass::Small peptides	acceptor_superclass::Coumarins;acceptor_superclass::Diterpenoids;acceptor_superclass::Fatty Acids and Conjugates;acceptor_superclass::Fatty acyls;acceptor_superclass::Flavonoids;acceptor_superclass::Lignans;acceptor_superclass::Lysine alkaloids;acceptor_superclass::Monoterpenoids;acceptor_superclass::Naphthalenes;acceptor_superclass::Phenanthrenoids;acceptor_superclass::Phenolic acids (C6-C1);acceptor_superclass::Phenylethanoids (C6-C2);acceptor_superclass::Phenylpropanoids (C6-C3);acceptor_superclass::Pseudoalkaloids;acceptor_superclass::Saccharides;acceptor_superclass::Small peptides;acceptor_superclass::Steroids;acceptor_superclass::Triterpenoids;acceptor_superclass::Tryptophan alkaloids;acceptor_superclass::Tyrosine alkaloids	0,0,0,0,0,0,0,0,0,0,0,0,0,0,0,0,0,0,1,0,0,0,0	1,0,1,1,1,1,0,1,1,1,1,0,1,1,1,1,1,1,1,1,1,1,1	0.017713,-0.016186,0.012904,0.015746,0.002607,0.001271,-0.003099,0.001298,0.010089,0.006327,0.011789,-0.003161,0.011432,0.002647,0.001800,0.002737,0.013010,0.015512,0.006779,0.015547,0.009117,0.002638,0.002659
Asat_HHT1_BAC78633.1	Asat_HHT1_BAC78633.1	acceptor_superclass::Phenolic acids (C6-C1)	acceptor_superclass::Cyclic polyketides;acceptor_superclass::Flavonoids;acceptor_superclass::Isoflavonoids;acceptor_superclass::Lignans;acceptor_superclass::Monoterpenoids;acceptor_superclass::Naphthalenes;acceptor_superclass::Phenolic acids (C6-C1);acceptor_superclass::Phenylpropanoids (C6-C3);acceptor_superclass::Pseudoalkaloids;acceptor_superclass::Saccharides;acceptor_superclass::Steroids;acceptor_superclass::Tyrosine alkaloids	0,0,0,0,0,0,0,0,0,0,0,0,0,1,0,0,0,0,0,0,0,0,0	0,1,0,0,0,1,1,1,0,1,1,0,0,1,0,1,1,1,0,1,0,0,1	-0.001605,0.011545,-0.002240,-0.021621,-0.027457,0.020045,0.005085,0.018742,-0.000975,0.019054,0.003730,-0.020081,-0.001824,0.026217,-0.017834,0.006949,0.008210,0.009342,-0.000266,0.018377,-0.015654,-0.006251,0.006013
Asat_HHT4_QDC27803.1	Asat_HHT4_QDC27803.1	acceptor_superclass::Phenolic acids (C6-C1)	acceptor_superclass::Coumarins;acceptor_superclass::Diterpenoids;acceptor_superclass::Fatty Acids and Conjugates;acceptor_superclass::Fatty acyls;acceptor_superclass::Flavonoids;acceptor_superclass::Lignans;acceptor_superclass::Lysine alkaloids;acceptor_superclass::Monoterpenoids;acceptor_superclass::Naphthalenes;acceptor_superclass::Phenanthrenoids;acceptor_superclass::Phenolic acids (C6-C1);acceptor_superclass::Phenylethanoids (C6-C2);acceptor_superclass::Phenylpropanoids (C6-C3);acceptor_superclass::Pseudoalkaloids;acceptor_superclass::Saccharides;acceptor_superclass::Small peptides;acceptor_superclass::Steroids;acceptor_superclass::Triterpenoids;acceptor_superclass::Tryptophan alkaloids;acceptor_superclass::Tyrosine alkaloids	0,0,0,0,0,0,0,0,0,0,0,0,0,1,0,0,0,0,0,0,0,0,0	1,0,1,1,1,1,0,1,1,1,1,0,1,1,1,1,1,1,1,1,1,1,1	0.017713,-0.016186,0.012904,0.015746,0.002607,0.001270,-0.003099,0.001298,0.010089,0.006327,0.011789,-0.003161,0.011432,0.002647,0.001799,0.002736,0.013010,0.015512,0.006779,0.015547,0.009117,0.002637,0.002658
Asch_AKS1_URS65387.1	Asch_AKS1_URS65387.1	acceptor_superclass::Tryptophan alkaloids	acceptor_superclass::Cyclic polyketides;acceptor_superclass::Flavonoids;acceptor_superclass::Isoflavonoids;acceptor_superclass::Lignans;acceptor_superclass::Monoterpenoids;acceptor_superclass::Naphthalenes;acceptor_superclass::Phenolic acids (C6-C1);acceptor_superclass::Phenylpropanoids (C6-C3);acceptor_superclass::Pseudoalkaloids;acceptor_superclass::Saccharides;acceptor_superclass::Steroids;acceptor_superclass::Tyrosine alkaloids	0,0,0,0,0,0,0,0,0,0,0,0,0,0,0,0,0,0,0,0,0,1,0	0,1,0,0,0,1,1,1,0,1,1,0,0,1,0,1,1,1,0,1,0,0,1	-0.001603,0.011546,-0.002240,-0.021621,-0.027452,0.020044,0.005085,0.018742,-0.000976,0.019054,0.003728,-0.020085,-0.001826,0.026218,-0.017836,0.006949,0.008212,0.009343,-0.000271,0.018379,-0.015655,-0.006253,0.006013
Asch_AKS2_URS65388.1	Asch_AKS2_URS65388.1	acceptor_superclass::Tryptophan alkaloids	acceptor_superclass::Coumarins;acceptor_superclass::Fatty acyls;acceptor_superclass::Flavonoids;acceptor_superclass::Lignans;acceptor_superclass::Lysine alkaloids;acceptor_superclass::Monoterpenoids;acceptor_superclass::Naphthalenes;acceptor_superclass::Ornithine alkaloids;acceptor_superclass::Phenanthrenoids;acceptor_superclass::Phenylethanoids (C6-C2);acceptor_superclass::Phenylpropanoids (C6-C3);acceptor_superclass::Pseudoalkaloids;acceptor_superclass::Small peptides;acceptor_superclass::Tryptophan alkaloids;acceptor_superclass::Tyrosine alkaloids	0,0,0,0,0,0,0,0,0,0,0,0,0,0,0,0,0,0,0,0,0,1,0	1,0,0,0,1,1,0,1,1,1,1,1,1,0,1,1,1,0,1,0,0,1,1	0.035011,-0.002635,-0.020310,-0.002492,0.011199,0.038432,-0.029586,0.032514,0.041839,0.016638,0.018087,0.001000,0.016582,-0.026216,0.024911,0.002946,0.027180,-0.035134,0.003576,-0.034486,-0.040607,0.014074,0.011821
Asin_FMT_AHL24755.1	Asin_FMT_AHL24755.1	acceptor_superclass::Phenylpropanoids (C6-C3)	acceptor_superclass::Cyclic polyketides;acceptor_superclass::Flavonoids;acceptor_superclass::Isoflavonoids;acceptor_superclass::Lignans;acceptor_superclass::Monoterpenoids;acceptor_superclass::Naphthalenes;acceptor_superclass::Phenolic acids (C6-C1);acceptor_superclass::Phenylpropanoids (C6-C3);acceptor_superclass::Pseudoalkaloids;acceptor_superclass::Saccharides;acceptor_superclass::Steroids;acceptor_superclass::Tyrosine alkaloids	0,0,0,0,0,0,0,0,0,0,0,0,0,0,0,1,0,0,0,0,0,0,0	0,1,0,0,0,1,1,1,0,1,1,0,0,1,0,1,1,1,0,1,0,0,1	-0.001602,0.011546,-0.002240,-0.021621,-0.027450,0.020044,0.005086,0.018741,-0.000976,0.019054,0.003727,-0.020087,-0.001827,0.026218,-0.017836,0.006949,0.008213,0.009343,-0.000273,0.018380,-0.015655,-0.006254,0.006013
Atha_3AT1_AEE27636.1	Atha_3AT1_AEE27636.1	acceptor_superclass::Flavonoids	acceptor_superclass::Coumarins;acceptor_superclass::Diterpenoids;acceptor_superclass::Fatty Acids and Conjugates;acceptor_superclass::Fatty acyls;acceptor_superclass::Flavonoids;acceptor_superclass::Lignans;acceptor_superclass::Lysine alkaloids;acceptor_superclass::Monoterpenoids;acceptor_superclass::Naphthalenes;acceptor_superclass::Phenanthrenoids;acceptor_superclass::Phenolic acids (C6-C1);acceptor_superclass::Phenylethanoids (C6-C2);acceptor_superclass::Phenylpropanoids (C6-C3);acceptor_superclass::Pseudoalkaloids;acceptor_superclass::Saccharides;acceptor_superclass::Small peptides;acceptor_superclass::Steroids;acceptor_superclass::Triterpenoids;acceptor_superclass::Tryptophan alkaloids;acceptor_superclass::Tyrosine alkaloids	0,0,0,0,0,1,0,0,0,0,0,0,0,0,0,0,0,0,0,0,0,0,0	1,0,1,1,1,1,0,1,1,1,1,0,1,1,1,1,1,1,1,1,1,1,1	0.017713,-0.016186,0.012905,0.015746,0.002606,0.001265,-0.003098,0.001298,0.010090,0.006330,0.011786,-0.003164,0.011432,0.002647,0.001798,0.002733,0.013009,0.015513,0.006776,0.015548,0.009116,0.002636,0.002657
Atha_3AT2_AAF86513.1	Atha_3AT2_AAF86513.1	acceptor_superclass::Flavonoids	acceptor_superclass::Coumarins;acceptor_superclass::Diterpenoids;acceptor_superclass::Fatty Acids and Conjugates;acceptor_superclass::Fatty acyls;acceptor_superclass::Flavonoids;acceptor_superclass::Lignans;acceptor_superclass::Lysine alkaloids;acceptor_superclass::Monoterpenoids;acceptor_superclass::Naphthalenes;acceptor_superclass::Phenanthrenoids;acceptor_superclass::Phenolic acids (C6-C1);acceptor_superclass::Phenylethanoids (C6-C2);acceptor_superclass::Phenylpropanoids (C6-C3);acceptor_superclass::Pseudoalkaloids;acceptor_superclass::Saccharides;acceptor_superclass::Small peptides;acceptor_superclass::Steroids;acceptor_superclass::Triterpenoids;acceptor_superclass::Tryptophan alkaloids;acceptor_superclass::Tyrosine alkaloids	0,0,0,0,0,1,0,0,0,0,0,0,0,0,0,0,0,0,0,0,0,0,0	1,0,1,1,1,1,0,1,1,1,1,0,1,1,1,1,1,1,1,1,1,1,1	0.017713,-0.016186,0.012905,0.015746,0.002606,0.001266,-0.003098,0.001298,0.010090,0.006329,0.011786,-0.003164,0.011432,0.002647,0.001799,0.002733,0.013009,0.015513,0.006777,0.015548,0.009117,0.002636,0.002657
Atha_5MAT_BAB01191.1	Atha_5MAT_BAB01191.1	acceptor_superclass::Flavonoids	acceptor_superclass::Diterpenoids;acceptor_superclass::Fatty Acids and Conjugates;acceptor_superclass::Lignans;acceptor_superclass::Lysine alkaloids;acceptor_superclass::Ornithine alkaloids;acceptor_superclass::Phenolic acids (C6-C1);acceptor_superclass::Phenylethanoids (C6-C2);acceptor_superclass::Phenylpropanoids (C6-C3);acceptor_superclass::Pseudoalkaloids;acceptor_superclass::Tryptophan alkaloids;acceptor_superclass::Tyrosine alkaloids	0,0,0,0,0,1,0,0,0,0,0,0,0,0,0,0,0,0,0,0,0,0,0	0,0,1,1,0,0,0,1,1,0,0,1,0,1,1,1,1,0,0,0,0,1,1	-0.014331,-0.013549,0.011055,0.004201,-0.013830,-0.009397,-0.012567,0.017289,0.002828,-0.004479,-0.014983,0.004450,-0.026404,0.010797,0.010820,0.009444,0.019164,-0.000513,-0.009680,-0.004868,-0.006248,0.014364,0.001638
Atha_ACT1_NP_200924.1	Atha_ACT1_NP_200924.1	acceptor_superclass::Ornithine alkaloids;acceptor_superclass::Pseudoalkaloids	acceptor_superclass::Coumarins;acceptor_superclass::Diterpenoids;acceptor_superclass::Fatty acyls;acceptor_superclass::Flavonoids;acceptor_superclass::Isoflavonoids;acceptor_superclass::Lignans;acceptor_superclass::Lysine alkaloids;acceptor_superclass::Monoterpenoids;acceptor_superclass::Ornithine alkaloids;acceptor_superclass::Phenanthrenoids;acceptor_superclass::Phenolic acids (C6-C1);acceptor_superclass::Phenylpropanoids (C6-C3);acceptor_superclass::Pseudoalkaloids;acceptor_superclass::Saccharides;acceptor_superclass::Small peptides;acceptor_superclass::Steroids;acceptor_superclass::Triterpenoids	0,0,0,0,0,0,0,0,0,0,0,1,0,0,0,0,1,0,0,0,0,0,0	1,0,1,0,1,1,1,1,1,1,0,1,1,1,0,1,1,1,1,1,1,0,0	0.026834,-0.009815,0.002884,-0.004059,0.004328,0.006375,0.003347,0.025902,0.008222,0.030015,-0.000952,0.017875,0.034087,0.001815,-0.028551,0.003741,0.012326,0.029014,0.011143,0.018244,0.005304,-0.022620,-0.004317
Atha_HHT1_AAL34170.1	Atha_ASFT_NP_851111.1	acceptor_superclass::Fatty Acids and Conjugates;acceptor_superclass::Fatty acyls	acceptor_superclass::Diterpenoids;acceptor_superclass::Fatty Acids and Conjugates;acceptor_superclass::Lignans;acceptor_superclass::Lysine alkaloids;acceptor_superclass::Ornithine alkaloids;acceptor_superclass::Phenolic acids (C6-C1);acceptor_superclass::Phenylethanoids (C6-C2);acceptor_superclass::Phenylpropanoids (C6-C3);acceptor_superclass::Pseudoalkaloids;acceptor_superclass::Tryptophan alkaloids;acceptor_superclass::Tyrosine alkaloids	0,0,0,1,1,0,0,0,0,0,0,0,0,0,0,0,0,0,0,0,0,0,0	0,0,1,1,0,0,0,1,1,0,0,1,0,1,1,1,1,0,0,0,0,1,1	-0.014332,-0.013549,0.011055,0.004201,-0.013829,-0.009398,-0.012567,0.017289,0.002828,-0.004480,-0.014983,0.004450,-0.026405,0.010797,0.010820,0.009444,0.019164,-0.000513,-0.009680,-0.004868,-0.006248,0.014364,0.001638
Atha_AT3G47170_NP_190301.2	Atha_AT3G47170_NP_190301.2	acceptor_superclass::Ornithine alkaloids;acceptor_superclass::Pseudoalkaloids	acceptor_superclass::Coumarins;acceptor_superclass::Fatty acyls;acceptor_superclass::Flavonoids;acceptor_superclass::Lignans;acceptor_superclass::Lysine alkaloids;acceptor_superclass::Monoterpenoids;acceptor_superclass::Naphthalenes;acceptor_superclass::Ornithine alkaloids;acceptor_superclass::Phenanthrenoids;acceptor_superclass::Phenylethanoids (C6-C2);acceptor_superclass::Phenylpropanoids (C6-C3);acceptor_superclass::Pseudoalkaloids;acceptor_superclass::Small peptides;acceptor_superclass::Tryptophan alkaloids;acceptor_superclass::Tyrosine alkaloids	0,0,0,0,0,0,0,0,0,0,0,1,0,0,0,0,1,0,0,0,0,0,0	1,0,0,0,1,1,0,1,1,1,1,1,1,0,1,1,1,0,1,0,0,1,1	0.035011,-0.002635,-0.020310,-0.002492,0.011199,0.038432,-0.029586,0.032514,0.041839,0.016638,0.018087,0.001000,0.016582,-0.026216,0.024911,0.002946,0.027180,-0.035133,0.003576,-0.034486,-0.040607,0.014074,0.011821
Atha_PHT_OAO95042.1	Atha_AT5G07080_OAO95042.1	acceptor_superclass::Ornithine alkaloids;acceptor_superclass::Pseudoalkaloids	acceptor_superclass::Cyclic polyketides;acceptor_superclass::Flavonoids;acceptor_superclass::Isoflavonoids;acceptor_superclass::Lignans;acceptor_superclass::Monoterpenoids;acceptor_superclass::Naphthalenes;acceptor_superclass::Phenolic acids (C6-C1);acceptor_superclass::Phenylpropanoids (C6-C3);acceptor_superclass::Pseudoalkaloids;acceptor_superclass::Saccharides;acceptor_superclass::Steroids;acceptor_superclass::Tyrosine alkaloids	0,0,0,0,0,0,0,0,0,0,0,1,0,0,0,0,1,0,0,0,0,0,0	0,1,0,0,0,1,1,1,0,1,1,0,0,1,0,1,1,1,0,1,0,0,1	-0.001597,0.011548,-0.002241,-0.021620,-0.027436,0.020041,0.005088,0.018740,-0.000979,0.019053,0.003720,-0.020098,-0.001832,0.026220,-0.017841,0.006951,0.008218,0.009345,-0.000286,0.018387,-0.015658,-0.006259,0.006013
Atha_BIA1_CAB10319.1	Atha_BIA1_CAB10319.1	acceptor_superclass::Steroids	acceptor_superclass::Diterpenoids;acceptor_superclass::Fatty Acids and Conjugates;acceptor_superclass::Lignans;acceptor_superclass::Lysine alkaloids;acceptor_superclass::Ornithine alkaloids;acceptor_superclass::Phenolic acids (C6-C1);acceptor_superclass::Phenylethanoids (C6-C2);acceptor_superclass::Phenylpropanoids (C6-C3);acceptor_superclass::Pseudoalkaloids;acceptor_superclass::Tryptophan alkaloids;acceptor_superclass::Tyrosine alkaloids	0,0,0,0,0,0,0,0,0,0,0,0,0,0,0,0,0,0,0,1,0,0,0	0,0,1,1,0,0,0,1,1,0,0,1,0,1,1,1,1,0,0,0,0,1,1	-0.014331,-0.013549,0.011055,0.004201,-0.013830,-0.009397,-0.012567,0.017289,0.002828,-0.004479,-0.014983,0.004450,-0.026404,0.010797,0.010820,0.009444,0.019164,-0.000513,-0.009680,-0.004868,-0.006248,0.014364,0.001638
Atha_CHAT_AAN09797.1	Atha_CHAT_AAN09797.1	acceptor_superclass::Fatty acyls;acceptor_superclass::Monoterpenoids;acceptor_superclass::Phenylethanoids (C6-C2);acceptor_superclass::Phenylpropanoids (C6-C3)	acceptor_superclass::Coumarins;acceptor_superclass::Fatty acyls;acceptor_superclass::Flavonoids;acceptor_superclass::Lignans;acceptor_superclass::Lysine alkaloids;acceptor_superclass::Monoterpenoids;acceptor_superclass::Naphthalenes;acceptor_superclass::Ornithine alkaloids;acceptor_superclass::Phenanthrenoids;acceptor_superclass::Phenylethanoids (C6-C2);acceptor_superclass::Phenylpropanoids (C6-C3);acceptor_superclass::Pseudoalkaloids;acceptor_superclass::Small peptides;acceptor_superclass::Tryptophan alkaloids;acceptor_superclass::Tyrosine alkaloids	0,0,0,0,1,0,0,0,0,1,0,0,0,0,1,1,0,0,0,0,0,0,0	1,0,0,0,1,1,0,1,1,1,1,1,1,0,1,1,1,0,1,0,0,1,1	0.035011,-0.002635,-0.020310,-0.002492,0.011199,0.038432,-0.029586,0.032514,0.041839,0.016638,0.018087,0.001000,0.016582,-0.026216,0.024911,0.002946,0.027180,-0.035133,0.003576,-0.034486,-0.040607,0.014074,0.011821
Atha_COSY_AEE31013.1	Atha_COSY_AEE31013.1		acceptor_superclass::Coumarins;acceptor_superclass::Fatty acyls;acceptor_superclass::Flavonoids;acceptor_superclass::Lignans;acceptor_superclass::Lysine alkaloids;acceptor_superclass::Monoterpenoids;acceptor_superclass::Naphthalenes;acceptor_superclass::Ornithine alkaloids;acceptor_superclass::Phenanthrenoids;acceptor_superclass::Phenylethanoids (C6-C2);acceptor_superclass::Phenylpropanoids (C6-C3);acceptor_superclass::Pseudoalkaloids;acceptor_superclass::Small peptides;acceptor_superclass::Tryptophan alkaloids;acceptor_superclass::Tyrosine alkaloids	0,0,0,0,0,0,0,0,0,0,0,0,0,0,0,0,0,0,0,0,0,0,0	1,0,0,0,1,1,0,1,1,1,1,1,1,0,1,1,1,0,1,0,0,1,1	0.035011,-0.002635,-0.020310,-0.002492,0.011199,0.038432,-0.029586,0.032514,0.041839,0.016638,0.018087,0.001000,0.016582,-0.026216,0.024911,0.002946,0.027180,-0.035134,0.003576,-0.034486,-0.040607,0.014074,0.011821
Atha_DCF_AAQ62868.1	Atha_DCF_AAQ62868.1	acceptor_superclass::Fatty Acids and Conjugates;acceptor_superclass::Fatty acyls	acceptor_superclass::Coumarins;acceptor_superclass::Diterpenoids;acceptor_superclass::Fatty Acids and Conjugates;acceptor_superclass::Fatty acyls;acceptor_superclass::Flavonoids;acceptor_superclass::Lignans;acceptor_superclass::Lysine alkaloids;acceptor_superclass::Monoterpenoids;acceptor_superclass::Naphthalenes;acceptor_superclass::Phenanthrenoids;acceptor_superclass::Phenolic acids (C6-C1);acceptor_superclass::Phenylethanoids (C6-C2);acceptor_superclass::Phenylpropanoids (C6-C3);acceptor_superclass::Pseudoalkaloids;acceptor_superclass::Saccharides;acceptor_superclass::Small peptides;acceptor_superclass::Steroids;acceptor_superclass::Triterpenoids;acceptor_superclass::Tryptophan alkaloids;acceptor_superclass::Tyrosine alkaloids	0,0,0,1,1,0,0,0,0,0,0,0,0,0,0,0,0,0,0,0,0,0,0	1,0,1,1,1,1,0,1,1,1,1,0,1,1,1,1,1,1,1,1,1,1,1	0.017714,-0.016186,0.012905,0.015746,0.002604,0.001264,-0.003098,0.001298,0.010091,0.006331,0.011785,-0.003165,0.011432,0.002647,0.001799,0.002731,0.013009,0.015514,0.006776,0.015548,0.009116,0.002634,0.002657
Atha_EPS1_NP_201517.1	Atha_EPS1_NP_201517.1		acceptor_superclass::Diterpenoids;acceptor_superclass::Fatty Acids and Conjugates;acceptor_superclass::Lignans;acceptor_superclass::Lysine alkaloids;acceptor_superclass::Ornithine alkaloids;acceptor_superclass::Phenolic acids (C6-C1);acceptor_superclass::Phenylethanoids (C6-C2);acceptor_superclass::Phenylpropanoids (C6-C3);acceptor_superclass::Pseudoalkaloids;acceptor_superclass::Tryptophan alkaloids;acceptor_superclass::Tyrosine alkaloids	0,0,0,0,0,0,0,0,0,0,0,0,0,0,0,0,0,0,0,0,0,0,0	0,0,1,1,0,0,0,1,1,0,0,1,0,1,1,1,1,0,0,0,0,1,1	-0.014331,-0.013549,0.011055,0.004201,-0.013830,-0.009397,-0.012567,0.017289,0.002828,-0.004479,-0.014983,0.004450,-0.026404,0.010797,0.010820,0.009444,0.019164,-0.000513,-0.009680,-0.004868,-0.006248,0.014364,0.001638
Atha_FACT_AAN13119.1	Atha_FACT_AAN13119.1	acceptor_superclass::Fatty acyls	acceptor_superclass::Cyclic polyketides;acceptor_superclass::Flavonoids;acceptor_superclass::Isoflavonoids;acceptor_superclass::Lignans;acceptor_superclass::Monoterpenoids;acceptor_superclass::Naphthalenes;acceptor_superclass::Phenolic acids (C6-C1);acceptor_superclass::Phenylpropanoids (C6-C3);acceptor_superclass::Pseudoalkaloids;acceptor_superclass::Saccharides;acceptor_superclass::Steroids;acceptor_superclass::Tyrosine alkaloids	0,0,0,0,1,0,0,0,0,0,0,0,0,0,0,0,0,0,0,0,0,0,0	0,1,0,0,0,1,1,1,0,1,1,0,0,1,0,1,1,1,0,1,0,0,1	-0.001599,0.011547,-0.002240,-0.021620,-0.027442,0.020042,0.005087,0.018741,-0.000977,0.019053,0.003723,-0.020093,-0.001830,0.026219,-0.017839,0.006950,0.008216,0.009344,-0.000280,0.018384,-0.015657,-0.006257,0.006013
Atha_GGES_AED96958.1	Atha_GGES_AED96958.1		acceptor_superclass::Coumarins;acceptor_superclass::Fatty acyls;acceptor_superclass::Flavonoids;acceptor_superclass::Lignans;acceptor_superclass::Lysine alkaloids;acceptor_superclass::Monoterpenoids;acceptor_superclass::Naphthalenes;acceptor_superclass::Ornithine alkaloids;acceptor_superclass::Phenanthrenoids;acceptor_superclass::Phenylethanoids (C6-C2);acceptor_superclass::Phenylpropanoids (C6-C3);acceptor_superclass::Pseudoalkaloids;acceptor_superclass::Small peptides;acceptor_superclass::Tryptophan alkaloids;acceptor_superclass::Tyrosine alkaloids	0,0,0,0,0,0,0,0,0,0,0,0,0,0,0,0,0,0,0,0,0,0,0	1,0,0,0,1,1,0,1,1,1,1,1,1,0,1,1,1,0,1,0,0,1,1	0.035011,-0.002635,-0.020310,-0.002492,0.011199,0.038432,-0.029586,0.032514,0.041839,0.016638,0.018087,0.001000,0.016582,-0.026216,0.024911,0.002946,0.027180,-0.035134,0.003576,-0.034486,-0.040607,0.014074,0.011821
Atha_HCT_BAB10316.1	Atha_HCT_BAB10316.1	acceptor_superclass::Flavonoids;acceptor_superclass::Phenolic acids (C6-C1);acceptor_superclass::Phenylpropanoids (C6-C3);acceptor_superclass::Small peptides	acceptor_superclass::Diterpenoids;acceptor_superclass::Fatty Acids and Conjugates;acceptor_superclass::Lignans;acceptor_superclass::Lysine alkaloids;acceptor_superclass::Ornithine alkaloids;acceptor_superclass::Phenolic acids (C6-C1);acceptor_superclass::Phenylethanoids (C6-C2);acceptor_superclass::Phenylpropanoids (C6-C3);acceptor_superclass::Pseudoalkaloids;acceptor_superclass::Tryptophan alkaloids;acceptor_superclass::Tyrosine alkaloids	0,0,0,0,0,1,0,0,0,0,0,0,0,1,0,1,0,0,1,0,0,0,0	0,0,1,1,0,0,0,1,1,0,0,1,0,1,1,1,1,0,0,0,0,1,1	-0.014331,-0.013549,0.011055,0.004200,-0.013831,-0.009396,-0.012567,0.017289,0.002828,-0.004479,-0.014983,0.004449,-0.026403,0.010798,0.010820,0.009444,0.019164,-0.000514,-0.009680,-0.004868,-0.006248,0.014363,0.001637
Atha_HHT1_AAL34170.1	Atha_HHT1_AAL34170.1	acceptor_superclass::Fatty Acids and Conjugates;acceptor_superclass::Fatty acyls	acceptor_superclass::Diterpenoids;acceptor_superclass::Fatty Acids and Conjugates;acceptor_superclass::Lignans;acceptor_superclass::Lysine alkaloids;acceptor_superclass::Ornithine alkaloids;acceptor_superclass::Phenolic acids (C6-C1);acceptor_superclass::Phenylethanoids (C6-C2);acceptor_superclass::Phenylpropanoids (C6-C3);acceptor_superclass::Pseudoalkaloids;acceptor_superclass::Tryptophan alkaloids;acceptor_superclass::Tyrosine alkaloids	0,0,0,1,1,0,0,0,0,0,0,0,0,0,0,0,0,0,0,0,0,0,0	0,0,1,1,0,0,0,1,1,0,0,1,0,1,1,1,1,0,0,0,0,1,1	-0.014332,-0.013549,0.011055,0.004201,-0.013829,-0.009398,-0.012567,0.017289,0.002828,-0.004480,-0.014983,0.004450,-0.026405,0.010797,0.010820,0.009444,0.019164,-0.000513,-0.009680,-0.004868,-0.006248,0.014364,0.001638
Atha_FACT_AAN13119.1	Atha_HHT3_NP_201161.1	acceptor_superclass::Fatty acyls	acceptor_superclass::Diterpenoids;acceptor_superclass::Fatty Acids and Conjugates;acceptor_superclass::Lignans;acceptor_superclass::Lysine alkaloids;acceptor_superclass::Ornithine alkaloids;acceptor_superclass::Phenolic acids (C6-C1);acceptor_superclass::Phenylethanoids (C6-C2);acceptor_superclass::Phenylpropanoids (C6-C3);acceptor_superclass::Pseudoalkaloids;acceptor_superclass::Tryptophan alkaloids;acceptor_superclass::Tyrosine alkaloids	0,0,0,0,1,0,0,0,0,0,0,0,0,0,0,0,0,0,0,0,0,0,0	0,0,1,1,0,0,0,1,1,0,0,1,0,1,1,1,1,0,0,0,0,1,1	-0.014331,-0.013549,0.011055,0.004201,-0.013830,-0.009397,-0.012567,0.017289,0.002828,-0.004479,-0.014983,0.004450,-0.026404,0.010797,0.010820,0.009444,0.019164,-0.000513,-0.009680,-0.004868,-0.006248,0.014364,0.001638
Atha_HHT1_AAL34170.1	Atha_HHT_AAL34170.1	acceptor_superclass::Fatty Acids and Conjugates	acceptor_superclass::Diterpenoids;acceptor_superclass::Fatty Acids and Conjugates;acceptor_superclass::Lignans;acceptor_superclass::Lysine alkaloids;acceptor_superclass::Ornithine alkaloids;acceptor_superclass::Phenolic acids (C6-C1);acceptor_superclass::Phenylethanoids (C6-C2);acceptor_superclass::Phenylpropanoids (C6-C3);acceptor_superclass::Pseudoalkaloids;acceptor_superclass::Tryptophan alkaloids;acceptor_superclass::Tyrosine alkaloids	0,0,0,1,0,0,0,0,0,0,0,0,0,0,0,0,0,0,0,0,0,0,0	0,0,1,1,0,0,0,1,1,0,0,1,0,1,1,1,1,0,0,0,0,1,1	-0.014332,-0.013549,0.011055,0.004201,-0.013829,-0.009398,-0.012567,0.017289,0.002828,-0.004480,-0.014983,0.004450,-0.026405,0.010797,0.010820,0.009444,0.019164,-0.000513,-0.009680,-0.004868,-0.006248,0.014364,0.001638
Atha_PHT_OAO95042.1	Atha_PHT_OAO95042.1	acceptor_superclass::Ornithine alkaloids;acceptor_superclass::Pseudoalkaloids	acceptor_superclass::Diterpenoids;acceptor_superclass::Fatty Acids and Conjugates;acceptor_superclass::Lignans;acceptor_superclass::Lysine alkaloids;acceptor_superclass::Ornithine alkaloids;acceptor_superclass::Phenolic acids (C6-C1);acceptor_superclass::Phenylethanoids (C6-C2);acceptor_superclass::Phenylpropanoids (C6-C3);acceptor_superclass::Pseudoalkaloids;acceptor_superclass::Tryptophan alkaloids;acceptor_superclass::Tyrosine alkaloids	0,0,0,0,0,0,0,0,0,0,0,1,0,0,0,0,1,0,0,0,0,0,0	0,0,1,1,0,0,0,1,1,0,0,1,0,1,1,1,1,0,0,0,0,1,1	-0.014331,-0.013549,0.011055,0.004201,-0.013830,-0.009397,-0.012567,0.017289,0.002828,-0.004479,-0.014983,0.004450,-0.026404,0.010797,0.010820,0.009444,0.019164,-0.000513,-0.009680,-0.004868,-0.006248,0.014364,0.001638
Atha_PMAT1_AED94391.1	Atha_PMAT1_AED94391.1	acceptor_superclass::Flavonoids;acceptor_superclass::Isoflavonoids;acceptor_superclass::Steroids	acceptor_superclass::Coumarins;acceptor_superclass::Diterpenoids;acceptor_superclass::Fatty acyls;acceptor_superclass::Flavonoids;acceptor_superclass::Isoflavonoids;acceptor_superclass::Lignans;acceptor_superclass::Lysine alkaloids;acceptor_superclass::Monoterpenoids;acceptor_superclass::Ornithine alkaloids;acceptor_superclass::Phenanthrenoids;acceptor_superclass::Phenolic acids (C6-C1);acceptor_superclass::Phenylpropanoids (C6-C3);acceptor_superclass::Pseudoalkaloids;acceptor_superclass::Saccharides;acceptor_superclass::Small peptides;acceptor_superclass::Steroids;acceptor_superclass::Triterpenoids	0,0,0,0,0,1,1,0,0,0,0,0,0,0,0,0,0,0,0,1,0,0,0	1,0,1,0,1,1,1,1,1,1,0,1,1,1,0,1,1,1,1,1,1,0,0	0.026834,-0.009815,0.002884,-0.004058,0.004328,0.006375,0.003347,0.025902,0.008222,0.030015,-0.000953,0.017875,0.034087,0.001815,-0.028551,0.003741,0.012325,0.029014,0.011142,0.018244,0.005304,-0.022621,-0.004317
Atha_PMAT2_BAB02518.1	Atha_PMAT2_BAB02518.1	acceptor_superclass::Coumarins;acceptor_superclass::Flavonoids;acceptor_superclass::Naphthalenes;acceptor_superclass::Phenanthrenoids;acceptor_superclass::Steroids	acceptor_superclass::Coumarins;acceptor_superclass::Fatty acyls;acceptor_superclass::Flavonoids;acceptor_superclass::Lignans;acceptor_superclass::Lysine alkaloids;acceptor_superclass::Monoterpenoids;acceptor_superclass::Naphthalenes;acceptor_superclass::Ornithine alkaloids;acceptor_superclass::Phenanthrenoids;acceptor_superclass::Phenylethanoids (C6-C2);acceptor_superclass::Phenylpropanoids (C6-C3);acceptor_superclass::Pseudoalkaloids;acceptor_superclass::Small peptides;acceptor_superclass::Tryptophan alkaloids;acceptor_superclass::Tyrosine alkaloids	1,0,0,0,0,1,0,0,0,0,1,0,1,0,0,0,0,0,0,1,0,0,0	1,0,0,0,1,1,0,1,1,1,1,1,1,0,1,1,1,0,1,0,0,1,1	0.035011,-0.002635,-0.020310,-0.002492,0.011199,0.038432,-0.029586,0.032514,0.041839,0.016638,0.018087,0.001000,0.016582,-0.026216,0.024911,0.002946,0.027180,-0.035134,0.003576,-0.034486,-0.040607,0.014074,0.011821
Atha_SCT_AAP81804.1	Atha_SCT_AAP81804.1	acceptor_superclass::Ornithine alkaloids	acceptor_superclass::Cyclic polyketides;acceptor_superclass::Flavonoids;acceptor_superclass::Isoflavonoids;acceptor_superclass::Lignans;acceptor_superclass::Monoterpenoids;acceptor_superclass::Naphthalenes;acceptor_superclass::Phenolic acids (C6-C1);acceptor_superclass::Phenylpropanoids (C6-C3);acceptor_superclass::Pseudoalkaloids;acceptor_superclass::Saccharides;acceptor_superclass::Steroids;acceptor_superclass::Tyrosine alkaloids	0,0,0,0,0,0,0,0,0,0,0,1,0,0,0,0,0,0,0,0,0,0,0	0,1,0,0,0,1,1,1,0,1,1,0,0,1,0,1,1,1,0,1,0,0,1	-0.001595,0.011548,-0.002241,-0.021619,-0.027431,0.020040,0.005089,0.018740,-0.000980,0.019053,0.003717,-0.020102,-0.001834,0.026221,-0.017843,0.006952,0.008220,0.009345,-0.000290,0.018389,-0.015659,-0.006261,0.006013
Atha_SDT_AAC23766.1	Atha_SDT_AAC23766.1	acceptor_superclass::Ornithine alkaloids;acceptor_superclass::Pseudoalkaloids	acceptor_superclass::Cyclic polyketides;acceptor_superclass::Flavonoids;acceptor_superclass::Isoflavonoids;acceptor_superclass::Lignans;acceptor_superclass::Monoterpenoids;acceptor_superclass::Naphthalenes;acceptor_superclass::Phenolic acids (C6-C1);acceptor_superclass::Phenylpropanoids (C6-C3);acceptor_superclass::Pseudoalkaloids;acceptor_superclass::Saccharides;acceptor_superclass::Steroids;acceptor_superclass::Tyrosine alkaloids	0,0,0,0,0,0,0,0,0,0,0,1,0,0,0,0,1,0,0,0,0,0,0	0,1,0,0,0,1,1,1,0,1,1,0,0,1,0,1,1,1,0,1,0,0,1	-0.001598,0.011547,-0.002241,-0.021620,-0.027438,0.020042,0.005088,0.018741,-0.000978,0.019053,0.003721,-0.020096,-0.001831,0.026220,-0.017840,0.006951,0.008217,0.009344,-0.000283,0.018386,-0.015658,-0.006258,0.006013
Atha_SHT_AAD12025.1	Atha_SHT_AAD12025.1	acceptor_superclass::Ornithine alkaloids	acceptor_superclass::Diterpenoids;acceptor_superclass::Fatty Acids and Conjugates;acceptor_superclass::Lignans;acceptor_superclass::Lysine alkaloids;acceptor_superclass::Ornithine alkaloids;acceptor_superclass::Phenolic acids (C6-C1);acceptor_superclass::Phenylethanoids (C6-C2);acceptor_superclass::Phenylpropanoids (C6-C3);acceptor_superclass::Pseudoalkaloids;acceptor_superclass::Tryptophan alkaloids;acceptor_superclass::Tyrosine alkaloids	0,0,0,0,0,0,0,0,0,0,0,1,0,0,0,0,0,0,0,0,0,0,0	0,0,1,1,0,0,0,1,1,0,0,1,0,1,1,1,1,0,0,0,0,1,1	-0.014330,-0.013549,0.011054,0.004200,-0.013831,-0.009396,-0.012567,0.017289,0.002828,-0.004478,-0.014983,0.004449,-0.026403,0.010798,0.010820,0.009444,0.019163,-0.000514,-0.009680,-0.004868,-0.006249,0.014363,0.001637
Atha_PHT_OAO95042.1	Atha_SHT_OAO95042.1	acceptor_superclass::Ornithine alkaloids	acceptor_superclass::Coumarins;acceptor_superclass::Diterpenoids;acceptor_superclass::Fatty Acids and Conjugates;acceptor_superclass::Fatty acyls;acceptor_superclass::Flavonoids;acceptor_superclass::Lignans;acceptor_superclass::Lysine alkaloids;acceptor_superclass::Monoterpenoids;acceptor_superclass::Naphthalenes;acceptor_superclass::Phenanthrenoids;acceptor_superclass::Phenolic acids (C6-C1);acceptor_superclass::Phenylethanoids (C6-C2);acceptor_superclass::Phenylpropanoids (C6-C3);acceptor_superclass::Pseudoalkaloids;acceptor_superclass::Saccharides;acceptor_superclass::Small peptides;acceptor_superclass::Steroids;acceptor_superclass::Triterpenoids;acceptor_superclass::Tryptophan alkaloids;acceptor_superclass::Tyrosine alkaloids	0,0,0,0,0,0,0,0,0,0,0,1,0,0,0,0,0,0,0,0,0,0,0	1,0,1,1,1,1,0,1,1,1,1,0,1,1,1,1,1,1,1,1,1,1,1	0.017713,-0.016186,0.012905,0.015746,0.002606,0.001266,-0.003098,0.001299,0.010090,0.006330,0.011787,-0.003164,0.011432,0.002647,0.001798,0.002733,0.013009,0.015513,0.006776,0.015548,0.009116,0.002636,0.002657
Atha_THAA1_BAB11062.1	Atha_THAA1_BAB11062.1	acceptor_superclass::Triterpenoids	acceptor_superclass::Cyclic polyketides;acceptor_superclass::Flavonoids;acceptor_superclass::Isoflavonoids;acceptor_superclass::Lignans;acceptor_superclass::Monoterpenoids;acceptor_superclass::Naphthalenes;acceptor_superclass::Phenolic acids (C6-C1);acceptor_superclass::Phenylpropanoids (C6-C3);acceptor_superclass::Pseudoalkaloids;acceptor_superclass::Saccharides;acceptor_superclass::Steroids;acceptor_superclass::Tyrosine alkaloids	0,0,0,0,0,0,0,0,0,0,0,0,0,0,0,0,0,0,0,0,1,0,0	0,1,0,0,0,1,1,1,0,1,1,0,0,1,0,1,1,1,0,1,0,0,1	-0.001600,0.011547,-0.002240,-0.021620,-0.027445,0.020043,0.005087,0.018741,-0.000977,0.019053,0.003724,-0.020091,-0.001829,0.026219,-0.017838,0.006950,0.008215,0.009343,-0.000277,0.018382,-0.015656,-0.006256,0.006013
Atha_THAA2_AAO63428.1	Atha_THAA2_AAO63428.1	acceptor_superclass::Triterpenoids	acceptor_superclass::Coumarins;acceptor_superclass::Fatty acyls;acceptor_superclass::Flavonoids;acceptor_superclass::Lignans;acceptor_superclass::Lysine alkaloids;acceptor_superclass::Monoterpenoids;acceptor_superclass::Naphthalenes;acceptor_superclass::Ornithine alkaloids;acceptor_superclass::Phenanthrenoids;acceptor_superclass::Phenylethanoids (C6-C2);acceptor_superclass::Phenylpropanoids (C6-C3);acceptor_superclass::Pseudoalkaloids;acceptor_superclass::Small peptides;acceptor_superclass::Tryptophan alkaloids;acceptor_superclass::Tyrosine alkaloids	0,0,0,0,0,0,0,0,0,0,0,0,0,0,0,0,0,0,0,0,1,0,0	1,0,0,0,1,1,0,1,1,1,1,1,1,0,1,1,1,0,1,0,0,1,1	0.035011,-0.002635,-0.020310,-0.002492,0.011199,0.038432,-0.029586,0.032514,0.041839,0.016638,0.018087,0.001000,0.016582,-0.026216,0.024911,0.002946,0.027180,-0.035133,0.003576,-0.034486,-0.040607,0.014074,0.011821
Bdis_PMT_CDG41682.1	Bdis_PMT_CDG41682.1	acceptor_superclass::Phenylpropanoids (C6-C3)	acceptor_superclass::Diterpenoids;acceptor_superclass::Fatty Acids and Conjugates;acceptor_superclass::Lignans;acceptor_superclass::Lysine alkaloids;acceptor_superclass::Ornithine alkaloids;acceptor_superclass::Phenolic acids (C6-C1);acceptor_superclass::Phenylethanoids (C6-C2);acceptor_superclass::Phenylpropanoids (C6-C3);acceptor_superclass::Pseudoalkaloids;acceptor_superclass::Tryptophan alkaloids;acceptor_superclass::Tyrosine alkaloids	0,0,0,0,0,0,0,0,0,0,0,0,0,0,0,1,0,0,0,0,0,0,0	0,0,1,1,0,0,0,1,1,0,0,1,0,1,1,1,1,0,0,0,0,1,1	-0.014331,-0.013549,0.011055,0.004201,-0.013830,-0.009397,-0.012567,0.017289,0.002828,-0.004479,-0.014983,0.004449,-0.026404,0.010797,0.010820,0.009444,0.019164,-0.000513,-0.009680,-0.004868,-0.006248,0.014364,0.001638
Bmul_HQT1_BCY27076.1	Bmul_HQT1_BCY27076.1	acceptor_superclass::Phenolic acids (C6-C1);acceptor_superclass::Phenylpropanoids (C6-C3)	acceptor_superclass::Diterpenoids;acceptor_superclass::Fatty Acids and Conjugates;acceptor_superclass::Lignans;acceptor_superclass::Lysine alkaloids;acceptor_superclass::Ornithine alkaloids;acceptor_superclass::Phenolic acids (C6-C1);acceptor_superclass::Phenylethanoids (C6-C2);acceptor_superclass::Phenylpropanoids (C6-C3);acceptor_superclass::Pseudoalkaloids;acceptor_superclass::Tryptophan alkaloids;acceptor_superclass::Tyrosine alkaloids	0,0,0,0,0,0,0,0,0,0,0,0,0,1,0,1,0,0,0,0,0,0,0	0,0,1,1,0,0,0,1,1,0,0,1,0,1,1,1,1,0,0,0,0,1,1	-0.014331,-0.013549,0.011055,0.004201,-0.013831,-0.009396,-0.012567,0.017289,0.002828,-0.004479,-0.014983,0.004449,-0.026403,0.010798,0.010820,0.009444,0.019164,-0.000514,-0.009680,-0.004868,-0.006248,0.014363,0.001637
Bmul_HQT1_BDR61289.1	Bmul_HQT1_BDR61289.1	acceptor_superclass::Phenolic acids (C6-C1)	acceptor_superclass::Diterpenoids;acceptor_superclass::Fatty Acids and Conjugates;acceptor_superclass::Lignans;acceptor_superclass::Lysine alkaloids;acceptor_superclass::Ornithine alkaloids;acceptor_superclass::Phenolic acids (C6-C1);acceptor_superclass::Phenylethanoids (C6-C2);acceptor_superclass::Phenylpropanoids (C6-C3);acceptor_superclass::Pseudoalkaloids;acceptor_superclass::Tryptophan alkaloids;acceptor_superclass::Tyrosine alkaloids	0,0,0,0,0,0,0,0,0,0,0,0,0,1,0,0,0,0,0,0,0,0,0	0,0,1,1,0,0,0,1,1,0,0,1,0,1,1,1,1,0,0,0,0,1,1	-0.014331,-0.013549,0.011055,0.004201,-0.013831,-0.009396,-0.012567,0.017289,0.002828,-0.004479,-0.014983,0.004449,-0.026403,0.010798,0.010820,0.009444,0.019164,-0.000514,-0.009680,-0.004868,-0.006248,0.014363,0.001637
Bser_AT1_QXN66176.1	Bser_AT1_QXN66176.1	acceptor_superclass::Triterpenoids	acceptor_superclass::Diterpenoids;acceptor_superclass::Fatty Acids and Conjugates;acceptor_superclass::Lignans;acceptor_superclass::Lysine alkaloids;acceptor_superclass::Ornithine alkaloids;acceptor_superclass::Phenolic acids (C6-C1);acceptor_superclass::Phenylethanoids (C6-C2);acceptor_superclass::Phenylpropanoids (C6-C3);acceptor_superclass::Pseudoalkaloids;acceptor_superclass::Tryptophan alkaloids;acceptor_superclass::Tyrosine alkaloids	0,0,0,0,0,0,0,0,0,0,0,0,0,0,0,0,0,0,0,0,1,0,0	0,0,1,1,0,0,0,1,1,0,0,1,0,1,1,1,1,0,0,0,0,1,1	-0.014331,-0.013549,0.011055,0.004201,-0.013830,-0.009397,-0.012567,0.017289,0.002828,-0.004479,-0.014983,0.004449,-0.026403,0.010798,0.010820,0.009444,0.019164,-0.000514,-0.009680,-0.004868,-0.006248,0.014363,0.001637
Cang_AT20_QLI57449.1	Cang_AT20_QLI57449.1	acceptor_superclass::Monoterpenoids	acceptor_superclass::Diterpenoids;acceptor_superclass::Fatty Acids and Conjugates;acceptor_superclass::Lignans;acceptor_superclass::Lysine alkaloids;acceptor_superclass::Ornithine alkaloids;acceptor_superclass::Phenolic acids (C6-C1);acceptor_superclass::Phenylethanoids (C6-C2);acceptor_superclass::Phenylpropanoids (C6-C3);acceptor_superclass::Pseudoalkaloids;acceptor_superclass::Tryptophan alkaloids;acceptor_superclass::Tyrosine alkaloids	0,0,0,0,0,0,0,0,0,1,0,0,0,0,0,0,0,0,0,0,0,0,0	0,0,1,1,0,0,0,1,1,0,0,1,0,1,1,1,1,0,0,0,0,1,1	-0.014331,-0.013549,0.011055,0.004201,-0.013830,-0.009397,-0.012567,0.017289,0.002828,-0.004479,-0.014983,0.004450,-0.026404,0.010797,0.010820,0.009444,0.019164,-0.000513,-0.009680,-0.004868,-0.006248,0.014364,0.001638
Cann_AT3_NP_001311698.1	Cann_AT3_NP_001311698.1	acceptor_superclass::Tyrosine alkaloids	acceptor_superclass::Coumarins;acceptor_superclass::Fatty acyls;acceptor_superclass::Flavonoids;acceptor_superclass::Lignans;acceptor_superclass::Lysine alkaloids;acceptor_superclass::Monoterpenoids;acceptor_superclass::Naphthalenes;acceptor_superclass::Ornithine alkaloids;acceptor_superclass::Phenanthrenoids;acceptor_superclass::Phenylethanoids (C6-C2);acceptor_superclass::Phenylpropanoids (C6-C3);acceptor_superclass::Pseudoalkaloids;acceptor_superclass::Small peptides;acceptor_superclass::Tryptophan alkaloids;acceptor_superclass::Tyrosine alkaloids	0,0,0,0,0,0,0,0,0,0,0,0,0,0,0,0,0,0,0,0,0,0,1	1,0,0,0,1,1,0,1,1,1,1,1,1,0,1,1,1,0,1,0,0,1,1	0.035011,-0.002635,-0.020310,-0.002492,0.011199,0.038432,-0.029586,0.032514,0.041839,0.016638,0.018087,0.001000,0.016582,-0.026216,0.024911,0.002946,0.027180,-0.035133,0.003576,-0.034486,-0.040607,0.014074,0.011821
Cblu_HCT_CBI83579.1	Cblu_HCT_CBI83579.1	acceptor_superclass::Phenolic acids (C6-C1);acceptor_superclass::Tyrosine alkaloids	acceptor_superclass::Coumarins;acceptor_superclass::Fatty acyls;acceptor_superclass::Flavonoids;acceptor_superclass::Lignans;acceptor_superclass::Lysine alkaloids;acceptor_superclass::Monoterpenoids;acceptor_superclass::Naphthalenes;acceptor_superclass::Ornithine alkaloids;acceptor_superclass::Phenanthrenoids;acceptor_superclass::Phenylethanoids (C6-C2);acceptor_superclass::Phenylpropanoids (C6-C3);acceptor_superclass::Pseudoalkaloids;acceptor_superclass::Small peptides;acceptor_superclass::Tryptophan alkaloids;acceptor_superclass::Tyrosine alkaloids	0,0,0,0,0,0,0,0,0,0,0,0,0,1,0,0,0,0,0,0,0,0,1	1,0,0,0,1,1,0,1,1,1,1,1,1,0,1,1,1,0,1,0,0,1,1	0.035011,-0.002635,-0.020310,-0.002492,0.011199,0.038432,-0.029586,0.032514,0.041839,0.016638,0.018087,0.001000,0.016582,-0.026216,0.024911,0.002946,0.027180,-0.035134,0.003576,-0.034486,-0.040607,0.014074,0.011821
Cblu_HCT_CBI83579.1	Cblu_HST_CBI83579.1	acceptor_superclass::Phenolic acids (C6-C1);acceptor_superclass::Small peptides	acceptor_superclass::Cyclic polyketides;acceptor_superclass::Flavonoids;acceptor_superclass::Isoflavonoids;acceptor_superclass::Lignans;acceptor_superclass::Monoterpenoids;acceptor_superclass::Naphthalenes;acceptor_superclass::Phenolic acids (C6-C1);acceptor_superclass::Phenylpropanoids (C6-C3);acceptor_superclass::Pseudoalkaloids;acceptor_superclass::Saccharides;acceptor_superclass::Steroids;acceptor_superclass::Tyrosine alkaloids	0,0,0,0,0,0,0,0,0,0,0,0,0,1,0,0,0,0,1,0,0,0,0	0,1,0,0,0,1,1,1,0,1,1,0,0,1,0,1,1,1,0,1,0,0,1	-0.001604,0.011545,-0.002240,-0.021621,-0.027457,0.020045,0.005085,0.018742,-0.000975,0.019054,0.003730,-0.020082,-0.001824,0.026217,-0.017834,0.006949,0.008210,0.009342,-0.000267,0.018377,-0.015654,-0.006251,0.006013
Cblu_RAS_CAK55166.1	Cblu_RAS_CAK55166.1	acceptor_superclass::Small peptides;acceptor_superclass::Tyrosine alkaloids	acceptor_superclass::Coumarins;acceptor_superclass::Diterpenoids;acceptor_superclass::Fatty acyls;acceptor_superclass::Flavonoids;acceptor_superclass::Isoflavonoids;acceptor_superclass::Lignans;acceptor_superclass::Lysine alkaloids;acceptor_superclass::Monoterpenoids;acceptor_superclass::Ornithine alkaloids;acceptor_superclass::Phenanthrenoids;acceptor_superclass::Phenolic acids (C6-C1);acceptor_superclass::Phenylpropanoids (C6-C3);acceptor_superclass::Pseudoalkaloids;acceptor_superclass::Saccharides;acceptor_superclass::Small peptides;acceptor_superclass::Steroids;acceptor_superclass::Triterpenoids	0,0,0,0,0,0,0,0,0,0,0,0,0,0,0,0,0,0,1,0,0,0,1	1,0,1,0,1,1,1,1,1,1,0,1,1,1,0,1,1,1,1,1,1,0,0	0.026834,-0.009815,0.002884,-0.004058,0.004328,0.006375,0.003347,0.025902,0.008222,0.030014,-0.000953,0.017876,0.034087,0.001815,-0.028551,0.003741,0.012325,0.029015,0.011142,0.018244,0.005304,-0.022620,-0.004317
Cbra_HQT-like_GBG71902.1	Cbra_HQT-like_GBG71902.1	acceptor_superclass::Phenolic acids (C6-C1)	acceptor_superclass::Diterpenoids;acceptor_superclass::Fatty Acids and Conjugates;acceptor_superclass::Lignans;acceptor_superclass::Lysine alkaloids;acceptor_superclass::Ornithine alkaloids;acceptor_superclass::Phenolic acids (C6-C1);acceptor_superclass::Phenylethanoids (C6-C2);acceptor_superclass::Phenylpropanoids (C6-C3);acceptor_superclass::Pseudoalkaloids;acceptor_superclass::Tryptophan alkaloids;acceptor_superclass::Tyrosine alkaloids	0,0,0,0,0,0,0,0,0,0,0,0,0,1,0,0,0,0,0,0,0,0,0	0,0,1,1,0,0,0,1,1,0,0,1,0,1,1,1,1,0,0,0,0,1,1	-0.014331,-0.013549,0.011054,0.004200,-0.013831,-0.009396,-0.012567,0.017289,0.002828,-0.004479,-0.014983,0.004449,-0.026403,0.010798,0.010820,0.009444,0.019164,-0.000514,-0.009680,-0.004868,-0.006248,0.014363,0.001637
Cbre_BEAT_AAC18062.1	Cbre_BEAT_AAC18062.1	acceptor_superclass::Phenanthrenoids;acceptor_superclass::Phenylethanoids (C6-C2);acceptor_superclass::Phenylpropanoids (C6-C3)	acceptor_superclass::Coumarins;acceptor_superclass::Diterpenoids;acceptor_superclass::Fatty acyls;acceptor_superclass::Flavonoids;acceptor_superclass::Isoflavonoids;acceptor_superclass::Lignans;acceptor_superclass::Lysine alkaloids;acceptor_superclass::Monoterpenoids;acceptor_superclass::Ornithine alkaloids;acceptor_superclass::Phenanthrenoids;acceptor_superclass::Phenolic acids (C6-C1);acceptor_superclass::Phenylpropanoids (C6-C3);acceptor_superclass::Pseudoalkaloids;acceptor_superclass::Saccharides;acceptor_superclass::Small peptides;acceptor_superclass::Steroids;acceptor_superclass::Triterpenoids	0,0,0,0,0,0,0,0,0,0,0,0,1,0,1,1,0,0,0,0,0,0,0	1,0,1,0,1,1,1,1,1,1,0,1,1,1,0,1,1,1,1,1,1,0,0	0.026834,-0.009815,0.002884,-0.004059,0.004328,0.006375,0.003347,0.025902,0.008222,0.030015,-0.000952,0.017875,0.034087,0.001815,-0.028551,0.003741,0.012326,0.029014,0.011143,0.018244,0.005304,-0.022620,-0.004317
Cbre_BEBT_AAN09796.1	Cbre_BEBT_AAN09796.1	acceptor_superclass::Phenylpropanoids (C6-C3)	acceptor_superclass::Diterpenoids;acceptor_superclass::Fatty Acids and Conjugates;acceptor_superclass::Lignans;acceptor_superclass::Lysine alkaloids;acceptor_superclass::Ornithine alkaloids;acceptor_superclass::Phenolic acids (C6-C1);acceptor_superclass::Phenylethanoids (C6-C2);acceptor_superclass::Phenylpropanoids (C6-C3);acceptor_superclass::Pseudoalkaloids;acceptor_superclass::Tryptophan alkaloids;acceptor_superclass::Tyrosine alkaloids	0,0,0,0,0,0,0,0,0,0,0,0,0,0,0,1,0,0,0,0,0,0,0	0,0,1,1,0,0,0,1,1,0,0,1,0,1,1,1,1,0,0,0,0,1,1	-0.014331,-0.013549,0.011055,0.004201,-0.013830,-0.009397,-0.012567,0.017289,0.002828,-0.004479,-0.014983,0.004449,-0.026404,0.010797,0.010820,0.009444,0.019164,-0.000513,-0.009680,-0.004868,-0.006248,0.014364,0.001638
Ccan_HCT_ABO47805.1	Ccan_HCT_ABO47805.1	acceptor_superclass::Phenolic acids (C6-C1);acceptor_superclass::Phenylpropanoids (C6-C3)	acceptor_superclass::Coumarins;acceptor_superclass::Diterpenoids;acceptor_superclass::Fatty acyls;acceptor_superclass::Flavonoids;acceptor_superclass::Isoflavonoids;acceptor_superclass::Lignans;acceptor_superclass::Lysine alkaloids;acceptor_superclass::Monoterpenoids;acceptor_superclass::Ornithine alkaloids;acceptor_superclass::Phenanthrenoids;acceptor_superclass::Phenolic acids (C6-C1);acceptor_superclass::Phenylpropanoids (C6-C3);acceptor_superclass::Pseudoalkaloids;acceptor_superclass::Saccharides;acceptor_superclass::Small peptides;acceptor_superclass::Steroids;acceptor_superclass::Triterpenoids	0,0,0,0,0,0,0,0,0,0,0,0,0,1,0,1,0,0,0,0,0,0,0	1,0,1,0,1,1,1,1,1,1,0,1,1,1,0,1,1,1,1,1,1,0,0	0.026834,-0.009815,0.002884,-0.004058,0.004328,0.006375,0.003347,0.025902,0.008222,0.030014,-0.000953,0.017876,0.034087,0.001815,-0.028551,0.003741,0.012325,0.029015,0.011142,0.018244,0.005304,-0.022620,-0.004317
Ccan_HQT_ABO77957.1	Ccan_HQT_ABO77957.1	acceptor_superclass::Phenolic acids (C6-C1);acceptor_superclass::Phenylpropanoids (C6-C3)	acceptor_superclass::Coumarins;acceptor_superclass::Diterpenoids;acceptor_superclass::Fatty acyls;acceptor_superclass::Flavonoids;acceptor_superclass::Isoflavonoids;acceptor_superclass::Lignans;acceptor_superclass::Lysine alkaloids;acceptor_superclass::Monoterpenoids;acceptor_superclass::Ornithine alkaloids;acceptor_superclass::Phenanthrenoids;acceptor_superclass::Phenolic acids (C6-C1);acceptor_superclass::Phenylpropanoids (C6-C3);acceptor_superclass::Pseudoalkaloids;acceptor_superclass::Saccharides;acceptor_superclass::Small peptides;acceptor_superclass::Steroids;acceptor_superclass::Triterpenoids	0,0,0,0,0,0,0,0,0,0,0,0,0,1,0,1,0,0,0,0,0,0,0	1,0,1,0,1,1,1,1,1,1,0,1,1,1,0,1,1,1,1,1,1,0,0	0.026834,-0.009815,0.002884,-0.004058,0.004328,0.006375,0.003347,0.025902,0.008222,0.030014,-0.000953,0.017876,0.034087,0.001815,-0.028551,0.003741,0.012325,0.029015,0.011142,0.018244,0.005304,-0.022620,-0.004317
Ccar_HCT_AAZ80046.1	Ccar_HCT_AAZ80046.1	acceptor_superclass::Phenolic acids (C6-C1)	acceptor_superclass::Cyclic polyketides;acceptor_superclass::Flavonoids;acceptor_superclass::Isoflavonoids;acceptor_superclass::Lignans;acceptor_superclass::Monoterpenoids;acceptor_superclass::Naphthalenes;acceptor_superclass::Phenolic acids (C6-C1);acceptor_superclass::Phenylpropanoids (C6-C3);acceptor_superclass::Pseudoalkaloids;acceptor_superclass::Saccharides;acceptor_superclass::Steroids;acceptor_superclass::Tyrosine alkaloids	0,0,0,0,0,0,0,0,0,0,0,0,0,1,0,0,0,0,0,0,0,0,0	0,1,0,0,0,1,1,1,0,1,1,0,0,1,0,1,1,1,0,1,0,0,1	-0.001605,0.011545,-0.002240,-0.021621,-0.027458,0.020045,0.005085,0.018742,-0.000975,0.019054,0.003731,-0.020081,-0.001824,0.026217,-0.017834,0.006948,0.008210,0.009342,-0.000266,0.018376,-0.015654,-0.006251,0.006013
Ccar_HQT1_CAM84302.2	Ccar_HQT1_CAM84302.2	acceptor_superclass::Phenolic acids (C6-C1)	acceptor_superclass::Cyclic polyketides;acceptor_superclass::Flavonoids;acceptor_superclass::Isoflavonoids;acceptor_superclass::Lignans;acceptor_superclass::Monoterpenoids;acceptor_superclass::Naphthalenes;acceptor_superclass::Phenolic acids (C6-C1);acceptor_superclass::Phenylpropanoids (C6-C3);acceptor_superclass::Pseudoalkaloids;acceptor_superclass::Saccharides;acceptor_superclass::Steroids;acceptor_superclass::Tyrosine alkaloids	0,0,0,0,0,0,0,0,0,0,0,0,0,1,0,0,0,0,0,0,0,0,0	0,1,0,0,0,1,1,1,0,1,1,0,0,1,0,1,1,1,0,1,0,0,1	-0.001598,0.011548,-0.002241,-0.021620,-0.027437,0.020041,0.005088,0.018740,-0.000978,0.019053,0.003720,-0.020097,-0.001832,0.026220,-0.017841,0.006951,0.008218,0.009344,-0.000285,0.018386,-0.015658,-0.006259,0.006013
Ccar_HQT2_ACJ23164.1	Ccar_HQT2_ACJ23164.1	acceptor_superclass::Phenolic acids (C6-C1)	acceptor_superclass::Coumarins;acceptor_superclass::Diterpenoids;acceptor_superclass::Fatty acyls;acceptor_superclass::Flavonoids;acceptor_superclass::Isoflavonoids;acceptor_superclass::Lignans;acceptor_superclass::Lysine alkaloids;acceptor_superclass::Monoterpenoids;acceptor_superclass::Ornithine alkaloids;acceptor_superclass::Phenanthrenoids;acceptor_superclass::Phenolic acids (C6-C1);acceptor_superclass::Phenylpropanoids (C6-C3);acceptor_superclass::Pseudoalkaloids;acceptor_superclass::Saccharides;acceptor_superclass::Small peptides;acceptor_superclass::Steroids;acceptor_superclass::Triterpenoids	0,0,0,0,0,0,0,0,0,0,0,0,0,1,0,0,0,0,0,0,0,0,0	1,0,1,0,1,1,1,1,1,1,0,1,1,1,0,1,1,1,1,1,1,0,0	0.026834,-0.009815,0.002884,-0.004058,0.004328,0.006375,0.003347,0.025902,0.008222,0.030015,-0.000953,0.017876,0.034087,0.001815,-0.028551,0.003741,0.012325,0.029014,0.011142,0.018244,0.005304,-0.022620,-0.004317
Ccar_HQT_ABK79689.1	Ccar_HQT_ABK79689.1	acceptor_superclass::Phenolic acids (C6-C1)	acceptor_superclass::Coumarins;acceptor_superclass::Diterpenoids;acceptor_superclass::Fatty acyls;acceptor_superclass::Flavonoids;acceptor_superclass::Isoflavonoids;acceptor_superclass::Lignans;acceptor_superclass::Lysine alkaloids;acceptor_superclass::Monoterpenoids;acceptor_superclass::Ornithine alkaloids;acceptor_superclass::Phenanthrenoids;acceptor_superclass::Phenolic acids (C6-C1);acceptor_superclass::Phenylpropanoids (C6-C3);acceptor_superclass::Pseudoalkaloids;acceptor_superclass::Saccharides;acceptor_superclass::Small peptides;acceptor_superclass::Steroids;acceptor_superclass::Triterpenoids	0,0,0,0,0,0,0,0,0,0,0,0,0,1,0,0,0,0,0,0,0,0,0	1,0,1,0,1,1,1,1,1,1,0,1,1,1,0,1,1,1,1,1,1,0,0	0.026835,-0.009815,0.002884,-0.004058,0.004328,0.006375,0.003347,0.025902,0.008222,0.030014,-0.000953,0.017876,0.034087,0.001814,-0.028551,0.003741,0.012325,0.029015,0.011142,0.018244,0.005304,-0.022620,-0.004317
Ccar_HQT_ABK79690.1	Ccar_HQT_ABK79690.1	acceptor_superclass::Phenolic acids (C6-C1)	acceptor_superclass::Coumarins;acceptor_superclass::Diterpenoids;acceptor_superclass::Fatty Acids and Conjugates;acceptor_superclass::Fatty acyls;acceptor_superclass::Flavonoids;acceptor_superclass::Lignans;acceptor_superclass::Lysine alkaloids;acceptor_superclass::Monoterpenoids;acceptor_superclass::Naphthalenes;acceptor_superclass::Phenanthrenoids;acceptor_superclass::Phenolic acids (C6-C1);acceptor_superclass::Phenylethanoids (C6-C2);acceptor_superclass::Phenylpropanoids (C6-C3);acceptor_superclass::Pseudoalkaloids;acceptor_superclass::Saccharides;acceptor_superclass::Small peptides;acceptor_superclass::Steroids;acceptor_superclass::Triterpenoids;acceptor_superclass::Tryptophan alkaloids;acceptor_superclass::Tyrosine alkaloids	0,0,0,0,0,0,0,0,0,0,0,0,0,1,0,0,0,0,0,0,0,0,0	1,0,1,1,1,1,0,1,1,1,1,0,1,1,1,1,1,1,1,1,1,1,1	0.017713,-0.016186,0.012904,0.015746,0.002607,0.001271,-0.003099,0.001298,0.010089,0.006327,0.011789,-0.003161,0.011432,0.002647,0.001800,0.002737,0.013010,0.015512,0.006779,0.015547,0.009117,0.002638,0.002659
Cchi_AT3_AAV66309.1	Cchi_AT3_AAV66309.1	acceptor_superclass::Tyrosine alkaloids	acceptor_superclass::Diterpenoids;acceptor_superclass::Fatty Acids and Conjugates;acceptor_superclass::Lignans;acceptor_superclass::Lysine alkaloids;acceptor_superclass::Ornithine alkaloids;acceptor_superclass::Phenolic acids (C6-C1);acceptor_superclass::Phenylethanoids (C6-C2);acceptor_superclass::Phenylpropanoids (C6-C3);acceptor_superclass::Pseudoalkaloids;acceptor_superclass::Tryptophan alkaloids;acceptor_superclass::Tyrosine alkaloids	0,0,0,0,0,0,0,0,0,0,0,0,0,0,0,0,0,0,0,0,0,0,1	0,0,1,1,0,0,0,1,1,0,0,1,0,1,1,1,1,0,0,0,0,1,1	-0.014331,-0.013549,0.011055,0.004201,-0.013830,-0.009397,-0.012567,0.017289,0.002828,-0.004479,-0.014983,0.004450,-0.026404,0.010797,0.010820,0.009444,0.019164,-0.000513,-0.009680,-0.004868,-0.006248,0.014364,0.001638
Ccro_AT1_AXB26761.1	Ccro_AT1_AXB26761.1	acceptor_superclass::Flavonoids	acceptor_superclass::Coumarins;acceptor_superclass::Fatty acyls;acceptor_superclass::Flavonoids;acceptor_superclass::Lignans;acceptor_superclass::Lysine alkaloids;acceptor_superclass::Monoterpenoids;acceptor_superclass::Naphthalenes;acceptor_superclass::Ornithine alkaloids;acceptor_superclass::Phenanthrenoids;acceptor_superclass::Phenylethanoids (C6-C2);acceptor_superclass::Phenylpropanoids (C6-C3);acceptor_superclass::Pseudoalkaloids;acceptor_superclass::Small peptides;acceptor_superclass::Tryptophan alkaloids;acceptor_superclass::Tyrosine alkaloids	0,0,0,0,0,1,0,0,0,0,0,0,0,0,0,0,0,0,0,0,0,0,0	1,0,0,0,1,1,0,1,1,1,1,1,1,0,1,1,1,0,1,0,0,1,1	0.035011,-0.002635,-0.020310,-0.002492,0.011199,0.038432,-0.029586,0.032514,0.041839,0.016638,0.018087,0.001000,0.016582,-0.026216,0.024911,0.002946,0.027180,-0.035134,0.003576,-0.034486,-0.040607,0.014074,0.011821
Ccro_AT1_AXB26761.1	Ccro_AT2_AXB26761.1	acceptor_superclass::Flavonoids	acceptor_superclass::Coumarins;acceptor_superclass::Diterpenoids;acceptor_superclass::Fatty Acids and Conjugates;acceptor_superclass::Fatty acyls;acceptor_superclass::Flavonoids;acceptor_superclass::Lignans;acceptor_superclass::Lysine alkaloids;acceptor_superclass::Monoterpenoids;acceptor_superclass::Naphthalenes;acceptor_superclass::Phenanthrenoids;acceptor_superclass::Phenolic acids (C6-C1);acceptor_superclass::Phenylethanoids (C6-C2);acceptor_superclass::Phenylpropanoids (C6-C3);acceptor_superclass::Pseudoalkaloids;acceptor_superclass::Saccharides;acceptor_superclass::Small peptides;acceptor_superclass::Steroids;acceptor_superclass::Triterpenoids;acceptor_superclass::Tryptophan alkaloids;acceptor_superclass::Tyrosine alkaloids	0,0,0,0,0,1,0,0,0,0,0,0,0,0,0,0,0,0,0,0,0,0,0	1,0,1,1,1,1,0,1,1,1,1,0,1,1,1,1,1,1,1,1,1,1,1	0.017714,-0.016186,0.012905,0.015746,0.002604,0.001263,-0.003098,0.001298,0.010091,0.006331,0.011784,-0.003166,0.011432,0.002647,0.001799,0.002730,0.013010,0.015514,0.006775,0.015548,0.009116,0.002634,0.002657
Ccro_AT2_AXB26762.1	Ccro_AT2_AXB26762.1	acceptor_superclass::Flavonoids	acceptor_superclass::Diterpenoids;acceptor_superclass::Fatty Acids and Conjugates;acceptor_superclass::Lignans;acceptor_superclass::Lysine alkaloids;acceptor_superclass::Ornithine alkaloids;acceptor_superclass::Phenolic acids (C6-C1);acceptor_superclass::Phenylethanoids (C6-C2);acceptor_superclass::Phenylpropanoids (C6-C3);acceptor_superclass::Pseudoalkaloids;acceptor_superclass::Tryptophan alkaloids;acceptor_superclass::Tyrosine alkaloids	0,0,0,0,0,1,0,0,0,0,0,0,0,0,0,0,0,0,0,0,0,0,0	0,0,1,1,0,0,0,1,1,0,0,1,0,1,1,1,1,0,0,0,0,1,1	-0.014331,-0.013549,0.011055,0.004201,-0.013830,-0.009397,-0.012567,0.017289,0.002828,-0.004479,-0.014983,0.004449,-0.026404,0.010797,0.010820,0.009444,0.019164,-0.000513,-0.009680,-0.004868,-0.006248,0.014363,0.001638
Ccro_HCT_WKA69991.1	Ccro_HCT_WKA69991.1	acceptor_superclass::Phenolic acids (C6-C1)	acceptor_superclass::Coumarins;acceptor_superclass::Diterpenoids;acceptor_superclass::Fatty Acids and Conjugates;acceptor_superclass::Fatty acyls;acceptor_superclass::Flavonoids;acceptor_superclass::Lignans;acceptor_superclass::Lysine alkaloids;acceptor_superclass::Monoterpenoids;acceptor_superclass::Naphthalenes;acceptor_superclass::Phenanthrenoids;acceptor_superclass::Phenolic acids (C6-C1);acceptor_superclass::Phenylethanoids (C6-C2);acceptor_superclass::Phenylpropanoids (C6-C3);acceptor_superclass::Pseudoalkaloids;acceptor_superclass::Saccharides;acceptor_superclass::Small peptides;acceptor_superclass::Steroids;acceptor_superclass::Triterpenoids;acceptor_superclass::Tryptophan alkaloids;acceptor_superclass::Tyrosine alkaloids	0,0,0,0,0,0,0,0,0,0,0,0,0,1,0,0,0,0,0,0,0,0,0	1,0,1,1,1,1,0,1,1,1,1,0,1,1,1,1,1,1,1,1,1,1,1	0.017714,-0.016186,0.012905,0.015746,0.002605,0.001267,-0.003098,0.001298,0.010090,0.006330,0.011787,-0.003164,0.011432,0.002647,0.001799,0.002734,0.013009,0.015513,0.006777,0.015548,0.009116,0.002636,0.002658
Cint_HCT1_ANN12608.1	Cint_HCT1_ANN12608.1	acceptor_superclass::Phenolic acids (C6-C1)	acceptor_superclass::Coumarins;acceptor_superclass::Fatty acyls;acceptor_superclass::Flavonoids;acceptor_superclass::Lignans;acceptor_superclass::Lysine alkaloids;acceptor_superclass::Monoterpenoids;acceptor_superclass::Naphthalenes;acceptor_superclass::Ornithine alkaloids;acceptor_superclass::Phenanthrenoids;acceptor_superclass::Phenylethanoids (C6-C2);acceptor_superclass::Phenylpropanoids (C6-C3);acceptor_superclass::Pseudoalkaloids;acceptor_superclass::Small peptides;acceptor_superclass::Tryptophan alkaloids;acceptor_superclass::Tyrosine alkaloids	0,0,0,0,0,0,0,0,0,0,0,0,0,1,0,0,0,0,0,0,0,0,0	1,0,0,0,1,1,0,1,1,1,1,1,1,0,1,1,1,0,1,0,0,1,1	0.035011,-0.002635,-0.020310,-0.002492,0.011199,0.038432,-0.029586,0.032514,0.041839,0.016638,0.018087,0.001000,0.016582,-0.026216,0.024911,0.002946,0.027180,-0.035134,0.003576,-0.034486,-0.040607,0.014074,0.011821
Cint_HCT2_ANN12609.1	Cint_HCT2_ANN12609.1	acceptor_superclass::Phenolic acids (C6-C1)	acceptor_superclass::Diterpenoids;acceptor_superclass::Fatty Acids and Conjugates;acceptor_superclass::Lignans;acceptor_superclass::Lysine alkaloids;acceptor_superclass::Ornithine alkaloids;acceptor_superclass::Phenolic acids (C6-C1);acceptor_superclass::Phenylethanoids (C6-C2);acceptor_superclass::Phenylpropanoids (C6-C3);acceptor_superclass::Pseudoalkaloids;acceptor_superclass::Tryptophan alkaloids;acceptor_superclass::Tyrosine alkaloids	0,0,0,0,0,0,0,0,0,0,0,0,0,1,0,0,0,0,0,0,0,0,0	0,0,1,1,0,0,0,1,1,0,0,1,0,1,1,1,1,0,0,0,0,1,1	-0.014331,-0.013549,0.011055,0.004200,-0.013831,-0.009396,-0.012567,0.017289,0.002828,-0.004479,-0.014983,0.004449,-0.026403,0.010798,0.010820,0.009444,0.019164,-0.000514,-0.009680,-0.004868,-0.006248,0.014363,0.001637
Cint_HQT1_ANN12610.1	Cint_HQT1_ANN12610.1	acceptor_superclass::Phenolic acids (C6-C1)	acceptor_superclass::Cyclic polyketides;acceptor_superclass::Flavonoids;acceptor_superclass::Isoflavonoids;acceptor_superclass::Lignans;acceptor_superclass::Monoterpenoids;acceptor_superclass::Naphthalenes;acceptor_superclass::Phenolic acids (C6-C1);acceptor_superclass::Phenylpropanoids (C6-C3);acceptor_superclass::Pseudoalkaloids;acceptor_superclass::Saccharides;acceptor_superclass::Steroids;acceptor_superclass::Tyrosine alkaloids	0,0,0,0,0,0,0,0,0,0,0,0,0,1,0,0,0,0,0,0,0,0,0	0,1,0,0,0,1,1,1,0,1,1,0,0,1,0,1,1,1,0,1,0,0,1	-0.001599,0.011547,-0.002241,-0.021620,-0.027440,0.020042,0.005087,0.018741,-0.000978,0.019053,0.003722,-0.020094,-0.001831,0.026220,-0.017840,0.006950,0.008216,0.009344,-0.000282,0.018385,-0.015657,-0.006258,0.006013
Cint_HQT2_ANN12611.1	Cint_HQT2_ANN12611.1	acceptor_superclass::Phenolic acids (C6-C1)	acceptor_superclass::Coumarins;acceptor_superclass::Fatty acyls;acceptor_superclass::Flavonoids;acceptor_superclass::Lignans;acceptor_superclass::Lysine alkaloids;acceptor_superclass::Monoterpenoids;acceptor_superclass::Naphthalenes;acceptor_superclass::Ornithine alkaloids;acceptor_superclass::Phenanthrenoids;acceptor_superclass::Phenylethanoids (C6-C2);acceptor_superclass::Phenylpropanoids (C6-C3);acceptor_superclass::Pseudoalkaloids;acceptor_superclass::Small peptides;acceptor_superclass::Tryptophan alkaloids;acceptor_superclass::Tyrosine alkaloids	0,0,0,0,0,0,0,0,0,0,0,0,0,1,0,0,0,0,0,0,0,0,0	1,0,0,0,1,1,0,1,1,1,1,1,1,0,1,1,1,0,1,0,0,1,1	0.035011,-0.002635,-0.020310,-0.002492,0.011199,0.038432,-0.029586,0.032514,0.041839,0.016639,0.018087,0.001000,0.016582,-0.026216,0.024911,0.002946,0.027180,-0.035133,0.003576,-0.034486,-0.040607,0.014074,0.011821
Cint_HQT3_ANN12612.1	Cint_HQT3_ANN12612.1	acceptor_superclass::Phenolic acids (C6-C1)	acceptor_superclass::Coumarins;acceptor_superclass::Fatty acyls;acceptor_superclass::Flavonoids;acceptor_superclass::Lignans;acceptor_superclass::Lysine alkaloids;acceptor_superclass::Monoterpenoids;acceptor_superclass::Naphthalenes;acceptor_superclass::Ornithine alkaloids;acceptor_superclass::Phenanthrenoids;acceptor_superclass::Phenylethanoids (C6-C2);acceptor_superclass::Phenylpropanoids (C6-C3);acceptor_superclass::Pseudoalkaloids;acceptor_superclass::Small peptides;acceptor_superclass::Tryptophan alkaloids;acceptor_superclass::Tyrosine alkaloids	0,0,0,0,0,0,0,0,0,0,0,0,0,1,0,0,0,0,0,0,0,0,0	1,0,0,0,1,1,0,1,1,1,1,1,1,0,1,1,1,0,1,0,0,1,1	0.035011,-0.002635,-0.020310,-0.002492,0.011199,0.038432,-0.029586,0.032514,0.041839,0.016638,0.018087,0.001000,0.016582,-0.026216,0.024911,0.002946,0.027180,-0.035133,0.003576,-0.034486,-0.040607,0.014074,0.011821
Cint_SHT1_AXY93625.1	Cint_SHT1_AXY93625.1	acceptor_superclass::Ornithine alkaloids;acceptor_superclass::Phenolic acids (C6-C1);acceptor_superclass::Pseudoalkaloids	acceptor_superclass::Cyclic polyketides;acceptor_superclass::Flavonoids;acceptor_superclass::Isoflavonoids;acceptor_superclass::Lignans;acceptor_superclass::Monoterpenoids;acceptor_superclass::Naphthalenes;acceptor_superclass::Phenolic acids (C6-C1);acceptor_superclass::Phenylpropanoids (C6-C3);acceptor_superclass::Pseudoalkaloids;acceptor_superclass::Saccharides;acceptor_superclass::Steroids;acceptor_superclass::Tyrosine alkaloids	0,0,0,0,0,0,0,0,0,0,0,1,0,1,0,0,1,0,0,0,0,0,0	0,1,0,0,0,1,1,1,0,1,1,0,0,1,0,1,1,1,0,1,0,0,1	-0.001599,0.011547,-0.002240,-0.021620,-0.027442,0.020042,0.005087,0.018741,-0.000977,0.019053,0.003723,-0.020093,-0.001830,0.026219,-0.017839,0.006950,0.008216,0.009344,-0.000280,0.018384,-0.015657,-0.006257,0.006013
Cint_SHT2_AXY93626.1	Cint_SHT2_AXY93626.1	acceptor_superclass::Ornithine alkaloids;acceptor_superclass::Phenolic acids (C6-C1);acceptor_superclass::Pseudoalkaloids	acceptor_superclass::Coumarins;acceptor_superclass::Diterpenoids;acceptor_superclass::Fatty acyls;acceptor_superclass::Flavonoids;acceptor_superclass::Isoflavonoids;acceptor_superclass::Lignans;acceptor_superclass::Lysine alkaloids;acceptor_superclass::Monoterpenoids;acceptor_superclass::Ornithine alkaloids;acceptor_superclass::Phenanthrenoids;acceptor_superclass::Phenolic acids (C6-C1);acceptor_superclass::Phenylpropanoids (C6-C3);acceptor_superclass::Pseudoalkaloids;acceptor_superclass::Saccharides;acceptor_superclass::Small peptides;acceptor_superclass::Steroids;acceptor_superclass::Triterpenoids	0,0,0,0,0,0,0,0,0,0,0,1,0,1,0,0,1,0,0,0,0,0,0	1,0,1,0,1,1,1,1,1,1,0,1,1,1,0,1,1,1,1,1,1,0,0	0.026834,-0.009815,0.002884,-0.004058,0.004328,0.006375,0.003347,0.025902,0.008222,0.030015,-0.000953,0.017875,0.034087,0.001815,-0.028551,0.003741,0.012325,0.029014,0.011142,0.018244,0.005304,-0.022620,-0.004317
Cmel_AAT1_CAA94432.1	Cmel_AAT1_CAA94432.1	acceptor_superclass::Fatty acyls;acceptor_superclass::Phenylethanoids (C6-C2);acceptor_superclass::Phenylpropanoids (C6-C3)	acceptor_superclass::Coumarins;acceptor_superclass::Diterpenoids;acceptor_superclass::Fatty acyls;acceptor_superclass::Flavonoids;acceptor_superclass::Isoflavonoids;acceptor_superclass::Lignans;acceptor_superclass::Lysine alkaloids;acceptor_superclass::Monoterpenoids;acceptor_superclass::Ornithine alkaloids;acceptor_superclass::Phenanthrenoids;acceptor_superclass::Phenolic acids (C6-C1);acceptor_superclass::Phenylpropanoids (C6-C3);acceptor_superclass::Pseudoalkaloids;acceptor_superclass::Saccharides;acceptor_superclass::Small peptides;acceptor_superclass::Steroids;acceptor_superclass::Triterpenoids	0,0,0,0,1,0,0,0,0,0,0,0,0,0,1,1,0,0,0,0,0,0,0	1,0,1,0,1,1,1,1,1,1,0,1,1,1,0,1,1,1,1,1,1,0,0	0.026834,-0.009815,0.002884,-0.004059,0.004328,0.006375,0.003347,0.025902,0.008222,0.030015,-0.000952,0.017875,0.034087,0.001815,-0.028551,0.003741,0.012326,0.029014,0.011143,0.018244,0.005304,-0.022621,-0.004317
Cmel_AAT3_AAW51125.1	Cmel_AAT3_AAW51125.1	acceptor_superclass::Fatty acyls	acceptor_superclass::Coumarins;acceptor_superclass::Fatty acyls;acceptor_superclass::Flavonoids;acceptor_superclass::Lignans;acceptor_superclass::Lysine alkaloids;acceptor_superclass::Monoterpenoids;acceptor_superclass::Naphthalenes;acceptor_superclass::Ornithine alkaloids;acceptor_superclass::Phenanthrenoids;acceptor_superclass::Phenylethanoids (C6-C2);acceptor_superclass::Phenylpropanoids (C6-C3);acceptor_superclass::Pseudoalkaloids;acceptor_superclass::Small peptides;acceptor_superclass::Tryptophan alkaloids;acceptor_superclass::Tyrosine alkaloids	0,0,0,0,1,0,0,0,0,0,0,0,0,0,0,0,0,0,0,0,0,0,0	1,0,0,0,1,1,0,1,1,1,1,1,1,0,1,1,1,0,1,0,0,1,1	0.035011,-0.002635,-0.020310,-0.002492,0.011199,0.038432,-0.029586,0.032514,0.041839,0.016638,0.018087,0.001000,0.016582,-0.026216,0.024911,0.002946,0.027180,-0.035133,0.003576,-0.034486,-0.040607,0.014074,0.011821
Cmel_AAT4_AAW51126.1	Cmel_AAT4_AAW51126.1	acceptor_superclass::Fatty acyls;acceptor_superclass::Monoterpenoids;acceptor_superclass::Phenylpropanoids (C6-C3)	acceptor_superclass::Coumarins;acceptor_superclass::Diterpenoids;acceptor_superclass::Fatty acyls;acceptor_superclass::Flavonoids;acceptor_superclass::Isoflavonoids;acceptor_superclass::Lignans;acceptor_superclass::Lysine alkaloids;acceptor_superclass::Monoterpenoids;acceptor_superclass::Ornithine alkaloids;acceptor_superclass::Phenanthrenoids;acceptor_superclass::Phenolic acids (C6-C1);acceptor_superclass::Phenylpropanoids (C6-C3);acceptor_superclass::Pseudoalkaloids;acceptor_superclass::Saccharides;acceptor_superclass::Small peptides;acceptor_superclass::Steroids;acceptor_superclass::Triterpenoids	0,0,0,0,1,0,0,0,0,1,0,0,0,0,0,1,0,0,0,0,0,0,0	1,0,1,0,1,1,1,1,1,1,0,1,1,1,0,1,1,1,1,1,1,0,0	0.026834,-0.009815,0.002884,-0.004059,0.004328,0.006375,0.003347,0.025902,0.008222,0.030015,-0.000952,0.017875,0.034087,0.001815,-0.028551,0.003741,0.012325,0.029014,0.011143,0.018244,0.005304,-0.022621,-0.004317
Cros_DAT_AAC99311.1	Cros_DAT_AAC99311.1	acceptor_superclass::Tryptophan alkaloids	acceptor_superclass::Coumarins;acceptor_superclass::Diterpenoids;acceptor_superclass::Fatty Acids and Conjugates;acceptor_superclass::Fatty acyls;acceptor_superclass::Flavonoids;acceptor_superclass::Lignans;acceptor_superclass::Lysine alkaloids;acceptor_superclass::Monoterpenoids;acceptor_superclass::Naphthalenes;acceptor_superclass::Phenanthrenoids;acceptor_superclass::Phenolic acids (C6-C1);acceptor_superclass::Phenylethanoids (C6-C2);acceptor_superclass::Phenylpropanoids (C6-C3);acceptor_superclass::Pseudoalkaloids;acceptor_superclass::Saccharides;acceptor_superclass::Small peptides;acceptor_superclass::Steroids;acceptor_superclass::Triterpenoids;acceptor_superclass::Tryptophan alkaloids;acceptor_superclass::Tyrosine alkaloids	0,0,0,0,0,0,0,0,0,0,0,0,0,0,0,0,0,0,0,0,0,1,0	1,0,1,1,1,1,0,1,1,1,1,0,1,1,1,1,1,1,1,1,1,1,1	0.017714,-0.016186,0.012905,0.015746,0.002605,0.001265,-0.003098,0.001299,0.010090,0.006330,0.011786,-0.003164,0.011432,0.002647,0.001798,0.002733,0.013009,0.015513,0.006776,0.015548,0.009116,0.002636,0.002657
Cros_MAT_AAO13736.1	Cros_MAT_AAO13736.1	acceptor_superclass::Tryptophan alkaloids	acceptor_superclass::Diterpenoids;acceptor_superclass::Fatty Acids and Conjugates;acceptor_superclass::Lignans;acceptor_superclass::Lysine alkaloids;acceptor_superclass::Ornithine alkaloids;acceptor_superclass::Phenolic acids (C6-C1);acceptor_superclass::Phenylethanoids (C6-C2);acceptor_superclass::Phenylpropanoids (C6-C3);acceptor_superclass::Pseudoalkaloids;acceptor_superclass::Tryptophan alkaloids;acceptor_superclass::Tyrosine alkaloids	0,0,0,0,0,0,0,0,0,0,0,0,0,0,0,0,0,0,0,0,0,1,0	0,0,1,1,0,0,0,1,1,0,0,1,0,1,1,1,1,0,0,0,0,1,1	-0.014331,-0.013549,0.011055,0.004201,-0.013830,-0.009397,-0.012567,0.017289,0.002828,-0.004479,-0.014983,0.004450,-0.026404,0.010797,0.010820,0.009444,0.019164,-0.000513,-0.009680,-0.004868,-0.006248,0.014364,0.001638
Cros_TAT_AQP25667.1	Cros_TAT_AQP25667.1	acceptor_superclass::Tryptophan alkaloids	acceptor_superclass::Cyclic polyketides;acceptor_superclass::Flavonoids;acceptor_superclass::Isoflavonoids;acceptor_superclass::Lignans;acceptor_superclass::Monoterpenoids;acceptor_superclass::Naphthalenes;acceptor_superclass::Phenolic acids (C6-C1);acceptor_superclass::Phenylpropanoids (C6-C3);acceptor_superclass::Pseudoalkaloids;acceptor_superclass::Saccharides;acceptor_superclass::Steroids;acceptor_superclass::Tyrosine alkaloids	0,0,0,0,0,0,0,0,0,0,0,0,0,0,0,0,0,0,0,0,0,1,0	0,1,0,0,0,1,1,1,0,1,1,0,0,1,0,1,1,1,0,1,0,0,1	-0.001601,0.011546,-0.002240,-0.021621,-0.027448,0.020043,0.005086,0.018741,-0.000976,0.019054,0.003726,-0.020089,-0.001828,0.026219,-0.017837,0.006950,0.008214,0.009343,-0.000275,0.018381,-0.015656,-0.006255,0.006013
Csat_HCT_AEJ88365.1	Csat_HCT_AEJ88365.1	acceptor_superclass::Phenolic acids (C6-C1)	acceptor_superclass::Coumarins;acceptor_superclass::Diterpenoids;acceptor_superclass::Fatty Acids and Conjugates;acceptor_superclass::Fatty acyls;acceptor_superclass::Flavonoids;acceptor_superclass::Lignans;acceptor_superclass::Lysine alkaloids;acceptor_superclass::Monoterpenoids;acceptor_superclass::Naphthalenes;acceptor_superclass::Phenanthrenoids;acceptor_superclass::Phenolic acids (C6-C1);acceptor_superclass::Phenylethanoids (C6-C2);acceptor_superclass::Phenylpropanoids (C6-C3);acceptor_superclass::Pseudoalkaloids;acceptor_superclass::Saccharides;acceptor_superclass::Small peptides;acceptor_superclass::Steroids;acceptor_superclass::Triterpenoids;acceptor_superclass::Tryptophan alkaloids;acceptor_superclass::Tyrosine alkaloids	0,0,0,0,0,0,0,0,0,0,0,0,0,1,0,0,0,0,0,0,0,0,0	1,0,1,1,1,1,0,1,1,1,1,0,1,1,1,1,1,1,1,1,1,1,1	0.017714,-0.016186,0.012906,0.015746,0.002603,0.001260,-0.003098,0.001298,0.010091,0.006332,0.011782,-0.003168,0.011432,0.002647,0.001798,0.002727,0.013010,0.015515,0.006774,0.015549,0.009116,0.002632,0.002656
Csco_HQT1_CAM84302.2	Csco_HQT1_CAM84302.2	acceptor_superclass::Phenolic acids (C6-C1)	acceptor_superclass::Coumarins;acceptor_superclass::Diterpenoids;acceptor_superclass::Fatty acyls;acceptor_superclass::Flavonoids;acceptor_superclass::Isoflavonoids;acceptor_superclass::Lignans;acceptor_superclass::Lysine alkaloids;acceptor_superclass::Monoterpenoids;acceptor_superclass::Ornithine alkaloids;acceptor_superclass::Phenanthrenoids;acceptor_superclass::Phenolic acids (C6-C1);acceptor_superclass::Phenylpropanoids (C6-C3);acceptor_superclass::Pseudoalkaloids;acceptor_superclass::Saccharides;acceptor_superclass::Small peptides;acceptor_superclass::Steroids;acceptor_superclass::Triterpenoids	0,0,0,0,0,0,0,0,0,0,0,0,0,1,0,0,0,0,0,0,0,0,0	1,0,1,0,1,1,1,1,1,1,0,1,1,1,0,1,1,1,1,1,1,0,0	0.026834,-0.009815,0.002884,-0.004058,0.004328,0.006375,0.003347,0.025902,0.008222,0.030015,-0.000953,0.017876,0.034087,0.001814,-0.028551,0.003741,0.012325,0.029014,0.011142,0.018244,0.005304,-0.022621,-0.004317
Csco_HQT2_ACJ23164.1	Csco_HQT2_ACJ23164.1	acceptor_superclass::Phenolic acids (C6-C1)	acceptor_superclass::Coumarins;acceptor_superclass::Fatty acyls;acceptor_superclass::Flavonoids;acceptor_superclass::Lignans;acceptor_superclass::Lysine alkaloids;acceptor_superclass::Monoterpenoids;acceptor_superclass::Naphthalenes;acceptor_superclass::Ornithine alkaloids;acceptor_superclass::Phenanthrenoids;acceptor_superclass::Phenylethanoids (C6-C2);acceptor_superclass::Phenylpropanoids (C6-C3);acceptor_superclass::Pseudoalkaloids;acceptor_superclass::Small peptides;acceptor_superclass::Tryptophan alkaloids;acceptor_superclass::Tyrosine alkaloids	0,0,0,0,0,0,0,0,0,0,0,0,0,1,0,0,0,0,0,0,0,0,0	1,0,0,0,1,1,0,1,1,1,1,1,1,0,1,1,1,0,1,0,0,1,1	0.035011,-0.002635,-0.020310,-0.002492,0.011199,0.038432,-0.029586,0.032514,0.041839,0.016639,0.018087,0.001000,0.016582,-0.026216,0.024911,0.002946,0.027180,-0.035133,0.003576,-0.034486,-0.040607,0.014074,0.011821
Csin_AT1_THG04858.1	Csin_AT1_THG04858.1	acceptor_superclass::Flavonoids	acceptor_superclass::Coumarins;acceptor_superclass::Diterpenoids;acceptor_superclass::Fatty acyls;acceptor_superclass::Flavonoids;acceptor_superclass::Isoflavonoids;acceptor_superclass::Lignans;acceptor_superclass::Lysine alkaloids;acceptor_superclass::Monoterpenoids;acceptor_superclass::Ornithine alkaloids;acceptor_superclass::Phenanthrenoids;acceptor_superclass::Phenolic acids (C6-C1);acceptor_superclass::Phenylpropanoids (C6-C3);acceptor_superclass::Pseudoalkaloids;acceptor_superclass::Saccharides;acceptor_superclass::Small peptides;acceptor_superclass::Steroids;acceptor_superclass::Triterpenoids	0,0,0,0,0,1,0,0,0,0,0,0,0,0,0,0,0,0,0,0,0,0,0	1,0,1,0,1,1,1,1,1,1,0,1,1,1,0,1,1,1,1,1,1,0,0	0.026834,-0.009815,0.002884,-0.004058,0.004328,0.006375,0.003347,0.025902,0.008222,0.030015,-0.000953,0.017876,0.034087,0.001815,-0.028551,0.003741,0.012325,0.029014,0.011142,0.018244,0.005304,-0.022620,-0.004317
Csin_AT2_THG19836.1	Csin_AT2_THG19836.1	acceptor_superclass::Flavonoids	acceptor_superclass::Cyclic polyketides;acceptor_superclass::Flavonoids;acceptor_superclass::Isoflavonoids;acceptor_superclass::Lignans;acceptor_superclass::Monoterpenoids;acceptor_superclass::Naphthalenes;acceptor_superclass::Phenolic acids (C6-C1);acceptor_superclass::Phenylpropanoids (C6-C3);acceptor_superclass::Pseudoalkaloids;acceptor_superclass::Saccharides;acceptor_superclass::Steroids;acceptor_superclass::Tyrosine alkaloids	0,0,0,0,0,1,0,0,0,0,0,0,0,0,0,0,0,0,0,0,0,0,0	0,1,0,0,0,1,1,1,0,1,1,0,0,1,0,1,1,1,0,1,0,0,1	-0.001599,0.011547,-0.002240,-0.021620,-0.027442,0.020042,0.005087,0.018741,-0.000977,0.019053,0.003723,-0.020093,-0.001830,0.026219,-0.017839,0.006950,0.008216,0.009344,-0.000280,0.018384,-0.015657,-0.006257,0.006013
Csin_CHAT1_GMQ03793.1	Csin_CHAT1_GMQ03793.1	acceptor_superclass::Fatty acyls	acceptor_superclass::Coumarins;acceptor_superclass::Fatty acyls;acceptor_superclass::Flavonoids;acceptor_superclass::Lignans;acceptor_superclass::Lysine alkaloids;acceptor_superclass::Monoterpenoids;acceptor_superclass::Naphthalenes;acceptor_superclass::Ornithine alkaloids;acceptor_superclass::Phenanthrenoids;acceptor_superclass::Phenylethanoids (C6-C2);acceptor_superclass::Phenylpropanoids (C6-C3);acceptor_superclass::Pseudoalkaloids;acceptor_superclass::Small peptides;acceptor_superclass::Tryptophan alkaloids;acceptor_superclass::Tyrosine alkaloids	0,0,0,0,1,0,0,0,0,0,0,0,0,0,0,0,0,0,0,0,0,0,0	1,0,0,0,1,1,0,1,1,1,1,1,1,0,1,1,1,0,1,0,0,1,1	0.035011,-0.002635,-0.020310,-0.002492,0.011199,0.038432,-0.029586,0.032514,0.041839,0.016638,0.018087,0.001000,0.016582,-0.026216,0.024911,0.002946,0.027180,-0.035133,0.003576,-0.034486,-0.040607,0.014074,0.011821
Csin_HCT1_XP_028081726.1	Csin_HCT1_XP_028081726.1	acceptor_superclass::Phenolic acids (C6-C1)	acceptor_superclass::Coumarins;acceptor_superclass::Fatty acyls;acceptor_superclass::Flavonoids;acceptor_superclass::Lignans;acceptor_superclass::Lysine alkaloids;acceptor_superclass::Monoterpenoids;acceptor_superclass::Naphthalenes;acceptor_superclass::Ornithine alkaloids;acceptor_superclass::Phenanthrenoids;acceptor_superclass::Phenylethanoids (C6-C2);acceptor_superclass::Phenylpropanoids (C6-C3);acceptor_superclass::Pseudoalkaloids;acceptor_superclass::Small peptides;acceptor_superclass::Tryptophan alkaloids;acceptor_superclass::Tyrosine alkaloids	0,0,0,0,0,0,0,0,0,0,0,0,0,1,0,0,0,0,0,0,0,0,0	1,0,0,0,1,1,0,1,1,1,1,1,1,0,1,1,1,0,1,0,0,1,1	0.035011,-0.002635,-0.020310,-0.002492,0.011199,0.038432,-0.029586,0.032514,0.041839,0.016638,0.018087,0.001000,0.016581,-0.026216,0.024911,0.002946,0.027180,-0.035134,0.003576,-0.034486,-0.040607,0.014074,0.011821
Csin_HCT2_THG02040.1	Csin_HCT2_THG02040.1	acceptor_superclass::Flavonoids;acceptor_superclass::Phenolic acids (C6-C1)	acceptor_superclass::Cyclic polyketides;acceptor_superclass::Flavonoids;acceptor_superclass::Isoflavonoids;acceptor_superclass::Lignans;acceptor_superclass::Monoterpenoids;acceptor_superclass::Naphthalenes;acceptor_superclass::Phenolic acids (C6-C1);acceptor_superclass::Phenylpropanoids (C6-C3);acceptor_superclass::Pseudoalkaloids;acceptor_superclass::Saccharides;acceptor_superclass::Steroids;acceptor_superclass::Tyrosine alkaloids	0,0,0,0,0,1,0,0,0,0,0,0,0,1,0,0,0,0,0,0,0,0,0	0,1,0,0,0,1,1,1,0,1,1,0,0,1,0,1,1,1,0,1,0,0,1	-0.001605,0.011545,-0.002240,-0.021621,-0.027457,0.020045,0.005085,0.018742,-0.000975,0.019054,0.003730,-0.020081,-0.001824,0.026217,-0.017834,0.006949,0.008210,0.009342,-0.000266,0.018377,-0.015654,-0.006251,0.006013
Dcar_HCBT3_CAB06429.1	Dcar_HCBT1_CAB06427.1	acceptor_superclass::Phenolic acids (C6-C1);acceptor_superclass::Small peptides	acceptor_superclass::Coumarins;acceptor_superclass::Diterpenoids;acceptor_superclass::Fatty Acids and Conjugates;acceptor_superclass::Fatty acyls;acceptor_superclass::Flavonoids;acceptor_superclass::Lignans;acceptor_superclass::Lysine alkaloids;acceptor_superclass::Monoterpenoids;acceptor_superclass::Naphthalenes;acceptor_superclass::Phenanthrenoids;acceptor_superclass::Phenolic acids (C6-C1);acceptor_superclass::Phenylethanoids (C6-C2);acceptor_superclass::Phenylpropanoids (C6-C3);acceptor_superclass::Pseudoalkaloids;acceptor_superclass::Saccharides;acceptor_superclass::Small peptides;acceptor_superclass::Steroids;acceptor_superclass::Triterpenoids;acceptor_superclass::Tryptophan alkaloids;acceptor_superclass::Tyrosine alkaloids	0,0,0,0,0,0,0,0,0,0,0,0,0,1,0,0,0,0,1,0,0,0,0	1,0,1,1,1,1,0,1,1,1,1,0,1,1,1,1,1,1,1,1,1,1,1	0.017713,-0.016186,0.012905,0.015746,0.002606,0.001267,-0.003098,0.001298,0.010090,0.006329,0.011787,-0.003163,0.011432,0.002647,0.001799,0.002734,0.013010,0.015513,0.006777,0.015548,0.009117,0.002636,0.002658
Dcar_HCBT2_CAB06430.1	Dcar_HCBT2_CAB06430.1	acceptor_superclass::Small peptides	acceptor_superclass::Cyclic polyketides;acceptor_superclass::Flavonoids;acceptor_superclass::Isoflavonoids;acceptor_superclass::Lignans;acceptor_superclass::Monoterpenoids;acceptor_superclass::Naphthalenes;acceptor_superclass::Phenolic acids (C6-C1);acceptor_superclass::Phenylpropanoids (C6-C3);acceptor_superclass::Pseudoalkaloids;acceptor_superclass::Saccharides;acceptor_superclass::Steroids;acceptor_superclass::Tyrosine alkaloids	0,0,0,0,0,0,0,0,0,0,0,0,0,0,0,0,0,0,1,0,0,0,0	0,1,0,0,0,1,1,1,0,1,1,0,0,1,0,1,1,1,0,1,0,0,1	-0.001605,0.011545,-0.002240,-0.021621,-0.027458,0.020045,0.005085,0.018742,-0.000975,0.019054,0.003731,-0.020081,-0.001824,0.026217,-0.017834,0.006949,0.008210,0.009342,-0.000266,0.018376,-0.015654,-0.006251,0.006013
Dcar_HCBT3_CAB06429.1	Dcar_HCBT3_CAB06429.1	acceptor_superclass::Small peptides	acceptor_superclass::Cyclic polyketides;acceptor_superclass::Flavonoids;acceptor_superclass::Isoflavonoids;acceptor_superclass::Lignans;acceptor_superclass::Monoterpenoids;acceptor_superclass::Naphthalenes;acceptor_superclass::Phenolic acids (C6-C1);acceptor_superclass::Phenylpropanoids (C6-C3);acceptor_superclass::Pseudoalkaloids;acceptor_superclass::Saccharides;acceptor_superclass::Steroids;acceptor_superclass::Tyrosine alkaloids	0,0,0,0,0,0,0,0,0,0,0,0,0,0,0,0,0,0,1,0,0,0,0	0,1,0,0,0,1,1,1,0,1,1,0,0,1,0,1,1,1,0,1,0,0,1	-0.001605,0.011545,-0.002240,-0.021621,-0.027457,0.020045,0.005085,0.018742,-0.000975,0.019054,0.003730,-0.020082,-0.001824,0.026218,-0.017834,0.006949,0.008210,0.009342,-0.000267,0.018377,-0.015654,-0.006251,0.006013
Dlan_MAT1_QUW17232.1	Dlan_MAT1_QUW17232.1	acceptor_superclass::Flavonoids;acceptor_superclass::Steroids	acceptor_superclass::Cyclic polyketides;acceptor_superclass::Flavonoids;acceptor_superclass::Isoflavonoids;acceptor_superclass::Lignans;acceptor_superclass::Monoterpenoids;acceptor_superclass::Naphthalenes;acceptor_superclass::Phenolic acids (C6-C1);acceptor_superclass::Phenylpropanoids (C6-C3);acceptor_superclass::Pseudoalkaloids;acceptor_superclass::Saccharides;acceptor_superclass::Steroids;acceptor_superclass::Tyrosine alkaloids	0,0,0,0,0,1,0,0,0,0,0,0,0,0,0,0,0,0,0,1,0,0,0	0,1,0,0,0,1,1,1,0,1,1,0,0,1,0,1,1,1,0,1,0,0,1	-0.001596,0.011548,-0.002241,-0.021619,-0.027434,0.020041,0.005088,0.018740,-0.000979,0.019053,0.003718,-0.020099,-0.001833,0.026220,-0.017842,0.006951,0.008219,0.009345,-0.000288,0.018388,-0.015659,-0.006260,0.006013
Dlan_MAT2_QWS71079.1	Dlan_MAT2_QWS71079.1	acceptor_superclass::Flavonoids;acceptor_superclass::Steroids	acceptor_superclass::Coumarins;acceptor_superclass::Diterpenoids;acceptor_superclass::Fatty Acids and Conjugates;acceptor_superclass::Fatty acyls;acceptor_superclass::Flavonoids;acceptor_superclass::Lignans;acceptor_superclass::Lysine alkaloids;acceptor_superclass::Monoterpenoids;acceptor_superclass::Naphthalenes;acceptor_superclass::Phenanthrenoids;acceptor_superclass::Phenolic acids (C6-C1);acceptor_superclass::Phenylethanoids (C6-C2);acceptor_superclass::Phenylpropanoids (C6-C3);acceptor_superclass::Pseudoalkaloids;acceptor_superclass::Saccharides;acceptor_superclass::Small peptides;acceptor_superclass::Steroids;acceptor_superclass::Triterpenoids;acceptor_superclass::Tryptophan alkaloids;acceptor_superclass::Tyrosine alkaloids	0,0,0,0,0,1,0,0,0,0,0,0,0,0,0,0,0,0,0,1,0,0,0	1,0,1,1,1,1,0,1,1,1,1,0,1,1,1,1,1,1,1,1,1,1,1	0.017714,-0.016186,0.012905,0.015746,0.002605,0.001264,-0.003098,0.001298,0.010091,0.006331,0.011785,-0.003165,0.011432,0.002647,0.001799,0.002731,0.013009,0.015514,0.006776,0.015548,0.009116,0.002635,0.002657
Dmor_3MAT1_AAQ63615.1	Dmor_3MAT1_AAQ63615.1	acceptor_superclass::Flavonoids	acceptor_superclass::Coumarins;acceptor_superclass::Diterpenoids;acceptor_superclass::Fatty acyls;acceptor_superclass::Flavonoids;acceptor_superclass::Isoflavonoids;acceptor_superclass::Lignans;acceptor_superclass::Lysine alkaloids;acceptor_superclass::Monoterpenoids;acceptor_superclass::Ornithine alkaloids;acceptor_superclass::Phenanthrenoids;acceptor_superclass::Phenolic acids (C6-C1);acceptor_superclass::Phenylpropanoids (C6-C3);acceptor_superclass::Pseudoalkaloids;acceptor_superclass::Saccharides;acceptor_superclass::Small peptides;acceptor_superclass::Steroids;acceptor_superclass::Triterpenoids	0,0,0,0,0,1,0,0,0,0,0,0,0,0,0,0,0,0,0,0,0,0,0	1,0,1,0,1,1,1,1,1,1,0,1,1,1,0,1,1,1,1,1,1,0,0	0.026834,-0.009815,0.002884,-0.004058,0.004328,0.006375,0.003347,0.025902,0.008222,0.030014,-0.000953,0.017875,0.034087,0.001814,-0.028551,0.003741,0.012325,0.029014,0.011142,0.018244,0.005304,-0.022620,-0.004317
Dmor_3MAT2_AAQ63616.1	Dmor_3MAT2_AAQ63616.1	acceptor_superclass::Flavonoids	acceptor_superclass::Coumarins;acceptor_superclass::Diterpenoids;acceptor_superclass::Fatty Acids and Conjugates;acceptor_superclass::Fatty acyls;acceptor_superclass::Flavonoids;acceptor_superclass::Lignans;acceptor_superclass::Lysine alkaloids;acceptor_superclass::Monoterpenoids;acceptor_superclass::Naphthalenes;acceptor_superclass::Phenanthrenoids;acceptor_superclass::Phenolic acids (C6-C1);acceptor_superclass::Phenylethanoids (C6-C2);acceptor_superclass::Phenylpropanoids (C6-C3);acceptor_superclass::Pseudoalkaloids;acceptor_superclass::Saccharides;acceptor_superclass::Small peptides;acceptor_superclass::Steroids;acceptor_superclass::Triterpenoids;acceptor_superclass::Tryptophan alkaloids;acceptor_superclass::Tyrosine alkaloids	0,0,0,0,0,1,0,0,0,0,0,0,0,0,0,0,0,0,0,0,0,0,0	1,0,1,1,1,1,0,1,1,1,1,0,1,1,1,1,1,1,1,1,1,1,1	0.017713,-0.016186,0.012905,0.015746,0.002606,0.001266,-0.003098,0.001298,0.010090,0.006329,0.011787,-0.003164,0.011432,0.002647,0.001799,0.002733,0.013009,0.015513,0.006777,0.015548,0.009117,0.002636,0.002657
Dmor_3MAT3_BAF50706.1	Dmor_3MAT3_BAF50706.1	acceptor_superclass::Flavonoids;acceptor_superclass::Isoflavonoids	acceptor_superclass::Coumarins;acceptor_superclass::Diterpenoids;acceptor_superclass::Fatty acyls;acceptor_superclass::Flavonoids;acceptor_superclass::Isoflavonoids;acceptor_superclass::Lignans;acceptor_superclass::Lysine alkaloids;acceptor_superclass::Monoterpenoids;acceptor_superclass::Ornithine alkaloids;acceptor_superclass::Phenanthrenoids;acceptor_superclass::Phenolic acids (C6-C1);acceptor_superclass::Phenylpropanoids (C6-C3);acceptor_superclass::Pseudoalkaloids;acceptor_superclass::Saccharides;acceptor_superclass::Small peptides;acceptor_superclass::Steroids;acceptor_superclass::Triterpenoids	0,0,0,0,0,1,1,0,0,0,0,0,0,0,0,0,0,0,0,0,0,0,0	1,0,1,0,1,1,1,1,1,1,0,1,1,1,0,1,1,1,1,1,1,0,0	0.026834,-0.009815,0.002884,-0.004058,0.004328,0.006375,0.003347,0.025902,0.008222,0.030014,-0.000953,0.017876,0.034087,0.001814,-0.028551,0.003741,0.012325,0.029014,0.011142,0.018244,0.005303,-0.022621,-0.004317
Dpin_3MAT_AAO12206.1	Dpin_3MAT_AAO12206.1	acceptor_superclass::Flavonoids	acceptor_superclass::Coumarins;acceptor_superclass::Diterpenoids;acceptor_superclass::Fatty acyls;acceptor_superclass::Flavonoids;acceptor_superclass::Isoflavonoids;acceptor_superclass::Lignans;acceptor_superclass::Lysine alkaloids;acceptor_superclass::Monoterpenoids;acceptor_superclass::Ornithine alkaloids;acceptor_superclass::Phenanthrenoids;acceptor_superclass::Phenolic acids (C6-C1);acceptor_superclass::Phenylpropanoids (C6-C3);acceptor_superclass::Pseudoalkaloids;acceptor_superclass::Saccharides;acceptor_superclass::Small peptides;acceptor_superclass::Steroids;acceptor_superclass::Triterpenoids	0,0,0,0,0,1,0,0,0,0,0,0,0,0,0,0,0,0,0,0,0,0,0	1,0,1,0,1,1,1,1,1,1,0,1,1,1,0,1,1,1,1,1,1,0,0	0.026834,-0.009815,0.002884,-0.004058,0.004328,0.006375,0.003347,0.025902,0.008222,0.030015,-0.000953,0.017875,0.034087,0.001815,-0.028551,0.003741,0.012325,0.029014,0.011142,0.018244,0.005304,-0.022620,-0.004317
Dvar_3MAT_AAO12206.1	Dvar_3MAT_AAO12206.1		acceptor_superclass::Coumarins;acceptor_superclass::Diterpenoids;acceptor_superclass::Fatty acyls;acceptor_superclass::Flavonoids;acceptor_superclass::Isoflavonoids;acceptor_superclass::Lignans;acceptor_superclass::Lysine alkaloids;acceptor_superclass::Monoterpenoids;acceptor_superclass::Ornithine alkaloids;acceptor_superclass::Phenanthrenoids;acceptor_superclass::Phenolic acids (C6-C1);acceptor_superclass::Phenylpropanoids (C6-C3);acceptor_superclass::Pseudoalkaloids;acceptor_superclass::Saccharides;acceptor_superclass::Small peptides;acceptor_superclass::Steroids;acceptor_superclass::Triterpenoids	0,0,0,0,0,0,0,0,0,0,0,0,0,0,0,0,0,0,0,0,0,0,0	1,0,1,0,1,1,1,1,1,1,0,1,1,1,0,1,1,1,1,1,1,0,0	0.026834,-0.009815,0.002884,-0.004058,0.004328,0.006375,0.003347,0.025902,0.008222,0.030015,-0.000953,0.017875,0.034087,0.001815,-0.028551,0.003741,0.012325,0.029014,0.011142,0.018244,0.005304,-0.022620,-0.004317
Ecoc_CS_AGT56097.1	Ecoc_BAHD7_AGT56097.1	acceptor_superclass::Ornithine alkaloids	acceptor_superclass::Diterpenoids;acceptor_superclass::Fatty Acids and Conjugates;acceptor_superclass::Lignans;acceptor_superclass::Lysine alkaloids;acceptor_superclass::Ornithine alkaloids;acceptor_superclass::Phenolic acids (C6-C1);acceptor_superclass::Phenylethanoids (C6-C2);acceptor_superclass::Phenylpropanoids (C6-C3);acceptor_superclass::Pseudoalkaloids;acceptor_superclass::Tryptophan alkaloids;acceptor_superclass::Tyrosine alkaloids	0,0,0,0,0,0,0,0,0,0,0,1,0,0,0,0,0,0,0,0,0,0,0	0,0,1,1,0,0,0,1,1,0,0,1,0,1,1,1,1,0,0,0,0,1,1	-0.014331,-0.013549,0.011055,0.004201,-0.013830,-0.009397,-0.012567,0.017289,0.002828,-0.004480,-0.014983,0.004450,-0.026404,0.010797,0.010820,0.009444,0.019164,-0.000513,-0.009680,-0.004868,-0.006248,0.014364,0.001638
Ecoc_CS_AGT56097.1	Ecoc_CS_AGT56097.1	acceptor_superclass::Ornithine alkaloids	acceptor_superclass::Cyclic polyketides;acceptor_superclass::Flavonoids;acceptor_superclass::Isoflavonoids;acceptor_superclass::Lignans;acceptor_superclass::Monoterpenoids;acceptor_superclass::Naphthalenes;acceptor_superclass::Phenolic acids (C6-C1);acceptor_superclass::Phenylpropanoids (C6-C3);acceptor_superclass::Pseudoalkaloids;acceptor_superclass::Saccharides;acceptor_superclass::Steroids;acceptor_superclass::Tyrosine alkaloids	0,0,0,0,0,0,0,0,0,0,0,1,0,0,0,0,0,0,0,0,0,0,0	0,1,0,0,0,1,1,1,0,1,1,0,0,1,0,1,1,1,0,1,0,0,1	-0.001602,0.011546,-0.002240,-0.021621,-0.027450,0.020043,0.005086,0.018741,-0.000976,0.019054,0.003727,-0.020087,-0.001827,0.026218,-0.017836,0.006949,0.008213,0.009343,-0.000273,0.018380,-0.015655,-0.006254,0.006013
Ecoc_HQT_AFF19203.1	Ecoc_HQT_AFF19203.1	acceptor_superclass::Phenolic acids (C6-C1)	acceptor_superclass::Diterpenoids;acceptor_superclass::Fatty Acids and Conjugates;acceptor_superclass::Lignans;acceptor_superclass::Lysine alkaloids;acceptor_superclass::Ornithine alkaloids;acceptor_superclass::Phenolic acids (C6-C1);acceptor_superclass::Phenylethanoids (C6-C2);acceptor_superclass::Phenylpropanoids (C6-C3);acceptor_superclass::Pseudoalkaloids;acceptor_superclass::Tryptophan alkaloids;acceptor_superclass::Tyrosine alkaloids	0,0,0,0,0,0,0,0,0,0,0,0,0,1,0,0,0,0,0,0,0,0,0	0,0,1,1,0,0,0,1,1,0,0,1,0,1,1,1,1,0,0,0,0,1,1	-0.014331,-0.013549,0.011055,0.004201,-0.013831,-0.009397,-0.012567,0.017289,0.002828,-0.004479,-0.014983,0.004449,-0.026403,0.010798,0.010820,0.009444,0.019164,-0.000514,-0.009680,-0.004868,-0.006248,0.014363,0.001637
Egra_5AT_BAF49288.1	Egra_5AT_BAF49288.1	acceptor_superclass::Flavonoids	acceptor_superclass::Coumarins;acceptor_superclass::Diterpenoids;acceptor_superclass::Fatty Acids and Conjugates;acceptor_superclass::Fatty acyls;acceptor_superclass::Flavonoids;acceptor_superclass::Lignans;acceptor_superclass::Lysine alkaloids;acceptor_superclass::Monoterpenoids;acceptor_superclass::Naphthalenes;acceptor_superclass::Phenanthrenoids;acceptor_superclass::Phenolic acids (C6-C1);acceptor_superclass::Phenylethanoids (C6-C2);acceptor_superclass::Phenylpropanoids (C6-C3);acceptor_superclass::Pseudoalkaloids;acceptor_superclass::Saccharides;acceptor_superclass::Small peptides;acceptor_superclass::Steroids;acceptor_superclass::Triterpenoids;acceptor_superclass::Tryptophan alkaloids;acceptor_superclass::Tyrosine alkaloids	0,0,0,0,0,1,0,0,0,0,0,0,0,0,0,0,0,0,0,0,0,0,0	1,0,1,1,1,1,0,1,1,1,1,0,1,1,1,1,1,1,1,1,1,1,1	0.017714,-0.016186,0.012905,0.015746,0.002605,0.001264,-0.003098,0.001298,0.010090,0.006331,0.011785,-0.003165,0.011432,0.002647,0.001799,0.002731,0.013009,0.015513,0.006776,0.015548,0.009116,0.002635,0.002657
Epep_BAHD11_NA	Epep_BAHD11_NA	acceptor_superclass::Diterpenoids	acceptor_superclass::Coumarins;acceptor_superclass::Diterpenoids;acceptor_superclass::Fatty acyls;acceptor_superclass::Flavonoids;acceptor_superclass::Isoflavonoids;acceptor_superclass::Lignans;acceptor_superclass::Lysine alkaloids;acceptor_superclass::Monoterpenoids;acceptor_superclass::Ornithine alkaloids;acceptor_superclass::Phenanthrenoids;acceptor_superclass::Phenolic acids (C6-C1);acceptor_superclass::Phenylpropanoids (C6-C3);acceptor_superclass::Pseudoalkaloids;acceptor_superclass::Saccharides;acceptor_superclass::Small peptides;acceptor_superclass::Steroids;acceptor_superclass::Triterpenoids	0,0,1,0,0,0,0,0,0,0,0,0,0,0,0,0,0,0,0,0,0,0,0	1,0,1,0,1,1,1,1,1,1,0,1,1,1,0,1,1,1,1,1,1,0,0	0.026834,-0.009815,0.002884,-0.004059,0.004328,0.006375,0.003347,0.025902,0.008222,0.030015,-0.000952,0.017875,0.034087,0.001815,-0.028551,0.003741,0.012325,0.029014,0.011143,0.018244,0.005304,-0.022620,-0.004317
Epep_BAHD12_NA	Epep_BAHD12_NA	acceptor_superclass::Diterpenoids	acceptor_superclass::Coumarins;acceptor_superclass::Fatty acyls;acceptor_superclass::Flavonoids;acceptor_superclass::Lignans;acceptor_superclass::Lysine alkaloids;acceptor_superclass::Monoterpenoids;acceptor_superclass::Naphthalenes;acceptor_superclass::Ornithine alkaloids;acceptor_superclass::Phenanthrenoids;acceptor_superclass::Phenylethanoids (C6-C2);acceptor_superclass::Phenylpropanoids (C6-C3);acceptor_superclass::Pseudoalkaloids;acceptor_superclass::Small peptides;acceptor_superclass::Tryptophan alkaloids;acceptor_superclass::Tyrosine alkaloids	0,0,1,0,0,0,0,0,0,0,0,0,0,0,0,0,0,0,0,0,0,0,0	1,0,0,0,1,1,0,1,1,1,1,1,1,0,1,1,1,0,1,0,0,1,1	0.035011,-0.002635,-0.020310,-0.002492,0.011199,0.038432,-0.029586,0.032514,0.041839,0.016638,0.018087,0.001000,0.016582,-0.026216,0.024911,0.002946,0.027180,-0.035134,0.003576,-0.034486,-0.040607,0.014074,0.011821
Epep_BAHD6_NA	Epep_BAHD6_NA	acceptor_superclass::Diterpenoids	acceptor_superclass::Cyclic polyketides;acceptor_superclass::Flavonoids;acceptor_superclass::Isoflavonoids;acceptor_superclass::Lignans;acceptor_superclass::Monoterpenoids;acceptor_superclass::Naphthalenes;acceptor_superclass::Phenolic acids (C6-C1);acceptor_superclass::Phenylpropanoids (C6-C3);acceptor_superclass::Pseudoalkaloids;acceptor_superclass::Saccharides;acceptor_superclass::Steroids;acceptor_superclass::Tyrosine alkaloids	0,0,1,0,0,0,0,0,0,0,0,0,0,0,0,0,0,0,0,0,0,0,0	0,1,0,0,0,1,1,1,0,1,1,0,0,1,0,1,1,1,0,1,0,0,1	-0.001604,0.011546,-0.002240,-0.021621,-0.027454,0.020044,0.005085,0.018742,-0.000975,0.019054,0.003729,-0.020084,-0.001825,0.026218,-0.017835,0.006949,0.008211,0.009342,-0.000269,0.018378,-0.015654,-0.006252,0.006013
Epep_BAHD7_NA	Epep_BAHD7_NA	acceptor_superclass::Diterpenoids	acceptor_superclass::Coumarins;acceptor_superclass::Diterpenoids;acceptor_superclass::Fatty Acids and Conjugates;acceptor_superclass::Fatty acyls;acceptor_superclass::Flavonoids;acceptor_superclass::Lignans;acceptor_superclass::Lysine alkaloids;acceptor_superclass::Monoterpenoids;acceptor_superclass::Naphthalenes;acceptor_superclass::Phenanthrenoids;acceptor_superclass::Phenolic acids (C6-C1);acceptor_superclass::Phenylethanoids (C6-C2);acceptor_superclass::Phenylpropanoids (C6-C3);acceptor_superclass::Pseudoalkaloids;acceptor_superclass::Saccharides;acceptor_superclass::Small peptides;acceptor_superclass::Steroids;acceptor_superclass::Triterpenoids;acceptor_superclass::Tryptophan alkaloids;acceptor_superclass::Tyrosine alkaloids	0,0,1,0,0,0,0,0,0,0,0,0,0,0,0,0,0,0,0,0,0,0,0	1,0,1,1,1,1,0,1,1,1,1,0,1,1,1,1,1,1,1,1,1,1,1	0.017712,-0.016186,0.012904,0.015745,0.002608,0.001269,-0.003099,0.001298,0.010089,0.006326,0.011789,-0.003160,0.011432,0.002647,0.001799,0.002737,0.013010,0.015512,0.006779,0.015547,0.009117,0.002638,0.002658
Epep_BAHD8_NA	Epep_BAHD8_NA	acceptor_superclass::Diterpenoids	acceptor_superclass::Cyclic polyketides;acceptor_superclass::Flavonoids;acceptor_superclass::Isoflavonoids;acceptor_superclass::Lignans;acceptor_superclass::Monoterpenoids;acceptor_superclass::Naphthalenes;acceptor_superclass::Phenolic acids (C6-C1);acceptor_superclass::Phenylpropanoids (C6-C3);acceptor_superclass::Pseudoalkaloids;acceptor_superclass::Saccharides;acceptor_superclass::Steroids;acceptor_superclass::Tyrosine alkaloids	0,0,1,0,0,0,0,0,0,0,0,0,0,0,0,0,0,0,0,0,0,0,0	0,1,0,0,0,1,1,1,0,1,1,0,0,1,0,1,1,1,0,1,0,0,1	-0.001602,0.011546,-0.002240,-0.021621,-0.027449,0.020043,0.005086,0.018741,-0.000976,0.019054,0.003726,-0.020088,-0.001827,0.026218,-0.017837,0.006949,0.008213,0.009343,-0.000274,0.018381,-0.015656,-0.006254,0.006013
Epla_AAT1-1_BDW80081.1	Epla_AAT1-1_BDW80081.1	acceptor_superclass::Naphthalenes	acceptor_superclass::Diterpenoids;acceptor_superclass::Fatty Acids and Conjugates;acceptor_superclass::Lignans;acceptor_superclass::Lysine alkaloids;acceptor_superclass::Ornithine alkaloids;acceptor_superclass::Phenolic acids (C6-C1);acceptor_superclass::Phenylethanoids (C6-C2);acceptor_superclass::Phenylpropanoids (C6-C3);acceptor_superclass::Pseudoalkaloids;acceptor_superclass::Tryptophan alkaloids;acceptor_superclass::Tyrosine alkaloids	0,0,0,0,0,0,0,0,0,0,1,0,0,0,0,0,0,0,0,0,0,0,0	0,0,1,1,0,0,0,1,1,0,0,1,0,1,1,1,1,0,0,0,0,1,1	-0.014331,-0.013549,0.011055,0.004201,-0.013830,-0.009397,-0.012567,0.017289,0.002828,-0.004480,-0.014983,0.004450,-0.026404,0.010797,0.010820,0.009444,0.019164,-0.000513,-0.009680,-0.004868,-0.006248,0.014364,0.001638
Epla_AAT1-2_BDW80082.1	Epla_AAT1-2_BDW80082.1	acceptor_superclass::Naphthalenes	acceptor_superclass::Coumarins;acceptor_superclass::Fatty acyls;acceptor_superclass::Flavonoids;acceptor_superclass::Lignans;acceptor_superclass::Lysine alkaloids;acceptor_superclass::Monoterpenoids;acceptor_superclass::Naphthalenes;acceptor_superclass::Ornithine alkaloids;acceptor_superclass::Phenanthrenoids;acceptor_superclass::Phenylethanoids (C6-C2);acceptor_superclass::Phenylpropanoids (C6-C3);acceptor_superclass::Pseudoalkaloids;acceptor_superclass::Small peptides;acceptor_superclass::Tryptophan alkaloids;acceptor_superclass::Tyrosine alkaloids	0,0,0,0,0,0,0,0,0,0,1,0,0,0,0,0,0,0,0,0,0,0,0	1,0,0,0,1,1,0,1,1,1,1,1,1,0,1,1,1,0,1,0,0,1,1	0.035011,-0.002635,-0.020310,-0.002492,0.011199,0.038432,-0.029586,0.032514,0.041839,0.016638,0.018087,0.001000,0.016582,-0.026216,0.024911,0.002946,0.027180,-0.035133,0.003576,-0.034486,-0.040607,0.014074,0.011821
Epla_AAT2-1_BDW80086.1	Epla_AAT2-1_BDW80086.1	acceptor_superclass::Naphthalenes	acceptor_superclass::Diterpenoids;acceptor_superclass::Fatty Acids and Conjugates;acceptor_superclass::Lignans;acceptor_superclass::Lysine alkaloids;acceptor_superclass::Ornithine alkaloids;acceptor_superclass::Phenolic acids (C6-C1);acceptor_superclass::Phenylethanoids (C6-C2);acceptor_superclass::Phenylpropanoids (C6-C3);acceptor_superclass::Pseudoalkaloids;acceptor_superclass::Tryptophan alkaloids;acceptor_superclass::Tyrosine alkaloids	0,0,0,0,0,0,0,0,0,0,1,0,0,0,0,0,0,0,0,0,0,0,0	0,0,1,1,0,0,0,1,1,0,0,1,0,1,1,1,1,0,0,0,0,1,1	-0.014331,-0.013549,0.011055,0.004201,-0.013830,-0.009397,-0.012567,0.017289,0.002828,-0.004479,-0.014983,0.004450,-0.026404,0.010797,0.010820,0.009444,0.019164,-0.000513,-0.009680,-0.004868,-0.006248,0.014364,0.001638
Epla_AAT2-2_BDW80087.1	Epla_AAT2-2_BDW80087.1	acceptor_superclass::Naphthalenes	acceptor_superclass::Cyclic polyketides;acceptor_superclass::Flavonoids;acceptor_superclass::Isoflavonoids;acceptor_superclass::Lignans;acceptor_superclass::Monoterpenoids;acceptor_superclass::Naphthalenes;acceptor_superclass::Phenolic acids (C6-C1);acceptor_superclass::Phenylpropanoids (C6-C3);acceptor_superclass::Pseudoalkaloids;acceptor_superclass::Saccharides;acceptor_superclass::Steroids;acceptor_superclass::Tyrosine alkaloids	0,0,0,0,0,0,0,0,0,0,1,0,0,0,0,0,0,0,0,0,0,0,0	0,1,0,0,0,1,1,1,0,1,1,0,0,1,0,1,1,1,0,1,0,0,1	-0.001602,0.011546,-0.002240,-0.021621,-0.027450,0.020043,0.005086,0.018741,-0.000976,0.019054,0.003727,-0.020087,-0.001827,0.026218,-0.017836,0.006949,0.008213,0.009343,-0.000273,0.018380,-0.015655,-0.006254,0.006013
Epla_AAT2-3_BDW80088.1	Epla_AAT2-3_BDW80088.1	acceptor_superclass::Naphthalenes	acceptor_superclass::Cyclic polyketides;acceptor_superclass::Flavonoids;acceptor_superclass::Isoflavonoids;acceptor_superclass::Lignans;acceptor_superclass::Monoterpenoids;acceptor_superclass::Naphthalenes;acceptor_superclass::Phenolic acids (C6-C1);acceptor_superclass::Phenylpropanoids (C6-C3);acceptor_superclass::Pseudoalkaloids;acceptor_superclass::Saccharides;acceptor_superclass::Steroids;acceptor_superclass::Tyrosine alkaloids	0,0,0,0,0,0,0,0,0,0,1,0,0,0,0,0,0,0,0,0,0,0,0	0,1,0,0,0,1,1,1,0,1,1,0,0,1,0,1,1,1,0,1,0,0,1	-0.001602,0.011546,-0.002240,-0.021621,-0.027449,0.020043,0.005086,0.018741,-0.000976,0.019054,0.003726,-0.020087,-0.001827,0.026218,-0.017837,0.006949,0.008213,0.009343,-0.000273,0.018380,-0.015655,-0.006254,0.006013
Epla_SAT1-1_BDW80075.1	Epla_SAT1-1_BDW80075.1	acceptor_superclass::Naphthalenes	acceptor_superclass::Diterpenoids;acceptor_superclass::Fatty Acids and Conjugates;acceptor_superclass::Lignans;acceptor_superclass::Lysine alkaloids;acceptor_superclass::Ornithine alkaloids;acceptor_superclass::Phenolic acids (C6-C1);acceptor_superclass::Phenylethanoids (C6-C2);acceptor_superclass::Phenylpropanoids (C6-C3);acceptor_superclass::Pseudoalkaloids;acceptor_superclass::Tryptophan alkaloids;acceptor_superclass::Tyrosine alkaloids	0,0,0,0,0,0,0,0,0,0,1,0,0,0,0,0,0,0,0,0,0,0,0	0,0,1,1,0,0,0,1,1,0,0,1,0,1,1,1,1,0,0,0,0,1,1	-0.014331,-0.013549,0.011055,0.004201,-0.013830,-0.009397,-0.012567,0.017289,0.002828,-0.004479,-0.014983,0.004450,-0.026404,0.010797,0.010820,0.009444,0.019164,-0.000513,-0.009680,-0.004868,-0.006248,0.014364,0.001638
Epla_SAT1-2_BDW80076.1	Epla_SAT1-2_BDW80076.1	acceptor_superclass::Naphthalenes	acceptor_superclass::Coumarins;acceptor_superclass::Diterpenoids;acceptor_superclass::Fatty acyls;acceptor_superclass::Flavonoids;acceptor_superclass::Isoflavonoids;acceptor_superclass::Lignans;acceptor_superclass::Lysine alkaloids;acceptor_superclass::Monoterpenoids;acceptor_superclass::Ornithine alkaloids;acceptor_superclass::Phenanthrenoids;acceptor_superclass::Phenolic acids (C6-C1);acceptor_superclass::Phenylpropanoids (C6-C3);acceptor_superclass::Pseudoalkaloids;acceptor_superclass::Saccharides;acceptor_superclass::Small peptides;acceptor_superclass::Steroids;acceptor_superclass::Triterpenoids	0,0,0,0,0,0,0,0,0,0,1,0,0,0,0,0,0,0,0,0,0,0,0	1,0,1,0,1,1,1,1,1,1,0,1,1,1,0,1,1,1,1,1,1,0,0	0.026834,-0.009815,0.002884,-0.004059,0.004329,0.006375,0.003347,0.025902,0.008222,0.030015,-0.000952,0.017875,0.034087,0.001815,-0.028551,0.003741,0.012326,0.029014,0.011143,0.018244,0.005304,-0.022621,-0.004318
Epla_SAT2-1_BDW80078.1	Epla_SAT2-1_BDW80078.1	acceptor_superclass::Naphthalenes	acceptor_superclass::Coumarins;acceptor_superclass::Fatty acyls;acceptor_superclass::Flavonoids;acceptor_superclass::Lignans;acceptor_superclass::Lysine alkaloids;acceptor_superclass::Monoterpenoids;acceptor_superclass::Naphthalenes;acceptor_superclass::Ornithine alkaloids;acceptor_superclass::Phenanthrenoids;acceptor_superclass::Phenylethanoids (C6-C2);acceptor_superclass::Phenylpropanoids (C6-C3);acceptor_superclass::Pseudoalkaloids;acceptor_superclass::Small peptides;acceptor_superclass::Tryptophan alkaloids;acceptor_superclass::Tyrosine alkaloids	0,0,0,0,0,0,0,0,0,0,1,0,0,0,0,0,0,0,0,0,0,0,0	1,0,0,0,1,1,0,1,1,1,1,1,1,0,1,1,1,0,1,0,0,1,1	0.035011,-0.002635,-0.020310,-0.002492,0.011199,0.038432,-0.029586,0.032514,0.041839,0.016638,0.018087,0.001000,0.016582,-0.026216,0.024911,0.002946,0.027180,-0.035134,0.003576,-0.034486,-0.040607,0.014074,0.011821
Epla_SAT2-2_BDW80079.1	Epla_SAT2-2_BDW80079.1	acceptor_superclass::Naphthalenes	acceptor_superclass::Diterpenoids;acceptor_superclass::Fatty Acids and Conjugates;acceptor_superclass::Lignans;acceptor_superclass::Lysine alkaloids;acceptor_superclass::Ornithine alkaloids;acceptor_superclass::Phenolic acids (C6-C1);acceptor_superclass::Phenylethanoids (C6-C2);acceptor_superclass::Phenylpropanoids (C6-C3);acceptor_superclass::Pseudoalkaloids;acceptor_superclass::Tryptophan alkaloids;acceptor_superclass::Tyrosine alkaloids	0,0,0,0,0,0,0,0,0,0,1,0,0,0,0,0,0,0,0,0,0,0,0	0,0,1,1,0,0,0,1,1,0,0,1,0,1,1,1,1,0,0,0,0,1,1	-0.014331,-0.013549,0.011055,0.004201,-0.013830,-0.009397,-0.012567,0.017289,0.002828,-0.004479,-0.014983,0.004449,-0.026404,0.010797,0.010820,0.009444,0.019164,-0.000513,-0.009680,-0.004868,-0.006248,0.014364,0.001638
Epur_HCT_QRI59128.1	Epur_HCT_QRI59128.1	acceptor_superclass::Phenolic acids (C6-C1)	acceptor_superclass::Coumarins;acceptor_superclass::Diterpenoids;acceptor_superclass::Fatty Acids and Conjugates;acceptor_superclass::Fatty acyls;acceptor_superclass::Flavonoids;acceptor_superclass::Lignans;acceptor_superclass::Lysine alkaloids;acceptor_superclass::Monoterpenoids;acceptor_superclass::Naphthalenes;acceptor_superclass::Phenanthrenoids;acceptor_superclass::Phenolic acids (C6-C1);acceptor_superclass::Phenylethanoids (C6-C2);acceptor_superclass::Phenylpropanoids (C6-C3);acceptor_superclass::Pseudoalkaloids;acceptor_superclass::Saccharides;acceptor_superclass::Small peptides;acceptor_superclass::Steroids;acceptor_superclass::Triterpenoids;acceptor_superclass::Tryptophan alkaloids;acceptor_superclass::Tyrosine alkaloids	0,0,0,0,0,0,0,0,0,0,0,0,0,1,0,0,0,0,0,0,0,0,0	1,0,1,1,1,1,0,1,1,1,1,0,1,1,1,1,1,1,1,1,1,1,1	0.017712,-0.016186,0.012904,0.015745,0.002608,0.001270,-0.003099,0.001298,0.010089,0.006326,0.011789,-0.003160,0.011432,0.002647,0.001800,0.002737,0.013010,0.015512,0.006779,0.015547,0.009117,0.002638,0.002658
Epur_HMT_UHJ19789.2	Epur_HMT_UHJ19789.2	acceptor_superclass::Fatty Acids and Conjugates	acceptor_superclass::Coumarins;acceptor_superclass::Diterpenoids;acceptor_superclass::Fatty acyls;acceptor_superclass::Flavonoids;acceptor_superclass::Isoflavonoids;acceptor_superclass::Lignans;acceptor_superclass::Lysine alkaloids;acceptor_superclass::Monoterpenoids;acceptor_superclass::Ornithine alkaloids;acceptor_superclass::Phenanthrenoids;acceptor_superclass::Phenolic acids (C6-C1);acceptor_superclass::Phenylpropanoids (C6-C3);acceptor_superclass::Pseudoalkaloids;acceptor_superclass::Saccharides;acceptor_superclass::Small peptides;acceptor_superclass::Steroids;acceptor_superclass::Triterpenoids	0,0,0,1,0,0,0,0,0,0,0,0,0,0,0,0,0,0,0,0,0,0,0	1,0,1,0,1,1,1,1,1,1,0,1,1,1,0,1,1,1,1,1,1,0,0	0.026834,-0.009815,0.002884,-0.004058,0.004328,0.006375,0.003347,0.025902,0.008222,0.030014,-0.000953,0.017875,0.034087,0.001815,-0.028551,0.003741,0.012325,0.029014,0.011142,0.018244,0.005304,-0.022620,-0.004317
Epur_HQT_QRI59127.1	Epur_HQT_QRI59127.1	acceptor_superclass::Phenolic acids (C6-C1)	acceptor_superclass::Cyclic polyketides;acceptor_superclass::Flavonoids;acceptor_superclass::Isoflavonoids;acceptor_superclass::Lignans;acceptor_superclass::Monoterpenoids;acceptor_superclass::Naphthalenes;acceptor_superclass::Phenolic acids (C6-C1);acceptor_superclass::Phenylpropanoids (C6-C3);acceptor_superclass::Pseudoalkaloids;acceptor_superclass::Saccharides;acceptor_superclass::Steroids;acceptor_superclass::Tyrosine alkaloids	0,0,0,0,0,0,0,0,0,0,0,0,0,1,0,0,0,0,0,0,0,0,0	0,1,0,0,0,1,1,1,0,1,1,0,0,1,0,1,1,1,0,1,0,0,1	-0.001605,0.011545,-0.002240,-0.021621,-0.027457,0.020045,0.005085,0.018742,-0.000975,0.019054,0.003731,-0.020081,-0.001824,0.026217,-0.017834,0.006949,0.008210,0.009342,-0.000266,0.018377,-0.015654,-0.006251,0.006013
Epur_HTT_QRI59126.1	Epur_HTT_QRI59126.1	acceptor_superclass::Fatty Acids and Conjugates	acceptor_superclass::Cyclic polyketides;acceptor_superclass::Flavonoids;acceptor_superclass::Isoflavonoids;acceptor_superclass::Lignans;acceptor_superclass::Monoterpenoids;acceptor_superclass::Naphthalenes;acceptor_superclass::Phenolic acids (C6-C1);acceptor_superclass::Phenylpropanoids (C6-C3);acceptor_superclass::Pseudoalkaloids;acceptor_superclass::Saccharides;acceptor_superclass::Steroids;acceptor_superclass::Tyrosine alkaloids	0,0,0,1,0,0,0,0,0,0,0,0,0,0,0,0,0,0,0,0,0,0,0	0,1,0,0,0,1,1,1,0,1,1,0,0,1,0,1,1,1,0,1,0,0,1	-0.001604,0.011545,-0.002240,-0.021621,-0.027456,0.020044,0.005085,0.018742,-0.000975,0.019054,0.003730,-0.020082,-0.001824,0.026218,-0.017834,0.006949,0.008211,0.009342,-0.000267,0.018377,-0.015654,-0.006251,0.006013
Fana_SAAT_AAG13130.1	Fana_SAAT_AAG13130.1	acceptor_superclass::Cyclic polyketides;acceptor_superclass::Fatty acyls;acceptor_superclass::Phenylethanoids (C6-C2)	acceptor_superclass::Coumarins;acceptor_superclass::Fatty acyls;acceptor_superclass::Flavonoids;acceptor_superclass::Lignans;acceptor_superclass::Lysine alkaloids;acceptor_superclass::Monoterpenoids;acceptor_superclass::Naphthalenes;acceptor_superclass::Ornithine alkaloids;acceptor_superclass::Phenanthrenoids;acceptor_superclass::Phenylethanoids (C6-C2);acceptor_superclass::Phenylpropanoids (C6-C3);acceptor_superclass::Pseudoalkaloids;acceptor_superclass::Small peptides;acceptor_superclass::Tryptophan alkaloids;acceptor_superclass::Tyrosine alkaloids	0,1,0,0,1,0,0,0,0,0,0,0,0,0,1,0,0,0,0,0,0,0,0	1,0,0,0,1,1,0,1,1,1,1,1,1,0,1,1,1,0,1,0,0,1,1	0.035011,-0.002635,-0.020310,-0.002492,0.011199,0.038432,-0.029586,0.032514,0.041839,0.016638,0.018087,0.001000,0.016582,-0.026216,0.024911,0.002946,0.027180,-0.035134,0.003576,-0.034486,-0.040607,0.014074,0.011821
Fves_VAAT_CAC09062.1	Fves_VAAT_CAC09062.1	acceptor_superclass::Cyclic polyketides;acceptor_superclass::Fatty acyls;acceptor_superclass::Monoterpenoids;acceptor_superclass::Phenylethanoids (C6-C2);acceptor_superclass::Phenylpropanoids (C6-C3)	acceptor_superclass::Coumarins;acceptor_superclass::Diterpenoids;acceptor_superclass::Fatty Acids and Conjugates;acceptor_superclass::Fatty acyls;acceptor_superclass::Flavonoids;acceptor_superclass::Lignans;acceptor_superclass::Lysine alkaloids;acceptor_superclass::Monoterpenoids;acceptor_superclass::Naphthalenes;acceptor_superclass::Phenanthrenoids;acceptor_superclass::Phenolic acids (C6-C1);acceptor_superclass::Phenylethanoids (C6-C2);acceptor_superclass::Phenylpropanoids (C6-C3);acceptor_superclass::Pseudoalkaloids;acceptor_superclass::Saccharides;acceptor_superclass::Small peptides;acceptor_superclass::Steroids;acceptor_superclass::Triterpenoids;acceptor_superclass::Tryptophan alkaloids;acceptor_superclass::Tyrosine alkaloids	0,1,0,0,1,0,0,0,0,1,0,0,0,0,1,1,0,0,0,0,0,0,0	1,0,1,1,1,1,0,1,1,1,1,0,1,1,1,1,1,1,1,1,1,1,1	0.017713,-0.016186,0.012905,0.015746,0.002606,0.001266,-0.003098,0.001298,0.010090,0.006329,0.011787,-0.003163,0.011432,0.002647,0.001799,0.002733,0.013010,0.015513,0.006777,0.015548,0.009117,0.002636,0.002657
Gmax_COSY_KRH21316.1	Gmax_COSY_KRH21316.1		acceptor_superclass::Coumarins;acceptor_superclass::Diterpenoids;acceptor_superclass::Fatty Acids and Conjugates;acceptor_superclass::Fatty acyls;acceptor_superclass::Flavonoids;acceptor_superclass::Lignans;acceptor_superclass::Lysine alkaloids;acceptor_superclass::Monoterpenoids;acceptor_superclass::Naphthalenes;acceptor_superclass::Phenanthrenoids;acceptor_superclass::Phenolic acids (C6-C1);acceptor_superclass::Phenylethanoids (C6-C2);acceptor_superclass::Phenylpropanoids (C6-C3);acceptor_superclass::Pseudoalkaloids;acceptor_superclass::Saccharides;acceptor_superclass::Small peptides;acceptor_superclass::Steroids;acceptor_superclass::Triterpenoids;acceptor_superclass::Tryptophan alkaloids;acceptor_superclass::Tyrosine alkaloids	0,0,0,0,0,0,0,0,0,0,0,0,0,0,0,0,0,0,0,0,0,0,0	1,0,1,1,1,1,0,1,1,1,1,0,1,1,1,1,1,1,1,1,1,1,1	0.017713,-0.016186,0.012905,0.015746,0.002606,0.001266,-0.003098,0.001298,0.010090,0.006329,0.011787,-0.003164,0.011432,0.002647,0.001798,0.002733,0.013009,0.015513,0.006776,0.015548,0.009117,0.002636,0.002657
Gmax_MT7_ABY59019.1	Gmax_IF7MAT_NP_001237760.1	acceptor_superclass::Isoflavonoids	acceptor_superclass::Coumarins;acceptor_superclass::Diterpenoids;acceptor_superclass::Fatty Acids and Conjugates;acceptor_superclass::Fatty acyls;acceptor_superclass::Flavonoids;acceptor_superclass::Lignans;acceptor_superclass::Lysine alkaloids;acceptor_superclass::Monoterpenoids;acceptor_superclass::Naphthalenes;acceptor_superclass::Phenanthrenoids;acceptor_superclass::Phenolic acids (C6-C1);acceptor_superclass::Phenylethanoids (C6-C2);acceptor_superclass::Phenylpropanoids (C6-C3);acceptor_superclass::Pseudoalkaloids;acceptor_superclass::Saccharides;acceptor_superclass::Small peptides;acceptor_superclass::Steroids;acceptor_superclass::Triterpenoids;acceptor_superclass::Tryptophan alkaloids;acceptor_superclass::Tyrosine alkaloids	0,0,0,0,0,0,1,0,0,0,0,0,0,0,0,0,0,0,0,0,0,0,0	1,0,1,1,1,1,0,1,1,1,1,0,1,1,1,1,1,1,1,1,1,1,1	0.017713,-0.016186,0.012905,0.015746,0.002606,0.001265,-0.003098,0.001298,0.010090,0.006330,0.011786,-0.003164,0.011432,0.002647,0.001799,0.002733,0.013010,0.015513,0.006777,0.015548,0.009117,0.002635,0.002657
Gmax_IMAT1_AQY54373.1	Gmax_IMAT1_AQY54373.1	acceptor_superclass::Isoflavonoids	acceptor_superclass::Coumarins;acceptor_superclass::Diterpenoids;acceptor_superclass::Fatty Acids and Conjugates;acceptor_superclass::Fatty acyls;acceptor_superclass::Flavonoids;acceptor_superclass::Lignans;acceptor_superclass::Lysine alkaloids;acceptor_superclass::Monoterpenoids;acceptor_superclass::Naphthalenes;acceptor_superclass::Phenanthrenoids;acceptor_superclass::Phenolic acids (C6-C1);acceptor_superclass::Phenylethanoids (C6-C2);acceptor_superclass::Phenylpropanoids (C6-C3);acceptor_superclass::Pseudoalkaloids;acceptor_superclass::Saccharides;acceptor_superclass::Small peptides;acceptor_superclass::Steroids;acceptor_superclass::Triterpenoids;acceptor_superclass::Tryptophan alkaloids;acceptor_superclass::Tyrosine alkaloids	0,0,0,0,0,0,1,0,0,0,0,0,0,0,0,0,0,0,0,0,0,0,0	1,0,1,1,1,1,0,1,1,1,1,0,1,1,1,1,1,1,1,1,1,1,1	0.017713,-0.016186,0.012905,0.015746,0.002606,0.001265,-0.003098,0.001298,0.010090,0.006330,0.011786,-0.003164,0.011432,0.002647,0.001799,0.002733,0.013009,0.015513,0.006776,0.015548,0.009117,0.002636,0.002657
Gmax_IMAT3_AQY54374.1	Gmax_IMAT3_AQY54374.1	acceptor_superclass::Isoflavonoids	acceptor_superclass::Coumarins;acceptor_superclass::Fatty acyls;acceptor_superclass::Flavonoids;acceptor_superclass::Lignans;acceptor_superclass::Lysine alkaloids;acceptor_superclass::Monoterpenoids;acceptor_superclass::Naphthalenes;acceptor_superclass::Ornithine alkaloids;acceptor_superclass::Phenanthrenoids;acceptor_superclass::Phenylethanoids (C6-C2);acceptor_superclass::Phenylpropanoids (C6-C3);acceptor_superclass::Pseudoalkaloids;acceptor_superclass::Small peptides;acceptor_superclass::Tryptophan alkaloids;acceptor_superclass::Tyrosine alkaloids	0,0,0,0,0,0,1,0,0,0,0,0,0,0,0,0,0,0,0,0,0,0,0	1,0,0,0,1,1,0,1,1,1,1,1,1,0,1,1,1,0,1,0,0,1,1	0.035011,-0.002635,-0.020310,-0.002492,0.011199,0.038432,-0.029586,0.032514,0.041839,0.016638,0.018087,0.001000,0.016582,-0.026216,0.024911,0.002946,0.027180,-0.035133,0.003576,-0.034486,-0.040607,0.014074,0.011821
Gmax_MT7_ABY59019.1	Gmax_MT7_ABY59019.1	acceptor_superclass::Flavonoids;acceptor_superclass::Isoflavonoids	acceptor_superclass::Coumarins;acceptor_superclass::Diterpenoids;acceptor_superclass::Fatty Acids and Conjugates;acceptor_superclass::Fatty acyls;acceptor_superclass::Flavonoids;acceptor_superclass::Lignans;acceptor_superclass::Lysine alkaloids;acceptor_superclass::Monoterpenoids;acceptor_superclass::Naphthalenes;acceptor_superclass::Phenanthrenoids;acceptor_superclass::Phenolic acids (C6-C1);acceptor_superclass::Phenylethanoids (C6-C2);acceptor_superclass::Phenylpropanoids (C6-C3);acceptor_superclass::Pseudoalkaloids;acceptor_superclass::Saccharides;acceptor_superclass::Small peptides;acceptor_superclass::Steroids;acceptor_superclass::Triterpenoids;acceptor_superclass::Tryptophan alkaloids;acceptor_superclass::Tyrosine alkaloids	0,0,0,0,0,1,1,0,0,0,0,0,0,0,0,0,0,0,0,0,0,0,0	1,0,1,1,1,1,0,1,1,1,1,0,1,1,1,1,1,1,1,1,1,1,1	0.017713,-0.016186,0.012905,0.015746,0.002606,0.001265,-0.003098,0.001298,0.010090,0.006330,0.011786,-0.003164,0.011432,0.002647,0.001799,0.002733,0.013010,0.015513,0.006777,0.015548,0.009117,0.002635,0.002657
Gmax_SSACT1_KRH01153.1	Gmax_SSACT1_KRH01153.1	acceptor_superclass::Triterpenoids	acceptor_superclass::Diterpenoids;acceptor_superclass::Fatty Acids and Conjugates;acceptor_superclass::Lignans;acceptor_superclass::Lysine alkaloids;acceptor_superclass::Ornithine alkaloids;acceptor_superclass::Phenolic acids (C6-C1);acceptor_superclass::Phenylethanoids (C6-C2);acceptor_superclass::Phenylpropanoids (C6-C3);acceptor_superclass::Pseudoalkaloids;acceptor_superclass::Tryptophan alkaloids;acceptor_superclass::Tyrosine alkaloids	0,0,0,0,0,0,0,0,0,0,0,0,0,0,0,0,0,0,0,0,1,0,0	0,0,1,1,0,0,0,1,1,0,0,1,0,1,1,1,1,0,0,0,0,1,1	-0.014331,-0.013549,0.011055,0.004201,-0.013830,-0.009397,-0.012567,0.017289,0.002828,-0.004479,-0.014983,0.004449,-0.026404,0.010797,0.010820,0.009444,0.019164,-0.000513,-0.009680,-0.004868,-0.006248,0.014364,0.001638
Gtri_53AAT_BAA74428.1	Gtri_53AAT_BAA74428.1	acceptor_superclass::Flavonoids	acceptor_superclass::Coumarins;acceptor_superclass::Fatty acyls;acceptor_superclass::Flavonoids;acceptor_superclass::Lignans;acceptor_superclass::Lysine alkaloids;acceptor_superclass::Monoterpenoids;acceptor_superclass::Naphthalenes;acceptor_superclass::Ornithine alkaloids;acceptor_superclass::Phenanthrenoids;acceptor_superclass::Phenylethanoids (C6-C2);acceptor_superclass::Phenylpropanoids (C6-C3);acceptor_superclass::Pseudoalkaloids;acceptor_superclass::Small peptides;acceptor_superclass::Tryptophan alkaloids;acceptor_superclass::Tyrosine alkaloids	0,0,0,0,0,1,0,0,0,0,0,0,0,0,0,0,0,0,0,0,0,0,0	1,0,0,0,1,1,0,1,1,1,1,1,1,0,1,1,1,0,1,0,0,1,1	0.035011,-0.002635,-0.020310,-0.002492,0.011199,0.038432,-0.029586,0.032514,0.041839,0.016638,0.018087,0.001000,0.016582,-0.026216,0.024911,0.002946,0.027180,-0.035133,0.003576,-0.034486,-0.040607,0.014074,0.011821
Gtri_53AAT_BAA74428.1	Gtri_5AT_BAA74428.1	acceptor_superclass::Flavonoids	acceptor_superclass::Coumarins;acceptor_superclass::Diterpenoids;acceptor_superclass::Fatty acyls;acceptor_superclass::Flavonoids;acceptor_superclass::Isoflavonoids;acceptor_superclass::Lignans;acceptor_superclass::Lysine alkaloids;acceptor_superclass::Monoterpenoids;acceptor_superclass::Ornithine alkaloids;acceptor_superclass::Phenanthrenoids;acceptor_superclass::Phenolic acids (C6-C1);acceptor_superclass::Phenylpropanoids (C6-C3);acceptor_superclass::Pseudoalkaloids;acceptor_superclass::Saccharides;acceptor_superclass::Small peptides;acceptor_superclass::Steroids;acceptor_superclass::Triterpenoids	0,0,0,0,0,1,0,0,0,0,0,0,0,0,0,0,0,0,0,0,0,0,0	1,0,1,0,1,1,1,1,1,1,0,1,1,1,0,1,1,1,1,1,1,0,0	0.026834,-0.009815,0.002884,-0.004058,0.004328,0.006375,0.003347,0.025902,0.008222,0.030015,-0.000953,0.017876,0.034087,0.001815,-0.028551,0.003741,0.012325,0.029014,0.011142,0.018244,0.005304,-0.022621,-0.004317
Gtri_53AAT_BAA74428.1	Gtri_GAT_BAA74428.1	acceptor_superclass::Flavonoids	acceptor_superclass::Cyclic polyketides;acceptor_superclass::Flavonoids;acceptor_superclass::Isoflavonoids;acceptor_superclass::Lignans;acceptor_superclass::Monoterpenoids;acceptor_superclass::Naphthalenes;acceptor_superclass::Phenolic acids (C6-C1);acceptor_superclass::Phenylpropanoids (C6-C3);acceptor_superclass::Pseudoalkaloids;acceptor_superclass::Saccharides;acceptor_superclass::Steroids;acceptor_superclass::Tyrosine alkaloids	0,0,0,0,0,1,0,0,0,0,0,0,0,0,0,0,0,0,0,0,0,0,0	0,1,0,0,0,1,1,1,0,1,1,0,0,1,0,1,1,1,0,1,0,0,1	-0.001597,0.011548,-0.002241,-0.021619,-0.027436,0.020041,0.005088,0.018740,-0.000979,0.019053,0.003720,-0.020098,-0.001832,0.026220,-0.017841,0.006951,0.008218,0.009345,-0.000286,0.018387,-0.015658,-0.006259,0.006013
Hann_HCT1_QBM78941.1	Hann_HCT1_QBM78941.1	acceptor_superclass::Phenolic acids (C6-C1)	acceptor_superclass::Coumarins;acceptor_superclass::Diterpenoids;acceptor_superclass::Fatty Acids and Conjugates;acceptor_superclass::Fatty acyls;acceptor_superclass::Flavonoids;acceptor_superclass::Lignans;acceptor_superclass::Lysine alkaloids;acceptor_superclass::Monoterpenoids;acceptor_superclass::Naphthalenes;acceptor_superclass::Phenanthrenoids;acceptor_superclass::Phenolic acids (C6-C1);acceptor_superclass::Phenylethanoids (C6-C2);acceptor_superclass::Phenylpropanoids (C6-C3);acceptor_superclass::Pseudoalkaloids;acceptor_superclass::Saccharides;acceptor_superclass::Small peptides;acceptor_superclass::Steroids;acceptor_superclass::Triterpenoids;acceptor_superclass::Tryptophan alkaloids;acceptor_superclass::Tyrosine alkaloids	0,0,0,0,0,0,0,0,0,0,0,0,0,1,0,0,0,0,0,0,0,0,0	1,0,1,1,1,1,0,1,1,1,1,0,1,1,1,1,1,1,1,1,1,1,1	0.017713,-0.016186,0.012904,0.015745,0.002608,0.001271,-0.003099,0.001298,0.010089,0.006326,0.011789,-0.003160,0.011432,0.002647,0.001800,0.002737,0.013010,0.015512,0.006779,0.015547,0.009117,0.002638,0.002658
Hann_HCT2_QBM78942.1	Hann_HCT2_QBM78942.1	acceptor_superclass::Phenolic acids (C6-C1)	acceptor_superclass::Coumarins;acceptor_superclass::Fatty acyls;acceptor_superclass::Flavonoids;acceptor_superclass::Lignans;acceptor_superclass::Lysine alkaloids;acceptor_superclass::Monoterpenoids;acceptor_superclass::Naphthalenes;acceptor_superclass::Ornithine alkaloids;acceptor_superclass::Phenanthrenoids;acceptor_superclass::Phenylethanoids (C6-C2);acceptor_superclass::Phenylpropanoids (C6-C3);acceptor_superclass::Pseudoalkaloids;acceptor_superclass::Small peptides;acceptor_superclass::Tryptophan alkaloids;acceptor_superclass::Tyrosine alkaloids	0,0,0,0,0,0,0,0,0,0,0,0,0,1,0,0,0,0,0,0,0,0,0	1,0,0,0,1,1,0,1,1,1,1,1,1,0,1,1,1,0,1,0,0,1,1	0.035011,-0.002635,-0.020310,-0.002492,0.011199,0.038432,-0.029586,0.032514,0.041839,0.016638,0.018087,0.001000,0.016582,-0.026216,0.024911,0.002946,0.027180,-0.035134,0.003576,-0.034486,-0.040607,0.014074,0.011821
Hann_HQT1_QBM78938.1	Hann_HQT1_QBM78938.1	acceptor_superclass::Phenolic acids (C6-C1)	acceptor_superclass::Diterpenoids;acceptor_superclass::Fatty Acids and Conjugates;acceptor_superclass::Lignans;acceptor_superclass::Lysine alkaloids;acceptor_superclass::Ornithine alkaloids;acceptor_superclass::Phenolic acids (C6-C1);acceptor_superclass::Phenylethanoids (C6-C2);acceptor_superclass::Phenylpropanoids (C6-C3);acceptor_superclass::Pseudoalkaloids;acceptor_superclass::Tryptophan alkaloids;acceptor_superclass::Tyrosine alkaloids	0,0,0,0,0,0,0,0,0,0,0,0,0,1,0,0,0,0,0,0,0,0,0	0,0,1,1,0,0,0,1,1,0,0,1,0,1,1,1,1,0,0,0,0,1,1	-0.014331,-0.013549,0.011055,0.004200,-0.013831,-0.009396,-0.012567,0.017289,0.002828,-0.004479,-0.014983,0.004449,-0.026403,0.010798,0.010820,0.009444,0.019164,-0.000514,-0.009680,-0.004868,-0.006249,0.014363,0.001637
Hann_HQT2_QBM78939.1	Hann_HQT2_QBM78939.1	acceptor_superclass::Phenolic acids (C6-C1)	acceptor_superclass::Diterpenoids;acceptor_superclass::Fatty Acids and Conjugates;acceptor_superclass::Lignans;acceptor_superclass::Lysine alkaloids;acceptor_superclass::Ornithine alkaloids;acceptor_superclass::Phenolic acids (C6-C1);acceptor_superclass::Phenylethanoids (C6-C2);acceptor_superclass::Phenylpropanoids (C6-C3);acceptor_superclass::Pseudoalkaloids;acceptor_superclass::Tryptophan alkaloids;acceptor_superclass::Tyrosine alkaloids	0,0,0,0,0,0,0,0,0,0,0,0,0,1,0,0,0,0,0,0,0,0,0	0,0,1,1,0,0,0,1,1,0,0,1,0,1,1,1,1,0,0,0,0,1,1	-0.014331,-0.013549,0.011055,0.004201,-0.013830,-0.009397,-0.012567,0.017289,0.002828,-0.004479,-0.014983,0.004450,-0.026404,0.010797,0.010820,0.009444,0.019164,-0.000513,-0.009680,-0.004868,-0.006248,0.014364,0.001638
Hann_HQT3_QBM78940.1	Hann_HQT3_QBM78940.1	acceptor_superclass::Phenolic acids (C6-C1)	acceptor_superclass::Coumarins;acceptor_superclass::Fatty acyls;acceptor_superclass::Flavonoids;acceptor_superclass::Lignans;acceptor_superclass::Lysine alkaloids;acceptor_superclass::Monoterpenoids;acceptor_superclass::Naphthalenes;acceptor_superclass::Ornithine alkaloids;acceptor_superclass::Phenanthrenoids;acceptor_superclass::Phenylethanoids (C6-C2);acceptor_superclass::Phenylpropanoids (C6-C3);acceptor_superclass::Pseudoalkaloids;acceptor_superclass::Small peptides;acceptor_superclass::Tryptophan alkaloids;acceptor_superclass::Tyrosine alkaloids	0,0,0,0,0,0,0,0,0,0,0,0,0,1,0,0,0,0,0,0,0,0,0	1,0,0,0,1,1,0,1,1,1,1,1,1,0,1,1,1,0,1,0,0,1,1	0.035011,-0.002635,-0.020310,-0.002492,0.011199,0.038432,-0.029586,0.032514,0.041839,0.016639,0.018087,0.001000,0.016582,-0.026216,0.024911,0.002946,0.027180,-0.035133,0.003576,-0.034486,-0.040607,0.014074,0.011821
Hcan_PMT_KAL4341785.1	Hcan_PMT_KAL4341785.1	acceptor_superclass::Phenylpropanoids (C6-C3)	acceptor_superclass::Diterpenoids;acceptor_superclass::Fatty Acids and Conjugates;acceptor_superclass::Lignans;acceptor_superclass::Lysine alkaloids;acceptor_superclass::Ornithine alkaloids;acceptor_superclass::Phenolic acids (C6-C1);acceptor_superclass::Phenylethanoids (C6-C2);acceptor_superclass::Phenylpropanoids (C6-C3);acceptor_superclass::Pseudoalkaloids;acceptor_superclass::Tryptophan alkaloids;acceptor_superclass::Tyrosine alkaloids	0,0,0,0,0,0,0,0,0,0,0,0,0,0,0,1,0,0,0,0,0,0,0	0,0,1,1,0,0,0,1,1,0,0,1,0,1,1,1,1,0,0,0,0,1,1	-0.014331,-0.013549,0.011055,0.004201,-0.013830,-0.009397,-0.012567,0.017289,0.002828,-0.004479,-0.014983,0.004450,-0.026404,0.010797,0.010820,0.009444,0.019164,-0.000513,-0.009680,-0.004868,-0.006248,0.014364,0.001638
Hmur_ACT_BCN87077.1	Hmur_ACT_BCN87077.1	acceptor_superclass::Ornithine alkaloids;acceptor_superclass::Pseudoalkaloids	acceptor_superclass::Cyclic polyketides;acceptor_superclass::Flavonoids;acceptor_superclass::Isoflavonoids;acceptor_superclass::Lignans;acceptor_superclass::Monoterpenoids;acceptor_superclass::Naphthalenes;acceptor_superclass::Phenolic acids (C6-C1);acceptor_superclass::Phenylpropanoids (C6-C3);acceptor_superclass::Pseudoalkaloids;acceptor_superclass::Saccharides;acceptor_superclass::Steroids;acceptor_superclass::Tyrosine alkaloids	0,0,0,0,0,0,0,0,0,0,0,1,0,0,0,0,1,0,0,0,0,0,0	0,1,0,0,0,1,1,1,0,1,1,0,0,1,0,1,1,1,0,1,0,0,1	-0.001604,0.011545,-0.002240,-0.021621,-0.027457,0.020045,0.005085,0.018742,-0.000975,0.019054,0.003730,-0.020082,-0.001824,0.026218,-0.017834,0.006949,0.008210,0.009342,-0.000267,0.018377,-0.015654,-0.006251,0.006013
Hpol_BAHD3_NA	Hpol_BAHD3_NA	acceptor_superclass::Tyrosine alkaloids	acceptor_superclass::Cyclic polyketides;acceptor_superclass::Flavonoids;acceptor_superclass::Isoflavonoids;acceptor_superclass::Lignans;acceptor_superclass::Monoterpenoids;acceptor_superclass::Naphthalenes;acceptor_superclass::Phenolic acids (C6-C1);acceptor_superclass::Phenylpropanoids (C6-C3);acceptor_superclass::Pseudoalkaloids;acceptor_superclass::Saccharides;acceptor_superclass::Steroids;acceptor_superclass::Tyrosine alkaloids	0,0,0,0,0,0,0,0,0,0,0,0,0,0,0,0,0,0,0,0,0,0,1	0,1,0,0,0,1,1,1,0,1,1,0,0,1,0,1,1,1,0,1,0,0,1	-0.001598,0.011547,-0.002240,-0.021620,-0.027439,0.020042,0.005088,0.018741,-0.000978,0.019053,0.003721,-0.020096,-0.001831,0.026220,-0.017840,0.006951,0.008217,0.009344,-0.000283,0.018385,-0.015658,-0.006258,0.006013
Hvul_ACT1-1_AAO73071.1	Hvul_ACT1-1_AAO73071.1	acceptor_superclass::Ornithine alkaloids	acceptor_superclass::Coumarins;acceptor_superclass::Diterpenoids;acceptor_superclass::Fatty acyls;acceptor_superclass::Flavonoids;acceptor_superclass::Isoflavonoids;acceptor_superclass::Lignans;acceptor_superclass::Lysine alkaloids;acceptor_superclass::Monoterpenoids;acceptor_superclass::Ornithine alkaloids;acceptor_superclass::Phenanthrenoids;acceptor_superclass::Phenolic acids (C6-C1);acceptor_superclass::Phenylpropanoids (C6-C3);acceptor_superclass::Pseudoalkaloids;acceptor_superclass::Saccharides;acceptor_superclass::Small peptides;acceptor_superclass::Steroids;acceptor_superclass::Triterpenoids	0,0,0,0,0,0,0,0,0,0,0,1,0,0,0,0,0,0,0,0,0,0,0	1,0,1,0,1,1,1,1,1,1,0,1,1,1,0,1,1,1,1,1,1,0,0	0.026834,-0.009815,0.002884,-0.004058,0.004328,0.006375,0.003347,0.025902,0.008222,0.030015,-0.000953,0.017875,0.034087,0.001815,-0.028551,0.003741,0.012325,0.029014,0.011143,0.018244,0.005304,-0.022620,-0.004317
Hvul_ACT1-1_BAF97626	Hvul_ACT1-1_BAF97626	acceptor_superclass::Ornithine alkaloids;acceptor_superclass::Pseudoalkaloids	acceptor_superclass::Coumarins;acceptor_superclass::Fatty acyls;acceptor_superclass::Flavonoids;acceptor_superclass::Lignans;acceptor_superclass::Lysine alkaloids;acceptor_superclass::Monoterpenoids;acceptor_superclass::Naphthalenes;acceptor_superclass::Ornithine alkaloids;acceptor_superclass::Phenanthrenoids;acceptor_superclass::Phenylethanoids (C6-C2);acceptor_superclass::Phenylpropanoids (C6-C3);acceptor_superclass::Pseudoalkaloids;acceptor_superclass::Small peptides;acceptor_superclass::Tryptophan alkaloids;acceptor_superclass::Tyrosine alkaloids	0,0,0,0,0,0,0,0,0,0,0,1,0,0,0,0,1,0,0,0,0,0,0	1,0,0,0,1,1,0,1,1,1,1,1,1,0,1,1,1,0,1,0,0,1,1	0.035011,-0.002635,-0.020310,-0.002492,0.011199,0.038432,-0.029586,0.032514,0.041839,0.016638,0.018087,0.001000,0.016582,-0.026216,0.024911,0.002946,0.027180,-0.035134,0.003576,-0.034486,-0.040607,0.014074,0.011821
Hvul_ACT1-2_BAF97627.1	Hvul_ACT1-2_BAF97627	acceptor_superclass::Ornithine alkaloids;acceptor_superclass::Pseudoalkaloids	acceptor_superclass::Diterpenoids;acceptor_superclass::Fatty Acids and Conjugates;acceptor_superclass::Lignans;acceptor_superclass::Lysine alkaloids;acceptor_superclass::Ornithine alkaloids;acceptor_superclass::Phenolic acids (C6-C1);acceptor_superclass::Phenylethanoids (C6-C2);acceptor_superclass::Phenylpropanoids (C6-C3);acceptor_superclass::Pseudoalkaloids;acceptor_superclass::Tryptophan alkaloids;acceptor_superclass::Tyrosine alkaloids	0,0,0,0,0,0,0,0,0,0,0,1,0,0,0,0,1,0,0,0,0,0,0	0,0,1,1,0,0,0,1,1,0,0,1,0,1,1,1,1,0,0,0,0,1,1	-0.014331,-0.013549,0.011055,0.004201,-0.013831,-0.009396,-0.012567,0.017289,0.002828,-0.004479,-0.014983,0.004449,-0.026403,0.010798,0.010820,0.009444,0.019164,-0.000514,-0.009680,-0.004868,-0.006248,0.014363,0.001637
Hvul_ACT1-2_BAF97627.1	Hvul_ACT1-2_BAF97627.1	acceptor_superclass::Ornithine alkaloids	acceptor_superclass::Coumarins;acceptor_superclass::Fatty acyls;acceptor_superclass::Flavonoids;acceptor_superclass::Lignans;acceptor_superclass::Lysine alkaloids;acceptor_superclass::Monoterpenoids;acceptor_superclass::Naphthalenes;acceptor_superclass::Ornithine alkaloids;acceptor_superclass::Phenanthrenoids;acceptor_superclass::Phenylethanoids (C6-C2);acceptor_superclass::Phenylpropanoids (C6-C3);acceptor_superclass::Pseudoalkaloids;acceptor_superclass::Small peptides;acceptor_superclass::Tryptophan alkaloids;acceptor_superclass::Tyrosine alkaloids	0,0,0,0,0,0,0,0,0,0,0,1,0,0,0,0,0,0,0,0,0,0,0	1,0,0,0,1,1,0,1,1,1,1,1,1,0,1,1,1,0,1,0,0,1,1	0.035011,-0.002635,-0.020310,-0.002492,0.011199,0.038432,-0.029586,0.032514,0.041839,0.016638,0.018087,0.001000,0.016582,-0.026216,0.024911,0.002946,0.027180,-0.035134,0.003576,-0.034486,-0.040607,0.014074,0.011821
Hvul_ACT2_BAK00935.1	Hvul_ACT2_BAK00935.1	acceptor_superclass::Ornithine alkaloids;acceptor_superclass::Pseudoalkaloids	acceptor_superclass::Coumarins;acceptor_superclass::Fatty acyls;acceptor_superclass::Flavonoids;acceptor_superclass::Lignans;acceptor_superclass::Lysine alkaloids;acceptor_superclass::Monoterpenoids;acceptor_superclass::Naphthalenes;acceptor_superclass::Ornithine alkaloids;acceptor_superclass::Phenanthrenoids;acceptor_superclass::Phenylethanoids (C6-C2);acceptor_superclass::Phenylpropanoids (C6-C3);acceptor_superclass::Pseudoalkaloids;acceptor_superclass::Small peptides;acceptor_superclass::Tryptophan alkaloids;acceptor_superclass::Tyrosine alkaloids	0,0,0,0,0,0,0,0,0,0,0,1,0,0,0,0,1,0,0,0,0,0,0	1,0,0,0,1,1,0,1,1,1,1,1,1,0,1,1,1,0,1,0,0,1,1	0.035011,-0.002635,-0.020310,-0.002492,0.011199,0.038432,-0.029586,0.032514,0.041839,0.016638,0.018087,0.001000,0.016582,-0.026216,0.024911,0.002946,0.027180,-0.035134,0.003576,-0.034486,-0.040607,0.014074,0.011821
Hvul_ACT1-1_AAO73071.1	Hvul_ACT_AAO73071.1	acceptor_superclass::Ornithine alkaloids	acceptor_superclass::Coumarins;acceptor_superclass::Diterpenoids;acceptor_superclass::Fatty acyls;acceptor_superclass::Flavonoids;acceptor_superclass::Isoflavonoids;acceptor_superclass::Lignans;acceptor_superclass::Lysine alkaloids;acceptor_superclass::Monoterpenoids;acceptor_superclass::Ornithine alkaloids;acceptor_superclass::Phenanthrenoids;acceptor_superclass::Phenolic acids (C6-C1);acceptor_superclass::Phenylpropanoids (C6-C3);acceptor_superclass::Pseudoalkaloids;acceptor_superclass::Saccharides;acceptor_superclass::Small peptides;acceptor_superclass::Steroids;acceptor_superclass::Triterpenoids	0,0,0,0,0,0,0,0,0,0,0,1,0,0,0,0,0,0,0,0,0,0,0	1,0,1,0,1,1,1,1,1,1,0,1,1,1,0,1,1,1,1,1,1,0,0	0.026834,-0.009815,0.002884,-0.004058,0.004328,0.006375,0.003347,0.025902,0.008222,0.030015,-0.000953,0.017875,0.034087,0.001815,-0.028551,0.003741,0.012325,0.029014,0.011143,0.018244,0.005304,-0.022620,-0.004317
Ibat_HQT_BAA87043.1	Ibat_HQT_BAA87043.1	acceptor_superclass::Phenolic acids (C6-C1)	acceptor_superclass::Coumarins;acceptor_superclass::Diterpenoids;acceptor_superclass::Fatty Acids and Conjugates;acceptor_superclass::Fatty acyls;acceptor_superclass::Flavonoids;acceptor_superclass::Lignans;acceptor_superclass::Lysine alkaloids;acceptor_superclass::Monoterpenoids;acceptor_superclass::Naphthalenes;acceptor_superclass::Phenanthrenoids;acceptor_superclass::Phenolic acids (C6-C1);acceptor_superclass::Phenylethanoids (C6-C2);acceptor_superclass::Phenylpropanoids (C6-C3);acceptor_superclass::Pseudoalkaloids;acceptor_superclass::Saccharides;acceptor_superclass::Small peptides;acceptor_superclass::Steroids;acceptor_superclass::Triterpenoids;acceptor_superclass::Tryptophan alkaloids;acceptor_superclass::Tyrosine alkaloids	0,0,0,0,0,0,0,0,0,0,0,0,0,1,0,0,0,0,0,0,0,0,0	1,0,1,1,1,1,0,1,1,1,1,0,1,1,1,1,1,1,1,1,1,1,1	0.017714,-0.016186,0.012905,0.015746,0.002604,0.001265,-0.003098,0.001298,0.010091,0.006331,0.011785,-0.003165,0.011432,0.002647,0.001799,0.002731,0.013009,0.015513,0.006776,0.015548,0.009116,0.002635,0.002657
Ihol_3AT1_BAE72676.1	Ihol_3AT1_BAE72676.1	acceptor_superclass::Flavonoids	acceptor_superclass::Coumarins;acceptor_superclass::Diterpenoids;acceptor_superclass::Fatty Acids and Conjugates;acceptor_superclass::Fatty acyls;acceptor_superclass::Flavonoids;acceptor_superclass::Lignans;acceptor_superclass::Lysine alkaloids;acceptor_superclass::Monoterpenoids;acceptor_superclass::Naphthalenes;acceptor_superclass::Phenanthrenoids;acceptor_superclass::Phenolic acids (C6-C1);acceptor_superclass::Phenylethanoids (C6-C2);acceptor_superclass::Phenylpropanoids (C6-C3);acceptor_superclass::Pseudoalkaloids;acceptor_superclass::Saccharides;acceptor_superclass::Small peptides;acceptor_superclass::Steroids;acceptor_superclass::Triterpenoids;acceptor_superclass::Tryptophan alkaloids;acceptor_superclass::Tyrosine alkaloids	0,0,0,0,0,1,0,0,0,0,0,0,0,0,0,0,0,0,0,0,0,0,0	1,0,1,1,1,1,0,1,1,1,1,0,1,1,1,1,1,1,1,1,1,1,1	0.017715,-0.016186,0.012908,0.015746,0.002597,0.001246,-0.003095,0.001298,0.010093,0.006340,0.011774,-0.003178,0.011433,0.002647,0.001796,0.002714,0.013009,0.015519,0.006767,0.015552,0.009115,0.002624,0.002653
Ihol_3AT2_BAE94328.1	Ihol_3AT2_BAE94328.1	acceptor_superclass::Flavonoids	acceptor_superclass::Coumarins;acceptor_superclass::Diterpenoids;acceptor_superclass::Fatty acyls;acceptor_superclass::Flavonoids;acceptor_superclass::Isoflavonoids;acceptor_superclass::Lignans;acceptor_superclass::Lysine alkaloids;acceptor_superclass::Monoterpenoids;acceptor_superclass::Ornithine alkaloids;acceptor_superclass::Phenanthrenoids;acceptor_superclass::Phenolic acids (C6-C1);acceptor_superclass::Phenylpropanoids (C6-C3);acceptor_superclass::Pseudoalkaloids;acceptor_superclass::Saccharides;acceptor_superclass::Small peptides;acceptor_superclass::Steroids;acceptor_superclass::Triterpenoids	0,0,0,0,0,1,0,0,0,0,0,0,0,0,0,0,0,0,0,0,0,0,0	1,0,1,0,1,1,1,1,1,1,0,1,1,1,0,1,1,1,1,1,1,0,0	0.026834,-0.009815,0.002884,-0.004059,0.004328,0.006375,0.003347,0.025902,0.008222,0.030015,-0.000953,0.017875,0.034087,0.001815,-0.028551,0.003741,0.012325,0.029014,0.011143,0.018244,0.005304,-0.022621,-0.004317
Jsam_BEAT1_UJH94663.1	Jsam_BEAT1_UJH94663.1		acceptor_superclass::Coumarins;acceptor_superclass::Diterpenoids;acceptor_superclass::Fatty acyls;acceptor_superclass::Flavonoids;acceptor_superclass::Isoflavonoids;acceptor_superclass::Lignans;acceptor_superclass::Lysine alkaloids;acceptor_superclass::Monoterpenoids;acceptor_superclass::Ornithine alkaloids;acceptor_superclass::Phenanthrenoids;acceptor_superclass::Phenolic acids (C6-C1);acceptor_superclass::Phenylpropanoids (C6-C3);acceptor_superclass::Pseudoalkaloids;acceptor_superclass::Saccharides;acceptor_superclass::Small peptides;acceptor_superclass::Steroids;acceptor_superclass::Triterpenoids	0,0,0,0,0,0,0,0,0,0,0,0,0,0,0,0,0,0,0,0,0,0,0	1,0,1,0,1,1,1,1,1,1,0,1,1,1,0,1,1,1,1,1,1,0,0	0.026834,-0.009815,0.002884,-0.004059,0.004329,0.006375,0.003347,0.025902,0.008222,0.030015,-0.000952,0.017875,0.034087,0.001815,-0.028551,0.003741,0.012326,0.029014,0.011143,0.018244,0.005304,-0.022621,-0.004317
Jsam_BEAT2_UJH94664.1	Jsam_BEAT2_UJH94664.1		acceptor_superclass::Coumarins;acceptor_superclass::Diterpenoids;acceptor_superclass::Fatty Acids and Conjugates;acceptor_superclass::Fatty acyls;acceptor_superclass::Flavonoids;acceptor_superclass::Lignans;acceptor_superclass::Lysine alkaloids;acceptor_superclass::Monoterpenoids;acceptor_superclass::Naphthalenes;acceptor_superclass::Phenanthrenoids;acceptor_superclass::Phenolic acids (C6-C1);acceptor_superclass::Phenylethanoids (C6-C2);acceptor_superclass::Phenylpropanoids (C6-C3);acceptor_superclass::Pseudoalkaloids;acceptor_superclass::Saccharides;acceptor_superclass::Small peptides;acceptor_superclass::Steroids;acceptor_superclass::Triterpenoids;acceptor_superclass::Tryptophan alkaloids;acceptor_superclass::Tyrosine alkaloids	0,0,0,0,0,0,0,0,0,0,0,0,0,0,0,0,0,0,0,0,0,0,0	1,0,1,1,1,1,0,1,1,1,1,0,1,1,1,1,1,1,1,1,1,1,1	0.017713,-0.016186,0.012905,0.015746,0.002606,0.001266,-0.003098,0.001299,0.010090,0.006330,0.011787,-0.003164,0.011432,0.002647,0.001798,0.002733,0.013009,0.015513,0.006776,0.015548,0.009116,0.002636,0.002657
Lalb_HMT_BAD89275.1	Lalb_HMT_BAD89275.1	acceptor_superclass::Lysine alkaloids	acceptor_superclass::Coumarins;acceptor_superclass::Diterpenoids;acceptor_superclass::Fatty acyls;acceptor_superclass::Flavonoids;acceptor_superclass::Isoflavonoids;acceptor_superclass::Lignans;acceptor_superclass::Lysine alkaloids;acceptor_superclass::Monoterpenoids;acceptor_superclass::Ornithine alkaloids;acceptor_superclass::Phenanthrenoids;acceptor_superclass::Phenolic acids (C6-C1);acceptor_superclass::Phenylpropanoids (C6-C3);acceptor_superclass::Pseudoalkaloids;acceptor_superclass::Saccharides;acceptor_superclass::Small peptides;acceptor_superclass::Steroids;acceptor_superclass::Triterpenoids	0,0,0,0,0,0,0,0,1,0,0,0,0,0,0,0,0,0,0,0,0,0,0	1,0,1,0,1,1,1,1,1,1,0,1,1,1,0,1,1,1,1,1,1,0,0	0.026834,-0.009815,0.002884,-0.004059,0.004328,0.006375,0.003347,0.025902,0.008222,0.030015,-0.000952,0.017875,0.034087,0.001815,-0.028551,0.003741,0.012326,0.029014,0.011143,0.018244,0.005304,-0.022620,-0.004317
Lang_RAS_ABI48360.1	Lang_AAT1_ABI48360.1	acceptor_superclass::Tyrosine alkaloids	acceptor_superclass::Coumarins;acceptor_superclass::Diterpenoids;acceptor_superclass::Fatty acyls;acceptor_superclass::Flavonoids;acceptor_superclass::Isoflavonoids;acceptor_superclass::Lignans;acceptor_superclass::Lysine alkaloids;acceptor_superclass::Monoterpenoids;acceptor_superclass::Ornithine alkaloids;acceptor_superclass::Phenanthrenoids;acceptor_superclass::Phenolic acids (C6-C1);acceptor_superclass::Phenylpropanoids (C6-C3);acceptor_superclass::Pseudoalkaloids;acceptor_superclass::Saccharides;acceptor_superclass::Small peptides;acceptor_superclass::Steroids;acceptor_superclass::Triterpenoids	0,0,0,0,0,0,0,0,0,0,0,0,0,0,0,0,0,0,0,0,0,0,1	1,0,1,0,1,1,1,1,1,1,0,1,1,1,0,1,1,1,1,1,1,0,0	0.026835,-0.009815,0.002884,-0.004057,0.004328,0.006375,0.003347,0.025902,0.008222,0.030014,-0.000953,0.017876,0.034087,0.001814,-0.028551,0.003742,0.012324,0.029015,0.011142,0.018244,0.005303,-0.022620,-0.004317
Lang_RAS_ABI48360.1	Lang_AT1_ABI48360.1	acceptor_superclass::Phenolic acids (C6-C1);acceptor_superclass::Small peptides;acceptor_superclass::Tryptophan alkaloids;acceptor_superclass::Tyrosine alkaloids	acceptor_superclass::Coumarins;acceptor_superclass::Fatty acyls;acceptor_superclass::Flavonoids;acceptor_superclass::Lignans;acceptor_superclass::Lysine alkaloids;acceptor_superclass::Monoterpenoids;acceptor_superclass::Naphthalenes;acceptor_superclass::Ornithine alkaloids;acceptor_superclass::Phenanthrenoids;acceptor_superclass::Phenylethanoids (C6-C2);acceptor_superclass::Phenylpropanoids (C6-C3);acceptor_superclass::Pseudoalkaloids;acceptor_superclass::Small peptides;acceptor_superclass::Tryptophan alkaloids;acceptor_superclass::Tyrosine alkaloids	0,0,0,0,0,0,0,0,0,0,0,0,0,1,0,0,0,0,1,0,0,1,1	1,0,0,0,1,1,0,1,1,1,1,1,1,0,1,1,1,0,1,0,0,1,1	0.035011,-0.002635,-0.020310,-0.002492,0.011199,0.038432,-0.029586,0.032514,0.041839,0.016638,0.018087,0.001000,0.016581,-0.026216,0.024911,0.002946,0.027180,-0.035134,0.003576,-0.034486,-0.040607,0.014074,0.011821
Lang_RAS_ABI48360.1	Lang_RAS_ABI48360.1		acceptor_superclass::Cyclic polyketides;acceptor_superclass::Flavonoids;acceptor_superclass::Isoflavonoids;acceptor_superclass::Lignans;acceptor_superclass::Monoterpenoids;acceptor_superclass::Naphthalenes;acceptor_superclass::Phenolic acids (C6-C1);acceptor_superclass::Phenylpropanoids (C6-C3);acceptor_superclass::Pseudoalkaloids;acceptor_superclass::Saccharides;acceptor_superclass::Steroids;acceptor_superclass::Tyrosine alkaloids	0,0,0,0,0,0,0,0,0,0,0,0,0,0,0,0,0,0,0,0,0,0,0	0,1,0,0,0,1,1,1,0,1,1,0,0,1,0,1,1,1,0,1,0,0,1	-0.001601,0.011546,-0.002240,-0.021620,-0.027448,0.020043,0.005086,0.018741,-0.000976,0.019054,0.003726,-0.020089,-0.001828,0.026218,-0.017837,0.006950,0.008214,0.009343,-0.000275,0.018381,-0.015656,-0.006255,0.006013
Lang_RAS_AEA36976.1	Lang_RAS_AEA36976.1		acceptor_superclass::Coumarins;acceptor_superclass::Fatty acyls;acceptor_superclass::Flavonoids;acceptor_superclass::Lignans;acceptor_superclass::Lysine alkaloids;acceptor_superclass::Monoterpenoids;acceptor_superclass::Naphthalenes;acceptor_superclass::Ornithine alkaloids;acceptor_superclass::Phenanthrenoids;acceptor_superclass::Phenylethanoids (C6-C2);acceptor_superclass::Phenylpropanoids (C6-C3);acceptor_superclass::Pseudoalkaloids;acceptor_superclass::Small peptides;acceptor_superclass::Tryptophan alkaloids;acceptor_superclass::Tyrosine alkaloids	0,0,0,0,0,0,0,0,0,0,0,0,0,0,0,0,0,0,0,0,0,0,0	1,0,0,0,1,1,0,1,1,1,1,1,1,0,1,1,1,0,1,0,0,1,1	0.035011,-0.002635,-0.020310,-0.002492,0.011199,0.038432,-0.029586,0.032514,0.041839,0.016638,0.018087,0.001000,0.016581,-0.026216,0.024911,0.002946,0.027180,-0.035134,0.003576,-0.034486,-0.040607,0.014074,0.011821
Lery_AAT1_BBV14786.1	Lery_AAT1_BBV14786.1	acceptor_superclass::Naphthalenes	acceptor_superclass::Coumarins;acceptor_superclass::Fatty acyls;acceptor_superclass::Flavonoids;acceptor_superclass::Lignans;acceptor_superclass::Lysine alkaloids;acceptor_superclass::Monoterpenoids;acceptor_superclass::Naphthalenes;acceptor_superclass::Ornithine alkaloids;acceptor_superclass::Phenanthrenoids;acceptor_superclass::Phenylethanoids (C6-C2);acceptor_superclass::Phenylpropanoids (C6-C3);acceptor_superclass::Pseudoalkaloids;acceptor_superclass::Small peptides;acceptor_superclass::Tryptophan alkaloids;acceptor_superclass::Tyrosine alkaloids	0,0,0,0,0,0,0,0,0,0,1,0,0,0,0,0,0,0,0,0,0,0,0	1,0,0,0,1,1,0,1,1,1,1,1,1,0,1,1,1,0,1,0,0,1,1	0.035011,-0.002635,-0.020310,-0.002492,0.011199,0.038432,-0.029586,0.032514,0.041839,0.016638,0.018087,0.001000,0.016582,-0.026216,0.024911,0.002946,0.027180,-0.035133,0.003576,-0.034486,-0.040607,0.014074,0.011821
Lery_AAT2_BDW80085.1	Lery_AAT2_BDW80085.1	acceptor_superclass::Naphthalenes	acceptor_superclass::Diterpenoids;acceptor_superclass::Fatty Acids and Conjugates;acceptor_superclass::Lignans;acceptor_superclass::Lysine alkaloids;acceptor_superclass::Ornithine alkaloids;acceptor_superclass::Phenolic acids (C6-C1);acceptor_superclass::Phenylethanoids (C6-C2);acceptor_superclass::Phenylpropanoids (C6-C3);acceptor_superclass::Pseudoalkaloids;acceptor_superclass::Tryptophan alkaloids;acceptor_superclass::Tyrosine alkaloids	0,0,0,0,0,0,0,0,0,0,1,0,0,0,0,0,0,0,0,0,0,0,0	0,0,1,1,0,0,0,1,1,0,0,1,0,1,1,1,1,0,0,0,0,1,1	-0.014331,-0.013549,0.011055,0.004201,-0.013830,-0.009397,-0.012567,0.017289,0.002828,-0.004479,-0.014983,0.004450,-0.026404,0.010797,0.010820,0.009444,0.019164,-0.000513,-0.009680,-0.004868,-0.006248,0.014364,0.001638
Lery_SAT1_BBV14785.1	Lery_SAT1_BBV14785.1	acceptor_superclass::Naphthalenes	acceptor_superclass::Cyclic polyketides;acceptor_superclass::Flavonoids;acceptor_superclass::Isoflavonoids;acceptor_superclass::Lignans;acceptor_superclass::Monoterpenoids;acceptor_superclass::Naphthalenes;acceptor_superclass::Phenolic acids (C6-C1);acceptor_superclass::Phenylpropanoids (C6-C3);acceptor_superclass::Pseudoalkaloids;acceptor_superclass::Saccharides;acceptor_superclass::Steroids;acceptor_superclass::Tyrosine alkaloids	0,0,0,0,0,0,0,0,0,0,1,0,0,0,0,0,0,0,0,0,0,0,0	0,1,0,0,0,1,1,1,0,1,1,0,0,1,0,1,1,1,0,1,0,0,1	-0.001601,0.011546,-0.002240,-0.021620,-0.027447,0.020043,0.005086,0.018741,-0.000977,0.019054,0.003725,-0.020089,-0.001828,0.026219,-0.017837,0.006950,0.008214,0.009343,-0.000276,0.018381,-0.015656,-0.006255,0.006013
Lery_SAT2_BDW80077.1	Lery_SAT2_BDW80077.1	acceptor_superclass::Naphthalenes	acceptor_superclass::Coumarins;acceptor_superclass::Diterpenoids;acceptor_superclass::Fatty Acids and Conjugates;acceptor_superclass::Fatty acyls;acceptor_superclass::Flavonoids;acceptor_superclass::Lignans;acceptor_superclass::Lysine alkaloids;acceptor_superclass::Monoterpenoids;acceptor_superclass::Naphthalenes;acceptor_superclass::Phenanthrenoids;acceptor_superclass::Phenolic acids (C6-C1);acceptor_superclass::Phenylethanoids (C6-C2);acceptor_superclass::Phenylpropanoids (C6-C3);acceptor_superclass::Pseudoalkaloids;acceptor_superclass::Saccharides;acceptor_superclass::Small peptides;acceptor_superclass::Steroids;acceptor_superclass::Triterpenoids;acceptor_superclass::Tryptophan alkaloids;acceptor_superclass::Tyrosine alkaloids	0,0,0,0,0,0,0,0,0,0,1,0,0,0,0,0,0,0,0,0,0,0,0	1,0,1,1,1,1,0,1,1,1,1,0,1,1,1,1,1,1,1,1,1,1,1	0.017713,-0.016186,0.012905,0.015746,0.002606,0.001266,-0.003098,0.001298,0.010090,0.006329,0.011787,-0.003164,0.011432,0.002647,0.001799,0.002733,0.013009,0.015513,0.006777,0.015548,0.009116,0.002636,0.002657
Lint_AAT-3_AIW81431.1	Lint_AAT-3_AIW81431.1	acceptor_superclass::Monoterpenoids	acceptor_superclass::Cyclic polyketides;acceptor_superclass::Flavonoids;acceptor_superclass::Isoflavonoids;acceptor_superclass::Lignans;acceptor_superclass::Monoterpenoids;acceptor_superclass::Naphthalenes;acceptor_superclass::Phenolic acids (C6-C1);acceptor_superclass::Phenylpropanoids (C6-C3);acceptor_superclass::Pseudoalkaloids;acceptor_superclass::Saccharides;acceptor_superclass::Steroids;acceptor_superclass::Tyrosine alkaloids	0,0,0,0,0,0,0,0,0,1,0,0,0,0,0,0,0,0,0,0,0,0,0	0,1,0,0,0,1,1,1,0,1,1,0,0,1,0,1,1,1,0,1,0,0,1	-0.001600,0.011547,-0.002240,-0.021620,-0.027444,0.020043,0.005087,0.018741,-0.000977,0.019053,0.003724,-0.020091,-0.001829,0.026219,-0.017838,0.006950,0.008215,0.009344,-0.000278,0.018383,-0.015656,-0.006256,0.006013
Lint_AAT-4_AIW81432.1	Lint_AAT-4_AIW81432.1	acceptor_superclass::Monoterpenoids	acceptor_superclass::Cyclic polyketides;acceptor_superclass::Flavonoids;acceptor_superclass::Isoflavonoids;acceptor_superclass::Lignans;acceptor_superclass::Monoterpenoids;acceptor_superclass::Naphthalenes;acceptor_superclass::Phenolic acids (C6-C1);acceptor_superclass::Phenylpropanoids (C6-C3);acceptor_superclass::Pseudoalkaloids;acceptor_superclass::Saccharides;acceptor_superclass::Steroids;acceptor_superclass::Tyrosine alkaloids	0,0,0,0,0,0,0,0,0,1,0,0,0,0,0,0,0,0,0,0,0,0,0	0,1,0,0,0,1,1,1,0,1,1,0,0,1,0,1,1,1,0,1,0,0,1	-0.001604,0.011545,-0.002240,-0.021621,-0.027457,0.020045,0.005085,0.018742,-0.000975,0.019054,0.003730,-0.020082,-0.001824,0.026218,-0.017834,0.006949,0.008210,0.009342,-0.000267,0.018377,-0.015654,-0.006251,0.006013
Ljap_HQT_ACZ52698.1	Ljap_HQT_ACZ52698.1	acceptor_superclass::Phenolic acids (C6-C1)	acceptor_superclass::Coumarins;acceptor_superclass::Diterpenoids;acceptor_superclass::Fatty Acids and Conjugates;acceptor_superclass::Fatty acyls;acceptor_superclass::Flavonoids;acceptor_superclass::Lignans;acceptor_superclass::Lysine alkaloids;acceptor_superclass::Monoterpenoids;acceptor_superclass::Naphthalenes;acceptor_superclass::Phenanthrenoids;acceptor_superclass::Phenolic acids (C6-C1);acceptor_superclass::Phenylethanoids (C6-C2);acceptor_superclass::Phenylpropanoids (C6-C3);acceptor_superclass::Pseudoalkaloids;acceptor_superclass::Saccharides;acceptor_superclass::Small peptides;acceptor_superclass::Steroids;acceptor_superclass::Triterpenoids;acceptor_superclass::Tryptophan alkaloids;acceptor_superclass::Tyrosine alkaloids	0,0,0,0,0,0,0,0,0,0,0,0,0,1,0,0,0,0,0,0,0,0,0	1,0,1,1,1,1,0,1,1,1,1,0,1,1,1,1,1,1,1,1,1,1,1	0.017714,-0.016186,0.012905,0.015746,0.002605,0.001266,-0.003098,0.001299,0.010090,0.006330,0.011786,-0.003164,0.011432,0.002647,0.001799,0.002733,0.013009,0.015513,0.006776,0.015548,0.009116,0.002636,0.002657
Lori_AAT1_WKK95849.1	Lori_AAT1_WKK95849.1	acceptor_superclass::Fatty acyls	acceptor_superclass::Cyclic polyketides;acceptor_superclass::Flavonoids;acceptor_superclass::Isoflavonoids;acceptor_superclass::Lignans;acceptor_superclass::Monoterpenoids;acceptor_superclass::Naphthalenes;acceptor_superclass::Phenolic acids (C6-C1);acceptor_superclass::Phenylpropanoids (C6-C3);acceptor_superclass::Pseudoalkaloids;acceptor_superclass::Saccharides;acceptor_superclass::Steroids;acceptor_superclass::Tyrosine alkaloids	0,0,0,0,1,0,0,0,0,0,0,0,0,0,0,0,0,0,0,0,0,0,0	0,1,0,0,0,1,1,1,0,1,1,0,0,1,0,1,1,1,0,1,0,0,1	-0.001594,0.011549,-0.002241,-0.021618,-0.027427,0.020040,0.005090,0.018740,-0.000980,0.019053,0.003715,-0.020105,-0.001836,0.026221,-0.017844,0.006952,0.008221,0.009346,-0.000294,0.018391,-0.015660,-0.006263,0.006013
Lpur_3MAT1_AAS77404.1	Lpur_3MAT1_AAS77404.1	acceptor_superclass::Flavonoids;acceptor_superclass::Isoflavonoids;acceptor_superclass::Phenolic acids (C6-C1)	acceptor_superclass::Diterpenoids;acceptor_superclass::Fatty Acids and Conjugates;acceptor_superclass::Lignans;acceptor_superclass::Lysine alkaloids;acceptor_superclass::Ornithine alkaloids;acceptor_superclass::Phenolic acids (C6-C1);acceptor_superclass::Phenylethanoids (C6-C2);acceptor_superclass::Phenylpropanoids (C6-C3);acceptor_superclass::Pseudoalkaloids;acceptor_superclass::Tryptophan alkaloids;acceptor_superclass::Tyrosine alkaloids	0,0,0,0,0,1,1,0,0,0,0,0,0,1,0,0,0,0,0,0,0,0,0	0,0,1,1,0,0,0,1,1,0,0,1,0,1,1,1,1,0,0,0,0,1,1	-0.014331,-0.013549,0.011055,0.004201,-0.013830,-0.009397,-0.012567,0.017289,0.002828,-0.004479,-0.014983,0.004450,-0.026404,0.010797,0.010820,0.009444,0.019164,-0.000513,-0.009680,-0.004868,-0.006248,0.014364,0.001638
Lrob_AT1_WEX29780.1	Lrob_AT1_WEX29780.1	acceptor_superclass::Phenylethanoids (C6-C2)	acceptor_superclass::Cyclic polyketides;acceptor_superclass::Flavonoids;acceptor_superclass::Isoflavonoids;acceptor_superclass::Lignans;acceptor_superclass::Monoterpenoids;acceptor_superclass::Naphthalenes;acceptor_superclass::Phenolic acids (C6-C1);acceptor_superclass::Phenylpropanoids (C6-C3);acceptor_superclass::Pseudoalkaloids;acceptor_superclass::Saccharides;acceptor_superclass::Steroids;acceptor_superclass::Tyrosine alkaloids	0,0,0,0,0,0,0,0,0,0,0,0,0,0,1,0,0,0,0,0,0,0,0	0,1,0,0,0,1,1,1,0,1,1,0,0,1,0,1,1,1,0,1,0,0,1	-0.001605,0.011545,-0.002240,-0.021621,-0.027458,0.020045,0.005085,0.018742,-0.000975,0.019054,0.003731,-0.020081,-0.001824,0.026217,-0.017834,0.006949,0.008210,0.009342,-0.000266,0.018376,-0.015654,-0.006251,0.006013
Lsat_BOS_QYL33117.1	Lsat_BOS_QYL33117.1	acceptor_superclass::Small peptides	acceptor_superclass::Coumarins;acceptor_superclass::Fatty acyls;acceptor_superclass::Flavonoids;acceptor_superclass::Lignans;acceptor_superclass::Lysine alkaloids;acceptor_superclass::Monoterpenoids;acceptor_superclass::Naphthalenes;acceptor_superclass::Ornithine alkaloids;acceptor_superclass::Phenanthrenoids;acceptor_superclass::Phenylethanoids (C6-C2);acceptor_superclass::Phenylpropanoids (C6-C3);acceptor_superclass::Pseudoalkaloids;acceptor_superclass::Small peptides;acceptor_superclass::Tryptophan alkaloids;acceptor_superclass::Tyrosine alkaloids	0,0,0,0,0,0,0,0,0,0,0,0,0,0,0,0,0,0,1,0,0,0,0	1,0,0,0,1,1,0,1,1,1,1,1,1,0,1,1,1,0,1,0,0,1,1	0.035011,-0.002635,-0.020310,-0.002492,0.011199,0.038432,-0.029586,0.032514,0.041839,0.016638,0.018087,0.001000,0.016582,-0.026216,0.024911,0.002946,0.027180,-0.035134,0.003576,-0.034486,-0.040607,0.014074,0.011821
Lsat_BOS_QYL33117.1	Lsat_DS_QYL33117.1	acceptor_superclass::Small peptides	acceptor_superclass::Cyclic polyketides;acceptor_superclass::Flavonoids;acceptor_superclass::Isoflavonoids;acceptor_superclass::Lignans;acceptor_superclass::Monoterpenoids;acceptor_superclass::Naphthalenes;acceptor_superclass::Phenolic acids (C6-C1);acceptor_superclass::Phenylpropanoids (C6-C3);acceptor_superclass::Pseudoalkaloids;acceptor_superclass::Saccharides;acceptor_superclass::Steroids;acceptor_superclass::Tyrosine alkaloids	0,0,0,0,0,0,0,0,0,0,0,0,0,0,0,0,0,0,1,0,0,0,0	0,1,0,0,0,1,1,1,0,1,1,0,0,1,0,1,1,1,0,1,0,0,1	-0.001602,0.011546,-0.002240,-0.021621,-0.027450,0.020043,0.005086,0.018741,-0.000976,0.019054,0.003727,-0.020087,-0.001827,0.026218,-0.017836,0.006949,0.008213,0.009343,-0.000273,0.018380,-0.015655,-0.006254,0.006013
Ltri_CAAT1_AHA90802.1	Ltri_CAAT1_AHA90802.1	acceptor_superclass::Phenylpropanoids (C6-C3)	acceptor_superclass::Diterpenoids;acceptor_superclass::Fatty Acids and Conjugates;acceptor_superclass::Lignans;acceptor_superclass::Lysine alkaloids;acceptor_superclass::Ornithine alkaloids;acceptor_superclass::Phenolic acids (C6-C1);acceptor_superclass::Phenylethanoids (C6-C2);acceptor_superclass::Phenylpropanoids (C6-C3);acceptor_superclass::Pseudoalkaloids;acceptor_superclass::Tryptophan alkaloids;acceptor_superclass::Tyrosine alkaloids	0,0,0,0,0,0,0,0,0,0,0,0,0,0,0,1,0,0,0,0,0,0,0	0,0,1,1,0,0,0,1,1,0,0,1,0,1,1,1,1,0,0,0,0,1,1	-0.014331,-0.013549,0.011055,0.004201,-0.013830,-0.009397,-0.012567,0.017289,0.002828,-0.004479,-0.014983,0.004450,-0.026404,0.010797,0.010820,0.009444,0.019164,-0.000513,-0.009680,-0.004868,-0.006248,0.014364,0.001638
Maze_AT1704_NA	Maze_AT1704_NA	acceptor_superclass::Triterpenoids	acceptor_superclass::Coumarins;acceptor_superclass::Diterpenoids;acceptor_superclass::Fatty Acids and Conjugates;acceptor_superclass::Fatty acyls;acceptor_superclass::Flavonoids;acceptor_superclass::Lignans;acceptor_superclass::Lysine alkaloids;acceptor_superclass::Monoterpenoids;acceptor_superclass::Naphthalenes;acceptor_superclass::Phenanthrenoids;acceptor_superclass::Phenolic acids (C6-C1);acceptor_superclass::Phenylethanoids (C6-C2);acceptor_superclass::Phenylpropanoids (C6-C3);acceptor_superclass::Pseudoalkaloids;acceptor_superclass::Saccharides;acceptor_superclass::Small peptides;acceptor_superclass::Steroids;acceptor_superclass::Triterpenoids;acceptor_superclass::Tryptophan alkaloids;acceptor_superclass::Tyrosine alkaloids	0,0,0,0,0,0,0,0,0,0,0,0,0,0,0,0,0,0,0,0,1,0,0	1,0,1,1,1,1,0,1,1,1,1,0,1,1,1,1,1,1,1,1,1,1,1	0.017713,-0.016186,0.012904,0.015745,0.002607,0.001268,-0.003099,0.001298,0.010089,0.006327,0.011788,-0.003161,0.011432,0.002647,0.001799,0.002736,0.013010,0.015513,0.006778,0.015547,0.009117,0.002637,0.002658
Maze_AT8824_KAJ4723782.1	Maze_AT8824_KAJ4723782.1	acceptor_superclass::Triterpenoids	acceptor_superclass::Coumarins;acceptor_superclass::Diterpenoids;acceptor_superclass::Fatty acyls;acceptor_superclass::Flavonoids;acceptor_superclass::Isoflavonoids;acceptor_superclass::Lignans;acceptor_superclass::Lysine alkaloids;acceptor_superclass::Monoterpenoids;acceptor_superclass::Ornithine alkaloids;acceptor_superclass::Phenanthrenoids;acceptor_superclass::Phenolic acids (C6-C1);acceptor_superclass::Phenylpropanoids (C6-C3);acceptor_superclass::Pseudoalkaloids;acceptor_superclass::Saccharides;acceptor_superclass::Small peptides;acceptor_superclass::Steroids;acceptor_superclass::Triterpenoids	0,0,0,0,0,0,0,0,0,0,0,0,0,0,0,0,0,0,0,0,1,0,0	1,0,1,0,1,1,1,1,1,1,0,1,1,1,0,1,1,1,1,1,1,0,0	0.026834,-0.009815,0.002884,-0.004059,0.004328,0.006375,0.003347,0.025902,0.008222,0.030015,-0.000952,0.017875,0.034087,0.001815,-0.028551,0.003741,0.012326,0.029014,0.011143,0.018244,0.005304,-0.022621,-0.004317
Mdom_AAT1_AAU14879.2	Mdom_AAT1_AAU14879.2	acceptor_superclass::Fatty acyls;acceptor_superclass::Phenylpropanoids (C6-C3)	acceptor_superclass::Coumarins;acceptor_superclass::Diterpenoids;acceptor_superclass::Fatty Acids and Conjugates;acceptor_superclass::Fatty acyls;acceptor_superclass::Flavonoids;acceptor_superclass::Lignans;acceptor_superclass::Lysine alkaloids;acceptor_superclass::Monoterpenoids;acceptor_superclass::Naphthalenes;acceptor_superclass::Phenanthrenoids;acceptor_superclass::Phenolic acids (C6-C1);acceptor_superclass::Phenylethanoids (C6-C2);acceptor_superclass::Phenylpropanoids (C6-C3);acceptor_superclass::Pseudoalkaloids;acceptor_superclass::Saccharides;acceptor_superclass::Small peptides;acceptor_superclass::Steroids;acceptor_superclass::Triterpenoids;acceptor_superclass::Tryptophan alkaloids;acceptor_superclass::Tyrosine alkaloids	0,0,0,0,1,0,0,0,0,0,0,0,0,0,0,1,0,0,0,0,0,0,0	1,0,1,1,1,1,0,1,1,1,1,0,1,1,1,1,1,1,1,1,1,1,1	0.017714,-0.016186,0.012905,0.015746,0.002606,0.001265,-0.003098,0.001299,0.010090,0.006330,0.011786,-0.003164,0.011432,0.002647,0.001798,0.002733,0.013009,0.015513,0.006776,0.015548,0.009116,0.002636,0.002657
Mdom_SHT_ALF00095.1	Mdom_SHT_ALF00095.1	acceptor_superclass::Ornithine alkaloids	acceptor_superclass::Coumarins;acceptor_superclass::Diterpenoids;acceptor_superclass::Fatty Acids and Conjugates;acceptor_superclass::Fatty acyls;acceptor_superclass::Flavonoids;acceptor_superclass::Lignans;acceptor_superclass::Lysine alkaloids;acceptor_superclass::Monoterpenoids;acceptor_superclass::Naphthalenes;acceptor_superclass::Phenanthrenoids;acceptor_superclass::Phenolic acids (C6-C1);acceptor_superclass::Phenylethanoids (C6-C2);acceptor_superclass::Phenylpropanoids (C6-C3);acceptor_superclass::Pseudoalkaloids;acceptor_superclass::Saccharides;acceptor_superclass::Small peptides;acceptor_superclass::Steroids;acceptor_superclass::Triterpenoids;acceptor_superclass::Tryptophan alkaloids;acceptor_superclass::Tyrosine alkaloids	0,0,0,0,0,0,0,0,0,0,0,1,0,0,0,0,0,0,0,0,0,0,0	1,0,1,1,1,1,0,1,1,1,1,0,1,1,1,1,1,1,1,1,1,1,1	0.017712,-0.016186,0.012904,0.015745,0.002608,0.001269,-0.003099,0.001298,0.010089,0.006327,0.011789,-0.003161,0.011432,0.002647,0.001800,0.002737,0.013010,0.015512,0.006779,0.015547,0.009117,0.002637,0.002658
Mema_HFT_NA	Mema_HFT_NA	acceptor_superclass::Fatty acyls	acceptor_superclass::Coumarins;acceptor_superclass::Diterpenoids;acceptor_superclass::Fatty Acids and Conjugates;acceptor_superclass::Fatty acyls;acceptor_superclass::Flavonoids;acceptor_superclass::Lignans;acceptor_superclass::Lysine alkaloids;acceptor_superclass::Monoterpenoids;acceptor_superclass::Naphthalenes;acceptor_superclass::Phenanthrenoids;acceptor_superclass::Phenolic acids (C6-C1);acceptor_superclass::Phenylethanoids (C6-C2);acceptor_superclass::Phenylpropanoids (C6-C3);acceptor_superclass::Pseudoalkaloids;acceptor_superclass::Saccharides;acceptor_superclass::Small peptides;acceptor_superclass::Steroids;acceptor_superclass::Triterpenoids;acceptor_superclass::Tryptophan alkaloids;acceptor_superclass::Tyrosine alkaloids	0,0,0,0,1,0,0,0,0,0,0,0,0,0,0,0,0,0,0,0,0,0,0	1,0,1,1,1,1,0,1,1,1,1,0,1,1,1,1,1,1,1,1,1,1,1	0.017714,-0.016186,0.012906,0.015747,0.002605,0.001265,-0.003097,0.001299,0.010091,0.006332,0.011786,-0.003165,0.011432,0.002648,0.001797,0.002732,0.013009,0.015514,0.006775,0.015548,0.009116,0.002636,0.002657
Mlon_AT1_NA	Mlon_AT1_NA	acceptor_superclass::Phenolic acids (C6-C1)	acceptor_superclass::Diterpenoids;acceptor_superclass::Fatty Acids and Conjugates;acceptor_superclass::Lignans;acceptor_superclass::Lysine alkaloids;acceptor_superclass::Ornithine alkaloids;acceptor_superclass::Phenolic acids (C6-C1);acceptor_superclass::Phenylethanoids (C6-C2);acceptor_superclass::Phenylpropanoids (C6-C3);acceptor_superclass::Pseudoalkaloids;acceptor_superclass::Tryptophan alkaloids;acceptor_superclass::Tyrosine alkaloids	0,0,0,0,0,0,0,0,0,0,0,0,0,1,0,0,0,0,0,0,0,0,0	0,0,1,1,0,0,0,1,1,0,0,1,0,1,1,1,1,0,0,0,0,1,1	-0.014331,-0.013549,0.011055,0.004201,-0.013831,-0.009397,-0.012567,0.017289,0.002828,-0.004479,-0.014983,0.004449,-0.026403,0.010798,0.010820,0.009444,0.019164,-0.000514,-0.009680,-0.004868,-0.006248,0.014363,0.001637
Mlon_AT2_NA	Mlon_AT2_NA	acceptor_superclass::Phenolic acids (C6-C1)	acceptor_superclass::Cyclic polyketides;acceptor_superclass::Flavonoids;acceptor_superclass::Isoflavonoids;acceptor_superclass::Lignans;acceptor_superclass::Monoterpenoids;acceptor_superclass::Naphthalenes;acceptor_superclass::Phenolic acids (C6-C1);acceptor_superclass::Phenylpropanoids (C6-C3);acceptor_superclass::Pseudoalkaloids;acceptor_superclass::Saccharides;acceptor_superclass::Steroids;acceptor_superclass::Tyrosine alkaloids	0,0,0,0,0,0,0,0,0,0,0,0,0,1,0,0,0,0,0,0,0,0,0	0,1,0,0,0,1,1,1,0,1,1,0,0,1,0,1,1,1,0,1,0,0,1	-0.001604,0.011545,-0.002240,-0.021621,-0.027456,0.020044,0.005085,0.018742,-0.000975,0.019054,0.003730,-0.020082,-0.001824,0.026218,-0.017834,0.006949,0.008211,0.009342,-0.000267,0.018377,-0.015654,-0.006251,0.006013
Mlon_AT1_NA	Mlon_AT3_NA	acceptor_superclass::Phenolic acids (C6-C1)	acceptor_superclass::Coumarins;acceptor_superclass::Diterpenoids;acceptor_superclass::Fatty acyls;acceptor_superclass::Flavonoids;acceptor_superclass::Isoflavonoids;acceptor_superclass::Lignans;acceptor_superclass::Lysine alkaloids;acceptor_superclass::Monoterpenoids;acceptor_superclass::Ornithine alkaloids;acceptor_superclass::Phenanthrenoids;acceptor_superclass::Phenolic acids (C6-C1);acceptor_superclass::Phenylpropanoids (C6-C3);acceptor_superclass::Pseudoalkaloids;acceptor_superclass::Saccharides;acceptor_superclass::Small peptides;acceptor_superclass::Steroids;acceptor_superclass::Triterpenoids	0,0,0,0,0,0,0,0,0,0,0,0,0,1,0,0,0,0,0,0,0,0,0	1,0,1,0,1,1,1,1,1,1,0,1,1,1,0,1,1,1,1,1,1,0,0	0.026834,-0.009815,0.002884,-0.004058,0.004328,0.006375,0.003347,0.025902,0.008222,0.030014,-0.000953,0.017875,0.034087,0.001815,-0.028551,0.003741,0.012325,0.029014,0.011142,0.018244,0.005304,-0.022620,-0.004317
Mlon_AT4_NA	Mlon_AT4_NA	acceptor_superclass::Lignans;acceptor_superclass::Phenolic acids (C6-C1)	acceptor_superclass::Diterpenoids;acceptor_superclass::Fatty Acids and Conjugates;acceptor_superclass::Lignans;acceptor_superclass::Lysine alkaloids;acceptor_superclass::Ornithine alkaloids;acceptor_superclass::Phenolic acids (C6-C1);acceptor_superclass::Phenylethanoids (C6-C2);acceptor_superclass::Phenylpropanoids (C6-C3);acceptor_superclass::Pseudoalkaloids;acceptor_superclass::Tryptophan alkaloids;acceptor_superclass::Tyrosine alkaloids	0,0,0,0,0,0,0,1,0,0,0,0,0,1,0,0,0,0,0,0,0,0,0	0,0,1,1,0,0,0,1,1,0,0,1,0,1,1,1,1,0,0,0,0,1,1	-0.014331,-0.013549,0.011055,0.004201,-0.013830,-0.009397,-0.012567,0.017289,0.002828,-0.004479,-0.014983,0.004449,-0.026404,0.010797,0.010820,0.009444,0.019164,-0.000513,-0.009680,-0.004868,-0.006248,0.014364,0.001638
Mlon_AT6_NA	Mlon_AT6_NA	acceptor_superclass::Phenolic acids (C6-C1)	acceptor_superclass::Coumarins;acceptor_superclass::Fatty acyls;acceptor_superclass::Flavonoids;acceptor_superclass::Lignans;acceptor_superclass::Lysine alkaloids;acceptor_superclass::Monoterpenoids;acceptor_superclass::Naphthalenes;acceptor_superclass::Ornithine alkaloids;acceptor_superclass::Phenanthrenoids;acceptor_superclass::Phenylethanoids (C6-C2);acceptor_superclass::Phenylpropanoids (C6-C3);acceptor_superclass::Pseudoalkaloids;acceptor_superclass::Small peptides;acceptor_superclass::Tryptophan alkaloids;acceptor_superclass::Tyrosine alkaloids	0,0,0,0,0,0,0,0,0,0,0,0,0,1,0,0,0,0,0,0,0,0,0	1,0,0,0,1,1,0,1,1,1,1,1,1,0,1,1,1,0,1,0,0,1,1	0.035011,-0.002635,-0.020310,-0.002492,0.011199,0.038432,-0.029586,0.032514,0.041839,0.016638,0.018087,0.001000,0.016582,-0.026216,0.024911,0.002946,0.027180,-0.035133,0.003576,-0.034486,-0.040607,0.014074,0.011821
Moff_RAS_CBW35684.1	Moff_RAS_CBW35684.1		acceptor_superclass::Cyclic polyketides;acceptor_superclass::Flavonoids;acceptor_superclass::Isoflavonoids;acceptor_superclass::Lignans;acceptor_superclass::Monoterpenoids;acceptor_superclass::Naphthalenes;acceptor_superclass::Phenolic acids (C6-C1);acceptor_superclass::Phenylpropanoids (C6-C3);acceptor_superclass::Pseudoalkaloids;acceptor_superclass::Saccharides;acceptor_superclass::Steroids;acceptor_superclass::Tyrosine alkaloids	0,0,0,0,0,0,0,0,0,0,0,0,0,0,0,0,0,0,0,0,0,0,0	0,1,0,0,0,1,1,1,0,1,1,0,0,1,0,1,1,1,0,1,0,0,1	-0.001605,0.011545,-0.002240,-0.021621,-0.027457,0.020045,0.005085,0.018742,-0.000975,0.019054,0.003730,-0.020082,-0.001824,0.026217,-0.017834,0.006949,0.008210,0.009342,-0.000267,0.018377,-0.015654,-0.006251,0.006013
Mpal_HCT_AXN55971.1	Mpal_HCT_AXN55971.1	acceptor_superclass::Phenolic acids (C6-C1)	acceptor_superclass::Coumarins;acceptor_superclass::Diterpenoids;acceptor_superclass::Fatty Acids and Conjugates;acceptor_superclass::Fatty acyls;acceptor_superclass::Flavonoids;acceptor_superclass::Lignans;acceptor_superclass::Lysine alkaloids;acceptor_superclass::Monoterpenoids;acceptor_superclass::Naphthalenes;acceptor_superclass::Phenanthrenoids;acceptor_superclass::Phenolic acids (C6-C1);acceptor_superclass::Phenylethanoids (C6-C2);acceptor_superclass::Phenylpropanoids (C6-C3);acceptor_superclass::Pseudoalkaloids;acceptor_superclass::Saccharides;acceptor_superclass::Small peptides;acceptor_superclass::Steroids;acceptor_superclass::Triterpenoids;acceptor_superclass::Tryptophan alkaloids;acceptor_superclass::Tyrosine alkaloids	0,0,0,0,0,0,0,0,0,0,0,0,0,1,0,0,0,0,0,0,0,0,0	1,0,1,1,1,1,0,1,1,1,1,0,1,1,1,1,1,1,1,1,1,1,1	0.017713,-0.016186,0.012905,0.015746,0.002607,0.001271,-0.003099,0.001298,0.010090,0.006328,0.011789,-0.003162,0.011432,0.002648,0.001799,0.002737,0.013009,0.015512,0.006779,0.015547,0.009117,0.002638,0.002659
Mpol_HCT_PTQ49430.1	Mpol_HCT_PTQ49430.1	acceptor_superclass::Phenolic acids (C6-C1)	acceptor_superclass::Coumarins;acceptor_superclass::Diterpenoids;acceptor_superclass::Fatty acyls;acceptor_superclass::Flavonoids;acceptor_superclass::Isoflavonoids;acceptor_superclass::Lignans;acceptor_superclass::Lysine alkaloids;acceptor_superclass::Monoterpenoids;acceptor_superclass::Ornithine alkaloids;acceptor_superclass::Phenanthrenoids;acceptor_superclass::Phenolic acids (C6-C1);acceptor_superclass::Phenylpropanoids (C6-C3);acceptor_superclass::Pseudoalkaloids;acceptor_superclass::Saccharides;acceptor_superclass::Small peptides;acceptor_superclass::Steroids;acceptor_superclass::Triterpenoids	0,0,0,0,0,0,0,0,0,0,0,0,0,1,0,0,0,0,0,0,0,0,0	1,0,1,0,1,1,1,1,1,1,0,1,1,1,0,1,1,1,1,1,1,0,0	0.026834,-0.009815,0.002884,-0.004058,0.004328,0.006375,0.003347,0.025902,0.008222,0.030014,-0.000953,0.017876,0.034087,0.001814,-0.028551,0.003741,0.012325,0.029014,0.011142,0.018244,0.005303,-0.022621,-0.004317
Msap_AAT_CAC09063.1	Msap_AAT_CAC09063.1	acceptor_superclass::Fatty acyls;acceptor_superclass::Monoterpenoids;acceptor_superclass::Phenylethanoids (C6-C2);acceptor_superclass::Phenylpropanoids (C6-C3)	acceptor_superclass::Coumarins;acceptor_superclass::Diterpenoids;acceptor_superclass::Fatty acyls;acceptor_superclass::Flavonoids;acceptor_superclass::Isoflavonoids;acceptor_superclass::Lignans;acceptor_superclass::Lysine alkaloids;acceptor_superclass::Monoterpenoids;acceptor_superclass::Ornithine alkaloids;acceptor_superclass::Phenanthrenoids;acceptor_superclass::Phenolic acids (C6-C1);acceptor_superclass::Phenylpropanoids (C6-C3);acceptor_superclass::Pseudoalkaloids;acceptor_superclass::Saccharides;acceptor_superclass::Small peptides;acceptor_superclass::Steroids;acceptor_superclass::Triterpenoids	0,0,0,0,1,0,0,0,0,1,0,0,0,0,1,1,0,0,0,0,0,0,0	1,0,1,0,1,1,1,1,1,1,0,1,1,1,0,1,1,1,1,1,1,0,0	0.026834,-0.009815,0.002884,-0.004058,0.004328,0.006375,0.003347,0.025902,0.008222,0.030014,-0.000953,0.017876,0.034087,0.001814,-0.028551,0.003741,0.012325,0.029015,0.011142,0.018244,0.005303,-0.022620,-0.004317
Mtru_MAT1_ABY91220.1	Mtru_MAT1_ABY91220.1	acceptor_superclass::Flavonoids;acceptor_superclass::Isoflavonoids	acceptor_superclass::Coumarins;acceptor_superclass::Diterpenoids;acceptor_superclass::Fatty acyls;acceptor_superclass::Flavonoids;acceptor_superclass::Isoflavonoids;acceptor_superclass::Lignans;acceptor_superclass::Lysine alkaloids;acceptor_superclass::Monoterpenoids;acceptor_superclass::Ornithine alkaloids;acceptor_superclass::Phenanthrenoids;acceptor_superclass::Phenolic acids (C6-C1);acceptor_superclass::Phenylpropanoids (C6-C3);acceptor_superclass::Pseudoalkaloids;acceptor_superclass::Saccharides;acceptor_superclass::Small peptides;acceptor_superclass::Steroids;acceptor_superclass::Triterpenoids	0,0,0,0,0,1,1,0,0,0,0,0,0,0,0,0,0,0,0,0,0,0,0	1,0,1,0,1,1,1,1,1,1,0,1,1,1,0,1,1,1,1,1,1,0,0	0.026834,-0.009815,0.002884,-0.004058,0.004328,0.006375,0.003347,0.025902,0.008222,0.030015,-0.000953,0.017875,0.034087,0.001814,-0.028551,0.003741,0.012325,0.029014,0.011142,0.018244,0.005304,-0.022620,-0.004317
Mtru_MAT2_ABY91222.1	Mtru_MAT2_ABY91222.1	acceptor_superclass::Flavonoids;acceptor_superclass::Isoflavonoids	acceptor_superclass::Diterpenoids;acceptor_superclass::Fatty Acids and Conjugates;acceptor_superclass::Lignans;acceptor_superclass::Lysine alkaloids;acceptor_superclass::Ornithine alkaloids;acceptor_superclass::Phenolic acids (C6-C1);acceptor_superclass::Phenylethanoids (C6-C2);acceptor_superclass::Phenylpropanoids (C6-C3);acceptor_superclass::Pseudoalkaloids;acceptor_superclass::Tryptophan alkaloids;acceptor_superclass::Tyrosine alkaloids	0,0,0,0,0,1,1,0,0,0,0,0,0,0,0,0,0,0,0,0,0,0,0	0,0,1,1,0,0,0,1,1,0,0,1,0,1,1,1,1,0,0,0,0,1,1	-0.014331,-0.013549,0.011055,0.004201,-0.013830,-0.009397,-0.012567,0.017289,0.002828,-0.004479,-0.014983,0.004450,-0.026404,0.010797,0.010820,0.009444,0.019164,-0.000513,-0.009680,-0.004868,-0.006248,0.014364,0.001638
Mtru_MAT3_ABY91221.1	Mtru_MAT3_ABY91221.1	acceptor_superclass::Flavonoids;acceptor_superclass::Isoflavonoids	acceptor_superclass::Cyclic polyketides;acceptor_superclass::Flavonoids;acceptor_superclass::Isoflavonoids;acceptor_superclass::Lignans;acceptor_superclass::Monoterpenoids;acceptor_superclass::Naphthalenes;acceptor_superclass::Phenolic acids (C6-C1);acceptor_superclass::Phenylpropanoids (C6-C3);acceptor_superclass::Pseudoalkaloids;acceptor_superclass::Saccharides;acceptor_superclass::Steroids;acceptor_superclass::Tyrosine alkaloids	0,0,0,0,0,1,1,0,0,0,0,0,0,0,0,0,0,0,0,0,0,0,0	0,1,0,0,0,1,1,1,0,1,1,0,0,1,0,1,1,1,0,1,0,0,1	-0.001598,0.011548,-0.002241,-0.021619,-0.027437,0.020041,0.005088,0.018740,-0.000978,0.019053,0.003720,-0.020097,-0.001832,0.026220,-0.017841,0.006951,0.008218,0.009344,-0.000285,0.018386,-0.015658,-0.006259,0.006013
Natt_AT1_AET80688.1	Natt_AT1_AET80688.1	acceptor_superclass::Ornithine alkaloids;acceptor_superclass::Pseudoalkaloids	acceptor_superclass::Coumarins;acceptor_superclass::Diterpenoids;acceptor_superclass::Fatty Acids and Conjugates;acceptor_superclass::Fatty acyls;acceptor_superclass::Flavonoids;acceptor_superclass::Lignans;acceptor_superclass::Lysine alkaloids;acceptor_superclass::Monoterpenoids;acceptor_superclass::Naphthalenes;acceptor_superclass::Phenanthrenoids;acceptor_superclass::Phenolic acids (C6-C1);acceptor_superclass::Phenylethanoids (C6-C2);acceptor_superclass::Phenylpropanoids (C6-C3);acceptor_superclass::Pseudoalkaloids;acceptor_superclass::Saccharides;acceptor_superclass::Small peptides;acceptor_superclass::Steroids;acceptor_superclass::Triterpenoids;acceptor_superclass::Tryptophan alkaloids;acceptor_superclass::Tyrosine alkaloids	0,0,0,0,0,0,0,0,0,0,0,1,0,0,0,0,1,0,0,0,0,0,0	1,0,1,1,1,1,0,1,1,1,1,0,1,1,1,1,1,1,1,1,1,1,1	0.017712,-0.016186,0.012904,0.015745,0.002608,0.001268,-0.003099,0.001298,0.010089,0.006327,0.011789,-0.003161,0.011432,0.002647,0.001799,0.002736,0.013010,0.015512,0.006778,0.015547,0.009117,0.002637,0.002658
Natt_DH29_AET80686.1	Natt_DH29_AET80686.1	acceptor_superclass::Ornithine alkaloids;acceptor_superclass::Pseudoalkaloids	acceptor_superclass::Diterpenoids;acceptor_superclass::Fatty Acids and Conjugates;acceptor_superclass::Lignans;acceptor_superclass::Lysine alkaloids;acceptor_superclass::Ornithine alkaloids;acceptor_superclass::Phenolic acids (C6-C1);acceptor_superclass::Phenylethanoids (C6-C2);acceptor_superclass::Phenylpropanoids (C6-C3);acceptor_superclass::Pseudoalkaloids;acceptor_superclass::Tryptophan alkaloids;acceptor_superclass::Tyrosine alkaloids	0,0,0,0,0,0,0,0,0,0,0,1,0,0,0,0,1,0,0,0,0,0,0	0,0,1,1,0,0,0,1,1,0,0,1,0,1,1,1,1,0,0,0,0,1,1	-0.014331,-0.013549,0.011055,0.004201,-0.013830,-0.009397,-0.012567,0.017289,0.002828,-0.004479,-0.014983,0.004450,-0.026404,0.010797,0.010820,0.009444,0.019164,-0.000513,-0.009680,-0.004868,-0.006248,0.014364,0.001638
Ntab_ASAT1_XP_016480914.1	Ntab_ASAT1_XP_016480914.1	acceptor_superclass::Saccharides	acceptor_superclass::Coumarins;acceptor_superclass::Diterpenoids;acceptor_superclass::Fatty Acids and Conjugates;acceptor_superclass::Fatty acyls;acceptor_superclass::Flavonoids;acceptor_superclass::Lignans;acceptor_superclass::Lysine alkaloids;acceptor_superclass::Monoterpenoids;acceptor_superclass::Naphthalenes;acceptor_superclass::Phenanthrenoids;acceptor_superclass::Phenolic acids (C6-C1);acceptor_superclass::Phenylethanoids (C6-C2);acceptor_superclass::Phenylpropanoids (C6-C3);acceptor_superclass::Pseudoalkaloids;acceptor_superclass::Saccharides;acceptor_superclass::Small peptides;acceptor_superclass::Steroids;acceptor_superclass::Triterpenoids;acceptor_superclass::Tryptophan alkaloids;acceptor_superclass::Tyrosine alkaloids	0,0,0,0,0,0,0,0,0,0,0,0,0,0,0,0,0,1,0,0,0,0,0	1,0,1,1,1,1,0,1,1,1,1,0,1,1,1,1,1,1,1,1,1,1,1	0.017716,-0.016186,0.012909,0.015747,0.002598,0.001249,-0.003095,0.001299,0.010094,0.006342,0.011775,-0.003177,0.011432,0.002648,0.001795,0.002716,0.013008,0.015519,0.006767,0.015552,0.009114,0.002627,0.002653
Ntab_ASAT2_XP_016451255.1	Ntab_ASAT2_XP_016451255.1		acceptor_superclass::Diterpenoids;acceptor_superclass::Fatty Acids and Conjugates;acceptor_superclass::Lignans;acceptor_superclass::Lysine alkaloids;acceptor_superclass::Ornithine alkaloids;acceptor_superclass::Phenolic acids (C6-C1);acceptor_superclass::Phenylethanoids (C6-C2);acceptor_superclass::Phenylpropanoids (C6-C3);acceptor_superclass::Pseudoalkaloids;acceptor_superclass::Tryptophan alkaloids;acceptor_superclass::Tyrosine alkaloids	0,0,0,0,0,0,0,0,0,0,0,0,0,0,0,0,0,0,0,0,0,0,0	0,0,1,1,0,0,0,1,1,0,0,1,0,1,1,1,1,0,0,0,0,1,1	-0.014331,-0.013549,0.011055,0.004201,-0.013830,-0.009397,-0.012567,0.017289,0.002828,-0.004479,-0.014983,0.004450,-0.026404,0.010797,0.010820,0.009444,0.019164,-0.000513,-0.009680,-0.004868,-0.006248,0.014364,0.001638
Ntab_BEBT_AAN09798.1	Ntab_BEBT_AAN09798.1		acceptor_superclass::Coumarins;acceptor_superclass::Diterpenoids;acceptor_superclass::Fatty acyls;acceptor_superclass::Flavonoids;acceptor_superclass::Isoflavonoids;acceptor_superclass::Lignans;acceptor_superclass::Lysine alkaloids;acceptor_superclass::Monoterpenoids;acceptor_superclass::Ornithine alkaloids;acceptor_superclass::Phenanthrenoids;acceptor_superclass::Phenolic acids (C6-C1);acceptor_superclass::Phenylpropanoids (C6-C3);acceptor_superclass::Pseudoalkaloids;acceptor_superclass::Saccharides;acceptor_superclass::Small peptides;acceptor_superclass::Steroids;acceptor_superclass::Triterpenoids	0,0,0,0,0,0,0,0,0,0,0,0,0,0,0,0,0,0,0,0,0,0,0	1,0,1,0,1,1,1,1,1,1,0,1,1,1,0,1,1,1,1,1,1,0,0	0.026834,-0.009815,0.002884,-0.004059,0.004328,0.006375,0.003347,0.025902,0.008222,0.030015,-0.000952,0.017875,0.034087,0.001815,-0.028551,0.003741,0.012326,0.029014,0.011143,0.018244,0.005304,-0.022621,-0.004317
Ntab_HCT_CAD47830.1	Ntab_HCT_CAD47830.1	acceptor_superclass::Phenolic acids (C6-C1);acceptor_superclass::Phenylpropanoids (C6-C3)	acceptor_superclass::Cyclic polyketides;acceptor_superclass::Flavonoids;acceptor_superclass::Isoflavonoids;acceptor_superclass::Lignans;acceptor_superclass::Monoterpenoids;acceptor_superclass::Naphthalenes;acceptor_superclass::Phenolic acids (C6-C1);acceptor_superclass::Phenylpropanoids (C6-C3);acceptor_superclass::Pseudoalkaloids;acceptor_superclass::Saccharides;acceptor_superclass::Steroids;acceptor_superclass::Tyrosine alkaloids	0,0,0,0,0,0,0,0,0,0,0,0,0,1,0,1,0,0,0,0,0,0,0	0,1,0,0,0,1,1,1,0,1,1,0,0,1,0,1,1,1,0,1,0,0,1	-0.001605,0.011545,-0.002240,-0.021621,-0.027457,0.020045,0.005085,0.018742,-0.000975,0.019054,0.003730,-0.020081,-0.001824,0.026217,-0.017834,0.006949,0.008210,0.009342,-0.000266,0.018377,-0.015654,-0.006251,0.006013
Ntab_HQT_CAE46932.1	Ntab_HQT_CAE46932.1	acceptor_superclass::Phenolic acids (C6-C1);acceptor_superclass::Phenylpropanoids (C6-C3)	acceptor_superclass::Diterpenoids;acceptor_superclass::Fatty Acids and Conjugates;acceptor_superclass::Lignans;acceptor_superclass::Lysine alkaloids;acceptor_superclass::Ornithine alkaloids;acceptor_superclass::Phenolic acids (C6-C1);acceptor_superclass::Phenylethanoids (C6-C2);acceptor_superclass::Phenylpropanoids (C6-C3);acceptor_superclass::Pseudoalkaloids;acceptor_superclass::Tryptophan alkaloids;acceptor_superclass::Tyrosine alkaloids	0,0,0,0,0,0,0,0,0,0,0,0,0,1,0,1,0,0,0,0,0,0,0	0,0,1,1,0,0,0,1,1,0,0,1,0,1,1,1,1,0,0,0,0,1,1	-0.014331,-0.013549,0.011055,0.004201,-0.013830,-0.009397,-0.012567,0.017289,0.002828,-0.004479,-0.014983,0.004450,-0.026404,0.010797,0.010820,0.009444,0.019164,-0.000513,-0.009680,-0.004868,-0.006248,0.014364,0.001638
Ntab_MAT1_BAD93691.1	Ntab_MAT1_BAD93691.1	acceptor_superclass::Coumarins;acceptor_superclass::Flavonoids;acceptor_superclass::Naphthalenes;acceptor_superclass::Phenanthrenoids	acceptor_superclass::Coumarins;acceptor_superclass::Diterpenoids;acceptor_superclass::Fatty acyls;acceptor_superclass::Flavonoids;acceptor_superclass::Isoflavonoids;acceptor_superclass::Lignans;acceptor_superclass::Lysine alkaloids;acceptor_superclass::Monoterpenoids;acceptor_superclass::Ornithine alkaloids;acceptor_superclass::Phenanthrenoids;acceptor_superclass::Phenolic acids (C6-C1);acceptor_superclass::Phenylpropanoids (C6-C3);acceptor_superclass::Pseudoalkaloids;acceptor_superclass::Saccharides;acceptor_superclass::Small peptides;acceptor_superclass::Steroids;acceptor_superclass::Triterpenoids	1,0,0,0,0,1,0,0,0,0,1,0,1,0,0,0,0,0,0,0,0,0,0	1,0,1,0,1,1,1,1,1,1,0,1,1,1,0,1,1,1,1,1,1,0,0	0.026834,-0.009815,0.002884,-0.004058,0.004328,0.006375,0.003347,0.025902,0.008222,0.030015,-0.000953,0.017875,0.034087,0.001815,-0.028551,0.003741,0.012325,0.029014,0.011142,0.018244,0.005304,-0.022620,-0.004317
Ntab_SHT_QNO39110.1	Ntab_SHT_QNO39110.1	acceptor_superclass::Ornithine alkaloids	acceptor_superclass::Coumarins;acceptor_superclass::Diterpenoids;acceptor_superclass::Fatty acyls;acceptor_superclass::Flavonoids;acceptor_superclass::Isoflavonoids;acceptor_superclass::Lignans;acceptor_superclass::Lysine alkaloids;acceptor_superclass::Monoterpenoids;acceptor_superclass::Ornithine alkaloids;acceptor_superclass::Phenanthrenoids;acceptor_superclass::Phenolic acids (C6-C1);acceptor_superclass::Phenylpropanoids (C6-C3);acceptor_superclass::Pseudoalkaloids;acceptor_superclass::Saccharides;acceptor_superclass::Small peptides;acceptor_superclass::Steroids;acceptor_superclass::Triterpenoids	0,0,0,0,0,0,0,0,0,0,0,1,0,0,0,0,0,0,0,0,0,0,0	1,0,1,0,1,1,1,1,1,1,0,1,1,1,0,1,1,1,1,1,1,0,0	0.026834,-0.009815,0.002884,-0.004058,0.004328,0.006375,0.003347,0.025902,0.008222,0.030015,-0.000953,0.017875,0.034087,0.001815,-0.028551,0.003741,0.012326,0.029014,0.011143,0.018244,0.005304,-0.022620,-0.004317
Obas_CAAT1_QKK36036.1	Obas_CAAT1_QKK36036.1	acceptor_superclass::Phenylethanoids (C6-C2);acceptor_superclass::Phenylpropanoids (C6-C3)	acceptor_superclass::Coumarins;acceptor_superclass::Fatty acyls;acceptor_superclass::Flavonoids;acceptor_superclass::Lignans;acceptor_superclass::Lysine alkaloids;acceptor_superclass::Monoterpenoids;acceptor_superclass::Naphthalenes;acceptor_superclass::Ornithine alkaloids;acceptor_superclass::Phenanthrenoids;acceptor_superclass::Phenylethanoids (C6-C2);acceptor_superclass::Phenylpropanoids (C6-C3);acceptor_superclass::Pseudoalkaloids;acceptor_superclass::Small peptides;acceptor_superclass::Tryptophan alkaloids;acceptor_superclass::Tyrosine alkaloids	0,0,0,0,0,0,0,0,0,0,0,0,0,0,1,1,0,0,0,0,0,0,0	1,0,0,0,1,1,0,1,1,1,1,1,1,0,1,1,1,0,1,0,0,1,1	0.035011,-0.002635,-0.020310,-0.002492,0.011199,0.038432,-0.029586,0.032514,0.041839,0.016638,0.018087,0.001000,0.016582,-0.026216,0.024911,0.002946,0.027180,-0.035133,0.003576,-0.034486,-0.040607,0.014074,0.011821
Obas_CAAT2_QKK36037.1	Obas_CAAT2_QKK36037.1	acceptor_superclass::Phenylpropanoids (C6-C3)	acceptor_superclass::Coumarins;acceptor_superclass::Fatty acyls;acceptor_superclass::Flavonoids;acceptor_superclass::Lignans;acceptor_superclass::Lysine alkaloids;acceptor_superclass::Monoterpenoids;acceptor_superclass::Naphthalenes;acceptor_superclass::Ornithine alkaloids;acceptor_superclass::Phenanthrenoids;acceptor_superclass::Phenylethanoids (C6-C2);acceptor_superclass::Phenylpropanoids (C6-C3);acceptor_superclass::Pseudoalkaloids;acceptor_superclass::Small peptides;acceptor_superclass::Tryptophan alkaloids;acceptor_superclass::Tyrosine alkaloids	0,0,0,0,0,0,0,0,0,0,0,0,0,0,0,1,0,0,0,0,0,0,0	1,0,0,0,1,1,0,1,1,1,1,1,1,0,1,1,1,0,1,0,0,1,1	0.035011,-0.002635,-0.020310,-0.002492,0.011199,0.038432,-0.029586,0.032514,0.041839,0.016638,0.018087,0.001000,0.016582,-0.026216,0.024911,0.002946,0.027180,-0.035133,0.003576,-0.034486,-0.040607,0.014074,0.011821
Oeur_AT1_XP_022859703.1	Oeur_AT1_XP_022859703.1	acceptor_superclass::Phenylethanoids (C6-C2)	acceptor_superclass::Cyclic polyketides;acceptor_superclass::Flavonoids;acceptor_superclass::Isoflavonoids;acceptor_superclass::Lignans;acceptor_superclass::Monoterpenoids;acceptor_superclass::Naphthalenes;acceptor_superclass::Phenolic acids (C6-C1);acceptor_superclass::Phenylpropanoids (C6-C3);acceptor_superclass::Pseudoalkaloids;acceptor_superclass::Saccharides;acceptor_superclass::Steroids;acceptor_superclass::Tyrosine alkaloids	0,0,0,0,0,0,0,0,0,0,0,0,0,0,1,0,0,0,0,0,0,0,0	0,1,0,0,0,1,1,1,0,1,1,0,0,1,0,1,1,1,0,1,0,0,1	-0.001605,0.011545,-0.002240,-0.021622,-0.027458,0.020045,0.005084,0.018742,-0.000974,0.019054,0.003731,-0.020080,-0.001823,0.026217,-0.017833,0.006948,0.008210,0.009342,-0.000265,0.018376,-0.015654,-0.006251,0.006013
Osat_AHT1_CAE03579.1	Osat_AHT1_CAE03579.1	acceptor_superclass::Ornithine alkaloids;acceptor_superclass::Pseudoalkaloids	acceptor_superclass::Coumarins;acceptor_superclass::Diterpenoids;acceptor_superclass::Fatty acyls;acceptor_superclass::Flavonoids;acceptor_superclass::Isoflavonoids;acceptor_superclass::Lignans;acceptor_superclass::Lysine alkaloids;acceptor_superclass::Monoterpenoids;acceptor_superclass::Ornithine alkaloids;acceptor_superclass::Phenanthrenoids;acceptor_superclass::Phenolic acids (C6-C1);acceptor_superclass::Phenylpropanoids (C6-C3);acceptor_superclass::Pseudoalkaloids;acceptor_superclass::Saccharides;acceptor_superclass::Small peptides;acceptor_superclass::Steroids;acceptor_superclass::Triterpenoids	0,0,0,0,0,0,0,0,0,0,0,1,0,0,0,0,1,0,0,0,0,0,0	1,0,1,0,1,1,1,1,1,1,0,1,1,1,0,1,1,1,1,1,1,0,0	0.026834,-0.009815,0.002884,-0.004059,0.004328,0.006375,0.003347,0.025902,0.008222,0.030015,-0.000952,0.017875,0.034087,0.001815,-0.028551,0.003741,0.012326,0.029014,0.011143,0.018244,0.005304,-0.022621,-0.004317
Osat_AT10_BAD33123.1	Osat_AT10_BAD33123.1	acceptor_superclass::Phenylpropanoids (C6-C3)	acceptor_superclass::Diterpenoids;acceptor_superclass::Fatty Acids and Conjugates;acceptor_superclass::Lignans;acceptor_superclass::Lysine alkaloids;acceptor_superclass::Ornithine alkaloids;acceptor_superclass::Phenolic acids (C6-C1);acceptor_superclass::Phenylethanoids (C6-C2);acceptor_superclass::Phenylpropanoids (C6-C3);acceptor_superclass::Pseudoalkaloids;acceptor_superclass::Tryptophan alkaloids;acceptor_superclass::Tyrosine alkaloids	0,0,0,0,0,0,0,0,0,0,0,0,0,0,0,1,0,0,0,0,0,0,0	0,0,1,1,0,0,0,1,1,0,0,1,0,1,1,1,1,0,0,0,0,1,1	-0.014331,-0.013549,0.011055,0.004201,-0.013830,-0.009397,-0.012567,0.017289,0.002828,-0.004479,-0.014983,0.004450,-0.026404,0.010797,0.010820,0.009444,0.019164,-0.000513,-0.009680,-0.004868,-0.006248,0.014364,0.001638
Osat_DPW2_BAS75979.1	Osat_DPW2_BAS75979.1	acceptor_superclass::Fatty Acids and Conjugates	acceptor_superclass::Coumarins;acceptor_superclass::Diterpenoids;acceptor_superclass::Fatty acyls;acceptor_superclass::Flavonoids;acceptor_superclass::Isoflavonoids;acceptor_superclass::Lignans;acceptor_superclass::Lysine alkaloids;acceptor_superclass::Monoterpenoids;acceptor_superclass::Ornithine alkaloids;acceptor_superclass::Phenanthrenoids;acceptor_superclass::Phenolic acids (C6-C1);acceptor_superclass::Phenylpropanoids (C6-C3);acceptor_superclass::Pseudoalkaloids;acceptor_superclass::Saccharides;acceptor_superclass::Small peptides;acceptor_superclass::Steroids;acceptor_superclass::Triterpenoids	0,0,0,1,0,0,0,0,0,0,0,0,0,0,0,0,0,0,0,0,0,0,0	1,0,1,0,1,1,1,1,1,1,0,1,1,1,0,1,1,1,1,1,1,0,0	0.026834,-0.009815,0.002884,-0.004059,0.004328,0.006375,0.003347,0.025902,0.008222,0.030015,-0.000952,0.017875,0.034087,0.001815,-0.028551,0.003741,0.012325,0.029014,0.011143,0.018244,0.005304,-0.022621,-0.004317
Osat_FMT_BAF16996.1	Osat_FMT_BAF16996.1	acceptor_superclass::Phenylpropanoids (C6-C3)	acceptor_superclass::Coumarins;acceptor_superclass::Diterpenoids;acceptor_superclass::Fatty Acids and Conjugates;acceptor_superclass::Fatty acyls;acceptor_superclass::Flavonoids;acceptor_superclass::Lignans;acceptor_superclass::Lysine alkaloids;acceptor_superclass::Monoterpenoids;acceptor_superclass::Naphthalenes;acceptor_superclass::Phenanthrenoids;acceptor_superclass::Phenolic acids (C6-C1);acceptor_superclass::Phenylethanoids (C6-C2);acceptor_superclass::Phenylpropanoids (C6-C3);acceptor_superclass::Pseudoalkaloids;acceptor_superclass::Saccharides;acceptor_superclass::Small peptides;acceptor_superclass::Steroids;acceptor_superclass::Triterpenoids;acceptor_superclass::Tryptophan alkaloids;acceptor_superclass::Tyrosine alkaloids	0,0,0,0,0,0,0,0,0,0,0,0,0,0,0,1,0,0,0,0,0,0,0	1,0,1,1,1,1,0,1,1,1,1,0,1,1,1,1,1,1,1,1,1,1,1	0.017714,-0.016186,0.012906,0.015746,0.002601,0.001256,-0.003097,0.001298,0.010092,0.006335,0.011780,-0.003171,0.011432,0.002647,0.001798,0.002724,0.013009,0.015516,0.006772,0.015550,0.009116,0.002630,0.002655
Osat_HCT4_BAD72437.1	Osat_HCT4_BAD72437.1	acceptor_superclass::Phenolic acids (C6-C1)	acceptor_superclass::Coumarins;acceptor_superclass::Diterpenoids;acceptor_superclass::Fatty acyls;acceptor_superclass::Flavonoids;acceptor_superclass::Isoflavonoids;acceptor_superclass::Lignans;acceptor_superclass::Lysine alkaloids;acceptor_superclass::Monoterpenoids;acceptor_superclass::Ornithine alkaloids;acceptor_superclass::Phenanthrenoids;acceptor_superclass::Phenolic acids (C6-C1);acceptor_superclass::Phenylpropanoids (C6-C3);acceptor_superclass::Pseudoalkaloids;acceptor_superclass::Saccharides;acceptor_superclass::Small peptides;acceptor_superclass::Steroids;acceptor_superclass::Triterpenoids	0,0,0,0,0,0,0,0,0,0,0,0,0,1,0,0,0,0,0,0,0,0,0	1,0,1,0,1,1,1,1,1,1,0,1,1,1,0,1,1,1,1,1,1,0,0	0.026834,-0.009815,0.002884,-0.004058,0.004328,0.006375,0.003347,0.025902,0.008222,0.030015,-0.000953,0.017875,0.034087,0.001815,-0.028551,0.003741,0.012325,0.029014,0.011142,0.018244,0.005304,-0.022620,-0.004317
Osat_MAT-2_BAG96218.1	Osat_MAT-2_BAG96218.1	acceptor_superclass::Flavonoids;acceptor_superclass::Isoflavonoids	acceptor_superclass::Coumarins;acceptor_superclass::Fatty acyls;acceptor_superclass::Flavonoids;acceptor_superclass::Lignans;acceptor_superclass::Lysine alkaloids;acceptor_superclass::Monoterpenoids;acceptor_superclass::Naphthalenes;acceptor_superclass::Ornithine alkaloids;acceptor_superclass::Phenanthrenoids;acceptor_superclass::Phenylethanoids (C6-C2);acceptor_superclass::Phenylpropanoids (C6-C3);acceptor_superclass::Pseudoalkaloids;acceptor_superclass::Small peptides;acceptor_superclass::Tryptophan alkaloids;acceptor_superclass::Tyrosine alkaloids	0,0,0,0,0,1,1,0,0,0,0,0,0,0,0,0,0,0,0,0,0,0,0	1,0,0,0,1,1,0,1,1,1,1,1,1,0,1,1,1,0,1,0,0,1,1	0.035011,-0.002635,-0.020310,-0.002492,0.011199,0.038432,-0.029586,0.032514,0.041839,0.016638,0.018087,0.001000,0.016582,-0.026216,0.024911,0.002946,0.027180,-0.035133,0.003576,-0.034486,-0.040607,0.014074,0.011821
Osat_PHT2_BAD72527.1	Osat_PHT2_BAD72527.1	acceptor_superclass::Ornithine alkaloids;acceptor_superclass::Pseudoalkaloids	acceptor_superclass::Cyclic polyketides;acceptor_superclass::Flavonoids;acceptor_superclass::Isoflavonoids;acceptor_superclass::Lignans;acceptor_superclass::Monoterpenoids;acceptor_superclass::Naphthalenes;acceptor_superclass::Phenolic acids (C6-C1);acceptor_superclass::Phenylpropanoids (C6-C3);acceptor_superclass::Pseudoalkaloids;acceptor_superclass::Saccharides;acceptor_superclass::Steroids;acceptor_superclass::Tyrosine alkaloids	0,0,0,0,0,0,0,0,0,0,0,1,0,0,0,0,1,0,0,0,0,0,0	0,1,0,0,0,1,1,1,0,1,1,0,0,1,0,1,1,1,0,1,0,0,1	-0.001601,0.011546,-0.002240,-0.021621,-0.027448,0.020043,0.005086,0.018741,-0.000976,0.019054,0.003726,-0.020089,-0.001828,0.026219,-0.017837,0.006950,0.008214,0.009343,-0.000275,0.018381,-0.015656,-0.006255,0.006013
Osat_PHT3_BAC79154.1	Osat_PHT3_BAC79154.1	acceptor_superclass::Ornithine alkaloids;acceptor_superclass::Pseudoalkaloids	acceptor_superclass::Diterpenoids;acceptor_superclass::Fatty Acids and Conjugates;acceptor_superclass::Lignans;acceptor_superclass::Lysine alkaloids;acceptor_superclass::Ornithine alkaloids;acceptor_superclass::Phenolic acids (C6-C1);acceptor_superclass::Phenylethanoids (C6-C2);acceptor_superclass::Phenylpropanoids (C6-C3);acceptor_superclass::Pseudoalkaloids;acceptor_superclass::Tryptophan alkaloids;acceptor_superclass::Tyrosine alkaloids	0,0,0,0,0,0,0,0,0,0,0,1,0,0,0,0,1,0,0,0,0,0,0	0,0,1,1,0,0,0,1,1,0,0,1,0,1,1,1,1,0,0,0,0,1,1	-0.014331,-0.013549,0.011055,0.004201,-0.013831,-0.009396,-0.012567,0.017289,0.002828,-0.004479,-0.014983,0.004449,-0.026403,0.010798,0.010820,0.009444,0.019164,-0.000514,-0.009680,-0.004868,-0.006248,0.014363,0.001637
Osat_PHT4_BAC79155.1	Osat_PHT4_BAC79155.1	acceptor_superclass::Ornithine alkaloids;acceptor_superclass::Pseudoalkaloids	acceptor_superclass::Coumarins;acceptor_superclass::Diterpenoids;acceptor_superclass::Fatty Acids and Conjugates;acceptor_superclass::Fatty acyls;acceptor_superclass::Flavonoids;acceptor_superclass::Lignans;acceptor_superclass::Lysine alkaloids;acceptor_superclass::Monoterpenoids;acceptor_superclass::Naphthalenes;acceptor_superclass::Phenanthrenoids;acceptor_superclass::Phenolic acids (C6-C1);acceptor_superclass::Phenylethanoids (C6-C2);acceptor_superclass::Phenylpropanoids (C6-C3);acceptor_superclass::Pseudoalkaloids;acceptor_superclass::Saccharides;acceptor_superclass::Small peptides;acceptor_superclass::Steroids;acceptor_superclass::Triterpenoids;acceptor_superclass::Tryptophan alkaloids;acceptor_superclass::Tyrosine alkaloids	0,0,0,0,0,0,0,0,0,0,0,1,0,0,0,0,1,0,0,0,0,0,0	1,0,1,1,1,1,0,1,1,1,1,0,1,1,1,1,1,1,1,1,1,1,1	0.017712,-0.016186,0.012904,0.015745,0.002608,0.001270,-0.003100,0.001298,0.010089,0.006326,0.011789,-0.003160,0.011432,0.002647,0.001800,0.002737,0.013010,0.015512,0.006779,0.015547,0.009117,0.002638,0.002658
Osat_PHT4_BAC79155.1	Osat_PHT_BAC79155.1	acceptor_superclass::Ornithine alkaloids;acceptor_superclass::Pseudoalkaloids	acceptor_superclass::Diterpenoids;acceptor_superclass::Fatty Acids and Conjugates;acceptor_superclass::Lignans;acceptor_superclass::Lysine alkaloids;acceptor_superclass::Ornithine alkaloids;acceptor_superclass::Phenolic acids (C6-C1);acceptor_superclass::Phenylethanoids (C6-C2);acceptor_superclass::Phenylpropanoids (C6-C3);acceptor_superclass::Pseudoalkaloids;acceptor_superclass::Tryptophan alkaloids;acceptor_superclass::Tyrosine alkaloids	0,0,0,0,0,0,0,0,0,0,0,1,0,0,0,0,1,0,0,0,0,0,0	0,0,1,1,0,0,0,1,1,0,0,1,0,1,1,1,1,0,0,0,0,1,1	-0.014331,-0.013549,0.011055,0.004201,-0.013830,-0.009397,-0.012567,0.017289,0.002828,-0.004479,-0.014983,0.004449,-0.026403,0.010798,0.010820,0.009444,0.019164,-0.000514,-0.009680,-0.004868,-0.006248,0.014363,0.001637
Osat_PMT1_BAG87540.1	Osat_PMT1_BAG87540.1	acceptor_superclass::Phenylethanoids (C6-C2);acceptor_superclass::Phenylpropanoids (C6-C3)	acceptor_superclass::Coumarins;acceptor_superclass::Diterpenoids;acceptor_superclass::Fatty Acids and Conjugates;acceptor_superclass::Fatty acyls;acceptor_superclass::Flavonoids;acceptor_superclass::Lignans;acceptor_superclass::Lysine alkaloids;acceptor_superclass::Monoterpenoids;acceptor_superclass::Naphthalenes;acceptor_superclass::Phenanthrenoids;acceptor_superclass::Phenolic acids (C6-C1);acceptor_superclass::Phenylethanoids (C6-C2);acceptor_superclass::Phenylpropanoids (C6-C3);acceptor_superclass::Pseudoalkaloids;acceptor_superclass::Saccharides;acceptor_superclass::Small peptides;acceptor_superclass::Steroids;acceptor_superclass::Triterpenoids;acceptor_superclass::Tryptophan alkaloids;acceptor_superclass::Tyrosine alkaloids	0,0,0,0,0,0,0,0,0,0,0,0,0,0,1,1,0,0,0,0,0,0,0	1,0,1,1,1,1,0,1,1,1,1,0,1,1,1,1,1,1,1,1,1,1,1	0.017713,-0.016186,0.012905,0.015746,0.002605,0.001266,-0.003098,0.001298,0.010090,0.006330,0.011786,-0.003164,0.011432,0.002647,0.001799,0.002733,0.013009,0.015513,0.006777,0.015548,0.009117,0.002635,0.002657
Osat_PMT2_BAG91648.1	Osat_PMT2_BAG91648.1	acceptor_superclass::Phenylpropanoids (C6-C3)	acceptor_superclass::Coumarins;acceptor_superclass::Fatty acyls;acceptor_superclass::Flavonoids;acceptor_superclass::Lignans;acceptor_superclass::Lysine alkaloids;acceptor_superclass::Monoterpenoids;acceptor_superclass::Naphthalenes;acceptor_superclass::Ornithine alkaloids;acceptor_superclass::Phenanthrenoids;acceptor_superclass::Phenylethanoids (C6-C2);acceptor_superclass::Phenylpropanoids (C6-C3);acceptor_superclass::Pseudoalkaloids;acceptor_superclass::Small peptides;acceptor_superclass::Tryptophan alkaloids;acceptor_superclass::Tyrosine alkaloids	0,0,0,0,0,0,0,0,0,0,0,0,0,0,0,1,0,0,0,0,0,0,0	1,0,0,0,1,1,0,1,1,1,1,1,1,0,1,1,1,0,1,0,0,1,1	0.035011,-0.002635,-0.020310,-0.002492,0.011199,0.038432,-0.029586,0.032514,0.041839,0.016638,0.018087,0.001000,0.016582,-0.026216,0.024911,0.002946,0.027180,-0.035133,0.003576,-0.034486,-0.040607,0.014074,0.011821
Osat_TBT1_ANQ47375.1	Osat_TBT1_ANQ47375.1	acceptor_superclass::Ornithine alkaloids;acceptor_superclass::Pseudoalkaloids;acceptor_superclass::Tryptophan alkaloids	acceptor_superclass::Coumarins;acceptor_superclass::Diterpenoids;acceptor_superclass::Fatty acyls;acceptor_superclass::Flavonoids;acceptor_superclass::Isoflavonoids;acceptor_superclass::Lignans;acceptor_superclass::Lysine alkaloids;acceptor_superclass::Monoterpenoids;acceptor_superclass::Ornithine alkaloids;acceptor_superclass::Phenanthrenoids;acceptor_superclass::Phenolic acids (C6-C1);acceptor_superclass::Phenylpropanoids (C6-C3);acceptor_superclass::Pseudoalkaloids;acceptor_superclass::Saccharides;acceptor_superclass::Small peptides;acceptor_superclass::Steroids;acceptor_superclass::Triterpenoids	0,0,0,0,0,0,0,0,0,0,0,1,0,0,0,0,1,0,0,0,0,1,0	1,0,1,0,1,1,1,1,1,1,0,1,1,1,0,1,1,1,1,1,1,0,0	0.026834,-0.009815,0.002884,-0.004059,0.004329,0.006375,0.003347,0.025902,0.008222,0.030015,-0.000952,0.017875,0.034087,0.001815,-0.028551,0.003741,0.012326,0.029014,0.011143,0.018244,0.005304,-0.022621,-0.004317
Osat_TBT2_ANQ47376.1	Osat_TBT2_ANQ47376.1	acceptor_superclass::Tryptophan alkaloids	acceptor_superclass::Diterpenoids;acceptor_superclass::Fatty Acids and Conjugates;acceptor_superclass::Lignans;acceptor_superclass::Lysine alkaloids;acceptor_superclass::Ornithine alkaloids;acceptor_superclass::Phenolic acids (C6-C1);acceptor_superclass::Phenylethanoids (C6-C2);acceptor_superclass::Phenylpropanoids (C6-C3);acceptor_superclass::Pseudoalkaloids;acceptor_superclass::Tryptophan alkaloids;acceptor_superclass::Tyrosine alkaloids	0,0,0,0,0,0,0,0,0,0,0,0,0,0,0,0,0,0,0,0,0,1,0	0,0,1,1,0,0,0,1,1,0,0,1,0,1,1,1,1,0,0,0,0,1,1	-0.014331,-0.013549,0.011055,0.004201,-0.013830,-0.009397,-0.012567,0.017289,0.002828,-0.004479,-0.014983,0.004449,-0.026403,0.010798,0.010820,0.009444,0.019164,-0.000514,-0.009680,-0.004868,-0.006248,0.014363,0.001638
Osat_THT1_ANQ47373.1	Osat_THT1_ANQ47373.1	acceptor_superclass::Ornithine alkaloids;acceptor_superclass::Tryptophan alkaloids;acceptor_superclass::Tyrosine alkaloids	acceptor_superclass::Diterpenoids;acceptor_superclass::Fatty Acids and Conjugates;acceptor_superclass::Lignans;acceptor_superclass::Lysine alkaloids;acceptor_superclass::Ornithine alkaloids;acceptor_superclass::Phenolic acids (C6-C1);acceptor_superclass::Phenylethanoids (C6-C2);acceptor_superclass::Phenylpropanoids (C6-C3);acceptor_superclass::Pseudoalkaloids;acceptor_superclass::Tryptophan alkaloids;acceptor_superclass::Tyrosine alkaloids	0,0,0,0,0,0,0,0,0,0,0,1,0,0,0,0,0,0,0,0,0,1,1	0,0,1,1,0,0,0,1,1,0,0,1,0,1,1,1,1,0,0,0,0,1,1	-0.014331,-0.013549,0.011055,0.004201,-0.013830,-0.009397,-0.012567,0.017289,0.002828,-0.004479,-0.014983,0.004449,-0.026404,0.010797,0.010820,0.009444,0.019164,-0.000513,-0.009680,-0.004868,-0.006248,0.014363,0.001638
Osat_THT2_AAM74310.1	Osat_THT2_AAM74310.1	acceptor_superclass::Tryptophan alkaloids;acceptor_superclass::Tyrosine alkaloids	acceptor_superclass::Cyclic polyketides;acceptor_superclass::Flavonoids;acceptor_superclass::Isoflavonoids;acceptor_superclass::Lignans;acceptor_superclass::Monoterpenoids;acceptor_superclass::Naphthalenes;acceptor_superclass::Phenolic acids (C6-C1);acceptor_superclass::Phenylpropanoids (C6-C3);acceptor_superclass::Pseudoalkaloids;acceptor_superclass::Saccharides;acceptor_superclass::Steroids;acceptor_superclass::Tyrosine alkaloids	0,0,0,0,0,0,0,0,0,0,0,0,0,0,0,0,0,0,0,0,0,1,1	0,1,0,0,0,1,1,1,0,1,1,0,0,1,0,1,1,1,0,1,0,0,1	-0.001604,0.011546,-0.002240,-0.021621,-0.027455,0.020044,0.005085,0.018742,-0.000975,0.019054,0.003729,-0.020083,-0.001825,0.026218,-0.017835,0.006949,0.008211,0.009342,-0.000268,0.018378,-0.015654,-0.006252,0.006013
Paff_BAHD21_NA	Paff_BAHD21_NA	acceptor_superclass::Flavonoids	acceptor_superclass::Coumarins;acceptor_superclass::Diterpenoids;acceptor_superclass::Fatty acyls;acceptor_superclass::Flavonoids;acceptor_superclass::Isoflavonoids;acceptor_superclass::Lignans;acceptor_superclass::Lysine alkaloids;acceptor_superclass::Monoterpenoids;acceptor_superclass::Ornithine alkaloids;acceptor_superclass::Phenanthrenoids;acceptor_superclass::Phenolic acids (C6-C1);acceptor_superclass::Phenylpropanoids (C6-C3);acceptor_superclass::Pseudoalkaloids;acceptor_superclass::Saccharides;acceptor_superclass::Small peptides;acceptor_superclass::Steroids;acceptor_superclass::Triterpenoids	0,0,0,0,0,1,0,0,0,0,0,0,0,0,0,0,0,0,0,0,0,0,0	1,0,1,0,1,1,1,1,1,1,0,1,1,1,0,1,1,1,1,1,1,0,0	0.026834,-0.009815,0.002884,-0.004059,0.004328,0.006375,0.003347,0.025902,0.008222,0.030015,-0.000953,0.017875,0.034087,0.001815,-0.028551,0.003741,0.012325,0.029014,0.011143,0.018244,0.005304,-0.022621,-0.004317
Papp_HCT_AXN55972.1	Papp_HCT_AXN55972.1	acceptor_superclass::Phenolic acids (C6-C1)	acceptor_superclass::Coumarins;acceptor_superclass::Fatty acyls;acceptor_superclass::Flavonoids;acceptor_superclass::Lignans;acceptor_superclass::Lysine alkaloids;acceptor_superclass::Monoterpenoids;acceptor_superclass::Naphthalenes;acceptor_superclass::Ornithine alkaloids;acceptor_superclass::Phenanthrenoids;acceptor_superclass::Phenylethanoids (C6-C2);acceptor_superclass::Phenylpropanoids (C6-C3);acceptor_superclass::Pseudoalkaloids;acceptor_superclass::Small peptides;acceptor_superclass::Tryptophan alkaloids;acceptor_superclass::Tyrosine alkaloids	0,0,0,0,0,0,0,0,0,0,0,0,0,1,0,0,0,0,0,0,0,0,0	1,0,0,0,1,1,0,1,1,1,1,1,1,0,1,1,1,0,1,0,0,1,1	0.035011,-0.002635,-0.020310,-0.002492,0.011199,0.038432,-0.029586,0.032514,0.041839,0.016638,0.018087,0.001001,0.016581,-0.026216,0.024911,0.002946,0.027179,-0.035134,0.003576,-0.034486,-0.040607,0.014074,0.011821
Paxi_ASAT1_AOR06331.1	Paxi_ASAT1_AOR06331.1	acceptor_superclass::Saccharides	acceptor_superclass::Coumarins;acceptor_superclass::Fatty acyls;acceptor_superclass::Flavonoids;acceptor_superclass::Lignans;acceptor_superclass::Lysine alkaloids;acceptor_superclass::Monoterpenoids;acceptor_superclass::Naphthalenes;acceptor_superclass::Ornithine alkaloids;acceptor_superclass::Phenanthrenoids;acceptor_superclass::Phenylethanoids (C6-C2);acceptor_superclass::Phenylpropanoids (C6-C3);acceptor_superclass::Pseudoalkaloids;acceptor_superclass::Small peptides;acceptor_superclass::Tryptophan alkaloids;acceptor_superclass::Tyrosine alkaloids	0,0,0,0,0,0,0,0,0,0,0,0,0,0,0,0,0,1,0,0,0,0,0	1,0,0,0,1,1,0,1,1,1,1,1,1,0,1,1,1,0,1,0,0,1,1	0.035011,-0.002635,-0.020310,-0.002492,0.011199,0.038432,-0.029586,0.032514,0.041839,0.016638,0.018087,0.001000,0.016582,-0.026216,0.024911,0.002946,0.027180,-0.035133,0.003576,-0.034486,-0.040607,0.014074,0.011821
Paxi_ASAT1_AOR06331.1	Paxi_ASAT2_AOR06331.1		acceptor_superclass::Coumarins;acceptor_superclass::Diterpenoids;acceptor_superclass::Fatty acyls;acceptor_superclass::Flavonoids;acceptor_superclass::Isoflavonoids;acceptor_superclass::Lignans;acceptor_superclass::Lysine alkaloids;acceptor_superclass::Monoterpenoids;acceptor_superclass::Ornithine alkaloids;acceptor_superclass::Phenanthrenoids;acceptor_superclass::Phenolic acids (C6-C1);acceptor_superclass::Phenylpropanoids (C6-C3);acceptor_superclass::Pseudoalkaloids;acceptor_superclass::Saccharides;acceptor_superclass::Small peptides;acceptor_superclass::Steroids;acceptor_superclass::Triterpenoids	0,0,0,0,0,0,0,0,0,0,0,0,0,0,0,0,0,0,0,0,0,0,0	1,0,1,0,1,1,1,1,1,1,0,1,1,1,0,1,1,1,1,1,1,0,0	0.026834,-0.009815,0.002884,-0.004059,0.004328,0.006375,0.003347,0.025902,0.008222,0.030015,-0.000952,0.017875,0.034087,0.001815,-0.028551,0.003741,0.012326,0.029014,0.011143,0.018244,0.005304,-0.022621,-0.004317
Paxi_ASAT3_AOR06333.1	Paxi_ASAT3_AOR06333.1		acceptor_superclass::Cyclic polyketides;acceptor_superclass::Flavonoids;acceptor_superclass::Isoflavonoids;acceptor_superclass::Lignans;acceptor_superclass::Monoterpenoids;acceptor_superclass::Naphthalenes;acceptor_superclass::Phenolic acids (C6-C1);acceptor_superclass::Phenylpropanoids (C6-C3);acceptor_superclass::Pseudoalkaloids;acceptor_superclass::Saccharides;acceptor_superclass::Steroids;acceptor_superclass::Tyrosine alkaloids	0,0,0,0,0,0,0,0,0,0,0,0,0,0,0,0,0,0,0,0,0,0,0	0,1,0,0,0,1,1,1,0,1,1,0,0,1,0,1,1,1,0,1,0,0,1	-0.001600,0.011547,-0.002240,-0.021620,-0.027444,0.020043,0.005087,0.018741,-0.000977,0.019053,0.003724,-0.020092,-0.001829,0.026219,-0.017838,0.006950,0.008215,0.009344,-0.000278,0.018383,-0.015657,-0.006256,0.006013
Paxi_ASAT4_AOR06334.1	Paxi_ASAT4_AOR06334.1		acceptor_superclass::Coumarins;acceptor_superclass::Diterpenoids;acceptor_superclass::Fatty Acids and Conjugates;acceptor_superclass::Fatty acyls;acceptor_superclass::Flavonoids;acceptor_superclass::Lignans;acceptor_superclass::Lysine alkaloids;acceptor_superclass::Monoterpenoids;acceptor_superclass::Naphthalenes;acceptor_superclass::Phenanthrenoids;acceptor_superclass::Phenolic acids (C6-C1);acceptor_superclass::Phenylethanoids (C6-C2);acceptor_superclass::Phenylpropanoids (C6-C3);acceptor_superclass::Pseudoalkaloids;acceptor_superclass::Saccharides;acceptor_superclass::Small peptides;acceptor_superclass::Steroids;acceptor_superclass::Triterpenoids;acceptor_superclass::Tryptophan alkaloids;acceptor_superclass::Tyrosine alkaloids	0,0,0,0,0,0,0,0,0,0,0,0,0,0,0,0,0,0,0,0,0,0,0	1,0,1,1,1,1,0,1,1,1,1,0,1,1,1,1,1,1,1,1,1,1,1	0.017714,-0.016186,0.012906,0.015746,0.002606,0.001265,-0.003098,0.001299,0.010091,0.006331,0.011786,-0.003165,0.011432,0.002648,0.001797,0.002733,0.013009,0.015514,0.006775,0.015548,0.009116,0.002637,0.002657
Paxi_CFAT_ABG75942.1	Paxi_CFAT_ABG75942.1	acceptor_superclass::Fatty acyls;acceptor_superclass::Monoterpenoids;acceptor_superclass::Phenylethanoids (C6-C2);acceptor_superclass::Phenylpropanoids (C6-C3)	acceptor_superclass::Coumarins;acceptor_superclass::Diterpenoids;acceptor_superclass::Fatty acyls;acceptor_superclass::Flavonoids;acceptor_superclass::Isoflavonoids;acceptor_superclass::Lignans;acceptor_superclass::Lysine alkaloids;acceptor_superclass::Monoterpenoids;acceptor_superclass::Ornithine alkaloids;acceptor_superclass::Phenanthrenoids;acceptor_superclass::Phenolic acids (C6-C1);acceptor_superclass::Phenylpropanoids (C6-C3);acceptor_superclass::Pseudoalkaloids;acceptor_superclass::Saccharides;acceptor_superclass::Small peptides;acceptor_superclass::Steroids;acceptor_superclass::Triterpenoids	0,0,0,0,1,0,0,0,0,1,0,0,0,0,1,1,0,0,0,0,0,0,0	1,0,1,0,1,1,1,1,1,1,0,1,1,1,0,1,1,1,1,1,1,0,0	0.026834,-0.009815,0.002884,-0.004059,0.004329,0.006375,0.003347,0.025902,0.008222,0.030015,-0.000952,0.017875,0.034087,0.001815,-0.028551,0.003741,0.012326,0.029014,0.011143,0.018244,0.005304,-0.022621,-0.004317
Pbar_AT1_WEX29777.1	Pbar_AT1_WEX29777.1	acceptor_superclass::Phenylethanoids (C6-C2)	acceptor_superclass::Cyclic polyketides;acceptor_superclass::Flavonoids;acceptor_superclass::Isoflavonoids;acceptor_superclass::Lignans;acceptor_superclass::Monoterpenoids;acceptor_superclass::Naphthalenes;acceptor_superclass::Phenolic acids (C6-C1);acceptor_superclass::Phenylpropanoids (C6-C3);acceptor_superclass::Pseudoalkaloids;acceptor_superclass::Saccharides;acceptor_superclass::Steroids;acceptor_superclass::Tyrosine alkaloids	0,0,0,0,0,0,0,0,0,0,0,0,0,0,1,0,0,0,0,0,0,0,0	0,1,0,0,0,1,1,1,0,1,1,0,0,1,0,1,1,1,0,1,0,0,1	-0.001605,0.011545,-0.002240,-0.021621,-0.027457,0.020045,0.005085,0.018742,-0.000975,0.019054,0.003730,-0.020081,-0.001824,0.026218,-0.017834,0.006949,0.008210,0.009342,-0.000266,0.018377,-0.015654,-0.006251,0.006013
Pcam_HCT_QDF44405.1	Pcam_HCT_QDF44405.1	acceptor_superclass::Phenolic acids (C6-C1)	acceptor_superclass::Diterpenoids;acceptor_superclass::Fatty Acids and Conjugates;acceptor_superclass::Lignans;acceptor_superclass::Lysine alkaloids;acceptor_superclass::Ornithine alkaloids;acceptor_superclass::Phenolic acids (C6-C1);acceptor_superclass::Phenylethanoids (C6-C2);acceptor_superclass::Phenylpropanoids (C6-C3);acceptor_superclass::Pseudoalkaloids;acceptor_superclass::Tryptophan alkaloids;acceptor_superclass::Tyrosine alkaloids	0,0,0,0,0,0,0,0,0,0,0,0,0,1,0,0,0,0,0,0,0,0,0	0,0,1,1,0,0,0,1,1,0,0,1,0,1,1,1,1,0,0,0,0,1,1	-0.014331,-0.013549,0.011055,0.004200,-0.013831,-0.009396,-0.012567,0.017289,0.002828,-0.004479,-0.014983,0.004449,-0.026403,0.010798,0.010820,0.009444,0.019164,-0.000514,-0.009680,-0.004868,-0.006248,0.014363,0.001637
Pcam_HQT_QDF44406.1	Pcam_HQT_QDF44406.1	acceptor_superclass::Phenolic acids (C6-C1)	acceptor_superclass::Cyclic polyketides;acceptor_superclass::Flavonoids;acceptor_superclass::Isoflavonoids;acceptor_superclass::Lignans;acceptor_superclass::Monoterpenoids;acceptor_superclass::Naphthalenes;acceptor_superclass::Phenolic acids (C6-C1);acceptor_superclass::Phenylpropanoids (C6-C3);acceptor_superclass::Pseudoalkaloids;acceptor_superclass::Saccharides;acceptor_superclass::Steroids;acceptor_superclass::Tyrosine alkaloids	0,0,0,0,0,0,0,0,0,0,0,0,0,1,0,0,0,0,0,0,0,0,0	0,1,0,0,0,1,1,1,0,1,1,0,0,1,0,1,1,1,0,1,0,0,1	-0.001599,0.011547,-0.002240,-0.021620,-0.027442,0.020042,0.005087,0.018741,-0.000977,0.019053,0.003723,-0.020093,-0.001830,0.026219,-0.017839,0.006950,0.008216,0.009344,-0.000280,0.018384,-0.015657,-0.006257,0.006013
Pcam_RAS_QDF44407.1	Pcam_RAS_QDF44407.1	acceptor_superclass::Phenolic acids (C6-C1)	acceptor_superclass::Coumarins;acceptor_superclass::Diterpenoids;acceptor_superclass::Fatty Acids and Conjugates;acceptor_superclass::Fatty acyls;acceptor_superclass::Flavonoids;acceptor_superclass::Lignans;acceptor_superclass::Lysine alkaloids;acceptor_superclass::Monoterpenoids;acceptor_superclass::Naphthalenes;acceptor_superclass::Phenanthrenoids;acceptor_superclass::Phenolic acids (C6-C1);acceptor_superclass::Phenylethanoids (C6-C2);acceptor_superclass::Phenylpropanoids (C6-C3);acceptor_superclass::Pseudoalkaloids;acceptor_superclass::Saccharides;acceptor_superclass::Small peptides;acceptor_superclass::Steroids;acceptor_superclass::Triterpenoids;acceptor_superclass::Tryptophan alkaloids;acceptor_superclass::Tyrosine alkaloids	0,0,0,0,0,0,0,0,0,0,0,0,0,1,0,0,0,0,0,0,0,0,0	1,0,1,1,1,1,0,1,1,1,1,0,1,1,1,1,1,1,1,1,1,1,1	0.017714,-0.016186,0.012905,0.015746,0.002605,0.001264,-0.003098,0.001299,0.010091,0.006331,0.011786,-0.003165,0.011432,0.002647,0.001798,0.002732,0.013009,0.015514,0.006776,0.015548,0.009116,0.002635,0.002657
Pcru_3MAT_AAO38058.1	Pcru_3MAT_AAO38058.1	acceptor_superclass::Flavonoids	acceptor_superclass::Cyclic polyketides;acceptor_superclass::Flavonoids;acceptor_superclass::Isoflavonoids;acceptor_superclass::Lignans;acceptor_superclass::Monoterpenoids;acceptor_superclass::Naphthalenes;acceptor_superclass::Phenolic acids (C6-C1);acceptor_superclass::Phenylpropanoids (C6-C3);acceptor_superclass::Pseudoalkaloids;acceptor_superclass::Saccharides;acceptor_superclass::Steroids;acceptor_superclass::Tyrosine alkaloids	0,0,0,0,0,1,0,0,0,0,0,0,0,0,0,0,0,0,0,0,0,0,0	0,1,0,0,0,1,1,1,0,1,1,0,0,1,0,1,1,1,0,1,0,0,1	-0.001598,0.011547,-0.002241,-0.021620,-0.027438,0.020041,0.005088,0.018740,-0.000978,0.019053,0.003721,-0.020096,-0.001832,0.026220,-0.017840,0.006951,0.008217,0.009344,-0.000284,0.018386,-0.015658,-0.006259,0.006013
Pfru_3AT_BAA93475.1	Pfru_3AT_BAA93475.1	acceptor_superclass::Flavonoids	acceptor_superclass::Coumarins;acceptor_superclass::Fatty acyls;acceptor_superclass::Flavonoids;acceptor_superclass::Lignans;acceptor_superclass::Lysine alkaloids;acceptor_superclass::Monoterpenoids;acceptor_superclass::Naphthalenes;acceptor_superclass::Ornithine alkaloids;acceptor_superclass::Phenanthrenoids;acceptor_superclass::Phenylethanoids (C6-C2);acceptor_superclass::Phenylpropanoids (C6-C3);acceptor_superclass::Pseudoalkaloids;acceptor_superclass::Small peptides;acceptor_superclass::Tryptophan alkaloids;acceptor_superclass::Tyrosine alkaloids	0,0,0,0,0,1,0,0,0,0,0,0,0,0,0,0,0,0,0,0,0,0,0	1,0,0,0,1,1,0,1,1,1,1,1,1,0,1,1,1,0,1,0,0,1,1	0.035011,-0.002635,-0.020310,-0.002492,0.011199,0.038432,-0.029586,0.032514,0.041839,0.016638,0.018087,0.001000,0.016582,-0.026216,0.024911,0.002946,0.027180,-0.035134,0.003576,-0.034486,-0.040607,0.014074,0.011821
Phyb_AAT_AAW31948.1	Phyb_AAT_AAW31948.1	acceptor_superclass::Fatty acyls;acceptor_superclass::Monoterpenoids	acceptor_superclass::Cyclic polyketides;acceptor_superclass::Flavonoids;acceptor_superclass::Isoflavonoids;acceptor_superclass::Lignans;acceptor_superclass::Monoterpenoids;acceptor_superclass::Naphthalenes;acceptor_superclass::Phenolic acids (C6-C1);acceptor_superclass::Phenylpropanoids (C6-C3);acceptor_superclass::Pseudoalkaloids;acceptor_superclass::Saccharides;acceptor_superclass::Steroids;acceptor_superclass::Tyrosine alkaloids	0,0,0,0,1,0,0,0,0,1,0,0,0,0,0,0,0,0,0,0,0,0,0	0,1,0,0,0,1,1,1,0,1,1,0,0,1,0,1,1,1,0,1,0,0,1	-0.001596,0.011548,-0.002241,-0.021619,-0.027434,0.020041,0.005088,0.018740,-0.000979,0.019053,0.003718,-0.020099,-0.001833,0.026220,-0.017842,0.006951,0.008219,0.009345,-0.000288,0.018388,-0.015659,-0.006260,0.006013
Phyb_BPBT_AAU06226.1	Phyb_BPBT_AAU06226.1	acceptor_superclass::Fatty acyls;acceptor_superclass::Monoterpenoids;acceptor_superclass::Phenylethanoids (C6-C2);acceptor_superclass::Phenylpropanoids (C6-C3)	acceptor_superclass::Diterpenoids;acceptor_superclass::Fatty Acids and Conjugates;acceptor_superclass::Lignans;acceptor_superclass::Lysine alkaloids;acceptor_superclass::Ornithine alkaloids;acceptor_superclass::Phenolic acids (C6-C1);acceptor_superclass::Phenylethanoids (C6-C2);acceptor_superclass::Phenylpropanoids (C6-C3);acceptor_superclass::Pseudoalkaloids;acceptor_superclass::Tryptophan alkaloids;acceptor_superclass::Tyrosine alkaloids	0,0,0,0,1,0,0,0,0,1,0,0,0,0,1,1,0,0,0,0,0,0,0	0,0,1,1,0,0,0,1,1,0,0,1,0,1,1,1,1,0,0,0,0,1,1	-0.014331,-0.013549,0.011055,0.004201,-0.013830,-0.009397,-0.012567,0.017289,0.002828,-0.004479,-0.014983,0.004450,-0.026404,0.010797,0.010820,0.009444,0.019164,-0.000513,-0.009680,-0.004868,-0.006248,0.014364,0.001638
Phyb_CFAT_ABG75942.1	Phyb_CFAT_ABG75942.1	acceptor_superclass::Phenylpropanoids (C6-C3)	acceptor_superclass::Coumarins;acceptor_superclass::Diterpenoids;acceptor_superclass::Fatty acyls;acceptor_superclass::Flavonoids;acceptor_superclass::Isoflavonoids;acceptor_superclass::Lignans;acceptor_superclass::Lysine alkaloids;acceptor_superclass::Monoterpenoids;acceptor_superclass::Ornithine alkaloids;acceptor_superclass::Phenanthrenoids;acceptor_superclass::Phenolic acids (C6-C1);acceptor_superclass::Phenylpropanoids (C6-C3);acceptor_superclass::Pseudoalkaloids;acceptor_superclass::Saccharides;acceptor_superclass::Small peptides;acceptor_superclass::Steroids;acceptor_superclass::Triterpenoids	0,0,0,0,0,0,0,0,0,0,0,0,0,0,0,1,0,0,0,0,0,0,0	1,0,1,0,1,1,1,1,1,1,0,1,1,1,0,1,1,1,1,1,1,0,0	0.026834,-0.009815,0.002884,-0.004059,0.004329,0.006375,0.003347,0.025902,0.008222,0.030015,-0.000952,0.017875,0.034087,0.001815,-0.028551,0.003741,0.012326,0.029014,0.011143,0.018244,0.005304,-0.022621,-0.004317
Pnig_PAS_QUS53101.1	Pnig_BAHD1_QUS53101.1	acceptor_superclass::Lysine alkaloids;acceptor_superclass::Pseudoalkaloids	acceptor_superclass::Coumarins;acceptor_superclass::Diterpenoids;acceptor_superclass::Fatty Acids and Conjugates;acceptor_superclass::Fatty acyls;acceptor_superclass::Flavonoids;acceptor_superclass::Lignans;acceptor_superclass::Lysine alkaloids;acceptor_superclass::Monoterpenoids;acceptor_superclass::Naphthalenes;acceptor_superclass::Phenanthrenoids;acceptor_superclass::Phenolic acids (C6-C1);acceptor_superclass::Phenylethanoids (C6-C2);acceptor_superclass::Phenylpropanoids (C6-C3);acceptor_superclass::Pseudoalkaloids;acceptor_superclass::Saccharides;acceptor_superclass::Small peptides;acceptor_superclass::Steroids;acceptor_superclass::Triterpenoids;acceptor_superclass::Tryptophan alkaloids;acceptor_superclass::Tyrosine alkaloids	0,0,0,0,0,0,0,0,1,0,0,0,0,0,0,0,1,0,0,0,0,0,0	1,0,1,1,1,1,0,1,1,1,1,0,1,1,1,1,1,1,1,1,1,1,1	0.017714,-0.016186,0.012906,0.015746,0.002606,0.001265,-0.003098,0.001299,0.010091,0.006331,0.011787,-0.003164,0.011432,0.002647,0.001798,0.002733,0.013009,0.015514,0.006776,0.015548,0.009116,0.002636,0.002657
Pnig_PS_QUS53100.1	Pnig_BAHD2_QUS53100.1	acceptor_superclass::Lysine alkaloids	acceptor_superclass::Coumarins;acceptor_superclass::Diterpenoids;acceptor_superclass::Fatty acyls;acceptor_superclass::Flavonoids;acceptor_superclass::Isoflavonoids;acceptor_superclass::Lignans;acceptor_superclass::Lysine alkaloids;acceptor_superclass::Monoterpenoids;acceptor_superclass::Ornithine alkaloids;acceptor_superclass::Phenanthrenoids;acceptor_superclass::Phenolic acids (C6-C1);acceptor_superclass::Phenylpropanoids (C6-C3);acceptor_superclass::Pseudoalkaloids;acceptor_superclass::Saccharides;acceptor_superclass::Small peptides;acceptor_superclass::Steroids;acceptor_superclass::Triterpenoids	0,0,0,0,0,0,0,0,1,0,0,0,0,0,0,0,0,0,0,0,0,0,0	1,0,1,0,1,1,1,1,1,1,0,1,1,1,0,1,1,1,1,1,1,0,0	0.026834,-0.009815,0.002884,-0.004059,0.004328,0.006375,0.003347,0.025902,0.008222,0.030015,-0.000952,0.017875,0.034087,0.001815,-0.028551,0.003741,0.012326,0.029014,0.011143,0.018244,0.005304,-0.022621,-0.004317
Pnig_HCT1_AEN02914.1	Pnig_HCT1_AEN02914.1	acceptor_superclass::Phenolic acids (C6-C1)	acceptor_superclass::Diterpenoids;acceptor_superclass::Fatty Acids and Conjugates;acceptor_superclass::Lignans;acceptor_superclass::Lysine alkaloids;acceptor_superclass::Ornithine alkaloids;acceptor_superclass::Phenolic acids (C6-C1);acceptor_superclass::Phenylethanoids (C6-C2);acceptor_superclass::Phenylpropanoids (C6-C3);acceptor_superclass::Pseudoalkaloids;acceptor_superclass::Tryptophan alkaloids;acceptor_superclass::Tyrosine alkaloids	0,0,0,0,0,0,0,0,0,0,0,0,0,1,0,0,0,0,0,0,0,0,0	0,0,1,1,0,0,0,1,1,0,0,1,0,1,1,1,1,0,0,0,0,1,1	-0.014330,-0.013549,0.011054,0.004200,-0.013831,-0.009396,-0.012567,0.017289,0.002828,-0.004478,-0.014983,0.004448,-0.026402,0.010799,0.010821,0.009444,0.019163,-0.000514,-0.009680,-0.004868,-0.006249,0.014363,0.001637
Pnig_PAS_QUS53101.1	Pnig_PAS_QUS53101.1	acceptor_superclass::Lysine alkaloids;acceptor_superclass::Pseudoalkaloids	acceptor_superclass::Coumarins;acceptor_superclass::Diterpenoids;acceptor_superclass::Fatty acyls;acceptor_superclass::Flavonoids;acceptor_superclass::Isoflavonoids;acceptor_superclass::Lignans;acceptor_superclass::Lysine alkaloids;acceptor_superclass::Monoterpenoids;acceptor_superclass::Ornithine alkaloids;acceptor_superclass::Phenanthrenoids;acceptor_superclass::Phenolic acids (C6-C1);acceptor_superclass::Phenylpropanoids (C6-C3);acceptor_superclass::Pseudoalkaloids;acceptor_superclass::Saccharides;acceptor_superclass::Small peptides;acceptor_superclass::Steroids;acceptor_superclass::Triterpenoids	0,0,0,0,0,0,0,0,1,0,0,0,0,0,0,0,1,0,0,0,0,0,0	1,0,1,0,1,1,1,1,1,1,0,1,1,1,0,1,1,1,1,1,1,0,0	0.026834,-0.009815,0.002884,-0.004059,0.004329,0.006375,0.003347,0.025902,0.008222,0.030015,-0.000952,0.017875,0.034087,0.001815,-0.028551,0.003741,0.012326,0.029014,0.011143,0.018244,0.005304,-0.022621,-0.004317
Pnig_PHT1_BGB46908.1	Pnig_PHT1_BGB46908.1	acceptor_superclass::Ornithine alkaloids;acceptor_superclass::Pseudoalkaloids	acceptor_superclass::Cyclic polyketides;acceptor_superclass::Flavonoids;acceptor_superclass::Isoflavonoids;acceptor_superclass::Lignans;acceptor_superclass::Monoterpenoids;acceptor_superclass::Naphthalenes;acceptor_superclass::Phenolic acids (C6-C1);acceptor_superclass::Phenylpropanoids (C6-C3);acceptor_superclass::Pseudoalkaloids;acceptor_superclass::Saccharides;acceptor_superclass::Steroids;acceptor_superclass::Tyrosine alkaloids	0,0,0,0,0,0,0,0,0,0,0,1,0,0,0,0,1,0,0,0,0,0,0	0,1,0,0,0,1,1,1,0,1,1,0,0,1,0,1,1,1,0,1,0,0,1	-0.001604,0.011546,-0.002240,-0.021621,-0.027455,0.020044,0.005085,0.018742,-0.000975,0.019054,0.003729,-0.020083,-0.001825,0.026218,-0.017835,0.006949,0.008211,0.009342,-0.000268,0.018378,-0.015654,-0.006252,0.006013
Pnig_PS_QUS53100.1	Pnig_PS_QUS53100.1	acceptor_superclass::Lysine alkaloids	acceptor_superclass::Coumarins;acceptor_superclass::Fatty acyls;acceptor_superclass::Flavonoids;acceptor_superclass::Lignans;acceptor_superclass::Lysine alkaloids;acceptor_superclass::Monoterpenoids;acceptor_superclass::Naphthalenes;acceptor_superclass::Ornithine alkaloids;acceptor_superclass::Phenanthrenoids;acceptor_superclass::Phenylethanoids (C6-C2);acceptor_superclass::Phenylpropanoids (C6-C3);acceptor_superclass::Pseudoalkaloids;acceptor_superclass::Small peptides;acceptor_superclass::Tryptophan alkaloids;acceptor_superclass::Tyrosine alkaloids	0,0,0,0,0,0,0,0,1,0,0,0,0,0,0,0,0,0,0,0,0,0,0	1,0,0,0,1,1,0,1,1,1,1,1,1,0,1,1,1,0,1,0,0,1,1	0.035011,-0.002635,-0.020310,-0.002492,0.011199,0.038432,-0.029586,0.032514,0.041839,0.016638,0.018087,0.001000,0.016582,-0.026216,0.024911,0.002946,0.027180,-0.035133,0.003576,-0.034486,-0.040607,0.014074,0.011821
Post_DPBT_Pos.gene30573	Post_DPBT_Pos.gene30573	acceptor_superclass::Monoterpenoids	acceptor_superclass::Coumarins;acceptor_superclass::Diterpenoids;acceptor_superclass::Fatty Acids and Conjugates;acceptor_superclass::Fatty acyls;acceptor_superclass::Flavonoids;acceptor_superclass::Lignans;acceptor_superclass::Lysine alkaloids;acceptor_superclass::Monoterpenoids;acceptor_superclass::Naphthalenes;acceptor_superclass::Phenanthrenoids;acceptor_superclass::Phenolic acids (C6-C1);acceptor_superclass::Phenylethanoids (C6-C2);acceptor_superclass::Phenylpropanoids (C6-C3);acceptor_superclass::Pseudoalkaloids;acceptor_superclass::Saccharides;acceptor_superclass::Small peptides;acceptor_superclass::Steroids;acceptor_superclass::Triterpenoids;acceptor_superclass::Tryptophan alkaloids;acceptor_superclass::Tyrosine alkaloids	0,0,0,0,0,0,0,0,0,1,0,0,0,0,0,0,0,0,0,0,0,0,0	1,0,1,1,1,1,0,1,1,1,1,0,1,1,1,1,1,1,1,1,1,1,1	0.017714,-0.016186,0.012905,0.015746,0.002606,0.001266,-0.003098,0.001299,0.010090,0.006330,0.011787,-0.003164,0.011432,0.002647,0.001798,0.002734,0.013009,0.015513,0.006776,0.015548,0.009116,0.002637,0.002657
Ppat_HCT1_AMK38063.1	Ppat_HCT1_AMK38063.1	acceptor_superclass::Phenolic acids (C6-C1);acceptor_superclass::Saccharides;acceptor_superclass::Small peptides	acceptor_superclass::Coumarins;acceptor_superclass::Fatty acyls;acceptor_superclass::Flavonoids;acceptor_superclass::Lignans;acceptor_superclass::Lysine alkaloids;acceptor_superclass::Monoterpenoids;acceptor_superclass::Naphthalenes;acceptor_superclass::Ornithine alkaloids;acceptor_superclass::Phenanthrenoids;acceptor_superclass::Phenylethanoids (C6-C2);acceptor_superclass::Phenylpropanoids (C6-C3);acceptor_superclass::Pseudoalkaloids;acceptor_superclass::Small peptides;acceptor_superclass::Tryptophan alkaloids;acceptor_superclass::Tyrosine alkaloids	0,0,0,0,0,0,0,0,0,0,0,0,0,1,0,0,0,1,1,0,0,0,0	1,0,0,0,1,1,0,1,1,1,1,1,1,0,1,1,1,0,1,0,0,1,1	0.035011,-0.002635,-0.020310,-0.002492,0.011199,0.038432,-0.029586,0.032514,0.041839,0.016638,0.018087,0.001000,0.016582,-0.026216,0.024911,0.002946,0.027180,-0.035133,0.003576,-0.034486,-0.040607,0.014074,0.011821
Ppat_HCT1_AMK38063.1	Ppat_HCT_AMK38063.1	acceptor_superclass::Fatty Acids and Conjugates;acceptor_superclass::Phenolic acids (C6-C1);acceptor_superclass::Phenylpropanoids (C6-C3);acceptor_superclass::Saccharides	acceptor_superclass::Coumarins;acceptor_superclass::Diterpenoids;acceptor_superclass::Fatty Acids and Conjugates;acceptor_superclass::Fatty acyls;acceptor_superclass::Flavonoids;acceptor_superclass::Lignans;acceptor_superclass::Lysine alkaloids;acceptor_superclass::Monoterpenoids;acceptor_superclass::Naphthalenes;acceptor_superclass::Phenanthrenoids;acceptor_superclass::Phenolic acids (C6-C1);acceptor_superclass::Phenylethanoids (C6-C2);acceptor_superclass::Phenylpropanoids (C6-C3);acceptor_superclass::Pseudoalkaloids;acceptor_superclass::Saccharides;acceptor_superclass::Small peptides;acceptor_superclass::Steroids;acceptor_superclass::Triterpenoids;acceptor_superclass::Tryptophan alkaloids;acceptor_superclass::Tyrosine alkaloids	0,0,0,1,0,0,0,0,0,0,0,0,0,1,0,1,0,1,0,0,0,0,0	1,0,1,1,1,1,0,1,1,1,1,0,1,1,1,1,1,1,1,1,1,1,1	0.017714,-0.016186,0.012905,0.015746,0.002604,0.001264,-0.003098,0.001298,0.010091,0.006331,0.011785,-0.003165,0.011432,0.002647,0.001799,0.002731,0.013009,0.015514,0.006776,0.015548,0.009116,0.002634,0.002657
Pper_AAT1_QEZ90730.1	Pper_AAT1_QEZ90730.1	acceptor_superclass::Fatty acyls	acceptor_superclass::Coumarins;acceptor_superclass::Fatty acyls;acceptor_superclass::Flavonoids;acceptor_superclass::Lignans;acceptor_superclass::Lysine alkaloids;acceptor_superclass::Monoterpenoids;acceptor_superclass::Naphthalenes;acceptor_superclass::Ornithine alkaloids;acceptor_superclass::Phenanthrenoids;acceptor_superclass::Phenylethanoids (C6-C2);acceptor_superclass::Phenylpropanoids (C6-C3);acceptor_superclass::Pseudoalkaloids;acceptor_superclass::Small peptides;acceptor_superclass::Tryptophan alkaloids;acceptor_superclass::Tyrosine alkaloids	0,0,0,0,1,0,0,0,0,0,0,0,0,0,0,0,0,0,0,0,0,0,0	1,0,0,0,1,1,0,1,1,1,1,1,1,0,1,1,1,0,1,0,0,1,1	0.035011,-0.002635,-0.020310,-0.002492,0.011199,0.038432,-0.029586,0.032514,0.041839,0.016638,0.018087,0.001000,0.016582,-0.026216,0.024911,0.002946,0.027180,-0.035133,0.003576,-0.034486,-0.040607,0.014074,0.011821
Prad_HCT_ABO52899.1	Prad_HCT_ABO52899.1	acceptor_superclass::Phenolic acids (C6-C1);acceptor_superclass::Small peptides	acceptor_superclass::Coumarins;acceptor_superclass::Diterpenoids;acceptor_superclass::Fatty acyls;acceptor_superclass::Flavonoids;acceptor_superclass::Isoflavonoids;acceptor_superclass::Lignans;acceptor_superclass::Lysine alkaloids;acceptor_superclass::Monoterpenoids;acceptor_superclass::Ornithine alkaloids;acceptor_superclass::Phenanthrenoids;acceptor_superclass::Phenolic acids (C6-C1);acceptor_superclass::Phenylpropanoids (C6-C3);acceptor_superclass::Pseudoalkaloids;acceptor_superclass::Saccharides;acceptor_superclass::Small peptides;acceptor_superclass::Steroids;acceptor_superclass::Triterpenoids	0,0,0,0,0,0,0,0,0,0,0,0,0,1,0,0,0,0,1,0,0,0,0	1,0,1,0,1,1,1,1,1,1,0,1,1,1,0,1,1,1,1,1,1,0,0	0.026834,-0.009815,0.002884,-0.004058,0.004328,0.006375,0.003347,0.025902,0.008222,0.030015,-0.000953,0.017875,0.034087,0.001815,-0.028551,0.003741,0.012325,0.029014,0.011143,0.018244,0.005304,-0.022620,-0.004317
Pscu_HCT2_CBI83579.1	Pscu_HCT2_CBI83579.1	acceptor_superclass::Flavonoids;acceptor_superclass::Phenolic acids (C6-C1);acceptor_superclass::Tyrosine alkaloids	acceptor_superclass::Coumarins;acceptor_superclass::Fatty acyls;acceptor_superclass::Flavonoids;acceptor_superclass::Lignans;acceptor_superclass::Lysine alkaloids;acceptor_superclass::Monoterpenoids;acceptor_superclass::Naphthalenes;acceptor_superclass::Ornithine alkaloids;acceptor_superclass::Phenanthrenoids;acceptor_superclass::Phenylethanoids (C6-C2);acceptor_superclass::Phenylpropanoids (C6-C3);acceptor_superclass::Pseudoalkaloids;acceptor_superclass::Small peptides;acceptor_superclass::Tryptophan alkaloids;acceptor_superclass::Tyrosine alkaloids	0,0,0,0,0,1,0,0,0,0,0,0,0,1,0,0,0,0,0,0,0,0,1	1,0,0,0,1,1,0,1,1,1,1,1,1,0,1,1,1,0,1,0,0,1,1	0.035011,-0.002635,-0.020310,-0.002492,0.011199,0.038432,-0.029586,0.032514,0.041839,0.016638,0.018087,0.001000,0.016582,-0.026216,0.024911,0.002946,0.027180,-0.035134,0.003576,-0.034486,-0.040607,0.014074,0.011821
Pscu_RAS_CAK55166.1	Pscu_RAS_CAK55166.1		acceptor_superclass::Diterpenoids;acceptor_superclass::Fatty Acids and Conjugates;acceptor_superclass::Lignans;acceptor_superclass::Lysine alkaloids;acceptor_superclass::Ornithine alkaloids;acceptor_superclass::Phenolic acids (C6-C1);acceptor_superclass::Phenylethanoids (C6-C2);acceptor_superclass::Phenylpropanoids (C6-C3);acceptor_superclass::Pseudoalkaloids;acceptor_superclass::Tryptophan alkaloids;acceptor_superclass::Tyrosine alkaloids	0,0,0,0,0,0,0,0,0,0,0,0,0,0,0,0,0,0,0,0,0,0,0	0,0,1,1,0,0,0,1,1,0,0,1,0,1,1,1,1,0,0,0,0,1,1	-0.014331,-0.013549,0.011055,0.004200,-0.013831,-0.009396,-0.012567,0.017289,0.002828,-0.004479,-0.014983,0.004449,-0.026403,0.010798,0.010820,0.009444,0.019164,-0.000514,-0.009680,-0.004868,-0.006248,0.014363,0.001637
Psom_SALAT_AAK73661.1	Psom_SALAT_AAK73661.1	acceptor_superclass::Tyrosine alkaloids	acceptor_superclass::Coumarins;acceptor_superclass::Fatty acyls;acceptor_superclass::Flavonoids;acceptor_superclass::Lignans;acceptor_superclass::Lysine alkaloids;acceptor_superclass::Monoterpenoids;acceptor_superclass::Naphthalenes;acceptor_superclass::Ornithine alkaloids;acceptor_superclass::Phenanthrenoids;acceptor_superclass::Phenylethanoids (C6-C2);acceptor_superclass::Phenylpropanoids (C6-C3);acceptor_superclass::Pseudoalkaloids;acceptor_superclass::Small peptides;acceptor_superclass::Tryptophan alkaloids;acceptor_superclass::Tyrosine alkaloids	0,0,0,0,0,0,0,0,0,0,0,0,0,0,0,0,0,0,0,0,0,0,1	1,0,0,0,1,1,0,1,1,1,1,1,1,0,1,1,1,0,1,0,0,1,1	0.035011,-0.002635,-0.020310,-0.002492,0.011199,0.038432,-0.029586,0.032514,0.041839,0.016638,0.018087,0.001000,0.016582,-0.026216,0.024911,0.002946,0.027180,-0.035133,0.003576,-0.034486,-0.040607,0.014074,0.011821
Ptri_BEBT_AJD25145.1	Ptri_BEBT_AJD25145.1		acceptor_superclass::Coumarins;acceptor_superclass::Diterpenoids;acceptor_superclass::Fatty Acids and Conjugates;acceptor_superclass::Fatty acyls;acceptor_superclass::Flavonoids;acceptor_superclass::Lignans;acceptor_superclass::Lysine alkaloids;acceptor_superclass::Monoterpenoids;acceptor_superclass::Naphthalenes;acceptor_superclass::Phenanthrenoids;acceptor_superclass::Phenolic acids (C6-C1);acceptor_superclass::Phenylethanoids (C6-C2);acceptor_superclass::Phenylpropanoids (C6-C3);acceptor_superclass::Pseudoalkaloids;acceptor_superclass::Saccharides;acceptor_superclass::Small peptides;acceptor_superclass::Steroids;acceptor_superclass::Triterpenoids;acceptor_superclass::Tryptophan alkaloids;acceptor_superclass::Tyrosine alkaloids	0,0,0,0,0,0,0,0,0,0,0,0,0,0,0,0,0,0,0,0,0,0,0	1,0,1,1,1,1,0,1,1,1,1,0,1,1,1,1,1,1,1,1,1,1,1	0.017714,-0.016186,0.012906,0.015746,0.002606,0.001265,-0.003098,0.001299,0.010091,0.006330,0.011787,-0.003164,0.011432,0.002647,0.001798,0.002733,0.013009,0.015513,0.006776,0.015548,0.009116,0.002637,0.002657
Ptri_FHT1_AGJ03151.1	Ptri_FHT1_AGJ03151.1	acceptor_superclass::Fatty Acids and Conjugates;acceptor_superclass::Fatty acyls	acceptor_superclass::Cyclic polyketides;acceptor_superclass::Flavonoids;acceptor_superclass::Isoflavonoids;acceptor_superclass::Lignans;acceptor_superclass::Monoterpenoids;acceptor_superclass::Naphthalenes;acceptor_superclass::Phenolic acids (C6-C1);acceptor_superclass::Phenylpropanoids (C6-C3);acceptor_superclass::Pseudoalkaloids;acceptor_superclass::Saccharides;acceptor_superclass::Steroids;acceptor_superclass::Tyrosine alkaloids	0,0,0,1,1,0,0,0,0,0,0,0,0,0,0,0,0,0,0,0,0,0,0	0,1,0,0,0,1,1,1,0,1,1,0,0,1,0,1,1,1,0,1,0,0,1	-0.001599,0.011547,-0.002241,-0.021620,-0.027440,0.020042,0.005087,0.018741,-0.000978,0.019053,0.003722,-0.020094,-0.001831,0.026219,-0.017840,0.006950,0.008216,0.009344,-0.000282,0.018385,-0.015657,-0.006258,0.006013
Ptri_HBMT1_PNT60021.1	Ptri_HBMT1_PNT60021.1	acceptor_superclass::Phenylpropanoids (C6-C3)	acceptor_superclass::Diterpenoids;acceptor_superclass::Fatty Acids and Conjugates;acceptor_superclass::Lignans;acceptor_superclass::Lysine alkaloids;acceptor_superclass::Ornithine alkaloids;acceptor_superclass::Phenolic acids (C6-C1);acceptor_superclass::Phenylethanoids (C6-C2);acceptor_superclass::Phenylpropanoids (C6-C3);acceptor_superclass::Pseudoalkaloids;acceptor_superclass::Tryptophan alkaloids;acceptor_superclass::Tyrosine alkaloids	0,0,0,0,0,0,0,0,0,0,0,0,0,0,0,1,0,0,0,0,0,0,0	0,0,1,1,0,0,0,1,1,0,0,1,0,1,1,1,1,0,0,0,0,1,1	-0.014331,-0.013549,0.011055,0.004201,-0.013830,-0.009397,-0.012567,0.017289,0.002828,-0.004479,-0.014983,0.004449,-0.026404,0.010797,0.010820,0.009444,0.019164,-0.000513,-0.009680,-0.004868,-0.006248,0.014364,0.001638
Ptri_HCT6_PNT52620.1	Ptri_HCT6_PNT52620.1	acceptor_superclass::Phenolic acids (C6-C1);acceptor_superclass::Small peptides	acceptor_superclass::Coumarins;acceptor_superclass::Diterpenoids;acceptor_superclass::Fatty Acids and Conjugates;acceptor_superclass::Fatty acyls;acceptor_superclass::Flavonoids;acceptor_superclass::Lignans;acceptor_superclass::Lysine alkaloids;acceptor_superclass::Monoterpenoids;acceptor_superclass::Naphthalenes;acceptor_superclass::Phenanthrenoids;acceptor_superclass::Phenolic acids (C6-C1);acceptor_superclass::Phenylethanoids (C6-C2);acceptor_superclass::Phenylpropanoids (C6-C3);acceptor_superclass::Pseudoalkaloids;acceptor_superclass::Saccharides;acceptor_superclass::Small peptides;acceptor_superclass::Steroids;acceptor_superclass::Triterpenoids;acceptor_superclass::Tryptophan alkaloids;acceptor_superclass::Tyrosine alkaloids	0,0,0,0,0,0,0,0,0,0,0,0,0,1,0,0,0,0,1,0,0,0,0	1,0,1,1,1,1,0,1,1,1,1,0,1,1,1,1,1,1,1,1,1,1,1	0.017713,-0.016186,0.012904,0.015746,0.002607,0.001268,-0.003099,0.001298,0.010090,0.006327,0.011788,-0.003162,0.011432,0.002647,0.001799,0.002735,0.013010,0.015512,0.006778,0.015547,0.009117,0.002637,0.002658
Ptri_HBMT1_PNT60021.1	Ptri_PHBMT1_AJD79571.1	acceptor_superclass::Phenylpropanoids (C6-C3)	acceptor_superclass::Diterpenoids;acceptor_superclass::Fatty Acids and Conjugates;acceptor_superclass::Lignans;acceptor_superclass::Lysine alkaloids;acceptor_superclass::Ornithine alkaloids;acceptor_superclass::Phenolic acids (C6-C1);acceptor_superclass::Phenylethanoids (C6-C2);acceptor_superclass::Phenylpropanoids (C6-C3);acceptor_superclass::Pseudoalkaloids;acceptor_superclass::Tryptophan alkaloids;acceptor_superclass::Tyrosine alkaloids	0,0,0,0,0,0,0,0,0,0,0,0,0,0,0,1,0,0,0,0,0,0,0	0,0,1,1,0,0,0,1,1,0,0,1,0,1,1,1,1,0,0,0,0,1,1	-0.014331,-0.013549,0.011055,0.004201,-0.013830,-0.009397,-0.012567,0.017289,0.002828,-0.004479,-0.014983,0.004449,-0.026404,0.010797,0.010820,0.009444,0.019164,-0.000513,-0.009680,-0.004868,-0.006248,0.014364,0.001638
Ptri_SABT_AJD25144.1	Ptri_SABT_AJD25144.1	acceptor_superclass::Phenylpropanoids (C6-C3)	acceptor_superclass::Coumarins;acceptor_superclass::Diterpenoids;acceptor_superclass::Fatty Acids and Conjugates;acceptor_superclass::Fatty acyls;acceptor_superclass::Flavonoids;acceptor_superclass::Lignans;acceptor_superclass::Lysine alkaloids;acceptor_superclass::Monoterpenoids;acceptor_superclass::Naphthalenes;acceptor_superclass::Phenanthrenoids;acceptor_superclass::Phenolic acids (C6-C1);acceptor_superclass::Phenylethanoids (C6-C2);acceptor_superclass::Phenylpropanoids (C6-C3);acceptor_superclass::Pseudoalkaloids;acceptor_superclass::Saccharides;acceptor_superclass::Small peptides;acceptor_superclass::Steroids;acceptor_superclass::Triterpenoids;acceptor_superclass::Tryptophan alkaloids;acceptor_superclass::Tyrosine alkaloids	0,0,0,0,0,0,0,0,0,0,0,0,0,0,0,1,0,0,0,0,0,0,0	1,0,1,1,1,1,0,1,1,1,1,0,1,1,1,1,1,1,1,1,1,1,1	0.017714,-0.016186,0.012906,0.015746,0.002606,0.001265,-0.003098,0.001299,0.010091,0.006330,0.011787,-0.003164,0.011432,0.002647,0.001798,0.002733,0.013009,0.015513,0.006776,0.015548,0.009116,0.002636,0.002657
Pvir_FMT_KAG2630178.1	Pvir_FMT_KAG2630178.1	acceptor_superclass::Phenylpropanoids (C6-C3)	acceptor_superclass::Coumarins;acceptor_superclass::Diterpenoids;acceptor_superclass::Fatty Acids and Conjugates;acceptor_superclass::Fatty acyls;acceptor_superclass::Flavonoids;acceptor_superclass::Lignans;acceptor_superclass::Lysine alkaloids;acceptor_superclass::Monoterpenoids;acceptor_superclass::Naphthalenes;acceptor_superclass::Phenanthrenoids;acceptor_superclass::Phenolic acids (C6-C1);acceptor_superclass::Phenylethanoids (C6-C2);acceptor_superclass::Phenylpropanoids (C6-C3);acceptor_superclass::Pseudoalkaloids;acceptor_superclass::Saccharides;acceptor_superclass::Small peptides;acceptor_superclass::Steroids;acceptor_superclass::Triterpenoids;acceptor_superclass::Tryptophan alkaloids;acceptor_superclass::Tyrosine alkaloids	0,0,0,0,0,0,0,0,0,0,0,0,0,0,0,1,0,0,0,0,0,0,0	1,0,1,1,1,1,0,1,1,1,1,0,1,1,1,1,1,1,1,1,1,1,1	0.017713,-0.016186,0.012905,0.015746,0.002606,0.001266,-0.003098,0.001298,0.010090,0.006329,0.011787,-0.003164,0.011432,0.002647,0.001799,0.002733,0.013010,0.015513,0.006777,0.015548,0.009117,0.002636,0.002657
Pvir_HCT1a_BAO20883.1	Pvir_HCT1a_BAO20883.1	acceptor_superclass::Phenolic acids (C6-C1)	acceptor_superclass::Coumarins;acceptor_superclass::Diterpenoids;acceptor_superclass::Fatty acyls;acceptor_superclass::Flavonoids;acceptor_superclass::Isoflavonoids;acceptor_superclass::Lignans;acceptor_superclass::Lysine alkaloids;acceptor_superclass::Monoterpenoids;acceptor_superclass::Ornithine alkaloids;acceptor_superclass::Phenanthrenoids;acceptor_superclass::Phenolic acids (C6-C1);acceptor_superclass::Phenylpropanoids (C6-C3);acceptor_superclass::Pseudoalkaloids;acceptor_superclass::Saccharides;acceptor_superclass::Small peptides;acceptor_superclass::Steroids;acceptor_superclass::Triterpenoids	0,0,0,0,0,0,0,0,0,0,0,0,0,1,0,0,0,0,0,0,0,0,0	1,0,1,0,1,1,1,1,1,1,0,1,1,1,0,1,1,1,1,1,1,0,0	0.026834,-0.009815,0.002884,-0.004058,0.004328,0.006375,0.003347,0.025902,0.008222,0.030014,-0.000953,0.017876,0.034087,0.001814,-0.028551,0.003741,0.012325,0.029015,0.011142,0.018244,0.005304,-0.022620,-0.004317
Pvir_HCT2a_AGM90558.1	Pvir_HCT2a_AGM90558.1	acceptor_superclass::Phenolic acids (C6-C1);acceptor_superclass::Phenylpropanoids (C6-C3);acceptor_superclass::Small peptides	acceptor_superclass::Coumarins;acceptor_superclass::Fatty acyls;acceptor_superclass::Flavonoids;acceptor_superclass::Lignans;acceptor_superclass::Lysine alkaloids;acceptor_superclass::Monoterpenoids;acceptor_superclass::Naphthalenes;acceptor_superclass::Ornithine alkaloids;acceptor_superclass::Phenanthrenoids;acceptor_superclass::Phenylethanoids (C6-C2);acceptor_superclass::Phenylpropanoids (C6-C3);acceptor_superclass::Pseudoalkaloids;acceptor_superclass::Small peptides;acceptor_superclass::Tryptophan alkaloids;acceptor_superclass::Tyrosine alkaloids	0,0,0,0,0,0,0,0,0,0,0,0,0,1,0,1,0,0,1,0,0,0,0	1,0,0,0,1,1,0,1,1,1,1,1,1,0,1,1,1,0,1,0,0,1,1	0.035011,-0.002635,-0.020310,-0.002492,0.011199,0.038432,-0.029586,0.032514,0.041839,0.016638,0.018087,0.001000,0.016581,-0.026216,0.024911,0.002946,0.027179,-0.035134,0.003576,-0.034486,-0.040607,0.014074,0.011821
Pvir_PMT_KAG2616253.1	Pvir_PMT_KAG2616253.1	acceptor_superclass::Phenylpropanoids (C6-C3)	acceptor_superclass::Coumarins;acceptor_superclass::Diterpenoids;acceptor_superclass::Fatty acyls;acceptor_superclass::Flavonoids;acceptor_superclass::Isoflavonoids;acceptor_superclass::Lignans;acceptor_superclass::Lysine alkaloids;acceptor_superclass::Monoterpenoids;acceptor_superclass::Ornithine alkaloids;acceptor_superclass::Phenanthrenoids;acceptor_superclass::Phenolic acids (C6-C1);acceptor_superclass::Phenylpropanoids (C6-C3);acceptor_superclass::Pseudoalkaloids;acceptor_superclass::Saccharides;acceptor_superclass::Small peptides;acceptor_superclass::Steroids;acceptor_superclass::Triterpenoids	0,0,0,0,0,0,0,0,0,0,0,0,0,0,0,1,0,0,0,0,0,0,0	1,0,1,0,1,1,1,1,1,1,0,1,1,1,0,1,1,1,1,1,1,0,0	0.026834,-0.009815,0.002884,-0.004059,0.004328,0.006375,0.003347,0.025902,0.008222,0.030015,-0.000953,0.017875,0.034087,0.001815,-0.028551,0.003741,0.012325,0.029014,0.011142,0.018244,0.005304,-0.022621,-0.004317
Pvul_HHHT_AOX15526.1	Pvul_HHHT_AOX15526.1	acceptor_superclass::Fatty Acids and Conjugates	acceptor_superclass::Coumarins;acceptor_superclass::Fatty acyls;acceptor_superclass::Flavonoids;acceptor_superclass::Lignans;acceptor_superclass::Lysine alkaloids;acceptor_superclass::Monoterpenoids;acceptor_superclass::Naphthalenes;acceptor_superclass::Ornithine alkaloids;acceptor_superclass::Phenanthrenoids;acceptor_superclass::Phenylethanoids (C6-C2);acceptor_superclass::Phenylpropanoids (C6-C3);acceptor_superclass::Pseudoalkaloids;acceptor_superclass::Small peptides;acceptor_superclass::Tryptophan alkaloids;acceptor_superclass::Tyrosine alkaloids	0,0,0,1,0,0,0,0,0,0,0,0,0,0,0,0,0,0,0,0,0,0,0	1,0,0,0,1,1,0,1,1,1,1,1,1,0,1,1,1,0,1,0,0,1,1	0.035011,-0.002635,-0.020310,-0.002492,0.011199,0.038432,-0.029586,0.032514,0.041839,0.016638,0.018087,0.001000,0.016581,-0.026216,0.024911,0.002946,0.027180,-0.035134,0.003576,-0.034486,-0.040607,0.014074,0.011821
Rcan_SHT_QNO39111.1	Rcan_SHT_QNO39111.1	acceptor_superclass::Ornithine alkaloids	acceptor_superclass::Coumarins;acceptor_superclass::Fatty acyls;acceptor_superclass::Flavonoids;acceptor_superclass::Lignans;acceptor_superclass::Lysine alkaloids;acceptor_superclass::Monoterpenoids;acceptor_superclass::Naphthalenes;acceptor_superclass::Ornithine alkaloids;acceptor_superclass::Phenanthrenoids;acceptor_superclass::Phenylethanoids (C6-C2);acceptor_superclass::Phenylpropanoids (C6-C3);acceptor_superclass::Pseudoalkaloids;acceptor_superclass::Small peptides;acceptor_superclass::Tryptophan alkaloids;acceptor_superclass::Tyrosine alkaloids	0,0,0,0,0,0,0,0,0,0,0,1,0,0,0,0,0,0,0,0,0,0,0	1,0,0,0,1,1,0,1,1,1,1,1,1,0,1,1,1,0,1,0,0,1,1	0.035011,-0.002635,-0.020310,-0.002492,0.011199,0.038432,-0.029586,0.032514,0.041839,0.016638,0.018087,0.001000,0.016582,-0.026216,0.024911,0.002946,0.027180,-0.035133,0.003576,-0.034486,-0.040607,0.014074,0.011821
Rcom_SHT_QNO39108.1	Rcom_SHT_QNO39108.1	acceptor_superclass::Ornithine alkaloids	acceptor_superclass::Coumarins;acceptor_superclass::Diterpenoids;acceptor_superclass::Fatty Acids and Conjugates;acceptor_superclass::Fatty acyls;acceptor_superclass::Flavonoids;acceptor_superclass::Lignans;acceptor_superclass::Lysine alkaloids;acceptor_superclass::Monoterpenoids;acceptor_superclass::Naphthalenes;acceptor_superclass::Phenanthrenoids;acceptor_superclass::Phenolic acids (C6-C1);acceptor_superclass::Phenylethanoids (C6-C2);acceptor_superclass::Phenylpropanoids (C6-C3);acceptor_superclass::Pseudoalkaloids;acceptor_superclass::Saccharides;acceptor_superclass::Small peptides;acceptor_superclass::Steroids;acceptor_superclass::Triterpenoids;acceptor_superclass::Tryptophan alkaloids;acceptor_superclass::Tyrosine alkaloids	0,0,0,0,0,0,0,0,0,0,0,1,0,0,0,0,0,0,0,0,0,0,0	1,0,1,1,1,1,0,1,1,1,1,0,1,1,1,1,1,1,1,1,1,1,1	0.017714,-0.016186,0.012905,0.015746,0.002606,0.001268,-0.003098,0.001298,0.010090,0.006329,0.011787,-0.003164,0.011432,0.002647,0.001799,0.002734,0.013009,0.015512,0.006777,0.015548,0.009117,0.002636,0.002658
Rglu_AT1_WEX29776.1	Rglu_AT1_WEX29776.1	acceptor_superclass::Phenylethanoids (C6-C2)	acceptor_superclass::Diterpenoids;acceptor_superclass::Fatty Acids and Conjugates;acceptor_superclass::Lignans;acceptor_superclass::Lysine alkaloids;acceptor_superclass::Ornithine alkaloids;acceptor_superclass::Phenolic acids (C6-C1);acceptor_superclass::Phenylethanoids (C6-C2);acceptor_superclass::Phenylpropanoids (C6-C3);acceptor_superclass::Pseudoalkaloids;acceptor_superclass::Tryptophan alkaloids;acceptor_superclass::Tyrosine alkaloids	0,0,0,0,0,0,0,0,0,0,0,0,0,0,1,0,0,0,0,0,0,0,0	0,0,1,1,0,0,0,1,1,0,0,1,0,1,1,1,1,0,0,0,0,1,1	-0.014330,-0.013549,0.011054,0.004200,-0.013831,-0.009396,-0.012567,0.017289,0.002828,-0.004478,-0.014983,0.004448,-0.026402,0.010799,0.010821,0.009444,0.019163,-0.000514,-0.009680,-0.004868,-0.006249,0.014363,0.001637
Rhyb_AAT1_AAW31948.1	Rhyb_AAT1_AAW31948.1	acceptor_superclass::Fatty acyls;acceptor_superclass::Monoterpenoids;acceptor_superclass::Phenylethanoids (C6-C2)	acceptor_superclass::Cyclic polyketides;acceptor_superclass::Flavonoids;acceptor_superclass::Isoflavonoids;acceptor_superclass::Lignans;acceptor_superclass::Monoterpenoids;acceptor_superclass::Naphthalenes;acceptor_superclass::Phenolic acids (C6-C1);acceptor_superclass::Phenylpropanoids (C6-C3);acceptor_superclass::Pseudoalkaloids;acceptor_superclass::Saccharides;acceptor_superclass::Steroids;acceptor_superclass::Tyrosine alkaloids	0,0,0,0,1,0,0,0,0,1,0,0,0,0,1,0,0,0,0,0,0,0,0	0,1,0,0,0,1,1,1,0,1,1,0,0,1,0,1,1,1,0,1,0,0,1	-0.001596,0.011548,-0.002241,-0.021619,-0.027434,0.020041,0.005088,0.018740,-0.000979,0.019053,0.003718,-0.020099,-0.001833,0.026220,-0.017842,0.006951,0.008219,0.009345,-0.000288,0.018388,-0.015659,-0.006260,0.006013
Rser_VS_CAD89104.2	Rser_ACT_CAD89104.2	acceptor_superclass::Tryptophan alkaloids	acceptor_superclass::Coumarins;acceptor_superclass::Diterpenoids;acceptor_superclass::Fatty acyls;acceptor_superclass::Flavonoids;acceptor_superclass::Isoflavonoids;acceptor_superclass::Lignans;acceptor_superclass::Lysine alkaloids;acceptor_superclass::Monoterpenoids;acceptor_superclass::Ornithine alkaloids;acceptor_superclass::Phenanthrenoids;acceptor_superclass::Phenolic acids (C6-C1);acceptor_superclass::Phenylpropanoids (C6-C3);acceptor_superclass::Pseudoalkaloids;acceptor_superclass::Saccharides;acceptor_superclass::Small peptides;acceptor_superclass::Steroids;acceptor_superclass::Triterpenoids	0,0,0,0,0,0,0,0,0,0,0,0,0,0,0,0,0,0,0,0,0,1,0	1,0,1,0,1,1,1,1,1,1,0,1,1,1,0,1,1,1,1,1,1,0,0	0.026834,-0.009815,0.002884,-0.004059,0.004328,0.006375,0.003347,0.025902,0.008222,0.030015,-0.000953,0.017875,0.034087,0.001815,-0.028551,0.003741,0.012325,0.029014,0.011142,0.018244,0.005304,-0.022620,-0.004317
Rser_VS_CAD89104.2	Rser_VS_CAD89104.2	acceptor_superclass::Tryptophan alkaloids	acceptor_superclass::Cyclic polyketides;acceptor_superclass::Flavonoids;acceptor_superclass::Isoflavonoids;acceptor_superclass::Lignans;acceptor_superclass::Monoterpenoids;acceptor_superclass::Naphthalenes;acceptor_superclass::Phenolic acids (C6-C1);acceptor_superclass::Phenylpropanoids (C6-C3);acceptor_superclass::Pseudoalkaloids;acceptor_superclass::Saccharides;acceptor_superclass::Steroids;acceptor_superclass::Tyrosine alkaloids	0,0,0,0,0,0,0,0,0,0,0,0,0,0,0,0,0,0,0,0,0,1,0	0,1,0,0,0,1,1,1,0,1,1,0,0,1,0,1,1,1,0,1,0,0,1	-0.001603,0.011546,-0.002240,-0.021621,-0.027453,0.020044,0.005085,0.018742,-0.000976,0.019054,0.003728,-0.020085,-0.001826,0.026218,-0.017835,0.006949,0.008212,0.009343,-0.000270,0.018379,-0.015655,-0.006253,0.006013
Rser_YAT_PQ801655	Rser_YAT_PQ801655	acceptor_superclass::Tryptophan alkaloids	acceptor_superclass::Cyclic polyketides;acceptor_superclass::Flavonoids;acceptor_superclass::Isoflavonoids;acceptor_superclass::Lignans;acceptor_superclass::Monoterpenoids;acceptor_superclass::Naphthalenes;acceptor_superclass::Phenolic acids (C6-C1);acceptor_superclass::Phenylpropanoids (C6-C3);acceptor_superclass::Pseudoalkaloids;acceptor_superclass::Saccharides;acceptor_superclass::Steroids;acceptor_superclass::Tyrosine alkaloids	0,0,0,0,0,0,0,0,0,0,0,0,0,0,0,0,0,0,0,0,0,1,0	0,1,0,0,0,1,1,1,0,1,1,0,0,1,0,1,1,1,0,1,0,0,1	-0.001601,0.011547,-0.002240,-0.021620,-0.027446,0.020043,0.005087,0.018741,-0.000977,0.019054,0.003725,-0.020090,-0.001828,0.026219,-0.017838,0.006950,0.008214,0.009343,-0.000277,0.018382,-0.015656,-0.006256,0.006013
Sbic_COSY_OQU75851.1	Sbic_COSY_OQU75851.1		acceptor_superclass::Coumarins;acceptor_superclass::Diterpenoids;acceptor_superclass::Fatty acyls;acceptor_superclass::Flavonoids;acceptor_superclass::Isoflavonoids;acceptor_superclass::Lignans;acceptor_superclass::Lysine alkaloids;acceptor_superclass::Monoterpenoids;acceptor_superclass::Ornithine alkaloids;acceptor_superclass::Phenanthrenoids;acceptor_superclass::Phenolic acids (C6-C1);acceptor_superclass::Phenylpropanoids (C6-C3);acceptor_superclass::Pseudoalkaloids;acceptor_superclass::Saccharides;acceptor_superclass::Small peptides;acceptor_superclass::Steroids;acceptor_superclass::Triterpenoids	0,0,0,0,0,0,0,0,0,0,0,0,0,0,0,0,0,0,0,0,0,0,0	1,0,1,0,1,1,1,1,1,1,0,1,1,1,0,1,1,1,1,1,1,0,0	0.026834,-0.009815,0.002884,-0.004059,0.004328,0.006375,0.003347,0.025902,0.008222,0.030015,-0.000952,0.017875,0.034087,0.001815,-0.028551,0.003741,0.012326,0.029014,0.011143,0.018244,0.005304,-0.022621,-0.004317
Sbic_FMT_EES15804.1	Sbic_FMT_EES15804.1	acceptor_superclass::Phenylpropanoids (C6-C3)	acceptor_superclass::Coumarins;acceptor_superclass::Diterpenoids;acceptor_superclass::Fatty acyls;acceptor_superclass::Flavonoids;acceptor_superclass::Isoflavonoids;acceptor_superclass::Lignans;acceptor_superclass::Lysine alkaloids;acceptor_superclass::Monoterpenoids;acceptor_superclass::Ornithine alkaloids;acceptor_superclass::Phenanthrenoids;acceptor_superclass::Phenolic acids (C6-C1);acceptor_superclass::Phenylpropanoids (C6-C3);acceptor_superclass::Pseudoalkaloids;acceptor_superclass::Saccharides;acceptor_superclass::Small peptides;acceptor_superclass::Steroids;acceptor_superclass::Triterpenoids	0,0,0,0,0,0,0,0,0,0,0,0,0,0,0,1,0,0,0,0,0,0,0	1,0,1,0,1,1,1,1,1,1,0,1,1,1,0,1,1,1,1,1,1,0,0	0.026834,-0.009815,0.002884,-0.004059,0.004328,0.006375,0.003347,0.025902,0.008222,0.030015,-0.000953,0.017875,0.034087,0.001815,-0.028551,0.003741,0.012325,0.029014,0.011142,0.018244,0.005304,-0.022621,-0.004317
Sbic_HCT_EES05411.1	Sbic_HCT_EES05411.1	acceptor_superclass::Phenolic acids (C6-C1)	acceptor_superclass::Coumarins;acceptor_superclass::Fatty acyls;acceptor_superclass::Flavonoids;acceptor_superclass::Lignans;acceptor_superclass::Lysine alkaloids;acceptor_superclass::Monoterpenoids;acceptor_superclass::Naphthalenes;acceptor_superclass::Ornithine alkaloids;acceptor_superclass::Phenanthrenoids;acceptor_superclass::Phenylethanoids (C6-C2);acceptor_superclass::Phenylpropanoids (C6-C3);acceptor_superclass::Pseudoalkaloids;acceptor_superclass::Small peptides;acceptor_superclass::Tryptophan alkaloids;acceptor_superclass::Tyrosine alkaloids	0,0,0,0,0,0,0,0,0,0,0,0,0,1,0,0,0,0,0,0,0,0,0	1,0,0,0,1,1,0,1,1,1,1,1,1,0,1,1,1,0,1,0,0,1,1	0.035011,-0.002635,-0.020310,-0.002492,0.011199,0.038432,-0.029586,0.032514,0.041839,0.016638,0.018087,0.001000,0.016581,-0.026216,0.024911,0.002946,0.027179,-0.035134,0.003576,-0.034486,-0.040607,0.014074,0.011821
Sbic_PMT_EES17668.1	Sbic_PMT_EES17668.1	acceptor_superclass::Phenylpropanoids (C6-C3)	acceptor_superclass::Coumarins;acceptor_superclass::Fatty acyls;acceptor_superclass::Flavonoids;acceptor_superclass::Lignans;acceptor_superclass::Lysine alkaloids;acceptor_superclass::Monoterpenoids;acceptor_superclass::Naphthalenes;acceptor_superclass::Ornithine alkaloids;acceptor_superclass::Phenanthrenoids;acceptor_superclass::Phenylethanoids (C6-C2);acceptor_superclass::Phenylpropanoids (C6-C3);acceptor_superclass::Pseudoalkaloids;acceptor_superclass::Small peptides;acceptor_superclass::Tryptophan alkaloids;acceptor_superclass::Tyrosine alkaloids	0,0,0,0,0,0,0,0,0,0,0,0,0,0,0,1,0,0,0,0,0,0,0	1,0,0,0,1,1,0,1,1,1,1,1,1,0,1,1,1,0,1,0,0,1,1	0.035011,-0.002635,-0.020310,-0.002492,0.011199,0.038432,-0.029586,0.032514,0.041839,0.016638,0.018087,0.001000,0.016582,-0.026216,0.024911,0.002946,0.027180,-0.035133,0.003576,-0.034486,-0.040607,0.014074,0.011821
Sche_AAT10422_BCJ78482.1	Sche_AAT10422_BCJ78482.1	acceptor_superclass::Fatty acyls	acceptor_superclass::Coumarins;acceptor_superclass::Fatty acyls;acceptor_superclass::Flavonoids;acceptor_superclass::Lignans;acceptor_superclass::Lysine alkaloids;acceptor_superclass::Monoterpenoids;acceptor_superclass::Naphthalenes;acceptor_superclass::Ornithine alkaloids;acceptor_superclass::Phenanthrenoids;acceptor_superclass::Phenylethanoids (C6-C2);acceptor_superclass::Phenylpropanoids (C6-C3);acceptor_superclass::Pseudoalkaloids;acceptor_superclass::Small peptides;acceptor_superclass::Tryptophan alkaloids;acceptor_superclass::Tyrosine alkaloids	0,0,0,0,1,0,0,0,0,0,0,0,0,0,0,0,0,0,0,0,0,0,0	1,0,0,0,1,1,0,1,1,1,1,1,1,0,1,1,1,0,1,0,0,1,1	0.035011,-0.002635,-0.020310,-0.002492,0.011199,0.038432,-0.029586,0.032514,0.041839,0.016638,0.018087,0.001000,0.016582,-0.026216,0.024911,0.002946,0.027180,-0.035133,0.003576,-0.034486,-0.040607,0.014074,0.011821
Schi_CFAT_URQ03862.1	Schi_CFAT_URQ03862.1	acceptor_superclass::Lignans;acceptor_superclass::Phenylpropanoids (C6-C3)	acceptor_superclass::Coumarins;acceptor_superclass::Diterpenoids;acceptor_superclass::Fatty acyls;acceptor_superclass::Flavonoids;acceptor_superclass::Isoflavonoids;acceptor_superclass::Lignans;acceptor_superclass::Lysine alkaloids;acceptor_superclass::Monoterpenoids;acceptor_superclass::Ornithine alkaloids;acceptor_superclass::Phenanthrenoids;acceptor_superclass::Phenolic acids (C6-C1);acceptor_superclass::Phenylpropanoids (C6-C3);acceptor_superclass::Pseudoalkaloids;acceptor_superclass::Saccharides;acceptor_superclass::Small peptides;acceptor_superclass::Steroids;acceptor_superclass::Triterpenoids	0,0,0,0,0,0,0,1,0,0,0,0,0,0,0,1,0,0,0,0,0,0,0	1,0,1,0,1,1,1,1,1,1,0,1,1,1,0,1,1,1,1,1,1,0,0	0.026834,-0.009815,0.002884,-0.004059,0.004328,0.006375,0.003347,0.025902,0.008222,0.030015,-0.000952,0.017875,0.034087,0.001815,-0.028551,0.003741,0.012326,0.029014,0.011143,0.018244,0.005304,-0.022621,-0.004317
Schm_AAT11306_BCJ78485.1	Schm_AAT11306_BCJ78485.1	acceptor_superclass::Fatty acyls	acceptor_superclass::Cyclic polyketides;acceptor_superclass::Flavonoids;acceptor_superclass::Isoflavonoids;acceptor_superclass::Lignans;acceptor_superclass::Monoterpenoids;acceptor_superclass::Naphthalenes;acceptor_superclass::Phenolic acids (C6-C1);acceptor_superclass::Phenylpropanoids (C6-C3);acceptor_superclass::Pseudoalkaloids;acceptor_superclass::Saccharides;acceptor_superclass::Steroids;acceptor_superclass::Tyrosine alkaloids	0,0,0,0,1,0,0,0,0,0,0,0,0,0,0,0,0,0,0,0,0,0,0	0,1,0,0,0,1,1,1,0,1,1,0,0,1,0,1,1,1,0,1,0,0,1	-0.001600,0.011547,-0.002240,-0.021620,-0.027445,0.020043,0.005087,0.018741,-0.000977,0.019053,0.003724,-0.020090,-0.001829,0.026219,-0.017838,0.006950,0.008215,0.009343,-0.000277,0.018382,-0.015656,-0.006256,0.006013
Scru_3MAT_AAO38058	Scru_3MAT_AAO38058		acceptor_superclass::Cyclic polyketides;acceptor_superclass::Flavonoids;acceptor_superclass::Isoflavonoids;acceptor_superclass::Lignans;acceptor_superclass::Monoterpenoids;acceptor_superclass::Naphthalenes;acceptor_superclass::Phenolic acids (C6-C1);acceptor_superclass::Phenylpropanoids (C6-C3);acceptor_superclass::Pseudoalkaloids;acceptor_superclass::Saccharides;acceptor_superclass::Steroids;acceptor_superclass::Tyrosine alkaloids	0,0,0,0,0,0,0,0,0,0,0,0,0,0,0,0,0,0,0,0,0,0,0	0,1,0,0,0,1,1,1,0,1,1,0,0,1,0,1,1,1,0,1,0,0,1	-0.001598,0.011547,-0.002241,-0.021620,-0.027438,0.020041,0.005088,0.018740,-0.000978,0.019053,0.003721,-0.020096,-0.001832,0.026220,-0.017840,0.006951,0.008217,0.009344,-0.000284,0.018386,-0.015658,-0.006259,0.006013
Sfal_HFT-like_KAH8954438.1	Sfal_HFT-like_KAH8954438.1	acceptor_superclass::Fatty Acids and Conjugates;acceptor_superclass::Fatty acyls	acceptor_superclass::Coumarins;acceptor_superclass::Diterpenoids;acceptor_superclass::Fatty Acids and Conjugates;acceptor_superclass::Fatty acyls;acceptor_superclass::Flavonoids;acceptor_superclass::Lignans;acceptor_superclass::Lysine alkaloids;acceptor_superclass::Monoterpenoids;acceptor_superclass::Naphthalenes;acceptor_superclass::Phenanthrenoids;acceptor_superclass::Phenolic acids (C6-C1);acceptor_superclass::Phenylethanoids (C6-C2);acceptor_superclass::Phenylpropanoids (C6-C3);acceptor_superclass::Pseudoalkaloids;acceptor_superclass::Saccharides;acceptor_superclass::Small peptides;acceptor_superclass::Steroids;acceptor_superclass::Triterpenoids;acceptor_superclass::Tryptophan alkaloids;acceptor_superclass::Tyrosine alkaloids	0,0,0,1,1,0,0,0,0,0,0,0,0,0,0,0,0,0,0,0,0,0,0	1,0,1,1,1,1,0,1,1,1,1,0,1,1,1,1,1,1,1,1,1,1,1	0.017714,-0.016186,0.012905,0.015746,0.002606,0.001266,-0.003098,0.001299,0.010090,0.006330,0.011787,-0.003164,0.011432,0.002647,0.001798,0.002733,0.013009,0.015513,0.006776,0.015548,0.009116,0.002636,0.002657
Sgal_AAT10483_BCJ78483.1	Sgal_AAT10483_BCJ78483.1	acceptor_superclass::Fatty acyls	acceptor_superclass::Coumarins;acceptor_superclass::Diterpenoids;acceptor_superclass::Fatty Acids and Conjugates;acceptor_superclass::Fatty acyls;acceptor_superclass::Flavonoids;acceptor_superclass::Lignans;acceptor_superclass::Lysine alkaloids;acceptor_superclass::Monoterpenoids;acceptor_superclass::Naphthalenes;acceptor_superclass::Phenanthrenoids;acceptor_superclass::Phenolic acids (C6-C1);acceptor_superclass::Phenylethanoids (C6-C2);acceptor_superclass::Phenylpropanoids (C6-C3);acceptor_superclass::Pseudoalkaloids;acceptor_superclass::Saccharides;acceptor_superclass::Small peptides;acceptor_superclass::Steroids;acceptor_superclass::Triterpenoids;acceptor_superclass::Tryptophan alkaloids;acceptor_superclass::Tyrosine alkaloids	0,0,0,0,1,0,0,0,0,0,0,0,0,0,0,0,0,0,0,0,0,0,0	1,0,1,1,1,1,0,1,1,1,1,0,1,1,1,1,1,1,1,1,1,1,1	0.017714,-0.016186,0.012905,0.015746,0.002605,0.001264,-0.003098,0.001299,0.010091,0.006331,0.011786,-0.003165,0.011432,0.002647,0.001798,0.002732,0.013009,0.015514,0.006776,0.015548,0.009116,0.002635,0.002657
Sgla_HQT1_WYJ75404.1	Sgla_HQT1_WYJ75404.1	acceptor_superclass::Phenolic acids (C6-C1);acceptor_superclass::Small peptides	acceptor_superclass::Coumarins;acceptor_superclass::Diterpenoids;acceptor_superclass::Fatty Acids and Conjugates;acceptor_superclass::Fatty acyls;acceptor_superclass::Flavonoids;acceptor_superclass::Lignans;acceptor_superclass::Lysine alkaloids;acceptor_superclass::Monoterpenoids;acceptor_superclass::Naphthalenes;acceptor_superclass::Phenanthrenoids;acceptor_superclass::Phenolic acids (C6-C1);acceptor_superclass::Phenylethanoids (C6-C2);acceptor_superclass::Phenylpropanoids (C6-C3);acceptor_superclass::Pseudoalkaloids;acceptor_superclass::Saccharides;acceptor_superclass::Small peptides;acceptor_superclass::Steroids;acceptor_superclass::Triterpenoids;acceptor_superclass::Tryptophan alkaloids;acceptor_superclass::Tyrosine alkaloids	0,0,0,0,0,0,0,0,0,0,0,0,0,1,0,0,0,0,1,0,0,0,0	1,0,1,1,1,1,0,1,1,1,1,0,1,1,1,1,1,1,1,1,1,1,1	0.017713,-0.016186,0.012904,0.015746,0.002607,0.001269,-0.003099,0.001298,0.010090,0.006328,0.011788,-0.003162,0.011432,0.002647,0.001799,0.002736,0.013010,0.015512,0.006779,0.015547,0.009117,0.002637,0.002658
Sgla_HQT2_WYJ75406.1	Sgla_HQT2_WYJ75406.1	acceptor_superclass::Phenolic acids (C6-C1)	acceptor_superclass::Coumarins;acceptor_superclass::Diterpenoids;acceptor_superclass::Fatty Acids and Conjugates;acceptor_superclass::Fatty acyls;acceptor_superclass::Flavonoids;acceptor_superclass::Lignans;acceptor_superclass::Lysine alkaloids;acceptor_superclass::Monoterpenoids;acceptor_superclass::Naphthalenes;acceptor_superclass::Phenanthrenoids;acceptor_superclass::Phenolic acids (C6-C1);acceptor_superclass::Phenylethanoids (C6-C2);acceptor_superclass::Phenylpropanoids (C6-C3);acceptor_superclass::Pseudoalkaloids;acceptor_superclass::Saccharides;acceptor_superclass::Small peptides;acceptor_superclass::Steroids;acceptor_superclass::Triterpenoids;acceptor_superclass::Tryptophan alkaloids;acceptor_superclass::Tyrosine alkaloids	0,0,0,0,0,0,0,0,0,0,0,0,0,1,0,0,0,0,0,0,0,0,0	1,0,1,1,1,1,0,1,1,1,1,0,1,1,1,1,1,1,1,1,1,1,1	0.017714,-0.016186,0.012905,0.015746,0.002605,0.001264,-0.003098,0.001299,0.010091,0.006331,0.011785,-0.003165,0.011432,0.002647,0.001798,0.002731,0.013009,0.015514,0.006776,0.015548,0.009116,0.002635,0.002657
Sgla_HST_WYJ75403.1	Sgla_HST_WYJ75403.1	acceptor_superclass::Phenolic acids (C6-C1);acceptor_superclass::Small peptides	acceptor_superclass::Coumarins;acceptor_superclass::Diterpenoids;acceptor_superclass::Fatty acyls;acceptor_superclass::Flavonoids;acceptor_superclass::Isoflavonoids;acceptor_superclass::Lignans;acceptor_superclass::Lysine alkaloids;acceptor_superclass::Monoterpenoids;acceptor_superclass::Ornithine alkaloids;acceptor_superclass::Phenanthrenoids;acceptor_superclass::Phenolic acids (C6-C1);acceptor_superclass::Phenylpropanoids (C6-C3);acceptor_superclass::Pseudoalkaloids;acceptor_superclass::Saccharides;acceptor_superclass::Small peptides;acceptor_superclass::Steroids;acceptor_superclass::Triterpenoids	0,0,0,0,0,0,0,0,0,0,0,0,0,1,0,0,0,0,1,0,0,0,0	1,0,1,0,1,1,1,1,1,1,0,1,1,1,0,1,1,1,1,1,1,0,0	0.026834,-0.009815,0.002884,-0.004058,0.004328,0.006375,0.003347,0.025902,0.008222,0.030014,-0.000953,0.017876,0.034087,0.001814,-0.028551,0.003741,0.012325,0.029014,0.011142,0.018244,0.005303,-0.022620,-0.004317
Sgla_RAS_WYJ75405.1	Sgla_RAS_WYJ75405.1	acceptor_superclass::Phenolic acids (C6-C1);acceptor_superclass::Small peptides;acceptor_superclass::Tyrosine alkaloids	acceptor_superclass::Diterpenoids;acceptor_superclass::Fatty Acids and Conjugates;acceptor_superclass::Lignans;acceptor_superclass::Lysine alkaloids;acceptor_superclass::Ornithine alkaloids;acceptor_superclass::Phenolic acids (C6-C1);acceptor_superclass::Phenylethanoids (C6-C2);acceptor_superclass::Phenylpropanoids (C6-C3);acceptor_superclass::Pseudoalkaloids;acceptor_superclass::Tryptophan alkaloids;acceptor_superclass::Tyrosine alkaloids	0,0,0,0,0,0,0,0,0,0,0,0,0,1,0,0,0,0,1,0,0,0,1	0,0,1,1,0,0,0,1,1,0,0,1,0,1,1,1,1,0,0,0,0,1,1	-0.014330,-0.013549,0.011054,0.004200,-0.013831,-0.009396,-0.012567,0.017289,0.002828,-0.004478,-0.014983,0.004448,-0.026402,0.010799,0.010821,0.009444,0.019163,-0.000514,-0.009680,-0.004868,-0.006249,0.014362,0.001637
Shab_AAT11777_BCJ78486.1	Shab_AAT11777_BCJ78486.1	acceptor_superclass::Fatty acyls	acceptor_superclass::Coumarins;acceptor_superclass::Fatty acyls;acceptor_superclass::Flavonoids;acceptor_superclass::Lignans;acceptor_superclass::Lysine alkaloids;acceptor_superclass::Monoterpenoids;acceptor_superclass::Naphthalenes;acceptor_superclass::Ornithine alkaloids;acceptor_superclass::Phenanthrenoids;acceptor_superclass::Phenylethanoids (C6-C2);acceptor_superclass::Phenylpropanoids (C6-C3);acceptor_superclass::Pseudoalkaloids;acceptor_superclass::Small peptides;acceptor_superclass::Tryptophan alkaloids;acceptor_superclass::Tyrosine alkaloids	0,0,0,0,1,0,0,0,0,0,0,0,0,0,0,0,0,0,0,0,0,0,0	1,0,0,0,1,1,0,1,1,1,1,1,1,0,1,1,1,0,1,0,0,1,1	0.035011,-0.002635,-0.020310,-0.002492,0.011199,0.038432,-0.029586,0.032514,0.041839,0.016638,0.018087,0.001000,0.016582,-0.026216,0.024911,0.002946,0.027180,-0.035133,0.003576,-0.034486,-0.040607,0.014074,0.011821
Shab_ASAT2_ALU64009.1	Shab_ASAT2_ALU64009.1		acceptor_superclass::Coumarins;acceptor_superclass::Diterpenoids;acceptor_superclass::Fatty Acids and Conjugates;acceptor_superclass::Fatty acyls;acceptor_superclass::Flavonoids;acceptor_superclass::Lignans;acceptor_superclass::Lysine alkaloids;acceptor_superclass::Monoterpenoids;acceptor_superclass::Naphthalenes;acceptor_superclass::Phenanthrenoids;acceptor_superclass::Phenolic acids (C6-C1);acceptor_superclass::Phenylethanoids (C6-C2);acceptor_superclass::Phenylpropanoids (C6-C3);acceptor_superclass::Pseudoalkaloids;acceptor_superclass::Saccharides;acceptor_superclass::Small peptides;acceptor_superclass::Steroids;acceptor_superclass::Triterpenoids;acceptor_superclass::Tryptophan alkaloids;acceptor_superclass::Tyrosine alkaloids	0,0,0,0,0,0,0,0,0,0,0,0,0,0,0,0,0,0,0,0,0,0,0	1,0,1,1,1,1,0,1,1,1,1,0,1,1,1,1,1,1,1,1,1,1,1	0.017714,-0.016186,0.012905,0.015746,0.002605,0.001264,-0.003098,0.001299,0.010091,0.006331,0.011786,-0.003165,0.011432,0.002647,0.001798,0.002732,0.013009,0.015514,0.006776,0.015548,0.009116,0.002635,0.002657
Shab_ASAT3-F_AJF98584.1	Shab_ASAT3-F_AJF98584.1		acceptor_superclass::Diterpenoids;acceptor_superclass::Fatty Acids and Conjugates;acceptor_superclass::Lignans;acceptor_superclass::Lysine alkaloids;acceptor_superclass::Ornithine alkaloids;acceptor_superclass::Phenolic acids (C6-C1);acceptor_superclass::Phenylethanoids (C6-C2);acceptor_superclass::Phenylpropanoids (C6-C3);acceptor_superclass::Pseudoalkaloids;acceptor_superclass::Tryptophan alkaloids;acceptor_superclass::Tyrosine alkaloids	0,0,0,0,0,0,0,0,0,0,0,0,0,0,0,0,0,0,0,0,0,0,0	0,0,1,1,0,0,0,1,1,0,0,1,0,1,1,1,1,0,0,0,0,1,1	-0.014331,-0.013549,0.011055,0.004201,-0.013830,-0.009397,-0.012567,0.017289,0.002828,-0.004479,-0.014983,0.004450,-0.026404,0.010797,0.010820,0.009444,0.019164,-0.000513,-0.009680,-0.004868,-0.006248,0.014364,0.001638
Shab_ASAT3-P_AJF98591.1	Shab_ASAT3-P_AJF98591.1		acceptor_superclass::Coumarins;acceptor_superclass::Fatty acyls;acceptor_superclass::Flavonoids;acceptor_superclass::Lignans;acceptor_superclass::Lysine alkaloids;acceptor_superclass::Monoterpenoids;acceptor_superclass::Naphthalenes;acceptor_superclass::Ornithine alkaloids;acceptor_superclass::Phenanthrenoids;acceptor_superclass::Phenylethanoids (C6-C2);acceptor_superclass::Phenylpropanoids (C6-C3);acceptor_superclass::Pseudoalkaloids;acceptor_superclass::Small peptides;acceptor_superclass::Tryptophan alkaloids;acceptor_superclass::Tyrosine alkaloids	0,0,0,0,0,0,0,0,0,0,0,0,0,0,0,0,0,0,0,0,0,0,0	1,0,0,0,1,1,0,1,1,1,1,1,1,0,1,1,1,0,1,0,0,1,1	0.035011,-0.002635,-0.020310,-0.002492,0.011199,0.038432,-0.029586,0.032514,0.041839,0.016638,0.018087,0.001000,0.016582,-0.026216,0.024911,0.002946,0.027180,-0.035133,0.003576,-0.034486,-0.040607,0.014074,0.011821
Sind_AT1_BEE35702.1	Sind_AT1_BEE35702.1	acceptor_superclass::Phenylethanoids (C6-C2)	acceptor_superclass::Coumarins;acceptor_superclass::Fatty acyls;acceptor_superclass::Flavonoids;acceptor_superclass::Lignans;acceptor_superclass::Lysine alkaloids;acceptor_superclass::Monoterpenoids;acceptor_superclass::Naphthalenes;acceptor_superclass::Ornithine alkaloids;acceptor_superclass::Phenanthrenoids;acceptor_superclass::Phenylethanoids (C6-C2);acceptor_superclass::Phenylpropanoids (C6-C3);acceptor_superclass::Pseudoalkaloids;acceptor_superclass::Small peptides;acceptor_superclass::Tryptophan alkaloids;acceptor_superclass::Tyrosine alkaloids	0,0,0,0,0,0,0,0,0,0,0,0,0,0,1,0,0,0,0,0,0,0,0	1,0,0,0,1,1,0,1,1,1,1,1,1,0,1,1,1,0,1,0,0,1,1	0.035011,-0.002635,-0.020310,-0.002492,0.011199,0.038432,-0.029586,0.032514,0.041839,0.016638,0.018087,0.001000,0.016581,-0.026216,0.024911,0.002946,0.027180,-0.035134,0.003576,-0.034486,-0.040607,0.014074,0.011821
Sind_AT2_BEE35703.1	Sind_AT2_BEE35703.1	acceptor_superclass::Phenylethanoids (C6-C2)	acceptor_superclass::Coumarins;acceptor_superclass::Fatty acyls;acceptor_superclass::Flavonoids;acceptor_superclass::Lignans;acceptor_superclass::Lysine alkaloids;acceptor_superclass::Monoterpenoids;acceptor_superclass::Naphthalenes;acceptor_superclass::Ornithine alkaloids;acceptor_superclass::Phenanthrenoids;acceptor_superclass::Phenylethanoids (C6-C2);acceptor_superclass::Phenylpropanoids (C6-C3);acceptor_superclass::Pseudoalkaloids;acceptor_superclass::Small peptides;acceptor_superclass::Tryptophan alkaloids;acceptor_superclass::Tyrosine alkaloids	0,0,0,0,0,0,0,0,0,0,0,0,0,0,1,0,0,0,0,0,0,0,0	1,0,0,0,1,1,0,1,1,1,1,1,1,0,1,1,1,0,1,0,0,1,1	0.035011,-0.002635,-0.020310,-0.002492,0.011199,0.038432,-0.029586,0.032514,0.041839,0.016638,0.018087,0.001000,0.016582,-0.026216,0.024911,0.002946,0.027180,-0.035134,0.003576,-0.034486,-0.040607,0.014074,0.011821
Sind_AT1_BEE35702.1	Sind_SHCT_XP_011083883.1	acceptor_superclass::Phenylethanoids (C6-C2)	acceptor_superclass::Coumarins;acceptor_superclass::Fatty acyls;acceptor_superclass::Flavonoids;acceptor_superclass::Lignans;acceptor_superclass::Lysine alkaloids;acceptor_superclass::Monoterpenoids;acceptor_superclass::Naphthalenes;acceptor_superclass::Ornithine alkaloids;acceptor_superclass::Phenanthrenoids;acceptor_superclass::Phenylethanoids (C6-C2);acceptor_superclass::Phenylpropanoids (C6-C3);acceptor_superclass::Pseudoalkaloids;acceptor_superclass::Small peptides;acceptor_superclass::Tryptophan alkaloids;acceptor_superclass::Tyrosine alkaloids	0,0,0,0,0,0,0,0,0,0,0,0,0,0,1,0,0,0,0,0,0,0,0	1,0,0,0,1,1,0,1,1,1,1,1,1,0,1,1,1,0,1,0,0,1,1	0.035011,-0.002635,-0.020310,-0.002492,0.011199,0.038432,-0.029586,0.032514,0.041839,0.016638,0.018087,0.001000,0.016581,-0.026216,0.024911,0.002946,0.027180,-0.035134,0.003576,-0.034486,-0.040607,0.014074,0.011821
Slyc_AAT1_XP_004244681.1	Slyc_AAT1_XP_004244681.1	acceptor_superclass::Fatty acyls;acceptor_superclass::Phenylethanoids (C6-C2)	acceptor_superclass::Coumarins;acceptor_superclass::Diterpenoids;acceptor_superclass::Fatty Acids and Conjugates;acceptor_superclass::Fatty acyls;acceptor_superclass::Flavonoids;acceptor_superclass::Lignans;acceptor_superclass::Lysine alkaloids;acceptor_superclass::Monoterpenoids;acceptor_superclass::Naphthalenes;acceptor_superclass::Phenanthrenoids;acceptor_superclass::Phenolic acids (C6-C1);acceptor_superclass::Phenylethanoids (C6-C2);acceptor_superclass::Phenylpropanoids (C6-C3);acceptor_superclass::Pseudoalkaloids;acceptor_superclass::Saccharides;acceptor_superclass::Small peptides;acceptor_superclass::Steroids;acceptor_superclass::Triterpenoids;acceptor_superclass::Tryptophan alkaloids;acceptor_superclass::Tyrosine alkaloids	0,0,0,0,1,0,0,0,0,0,0,0,0,0,1,0,0,0,0,0,0,0,0	1,0,1,1,1,1,0,1,1,1,1,0,1,1,1,1,1,1,1,1,1,1,1	0.017714,-0.016186,0.012906,0.015746,0.002604,0.001263,-0.003097,0.001299,0.010091,0.006332,0.011785,-0.003166,0.011432,0.002647,0.001798,0.002730,0.013009,0.015514,0.006775,0.015549,0.009116,0.002634,0.002657
Slyc_PHT1_UTQ10234.1	Slyc_ACT2_XP_004251197.1	acceptor_superclass::Ornithine alkaloids;acceptor_superclass::Pseudoalkaloids	acceptor_superclass::Coumarins;acceptor_superclass::Diterpenoids;acceptor_superclass::Fatty Acids and Conjugates;acceptor_superclass::Fatty acyls;acceptor_superclass::Flavonoids;acceptor_superclass::Lignans;acceptor_superclass::Lysine alkaloids;acceptor_superclass::Monoterpenoids;acceptor_superclass::Naphthalenes;acceptor_superclass::Phenanthrenoids;acceptor_superclass::Phenolic acids (C6-C1);acceptor_superclass::Phenylethanoids (C6-C2);acceptor_superclass::Phenylpropanoids (C6-C3);acceptor_superclass::Pseudoalkaloids;acceptor_superclass::Saccharides;acceptor_superclass::Small peptides;acceptor_superclass::Steroids;acceptor_superclass::Triterpenoids;acceptor_superclass::Tryptophan alkaloids;acceptor_superclass::Tyrosine alkaloids	0,0,0,0,0,0,0,0,0,0,0,1,0,0,0,0,1,0,0,0,0,0,0	1,0,1,1,1,1,0,1,1,1,1,0,1,1,1,1,1,1,1,1,1,1,1	0.017712,-0.016186,0.012904,0.015745,0.002608,0.001270,-0.003099,0.001298,0.010089,0.006326,0.011790,-0.003160,0.011432,0.002647,0.001799,0.002738,0.013010,0.015512,0.006779,0.015547,0.009117,0.002638,0.002658
Slyc_ASAT1_NP_001316332.1	Slyc_ASAT1_NP_001316332.1	acceptor_superclass::Saccharides	acceptor_superclass::Cyclic polyketides;acceptor_superclass::Flavonoids;acceptor_superclass::Isoflavonoids;acceptor_superclass::Lignans;acceptor_superclass::Monoterpenoids;acceptor_superclass::Naphthalenes;acceptor_superclass::Phenolic acids (C6-C1);acceptor_superclass::Phenylpropanoids (C6-C3);acceptor_superclass::Pseudoalkaloids;acceptor_superclass::Saccharides;acceptor_superclass::Steroids;acceptor_superclass::Tyrosine alkaloids	0,0,0,0,0,0,0,0,0,0,0,0,0,0,0,0,0,1,0,0,0,0,0	0,1,0,0,0,1,1,1,0,1,1,0,0,1,0,1,1,1,0,1,0,0,1	-0.001601,0.011546,-0.002240,-0.021621,-0.027447,0.020043,0.005086,0.018741,-0.000976,0.019054,0.003725,-0.020089,-0.001828,0.026219,-0.017837,0.006950,0.008214,0.009343,-0.000275,0.018381,-0.015656,-0.006255,0.006013
Slyc_ASAT2_ALU64015.1	Slyc_ASAT2_ALU64015.1		acceptor_superclass::Coumarins;acceptor_superclass::Diterpenoids;acceptor_superclass::Fatty acyls;acceptor_superclass::Flavonoids;acceptor_superclass::Isoflavonoids;acceptor_superclass::Lignans;acceptor_superclass::Lysine alkaloids;acceptor_superclass::Monoterpenoids;acceptor_superclass::Ornithine alkaloids;acceptor_superclass::Phenanthrenoids;acceptor_superclass::Phenolic acids (C6-C1);acceptor_superclass::Phenylpropanoids (C6-C3);acceptor_superclass::Pseudoalkaloids;acceptor_superclass::Saccharides;acceptor_superclass::Small peptides;acceptor_superclass::Steroids;acceptor_superclass::Triterpenoids	0,0,0,0,0,0,0,0,0,0,0,0,0,0,0,0,0,0,0,0,0,0,0	1,0,1,0,1,1,1,1,1,1,0,1,1,1,0,1,1,1,1,1,1,0,0	0.026834,-0.009815,0.002884,-0.004059,0.004328,0.006375,0.003347,0.025902,0.008222,0.030015,-0.000952,0.017875,0.034087,0.001815,-0.028551,0.003741,0.012325,0.029014,0.011143,0.018244,0.005304,-0.022620,-0.004317
Slyc_ASAT3_AJF98582.1	Slyc_ASAT3_AJF98582.1		acceptor_superclass::Coumarins;acceptor_superclass::Diterpenoids;acceptor_superclass::Fatty Acids and Conjugates;acceptor_superclass::Fatty acyls;acceptor_superclass::Flavonoids;acceptor_superclass::Lignans;acceptor_superclass::Lysine alkaloids;acceptor_superclass::Monoterpenoids;acceptor_superclass::Naphthalenes;acceptor_superclass::Phenanthrenoids;acceptor_superclass::Phenolic acids (C6-C1);acceptor_superclass::Phenylethanoids (C6-C2);acceptor_superclass::Phenylpropanoids (C6-C3);acceptor_superclass::Pseudoalkaloids;acceptor_superclass::Saccharides;acceptor_superclass::Small peptides;acceptor_superclass::Steroids;acceptor_superclass::Triterpenoids;acceptor_superclass::Tryptophan alkaloids;acceptor_superclass::Tyrosine alkaloids	0,0,0,0,0,0,0,0,0,0,0,0,0,0,0,0,0,0,0,0,0,0,0	1,0,1,1,1,1,0,1,1,1,1,0,1,1,1,1,1,1,1,1,1,1,1	0.017716,-0.016186,0.012908,0.015746,0.002597,0.001246,-0.003095,0.001299,0.010093,0.006341,0.011774,-0.003178,0.011432,0.002647,0.001796,0.002714,0.013009,0.015519,0.006767,0.015552,0.009115,0.002625,0.002653
Slyc_ASAT4_AFM77971.1	Slyc_ASAT4_AFM77971.1		acceptor_superclass::Coumarins;acceptor_superclass::Fatty acyls;acceptor_superclass::Flavonoids;acceptor_superclass::Lignans;acceptor_superclass::Lysine alkaloids;acceptor_superclass::Monoterpenoids;acceptor_superclass::Naphthalenes;acceptor_superclass::Ornithine alkaloids;acceptor_superclass::Phenanthrenoids;acceptor_superclass::Phenylethanoids (C6-C2);acceptor_superclass::Phenylpropanoids (C6-C3);acceptor_superclass::Pseudoalkaloids;acceptor_superclass::Small peptides;acceptor_superclass::Tryptophan alkaloids;acceptor_superclass::Tyrosine alkaloids	0,0,0,0,0,0,0,0,0,0,0,0,0,0,0,0,0,0,0,0,0,0,0	1,0,0,0,1,1,0,1,1,1,1,1,1,0,1,1,1,0,1,0,0,1,1	0.035011,-0.002635,-0.020310,-0.002492,0.011199,0.038432,-0.029586,0.032514,0.041839,0.016638,0.018087,0.001000,0.016582,-0.026216,0.024911,0.002946,0.027180,-0.035133,0.003576,-0.034486,-0.040607,0.014074,0.011821
Slyc_GAME36_XP_004246214.1	Slyc_GAME36_XP_004246214.1	acceptor_superclass::Pseudoalkaloids	acceptor_superclass::Cyclic polyketides;acceptor_superclass::Flavonoids;acceptor_superclass::Isoflavonoids;acceptor_superclass::Lignans;acceptor_superclass::Monoterpenoids;acceptor_superclass::Naphthalenes;acceptor_superclass::Phenolic acids (C6-C1);acceptor_superclass::Phenylpropanoids (C6-C3);acceptor_superclass::Pseudoalkaloids;acceptor_superclass::Saccharides;acceptor_superclass::Steroids;acceptor_superclass::Tyrosine alkaloids	0,0,0,0,0,0,0,0,0,0,0,0,0,0,0,0,1,0,0,0,0,0,0	0,1,0,0,0,1,1,1,0,1,1,0,0,1,0,1,1,1,0,1,0,0,1	-0.001601,0.011546,-0.002240,-0.021620,-0.027446,0.020043,0.005086,0.018741,-0.000977,0.019054,0.003725,-0.020090,-0.001828,0.026219,-0.017837,0.006950,0.008214,0.009343,-0.000276,0.018382,-0.015656,-0.006255,0.006013
Slyc_HCT_XP_004235891.1	Slyc_HCT_XP_004235891.1	acceptor_superclass::Flavonoids;acceptor_superclass::Monoterpenoids;acceptor_superclass::Phenolic acids (C6-C1);acceptor_superclass::Triterpenoids;acceptor_superclass::Tyrosine alkaloids	acceptor_superclass::Cyclic polyketides;acceptor_superclass::Flavonoids;acceptor_superclass::Isoflavonoids;acceptor_superclass::Lignans;acceptor_superclass::Monoterpenoids;acceptor_superclass::Naphthalenes;acceptor_superclass::Phenolic acids (C6-C1);acceptor_superclass::Phenylpropanoids (C6-C3);acceptor_superclass::Pseudoalkaloids;acceptor_superclass::Saccharides;acceptor_superclass::Steroids;acceptor_superclass::Tyrosine alkaloids	0,0,0,0,0,1,0,0,0,1,0,0,0,1,0,0,0,0,0,0,1,0,1	0,1,0,0,0,1,1,1,0,1,1,0,0,1,0,1,1,1,0,1,0,0,1	-0.001605,0.011545,-0.002240,-0.021621,-0.027457,0.020045,0.005085,0.018742,-0.000975,0.019054,0.003730,-0.020081,-0.001824,0.026217,-0.017834,0.006949,0.008210,0.009342,-0.000266,0.018377,-0.015654,-0.006251,0.006013
Slyc_HQT_CAE46933.1	Slyc_HQT_CAE46933.1	acceptor_superclass::Phenolic acids (C6-C1);acceptor_superclass::Phenylpropanoids (C6-C3)	acceptor_superclass::Coumarins;acceptor_superclass::Diterpenoids;acceptor_superclass::Fatty Acids and Conjugates;acceptor_superclass::Fatty acyls;acceptor_superclass::Flavonoids;acceptor_superclass::Lignans;acceptor_superclass::Lysine alkaloids;acceptor_superclass::Monoterpenoids;acceptor_superclass::Naphthalenes;acceptor_superclass::Phenanthrenoids;acceptor_superclass::Phenolic acids (C6-C1);acceptor_superclass::Phenylethanoids (C6-C2);acceptor_superclass::Phenylpropanoids (C6-C3);acceptor_superclass::Pseudoalkaloids;acceptor_superclass::Saccharides;acceptor_superclass::Small peptides;acceptor_superclass::Steroids;acceptor_superclass::Triterpenoids;acceptor_superclass::Tryptophan alkaloids;acceptor_superclass::Tyrosine alkaloids	0,0,0,0,0,0,0,0,0,0,0,0,0,1,0,1,0,0,0,0,0,0,0	1,0,1,1,1,1,0,1,1,1,1,0,1,1,1,1,1,1,1,1,1,1,1	0.017714,-0.016186,0.012905,0.015746,0.002604,0.001263,-0.003098,0.001298,0.010091,0.006331,0.011785,-0.003166,0.011432,0.002647,0.001799,0.002731,0.013009,0.015514,0.006776,0.015548,0.009116,0.002634,0.002657
Slyc_PHT1_UTQ10234.1	Slyc_PHT1_UTQ10234.1	acceptor_superclass::Ornithine alkaloids;acceptor_superclass::Pseudoalkaloids	acceptor_superclass::Diterpenoids;acceptor_superclass::Fatty Acids and Conjugates;acceptor_superclass::Lignans;acceptor_superclass::Lysine alkaloids;acceptor_superclass::Ornithine alkaloids;acceptor_superclass::Phenolic acids (C6-C1);acceptor_superclass::Phenylethanoids (C6-C2);acceptor_superclass::Phenylpropanoids (C6-C3);acceptor_superclass::Pseudoalkaloids;acceptor_superclass::Tryptophan alkaloids;acceptor_superclass::Tyrosine alkaloids	0,0,0,0,0,0,0,0,0,0,0,1,0,0,0,0,1,0,0,0,0,0,0	0,0,1,1,0,0,0,1,1,0,0,1,0,1,1,1,1,0,0,0,0,1,1	-0.014331,-0.013549,0.011055,0.004201,-0.013830,-0.009397,-0.012567,0.017289,0.002828,-0.004479,-0.014983,0.004449,-0.026403,0.010798,0.010820,0.009444,0.019164,-0.000514,-0.009680,-0.004868,-0.006248,0.014363,0.001637
Slyc_PHT2_UTQ10235.1	Slyc_PHT2_UTQ10235.1	acceptor_superclass::Ornithine alkaloids;acceptor_superclass::Pseudoalkaloids	acceptor_superclass::Coumarins;acceptor_superclass::Diterpenoids;acceptor_superclass::Fatty acyls;acceptor_superclass::Flavonoids;acceptor_superclass::Isoflavonoids;acceptor_superclass::Lignans;acceptor_superclass::Lysine alkaloids;acceptor_superclass::Monoterpenoids;acceptor_superclass::Ornithine alkaloids;acceptor_superclass::Phenanthrenoids;acceptor_superclass::Phenolic acids (C6-C1);acceptor_superclass::Phenylpropanoids (C6-C3);acceptor_superclass::Pseudoalkaloids;acceptor_superclass::Saccharides;acceptor_superclass::Small peptides;acceptor_superclass::Steroids;acceptor_superclass::Triterpenoids	0,0,0,0,0,0,0,0,0,0,0,1,0,0,0,0,1,0,0,0,0,0,0	1,0,1,0,1,1,1,1,1,1,0,1,1,1,0,1,1,1,1,1,1,0,0	0.026834,-0.009815,0.002884,-0.004059,0.004329,0.006375,0.003347,0.025902,0.008222,0.030015,-0.000952,0.017875,0.034087,0.001815,-0.028551,0.003741,0.012326,0.029014,0.011143,0.018244,0.005304,-0.022621,-0.004317
Slyc_SHT_QNO39109.1	Slyc_SHT_QNO39109.1	acceptor_superclass::Ornithine alkaloids	acceptor_superclass::Coumarins;acceptor_superclass::Diterpenoids;acceptor_superclass::Fatty acyls;acceptor_superclass::Flavonoids;acceptor_superclass::Isoflavonoids;acceptor_superclass::Lignans;acceptor_superclass::Lysine alkaloids;acceptor_superclass::Monoterpenoids;acceptor_superclass::Ornithine alkaloids;acceptor_superclass::Phenanthrenoids;acceptor_superclass::Phenolic acids (C6-C1);acceptor_superclass::Phenylpropanoids (C6-C3);acceptor_superclass::Pseudoalkaloids;acceptor_superclass::Saccharides;acceptor_superclass::Small peptides;acceptor_superclass::Steroids;acceptor_superclass::Triterpenoids	0,0,0,0,0,0,0,0,0,0,0,1,0,0,0,0,0,0,0,0,0,0,0	1,0,1,0,1,1,1,1,1,1,0,1,1,1,0,1,1,1,1,1,1,0,0	0.026834,-0.009815,0.002884,-0.004058,0.004328,0.006375,0.003347,0.025902,0.008222,0.030015,-0.000953,0.017875,0.034087,0.001815,-0.028551,0.003741,0.012326,0.029014,0.011143,0.018244,0.005304,-0.022620,-0.004317
Smel_SHT_AKP24035.1	Smel_SHT_AKP24035.1	acceptor_superclass::Ornithine alkaloids	acceptor_superclass::Diterpenoids;acceptor_superclass::Fatty Acids and Conjugates;acceptor_superclass::Lignans;acceptor_superclass::Lysine alkaloids;acceptor_superclass::Ornithine alkaloids;acceptor_superclass::Phenolic acids (C6-C1);acceptor_superclass::Phenylethanoids (C6-C2);acceptor_superclass::Phenylpropanoids (C6-C3);acceptor_superclass::Pseudoalkaloids;acceptor_superclass::Tryptophan alkaloids;acceptor_superclass::Tyrosine alkaloids	0,0,0,0,0,0,0,0,0,0,0,1,0,0,0,0,0,0,0,0,0,0,0	0,0,1,1,0,0,0,1,1,0,0,1,0,1,1,1,1,0,0,0,0,1,1	-0.014331,-0.013549,0.011055,0.004201,-0.013830,-0.009397,-0.012567,0.017289,0.002828,-0.004479,-0.014983,0.004449,-0.026404,0.010797,0.010820,0.009444,0.019164,-0.000513,-0.009680,-0.004868,-0.006248,0.014363,0.001638
Smoe_HCT1a_XP_002979061.1	Smoe_HCT1a_XP_002979061.1	acceptor_superclass::Flavonoids;acceptor_superclass::Phenolic acids (C6-C1);acceptor_superclass::Small peptides	acceptor_superclass::Coumarins;acceptor_superclass::Diterpenoids;acceptor_superclass::Fatty Acids and Conjugates;acceptor_superclass::Fatty acyls;acceptor_superclass::Flavonoids;acceptor_superclass::Lignans;acceptor_superclass::Lysine alkaloids;acceptor_superclass::Monoterpenoids;acceptor_superclass::Naphthalenes;acceptor_superclass::Phenanthrenoids;acceptor_superclass::Phenolic acids (C6-C1);acceptor_superclass::Phenylethanoids (C6-C2);acceptor_superclass::Phenylpropanoids (C6-C3);acceptor_superclass::Pseudoalkaloids;acceptor_superclass::Saccharides;acceptor_superclass::Small peptides;acceptor_superclass::Steroids;acceptor_superclass::Triterpenoids;acceptor_superclass::Tryptophan alkaloids;acceptor_superclass::Tyrosine alkaloids	0,0,0,0,0,1,0,0,0,0,0,0,0,1,0,0,0,0,1,0,0,0,0	1,0,1,1,1,1,0,1,1,1,1,0,1,1,1,1,1,1,1,1,1,1,1	0.017712,-0.016186,0.012904,0.015745,0.002608,0.001270,-0.003100,0.001298,0.010089,0.006326,0.011790,-0.003160,0.011432,0.002647,0.001800,0.002738,0.013010,0.015512,0.006779,0.015547,0.009117,0.002638,0.002658
Sneo_AAT10247_BCJ78484.1	Sneo_AAT10247_BCJ78484.1	acceptor_superclass::Fatty acyls	acceptor_superclass::Coumarins;acceptor_superclass::Fatty acyls;acceptor_superclass::Flavonoids;acceptor_superclass::Lignans;acceptor_superclass::Lysine alkaloids;acceptor_superclass::Monoterpenoids;acceptor_superclass::Naphthalenes;acceptor_superclass::Ornithine alkaloids;acceptor_superclass::Phenanthrenoids;acceptor_superclass::Phenylethanoids (C6-C2);acceptor_superclass::Phenylpropanoids (C6-C3);acceptor_superclass::Pseudoalkaloids;acceptor_superclass::Small peptides;acceptor_superclass::Tryptophan alkaloids;acceptor_superclass::Tyrosine alkaloids	0,0,0,0,1,0,0,0,0,0,0,0,0,0,0,0,0,0,0,0,0,0,0	1,0,0,0,1,1,0,1,1,1,1,1,1,0,1,1,1,0,1,0,0,1,1	0.035011,-0.002635,-0.020310,-0.002492,0.011199,0.038432,-0.029586,0.032514,0.041839,0.016638,0.018087,0.001000,0.016582,-0.026216,0.024911,0.002946,0.027180,-0.035133,0.003576,-0.034486,-0.040607,0.014074,0.011821
Snig_AGAT1_WES72146.1	Snig_AGAT1_WES72146.1		acceptor_superclass::Coumarins;acceptor_superclass::Diterpenoids;acceptor_superclass::Fatty acyls;acceptor_superclass::Flavonoids;acceptor_superclass::Isoflavonoids;acceptor_superclass::Lignans;acceptor_superclass::Lysine alkaloids;acceptor_superclass::Monoterpenoids;acceptor_superclass::Ornithine alkaloids;acceptor_superclass::Phenanthrenoids;acceptor_superclass::Phenolic acids (C6-C1);acceptor_superclass::Phenylpropanoids (C6-C3);acceptor_superclass::Pseudoalkaloids;acceptor_superclass::Saccharides;acceptor_superclass::Small peptides;acceptor_superclass::Steroids;acceptor_superclass::Triterpenoids	0,0,0,0,0,0,0,0,0,0,0,0,0,0,0,0,0,0,0,0,0,0,0	1,0,1,0,1,1,1,1,1,1,0,1,1,1,0,1,1,1,1,1,1,0,0	0.026834,-0.009815,0.002884,-0.004059,0.004329,0.006375,0.003347,0.025902,0.008222,0.030015,-0.000952,0.017875,0.034087,0.001815,-0.028551,0.003741,0.012326,0.029014,0.011143,0.018244,0.005304,-0.022621,-0.004317
Snig_ASAT1_ART34015.1	Snig_ASAT1_ART34015.1	acceptor_superclass::Saccharides	acceptor_superclass::Coumarins;acceptor_superclass::Diterpenoids;acceptor_superclass::Fatty acyls;acceptor_superclass::Flavonoids;acceptor_superclass::Isoflavonoids;acceptor_superclass::Lignans;acceptor_superclass::Lysine alkaloids;acceptor_superclass::Monoterpenoids;acceptor_superclass::Ornithine alkaloids;acceptor_superclass::Phenanthrenoids;acceptor_superclass::Phenolic acids (C6-C1);acceptor_superclass::Phenylpropanoids (C6-C3);acceptor_superclass::Pseudoalkaloids;acceptor_superclass::Saccharides;acceptor_superclass::Small peptides;acceptor_superclass::Steroids;acceptor_superclass::Triterpenoids	0,0,0,0,0,0,0,0,0,0,0,0,0,0,0,0,0,1,0,0,0,0,0	1,0,1,0,1,1,1,1,1,1,0,1,1,1,0,1,1,1,1,1,1,0,0	0.026834,-0.009815,0.002884,-0.004059,0.004328,0.006375,0.003347,0.025902,0.008222,0.030015,-0.000953,0.017875,0.034087,0.001815,-0.028551,0.003741,0.012325,0.029014,0.011142,0.018244,0.005304,-0.022621,-0.004317
Snig_ASAT2_WES72145.1	Snig_ASAT2_WES72145.1		acceptor_superclass::Coumarins;acceptor_superclass::Diterpenoids;acceptor_superclass::Fatty acyls;acceptor_superclass::Flavonoids;acceptor_superclass::Isoflavonoids;acceptor_superclass::Lignans;acceptor_superclass::Lysine alkaloids;acceptor_superclass::Monoterpenoids;acceptor_superclass::Ornithine alkaloids;acceptor_superclass::Phenanthrenoids;acceptor_superclass::Phenolic acids (C6-C1);acceptor_superclass::Phenylpropanoids (C6-C3);acceptor_superclass::Pseudoalkaloids;acceptor_superclass::Saccharides;acceptor_superclass::Small peptides;acceptor_superclass::Steroids;acceptor_superclass::Triterpenoids	0,0,0,0,0,0,0,0,0,0,0,0,0,0,0,0,0,0,0,0,0,0,0	1,0,1,0,1,1,1,1,1,1,0,1,1,1,0,1,1,1,1,1,1,0,0	0.026834,-0.009815,0.002884,-0.004059,0.004329,0.006375,0.003347,0.025902,0.008222,0.030015,-0.000952,0.017875,0.034087,0.001815,-0.028551,0.003741,0.012326,0.029014,0.011143,0.018244,0.005304,-0.022621,-0.004318
Snux_AT_UQZ09626.1	Snux_AT_UQZ09626.1	acceptor_superclass::Tryptophan alkaloids	acceptor_superclass::Diterpenoids;acceptor_superclass::Fatty Acids and Conjugates;acceptor_superclass::Lignans;acceptor_superclass::Lysine alkaloids;acceptor_superclass::Ornithine alkaloids;acceptor_superclass::Phenolic acids (C6-C1);acceptor_superclass::Phenylethanoids (C6-C2);acceptor_superclass::Phenylpropanoids (C6-C3);acceptor_superclass::Pseudoalkaloids;acceptor_superclass::Tryptophan alkaloids;acceptor_superclass::Tyrosine alkaloids	0,0,0,0,0,0,0,0,0,0,0,0,0,0,0,0,0,0,0,0,0,1,0	0,0,1,1,0,0,0,1,1,0,0,1,0,1,1,1,1,0,0,0,0,1,1	-0.014332,-0.013549,0.011055,0.004201,-0.013829,-0.009398,-0.012567,0.017289,0.002828,-0.004480,-0.014983,0.004450,-0.026405,0.010797,0.010820,0.009444,0.019164,-0.000513,-0.009680,-0.004869,-0.006248,0.014364,0.001638
Soff_AAT1_BDW80084.1	Soff_AAT1_BDW80084.1	acceptor_superclass::Naphthalenes	acceptor_superclass::Coumarins;acceptor_superclass::Diterpenoids;acceptor_superclass::Fatty Acids and Conjugates;acceptor_superclass::Fatty acyls;acceptor_superclass::Flavonoids;acceptor_superclass::Lignans;acceptor_superclass::Lysine alkaloids;acceptor_superclass::Monoterpenoids;acceptor_superclass::Naphthalenes;acceptor_superclass::Phenanthrenoids;acceptor_superclass::Phenolic acids (C6-C1);acceptor_superclass::Phenylethanoids (C6-C2);acceptor_superclass::Phenylpropanoids (C6-C3);acceptor_superclass::Pseudoalkaloids;acceptor_superclass::Saccharides;acceptor_superclass::Small peptides;acceptor_superclass::Steroids;acceptor_superclass::Triterpenoids;acceptor_superclass::Tryptophan alkaloids;acceptor_superclass::Tyrosine alkaloids	0,0,0,0,0,0,0,0,0,0,1,0,0,0,0,0,0,0,0,0,0,0,0	1,0,1,1,1,1,0,1,1,1,1,0,1,1,1,1,1,1,1,1,1,1,1	0.017714,-0.016186,0.012905,0.015746,0.002604,0.001262,-0.003098,0.001298,0.010091,0.006331,0.011784,-0.003166,0.011432,0.002647,0.001798,0.002730,0.013010,0.015514,0.006775,0.015549,0.009116,0.002634,0.002657
Sole_SOAP10_KNA12459.1	Sole_SOAP10_KNA12459.1	acceptor_superclass::Triterpenoids	acceptor_superclass::Diterpenoids;acceptor_superclass::Fatty Acids and Conjugates;acceptor_superclass::Lignans;acceptor_superclass::Lysine alkaloids;acceptor_superclass::Ornithine alkaloids;acceptor_superclass::Phenolic acids (C6-C1);acceptor_superclass::Phenylethanoids (C6-C2);acceptor_superclass::Phenylpropanoids (C6-C3);acceptor_superclass::Pseudoalkaloids;acceptor_superclass::Tryptophan alkaloids;acceptor_superclass::Tyrosine alkaloids	0,0,0,0,0,0,0,0,0,0,0,0,0,0,0,0,0,0,0,0,1,0,0	0,0,1,1,0,0,0,1,1,0,0,1,0,1,1,1,1,0,0,0,0,1,1	-0.014331,-0.013549,0.011055,0.004201,-0.013830,-0.009397,-0.012567,0.017289,0.002828,-0.004479,-0.014983,0.004450,-0.026404,0.010797,0.010820,0.009444,0.019164,-0.000513,-0.009680,-0.004868,-0.006248,0.014364,0.001638
Some_HCT_EFJ20018.1	Some_HCT_EFJ20018.1	acceptor_superclass::Phenolic acids (C6-C1)	acceptor_superclass::Cyclic polyketides;acceptor_superclass::Flavonoids;acceptor_superclass::Isoflavonoids;acceptor_superclass::Lignans;acceptor_superclass::Monoterpenoids;acceptor_superclass::Naphthalenes;acceptor_superclass::Phenolic acids (C6-C1);acceptor_superclass::Phenylpropanoids (C6-C3);acceptor_superclass::Pseudoalkaloids;acceptor_superclass::Saccharides;acceptor_superclass::Steroids;acceptor_superclass::Tyrosine alkaloids	0,0,0,0,0,0,0,0,0,0,0,0,0,1,0,0,0,0,0,0,0,0,0	0,1,0,0,0,1,1,1,0,1,1,0,0,1,0,1,1,1,0,1,0,0,1	-0.001603,0.011546,-0.002240,-0.021621,-0.027453,0.020044,0.005085,0.018742,-0.000975,0.019054,0.003728,-0.020084,-0.001825,0.026218,-0.017835,0.006949,0.008212,0.009343,-0.000270,0.018379,-0.015655,-0.006253,0.006013
Spen_AAT12560_BCJ78487.1	Spen_AAT12560_BCJ78487.1	acceptor_superclass::Fatty acyls	acceptor_superclass::Coumarins;acceptor_superclass::Fatty acyls;acceptor_superclass::Flavonoids;acceptor_superclass::Lignans;acceptor_superclass::Lysine alkaloids;acceptor_superclass::Monoterpenoids;acceptor_superclass::Naphthalenes;acceptor_superclass::Ornithine alkaloids;acceptor_superclass::Phenanthrenoids;acceptor_superclass::Phenylethanoids (C6-C2);acceptor_superclass::Phenylpropanoids (C6-C3);acceptor_superclass::Pseudoalkaloids;acceptor_superclass::Small peptides;acceptor_superclass::Tryptophan alkaloids;acceptor_superclass::Tyrosine alkaloids	0,0,0,0,1,0,0,0,0,0,0,0,0,0,0,0,0,0,0,0,0,0,0	1,0,0,0,1,1,0,1,1,1,1,1,1,0,1,1,1,0,1,0,0,1,1	0.035011,-0.002635,-0.020310,-0.002492,0.011199,0.038432,-0.029586,0.032514,0.041839,0.016638,0.018087,0.001000,0.016582,-0.026216,0.024911,0.002946,0.027180,-0.035133,0.003576,-0.034486,-0.040607,0.014074,0.011821
Spen_AAT1_AIW04708.1	Spen_AAT1_AIW04708.1	acceptor_superclass::Fatty acyls;acceptor_superclass::Phenylethanoids (C6-C2)	acceptor_superclass::Coumarins;acceptor_superclass::Diterpenoids;acceptor_superclass::Fatty Acids and Conjugates;acceptor_superclass::Fatty acyls;acceptor_superclass::Flavonoids;acceptor_superclass::Lignans;acceptor_superclass::Lysine alkaloids;acceptor_superclass::Monoterpenoids;acceptor_superclass::Naphthalenes;acceptor_superclass::Phenanthrenoids;acceptor_superclass::Phenolic acids (C6-C1);acceptor_superclass::Phenylethanoids (C6-C2);acceptor_superclass::Phenylpropanoids (C6-C3);acceptor_superclass::Pseudoalkaloids;acceptor_superclass::Saccharides;acceptor_superclass::Small peptides;acceptor_superclass::Steroids;acceptor_superclass::Triterpenoids;acceptor_superclass::Tryptophan alkaloids;acceptor_superclass::Tyrosine alkaloids	0,0,0,0,1,0,0,0,0,0,0,0,0,0,1,0,0,0,0,0,0,0,0	1,0,1,1,1,1,0,1,1,1,1,0,1,1,1,1,1,1,1,1,1,1,1	0.017714,-0.016186,0.012905,0.015746,0.002605,0.001264,-0.003098,0.001299,0.010091,0.006331,0.011786,-0.003165,0.011432,0.002647,0.001798,0.002732,0.013009,0.015514,0.006776,0.015548,0.009116,0.002635,0.002657
Spen_ASAT2_ALU64005.1	Spen_ASAT2_ALU64005.1		acceptor_superclass::Diterpenoids;acceptor_superclass::Fatty Acids and Conjugates;acceptor_superclass::Lignans;acceptor_superclass::Lysine alkaloids;acceptor_superclass::Ornithine alkaloids;acceptor_superclass::Phenolic acids (C6-C1);acceptor_superclass::Phenylethanoids (C6-C2);acceptor_superclass::Phenylpropanoids (C6-C3);acceptor_superclass::Pseudoalkaloids;acceptor_superclass::Tryptophan alkaloids;acceptor_superclass::Tyrosine alkaloids	0,0,0,0,0,0,0,0,0,0,0,0,0,0,0,0,0,0,0,0,0,0,0	0,0,1,1,0,0,0,1,1,0,0,1,0,1,1,1,1,0,0,0,0,1,1	-0.014331,-0.013549,0.011055,0.004201,-0.013830,-0.009397,-0.012567,0.017289,0.002828,-0.004479,-0.014983,0.004450,-0.026404,0.010797,0.010820,0.009444,0.019164,-0.000513,-0.009680,-0.004868,-0.006248,0.014364,0.001638
Spen_ASAT3_AJF98583.1	Spen_ASAT3_AJF98583.1		acceptor_superclass::Coumarins;acceptor_superclass::Fatty acyls;acceptor_superclass::Flavonoids;acceptor_superclass::Lignans;acceptor_superclass::Lysine alkaloids;acceptor_superclass::Monoterpenoids;acceptor_superclass::Naphthalenes;acceptor_superclass::Ornithine alkaloids;acceptor_superclass::Phenanthrenoids;acceptor_superclass::Phenylethanoids (C6-C2);acceptor_superclass::Phenylpropanoids (C6-C3);acceptor_superclass::Pseudoalkaloids;acceptor_superclass::Small peptides;acceptor_superclass::Tryptophan alkaloids;acceptor_superclass::Tyrosine alkaloids	0,0,0,0,0,0,0,0,0,0,0,0,0,0,0,0,0,0,0,0,0,0,0	1,0,0,0,1,1,0,1,1,1,1,1,1,0,1,1,1,0,1,0,0,1,1	0.035011,-0.002635,-0.020310,-0.002492,0.011199,0.038432,-0.029586,0.032514,0.041839,0.016638,0.018087,0.001000,0.016582,-0.026216,0.024911,0.002946,0.027180,-0.035133,0.003576,-0.034486,-0.040607,0.014074,0.011821
Spim_AAT11589_BCJ78481.1	Spim_AAT11589_BCJ78481.1	acceptor_superclass::Fatty acyls	acceptor_superclass::Coumarins;acceptor_superclass::Diterpenoids;acceptor_superclass::Fatty acyls;acceptor_superclass::Flavonoids;acceptor_superclass::Isoflavonoids;acceptor_superclass::Lignans;acceptor_superclass::Lysine alkaloids;acceptor_superclass::Monoterpenoids;acceptor_superclass::Ornithine alkaloids;acceptor_superclass::Phenanthrenoids;acceptor_superclass::Phenolic acids (C6-C1);acceptor_superclass::Phenylpropanoids (C6-C3);acceptor_superclass::Pseudoalkaloids;acceptor_superclass::Saccharides;acceptor_superclass::Small peptides;acceptor_superclass::Steroids;acceptor_superclass::Triterpenoids	0,0,0,0,1,0,0,0,0,0,0,0,0,0,0,0,0,0,0,0,0,0,0	1,0,1,0,1,1,1,1,1,1,0,1,1,1,0,1,1,1,1,1,1,0,0	0.026834,-0.009815,0.002884,-0.004059,0.004329,0.006375,0.003347,0.025902,0.008222,0.030015,-0.000952,0.017875,0.034087,0.001815,-0.028551,0.003741,0.012326,0.029014,0.011143,0.018244,0.005304,-0.022621,-0.004318
Spot_AT_UQZ09635.1	Spot_AT_UQZ09635.1	acceptor_superclass::Tryptophan alkaloids	acceptor_superclass::Coumarins;acceptor_superclass::Diterpenoids;acceptor_superclass::Fatty Acids and Conjugates;acceptor_superclass::Fatty acyls;acceptor_superclass::Flavonoids;acceptor_superclass::Lignans;acceptor_superclass::Lysine alkaloids;acceptor_superclass::Monoterpenoids;acceptor_superclass::Naphthalenes;acceptor_superclass::Phenanthrenoids;acceptor_superclass::Phenolic acids (C6-C1);acceptor_superclass::Phenylethanoids (C6-C2);acceptor_superclass::Phenylpropanoids (C6-C3);acceptor_superclass::Pseudoalkaloids;acceptor_superclass::Saccharides;acceptor_superclass::Small peptides;acceptor_superclass::Steroids;acceptor_superclass::Triterpenoids;acceptor_superclass::Tryptophan alkaloids;acceptor_superclass::Tyrosine alkaloids	0,0,0,0,0,0,0,0,0,0,0,0,0,0,0,0,0,0,0,0,0,1,0	1,0,1,1,1,1,0,1,1,1,1,0,1,1,1,1,1,1,1,1,1,1,1	0.017714,-0.016186,0.012906,0.015746,0.002606,0.001265,-0.003098,0.001299,0.010091,0.006331,0.011786,-0.003165,0.011432,0.002648,0.001797,0.002733,0.013009,0.015514,0.006775,0.015548,0.009116,0.002637,0.002657
Squi_ASAT1H_UTN00742.1	Squi_ASAT1H_UTN00742.1		acceptor_superclass::Coumarins;acceptor_superclass::Diterpenoids;acceptor_superclass::Fatty Acids and Conjugates;acceptor_superclass::Fatty acyls;acceptor_superclass::Flavonoids;acceptor_superclass::Lignans;acceptor_superclass::Lysine alkaloids;acceptor_superclass::Monoterpenoids;acceptor_superclass::Naphthalenes;acceptor_superclass::Phenanthrenoids;acceptor_superclass::Phenolic acids (C6-C1);acceptor_superclass::Phenylethanoids (C6-C2);acceptor_superclass::Phenylpropanoids (C6-C3);acceptor_superclass::Pseudoalkaloids;acceptor_superclass::Saccharides;acceptor_superclass::Small peptides;acceptor_superclass::Steroids;acceptor_superclass::Triterpenoids;acceptor_superclass::Tryptophan alkaloids;acceptor_superclass::Tyrosine alkaloids	0,0,0,0,0,0,0,0,0,0,0,0,0,0,0,0,0,0,0,0,0,0,0	1,0,1,1,1,1,0,1,1,1,1,0,1,1,1,1,1,1,1,1,1,1,1	0.017715,-0.016186,0.012908,0.015746,0.002598,0.001249,-0.003096,0.001299,0.010093,0.006339,0.011776,-0.003175,0.011432,0.002647,0.001796,0.002717,0.013009,0.015518,0.006769,0.015551,0.009115,0.002627,0.002654
Squi_ASAT3H_UTN00743.1	Squi_ASAT3H_UTN00743.1		acceptor_superclass::Cyclic polyketides;acceptor_superclass::Flavonoids;acceptor_superclass::Isoflavonoids;acceptor_superclass::Lignans;acceptor_superclass::Monoterpenoids;acceptor_superclass::Naphthalenes;acceptor_superclass::Phenolic acids (C6-C1);acceptor_superclass::Phenylpropanoids (C6-C3);acceptor_superclass::Pseudoalkaloids;acceptor_superclass::Saccharides;acceptor_superclass::Steroids;acceptor_superclass::Tyrosine alkaloids	0,0,0,0,0,0,0,0,0,0,0,0,0,0,0,0,0,0,0,0,0,0,0	0,1,0,0,0,1,1,1,0,1,1,0,0,1,0,1,1,1,0,1,0,0,1	-0.001601,0.011546,-0.002240,-0.021620,-0.027446,0.020043,0.005086,0.018741,-0.000977,0.019053,0.003725,-0.020090,-0.001828,0.026219,-0.017838,0.006950,0.008214,0.009343,-0.000276,0.018382,-0.015656,-0.006255,0.006013
Squi_ASAT4H_QNR60312.1	Squi_ASAT4H_QNR60312.1		acceptor_superclass::Coumarins;acceptor_superclass::Fatty acyls;acceptor_superclass::Flavonoids;acceptor_superclass::Lignans;acceptor_superclass::Lysine alkaloids;acceptor_superclass::Monoterpenoids;acceptor_superclass::Naphthalenes;acceptor_superclass::Ornithine alkaloids;acceptor_superclass::Phenanthrenoids;acceptor_superclass::Phenylethanoids (C6-C2);acceptor_superclass::Phenylpropanoids (C6-C3);acceptor_superclass::Pseudoalkaloids;acceptor_superclass::Small peptides;acceptor_superclass::Tryptophan alkaloids;acceptor_superclass::Tyrosine alkaloids	0,0,0,0,0,0,0,0,0,0,0,0,0,0,0,0,0,0,0,0,0,0,0	1,0,0,0,1,1,0,1,1,1,1,1,1,0,1,1,1,0,1,0,0,1,1	0.035011,-0.002635,-0.020310,-0.002492,0.011199,0.038432,-0.029586,0.032514,0.041839,0.016638,0.018087,0.001000,0.016582,-0.026216,0.024911,0.002946,0.027180,-0.035133,0.003576,-0.034486,-0.040607,0.014074,0.011821
Squi_TAIAT_QNR60311.1	Squi_TAIAT_QNR60311.1		acceptor_superclass::Diterpenoids;acceptor_superclass::Fatty Acids and Conjugates;acceptor_superclass::Lignans;acceptor_superclass::Lysine alkaloids;acceptor_superclass::Ornithine alkaloids;acceptor_superclass::Phenolic acids (C6-C1);acceptor_superclass::Phenylethanoids (C6-C2);acceptor_superclass::Phenylpropanoids (C6-C3);acceptor_superclass::Pseudoalkaloids;acceptor_superclass::Tryptophan alkaloids;acceptor_superclass::Tyrosine alkaloids	0,0,0,0,0,0,0,0,0,0,0,0,0,0,0,0,0,0,0,0,0,0,0	0,0,1,1,0,0,0,1,1,0,0,1,0,1,1,1,1,0,0,0,0,1,1	-0.014331,-0.013549,0.011055,0.004201,-0.013830,-0.009397,-0.012567,0.017289,0.002828,-0.004480,-0.014983,0.004450,-0.026404,0.010797,0.010820,0.009444,0.019164,-0.000513,-0.009680,-0.004868,-0.006248,0.014364,0.001638
Sric_SHT_AMB21755.1	Sric_SHT_AMB21755.1	acceptor_superclass::Ornithine alkaloids	acceptor_superclass::Cyclic polyketides;acceptor_superclass::Flavonoids;acceptor_superclass::Isoflavonoids;acceptor_superclass::Lignans;acceptor_superclass::Monoterpenoids;acceptor_superclass::Naphthalenes;acceptor_superclass::Phenolic acids (C6-C1);acceptor_superclass::Phenylpropanoids (C6-C3);acceptor_superclass::Pseudoalkaloids;acceptor_superclass::Saccharides;acceptor_superclass::Steroids;acceptor_superclass::Tyrosine alkaloids	0,0,0,0,0,0,0,0,0,0,0,1,0,0,0,0,0,0,0,0,0,0,0	0,1,0,0,0,1,1,1,0,1,1,0,0,1,0,1,1,1,0,1,0,0,1	-0.001605,0.011545,-0.002240,-0.021621,-0.027457,0.020045,0.005085,0.018742,-0.000975,0.019054,0.003730,-0.020081,-0.001824,0.026218,-0.017834,0.006949,0.008210,0.009342,-0.000266,0.018377,-0.015654,-0.006251,0.006013
Ssin_ASAT1_ART34011.1	Ssin_ASAT1_ART34011.1	acceptor_superclass::Saccharides	acceptor_superclass::Coumarins;acceptor_superclass::Fatty acyls;acceptor_superclass::Flavonoids;acceptor_superclass::Lignans;acceptor_superclass::Lysine alkaloids;acceptor_superclass::Monoterpenoids;acceptor_superclass::Naphthalenes;acceptor_superclass::Ornithine alkaloids;acceptor_superclass::Phenanthrenoids;acceptor_superclass::Phenylethanoids (C6-C2);acceptor_superclass::Phenylpropanoids (C6-C3);acceptor_superclass::Pseudoalkaloids;acceptor_superclass::Small peptides;acceptor_superclass::Tryptophan alkaloids;acceptor_superclass::Tyrosine alkaloids	0,0,0,0,0,0,0,0,0,0,0,0,0,0,0,0,0,1,0,0,0,0,0	1,0,0,0,1,1,0,1,1,1,1,1,1,0,1,1,1,0,1,0,0,1,1	0.035011,-0.002635,-0.020310,-0.002492,0.011199,0.038432,-0.029586,0.032514,0.041839,0.016638,0.018087,0.001000,0.016582,-0.026216,0.024911,0.002946,0.027180,-0.035133,0.003576,-0.034486,-0.040607,0.014074,0.011821
Ssin_ASAT2_ART34012.1	Ssin_ASAT2_ART34012.1		acceptor_superclass::Coumarins;acceptor_superclass::Fatty acyls;acceptor_superclass::Flavonoids;acceptor_superclass::Lignans;acceptor_superclass::Lysine alkaloids;acceptor_superclass::Monoterpenoids;acceptor_superclass::Naphthalenes;acceptor_superclass::Ornithine alkaloids;acceptor_superclass::Phenanthrenoids;acceptor_superclass::Phenylethanoids (C6-C2);acceptor_superclass::Phenylpropanoids (C6-C3);acceptor_superclass::Pseudoalkaloids;acceptor_superclass::Small peptides;acceptor_superclass::Tryptophan alkaloids;acceptor_superclass::Tyrosine alkaloids	0,0,0,0,0,0,0,0,0,0,0,0,0,0,0,0,0,0,0,0,0,0,0	1,0,0,0,1,1,0,1,1,1,1,1,1,0,1,1,1,0,1,0,0,1,1	0.035011,-0.002635,-0.020310,-0.002492,0.011199,0.038432,-0.029586,0.032514,0.041839,0.016638,0.018087,0.001000,0.016582,-0.026216,0.024911,0.002946,0.027180,-0.035133,0.003576,-0.034486,-0.040607,0.014074,0.011821
Ssin_ASAT3_ART34013.1	Ssin_ASAT3_ART34013.1		acceptor_superclass::Diterpenoids;acceptor_superclass::Fatty Acids and Conjugates;acceptor_superclass::Lignans;acceptor_superclass::Lysine alkaloids;acceptor_superclass::Ornithine alkaloids;acceptor_superclass::Phenolic acids (C6-C1);acceptor_superclass::Phenylethanoids (C6-C2);acceptor_superclass::Phenylpropanoids (C6-C3);acceptor_superclass::Pseudoalkaloids;acceptor_superclass::Tryptophan alkaloids;acceptor_superclass::Tyrosine alkaloids	0,0,0,0,0,0,0,0,0,0,0,0,0,0,0,0,0,0,0,0,0,0,0	0,0,1,1,0,0,0,1,1,0,0,1,0,1,1,1,1,0,0,0,0,1,1	-0.014331,-0.013549,0.011055,0.004201,-0.013830,-0.009397,-0.012567,0.017289,0.002828,-0.004479,-0.014983,0.004450,-0.026404,0.010797,0.010820,0.009444,0.019164,-0.000513,-0.009680,-0.004868,-0.006248,0.014364,0.001638
Ssin_ASAT5_ART34014.1	Ssin_ASAT5_ART34014.1		acceptor_superclass::Coumarins;acceptor_superclass::Fatty acyls;acceptor_superclass::Flavonoids;acceptor_superclass::Lignans;acceptor_superclass::Lysine alkaloids;acceptor_superclass::Monoterpenoids;acceptor_superclass::Naphthalenes;acceptor_superclass::Ornithine alkaloids;acceptor_superclass::Phenanthrenoids;acceptor_superclass::Phenylethanoids (C6-C2);acceptor_superclass::Phenylpropanoids (C6-C3);acceptor_superclass::Pseudoalkaloids;acceptor_superclass::Small peptides;acceptor_superclass::Tryptophan alkaloids;acceptor_superclass::Tyrosine alkaloids	0,0,0,0,0,0,0,0,0,0,0,0,0,0,0,0,0,0,0,0,0,0,0	1,0,0,0,1,1,0,1,1,1,1,1,1,0,1,1,1,0,1,0,0,1,1	0.035011,-0.002635,-0.020310,-0.002492,0.011199,0.038432,-0.029586,0.032514,0.041839,0.016638,0.018087,0.001000,0.016582,-0.026216,0.024911,0.002946,0.027180,-0.035133,0.003576,-0.034486,-0.040607,0.014074,0.011821
Sspl_5MAT1_AAL50566.1	Sspl_5MAT1_AAL50566.1	acceptor_superclass::Flavonoids	acceptor_superclass::Coumarins;acceptor_superclass::Diterpenoids;acceptor_superclass::Fatty acyls;acceptor_superclass::Flavonoids;acceptor_superclass::Isoflavonoids;acceptor_superclass::Lignans;acceptor_superclass::Lysine alkaloids;acceptor_superclass::Monoterpenoids;acceptor_superclass::Ornithine alkaloids;acceptor_superclass::Phenanthrenoids;acceptor_superclass::Phenolic acids (C6-C1);acceptor_superclass::Phenylpropanoids (C6-C3);acceptor_superclass::Pseudoalkaloids;acceptor_superclass::Saccharides;acceptor_superclass::Small peptides;acceptor_superclass::Steroids;acceptor_superclass::Triterpenoids	0,0,0,0,0,1,0,0,0,0,0,0,0,0,0,0,0,0,0,0,0,0,0	1,0,1,0,1,1,1,1,1,1,0,1,1,1,0,1,1,1,1,1,1,0,0	0.026834,-0.009815,0.002884,-0.004059,0.004328,0.006375,0.003347,0.025902,0.008222,0.030015,-0.000952,0.017875,0.034087,0.001815,-0.028551,0.003741,0.012326,0.029014,0.011143,0.018244,0.005304,-0.022621,-0.004317
Sspl_5MAT2_AAR26385.1	Sspl_5MAT2_AAR26385.1	acceptor_superclass::Flavonoids	acceptor_superclass::Cyclic polyketides;acceptor_superclass::Flavonoids;acceptor_superclass::Isoflavonoids;acceptor_superclass::Lignans;acceptor_superclass::Monoterpenoids;acceptor_superclass::Naphthalenes;acceptor_superclass::Phenolic acids (C6-C1);acceptor_superclass::Phenylpropanoids (C6-C3);acceptor_superclass::Pseudoalkaloids;acceptor_superclass::Saccharides;acceptor_superclass::Steroids;acceptor_superclass::Tyrosine alkaloids	0,0,0,0,0,1,0,0,0,0,0,0,0,0,0,0,0,0,0,0,0,0,0	0,1,0,0,0,1,1,1,0,1,1,0,0,1,0,1,1,1,0,1,0,0,1	-0.001605,0.011545,-0.002240,-0.021621,-0.027457,0.020045,0.005085,0.018742,-0.000975,0.019054,0.003730,-0.020082,-0.001824,0.026217,-0.017834,0.006949,0.008210,0.009342,-0.000267,0.018377,-0.015654,-0.006251,0.006013
Stub_COSY_M0ZYT4	Stub_COSY_M0ZYT4		acceptor_superclass::Coumarins;acceptor_superclass::Diterpenoids;acceptor_superclass::Fatty acyls;acceptor_superclass::Flavonoids;acceptor_superclass::Isoflavonoids;acceptor_superclass::Lignans;acceptor_superclass::Lysine alkaloids;acceptor_superclass::Monoterpenoids;acceptor_superclass::Ornithine alkaloids;acceptor_superclass::Phenanthrenoids;acceptor_superclass::Phenolic acids (C6-C1);acceptor_superclass::Phenylpropanoids (C6-C3);acceptor_superclass::Pseudoalkaloids;acceptor_superclass::Saccharides;acceptor_superclass::Small peptides;acceptor_superclass::Steroids;acceptor_superclass::Triterpenoids	0,0,0,0,0,0,0,0,0,0,0,0,0,0,0,0,0,0,0,0,0,0,0	1,0,1,0,1,1,1,1,1,1,0,1,1,1,0,1,1,1,1,1,1,0,0	0.026834,-0.009815,0.002884,-0.004059,0.004329,0.006375,0.003347,0.025902,0.008222,0.030015,-0.000952,0.017875,0.034087,0.001815,-0.028551,0.003741,0.012326,0.029014,0.011143,0.018244,0.005304,-0.022621,-0.004317
Stub_FHT_NP_001275190.1	Stub_FHT_NP_001275190.1	acceptor_superclass::Fatty Acids and Conjugates;acceptor_superclass::Fatty acyls	acceptor_superclass::Coumarins;acceptor_superclass::Diterpenoids;acceptor_superclass::Fatty acyls;acceptor_superclass::Flavonoids;acceptor_superclass::Isoflavonoids;acceptor_superclass::Lignans;acceptor_superclass::Lysine alkaloids;acceptor_superclass::Monoterpenoids;acceptor_superclass::Ornithine alkaloids;acceptor_superclass::Phenanthrenoids;acceptor_superclass::Phenolic acids (C6-C1);acceptor_superclass::Phenylpropanoids (C6-C3);acceptor_superclass::Pseudoalkaloids;acceptor_superclass::Saccharides;acceptor_superclass::Small peptides;acceptor_superclass::Steroids;acceptor_superclass::Triterpenoids	0,0,0,1,1,0,0,0,0,0,0,0,0,0,0,0,0,0,0,0,0,0,0	1,0,1,0,1,1,1,1,1,1,0,1,1,1,0,1,1,1,1,1,1,0,0	0.026834,-0.009815,0.002884,-0.004058,0.004328,0.006375,0.003347,0.025902,0.008222,0.030014,-0.000953,0.017876,0.034087,0.001814,-0.028551,0.003741,0.012325,0.029014,0.011142,0.018244,0.005303,-0.022621,-0.004317
Taes_ACT1-1_BCN87078.1	Taes_ACT1-1_BCN87078.1	acceptor_superclass::Ornithine alkaloids;acceptor_superclass::Pseudoalkaloids	acceptor_superclass::Diterpenoids;acceptor_superclass::Fatty Acids and Conjugates;acceptor_superclass::Lignans;acceptor_superclass::Lysine alkaloids;acceptor_superclass::Ornithine alkaloids;acceptor_superclass::Phenolic acids (C6-C1);acceptor_superclass::Phenylethanoids (C6-C2);acceptor_superclass::Phenylpropanoids (C6-C3);acceptor_superclass::Pseudoalkaloids;acceptor_superclass::Tryptophan alkaloids;acceptor_superclass::Tyrosine alkaloids	0,0,0,0,0,0,0,0,0,0,0,1,0,0,0,0,1,0,0,0,0,0,0	0,0,1,1,0,0,0,1,1,0,0,1,0,1,1,1,1,0,0,0,0,1,1	-0.014331,-0.013549,0.011055,0.004201,-0.013831,-0.009396,-0.012567,0.017289,0.002828,-0.004479,-0.014983,0.004449,-0.026403,0.010798,0.010820,0.009444,0.019164,-0.000514,-0.009680,-0.004868,-0.006248,0.014363,0.001637
Taes_ACT1-2_BCN87079.1	Taes_ACT1-2_BCN87079.1	acceptor_superclass::Ornithine alkaloids;acceptor_superclass::Pseudoalkaloids	acceptor_superclass::Cyclic polyketides;acceptor_superclass::Flavonoids;acceptor_superclass::Isoflavonoids;acceptor_superclass::Lignans;acceptor_superclass::Monoterpenoids;acceptor_superclass::Naphthalenes;acceptor_superclass::Phenolic acids (C6-C1);acceptor_superclass::Phenylpropanoids (C6-C3);acceptor_superclass::Pseudoalkaloids;acceptor_superclass::Saccharides;acceptor_superclass::Steroids;acceptor_superclass::Tyrosine alkaloids	0,0,0,0,0,0,0,0,0,0,0,1,0,0,0,0,1,0,0,0,0,0,0	0,1,0,0,0,1,1,1,0,1,1,0,0,1,0,1,1,1,0,1,0,0,1	-0.001604,0.011545,-0.002240,-0.021621,-0.027456,0.020044,0.005085,0.018742,-0.000975,0.019054,0.003730,-0.020082,-0.001824,0.026218,-0.017834,0.006949,0.008211,0.009342,-0.000268,0.018377,-0.015654,-0.006252,0.006013
Taes_ACT2_AMY96376.1	Taes_ACT2_AMY96376.1	acceptor_superclass::Ornithine alkaloids	acceptor_superclass::Coumarins;acceptor_superclass::Diterpenoids;acceptor_superclass::Fatty acyls;acceptor_superclass::Flavonoids;acceptor_superclass::Isoflavonoids;acceptor_superclass::Lignans;acceptor_superclass::Lysine alkaloids;acceptor_superclass::Monoterpenoids;acceptor_superclass::Ornithine alkaloids;acceptor_superclass::Phenanthrenoids;acceptor_superclass::Phenolic acids (C6-C1);acceptor_superclass::Phenylpropanoids (C6-C3);acceptor_superclass::Pseudoalkaloids;acceptor_superclass::Saccharides;acceptor_superclass::Small peptides;acceptor_superclass::Steroids;acceptor_superclass::Triterpenoids	0,0,0,0,0,0,0,0,0,0,0,1,0,0,0,0,0,0,0,0,0,0,0	1,0,1,0,1,1,1,1,1,1,0,1,1,1,0,1,1,1,1,1,1,0,0	0.026834,-0.009815,0.002884,-0.004058,0.004328,0.006375,0.003347,0.025902,0.008222,0.030015,-0.000953,0.017875,0.034087,0.001815,-0.028551,0.003741,0.012325,0.029014,0.011142,0.018244,0.005304,-0.022620,-0.004317
Tant_HQT1_QCI44191.1	Tant_HQT1_QCI44191.1	acceptor_superclass::Phenolic acids (C6-C1)	acceptor_superclass::Coumarins;acceptor_superclass::Diterpenoids;acceptor_superclass::Fatty Acids and Conjugates;acceptor_superclass::Fatty acyls;acceptor_superclass::Flavonoids;acceptor_superclass::Lignans;acceptor_superclass::Lysine alkaloids;acceptor_superclass::Monoterpenoids;acceptor_superclass::Naphthalenes;acceptor_superclass::Phenanthrenoids;acceptor_superclass::Phenolic acids (C6-C1);acceptor_superclass::Phenylethanoids (C6-C2);acceptor_superclass::Phenylpropanoids (C6-C3);acceptor_superclass::Pseudoalkaloids;acceptor_superclass::Saccharides;acceptor_superclass::Small peptides;acceptor_superclass::Steroids;acceptor_superclass::Triterpenoids;acceptor_superclass::Tryptophan alkaloids;acceptor_superclass::Tyrosine alkaloids	0,0,0,0,0,0,0,0,0,0,0,0,0,1,0,0,0,0,0,0,0,0,0	1,0,1,1,1,1,0,1,1,1,1,0,1,1,1,1,1,1,1,1,1,1,1	0.017714,-0.016186,0.012905,0.015746,0.002606,0.001266,-0.003098,0.001299,0.010090,0.006330,0.011787,-0.003164,0.011432,0.002647,0.001799,0.002733,0.013009,0.015513,0.006777,0.015548,0.009116,0.002636,0.002657
Tant_HQT2_QBQ52948.1	Tant_HQT2_QBQ52948.1	acceptor_superclass::Phenolic acids (C6-C1)	acceptor_superclass::Coumarins;acceptor_superclass::Diterpenoids;acceptor_superclass::Fatty acyls;acceptor_superclass::Flavonoids;acceptor_superclass::Isoflavonoids;acceptor_superclass::Lignans;acceptor_superclass::Lysine alkaloids;acceptor_superclass::Monoterpenoids;acceptor_superclass::Ornithine alkaloids;acceptor_superclass::Phenanthrenoids;acceptor_superclass::Phenolic acids (C6-C1);acceptor_superclass::Phenylpropanoids (C6-C3);acceptor_superclass::Pseudoalkaloids;acceptor_superclass::Saccharides;acceptor_superclass::Small peptides;acceptor_superclass::Steroids;acceptor_superclass::Triterpenoids	0,0,0,0,0,0,0,0,0,0,0,0,0,1,0,0,0,0,0,0,0,0,0	1,0,1,0,1,1,1,1,1,1,0,1,1,1,0,1,1,1,1,1,1,0,0	0.026834,-0.009815,0.002884,-0.004058,0.004328,0.006375,0.003347,0.025902,0.008222,0.030015,-0.000953,0.017876,0.034087,0.001814,-0.028551,0.003741,0.012325,0.029014,0.011142,0.018244,0.005303,-0.022621,-0.004317
Tcan_TAX10_AAM75818.1	Tcan_TAX10_AAM75818.1	acceptor_superclass::Diterpenoids	acceptor_superclass::Coumarins;acceptor_superclass::Diterpenoids;acceptor_superclass::Fatty acyls;acceptor_superclass::Flavonoids;acceptor_superclass::Isoflavonoids;acceptor_superclass::Lignans;acceptor_superclass::Lysine alkaloids;acceptor_superclass::Monoterpenoids;acceptor_superclass::Ornithine alkaloids;acceptor_superclass::Phenanthrenoids;acceptor_superclass::Phenolic acids (C6-C1);acceptor_superclass::Phenylpropanoids (C6-C3);acceptor_superclass::Pseudoalkaloids;acceptor_superclass::Saccharides;acceptor_superclass::Small peptides;acceptor_superclass::Steroids;acceptor_superclass::Triterpenoids	0,0,1,0,0,0,0,0,0,0,0,0,0,0,0,0,0,0,0,0,0,0,0	1,0,1,0,1,1,1,1,1,1,0,1,1,1,0,1,1,1,1,1,1,0,0	0.026834,-0.009815,0.002884,-0.004059,0.004329,0.006375,0.003347,0.025902,0.008222,0.030015,-0.000952,0.017875,0.034087,0.001815,-0.028551,0.003741,0.012326,0.029014,0.011143,0.018244,0.005304,-0.022621,-0.004317
Tcus_BAPT_AAL92459.1	Tcus_BAPT_AAL92459.1	acceptor_superclass::Diterpenoids	acceptor_superclass::Coumarins;acceptor_superclass::Diterpenoids;acceptor_superclass::Fatty Acids and Conjugates;acceptor_superclass::Fatty acyls;acceptor_superclass::Flavonoids;acceptor_superclass::Lignans;acceptor_superclass::Lysine alkaloids;acceptor_superclass::Monoterpenoids;acceptor_superclass::Naphthalenes;acceptor_superclass::Phenanthrenoids;acceptor_superclass::Phenolic acids (C6-C1);acceptor_superclass::Phenylethanoids (C6-C2);acceptor_superclass::Phenylpropanoids (C6-C3);acceptor_superclass::Pseudoalkaloids;acceptor_superclass::Saccharides;acceptor_superclass::Small peptides;acceptor_superclass::Steroids;acceptor_superclass::Triterpenoids;acceptor_superclass::Tryptophan alkaloids;acceptor_superclass::Tyrosine alkaloids	0,0,1,0,0,0,0,0,0,0,0,0,0,0,0,0,0,0,0,0,0,0,0	1,0,1,1,1,1,0,1,1,1,1,0,1,1,1,1,1,1,1,1,1,1,1	0.017714,-0.016186,0.012906,0.015746,0.002605,0.001263,-0.003098,0.001299,0.010091,0.006331,0.011785,-0.003165,0.011432,0.002647,0.001798,0.002731,0.013009,0.015514,0.006775,0.015548,0.009116,0.002635,0.002657
Tcus_DBAT_AAF27621.1	Tcus_DBAT_AAF27621.1	acceptor_superclass::Diterpenoids	acceptor_superclass::Coumarins;acceptor_superclass::Diterpenoids;acceptor_superclass::Fatty Acids and Conjugates;acceptor_superclass::Fatty acyls;acceptor_superclass::Flavonoids;acceptor_superclass::Lignans;acceptor_superclass::Lysine alkaloids;acceptor_superclass::Monoterpenoids;acceptor_superclass::Naphthalenes;acceptor_superclass::Phenanthrenoids;acceptor_superclass::Phenolic acids (C6-C1);acceptor_superclass::Phenylethanoids (C6-C2);acceptor_superclass::Phenylpropanoids (C6-C3);acceptor_superclass::Pseudoalkaloids;acceptor_superclass::Saccharides;acceptor_superclass::Small peptides;acceptor_superclass::Steroids;acceptor_superclass::Triterpenoids;acceptor_superclass::Tryptophan alkaloids;acceptor_superclass::Tyrosine alkaloids	0,0,1,0,0,0,0,0,0,0,0,0,0,0,0,0,0,0,0,0,0,0,0	1,0,1,1,1,1,0,1,1,1,1,0,1,1,1,1,1,1,1,1,1,1,1	0.017714,-0.016186,0.012906,0.015746,0.002602,0.001258,-0.003097,0.001299,0.010092,0.006334,0.011782,-0.003169,0.011432,0.002647,0.001797,0.002726,0.013009,0.015516,0.006773,0.015549,0.009116,0.002632,0.002656
Tcus_TBT_AAG38049.1	Tcus_DBBT_AAG38049.1	acceptor_superclass::Diterpenoids	acceptor_superclass::Coumarins;acceptor_superclass::Diterpenoids;acceptor_superclass::Fatty acyls;acceptor_superclass::Flavonoids;acceptor_superclass::Isoflavonoids;acceptor_superclass::Lignans;acceptor_superclass::Lysine alkaloids;acceptor_superclass::Monoterpenoids;acceptor_superclass::Ornithine alkaloids;acceptor_superclass::Phenanthrenoids;acceptor_superclass::Phenolic acids (C6-C1);acceptor_superclass::Phenylpropanoids (C6-C3);acceptor_superclass::Pseudoalkaloids;acceptor_superclass::Saccharides;acceptor_superclass::Small peptides;acceptor_superclass::Steroids;acceptor_superclass::Triterpenoids	0,0,1,0,0,0,0,0,0,0,0,0,0,0,0,0,0,0,0,0,0,0,0	1,0,1,0,1,1,1,1,1,1,0,1,1,1,0,1,1,1,1,1,1,0,0	0.026834,-0.009815,0.002884,-0.004059,0.004328,0.006375,0.003347,0.025902,0.008222,0.030015,-0.000952,0.017875,0.034087,0.001815,-0.028551,0.003741,0.012326,0.029014,0.011143,0.018244,0.005304,-0.022621,-0.004317
Tcus_DBNTBT_AAM75818.1	Tcus_DBNTBT_AAM75818.1	acceptor_superclass::Diterpenoids	acceptor_superclass::Coumarins;acceptor_superclass::Diterpenoids;acceptor_superclass::Fatty acyls;acceptor_superclass::Flavonoids;acceptor_superclass::Isoflavonoids;acceptor_superclass::Lignans;acceptor_superclass::Lysine alkaloids;acceptor_superclass::Monoterpenoids;acceptor_superclass::Ornithine alkaloids;acceptor_superclass::Phenanthrenoids;acceptor_superclass::Phenolic acids (C6-C1);acceptor_superclass::Phenylpropanoids (C6-C3);acceptor_superclass::Pseudoalkaloids;acceptor_superclass::Saccharides;acceptor_superclass::Small peptides;acceptor_superclass::Steroids;acceptor_superclass::Triterpenoids	0,0,1,0,0,0,0,0,0,0,0,0,0,0,0,0,0,0,0,0,0,0,0	1,0,1,0,1,1,1,1,1,1,0,1,1,1,0,1,1,1,1,1,1,0,0	0.026834,-0.009815,0.002884,-0.004059,0.004329,0.006375,0.003347,0.025902,0.008222,0.030015,-0.000952,0.017875,0.034087,0.001815,-0.028551,0.003741,0.012326,0.029014,0.011143,0.018244,0.005304,-0.022621,-0.004317
Tcus_TAT_AAF34254.1	Tcus_TAT_AAF34254.1	acceptor_superclass::Diterpenoids	acceptor_superclass::Cyclic polyketides;acceptor_superclass::Flavonoids;acceptor_superclass::Isoflavonoids;acceptor_superclass::Lignans;acceptor_superclass::Monoterpenoids;acceptor_superclass::Naphthalenes;acceptor_superclass::Phenolic acids (C6-C1);acceptor_superclass::Phenylpropanoids (C6-C3);acceptor_superclass::Pseudoalkaloids;acceptor_superclass::Saccharides;acceptor_superclass::Steroids;acceptor_superclass::Tyrosine alkaloids	0,0,1,0,0,0,0,0,0,0,0,0,0,0,0,0,0,0,0,0,0,0,0	0,1,0,0,0,1,1,1,0,1,1,0,0,1,0,1,1,1,0,1,0,0,1	-0.001601,0.011547,-0.002240,-0.021620,-0.027446,0.020043,0.005086,0.018741,-0.000977,0.019054,0.003725,-0.020090,-0.001828,0.026219,-0.017838,0.006950,0.008214,0.009343,-0.000276,0.018382,-0.015656,-0.006255,0.006013
Tcus_TAX19_AAU89980.1	Tcus_TAX19_AAU89980.1		acceptor_superclass::Coumarins;acceptor_superclass::Fatty acyls;acceptor_superclass::Flavonoids;acceptor_superclass::Lignans;acceptor_superclass::Lysine alkaloids;acceptor_superclass::Monoterpenoids;acceptor_superclass::Naphthalenes;acceptor_superclass::Ornithine alkaloids;acceptor_superclass::Phenanthrenoids;acceptor_superclass::Phenylethanoids (C6-C2);acceptor_superclass::Phenylpropanoids (C6-C3);acceptor_superclass::Pseudoalkaloids;acceptor_superclass::Small peptides;acceptor_superclass::Tryptophan alkaloids;acceptor_superclass::Tyrosine alkaloids	0,0,0,0,0,0,0,0,0,0,0,0,0,0,0,0,0,0,0,0,0,0,0	1,0,0,0,1,1,0,1,1,1,1,1,1,0,1,1,1,0,1,0,0,1,1	0.035011,-0.002635,-0.020310,-0.002492,0.011199,0.038432,-0.029586,0.032514,0.041839,0.016638,0.018087,0.001000,0.016582,-0.026216,0.024911,0.002946,0.027180,-0.035133,0.003576,-0.034486,-0.040607,0.014074,0.011821
Tcus_TAT_AAF34254.1	Tcus_TAX1_AAF34254.1		acceptor_superclass::Diterpenoids;acceptor_superclass::Fatty Acids and Conjugates;acceptor_superclass::Lignans;acceptor_superclass::Lysine alkaloids;acceptor_superclass::Ornithine alkaloids;acceptor_superclass::Phenolic acids (C6-C1);acceptor_superclass::Phenylethanoids (C6-C2);acceptor_superclass::Phenylpropanoids (C6-C3);acceptor_superclass::Pseudoalkaloids;acceptor_superclass::Tryptophan alkaloids;acceptor_superclass::Tyrosine alkaloids	0,0,0,0,0,0,0,0,0,0,0,0,0,0,0,0,0,0,0,0,0,0,0	0,0,1,1,0,0,0,1,1,0,0,1,0,1,1,1,1,0,0,0,0,1,1	-0.014331,-0.013549,0.011055,0.004201,-0.013830,-0.009397,-0.012567,0.017289,0.002828,-0.004479,-0.014983,0.004450,-0.026404,0.010797,0.010820,0.009444,0.019164,-0.000513,-0.009680,-0.004868,-0.006248,0.014364,0.001638
Tcus_TBT_AAG38049.1	Tcus_TBT_AAG38049.1	acceptor_superclass::Diterpenoids	acceptor_superclass::Coumarins;acceptor_superclass::Diterpenoids;acceptor_superclass::Fatty Acids and Conjugates;acceptor_superclass::Fatty acyls;acceptor_superclass::Flavonoids;acceptor_superclass::Lignans;acceptor_superclass::Lysine alkaloids;acceptor_superclass::Monoterpenoids;acceptor_superclass::Naphthalenes;acceptor_superclass::Phenanthrenoids;acceptor_superclass::Phenolic acids (C6-C1);acceptor_superclass::Phenylethanoids (C6-C2);acceptor_superclass::Phenylpropanoids (C6-C3);acceptor_superclass::Pseudoalkaloids;acceptor_superclass::Saccharides;acceptor_superclass::Small peptides;acceptor_superclass::Steroids;acceptor_superclass::Triterpenoids;acceptor_superclass::Tryptophan alkaloids;acceptor_superclass::Tyrosine alkaloids	0,0,1,0,0,0,0,0,0,0,0,0,0,0,0,0,0,0,0,0,0,0,0	1,0,1,1,1,1,0,1,1,1,1,0,1,1,1,1,1,1,1,1,1,1,1	0.017715,-0.016186,0.012907,0.015746,0.002600,0.001252,-0.003096,0.001299,0.010092,0.006337,0.011778,-0.003173,0.011432,0.002647,0.001797,0.002720,0.013009,0.015517,0.006770,0.015551,0.009115,0.002628,0.002654
Tmed_BAHD22_QDM39185.1	Tmed_BAHD22_QDM39185.1	acceptor_superclass::Diterpenoids	acceptor_superclass::Coumarins;acceptor_superclass::Fatty acyls;acceptor_superclass::Flavonoids;acceptor_superclass::Lignans;acceptor_superclass::Lysine alkaloids;acceptor_superclass::Monoterpenoids;acceptor_superclass::Naphthalenes;acceptor_superclass::Ornithine alkaloids;acceptor_superclass::Phenanthrenoids;acceptor_superclass::Phenylethanoids (C6-C2);acceptor_superclass::Phenylpropanoids (C6-C3);acceptor_superclass::Pseudoalkaloids;acceptor_superclass::Small peptides;acceptor_superclass::Tryptophan alkaloids;acceptor_superclass::Tyrosine alkaloids	0,0,1,0,0,0,0,0,0,0,0,0,0,0,0,0,0,0,0,0,0,0,0	1,0,0,0,1,1,0,1,1,1,1,1,1,0,1,1,1,0,1,0,0,1,1	0.035011,-0.002635,-0.020310,-0.002492,0.011199,0.038432,-0.029586,0.032514,0.041839,0.016638,0.018087,0.001000,0.016582,-0.026216,0.024911,0.002946,0.027180,-0.035133,0.003576,-0.034486,-0.040607,0.014074,0.011821
Tmed_BAHD6-13_BEK82039.1	Tmed_BAHD6-13_BEK82039.1	acceptor_superclass::Diterpenoids	acceptor_superclass::Coumarins;acceptor_superclass::Fatty acyls;acceptor_superclass::Flavonoids;acceptor_superclass::Lignans;acceptor_superclass::Lysine alkaloids;acceptor_superclass::Monoterpenoids;acceptor_superclass::Naphthalenes;acceptor_superclass::Ornithine alkaloids;acceptor_superclass::Phenanthrenoids;acceptor_superclass::Phenylethanoids (C6-C2);acceptor_superclass::Phenylpropanoids (C6-C3);acceptor_superclass::Pseudoalkaloids;acceptor_superclass::Small peptides;acceptor_superclass::Tryptophan alkaloids;acceptor_superclass::Tyrosine alkaloids	0,0,1,0,0,0,0,0,0,0,0,0,0,0,0,0,0,0,0,0,0,0,0	1,0,0,0,1,1,0,1,1,1,1,1,1,0,1,1,1,0,1,0,0,1,1	0.035011,-0.002635,-0.020310,-0.002492,0.011199,0.038432,-0.029586,0.032514,0.041839,0.016638,0.018087,0.001000,0.016582,-0.026216,0.024911,0.002946,0.027180,-0.035133,0.003576,-0.034486,-0.040607,0.014074,0.011821
Tmed_DBAT_QDM39186.1	Tmed_DBAT_QDM39186.1	acceptor_superclass::Diterpenoids	acceptor_superclass::Coumarins;acceptor_superclass::Diterpenoids;acceptor_superclass::Fatty acyls;acceptor_superclass::Flavonoids;acceptor_superclass::Isoflavonoids;acceptor_superclass::Lignans;acceptor_superclass::Lysine alkaloids;acceptor_superclass::Monoterpenoids;acceptor_superclass::Ornithine alkaloids;acceptor_superclass::Phenanthrenoids;acceptor_superclass::Phenolic acids (C6-C1);acceptor_superclass::Phenylpropanoids (C6-C3);acceptor_superclass::Pseudoalkaloids;acceptor_superclass::Saccharides;acceptor_superclass::Small peptides;acceptor_superclass::Steroids;acceptor_superclass::Triterpenoids	0,0,1,0,0,0,0,0,0,0,0,0,0,0,0,0,0,0,0,0,0,0,0	1,0,1,0,1,1,1,1,1,1,0,1,1,1,0,1,1,1,1,1,1,0,0	0.026834,-0.009815,0.002884,-0.004059,0.004328,0.006375,0.003347,0.025902,0.008222,0.030015,-0.000952,0.017875,0.034087,0.001815,-0.028551,0.003741,0.012326,0.029014,0.011143,0.018244,0.005304,-0.022621,-0.004317
Tmed_TAT_QDM39184.1	Tmed_TAT_QDM39184.1	acceptor_superclass::Diterpenoids	acceptor_superclass::Diterpenoids;acceptor_superclass::Fatty Acids and Conjugates;acceptor_superclass::Lignans;acceptor_superclass::Lysine alkaloids;acceptor_superclass::Ornithine alkaloids;acceptor_superclass::Phenolic acids (C6-C1);acceptor_superclass::Phenylethanoids (C6-C2);acceptor_superclass::Phenylpropanoids (C6-C3);acceptor_superclass::Pseudoalkaloids;acceptor_superclass::Tryptophan alkaloids;acceptor_superclass::Tyrosine alkaloids	0,0,1,0,0,0,0,0,0,0,0,0,0,0,0,0,0,0,0,0,0,0,0	0,0,1,1,0,0,0,1,1,0,0,1,0,1,1,1,1,0,0,0,0,1,1	-0.014331,-0.013549,0.011055,0.004201,-0.013830,-0.009397,-0.012567,0.017289,0.002828,-0.004479,-0.014983,0.004449,-0.026404,0.010797,0.010820,0.009444,0.019164,-0.000513,-0.009680,-0.004868,-0.006248,0.014364,0.001638
Tpra_HST_ACI16630.1	Tpra_HCT1A_ACI16630.1	acceptor_superclass::Phenolic acids (C6-C1)	acceptor_superclass::Coumarins;acceptor_superclass::Diterpenoids;acceptor_superclass::Fatty Acids and Conjugates;acceptor_superclass::Fatty acyls;acceptor_superclass::Flavonoids;acceptor_superclass::Lignans;acceptor_superclass::Lysine alkaloids;acceptor_superclass::Monoterpenoids;acceptor_superclass::Naphthalenes;acceptor_superclass::Phenanthrenoids;acceptor_superclass::Phenolic acids (C6-C1);acceptor_superclass::Phenylethanoids (C6-C2);acceptor_superclass::Phenylpropanoids (C6-C3);acceptor_superclass::Pseudoalkaloids;acceptor_superclass::Saccharides;acceptor_superclass::Small peptides;acceptor_superclass::Steroids;acceptor_superclass::Triterpenoids;acceptor_superclass::Tryptophan alkaloids;acceptor_superclass::Tyrosine alkaloids	0,0,0,0,0,0,0,0,0,0,0,0,0,1,0,0,0,0,0,0,0,0,0	1,0,1,1,1,1,0,1,1,1,1,0,1,1,1,1,1,1,1,1,1,1,1	0.017713,-0.016186,0.012904,0.015745,0.002608,0.001270,-0.003099,0.001298,0.010089,0.006326,0.011789,-0.003160,0.011432,0.002647,0.001800,0.002737,0.013010,0.015512,0.006779,0.015547,0.009117,0.002638,0.002658
Tpra_HMT_ACI16631.1	Tpra_HCT2_ACI16631.1	acceptor_superclass::Fatty Acids and Conjugates	acceptor_superclass::Coumarins;acceptor_superclass::Fatty acyls;acceptor_superclass::Flavonoids;acceptor_superclass::Lignans;acceptor_superclass::Lysine alkaloids;acceptor_superclass::Monoterpenoids;acceptor_superclass::Naphthalenes;acceptor_superclass::Ornithine alkaloids;acceptor_superclass::Phenanthrenoids;acceptor_superclass::Phenylethanoids (C6-C2);acceptor_superclass::Phenylpropanoids (C6-C3);acceptor_superclass::Pseudoalkaloids;acceptor_superclass::Small peptides;acceptor_superclass::Tryptophan alkaloids;acceptor_superclass::Tyrosine alkaloids	0,0,0,1,0,0,0,0,0,0,0,0,0,0,0,0,0,0,0,0,0,0,0	1,0,0,0,1,1,0,1,1,1,1,1,1,0,1,1,1,0,1,0,0,1,1	0.035011,-0.002635,-0.020310,-0.002492,0.011199,0.038432,-0.029586,0.032514,0.041839,0.016638,0.018087,0.001000,0.016582,-0.026216,0.024911,0.002946,0.027180,-0.035134,0.003576,-0.034486,-0.040607,0.014074,0.011821
Tpra_HDT1_AXB87812.1	Tpra_HDT1_AXB87812.1	acceptor_superclass::Small peptides;acceptor_superclass::Tyrosine alkaloids	acceptor_superclass::Diterpenoids;acceptor_superclass::Fatty Acids and Conjugates;acceptor_superclass::Lignans;acceptor_superclass::Lysine alkaloids;acceptor_superclass::Ornithine alkaloids;acceptor_superclass::Phenolic acids (C6-C1);acceptor_superclass::Phenylethanoids (C6-C2);acceptor_superclass::Phenylpropanoids (C6-C3);acceptor_superclass::Pseudoalkaloids;acceptor_superclass::Tryptophan alkaloids;acceptor_superclass::Tyrosine alkaloids	0,0,0,0,0,0,0,0,0,0,0,0,0,0,0,0,0,0,1,0,0,0,1	0,0,1,1,0,0,0,1,1,0,0,1,0,1,1,1,1,0,0,0,0,1,1	-0.014331,-0.013549,0.011055,0.004200,-0.013831,-0.009396,-0.012567,0.017289,0.002828,-0.004479,-0.014983,0.004449,-0.026403,0.010798,0.010820,0.009444,0.019164,-0.000514,-0.009680,-0.004868,-0.006248,0.014363,0.001637
Tpra_HDT1_AXB87812.1	Tpra_HDT_AXB87812.1	acceptor_superclass::Small peptides	acceptor_superclass::Diterpenoids;acceptor_superclass::Fatty Acids and Conjugates;acceptor_superclass::Lignans;acceptor_superclass::Lysine alkaloids;acceptor_superclass::Ornithine alkaloids;acceptor_superclass::Phenolic acids (C6-C1);acceptor_superclass::Phenylethanoids (C6-C2);acceptor_superclass::Phenylpropanoids (C6-C3);acceptor_superclass::Pseudoalkaloids;acceptor_superclass::Tryptophan alkaloids;acceptor_superclass::Tyrosine alkaloids	0,0,0,0,0,0,0,0,0,0,0,0,0,0,0,0,0,0,1,0,0,0,0	0,0,1,1,0,0,0,1,1,0,0,1,0,1,1,1,1,0,0,0,0,1,1	-0.014331,-0.013549,0.011055,0.004200,-0.013831,-0.009396,-0.012567,0.017289,0.002828,-0.004479,-0.014983,0.004449,-0.026403,0.010798,0.010820,0.009444,0.019164,-0.000514,-0.009680,-0.004868,-0.006248,0.014363,0.001637
Tpra_HMT_ACI16631.1	Tpra_HMT_ACI16631.1	acceptor_superclass::Fatty Acids and Conjugates	acceptor_superclass::Cyclic polyketides;acceptor_superclass::Flavonoids;acceptor_superclass::Isoflavonoids;acceptor_superclass::Lignans;acceptor_superclass::Monoterpenoids;acceptor_superclass::Naphthalenes;acceptor_superclass::Phenolic acids (C6-C1);acceptor_superclass::Phenylpropanoids (C6-C3);acceptor_superclass::Pseudoalkaloids;acceptor_superclass::Saccharides;acceptor_superclass::Steroids;acceptor_superclass::Tyrosine alkaloids	0,0,0,1,0,0,0,0,0,0,0,0,0,0,0,0,0,0,0,0,0,0,0	0,1,0,0,0,1,1,1,0,1,1,0,0,1,0,1,1,1,0,1,0,0,1	-0.001602,0.011546,-0.002240,-0.021621,-0.027448,0.020043,0.005086,0.018741,-0.000976,0.019054,0.003726,-0.020088,-0.001827,0.026218,-0.017837,0.006950,0.008213,0.009343,-0.000274,0.018381,-0.015656,-0.006254,0.006013
Tpra_HST_ACI16630.1	Tpra_HST_ACI16630.1	acceptor_superclass::Phenolic acids (C6-C1)	acceptor_superclass::Cyclic polyketides;acceptor_superclass::Flavonoids;acceptor_superclass::Isoflavonoids;acceptor_superclass::Lignans;acceptor_superclass::Monoterpenoids;acceptor_superclass::Naphthalenes;acceptor_superclass::Phenolic acids (C6-C1);acceptor_superclass::Phenylpropanoids (C6-C3);acceptor_superclass::Pseudoalkaloids;acceptor_superclass::Saccharides;acceptor_superclass::Steroids;acceptor_superclass::Tyrosine alkaloids	0,0,0,0,0,0,0,0,0,0,0,0,0,1,0,0,0,0,0,0,0,0,0	0,1,0,0,0,1,1,1,0,1,1,0,0,1,0,1,1,1,0,1,0,0,1	-0.001604,0.011545,-0.002240,-0.021621,-0.027456,0.020045,0.005085,0.018742,-0.000975,0.019054,0.003730,-0.020082,-0.001824,0.026217,-0.017834,0.006949,0.008210,0.009342,-0.000267,0.018377,-0.015654,-0.006251,0.006013
Twal_DBAT_AFD32413.1	Twal_DBAT_AFD32413.1	acceptor_superclass::Diterpenoids	acceptor_superclass::Diterpenoids;acceptor_superclass::Fatty Acids and Conjugates;acceptor_superclass::Lignans;acceptor_superclass::Lysine alkaloids;acceptor_superclass::Ornithine alkaloids;acceptor_superclass::Phenolic acids (C6-C1);acceptor_superclass::Phenylethanoids (C6-C2);acceptor_superclass::Phenylpropanoids (C6-C3);acceptor_superclass::Pseudoalkaloids;acceptor_superclass::Tryptophan alkaloids;acceptor_superclass::Tyrosine alkaloids	0,0,1,0,0,0,0,0,0,0,0,0,0,0,0,0,0,0,0,0,0,0,0	0,0,1,1,0,0,0,1,1,0,0,1,0,1,1,1,1,0,0,0,0,1,1	-0.014331,-0.013549,0.011055,0.004201,-0.013830,-0.009397,-0.012567,0.017289,0.002828,-0.004479,-0.014983,0.004450,-0.026404,0.010797,0.010820,0.009444,0.019164,-0.000513,-0.009680,-0.004868,-0.006248,0.014364,0.001638
Vhyb_3MAT1_AAS77402.1	Vhyb_3MAT1_AAS77402.1	acceptor_superclass::Flavonoids;acceptor_superclass::Isoflavonoids;acceptor_superclass::Phenolic acids (C6-C1)	acceptor_superclass::Diterpenoids;acceptor_superclass::Fatty Acids and Conjugates;acceptor_superclass::Lignans;acceptor_superclass::Lysine alkaloids;acceptor_superclass::Ornithine alkaloids;acceptor_superclass::Phenolic acids (C6-C1);acceptor_superclass::Phenylethanoids (C6-C2);acceptor_superclass::Phenylpropanoids (C6-C3);acceptor_superclass::Pseudoalkaloids;acceptor_superclass::Tryptophan alkaloids;acceptor_superclass::Tyrosine alkaloids	0,0,0,0,0,1,1,0,0,0,0,0,0,1,0,0,0,0,0,0,0,0,0	0,0,1,1,0,0,0,1,1,0,0,1,0,1,1,1,1,0,0,0,0,1,1	-0.014331,-0.013549,0.011055,0.004201,-0.013830,-0.009397,-0.012567,0.017289,0.002828,-0.004479,-0.014983,0.004450,-0.026404,0.010797,0.010820,0.009444,0.019164,-0.000513,-0.009680,-0.004868,-0.006248,0.014364,0.001638
Vlab_AMAT_AAW22989.1	Vlab_AMAT_AAW22989.1	acceptor_superclass::Fatty acyls	acceptor_superclass::Cyclic polyketides;acceptor_superclass::Flavonoids;acceptor_superclass::Isoflavonoids;acceptor_superclass::Lignans;acceptor_superclass::Monoterpenoids;acceptor_superclass::Naphthalenes;acceptor_superclass::Phenolic acids (C6-C1);acceptor_superclass::Phenylpropanoids (C6-C3);acceptor_superclass::Pseudoalkaloids;acceptor_superclass::Saccharides;acceptor_superclass::Steroids;acceptor_superclass::Tyrosine alkaloids	0,0,0,0,1,0,0,0,0,0,0,0,0,0,0,0,0,0,0,0,0,0,0	0,1,0,0,0,1,1,1,0,1,1,0,0,1,0,1,1,1,0,1,0,0,1	-0.001598,0.011547,-0.002241,-0.021620,-0.027438,0.020042,0.005088,0.018741,-0.000978,0.019053,0.003721,-0.020096,-0.001831,0.026220,-0.017840,0.006951,0.008217,0.009344,-0.000283,0.018386,-0.015658,-0.006258,0.006013
Vvin_3AT_AKF15588.1	Vvin_3AT_AKF15588.1	acceptor_superclass::Flavonoids	acceptor_superclass::Coumarins;acceptor_superclass::Diterpenoids;acceptor_superclass::Fatty Acids and Conjugates;acceptor_superclass::Fatty acyls;acceptor_superclass::Flavonoids;acceptor_superclass::Lignans;acceptor_superclass::Lysine alkaloids;acceptor_superclass::Monoterpenoids;acceptor_superclass::Naphthalenes;acceptor_superclass::Phenanthrenoids;acceptor_superclass::Phenolic acids (C6-C1);acceptor_superclass::Phenylethanoids (C6-C2);acceptor_superclass::Phenylpropanoids (C6-C3);acceptor_superclass::Pseudoalkaloids;acceptor_superclass::Saccharides;acceptor_superclass::Small peptides;acceptor_superclass::Steroids;acceptor_superclass::Triterpenoids;acceptor_superclass::Tryptophan alkaloids;acceptor_superclass::Tyrosine alkaloids	0,0,0,0,0,1,0,0,0,0,0,0,0,0,0,0,0,0,0,0,0,0,0	1,0,1,1,1,1,0,1,1,1,1,0,1,1,1,1,1,1,1,1,1,1,1	0.017715,-0.016186,0.012908,0.015746,0.002597,0.001248,-0.003095,0.001298,0.010093,0.006340,0.011775,-0.003177,0.011432,0.002647,0.001797,0.002716,0.013009,0.015519,0.006768,0.015552,0.009115,0.002626,0.002654
Vvin_AAT2_CBI26419.3	Vvin_AAT2_CBI26419.3	acceptor_superclass::Fatty acyls;acceptor_superclass::Phenylethanoids (C6-C2)	acceptor_superclass::Diterpenoids;acceptor_superclass::Fatty Acids and Conjugates;acceptor_superclass::Lignans;acceptor_superclass::Lysine alkaloids;acceptor_superclass::Ornithine alkaloids;acceptor_superclass::Phenolic acids (C6-C1);acceptor_superclass::Phenylethanoids (C6-C2);acceptor_superclass::Phenylpropanoids (C6-C3);acceptor_superclass::Pseudoalkaloids;acceptor_superclass::Tryptophan alkaloids;acceptor_superclass::Tyrosine alkaloids	0,0,0,0,1,0,0,0,0,0,0,0,0,0,1,0,0,0,0,0,0,0,0	0,0,1,1,0,0,0,1,1,0,0,1,0,1,1,1,1,0,0,0,0,1,1	-0.014331,-0.013549,0.011055,0.004201,-0.013830,-0.009397,-0.012567,0.017289,0.002828,-0.004479,-0.014983,0.004450,-0.026404,0.010797,0.010820,0.009444,0.019164,-0.000513,-0.009680,-0.004868,-0.006248,0.014364,0.001638
Vvin_SHT_QNO39112.1	Vvin_SHT_QNO39112.1	acceptor_superclass::Ornithine alkaloids	acceptor_superclass::Cyclic polyketides;acceptor_superclass::Flavonoids;acceptor_superclass::Isoflavonoids;acceptor_superclass::Lignans;acceptor_superclass::Monoterpenoids;acceptor_superclass::Naphthalenes;acceptor_superclass::Phenolic acids (C6-C1);acceptor_superclass::Phenylpropanoids (C6-C3);acceptor_superclass::Pseudoalkaloids;acceptor_superclass::Saccharides;acceptor_superclass::Steroids;acceptor_superclass::Tyrosine alkaloids	0,0,0,0,0,0,0,0,0,0,0,1,0,0,0,0,0,0,0,0,0,0,0	0,1,0,0,0,1,1,1,0,1,1,0,0,1,0,1,1,1,0,1,0,0,1	-0.001597,0.011548,-0.002241,-0.021619,-0.027435,0.020041,0.005088,0.018740,-0.000979,0.019053,0.003719,-0.020098,-0.001833,0.026220,-0.017841,0.006951,0.008218,0.009345,-0.000287,0.018387,-0.015658,-0.006260,0.006013
Wlon_BAT1_NA	Wlon_BAT1_NA	acceptor_superclass::Monoterpenoids	acceptor_superclass::Coumarins;acceptor_superclass::Fatty acyls;acceptor_superclass::Flavonoids;acceptor_superclass::Lignans;acceptor_superclass::Lysine alkaloids;acceptor_superclass::Monoterpenoids;acceptor_superclass::Naphthalenes;acceptor_superclass::Ornithine alkaloids;acceptor_superclass::Phenanthrenoids;acceptor_superclass::Phenylethanoids (C6-C2);acceptor_superclass::Phenylpropanoids (C6-C3);acceptor_superclass::Pseudoalkaloids;acceptor_superclass::Small peptides;acceptor_superclass::Tryptophan alkaloids;acceptor_superclass::Tyrosine alkaloids	0,0,0,0,0,0,0,0,0,1,0,0,0,0,0,0,0,0,0,0,0,0,0	1,0,0,0,1,1,0,1,1,1,1,1,1,0,1,1,1,0,1,0,0,1,1	0.035011,-0.002635,-0.020310,-0.002492,0.011199,0.038432,-0.029586,0.032514,0.041839,0.016638,0.018087,0.001000,0.016582,-0.026216,0.024911,0.002946,0.027180,-0.035133,0.003576,-0.034486,-0.040607,0.014074,0.011821
Wlon_BAT2_NA	Wlon_BAT2_NA	acceptor_superclass::Monoterpenoids	acceptor_superclass::Diterpenoids;acceptor_superclass::Fatty Acids and Conjugates;acceptor_superclass::Lignans;acceptor_superclass::Lysine alkaloids;acceptor_superclass::Ornithine alkaloids;acceptor_superclass::Phenolic acids (C6-C1);acceptor_superclass::Phenylethanoids (C6-C2);acceptor_superclass::Phenylpropanoids (C6-C3);acceptor_superclass::Pseudoalkaloids;acceptor_superclass::Tryptophan alkaloids;acceptor_superclass::Tyrosine alkaloids	0,0,0,0,0,0,0,0,0,1,0,0,0,0,0,0,0,0,0,0,0,0,0	0,0,1,1,0,0,0,1,1,0,0,1,0,1,1,1,1,0,0,0,0,1,1	-0.014331,-0.013549,0.011055,0.004201,-0.013830,-0.009397,-0.012567,0.017289,0.002828,-0.004480,-0.014983,0.004450,-0.026404,0.010797,0.010820,0.009444,0.019164,-0.000513,-0.009680,-0.004868,-0.006248,0.014364,0.001638
Wlon_BAT3_NA	Wlon_BAT3_NA	acceptor_superclass::Monoterpenoids	acceptor_superclass::Coumarins;acceptor_superclass::Fatty acyls;acceptor_superclass::Flavonoids;acceptor_superclass::Lignans;acceptor_superclass::Lysine alkaloids;acceptor_superclass::Monoterpenoids;acceptor_superclass::Naphthalenes;acceptor_superclass::Ornithine alkaloids;acceptor_superclass::Phenanthrenoids;acceptor_superclass::Phenylethanoids (C6-C2);acceptor_superclass::Phenylpropanoids (C6-C3);acceptor_superclass::Pseudoalkaloids;acceptor_superclass::Small peptides;acceptor_superclass::Tryptophan alkaloids;acceptor_superclass::Tyrosine alkaloids	0,0,0,0,0,0,0,0,0,1,0,0,0,0,0,0,0,0,0,0,0,0,0	1,0,0,0,1,1,0,1,1,1,1,1,1,0,1,1,1,0,1,0,0,1,1	0.035011,-0.002635,-0.020310,-0.002492,0.011199,0.038432,-0.029586,0.032514,0.041839,0.016638,0.018087,0.001000,0.016582,-0.026216,0.024911,0.002946,0.027180,-0.035133,0.003576,-0.034486,-0.040607,0.014074,0.011821
Wvil_BAT1_WvBAHD8	Wvil_BAT1_WvBAHD8	acceptor_superclass::Monoterpenoids	acceptor_superclass::Coumarins;acceptor_superclass::Diterpenoids;acceptor_superclass::Fatty Acids and Conjugates;acceptor_superclass::Fatty acyls;acceptor_superclass::Flavonoids;acceptor_superclass::Lignans;acceptor_superclass::Lysine alkaloids;acceptor_superclass::Monoterpenoids;acceptor_superclass::Naphthalenes;acceptor_superclass::Phenanthrenoids;acceptor_superclass::Phenolic acids (C6-C1);acceptor_superclass::Phenylethanoids (C6-C2);acceptor_superclass::Phenylpropanoids (C6-C3);acceptor_superclass::Pseudoalkaloids;acceptor_superclass::Saccharides;acceptor_superclass::Small peptides;acceptor_superclass::Steroids;acceptor_superclass::Triterpenoids;acceptor_superclass::Tryptophan alkaloids;acceptor_superclass::Tyrosine alkaloids	0,0,0,0,0,0,0,0,0,1,0,0,0,0,0,0,0,0,0,0,0,0,0	1,0,1,1,1,1,0,1,1,1,1,0,1,1,1,1,1,1,1,1,1,1,1	0.017714,-0.016186,0.012906,0.015746,0.002606,0.001265,-0.003098,0.001299,0.010091,0.006331,0.011786,-0.003164,0.011432,0.002647,0.001798,0.002733,0.013009,0.015514,0.006775,0.015548,0.009116,0.002636,0.002657
Wvil_BAT2_WvBAHD14	Wvil_BAT2_WvBAHD14	acceptor_superclass::Monoterpenoids	acceptor_superclass::Diterpenoids;acceptor_superclass::Fatty Acids and Conjugates;acceptor_superclass::Lignans;acceptor_superclass::Lysine alkaloids;acceptor_superclass::Ornithine alkaloids;acceptor_superclass::Phenolic acids (C6-C1);acceptor_superclass::Phenylethanoids (C6-C2);acceptor_superclass::Phenylpropanoids (C6-C3);acceptor_superclass::Pseudoalkaloids;acceptor_superclass::Tryptophan alkaloids;acceptor_superclass::Tyrosine alkaloids	0,0,0,0,0,0,0,0,0,1,0,0,0,0,0,0,0,0,0,0,0,0,0	0,0,1,1,0,0,0,1,1,0,0,1,0,1,1,1,1,0,0,0,0,1,1	-0.014331,-0.013549,0.011055,0.004201,-0.013830,-0.009397,-0.012567,0.017289,0.002828,-0.004479,-0.014983,0.004449,-0.026404,0.010797,0.010820,0.009444,0.019164,-0.000513,-0.009680,-0.004868,-0.006248,0.014364,0.001638
Wvil_BAT3_WvBAHD39	Wvil_BAT3_WvBAHD39	acceptor_superclass::Monoterpenoids	acceptor_superclass::Cyclic polyketides;acceptor_superclass::Flavonoids;acceptor_superclass::Isoflavonoids;acceptor_superclass::Lignans;acceptor_superclass::Monoterpenoids;acceptor_superclass::Naphthalenes;acceptor_superclass::Phenolic acids (C6-C1);acceptor_superclass::Phenylpropanoids (C6-C3);acceptor_superclass::Pseudoalkaloids;acceptor_superclass::Saccharides;acceptor_superclass::Steroids;acceptor_superclass::Tyrosine alkaloids	0,0,0,0,0,0,0,0,0,1,0,0,0,0,0,0,0,0,0,0,0,0,0	0,1,0,0,0,1,1,1,0,1,1,0,0,1,0,1,1,1,0,1,0,0,1	-0.001601,0.011546,-0.002240,-0.021620,-0.027446,0.020043,0.005086,0.018741,-0.000977,0.019054,0.003725,-0.020090,-0.001828,0.026219,-0.017838,0.006950,0.008214,0.009343,-0.000276,0.018382,-0.015656,-0.006255,0.006013
Wvil_BAT4_WvBAHD40	Wvil_BAT4_WvBAHD40	acceptor_superclass::Monoterpenoids	acceptor_superclass::Coumarins;acceptor_superclass::Diterpenoids;acceptor_superclass::Fatty acyls;acceptor_superclass::Flavonoids;acceptor_superclass::Isoflavonoids;acceptor_superclass::Lignans;acceptor_superclass::Lysine alkaloids;acceptor_superclass::Monoterpenoids;acceptor_superclass::Ornithine alkaloids;acceptor_superclass::Phenanthrenoids;acceptor_superclass::Phenolic acids (C6-C1);acceptor_superclass::Phenylpropanoids (C6-C3);acceptor_superclass::Pseudoalkaloids;acceptor_superclass::Saccharides;acceptor_superclass::Small peptides;acceptor_superclass::Steroids;acceptor_superclass::Triterpenoids	0,0,0,0,0,0,0,0,0,1,0,0,0,0,0,0,0,0,0,0,0,0,0	1,0,1,0,1,1,1,1,1,1,0,1,1,1,0,1,1,1,1,1,1,0,0	0.026834,-0.009815,0.002884,-0.004059,0.004328,0.006375,0.003347,0.025902,0.008222,0.030015,-0.000953,0.017875,0.034087,0.001815,-0.028551,0.003741,0.012325,0.029014,0.011142,0.018244,0.005304,-0.022621,-0.004317
Wvil_BAT5_WvBAHD50	Wvil_BAT5_WvBAHD50	acceptor_superclass::Monoterpenoids	acceptor_superclass::Coumarins;acceptor_superclass::Diterpenoids;acceptor_superclass::Fatty acyls;acceptor_superclass::Flavonoids;acceptor_superclass::Isoflavonoids;acceptor_superclass::Lignans;acceptor_superclass::Lysine alkaloids;acceptor_superclass::Monoterpenoids;acceptor_superclass::Ornithine alkaloids;acceptor_superclass::Phenanthrenoids;acceptor_superclass::Phenolic acids (C6-C1);acceptor_superclass::Phenylpropanoids (C6-C3);acceptor_superclass::Pseudoalkaloids;acceptor_superclass::Saccharides;acceptor_superclass::Small peptides;acceptor_superclass::Steroids;acceptor_superclass::Triterpenoids	0,0,0,0,0,0,0,0,0,1,0,0,0,0,0,0,0,0,0,0,0,0,0	1,0,1,0,1,1,1,1,1,1,0,1,1,1,0,1,1,1,1,1,1,0,0	0.026834,-0.009815,0.002884,-0.004059,0.004329,0.006375,0.003347,0.025902,0.008222,0.030015,-0.000952,0.017875,0.034087,0.001815,-0.028551,0.003741,0.012325,0.029014,0.011143,0.018244,0.005304,-0.022621,-0.004317
Wvil_BAT6_WvBAHD28	Wvil_BAT6_WvBAHD28	acceptor_superclass::Monoterpenoids	acceptor_superclass::Coumarins;acceptor_superclass::Diterpenoids;acceptor_superclass::Fatty Acids and Conjugates;acceptor_superclass::Fatty acyls;acceptor_superclass::Flavonoids;acceptor_superclass::Lignans;acceptor_superclass::Lysine alkaloids;acceptor_superclass::Monoterpenoids;acceptor_superclass::Naphthalenes;acceptor_superclass::Phenanthrenoids;acceptor_superclass::Phenolic acids (C6-C1);acceptor_superclass::Phenylethanoids (C6-C2);acceptor_superclass::Phenylpropanoids (C6-C3);acceptor_superclass::Pseudoalkaloids;acceptor_superclass::Saccharides;acceptor_superclass::Small peptides;acceptor_superclass::Steroids;acceptor_superclass::Triterpenoids;acceptor_superclass::Tryptophan alkaloids;acceptor_superclass::Tyrosine alkaloids	0,0,0,0,0,0,0,0,0,1,0,0,0,0,0,0,0,0,0,0,0,0,0	1,0,1,1,1,1,0,1,1,1,1,0,1,1,1,1,1,1,1,1,1,1,1	0.017713,-0.016186,0.012904,0.015746,0.002606,0.001267,-0.003099,0.001298,0.010090,0.006328,0.011787,-0.003163,0.011432,0.002647,0.001799,0.002735,0.013010,0.015513,0.006778,0.015548,0.009117,0.002636,0.002658
Zmay_AAT1_ONM11762.1	Zmay_AAT1_ONM11762.1	acceptor_superclass::Flavonoids	acceptor_superclass::Coumarins;acceptor_superclass::Diterpenoids;acceptor_superclass::Fatty Acids and Conjugates;acceptor_superclass::Fatty acyls;acceptor_superclass::Flavonoids;acceptor_superclass::Lignans;acceptor_superclass::Lysine alkaloids;acceptor_superclass::Monoterpenoids;acceptor_superclass::Naphthalenes;acceptor_superclass::Phenanthrenoids;acceptor_superclass::Phenolic acids (C6-C1);acceptor_superclass::Phenylethanoids (C6-C2);acceptor_superclass::Phenylpropanoids (C6-C3);acceptor_superclass::Pseudoalkaloids;acceptor_superclass::Saccharides;acceptor_superclass::Small peptides;acceptor_superclass::Steroids;acceptor_superclass::Triterpenoids;acceptor_superclass::Tryptophan alkaloids;acceptor_superclass::Tyrosine alkaloids	0,0,0,0,0,1,0,0,0,0,0,0,0,0,0,0,0,0,0,0,0,0,0	1,0,1,1,1,1,0,1,1,1,1,0,1,1,1,1,1,1,1,1,1,1,1	0.017714,-0.016186,0.012906,0.015746,0.002606,0.001265,-0.003098,0.001299,0.010091,0.006331,0.011786,-0.003164,0.011432,0.002647,0.001798,0.002733,0.013009,0.015513,0.006776,0.015548,0.009116,0.002636,0.002657
Zmay_CAT_ACF87722.1	Zmay_CAT_ACF87722.1		acceptor_superclass::Cyclic polyketides;acceptor_superclass::Flavonoids;acceptor_superclass::Isoflavonoids;acceptor_superclass::Lignans;acceptor_superclass::Monoterpenoids;acceptor_superclass::Naphthalenes;acceptor_superclass::Phenolic acids (C6-C1);acceptor_superclass::Phenylpropanoids (C6-C3);acceptor_superclass::Pseudoalkaloids;acceptor_superclass::Saccharides;acceptor_superclass::Steroids;acceptor_superclass::Tyrosine alkaloids	0,0,0,0,0,0,0,0,0,0,0,0,0,0,0,0,0,0,0,0,0,0,0	0,1,0,0,0,1,1,1,0,1,1,0,0,1,0,1,1,1,0,1,0,0,1	-0.001600,0.011547,-0.002240,-0.021620,-0.027444,0.020043,0.005087,0.018741,-0.000977,0.019053,0.003724,-0.020091,-0.001829,0.026219,-0.017838,0.006950,0.008215,0.009344,-0.000278,0.018383,-0.015657,-0.006256,0.006013
Zmay_FMT_AQK78565.1	Zmay_FMT_AQK78565.1	acceptor_superclass::Phenylpropanoids (C6-C3)	acceptor_superclass::Cyclic polyketides;acceptor_superclass::Flavonoids;acceptor_superclass::Isoflavonoids;acceptor_superclass::Lignans;acceptor_superclass::Monoterpenoids;acceptor_superclass::Naphthalenes;acceptor_superclass::Phenolic acids (C6-C1);acceptor_superclass::Phenylpropanoids (C6-C3);acceptor_superclass::Pseudoalkaloids;acceptor_superclass::Saccharides;acceptor_superclass::Steroids;acceptor_superclass::Tyrosine alkaloids	0,0,0,0,0,0,0,0,0,0,0,0,0,0,0,1,0,0,0,0,0,0,0	0,1,0,0,0,1,1,1,0,1,1,0,0,1,0,1,1,1,0,1,0,0,1	-0.001602,0.011546,-0.002240,-0.021621,-0.027450,0.020043,0.005086,0.018741,-0.000976,0.019054,0.003727,-0.020087,-0.001827,0.026218,-0.017836,0.006949,0.008213,0.009343,-0.000273,0.018380,-0.015655,-0.006254,0.006013
