fasta_id	enzyme_id	true_labels	predicted_labels	true_vector	pred_vector	score_vector
Aagr_HCT6_QPI70575.1	Aagr_HCT6_QPI70575.1	acceptor_superclass::Phenolic acids (C6-C1);acceptor_superclass::Small peptides	acceptor_superclass::Fatty Acids and Conjugates;acceptor_superclass::Phenolic acids (C6-C1);acceptor_superclass::Phenylpropanoids (C6-C3);acceptor_superclass::Small peptides;acceptor_superclass::Tyrosine alkaloids	0,0,0,0,0,0,0,0,0,0,0,0,0,1,0,0,0,0,1,0,0,0,0	0,0,0,1,0,0,0,0,0,0,0,0,0,1,0,1,0,0,1,0,0,0,1	-5.786090,-4.417329,-5.240207,0.298445,-3.472219,-1.413558,-4.558195,-3.434134,-4.648731,-3.947379,-5.099995,-4.390840,-5.113133,3.022484,-1.244870,0.121735,-4.930244,-3.442942,1.701022,-5.040269,-4.891413,-2.841350,0.501006
Aagr_HFT-like_Aagr000038l.49.1	Aagr_HFT-like_Aagr000038l.49.1	acceptor_superclass::Fatty Acids and Conjugates	acceptor_superclass::Fatty Acids and Conjugates;acceptor_superclass::Fatty acyls	0,0,0,1,0,0,0,0,0,0,0,0,0,0,0,0,0,0,0,0,0,0,0	0,0,0,1,1,0,0,0,0,0,0,0,0,0,0,0,0,0,0,0,0,0,0	-3.539429,-3.131953,-2.526303,2.049200,3.113226,-2.476854,-5.316146,-3.095756,-3.226174,-2.066988,-3.966175,-4.326558,-3.886904,-1.269409,-2.387542,-2.502499,-3.897512,-3.724754,-3.794947,-4.340812,-2.998227,-1.686793,-3.449763
Abel_TS_WPF47615.1	Abel_TS_WPF47615.1		acceptor_superclass::Fatty acyls;acceptor_superclass::Phenylpropanoids (C6-C3)	0,0,0,0,0,0,0,0,0,0,0,0,0,0,0,0,0,0,0,0,0,0,0	0,0,0,0,1,0,0,0,0,0,0,0,0,0,0,1,0,0,0,0,0,0,0	-4.304917,-4.578266,-1.999482,-2.654631,0.329159,-2.487519,-5.966083,-3.778052,-3.009706,-1.420159,-3.423342,-2.972184,-4.163511,-4.386545,-1.590326,0.978453,-4.039346,-2.743819,-5.569306,-3.701941,-6.717418,-0.965966,-1.643676
Achi_AT16_PSS01274.1	Achi_AT16_PSS01274.1	acceptor_superclass::Fatty acyls	acceptor_superclass::Fatty acyls;acceptor_superclass::Lysine alkaloids;acceptor_superclass::Monoterpenoids;acceptor_superclass::Phenylethanoids (C6-C2);acceptor_superclass::Phenylpropanoids (C6-C3)	0,0,0,0,1,0,0,0,0,0,0,0,0,0,0,0,0,0,0,0,0,0,0	0,0,0,0,1,0,0,0,1,1,0,0,0,0,1,1,0,0,0,0,0,0,0	-3.317164,-1.536795,-2.290202,-3.299118,2.446648,-3.102726,-4.628309,-0.363865,1.700071,1.579134,-3.314466,-4.024806,-4.297641,-3.766644,1.998355,2.976846,-1.153768,-2.162135,-4.023766,-3.750924,-4.269518,-3.653112,-3.060911
Achi_FHT_PSR89440.1	Achi_FHT_PSR89440.1	acceptor_superclass::Fatty Acids and Conjugates;acceptor_superclass::Fatty acyls	acceptor_superclass::Phenolic acids (C6-C1)	0,0,0,1,1,0,0,0,0,0,0,0,0,0,0,0,0,0,0,0,0,0,0	0,0,0,0,0,0,0,0,0,0,0,0,0,1,0,0,0,0,0,0,0,0,0	-4.884514,-3.838411,-3.766592,-2.820921,-1.611955,-1.443607,-4.278220,-3.799200,-3.814431,-3.383859,-4.613513,-3.275868,-4.437765,0.463850,-3.339565,-0.899948,-2.473539,-3.726098,-4.575296,-3.170531,-5.370302,-4.438090,-2.792413
Aeri_AT9_AIC83789.1	Aeri_AT9_AIC83789.1	acceptor_superclass::Fatty acyls	acceptor_superclass::Naphthalenes	0,0,0,0,1,0,0,0,0,0,0,0,0,0,0,0,0,0,0,0,0,0,0	0,0,0,0,0,0,0,0,0,0,1,0,0,0,0,0,0,0,0,0,0,0,0	-4.785298,-4.428826,-2.754093,-5.676781,-3.563255,-1.668433,-4.433404,-3.900380,-4.507389,-1.077972,0.219740,-3.182320,-4.240298,-3.506842,-4.523385,-1.998063,-3.585715,-2.790874,-4.255928,-3.012212,-3.214970,-3.284679,-2.979541
Aeuc_AAT1_BDW80083.1	Aeuc_AAT1_BDW80083.1	acceptor_superclass::Naphthalenes	acceptor_superclass::Naphthalenes;acceptor_superclass::Ornithine alkaloids;acceptor_superclass::Tyrosine alkaloids	0,0,0,0,0,0,0,0,0,0,1,0,0,0,0,0,0,0,0,0,0,0,0	0,0,0,0,0,0,0,0,0,0,1,1,0,0,0,0,0,0,0,0,0,0,1	-3.534674,-2.764241,-0.317896,-4.533962,-4.906221,-3.965554,-3.169488,-3.687524,-6.098190,-3.635208,2.425753,0.814017,-3.320299,-2.675456,-5.341847,-1.540237,-2.347856,-3.766695,-2.155965,-0.544339,-2.176654,-0.261967,0.467141
Aeuc_AAT2_BDW80089.1	Aeuc_AAT2_BDW80089.1	acceptor_superclass::Naphthalenes	acceptor_superclass::Diterpenoids;acceptor_superclass::Naphthalenes;acceptor_superclass::Phenylpropanoids (C6-C3)	0,0,0,0,0,0,0,0,0,0,1,0,0,0,0,0,0,0,0,0,0,0,0	0,0,1,0,0,0,0,0,0,0,1,0,0,0,0,1,0,0,0,0,0,0,0	-2.287307,-3.966330,1.321173,-2.862476,-3.516847,-3.727397,-3.367355,-3.323700,-3.618547,-4.997451,3.968295,-3.622980,-3.212477,-3.314693,-2.298334,0.170096,-4.729007,-3.134932,-2.832047,-4.165412,-3.347187,-2.189505,-0.668958
Aeuc_SAT2_BDW80080.1	Aeuc_SAT2_BDW80080.1	acceptor_superclass::Naphthalenes	acceptor_superclass::Diterpenoids;acceptor_superclass::Naphthalenes	0,0,0,0,0,0,0,0,0,0,1,0,0,0,0,0,0,0,0,0,0,0,0	0,0,1,0,0,0,0,0,0,0,1,0,0,0,0,0,0,0,0,0,0,0,0	-2.979049,-3.559710,0.877198,-3.566437,-3.227376,-4.260661,-3.494895,-3.571000,-3.298047,-5.414153,3.929873,-3.004102,-3.089288,-3.141479,-1.052316,-0.464283,-2.995970,-2.946469,-0.785567,-3.022284,-3.090646,-1.707600,-0.252854
Amem_AT7-3_WMQ79387.1	Amem_AT7-3_WMQ79387.1	acceptor_superclass::Triterpenoids		0,0,0,0,0,0,0,0,0,0,0,0,0,0,0,0,0,0,0,0,1,0,0	0,0,0,0,0,0,0,0,0,0,0,0,0,0,0,0,0,0,0,0,0,0,0	-4.706098,-3.957234,-2.576625,-3.107167,-0.243916,-3.116002,-5.403921,-4.557861,-5.286037,-0.832692,-0.054323,-3.519282,-4.493069,-5.515712,-1.507595,-2.258676,-4.762281,-4.706096,-3.348997,-4.343832,-4.914903,-2.101957,-5.031128
Arac_HPT1_QAA12830.1	Arac_HPT1_QAA12830.1	acceptor_superclass::Phenylpropanoids (C6-C3)	acceptor_superclass::Fatty Acids and Conjugates;acceptor_superclass::Phenylethanoids (C6-C2);acceptor_superclass::Small peptides	0,0,0,0,0,0,0,0,0,0,0,0,0,0,0,1,0,0,0,0,0,0,0	0,0,0,1,0,0,0,0,0,0,0,0,0,0,1,0,0,0,1,0,0,0,0	-2.039454,-3.269204,-2.281679,2.650726,-1.683081,-0.509541,-3.684571,-4.629829,-3.535336,-3.578818,-2.693328,-2.992277,-1.541487,-1.198759,2.416743,-3.937477,-3.544213,-2.825149,0.002289,-2.641337,-4.403207,-2.784511,-1.495667
Asat_HCBT_BAC78635.1	Asat_HCBT_BAC78635.1	acceptor_superclass::Small peptides	acceptor_superclass::Phenolic acids (C6-C1);acceptor_superclass::Small peptides;acceptor_superclass::Tyrosine alkaloids	0,0,0,0,0,0,0,0,0,0,0,0,0,0,0,0,0,0,1,0,0,0,0	0,0,0,0,0,0,0,0,0,0,0,0,0,1,0,0,0,0,1,0,0,0,1	-5.178911,-4.170988,-3.273210,-4.757588,-4.663831,-1.029811,-3.902376,-4.104531,-4.803133,-2.226002,-4.076632,-1.267831,-4.530978,2.463848,-1.836828,-0.707983,-3.213959,-4.315219,1.318388,-4.118397,-0.595459,-1.357952,1.521661
Asat_HHT1_BAC78633.1	Asat_HHT1_BAC78633.1	acceptor_superclass::Phenolic acids (C6-C1)	acceptor_superclass::Phenolic acids (C6-C1);acceptor_superclass::Phenylethanoids (C6-C2);acceptor_superclass::Phenylpropanoids (C6-C3);acceptor_superclass::Small peptides	0,0,0,0,0,0,0,0,0,0,0,0,0,1,0,0,0,0,0,0,0,0,0	0,0,0,0,0,0,0,0,0,0,0,0,0,1,1,1,0,0,1,0,0,0,0	-5.333927,-3.942896,-5.350475,-0.098312,-2.941404,-1.352011,-4.486465,-2.992317,-4.707177,-3.034696,-4.596328,-4.753353,-4.516658,2.805022,0.220064,0.725393,-5.417788,-3.710925,2.198151,-4.969689,-5.091804,-3.389338,-0.200092
Asat_HHT4_QDC27803.1	Asat_HHT4_QDC27803.1	acceptor_superclass::Phenolic acids (C6-C1)	acceptor_superclass::Phenolic acids (C6-C1);acceptor_superclass::Small peptides;acceptor_superclass::Tyrosine alkaloids	0,0,0,0,0,0,0,0,0,0,0,0,0,1,0,0,0,0,0,0,0,0,0	0,0,0,0,0,0,0,0,0,0,0,0,0,1,0,0,0,0,1,0,0,0,1	-5.051085,-4.687662,-4.521307,-3.431506,-5.113779,-0.961601,-4.305835,-4.528862,-5.065547,-2.969719,-4.409507,-0.985171,-3.408196,2.126562,-1.333370,-1.243021,-2.545365,-4.947002,1.210937,-4.098929,-1.423762,-2.412396,0.810062
Asch_AKS1_URS65387.1	Asch_AKS1_URS65387.1	acceptor_superclass::Tryptophan alkaloids	acceptor_superclass::Monoterpenoids	0,0,0,0,0,0,0,0,0,0,0,0,0,0,0,0,0,0,0,0,0,1,0	0,0,0,0,0,0,0,0,0,1,0,0,0,0,0,0,0,0,0,0,0,0,0	-4.974328,-3.505005,-2.406533,-3.235798,-1.321420,-3.917445,-5.133960,-2.541431,-2.484838,3.316007,-3.135599,-3.624234,-4.583582,-5.469894,-2.507205,-1.683214,-4.139469,-1.173539,-4.050595,-4.921802,-1.657254,-0.169960,-4.672994
Asch_AKS2_URS65388.1	Asch_AKS2_URS65388.1	acceptor_superclass::Tryptophan alkaloids	acceptor_superclass::Diterpenoids;acceptor_superclass::Ornithine alkaloids;acceptor_superclass::Pseudoalkaloids;acceptor_superclass::Triterpenoids;acceptor_superclass::Tryptophan alkaloids	0,0,0,0,0,0,0,0,0,0,0,0,0,0,0,0,0,0,0,0,0,1,0	0,0,1,0,0,0,0,0,0,0,0,1,0,0,0,0,1,0,0,0,1,1,0	-3.258102,-4.150924,0.818089,-4.093173,-5.090807,-2.829416,-4.113237,-3.599671,-2.751608,-3.639748,-1.692179,0.573151,-3.460175,-3.646739,-4.422555,-3.416713,1.168230,-2.653601,-2.439011,-1.891977,1.790732,2.075850,-2.936028
Asin_FMT_AHL24755.1	Asin_FMT_AHL24755.1	acceptor_superclass::Phenylpropanoids (C6-C3)	acceptor_superclass::Naphthalenes;acceptor_superclass::Triterpenoids	0,0,0,0,0,0,0,0,0,0,0,0,0,0,0,1,0,0,0,0,0,0,0	0,0,0,0,0,0,0,0,0,0,1,0,0,0,0,0,0,0,0,0,1,0,0	-3.389520,-1.811114,-2.681892,-4.565859,-3.867100,-1.501144,-2.240413,-2.667865,-4.364956,-3.096923,4.225117,-3.854141,-3.164387,-2.794554,-3.007465,-5.080046,-4.138362,-2.927601,-1.105137,-1.551123,0.114695,-2.930929,-3.418346
Atha_3AT1_AEE27636.1	Atha_3AT1_AEE27636.1	acceptor_superclass::Flavonoids	acceptor_superclass::Flavonoids;acceptor_superclass::Isoflavonoids;acceptor_superclass::Steroids	0,0,0,0,0,1,0,0,0,0,0,0,0,0,0,0,0,0,0,0,0,0,0	0,0,0,0,0,1,1,0,0,0,0,0,0,0,0,0,0,0,0,1,0,0,0	-4.063696,-2.487555,-4.971345,-4.876121,-2.700886,2.244665,2.689944,-3.300747,-4.027623,-3.115061,-2.934620,-2.058048,-3.618790,-1.015469,-4.322237,-2.087675,-1.562724,-2.592829,-3.677443,1.158779,-2.627199,-3.415157,-2.597329
Atha_3AT2_AAF86513.1	Atha_3AT2_AAF86513.1	acceptor_superclass::Flavonoids	acceptor_superclass::Isoflavonoids;acceptor_superclass::Ornithine alkaloids;acceptor_superclass::Steroids;acceptor_superclass::Tyrosine alkaloids	0,0,0,0,0,1,0,0,0,0,0,0,0,0,0,0,0,0,0,0,0,0,0	0,0,0,0,0,0,1,0,0,0,0,1,0,0,0,0,0,0,0,1,0,0,1	-4.052876,-3.123306,-3.498243,-3.903466,-3.819201,-0.277102,2.374363,-4.249341,-5.012407,-4.605666,-1.948040,0.139383,-4.130556,-1.204558,-5.628544,-2.426088,-1.125101,-3.017601,-3.264089,0.109692,-2.656208,-1.900749,0.309730
Atha_5MAT_BAB01191.1	Atha_5MAT_BAB01191.1	acceptor_superclass::Flavonoids	acceptor_superclass::Flavonoids;acceptor_superclass::Ornithine alkaloids;acceptor_superclass::Pseudoalkaloids;acceptor_superclass::Steroids	0,0,0,0,0,1,0,0,0,0,0,0,0,0,0,0,0,0,0,0,0,0,0	0,0,0,0,0,1,0,0,0,0,0,1,0,0,0,0,1,0,0,1,0,0,0	-1.853343,-2.774253,-3.352896,-1.578346,-4.009460,0.970553,-1.609817,-2.475650,-5.482647,-3.693506,-3.553672,3.114517,-2.934832,-3.464924,-3.949192,-3.504252,1.301112,-2.943594,-3.346128,0.423407,-4.132909,-3.733942,-2.549746
Atha_ACT1_NP_200924.1	Atha_ACT1_NP_200924.1	acceptor_superclass::Ornithine alkaloids;acceptor_superclass::Pseudoalkaloids	acceptor_superclass::Cyclic polyketides;acceptor_superclass::Ornithine alkaloids;acceptor_superclass::Phenylethanoids (C6-C2);acceptor_superclass::Pseudoalkaloids;acceptor_superclass::Triterpenoids	0,0,0,0,0,0,0,0,0,0,0,1,0,0,0,0,1,0,0,0,0,0,0	0,1,0,0,0,0,0,0,0,0,0,1,0,0,1,0,1,0,0,0,1,0,0	-1.116171,2.718379,-4.563987,-4.398848,-1.568581,-0.963328,-0.879163,-3.709180,-3.698901,-1.373311,-1.636604,1.234421,-1.465017,-2.743894,0.405217,-1.989354,0.215321,-4.020022,-2.636323,-0.711930,0.094182,-3.323014,-2.396315
Atha_HHT1_AAL34170.1	Atha_ASFT_NP_851111.1	acceptor_superclass::Fatty Acids and Conjugates;acceptor_superclass::Fatty acyls	acceptor_superclass::Fatty Acids and Conjugates;acceptor_superclass::Fatty acyls;acceptor_superclass::Phenolic acids (C6-C1)	0,0,0,1,1,0,0,0,0,0,0,0,0,0,0,0,0,0,0,0,0,0,0	0,0,0,1,1,0,0,0,0,0,0,0,0,1,0,0,0,0,0,0,0,0,0	-4.268119,-4.336308,-2.304705,2.491251,1.474715,-3.178207,-4.478938,-3.207645,-4.208007,-2.864237,-4.466028,-4.223030,-3.592777,1.285650,-3.277812,-2.576276,-3.627439,-4.241291,-3.584588,-3.831527,-3.151536,-2.939026,-2.607037
Atha_AT3G47170_NP_190301.2	Atha_AT3G47170_NP_190301.2	acceptor_superclass::Ornithine alkaloids;acceptor_superclass::Pseudoalkaloids	acceptor_superclass::Flavonoids;acceptor_superclass::Steroids;acceptor_superclass::Tryptophan alkaloids	0,0,0,0,0,0,0,0,0,0,0,1,0,0,0,0,1,0,0,0,0,0,0	0,0,0,0,0,1,0,0,0,0,0,0,0,0,0,0,0,0,0,1,0,1,0	-2.646801,-4.263187,-4.374800,-0.319981,-3.605901,0.864742,-1.172882,-2.888949,-3.209265,-5.357280,-4.822181,-0.124896,-2.311808,-1.044221,-4.779590,-4.995507,-0.671593,-3.615518,-3.539501,1.454262,-3.188195,0.223165,-0.846110
Atha_PHT_OAO95042.1	Atha_AT5G07080_OAO95042.1	acceptor_superclass::Ornithine alkaloids;acceptor_superclass::Pseudoalkaloids	acceptor_superclass::Ornithine alkaloids;acceptor_superclass::Pseudoalkaloids	0,0,0,0,0,0,0,0,0,0,0,1,0,0,0,0,1,0,0,0,0,0,0	0,0,0,0,0,0,0,0,0,0,0,1,0,0,0,0,1,0,0,0,0,0,0	-3.688146,-2.655658,-1.443290,-0.989003,-2.130391,-2.077569,-4.308583,-1.864431,-4.498940,-3.770097,-6.186760,3.912728,-3.072080,-2.870667,-3.461229,-4.294404,2.948483,-4.921679,-3.737089,-2.672934,-2.965981,-3.699519,-3.678491
Atha_BIA1_CAB10319.1	Atha_BIA1_CAB10319.1	acceptor_superclass::Steroids	acceptor_superclass::Monoterpenoids;acceptor_superclass::Naphthalenes;acceptor_superclass::Phenanthrenoids;acceptor_superclass::Phenylpropanoids (C6-C3);acceptor_superclass::Tryptophan alkaloids	0,0,0,0,0,0,0,0,0,0,0,0,0,0,0,0,0,0,0,1,0,0,0	0,0,0,0,0,0,0,0,0,1,1,0,1,0,0,1,0,0,0,0,0,1,0	-2.990185,-3.478482,-3.520759,-4.378829,-4.666648,-1.883890,-3.936184,-3.725471,-3.577760,0.760974,3.697515,-2.692852,0.709621,-3.040803,-0.974960,1.017308,-3.136315,-3.856105,-1.551226,-4.237193,-0.964874,0.283753,-0.805481
Atha_CHAT_AAN09797.1	Atha_CHAT_AAN09797.1	acceptor_superclass::Fatty acyls;acceptor_superclass::Monoterpenoids;acceptor_superclass::Phenylethanoids (C6-C2);acceptor_superclass::Phenylpropanoids (C6-C3)	acceptor_superclass::Cyclic polyketides;acceptor_superclass::Fatty acyls;acceptor_superclass::Lignans;acceptor_superclass::Lysine alkaloids;acceptor_superclass::Monoterpenoids;acceptor_superclass::Ornithine alkaloids;acceptor_superclass::Phenylethanoids (C6-C2);acceptor_superclass::Phenylpropanoids (C6-C3)	0,0,0,0,1,0,0,0,0,1,0,0,0,0,1,1,0,0,0,0,0,0,0	0,1,0,0,1,0,0,1,1,1,0,1,0,0,1,1,0,0,0,0,0,0,0	-0.612104,2.569425,-3.986856,-0.139804,2.904469,-2.393707,-3.440318,3.815496,0.001312,0.131024,-2.005908,0.533944,-0.821514,-3.260267,1.395956,2.900866,-0.503505,-2.050328,-3.035284,-1.259550,-3.245899,-1.807572,-2.653311
Atha_COSY_AEE31013.1	Atha_COSY_AEE31013.1		acceptor_superclass::Ornithine alkaloids;acceptor_superclass::Pseudoalkaloids	0,0,0,0,0,0,0,0,0,0,0,0,0,0,0,0,0,0,0,0,0,0,0	0,0,0,0,0,0,0,0,0,0,0,1,0,0,0,0,1,0,0,0,0,0,0	-4.134745,-3.294647,-3.104872,-4.999752,-2.602406,-0.022165,-4.658032,-4.737579,-4.125857,-1.269425,-4.550092,0.186628,-5.049184,-2.432318,-2.080531,-0.843277,0.441643,-5.592581,-3.651897,-5.117013,-0.863648,-4.821865,-4.534542
Atha_DCF_AAQ62868.1	Atha_DCF_AAQ62868.1	acceptor_superclass::Fatty Acids and Conjugates;acceptor_superclass::Fatty acyls	acceptor_superclass::Phenolic acids (C6-C1)	0,0,0,1,1,0,0,0,0,0,0,0,0,0,0,0,0,0,0,0,0,0,0	0,0,0,0,0,0,0,0,0,0,0,0,0,1,0,0,0,0,0,0,0,0,0	-4.745224,-3.196572,-4.316964,-3.175614,-1.749005,-0.897155,-2.622474,-0.623070,-3.896707,-2.813429,-4.145829,-4.882299,-3.826463,2.536833,-3.775520,-0.894169,-3.320917,-1.309817,-1.842130,-1.995660,-3.886091,-4.699369,-4.439937
Atha_EPS1_NP_201517.1	Atha_EPS1_NP_201517.1		acceptor_superclass::Naphthalenes;acceptor_superclass::Phenylpropanoids (C6-C3);acceptor_superclass::Tryptophan alkaloids;acceptor_superclass::Tyrosine alkaloids	0,0,0,0,0,0,0,0,0,0,0,0,0,0,0,0,0,0,0,0,0,0,0	0,0,0,0,0,0,0,0,0,0,1,0,0,0,0,1,0,0,0,0,0,1,1	-3.050146,-3.565774,-2.738780,-4.371383,-3.511225,-1.370137,-3.088356,-3.315544,-3.049167,-0.658520,3.568415,-4.471345,-0.673202,-4.159982,-1.420643,1.057538,-3.994637,-4.367572,-3.005025,-3.781489,-2.301051,1.456554,1.122908
Atha_FACT_AAN13119.1	Atha_FACT_AAN13119.1	acceptor_superclass::Fatty acyls	acceptor_superclass::Fatty acyls;acceptor_superclass::Monoterpenoids;acceptor_superclass::Phenylpropanoids (C6-C3)	0,0,0,0,1,0,0,0,0,0,0,0,0,0,0,0,0,0,0,0,0,0,0	0,0,0,0,1,0,0,0,0,1,0,0,0,0,0,1,0,0,0,0,0,0,0	-4.771815,-4.461773,-4.805664,-0.920540,1.962170,-1.932080,-5.319634,-2.525528,-4.691897,0.528898,-5.712729,-4.894893,-4.265749,-2.259080,-0.952832,0.768415,-4.547136,-2.109259,-4.174114,-5.215696,-4.654709,-6.273491,-4.358779
Atha_GGES_AED96958.1	Atha_GGES_AED96958.1		acceptor_superclass::Ornithine alkaloids;acceptor_superclass::Pseudoalkaloids;acceptor_superclass::Triterpenoids;acceptor_superclass::Tryptophan alkaloids	0,0,0,0,0,0,0,0,0,0,0,0,0,0,0,0,0,0,0,0,0,0,0	0,0,0,0,0,0,0,0,0,0,0,1,0,0,0,0,1,0,0,0,1,1,0	-3.364873,-3.702876,-2.483268,-3.522553,-3.527254,-3.588783,-4.874042,-3.493240,-3.489009,-3.057102,-3.920148,2.858635,-3.709692,-3.199326,-3.738526,-3.437478,3.254815,-3.347671,-2.391195,-2.407041,2.193522,1.057160,-4.056029
Atha_HCT_BAB10316.1	Atha_HCT_BAB10316.1	acceptor_superclass::Flavonoids;acceptor_superclass::Phenolic acids (C6-C1);acceptor_superclass::Phenylpropanoids (C6-C3);acceptor_superclass::Small peptides	acceptor_superclass::Phenolic acids (C6-C1);acceptor_superclass::Small peptides;acceptor_superclass::Triterpenoids;acceptor_superclass::Tryptophan alkaloids;acceptor_superclass::Tyrosine alkaloids	0,0,0,0,0,1,0,0,0,0,0,0,0,1,0,1,0,0,1,0,0,0,0	0,0,0,0,0,0,0,0,0,0,0,0,0,1,0,0,0,0,1,0,1,1,1	-5.194160,-4.226752,-3.182236,-2.078089,-4.020342,-0.782271,-4.503482,-3.403290,-3.857523,-1.165234,-5.229278,-4.623493,-3.852462,2.691503,-1.563587,-0.003296,-5.067769,-5.309530,1.382599,-4.753665,1.205139,0.241248,1.794205
Atha_HHT1_AAL34170.1	Atha_HHT1_AAL34170.1	acceptor_superclass::Fatty Acids and Conjugates;acceptor_superclass::Fatty acyls	acceptor_superclass::Fatty Acids and Conjugates;acceptor_superclass::Fatty acyls;acceptor_superclass::Phenolic acids (C6-C1)	0,0,0,1,1,0,0,0,0,0,0,0,0,0,0,0,0,0,0,0,0,0,0	0,0,0,1,1,0,0,0,0,0,0,0,0,1,0,0,0,0,0,0,0,0,0	-4.268119,-4.336308,-2.304705,2.491251,1.474715,-3.178207,-4.478938,-3.207645,-4.208007,-2.864237,-4.466028,-4.223030,-3.592777,1.285650,-3.277812,-2.576276,-3.627439,-4.241291,-3.584588,-3.831527,-3.151536,-2.939026,-2.607037
Atha_FACT_AAN13119.1	Atha_HHT3_NP_201161.1	acceptor_superclass::Fatty acyls	acceptor_superclass::Fatty acyls;acceptor_superclass::Monoterpenoids;acceptor_superclass::Phenylpropanoids (C6-C3)	0,0,0,0,1,0,0,0,0,0,0,0,0,0,0,0,0,0,0,0,0,0,0	0,0,0,0,1,0,0,0,0,1,0,0,0,0,0,1,0,0,0,0,0,0,0	-4.787375,-3.314243,-5.448073,-1.273964,0.995354,-1.918057,-4.372757,-2.145019,-3.956649,0.889194,-6.941876,-1.627371,-4.425820,-1.303754,-1.806045,0.642531,-1.484723,-1.558280,-2.374059,-4.147522,-3.170979,-4.009413,-3.891091
Atha_HHT1_AAL34170.1	Atha_HHT_AAL34170.1	acceptor_superclass::Fatty Acids and Conjugates	acceptor_superclass::Fatty Acids and Conjugates;acceptor_superclass::Fatty acyls;acceptor_superclass::Phenolic acids (C6-C1)	0,0,0,1,0,0,0,0,0,0,0,0,0,0,0,0,0,0,0,0,0,0,0	0,0,0,1,1,0,0,0,0,0,0,0,0,1,0,0,0,0,0,0,0,0,0	-4.268119,-4.336308,-2.304705,2.491251,1.474715,-3.178207,-4.478938,-3.207645,-4.208007,-2.864237,-4.466028,-4.223030,-3.592777,1.285650,-3.277812,-2.576276,-3.627439,-4.241291,-3.584588,-3.831527,-3.151536,-2.939026,-2.607037
Atha_PHT_OAO95042.1	Atha_PHT_OAO95042.1	acceptor_superclass::Ornithine alkaloids;acceptor_superclass::Pseudoalkaloids	acceptor_superclass::Ornithine alkaloids;acceptor_superclass::Pseudoalkaloids	0,0,0,0,0,0,0,0,0,0,0,1,0,0,0,0,1,0,0,0,0,0,0	0,0,0,0,0,0,0,0,0,0,0,1,0,0,0,0,1,0,0,0,0,0,0	-2.370656,-2.830950,-3.104675,-2.549455,-3.982667,-2.931633,-4.591219,-1.759344,-4.433911,-3.354786,-3.404142,4.856168,-3.297854,-1.694803,-3.249910,-2.688793,3.476972,-2.135233,-2.670379,-2.518769,-2.770597,-2.979772,-2.604996
Atha_PMAT1_AED94391.1	Atha_PMAT1_AED94391.1	acceptor_superclass::Flavonoids;acceptor_superclass::Isoflavonoids;acceptor_superclass::Steroids	acceptor_superclass::Flavonoids	0,0,0,0,0,1,1,0,0,0,0,0,0,0,0,0,0,0,0,1,0,0,0	0,0,0,0,0,1,0,0,0,0,0,0,0,0,0,0,0,0,0,0,0,0,0	-4.459589,-3.845067,-5.432758,-3.339391,-3.624449,2.036118,-0.269526,-4.818625,-5.531109,-4.584004,-4.978408,-1.233758,-4.399883,-3.426840,-3.497728,-0.990444,-2.054973,-4.945836,-4.464599,-3.994262,-5.078656,-3.582507,-1.539069
Atha_PMAT2_BAB02518.1	Atha_PMAT2_BAB02518.1	acceptor_superclass::Coumarins;acceptor_superclass::Flavonoids;acceptor_superclass::Naphthalenes;acceptor_superclass::Phenanthrenoids;acceptor_superclass::Steroids	acceptor_superclass::Ornithine alkaloids;acceptor_superclass::Pseudoalkaloids	1,0,0,0,0,1,0,0,0,0,1,0,1,0,0,0,0,0,0,1,0,0,0	0,0,0,0,0,0,0,0,0,0,0,1,0,0,0,0,1,0,0,0,0,0,0	-2.086241,-3.217550,-3.648368,-3.782561,-4.247276,-0.652926,-4.326178,-4.245445,-4.482565,-3.594913,-4.873645,3.796766,-2.996248,-1.319025,-2.796628,-3.625740,3.669822,-4.685851,-1.953438,-3.030421,-1.104673,-2.592359,-3.758854
Atha_SCT_AAP81804.1	Atha_SCT_AAP81804.1	acceptor_superclass::Ornithine alkaloids	acceptor_superclass::Fatty acyls;acceptor_superclass::Lysine alkaloids;acceptor_superclass::Phenylethanoids (C6-C2);acceptor_superclass::Phenylpropanoids (C6-C3)	0,0,0,0,0,0,0,0,0,0,0,1,0,0,0,0,0,0,0,0,0,0,0	0,0,0,0,1,0,0,0,1,0,0,0,0,0,1,1,0,0,0,0,0,0,0	-3.952770,-4.596714,-4.779581,-2.739537,1.104530,-1.268876,-4.054873,-3.283250,0.773381,-1.875424,-5.957521,-5.149567,-3.710061,-2.827672,0.547882,1.951629,-2.892941,-3.583049,-4.014361,-3.969548,-5.442383,-4.017602,-3.050621
Atha_SDT_AAC23766.1	Atha_SDT_AAC23766.1	acceptor_superclass::Ornithine alkaloids;acceptor_superclass::Pseudoalkaloids	acceptor_superclass::Fatty Acids and Conjugates;acceptor_superclass::Ornithine alkaloids;acceptor_superclass::Pseudoalkaloids	0,0,0,0,0,0,0,0,0,0,0,1,0,0,0,0,1,0,0,0,0,0,0	0,0,0,1,0,0,0,0,0,0,0,1,0,0,0,0,1,0,0,0,0,0,0	-3.081667,-2.809904,-0.702070,0.147430,-1.751849,-1.233028,-3.233770,-1.973265,-3.665967,-4.666700,-5.104447,2.425012,-2.966293,-1.642474,-4.062288,-4.747689,1.521492,-3.892817,-3.651327,-0.721642,-3.024876,-2.619160,-2.759167
Atha_SHT_AAD12025.1	Atha_SHT_AAD12025.1	acceptor_superclass::Ornithine alkaloids	acceptor_superclass::Phenolic acids (C6-C1);acceptor_superclass::Phenylethanoids (C6-C2);acceptor_superclass::Small peptides	0,0,0,0,0,0,0,0,0,0,0,1,0,0,0,0,0,0,0,0,0,0,0	0,0,0,0,0,0,0,0,0,0,0,0,0,1,1,0,0,0,1,0,0,0,0	-3.592293,-3.946713,-5.215470,-2.324319,-4.516323,-2.827399,-5.058641,-4.068972,-4.350043,-2.257678,-3.882096,-0.992644,-4.040283,1.648002,0.791661,-0.543185,-2.771833,-3.387628,2.623978,-3.530953,-1.689473,-3.083445,-2.567542
Atha_PHT_OAO95042.1	Atha_SHT_OAO95042.1	acceptor_superclass::Ornithine alkaloids	acceptor_superclass::Ornithine alkaloids;acceptor_superclass::Pseudoalkaloids	0,0,0,0,0,0,0,0,0,0,0,1,0,0,0,0,0,0,0,0,0,0,0	0,0,0,0,0,0,0,0,0,0,0,1,0,0,0,0,1,0,0,0,0,0,0	-3.059211,-1.038235,-3.335042,-3.287440,-2.176983,-2.426994,-1.934331,-4.191442,-4.942915,-5.288855,-2.009828,3.726527,-3.915048,-0.807406,-3.603809,-2.938337,2.988208,-3.438845,-2.791683,-2.056568,-2.035690,-3.045858,-0.993881
Atha_THAA1_BAB11062.1	Atha_THAA1_BAB11062.1	acceptor_superclass::Triterpenoids	acceptor_superclass::Naphthalenes	0,0,0,0,0,0,0,0,0,0,0,0,0,0,0,0,0,0,0,0,1,0,0	0,0,0,0,0,0,0,0,0,0,1,0,0,0,0,0,0,0,0,0,0,0,0	-4.684854,-3.043526,-2.173949,-5.034686,-1.421738,-3.163864,-4.459055,-3.993654,-4.618678,-0.841344,1.134917,-3.160249,-4.384399,-5.007166,-1.790968,-4.618918,-3.637730,-4.602101,-3.091956,-3.842158,-2.141833,-2.421811,-5.925987
Atha_THAA2_AAO63428.1	Atha_THAA2_AAO63428.1	acceptor_superclass::Triterpenoids	acceptor_superclass::Tryptophan alkaloids	0,0,0,0,0,0,0,0,0,0,0,0,0,0,0,0,0,0,0,0,1,0,0	0,0,0,0,0,0,0,0,0,0,0,0,0,0,0,0,0,0,0,0,0,1,0	-3.397146,-2.603545,-2.420395,-4.092517,-3.062688,-2.627926,-3.983220,-3.191028,-3.887208,-2.005364,-2.089540,-1.634553,-3.193959,-5.206898,-2.933976,-2.073281,-1.286069,-2.423131,-3.911807,-2.866884,-2.997711,4.563407,-1.872646
Bdis_PMT_CDG41682.1	Bdis_PMT_CDG41682.1	acceptor_superclass::Phenylpropanoids (C6-C3)		0,0,0,0,0,0,0,0,0,0,0,0,0,0,0,1,0,0,0,0,0,0,0	0,0,0,0,0,0,0,0,0,0,0,0,0,0,0,0,0,0,0,0,0,0,0	-4.035146,-2.728190,-2.344069,-2.219717,-1.119493,-0.174671,-2.303138,-3.042423,-5.887441,-2.644479,-2.990057,-1.697684,-4.551841,-4.413091,-3.583162,-3.850567,-2.174638,-4.320659,-5.636252,-2.217166,-3.756047,-4.448050,-4.080017
Bmul_HQT1_BCY27076.1	Bmul_HQT1_BCY27076.1	acceptor_superclass::Phenolic acids (C6-C1);acceptor_superclass::Phenylpropanoids (C6-C3)	acceptor_superclass::Phenolic acids (C6-C1);acceptor_superclass::Small peptides;acceptor_superclass::Triterpenoids;acceptor_superclass::Tyrosine alkaloids	0,0,0,0,0,0,0,0,0,0,0,0,0,1,0,1,0,0,0,0,0,0,0	0,0,0,0,0,0,0,0,0,0,0,0,0,1,0,0,0,0,1,0,1,0,1	-4.497200,-4.372176,-3.618920,-0.841207,-4.182949,-0.684658,-4.248212,-3.556478,-4.348152,-1.556264,-4.853911,-4.189442,-4.098818,2.535792,-1.572644,-0.648759,-5.089667,-5.036665,2.091518,-4.056146,0.142619,-0.357599,1.497214
Bmul_HQT1_BDR61289.1	Bmul_HQT1_BDR61289.1	acceptor_superclass::Phenolic acids (C6-C1)	acceptor_superclass::Ornithine alkaloids;acceptor_superclass::Pseudoalkaloids	0,0,0,0,0,0,0,0,0,0,0,0,0,1,0,0,0,0,0,0,0,0,0	0,0,0,0,0,0,0,0,0,0,0,1,0,0,0,0,1,0,0,0,0,0,0	-4.850368,-4.523693,-2.771656,-3.303800,-4.216193,-2.323290,-4.188377,-3.864031,-3.675473,-3.597656,-5.939660,2.980395,-4.238420,-0.102976,-3.431769,-2.069127,1.851513,-3.484672,-0.489568,-3.942949,-1.598350,-2.614708,-2.296489
Bser_AT1_QXN66176.1	Bser_AT1_QXN66176.1	acceptor_superclass::Triterpenoids	acceptor_superclass::Ornithine alkaloids;acceptor_superclass::Pseudoalkaloids	0,0,0,0,0,0,0,0,0,0,0,0,0,0,0,0,0,0,0,0,1,0,0	0,0,0,0,0,0,0,0,0,0,0,1,0,0,0,0,1,0,0,0,0,0,0	-3.682066,-4.456149,-1.862008,-3.513849,-4.724453,-3.347294,-4.273963,-3.362299,-3.045887,-3.300384,-3.192236,3.655303,-3.565323,-1.774991,-4.355637,-3.343735,3.539080,-2.758870,-2.535263,-3.677068,-0.235710,-1.176557,-3.051769
Cang_AT20_QLI57449.1	Cang_AT20_QLI57449.1	acceptor_superclass::Monoterpenoids	acceptor_superclass::Fatty acyls;acceptor_superclass::Monoterpenoids;acceptor_superclass::Phenylethanoids (C6-C2);acceptor_superclass::Phenylpropanoids (C6-C3)	0,0,0,0,0,0,0,0,0,1,0,0,0,0,0,0,0,0,0,0,0,0,0	0,0,0,0,1,0,0,0,0,1,0,0,0,0,1,1,0,0,0,0,0,0,0	-4.999242,-3.245948,-3.971967,-2.209500,1.853107,-2.124268,-3.689968,-0.124183,-1.751725,0.984747,-4.823581,-4.537873,-4.208346,-4.104978,0.754199,2.296057,-2.534024,-2.858818,-4.388653,-3.852520,-5.025571,-4.031757,-3.917638
Cann_AT3_NP_001311698.1	Cann_AT3_NP_001311698.1	acceptor_superclass::Tyrosine alkaloids	acceptor_superclass::Tryptophan alkaloids;acceptor_superclass::Tyrosine alkaloids	0,0,0,0,0,0,0,0,0,0,0,0,0,0,0,0,0,0,0,0,0,0,1	0,0,0,0,0,0,0,0,0,0,0,0,0,0,0,0,0,0,0,0,0,1,1	-3.137210,-4.878324,-1.139274,-1.787915,-4.298293,-2.708162,-3.134233,-3.182426,-2.854123,-5.114153,-2.241822,-2.674211,-3.472575,-0.624292,-3.356475,-1.544906,-3.029029,-3.886775,-3.132761,-3.223138,-4.231903,0.947734,2.354130
Cblu_HCT_CBI83579.1	Cblu_HCT_CBI83579.1	acceptor_superclass::Phenolic acids (C6-C1);acceptor_superclass::Tyrosine alkaloids	acceptor_superclass::Phenolic acids (C6-C1);acceptor_superclass::Phenylethanoids (C6-C2);acceptor_superclass::Phenylpropanoids (C6-C3);acceptor_superclass::Small peptides;acceptor_superclass::Tyrosine alkaloids	0,0,0,0,0,0,0,0,0,0,0,0,0,1,0,0,0,0,0,0,0,0,1	0,0,0,0,0,0,0,0,0,0,0,0,0,1,1,1,0,0,1,0,0,0,1	-4.807705,-4.593316,-4.206466,-0.784281,-3.466516,-1.344379,-4.780744,-3.894198,-4.148857,-1.274835,-4.842619,-1.684627,-4.328502,1.992774,0.572514,0.042561,-4.056725,-4.643756,1.578445,-3.972256,-0.563663,-4.169212,0.804295
Cblu_HCT_CBI83579.1	Cblu_HST_CBI83579.1	acceptor_superclass::Phenolic acids (C6-C1);acceptor_superclass::Small peptides	acceptor_superclass::Fatty Acids and Conjugates;acceptor_superclass::Phenolic acids (C6-C1);acceptor_superclass::Small peptides;acceptor_superclass::Tyrosine alkaloids	0,0,0,0,0,0,0,0,0,0,0,0,0,1,0,0,0,0,1,0,0,0,0	0,0,0,1,0,0,0,0,0,0,0,0,0,1,0,0,0,0,1,0,0,0,1	-4.980351,-4.243561,-4.919164,0.652488,-4.178706,-0.508598,-3.715440,-3.625990,-4.465948,-4.280204,-3.885149,-3.797679,-4.774956,2.284219,-1.557173,-0.418798,-5.119207,-2.796752,2.548667,-3.834078,-4.459217,-0.895593,2.508962
Cblu_RAS_CAK55166.1	Cblu_RAS_CAK55166.1	acceptor_superclass::Small peptides;acceptor_superclass::Tyrosine alkaloids	acceptor_superclass::Phenolic acids (C6-C1)	0,0,0,0,0,0,0,0,0,0,0,0,0,0,0,0,0,0,1,0,0,0,1	0,0,0,0,0,0,0,0,0,0,0,0,0,1,0,0,0,0,0,0,0,0,0	-5.057909,-4.622700,-4.222703,-0.383709,-1.230644,-1.233313,-4.013538,-4.501205,-4.645169,-3.082132,-5.614724,-2.484600,-4.482480,0.009872,-3.544992,-2.771461,-2.734904,-4.240957,-2.365789,-4.785670,-4.955512,-4.448200,-3.503616
Cbra_HQT-like_GBG71902.1	Cbra_HQT-like_GBG71902.1	acceptor_superclass::Phenolic acids (C6-C1)	acceptor_superclass::Fatty Acids and Conjugates;acceptor_superclass::Flavonoids;acceptor_superclass::Ornithine alkaloids;acceptor_superclass::Pseudoalkaloids	0,0,0,0,0,0,0,0,0,0,0,0,0,1,0,0,0,0,0,0,0,0,0	0,0,0,1,0,1,0,0,0,0,0,1,0,0,0,0,1,0,0,0,0,0,0	-3.161953,-2.821005,-3.361913,0.064442,-1.227578,0.139505,-0.758114,-3.669365,-3.906968,-3.056431,-3.578475,1.130089,-2.737066,-1.399428,-3.350214,-3.688638,0.082011,-1.295604,-2.852467,-1.784266,-2.681918,-4.550107,-2.782814
Cbre_BEAT_AAC18062.1	Cbre_BEAT_AAC18062.1	acceptor_superclass::Phenanthrenoids;acceptor_superclass::Phenylethanoids (C6-C2);acceptor_superclass::Phenylpropanoids (C6-C3)	acceptor_superclass::Ornithine alkaloids;acceptor_superclass::Steroids	0,0,0,0,0,0,0,0,0,0,0,0,1,0,1,1,0,0,0,0,0,0,0	0,0,0,0,0,0,0,0,0,0,0,1,0,0,0,0,0,0,0,1,0,0,0	-3.253250,-5.373610,-3.624774,-3.837826,-6.213148,-1.175635,-3.746947,-3.675842,-5.144828,-4.106580,-0.550178,0.312420,-3.370395,-0.546935,-6.511338,-3.963465,-1.341358,-3.666252,-1.370310,0.377033,-2.306237,-1.321535,-2.128093
Cbre_BEBT_AAN09796.1	Cbre_BEBT_AAN09796.1	acceptor_superclass::Phenylpropanoids (C6-C3)	acceptor_superclass::Cyclic polyketides;acceptor_superclass::Fatty acyls;acceptor_superclass::Lignans;acceptor_superclass::Monoterpenoids;acceptor_superclass::Phenylethanoids (C6-C2);acceptor_superclass::Phenylpropanoids (C6-C3)	0,0,0,0,0,0,0,0,0,0,0,0,0,0,0,1,0,0,0,0,0,0,0	0,1,0,0,1,0,0,1,0,1,0,0,0,0,1,1,0,0,0,0,0,0,0	-3.997701,0.520367,-4.177702,-2.178987,2.930373,-2.117954,-3.059336,1.700014,-2.095187,1.736527,-4.013003,-4.286242,-3.183890,-2.722771,2.350096,2.850545,-2.903270,-2.879939,-3.037798,-2.924997,-3.355803,-4.449163,-2.977888
Ccan_HCT_ABO47805.1	Ccan_HCT_ABO47805.1	acceptor_superclass::Phenolic acids (C6-C1);acceptor_superclass::Phenylpropanoids (C6-C3)	acceptor_superclass::Flavonoids;acceptor_superclass::Monoterpenoids;acceptor_superclass::Phenolic acids (C6-C1);acceptor_superclass::Small peptides;acceptor_superclass::Triterpenoids;acceptor_superclass::Tyrosine alkaloids	0,0,0,0,0,0,0,0,0,0,0,0,0,1,0,1,0,0,0,0,0,0,0	0,0,0,0,0,1,0,0,0,1,0,0,0,1,0,0,0,0,1,0,1,0,1	-3.862175,-4.342059,-3.231668,-4.202569,-4.835647,1.428550,-2.876120,-1.936406,-3.301111,0.152007,-3.555025,-4.756354,-3.785272,4.787756,-4.938425,-0.372969,-4.181332,-3.404024,0.663689,-3.802687,0.577469,-2.208941,0.413481
Ccan_HQT_ABO77957.1	Ccan_HQT_ABO77957.1	acceptor_superclass::Phenolic acids (C6-C1);acceptor_superclass::Phenylpropanoids (C6-C3)	acceptor_superclass::Phenolic acids (C6-C1);acceptor_superclass::Small peptides	0,0,0,0,0,0,0,0,0,0,0,0,0,1,0,1,0,0,0,0,0,0,0	0,0,0,0,0,0,0,0,0,0,0,0,0,1,0,0,0,0,1,0,0,0,0	-5.104276,-4.931326,-4.123114,-1.715490,-2.958970,-0.734703,-3.922603,-3.891487,-4.473894,-3.257361,-5.115065,-3.990587,-4.794955,2.190221,-3.382429,-1.786683,-4.306389,-4.269728,0.049496,-4.862897,-3.716825,-3.751308,-1.477736
Ccar_HCT_AAZ80046.1	Ccar_HCT_AAZ80046.1	acceptor_superclass::Phenolic acids (C6-C1)	acceptor_superclass::Fatty Acids and Conjugates;acceptor_superclass::Phenolic acids (C6-C1);acceptor_superclass::Small peptides;acceptor_superclass::Tyrosine alkaloids	0,0,0,0,0,0,0,0,0,0,0,0,0,1,0,0,0,0,0,0,0,0,0	0,0,0,1,0,0,0,0,0,0,0,0,0,1,0,0,0,0,1,0,0,0,1	-5.972275,-4.496760,-5.214286,0.135101,-3.615093,-1.617225,-4.749412,-3.427184,-4.790545,-3.860303,-5.320119,-3.907128,-5.279369,2.868153,-1.387413,-0.106413,-4.648936,-3.634605,1.645768,-5.230917,-4.913390,-2.945042,0.260581
Ccar_HQT1_CAM84302.2	Ccar_HQT1_CAM84302.2	acceptor_superclass::Phenolic acids (C6-C1)	acceptor_superclass::Fatty Acids and Conjugates;acceptor_superclass::Fatty acyls	0,0,0,0,0,0,0,0,0,0,0,0,0,1,0,0,0,0,0,0,0,0,0	0,0,0,1,1,0,0,0,0,0,0,0,0,0,0,0,0,0,0,0,0,0,0	-4.346172,-4.006497,-2.874009,3.841759,2.329558,-2.800387,-5.292459,-3.519095,-4.207659,-2.985690,-4.933070,-2.919213,-3.791275,-0.455575,-2.993850,-2.578210,-3.125140,-3.459396,-3.952100,-3.442530,-4.652462,-4.237736,-3.273403
Ccar_HQT2_ACJ23164.1	Ccar_HQT2_ACJ23164.1	acceptor_superclass::Phenolic acids (C6-C1)	acceptor_superclass::Phenolic acids (C6-C1)	0,0,0,0,0,0,0,0,0,0,0,0,0,1,0,0,0,0,0,0,0,0,0	0,0,0,0,0,0,0,0,0,0,0,0,0,1,0,0,0,0,0,0,0,0,0	-4.796437,-5.578318,-4.954367,-1.322160,-1.806743,-1.645148,-4.336570,-3.612618,-4.594933,-2.939436,-5.651669,-2.861659,-5.224613,2.523060,-3.473125,-1.156644,-2.965710,-4.968450,-2.573416,-4.904551,-2.984006,-3.794133,-3.718570
Ccar_HQT_ABK79689.1	Ccar_HQT_ABK79689.1	acceptor_superclass::Phenolic acids (C6-C1)	acceptor_superclass::Phenolic acids (C6-C1);acceptor_superclass::Phenylpropanoids (C6-C3);acceptor_superclass::Small peptides;acceptor_superclass::Tyrosine alkaloids	0,0,0,0,0,0,0,0,0,0,0,0,0,1,0,0,0,0,0,0,0,0,0	0,0,0,0,0,0,0,0,0,0,0,0,0,1,0,1,0,0,1,0,0,0,1	-5.116737,-4.468283,-3.755925,-4.963845,-4.929573,-1.719729,-3.570246,-2.459978,-4.195062,-2.250760,-4.179192,-3.749444,-5.055095,3.874746,-3.039761,0.821569,-5.203712,-4.151638,1.938835,-4.908501,-0.813690,-0.941960,1.773655
Ccar_HQT_ABK79690.1	Ccar_HQT_ABK79690.1	acceptor_superclass::Phenolic acids (C6-C1)	acceptor_superclass::Phenolic acids (C6-C1);acceptor_superclass::Phenylethanoids (C6-C2);acceptor_superclass::Phenylpropanoids (C6-C3);acceptor_superclass::Small peptides;acceptor_superclass::Triterpenoids;acceptor_superclass::Tyrosine alkaloids	0,0,0,0,0,0,0,0,0,0,0,0,0,1,0,0,0,0,0,0,0,0,0	0,0,0,0,0,0,0,0,0,0,0,0,0,1,1,1,0,0,1,0,1,0,1	-5.091847,-3.778383,-3.596211,-3.998518,-3.650080,-0.947405,-4.018420,-2.468216,-4.061975,-0.438732,-4.170496,-2.856123,-5.139849,2.017183,0.125080,0.852012,-4.752468,-3.340410,1.333608,-4.181818,0.468896,-0.977517,1.181066
Cchi_AT3_AAV66309.1	Cchi_AT3_AAV66309.1	acceptor_superclass::Tyrosine alkaloids	acceptor_superclass::Diterpenoids;acceptor_superclass::Naphthalenes;acceptor_superclass::Phenylpropanoids (C6-C3);acceptor_superclass::Tryptophan alkaloids;acceptor_superclass::Tyrosine alkaloids	0,0,0,0,0,0,0,0,0,0,0,0,0,0,0,0,0,0,0,0,0,0,1	0,0,1,0,0,0,0,0,0,0,1,0,0,0,0,1,0,0,0,0,0,1,1	-3.860444,-4.367947,1.321877,-3.053480,-3.947031,-4.098463,-5.275937,-2.716386,-3.232101,-5.267312,0.284485,-3.753079,-3.417919,-2.459481,-1.181300,0.069427,-3.342105,-3.451671,-3.028013,-4.284326,-2.479040,1.162750,1.928157
Ccro_AT1_AXB26761.1	Ccro_AT1_AXB26761.1	acceptor_superclass::Flavonoids	acceptor_superclass::Flavonoids;acceptor_superclass::Phenylpropanoids (C6-C3)	0,0,0,0,0,1,0,0,0,0,0,0,0,0,0,0,0,0,0,0,0,0,0	0,0,0,0,0,1,0,0,0,0,0,0,0,0,0,1,0,0,0,0,0,0,0	-3.769875,-3.349910,-5.892440,-3.342030,-0.908359,1.401197,-4.579193,-3.837615,-3.998675,-1.062785,-3.287501,-1.802213,-4.280343,-2.691231,-0.181338,0.482727,-3.911515,-5.573689,-3.033155,-3.692660,-4.398947,-2.378182,-1.026566
Ccro_AT1_AXB26761.1	Ccro_AT2_AXB26761.1	acceptor_superclass::Flavonoids	acceptor_superclass::Flavonoids	0,0,0,0,0,1,0,0,0,0,0,0,0,0,0,0,0,0,0,0,0,0,0	0,0,0,0,0,1,0,0,0,0,0,0,0,0,0,0,0,0,0,0,0,0,0	-4.413035,-4.007232,-2.564650,-4.822473,-4.633388,1.476977,-2.484195,-3.888815,-3.581374,-2.929125,-2.781975,-3.830356,-3.188880,-0.375650,-3.898674,-1.112225,-4.635993,-4.922036,-3.011410,-2.002800,-5.338521,-1.246448,-0.294531
Ccro_AT2_AXB26762.1	Ccro_AT2_AXB26762.1	acceptor_superclass::Flavonoids	acceptor_superclass::Flavonoids;acceptor_superclass::Phenylpropanoids (C6-C3);acceptor_superclass::Tryptophan alkaloids;acceptor_superclass::Tyrosine alkaloids	0,0,0,0,0,1,0,0,0,0,0,0,0,0,0,0,0,0,0,0,0,0,0	0,0,0,0,0,1,0,0,0,0,0,0,0,0,0,1,0,0,0,0,0,1,1	-3.662330,-3.527539,-3.971960,-4.103335,-2.875758,1.440426,-2.480685,-3.277685,-3.909554,-1.212893,-1.909143,-5.292861,-1.870324,-3.357683,-1.420775,1.246576,-5.422069,-5.659773,-2.605206,-3.433708,-2.697115,0.687073,0.916041
Ccro_HCT_WKA69991.1	Ccro_HCT_WKA69991.1	acceptor_superclass::Phenolic acids (C6-C1)	acceptor_superclass::Phenolic acids (C6-C1);acceptor_superclass::Small peptides;acceptor_superclass::Tyrosine alkaloids	0,0,0,0,0,0,0,0,0,0,0,0,0,1,0,0,0,0,0,0,0,0,0	0,0,0,0,0,0,0,0,0,0,0,0,0,1,0,0,0,0,1,0,0,0,1	-3.766983,-3.687897,-2.167856,-3.332702,-4.447580,-0.689390,-3.375368,-1.662495,-4.588007,-3.713519,-3.161919,-2.460202,-2.280272,1.939152,-2.295478,-2.082925,-4.137996,-3.974175,1.674392,-2.874356,-4.774862,-1.772945,0.375623
Cint_HCT1_ANN12608.1	Cint_HCT1_ANN12608.1	acceptor_superclass::Phenolic acids (C6-C1)	acceptor_superclass::Fatty Acids and Conjugates;acceptor_superclass::Flavonoids;acceptor_superclass::Phenanthrenoids;acceptor_superclass::Phenolic acids (C6-C1);acceptor_superclass::Phenylethanoids (C6-C2);acceptor_superclass::Phenylpropanoids (C6-C3);acceptor_superclass::Small peptides;acceptor_superclass::Tyrosine alkaloids	0,0,0,0,0,0,0,0,0,0,0,0,0,1,0,0,0,0,0,0,0,0,0	0,0,0,1,0,1,0,0,0,0,0,0,1,1,1,1,0,0,1,0,0,0,1	-1.851482,-4.075483,-3.878347,0.499849,-4.188348,0.030346,-3.917123,-3.737044,-3.640011,-0.033212,-2.446197,-2.218122,0.091040,1.960787,0.651354,0.150956,-3.727641,-3.591300,1.690645,-3.600175,-0.977692,-3.924713,1.452670
Cint_HCT2_ANN12609.1	Cint_HCT2_ANN12609.1	acceptor_superclass::Phenolic acids (C6-C1)	acceptor_superclass::Phenolic acids (C6-C1);acceptor_superclass::Small peptides;acceptor_superclass::Triterpenoids;acceptor_superclass::Tryptophan alkaloids;acceptor_superclass::Tyrosine alkaloids	0,0,0,0,0,0,0,0,0,0,0,0,0,1,0,0,0,0,0,0,0,0,0	0,0,0,0,0,0,0,0,0,0,0,0,0,1,0,0,0,0,1,0,1,1,1	-4.992082,-4.229116,-2.917357,-1.421682,-3.958837,-0.569165,-4.246156,-3.396548,-3.951926,-1.360062,-5.221880,-4.478364,-4.023097,2.741384,-2.141797,-0.345162,-5.077610,-5.284262,1.508843,-4.502261,0.929920,0.294421,2.185360
Cint_HQT1_ANN12610.1	Cint_HQT1_ANN12610.1	acceptor_superclass::Phenolic acids (C6-C1)	acceptor_superclass::Fatty Acids and Conjugates;acceptor_superclass::Fatty acyls;acceptor_superclass::Phenolic acids (C6-C1)	0,0,0,0,0,0,0,0,0,0,0,0,0,1,0,0,0,0,0,0,0,0,0	0,0,0,1,1,0,0,0,0,0,0,0,0,1,0,0,0,0,0,0,0,0,0	-4.936741,-3.873399,-3.543344,2.899189,1.294938,-3.687363,-5.933906,-3.145049,-4.414328,-4.046850,-5.918677,-2.873326,-4.003365,1.465466,-2.795602,-1.908302,-3.000454,-3.857064,-3.062267,-3.520700,-4.587485,-4.446548,-3.254244
Cint_HQT2_ANN12611.1	Cint_HQT2_ANN12611.1	acceptor_superclass::Phenolic acids (C6-C1)	acceptor_superclass::Fatty Acids and Conjugates;acceptor_superclass::Fatty acyls;acceptor_superclass::Phenolic acids (C6-C1)	0,0,0,0,0,0,0,0,0,0,0,0,0,1,0,0,0,0,0,0,0,0,0	0,0,0,1,1,0,0,0,0,0,0,0,0,1,0,0,0,0,0,0,0,0,0	-3.641238,-4.327055,-4.009083,1.932744,0.341738,-3.424681,-5.332510,-2.916585,-4.359852,-4.729880,-5.726048,-1.965588,-4.100018,2.358745,-3.144461,-2.107769,-2.612213,-3.326617,-2.789320,-3.695262,-3.768181,-4.157234,-2.710701
Cint_HQT3_ANN12612.1	Cint_HQT3_ANN12612.1	acceptor_superclass::Phenolic acids (C6-C1)	acceptor_superclass::Phenolic acids (C6-C1)	0,0,0,0,0,0,0,0,0,0,0,0,0,1,0,0,0,0,0,0,0,0,0	0,0,0,0,0,0,0,0,0,0,0,0,0,1,0,0,0,0,0,0,0,0,0	-4.195974,-4.901503,-4.165412,-0.731806,-0.965054,-1.998025,-4.160256,-3.100828,-4.370976,-3.100219,-4.879900,-3.546804,-4.858682,2.352021,-2.039319,-0.090980,-4.019616,-3.909232,-2.256773,-5.059576,-4.242046,-5.416956,-2.004428
Cint_SHT1_AXY93625.1	Cint_SHT1_AXY93625.1	acceptor_superclass::Ornithine alkaloids;acceptor_superclass::Phenolic acids (C6-C1);acceptor_superclass::Pseudoalkaloids	acceptor_superclass::Ornithine alkaloids;acceptor_superclass::Pseudoalkaloids;acceptor_superclass::Triterpenoids	0,0,0,0,0,0,0,0,0,0,0,1,0,1,0,0,1,0,0,0,0,0,0	0,0,0,0,0,0,0,0,0,0,0,1,0,0,0,0,1,0,0,0,1,0,0	-2.931252,-0.547498,-4.417861,-2.640373,-2.682892,-2.020303,-5.565654,-4.252023,-5.484529,-3.535116,-4.737386,2.011445,-2.833418,-2.694310,-2.405605,-3.700058,1.396146,-6.308007,-2.152852,-2.545915,0.081560,-1.472325,-3.549669
Cint_SHT2_AXY93626.1	Cint_SHT2_AXY93626.1	acceptor_superclass::Ornithine alkaloids;acceptor_superclass::Phenolic acids (C6-C1);acceptor_superclass::Pseudoalkaloids	acceptor_superclass::Coumarins;acceptor_superclass::Fatty Acids and Conjugates;acceptor_superclass::Flavonoids;acceptor_superclass::Phenanthrenoids;acceptor_superclass::Phenolic acids (C6-C1);acceptor_superclass::Small peptides;acceptor_superclass::Steroids	0,0,0,0,0,0,0,0,0,0,0,1,0,1,0,0,1,0,0,0,0,0,0	1,0,0,1,0,1,0,0,0,0,0,0,1,1,0,0,0,0,1,1,0,0,0	0.574473,-3.293630,-2.706630,0.443613,-4.150005,2.287943,-2.892074,-3.861914,-3.868828,-3.010143,-1.022480,-2.235147,0.772141,0.580096,-0.817923,-3.983226,-2.356659,-3.135828,1.092230,0.189128,-2.483629,-2.169446,-0.690237
Cmel_AAT1_CAA94432.1	Cmel_AAT1_CAA94432.1	acceptor_superclass::Fatty acyls;acceptor_superclass::Phenylethanoids (C6-C2);acceptor_superclass::Phenylpropanoids (C6-C3)	acceptor_superclass::Fatty acyls;acceptor_superclass::Lysine alkaloids;acceptor_superclass::Monoterpenoids;acceptor_superclass::Phenylethanoids (C6-C2);acceptor_superclass::Phenylpropanoids (C6-C3)	0,0,0,0,1,0,0,0,0,0,0,0,0,0,1,1,0,0,0,0,0,0,0	0,0,0,0,1,0,0,0,1,1,0,0,0,0,1,1,0,0,0,0,0,0,0	-4.110246,-2.518999,-3.590940,-2.511397,2.765858,-2.267384,-4.504853,-3.071903,0.902307,1.624242,-5.987525,-2.074019,-4.265331,-3.219745,0.697856,2.310089,-1.002451,-3.199011,-4.248852,-4.613176,-4.926847,-3.740057,-3.072766
Cmel_AAT3_AAW51125.1	Cmel_AAT3_AAW51125.1	acceptor_superclass::Fatty acyls	acceptor_superclass::Fatty acyls;acceptor_superclass::Lysine alkaloids;acceptor_superclass::Monoterpenoids;acceptor_superclass::Phenylethanoids (C6-C2);acceptor_superclass::Phenylpropanoids (C6-C3)	0,0,0,0,1,0,0,0,0,0,0,0,0,0,0,0,0,0,0,0,0,0,0	0,0,0,0,1,0,0,0,1,1,0,0,0,0,1,1,0,0,0,0,0,0,0	-4.084580,-3.127139,-2.191066,-4.483071,1.222111,-1.284273,-4.513283,-3.512637,2.730610,2.122153,-4.428604,-3.632622,-5.304655,-3.710372,1.777567,0.979874,-0.189045,-2.944744,-4.002042,-3.793085,-3.080460,-3.117021,-3.396498
Cmel_AAT4_AAW51126.1	Cmel_AAT4_AAW51126.1	acceptor_superclass::Fatty acyls;acceptor_superclass::Monoterpenoids;acceptor_superclass::Phenylpropanoids (C6-C3)	acceptor_superclass::Isoflavonoids	0,0,0,0,1,0,0,0,0,1,0,0,0,0,0,1,0,0,0,0,0,0,0	0,0,0,0,0,0,1,0,0,0,0,0,0,0,0,0,0,0,0,0,0,0,0	-4.057640,-4.246455,-1.358582,-5.302553,-4.132518,-0.790576,1.372577,-3.225694,-2.148197,-4.482956,-2.729514,-3.566197,-4.260303,-2.904382,-5.025100,-0.057040,-4.316494,-0.236471,-2.629284,-4.005645,-1.104715,-1.113434,-3.064034
Cros_DAT_AAC99311.1	Cros_DAT_AAC99311.1	acceptor_superclass::Tryptophan alkaloids	acceptor_superclass::Diterpenoids;acceptor_superclass::Naphthalenes;acceptor_superclass::Tyrosine alkaloids	0,0,0,0,0,0,0,0,0,0,0,0,0,0,0,0,0,0,0,0,0,1,0	0,0,1,0,0,0,0,0,0,0,1,0,0,0,0,0,0,0,0,0,0,0,1	-3.919817,-3.093473,1.937045,-2.809421,-3.193113,-2.696491,-3.150687,-3.843052,-3.660990,-5.473101,0.076577,-3.308542,-3.622290,-0.469515,-4.460876,-1.112753,-4.229451,-3.454613,-2.272599,-3.255178,-4.429157,-3.436087,0.924872
Cros_MAT_AAO13736.1	Cros_MAT_AAO13736.1	acceptor_superclass::Tryptophan alkaloids	acceptor_superclass::Phenylethanoids (C6-C2)	0,0,0,0,0,0,0,0,0,0,0,0,0,0,0,0,0,0,0,0,0,1,0	0,0,0,0,0,0,0,0,0,0,0,0,0,0,1,0,0,0,0,0,0,0,0	-5.263248,-3.636338,-2.644604,-5.392157,-2.061741,-3.203832,-6.067846,-3.504455,-5.222141,-2.939733,-1.217730,-2.642517,-4.424693,-3.624395,1.385693,-0.048708,-2.791000,-4.784078,-3.708968,-4.679868,-0.819041,-3.705168,-2.361059
Cros_TAT_AQP25667.1	Cros_TAT_AQP25667.1	acceptor_superclass::Tryptophan alkaloids	acceptor_superclass::Monoterpenoids;acceptor_superclass::Saccharides	0,0,0,0,0,0,0,0,0,0,0,0,0,0,0,0,0,0,0,0,0,1,0	0,0,0,0,0,0,0,0,0,1,0,0,0,0,0,0,0,1,0,0,0,0,0	-4.697960,-4.287342,-3.518638,-2.759679,-1.740608,-1.892304,-4.764661,-3.116146,-2.880157,0.554403,-2.633564,-3.544411,-4.405565,-3.923626,-4.347174,-2.737243,-4.118400,3.485701,-3.434134,-4.938114,-2.866742,-3.898932,-4.741683
Csat_HCT_AEJ88365.1	Csat_HCT_AEJ88365.1	acceptor_superclass::Phenolic acids (C6-C1)	acceptor_superclass::Flavonoids;acceptor_superclass::Phenolic acids (C6-C1);acceptor_superclass::Small peptides;acceptor_superclass::Tyrosine alkaloids	0,0,0,0,0,0,0,0,0,0,0,0,0,1,0,0,0,0,0,0,0,0,0	0,0,0,0,0,1,0,0,0,0,0,0,0,1,0,0,0,0,1,0,0,0,1	-4.771401,-3.967491,-3.274778,-4.402183,-4.899330,0.037507,-3.053044,-4.031372,-4.449370,-2.759565,-3.898828,-2.133986,-2.528140,3.329012,-2.827168,-1.109986,-3.751090,-4.734460,1.341516,-3.496920,-1.343399,-1.699423,1.968104
Csco_HQT1_CAM84302.2	Csco_HQT1_CAM84302.2	acceptor_superclass::Phenolic acids (C6-C1)	acceptor_superclass::Fatty Acids and Conjugates;acceptor_superclass::Fatty acyls	0,0,0,0,0,0,0,0,0,0,0,0,0,1,0,0,0,0,0,0,0,0,0	0,0,0,1,1,0,0,0,0,0,0,0,0,0,0,0,0,0,0,0,0,0,0	-3.837831,-4.075988,-2.977460,3.845196,2.604437,-3.215375,-5.142945,-4.013029,-4.185014,-2.607206,-4.578304,-2.741641,-3.709485,-0.046772,-1.768310,-1.649342,-2.011100,-3.344262,-3.388696,-3.786761,-3.971524,-3.719491,-2.765751
Csco_HQT2_ACJ23164.1	Csco_HQT2_ACJ23164.1	acceptor_superclass::Phenolic acids (C6-C1)	acceptor_superclass::Fatty Acids and Conjugates;acceptor_superclass::Phenolic acids (C6-C1)	0,0,0,0,0,0,0,0,0,0,0,0,0,1,0,0,0,0,0,0,0,0,0	0,0,0,1,0,0,0,0,0,0,0,0,0,1,0,0,0,0,0,0,0,0,0	-3.948220,-4.877289,-3.962376,0.166007,-0.813814,-2.187878,-5.232580,-4.038854,-4.583580,-3.822088,-5.910048,-2.412760,-4.373286,1.999450,-2.491640,-1.927188,-2.857351,-4.720296,-2.337386,-4.732877,-3.910594,-4.273035,-2.094283
Csin_AT1_THG04858.1	Csin_AT1_THG04858.1	acceptor_superclass::Flavonoids	acceptor_superclass::Diterpenoids;acceptor_superclass::Tryptophan alkaloids	0,0,0,0,0,1,0,0,0,0,0,0,0,0,0,0,0,0,0,0,0,0,0	0,0,1,0,0,0,0,0,0,0,0,0,0,0,0,0,0,0,0,0,0,1,0	-3.822225,-4.102201,0.811969,-2.875722,-1.985053,-1.988889,-2.655401,-3.198656,-2.787529,-2.914031,-2.876566,-5.591416,-3.639274,-3.646951,-3.303024,-0.268460,-5.159130,-0.334701,-4.019843,-4.871432,-0.085396,1.228568,-2.743622
Csin_AT2_THG19836.1	Csin_AT2_THG19836.1	acceptor_superclass::Flavonoids	acceptor_superclass::Fatty acyls;acceptor_superclass::Monoterpenoids;acceptor_superclass::Phenylethanoids (C6-C2);acceptor_superclass::Phenylpropanoids (C6-C3)	0,0,0,0,0,1,0,0,0,0,0,0,0,0,0,0,0,0,0,0,0,0,0	0,0,0,0,1,0,0,0,0,1,0,0,0,0,1,1,0,0,0,0,0,0,0	-4.144840,-4.293828,-3.746985,-1.625670,2.020393,-3.936416,-5.712366,-2.950683,-3.754135,1.027844,-5.073273,-3.941738,-3.726980,-4.293924,1.544207,2.146793,-3.822475,-4.220682,-4.255328,-5.109695,-5.558681,-3.901488,-3.431882
Csin_CHAT1_GMQ03793.1	Csin_CHAT1_GMQ03793.1	acceptor_superclass::Fatty acyls	acceptor_superclass::Fatty acyls;acceptor_superclass::Lysine alkaloids;acceptor_superclass::Phenylethanoids (C6-C2);acceptor_superclass::Phenylpropanoids (C6-C3)	0,0,0,0,1,0,0,0,0,0,0,0,0,0,0,0,0,0,0,0,0,0,0	0,0,0,0,1,0,0,0,1,0,0,0,0,0,1,1,0,0,0,0,0,0,0	-3.422386,-2.647718,-4.929679,-2.083746,0.534897,-2.823810,-4.087376,-1.312681,3.078622,-1.148095,-4.667454,-0.099126,-4.583860,-2.735232,0.553416,2.593585,-0.728636,-2.325112,-4.415579,-2.186325,-3.099259,-2.778786,-2.790277
Csin_HCT1_XP_028081726.1	Csin_HCT1_XP_028081726.1	acceptor_superclass::Phenolic acids (C6-C1)	acceptor_superclass::Phenolic acids (C6-C1);acceptor_superclass::Phenylethanoids (C6-C2);acceptor_superclass::Phenylpropanoids (C6-C3);acceptor_superclass::Small peptides;acceptor_superclass::Tyrosine alkaloids	0,0,0,0,0,0,0,0,0,0,0,0,0,1,0,0,0,0,0,0,0,0,0	0,0,0,0,0,0,0,0,0,0,0,0,0,1,1,1,0,0,1,0,0,0,1	-4.856685,-4.589347,-4.176562,-0.832248,-3.415233,-1.383887,-4.796390,-3.889521,-4.137430,-1.289315,-4.881590,-1.678528,-4.442169,1.974573,0.603940,0.051927,-4.057206,-4.672157,1.564227,-3.955773,-0.548021,-4.166525,0.776023
Csin_HCT2_THG02040.1	Csin_HCT2_THG02040.1	acceptor_superclass::Flavonoids;acceptor_superclass::Phenolic acids (C6-C1)	acceptor_superclass::Ornithine alkaloids;acceptor_superclass::Phenolic acids (C6-C1)	0,0,0,0,0,1,0,0,0,0,0,0,0,1,0,0,0,0,0,0,0,0,0	0,0,0,0,0,0,0,0,0,0,0,1,0,1,0,0,0,0,0,0,0,0,0	-6.044595,-5.055944,-5.302456,-1.461739,-4.223803,-2.833206,-5.974127,-3.627219,-5.202778,-2.478497,-6.383998,0.523199,-4.390763,0.656671,-2.619232,-2.055460,-0.712778,-5.084909,-0.584825,-5.417149,-4.336608,-4.258436,-2.779807
Dcar_HCBT3_CAB06429.1	Dcar_HCBT1_CAB06427.1	acceptor_superclass::Phenolic acids (C6-C1);acceptor_superclass::Small peptides	acceptor_superclass::Phenolic acids (C6-C1);acceptor_superclass::Small peptides;acceptor_superclass::Tyrosine alkaloids	0,0,0,0,0,0,0,0,0,0,0,0,0,1,0,0,0,0,1,0,0,0,0	0,0,0,0,0,0,0,0,0,0,0,0,0,1,0,0,0,0,1,0,0,0,1	-3.909985,-4.128272,-4.009089,-2.342050,-4.010614,-0.999619,-3.721522,-1.711424,-4.705748,-3.338559,-3.343315,-1.966872,-1.903646,1.775475,-1.132760,-1.698736,-3.750443,-3.915042,2.483279,-3.575835,-4.229751,-2.526563,0.448931
Dcar_HCBT2_CAB06430.1	Dcar_HCBT2_CAB06430.1	acceptor_superclass::Small peptides	acceptor_superclass::Phenolic acids (C6-C1);acceptor_superclass::Phenylethanoids (C6-C2);acceptor_superclass::Phenylpropanoids (C6-C3);acceptor_superclass::Small peptides	0,0,0,0,0,0,0,0,0,0,0,0,0,0,0,0,0,0,1,0,0,0,0	0,0,0,0,0,0,0,0,0,0,0,0,0,1,1,1,0,0,1,0,0,0,0	-4.758002,-3.493427,-5.156515,-0.466754,-2.265878,-2.091578,-4.966825,-2.006830,-4.843305,-1.875489,-4.280684,-3.933290,-3.557266,2.463476,1.326462,0.905599,-5.071389,-4.137037,2.281816,-5.015901,-5.257864,-4.641240,-2.171869
Dcar_HCBT3_CAB06429.1	Dcar_HCBT3_CAB06429.1	acceptor_superclass::Small peptides	acceptor_superclass::Phenolic acids (C6-C1);acceptor_superclass::Phenylethanoids (C6-C2);acceptor_superclass::Small peptides	0,0,0,0,0,0,0,0,0,0,0,0,0,0,0,0,0,0,1,0,0,0,0	0,0,0,0,0,0,0,0,0,0,0,0,0,1,1,0,0,0,1,0,0,0,0	-3.877017,-3.370899,-4.873485,-1.178464,-2.443627,-2.638990,-5.096543,-0.667453,-5.170412,-1.816669,-3.992697,-1.232731,-2.362173,1.536627,0.533848,-0.388530,-3.280154,-4.520869,1.730346,-3.954683,-4.686415,-5.572666,-4.658302
Dlan_MAT1_QUW17232.1	Dlan_MAT1_QUW17232.1	acceptor_superclass::Flavonoids;acceptor_superclass::Steroids	acceptor_superclass::Flavonoids;acceptor_superclass::Isoflavonoids;acceptor_superclass::Steroids	0,0,0,0,0,1,0,0,0,0,0,0,0,0,0,0,0,0,0,1,0,0,0	0,0,0,0,0,1,1,0,0,0,0,0,0,0,0,0,0,0,0,1,0,0,0	-2.577529,-4.317560,-3.569571,-2.229883,-3.308732,4.576925,1.233481,-3.479379,-3.680902,-4.685844,-1.425788,-2.845473,-2.470961,-2.223914,-3.726275,-4.784571,-3.355818,-3.025005,-3.158410,3.139200,-3.709699,-2.749502,-2.905741
Dlan_MAT2_QWS71079.1	Dlan_MAT2_QWS71079.1	acceptor_superclass::Flavonoids;acceptor_superclass::Steroids	acceptor_superclass::Flavonoids;acceptor_superclass::Isoflavonoids;acceptor_superclass::Phenolic acids (C6-C1);acceptor_superclass::Steroids	0,0,0,0,0,1,0,0,0,0,0,0,0,0,0,0,0,0,0,1,0,0,0	0,0,0,0,0,1,1,0,0,0,0,0,0,1,0,0,0,0,0,1,0,0,0	-2.557348,-2.398205,-2.280102,-3.890212,-4.307323,3.524966,2.820430,-2.640618,-3.409590,-4.305807,-2.053121,-3.178399,-2.494595,0.698175,-4.331892,-3.630549,-3.249187,-1.306284,-2.203392,2.921528,-2.654739,-1.695708,-0.654656
Dmor_3MAT1_AAQ63615.1	Dmor_3MAT1_AAQ63615.1	acceptor_superclass::Flavonoids	acceptor_superclass::Flavonoids;acceptor_superclass::Tyrosine alkaloids	0,0,0,0,0,1,0,0,0,0,0,0,0,0,0,0,0,0,0,0,0,0,0	0,0,0,0,0,1,0,0,0,0,0,0,0,0,0,0,0,0,0,0,0,0,1	-3.940688,-2.411516,-5.113328,-5.157479,-3.658703,2.213221,-0.414029,-4.162571,-4.042614,-3.483543,-2.531266,-2.779394,-3.854575,-2.840242,-2.041040,-0.780292,-4.614155,-5.544550,-3.828690,-2.889398,-4.889343,-2.833946,1.734047
Dmor_3MAT2_AAQ63616.1	Dmor_3MAT2_AAQ63616.1	acceptor_superclass::Flavonoids	acceptor_superclass::Flavonoids;acceptor_superclass::Isoflavonoids;acceptor_superclass::Tyrosine alkaloids	0,0,0,0,0,1,0,0,0,0,0,0,0,0,0,0,0,0,0,0,0,0,0	0,0,0,0,0,1,1,0,0,0,0,0,0,0,0,0,0,0,0,0,0,0,1	-4.036271,-4.058080,-2.071043,-4.302824,-4.116223,1.846016,0.645060,-5.214131,-3.146715,-4.777247,-2.703859,-1.739785,-4.139738,-0.393346,-4.629471,-3.252710,-2.873077,-4.052478,-3.256167,-1.638044,-3.624547,-2.819735,0.223463
Dmor_3MAT3_BAF50706.1	Dmor_3MAT3_BAF50706.1	acceptor_superclass::Flavonoids;acceptor_superclass::Isoflavonoids	acceptor_superclass::Flavonoids;acceptor_superclass::Ornithine alkaloids;acceptor_superclass::Steroids	0,0,0,0,0,1,1,0,0,0,0,0,0,0,0,0,0,0,0,0,0,0,0	0,0,0,0,0,1,0,0,0,0,0,1,0,0,0,0,0,0,0,1,0,0,0	-1.350946,-0.148263,-3.441513,-0.454948,-1.601421,2.987058,-0.661869,-0.922582,-3.781970,-2.463891,-2.418604,0.229761,-1.238509,-3.887055,-0.292815,-0.242995,-3.086105,-1.583392,-3.918226,2.155213,-5.229516,-3.003857,-2.569128
Dpin_3MAT_AAO12206.1	Dpin_3MAT_AAO12206.1	acceptor_superclass::Flavonoids	acceptor_superclass::Flavonoids	0,0,0,0,0,1,0,0,0,0,0,0,0,0,0,0,0,0,0,0,0,0,0	0,0,0,0,0,1,0,0,0,0,0,0,0,0,0,0,0,0,0,0,0,0,0	-4.427799,-3.122876,-5.249472,-4.762938,-3.096818,1.522454,-1.425690,-4.038568,-3.192369,-2.857836,-4.203822,-1.909121,-4.474885,-2.511879,-2.472643,-0.930185,-3.747827,-5.850805,-4.140699,-3.786116,-4.742719,-3.939290,-0.597577
Dvar_3MAT_AAO12206.1	Dvar_3MAT_AAO12206.1		acceptor_superclass::Flavonoids	0,0,0,0,0,0,0,0,0,0,0,0,0,0,0,0,0,0,0,0,0,0,0	0,0,0,0,0,1,0,0,0,0,0,0,0,0,0,0,0,0,0,0,0,0,0	-4.427799,-3.122876,-5.249472,-4.762938,-3.096818,1.522454,-1.425690,-4.038568,-3.192369,-2.857836,-4.203822,-1.909121,-4.474885,-2.511879,-2.472643,-0.930185,-3.747827,-5.850805,-4.140699,-3.786116,-4.742719,-3.939290,-0.597577
Ecoc_CS_AGT56097.1	Ecoc_BAHD7_AGT56097.1	acceptor_superclass::Ornithine alkaloids	acceptor_superclass::Monoterpenoids;acceptor_superclass::Ornithine alkaloids	0,0,0,0,0,0,0,0,0,0,0,1,0,0,0,0,0,0,0,0,0,0,0	0,0,0,0,0,0,0,0,0,1,0,1,0,0,0,0,0,0,0,0,0,0,0	-2.729441,-2.958188,-0.260339,-4.067710,-3.447101,-3.636878,-4.056337,-4.109695,-4.434627,0.344973,-1.975926,2.339986,-3.287428,-2.000925,-3.646765,-3.866292,-0.873461,-0.334488,-1.762266,-3.540992,-1.355722,-2.052644,-4.879550
Ecoc_CS_AGT56097.1	Ecoc_CS_AGT56097.1	acceptor_superclass::Ornithine alkaloids	acceptor_superclass::Diterpenoids;acceptor_superclass::Ornithine alkaloids	0,0,0,0,0,0,0,0,0,0,0,1,0,0,0,0,0,0,0,0,0,0,0	0,0,1,0,0,0,0,0,0,0,0,1,0,0,0,0,0,0,0,0,0,0,0	-4.097519,-3.590788,1.173864,-4.171784,-4.105654,-4.621958,-4.842314,-2.767396,-3.820297,-2.573586,-1.371362,0.569414,-3.761395,-3.640272,-4.583366,-3.961308,-1.587441,-2.291842,-2.469334,-2.408974,-2.601968,-2.227436,-4.137991
Ecoc_HQT_AFF19203.1	Ecoc_HQT_AFF19203.1	acceptor_superclass::Phenolic acids (C6-C1)	acceptor_superclass::Flavonoids;acceptor_superclass::Monoterpenoids;acceptor_superclass::Phenanthrenoids;acceptor_superclass::Phenolic acids (C6-C1);acceptor_superclass::Phenylethanoids (C6-C2);acceptor_superclass::Phenylpropanoids (C6-C3)	0,0,0,0,0,0,0,0,0,0,0,0,0,1,0,0,0,0,0,0,0,0,0	0,0,0,0,0,1,0,0,0,1,0,0,1,1,1,1,0,0,0,0,0,0,0	-4.850314,-4.519070,-6.002519,-2.239128,-2.621283,0.379217,-5.105201,-3.442463,-3.392904,1.628825,-3.706296,-1.972375,2.366478,0.395320,0.496575,1.229689,-1.501202,-5.533906,-0.816844,-4.565650,-1.266718,-1.790609,-0.855261
Egra_5AT_BAF49288.1	Egra_5AT_BAF49288.1	acceptor_superclass::Flavonoids	acceptor_superclass::Flavonoids;acceptor_superclass::Isoflavonoids;acceptor_superclass::Phenolic acids (C6-C1);acceptor_superclass::Steroids	0,0,0,0,0,1,0,0,0,0,0,0,0,0,0,0,0,0,0,0,0,0,0	0,0,0,0,0,1,1,0,0,0,0,0,0,1,0,0,0,0,0,1,0,0,0	-2.219913,-2.251029,-2.604721,-3.659825,-3.962666,3.418418,3.435264,-1.177601,-3.249408,-3.363321,-1.553396,-3.770146,-2.063141,0.758979,-4.176179,-2.604031,-3.662858,-0.472497,-1.313284,3.714736,-2.642191,-1.223209,-1.144211
Epep_BAHD11_NA	Epep_BAHD11_NA	acceptor_superclass::Diterpenoids	acceptor_superclass::Diterpenoids;acceptor_superclass::Naphthalenes;acceptor_superclass::Tryptophan alkaloids	0,0,1,0,0,0,0,0,0,0,0,0,0,0,0,0,0,0,0,0,0,0,0	0,0,1,0,0,0,0,0,0,0,1,0,0,0,0,0,0,0,0,0,0,1,0	-2.469162,-4.339828,1.596052,-5.560337,-2.148583,-2.874720,-4.343211,-3.128433,-2.178666,-3.123046,2.280570,-3.847954,-2.740856,-5.085201,-3.365002,-3.232749,-3.346545,-1.975024,-4.099332,-2.726312,-0.942704,0.224538,-4.131305
Epep_BAHD12_NA	Epep_BAHD12_NA	acceptor_superclass::Diterpenoids	acceptor_superclass::Diterpenoids;acceptor_superclass::Ornithine alkaloids;acceptor_superclass::Pseudoalkaloids;acceptor_superclass::Triterpenoids;acceptor_superclass::Tryptophan alkaloids	0,0,1,0,0,0,0,0,0,0,0,0,0,0,0,0,0,0,0,0,0,0,0	0,0,1,0,0,0,0,0,0,0,0,1,0,0,0,0,1,0,0,0,1,1,0	-3.108403,-4.393720,0.999023,-3.682494,-5.123142,-2.676930,-4.117888,-3.935852,-3.400479,-4.272272,-2.065889,0.841315,-3.283716,-3.928427,-4.502468,-3.635756,0.818877,-3.393409,-2.181714,-2.729307,0.873911,2.053350,-2.871529
Epep_BAHD6_NA	Epep_BAHD6_NA	acceptor_superclass::Diterpenoids	acceptor_superclass::Monoterpenoids;acceptor_superclass::Triterpenoids;acceptor_superclass::Tryptophan alkaloids	0,0,1,0,0,0,0,0,0,0,0,0,0,0,0,0,0,0,0,0,0,0,0	0,0,0,0,0,0,0,0,0,1,0,0,0,0,0,0,0,0,0,0,1,1,0	-4.429965,-2.944124,-2.949940,-4.179914,-4.312434,-2.808101,-4.292883,-3.188794,-2.910768,0.607759,-3.591040,-2.132088,-3.576030,-3.640667,-4.303905,-4.316294,-2.349376,-1.065054,-2.857046,-3.137151,1.777656,1.480268,-3.960192
Epep_BAHD7_NA	Epep_BAHD7_NA	acceptor_superclass::Diterpenoids	acceptor_superclass::Diterpenoids;acceptor_superclass::Ornithine alkaloids;acceptor_superclass::Pseudoalkaloids;acceptor_superclass::Tryptophan alkaloids	0,0,1,0,0,0,0,0,0,0,0,0,0,0,0,0,0,0,0,0,0,0,0	0,0,1,0,0,0,0,0,0,0,0,1,0,0,0,0,1,0,0,0,0,1,0	-3.733781,-2.456078,0.095877,-4.488612,-3.226695,-0.736620,-4.328434,-5.431462,-3.863666,-3.394453,-3.552078,0.615596,-3.707935,-1.616234,-3.873446,-2.994633,0.055783,-5.026627,-4.896645,-3.290049,-2.458679,1.290952,-3.995223
Epep_BAHD8_NA	Epep_BAHD8_NA	acceptor_superclass::Diterpenoids	acceptor_superclass::Saccharides	0,0,1,0,0,0,0,0,0,0,0,0,0,0,0,0,0,0,0,0,0,0,0	0,0,0,0,0,0,0,0,0,0,0,0,0,0,0,0,0,1,0,0,0,0,0	-4.690495,-3.832226,-4.397295,-3.630320,-3.418406,-1.981210,-5.352411,-4.161025,-3.968631,-0.674181,-3.539572,-2.095325,-4.100413,-3.920905,-5.198066,-4.011775,-3.312740,1.776691,-2.791175,-4.121966,-0.747412,-2.484049,-4.462250
Epla_AAT1-1_BDW80081.1	Epla_AAT1-1_BDW80081.1	acceptor_superclass::Naphthalenes	acceptor_superclass::Naphthalenes	0,0,0,0,0,0,0,0,0,0,1,0,0,0,0,0,0,0,0,0,0,0,0	0,0,0,0,0,0,0,0,0,0,1,0,0,0,0,0,0,0,0,0,0,0,0	-3.503422,-4.057253,-1.312934,-4.230951,-3.738686,-3.487069,-3.660979,-3.872592,-4.073338,-2.451528,3.459978,-2.875238,-2.773296,-3.726419,-2.703465,-0.780045,-3.425442,-2.530428,-2.944565,-3.653643,-3.596327,-1.212484,-1.668782
Epla_AAT1-2_BDW80082.1	Epla_AAT1-2_BDW80082.1	acceptor_superclass::Naphthalenes	acceptor_superclass::Naphthalenes;acceptor_superclass::Tryptophan alkaloids;acceptor_superclass::Tyrosine alkaloids	0,0,0,0,0,0,0,0,0,0,1,0,0,0,0,0,0,0,0,0,0,0,0	0,0,0,0,0,0,0,0,0,0,1,0,0,0,0,0,0,0,0,0,0,1,1	-2.804583,-3.270104,-3.685959,-3.517032,-3.966209,-2.454078,-3.835177,-2.710729,-4.017795,-4.284145,2.754217,-0.948785,-2.965104,-4.074242,-3.466052,-0.746271,-4.306386,-2.461252,-4.240955,-0.997150,-2.989698,0.486386,0.533586
Epla_AAT2-1_BDW80086.1	Epla_AAT2-1_BDW80086.1	acceptor_superclass::Naphthalenes	acceptor_superclass::Diterpenoids;acceptor_superclass::Naphthalenes;acceptor_superclass::Tyrosine alkaloids	0,0,0,0,0,0,0,0,0,0,1,0,0,0,0,0,0,0,0,0,0,0,0	0,0,1,0,0,0,0,0,0,0,1,0,0,0,0,0,0,0,0,0,0,0,1	-2.767038,-3.472590,0.933343,-3.657404,-3.681816,-3.831419,-3.353528,-3.546219,-3.328190,-5.334224,4.168966,-3.237133,-2.966964,-3.400903,-1.090523,-0.247688,-3.134116,-3.252642,-1.037526,-3.021398,-2.712945,-1.126688,0.151807
Epla_AAT2-2_BDW80087.1	Epla_AAT2-2_BDW80087.1	acceptor_superclass::Naphthalenes	acceptor_superclass::Naphthalenes	0,0,0,0,0,0,0,0,0,0,1,0,0,0,0,0,0,0,0,0,0,0,0	0,0,0,0,0,0,0,0,0,0,1,0,0,0,0,0,0,0,0,0,0,0,0	-3.655456,-3.347820,-2.376898,-3.846386,-1.953636,-1.902514,-2.985038,-3.457116,-5.090909,-3.251791,4.237667,-5.631946,-3.847646,-4.010481,-1.914392,-2.784388,-6.099887,-2.869359,-3.147594,-3.320372,-3.636219,-3.067244,-3.167499
Epla_AAT2-3_BDW80088.1	Epla_AAT2-3_BDW80088.1	acceptor_superclass::Naphthalenes	acceptor_superclass::Phenylpropanoids (C6-C3)	0,0,0,0,0,0,0,0,0,0,1,0,0,0,0,0,0,0,0,0,0,0,0	0,0,0,0,0,0,0,0,0,0,0,0,0,0,0,1,0,0,0,0,0,0,0	-4.826708,-4.188375,-5.003074,-1.773579,-1.048423,-2.403000,-4.647906,-3.939149,-6.084651,-1.576380,-4.054399,-1.664158,-4.155466,-4.857234,-0.851110,0.641032,-3.575777,-5.908719,-3.996107,-5.150706,-5.584791,-3.734383,-3.973889
Epla_SAT1-1_BDW80075.1	Epla_SAT1-1_BDW80075.1	acceptor_superclass::Naphthalenes	acceptor_superclass::Diterpenoids;acceptor_superclass::Fatty acyls;acceptor_superclass::Naphthalenes;acceptor_superclass::Phenylethanoids (C6-C2)	0,0,0,0,0,0,0,0,0,0,1,0,0,0,0,0,0,0,0,0,0,0,0	0,0,1,0,1,0,0,0,0,0,1,0,0,0,1,0,0,0,0,0,0,0,0	-4.401237,-2.922840,0.299286,-4.485511,0.736885,-4.158721,-4.777694,-3.834423,-4.195267,-2.440272,0.682940,-4.298629,-3.942351,-3.414507,0.962005,-1.978542,-4.153948,-3.985118,-2.216339,-3.879887,-1.049582,-3.294444,-2.988673
Epla_SAT1-2_BDW80076.1	Epla_SAT1-2_BDW80076.1	acceptor_superclass::Naphthalenes	acceptor_superclass::Diterpenoids;acceptor_superclass::Fatty acyls;acceptor_superclass::Naphthalenes	0,0,0,0,0,0,0,0,0,0,1,0,0,0,0,0,0,0,0,0,0,0,0	0,0,1,0,1,0,0,0,0,0,1,0,0,0,0,0,0,0,0,0,0,0,0	-3.580852,-3.622192,0.214457,-4.760643,0.763130,-4.804623,-3.852695,-3.846537,-2.509853,-3.320382,2.416023,-6.053205,-3.926699,-4.124541,-1.481209,-1.110393,-4.562134,-2.348933,-4.064816,-3.850307,-1.898472,-2.996468,-3.813521
Epla_SAT2-1_BDW80078.1	Epla_SAT2-1_BDW80078.1	acceptor_superclass::Naphthalenes	acceptor_superclass::Naphthalenes;acceptor_superclass::Phenylpropanoids (C6-C3)	0,0,0,0,0,0,0,0,0,0,1,0,0,0,0,0,0,0,0,0,0,0,0	0,0,0,0,0,0,0,0,0,0,1,0,0,0,0,1,0,0,0,0,0,0,0	-2.533999,-3.551193,-0.258087,-3.537626,-3.873670,-3.820510,-3.329671,-2.742577,-3.939111,-4.520851,4.394141,-2.833358,-3.104288,-3.805339,-2.267670,1.283763,-4.264198,-3.319247,-3.274402,-3.723655,-2.520071,-0.856117,-0.408228
Epla_SAT2-2_BDW80079.1	Epla_SAT2-2_BDW80079.1	acceptor_superclass::Naphthalenes	acceptor_superclass::Naphthalenes;acceptor_superclass::Phenylethanoids (C6-C2);acceptor_superclass::Phenylpropanoids (C6-C3);acceptor_superclass::Tyrosine alkaloids	0,0,0,0,0,0,0,0,0,0,1,0,0,0,0,0,0,0,0,0,0,0,0	0,0,0,0,0,0,0,0,0,0,1,0,0,0,1,1,0,0,0,0,0,0,1	-2.870480,-3.161051,-2.137602,-4.401513,-4.690072,-2.955851,-3.595983,-3.446568,-3.903612,-4.617962,3.663970,-2.700695,-2.675836,-3.876748,0.340129,1.570143,-2.441046,-4.462215,-1.474277,-3.392050,-2.032198,-2.126980,0.243582
Epur_HCT_QRI59128.1	Epur_HCT_QRI59128.1	acceptor_superclass::Phenolic acids (C6-C1)	acceptor_superclass::Flavonoids;acceptor_superclass::Phenolic acids (C6-C1);acceptor_superclass::Small peptides;acceptor_superclass::Tyrosine alkaloids	0,0,0,0,0,0,0,0,0,0,0,0,0,1,0,0,0,0,0,0,0,0,0	0,0,0,0,0,1,0,0,0,0,0,0,0,1,0,0,0,0,1,0,0,0,1	-4.743154,-3.959533,-4.221810,-5.131414,-4.852476,0.403999,-2.975627,-3.768770,-4.342710,-1.765497,-3.689613,-2.195951,-2.931336,3.305042,-2.187475,-0.247594,-3.739637,-4.397885,1.322302,-3.000314,-0.355464,-1.429097,1.772275
Epur_HMT_UHJ19789.2	Epur_HMT_UHJ19789.2	acceptor_superclass::Fatty Acids and Conjugates	acceptor_superclass::Flavonoids;acceptor_superclass::Phenolic acids (C6-C1);acceptor_superclass::Small peptides;acceptor_superclass::Tyrosine alkaloids	0,0,0,1,0,0,0,0,0,0,0,0,0,0,0,0,0,0,0,0,0,0,0	0,0,0,0,0,1,0,0,0,0,0,0,0,1,0,0,0,0,1,0,0,0,1	-3.635414,-4.173272,-3.879727,-1.308799,-3.348744,1.173760,-2.998141,-2.391204,-3.906156,-1.577693,-3.577536,-5.089802,-3.324567,2.647960,-4.349541,-1.164720,-4.536994,-2.282230,0.389817,-3.509147,-1.728460,-3.039382,0.318939
Epur_HQT_QRI59127.1	Epur_HQT_QRI59127.1	acceptor_superclass::Phenolic acids (C6-C1)	acceptor_superclass::Phenolic acids (C6-C1);acceptor_superclass::Phenylpropanoids (C6-C3);acceptor_superclass::Small peptides	0,0,0,0,0,0,0,0,0,0,0,0,0,1,0,0,0,0,0,0,0,0,0	0,0,0,0,0,0,0,0,0,0,0,0,0,1,0,1,0,0,1,0,0,0,0	-5.625779,-4.210631,-5.379009,-0.011169,-3.247961,-1.440609,-4.588093,-3.142412,-4.749457,-3.290189,-4.930823,-4.508193,-4.752554,2.926667,-0.435684,0.466065,-5.182789,-3.665952,1.993679,-5.082722,-5.009471,-3.246478,-0.032198
Epur_HTT_QRI59126.1	Epur_HTT_QRI59126.1	acceptor_superclass::Fatty Acids and Conjugates	acceptor_superclass::Phenolic acids (C6-C1);acceptor_superclass::Small peptides	0,0,0,1,0,0,0,0,0,0,0,0,0,0,0,0,0,0,0,0,0,0,0	0,0,0,0,0,0,0,0,0,0,0,0,0,1,0,0,0,0,1,0,0,0,0	-5.861635,-4.610659,-5.386134,-0.100159,-3.566205,-1.699078,-5.077899,-3.328601,-4.964909,-3.608522,-5.387740,-3.500230,-4.839725,2.737865,-1.042199,-0.289990,-4.351199,-4.075525,1.512908,-5.273089,-5.087802,-3.867455,-0.839803
Fana_SAAT_AAG13130.1	Fana_SAAT_AAG13130.1	acceptor_superclass::Cyclic polyketides;acceptor_superclass::Fatty acyls;acceptor_superclass::Phenylethanoids (C6-C2)	acceptor_superclass::Cyclic polyketides;acceptor_superclass::Ornithine alkaloids;acceptor_superclass::Triterpenoids	0,1,0,0,1,0,0,0,0,0,0,0,0,0,1,0,0,0,0,0,0,0,0	0,1,0,0,0,0,0,0,0,0,0,1,0,0,0,0,0,0,0,0,1,0,0	-2.368403,0.207157,-3.679016,-4.981789,-1.856854,-0.652581,-3.987758,-2.964883,-5.758028,-0.869084,-2.100491,0.250329,-3.094480,-3.313627,-1.131371,-0.028541,-0.509913,-5.808633,-3.640871,-4.260020,0.124475,-3.505149,-4.071186
Fves_VAAT_CAC09062.1	Fves_VAAT_CAC09062.1	acceptor_superclass::Cyclic polyketides;acceptor_superclass::Fatty acyls;acceptor_superclass::Monoterpenoids;acceptor_superclass::Phenylethanoids (C6-C2);acceptor_superclass::Phenylpropanoids (C6-C3)	acceptor_superclass::Cyclic polyketides;acceptor_superclass::Fatty acyls;acceptor_superclass::Monoterpenoids;acceptor_superclass::Phenylethanoids (C6-C2);acceptor_superclass::Triterpenoids	0,1,0,0,1,0,0,0,0,1,0,0,0,0,1,1,0,0,0,0,0,0,0	0,1,0,0,1,0,0,0,0,1,0,0,0,0,1,0,0,0,0,0,1,0,0	-2.117233,1.528373,-5.033118,-4.896253,1.776467,-1.568965,-4.171865,-1.176528,-3.261661,0.913004,-1.849104,-2.399065,-2.140228,-2.838771,1.784856,-1.264082,-1.994176,-3.485240,-3.600860,-1.044022,0.574367,-3.835624,-4.674345
Gmax_COSY_KRH21316.1	Gmax_COSY_KRH21316.1		acceptor_superclass::Fatty acyls;acceptor_superclass::Monoterpenoids	0,0,0,0,0,0,0,0,0,0,0,0,0,0,0,0,0,0,0,0,0,0,0	0,0,0,0,1,0,0,0,0,1,0,0,0,0,0,0,0,0,0,0,0,0,0	-4.713517,-2.420534,-2.760981,-3.946876,1.547088,-1.830156,-5.984253,-2.749408,-1.207126,0.555827,-5.322915,-3.087627,-4.735047,-3.038508,-0.040835,-0.055364,-1.675086,-4.645422,-5.248090,-4.685800,-3.420468,-1.747147,-5.518304
Gmax_MT7_ABY59019.1	Gmax_IF7MAT_NP_001237760.1	acceptor_superclass::Isoflavonoids	acceptor_superclass::Flavonoids;acceptor_superclass::Isoflavonoids;acceptor_superclass::Steroids	0,0,0,0,0,0,1,0,0,0,0,0,0,0,0,0,0,0,0,0,0,0,0	0,0,0,0,0,1,1,0,0,0,0,0,0,0,0,0,0,0,0,1,0,0,0	-3.446233,-2.809156,-4.928500,-3.776237,-3.210713,1.066672,3.650313,-2.800459,-4.702338,-3.361292,-2.236982,-0.343231,-3.362509,-1.978387,-4.614692,-2.235449,-0.899329,-2.706403,-2.743042,1.449149,-2.664705,-2.725983,-0.963805
Gmax_IMAT1_AQY54373.1	Gmax_IMAT1_AQY54373.1	acceptor_superclass::Isoflavonoids	acceptor_superclass::Flavonoids;acceptor_superclass::Isoflavonoids;acceptor_superclass::Steroids;acceptor_superclass::Tyrosine alkaloids	0,0,0,0,0,0,1,0,0,0,0,0,0,0,0,0,0,0,0,0,0,0,0	0,0,0,0,0,1,1,0,0,0,0,0,0,0,0,0,0,0,0,1,0,0,1	-3.479310,-3.267361,-2.669858,-3.910710,-3.723901,3.686432,4.153022,-3.347183,-2.681716,-3.571204,-2.353204,-3.048759,-3.286595,-0.924112,-4.530002,-2.654882,-3.422806,-2.941355,-2.774046,0.561824,-2.900720,-1.735299,0.037069
Gmax_IMAT3_AQY54374.1	Gmax_IMAT3_AQY54374.1	acceptor_superclass::Isoflavonoids	acceptor_superclass::Flavonoids;acceptor_superclass::Isoflavonoids	0,0,0,0,0,0,1,0,0,0,0,0,0,0,0,0,0,0,0,0,0,0,0	0,0,0,0,0,1,1,0,0,0,0,0,0,0,0,0,0,0,0,0,0,0,0	-3.711010,-3.333238,-4.438991,-3.648639,-3.038826,3.472493,4.189274,-2.933654,-4.224286,-2.506166,-3.388213,-3.634495,-4.050942,-0.710084,-3.055807,-1.827832,-4.266752,-3.323578,-3.145111,-2.216182,-3.001067,-3.616535,-1.919641
Gmax_MT7_ABY59019.1	Gmax_MT7_ABY59019.1	acceptor_superclass::Flavonoids;acceptor_superclass::Isoflavonoids	acceptor_superclass::Flavonoids;acceptor_superclass::Isoflavonoids;acceptor_superclass::Steroids	0,0,0,0,0,1,1,0,0,0,0,0,0,0,0,0,0,0,0,0,0,0,0	0,0,0,0,0,1,1,0,0,0,0,0,0,0,0,0,0,0,0,1,0,0,0	-3.446233,-2.809156,-4.928500,-3.776237,-3.210713,1.066672,3.650313,-2.800459,-4.702338,-3.361292,-2.236982,-0.343231,-3.362509,-1.978387,-4.614692,-2.235449,-0.899329,-2.706403,-2.743042,1.449149,-2.664705,-2.725983,-0.963805
Gmax_SSACT1_KRH01153.1	Gmax_SSACT1_KRH01153.1	acceptor_superclass::Triterpenoids	acceptor_superclass::Flavonoids;acceptor_superclass::Isoflavonoids;acceptor_superclass::Steroids	0,0,0,0,0,0,0,0,0,0,0,0,0,0,0,0,0,0,0,0,1,0,0	0,0,0,0,0,1,1,0,0,0,0,0,0,0,0,0,0,0,0,1,0,0,0	-1.961918,-3.190728,-4.830712,-1.996654,-2.420433,3.813887,2.752823,-3.826407,-4.438601,-3.044756,-2.126837,-2.817952,-2.377299,-4.184423,-2.843192,-3.191261,-2.417355,-1.387180,-2.249399,0.510174,-3.793032,-4.990548,-2.863605
Gtri_53AAT_BAA74428.1	Gtri_53AAT_BAA74428.1	acceptor_superclass::Flavonoids	acceptor_superclass::Flavonoids;acceptor_superclass::Isoflavonoids;acceptor_superclass::Steroids	0,0,0,0,0,1,0,0,0,0,0,0,0,0,0,0,0,0,0,0,0,0,0	0,0,0,0,0,1,1,0,0,0,0,0,0,0,0,0,0,0,0,1,0,0,0	-2.055539,-3.264904,-3.072736,-3.866349,-3.456733,5.113704,3.066776,-4.126914,-3.530400,-2.893540,-2.200053,-3.716723,-2.813228,-2.559818,-2.671239,-3.955940,-3.654621,-3.700585,-3.007612,0.318142,-2.441317,-2.758556,-2.796304
Gtri_53AAT_BAA74428.1	Gtri_5AT_BAA74428.1	acceptor_superclass::Flavonoids	acceptor_superclass::Flavonoids;acceptor_superclass::Isoflavonoids	0,0,0,0,0,1,0,0,0,0,0,0,0,0,0,0,0,0,0,0,0,0,0	0,0,0,0,0,1,1,0,0,0,0,0,0,0,0,0,0,0,0,0,0,0,0	-4.112000,-3.223328,-4.826555,-2.857553,-3.727213,3.737457,1.575521,-4.358124,-5.105157,-4.453254,-4.548882,-2.791809,-3.946910,-2.538603,-3.204790,-1.258422,-3.904731,-3.840000,-3.836467,-3.172739,-4.352634,-3.609417,-1.857705
Gtri_53AAT_BAA74428.1	Gtri_GAT_BAA74428.1	acceptor_superclass::Flavonoids	acceptor_superclass::Flavonoids;acceptor_superclass::Isoflavonoids;acceptor_superclass::Steroids	0,0,0,0,0,1,0,0,0,0,0,0,0,0,0,0,0,0,0,0,0,0,0	0,0,0,0,0,1,1,0,0,0,0,0,0,0,0,0,0,0,0,1,0,0,0	-3.593325,-3.978016,-4.384785,-3.455981,-2.549510,4.419105,2.936436,-3.457403,-4.387087,-3.375046,-2.396453,-3.637192,-3.484175,-3.172153,-3.578022,-3.506564,-4.029650,-2.953725,-4.129550,0.806681,-3.817612,-3.611520,-3.682579
Hann_HCT1_QBM78941.1	Hann_HCT1_QBM78941.1	acceptor_superclass::Phenolic acids (C6-C1)	acceptor_superclass::Flavonoids;acceptor_superclass::Phenolic acids (C6-C1);acceptor_superclass::Phenylpropanoids (C6-C3);acceptor_superclass::Small peptides;acceptor_superclass::Tyrosine alkaloids	0,0,0,0,0,0,0,0,0,0,0,0,0,1,0,0,0,0,0,0,0,0,0	0,0,0,0,0,1,0,0,0,0,0,0,0,1,0,1,0,0,1,0,0,0,1	-4.929048,-3.970981,-4.086928,-4.949194,-4.604443,0.065658,-3.277243,-3.436326,-4.323531,-1.336421,-3.884649,-2.428999,-3.664900,3.010955,-1.572667,0.103505,-4.127415,-4.124921,1.338735,-3.344602,-0.080100,-1.233565,1.696871
Hann_HCT2_QBM78942.1	Hann_HCT2_QBM78942.1	acceptor_superclass::Phenolic acids (C6-C1)	acceptor_superclass::Phenolic acids (C6-C1);acceptor_superclass::Phenylethanoids (C6-C2);acceptor_superclass::Phenylpropanoids (C6-C3);acceptor_superclass::Small peptides;acceptor_superclass::Tyrosine alkaloids	0,0,0,0,0,0,0,0,0,0,0,0,0,1,0,0,0,0,0,0,0,0,0	0,0,0,0,0,0,0,0,0,0,0,0,0,1,1,1,0,0,1,0,0,0,1	-4.812255,-4.598116,-4.197000,-0.801929,-3.464592,-1.345057,-4.780228,-3.900695,-4.142859,-1.283647,-4.851430,-1.685648,-4.350801,1.989291,0.580121,0.043358,-4.053171,-4.655102,1.574095,-3.970127,-0.567977,-4.175530,0.802831
Hann_HQT1_QBM78938.1	Hann_HQT1_QBM78938.1	acceptor_superclass::Phenolic acids (C6-C1)	acceptor_superclass::Phenolic acids (C6-C1);acceptor_superclass::Phenylpropanoids (C6-C3);acceptor_superclass::Small peptides;acceptor_superclass::Triterpenoids;acceptor_superclass::Tryptophan alkaloids;acceptor_superclass::Tyrosine alkaloids	0,0,0,0,0,0,0,0,0,0,0,0,0,1,0,0,0,0,0,0,0,0,0	0,0,0,0,0,0,0,0,0,0,0,0,0,1,0,1,0,0,1,0,1,1,1	-5.400158,-4.209020,-3.184371,-2.749836,-4.112474,-0.893854,-4.718834,-3.475356,-3.748458,-1.226109,-5.313222,-4.531677,-3.912864,2.573868,-1.399069,0.105773,-4.875213,-5.155759,1.138933,-4.887442,1.468112,0.258561,1.497273
Hann_HQT2_QBM78939.1	Hann_HQT2_QBM78939.1	acceptor_superclass::Phenolic acids (C6-C1)	acceptor_superclass::Fatty Acids and Conjugates;acceptor_superclass::Phenolic acids (C6-C1)	0,0,0,0,0,0,0,0,0,0,0,0,0,1,0,0,0,0,0,0,0,0,0	0,0,0,1,0,0,0,0,0,0,0,0,0,1,0,0,0,0,0,0,0,0,0	-4.889193,-4.411918,-5.030022,1.364562,-0.943610,-3.286118,-4.597310,-3.306084,-4.021421,-3.374012,-5.246104,-3.538483,-4.093649,3.947963,-2.998290,-0.263673,-3.562755,-1.696386,-1.048798,-2.671920,-3.320721,-3.994821,-3.600566
Hann_HQT3_QBM78940.1	Hann_HQT3_QBM78940.1	acceptor_superclass::Phenolic acids (C6-C1)	acceptor_superclass::Phenolic acids (C6-C1)	0,0,0,0,0,0,0,0,0,0,0,0,0,1,0,0,0,0,0,0,0,0,0	0,0,0,0,0,0,0,0,0,0,0,0,0,1,0,0,0,0,0,0,0,0,0	-4.123417,-4.940495,-4.020791,-0.496337,-0.841138,-2.029896,-4.216922,-3.237996,-4.384532,-3.325532,-5.002725,-3.718095,-4.781475,2.439761,-2.254928,-0.397748,-4.011906,-3.820598,-2.410127,-4.997136,-4.330444,-5.296359,-1.981902
Hcan_PMT_KAL4341785.1	Hcan_PMT_KAL4341785.1	acceptor_superclass::Phenylpropanoids (C6-C3)	acceptor_superclass::Diterpenoids;acceptor_superclass::Fatty acyls;acceptor_superclass::Phenylethanoids (C6-C2)	0,0,0,0,0,0,0,0,0,0,0,0,0,0,0,1,0,0,0,0,0,0,0	0,0,1,0,1,0,0,0,0,0,0,0,0,0,1,0,0,0,0,0,0,0,0	-5.142543,-3.813447,0.366714,-3.885708,1.591874,-3.460665,-5.756432,-2.977425,-4.060408,-1.589369,-3.632826,-4.486115,-4.628259,-3.178365,0.803873,-1.571869,-3.824812,-4.248137,-4.278344,-4.550391,-2.381386,-2.737844,-2.953228
Hmur_ACT_BCN87077.1	Hmur_ACT_BCN87077.1	acceptor_superclass::Ornithine alkaloids;acceptor_superclass::Pseudoalkaloids	acceptor_superclass::Ornithine alkaloids;acceptor_superclass::Pseudoalkaloids	0,0,0,0,0,0,0,0,0,0,0,1,0,0,0,0,1,0,0,0,0,0,0	0,0,0,0,0,0,0,0,0,0,0,1,0,0,0,0,1,0,0,0,0,0,0	-4.389233,-4.524996,-3.068083,-1.975392,-4.342834,-2.689304,-4.977158,-3.686576,-4.322681,-3.813781,-5.544350,4.141097,-3.433359,-1.337123,-4.198250,-4.232955,2.714198,-4.687279,-2.598057,-4.089421,-2.296066,-3.315296,-3.480840
Hpol_BAHD3_NA	Hpol_BAHD3_NA	acceptor_superclass::Tyrosine alkaloids	acceptor_superclass::Flavonoids	0,0,0,0,0,0,0,0,0,0,0,0,0,0,0,0,0,0,0,0,0,0,1	0,0,0,0,0,1,0,0,0,0,0,0,0,0,0,0,0,0,0,0,0,0,0	-4.457803,-5.320746,-4.053041,-3.278068,-4.762865,2.288771,-0.913767,-4.954364,-5.043744,-6.404028,-3.662576,-2.879692,-3.799944,-2.509722,-4.107350,-3.264457,-3.142619,-4.101645,-4.073615,-1.956455,-4.181966,-2.569360,-2.033639
Hvul_ACT1-1_AAO73071.1	Hvul_ACT1-1_AAO73071.1	acceptor_superclass::Ornithine alkaloids	acceptor_superclass::Ornithine alkaloids;acceptor_superclass::Pseudoalkaloids	0,0,0,0,0,0,0,0,0,0,0,1,0,0,0,0,0,0,0,0,0,0,0	0,0,0,0,0,0,0,0,0,0,0,1,0,0,0,0,1,0,0,0,0,0,0	-3.726235,-4.419813,-2.066197,-3.385515,-4.089700,-2.418085,-4.650312,-3.720768,-3.725984,-3.689645,-3.939678,3.906804,-3.267467,-1.312432,-3.473701,-4.296058,3.680079,-5.222537,-0.828532,-3.607379,-2.639443,-4.128403,-3.856490
Hvul_ACT1-1_BAF97626	Hvul_ACT1-1_BAF97626	acceptor_superclass::Ornithine alkaloids;acceptor_superclass::Pseudoalkaloids	acceptor_superclass::Ornithine alkaloids;acceptor_superclass::Pseudoalkaloids;acceptor_superclass::Small peptides	0,0,0,0,0,0,0,0,0,0,0,1,0,0,0,0,1,0,0,0,0,0,0	0,0,0,0,0,0,0,0,0,0,0,1,0,0,0,0,1,0,1,0,0,0,0	-3.190140,-4.549135,-2.600672,-2.819992,-3.898037,-2.243716,-4.709079,-4.168274,-3.846710,-3.811360,-5.270992,3.915718,-3.811211,-0.754434,-2.152512,-2.842637,2.706472,-4.681345,0.103659,-3.901682,-2.853156,-3.066853,-2.443043
Hvul_ACT1-2_BAF97627.1	Hvul_ACT1-2_BAF97627	acceptor_superclass::Ornithine alkaloids;acceptor_superclass::Pseudoalkaloids	acceptor_superclass::Ornithine alkaloids;acceptor_superclass::Pseudoalkaloids	0,0,0,0,0,0,0,0,0,0,0,1,0,0,0,0,1,0,0,0,0,0,0	0,0,0,0,0,0,0,0,0,0,0,1,0,0,0,0,1,0,0,0,0,0,0	-4.005807,-4.270136,-2.005959,-2.894312,-3.680723,-2.975835,-3.605012,-3.358479,-3.019629,-3.699174,-4.907273,4.232941,-3.904022,-0.612764,-4.061884,-2.794745,3.345957,-2.687862,-1.250280,-3.317678,-2.221613,-2.502625,-2.607177
Hvul_ACT1-2_BAF97627.1	Hvul_ACT1-2_BAF97627.1	acceptor_superclass::Ornithine alkaloids	acceptor_superclass::Ornithine alkaloids;acceptor_superclass::Pseudoalkaloids;acceptor_superclass::Small peptides	0,0,0,0,0,0,0,0,0,0,0,1,0,0,0,0,0,0,0,0,0,0,0	0,0,0,0,0,0,0,0,0,0,0,1,0,0,0,0,1,0,1,0,0,0,0	-3.323919,-4.667687,-2.938728,-2.708218,-3.883566,-1.983787,-4.729444,-4.294360,-3.845431,-3.563930,-5.414716,3.596800,-3.854639,-0.456058,-1.859057,-2.532433,2.277539,-4.811956,0.132332,-4.020913,-2.952060,-3.423424,-2.204314
Hvul_ACT2_BAK00935.1	Hvul_ACT2_BAK00935.1	acceptor_superclass::Ornithine alkaloids;acceptor_superclass::Pseudoalkaloids	acceptor_superclass::Ornithine alkaloids;acceptor_superclass::Phenolic acids (C6-C1);acceptor_superclass::Small peptides	0,0,0,0,0,0,0,0,0,0,0,1,0,0,0,0,1,0,0,0,0,0,0	0,0,0,0,0,0,0,0,0,0,0,1,0,1,0,0,0,0,1,0,0,0,0	-3.198812,-4.869912,-3.766161,-1.742170,-4.429847,-0.937650,-4.616981,-4.386047,-4.091925,-2.475792,-4.716948,1.448305,-2.803078,0.651639,-0.867164,-1.663861,-0.221362,-4.795170,0.614167,-3.530019,-2.712874,-3.656110,-0.272513
Hvul_ACT1-1_AAO73071.1	Hvul_ACT_AAO73071.1	acceptor_superclass::Ornithine alkaloids	acceptor_superclass::Ornithine alkaloids;acceptor_superclass::Pseudoalkaloids	0,0,0,0,0,0,0,0,0,0,0,1,0,0,0,0,0,0,0,0,0,0,0	0,0,0,0,0,0,0,0,0,0,0,1,0,0,0,0,1,0,0,0,0,0,0	-3.726235,-4.419813,-2.066197,-3.385515,-4.089700,-2.418085,-4.650312,-3.720768,-3.725984,-3.689645,-3.939678,3.906804,-3.267467,-1.312432,-3.473701,-4.296058,3.680079,-5.222537,-0.828532,-3.607379,-2.639443,-4.128403,-3.856490
Ibat_HQT_BAA87043.1	Ibat_HQT_BAA87043.1	acceptor_superclass::Phenolic acids (C6-C1)	acceptor_superclass::Lignans;acceptor_superclass::Phenolic acids (C6-C1)	0,0,0,0,0,0,0,0,0,0,0,0,0,1,0,0,0,0,0,0,0,0,0	0,0,0,0,0,0,0,1,0,0,0,0,0,1,0,0,0,0,0,0,0,0,0	-4.710207,-3.223387,-4.441069,-3.465001,-2.427410,-0.704063,-2.894514,0.085160,-4.102847,-2.448070,-4.187012,-5.042357,-3.378159,2.768213,-3.254504,-0.470037,-4.140694,-2.109676,-0.482715,-2.190865,-3.914290,-3.978258,-3.645643
Ihol_3AT1_BAE72676.1	Ihol_3AT1_BAE72676.1	acceptor_superclass::Flavonoids	acceptor_superclass::Flavonoids	0,0,0,0,0,1,0,0,0,0,0,0,0,0,0,0,0,0,0,0,0,0,0	0,0,0,0,0,1,0,0,0,0,0,0,0,0,0,0,0,0,0,0,0,0,0	-4.699463,-4.158033,-1.525905,-4.398329,-4.178906,0.056657,-2.258015,-5.176479,-4.476334,-3.710254,-2.424428,-3.387042,-4.718674,-1.384507,-5.427929,-2.263032,-4.311712,-1.464319,-4.322206,-2.889958,-3.327352,-1.290793,-1.305652
Ihol_3AT2_BAE94328.1	Ihol_3AT2_BAE94328.1	acceptor_superclass::Flavonoids	acceptor_superclass::Flavonoids	0,0,0,0,0,1,0,0,0,0,0,0,0,0,0,0,0,0,0,0,0,0,0	0,0,0,0,0,1,0,0,0,0,0,0,0,0,0,0,0,0,0,0,0,0,0	-4.785213,-4.607126,-3.562825,-3.083229,-3.103075,0.974261,-2.195720,-4.094002,-5.375707,-3.939523,-4.575922,-3.045157,-4.685663,-2.867816,-5.425079,-2.901583,-4.289876,-1.327459,-3.484707,-4.124761,-3.220693,-3.494153,-4.603103
Jsam_BEAT1_UJH94663.1	Jsam_BEAT1_UJH94663.1		acceptor_superclass::Diterpenoids;acceptor_superclass::Monoterpenoids;acceptor_superclass::Triterpenoids	0,0,0,0,0,0,0,0,0,0,0,0,0,0,0,0,0,0,0,0,0,0,0	0,0,1,0,0,0,0,0,0,1,0,0,0,0,0,0,0,0,0,0,1,0,0	-3.746870,-4.510379,1.856480,-3.999361,-0.937870,-2.531569,-4.804445,-2.984762,-0.528614,0.429524,-3.116904,-4.666920,-3.701419,-3.319607,-3.433152,-3.058748,-2.447871,-1.916510,-4.028091,-4.438600,0.395967,-0.714025,-5.860497
Jsam_BEAT2_UJH94664.1	Jsam_BEAT2_UJH94664.1		acceptor_superclass::Phenylpropanoids (C6-C3)	0,0,0,0,0,0,0,0,0,0,0,0,0,0,0,0,0,0,0,0,0,0,0	0,0,0,0,0,0,0,0,0,0,0,0,0,0,0,1,0,0,0,0,0,0,0	-4.665418,-4.317718,-4.097786,-0.726234,-0.515937,-2.139030,-5.133145,-3.225028,-3.289755,-2.671237,-4.971163,-1.785265,-4.438244,-1.859197,-0.328283,0.679434,-2.194508,-4.825825,-4.169584,-4.713480,-5.484606,-4.338006,-2.184543
Lalb_HMT_BAD89275.1	Lalb_HMT_BAD89275.1	acceptor_superclass::Lysine alkaloids	acceptor_superclass::Fatty acyls;acceptor_superclass::Phenylpropanoids (C6-C3)	0,0,0,0,0,0,0,0,1,0,0,0,0,0,0,0,0,0,0,0,0,0,0	0,0,0,0,1,0,0,0,0,0,0,0,0,0,0,1,0,0,0,0,0,0,0	-4.673743,-4.261921,-2.225594,-2.801130,0.092259,-1.658793,-3.582707,-3.437763,-1.935248,-1.606387,-5.412462,-2.635644,-4.982542,-2.296975,-2.050718,1.926536,-3.538197,-3.573590,-4.311787,-4.827188,-4.495119,-1.175861,-2.588603
Lang_RAS_ABI48360.1	Lang_AAT1_ABI48360.1	acceptor_superclass::Tyrosine alkaloids	acceptor_superclass::Phenolic acids (C6-C1);acceptor_superclass::Small peptides;acceptor_superclass::Tryptophan alkaloids;acceptor_superclass::Tyrosine alkaloids	0,0,0,0,0,0,0,0,0,0,0,0,0,0,0,0,0,0,0,0,0,0,1	0,0,0,0,0,0,0,0,0,0,0,0,0,1,0,0,0,0,1,0,0,1,1	-4.204718,-3.728519,-2.992681,-4.008883,-5.252521,-1.964301,-2.849329,-3.656184,-4.533424,-3.222110,-2.872884,-3.095035,-4.254944,1.032886,-0.618013,-0.394227,-5.730556,-3.926936,1.835952,-3.182495,-2.240699,2.083377,3.696568
Lang_RAS_ABI48360.1	Lang_AT1_ABI48360.1	acceptor_superclass::Phenolic acids (C6-C1);acceptor_superclass::Small peptides;acceptor_superclass::Tryptophan alkaloids;acceptor_superclass::Tyrosine alkaloids	acceptor_superclass::Phenolic acids (C6-C1);acceptor_superclass::Phenylethanoids (C6-C2);acceptor_superclass::Small peptides;acceptor_superclass::Tyrosine alkaloids	0,0,0,0,0,0,0,0,0,0,0,0,0,1,0,0,0,0,1,0,0,1,1	0,0,0,0,0,0,0,0,0,0,0,0,0,1,1,0,0,0,1,0,0,0,1	-3.391178,-4.814539,-4.230606,-0.417102,-4.495917,-0.221549,-4.187992,-4.343673,-3.788004,-0.969877,-3.862367,-1.781379,-2.232491,1.914989,0.498325,-0.248359,-3.759959,-4.352831,1.609872,-3.657411,-0.909540,-3.935454,1.585517
Lang_RAS_ABI48360.1	Lang_RAS_ABI48360.1		acceptor_superclass::Fatty Acids and Conjugates;acceptor_superclass::Phenolic acids (C6-C1);acceptor_superclass::Small peptides;acceptor_superclass::Tryptophan alkaloids;acceptor_superclass::Tyrosine alkaloids	0,0,0,0,0,0,0,0,0,0,0,0,0,0,0,0,0,0,0,0,0,0,0	0,0,0,1,0,0,0,0,0,0,0,0,0,1,0,0,0,0,1,0,0,1,1	-4.509806,-4.081362,-3.690463,0.937444,-5.102454,-0.673752,-3.029456,-3.907434,-3.834015,-5.090491,-3.608566,-1.885937,-4.797917,1.479260,-3.174338,-1.722659,-3.231683,-2.247123,2.175734,-2.739395,-3.004774,1.907025,4.193245
Lang_RAS_AEA36976.1	Lang_RAS_AEA36976.1		acceptor_superclass::Flavonoids;acceptor_superclass::Phenolic acids (C6-C1);acceptor_superclass::Phenylethanoids (C6-C2);acceptor_superclass::Small peptides;acceptor_superclass::Tyrosine alkaloids	0,0,0,0,0,0,0,0,0,0,0,0,0,0,0,0,0,0,0,0,0,0,0	0,0,0,0,0,1,0,0,0,0,0,0,0,1,1,0,0,0,1,0,0,0,1	-2.236052,-4.730907,-4.149512,-0.147238,-4.754398,0.480452,-3.825896,-4.463693,-3.562997,-0.760956,-3.118190,-1.857774,-0.937704,1.636872,0.676574,-0.461563,-3.584032,-4.188220,1.550316,-3.193195,-1.097545,-3.829453,1.776464
Lery_AAT1_BBV14786.1	Lery_AAT1_BBV14786.1	acceptor_superclass::Naphthalenes	acceptor_superclass::Naphthalenes;acceptor_superclass::Steroids;acceptor_superclass::Tryptophan alkaloids;acceptor_superclass::Tyrosine alkaloids	0,0,0,0,0,0,0,0,0,0,1,0,0,0,0,0,0,0,0,0,0,0,0	0,0,0,0,0,0,0,0,0,0,1,0,0,0,0,0,0,0,0,1,0,1,1	-2.104354,-3.226918,-3.889087,-3.077389,-4.106337,-1.470540,-3.241320,-2.433883,-3.386747,-4.440488,3.092780,-1.856758,-2.068807,-3.883875,-3.648752,-0.741596,-4.607546,-1.877577,-4.360313,0.000115,-3.286282,0.911516,1.274992
Lery_AAT2_BDW80085.1	Lery_AAT2_BDW80085.1	acceptor_superclass::Naphthalenes	acceptor_superclass::Naphthalenes;acceptor_superclass::Phenylethanoids (C6-C2);acceptor_superclass::Phenylpropanoids (C6-C3)	0,0,0,0,0,0,0,0,0,0,1,0,0,0,0,0,0,0,0,0,0,0,0	0,0,0,0,0,0,0,0,0,0,1,0,0,0,1,1,0,0,0,0,0,0,0	-3.832001,-3.386380,-4.132695,-4.670022,-2.894590,-3.282798,-4.053514,-4.045646,-4.217549,-3.246024,2.918761,-2.198428,-3.198885,-4.283191,0.195843,0.154922,-1.351535,-4.380970,-2.279973,-3.934620,-1.389524,-4.610093,-2.944433
Lery_SAT1_BBV14785.1	Lery_SAT1_BBV14785.1	acceptor_superclass::Naphthalenes	acceptor_superclass::Naphthalenes	0,0,0,0,0,0,0,0,0,0,1,0,0,0,0,0,0,0,0,0,0,0,0	0,0,0,0,0,0,0,0,0,0,1,0,0,0,0,0,0,0,0,0,0,0,0	-4.152029,-3.839196,-0.164315,-2.805215,-2.998407,-4.072641,-4.737060,-3.453094,-5.446255,-3.975764,2.610770,-3.217121,-4.309981,-4.138278,-2.803862,-2.247365,-5.976193,-3.734941,-1.418128,-3.045582,-5.023916,-2.441023,-1.979467
Lery_SAT2_BDW80077.1	Lery_SAT2_BDW80077.1	acceptor_superclass::Naphthalenes	acceptor_superclass::Diterpenoids;acceptor_superclass::Naphthalenes	0,0,0,0,0,0,0,0,0,0,1,0,0,0,0,0,0,0,0,0,0,0,0	0,0,1,0,0,0,0,0,0,0,1,0,0,0,0,0,0,0,0,0,0,0,0	-3.598928,-3.227376,2.097465,-3.211879,-2.219506,-3.568581,-3.167838,-2.954144,-4.076622,-3.903880,3.810365,-3.799244,-3.188488,-1.950861,-4.683584,-1.160063,-4.386663,-3.408721,-1.820683,-3.184438,-2.558641,-3.498605,-0.765734
Lint_AAT-3_AIW81431.1	Lint_AAT-3_AIW81431.1	acceptor_superclass::Monoterpenoids	acceptor_superclass::Fatty acyls;acceptor_superclass::Monoterpenoids	0,0,0,0,0,0,0,0,0,1,0,0,0,0,0,0,0,0,0,0,0,0,0	0,0,0,0,1,0,0,0,0,1,0,0,0,0,0,0,0,0,0,0,0,0,0	-4.660161,-4.524117,-0.330008,-3.364182,0.427051,-4.753321,-5.887127,-4.191092,-3.710746,0.005854,-2.378446,-3.180013,-4.484002,-5.842853,-1.039400,-0.918875,-3.586150,-3.840570,-4.464962,-5.312254,-5.252964,-1.562451,-4.577430
Lint_AAT-4_AIW81432.1	Lint_AAT-4_AIW81432.1	acceptor_superclass::Monoterpenoids	acceptor_superclass::Fatty acyls;acceptor_superclass::Monoterpenoids;acceptor_superclass::Phenylethanoids (C6-C2);acceptor_superclass::Phenylpropanoids (C6-C3)	0,0,0,0,0,0,0,0,0,1,0,0,0,0,0,0,0,0,0,0,0,0,0	0,0,0,0,1,0,0,0,0,1,0,0,0,0,1,1,0,0,0,0,0,0,0	-3.309431,-0.795429,-4.393720,-2.924093,1.744380,-2.609935,-4.321507,-1.897887,-3.215742,5.224903,-3.355931,-2.796365,-2.441520,-4.527956,3.151231,2.197828,-3.309035,-4.882467,-2.249604,-3.697470,-1.786923,-2.076417,-3.873264
Ljap_HQT_ACZ52698.1	Ljap_HQT_ACZ52698.1	acceptor_superclass::Phenolic acids (C6-C1)	acceptor_superclass::Phenolic acids (C6-C1)	0,0,0,0,0,0,0,0,0,0,0,0,0,1,0,0,0,0,0,0,0,0,0	0,0,0,0,0,0,0,0,0,0,0,0,0,1,0,0,0,0,0,0,0,0,0	-4.520436,-3.274096,-1.008832,-3.070046,-2.793096,-1.929700,-3.690868,-4.064171,-4.131952,-5.183540,-3.021152,-2.748771,-4.129336,1.747708,-4.474046,-2.109597,-2.702776,-3.558406,-2.980819,-3.253460,-4.847894,-4.093232,-1.234420
Lori_AAT1_WKK95849.1	Lori_AAT1_WKK95849.1	acceptor_superclass::Fatty acyls	acceptor_superclass::Fatty acyls;acceptor_superclass::Monoterpenoids;acceptor_superclass::Phenylethanoids (C6-C2);acceptor_superclass::Phenylpropanoids (C6-C3)	0,0,0,0,1,0,0,0,0,0,0,0,0,0,0,0,0,0,0,0,0,0,0	0,0,0,0,1,0,0,0,0,1,0,0,0,0,1,1,0,0,0,0,0,0,0	-4.301456,-4.384204,-4.819008,-3.162967,1.742512,-2.355972,-5.322143,-3.229717,-1.713205,1.138090,-4.008738,-4.678536,-3.620784,-4.944667,0.827430,0.455435,-2.671264,-3.765815,-4.915825,-4.658388,-5.242184,-5.380576,-5.980898
Lpur_3MAT1_AAS77404.1	Lpur_3MAT1_AAS77404.1	acceptor_superclass::Flavonoids;acceptor_superclass::Isoflavonoids;acceptor_superclass::Phenolic acids (C6-C1)	acceptor_superclass::Flavonoids	0,0,0,0,0,1,1,0,0,0,0,0,0,1,0,0,0,0,0,0,0,0,0	0,0,0,0,0,1,0,0,0,0,0,0,0,0,0,0,0,0,0,0,0,0,0	-4.257145,-4.764431,-5.079754,-4.129756,-4.326218,2.393326,-1.899434,-5.098215,-2.586200,-4.691287,-2.999684,-1.679552,-3.263530,-3.810896,-2.452484,-2.748859,-2.430563,-4.969304,-3.227921,-2.465441,-2.556356,-3.189823,-0.743286
Lrob_AT1_WEX29780.1	Lrob_AT1_WEX29780.1	acceptor_superclass::Phenylethanoids (C6-C2)	acceptor_superclass::Fatty Acids and Conjugates;acceptor_superclass::Phenolic acids (C6-C1);acceptor_superclass::Small peptides;acceptor_superclass::Tyrosine alkaloids	0,0,0,0,0,0,0,0,0,0,0,0,0,0,1,0,0,0,0,0,0,0,0	0,0,0,1,0,0,0,0,0,0,0,0,0,1,0,0,0,0,1,0,0,0,1	-3.620977,-4.049024,-4.940138,1.337491,-4.055050,-0.138504,-4.264758,-3.942157,-4.961593,-3.501966,-2.949745,-1.514112,-3.486888,0.702782,-0.426293,-1.267293,-4.290172,-3.704533,3.235568,-2.681115,-5.231161,-1.602010,1.787831
Lsat_BOS_QYL33117.1	Lsat_BOS_QYL33117.1	acceptor_superclass::Small peptides	acceptor_superclass::Diterpenoids;acceptor_superclass::Ornithine alkaloids;acceptor_superclass::Pseudoalkaloids;acceptor_superclass::Small peptides	0,0,0,0,0,0,0,0,0,0,0,0,0,0,0,0,0,0,1,0,0,0,0	0,0,1,0,0,0,0,0,0,0,0,1,0,0,0,0,1,0,1,0,0,0,0	-2.326220,-4.076093,0.562862,-3.098229,-4.892797,-3.901388,-4.559873,-3.684018,-4.353732,-4.974756,-2.557715,2.955522,-2.827494,-2.584811,-3.341829,-3.828941,2.013858,-3.977183,1.027668,-2.711224,-0.738860,-1.159477,-2.727547
Lsat_BOS_QYL33117.1	Lsat_DS_QYL33117.1	acceptor_superclass::Small peptides	acceptor_superclass::Naphthalenes;acceptor_superclass::Small peptides	0,0,0,0,0,0,0,0,0,0,0,0,0,0,0,0,0,0,1,0,0,0,0	0,0,0,0,0,0,0,0,0,0,1,0,0,0,0,0,0,0,1,0,0,0,0	-3.899403,-2.331964,-2.397779,-3.339887,-5.305758,-3.589365,-4.932123,-3.272757,-5.111019,-4.358202,0.669749,-1.131895,-3.267631,-1.505878,-2.519572,-4.228655,-2.222083,-5.672848,2.400545,-1.209723,-0.459640,-2.096439,-1.223268
Ltri_CAAT1_AHA90802.1	Ltri_CAAT1_AHA90802.1	acceptor_superclass::Phenylpropanoids (C6-C3)	acceptor_superclass::Fatty acyls;acceptor_superclass::Lysine alkaloids	0,0,0,0,0,0,0,0,0,0,0,0,0,0,0,1,0,0,0,0,0,0,0	0,0,0,0,1,0,0,0,1,0,0,0,0,0,0,0,0,0,0,0,0,0,0	-4.509765,-3.478213,-4.575431,-3.909223,0.042130,-1.059269,-3.739228,-2.896338,0.872076,-3.118579,-4.517848,-0.616979,-3.973535,-3.333089,-0.769419,-1.167462,-1.132771,-2.868402,-3.808164,-3.428717,-3.559263,-3.673607,-3.604160
Maze_AT1704_NA	Maze_AT1704_NA	acceptor_superclass::Triterpenoids	acceptor_superclass::Cyclic polyketides	0,0,0,0,0,0,0,0,0,0,0,0,0,0,0,0,0,0,0,0,1,0,0	0,1,0,0,0,0,0,0,0,0,0,0,0,0,0,0,0,0,0,0,0,0,0	-2.163882,1.975169,-1.734069,-5.082551,-0.041627,-1.494115,-4.730752,-3.116475,-3.551150,-1.723384,-2.898559,-0.461736,-2.264552,-1.710229,-0.182623,-2.666365,-0.872208,-4.483743,-4.755764,-2.300593,-1.720986,-1.520824,-4.526993
Maze_AT8824_KAJ4723782.1	Maze_AT8824_KAJ4723782.1	acceptor_superclass::Triterpenoids	acceptor_superclass::Cyclic polyketides;acceptor_superclass::Fatty acyls;acceptor_superclass::Lysine alkaloids;acceptor_superclass::Monoterpenoids;acceptor_superclass::Phenylethanoids (C6-C2);acceptor_superclass::Phenylpropanoids (C6-C3)	0,0,0,0,0,0,0,0,0,0,0,0,0,0,0,0,0,0,0,0,1,0,0	0,1,0,0,1,0,0,0,1,1,0,0,0,0,1,1,0,0,0,0,0,0,0	-3.955296,1.791056,-3.141684,-4.239231,2.011992,-4.225873,-3.461540,-3.345364,0.292276,2.089411,-3.479870,-2.474792,-4.294116,-3.446079,1.696831,2.425400,-3.261964,-3.450407,-3.135692,-3.817988,-2.494839,-2.767227,-1.772845
Mdom_AAT1_AAU14879.2	Mdom_AAT1_AAU14879.2	acceptor_superclass::Fatty acyls;acceptor_superclass::Phenylpropanoids (C6-C3)	acceptor_superclass::Fatty acyls;acceptor_superclass::Lignans;acceptor_superclass::Monoterpenoids;acceptor_superclass::Phenylethanoids (C6-C2);acceptor_superclass::Phenylpropanoids (C6-C3)	0,0,0,0,1,0,0,0,0,0,0,0,0,0,0,1,0,0,0,0,0,0,0	0,0,0,0,1,0,0,1,0,1,0,0,0,0,1,1,0,0,0,0,0,0,0	-4.256291,-1.950278,-4.799340,-2.560888,2.789665,-3.597614,-4.426566,2.272778,-1.532678,2.967748,-3.531282,-2.826759,-3.830110,-3.986441,2.313248,2.915604,-1.951178,-2.721524,-2.517254,-3.869931,-2.156575,-4.084662,-4.217839
Mdom_SHT_ALF00095.1	Mdom_SHT_ALF00095.1	acceptor_superclass::Ornithine alkaloids	acceptor_superclass::Ornithine alkaloids;acceptor_superclass::Pseudoalkaloids	0,0,0,0,0,0,0,0,0,0,0,1,0,0,0,0,0,0,0,0,0,0,0	0,0,0,0,0,0,0,0,0,0,0,1,0,0,0,0,1,0,0,0,0,0,0	-2.825051,-3.922458,-2.153286,-0.708827,-4.527907,-2.163090,-3.211272,-4.592395,-4.996439,-4.041987,-4.353741,3.109943,-2.415914,-1.100054,-2.119126,-3.864681,1.297348,-4.389030,-0.921865,-2.506226,-3.036196,-1.442046,-0.770528
Mema_HFT_NA	Mema_HFT_NA	acceptor_superclass::Fatty acyls	acceptor_superclass::Fatty Acids and Conjugates;acceptor_superclass::Fatty acyls	0,0,0,0,1,0,0,0,0,0,0,0,0,0,0,0,0,0,0,0,0,0,0	0,0,0,1,1,0,0,0,0,0,0,0,0,0,0,0,0,0,0,0,0,0,0	-3.692340,-3.651331,-1.024470,3.355233,1.168133,-3.411579,-3.711532,-3.151836,-3.071508,-2.895941,-3.193057,-4.092357,-3.224405,-0.727197,-2.767448,-2.892689,-3.306917,-2.681509,-3.709375,-4.170326,-3.624583,-1.748538,-2.697500
Mlon_AT1_NA	Mlon_AT1_NA	acceptor_superclass::Phenolic acids (C6-C1)	acceptor_superclass::Fatty Acids and Conjugates;acceptor_superclass::Flavonoids;acceptor_superclass::Phenolic acids (C6-C1);acceptor_superclass::Small peptides;acceptor_superclass::Tryptophan alkaloids;acceptor_superclass::Tyrosine alkaloids	0,0,0,0,0,0,0,0,0,0,0,0,0,1,0,0,0,0,0,0,0,0,0	0,0,0,1,0,1,0,0,0,0,0,0,0,1,0,0,0,0,1,0,0,1,1	-3.743357,-3.992514,-2.506362,0.783852,-3.727672,0.049937,-3.351250,-3.021103,-4.124800,-1.339358,-4.505049,-3.807990,-3.510994,2.545800,-2.797085,-1.040315,-4.772768,-4.708817,1.916677,-3.370891,-0.000592,0.277417,2.476377
Mlon_AT2_NA	Mlon_AT2_NA	acceptor_superclass::Phenolic acids (C6-C1)	acceptor_superclass::Phenolic acids (C6-C1);acceptor_superclass::Phenylethanoids (C6-C2);acceptor_superclass::Phenylpropanoids (C6-C3);acceptor_superclass::Small peptides	0,0,0,0,0,0,0,0,0,0,0,0,0,1,0,0,0,0,0,0,0,0,0	0,0,0,0,0,0,0,0,0,0,0,0,0,1,1,1,0,0,1,0,0,0,0	-4.801556,-3.572839,-5.241393,-0.305890,-2.276522,-1.365364,-4.502297,-2.570852,-4.690786,-2.229446,-4.155878,-4.866079,-3.715447,2.571800,1.200639,1.115006,-5.554363,-3.939438,2.247297,-4.796984,-5.386629,-4.225545,-1.190293
Mlon_AT1_NA	Mlon_AT3_NA	acceptor_superclass::Phenolic acids (C6-C1)	acceptor_superclass::Flavonoids;acceptor_superclass::Phenolic acids (C6-C1)	0,0,0,0,0,0,0,0,0,0,0,0,0,1,0,0,0,0,0,0,0,0,0	0,0,0,0,0,1,0,0,0,0,0,0,0,1,0,0,0,0,0,0,0,0,0	-4.612133,-4.438168,-4.830482,-1.119649,-2.160025,1.082960,-2.926833,-4.127479,-5.061020,-2.520498,-4.236166,-4.973975,-4.213121,0.179043,-4.668895,-2.137780,-4.971635,-2.309190,-2.269539,-4.127409,-3.413791,-3.442282,-0.767775
Mlon_AT4_NA	Mlon_AT4_NA	acceptor_superclass::Lignans;acceptor_superclass::Phenolic acids (C6-C1)	acceptor_superclass::Fatty Acids and Conjugates;acceptor_superclass::Phenolic acids (C6-C1);acceptor_superclass::Phenylpropanoids (C6-C3);acceptor_superclass::Small peptides	0,0,0,0,0,0,0,1,0,0,0,0,0,1,0,0,0,0,0,0,0,0,0	0,0,0,1,0,0,0,0,0,0,0,0,0,1,0,1,0,0,1,0,0,0,0	-4.451070,-4.227842,-5.155239,0.580467,-2.270590,-2.108621,-3.871016,-3.409096,-4.004839,-2.674944,-4.447628,-3.471807,-3.939492,3.617100,-2.681436,0.822413,-3.941361,-0.403710,0.305505,-1.910819,-2.953014,-3.438991,-4.024120
Mlon_AT6_NA	Mlon_AT6_NA	acceptor_superclass::Phenolic acids (C6-C1)	acceptor_superclass::Diterpenoids;acceptor_superclass::Ornithine alkaloids;acceptor_superclass::Pseudoalkaloids;acceptor_superclass::Small peptides	0,0,0,0,0,0,0,0,0,0,0,0,0,1,0,0,0,0,0,0,0,0,0	0,0,1,0,0,0,0,0,0,0,0,1,0,0,0,0,1,0,1,0,0,0,0	-2.835665,-4.248687,0.126750,-3.228909,-4.404617,-3.932484,-4.910197,-4.032446,-4.131073,-4.408813,-3.130993,2.819506,-3.353904,-2.526358,-3.465353,-3.771281,2.061246,-4.067098,0.035274,-2.832026,-0.554927,-1.389645,-2.958132
Moff_RAS_CBW35684.1	Moff_RAS_CBW35684.1		acceptor_superclass::Fatty Acids and Conjugates;acceptor_superclass::Phenolic acids (C6-C1);acceptor_superclass::Small peptides;acceptor_superclass::Tyrosine alkaloids	0,0,0,0,0,0,0,0,0,0,0,0,0,0,0,0,0,0,0,0,0,0,0	0,0,0,1,0,0,0,0,0,0,0,0,0,1,0,0,0,0,1,0,0,0,1	-5.066870,-4.304117,-4.797299,0.731118,-4.278206,-0.572883,-3.713256,-3.699896,-4.418843,-4.515402,-3.995391,-3.639131,-4.917856,2.289922,-1.942616,-0.586369,-4.906587,-2.736424,2.370984,-3.826752,-4.352123,-0.674933,2.688307
Mpal_HCT_AXN55971.1	Mpal_HCT_AXN55971.1	acceptor_superclass::Phenolic acids (C6-C1)	acceptor_superclass::Phenolic acids (C6-C1);acceptor_superclass::Small peptides;acceptor_superclass::Tryptophan alkaloids;acceptor_superclass::Tyrosine alkaloids	0,0,0,0,0,0,0,0,0,0,0,0,0,1,0,0,0,0,0,0,0,0,0	0,0,0,0,0,0,0,0,0,0,0,0,0,1,0,0,0,0,1,0,0,1,1	-4.582961,-3.980207,-2.697451,-3.783280,-4.601239,-1.377692,-2.888860,-3.817044,-4.820664,-1.972576,-3.799759,-0.949549,-4.950343,1.729220,-0.985684,-1.167566,-3.689484,-3.138564,1.729402,-3.097458,-0.089415,0.392758,2.719697
Mpol_HCT_PTQ49430.1	Mpol_HCT_PTQ49430.1	acceptor_superclass::Phenolic acids (C6-C1)	acceptor_superclass::Fatty Acids and Conjugates;acceptor_superclass::Fatty acyls;acceptor_superclass::Phenolic acids (C6-C1)	0,0,0,0,0,0,0,0,0,0,0,0,0,1,0,0,0,0,0,0,0,0,0	0,0,0,1,1,0,0,0,0,0,0,0,0,1,0,0,0,0,0,0,0,0,0	-4.232310,-3.728186,-2.589430,3.850479,2.548095,-3.689811,-4.064211,-3.970108,-4.323602,-3.595896,-3.887722,-4.434082,-4.020676,0.236879,-1.821559,-0.893055,-3.979532,-2.615237,-2.800304,-4.002537,-3.572385,-2.755926,-1.888346
Msap_AAT_CAC09063.1	Msap_AAT_CAC09063.1	acceptor_superclass::Fatty acyls;acceptor_superclass::Monoterpenoids;acceptor_superclass::Phenylethanoids (C6-C2);acceptor_superclass::Phenylpropanoids (C6-C3)	acceptor_superclass::Flavonoids	0,0,0,0,1,0,0,0,0,1,0,0,0,0,1,1,0,0,0,0,0,0,0	0,0,0,0,0,1,0,0,0,0,0,0,0,0,0,0,0,0,0,0,0,0,0	-4.331899,-4.658547,-5.352194,-4.397343,-4.145896,0.571175,-4.066973,-4.844568,-5.072617,-1.007283,-3.910356,-2.917670,-4.663919,-2.537813,-4.038745,-2.175298,-2.580742,-5.742201,-3.796165,-5.198993,-3.534582,-0.731434,-2.116869
Mtru_MAT1_ABY91220.1	Mtru_MAT1_ABY91220.1	acceptor_superclass::Flavonoids;acceptor_superclass::Isoflavonoids	acceptor_superclass::Flavonoids;acceptor_superclass::Isoflavonoids	0,0,0,0,0,1,1,0,0,0,0,0,0,0,0,0,0,0,0,0,0,0,0	0,0,0,0,0,1,1,0,0,0,0,0,0,0,0,0,0,0,0,0,0,0,0	-4.260263,-3.345485,-5.113389,-3.835919,-2.902063,2.931509,0.971086,-4.439822,-4.856389,-4.008907,-4.051668,-2.963583,-4.205482,-3.354031,-3.707770,-0.790650,-3.282552,-3.527579,-3.838366,-3.680960,-4.178780,-4.285228,-0.933333
Mtru_MAT2_ABY91222.1	Mtru_MAT2_ABY91222.1	acceptor_superclass::Flavonoids;acceptor_superclass::Isoflavonoids	acceptor_superclass::Flavonoids;acceptor_superclass::Isoflavonoids;acceptor_superclass::Tyrosine alkaloids	0,0,0,0,0,1,1,0,0,0,0,0,0,0,0,0,0,0,0,0,0,0,0	0,0,0,0,0,1,1,0,0,0,0,0,0,0,0,0,0,0,0,0,0,0,1	-3.455220,-3.380029,-3.426660,-3.782843,-3.074097,2.804008,3.628206,-3.814934,-3.567056,-3.434993,-2.384871,-3.588360,-3.353225,-4.422268,-4.275910,-2.656049,-3.307273,-3.907240,-3.254813,-1.198130,-2.744267,-3.195059,0.066866
Mtru_MAT3_ABY91221.1	Mtru_MAT3_ABY91221.1	acceptor_superclass::Flavonoids;acceptor_superclass::Isoflavonoids	acceptor_superclass::Flavonoids;acceptor_superclass::Isoflavonoids	0,0,0,0,0,1,1,0,0,0,0,0,0,0,0,0,0,0,0,0,0,0,0	0,0,0,0,0,1,1,0,0,0,0,0,0,0,0,0,0,0,0,0,0,0,0	-3.558976,-3.816972,-5.081616,-3.639066,-2.515761,4.246912,3.054895,-3.034237,-4.609889,-2.944262,-2.640484,-3.801650,-3.655200,-2.154569,-3.085632,-3.269067,-4.423164,-2.542782,-3.525583,-0.968175,-2.613225,-4.125890,-3.496597
Natt_AT1_AET80688.1	Natt_AT1_AET80688.1	acceptor_superclass::Ornithine alkaloids;acceptor_superclass::Pseudoalkaloids	acceptor_superclass::Ornithine alkaloids;acceptor_superclass::Pseudoalkaloids;acceptor_superclass::Small peptides	0,0,0,0,0,0,0,0,0,0,0,1,0,0,0,0,1,0,0,0,0,0,0	0,0,0,0,0,0,0,0,0,0,0,1,0,0,0,0,1,0,1,0,0,0,0	-4.198428,-3.858718,-1.398471,-4.295300,-4.782826,-2.854225,-4.297305,-4.415709,-5.612057,-3.623791,-3.565679,2.876433,-3.296156,-1.070382,-4.441789,-2.705347,1.013468,-4.993872,0.431911,-3.116578,-1.494720,-1.469470,-1.706810
Natt_DH29_AET80686.1	Natt_DH29_AET80686.1	acceptor_superclass::Ornithine alkaloids;acceptor_superclass::Pseudoalkaloids	acceptor_superclass::Ornithine alkaloids	0,0,0,0,0,0,0,0,0,0,0,1,0,0,0,0,1,0,0,0,0,0,0	0,0,0,0,0,0,0,0,0,0,0,1,0,0,0,0,0,0,0,0,0,0,0	-3.265143,-3.136066,-2.215281,-0.250913,-2.037751,-2.233485,-4.084717,-0.588357,-5.201108,-2.815934,-4.276565,0.461949,-3.858325,-2.622447,-3.559911,-3.054071,-0.401158,-2.754606,-4.675377,-2.547355,-3.713574,-2.491824,-3.144189
Ntab_ASAT1_XP_016480914.1	Ntab_ASAT1_XP_016480914.1	acceptor_superclass::Saccharides	acceptor_superclass::Fatty acyls;acceptor_superclass::Lysine alkaloids;acceptor_superclass::Monoterpenoids;acceptor_superclass::Phenylethanoids (C6-C2);acceptor_superclass::Phenylpropanoids (C6-C3)	0,0,0,0,0,0,0,0,0,0,0,0,0,0,0,0,0,1,0,0,0,0,0	0,0,0,0,1,0,0,0,1,1,0,0,0,0,1,1,0,0,0,0,0,0,0	-4.159078,-3.411638,-0.180578,-2.772218,2.094465,-0.909577,-3.453997,-1.202410,2.817147,3.020425,-5.403105,-4.836191,-3.480778,-3.961729,0.102156,0.599906,-2.722723,-1.917280,-3.936684,-4.422377,-3.590981,-0.941308,-4.125522
Ntab_ASAT2_XP_016451255.1	Ntab_ASAT2_XP_016451255.1		acceptor_superclass::Diterpenoids;acceptor_superclass::Saccharides;acceptor_superclass::Tryptophan alkaloids	0,0,0,0,0,0,0,0,0,0,0,0,0,0,0,0,0,0,0,0,0,0,0	0,0,1,0,0,0,0,0,0,0,0,0,0,0,0,0,0,1,0,0,0,1,0	-2.402389,-4.160480,0.401085,-3.043232,-3.484903,-3.906500,-4.688286,-1.723573,-2.218515,-0.732337,-2.550516,-3.530759,-3.815841,-3.159135,-3.229056,-2.630471,-1.848723,1.065114,-3.419781,-3.387726,-1.853594,4.439553,-3.080612
Ntab_BEBT_AAN09798.1	Ntab_BEBT_AAN09798.1		acceptor_superclass::Fatty acyls;acceptor_superclass::Lysine alkaloids;acceptor_superclass::Monoterpenoids;acceptor_superclass::Phenylethanoids (C6-C2);acceptor_superclass::Phenylpropanoids (C6-C3)	0,0,0,0,0,0,0,0,0,0,0,0,0,0,0,0,0,0,0,0,0,0,0	0,0,0,0,1,0,0,0,1,1,0,0,0,0,1,1,0,0,0,0,0,0,0	-3.963026,-2.615840,-3.459012,-2.241132,2.936490,-2.196077,-4.751714,-2.909153,1.313478,2.050505,-5.835620,-1.955320,-4.059751,-3.303868,1.007270,2.093294,-0.618824,-3.192595,-4.043887,-4.548221,-4.746105,-4.151432,-3.516124
Ntab_HCT_CAD47830.1	Ntab_HCT_CAD47830.1	acceptor_superclass::Phenolic acids (C6-C1);acceptor_superclass::Phenylpropanoids (C6-C3)	acceptor_superclass::Fatty Acids and Conjugates;acceptor_superclass::Phenolic acids (C6-C1);acceptor_superclass::Phenylpropanoids (C6-C3);acceptor_superclass::Small peptides;acceptor_superclass::Tyrosine alkaloids	0,0,0,0,0,0,0,0,0,0,0,0,0,1,0,1,0,0,0,0,0,0,0	0,0,0,1,0,0,0,0,0,0,0,0,0,1,0,1,0,0,1,0,0,0,1	-5.848866,-4.420754,-5.111394,0.346405,-3.527672,-1.437976,-4.481764,-3.453720,-4.600163,-4.083879,-5.143611,-4.322535,-5.303851,3.003138,-1.504120,0.057013,-4.900891,-3.326869,1.642402,-5.072457,-4.796579,-2.569593,0.751136
Ntab_HQT_CAE46932.1	Ntab_HQT_CAE46932.1	acceptor_superclass::Phenolic acids (C6-C1);acceptor_superclass::Phenylpropanoids (C6-C3)	acceptor_superclass::Fatty Acids and Conjugates;acceptor_superclass::Phenolic acids (C6-C1);acceptor_superclass::Phenylpropanoids (C6-C3)	0,0,0,0,0,0,0,0,0,0,0,0,0,1,0,1,0,0,0,0,0,0,0	0,0,0,1,0,0,0,0,0,0,0,0,0,1,0,1,0,0,0,0,0,0,0	-4.901294,-4.334135,-5.306519,1.167782,-1.165518,-3.418275,-4.416950,-3.211459,-3.849457,-2.989678,-4.605207,-3.342299,-4.091252,3.657469,-2.797105,0.596503,-3.439736,-0.903548,-0.718718,-2.735628,-3.595849,-4.057668,-4.077641
Ntab_MAT1_BAD93691.1	Ntab_MAT1_BAD93691.1	acceptor_superclass::Coumarins;acceptor_superclass::Flavonoids;acceptor_superclass::Naphthalenes;acceptor_superclass::Phenanthrenoids	acceptor_superclass::Cyclic polyketides;acceptor_superclass::Flavonoids;acceptor_superclass::Monoterpenoids;acceptor_superclass::Phenylethanoids (C6-C2);acceptor_superclass::Phenylpropanoids (C6-C3)	1,0,0,0,0,1,0,0,0,0,1,0,1,0,0,0,0,0,0,0,0,0,0	0,1,0,0,0,1,0,0,0,1,0,0,0,0,1,1,0,0,0,0,0,0,0	-1.491149,3.550156,-5.007973,-2.458441,-0.134165,0.601795,-0.070699,-3.157378,-3.146782,0.169540,-2.599806,-1.643123,-1.720203,-3.264630,2.181639,1.459963,-3.696843,-2.672763,-3.307742,-0.996573,-3.031832,-2.316823,-0.450020
Ntab_SHT_QNO39110.1	Ntab_SHT_QNO39110.1	acceptor_superclass::Ornithine alkaloids	acceptor_superclass::Flavonoids;acceptor_superclass::Ornithine alkaloids;acceptor_superclass::Pseudoalkaloids	0,0,0,0,0,0,0,0,0,0,0,1,0,0,0,0,0,0,0,0,0,0,0	0,0,0,0,0,1,0,0,0,0,0,1,0,0,0,0,1,0,0,0,0,0,0	-3.162411,-4.491740,-2.887855,-2.283508,-4.208696,0.512435,-3.257282,-3.303885,-4.411673,-3.275077,-3.889314,2.727515,-2.853695,-1.196786,-5.013461,-3.887811,1.949744,-5.670710,-3.131505,-2.884126,-1.838278,-3.749493,-4.171296
Obas_CAAT1_QKK36036.1	Obas_CAAT1_QKK36036.1	acceptor_superclass::Phenylethanoids (C6-C2);acceptor_superclass::Phenylpropanoids (C6-C3)	acceptor_superclass::Flavonoids	0,0,0,0,0,0,0,0,0,0,0,0,0,0,1,1,0,0,0,0,0,0,0	0,0,0,0,0,1,0,0,0,0,0,0,0,0,0,0,0,0,0,0,0,0,0	-3.726523,-5.236700,-3.645576,-1.295398,-2.493704,0.236207,-4.627800,-5.231273,-3.341364,-3.210571,-4.206113,-2.586444,-3.716780,-2.090163,-3.560768,-3.407941,-2.888391,-5.975117,-4.123301,-3.571924,-3.632830,-1.166160,-0.713973
Obas_CAAT2_QKK36037.1	Obas_CAAT2_QKK36037.1	acceptor_superclass::Phenylpropanoids (C6-C3)	acceptor_superclass::Flavonoids;acceptor_superclass::Tryptophan alkaloids	0,0,0,0,0,0,0,0,0,0,0,0,0,0,0,1,0,0,0,0,0,0,0	0,0,0,0,0,1,0,0,0,0,0,0,0,0,0,0,0,0,0,0,0,1,0	-2.974725,-3.567019,-2.627767,-1.170495,-1.283394,0.382427,-1.762541,-3.050884,-1.882590,-3.408722,-3.791465,-3.337749,-3.660498,-4.455849,-4.013593,-4.650580,-2.617889,-2.906780,-4.592651,-1.177868,-2.637339,3.015759,-2.358727
Oeur_AT1_XP_022859703.1	Oeur_AT1_XP_022859703.1	acceptor_superclass::Phenylethanoids (C6-C2)	acceptor_superclass::Fatty Acids and Conjugates;acceptor_superclass::Phenolic acids (C6-C1);acceptor_superclass::Phenylethanoids (C6-C2);acceptor_superclass::Phenylpropanoids (C6-C3);acceptor_superclass::Small peptides	0,0,0,0,0,0,0,0,0,0,0,0,0,0,1,0,0,0,0,0,0,0,0	0,0,0,1,0,0,0,0,0,0,0,0,0,1,1,1,0,0,1,0,0,0,0	-3.801577,-3.472043,-5.309741,0.497062,-2.640358,-0.919049,-4.647487,-2.983102,-4.819460,-2.186587,-3.322144,-3.482235,-2.979627,1.575852,1.582007,0.357929,-5.193668,-4.035351,3.060586,-3.745094,-5.597138,-3.569154,-0.446592
Osat_AHT1_CAE03579.1	Osat_AHT1_CAE03579.1	acceptor_superclass::Ornithine alkaloids;acceptor_superclass::Pseudoalkaloids	acceptor_superclass::Diterpenoids;acceptor_superclass::Tryptophan alkaloids	0,0,0,0,0,0,0,0,0,0,0,1,0,0,0,0,1,0,0,0,0,0,0	0,0,1,0,0,0,0,0,0,0,0,0,0,0,0,0,0,0,0,0,0,1,0	-4.691330,-5.171461,0.821582,-3.167457,-3.938370,-0.131627,-3.335614,-3.166925,-4.263646,-3.543287,-4.464759,-2.840204,-4.441533,-1.584488,-5.585918,-2.855087,-3.334931,-2.960751,-3.563242,-4.289954,-0.164748,0.159076,-4.706262
Osat_AT10_BAD33123.1	Osat_AT10_BAD33123.1	acceptor_superclass::Phenylpropanoids (C6-C3)	acceptor_superclass::Naphthalenes;acceptor_superclass::Ornithine alkaloids;acceptor_superclass::Pseudoalkaloids	0,0,0,0,0,0,0,0,0,0,0,0,0,0,0,1,0,0,0,0,0,0,0	0,0,0,0,0,0,0,0,0,0,1,1,0,0,0,0,1,0,0,0,0,0,0	-3.064640,-3.716477,-5.601176,-4.435935,-4.483510,-2.275998,-3.629487,-4.171317,-4.086137,-2.884178,1.171374,1.291291,-2.735184,-4.137972,-0.856518,-0.668745,1.740721,-3.326483,-2.351118,-3.175046,-1.579201,-5.241066,-4.717601
Osat_DPW2_BAS75979.1	Osat_DPW2_BAS75979.1	acceptor_superclass::Fatty Acids and Conjugates	acceptor_superclass::Flavonoids;acceptor_superclass::Ornithine alkaloids;acceptor_superclass::Pseudoalkaloids	0,0,0,1,0,0,0,0,0,0,0,0,0,0,0,0,0,0,0,0,0,0,0	0,0,0,0,0,1,0,0,0,0,0,1,0,0,0,0,1,0,0,0,0,0,0	-4.050896,-5.431714,-4.121342,-1.768670,-0.745278,0.296261,-5.191984,-3.669522,-3.916071,-1.636875,-4.912009,0.414701,-4.027897,-2.267857,-3.363876,-1.151923,0.190810,-5.476068,-4.540061,-4.204085,-4.397633,-4.542002,-3.969945
Osat_FMT_BAF16996.1	Osat_FMT_BAF16996.1	acceptor_superclass::Phenylpropanoids (C6-C3)		0,0,0,0,0,0,0,0,0,0,0,0,0,0,0,1,0,0,0,0,0,0,0	0,0,0,0,0,0,0,0,0,0,0,0,0,0,0,0,0,0,0,0,0,0,0	-5.074924,-4.486851,-2.674050,-4.589059,-2.836039,-0.440754,-3.818153,-3.905958,-3.465517,-2.575721,-1.981257,-4.162935,-5.025738,-1.990771,-3.783107,-0.358639,-4.228019,-3.809282,-4.835352,-3.175555,-5.201261,-4.022550,-2.581962
Osat_HCT4_BAD72437.1	Osat_HCT4_BAD72437.1	acceptor_superclass::Phenolic acids (C6-C1)	acceptor_superclass::Flavonoids;acceptor_superclass::Monoterpenoids;acceptor_superclass::Phenolic acids (C6-C1);acceptor_superclass::Small peptides;acceptor_superclass::Triterpenoids	0,0,0,0,0,0,0,0,0,0,0,0,0,1,0,0,0,0,0,0,0,0,0	0,0,0,0,0,1,0,0,0,1,0,0,0,1,0,0,0,0,1,0,1,0,0	-1.529348,-3.490941,-2.838019,-4.033597,-4.906570,2.846880,-2.110515,-0.787158,-2.541052,0.602457,-1.126864,-3.963084,-1.560874,3.879926,-5.062081,-0.677518,-3.531148,-2.101662,0.380305,-0.768704,0.094540,-2.017207,-0.017549
Osat_MAT-2_BAG96218.1	Osat_MAT-2_BAG96218.1	acceptor_superclass::Flavonoids;acceptor_superclass::Isoflavonoids	acceptor_superclass::Fatty acyls;acceptor_superclass::Monoterpenoids;acceptor_superclass::Phenylpropanoids (C6-C3);acceptor_superclass::Saccharides	0,0,0,0,0,1,1,0,0,0,0,0,0,0,0,0,0,0,0,0,0,0,0	0,0,0,0,1,0,0,0,0,1,0,0,0,0,0,1,0,1,0,0,0,0,0	-3.578587,-2.420602,-3.449637,-2.036124,1.595301,-0.471048,-0.012026,-1.424782,-1.078274,0.128957,-3.843803,-5.110690,-3.567339,-1.993275,-2.179142,0.099781,-3.448334,2.530763,-3.911576,-3.114279,-2.958403,-2.423071,-3.821031
Osat_PHT2_BAD72527.1	Osat_PHT2_BAD72527.1	acceptor_superclass::Ornithine alkaloids;acceptor_superclass::Pseudoalkaloids		0,0,0,0,0,0,0,0,0,0,0,1,0,0,0,0,1,0,0,0,0,0,0	0,0,0,0,0,0,0,0,0,0,0,0,0,0,0,0,0,0,0,0,0,0,0	-3.601187,-2.293751,-2.353747,-1.415749,-1.107618,-1.783756,-2.440058,-1.962233,-3.078473,-0.844384,-1.823346,-3.608142,-3.720117,-1.050551,-3.700032,-1.734640,-3.061415,-2.769313,-3.279532,-3.887568,-1.563747,-3.032198,-2.479049
Osat_PHT3_BAC79154.1	Osat_PHT3_BAC79154.1	acceptor_superclass::Ornithine alkaloids;acceptor_superclass::Pseudoalkaloids	acceptor_superclass::Ornithine alkaloids;acceptor_superclass::Pseudoalkaloids	0,0,0,0,0,0,0,0,0,0,0,1,0,0,0,0,1,0,0,0,0,0,0	0,0,0,0,0,0,0,0,0,0,0,1,0,0,0,0,1,0,0,0,0,0,0	-4.007101,-4.320003,-2.945613,-3.239187,-3.818303,-2.733021,-3.628115,-3.562613,-3.232965,-2.562155,-4.145094,4.423300,-3.370980,-0.623328,-4.031668,-2.425294,3.200379,-2.495171,-1.097900,-3.328959,-2.544523,-3.061876,-3.671373
Osat_PHT4_BAC79155.1	Osat_PHT4_BAC79155.1	acceptor_superclass::Ornithine alkaloids;acceptor_superclass::Pseudoalkaloids	acceptor_superclass::Ornithine alkaloids;acceptor_superclass::Pseudoalkaloids	0,0,0,0,0,0,0,0,0,0,0,1,0,0,0,0,1,0,0,0,0,0,0	0,0,0,0,0,0,0,0,0,0,0,1,0,0,0,0,1,0,0,0,0,0,0	-1.277572,-2.015290,-1.500187,-3.101398,-4.266937,-1.541927,-2.984119,-4.991337,-4.842760,-4.583311,-2.275287,4.293955,-0.798778,-0.145591,-3.332552,-4.680664,2.813967,-3.971589,-1.244729,-1.120571,-2.389983,-1.006136,-1.514514
Osat_PHT4_BAC79155.1	Osat_PHT_BAC79155.1	acceptor_superclass::Ornithine alkaloids;acceptor_superclass::Pseudoalkaloids	acceptor_superclass::Ornithine alkaloids;acceptor_superclass::Pseudoalkaloids	0,0,0,0,0,0,0,0,0,0,0,1,0,0,0,0,1,0,0,0,0,0,0	0,0,0,0,0,0,0,0,0,0,0,1,0,0,0,0,1,0,0,0,0,0,0	-1.372631,-3.761461,-4.815424,-1.666914,-4.723743,-2.002312,-4.381688,-3.469000,-3.601393,-3.851295,-2.621051,4.554978,-0.991711,-0.140910,-2.596977,-3.536873,4.186842,-2.346482,-0.913359,-1.650319,-1.729885,-3.861586,-3.825540
Osat_PMT1_BAG87540.1	Osat_PMT1_BAG87540.1	acceptor_superclass::Phenylethanoids (C6-C2);acceptor_superclass::Phenylpropanoids (C6-C3)		0,0,0,0,0,0,0,0,0,0,0,0,0,0,1,1,0,0,0,0,0,0,0	0,0,0,0,0,0,0,0,0,0,0,0,0,0,0,0,0,0,0,0,0,0,0	-4.703709,-4.142131,-0.117298,-4.188381,-2.579686,-0.601590,-3.470167,-3.475284,-3.112667,-3.487753,-1.662470,-4.291096,-4.998133,-0.761394,-3.890425,-0.407620,-4.791985,-4.556746,-3.309837,-3.585157,-5.093509,-4.211922,-1.791705
Osat_PMT2_BAG91648.1	Osat_PMT2_BAG91648.1	acceptor_superclass::Phenylpropanoids (C6-C3)	acceptor_superclass::Naphthalenes;acceptor_superclass::Ornithine alkaloids;acceptor_superclass::Steroids;acceptor_superclass::Tryptophan alkaloids;acceptor_superclass::Tyrosine alkaloids	0,0,0,0,0,0,0,0,0,0,0,0,0,0,0,1,0,0,0,0,0,0,0	0,0,0,0,0,0,0,0,0,0,1,1,0,0,0,0,0,0,0,1,0,1,1	-2.684034,-2.570301,-3.151866,-3.493915,-3.922915,-3.184884,-3.228520,-2.376252,-3.392705,-3.508038,3.210870,0.259770,-2.893899,-3.830356,-2.138876,-0.377114,-3.454410,-3.320235,-3.466519,0.480866,-2.531207,3.106361,2.665102
Osat_TBT1_ANQ47375.1	Osat_TBT1_ANQ47375.1	acceptor_superclass::Ornithine alkaloids;acceptor_superclass::Pseudoalkaloids;acceptor_superclass::Tryptophan alkaloids	acceptor_superclass::Diterpenoids;acceptor_superclass::Triterpenoids;acceptor_superclass::Tryptophan alkaloids	0,0,0,0,0,0,0,0,0,0,0,1,0,0,0,0,1,0,0,0,0,1,0	0,0,1,0,0,0,0,0,0,0,0,0,0,0,0,0,0,0,0,0,1,1,0	-3.221959,-5.471215,1.844702,-4.272193,-4.373546,-2.288038,-3.969373,-3.339897,-3.614373,-2.610641,-2.816337,-2.701081,-4.120859,-1.714520,-4.790187,-3.581187,-2.570925,-2.661703,-2.422332,-3.817585,3.009407,1.595732,-4.466218
Osat_TBT2_ANQ47376.1	Osat_TBT2_ANQ47376.1	acceptor_superclass::Tryptophan alkaloids	acceptor_superclass::Diterpenoids;acceptor_superclass::Pseudoalkaloids;acceptor_superclass::Triterpenoids;acceptor_superclass::Tryptophan alkaloids	0,0,0,0,0,0,0,0,0,0,0,0,0,0,0,0,0,0,0,0,0,1,0	0,0,1,0,0,0,0,0,0,0,0,0,0,0,0,0,1,0,0,0,1,1,0	-3.639417,-4.726624,1.467437,-3.569545,-4.430117,-0.544115,-4.015877,-4.008119,-3.512476,-2.129832,-3.981534,-0.150683,-3.916181,-3.207290,-5.089725,-4.650568,0.328928,-3.706172,-4.383852,-3.625159,1.311530,1.927077,-2.697409
Osat_THT1_ANQ47373.1	Osat_THT1_ANQ47373.1	acceptor_superclass::Ornithine alkaloids;acceptor_superclass::Tryptophan alkaloids;acceptor_superclass::Tyrosine alkaloids	acceptor_superclass::Naphthalenes;acceptor_superclass::Phenylpropanoids (C6-C3)	0,0,0,0,0,0,0,0,0,0,0,1,0,0,0,0,0,0,0,0,0,1,1	0,0,0,0,0,0,0,0,0,0,1,0,0,0,0,1,0,0,0,0,0,0,0	-4.174931,-3.879165,-1.879902,-5.525091,-4.295449,-2.611148,-3.557764,-3.930718,-4.352047,-1.954990,1.766042,-2.580967,-3.936538,-4.237763,-2.324492,1.322590,-3.623451,-3.951566,-2.749176,-4.560422,-3.695122,-1.003141,-1.142819
Osat_THT2_AAM74310.1	Osat_THT2_AAM74310.1	acceptor_superclass::Tryptophan alkaloids;acceptor_superclass::Tyrosine alkaloids	acceptor_superclass::Flavonoids;acceptor_superclass::Naphthalenes;acceptor_superclass::Steroids	0,0,0,0,0,0,0,0,0,0,0,0,0,0,0,0,0,0,0,0,0,1,1	0,0,0,0,0,1,0,0,0,0,1,0,0,0,0,0,0,0,0,1,0,0,0	-3.165097,-2.658087,-4.709297,-3.991565,-4.077511,1.784181,-2.398694,-3.627957,-5.179503,-3.105794,1.009758,-1.445105,-2.742589,-4.431658,-3.571566,-2.637730,-3.926388,-4.560605,-3.105899,1.091870,-3.527823,-1.944435,-2.072762
Paff_BAHD21_NA	Paff_BAHD21_NA	acceptor_superclass::Flavonoids	acceptor_superclass::Cyclic polyketides;acceptor_superclass::Fatty acyls;acceptor_superclass::Flavonoids;acceptor_superclass::Phenylethanoids (C6-C2);acceptor_superclass::Phenylpropanoids (C6-C3)	0,0,0,0,0,1,0,0,0,0,0,0,0,0,0,0,0,0,0,0,0,0,0	0,1,0,0,1,1,0,0,0,0,0,0,0,0,1,1,0,0,0,0,0,0,0	-1.482938,2.193388,-5.347600,-3.517032,1.011704,1.156383,-2.759002,-3.677490,-2.837482,-0.473488,-1.709095,-0.445074,-1.400288,-4.190436,2.143797,0.566593,-0.262482,-4.460326,-4.222558,-1.801202,-4.799753,-4.391275,-1.688645
Papp_HCT_AXN55972.1	Papp_HCT_AXN55972.1	acceptor_superclass::Phenolic acids (C6-C1)	acceptor_superclass::Phenolic acids (C6-C1);acceptor_superclass::Phenylethanoids (C6-C2);acceptor_superclass::Phenylpropanoids (C6-C3);acceptor_superclass::Small peptides;acceptor_superclass::Tyrosine alkaloids	0,0,0,0,0,0,0,0,0,0,0,0,0,1,0,0,0,0,0,0,0,0,0	0,0,0,0,0,0,0,0,0,0,0,0,0,1,1,1,0,0,1,0,0,0,1	-4.609468,-4.642759,-4.239750,-0.813125,-3.703526,-1.129609,-4.521673,-3.987576,-4.118276,-1.247915,-4.695936,-1.752683,-4.095885,2.024863,0.591138,0.097366,-4.179421,-4.474992,1.572722,-3.858238,-0.502222,-4.151653,1.001996
Paxi_ASAT1_AOR06331.1	Paxi_ASAT1_AOR06331.1	acceptor_superclass::Saccharides	acceptor_superclass::Tryptophan alkaloids	0,0,0,0,0,0,0,0,0,0,0,0,0,0,0,0,0,1,0,0,0,0,0	0,0,0,0,0,0,0,0,0,0,0,0,0,0,0,0,0,0,0,0,0,1,0	-3.685258,-2.982683,-1.087031,-3.858165,-2.066555,-3.470719,-4.297676,-2.885283,-3.007171,-1.804093,-2.278202,-3.057390,-4.047845,-5.360489,-2.666027,-2.447587,-1.789364,-1.615883,-4.148815,-2.977682,-3.528441,4.493662,-2.152910
Paxi_ASAT1_AOR06331.1	Paxi_ASAT2_AOR06331.1		acceptor_superclass::Diterpenoids;acceptor_superclass::Saccharides;acceptor_superclass::Tryptophan alkaloids	0,0,0,0,0,0,0,0,0,0,0,0,0,0,0,0,0,0,0,0,0,0,0	0,0,1,0,0,0,0,0,0,0,0,0,0,0,0,0,0,1,0,0,0,1,0	-3.574089,-3.012134,1.648220,-3.138907,-1.717001,-2.252985,-3.297092,-2.734035,-2.562488,-2.202344,-2.447586,-5.856562,-3.356495,-4.813611,-3.269028,-2.311553,-5.085421,3.331553,-3.958538,-3.514613,-1.871212,1.428205,-3.821436
Paxi_ASAT3_AOR06333.1	Paxi_ASAT3_AOR06333.1		acceptor_superclass::Saccharides	0,0,0,0,0,0,0,0,0,0,0,0,0,0,0,0,0,0,0,0,0,0,0	0,0,0,0,0,0,0,0,0,0,0,0,0,0,0,0,0,1,0,0,0,0,0	-4.335104,-5.185148,-3.699476,-1.407013,-0.947889,-1.751782,-4.765108,-3.522075,-3.821945,-0.620470,-2.962567,-4.002872,-4.178528,-4.158511,-3.892104,-0.717667,-4.775451,2.767692,-4.391919,-5.012564,-5.248587,-4.360646,-4.029432
Paxi_ASAT4_AOR06334.1	Paxi_ASAT4_AOR06334.1		acceptor_superclass::Diterpenoids;acceptor_superclass::Flavonoids;acceptor_superclass::Lysine alkaloids	0,0,0,0,0,0,0,0,0,0,0,0,0,0,0,0,0,0,0,0,0,0,0	0,0,1,0,0,1,0,0,1,0,0,0,0,0,0,0,0,0,0,0,0,0,0	-2.641229,-2.844271,1.970000,-0.700861,-1.019194,0.396034,-1.612277,-4.353936,2.308051,-2.758982,-3.723696,-2.431685,-2.732582,-1.871154,-1.939733,-1.182426,-1.812327,-4.051623,-3.880471,-4.165851,-5.086786,-0.909974,-0.870046
Paxi_CFAT_ABG75942.1	Paxi_CFAT_ABG75942.1	acceptor_superclass::Fatty acyls;acceptor_superclass::Monoterpenoids;acceptor_superclass::Phenylethanoids (C6-C2);acceptor_superclass::Phenylpropanoids (C6-C3)	acceptor_superclass::Fatty acyls;acceptor_superclass::Lysine alkaloids;acceptor_superclass::Monoterpenoids	0,0,0,0,1,0,0,0,0,1,0,0,0,0,1,1,0,0,0,0,0,0,0	0,0,0,0,1,0,0,0,1,1,0,0,0,0,0,0,0,0,0,0,0,0,0	-3.678919,-2.357889,-1.504139,-3.419214,1.773254,-3.213298,-5.066948,-2.554732,2.097176,2.125909,-4.846797,-3.353512,-4.174172,-3.313966,-0.160051,-0.081947,-0.987223,-2.237137,-3.731102,-4.763493,-1.726986,-2.644316,-5.484104
Pbar_AT1_WEX29777.1	Pbar_AT1_WEX29777.1	acceptor_superclass::Phenylethanoids (C6-C2)	acceptor_superclass::Phenolic acids (C6-C1);acceptor_superclass::Phenylethanoids (C6-C2);acceptor_superclass::Phenylpropanoids (C6-C3);acceptor_superclass::Small peptides	0,0,0,0,0,0,0,0,0,0,0,0,0,0,1,0,0,0,0,0,0,0,0	0,0,0,0,0,0,0,0,0,0,0,0,0,1,1,1,0,0,1,0,0,0,0	-4.466655,-3.341766,-5.274762,-0.327193,-2.240872,-1.428668,-4.587125,-2.449389,-4.692464,-1.957413,-3.912761,-4.642002,-3.383588,2.346709,1.698350,1.155177,-5.461820,-4.038594,2.462714,-4.620210,-5.337422,-4.162426,-1.347353
Pcam_HCT_QDF44405.1	Pcam_HCT_QDF44405.1	acceptor_superclass::Phenolic acids (C6-C1)	acceptor_superclass::Phenolic acids (C6-C1);acceptor_superclass::Small peptides;acceptor_superclass::Triterpenoids;acceptor_superclass::Tryptophan alkaloids;acceptor_superclass::Tyrosine alkaloids	0,0,0,0,0,0,0,0,0,0,0,0,0,1,0,0,0,0,0,0,0,0,0	0,0,0,0,0,0,0,0,0,0,0,0,0,1,0,0,0,0,1,0,1,1,1	-5.108642,-4.249180,-2.595725,-1.603389,-4.055900,-0.562899,-4.253241,-3.368635,-3.857225,-1.515476,-5.380058,-4.307771,-4.057971,2.750615,-2.475160,-0.413132,-4.836518,-5.177612,1.285810,-4.578816,1.107492,0.540271,2.380398
Pcam_HQT_QDF44406.1	Pcam_HQT_QDF44406.1	acceptor_superclass::Phenolic acids (C6-C1)	acceptor_superclass::Fatty Acids and Conjugates;acceptor_superclass::Fatty acyls;acceptor_superclass::Lignans;acceptor_superclass::Phenolic acids (C6-C1);acceptor_superclass::Phenylpropanoids (C6-C3)	0,0,0,0,0,0,0,0,0,0,0,0,0,1,0,0,0,0,0,0,0,0,0	0,0,0,1,1,0,0,1,0,0,0,0,0,1,0,1,0,0,0,0,0,0,0	-3.643436,-2.904024,-3.014704,1.635705,0.237926,-2.567255,-2.440295,1.204517,-3.477380,-2.437451,-3.304477,-3.338125,-3.243785,2.868888,-2.076880,1.594808,-4.112868,-1.375623,-1.521685,-2.824966,-3.893004,-5.003088,-3.962119
Pcam_RAS_QDF44407.1	Pcam_RAS_QDF44407.1	acceptor_superclass::Phenolic acids (C6-C1)	acceptor_superclass::Fatty Acids and Conjugates;acceptor_superclass::Phenolic acids (C6-C1)	0,0,0,0,0,0,0,0,0,0,0,0,0,1,0,0,0,0,0,0,0,0,0	0,0,0,1,0,0,0,0,0,0,0,0,0,1,0,0,0,0,0,0,0,0,0	-4.130760,-3.838856,-2.175429,0.852680,-1.027352,-3.507282,-3.426992,-3.912656,-4.081181,-4.371447,-5.121864,-1.685115,-3.535697,1.109833,-2.843520,-2.890321,-1.723290,-3.197743,-2.590726,-3.229690,-4.974374,-2.700546,-0.490442
Pcru_3MAT_AAO38058.1	Pcru_3MAT_AAO38058.1	acceptor_superclass::Flavonoids	acceptor_superclass::Flavonoids;acceptor_superclass::Phenylpropanoids (C6-C3)	0,0,0,0,0,1,0,0,0,0,0,0,0,0,0,0,0,0,0,0,0,0,0	0,0,0,0,0,1,0,0,0,0,0,0,0,0,0,1,0,0,0,0,0,0,0	-4.328075,-4.209612,-5.945909,-3.666496,-0.052649,0.836861,-1.587128,-3.755061,-1.793348,-2.967257,-4.466564,-6.095344,-4.170973,-1.610305,-0.225846,1.748983,-5.069503,-3.572724,-3.818720,-4.298671,-5.271788,-3.853990,-3.558732
Pfru_3AT_BAA93475.1	Pfru_3AT_BAA93475.1	acceptor_superclass::Flavonoids	acceptor_superclass::Ornithine alkaloids;acceptor_superclass::Pseudoalkaloids;acceptor_superclass::Triterpenoids;acceptor_superclass::Tryptophan alkaloids	0,0,0,0,0,1,0,0,0,0,0,0,0,0,0,0,0,0,0,0,0,0,0	0,0,0,0,0,0,0,0,0,0,0,1,0,0,0,0,1,0,0,0,1,1,0	-2.505724,-4.148503,-1.826626,-3.340788,-5.100604,-2.336364,-4.072698,-3.454827,-3.809257,-4.650979,-3.211320,3.525172,-2.524218,-3.795319,-4.046379,-3.547051,2.729744,-3.621776,-2.079844,-2.145854,0.204875,1.602012,-3.173097
Phyb_AAT_AAW31948.1	Phyb_AAT_AAW31948.1	acceptor_superclass::Fatty acyls;acceptor_superclass::Monoterpenoids	acceptor_superclass::Cyclic polyketides;acceptor_superclass::Fatty acyls;acceptor_superclass::Monoterpenoids;acceptor_superclass::Phenylethanoids (C6-C2);acceptor_superclass::Triterpenoids	0,0,0,0,1,0,0,0,0,1,0,0,0,0,0,0,0,0,0,0,0,0,0	0,1,0,0,1,0,0,0,0,1,0,0,0,0,1,0,0,0,0,0,1,0,0	-2.791535,2.328496,-4.060945,-4.339038,1.082170,-1.093650,-3.884062,-2.136063,-2.618766,0.322423,-3.251185,-4.407690,-2.687778,-4.353859,2.108131,-0.032597,-3.249592,-4.089811,-2.870403,-3.150610,1.817104,-2.844246,-4.360132
Phyb_BPBT_AAU06226.1	Phyb_BPBT_AAU06226.1	acceptor_superclass::Fatty acyls;acceptor_superclass::Monoterpenoids;acceptor_superclass::Phenylethanoids (C6-C2);acceptor_superclass::Phenylpropanoids (C6-C3)	acceptor_superclass::Fatty acyls;acceptor_superclass::Lysine alkaloids;acceptor_superclass::Phenylethanoids (C6-C2);acceptor_superclass::Phenylpropanoids (C6-C3);acceptor_superclass::Pseudoalkaloids	0,0,0,0,1,0,0,0,0,1,0,0,0,0,1,1,0,0,0,0,0,0,0	0,0,0,0,1,0,0,0,1,0,0,0,0,0,1,1,1,0,0,0,0,0,0	-4.073963,-4.053168,-4.784217,-3.087670,0.189485,-3.220347,-4.697359,-0.535437,3.017221,-2.248042,-4.243027,-2.025785,-3.213184,-3.186641,0.557808,1.632092,0.591390,-2.598357,-3.317494,-4.142311,-4.140942,-2.824759,-2.376810
Phyb_CFAT_ABG75942.1	Phyb_CFAT_ABG75942.1	acceptor_superclass::Phenylpropanoids (C6-C3)	acceptor_superclass::Fatty acyls;acceptor_superclass::Lysine alkaloids;acceptor_superclass::Monoterpenoids	0,0,0,0,0,0,0,0,0,0,0,0,0,0,0,1,0,0,0,0,0,0,0	0,0,0,0,1,0,0,0,1,1,0,0,0,0,0,0,0,0,0,0,0,0,0	-3.678919,-2.357889,-1.504139,-3.419214,1.773254,-3.213298,-5.066948,-2.554732,2.097176,2.125909,-4.846797,-3.353512,-4.174172,-3.313966,-0.160051,-0.081947,-0.987223,-2.237137,-3.731102,-4.763493,-1.726986,-2.644316,-5.484104
Pnig_PAS_QUS53101.1	Pnig_BAHD1_QUS53101.1	acceptor_superclass::Lysine alkaloids;acceptor_superclass::Pseudoalkaloids	acceptor_superclass::Fatty acyls;acceptor_superclass::Lysine alkaloids;acceptor_superclass::Monoterpenoids;acceptor_superclass::Phenylethanoids (C6-C2);acceptor_superclass::Phenylpropanoids (C6-C3)	0,0,0,0,0,0,0,0,1,0,0,0,0,0,0,0,1,0,0,0,0,0,0	0,0,0,0,1,0,0,0,1,1,0,0,0,0,1,1,0,0,0,0,0,0,0	-3.673050,-2.913925,-2.683776,-2.430583,2.306455,-1.674567,-4.080050,-2.504048,2.409174,0.469183,-4.607691,-2.602818,-3.463582,-2.953215,0.806003,0.274099,-0.603886,-3.926137,-3.600648,-4.834085,-3.566474,-4.141660,-3.123524
Pnig_PS_QUS53100.1	Pnig_BAHD2_QUS53100.1	acceptor_superclass::Lysine alkaloids	acceptor_superclass::Fatty acyls;acceptor_superclass::Lysine alkaloids;acceptor_superclass::Monoterpenoids;acceptor_superclass::Phenylethanoids (C6-C2);acceptor_superclass::Phenylpropanoids (C6-C3);acceptor_superclass::Pseudoalkaloids	0,0,0,0,0,0,0,0,1,0,0,0,0,0,0,0,0,0,0,0,0,0,0	0,0,0,0,1,0,0,0,1,1,0,0,0,0,1,1,1,0,0,0,0,0,0	-3.230333,-2.693960,-1.828894,-3.218212,2.274518,-3.153383,-4.422395,-2.415303,3.496509,2.276255,-4.118474,-2.516221,-3.569396,-2.946642,0.114160,0.019927,0.003681,-2.164442,-3.510798,-3.865506,-2.628102,-3.704756,-4.873261
Pnig_HCT1_AEN02914.1	Pnig_HCT1_AEN02914.1	acceptor_superclass::Phenolic acids (C6-C1)	acceptor_superclass::Fatty Acids and Conjugates;acceptor_superclass::Ornithine alkaloids;acceptor_superclass::Phenolic acids (C6-C1);acceptor_superclass::Pseudoalkaloids	0,0,0,0,0,0,0,0,0,0,0,0,0,1,0,0,0,0,0,0,0,0,0	0,0,0,1,0,0,0,0,0,0,0,1,0,1,0,0,1,0,0,0,0,0,0	-3.663772,-4.322163,-3.300950,0.097884,-2.922139,-1.784342,-4.049942,-3.803359,-3.980570,-4.078387,-5.200850,1.264432,-3.448232,1.389640,-3.849095,-2.770854,0.547667,-3.647587,-0.793034,-3.148041,-2.097277,-3.133260,-0.984165
Pnig_PAS_QUS53101.1	Pnig_PAS_QUS53101.1	acceptor_superclass::Lysine alkaloids;acceptor_superclass::Pseudoalkaloids	acceptor_superclass::Fatty acyls;acceptor_superclass::Lysine alkaloids;acceptor_superclass::Monoterpenoids;acceptor_superclass::Phenylethanoids (C6-C2);acceptor_superclass::Pseudoalkaloids	0,0,0,0,0,0,0,0,1,0,0,0,0,0,0,0,1,0,0,0,0,0,0	0,0,0,0,1,0,0,0,1,1,0,0,0,0,1,0,1,0,0,0,0,0,0	-2.723541,-2.077687,-1.237325,-2.859651,2.567415,-3.549157,-4.500830,-2.206285,4.023149,2.889288,-3.471453,-2.340651,-2.966505,-2.983213,0.544003,-0.767824,0.711529,-1.968280,-3.106812,-3.471429,-1.910779,-4.149908,-5.250092
Pnig_PHT1_BGB46908.1	Pnig_PHT1_BGB46908.1	acceptor_superclass::Ornithine alkaloids;acceptor_superclass::Pseudoalkaloids	acceptor_superclass::Phenylethanoids (C6-C2);acceptor_superclass::Phenylpropanoids (C6-C3)	0,0,0,0,0,0,0,0,0,0,0,1,0,0,0,0,1,0,0,0,0,0,0	0,0,0,0,0,0,0,0,0,0,0,0,0,0,1,1,0,0,0,0,0,0,0	-3.977393,-2.327973,-5.879733,-4.542162,-0.624315,-1.841809,-4.244478,-4.080687,-5.897970,-0.664868,-3.404185,-2.583322,-3.608578,-3.894501,2.240886,0.818183,-3.705312,-7.346929,-3.094536,-4.775335,-3.146681,-2.781995,-3.554586
Pnig_PS_QUS53100.1	Pnig_PS_QUS53100.1	acceptor_superclass::Lysine alkaloids	acceptor_superclass::Fatty acyls;acceptor_superclass::Lysine alkaloids;acceptor_superclass::Monoterpenoids;acceptor_superclass::Phenylethanoids (C6-C2);acceptor_superclass::Phenylpropanoids (C6-C3);acceptor_superclass::Pseudoalkaloids	0,0,0,0,0,0,0,0,1,0,0,0,0,0,0,0,0,0,0,0,0,0,0	0,0,0,0,1,0,0,0,1,1,0,0,0,0,1,1,1,0,0,0,0,0,0	-3.834275,-3.342113,-2.735226,-3.941415,1.199165,-1.880518,-4.369696,-2.860414,3.346331,1.369633,-4.404655,-3.435639,-5.111284,-3.247849,1.597041,1.841375,0.004284,-2.319948,-4.228329,-3.877476,-3.994525,-3.267634,-2.929320
Post_DPBT_Pos.gene30573	Post_DPBT_Pos.gene30573	acceptor_superclass::Monoterpenoids	acceptor_superclass::Fatty acyls;acceptor_superclass::Monoterpenoids;acceptor_superclass::Phenylethanoids (C6-C2);acceptor_superclass::Phenylpropanoids (C6-C3)	0,0,0,0,0,0,0,0,0,1,0,0,0,0,0,0,0,0,0,0,0,0,0	0,0,0,0,1,0,0,0,0,1,0,0,0,0,1,1,0,0,0,0,0,0,0	-4.676686,-3.025715,-4.658700,-3.203933,1.911062,-1.732260,-5.449390,-1.962854,-1.193932,0.305435,-4.594327,-2.409007,-4.453123,-3.596266,0.634544,1.308911,-0.820990,-3.942431,-4.694526,-4.709892,-3.928666,-3.093467,-5.135940
Ppat_HCT1_AMK38063.1	Ppat_HCT1_AMK38063.1	acceptor_superclass::Phenolic acids (C6-C1);acceptor_superclass::Saccharides;acceptor_superclass::Small peptides	acceptor_superclass::Fatty Acids and Conjugates;acceptor_superclass::Fatty acyls;acceptor_superclass::Lignans;acceptor_superclass::Phenolic acids (C6-C1);acceptor_superclass::Phenylpropanoids (C6-C3);acceptor_superclass::Saccharides	0,0,0,0,0,0,0,0,0,0,0,0,0,1,0,0,0,1,1,0,0,0,0	0,0,0,1,1,0,0,1,0,0,0,0,0,1,0,1,0,1,0,0,0,0,0	-1.930015,-2.266384,-3.493634,2.678039,0.374169,-3.817271,-1.034871,2.662542,-1.967030,-3.481117,-1.890761,-2.015265,-1.849109,3.243780,-3.144402,2.103054,-2.311887,3.697156,-2.386113,-1.268817,-2.551296,-3.784956,-2.674527
Ppat_HCT1_AMK38063.1	Ppat_HCT_AMK38063.1	acceptor_superclass::Fatty Acids and Conjugates;acceptor_superclass::Phenolic acids (C6-C1);acceptor_superclass::Phenylpropanoids (C6-C3);acceptor_superclass::Saccharides	acceptor_superclass::Lignans;acceptor_superclass::Phenolic acids (C6-C1);acceptor_superclass::Saccharides;acceptor_superclass::Small peptides;acceptor_superclass::Steroids	0,0,0,1,0,0,0,0,0,0,0,0,0,1,0,1,0,1,0,0,0,0,0	0,0,0,0,0,0,0,1,0,0,0,0,0,1,0,0,0,1,1,1,0,0,0	-2.677382,-1.879701,-1.889590,-1.217464,-1.658371,-2.306955,-0.185428,2.016745,-4.005182,-3.450966,-1.803061,-3.797733,-2.238011,3.539302,-3.079455,-1.871840,-3.247977,3.460397,2.268782,0.358072,-1.362848,-2.451527,-2.883566
Pper_AAT1_QEZ90730.1	Pper_AAT1_QEZ90730.1	acceptor_superclass::Fatty acyls	acceptor_superclass::Fatty acyls;acceptor_superclass::Monoterpenoids;acceptor_superclass::Phenylpropanoids (C6-C3);acceptor_superclass::Pseudoalkaloids	0,0,0,0,1,0,0,0,0,0,0,0,0,0,0,0,0,0,0,0,0,0,0	0,0,0,0,1,0,0,0,0,1,0,0,0,0,0,1,1,0,0,0,0,0,0	-4.243444,-3.218841,-1.814885,-4.250643,0.623235,-1.530936,-5.561849,-2.309783,-0.501519,0.996763,-5.271204,-0.707335,-5.136028,-3.469548,-0.009664,1.424984,1.800450,-3.114967,-4.228683,-4.803882,-4.358301,-4.128248,-4.177931
Prad_HCT_ABO52899.1	Prad_HCT_ABO52899.1	acceptor_superclass::Phenolic acids (C6-C1);acceptor_superclass::Small peptides	acceptor_superclass::Flavonoids;acceptor_superclass::Phenolic acids (C6-C1)	0,0,0,0,0,0,0,0,0,0,0,0,0,1,0,0,0,0,1,0,0,0,0	0,0,0,0,0,1,0,0,0,0,0,0,0,1,0,0,0,0,0,0,0,0,0	-4.108450,-5.644859,-4.501739,-3.072493,-4.223713,0.227789,-4.362954,-3.938277,-4.346659,-1.586868,-3.382639,-2.075462,-3.955872,1.085155,-6.077724,-2.884783,-2.124896,-4.216990,-2.518239,-2.598983,-3.064939,-2.971407,-2.502017
Pscu_HCT2_CBI83579.1	Pscu_HCT2_CBI83579.1	acceptor_superclass::Flavonoids;acceptor_superclass::Phenolic acids (C6-C1);acceptor_superclass::Tyrosine alkaloids	acceptor_superclass::Phenolic acids (C6-C1);acceptor_superclass::Phenylethanoids (C6-C2);acceptor_superclass::Phenylpropanoids (C6-C3);acceptor_superclass::Small peptides;acceptor_superclass::Tyrosine alkaloids	0,0,0,0,0,1,0,0,0,0,0,0,0,1,0,0,0,0,0,0,0,0,1	0,0,0,0,0,0,0,0,0,0,0,0,0,1,1,1,0,0,1,0,0,0,1	-4.807705,-4.593316,-4.206466,-0.784281,-3.466516,-1.344379,-4.780744,-3.894198,-4.148857,-1.274835,-4.842619,-1.684627,-4.328502,1.992774,0.572514,0.042561,-4.056725,-4.643756,1.578445,-3.972256,-0.563663,-4.169212,0.804295
Pscu_RAS_CAK55166.1	Pscu_RAS_CAK55166.1		acceptor_superclass::Phenolic acids (C6-C1);acceptor_superclass::Small peptides;acceptor_superclass::Triterpenoids;acceptor_superclass::Tryptophan alkaloids;acceptor_superclass::Tyrosine alkaloids	0,0,0,0,0,0,0,0,0,0,0,0,0,0,0,0,0,0,0,0,0,0,0	0,0,0,0,0,0,0,0,0,0,0,0,0,1,0,0,0,0,1,0,1,1,1	-4.455437,-4.102071,-2.047759,-0.104620,-3.920087,-0.327184,-3.688034,-3.122485,-3.963845,-1.673214,-5.176826,-3.439171,-3.872742,2.816028,-3.445910,-1.050846,-4.339274,-4.994430,1.499579,-3.948316,0.542361,0.544894,2.811349
Psom_SALAT_AAK73661.1	Psom_SALAT_AAK73661.1	acceptor_superclass::Tyrosine alkaloids	acceptor_superclass::Flavonoids;acceptor_superclass::Isoflavonoids;acceptor_superclass::Phenolic acids (C6-C1);acceptor_superclass::Steroids	0,0,0,0,0,0,0,0,0,0,0,0,0,0,0,0,0,0,0,0,0,0,1	0,0,0,0,0,1,1,0,0,0,0,0,0,1,0,0,0,0,0,1,0,0,0	-3.530120,-3.434530,-4.666297,-1.348371,-3.061334,1.555705,3.272028,-1.814474,-4.005224,-4.670574,-5.328664,-1.274857,-3.580763,0.376712,-4.237058,-2.831224,-2.691722,-1.815878,-3.610921,0.254844,-3.091878,-2.639498,-2.059157
Ptri_BEBT_AJD25145.1	Ptri_BEBT_AJD25145.1		acceptor_superclass::Fatty acyls;acceptor_superclass::Lysine alkaloids;acceptor_superclass::Monoterpenoids;acceptor_superclass::Phenylethanoids (C6-C2);acceptor_superclass::Phenylpropanoids (C6-C3)	0,0,0,0,0,0,0,0,0,0,0,0,0,0,0,0,0,0,0,0,0,0,0	0,0,0,0,1,0,0,0,1,1,0,0,0,0,1,1,0,0,0,0,0,0,0	-3.841032,-3.079706,-3.484359,-2.535546,1.654500,-1.241749,-4.030049,-2.105402,1.584948,0.063831,-4.490569,-2.288525,-3.711170,-3.393055,1.117674,0.822509,-0.872186,-4.245207,-3.797545,-4.893957,-4.023715,-4.460835,-3.284865
Ptri_FHT1_AGJ03151.1	Ptri_FHT1_AGJ03151.1	acceptor_superclass::Fatty Acids and Conjugates;acceptor_superclass::Fatty acyls	acceptor_superclass::Fatty Acids and Conjugates;acceptor_superclass::Fatty acyls	0,0,0,1,1,0,0,0,0,0,0,0,0,0,0,0,0,0,0,0,0,0,0	0,0,0,1,1,0,0,0,0,0,0,0,0,0,0,0,0,0,0,0,0,0,0	-4.380768,-3.857882,-2.227833,3.659619,2.800322,-3.228159,-5.665326,-3.089355,-3.896355,-2.381926,-4.239469,-3.812174,-3.811073,-1.157648,-2.458868,-1.892856,-4.081563,-3.233278,-3.924515,-3.943832,-4.875429,-4.262593,-3.567844
Ptri_HBMT1_PNT60021.1	Ptri_HBMT1_PNT60021.1	acceptor_superclass::Phenylpropanoids (C6-C3)	acceptor_superclass::Fatty acyls;acceptor_superclass::Lysine alkaloids;acceptor_superclass::Phenylethanoids (C6-C2);acceptor_superclass::Phenylpropanoids (C6-C3)	0,0,0,0,0,0,0,0,0,0,0,0,0,0,0,1,0,0,0,0,0,0,0	0,0,0,0,1,0,0,0,1,0,0,0,0,0,1,1,0,0,0,0,0,0,0	-4.948795,-2.522696,-5.704014,-3.633112,2.286700,-1.464753,-2.311267,-1.741393,1.178191,-0.498341,-4.245758,-2.836759,-3.696438,-3.327242,0.802839,1.966138,-1.503345,-2.662881,-3.178714,-3.736363,-3.891332,-4.622612,-3.828725
Ptri_HCT6_PNT52620.1	Ptri_HCT6_PNT52620.1	acceptor_superclass::Phenolic acids (C6-C1);acceptor_superclass::Small peptides	acceptor_superclass::Phenolic acids (C6-C1);acceptor_superclass::Small peptides;acceptor_superclass::Tyrosine alkaloids	0,0,0,0,0,0,0,0,0,0,0,0,0,1,0,0,0,0,1,0,0,0,0	0,0,0,0,0,0,0,0,0,0,0,0,0,1,0,0,0,0,1,0,0,0,1	-4.945786,-4.019790,-3.841891,-4.779403,-4.765918,-0.141903,-3.349749,-3.843961,-4.488374,-2.113570,-3.880160,-2.123698,-3.186824,3.142639,-2.208028,-0.463474,-3.705196,-4.495401,1.458059,-3.581997,-0.585752,-1.701415,1.799624
Ptri_HBMT1_PNT60021.1	Ptri_PHBMT1_AJD79571.1	acceptor_superclass::Phenylpropanoids (C6-C3)	acceptor_superclass::Fatty acyls;acceptor_superclass::Lysine alkaloids;acceptor_superclass::Phenylethanoids (C6-C2);acceptor_superclass::Phenylpropanoids (C6-C3)	0,0,0,0,0,0,0,0,0,0,0,0,0,0,0,1,0,0,0,0,0,0,0	0,0,0,0,1,0,0,0,1,0,0,0,0,0,1,1,0,0,0,0,0,0,0	-4.948795,-2.522696,-5.704014,-3.633112,2.286700,-1.464753,-2.311267,-1.741393,1.178191,-0.498341,-4.245758,-2.836759,-3.696438,-3.327242,0.802839,1.966138,-1.503345,-2.662881,-3.178714,-3.736363,-3.891332,-4.622612,-3.828725
Ptri_SABT_AJD25144.1	Ptri_SABT_AJD25144.1	acceptor_superclass::Phenylpropanoids (C6-C3)	acceptor_superclass::Fatty acyls;acceptor_superclass::Lysine alkaloids;acceptor_superclass::Monoterpenoids;acceptor_superclass::Phenylethanoids (C6-C2);acceptor_superclass::Phenylpropanoids (C6-C3)	0,0,0,0,0,0,0,0,0,0,0,0,0,0,0,1,0,0,0,0,0,0,0	0,0,0,0,1,0,0,0,1,1,0,0,0,0,1,1,0,0,0,0,0,0,0	-4.333958,-3.221637,-3.831423,-3.063397,2.173646,-1.958505,-4.872192,-1.608556,0.914440,1.092315,-4.427098,-3.087771,-3.940155,-3.880690,1.339976,0.752648,-1.253724,-3.970851,-4.084768,-5.018550,-3.499831,-4.042714,-4.083415
Pvir_FMT_KAG2630178.1	Pvir_FMT_KAG2630178.1	acceptor_superclass::Phenylpropanoids (C6-C3)	acceptor_superclass::Ornithine alkaloids;acceptor_superclass::Steroids;acceptor_superclass::Tryptophan alkaloids;acceptor_superclass::Tyrosine alkaloids	0,0,0,0,0,0,0,0,0,0,0,0,0,0,0,1,0,0,0,0,0,0,0	0,0,0,0,0,0,0,0,0,0,0,1,0,0,0,0,0,0,0,1,0,1,1	-2.708125,-2.503947,-1.340190,-3.552962,-5.865653,-1.181814,-1.364884,-3.233991,-4.758238,-3.238480,-0.256255,0.510739,-2.069541,-1.556670,-4.063045,-0.929712,-2.882258,-3.786345,-1.857531,0.741290,-4.605999,2.531245,3.228113
Pvir_HCT1a_BAO20883.1	Pvir_HCT1a_BAO20883.1	acceptor_superclass::Phenolic acids (C6-C1)	acceptor_superclass::Phenolic acids (C6-C1);acceptor_superclass::Small peptides	0,0,0,0,0,0,0,0,0,0,0,0,0,1,0,0,0,0,0,0,0,0,0	0,0,0,0,0,0,0,0,0,0,0,0,0,1,0,0,0,0,1,0,0,0,0	-5.009310,-4.977085,-3.565531,-3.925464,-5.295640,-0.570812,-4.230569,-2.947552,-4.214706,-2.270291,-5.438880,-2.212416,-4.752069,3.221475,-3.560718,-2.058922,-2.671108,-4.516818,0.722193,-4.868226,-1.719145,-2.802751,-1.071057
Pvir_HCT2a_AGM90558.1	Pvir_HCT2a_AGM90558.1	acceptor_superclass::Phenolic acids (C6-C1);acceptor_superclass::Phenylpropanoids (C6-C3);acceptor_superclass::Small peptides	acceptor_superclass::Phenolic acids (C6-C1);acceptor_superclass::Phenylethanoids (C6-C2);acceptor_superclass::Phenylpropanoids (C6-C3);acceptor_superclass::Small peptides;acceptor_superclass::Tyrosine alkaloids	0,0,0,0,0,0,0,0,0,0,0,0,0,1,0,1,0,0,1,0,0,0,0	0,0,0,0,0,0,0,0,0,0,0,0,0,1,1,1,0,0,1,0,0,0,1	-4.845221,-4.594228,-4.159281,-0.845175,-3.424618,-1.375070,-4.780527,-3.903397,-4.130819,-1.289069,-4.887738,-1.657934,-4.443600,1.965724,0.609340,0.050439,-4.039532,-4.672819,1.569633,-3.958184,-0.543311,-4.179585,0.764720
Pvir_PMT_KAG2616253.1	Pvir_PMT_KAG2616253.1	acceptor_superclass::Phenylpropanoids (C6-C3)	acceptor_superclass::Fatty acyls;acceptor_superclass::Saccharides	0,0,0,0,0,0,0,0,0,0,0,0,0,0,0,1,0,0,0,0,0,0,0	0,0,0,0,1,0,0,0,0,0,0,0,0,0,0,0,0,1,0,0,0,0,0	-3.218696,-2.246348,-0.490561,-2.278858,0.258445,-1.294729,-2.672188,-2.839876,-3.027135,-3.172003,-0.309883,-6.595319,-2.635880,-5.255641,-2.548335,-1.710962,-5.508187,3.668913,-4.224607,-2.710150,-3.733460,-1.029123,-2.116218
Pvul_HHHT_AOX15526.1	Pvul_HHHT_AOX15526.1	acceptor_superclass::Fatty Acids and Conjugates	acceptor_superclass::Phenolic acids (C6-C1);acceptor_superclass::Phenylethanoids (C6-C2);acceptor_superclass::Phenylpropanoids (C6-C3);acceptor_superclass::Small peptides;acceptor_superclass::Tyrosine alkaloids	0,0,0,1,0,0,0,0,0,0,0,0,0,0,0,0,0,0,0,0,0,0,0	0,0,0,0,0,0,0,0,0,0,0,0,0,1,1,1,0,0,1,0,0,0,1	-4.703664,-4.626679,-4.200677,-0.793430,-3.582971,-1.251086,-4.736490,-3.958463,-4.166824,-1.268831,-4.797248,-1.633496,-4.195145,1.991015,0.555539,0.018694,-3.995414,-4.653763,1.595453,-3.987185,-0.598510,-4.214077,0.835291
Rcan_SHT_QNO39111.1	Rcan_SHT_QNO39111.1	acceptor_superclass::Ornithine alkaloids	acceptor_superclass::Flavonoids;acceptor_superclass::Monoterpenoids;acceptor_superclass::Phenylpropanoids (C6-C3)	0,0,0,0,0,0,0,0,0,0,0,1,0,0,0,0,0,0,0,0,0,0,0	0,0,0,0,0,1,0,0,0,1,0,0,0,0,0,1,0,0,0,0,0,0,0	-3.040781,-1.938734,-4.639163,-2.956119,-0.370673,1.724310,-1.226244,-4.967352,-3.446563,0.997156,-2.946656,-3.421865,-2.534669,-2.794316,-1.695421,0.353971,-3.849426,-4.370627,-4.015688,-3.819839,-0.103669,-3.574348,-3.103917
Rcom_SHT_QNO39108.1	Rcom_SHT_QNO39108.1	acceptor_superclass::Ornithine alkaloids	acceptor_superclass::Lignans;acceptor_superclass::Phenolic acids (C6-C1);acceptor_superclass::Phenylethanoids (C6-C2);acceptor_superclass::Small peptides;acceptor_superclass::Tyrosine alkaloids	0,0,0,0,0,0,0,0,0,0,0,1,0,0,0,0,0,0,0,0,0,0,0	0,0,0,0,0,0,0,1,0,0,0,0,0,1,1,0,0,0,1,0,0,0,1	-2.052057,-3.330987,-2.248922,-0.261385,-3.167747,-2.801997,-2.704555,0.332871,-4.495758,-3.301810,-1.484139,-1.636197,-1.834158,1.372012,0.115073,-2.322947,-3.762971,-0.384940,4.166458,-1.320552,-3.355948,-0.977715,1.112813
Rglu_AT1_WEX29776.1	Rglu_AT1_WEX29776.1	acceptor_superclass::Phenylethanoids (C6-C2)	acceptor_superclass::Phenolic acids (C6-C1);acceptor_superclass::Phenylethanoids (C6-C2);acceptor_superclass::Phenylpropanoids (C6-C3);acceptor_superclass::Small peptides	0,0,0,0,0,0,0,0,0,0,0,0,0,0,1,0,0,0,0,0,0,0,0	0,0,0,0,0,0,0,0,0,0,0,0,0,1,1,1,0,0,1,0,0,0,0	-4.805879,-3.497991,-5.245523,-3.555230,-3.298057,-2.776513,-5.156972,-3.895382,-3.928471,-1.480574,-4.289184,-2.685615,-4.109484,1.877760,1.614959,0.673127,-3.662336,-2.910492,1.846387,-4.255378,-0.771109,-3.270685,-2.883921
Rhyb_AAT1_AAW31948.1	Rhyb_AAT1_AAW31948.1	acceptor_superclass::Fatty acyls;acceptor_superclass::Monoterpenoids;acceptor_superclass::Phenylethanoids (C6-C2)	acceptor_superclass::Cyclic polyketides;acceptor_superclass::Fatty acyls;acceptor_superclass::Monoterpenoids;acceptor_superclass::Phenylethanoids (C6-C2);acceptor_superclass::Triterpenoids	0,0,0,0,1,0,0,0,0,1,0,0,0,0,1,0,0,0,0,0,0,0,0	0,1,0,0,1,0,0,0,0,1,0,0,0,0,1,0,0,0,0,0,1,0,0	-2.791535,2.328496,-4.060945,-4.339038,1.082170,-1.093650,-3.884062,-2.136063,-2.618766,0.322423,-3.251185,-4.407690,-2.687778,-4.353859,2.108131,-0.032597,-3.249592,-4.089811,-2.870403,-3.150610,1.817104,-2.844246,-4.360132
Rser_VS_CAD89104.2	Rser_ACT_CAD89104.2	acceptor_superclass::Tryptophan alkaloids	acceptor_superclass::Diterpenoids;acceptor_superclass::Tryptophan alkaloids	0,0,0,0,0,0,0,0,0,0,0,0,0,0,0,0,0,0,0,0,0,1,0	0,0,1,0,0,0,0,0,0,0,0,0,0,0,0,0,0,0,0,0,0,1,0	-3.469439,-3.863408,1.274476,-4.052658,-5.013587,-1.823506,-3.921288,-3.433860,-4.400961,-2.896494,-2.294042,-3.594656,-3.885162,-3.640043,-4.772453,-3.315234,-3.558049,-0.394233,-3.203033,-2.916985,-0.184990,4.602822,-2.353200
Rser_VS_CAD89104.2	Rser_VS_CAD89104.2	acceptor_superclass::Tryptophan alkaloids	acceptor_superclass::Triterpenoids;acceptor_superclass::Tryptophan alkaloids	0,0,0,0,0,0,0,0,0,0,0,0,0,0,0,0,0,0,0,0,0,1,0	0,0,0,0,0,0,0,0,0,0,0,0,0,0,0,0,0,0,0,0,1,1,0	-4.399714,-3.463628,-2.338862,-3.636645,-4.423330,-3.563045,-5.007418,-4.101460,-3.998132,-0.914423,-2.301576,-2.333414,-4.069527,-4.379523,-4.540101,-4.009606,-3.220767,-1.665242,-2.391820,-2.659072,0.366633,3.542326,-2.538010
Rser_YAT_PQ801655	Rser_YAT_PQ801655	acceptor_superclass::Tryptophan alkaloids	acceptor_superclass::Monoterpenoids;acceptor_superclass::Saccharides;acceptor_superclass::Triterpenoids	0,0,0,0,0,0,0,0,0,0,0,0,0,0,0,0,0,0,0,0,0,1,0	0,0,0,0,0,0,0,0,0,1,0,0,0,0,0,0,0,1,0,0,1,0,0	-4.917209,-3.726128,-4.640845,-3.694648,-3.197379,-1.497972,-4.347285,-3.300688,-3.603698,0.277760,-5.026085,-3.713982,-4.548001,-4.328961,-4.273288,-2.021352,-3.618991,0.953781,-3.645995,-4.649676,0.152818,-2.165859,-3.273679
Sbic_COSY_OQU75851.1	Sbic_COSY_OQU75851.1		acceptor_superclass::Cyclic polyketides;acceptor_superclass::Fatty acyls;acceptor_superclass::Lysine alkaloids;acceptor_superclass::Monoterpenoids;acceptor_superclass::Phenylethanoids (C6-C2);acceptor_superclass::Phenylpropanoids (C6-C3)	0,0,0,0,0,0,0,0,0,0,0,0,0,0,0,0,0,0,0,0,0,0,0	0,1,0,0,1,0,0,0,1,1,0,0,0,0,1,1,0,0,0,0,0,0,0	-3.393098,0.421799,-3.888890,-2.401565,3.613098,-1.967276,-3.800231,-2.523109,1.543983,2.430241,-4.578814,-3.443055,-3.545661,-3.046920,2.348569,3.159038,-2.288072,-2.617055,-3.404854,-4.139670,-4.274901,-4.319095,-2.950710
Sbic_FMT_EES15804.1	Sbic_FMT_EES15804.1	acceptor_superclass::Phenylpropanoids (C6-C3)	acceptor_superclass::Naphthalenes;acceptor_superclass::Phenylpropanoids (C6-C3)	0,0,0,0,0,0,0,0,0,0,0,0,0,0,0,1,0,0,0,0,0,0,0	0,0,0,0,0,0,0,0,0,0,1,0,0,0,0,1,0,0,0,0,0,0,0	-4.544872,-3.831968,-0.644136,-3.896226,-0.992188,-4.256554,-4.416420,-4.431709,-4.707356,-4.828647,0.056599,-5.087068,-4.193135,-3.106209,-0.711928,0.559447,-5.591483,-3.943976,-3.826795,-5.078275,-5.252120,-0.766218,-0.109722
Sbic_HCT_EES05411.1	Sbic_HCT_EES05411.1	acceptor_superclass::Phenolic acids (C6-C1)	acceptor_superclass::Phenolic acids (C6-C1);acceptor_superclass::Phenylethanoids (C6-C2);acceptor_superclass::Phenylpropanoids (C6-C3);acceptor_superclass::Small peptides;acceptor_superclass::Tyrosine alkaloids	0,0,0,0,0,0,0,0,0,0,0,0,0,1,0,0,0,0,0,0,0,0,0	0,0,0,0,0,0,0,0,0,0,0,0,0,1,1,1,0,0,1,0,0,0,1	-4.882401,-4.583466,-4.149866,-0.859385,-3.378070,-1.408981,-4.793272,-3.890309,-4.119577,-1.289765,-4.918534,-1.650156,-4.503463,1.967091,0.614257,0.066376,-4.026716,-4.675006,1.554575,-3.972572,-0.541422,-4.188411,0.732470
Sbic_PMT_EES17668.1	Sbic_PMT_EES17668.1	acceptor_superclass::Phenylpropanoids (C6-C3)	acceptor_superclass::Ornithine alkaloids;acceptor_superclass::Tryptophan alkaloids;acceptor_superclass::Tyrosine alkaloids	0,0,0,0,0,0,0,0,0,0,0,0,0,0,0,1,0,0,0,0,0,0,0	0,0,0,0,0,0,0,0,0,0,0,1,0,0,0,0,0,0,0,0,0,1,1	-4.195128,-4.707896,-4.509166,-1.787164,-3.779847,-1.811909,-4.411623,-3.456619,-4.065044,-3.837390,-4.733456,0.297225,-3.755886,-0.759491,-3.186781,-2.671837,-1.627046,-5.359427,-2.550117,-2.129602,-3.827061,0.712119,1.204829
Sche_AAT10422_BCJ78482.1	Sche_AAT10422_BCJ78482.1	acceptor_superclass::Fatty acyls	acceptor_superclass::Diterpenoids;acceptor_superclass::Fatty acyls;acceptor_superclass::Monoterpenoids;acceptor_superclass::Phenylethanoids (C6-C2);acceptor_superclass::Phenylpropanoids (C6-C3)	0,0,0,0,1,0,0,0,0,0,0,0,0,0,0,0,0,0,0,0,0,0,0	0,0,1,0,1,0,0,0,0,1,0,0,0,0,1,1,0,0,0,0,0,0,0	-3.768319,-1.937832,0.932923,-3.081786,2.669967,-4.260262,-5.113124,-1.886898,-2.051562,0.836101,-2.188342,-3.515053,-5.207959,-4.403887,1.687040,0.430497,-2.700142,-3.203712,-3.200668,-4.258839,-3.194732,-2.481098,-3.601645
Schi_CFAT_URQ03862.1	Schi_CFAT_URQ03862.1	acceptor_superclass::Lignans;acceptor_superclass::Phenylpropanoids (C6-C3)	acceptor_superclass::Fatty acyls;acceptor_superclass::Lysine alkaloids;acceptor_superclass::Monoterpenoids;acceptor_superclass::Phenylethanoids (C6-C2);acceptor_superclass::Phenylpropanoids (C6-C3)	0,0,0,0,0,0,0,1,0,0,0,0,0,0,0,1,0,0,0,0,0,0,0	0,0,0,0,1,0,0,0,1,1,0,0,0,0,1,1,0,0,0,0,0,0,0	-4.057536,-2.147239,-2.921069,-2.474297,2.899991,-2.960370,-5.603598,-3.345263,0.166811,2.346855,-5.717060,-1.345290,-4.053046,-3.899302,0.719642,1.469384,-0.214023,-3.075059,-4.457997,-4.673151,-4.340146,-3.175945,-3.253686
Schm_AAT11306_BCJ78485.1	Schm_AAT11306_BCJ78485.1	acceptor_superclass::Fatty acyls	acceptor_superclass::Fatty acyls;acceptor_superclass::Phenylethanoids (C6-C2)	0,0,0,0,1,0,0,0,0,0,0,0,0,0,0,0,0,0,0,0,0,0,0	0,0,0,0,1,0,0,0,0,0,0,0,0,0,1,0,0,0,0,0,0,0,0	-3.882751,-4.054510,-2.771625,-2.976473,2.967696,-3.018301,-5.296857,-3.919783,-3.930342,-0.920895,-3.306505,-4.642538,-3.714217,-4.099824,1.060826,-0.612437,-4.146835,-4.253224,-5.048650,-4.196967,-5.420366,-3.862586,-4.352161
Scru_3MAT_AAO38058	Scru_3MAT_AAO38058		acceptor_superclass::Flavonoids;acceptor_superclass::Phenylpropanoids (C6-C3)	0,0,0,0,0,0,0,0,0,0,0,0,0,0,0,0,0,0,0,0,0,0,0	0,0,0,0,0,1,0,0,0,0,0,0,0,0,0,1,0,0,0,0,0,0,0	-4.328075,-4.209612,-5.945909,-3.666496,-0.052649,0.836861,-1.587128,-3.755061,-1.793348,-2.967257,-4.466564,-6.095344,-4.170973,-1.610305,-0.225846,1.748983,-5.069503,-3.572724,-3.818720,-4.298671,-5.271788,-3.853990,-3.558732
Sfal_HFT-like_KAH8954438.1	Sfal_HFT-like_KAH8954438.1	acceptor_superclass::Fatty Acids and Conjugates;acceptor_superclass::Fatty acyls	acceptor_superclass::Fatty Acids and Conjugates;acceptor_superclass::Phenolic acids (C6-C1)	0,0,0,1,1,0,0,0,0,0,0,0,0,0,0,0,0,0,0,0,0,0,0	0,0,0,1,0,0,0,0,0,0,0,0,0,1,0,0,0,0,0,0,0,0,0	-4.402601,-3.495211,-2.087538,1.580736,-0.945307,-4.005088,-3.997155,-3.162520,-4.045036,-4.792210,-3.397672,-2.931024,-3.310835,0.847171,-3.034533,-1.771690,-2.213625,-3.490729,-2.985049,-3.800960,-4.143839,-4.287260,-1.406841
Sgal_AAT10483_BCJ78483.1	Sgal_AAT10483_BCJ78483.1	acceptor_superclass::Fatty acyls	acceptor_superclass::Fatty acyls;acceptor_superclass::Monoterpenoids	0,0,0,0,1,0,0,0,0,0,0,0,0,0,0,0,0,0,0,0,0,0,0	0,0,0,0,1,0,0,0,0,1,0,0,0,0,0,0,0,0,0,0,0,0,0	-4.743427,-3.496888,-1.202793,-3.293998,3.224530,-3.742507,-3.926821,-2.010474,-2.113751,0.452527,-2.963319,-3.638065,-4.651735,-3.203881,-2.683371,-0.420066,-2.196064,-2.016049,-3.975778,-3.728947,-2.861909,-3.765170,-3.760317
Sgla_HQT1_WYJ75404.1	Sgla_HQT1_WYJ75404.1	acceptor_superclass::Phenolic acids (C6-C1);acceptor_superclass::Small peptides	acceptor_superclass::Phenolic acids (C6-C1);acceptor_superclass::Small peptides;acceptor_superclass::Tyrosine alkaloids	0,0,0,0,0,0,0,0,0,0,0,0,0,1,0,0,0,0,1,0,0,0,0	0,0,0,0,0,0,0,0,0,0,0,0,0,1,0,0,0,0,1,0,0,0,1	-5.154541,-3.998296,-3.795640,-4.368656,-4.156919,-0.392502,-3.476098,-3.396110,-4.366700,-1.337115,-4.342898,-2.708533,-4.247346,2.750293,-1.423171,-0.026319,-4.411665,-3.905600,1.250687,-3.886562,-0.253310,-1.204407,1.821938
Sgla_HQT2_WYJ75406.1	Sgla_HQT2_WYJ75406.1	acceptor_superclass::Phenolic acids (C6-C1)	acceptor_superclass::Phenolic acids (C6-C1)	0,0,0,0,0,0,0,0,0,0,0,0,0,1,0,0,0,0,0,0,0,0,0	0,0,0,0,0,0,0,0,0,0,0,0,0,1,0,0,0,0,0,0,0,0,0	-4.163545,-3.120955,-3.394959,-2.547732,-2.610093,-1.786195,-3.090659,-1.533971,-4.497003,-4.394691,-3.339641,-3.479453,-3.484092,3.663789,-3.881499,-2.145165,-2.467139,-1.996933,-1.606642,-1.671690,-3.982713,-4.333663,-3.258355
Sgla_HST_WYJ75403.1	Sgla_HST_WYJ75403.1	acceptor_superclass::Phenolic acids (C6-C1);acceptor_superclass::Small peptides	acceptor_superclass::Phenolic acids (C6-C1);acceptor_superclass::Phenylpropanoids (C6-C3)	0,0,0,0,0,0,0,0,0,0,0,0,0,1,0,0,0,0,1,0,0,0,0	0,0,0,0,0,0,0,0,0,0,0,0,0,1,0,1,0,0,0,0,0,0,0	-4.971854,-5.115498,-4.334649,-3.061052,-4.015465,-0.434662,-4.603079,-0.439862,-4.180695,-1.209314,-6.066944,-1.566583,-5.042729,3.235086,-4.926319,0.729452,-3.319966,-3.612823,-1.774155,-3.443035,-2.980094,-2.252710,-2.204826
Sgla_RAS_WYJ75405.1	Sgla_RAS_WYJ75405.1	acceptor_superclass::Phenolic acids (C6-C1);acceptor_superclass::Small peptides;acceptor_superclass::Tyrosine alkaloids	acceptor_superclass::Phenolic acids (C6-C1);acceptor_superclass::Phenylethanoids (C6-C2);acceptor_superclass::Phenylpropanoids (C6-C3);acceptor_superclass::Small peptides	0,0,0,0,0,0,0,0,0,0,0,0,0,1,0,0,0,0,1,0,0,0,1	0,0,0,0,0,0,0,0,0,0,0,0,0,1,1,1,0,0,1,0,0,0,0	-5.041756,-3.766687,-5.027539,-3.747326,-3.754666,-2.408448,-5.198639,-4.003627,-4.018878,-1.688014,-4.563895,-2.873067,-4.201049,1.974489,1.123934,0.513731,-3.808343,-3.217918,1.766292,-4.329776,-0.410135,-2.755384,-2.288747
Shab_AAT11777_BCJ78486.1	Shab_AAT11777_BCJ78486.1	acceptor_superclass::Fatty acyls	acceptor_superclass::Diterpenoids;acceptor_superclass::Fatty acyls;acceptor_superclass::Monoterpenoids;acceptor_superclass::Phenylethanoids (C6-C2);acceptor_superclass::Phenylpropanoids (C6-C3)	0,0,0,0,1,0,0,0,0,0,0,0,0,0,0,0,0,0,0,0,0,0,0	0,0,1,0,1,0,0,0,0,1,0,0,0,0,1,1,0,0,0,0,0,0,0	-3.785526,-1.964449,0.793762,-3.097041,2.761032,-4.027026,-4.985334,-1.950109,-1.843029,1.051110,-2.212365,-3.669410,-5.233603,-4.321980,1.829474,0.597955,-2.731618,-3.211558,-3.268921,-4.289931,-3.285197,-2.741616,-3.669955
Shab_ASAT2_ALU64009.1	Shab_ASAT2_ALU64009.1			0,0,0,0,0,0,0,0,0,0,0,0,0,0,0,0,0,0,0,0,0,0,0	0,0,0,0,0,0,0,0,0,0,0,0,0,0,0,0,0,0,0,0,0,0,0	-5.140887,-4.095289,-3.672560,-4.448211,-1.218399,-1.955461,-5.428195,-3.452185,-4.621574,-1.385041,-1.310602,-2.060371,-4.706580,-3.924734,-1.873670,-0.041619,-1.737903,-4.081887,-4.954398,-3.973464,-2.414091,-1.576661,-4.820828
Shab_ASAT3-F_AJF98584.1	Shab_ASAT3-F_AJF98584.1		acceptor_superclass::Flavonoids;acceptor_superclass::Triterpenoids	0,0,0,0,0,0,0,0,0,0,0,0,0,0,0,0,0,0,0,0,0,0,0	0,0,0,0,0,1,0,0,0,0,0,0,0,0,0,0,0,0,0,0,1,0,0	-3.835340,-3.670702,-1.919239,-4.861318,-4.509604,0.213754,-3.057420,-4.825222,-4.519593,-2.344210,-3.733279,-3.819920,-3.419461,-3.087107,-4.346293,-3.745573,-3.335130,-0.277764,-3.386413,-3.051060,0.649295,-0.441626,-2.942231
Shab_ASAT3-P_AJF98591.1	Shab_ASAT3-P_AJF98591.1		acceptor_superclass::Saccharides	0,0,0,0,0,0,0,0,0,0,0,0,0,0,0,0,0,0,0,0,0,0,0	0,0,0,0,0,0,0,0,0,0,0,0,0,0,0,0,0,1,0,0,0,0,0	-3.331399,-3.371244,-3.688667,-3.118892,-2.820593,-0.457010,-3.250235,-3.552546,-3.678597,-1.884175,-3.749382,-3.842736,-3.156750,-3.298435,-4.809155,-2.185732,-1.533205,2.305129,-4.245032,-3.122473,-3.366520,-1.826939,-3.769099
Sind_AT1_BEE35702.1	Sind_AT1_BEE35702.1	acceptor_superclass::Phenylethanoids (C6-C2)	acceptor_superclass::Phenolic acids (C6-C1);acceptor_superclass::Phenylethanoids (C6-C2);acceptor_superclass::Phenylpropanoids (C6-C3);acceptor_superclass::Small peptides;acceptor_superclass::Tyrosine alkaloids	0,0,0,0,0,0,0,0,0,0,0,0,0,0,1,0,0,0,0,0,0,0,0	0,0,0,0,0,0,0,0,0,0,0,0,0,1,1,1,0,0,1,0,0,0,1	-4.796935,-4.600079,-4.179433,-0.823203,-3.469671,-1.338022,-4.768325,-3.917805,-4.150943,-1.284197,-4.857923,-1.651435,-4.365057,1.975335,0.595528,0.039591,-4.035799,-4.668769,1.582438,-3.969915,-0.560856,-4.196953,0.780326
Sind_AT2_BEE35703.1	Sind_AT2_BEE35703.1	acceptor_superclass::Phenylethanoids (C6-C2)	acceptor_superclass::Coumarins;acceptor_superclass::Fatty Acids and Conjugates;acceptor_superclass::Flavonoids;acceptor_superclass::Monoterpenoids;acceptor_superclass::Phenanthrenoids;acceptor_superclass::Phenolic acids (C6-C1);acceptor_superclass::Phenylethanoids (C6-C2);acceptor_superclass::Phenylpropanoids (C6-C3);acceptor_superclass::Small peptides;acceptor_superclass::Tyrosine alkaloids	0,0,0,0,0,0,0,0,0,0,0,0,0,0,1,0,0,0,0,0,0,0,0	1,0,0,1,0,1,0,0,0,1,0,0,1,1,1,1,0,0,1,0,0,0,1	0.894008,-2.865684,-3.132390,1.592529,-3.632678,0.633060,-2.879337,-3.057857,-2.910993,0.365656,-0.643264,-1.593510,2.977735,1.673986,0.712252,0.057224,-2.395214,-2.507463,1.497221,-3.109737,-1.103775,-3.781273,0.959426
Sind_AT1_BEE35702.1	Sind_SHCT_XP_011083883.1	acceptor_superclass::Phenylethanoids (C6-C2)	acceptor_superclass::Phenolic acids (C6-C1);acceptor_superclass::Phenylethanoids (C6-C2);acceptor_superclass::Phenylpropanoids (C6-C3);acceptor_superclass::Small peptides;acceptor_superclass::Tyrosine alkaloids	0,0,0,0,0,0,0,0,0,0,0,0,0,0,1,0,0,0,0,0,0,0,0	0,0,0,0,0,0,0,0,0,0,0,0,0,1,1,1,0,0,1,0,0,0,1	-4.796935,-4.600079,-4.179433,-0.823203,-3.469671,-1.338022,-4.768325,-3.917805,-4.150943,-1.284197,-4.857923,-1.651435,-4.365057,1.975335,0.595528,0.039591,-4.035799,-4.668769,1.582438,-3.969915,-0.560856,-4.196953,0.780326
Slyc_AAT1_XP_004244681.1	Slyc_AAT1_XP_004244681.1	acceptor_superclass::Fatty acyls;acceptor_superclass::Phenylethanoids (C6-C2)		0,0,0,0,1,0,0,0,0,0,0,0,0,0,1,0,0,0,0,0,0,0,0	0,0,0,0,0,0,0,0,0,0,0,0,0,0,0,0,0,0,0,0,0,0,0	-4.950186,-4.763219,-2.362133,-2.680232,-2.598281,-1.737254,-1.792764,-5.324615,-4.378520,-3.858575,-2.629358,-1.398887,-5.081879,-0.633350,-5.272155,-1.379990,-2.419962,-4.328311,-4.555996,-3.277723,-4.082656,-2.339632,-0.749442
Slyc_PHT1_UTQ10234.1	Slyc_ACT2_XP_004251197.1	acceptor_superclass::Ornithine alkaloids;acceptor_superclass::Pseudoalkaloids	acceptor_superclass::Ornithine alkaloids;acceptor_superclass::Pseudoalkaloids;acceptor_superclass::Triterpenoids	0,0,0,0,0,0,0,0,0,0,0,1,0,0,0,0,1,0,0,0,0,0,0	0,0,0,0,0,0,0,0,0,0,0,1,0,0,0,0,1,0,0,0,1,0,0	-4.373332,-3.232405,-4.381179,-4.820896,-2.510776,-2.990867,-4.876760,-4.142057,-5.938523,-1.255229,-3.529896,1.810000,-4.553610,-1.590806,-3.553888,-1.784475,1.954391,-3.843100,-2.474466,-3.080399,2.419733,-1.142070,-4.643697
Slyc_ASAT1_NP_001316332.1	Slyc_ASAT1_NP_001316332.1	acceptor_superclass::Saccharides	acceptor_superclass::Monoterpenoids;acceptor_superclass::Triterpenoids	0,0,0,0,0,0,0,0,0,0,0,0,0,0,0,0,0,1,0,0,0,0,0	0,0,0,0,0,0,0,0,0,1,0,0,0,0,0,0,0,0,0,0,1,0,0	-4.981084,-3.371077,-4.966342,-4.100054,-2.916143,-1.614880,-4.449437,-3.032231,-3.717305,0.796466,-5.765138,-3.324348,-4.177751,-4.134225,-3.639125,-2.168239,-2.832087,-0.512533,-3.745247,-4.396557,0.759884,-3.023481,-4.004924
Slyc_ASAT2_ALU64015.1	Slyc_ASAT2_ALU64015.1		acceptor_superclass::Flavonoids;acceptor_superclass::Phenylpropanoids (C6-C3)	0,0,0,0,0,0,0,0,0,0,0,0,0,0,0,0,0,0,0,0,0,0,0	0,0,0,0,0,1,0,0,0,0,0,0,0,0,0,1,0,0,0,0,0,0,0	-4.394425,-5.404303,-3.794176,-3.772134,-0.089104,0.007774,-5.044873,-3.941107,-3.710979,-1.843627,-4.038433,-2.365008,-4.681783,-4.509577,-1.789526,1.121377,-3.039613,-5.004885,-5.665583,-5.512828,-5.367476,-2.062343,-2.768734
Slyc_ASAT3_AJF98582.1	Slyc_ASAT3_AJF98582.1			0,0,0,0,0,0,0,0,0,0,0,0,0,0,0,0,0,0,0,0,0,0,0	0,0,0,0,0,0,0,0,0,0,0,0,0,0,0,0,0,0,0,0,0,0,0	-4.333182,-3.551152,-0.979892,-3.760513,-5.166364,-1.531551,-2.687475,-5.024931,-5.296845,-3.740302,-1.564578,-3.242600,-3.329458,-1.196848,-5.747974,-3.294796,-3.719012,-1.297258,-2.947171,-2.507767,-1.009739,-1.132600,-1.078667
Slyc_ASAT4_AFM77971.1	Slyc_ASAT4_AFM77971.1		acceptor_superclass::Monoterpenoids;acceptor_superclass::Phenylpropanoids (C6-C3);acceptor_superclass::Pseudoalkaloids	0,0,0,0,0,0,0,0,0,0,0,0,0,0,0,0,0,0,0,0,0,0,0	0,0,0,0,0,0,0,0,0,1,0,0,0,0,0,1,1,0,0,0,0,0,0	-4.552453,-3.467536,-1.012470,-6.038331,-1.422903,-1.689320,-5.496730,-3.947096,-1.857836,0.273096,-3.949191,-1.530053,-5.661633,-3.829939,-1.043009,0.226476,0.878606,-3.931113,-4.148431,-5.439145,-2.579514,-4.109654,-4.741821
Slyc_GAME36_XP_004246214.1	Slyc_GAME36_XP_004246214.1	acceptor_superclass::Pseudoalkaloids		0,0,0,0,0,0,0,0,0,0,0,0,0,0,0,0,1,0,0,0,0,0,0	0,0,0,0,0,0,0,0,0,0,0,0,0,0,0,0,0,0,0,0,0,0,0	-5.342469,-4.076950,-4.442655,-2.620120,-1.881152,-4.335131,-6.660516,-3.735210,-5.752711,-0.630346,-5.919772,-2.741630,-4.874517,-3.855956,-2.288919,-0.700947,-3.535309,-3.394889,-2.977343,-4.552177,-1.861874,-0.073957,-2.421850
Slyc_HCT_XP_004235891.1	Slyc_HCT_XP_004235891.1	acceptor_superclass::Flavonoids;acceptor_superclass::Monoterpenoids;acceptor_superclass::Phenolic acids (C6-C1);acceptor_superclass::Triterpenoids;acceptor_superclass::Tyrosine alkaloids	acceptor_superclass::Fatty Acids and Conjugates;acceptor_superclass::Phenolic acids (C6-C1);acceptor_superclass::Phenylpropanoids (C6-C3);acceptor_superclass::Small peptides;acceptor_superclass::Tyrosine alkaloids	0,0,0,0,0,1,0,0,0,1,0,0,0,1,0,0,0,0,0,0,1,0,1	0,0,0,1,0,0,0,0,0,0,0,0,0,1,0,1,0,0,1,0,0,0,1	-5.824975,-4.416287,-5.157227,0.322869,-3.529279,-1.410908,-4.487596,-3.447911,-4.620675,-4.022758,-5.120517,-4.329646,-5.244103,2.987427,-1.414776,0.077339,-4.921013,-3.363919,1.688786,-5.048657,-4.825411,-2.623334,0.708312
Slyc_HQT_CAE46933.1	Slyc_HQT_CAE46933.1	acceptor_superclass::Phenolic acids (C6-C1);acceptor_superclass::Phenylpropanoids (C6-C3)	acceptor_superclass::Lignans;acceptor_superclass::Phenolic acids (C6-C1)	0,0,0,0,0,0,0,0,0,0,0,0,0,1,0,1,0,0,0,0,0,0,0	0,0,0,0,0,0,0,1,0,0,0,0,0,1,0,0,0,0,0,0,0,0,0	-4.314718,-2.775461,-4.132938,-2.849143,-1.314423,-1.075937,-2.326869,1.296894,-3.534460,-2.021724,-3.679483,-5.288360,-3.385609,3.096282,-3.094575,-0.188791,-3.683866,-0.322212,-0.385734,-1.611799,-2.933334,-4.564450,-5.002188
Slyc_PHT1_UTQ10234.1	Slyc_PHT1_UTQ10234.1	acceptor_superclass::Ornithine alkaloids;acceptor_superclass::Pseudoalkaloids	acceptor_superclass::Ornithine alkaloids;acceptor_superclass::Pseudoalkaloids	0,0,0,0,0,0,0,0,0,0,0,1,0,0,0,0,1,0,0,0,0,0,0	0,0,0,0,0,0,0,0,0,0,0,1,0,0,0,0,1,0,0,0,0,0,0	-3.834175,-4.394540,-1.744974,-3.713003,-4.290871,-2.776044,-4.210685,-3.526201,-3.124768,-2.902493,-4.063318,3.651650,-3.920348,-1.963919,-4.294326,-3.561223,3.533562,-2.957279,-2.907409,-3.642776,-0.032723,-1.155695,-3.239857
Slyc_PHT2_UTQ10235.1	Slyc_PHT2_UTQ10235.1	acceptor_superclass::Ornithine alkaloids;acceptor_superclass::Pseudoalkaloids	acceptor_superclass::Ornithine alkaloids;acceptor_superclass::Pseudoalkaloids;acceptor_superclass::Triterpenoids	0,0,0,0,0,0,0,0,0,0,0,1,0,0,0,0,1,0,0,0,0,0,0	0,0,0,0,0,0,0,0,0,0,0,1,0,0,0,0,1,0,0,0,1,0,0	-3.589270,-5.775363,-2.511454,-4.264527,-4.128785,-2.177683,-4.164005,-4.122157,-4.443379,-2.595759,-4.458808,1.249386,-4.844485,-1.471684,-4.326911,-3.108282,0.836264,-5.646497,-2.900178,-4.328987,1.706199,-2.337369,-5.052351
Slyc_SHT_QNO39109.1	Slyc_SHT_QNO39109.1	acceptor_superclass::Ornithine alkaloids	acceptor_superclass::Coumarins;acceptor_superclass::Fatty Acids and Conjugates;acceptor_superclass::Flavonoids;acceptor_superclass::Naphthalenes;acceptor_superclass::Ornithine alkaloids;acceptor_superclass::Phenanthrenoids;acceptor_superclass::Phenolic acids (C6-C1);acceptor_superclass::Pseudoalkaloids;acceptor_superclass::Steroids	0,0,0,0,0,0,0,0,0,0,0,1,0,0,0,0,0,0,0,0,0,0,0	1,0,0,1,0,1,0,0,0,0,1,1,1,1,0,0,1,0,0,1,0,0,0	3.237848,-0.843243,-0.980329,0.579348,-2.102611,2.527053,-1.405335,-1.196786,-1.160324,-0.851068,1.060254,1.181022,3.316799,0.352910,-1.772672,-4.244776,2.537958,-1.174101,-0.530058,2.743314,-0.236123,-2.536742,-2.580575
Smel_SHT_AKP24035.1	Smel_SHT_AKP24035.1	acceptor_superclass::Ornithine alkaloids	acceptor_superclass::Ornithine alkaloids	0,0,0,0,0,0,0,0,0,0,0,1,0,0,0,0,0,0,0,0,0,0,0	0,0,0,0,0,0,0,0,0,0,0,1,0,0,0,0,0,0,0,0,0,0,0	-2.271775,-3.981901,-1.227742,-3.305465,-7.993417,-1.095157,-3.718814,-3.695516,-4.440933,-4.283265,-0.106926,2.267389,-2.916618,-3.478383,-2.932801,-1.563734,-0.113718,-2.834188,-1.704353,-2.881637,-1.024077,-0.029646,-0.876069
Smoe_HCT1a_XP_002979061.1	Smoe_HCT1a_XP_002979061.1	acceptor_superclass::Flavonoids;acceptor_superclass::Phenolic acids (C6-C1);acceptor_superclass::Small peptides	acceptor_superclass::Ornithine alkaloids;acceptor_superclass::Phenolic acids (C6-C1);acceptor_superclass::Pseudoalkaloids	0,0,0,0,0,1,0,0,0,0,0,0,0,1,0,0,0,0,1,0,0,0,0	0,0,0,0,0,0,0,0,0,0,0,1,0,1,0,0,1,0,0,0,0,0,0	-1.860948,-3.449500,-2.789979,-0.092478,-4.081669,-2.165954,-3.686540,-5.003354,-4.557955,-5.154850,-3.168346,2.713926,-1.120102,0.387758,-1.703131,-3.959666,1.933828,-3.563433,-1.074850,-1.712418,-3.877164,-2.281747,-0.799737
Sneo_AAT10247_BCJ78484.1	Sneo_AAT10247_BCJ78484.1	acceptor_superclass::Fatty acyls	acceptor_superclass::Diterpenoids;acceptor_superclass::Fatty acyls;acceptor_superclass::Monoterpenoids;acceptor_superclass::Phenylethanoids (C6-C2);acceptor_superclass::Phenylpropanoids (C6-C3)	0,0,0,0,1,0,0,0,0,0,0,0,0,0,0,0,0,0,0,0,0,0,0	0,0,1,0,1,0,0,0,0,1,0,0,0,0,1,1,0,0,0,0,0,0,0	-3.677279,-2.220112,0.831259,-3.109320,2.252566,-4.231153,-4.933685,-2.047708,-1.852420,0.610875,-1.539069,-3.772302,-5.082370,-4.240962,1.495884,0.689870,-2.803200,-2.944304,-3.311020,-4.443762,-3.408036,-2.782903,-3.527465
Snig_AGAT1_WES72146.1	Snig_AGAT1_WES72146.1		acceptor_superclass::Diterpenoids;acceptor_superclass::Triterpenoids;acceptor_superclass::Tryptophan alkaloids	0,0,0,0,0,0,0,0,0,0,0,0,0,0,0,0,0,0,0,0,0,0,0	0,0,1,0,0,0,0,0,0,0,0,0,0,0,0,0,0,0,0,0,1,1,0	-3.572889,-4.178078,2.502282,-3.769389,-4.450037,-1.583074,-3.705061,-2.833292,-3.534686,-3.226054,-2.847094,-2.858202,-3.686608,-1.574582,-5.247442,-3.622272,-3.116967,-1.720921,-2.785174,-3.016366,1.725279,2.482506,-3.971911
Snig_ASAT1_ART34015.1	Snig_ASAT1_ART34015.1	acceptor_superclass::Saccharides	acceptor_superclass::Saccharides	0,0,0,0,0,0,0,0,0,0,0,0,0,0,0,0,0,1,0,0,0,0,0	0,0,0,0,0,0,0,0,0,0,0,0,0,0,0,0,0,1,0,0,0,0,0	-3.766545,-2.271889,-0.685048,-2.827831,-0.323910,-1.519591,-2.108209,-2.994237,-3.513380,-3.547247,-0.776222,-5.939307,-3.130221,-5.189346,-2.672869,-1.405810,-6.221948,2.827935,-4.217695,-3.138566,-4.423529,-1.138892,-2.922364
Snig_ASAT2_WES72145.1	Snig_ASAT2_WES72145.1		acceptor_superclass::Naphthalenes	0,0,0,0,0,0,0,0,0,0,0,0,0,0,0,0,0,0,0,0,0,0,0	0,0,0,0,0,0,0,0,0,0,1,0,0,0,0,0,0,0,0,0,0,0,0	-3.970274,-4.894979,-1.647080,-5.626797,-1.100104,-4.738119,-4.347719,-4.391773,-4.300346,-4.730720,1.917652,-4.166172,-4.608914,-4.208642,-2.542473,-0.747912,-4.042597,-4.067355,-4.838105,-3.976414,-2.770790,-1.572411,-2.364410
Snux_AT_UQZ09626.1	Snux_AT_UQZ09626.1	acceptor_superclass::Tryptophan alkaloids	acceptor_superclass::Diterpenoids;acceptor_superclass::Lysine alkaloids;acceptor_superclass::Tryptophan alkaloids	0,0,0,0,0,0,0,0,0,0,0,0,0,0,0,0,0,0,0,0,0,1,0	0,0,1,0,0,0,0,0,1,0,0,0,0,0,0,0,0,0,0,0,0,1,0	-3.945187,-5.382808,0.248672,-2.648009,-3.027488,-2.025422,-4.149255,-2.284839,1.159669,-4.291229,-3.803815,-2.965456,-3.964108,-3.281840,-3.298173,-0.626913,-2.208954,-1.648196,-4.460640,-3.930401,-2.972683,2.068506,-1.596596
Soff_AAT1_BDW80084.1	Soff_AAT1_BDW80084.1	acceptor_superclass::Naphthalenes	acceptor_superclass::Naphthalenes;acceptor_superclass::Steroids;acceptor_superclass::Tryptophan alkaloids;acceptor_superclass::Tyrosine alkaloids	0,0,0,0,0,0,0,0,0,0,1,0,0,0,0,0,0,0,0,0,0,0,0	0,0,0,0,0,0,0,0,0,0,1,0,0,0,0,0,0,0,0,1,0,1,1	-2.914467,-2.395015,-1.397314,-3.738916,-5.364592,-1.455500,-0.739349,-3.606351,-4.614490,-3.429239,2.420349,-1.407479,-1.854801,-1.782812,-5.226961,-1.252910,-3.404388,-2.711376,-3.493544,1.570876,-3.210440,1.648893,2.403449
Sole_SOAP10_KNA12459.1	Sole_SOAP10_KNA12459.1	acceptor_superclass::Triterpenoids	acceptor_superclass::Flavonoids;acceptor_superclass::Isoflavonoids;acceptor_superclass::Ornithine alkaloids	0,0,0,0,0,0,0,0,0,0,0,0,0,0,0,0,0,0,0,0,1,0,0	0,0,0,0,0,1,1,0,0,0,0,1,0,0,0,0,0,0,0,0,0,0,0	-2.319741,-3.685725,-5.375556,-0.832493,-2.070541,1.414949,0.929241,-3.213990,-4.315562,-2.933740,-3.323145,0.022782,-2.788614,-3.148906,-3.286066,-2.816741,-0.505368,-0.320824,-1.893966,-0.460682,-4.567577,-5.358828,-2.885849
Some_HCT_EFJ20018.1	Some_HCT_EFJ20018.1	acceptor_superclass::Phenolic acids (C6-C1)	acceptor_superclass::Fatty Acids and Conjugates;acceptor_superclass::Flavonoids;acceptor_superclass::Phenolic acids (C6-C1);acceptor_superclass::Phenylethanoids (C6-C2);acceptor_superclass::Small peptides;acceptor_superclass::Tyrosine alkaloids	0,0,0,0,0,0,0,0,0,0,0,0,0,1,0,0,0,0,0,0,0,0,0	0,0,0,1,0,1,0,0,0,0,0,0,0,1,1,0,0,0,1,0,0,0,1	-1.322964,-3.937846,-5.479237,1.719553,-3.238278,0.505428,-4.516774,-4.528641,-4.326442,-2.821364,-1.673023,-1.995988,-0.516942,0.612491,1.329532,-1.096778,-3.120065,-3.765101,2.899925,-1.381552,-5.515211,-2.877430,0.085668
Spen_AAT12560_BCJ78487.1	Spen_AAT12560_BCJ78487.1	acceptor_superclass::Fatty acyls	acceptor_superclass::Diterpenoids;acceptor_superclass::Fatty acyls;acceptor_superclass::Monoterpenoids;acceptor_superclass::Phenylethanoids (C6-C2);acceptor_superclass::Phenylpropanoids (C6-C3)	0,0,0,0,1,0,0,0,0,0,0,0,0,0,0,0,0,0,0,0,0,0,0	0,0,1,0,1,0,0,0,0,1,0,0,0,0,1,1,0,0,0,0,0,0,0	-3.853268,-1.921990,0.741618,-3.242250,2.893763,-3.926913,-4.779709,-1.886649,-1.790566,1.307261,-1.736841,-4.186657,-5.312846,-4.350713,1.981066,0.745008,-3.151048,-3.099815,-3.469601,-4.241394,-3.275914,-2.832850,-3.784744
Spen_AAT1_AIW04708.1	Spen_AAT1_AIW04708.1	acceptor_superclass::Fatty acyls;acceptor_superclass::Phenylethanoids (C6-C2)	acceptor_superclass::Fatty acyls;acceptor_superclass::Monoterpenoids	0,0,0,0,1,0,0,0,0,0,0,0,0,0,1,0,0,0,0,0,0,0,0	0,0,0,0,1,0,0,0,0,1,0,0,0,0,0,0,0,0,0,0,0,0,0	-4.587550,-3.260336,-1.539729,-3.530812,3.258271,-4.061061,-3.826968,-2.150531,-2.476467,0.444123,-2.403879,-3.342310,-4.378351,-2.883671,-2.869891,-0.857604,-1.901074,-1.934467,-3.628524,-3.391239,-2.065102,-3.736007,-3.589057
Spen_ASAT2_ALU64005.1	Spen_ASAT2_ALU64005.1		acceptor_superclass::Phenylethanoids (C6-C2)	0,0,0,0,0,0,0,0,0,0,0,0,0,0,0,0,0,0,0,0,0,0,0	0,0,0,0,0,0,0,0,0,0,0,0,0,0,1,0,0,0,0,0,0,0,0	-5.426703,-4.292232,-2.412599,-4.894833,-1.652932,-1.806331,-6.025855,-3.434661,-5.484858,-1.453739,-3.675140,-3.155154,-4.902712,-4.665739,0.324369,-1.451741,-2.852365,-4.827134,-5.339166,-4.895933,-1.036121,-3.089202,-3.892777
Spen_ASAT3_AJF98583.1	Spen_ASAT3_AJF98583.1		acceptor_superclass::Saccharides	0,0,0,0,0,0,0,0,0,0,0,0,0,0,0,0,0,0,0,0,0,0,0	0,0,0,0,0,0,0,0,0,0,0,0,0,0,0,0,0,1,0,0,0,0,0	-3.308800,-3.466583,-3.676450,-3.104392,-2.802945,-0.201803,-3.089083,-3.718018,-3.571636,-1.826280,-3.450583,-4.262524,-3.162244,-3.236085,-4.871315,-2.143825,-1.922603,2.440340,-4.333850,-3.052112,-3.280543,-2.301792,-3.865259
Spim_AAT11589_BCJ78481.1	Spim_AAT11589_BCJ78481.1	acceptor_superclass::Fatty acyls	acceptor_superclass::Diterpenoids;acceptor_superclass::Fatty acyls	0,0,0,0,1,0,0,0,0,0,0,0,0,0,0,0,0,0,0,0,0,0,0	0,0,1,0,1,0,0,0,0,0,0,0,0,0,0,0,0,0,0,0,0,0,0	-3.956846,-4.051618,0.257664,-3.478038,2.433516,-4.351114,-4.615785,-3.789084,-1.255962,-1.716297,-0.947880,-5.195353,-4.188471,-4.445347,-0.426451,-1.153605,-3.364749,-2.206892,-4.860536,-4.737011,-3.372842,-3.567356,-4.703233
Spot_AT_UQZ09635.1	Spot_AT_UQZ09635.1	acceptor_superclass::Tryptophan alkaloids	acceptor_superclass::Diterpenoids;acceptor_superclass::Tryptophan alkaloids	0,0,0,0,0,0,0,0,0,0,0,0,0,0,0,0,0,0,0,0,0,1,0	0,0,1,0,0,0,0,0,0,0,0,0,0,0,0,0,0,0,0,0,0,1,0	-3.246237,-3.380359,2.527260,-0.644394,-2.572793,-0.449363,-1.797186,-4.955565,-0.720920,-3.851359,-3.499019,-2.318099,-3.008577,-1.746732,-3.230119,-2.403254,-2.831754,-4.201927,-3.992321,-3.891707,-4.618580,0.275984,-0.320790
Squi_ASAT1H_UTN00742.1	Squi_ASAT1H_UTN00742.1		acceptor_superclass::Naphthalenes;acceptor_superclass::Tryptophan alkaloids;acceptor_superclass::Tyrosine alkaloids	0,0,0,0,0,0,0,0,0,0,0,0,0,0,0,0,0,0,0,0,0,0,0	0,0,0,0,0,0,0,0,0,0,1,0,0,0,0,0,0,0,0,0,0,1,1	-3.393086,-3.203601,-0.665920,-4.412412,-4.881576,-2.484815,-3.129725,-3.558633,-4.764121,-1.845588,1.126116,-0.683674,-2.572815,-4.097863,-4.349573,-1.346871,-3.541451,-2.053067,-4.236067,-0.354895,-4.175702,1.499318,0.646510
Squi_ASAT3H_UTN00743.1	Squi_ASAT3H_UTN00743.1		acceptor_superclass::Flavonoids;acceptor_superclass::Saccharides	0,0,0,0,0,0,0,0,0,0,0,0,0,0,0,0,0,0,0,0,0,0,0	0,0,0,0,0,1,0,0,0,0,0,0,0,0,0,0,0,1,0,0,0,0,0	-4.562988,-3.820610,-6.191077,-4.426895,-2.670114,0.385977,-4.204718,-4.471952,-4.540088,-0.922480,-5.066911,-3.365819,-4.148920,-4.340765,-3.639154,-2.530769,-3.669512,0.111578,-3.850703,-4.014840,-1.569799,-4.248456,-4.666175
Squi_ASAT4H_QNR60312.1	Squi_ASAT4H_QNR60312.1		acceptor_superclass::Tryptophan alkaloids	0,0,0,0,0,0,0,0,0,0,0,0,0,0,0,0,0,0,0,0,0,0,0	0,0,0,0,0,0,0,0,0,0,0,0,0,0,0,0,0,0,0,0,0,1,0	-2.351519,-2.541213,-1.843403,-3.696091,-4.129083,-2.193746,-3.627552,-2.862098,-4.031229,-2.418599,-1.386532,-1.687653,-1.962867,-4.584277,-3.146401,-2.340979,-1.150149,-1.802763,-3.101986,-2.842423,-2.835844,3.340238,-2.051040
Squi_TAIAT_QNR60311.1	Squi_TAIAT_QNR60311.1		acceptor_superclass::Triterpenoids	0,0,0,0,0,0,0,0,0,0,0,0,0,0,0,0,0,0,0,0,0,0,0	0,0,0,0,0,0,0,0,0,0,0,0,0,0,0,0,0,0,0,0,1,0,0	-3.778091,-3.766759,-2.217205,-5.069571,-5.486879,-0.573787,-3.572045,-4.848581,-4.970230,-2.725897,-3.235946,-2.221191,-3.111354,-2.583112,-4.496423,-3.884489,-2.690710,-0.037128,-2.956189,-3.129321,0.380715,-1.265189,-3.378438
Sric_SHT_AMB21755.1	Sric_SHT_AMB21755.1	acceptor_superclass::Ornithine alkaloids	acceptor_superclass::Ornithine alkaloids	0,0,0,0,0,0,0,0,0,0,0,1,0,0,0,0,0,0,0,0,0,0,0	0,0,0,0,0,0,0,0,0,0,0,1,0,0,0,0,0,0,0,0,0,0,0	-4.307234,-2.951913,-2.802292,-1.728315,-4.043989,-1.391969,-3.533619,-1.152932,-5.404206,-3.442014,-4.959339,3.104015,-3.720178,-1.599337,-3.128333,-1.537736,-0.109549,-5.057285,-2.215920,-2.974141,-3.079353,-2.694939,-3.740049
Ssin_ASAT1_ART34011.1	Ssin_ASAT1_ART34011.1	acceptor_superclass::Saccharides	acceptor_superclass::Diterpenoids	0,0,0,0,0,0,0,0,0,0,0,0,0,0,0,0,0,1,0,0,0,0,0	0,0,1,0,0,0,0,0,0,0,0,0,0,0,0,0,0,0,0,0,0,0,0	-3.455460,-3.702571,0.573021,-2.993474,-0.287284,-4.113856,-5.360300,-2.470845,-2.044251,-2.004232,-3.889762,-2.441340,-4.837697,-3.939719,-1.908783,-1.240682,-1.918025,-0.538431,-3.881228,-3.903491,-4.839501,-2.344585,-2.833087
Ssin_ASAT2_ART34012.1	Ssin_ASAT2_ART34012.1		acceptor_superclass::Pseudoalkaloids;acceptor_superclass::Saccharides;acceptor_superclass::Tryptophan alkaloids	0,0,0,0,0,0,0,0,0,0,0,0,0,0,0,0,0,0,0,0,0,0,0	0,0,0,0,0,0,0,0,0,0,0,0,0,0,0,0,1,1,0,0,0,1,0	-2.462305,-3.592547,-2.196761,-2.869966,-3.493071,-2.734511,-4.010492,-2.676654,-3.074986,-4.379021,-2.410915,-2.046140,-2.907406,-3.271880,-4.893451,-2.546166,0.946894,1.613222,-4.171918,-2.992398,-3.778866,0.447474,-3.138423
Ssin_ASAT3_ART34013.1	Ssin_ASAT3_ART34013.1			0,0,0,0,0,0,0,0,0,0,0,0,0,0,0,0,0,0,0,0,0,0,0	0,0,0,0,0,0,0,0,0,0,0,0,0,0,0,0,0,0,0,0,0,0,0	-4.633830,-4.794548,-2.167631,-3.954445,-1.786027,-3.755079,-5.585906,-2.233277,-3.324063,-3.459398,-3.866334,-2.849916,-3.294406,-3.357555,-2.566585,-0.765976,-2.475234,-1.866360,-4.922913,-4.052259,-4.657758,-1.303256,-1.766267
Ssin_ASAT5_ART34014.1	Ssin_ASAT5_ART34014.1		acceptor_superclass::Flavonoids	0,0,0,0,0,0,0,0,0,0,0,0,0,0,0,0,0,0,0,0,0,0,0	0,0,0,0,0,1,0,0,0,0,0,0,0,0,0,0,0,0,0,0,0,0,0	-3.501588,-4.785415,-2.194935,-3.581550,-3.900729,1.100797,-4.355891,-5.149035,-4.238348,-3.623772,-4.308000,-2.036836,-3.995632,-2.783834,-4.567546,-4.544089,-1.922209,-3.202286,-2.967381,-2.942129,-2.649871,-3.242718,-3.424714
Sspl_5MAT1_AAL50566.1	Sspl_5MAT1_AAL50566.1	acceptor_superclass::Flavonoids	acceptor_superclass::Fatty acyls;acceptor_superclass::Lysine alkaloids;acceptor_superclass::Monoterpenoids;acceptor_superclass::Phenylpropanoids (C6-C3)	0,0,0,0,0,1,0,0,0,0,0,0,0,0,0,0,0,0,0,0,0,0,0	0,0,0,0,1,0,0,0,1,1,0,0,0,0,0,1,0,0,0,0,0,0,0	-4.386756,-1.143067,-3.643524,-4.135004,0.819021,-1.625096,-2.833777,-2.910266,0.707371,0.117454,-5.117454,-3.759294,-4.702503,-1.820830,-0.220150,2.710414,-3.542197,-3.726430,-3.263735,-5.063388,-3.082816,-3.106791,-2.903388
Sspl_5MAT2_AAR26385.1	Sspl_5MAT2_AAR26385.1	acceptor_superclass::Flavonoids	acceptor_superclass::Monoterpenoids;acceptor_superclass::Triterpenoids	0,0,0,0,0,1,0,0,0,0,0,0,0,0,0,0,0,0,0,0,0,0,0	0,0,0,0,0,0,0,0,0,1,0,0,0,0,0,0,0,0,0,0,1,0,0	-4.586651,-2.592414,-5.112828,-3.541376,-2.540902,-3.034623,-4.743648,-3.572865,-3.275229,3.113276,-3.997748,-1.436940,-3.199072,-3.882804,-2.049624,-1.838184,-1.913719,-4.568108,-2.388492,-3.333516,0.533169,-0.295410,-4.143933
Stub_COSY_M0ZYT4	Stub_COSY_M0ZYT4		acceptor_superclass::Ornithine alkaloids;acceptor_superclass::Pseudoalkaloids;acceptor_superclass::Triterpenoids	0,0,0,0,0,0,0,0,0,0,0,0,0,0,0,0,0,0,0,0,0,0,0	0,0,0,0,0,0,0,0,0,0,0,1,0,0,0,0,1,0,0,0,1,0,0	-3.136442,-5.790338,-3.252837,-4.707865,-4.906756,-1.468188,-4.079296,-4.116731,-4.378440,-2.661328,-2.884596,1.790543,-4.469800,-2.255748,-4.753039,-3.236420,1.090718,-6.333428,-3.116849,-3.555267,1.505192,-1.288819,-4.590624
Stub_FHT_NP_001275190.1	Stub_FHT_NP_001275190.1	acceptor_superclass::Fatty Acids and Conjugates;acceptor_superclass::Fatty acyls	acceptor_superclass::Fatty Acids and Conjugates;acceptor_superclass::Fatty acyls;acceptor_superclass::Phenolic acids (C6-C1)	0,0,0,1,1,0,0,0,0,0,0,0,0,0,0,0,0,0,0,0,0,0,0	0,0,0,1,1,0,0,0,0,0,0,0,0,1,0,0,0,0,0,0,0,0,0	-4.326073,-4.627985,-3.819146,2.598490,0.993316,-3.907626,-5.080816,-3.587910,-4.097931,-3.764674,-4.337164,-3.350279,-4.443849,2.570626,-3.801421,-1.740643,-2.294274,-2.705760,-1.883387,-3.400385,-2.956151,-3.821026,-2.453732
Taes_ACT1-1_BCN87078.1	Taes_ACT1-1_BCN87078.1	acceptor_superclass::Ornithine alkaloids;acceptor_superclass::Pseudoalkaloids	acceptor_superclass::Ornithine alkaloids;acceptor_superclass::Pseudoalkaloids	0,0,0,0,0,0,0,0,0,0,0,1,0,0,0,0,1,0,0,0,0,0,0	0,0,0,0,0,0,0,0,0,0,0,1,0,0,0,0,1,0,0,0,0,0,0	-4.201338,-4.281471,-3.749472,-2.824166,-3.752466,-3.144784,-3.822709,-3.355044,-2.986216,-3.242442,-4.084584,4.277968,-3.684613,-1.299396,-3.579549,-2.288207,3.943021,-3.044975,-2.078814,-3.674739,-1.746990,-3.154628,-3.030594
Taes_ACT1-2_BCN87079.1	Taes_ACT1-2_BCN87079.1	acceptor_superclass::Ornithine alkaloids;acceptor_superclass::Pseudoalkaloids	acceptor_superclass::Ornithine alkaloids;acceptor_superclass::Pseudoalkaloids	0,0,0,0,0,0,0,0,0,0,0,1,0,0,0,0,1,0,0,0,0,0,0	0,0,0,0,0,0,0,0,0,0,0,1,0,0,0,0,1,0,0,0,0,0,0	-3.244536,-3.289486,-2.874666,-3.280450,-4.135182,-2.666261,-3.989426,-2.691849,-2.947998,-3.062870,-4.395531,3.623800,-2.077369,-1.423835,-3.770614,-4.235430,3.568470,-4.601396,-2.801759,-2.809725,-0.093604,-3.385241,-4.289890
Taes_ACT2_AMY96376.1	Taes_ACT2_AMY96376.1	acceptor_superclass::Ornithine alkaloids	acceptor_superclass::Ornithine alkaloids;acceptor_superclass::Pseudoalkaloids	0,0,0,0,0,0,0,0,0,0,0,1,0,0,0,0,0,0,0,0,0,0,0	0,0,0,0,0,0,0,0,0,0,0,1,0,0,0,0,1,0,0,0,0,0,0	-3.837703,-4.990118,-4.634120,-2.879537,-3.874169,-2.435050,-4.339031,-4.922949,-4.456581,-3.221763,-4.606499,2.857562,-4.200103,-0.798005,-3.178927,-3.732203,2.774724,-6.584300,-2.924698,-4.396431,-2.244135,-4.015226,-3.373347
Tant_HQT1_QCI44191.1	Tant_HQT1_QCI44191.1	acceptor_superclass::Phenolic acids (C6-C1)	acceptor_superclass::Phenolic acids (C6-C1)	0,0,0,0,0,0,0,0,0,0,0,0,0,1,0,0,0,0,0,0,0,0,0	0,0,0,0,0,0,0,0,0,0,0,0,0,1,0,0,0,0,0,0,0,0,0	-4.716049,-3.808591,-3.945828,-2.482957,-1.512332,-1.442068,-4.248558,-4.090317,-3.817451,-4.084428,-4.285537,-2.097967,-4.357603,0.946246,-2.621977,-0.981186,-1.533682,-4.401508,-4.282050,-3.407505,-5.227128,-4.553485,-2.824525
Tant_HQT2_QBQ52948.1	Tant_HQT2_QBQ52948.1	acceptor_superclass::Phenolic acids (C6-C1)	acceptor_superclass::Phenolic acids (C6-C1)	0,0,0,0,0,0,0,0,0,0,0,0,0,1,0,0,0,0,0,0,0,0,0	0,0,0,0,0,0,0,0,0,0,0,0,0,1,0,0,0,0,0,0,0,0,0	-5.096652,-5.278950,-4.443328,-2.159042,-1.850788,-2.064945,-5.684494,-4.368145,-5.351009,-3.385546,-5.392527,-2.855973,-5.125325,1.759417,-2.366339,-0.300045,-3.174161,-5.889629,-2.629402,-5.726421,-4.722895,-2.973293,-1.176350
Tcan_TAX10_AAM75818.1	Tcan_TAX10_AAM75818.1	acceptor_superclass::Diterpenoids	acceptor_superclass::Diterpenoids;acceptor_superclass::Fatty acyls	0,0,1,0,0,0,0,0,0,0,0,0,0,0,0,0,0,0,0,0,0,0,0	0,0,1,0,1,0,0,0,0,0,0,0,0,0,0,0,0,0,0,0,0,0,0	-4.591972,-4.780368,0.455454,-3.712318,0.485708,-4.223013,-5.195740,-4.312704,-3.381606,-3.751596,-1.080441,-4.398319,-4.197020,-4.126965,-1.439879,-1.276461,-3.883894,-2.890835,-4.878108,-4.839606,-5.326571,-1.753229,-2.607303
Tcus_BAPT_AAL92459.1	Tcus_BAPT_AAL92459.1	acceptor_superclass::Diterpenoids	acceptor_superclass::Fatty acyls;acceptor_superclass::Monoterpenoids	0,0,1,0,0,0,0,0,0,0,0,0,0,0,0,0,0,0,0,0,0,0,0	0,0,0,0,1,0,0,0,0,1,0,0,0,0,0,0,0,0,0,0,0,0,0	-4.753685,-3.482589,-1.800982,-4.412134,1.534436,-4.090541,-4.512397,-2.528903,-3.899982,0.257473,-1.019983,-3.000325,-4.491909,-3.454963,-3.285989,-1.251128,-1.984864,-2.395659,-3.553827,-3.544824,-0.612535,-2.449999,-4.090421
Tcus_DBAT_AAF27621.1	Tcus_DBAT_AAF27621.1	acceptor_superclass::Diterpenoids	acceptor_superclass::Diterpenoids;acceptor_superclass::Fatty acyls	0,0,1,0,0,0,0,0,0,0,0,0,0,0,0,0,0,0,0,0,0,0,0	0,0,1,0,1,0,0,0,0,0,0,0,0,0,0,0,0,0,0,0,0,0,0	-3.737761,-3.454628,3.379575,-2.940112,0.416974,-3.220545,-3.744220,-2.807593,-2.008166,-1.736152,-1.091349,-3.491289,-3.825015,-3.231410,-3.759131,-1.771867,-3.475340,-1.987542,-3.348171,-3.743641,-4.621802,-2.596186,-1.872199
Tcus_TBT_AAG38049.1	Tcus_DBBT_AAG38049.1	acceptor_superclass::Diterpenoids	acceptor_superclass::Diterpenoids	0,0,1,0,0,0,0,0,0,0,0,0,0,0,0,0,0,0,0,0,0,0,0	0,0,1,0,0,0,0,0,0,0,0,0,0,0,0,0,0,0,0,0,0,0,0	-3.697266,-4.016241,2.514569,-3.492870,-1.103086,-3.926460,-5.151975,-2.927308,-1.797291,-0.401261,-1.796352,-3.485253,-3.061377,-2.727500,-2.525139,-2.691240,-3.107373,-1.067042,-2.214196,-3.657769,-1.777773,-2.935540,-5.147719
Tcus_DBNTBT_AAM75818.1	Tcus_DBNTBT_AAM75818.1	acceptor_superclass::Diterpenoids	acceptor_superclass::Diterpenoids;acceptor_superclass::Fatty acyls	0,0,1,0,0,0,0,0,0,0,0,0,0,0,0,0,0,0,0,0,0,0,0	0,0,1,0,1,0,0,0,0,0,0,0,0,0,0,0,0,0,0,0,0,0,0	-4.591972,-4.780368,0.455454,-3.712318,0.485708,-4.223013,-5.195740,-4.312704,-3.381606,-3.751596,-1.080441,-4.398319,-4.197020,-4.126965,-1.439879,-1.276461,-3.883894,-2.890835,-4.878108,-4.839606,-5.326571,-1.753229,-2.607303
Tcus_TAT_AAF34254.1	Tcus_TAT_AAF34254.1	acceptor_superclass::Diterpenoids	acceptor_superclass::Diterpenoids	0,0,1,0,0,0,0,0,0,0,0,0,0,0,0,0,0,0,0,0,0,0,0	0,0,1,0,0,0,0,0,0,0,0,0,0,0,0,0,0,0,0,0,0,0,0	-4.752718,-3.874554,3.194973,-3.535217,-2.366761,-5.586304,-4.887451,-2.759843,-4.502953,-3.290874,-0.868612,-2.100319,-4.744304,-3.411741,-2.687126,-2.487097,-3.731376,-3.534173,-2.777649,-5.217676,-4.197134,-2.988063,-3.069613
Tcus_TAX19_AAU89980.1	Tcus_TAX19_AAU89980.1		acceptor_superclass::Diterpenoids;acceptor_superclass::Fatty acyls;acceptor_superclass::Phenylpropanoids (C6-C3)	0,0,0,0,0,0,0,0,0,0,0,0,0,0,0,0,0,0,0,0,0,0,0	0,0,1,0,1,0,0,0,0,0,0,0,0,0,0,1,0,0,0,0,0,0,0	-3.541787,-3.715482,0.820387,-3.334641,0.344608,-3.310541,-5.249521,-2.764132,-1.870097,-1.546836,-1.503260,-4.156651,-4.963474,-4.488229,-0.024193,0.414823,-3.236732,-4.199573,-4.381833,-4.543793,-4.164401,-1.471532,-2.047643
Tcus_TAT_AAF34254.1	Tcus_TAX1_AAF34254.1		acceptor_superclass::Diterpenoids;acceptor_superclass::Naphthalenes	0,0,0,0,0,0,0,0,0,0,0,0,0,0,0,0,0,0,0,0,0,0,0	0,0,1,0,0,0,0,0,0,0,1,0,0,0,0,0,0,0,0,0,0,0,0	-3.670994,-3.922173,3.047665,-4.550315,-3.293644,-3.448368,-4.112272,-3.894795,-3.784992,-4.911180,0.703043,-2.429702,-4.380224,-3.217494,-1.744191,-1.383675,-3.064297,-2.997997,-1.853403,-3.483289,-2.877192,-0.527964,-0.732976
Tcus_TBT_AAG38049.1	Tcus_TBT_AAG38049.1	acceptor_superclass::Diterpenoids	acceptor_superclass::Diterpenoids;acceptor_superclass::Monoterpenoids	0,0,1,0,0,0,0,0,0,0,0,0,0,0,0,0,0,0,0,0,0,0,0	0,0,1,0,0,0,0,0,0,1,0,0,0,0,0,0,0,0,0,0,0,0,0	-3.950752,-3.327254,2.189029,-4.482505,-0.817480,-4.509499,-4.657193,-2.949617,-3.171496,0.096294,-2.013619,-1.275426,-3.663372,-3.648381,-4.210718,-2.544265,-2.015087,-2.084106,-2.323703,-3.273732,-2.009742,-0.861217,-2.606244
Tmed_BAHD22_QDM39185.1	Tmed_BAHD22_QDM39185.1	acceptor_superclass::Diterpenoids	acceptor_superclass::Tryptophan alkaloids	0,0,1,0,0,0,0,0,0,0,0,0,0,0,0,0,0,0,0,0,0,0,0	0,0,0,0,0,0,0,0,0,0,0,0,0,0,0,0,0,0,0,0,0,1,0	-3.230003,-4.369281,-2.764063,-1.620186,-2.202066,-0.246651,-4.128168,-4.288176,-1.660322,-3.668830,-3.729290,-1.711412,-3.697836,-3.801123,-3.507294,-4.092962,-1.774715,-5.122669,-4.212992,-2.003934,-3.147242,2.111318,-0.729575
Tmed_BAHD6-13_BEK82039.1	Tmed_BAHD6-13_BEK82039.1	acceptor_superclass::Diterpenoids	acceptor_superclass::Tryptophan alkaloids	0,0,1,0,0,0,0,0,0,0,0,0,0,0,0,0,0,0,0,0,0,0,0	0,0,0,0,0,0,0,0,0,0,0,0,0,0,0,0,0,0,0,0,0,1,0	-3.318014,-4.309295,-2.637004,-1.160313,-2.071275,-0.455106,-4.085111,-4.120204,-2.310981,-3.938636,-3.703889,-1.754426,-3.658444,-3.594704,-3.769471,-4.719987,-1.820684,-5.109851,-3.951863,-1.634979,-3.031717,2.842597,-0.548995
Tmed_DBAT_QDM39186.1	Tmed_DBAT_QDM39186.1	acceptor_superclass::Diterpenoids	acceptor_superclass::Diterpenoids;acceptor_superclass::Fatty acyls	0,0,1,0,0,0,0,0,0,0,0,0,0,0,0,0,0,0,0,0,0,0,0	0,0,1,0,1,0,0,0,0,0,0,0,0,0,0,0,0,0,0,0,0,0,0	-3.698321,-3.865908,3.254804,-3.824304,0.055343,-4.108559,-4.926119,-3.229777,-1.620858,-2.653469,-0.001914,-4.453921,-2.905527,-3.851875,-1.929759,-2.701386,-3.389077,-1.002348,-3.126897,-3.440931,-3.773481,-2.252069,-4.117621
Tmed_TAT_QDM39184.1	Tmed_TAT_QDM39184.1	acceptor_superclass::Diterpenoids	acceptor_superclass::Diterpenoids;acceptor_superclass::Naphthalenes	0,0,1,0,0,0,0,0,0,0,0,0,0,0,0,0,0,0,0,0,0,0,0	0,0,1,0,0,0,0,0,0,0,1,0,0,0,0,0,0,0,0,0,0,0,0	-3.645396,-3.812874,2.810583,-4.666296,-3.088523,-3.696944,-4.024424,-4.017007,-3.917896,-4.773673,1.141628,-2.229341,-4.354238,-3.331287,-1.639649,-1.407102,-2.968116,-3.107207,-1.610032,-3.515340,-3.007667,-1.230265,-1.249084
Tpra_HST_ACI16630.1	Tpra_HCT1A_ACI16630.1	acceptor_superclass::Phenolic acids (C6-C1)	acceptor_superclass::Flavonoids;acceptor_superclass::Phenolic acids (C6-C1);acceptor_superclass::Phenylpropanoids (C6-C3);acceptor_superclass::Small peptides;acceptor_superclass::Tyrosine alkaloids	0,0,0,0,0,0,0,0,0,0,0,0,0,1,0,0,0,0,0,0,0,0,0	0,0,0,0,0,1,0,0,0,0,0,0,0,1,0,1,0,0,1,0,0,0,1	-4.831413,-3.939469,-4.159303,-5.054479,-4.678815,0.231372,-3.135457,-3.494655,-4.302605,-1.442374,-3.734313,-2.428747,-3.355635,3.134270,-1.772589,0.027003,-4.061541,-4.194551,1.369400,-3.177585,-0.143092,-1.333697,1.735510
Tpra_HMT_ACI16631.1	Tpra_HCT2_ACI16631.1	acceptor_superclass::Fatty Acids and Conjugates	acceptor_superclass::Coumarins;acceptor_superclass::Fatty Acids and Conjugates;acceptor_superclass::Flavonoids;acceptor_superclass::Monoterpenoids;acceptor_superclass::Phenanthrenoids;acceptor_superclass::Phenolic acids (C6-C1);acceptor_superclass::Phenylethanoids (C6-C2);acceptor_superclass::Phenylpropanoids (C6-C3);acceptor_superclass::Small peptides;acceptor_superclass::Tyrosine alkaloids	0,0,0,1,0,0,0,0,0,0,0,0,0,0,0,0,0,0,0,0,0,0,0	1,0,0,1,0,1,0,0,0,1,0,0,1,1,1,1,0,0,1,0,0,0,1	1.523488,-2.068753,-3.536124,1.597321,-3.064571,0.564022,-2.747044,-2.692246,-3.147603,0.130525,-0.703660,-0.692970,3.042934,1.313212,0.543439,0.005987,-1.908713,-2.591956,0.978191,-3.028917,-1.199668,-4.043918,0.110849
Tpra_HDT1_AXB87812.1	Tpra_HDT1_AXB87812.1	acceptor_superclass::Small peptides;acceptor_superclass::Tyrosine alkaloids	acceptor_superclass::Phenolic acids (C6-C1);acceptor_superclass::Phenylethanoids (C6-C2);acceptor_superclass::Small peptides	0,0,0,0,0,0,0,0,0,0,0,0,0,0,0,0,0,0,1,0,0,0,1	0,0,0,0,0,0,0,0,0,0,0,0,0,1,1,0,0,0,1,0,0,0,0	-3.969882,-4.354540,-4.811978,-1.570629,-4.315112,-1.402697,-5.024111,-3.924791,-4.458521,-1.507917,-4.211213,-3.771424,-3.598304,2.019534,0.704285,-0.212142,-4.598248,-4.652922,2.323875,-3.848726,-0.807648,-1.444299,-0.684908
Tpra_HDT1_AXB87812.1	Tpra_HDT_AXB87812.1	acceptor_superclass::Small peptides	acceptor_superclass::Phenolic acids (C6-C1);acceptor_superclass::Phenylethanoids (C6-C2);acceptor_superclass::Small peptides	0,0,0,0,0,0,0,0,0,0,0,0,0,0,0,0,0,0,1,0,0,0,0	0,0,0,0,0,0,0,0,0,0,0,0,0,1,1,0,0,0,1,0,0,0,0	-3.969882,-4.354540,-4.811978,-1.570629,-4.315112,-1.402697,-5.024111,-3.924791,-4.458521,-1.507917,-4.211213,-3.771424,-3.598304,2.019534,0.704285,-0.212142,-4.598248,-4.652922,2.323875,-3.848726,-0.807648,-1.444299,-0.684908
Tpra_HMT_ACI16631.1	Tpra_HMT_ACI16631.1	acceptor_superclass::Fatty Acids and Conjugates	acceptor_superclass::Fatty Acids and Conjugates;acceptor_superclass::Phenolic acids (C6-C1);acceptor_superclass::Small peptides;acceptor_superclass::Tyrosine alkaloids	0,0,0,1,0,0,0,0,0,0,0,0,0,0,0,0,0,0,0,0,0,0,0	0,0,0,1,0,0,0,0,0,0,0,0,0,1,0,0,0,0,1,0,0,0,1	-3.164750,-4.783624,-5.355982,2.258281,-4.114285,-0.388731,-5.162861,-4.782745,-4.712171,-3.957843,-3.364961,-0.303655,-2.790971,0.442125,-0.808638,-1.989568,-2.170365,-3.914427,1.947864,-2.912139,-5.094572,-2.656162,0.631158
Tpra_HST_ACI16630.1	Tpra_HST_ACI16630.1	acceptor_superclass::Phenolic acids (C6-C1)	acceptor_superclass::Phenolic acids (C6-C1);acceptor_superclass::Phenylethanoids (C6-C2);acceptor_superclass::Phenylpropanoids (C6-C3);acceptor_superclass::Small peptides	0,0,0,0,0,0,0,0,0,0,0,0,0,1,0,0,0,0,0,0,0,0,0	0,0,0,0,0,0,0,0,0,0,0,0,0,1,1,1,0,0,1,0,0,0,0	-5.414578,-3.905766,-5.306166,-0.165823,-2.755385,-1.524576,-4.495447,-2.769970,-4.706631,-2.779711,-4.665800,-4.817399,-4.516946,2.872051,0.255519,0.912887,-5.534681,-3.677915,2.130672,-5.102454,-5.078940,-3.561448,-0.446516
Twal_DBAT_AFD32413.1	Twal_DBAT_AFD32413.1	acceptor_superclass::Diterpenoids	acceptor_superclass::Diterpenoids	0,0,1,0,0,0,0,0,0,0,0,0,0,0,0,0,0,0,0,0,0,0,0	0,0,1,0,0,0,0,0,0,0,0,0,0,0,0,0,0,0,0,0,0,0,0	-4.244971,-3.889583,3.400050,-4.237215,-0.344978,-3.984555,-4.604285,-3.789615,-4.101556,-3.281454,-1.011283,-3.127818,-4.934440,-3.260945,-1.769712,-3.298712,-4.053550,-2.646327,-3.630395,-3.495012,-3.189193,-1.741925,-3.048963
Vhyb_3MAT1_AAS77402.1	Vhyb_3MAT1_AAS77402.1	acceptor_superclass::Flavonoids;acceptor_superclass::Isoflavonoids;acceptor_superclass::Phenolic acids (C6-C1)	acceptor_superclass::Flavonoids	0,0,0,0,0,1,1,0,0,0,0,0,0,1,0,0,0,0,0,0,0,0,0	0,0,0,0,0,1,0,0,0,0,0,0,0,0,0,0,0,0,0,0,0,0,0	-2.869101,-4.579729,-3.972374,-1.928128,-4.830605,3.462143,-0.240240,-3.965741,-3.332457,-4.362279,-4.273528,-1.248870,-3.301178,-3.218541,-3.878221,-3.241816,-2.481095,-4.295772,-2.413831,-0.052941,-3.450655,-2.055797,-0.121082
Vlab_AMAT_AAW22989.1	Vlab_AMAT_AAW22989.1	acceptor_superclass::Fatty acyls	acceptor_superclass::Fatty acyls;acceptor_superclass::Monoterpenoids;acceptor_superclass::Phenylethanoids (C6-C2);acceptor_superclass::Phenylpropanoids (C6-C3)	0,0,0,0,1,0,0,0,0,0,0,0,0,0,0,0,0,0,0,0,0,0,0	0,0,0,0,1,0,0,0,0,1,0,0,0,0,1,1,0,0,0,0,0,0,0	-4.303962,-4.157682,-3.179603,-2.343711,1.765402,-4.768738,-6.111670,-3.040620,-3.892553,1.163320,-4.516729,-3.760356,-4.039380,-5.244308,1.105155,1.835665,-3.836245,-3.853066,-4.011716,-4.908109,-5.173454,-1.960056,-2.935901
Vvin_3AT_AKF15588.1	Vvin_3AT_AKF15588.1	acceptor_superclass::Flavonoids	acceptor_superclass::Tryptophan alkaloids	0,0,0,0,0,1,0,0,0,0,0,0,0,0,0,0,0,0,0,0,0,0,0	0,0,0,0,0,0,0,0,0,0,0,0,0,0,0,0,0,0,0,0,0,1,0	-4.602010,-3.923080,-0.219840,-3.219839,-5.236946,-2.152295,-3.384466,-5.158128,-5.563287,-3.206783,-2.637963,-2.433912,-4.052285,-1.547340,-5.937383,-3.440658,-2.719395,-2.543559,-3.075955,-3.159643,-0.448485,0.186843,-1.412259
Vvin_AAT2_CBI26419.3	Vvin_AAT2_CBI26419.3	acceptor_superclass::Fatty acyls;acceptor_superclass::Phenylethanoids (C6-C2)	acceptor_superclass::Lysine alkaloids;acceptor_superclass::Phenylpropanoids (C6-C3);acceptor_superclass::Pseudoalkaloids	0,0,0,0,1,0,0,0,0,0,0,0,0,0,1,0,0,0,0,0,0,0,0	0,0,0,0,0,0,0,0,1,0,0,0,0,0,0,1,1,0,0,0,0,0,0	-4.000685,-4.514678,-3.989628,-3.524978,-0.133337,-2.834271,-4.420681,-1.926160,3.449307,-1.931787,-4.138762,-2.562225,-3.389688,-3.768980,-0.422018,0.444934,0.979739,-2.242746,-3.727085,-4.239984,-3.845388,-2.395331,-3.061446
Vvin_SHT_QNO39112.1	Vvin_SHT_QNO39112.1	acceptor_superclass::Ornithine alkaloids	acceptor_superclass::Cyclic polyketides;acceptor_superclass::Fatty acyls;acceptor_superclass::Monoterpenoids;acceptor_superclass::Phenylethanoids (C6-C2);acceptor_superclass::Phenylpropanoids (C6-C3);acceptor_superclass::Triterpenoids	0,0,0,0,0,0,0,0,0,0,0,1,0,0,0,0,0,0,0,0,0,0,0	0,1,0,0,1,0,0,0,0,1,0,0,0,0,1,1,0,0,0,0,1,0,0	-1.397974,3.547138,-4.028862,-3.313845,1.730957,-0.638808,-3.015124,-1.910846,-2.821117,1.058277,-2.257109,-3.342635,-1.492117,-3.751421,3.309594,1.023396,-2.438577,-4.959277,-2.163852,-2.164164,1.786374,-2.927295,-3.668514
Wlon_BAT1_NA	Wlon_BAT1_NA	acceptor_superclass::Monoterpenoids	acceptor_superclass::Naphthalenes	0,0,0,0,0,0,0,0,0,1,0,0,0,0,0,0,0,0,0,0,0,0,0	0,0,0,0,0,0,0,0,0,0,1,0,0,0,0,0,0,0,0,0,0,0,0	-3.372481,-3.735048,-4.447336,-3.948273,-2.557748,-0.895721,-4.066695,-3.676667,-3.465002,-2.685804,0.632004,-2.332897,-3.868555,-4.381865,-2.686216,-0.112584,-4.869776,-2.783176,-5.220378,-2.823598,-4.286942,-1.792597,-1.010753
Wlon_BAT2_NA	Wlon_BAT2_NA	acceptor_superclass::Monoterpenoids	acceptor_superclass::Fatty acyls;acceptor_superclass::Monoterpenoids;acceptor_superclass::Triterpenoids	0,0,0,0,0,0,0,0,0,1,0,0,0,0,0,0,0,0,0,0,0,0,0	0,0,0,0,1,0,0,0,0,1,0,0,0,0,0,0,0,0,0,0,1,0,0	-3.424227,-2.353796,-0.020169,-3.998652,0.039124,-3.448392,-4.600615,-3.230672,-3.846920,2.739070,-4.398186,-0.146902,-3.185745,-1.894197,-2.308521,-3.859942,-1.688935,-1.768530,-2.483043,-3.974892,0.165030,-1.787421,-5.257280
Wlon_BAT3_NA	Wlon_BAT3_NA	acceptor_superclass::Monoterpenoids	acceptor_superclass::Saccharides	0,0,0,0,0,0,0,0,0,1,0,0,0,0,0,0,0,0,0,0,0,0,0	0,0,0,0,0,0,0,0,0,0,0,0,0,0,0,0,0,1,0,0,0,0,0	-3.238125,-2.914370,-3.966644,-3.021436,-2.076255,-0.982197,-3.267428,-3.447154,-4.209613,-2.034604,-3.580758,-4.202805,-3.451433,-2.706758,-4.481054,-1.926807,-1.327834,2.431591,-4.247953,-3.641824,-3.319786,-2.785701,-4.310827
Wvil_BAT1_WvBAHD8	Wvil_BAT1_WvBAHD8	acceptor_superclass::Monoterpenoids	acceptor_superclass::Fatty acyls;acceptor_superclass::Lysine alkaloids;acceptor_superclass::Monoterpenoids;acceptor_superclass::Phenylethanoids (C6-C2)	0,0,0,0,0,0,0,0,0,1,0,0,0,0,0,0,0,0,0,0,0,0,0	0,0,0,0,1,0,0,0,1,1,0,0,0,0,1,0,0,0,0,0,0,0,0	-4.772509,-3.237624,-2.750188,-3.854704,2.660829,-3.051441,-5.632421,-1.488536,0.113794,1.940498,-4.093895,-3.976821,-4.328723,-4.211689,0.650627,-0.059015,-1.932615,-3.433541,-3.819417,-5.000647,-2.406386,-3.260806,-4.445148
Wvil_BAT2_WvBAHD14	Wvil_BAT2_WvBAHD14	acceptor_superclass::Monoterpenoids	acceptor_superclass::Monoterpenoids	0,0,0,0,0,0,0,0,0,1,0,0,0,0,0,0,0,0,0,0,0,0,0	0,0,0,0,0,0,0,0,0,1,0,0,0,0,0,0,0,0,0,0,0,0,0	-4.925560,-3.302017,-3.619878,-2.400829,-0.184124,-0.097989,-3.870251,-4.008883,-4.706346,1.955623,-5.151837,-2.156688,-4.251572,-4.020098,-2.000883,-1.742945,-1.715263,-4.776363,-4.197167,-4.618479,-2.145967,-2.865712,-4.680844
Wvil_BAT3_WvBAHD39	Wvil_BAT3_WvBAHD39	acceptor_superclass::Monoterpenoids	acceptor_superclass::Fatty acyls;acceptor_superclass::Lysine alkaloids;acceptor_superclass::Monoterpenoids	0,0,0,0,0,0,0,0,0,1,0,0,0,0,0,0,0,0,0,0,0,0,0	0,0,0,0,1,0,0,0,1,1,0,0,0,0,0,0,0,0,0,0,0,0,0	-4.548646,-3.657260,-0.609259,-3.661466,1.717181,-3.734592,-4.823032,-2.485631,0.096302,2.792919,-2.814680,-2.941030,-3.795057,-5.063725,-0.660556,-2.830196,-1.258956,-2.281093,-4.719862,-4.716043,-3.750610,-4.372087,-6.175588
Wvil_BAT4_WvBAHD40	Wvil_BAT4_WvBAHD40	acceptor_superclass::Monoterpenoids	acceptor_superclass::Fatty acyls;acceptor_superclass::Saccharides	0,0,0,0,0,0,0,0,0,1,0,0,0,0,0,0,0,0,0,0,0,0,0	0,0,0,0,1,0,0,0,0,0,0,0,0,0,0,0,0,1,0,0,0,0,0	-3.778767,-2.509696,-1.603337,-1.796127,0.198670,-0.529916,-1.790874,-2.820014,-3.544746,-3.551628,-1.041038,-7.184463,-3.328615,-3.912049,-2.756726,-0.508785,-6.857112,2.713521,-3.991917,-3.268805,-4.014682,-1.313451,-1.886404
Wvil_BAT5_WvBAHD50	Wvil_BAT5_WvBAHD50	acceptor_superclass::Monoterpenoids	acceptor_superclass::Diterpenoids;acceptor_superclass::Flavonoids;acceptor_superclass::Tryptophan alkaloids	0,0,0,0,0,0,0,0,0,1,0,0,0,0,0,0,0,0,0,0,0,0,0	0,0,1,0,0,1,0,0,0,0,0,0,0,0,0,0,0,0,0,0,0,1,0	-3.779948,-4.304396,0.348069,-3.865175,-4.272403,0.390657,-3.538841,-3.243582,-3.732099,-0.904991,-4.085765,-4.425360,-3.900033,-3.301451,-3.822943,-2.442415,-4.578147,-1.314408,-3.939958,-4.101260,-1.615630,2.746010,-3.408474
Wvil_BAT6_WvBAHD28	Wvil_BAT6_WvBAHD28	acceptor_superclass::Monoterpenoids	acceptor_superclass::Flavonoids;acceptor_superclass::Phenanthrenoids;acceptor_superclass::Phenolic acids (C6-C1);acceptor_superclass::Small peptides;acceptor_superclass::Tyrosine alkaloids	0,0,0,0,0,0,0,0,0,1,0,0,0,0,0,0,0,0,0,0,0,0,0	0,0,0,0,0,1,0,0,0,0,0,0,1,1,0,0,0,0,1,0,0,0,1	-3.462018,-3.585214,-5.052201,-3.823529,-5.005458,1.225466,-2.745351,-3.425429,-3.852288,-2.733563,-2.897018,-2.573136,0.319971,3.583371,-2.004241,-0.660018,-3.277184,-4.774710,1.335654,-1.995607,-2.058474,-2.789387,0.931642
Zmay_AAT1_ONM11762.1	Zmay_AAT1_ONM11762.1	acceptor_superclass::Flavonoids	acceptor_superclass::Flavonoids;acceptor_superclass::Isoflavonoids	0,0,0,0,0,1,0,0,0,0,0,0,0,0,0,0,0,0,0,0,0,0,0	0,0,0,0,0,1,1,0,0,0,0,0,0,0,0,0,0,0,0,0,0,0,0	-4.133114,-4.148374,-1.991975,-1.332634,-3.223952,1.189525,3.111161,-3.306302,-2.828718,-4.528260,-3.617144,-2.764575,-3.149195,-1.312899,-4.252261,-1.949512,-2.729340,-3.268382,-3.071831,-1.244132,-3.253176,-2.755228,-0.447356
Zmay_CAT_ACF87722.1	Zmay_CAT_ACF87722.1		acceptor_superclass::Phenylpropanoids (C6-C3)	0,0,0,0,0,0,0,0,0,0,0,0,0,0,0,0,0,0,0,0,0,0,0	0,0,0,0,0,0,0,0,0,0,0,0,0,0,0,1,0,0,0,0,0,0,0	-4.670264,-5.581067,-2.372719,-0.175257,-2.091589,-3.817652,-6.222895,-3.445047,-4.449486,-3.677919,-5.372195,-1.258096,-4.442857,-2.644933,-3.262363,0.170303,-2.484301,-3.379968,-4.402563,-3.059026,-6.017724,-2.353531,-1.244365
Zmay_FMT_AQK78565.1	Zmay_FMT_AQK78565.1	acceptor_superclass::Phenylpropanoids (C6-C3)	acceptor_superclass::Flavonoids;acceptor_superclass::Phenylpropanoids (C6-C3)	0,0,0,0,0,0,0,0,0,0,0,0,0,0,0,1,0,0,0,0,0,0,0	0,0,0,0,0,1,0,0,0,0,0,0,0,0,0,1,0,0,0,0,0,0,0	-4.596815,-4.882747,-5.573956,-2.901844,-1.259954,0.903699,-3.905998,-3.680850,-5.887411,-2.312658,-1.744331,-4.373440,-4.319417,-4.023874,-1.605067,1.122310,-6.124770,-3.492113,-4.560184,-3.593071,-6.524412,-4.473622,-3.585768
