fasta_id	enzyme_id	embedding_path	true_labels	predicted_labels	true_vector	pred_vector	score_vector
Aagr_HCT6_QPI70575.1	Aagr_HCT6_QPI70575.1	/content/drive/MyDrive/CS_5782_Final_Project/code_and_data/BAHD_lastLayer_embeddings/Aagr_HCT6_QPI70575.1_hidden_layer_steps10.pt	acceptor_superclass::Phenolic acids (C6-C1);acceptor_superclass::Small peptides	acceptor_superclass::Phenolic acids (C6-C1);acceptor_superclass::Phenylpropanoids (C6-C3)	0,0,0,0,0,0,0,0,0,0,0,0,0,1,0,0,0,0,1,0,0,0,0	0,0,0,0,0,0,0,0,0,0,0,0,0,1,0,1,0,0,0,0,0,0,0	-6.891840,-6.654124,-8.668718,-6.528428,-6.158115,-4.883834,-6.923882,-5.973989,-7.624466,-4.284916,-7.840041,-6.502487,-6.732346,1.432209,-4.836557,4.427101,-6.710421,-7.571389,-1.548859,-6.449372,-7.184139,-6.578580,-5.926919
Aagr_HFT-like_Aagr000038l.49.1	Aagr_HFT-like_Aagr000038l.49.1	/content/drive/MyDrive/CS_5782_Final_Project/code_and_data/BAHD_lastLayer_embeddings/Aagr_HFT-like_Aagr000038l.49.1_hidden_layer_steps10.pt	acceptor_superclass::Fatty Acids and Conjugates	acceptor_superclass::Phenylpropanoids (C6-C3)	0,0,0,1,0,0,0,0,0,0,0,0,0,0,0,0,0,0,0,0,0,0,0	0,0,0,0,0,0,0,0,0,0,0,0,0,0,0,1,0,0,0,0,0,0,0	-5.929215,-6.568694,-6.794061,-3.845309,-1.928523,-5.285998,-7.023743,-4.502884,-6.054992,-6.358158,-7.737406,-5.704776,-6.166848,-2.505016,-6.322284,1.917452,-6.556385,-5.324709,-4.890216,-7.388656,-5.687150,-3.617588,-5.300459
Abel_TS_WPF47615.1	Abel_TS_WPF47615.1	/content/drive/MyDrive/CS_5782_Final_Project/code_and_data/BAHD_lastLayer_embeddings/Abel_TS_WPF47615.1_hidden_layer_steps10.pt			0,0,0,0,0,0,0,0,0,0,0,0,0,0,0,0,0,0,0,0,0,0,0	0,0,0,0,0,0,0,0,0,0,0,0,0,0,0,0,0,0,0,0,0,0,0	-7.700151,-8.307802,-8.045891,-7.072431,-6.681353,-6.302794,-8.947239,-7.591760,-8.179544,-4.809864,-6.557292,-7.668831,-6.959679,-4.607439,-6.793134,-4.969047,-6.360374,-5.693968,-8.418981,-7.546634,-6.875907,-8.872726,-10.443361
Achi_AT16_PSS01274.1	Achi_AT16_PSS01274.1	/content/drive/MyDrive/CS_5782_Final_Project/code_and_data/BAHD_lastLayer_embeddings/Achi_AT16_PSS01274.1_hidden_layer_steps10.pt	acceptor_superclass::Fatty acyls	acceptor_superclass::Fatty acyls;acceptor_superclass::Phenylpropanoids (C6-C3)	0,0,0,0,1,0,0,0,0,0,0,0,0,0,0,0,0,0,0,0,0,0,0	0,0,0,0,1,0,0,0,0,0,0,0,0,0,0,1,0,0,0,0,0,0,0	-5.887933,-5.179277,-5.991307,-2.034666,2.671784,-7.186101,-8.106444,-4.319870,-2.706579,-1.761451,-8.190970,-8.372620,-6.092298,-5.435162,-1.980023,1.000569,-6.693257,-5.198022,-5.261317,-7.032739,-4.858879,-5.335072,-4.869308
Achi_FHT_PSR89440.1	Achi_FHT_PSR89440.1	/content/drive/MyDrive/CS_5782_Final_Project/code_and_data/BAHD_lastLayer_embeddings/Achi_FHT_PSR89440.1_hidden_layer_steps10.pt	acceptor_superclass::Fatty Acids and Conjugates;acceptor_superclass::Fatty acyls	acceptor_superclass::Fatty Acids and Conjugates;acceptor_superclass::Fatty acyls	0,0,0,1,1,0,0,0,0,0,0,0,0,0,0,0,0,0,0,0,0,0,0	0,0,0,1,1,0,0,0,0,0,0,0,0,0,0,0,0,0,0,0,0,0,0	-5.526809,-4.558084,-5.250219,5.357697,4.404192,-5.274473,-4.575394,-4.450423,-5.059508,-5.022967,-5.397493,-5.811651,-5.815365,-6.279914,-4.418747,-3.900866,-4.580596,-4.979743,-5.142465,-5.109707,-5.292288,-6.229715,-5.774603
Aeri_AT9_AIC83789.1	Aeri_AT9_AIC83789.1	/content/drive/MyDrive/CS_5782_Final_Project/code_and_data/BAHD_lastLayer_embeddings/Aeri_AT9_AIC83789.1_hidden_layer_steps10.pt	acceptor_superclass::Fatty acyls	acceptor_superclass::Pseudoalkaloids	0,0,0,0,1,0,0,0,0,0,0,0,0,0,0,0,0,0,0,0,0,0,0	0,0,0,0,0,0,0,0,0,0,0,0,0,0,0,0,1,0,0,0,0,0,0	-8.196651,-6.940919,-8.882019,-4.554449,-6.200542,-7.203153,-8.578996,-6.069031,-6.840744,-4.962371,-7.790375,-0.173673,-8.878530,-4.295770,-7.467686,-3.282377,0.280122,-6.085804,-7.747121,-7.471830,-2.375545,-5.185567,-3.000321
Aeuc_AAT1_BDW80083.1	Aeuc_AAT1_BDW80083.1	/content/drive/MyDrive/CS_5782_Final_Project/code_and_data/BAHD_lastLayer_embeddings/Aeuc_AAT1_BDW80083.1_hidden_layer_steps10.pt	acceptor_superclass::Naphthalenes	acceptor_superclass::Naphthalenes	0,0,0,0,0,0,0,0,0,0,1,0,0,0,0,0,0,0,0,0,0,0,0	0,0,0,0,0,0,0,0,0,0,1,0,0,0,0,0,0,0,0,0,0,0,0	-5.469553,-5.346081,-8.307747,-4.409808,-4.569427,-4.735653,-4.126420,-5.603027,-6.351271,-6.261846,5.774765,-6.945146,-5.444024,-5.057108,-4.839545,-5.168010,-6.083364,-5.620007,-5.607714,-5.881493,-6.587509,-6.380714,-6.080388
Aeuc_AAT2_BDW80089.1	Aeuc_AAT2_BDW80089.1	/content/drive/MyDrive/CS_5782_Final_Project/code_and_data/BAHD_lastLayer_embeddings/Aeuc_AAT2_BDW80089.1_hidden_layer_steps10.pt	acceptor_superclass::Naphthalenes	acceptor_superclass::Naphthalenes	0,0,0,0,0,0,0,0,0,0,1,0,0,0,0,0,0,0,0,0,0,0,0	0,0,0,0,0,0,0,0,0,0,1,0,0,0,0,0,0,0,0,0,0,0,0	-4.433289,-6.150490,-5.876872,-6.030507,-6.015802,-4.259120,-5.619895,-4.736523,-5.548927,-4.759620,6.386114,-4.900212,-5.328386,-5.894633,-7.911766,-6.595151,-5.719897,-5.828267,-5.988289,-4.806866,-5.434533,-7.008292,-5.716952
Aeuc_SAT2_BDW80080.1	Aeuc_SAT2_BDW80080.1	/content/drive/MyDrive/CS_5782_Final_Project/code_and_data/BAHD_lastLayer_embeddings/Aeuc_SAT2_BDW80080.1_hidden_layer_steps10.pt	acceptor_superclass::Naphthalenes	acceptor_superclass::Naphthalenes	0,0,0,0,0,0,0,0,0,0,1,0,0,0,0,0,0,0,0,0,0,0,0	0,0,0,0,0,0,0,0,0,0,1,0,0,0,0,0,0,0,0,0,0,0,0	-4.601114,-4.849916,-5.565157,-7.406554,-5.963560,-3.036295,-4.824287,-4.450370,-5.792634,-4.658330,5.364077,-9.711683,-4.309590,-6.227702,-3.339664,-2.906670,-7.937616,-6.363883,-6.618797,-5.379948,-3.081727,-5.624134,-4.866736
Amem_AT7-3_WMQ79387.1	Amem_AT7-3_WMQ79387.1	/content/drive/MyDrive/CS_5782_Final_Project/code_and_data/BAHD_lastLayer_embeddings/Amem_AT7-3_WMQ79387.1_hidden_layer_steps10.pt	acceptor_superclass::Triterpenoids	acceptor_superclass::Flavonoids	0,0,0,0,0,0,0,0,0,0,0,0,0,0,0,0,0,0,0,0,1,0,0	0,0,0,0,0,1,0,0,0,0,0,0,0,0,0,0,0,0,0,0,0,0,0	-6.975786,-7.162551,-4.329096,-5.230444,-9.153131,2.634192,-4.432782,-6.628330,-5.756712,-8.410791,-8.958099,-3.617640,-5.419482,-9.656414,-6.809489,-6.295866,-4.364373,-6.912771,-4.216777,-4.845420,-3.770825,-3.594076,-3.512065
Arac_HPT1_QAA12830.1	Arac_HPT1_QAA12830.1	/content/drive/MyDrive/CS_5782_Final_Project/code_and_data/BAHD_lastLayer_embeddings/Arac_HPT1_QAA12830.1_hidden_layer_steps10.pt	acceptor_superclass::Phenylpropanoids (C6-C3)		0,0,0,0,0,0,0,0,0,0,0,0,0,0,0,1,0,0,0,0,0,0,0	0,0,0,0,0,0,0,0,0,0,0,0,0,0,0,0,0,0,0,0,0,0,0	-7.224980,-7.575446,-6.841190,-8.670002,-7.905522,-8.545660,-7.354411,-7.464425,-7.607781,-7.457196,-6.876240,-1.211303,-6.721806,-2.821665,-4.347220,-8.857601,-6.045292,-8.916618,-5.018435,-7.545254,-7.941051,-5.415881,-6.403440
Asat_HCBT_BAC78635.1	Asat_HCBT_BAC78635.1	/content/drive/MyDrive/CS_5782_Final_Project/code_and_data/BAHD_lastLayer_embeddings/Asat_HCBT_BAC78635.1_hidden_layer_steps10.pt	acceptor_superclass::Small peptides	acceptor_superclass::Phenolic acids (C6-C1)	0,0,0,0,0,0,0,0,0,0,0,0,0,0,0,0,0,0,1,0,0,0,0	0,0,0,0,0,0,0,0,0,0,0,0,0,1,0,0,0,0,0,0,0,0,0	-7.586817,-6.869700,-7.050759,-7.855432,-7.191634,-7.382400,-7.789035,-6.600110,-7.105316,-7.344612,-7.146736,-4.507799,-7.601185,4.864322,-7.328643,-6.897833,-5.612118,-7.144073,-6.610799,-7.550910,-7.603878,-4.830919,-6.252473
Asat_HHT1_BAC78633.1	Asat_HHT1_BAC78633.1	/content/drive/MyDrive/CS_5782_Final_Project/code_and_data/BAHD_lastLayer_embeddings/Asat_HHT1_BAC78633.1_hidden_layer_steps10.pt	acceptor_superclass::Phenolic acids (C6-C1)	acceptor_superclass::Small peptides	0,0,0,0,0,0,0,0,0,0,0,0,0,1,0,0,0,0,0,0,0,0,0	0,0,0,0,0,0,0,0,0,0,0,0,0,0,0,0,0,0,1,0,0,0,0	-7.085174,-7.637224,-7.546136,-8.562716,-6.654302,-5.349401,-7.024406,-6.904219,-6.594557,-4.414703,-8.129280,-7.954275,-7.509730,-1.835788,-5.179205,-1.070880,-7.296036,-7.747231,1.783520,-6.592476,-7.966682,-6.425743,-3.735903
Asat_HHT4_QDC27803.1	Asat_HHT4_QDC27803.1	/content/drive/MyDrive/CS_5782_Final_Project/code_and_data/BAHD_lastLayer_embeddings/Asat_HHT4_QDC27803.1_hidden_layer_steps10.pt	acceptor_superclass::Phenolic acids (C6-C1)	acceptor_superclass::Phenolic acids (C6-C1)	0,0,0,0,0,0,0,0,0,0,0,0,0,1,0,0,0,0,0,0,0,0,0	0,0,0,0,0,0,0,0,0,0,0,0,0,1,0,0,0,0,0,0,0,0,0	-7.276970,-6.968423,-10.042102,-6.701838,-6.909895,-7.621596,-4.989923,-5.580410,-6.692898,-6.136284,-7.101690,-6.236248,-8.046994,4.901285,-7.729074,-4.531836,-3.288186,-5.766099,-3.663960,-7.434439,-7.136590,-4.665689,-4.541970
Asch_AKS1_URS65387.1	Asch_AKS1_URS65387.1	/content/drive/MyDrive/CS_5782_Final_Project/code_and_data/BAHD_lastLayer_embeddings/Asch_AKS1_URS65387.1_hidden_layer_steps10.pt	acceptor_superclass::Tryptophan alkaloids		0,0,0,0,0,0,0,0,0,0,0,0,0,0,0,0,0,0,0,0,0,1,0	0,0,0,0,0,0,0,0,0,0,0,0,0,0,0,0,0,0,0,0,0,0,0	-6.780805,-7.289536,-8.854132,-7.298712,-7.776103,-5.654524,-7.796007,-7.356299,-7.010994,-8.792933,-7.484138,-5.390480,-6.764187,-7.612357,-5.304567,-7.877138,-8.460057,-3.640156,-7.085784,-5.917336,-2.316504,-4.064267,-4.306947
Asch_AKS2_URS65388.1	Asch_AKS2_URS65388.1	/content/drive/MyDrive/CS_5782_Final_Project/code_and_data/BAHD_lastLayer_embeddings/Asch_AKS2_URS65388.1_hidden_layer_steps10.pt	acceptor_superclass::Tryptophan alkaloids	acceptor_superclass::Monoterpenoids	0,0,0,0,0,0,0,0,0,0,0,0,0,0,0,0,0,0,0,0,0,1,0	0,0,0,0,0,0,0,0,0,1,0,0,0,0,0,0,0,0,0,0,0,0,0	-6.583128,-3.413528,-3.580753,-5.525497,-0.568276,-6.283351,-7.319682,-5.179087,-4.382130,2.326250,-6.393806,-2.858699,-7.611540,-3.008933,-4.930277,-2.936956,-3.845853,-6.142646,-6.574027,-9.861280,-5.460492,-8.562763,-4.859589
Asin_FMT_AHL24755.1	Asin_FMT_AHL24755.1	/content/drive/MyDrive/CS_5782_Final_Project/code_and_data/BAHD_lastLayer_embeddings/Asin_FMT_AHL24755.1_hidden_layer_steps10.pt	acceptor_superclass::Phenylpropanoids (C6-C3)		0,0,0,0,0,0,0,0,0,0,0,0,0,0,0,1,0,0,0,0,0,0,0	0,0,0,0,0,0,0,0,0,0,0,0,0,0,0,0,0,0,0,0,0,0,0	-6.630637,-6.697428,-6.435358,-7.154731,-8.271657,-4.683601,-7.582376,-6.575848,-6.741187,-7.604702,-6.004389,-5.582445,-6.490605,-5.519936,-7.499955,-6.984909,-7.341310,-3.471235,-7.862034,-6.962936,-6.961603,-8.031369,-6.480198
Atha_3AT1_AEE27636.1	Atha_3AT1_AEE27636.1	/content/drive/MyDrive/CS_5782_Final_Project/code_and_data/BAHD_lastLayer_embeddings/Atha_3AT1_AEE27636.1_hidden_layer_steps10.pt	acceptor_superclass::Flavonoids	acceptor_superclass::Triterpenoids	0,0,0,0,0,1,0,0,0,0,0,0,0,0,0,0,0,0,0,0,0,0,0	0,0,0,0,0,0,0,0,0,0,0,0,0,0,0,0,0,0,0,0,1,0,0	-5.915450,-5.334735,-9.033817,-5.455725,-8.199881,-0.691363,-2.606943,-4.983323,-6.556470,-6.039751,-4.968771,-4.180845,-6.556034,-2.195367,-5.244347,-4.711201,-2.490873,-5.702275,-5.190226,-5.203136,2.126983,-4.025578,-4.067513
Atha_3AT2_AAF86513.1	Atha_3AT2_AAF86513.1	/content/drive/MyDrive/CS_5782_Final_Project/code_and_data/BAHD_lastLayer_embeddings/Atha_3AT2_AAF86513.1_hidden_layer_steps10.pt	acceptor_superclass::Flavonoids	acceptor_superclass::Flavonoids	0,0,0,0,0,1,0,0,0,0,0,0,0,0,0,0,0,0,0,0,0,0,0	0,0,0,0,0,1,0,0,0,0,0,0,0,0,0,0,0,0,0,0,0,0,0	-5.960712,-5.544579,-6.650587,-4.832585,-6.491491,3.291958,-0.419514,-5.900208,-6.637861,-6.944202,-5.885711,-3.349233,-6.267763,-4.333771,-4.136640,-2.293547,-4.192394,-5.970421,-5.032175,-4.903595,-6.356963,-6.957320,-4.698438
Atha_5MAT_BAB01191.1	Atha_5MAT_BAB01191.1	/content/drive/MyDrive/CS_5782_Final_Project/code_and_data/BAHD_lastLayer_embeddings/Atha_5MAT_BAB01191.1_hidden_layer_steps10.pt	acceptor_superclass::Flavonoids	acceptor_superclass::Flavonoids;acceptor_superclass::Isoflavonoids;acceptor_superclass::Steroids	0,0,0,0,0,1,0,0,0,0,0,0,0,0,0,0,0,0,0,0,0,0,0	0,0,0,0,0,1,1,0,0,0,0,0,0,0,0,0,0,0,0,1,0,0,0	-4.052456,-4.604240,-4.734694,-5.759314,-6.256964,2.127607,2.515267,-4.344232,-4.354897,-7.458424,-4.816537,-7.328960,-4.186912,-1.715808,-1.605130,-2.396274,-3.855485,-5.058112,-7.342963,0.209351,-3.358410,-3.848888,-6.970291
Atha_ACT1_NP_200924.1	Atha_ACT1_NP_200924.1	/content/drive/MyDrive/CS_5782_Final_Project/code_and_data/BAHD_lastLayer_embeddings/Atha_ACT1_NP_200924.1_hidden_layer_steps10.pt	acceptor_superclass::Ornithine alkaloids;acceptor_superclass::Pseudoalkaloids	acceptor_superclass::Flavonoids	0,0,0,0,0,0,0,0,0,0,0,1,0,0,0,0,1,0,0,0,0,0,0	0,0,0,0,0,1,0,0,0,0,0,0,0,0,0,0,0,0,0,0,0,0,0	-5.235950,-6.000277,-5.741598,-5.711598,-6.628990,5.077338,-1.147334,-5.278417,-6.044880,-7.150086,-4.739676,-5.185531,-5.191159,-1.456517,-5.247462,-7.646643,-5.127044,-7.420475,-3.591568,-5.403862,-7.014974,-7.775178,-3.437075
Atha_HHT1_AAL34170.1	Atha_ASFT_NP_851111.1	/content/drive/MyDrive/CS_5782_Final_Project/code_and_data/BAHD_lastLayer_embeddings/Atha_HHT1_AAL34170.1_hidden_layer_steps10.pt	acceptor_superclass::Fatty Acids and Conjugates;acceptor_superclass::Fatty acyls	acceptor_superclass::Fatty Acids and Conjugates;acceptor_superclass::Fatty acyls	0,0,0,1,1,0,0,0,0,0,0,0,0,0,0,0,0,0,0,0,0,0,0	0,0,0,1,1,0,0,0,0,0,0,0,0,0,0,0,0,0,0,0,0,0,0	-7.113875,-5.501844,-5.016160,1.350570,6.264509,-6.023787,-6.394639,-3.627489,-6.523324,-4.997958,-6.605980,-4.873808,-6.051562,-7.185627,-4.407917,-3.830960,-6.754713,-5.433964,-3.992367,-5.887596,-6.002237,-5.006300,-5.365982
Atha_AT3G47170_NP_190301.2	Atha_AT3G47170_NP_190301.2	/content/drive/MyDrive/CS_5782_Final_Project/code_and_data/BAHD_lastLayer_embeddings/Atha_AT3G47170_NP_190301.2_hidden_layer_steps10.pt	acceptor_superclass::Ornithine alkaloids;acceptor_superclass::Pseudoalkaloids	acceptor_superclass::Phenylpropanoids (C6-C3)	0,0,0,0,0,0,0,0,0,0,0,1,0,0,0,0,1,0,0,0,0,0,0	0,0,0,0,0,0,0,0,0,0,0,0,0,0,0,1,0,0,0,0,0,0,0	-6.711023,-6.981500,-8.044188,-5.476811,-4.671907,-4.909932,-5.908258,-3.896163,-6.292232,-8.234904,-7.684539,-2.542523,-6.563828,-5.098945,-5.314469,0.024580,-4.616150,-6.236729,-5.985415,-7.100188,-6.175123,-4.840150,-3.400242
Atha_PHT_OAO95042.1	Atha_AT5G07080_OAO95042.1	/content/drive/MyDrive/CS_5782_Final_Project/code_and_data/BAHD_lastLayer_embeddings/Atha_PHT_OAO95042.1_hidden_layer_steps10.pt	acceptor_superclass::Ornithine alkaloids;acceptor_superclass::Pseudoalkaloids	acceptor_superclass::Ornithine alkaloids;acceptor_superclass::Pseudoalkaloids	0,0,0,0,0,0,0,0,0,0,0,1,0,0,0,0,1,0,0,0,0,0,0	0,0,0,0,0,0,0,0,0,0,0,1,0,0,0,0,1,0,0,0,0,0,0	-4.669452,-5.850999,-6.054978,-6.215170,-6.861897,-5.541613,-5.569131,-5.606852,-5.131281,-6.522241,-6.297088,7.318504,-4.618056,-5.295907,-6.117631,-3.676198,3.154368,-5.998600,-7.964345,-5.392746,-5.616040,-4.473666,-6.497454
Atha_BIA1_CAB10319.1	Atha_BIA1_CAB10319.1	/content/drive/MyDrive/CS_5782_Final_Project/code_and_data/BAHD_lastLayer_embeddings/Atha_BIA1_CAB10319.1_hidden_layer_steps10.pt	acceptor_superclass::Steroids		0,0,0,0,0,0,0,0,0,0,0,0,0,0,0,0,0,0,0,1,0,0,0	0,0,0,0,0,0,0,0,0,0,0,0,0,0,0,0,0,0,0,0,0,0,0	-7.246278,-7.182337,-5.510906,-5.436189,-5.412979,-4.399034,-6.937297,-5.991998,-7.467447,-3.337828,-5.561370,-6.051185,-4.696199,-8.817475,-7.375027,-7.663306,-7.865200,-5.854692,-9.323603,-6.973003,-3.432705,-6.226680,-7.504817
Atha_CHAT_AAN09797.1	Atha_CHAT_AAN09797.1	/content/drive/MyDrive/CS_5782_Final_Project/code_and_data/BAHD_lastLayer_embeddings/Atha_CHAT_AAN09797.1_hidden_layer_steps10.pt	acceptor_superclass::Fatty acyls;acceptor_superclass::Monoterpenoids;acceptor_superclass::Phenylethanoids (C6-C2);acceptor_superclass::Phenylpropanoids (C6-C3)	acceptor_superclass::Phenylpropanoids (C6-C3)	0,0,0,0,1,0,0,0,0,1,0,0,0,0,1,1,0,0,0,0,0,0,0	0,0,0,0,0,0,0,0,0,0,0,0,0,0,0,1,0,0,0,0,0,0,0	-5.705914,-4.810830,-6.208141,-6.039770,-1.647024,-2.983877,-5.939346,-2.651630,-3.759872,-4.399425,-7.027535,-3.868423,-6.421613,-7.034812,-4.940008,5.090510,-4.850110,-6.148527,-4.850148,-7.629079,-5.968640,-6.991147,-2.419626
Atha_COSY_AEE31013.1	Atha_COSY_AEE31013.1	/content/drive/MyDrive/CS_5782_Final_Project/code_and_data/BAHD_lastLayer_embeddings/Atha_COSY_AEE31013.1_hidden_layer_steps10.pt			0,0,0,0,0,0,0,0,0,0,0,0,0,0,0,0,0,0,0,0,0,0,0	0,0,0,0,0,0,0,0,0,0,0,0,0,0,0,0,0,0,0,0,0,0,0	-6.298501,-6.385579,-6.382129,-8.521344,-6.209463,-4.685304,-3.844841,-3.392207,-6.511096,-3.351329,-4.976264,-5.661003,-7.027439,-4.460754,-6.608078,-0.801765,-8.112065,-7.127013,-5.712648,-6.607289,-5.144279,-5.674780,-3.043466
Atha_DCF_AAQ62868.1	Atha_DCF_AAQ62868.1	/content/drive/MyDrive/CS_5782_Final_Project/code_and_data/BAHD_lastLayer_embeddings/Atha_DCF_AAQ62868.1_hidden_layer_steps10.pt	acceptor_superclass::Fatty Acids and Conjugates;acceptor_superclass::Fatty acyls	acceptor_superclass::Fatty Acids and Conjugates;acceptor_superclass::Fatty acyls	0,0,0,1,1,0,0,0,0,0,0,0,0,0,0,0,0,0,0,0,0,0,0	0,0,0,1,1,0,0,0,0,0,0,0,0,0,0,0,0,0,0,0,0,0,0	-6.059737,-5.228261,-6.314490,0.771329,2.613223,-5.299663,-5.098856,-5.459905,-5.981043,-5.567010,-5.327020,-4.389782,-5.458448,-5.357007,-2.839271,-4.654285,-4.216645,-5.892966,-2.701914,-5.785368,-6.076513,-7.791088,-3.606003
Atha_EPS1_NP_201517.1	Atha_EPS1_NP_201517.1	/content/drive/MyDrive/CS_5782_Final_Project/code_and_data/BAHD_lastLayer_embeddings/Atha_EPS1_NP_201517.1_hidden_layer_steps10.pt			0,0,0,0,0,0,0,0,0,0,0,0,0,0,0,0,0,0,0,0,0,0,0	0,0,0,0,0,0,0,0,0,0,0,0,0,0,0,0,0,0,0,0,0,0,0	-6.515575,-7.985969,-9.203061,-5.421005,-6.650742,-4.839429,-7.630847,-5.759230,-7.735175,-1.679357,-5.589252,-3.013929,-6.260580,-7.961740,-6.113072,-7.974937,-5.151287,-4.570516,-5.094891,-7.174010,-7.538210,-5.613053,-7.020709
Atha_FACT_AAN13119.1	Atha_FACT_AAN13119.1	/content/drive/MyDrive/CS_5782_Final_Project/code_and_data/BAHD_lastLayer_embeddings/Atha_FACT_AAN13119.1_hidden_layer_steps10.pt	acceptor_superclass::Fatty acyls	acceptor_superclass::Fatty acyls	0,0,0,0,1,0,0,0,0,0,0,0,0,0,0,0,0,0,0,0,0,0,0	0,0,0,0,1,0,0,0,0,0,0,0,0,0,0,0,0,0,0,0,0,0,0	-6.261168,-5.307041,-6.185132,-4.428858,3.835644,-8.380481,-6.806529,-6.616860,-8.058254,-5.911110,-6.602838,-6.279284,-6.513947,-5.591321,-4.492872,-3.750869,-7.591600,-7.378567,-3.671048,-6.752408,-5.714813,-5.913820,-6.320261
Atha_GGES_AED96958.1	Atha_GGES_AED96958.1	/content/drive/MyDrive/CS_5782_Final_Project/code_and_data/BAHD_lastLayer_embeddings/Atha_GGES_AED96958.1_hidden_layer_steps10.pt		acceptor_superclass::Phenolic acids (C6-C1)	0,0,0,0,0,0,0,0,0,0,0,0,0,0,0,0,0,0,0,0,0,0,0	0,0,0,0,0,0,0,0,0,0,0,0,0,1,0,0,0,0,0,0,0,0,0	-7.479620,-7.104282,-6.141567,-8.184011,-6.807389,-8.334611,-7.055333,-4.435958,-7.925707,-3.354026,-4.764902,-5.883301,-8.589321,0.585550,-9.461225,-3.913074,-8.246683,-7.290553,-6.124329,-8.123606,-7.445734,-6.530991,-6.705230
Atha_HCT_BAB10316.1	Atha_HCT_BAB10316.1	/content/drive/MyDrive/CS_5782_Final_Project/code_and_data/BAHD_lastLayer_embeddings/Atha_HCT_BAB10316.1_hidden_layer_steps10.pt	acceptor_superclass::Flavonoids;acceptor_superclass::Phenolic acids (C6-C1);acceptor_superclass::Phenylpropanoids (C6-C3);acceptor_superclass::Small peptides	acceptor_superclass::Phenolic acids (C6-C1)	0,0,0,0,0,1,0,0,0,0,0,0,0,1,0,1,0,0,1,0,0,0,0	0,0,0,0,0,0,0,0,0,0,0,0,0,1,0,0,0,0,0,0,0,0,0	-7.274909,-6.344906,-6.573942,-7.643311,-6.558321,-4.030909,-7.854979,-6.111951,-7.047400,-7.245677,-6.856893,-7.523027,-6.473027,7.715994,-5.844057,-5.176618,-7.013464,-6.958792,-3.073906,-6.866803,-6.515552,-6.056331,-5.919289
Atha_HHT1_AAL34170.1	Atha_HHT1_AAL34170.1	/content/drive/MyDrive/CS_5782_Final_Project/code_and_data/BAHD_lastLayer_embeddings/Atha_HHT1_AAL34170.1_hidden_layer_steps10.pt	acceptor_superclass::Fatty Acids and Conjugates;acceptor_superclass::Fatty acyls	acceptor_superclass::Fatty Acids and Conjugates;acceptor_superclass::Fatty acyls	0,0,0,1,1,0,0,0,0,0,0,0,0,0,0,0,0,0,0,0,0,0,0	0,0,0,1,1,0,0,0,0,0,0,0,0,0,0,0,0,0,0,0,0,0,0	-7.113875,-5.501844,-5.016160,1.350570,6.264509,-6.023787,-6.394639,-3.627489,-6.523324,-4.997958,-6.605980,-4.873808,-6.051562,-7.185627,-4.407917,-3.830960,-6.754713,-5.433964,-3.992367,-5.887596,-6.002237,-5.006300,-5.365982
Atha_FACT_AAN13119.1	Atha_HHT3_NP_201161.1	/content/drive/MyDrive/CS_5782_Final_Project/code_and_data/BAHD_lastLayer_embeddings/Atha_FACT_AAN13119.1_hidden_layer_steps10.pt	acceptor_superclass::Fatty acyls	acceptor_superclass::Fatty acyls	0,0,0,0,1,0,0,0,0,0,0,0,0,0,0,0,0,0,0,0,0,0,0	0,0,0,0,1,0,0,0,0,0,0,0,0,0,0,0,0,0,0,0,0,0,0	-6.323209,-4.328845,-5.298985,-2.725971,5.061445,-4.370709,-5.301091,-4.584651,-6.942426,-5.333385,-5.646581,-5.946184,-5.122533,-4.968470,-3.346804,-4.344366,-7.976635,-6.287586,-6.192823,-4.065372,-7.005329,-5.947737,-7.656191
Atha_HHT1_AAL34170.1	Atha_HHT_AAL34170.1	/content/drive/MyDrive/CS_5782_Final_Project/code_and_data/BAHD_lastLayer_embeddings/Atha_HHT1_AAL34170.1_hidden_layer_steps10.pt	acceptor_superclass::Fatty Acids and Conjugates	acceptor_superclass::Fatty Acids and Conjugates;acceptor_superclass::Fatty acyls	0,0,0,1,0,0,0,0,0,0,0,0,0,0,0,0,0,0,0,0,0,0,0	0,0,0,1,1,0,0,0,0,0,0,0,0,0,0,0,0,0,0,0,0,0,0	-7.113875,-5.501844,-5.016160,1.350570,6.264509,-6.023787,-6.394639,-3.627489,-6.523324,-4.997958,-6.605980,-4.873808,-6.051562,-7.185627,-4.407917,-3.830960,-6.754713,-5.433964,-3.992367,-5.887596,-6.002237,-5.006300,-5.365982
Atha_PHT_OAO95042.1	Atha_PHT_OAO95042.1	/content/drive/MyDrive/CS_5782_Final_Project/code_and_data/BAHD_lastLayer_embeddings/Atha_PHT_OAO95042.1_hidden_layer_steps10.pt	acceptor_superclass::Ornithine alkaloids;acceptor_superclass::Pseudoalkaloids	acceptor_superclass::Ornithine alkaloids;acceptor_superclass::Pseudoalkaloids	0,0,0,0,0,0,0,0,0,0,0,1,0,0,0,0,1,0,0,0,0,0,0	0,0,0,0,0,0,0,0,0,0,0,1,0,0,0,0,1,0,0,0,0,0,0	-5.408183,-5.912202,-4.934133,-6.458672,-6.703451,-4.530368,-5.435083,-4.822671,-5.844074,-5.463765,-5.950660,7.405079,-5.079208,-6.625249,-5.554330,-5.779810,3.386296,-5.287868,-5.875605,-5.781473,-6.106330,-5.507140,-6.289814
Atha_PMAT1_AED94391.1	Atha_PMAT1_AED94391.1	/content/drive/MyDrive/CS_5782_Final_Project/code_and_data/BAHD_lastLayer_embeddings/Atha_PMAT1_AED94391.1_hidden_layer_steps10.pt	acceptor_superclass::Flavonoids;acceptor_superclass::Isoflavonoids;acceptor_superclass::Steroids	acceptor_superclass::Flavonoids;acceptor_superclass::Isoflavonoids	0,0,0,0,0,1,1,0,0,0,0,0,0,0,0,0,0,0,0,1,0,0,0	0,0,0,0,0,1,1,0,0,0,0,0,0,0,0,0,0,0,0,0,0,0,0	-5.401428,-6.913188,-6.717776,-6.592495,-7.998801,3.957617,2.158782,-5.252312,-5.583155,-6.025647,-6.769303,-5.690283,-5.656821,-3.014483,-6.179190,-3.891302,-5.340633,-5.808382,-5.990378,-5.185045,-3.714748,-6.545498,-6.010985
Atha_PMAT2_BAB02518.1	Atha_PMAT2_BAB02518.1	/content/drive/MyDrive/CS_5782_Final_Project/code_and_data/BAHD_lastLayer_embeddings/Atha_PMAT2_BAB02518.1_hidden_layer_steps10.pt	acceptor_superclass::Coumarins;acceptor_superclass::Flavonoids;acceptor_superclass::Naphthalenes;acceptor_superclass::Phenanthrenoids;acceptor_superclass::Steroids	acceptor_superclass::Flavonoids	1,0,0,0,0,1,0,0,0,0,1,0,1,0,0,0,0,0,0,1,0,0,0	0,0,0,0,0,1,0,0,0,0,0,0,0,0,0,0,0,0,0,0,0,0,0	-6.408096,-7.470336,-8.086082,-8.217344,-7.746293,1.355500,-2.675354,-6.300806,-7.660425,-8.286665,-6.300777,-2.599433,-6.673991,-7.164245,-6.484302,-6.974472,-5.082519,-6.412871,-9.600378,-3.536301,-3.948950,-6.611866,-6.874940
Atha_SCT_AAP81804.1	Atha_SCT_AAP81804.1	/content/drive/MyDrive/CS_5782_Final_Project/code_and_data/BAHD_lastLayer_embeddings/Atha_SCT_AAP81804.1_hidden_layer_steps10.pt	acceptor_superclass::Ornithine alkaloids		0,0,0,0,0,0,0,0,0,0,0,1,0,0,0,0,0,0,0,0,0,0,0	0,0,0,0,0,0,0,0,0,0,0,0,0,0,0,0,0,0,0,0,0,0,0	-5.896156,-5.493026,-3.014148,-6.645553,-5.598884,-6.896945,-6.271342,-6.300194,-6.431622,-7.340374,-4.881232,-2.126004,-5.271989,-8.088083,-3.082277,-1.603091,-4.319566,-7.441070,-9.468765,-5.617259,-5.383347,-3.892515,-8.552220
Atha_SDT_AAC23766.1	Atha_SDT_AAC23766.1	/content/drive/MyDrive/CS_5782_Final_Project/code_and_data/BAHD_lastLayer_embeddings/Atha_SDT_AAC23766.1_hidden_layer_steps10.pt	acceptor_superclass::Ornithine alkaloids;acceptor_superclass::Pseudoalkaloids	acceptor_superclass::Tryptophan alkaloids	0,0,0,0,0,0,0,0,0,0,0,1,0,0,0,0,1,0,0,0,0,0,0	0,0,0,0,0,0,0,0,0,0,0,0,0,0,0,0,0,0,0,0,0,1,0	-3.732972,-5.589976,-7.237255,-8.347774,-6.142879,-5.635518,-3.992961,-5.212160,-6.537595,-2.167495,-5.520952,-0.547612,-4.544775,-4.827731,-3.945399,-4.916877,-1.404568,-6.258770,-5.359122,-3.711254,-3.751904,1.129417,-3.919250
Atha_SHT_AAD12025.1	Atha_SHT_AAD12025.1	/content/drive/MyDrive/CS_5782_Final_Project/code_and_data/BAHD_lastLayer_embeddings/Atha_SHT_AAD12025.1_hidden_layer_steps10.pt	acceptor_superclass::Ornithine alkaloids	acceptor_superclass::Ornithine alkaloids	0,0,0,0,0,0,0,0,0,0,0,1,0,0,0,0,0,0,0,0,0,0,0	0,0,0,0,0,0,0,0,0,0,0,1,0,0,0,0,0,0,0,0,0,0,0	-6.181999,-6.995955,-6.743528,-8.583144,-8.448910,-4.735659,-7.460674,-5.218442,-7.646599,-5.875031,-5.790175,5.207780,-6.680251,-4.109818,-4.780282,-6.294621,-1.525475,-8.188714,-4.034279,-6.959275,-6.736438,-6.270461,-6.120810
Atha_PHT_OAO95042.1	Atha_SHT_OAO95042.1	/content/drive/MyDrive/CS_5782_Final_Project/code_and_data/BAHD_lastLayer_embeddings/Atha_PHT_OAO95042.1_hidden_layer_steps10.pt	acceptor_superclass::Ornithine alkaloids	acceptor_superclass::Ornithine alkaloids;acceptor_superclass::Pseudoalkaloids	0,0,0,0,0,0,0,0,0,0,0,1,0,0,0,0,0,0,0,0,0,0,0	0,0,0,0,0,0,0,0,0,0,0,1,0,0,0,0,1,0,0,0,0,0,0	-5.605045,-5.511797,-5.460100,-5.161654,-5.446122,-6.124500,-4.993467,-4.401491,-5.063354,-5.089227,-6.098684,7.142967,-5.773602,-5.003512,-5.062068,-5.728178,7.368682,-5.251577,-5.437918,-5.448022,-4.870860,-4.811230,-5.609837
Atha_THAA1_BAB11062.1	Atha_THAA1_BAB11062.1	/content/drive/MyDrive/CS_5782_Final_Project/code_and_data/BAHD_lastLayer_embeddings/Atha_THAA1_BAB11062.1_hidden_layer_steps10.pt	acceptor_superclass::Triterpenoids	acceptor_superclass::Tryptophan alkaloids	0,0,0,0,0,0,0,0,0,0,0,0,0,0,0,0,0,0,0,0,1,0,0	0,0,0,0,0,0,0,0,0,0,0,0,0,0,0,0,0,0,0,0,0,1,0	-5.078799,-6.675838,-4.239308,-8.911554,-6.105826,-4.714667,-5.089032,-4.770911,-6.849275,-2.523785,-3.697172,-3.014517,-4.673837,-8.452228,-6.537920,-9.015445,-4.362026,-7.144684,-8.005068,-1.957891,-1.403708,0.632341,-4.270926
Atha_THAA2_AAO63428.1	Atha_THAA2_AAO63428.1	/content/drive/MyDrive/CS_5782_Final_Project/code_and_data/BAHD_lastLayer_embeddings/Atha_THAA2_AAO63428.1_hidden_layer_steps10.pt	acceptor_superclass::Triterpenoids		0,0,0,0,0,0,0,0,0,0,0,0,0,0,0,0,0,0,0,0,1,0,0	0,0,0,0,0,0,0,0,0,0,0,0,0,0,0,0,0,0,0,0,0,0,0	-5.740806,-6.920945,-0.374079,-7.109211,-5.306148,-5.151411,-8.346470,-4.640261,-5.428945,-6.534451,-4.833576,-6.516353,-6.097912,-7.064335,-5.764444,-5.620162,-4.228309,-8.244317,-7.307253,-4.647537,-5.149484,-7.290850,-6.511211
Bdis_PMT_CDG41682.1	Bdis_PMT_CDG41682.1	/content/drive/MyDrive/CS_5782_Final_Project/code_and_data/BAHD_lastLayer_embeddings/Bdis_PMT_CDG41682.1_hidden_layer_steps10.pt	acceptor_superclass::Phenylpropanoids (C6-C3)		0,0,0,0,0,0,0,0,0,0,0,0,0,0,0,1,0,0,0,0,0,0,0	0,0,0,0,0,0,0,0,0,0,0,0,0,0,0,0,0,0,0,0,0,0,0	-8.305900,-8.274837,-7.014829,-8.725596,-9.278265,-2.351736,-8.924097,-5.714174,-7.291015,-6.156713,-6.741080,-1.815058,-6.778919,-4.962530,-6.549233,-3.661186,-2.708571,-8.582250,-7.484689,-7.571841,-5.573252,-7.837259,-6.101385
Bmul_HQT1_BCY27076.1	Bmul_HQT1_BCY27076.1	/content/drive/MyDrive/CS_5782_Final_Project/code_and_data/BAHD_lastLayer_embeddings/Bmul_HQT1_BCY27076.1_hidden_layer_steps10.pt	acceptor_superclass::Phenolic acids (C6-C1);acceptor_superclass::Phenylpropanoids (C6-C3)	acceptor_superclass::Flavonoids;acceptor_superclass::Phenolic acids (C6-C1)	0,0,0,0,0,0,0,0,0,0,0,0,0,1,0,1,0,0,0,0,0,0,0	0,0,0,0,0,1,0,0,0,0,0,0,0,1,0,0,0,0,0,0,0,0,0	-6.918201,-7.155922,-5.416153,-4.523177,-8.919783,2.166001,-6.076195,-6.713273,-6.406770,-4.622131,-6.843606,-5.498199,-6.270986,0.880339,-6.215051,-8.161293,-7.522193,-7.034186,-1.732906,-6.507340,-5.659839,-7.179376,-3.935035
Bmul_HQT1_BDR61289.1	Bmul_HQT1_BDR61289.1	/content/drive/MyDrive/CS_5782_Final_Project/code_and_data/BAHD_lastLayer_embeddings/Bmul_HQT1_BDR61289.1_hidden_layer_steps10.pt	acceptor_superclass::Phenolic acids (C6-C1)	acceptor_superclass::Phenolic acids (C6-C1)	0,0,0,0,0,0,0,0,0,0,0,0,0,1,0,0,0,0,0,0,0,0,0	0,0,0,0,0,0,0,0,0,0,0,0,0,1,0,0,0,0,0,0,0,0,0	-7.662996,-7.337752,-8.524553,-7.652177,-6.932488,-3.874048,-8.689498,-6.311542,-8.510473,-8.753409,-7.209826,-5.601430,-6.879453,3.205958,-5.805632,-5.105346,-7.390195,-6.949334,-3.338998,-7.696812,-8.167382,-6.826394,-8.313993
Bser_AT1_QXN66176.1	Bser_AT1_QXN66176.1	/content/drive/MyDrive/CS_5782_Final_Project/code_and_data/BAHD_lastLayer_embeddings/Bser_AT1_QXN66176.1_hidden_layer_steps10.pt	acceptor_superclass::Triterpenoids		0,0,0,0,0,0,0,0,0,0,0,0,0,0,0,0,0,0,0,0,1,0,0	0,0,0,0,0,0,0,0,0,0,0,0,0,0,0,0,0,0,0,0,0,0,0	-7.683971,-5.578151,-5.182763,-8.227950,-7.236190,-6.722580,-6.828074,-6.290458,-6.405554,-6.673901,-5.487367,-4.773250,-6.148276,-9.107045,-5.511153,-7.041796,-7.357894,-5.833111,-8.314852,-6.927417,-2.843935,-0.945102,-5.468144
Cang_AT20_QLI57449.1	Cang_AT20_QLI57449.1	/content/drive/MyDrive/CS_5782_Final_Project/code_and_data/BAHD_lastLayer_embeddings/Cang_AT20_QLI57449.1_hidden_layer_steps10.pt	acceptor_superclass::Monoterpenoids	acceptor_superclass::Fatty acyls	0,0,0,0,0,0,0,0,0,1,0,0,0,0,0,0,0,0,0,0,0,0,0	0,0,0,0,1,0,0,0,0,0,0,0,0,0,0,0,0,0,0,0,0,0,0	-7.621788,-6.808815,-6.500110,-8.437713,2.957549,-5.809463,-8.948393,-6.173039,-6.117503,-5.361810,-6.916247,-7.338640,-6.813000,-6.693335,-4.316994,-1.131890,-6.493340,-7.654910,-6.784228,-7.820923,-8.046308,-7.326014,-8.405469
Cann_AT3_NP_001311698.1	Cann_AT3_NP_001311698.1	/content/drive/MyDrive/CS_5782_Final_Project/code_and_data/BAHD_lastLayer_embeddings/Cann_AT3_NP_001311698.1_hidden_layer_steps10.pt	acceptor_superclass::Tyrosine alkaloids	acceptor_superclass::Tyrosine alkaloids	0,0,0,0,0,0,0,0,0,0,0,0,0,0,0,0,0,0,0,0,0,0,1	0,0,0,0,0,0,0,0,0,0,0,0,0,0,0,0,0,0,0,0,0,0,1	-5.034513,-5.556947,-7.459899,-5.817154,-6.587594,-2.961982,-4.355696,-3.395345,-6.206892,-5.354157,-2.403599,-3.876595,-5.124908,-3.996367,-5.965447,-4.849652,-4.346709,-6.171593,-2.821551,-5.621129,-6.794847,-5.030237,4.812022
Cblu_HCT_CBI83579.1	Cblu_HCT_CBI83579.1	/content/drive/MyDrive/CS_5782_Final_Project/code_and_data/BAHD_lastLayer_embeddings/Cblu_HCT_CBI83579.1_hidden_layer_steps10.pt	acceptor_superclass::Phenolic acids (C6-C1);acceptor_superclass::Tyrosine alkaloids	acceptor_superclass::Phenolic acids (C6-C1);acceptor_superclass::Small peptides	0,0,0,0,0,0,0,0,0,0,0,0,0,1,0,0,0,0,0,0,0,0,1	0,0,0,0,0,0,0,0,0,0,0,0,0,1,0,0,0,0,1,0,0,0,0	-6.359324,-6.525851,-7.391861,-5.374733,-7.652655,-3.375955,-6.689955,-5.033088,-6.995313,-7.406298,-7.499101,-7.965601,-6.251828,5.388612,-7.741517,-1.988283,-6.262302,-5.678828,3.755249,-5.368862,-6.703452,-6.010033,-5.184627
Cblu_HCT_CBI83579.1	Cblu_HST_CBI83579.1	/content/drive/MyDrive/CS_5782_Final_Project/code_and_data/BAHD_lastLayer_embeddings/Cblu_HCT_CBI83579.1_hidden_layer_steps10.pt	acceptor_superclass::Phenolic acids (C6-C1);acceptor_superclass::Small peptides	acceptor_superclass::Flavonoids;acceptor_superclass::Phenolic acids (C6-C1);acceptor_superclass::Tyrosine alkaloids	0,0,0,0,0,0,0,0,0,0,0,0,0,1,0,0,0,0,1,0,0,0,0	0,0,0,0,0,1,0,0,0,0,0,0,0,1,0,0,0,0,0,0,0,0,1	-4.268218,-5.655391,-8.227604,-6.097438,-7.338344,2.551790,-3.557271,-5.709341,-6.720696,-7.091074,-6.560873,-2.356846,-3.904295,4.422398,-6.030573,-3.694293,-4.802398,-8.415334,-4.381785,-5.241589,-5.153549,-4.463637,2.859908
Cblu_RAS_CAK55166.1	Cblu_RAS_CAK55166.1	/content/drive/MyDrive/CS_5782_Final_Project/code_and_data/BAHD_lastLayer_embeddings/Cblu_RAS_CAK55166.1_hidden_layer_steps10.pt	acceptor_superclass::Small peptides;acceptor_superclass::Tyrosine alkaloids		0,0,0,0,0,0,0,0,0,0,0,0,0,0,0,0,0,0,1,0,0,0,1	0,0,0,0,0,0,0,0,0,0,0,0,0,0,0,0,0,0,0,0,0,0,0	-7.143675,-8.698082,-5.808612,-8.496619,-9.239228,-5.629481,-6.976331,-6.322356,-7.256264,-7.334603,-6.767854,-6.686471,-6.453970,-1.254407,-9.402924,-9.351654,-8.449180,-7.096588,-5.464068,-7.207081,-6.682452,-5.506370,-6.865353
Cbra_HQT-like_GBG71902.1	Cbra_HQT-like_GBG71902.1	/content/drive/MyDrive/CS_5782_Final_Project/code_and_data/BAHD_lastLayer_embeddings/Cbra_HQT-like_GBG71902.1_hidden_layer_steps10.pt	acceptor_superclass::Phenolic acids (C6-C1)		0,0,0,0,0,0,0,0,0,0,0,0,0,1,0,0,0,0,0,0,0,0,0	0,0,0,0,0,0,0,0,0,0,0,0,0,0,0,0,0,0,0,0,0,0,0	-6.274352,-6.802508,-7.917757,-2.438279,-9.163893,-5.300326,-6.765292,-6.170522,-4.922797,-5.078350,-6.238795,-1.705528,-4.552794,-2.819432,-7.543946,-4.506005,-0.711263,-3.437575,-5.668278,-7.389304,-6.627125,-3.343756,-4.942794
Cbre_BEAT_AAC18062.1	Cbre_BEAT_AAC18062.1	/content/drive/MyDrive/CS_5782_Final_Project/code_and_data/BAHD_lastLayer_embeddings/Cbre_BEAT_AAC18062.1_hidden_layer_steps10.pt	acceptor_superclass::Phenanthrenoids;acceptor_superclass::Phenylethanoids (C6-C2);acceptor_superclass::Phenylpropanoids (C6-C3)		0,0,0,0,0,0,0,0,0,0,0,0,1,0,1,1,0,0,0,0,0,0,0	0,0,0,0,0,0,0,0,0,0,0,0,0,0,0,0,0,0,0,0,0,0,0	-7.318450,-7.400551,-3.737133,-7.225155,-9.028960,-7.537539,-6.507312,-7.055773,-6.710597,-6.134634,-7.927481,-7.877077,-6.740140,-2.619472,-8.978138,-9.039099,-6.837481,-5.278864,-4.551818,-6.622337,-5.407363,-1.094403,-5.172152
Cbre_BEBT_AAN09796.1	Cbre_BEBT_AAN09796.1	/content/drive/MyDrive/CS_5782_Final_Project/code_and_data/BAHD_lastLayer_embeddings/Cbre_BEBT_AAN09796.1_hidden_layer_steps10.pt	acceptor_superclass::Phenylpropanoids (C6-C3)		0,0,0,0,0,0,0,0,0,0,0,0,0,0,0,1,0,0,0,0,0,0,0	0,0,0,0,0,0,0,0,0,0,0,0,0,0,0,0,0,0,0,0,0,0,0	-7.196173,-7.165934,-6.149374,-6.375944,-3.819918,-1.853563,-6.993461,-6.284507,-5.286622,-1.915663,-6.222994,-8.668613,-5.860782,-8.545093,-7.099051,-5.346828,-7.321424,-6.879357,-5.495710,-7.324459,-6.264311,-7.368880,-8.371354
Ccan_HCT_ABO47805.1	Ccan_HCT_ABO47805.1	/content/drive/MyDrive/CS_5782_Final_Project/code_and_data/BAHD_lastLayer_embeddings/Ccan_HCT_ABO47805.1_hidden_layer_steps10.pt	acceptor_superclass::Phenolic acids (C6-C1);acceptor_superclass::Phenylpropanoids (C6-C3)	acceptor_superclass::Phenolic acids (C6-C1)	0,0,0,0,0,0,0,0,0,0,0,0,0,1,0,1,0,0,0,0,0,0,0	0,0,0,0,0,0,0,0,0,0,0,0,0,1,0,0,0,0,0,0,0,0,0	-6.563597,-7.320843,-6.796602,-7.336193,-7.031270,-6.071463,-5.663298,-5.429080,-6.648578,-6.102088,-6.430742,-6.912942,-5.831648,7.880430,-6.891264,-4.955578,-7.231886,-6.012298,-5.491124,-6.202546,-6.651477,-5.189792,-7.251468
Ccan_HQT_ABO77957.1	Ccan_HQT_ABO77957.1	/content/drive/MyDrive/CS_5782_Final_Project/code_and_data/BAHD_lastLayer_embeddings/Ccan_HQT_ABO77957.1_hidden_layer_steps10.pt	acceptor_superclass::Phenolic acids (C6-C1);acceptor_superclass::Phenylpropanoids (C6-C3)	acceptor_superclass::Phenolic acids (C6-C1);acceptor_superclass::Small peptides	0,0,0,0,0,0,0,0,0,0,0,0,0,1,0,1,0,0,0,0,0,0,0	0,0,0,0,0,0,0,0,0,0,0,0,0,1,0,0,0,0,1,0,0,0,0	-5.784153,-6.771824,-7.028764,-7.587087,-8.501071,-3.456987,-7.522568,-6.215892,-6.031205,-6.489785,-6.030075,-7.484376,-5.833098,6.371835,-8.311406,-2.997971,-5.705021,-6.319450,1.041367,-5.935930,-6.622082,-7.491453,-5.917638
Ccar_HCT_AAZ80046.1	Ccar_HCT_AAZ80046.1	/content/drive/MyDrive/CS_5782_Final_Project/code_and_data/BAHD_lastLayer_embeddings/Ccar_HCT_AAZ80046.1_hidden_layer_steps10.pt	acceptor_superclass::Phenolic acids (C6-C1)	acceptor_superclass::Phenolic acids (C6-C1)	0,0,0,0,0,0,0,0,0,0,0,0,0,1,0,0,0,0,0,0,0,0,0	0,0,0,0,0,0,0,0,0,0,0,0,0,1,0,0,0,0,0,0,0,0,0	-6.519442,-7.894685,-8.357573,-6.298967,-8.487202,-4.958580,-6.342789,-5.156228,-7.386488,-7.166745,-7.591634,-3.388339,-6.864450,5.870756,-8.881624,-2.731014,-5.588385,-7.295601,-4.485734,-6.858294,-6.829607,-7.207735,-8.518758
Ccar_HQT1_CAM84302.2	Ccar_HQT1_CAM84302.2	/content/drive/MyDrive/CS_5782_Final_Project/code_and_data/BAHD_lastLayer_embeddings/Ccar_HQT1_CAM84302.2_hidden_layer_steps10.pt	acceptor_superclass::Phenolic acids (C6-C1)	acceptor_superclass::Phenolic acids (C6-C1)	0,0,0,0,0,0,0,0,0,0,0,0,0,1,0,0,0,0,0,0,0,0,0	0,0,0,0,0,0,0,0,0,0,0,0,0,1,0,0,0,0,0,0,0,0,0	-6.890221,-7.825529,-6.655927,-5.941157,-6.861368,-7.732144,-6.304264,-6.497142,-6.641747,-7.097721,-7.053252,-6.956656,-6.965737,5.799506,-7.473472,-1.922094,-6.689324,-7.282547,-2.910946,-7.123350,-7.370409,-6.686491,-5.196652
Ccar_HQT2_ACJ23164.1	Ccar_HQT2_ACJ23164.1	/content/drive/MyDrive/CS_5782_Final_Project/code_and_data/BAHD_lastLayer_embeddings/Ccar_HQT2_ACJ23164.1_hidden_layer_steps10.pt	acceptor_superclass::Phenolic acids (C6-C1)	acceptor_superclass::Phenolic acids (C6-C1)	0,0,0,0,0,0,0,0,0,0,0,0,0,1,0,0,0,0,0,0,0,0,0	0,0,0,0,0,0,0,0,0,0,0,0,0,1,0,0,0,0,0,0,0,0,0	-6.788765,-7.231652,-6.611031,-6.533406,-7.731872,-5.308738,-6.063910,-5.767427,-7.092430,-6.283950,-7.508380,-5.617648,-6.151907,7.400507,-7.878503,-7.328987,-6.006035,-6.364190,-5.137106,-6.425986,-5.930769,-6.653163,-6.978451
Ccar_HQT_ABK79689.1	Ccar_HQT_ABK79689.1	/content/drive/MyDrive/CS_5782_Final_Project/code_and_data/BAHD_lastLayer_embeddings/Ccar_HQT_ABK79689.1_hidden_layer_steps10.pt	acceptor_superclass::Phenolic acids (C6-C1)	acceptor_superclass::Phenolic acids (C6-C1)	0,0,0,0,0,0,0,0,0,0,0,0,0,1,0,0,0,0,0,0,0,0,0	0,0,0,0,0,0,0,0,0,0,0,0,0,1,0,0,0,0,0,0,0,0,0	-6.710317,-6.685371,-6.043127,-7.732991,-7.856472,-6.163364,-5.497299,-5.720784,-6.207662,-5.917612,-6.505538,-6.305799,-5.891779,7.444801,-6.407073,-6.314177,-5.794428,-6.660090,-5.069488,-6.418040,-5.910245,-6.735249,-7.669337
Ccar_HQT_ABK79690.1	Ccar_HQT_ABK79690.1	/content/drive/MyDrive/CS_5782_Final_Project/code_and_data/BAHD_lastLayer_embeddings/Ccar_HQT_ABK79690.1_hidden_layer_steps10.pt	acceptor_superclass::Phenolic acids (C6-C1)	acceptor_superclass::Phenolic acids (C6-C1)	0,0,0,0,0,0,0,0,0,0,0,0,0,1,0,0,0,0,0,0,0,0,0	0,0,0,0,0,0,0,0,0,0,0,0,0,1,0,0,0,0,0,0,0,0,0	-6.611368,-6.705187,-6.723565,-8.006235,-8.717938,-6.261050,-6.304764,-5.057439,-6.096574,-5.414942,-6.421498,-3.668256,-6.315022,5.767209,-6.892066,-6.273626,-2.964941,-6.491324,-7.337874,-6.812315,-5.319774,-5.580547,-7.426329
Cchi_AT3_AAV66309.1	Cchi_AT3_AAV66309.1	/content/drive/MyDrive/CS_5782_Final_Project/code_and_data/BAHD_lastLayer_embeddings/Cchi_AT3_AAV66309.1_hidden_layer_steps10.pt	acceptor_superclass::Tyrosine alkaloids		0,0,0,0,0,0,0,0,0,0,0,0,0,0,0,0,0,0,0,0,0,0,1	0,0,0,0,0,0,0,0,0,0,0,0,0,0,0,0,0,0,0,0,0,0,0	-4.464783,-6.628967,-6.560544,-8.573858,-7.098295,-1.390583,-4.031032,-4.925261,-5.972565,-2.218845,-4.369535,-4.069518,-4.179987,-6.308562,-4.702296,-5.104657,-3.889146,-5.073996,-5.170981,-4.761530,-5.394802,-7.500943,-0.677488
Ccro_AT1_AXB26761.1	Ccro_AT1_AXB26761.1	/content/drive/MyDrive/CS_5782_Final_Project/code_and_data/BAHD_lastLayer_embeddings/Ccro_AT1_AXB26761.1_hidden_layer_steps10.pt	acceptor_superclass::Flavonoids	acceptor_superclass::Flavonoids	0,0,0,0,0,1,0,0,0,0,0,0,0,0,0,0,0,0,0,0,0,0,0	0,0,0,0,0,1,0,0,0,0,0,0,0,0,0,0,0,0,0,0,0,0,0	-5.923164,-6.773914,-6.094774,-5.888441,-6.336394,4.967309,-5.505517,-5.835669,-5.698324,-5.528349,-6.673938,-6.089926,-6.987588,-6.279922,-7.397337,-6.673124,-6.595572,-6.068580,-5.318068,-6.528271,-5.877002,-8.923599,-5.213536
Ccro_AT1_AXB26761.1	Ccro_AT2_AXB26761.1	/content/drive/MyDrive/CS_5782_Final_Project/code_and_data/BAHD_lastLayer_embeddings/Ccro_AT1_AXB26761.1_hidden_layer_steps10.pt	acceptor_superclass::Flavonoids	acceptor_superclass::Flavonoids	0,0,0,0,0,1,0,0,0,0,0,0,0,0,0,0,0,0,0,0,0,0,0	0,0,0,0,0,1,0,0,0,0,0,0,0,0,0,0,0,0,0,0,0,0,0	-5.674135,-5.689110,-5.655080,-6.740050,-6.969189,7.011795,-4.723332,-5.895255,-6.564774,-6.020343,-5.496497,-7.032080,-5.589701,-4.448442,-6.512753,-5.718830,-5.437454,-6.466967,-5.904374,-4.980231,-5.296136,-5.798865,-5.708341
Ccro_AT2_AXB26762.1	Ccro_AT2_AXB26762.1	/content/drive/MyDrive/CS_5782_Final_Project/code_and_data/BAHD_lastLayer_embeddings/Ccro_AT2_AXB26762.1_hidden_layer_steps10.pt	acceptor_superclass::Flavonoids	acceptor_superclass::Flavonoids	0,0,0,0,0,1,0,0,0,0,0,0,0,0,0,0,0,0,0,0,0,0,0	0,0,0,0,0,1,0,0,0,0,0,0,0,0,0,0,0,0,0,0,0,0,0	-6.351274,-7.199060,-6.442924,-7.032180,-8.073481,6.008212,-5.010958,-5.218550,-6.775148,-5.200736,-6.821446,-4.792281,-5.247478,-5.706750,-5.226624,-5.391436,-6.814476,-7.211545,-5.510862,-5.506279,-6.962225,-6.980975,-5.597427
Ccro_HCT_WKA69991.1	Ccro_HCT_WKA69991.1	/content/drive/MyDrive/CS_5782_Final_Project/code_and_data/BAHD_lastLayer_embeddings/Ccro_HCT_WKA69991.1_hidden_layer_steps10.pt	acceptor_superclass::Phenolic acids (C6-C1)		0,0,0,0,0,0,0,0,0,0,0,0,0,1,0,0,0,0,0,0,0,0,0	0,0,0,0,0,0,0,0,0,0,0,0,0,0,0,0,0,0,0,0,0,0,0	-7.974862,-7.421314,-9.539052,-6.714792,-7.976950,-7.693026,-6.955180,-6.279387,-7.315671,-8.365705,-6.547162,-2.352353,-8.228344,-0.127567,-7.847350,-5.781234,-2.973228,-6.948822,-7.836286,-8.247656,-7.465440,-7.222230,-5.693209
Cint_HCT1_ANN12608.1	Cint_HCT1_ANN12608.1	/content/drive/MyDrive/CS_5782_Final_Project/code_and_data/BAHD_lastLayer_embeddings/Cint_HCT1_ANN12608.1_hidden_layer_steps10.pt	acceptor_superclass::Phenolic acids (C6-C1)	acceptor_superclass::Phenolic acids (C6-C1)	0,0,0,0,0,0,0,0,0,0,0,0,0,1,0,0,0,0,0,0,0,0,0	0,0,0,0,0,0,0,0,0,0,0,0,0,1,0,0,0,0,0,0,0,0,0	-7.078952,-8.606679,-6.301957,-5.686970,-8.231754,-6.259490,-9.219960,-5.526906,-9.037588,-6.569005,-6.510508,-8.079229,-7.752365,5.165870,-8.545043,-3.843740,-6.850142,-6.393153,-4.608255,-7.042335,-5.413840,-7.860263,-7.229123
Cint_HCT2_ANN12609.1	Cint_HCT2_ANN12609.1	/content/drive/MyDrive/CS_5782_Final_Project/code_and_data/BAHD_lastLayer_embeddings/Cint_HCT2_ANN12609.1_hidden_layer_steps10.pt	acceptor_superclass::Phenolic acids (C6-C1)	acceptor_superclass::Phenolic acids (C6-C1)	0,0,0,0,0,0,0,0,0,0,0,0,0,1,0,0,0,0,0,0,0,0,0	0,0,0,0,0,0,0,0,0,0,0,0,0,1,0,0,0,0,0,0,0,0,0	-7.367751,-6.599877,-7.186232,-5.467699,-5.074378,-5.090889,-8.030458,-6.235226,-7.570453,-9.077874,-6.308811,-6.747851,-6.097646,6.045109,-6.660243,-6.294495,-7.486270,-6.520051,-4.329698,-6.651634,-7.249755,-5.816445,-5.063776
Cint_HQT1_ANN12610.1	Cint_HQT1_ANN12610.1	/content/drive/MyDrive/CS_5782_Final_Project/code_and_data/BAHD_lastLayer_embeddings/Cint_HQT1_ANN12610.1_hidden_layer_steps10.pt	acceptor_superclass::Phenolic acids (C6-C1)	acceptor_superclass::Phenolic acids (C6-C1)	0,0,0,0,0,0,0,0,0,0,0,0,0,1,0,0,0,0,0,0,0,0,0	0,0,0,0,0,0,0,0,0,0,0,0,0,1,0,0,0,0,0,0,0,0,0	-6.474497,-7.505236,-5.191518,-6.609310,-6.561255,-9.227561,-7.072340,-6.053996,-7.342313,-7.355068,-6.188179,-6.141848,-6.757382,5.530177,-7.632744,-1.337613,-6.790397,-6.605262,-3.885278,-6.487321,-7.231628,-6.443886,-6.764425
Cint_HQT2_ANN12611.1	Cint_HQT2_ANN12611.1	/content/drive/MyDrive/CS_5782_Final_Project/code_and_data/BAHD_lastLayer_embeddings/Cint_HQT2_ANN12611.1_hidden_layer_steps10.pt	acceptor_superclass::Phenolic acids (C6-C1)	acceptor_superclass::Phenolic acids (C6-C1)	0,0,0,0,0,0,0,0,0,0,0,0,0,1,0,0,0,0,0,0,0,0,0	0,0,0,0,0,0,0,0,0,0,0,0,0,1,0,0,0,0,0,0,0,0,0	-7.209163,-7.552613,-7.262316,-6.388053,-7.745069,-6.421476,-6.282916,-5.379412,-7.678236,-7.240173,-7.985332,-4.602083,-7.289083,5.446913,-8.357257,-2.922457,-7.056446,-5.530470,-6.551296,-7.064501,-8.277769,-6.281942,-6.852841
Cint_HQT3_ANN12612.1	Cint_HQT3_ANN12612.1	/content/drive/MyDrive/CS_5782_Final_Project/code_and_data/BAHD_lastLayer_embeddings/Cint_HQT3_ANN12612.1_hidden_layer_steps10.pt	acceptor_superclass::Phenolic acids (C6-C1)	acceptor_superclass::Phenolic acids (C6-C1)	0,0,0,0,0,0,0,0,0,0,0,0,0,1,0,0,0,0,0,0,0,0,0	0,0,0,0,0,0,0,0,0,0,0,0,0,1,0,0,0,0,0,0,0,0,0	-7.451318,-7.553668,-7.776041,-6.384437,-7.568186,-6.378980,-5.877796,-5.782220,-8.046530,-7.659692,-7.419887,-4.019688,-6.850472,5.491258,-7.685261,-2.506485,-6.147063,-5.709354,-4.253753,-6.481975,-7.251224,-8.060703,-7.367217
Cint_SHT1_AXY93625.1	Cint_SHT1_AXY93625.1	/content/drive/MyDrive/CS_5782_Final_Project/code_and_data/BAHD_lastLayer_embeddings/Cint_SHT1_AXY93625.1_hidden_layer_steps10.pt	acceptor_superclass::Ornithine alkaloids;acceptor_superclass::Phenolic acids (C6-C1);acceptor_superclass::Pseudoalkaloids	acceptor_superclass::Ornithine alkaloids	0,0,0,0,0,0,0,0,0,0,0,1,0,1,0,0,1,0,0,0,0,0,0	0,0,0,0,0,0,0,0,0,0,0,1,0,0,0,0,0,0,0,0,0,0,0	-6.669987,-5.455505,-6.638414,-7.534492,-5.787653,-3.819594,-4.761136,-5.899426,-6.797039,-8.227915,-9.502544,4.207311,-5.506956,-5.899655,-3.266447,-4.262813,-4.148122,-7.023085,-4.002919,-6.156232,-4.966910,-6.972478,-5.396343
Cint_SHT2_AXY93626.1	Cint_SHT2_AXY93626.1	/content/drive/MyDrive/CS_5782_Final_Project/code_and_data/BAHD_lastLayer_embeddings/Cint_SHT2_AXY93626.1_hidden_layer_steps10.pt	acceptor_superclass::Ornithine alkaloids;acceptor_superclass::Phenolic acids (C6-C1);acceptor_superclass::Pseudoalkaloids	acceptor_superclass::Ornithine alkaloids;acceptor_superclass::Pseudoalkaloids	0,0,0,0,0,0,0,0,0,0,0,1,0,1,0,0,1,0,0,0,0,0,0	0,0,0,0,0,0,0,0,0,0,0,1,0,0,0,0,1,0,0,0,0,0,0	-5.813027,-6.822837,-2.541467,-7.089473,-7.898076,-3.451270,-5.853582,-6.752821,-5.896077,-3.679073,-5.920376,3.605716,-5.153376,-2.154740,-7.875702,-9.562325,0.096783,-7.051115,-5.826880,-4.952152,-5.919068,-7.337400,-6.342711
Cmel_AAT1_CAA94432.1	Cmel_AAT1_CAA94432.1	/content/drive/MyDrive/CS_5782_Final_Project/code_and_data/BAHD_lastLayer_embeddings/Cmel_AAT1_CAA94432.1_hidden_layer_steps10.pt	acceptor_superclass::Fatty acyls;acceptor_superclass::Phenylethanoids (C6-C2);acceptor_superclass::Phenylpropanoids (C6-C3)		0,0,0,0,1,0,0,0,0,0,0,0,0,0,1,1,0,0,0,0,0,0,0	0,0,0,0,0,0,0,0,0,0,0,0,0,0,0,0,0,0,0,0,0,0,0	-6.098497,-6.877190,-3.378212,-7.259574,-2.224344,-2.814192,-7.972133,-6.200233,-4.639991,-5.341334,-7.656630,-5.783951,-6.746980,-5.916758,-8.667992,-1.638834,-5.973328,-6.982823,-7.141572,-7.061193,-6.473598,-9.762650,-8.496669
Cmel_AAT3_AAW51125.1	Cmel_AAT3_AAW51125.1	/content/drive/MyDrive/CS_5782_Final_Project/code_and_data/BAHD_lastLayer_embeddings/Cmel_AAT3_AAW51125.1_hidden_layer_steps10.pt	acceptor_superclass::Fatty acyls	acceptor_superclass::Fatty acyls;acceptor_superclass::Monoterpenoids;acceptor_superclass::Phenylpropanoids (C6-C3)	0,0,0,0,1,0,0,0,0,0,0,0,0,0,0,0,0,0,0,0,0,0,0	0,0,0,0,1,0,0,0,0,1,0,0,0,0,0,1,0,0,0,0,0,0,0	-5.221632,-5.362019,-8.295826,-3.659262,0.905008,-7.268373,-7.098880,-3.177879,-1.566761,0.971513,-6.455141,-5.698263,-5.020233,-5.196657,-1.619481,3.203826,-5.775894,-5.018563,-2.833757,-6.420374,-4.967724,-5.621949,-4.813035
Cmel_AAT4_AAW51126.1	Cmel_AAT4_AAW51126.1	/content/drive/MyDrive/CS_5782_Final_Project/code_and_data/BAHD_lastLayer_embeddings/Cmel_AAT4_AAW51126.1_hidden_layer_steps10.pt	acceptor_superclass::Fatty acyls;acceptor_superclass::Monoterpenoids;acceptor_superclass::Phenylpropanoids (C6-C3)		0,0,0,0,1,0,0,0,0,1,0,0,0,0,0,1,0,0,0,0,0,0,0	0,0,0,0,0,0,0,0,0,0,0,0,0,0,0,0,0,0,0,0,0,0,0	-6.836376,-6.771095,-3.774656,-4.757545,-6.080884,-6.429531,-5.795237,-6.502566,-5.824232,-4.872837,-6.154167,-4.577554,-6.735698,-8.948065,-5.451601,-8.117367,-4.182179,-3.266480,-9.153105,-6.992280,-4.305907,-1.250480,-9.712199
Cros_DAT_AAC99311.1	Cros_DAT_AAC99311.1	/content/drive/MyDrive/CS_5782_Final_Project/code_and_data/BAHD_lastLayer_embeddings/Cros_DAT_AAC99311.1_hidden_layer_steps10.pt	acceptor_superclass::Tryptophan alkaloids		0,0,0,0,0,0,0,0,0,0,0,0,0,0,0,0,0,0,0,0,0,1,0	0,0,0,0,0,0,0,0,0,0,0,0,0,0,0,0,0,0,0,0,0,0,0	-5.972848,-5.323612,-0.515468,-7.090773,-5.252658,-6.707159,-6.655721,-5.840657,-5.802474,-4.718227,-5.226476,-5.483609,-6.261148,-7.708019,-4.387834,-6.064523,-4.747285,-3.184832,-7.252423,-7.162532,-7.427275,-0.821664,-6.708786
Cros_MAT_AAO13736.1	Cros_MAT_AAO13736.1	/content/drive/MyDrive/CS_5782_Final_Project/code_and_data/BAHD_lastLayer_embeddings/Cros_MAT_AAO13736.1_hidden_layer_steps10.pt	acceptor_superclass::Tryptophan alkaloids	acceptor_superclass::Tryptophan alkaloids	0,0,0,0,0,0,0,0,0,0,0,0,0,0,0,0,0,0,0,0,0,1,0	0,0,0,0,0,0,0,0,0,0,0,0,0,0,0,0,0,0,0,0,0,1,0	-5.509305,-4.817587,-7.463337,-9.013440,-6.416317,-7.031091,-6.201258,-5.483515,-5.426814,-3.128099,-5.014052,-5.568737,-3.248369,-5.942927,-3.328913,-1.850981,-4.113091,-4.401097,-6.673697,-6.508205,-6.708072,3.584654,-3.664750
Cros_TAT_AQP25667.1	Cros_TAT_AQP25667.1	/content/drive/MyDrive/CS_5782_Final_Project/code_and_data/BAHD_lastLayer_embeddings/Cros_TAT_AQP25667.1_hidden_layer_steps10.pt	acceptor_superclass::Tryptophan alkaloids		0,0,0,0,0,0,0,0,0,0,0,0,0,0,0,0,0,0,0,0,0,1,0	0,0,0,0,0,0,0,0,0,0,0,0,0,0,0,0,0,0,0,0,0,0,0	-5.960527,-6.408387,-6.631000,-6.488267,-7.740979,-6.246871,-7.774397,-6.481559,-6.746648,-8.214481,-4.215169,-1.211247,-6.167794,-7.608325,-7.537074,-5.900209,-5.442117,-2.719372,-9.342614,-5.726521,-3.121906,-6.862516,-7.065853
Csat_HCT_AEJ88365.1	Csat_HCT_AEJ88365.1	/content/drive/MyDrive/CS_5782_Final_Project/code_and_data/BAHD_lastLayer_embeddings/Csat_HCT_AEJ88365.1_hidden_layer_steps10.pt	acceptor_superclass::Phenolic acids (C6-C1)	acceptor_superclass::Phenolic acids (C6-C1)	0,0,0,0,0,0,0,0,0,0,0,0,0,1,0,0,0,0,0,0,0,0,0	0,0,0,0,0,0,0,0,0,0,0,0,0,1,0,0,0,0,0,0,0,0,0	-7.722574,-6.949689,-6.301788,-6.984695,-8.050422,-4.954854,-7.900203,-5.534984,-7.084308,-6.194901,-7.155982,-4.394398,-7.487340,7.049979,-9.630427,-6.559237,-3.232820,-6.637841,-3.221961,-7.186750,-7.441696,-6.441724,-5.433542
Csco_HQT1_CAM84302.2	Csco_HQT1_CAM84302.2	/content/drive/MyDrive/CS_5782_Final_Project/code_and_data/BAHD_lastLayer_embeddings/Csco_HQT1_CAM84302.2_hidden_layer_steps10.pt	acceptor_superclass::Phenolic acids (C6-C1)	acceptor_superclass::Phenolic acids (C6-C1)	0,0,0,0,0,0,0,0,0,0,0,0,0,1,0,0,0,0,0,0,0,0,0	0,0,0,0,0,0,0,0,0,0,0,0,0,1,0,0,0,0,0,0,0,0,0	-6.556571,-7.903740,-8.402524,-5.936890,-6.258636,-6.090373,-5.834124,-5.477066,-7.163449,-6.154325,-7.366282,-6.850647,-5.991786,6.943444,-7.206432,-5.167331,-7.274683,-8.878936,-4.287143,-6.742129,-5.687777,-6.301306,-5.335042
Csco_HQT2_ACJ23164.1	Csco_HQT2_ACJ23164.1	/content/drive/MyDrive/CS_5782_Final_Project/code_and_data/BAHD_lastLayer_embeddings/Csco_HQT2_ACJ23164.1_hidden_layer_steps10.pt	acceptor_superclass::Phenolic acids (C6-C1)	acceptor_superclass::Phenolic acids (C6-C1)	0,0,0,0,0,0,0,0,0,0,0,0,0,1,0,0,0,0,0,0,0,0,0	0,0,0,0,0,0,0,0,0,0,0,0,0,1,0,0,0,0,0,0,0,0,0	-7.296005,-7.610688,-6.854994,-6.104903,-7.511113,-7.121142,-6.668779,-6.103639,-8.012943,-7.087445,-7.802247,-4.389851,-6.964251,5.319410,-7.390667,-3.760201,-6.303404,-6.172421,-6.163892,-6.621642,-7.725329,-7.229521,-7.574232
Csin_AT1_THG04858.1	Csin_AT1_THG04858.1	/content/drive/MyDrive/CS_5782_Final_Project/code_and_data/BAHD_lastLayer_embeddings/Csin_AT1_THG04858.1_hidden_layer_steps10.pt	acceptor_superclass::Flavonoids		0,0,0,0,0,1,0,0,0,0,0,0,0,0,0,0,0,0,0,0,0,0,0	0,0,0,0,0,0,0,0,0,0,0,0,0,0,0,0,0,0,0,0,0,0,0	-7.014068,-5.906929,-5.804046,-4.617789,-0.257165,-3.951665,-6.008572,-5.769575,-5.880033,-5.385238,-6.676084,-8.918174,-6.927077,-1.702411,-4.539823,-2.079174,-8.423412,-8.826405,-5.597477,-8.029912,-8.800661,-8.343407,-6.143171
Csin_AT2_THG19836.1	Csin_AT2_THG19836.1	/content/drive/MyDrive/CS_5782_Final_Project/code_and_data/BAHD_lastLayer_embeddings/Csin_AT2_THG19836.1_hidden_layer_steps10.pt	acceptor_superclass::Flavonoids	acceptor_superclass::Phenylpropanoids (C6-C3)	0,0,0,0,0,1,0,0,0,0,0,0,0,0,0,0,0,0,0,0,0,0,0	0,0,0,0,0,0,0,0,0,0,0,0,0,0,0,1,0,0,0,0,0,0,0	-6.884270,-6.926954,-4.421283,-6.923106,-7.170746,-7.915357,-6.940673,-6.537097,-5.662909,-6.874321,-5.298260,-4.840107,-6.585432,-3.712200,-8.079012,2.193607,-5.251999,-5.337857,-7.556468,-7.511680,-7.284767,-5.318586,-8.127568
Csin_CHAT1_GMQ03793.1	Csin_CHAT1_GMQ03793.1	/content/drive/MyDrive/CS_5782_Final_Project/code_and_data/BAHD_lastLayer_embeddings/Csin_CHAT1_GMQ03793.1_hidden_layer_steps10.pt	acceptor_superclass::Fatty acyls	acceptor_superclass::Fatty acyls;acceptor_superclass::Phenylpropanoids (C6-C3)	0,0,0,0,1,0,0,0,0,0,0,0,0,0,0,0,0,0,0,0,0,0,0	0,0,0,0,1,0,0,0,0,0,0,0,0,0,0,1,0,0,0,0,0,0,0	-6.376247,-6.602907,-6.590981,-2.884612,0.938747,-7.233947,-10.121592,-5.218967,-5.723779,-2.644749,-8.786301,-8.084236,-6.727062,-3.893118,-4.105158,1.623289,-7.635471,-5.512396,-5.403818,-8.578526,-5.904767,-5.481650,-6.779737
Csin_HCT1_XP_028081726.1	Csin_HCT1_XP_028081726.1	/content/drive/MyDrive/CS_5782_Final_Project/code_and_data/BAHD_lastLayer_embeddings/Csin_HCT1_XP_028081726.1_hidden_layer_steps10.pt	acceptor_superclass::Phenolic acids (C6-C1)	acceptor_superclass::Phenolic acids (C6-C1);acceptor_superclass::Phenylpropanoids (C6-C3);acceptor_superclass::Small peptides	0,0,0,0,0,0,0,0,0,0,0,0,0,1,0,0,0,0,0,0,0,0,0	0,0,0,0,0,0,0,0,0,0,0,0,0,1,0,1,0,0,1,0,0,0,0	-6.980005,-7.333695,-8.007863,-7.157207,-8.587517,-5.498012,-7.305143,-4.474205,-8.418108,-5.788584,-6.769901,-7.226421,-6.880139,7.319670,-7.864766,0.442390,-6.248442,-6.073577,0.325764,-7.064586,-5.269977,-6.489946,-5.041545
Csin_HCT2_THG02040.1	Csin_HCT2_THG02040.1	/content/drive/MyDrive/CS_5782_Final_Project/code_and_data/BAHD_lastLayer_embeddings/Csin_HCT2_THG02040.1_hidden_layer_steps10.pt	acceptor_superclass::Flavonoids;acceptor_superclass::Phenolic acids (C6-C1)	acceptor_superclass::Phenolic acids (C6-C1)	0,0,0,0,0,1,0,0,0,0,0,0,0,1,0,0,0,0,0,0,0,0,0	0,0,0,0,0,0,0,0,0,0,0,0,0,1,0,0,0,0,0,0,0,0,0	-5.546049,-6.133277,-7.494149,-2.488127,-4.996270,-4.759191,-5.781618,-5.168211,-6.815300,-7.428830,-5.701684,-4.048441,-6.339499,4.831048,-7.863217,-6.401296,-4.840887,-6.874947,-5.503855,-4.941740,-5.660505,-5.647232,-6.066068
Dcar_HCBT3_CAB06429.1	Dcar_HCBT1_CAB06427.1	/content/drive/MyDrive/CS_5782_Final_Project/code_and_data/BAHD_lastLayer_embeddings/Dcar_HCBT3_CAB06429.1_hidden_layer_steps10.pt	acceptor_superclass::Phenolic acids (C6-C1);acceptor_superclass::Small peptides	acceptor_superclass::Small peptides	0,0,0,0,0,0,0,0,0,0,0,0,0,1,0,0,0,0,1,0,0,0,0	0,0,0,0,0,0,0,0,0,0,0,0,0,0,0,0,0,0,1,0,0,0,0	-6.668334,-6.185390,-6.123389,-6.801397,-5.040659,-6.706308,-6.364297,-5.758145,-6.755879,-6.585597,-6.756884,-4.899806,-6.347787,-4.198800,-6.007472,-4.660365,-5.331926,-4.967222,5.322181,-5.882951,-5.418426,-5.137034,-4.402945
Dcar_HCBT2_CAB06430.1	Dcar_HCBT2_CAB06430.1	/content/drive/MyDrive/CS_5782_Final_Project/code_and_data/BAHD_lastLayer_embeddings/Dcar_HCBT2_CAB06430.1_hidden_layer_steps10.pt	acceptor_superclass::Small peptides	acceptor_superclass::Phenolic acids (C6-C1);acceptor_superclass::Small peptides	0,0,0,0,0,0,0,0,0,0,0,0,0,0,0,0,0,0,1,0,0,0,0	0,0,0,0,0,0,0,0,0,0,0,0,0,1,0,0,0,0,1,0,0,0,0	-6.793909,-6.268269,-5.663014,-5.141177,-5.096071,-8.505912,-6.720314,-5.384861,-6.152802,-6.923518,-7.002641,-6.366222,-7.475888,3.299358,-5.823750,-1.153585,-6.330921,-4.494190,2.735532,-6.845315,-7.282447,-8.620718,-6.496019
Dcar_HCBT3_CAB06429.1	Dcar_HCBT3_CAB06429.1	/content/drive/MyDrive/CS_5782_Final_Project/code_and_data/BAHD_lastLayer_embeddings/Dcar_HCBT3_CAB06429.1_hidden_layer_steps10.pt	acceptor_superclass::Small peptides	acceptor_superclass::Phenolic acids (C6-C1);acceptor_superclass::Small peptides	0,0,0,0,0,0,0,0,0,0,0,0,0,0,0,0,0,0,1,0,0,0,0	0,0,0,0,0,0,0,0,0,0,0,0,0,1,0,0,0,0,1,0,0,0,0	-6.446994,-5.824754,-5.151114,-5.151276,-5.440198,-6.999486,-6.470914,-5.249002,-5.307996,-5.286023,-7.251659,-6.707417,-7.276489,3.013801,-6.213929,-1.274728,-6.910444,-4.261022,5.565225,-6.592590,-6.836468,-6.229721,-3.806296
Dlan_MAT1_QUW17232.1	Dlan_MAT1_QUW17232.1	/content/drive/MyDrive/CS_5782_Final_Project/code_and_data/BAHD_lastLayer_embeddings/Dlan_MAT1_QUW17232.1_hidden_layer_steps10.pt	acceptor_superclass::Flavonoids;acceptor_superclass::Steroids	acceptor_superclass::Flavonoids;acceptor_superclass::Steroids	0,0,0,0,0,1,0,0,0,0,0,0,0,0,0,0,0,0,0,1,0,0,0	0,0,0,0,0,1,0,0,0,0,0,0,0,0,0,0,0,0,0,1,0,0,0	-1.701690,-5.167217,-4.275461,-5.244164,-7.385798,5.095399,-2.090632,-4.053578,-4.443466,-4.946029,-3.350424,-4.017612,-1.808890,-5.678845,-4.137808,-5.298596,-4.921460,-4.448874,-5.640290,5.007299,-4.176127,-3.996081,-6.049260
Dlan_MAT2_QWS71079.1	Dlan_MAT2_QWS71079.1	/content/drive/MyDrive/CS_5782_Final_Project/code_and_data/BAHD_lastLayer_embeddings/Dlan_MAT2_QWS71079.1_hidden_layer_steps10.pt	acceptor_superclass::Flavonoids;acceptor_superclass::Steroids	acceptor_superclass::Flavonoids;acceptor_superclass::Steroids	0,0,0,0,0,1,0,0,0,0,0,0,0,0,0,0,0,0,0,1,0,0,0	0,0,0,0,0,1,0,0,0,0,0,0,0,0,0,0,0,0,0,1,0,0,0	-2.738086,-4.929558,-5.025635,-4.885234,-5.214924,5.040723,-3.364334,-4.898265,-5.940904,-3.899260,-4.249706,-4.407049,-3.477955,-5.880466,-6.277401,-4.936080,-5.249745,-7.786252,-6.602368,2.737174,-4.046724,-6.230100,-5.936707
Dmor_3MAT1_AAQ63615.1	Dmor_3MAT1_AAQ63615.1	/content/drive/MyDrive/CS_5782_Final_Project/code_and_data/BAHD_lastLayer_embeddings/Dmor_3MAT1_AAQ63615.1_hidden_layer_steps10.pt	acceptor_superclass::Flavonoids	acceptor_superclass::Flavonoids	0,0,0,0,0,1,0,0,0,0,0,0,0,0,0,0,0,0,0,0,0,0,0	0,0,0,0,0,1,0,0,0,0,0,0,0,0,0,0,0,0,0,0,0,0,0	-4.505641,-4.969867,-5.271103,-6.584236,-5.613118,6.224388,-2.406965,-5.772847,-6.039669,-4.934421,-6.315649,-6.552643,-4.837727,-3.230522,-7.024859,-6.902455,-5.464780,-5.827496,-4.613154,-3.660919,-5.863150,-6.912165,-5.344039
Dmor_3MAT2_AAQ63616.1	Dmor_3MAT2_AAQ63616.1	/content/drive/MyDrive/CS_5782_Final_Project/code_and_data/BAHD_lastLayer_embeddings/Dmor_3MAT2_AAQ63616.1_hidden_layer_steps10.pt	acceptor_superclass::Flavonoids	acceptor_superclass::Flavonoids	0,0,0,0,0,1,0,0,0,0,0,0,0,0,0,0,0,0,0,0,0,0,0	0,0,0,0,0,1,0,0,0,0,0,0,0,0,0,0,0,0,0,0,0,0,0	-6.159163,-5.855044,-3.971200,-5.679792,-7.128839,3.497130,-3.489218,-6.269397,-6.375635,-8.802335,-4.798988,-7.334267,-5.933799,-1.619622,-6.650826,-3.771594,-7.482488,-6.807559,-5.245925,-6.788855,-5.938446,-6.673531,-4.412466
Dmor_3MAT3_BAF50706.1	Dmor_3MAT3_BAF50706.1	/content/drive/MyDrive/CS_5782_Final_Project/code_and_data/BAHD_lastLayer_embeddings/Dmor_3MAT3_BAF50706.1_hidden_layer_steps10.pt	acceptor_superclass::Flavonoids;acceptor_superclass::Isoflavonoids	acceptor_superclass::Flavonoids	0,0,0,0,0,1,1,0,0,0,0,0,0,0,0,0,0,0,0,0,0,0,0	0,0,0,0,0,1,0,0,0,0,0,0,0,0,0,0,0,0,0,0,0,0,0	-2.843101,-3.813064,-5.766591,-5.540808,-4.617074,6.382425,-2.512417,-4.474031,-5.109055,-2.291637,-4.494485,-7.315351,-2.605472,-2.672577,-4.419214,-4.585758,-5.267936,-5.354897,-3.737510,-0.755600,-3.210160,-3.550630,-4.846227
Dpin_3MAT_AAO12206.1	Dpin_3MAT_AAO12206.1	/content/drive/MyDrive/CS_5782_Final_Project/code_and_data/BAHD_lastLayer_embeddings/Dpin_3MAT_AAO12206.1_hidden_layer_steps10.pt	acceptor_superclass::Flavonoids	acceptor_superclass::Flavonoids	0,0,0,0,0,1,0,0,0,0,0,0,0,0,0,0,0,0,0,0,0,0,0	0,0,0,0,0,1,0,0,0,0,0,0,0,0,0,0,0,0,0,0,0,0,0	-4.151638,-4.280628,-5.060676,-7.386145,-5.425267,8.161102,-2.066608,-5.025826,-5.461931,-3.672729,-5.393433,-7.289844,-4.514109,-2.797729,-5.574893,-4.519246,-6.011591,-5.976633,-4.709530,-3.892347,-5.249776,-6.050275,-4.766971
Dvar_3MAT_AAO12206.1	Dvar_3MAT_AAO12206.1	/content/drive/MyDrive/CS_5782_Final_Project/code_and_data/BAHD_lastLayer_embeddings/Dvar_3MAT_AAO12206.1_hidden_layer_steps10.pt		acceptor_superclass::Flavonoids	0,0,0,0,0,0,0,0,0,0,0,0,0,0,0,0,0,0,0,0,0,0,0	0,0,0,0,0,1,0,0,0,0,0,0,0,0,0,0,0,0,0,0,0,0,0	-4.151638,-4.280628,-5.060676,-7.386145,-5.425267,8.161102,-2.066608,-5.025826,-5.461931,-3.672729,-5.393433,-7.289844,-4.514109,-2.797729,-5.574893,-4.519246,-6.011591,-5.976633,-4.709530,-3.892347,-5.249776,-6.050275,-4.766971
Ecoc_CS_AGT56097.1	Ecoc_BAHD7_AGT56097.1	/content/drive/MyDrive/CS_5782_Final_Project/code_and_data/BAHD_lastLayer_embeddings/Ecoc_CS_AGT56097.1_hidden_layer_steps10.pt	acceptor_superclass::Ornithine alkaloids	acceptor_superclass::Ornithine alkaloids	0,0,0,0,0,0,0,0,0,0,0,1,0,0,0,0,0,0,0,0,0,0,0	0,0,0,0,0,0,0,0,0,0,0,1,0,0,0,0,0,0,0,0,0,0,0	-5.979001,-6.273950,-6.160904,-6.460129,-4.594792,-3.413896,-4.755115,-4.752468,-7.336072,-4.995392,-7.051253,5.376401,-5.484254,-7.679998,-6.685024,-6.538537,-2.571369,-6.557205,-7.196553,-6.385073,-5.435773,-5.670460,-5.734771
Ecoc_CS_AGT56097.1	Ecoc_CS_AGT56097.1	/content/drive/MyDrive/CS_5782_Final_Project/code_and_data/BAHD_lastLayer_embeddings/Ecoc_CS_AGT56097.1_hidden_layer_steps10.pt	acceptor_superclass::Ornithine alkaloids	acceptor_superclass::Ornithine alkaloids	0,0,0,0,0,0,0,0,0,0,0,1,0,0,0,0,0,0,0,0,0,0,0	0,0,0,0,0,0,0,0,0,0,0,1,0,0,0,0,0,0,0,0,0,0,0	-6.052656,-6.037303,-4.514010,-6.969019,-8.098760,-7.525899,-8.116768,-5.694785,-6.820590,-7.281456,-5.453492,4.492093,-5.615446,-5.493178,-6.852559,-4.491049,-2.245076,-5.818054,-9.372981,-6.174549,-4.448745,-5.937184,-4.619775
Ecoc_HQT_AFF19203.1	Ecoc_HQT_AFF19203.1	/content/drive/MyDrive/CS_5782_Final_Project/code_and_data/BAHD_lastLayer_embeddings/Ecoc_HQT_AFF19203.1_hidden_layer_steps10.pt	acceptor_superclass::Phenolic acids (C6-C1)	acceptor_superclass::Monoterpenoids;acceptor_superclass::Phenylpropanoids (C6-C3)	0,0,0,0,0,0,0,0,0,0,0,0,0,1,0,0,0,0,0,0,0,0,0	0,0,0,0,0,0,0,0,0,1,0,0,0,0,0,1,0,0,0,0,0,0,0	-6.816063,-5.978456,-5.820080,-6.524383,-3.914725,-8.823122,-9.811095,-4.774742,-6.582446,1.995105,-7.121042,-6.401931,-3.508601,-0.962253,-4.385245,2.997302,-5.101535,-7.126936,-2.387830,-7.414385,-5.851637,-5.141051,-6.410010
Egra_5AT_BAF49288.1	Egra_5AT_BAF49288.1	/content/drive/MyDrive/CS_5782_Final_Project/code_and_data/BAHD_lastLayer_embeddings/Egra_5AT_BAF49288.1_hidden_layer_steps10.pt	acceptor_superclass::Flavonoids	acceptor_superclass::Flavonoids;acceptor_superclass::Phenolic acids (C6-C1)	0,0,0,0,0,1,0,0,0,0,0,0,0,0,0,0,0,0,0,0,0,0,0	0,0,0,0,0,1,0,0,0,0,0,0,0,1,0,0,0,0,0,0,0,0,0	-6.024474,-5.412349,-9.005772,-6.164798,-7.978810,4.832014,-3.403713,-5.196550,-6.907492,-6.402693,-6.722116,-4.966102,-6.476933,0.256236,-7.817515,-4.849364,-5.447025,-6.679410,-2.611582,-5.912274,-1.470690,-3.822129,-2.268069
Epep_BAHD11_NA	Epep_BAHD11_NA	/content/drive/MyDrive/CS_5782_Final_Project/code_and_data/BAHD_lastLayer_embeddings/Epep_BAHD11_NA_hidden_layer_steps10.pt	acceptor_superclass::Diterpenoids		0,0,1,0,0,0,0,0,0,0,0,0,0,0,0,0,0,0,0,0,0,0,0	0,0,0,0,0,0,0,0,0,0,0,0,0,0,0,0,0,0,0,0,0,0,0	-7.463657,-7.571928,-3.657204,-9.437028,-5.072936,-6.618161,-7.035985,-6.785506,-7.950074,-5.655372,-7.185126,-8.319681,-7.461684,-4.623077,-5.819629,-7.795049,-7.928728,-7.980129,-5.183641,-6.963165,-7.498973,-2.586214,-8.553255
Epep_BAHD12_NA	Epep_BAHD12_NA	/content/drive/MyDrive/CS_5782_Final_Project/code_and_data/BAHD_lastLayer_embeddings/Epep_BAHD12_NA_hidden_layer_steps10.pt	acceptor_superclass::Diterpenoids		0,0,1,0,0,0,0,0,0,0,0,0,0,0,0,0,0,0,0,0,0,0,0	0,0,0,0,0,0,0,0,0,0,0,0,0,0,0,0,0,0,0,0,0,0,0	-5.419641,-6.271563,-0.113992,-0.928807,-4.761384,-3.248065,-6.986195,-5.424300,-4.965339,-9.500075,-8.034138,-5.526017,-5.494555,-5.775076,-6.997384,-4.442893,-5.610108,-2.893967,-3.912941,-4.938254,-3.390739,-3.668271,-6.439743
Epep_BAHD6_NA	Epep_BAHD6_NA	/content/drive/MyDrive/CS_5782_Final_Project/code_and_data/BAHD_lastLayer_embeddings/Epep_BAHD6_NA_hidden_layer_steps10.pt	acceptor_superclass::Diterpenoids	acceptor_superclass::Saccharides	0,0,1,0,0,0,0,0,0,0,0,0,0,0,0,0,0,0,0,0,0,0,0	0,0,0,0,0,0,0,0,0,0,0,0,0,0,0,0,0,1,0,0,0,0,0	-5.986872,-6.676845,-8.549873,-5.845051,-6.776128,-4.979820,-5.585268,-6.048045,-4.134057,-5.522088,-7.274247,-3.614732,-6.481095,-8.072968,-6.737521,-8.439355,-5.569293,0.504921,-5.865664,-5.574236,-1.919205,-5.408591,-4.369128
Epep_BAHD7_NA	Epep_BAHD7_NA	/content/drive/MyDrive/CS_5782_Final_Project/code_and_data/BAHD_lastLayer_embeddings/Epep_BAHD7_NA_hidden_layer_steps10.pt	acceptor_superclass::Diterpenoids	acceptor_superclass::Diterpenoids	0,0,1,0,0,0,0,0,0,0,0,0,0,0,0,0,0,0,0,0,0,0,0	0,0,1,0,0,0,0,0,0,0,0,0,0,0,0,0,0,0,0,0,0,0,0	-5.740073,-5.638486,4.885110,-6.025421,-6.321525,-5.843103,-6.178102,-6.025674,-6.053631,-5.727544,-5.681900,-5.637831,-5.750978,-4.842487,-5.499448,-6.162797,-4.605576,-4.654752,-5.785899,-4.746505,-6.109847,-5.559629,-6.071590
Epep_BAHD8_NA	Epep_BAHD8_NA	/content/drive/MyDrive/CS_5782_Final_Project/code_and_data/BAHD_lastLayer_embeddings/Epep_BAHD8_NA_hidden_layer_steps10.pt	acceptor_superclass::Diterpenoids		0,0,1,0,0,0,0,0,0,0,0,0,0,0,0,0,0,0,0,0,0,0,0	0,0,0,0,0,0,0,0,0,0,0,0,0,0,0,0,0,0,0,0,0,0,0	-5.464452,-6.254268,-4.139461,-6.374191,-4.430821,-3.672822,-6.897211,-7.308038,-6.319724,-6.673161,-5.642946,-6.243391,-5.514981,-6.807119,-5.547870,-6.867232,-8.027885,-1.603963,-4.882491,-5.467588,-1.059576,-8.424875,-6.476444
Epla_AAT1-1_BDW80081.1	Epla_AAT1-1_BDW80081.1	/content/drive/MyDrive/CS_5782_Final_Project/code_and_data/BAHD_lastLayer_embeddings/Epla_AAT1-1_BDW80081.1_hidden_layer_steps10.pt	acceptor_superclass::Naphthalenes	acceptor_superclass::Naphthalenes	0,0,0,0,0,0,0,0,0,0,1,0,0,0,0,0,0,0,0,0,0,0,0	0,0,0,0,0,0,0,0,0,0,1,0,0,0,0,0,0,0,0,0,0,0,0	-4.216173,-5.432102,-6.956172,-6.279370,-6.416212,-3.772290,-5.237098,-5.329689,-5.587706,-6.508625,6.397561,-5.060020,-4.347133,-5.561609,-6.079076,-6.635111,-4.334423,-4.754631,-5.223540,-5.076431,-5.038062,-5.459059,-5.778598
Epla_AAT1-2_BDW80082.1	Epla_AAT1-2_BDW80082.1	/content/drive/MyDrive/CS_5782_Final_Project/code_and_data/BAHD_lastLayer_embeddings/Epla_AAT1-2_BDW80082.1_hidden_layer_steps10.pt	acceptor_superclass::Naphthalenes	acceptor_superclass::Naphthalenes	0,0,0,0,0,0,0,0,0,0,1,0,0,0,0,0,0,0,0,0,0,0,0	0,0,0,0,0,0,0,0,0,0,1,0,0,0,0,0,0,0,0,0,0,0,0	-4.751390,-6.693935,-6.162163,-6.300499,-5.772810,-5.593807,-6.211709,-5.051274,-5.392467,-5.478640,5.801167,-6.355489,-5.511052,-5.238785,-7.724166,-7.195459,-6.185441,-5.414995,-6.687766,-4.989032,-5.428005,-6.790254,-6.789514
Epla_AAT2-1_BDW80086.1	Epla_AAT2-1_BDW80086.1	/content/drive/MyDrive/CS_5782_Final_Project/code_and_data/BAHD_lastLayer_embeddings/Epla_AAT2-1_BDW80086.1_hidden_layer_steps10.pt	acceptor_superclass::Naphthalenes	acceptor_superclass::Naphthalenes	0,0,0,0,0,0,0,0,0,0,1,0,0,0,0,0,0,0,0,0,0,0,0	0,0,0,0,0,0,0,0,0,0,1,0,0,0,0,0,0,0,0,0,0,0,0	-4.812217,-5.904779,-5.749345,-5.666332,-5.158272,-3.513897,-5.527896,-4.718992,-6.327170,-5.024373,6.382113,-6.515258,-4.874146,-6.649497,-4.925267,-5.290780,-5.635432,-6.083848,-5.749956,-5.690838,-4.053586,-7.104131,-5.950511
Epla_AAT2-2_BDW80087.1	Epla_AAT2-2_BDW80087.1	/content/drive/MyDrive/CS_5782_Final_Project/code_and_data/BAHD_lastLayer_embeddings/Epla_AAT2-2_BDW80087.1_hidden_layer_steps10.pt	acceptor_superclass::Naphthalenes	acceptor_superclass::Naphthalenes	0,0,0,0,0,0,0,0,0,0,1,0,0,0,0,0,0,0,0,0,0,0,0	0,0,0,0,0,0,0,0,0,0,1,0,0,0,0,0,0,0,0,0,0,0,0	-4.570113,-5.962387,-4.420263,-6.822152,-6.012525,-5.110956,-3.864612,-5.340219,-6.058083,-5.360088,5.932940,-3.865251,-4.855286,-6.702466,-5.855778,-5.640724,-5.097912,-6.333726,-5.886932,-5.819189,-5.370789,-4.977832,-5.725897
Epla_AAT2-3_BDW80088.1	Epla_AAT2-3_BDW80088.1	/content/drive/MyDrive/CS_5782_Final_Project/code_and_data/BAHD_lastLayer_embeddings/Epla_AAT2-3_BDW80088.1_hidden_layer_steps10.pt	acceptor_superclass::Naphthalenes	acceptor_superclass::Naphthalenes	0,0,0,0,0,0,0,0,0,0,1,0,0,0,0,0,0,0,0,0,0,0,0	0,0,0,0,0,0,0,0,0,0,1,0,0,0,0,0,0,0,0,0,0,0,0	-4.828644,-4.889933,-5.615512,-7.534489,-6.556921,-4.343887,-5.865143,-6.287762,-7.002035,-3.582140,3.693594,-5.037632,-4.959933,-7.484114,-4.525094,-4.201078,-6.314274,-5.472932,-6.398456,-6.070320,-5.154038,-6.672092,-5.831797
Epla_SAT1-1_BDW80075.1	Epla_SAT1-1_BDW80075.1	/content/drive/MyDrive/CS_5782_Final_Project/code_and_data/BAHD_lastLayer_embeddings/Epla_SAT1-1_BDW80075.1_hidden_layer_steps10.pt	acceptor_superclass::Naphthalenes	acceptor_superclass::Naphthalenes	0,0,0,0,0,0,0,0,0,0,1,0,0,0,0,0,0,0,0,0,0,0,0	0,0,0,0,0,0,0,0,0,0,1,0,0,0,0,0,0,0,0,0,0,0,0	-4.449316,-5.306159,-5.449931,-5.612145,-5.042566,-4.001535,-4.964801,-5.331040,-5.340154,-6.436246,6.545896,-6.653400,-4.824239,-5.320851,-5.124955,-6.842895,-5.717021,-4.637678,-6.772627,-5.239961,-4.528321,-5.942232,-6.281635
Epla_SAT1-2_BDW80076.1	Epla_SAT1-2_BDW80076.1	/content/drive/MyDrive/CS_5782_Final_Project/code_and_data/BAHD_lastLayer_embeddings/Epla_SAT1-2_BDW80076.1_hidden_layer_steps10.pt	acceptor_superclass::Naphthalenes	acceptor_superclass::Naphthalenes	0,0,0,0,0,0,0,0,0,0,1,0,0,0,0,0,0,0,0,0,0,0,0	0,0,0,0,0,0,0,0,0,0,1,0,0,0,0,0,0,0,0,0,0,0,0	-3.897692,-3.863504,-2.366135,-5.186450,-5.340153,-1.130248,-4.927307,-4.626105,-3.723149,-4.823143,1.375849,-5.031857,-3.822540,-4.663596,-4.335941,-5.252558,-3.254261,-4.094153,-0.072338,-4.815224,-3.917779,-3.019419,-3.162133
Epla_SAT2-1_BDW80078.1	Epla_SAT2-1_BDW80078.1	/content/drive/MyDrive/CS_5782_Final_Project/code_and_data/BAHD_lastLayer_embeddings/Epla_SAT2-1_BDW80078.1_hidden_layer_steps10.pt	acceptor_superclass::Naphthalenes	acceptor_superclass::Naphthalenes	0,0,0,0,0,0,0,0,0,0,1,0,0,0,0,0,0,0,0,0,0,0,0	0,0,0,0,0,0,0,0,0,0,1,0,0,0,0,0,0,0,0,0,0,0,0	-4.815285,-6.400692,-5.543069,-7.255494,-7.273477,-5.704139,-5.490332,-5.157936,-5.603414,-5.011082,5.921762,-5.232793,-5.288632,-5.396079,-7.081120,-6.349242,-5.416098,-6.202504,-6.920211,-4.747048,-5.221535,-6.770528,-5.132486
Epla_SAT2-2_BDW80079.1	Epla_SAT2-2_BDW80079.1	/content/drive/MyDrive/CS_5782_Final_Project/code_and_data/BAHD_lastLayer_embeddings/Epla_SAT2-2_BDW80079.1_hidden_layer_steps10.pt	acceptor_superclass::Naphthalenes	acceptor_superclass::Naphthalenes	0,0,0,0,0,0,0,0,0,0,1,0,0,0,0,0,0,0,0,0,0,0,0	0,0,0,0,0,0,0,0,0,0,1,0,0,0,0,0,0,0,0,0,0,0,0	-3.974735,-6.095670,-5.990574,-4.981709,-5.983830,-3.942549,-5.601872,-5.447590,-6.088699,-4.694857,6.511051,-5.117768,-4.377135,-5.707421,-5.618720,-7.088978,-4.526568,-5.024520,-5.843170,-5.325169,-5.148724,-6.750941,-5.528731
Epur_HCT_QRI59128.1	Epur_HCT_QRI59128.1	/content/drive/MyDrive/CS_5782_Final_Project/code_and_data/BAHD_lastLayer_embeddings/Epur_HCT_QRI59128.1_hidden_layer_steps10.pt	acceptor_superclass::Phenolic acids (C6-C1)	acceptor_superclass::Phenolic acids (C6-C1)	0,0,0,0,0,0,0,0,0,0,0,0,0,1,0,0,0,0,0,0,0,0,0	0,0,0,0,0,0,0,0,0,0,0,0,0,1,0,0,0,0,0,0,0,0,0	-7.397600,-7.214460,-6.762623,-5.276001,-6.634443,-4.598405,-7.662341,-6.106623,-6.619658,-5.205614,-6.660646,-6.906020,-7.589250,7.159190,-8.432044,-2.872653,-5.604820,-7.249898,-6.384500,-7.802555,-5.828545,-8.809569,-4.801000
Epur_HMT_UHJ19789.2	Epur_HMT_UHJ19789.2	/content/drive/MyDrive/CS_5782_Final_Project/code_and_data/BAHD_lastLayer_embeddings/Epur_HMT_UHJ19789.2_hidden_layer_steps10.pt	acceptor_superclass::Fatty Acids and Conjugates	acceptor_superclass::Phenolic acids (C6-C1)	0,0,0,1,0,0,0,0,0,0,0,0,0,0,0,0,0,0,0,0,0,0,0	0,0,0,0,0,0,0,0,0,0,0,0,0,1,0,0,0,0,0,0,0,0,0	-6.861266,-7.299767,-7.722927,-4.148401,-8.165341,-5.323557,-5.955020,-5.677216,-7.110375,-7.508611,-6.878409,-6.758280,-6.118933,6.203321,-7.199276,-6.260760,-7.043886,-5.420969,-5.812367,-6.598716,-7.076914,-7.389353,-7.074427
Epur_HQT_QRI59127.1	Epur_HQT_QRI59127.1	/content/drive/MyDrive/CS_5782_Final_Project/code_and_data/BAHD_lastLayer_embeddings/Epur_HQT_QRI59127.1_hidden_layer_steps10.pt	acceptor_superclass::Phenolic acids (C6-C1)	acceptor_superclass::Phenolic acids (C6-C1)	0,0,0,0,0,0,0,0,0,0,0,0,0,1,0,0,0,0,0,0,0,0,0	0,0,0,0,0,0,0,0,0,0,0,0,0,1,0,0,0,0,0,0,0,0,0	-6.013570,-7.136452,-7.353402,-4.990682,-6.141600,-6.780352,-7.047852,-6.489402,-6.696877,-7.923545,-6.596769,-5.366201,-6.391581,2.470102,-7.932144,-3.199943,-4.538916,-7.412583,-6.367760,-5.644711,-6.876143,-5.311835,-7.182488
Epur_HTT_QRI59126.1	Epur_HTT_QRI59126.1	/content/drive/MyDrive/CS_5782_Final_Project/code_and_data/BAHD_lastLayer_embeddings/Epur_HTT_QRI59126.1_hidden_layer_steps10.pt	acceptor_superclass::Fatty Acids and Conjugates	acceptor_superclass::Fatty Acids and Conjugates;acceptor_superclass::Phenolic acids (C6-C1)	0,0,0,1,0,0,0,0,0,0,0,0,0,0,0,0,0,0,0,0,0,0,0	0,0,0,1,0,0,0,0,0,0,0,0,0,1,0,0,0,0,0,0,0,0,0	-5.747187,-7.031627,-7.171026,1.341368,-4.717286,-4.360255,-5.319406,-6.115034,-7.596351,-9.868828,-5.846420,-3.099132,-6.347864,1.326719,-9.256298,-4.923199,-4.201934,-7.183328,-6.087954,-5.182585,-6.389840,-5.741692,-6.747478
Fana_SAAT_AAG13130.1	Fana_SAAT_AAG13130.1	/content/drive/MyDrive/CS_5782_Final_Project/code_and_data/BAHD_lastLayer_embeddings/Fana_SAAT_AAG13130.1_hidden_layer_steps10.pt	acceptor_superclass::Cyclic polyketides;acceptor_superclass::Fatty acyls;acceptor_superclass::Phenylethanoids (C6-C2)		0,1,0,0,1,0,0,0,0,0,0,0,0,0,1,0,0,0,0,0,0,0,0	0,0,0,0,0,0,0,0,0,0,0,0,0,0,0,0,0,0,0,0,0,0,0	-5.731904,-5.242587,-7.062515,-2.902270,-4.340716,-4.948741,-5.073778,-3.893263,-5.599984,-5.070260,-7.509987,-0.281189,-6.066899,-5.856313,-7.822883,-0.525018,-4.936704,-5.344840,-3.430871,-7.422653,-5.115601,-2.058216,-0.290706
Fves_VAAT_CAC09062.1	Fves_VAAT_CAC09062.1	/content/drive/MyDrive/CS_5782_Final_Project/code_and_data/BAHD_lastLayer_embeddings/Fves_VAAT_CAC09062.1_hidden_layer_steps10.pt	acceptor_superclass::Cyclic polyketides;acceptor_superclass::Fatty acyls;acceptor_superclass::Monoterpenoids;acceptor_superclass::Phenylethanoids (C6-C2);acceptor_superclass::Phenylpropanoids (C6-C3)	acceptor_superclass::Phenylpropanoids (C6-C3)	0,1,0,0,1,0,0,0,0,1,0,0,0,0,1,1,0,0,0,0,0,0,0	0,0,0,0,0,0,0,0,0,0,0,0,0,0,0,1,0,0,0,0,0,0,0	-5.696497,-3.045688,-5.039495,-5.073094,-0.889470,-2.550777,-4.963672,-6.261796,-6.889549,-5.766269,-1.435567,-5.304821,-4.743823,-5.705569,-3.471979,0.349294,-6.827216,-3.911333,-4.623148,-3.457353,-5.561639,-6.837398,-4.612259
Gmax_COSY_KRH21316.1	Gmax_COSY_KRH21316.1	/content/drive/MyDrive/CS_5782_Final_Project/code_and_data/BAHD_lastLayer_embeddings/Gmax_COSY_KRH21316.1_hidden_layer_steps10.pt			0,0,0,0,0,0,0,0,0,0,0,0,0,0,0,0,0,0,0,0,0,0,0	0,0,0,0,0,0,0,0,0,0,0,0,0,0,0,0,0,0,0,0,0,0,0	-7.143628,-6.813013,-8.549338,-1.214712,-2.702031,-5.606959,-6.163790,-6.156215,-7.945731,-7.805194,-6.274478,-5.383477,-7.517343,-4.457891,-5.604198,-4.736645,-5.283835,-6.480523,-7.176594,-7.435838,-8.090684,-8.042076,-7.424373
Gmax_MT7_ABY59019.1	Gmax_IF7MAT_NP_001237760.1	/content/drive/MyDrive/CS_5782_Final_Project/code_and_data/BAHD_lastLayer_embeddings/Gmax_MT7_ABY59019.1_hidden_layer_steps10.pt	acceptor_superclass::Isoflavonoids	acceptor_superclass::Flavonoids;acceptor_superclass::Isoflavonoids	0,0,0,0,0,0,1,0,0,0,0,0,0,0,0,0,0,0,0,0,0,0,0	0,0,0,0,0,1,1,0,0,0,0,0,0,0,0,0,0,0,0,0,0,0,0	-6.775058,-4.978526,-6.076265,-6.058064,-6.542099,0.128898,5.827491,-5.779757,-5.340345,-6.327811,-5.345754,-5.788772,-7.289774,-4.796018,-6.069473,-5.945235,-5.256995,-5.756975,-5.949536,-4.560465,-5.884679,-6.394930,-6.029322
Gmax_IMAT1_AQY54373.1	Gmax_IMAT1_AQY54373.1	/content/drive/MyDrive/CS_5782_Final_Project/code_and_data/BAHD_lastLayer_embeddings/Gmax_IMAT1_AQY54373.1_hidden_layer_steps10.pt	acceptor_superclass::Isoflavonoids	acceptor_superclass::Flavonoids;acceptor_superclass::Isoflavonoids	0,0,0,0,0,0,1,0,0,0,0,0,0,0,0,0,0,0,0,0,0,0,0	0,0,0,0,0,1,1,0,0,0,0,0,0,0,0,0,0,0,0,0,0,0,0	-5.034273,-4.593943,-7.433446,-5.414459,-6.682886,5.751132,6.372425,-4.137516,-4.815304,-6.118506,-5.698147,-4.416501,-5.322133,-4.024239,-4.977654,-3.527056,-4.814514,-5.971709,-3.967914,-3.910973,-4.886865,-5.502060,-3.636494
Gmax_IMAT3_AQY54374.1	Gmax_IMAT3_AQY54374.1	/content/drive/MyDrive/CS_5782_Final_Project/code_and_data/BAHD_lastLayer_embeddings/Gmax_IMAT3_AQY54374.1_hidden_layer_steps10.pt	acceptor_superclass::Isoflavonoids	acceptor_superclass::Flavonoids;acceptor_superclass::Isoflavonoids	0,0,0,0,0,0,1,0,0,0,0,0,0,0,0,0,0,0,0,0,0,0,0	0,0,0,0,0,1,1,0,0,0,0,0,0,0,0,0,0,0,0,0,0,0,0	-6.756423,-6.549580,-6.789256,-9.477901,-9.361392,2.408183,3.372725,-5.639644,-6.459853,-5.128118,-6.245591,-3.540207,-6.546051,-4.494096,-7.061950,-6.586957,-5.563043,-6.494435,-7.052319,-3.821806,-5.302314,-7.454019,-6.404510
Gmax_MT7_ABY59019.1	Gmax_MT7_ABY59019.1	/content/drive/MyDrive/CS_5782_Final_Project/code_and_data/BAHD_lastLayer_embeddings/Gmax_MT7_ABY59019.1_hidden_layer_steps10.pt	acceptor_superclass::Flavonoids;acceptor_superclass::Isoflavonoids	acceptor_superclass::Flavonoids;acceptor_superclass::Isoflavonoids	0,0,0,0,0,1,1,0,0,0,0,0,0,0,0,0,0,0,0,0,0,0,0	0,0,0,0,0,1,1,0,0,0,0,0,0,0,0,0,0,0,0,0,0,0,0	-6.775058,-4.978526,-6.076265,-6.058064,-6.542099,0.128898,5.827491,-5.779757,-5.340345,-6.327811,-5.345754,-5.788772,-7.289774,-4.796018,-6.069473,-5.945235,-5.256995,-5.756975,-5.949536,-4.560465,-5.884679,-6.394930,-6.029322
Gmax_SSACT1_KRH01153.1	Gmax_SSACT1_KRH01153.1	/content/drive/MyDrive/CS_5782_Final_Project/code_and_data/BAHD_lastLayer_embeddings/Gmax_SSACT1_KRH01153.1_hidden_layer_steps10.pt	acceptor_superclass::Triterpenoids		0,0,0,0,0,0,0,0,0,0,0,0,0,0,0,0,0,0,0,0,1,0,0	0,0,0,0,0,0,0,0,0,0,0,0,0,0,0,0,0,0,0,0,0,0,0	-6.820846,-4.669250,-4.611774,-7.357489,-5.356286,-0.469829,-1.419681,-5.524386,-6.084925,-4.314049,-6.137136,-5.499935,-6.615892,-3.711587,-3.580717,-1.433518,-5.167894,-5.748802,-6.592781,-5.931454,-4.933539,-4.378393,-7.386931
Gtri_53AAT_BAA74428.1	Gtri_53AAT_BAA74428.1	/content/drive/MyDrive/CS_5782_Final_Project/code_and_data/BAHD_lastLayer_embeddings/Gtri_53AAT_BAA74428.1_hidden_layer_steps10.pt	acceptor_superclass::Flavonoids	acceptor_superclass::Flavonoids	0,0,0,0,0,1,0,0,0,0,0,0,0,0,0,0,0,0,0,0,0,0,0	0,0,0,0,0,1,0,0,0,0,0,0,0,0,0,0,0,0,0,0,0,0,0	-6.320864,-7.560728,-6.113718,-6.170622,-7.980922,4.667026,-5.283934,-6.089638,-7.753473,-7.119755,-8.571595,-5.305620,-6.684309,-5.207985,-6.851529,-5.853480,-5.584488,-6.379037,-7.500878,-5.697449,-5.003872,-7.706254,-7.560415
Gtri_53AAT_BAA74428.1	Gtri_5AT_BAA74428.1	/content/drive/MyDrive/CS_5782_Final_Project/code_and_data/BAHD_lastLayer_embeddings/Gtri_53AAT_BAA74428.1_hidden_layer_steps10.pt	acceptor_superclass::Flavonoids	acceptor_superclass::Flavonoids	0,0,0,0,0,1,0,0,0,0,0,0,0,0,0,0,0,0,0,0,0,0,0	0,0,0,0,0,1,0,0,0,0,0,0,0,0,0,0,0,0,0,0,0,0,0	-5.176841,-6.203773,-5.790843,-6.029154,-6.087067,6.731102,-4.160991,-5.724882,-6.113603,-5.654131,-6.938360,-6.656261,-5.251989,-4.118741,-7.431460,-6.627317,-5.088648,-6.186013,-5.029974,-4.991137,-6.256223,-6.748476,-5.318118
Gtri_53AAT_BAA74428.1	Gtri_GAT_BAA74428.1	/content/drive/MyDrive/CS_5782_Final_Project/code_and_data/BAHD_lastLayer_embeddings/Gtri_53AAT_BAA74428.1_hidden_layer_steps10.pt	acceptor_superclass::Flavonoids	acceptor_superclass::Flavonoids	0,0,0,0,0,1,0,0,0,0,0,0,0,0,0,0,0,0,0,0,0,0,0	0,0,0,0,0,1,0,0,0,0,0,0,0,0,0,0,0,0,0,0,0,0,0	-5.704682,-6.910557,-7.031055,-7.374983,-7.793866,5.538667,-4.022542,-6.167393,-7.160401,-6.800887,-5.599782,-6.585324,-5.174034,-6.293808,-8.423985,-6.775086,-8.021638,-7.007864,-6.701668,-4.975930,-6.488575,-5.908600,-5.361019
Hann_HCT1_QBM78941.1	Hann_HCT1_QBM78941.1	/content/drive/MyDrive/CS_5782_Final_Project/code_and_data/BAHD_lastLayer_embeddings/Hann_HCT1_QBM78941.1_hidden_layer_steps10.pt	acceptor_superclass::Phenolic acids (C6-C1)	acceptor_superclass::Phenolic acids (C6-C1);acceptor_superclass::Phenylpropanoids (C6-C3)	0,0,0,0,0,0,0,0,0,0,0,0,0,1,0,0,0,0,0,0,0,0,0	0,0,0,0,0,0,0,0,0,0,0,0,0,1,0,1,0,0,0,0,0,0,0	-7.126334,-6.072211,-6.560022,-5.021348,-5.798916,-2.643280,-6.960860,-5.705064,-6.676331,-2.012327,-6.083264,-7.725791,-6.754656,6.956788,-6.062757,3.486065,-6.843240,-6.651696,-4.913824,-7.110041,-3.495345,-8.124680,-2.831705
Hann_HCT2_QBM78942.1	Hann_HCT2_QBM78942.1	/content/drive/MyDrive/CS_5782_Final_Project/code_and_data/BAHD_lastLayer_embeddings/Hann_HCT2_QBM78942.1_hidden_layer_steps10.pt	acceptor_superclass::Phenolic acids (C6-C1)	acceptor_superclass::Phenolic acids (C6-C1);acceptor_superclass::Small peptides	0,0,0,0,0,0,0,0,0,0,0,0,0,1,0,0,0,0,0,0,0,0,0	0,0,0,0,0,0,0,0,0,0,0,0,0,1,0,0,0,0,1,0,0,0,0	-6.185445,-6.787982,-8.016598,-5.385174,-7.581428,-2.782619,-5.220556,-5.667199,-7.908847,-6.480526,-7.759992,-7.355653,-6.169293,8.362242,-7.710536,-0.687708,-5.851338,-4.919828,0.290712,-7.912736,-6.054211,-6.638051,-5.202940
Hann_HQT1_QBM78938.1	Hann_HQT1_QBM78938.1	/content/drive/MyDrive/CS_5782_Final_Project/code_and_data/BAHD_lastLayer_embeddings/Hann_HQT1_QBM78938.1_hidden_layer_steps10.pt	acceptor_superclass::Phenolic acids (C6-C1)	acceptor_superclass::Phenolic acids (C6-C1)	0,0,0,0,0,0,0,0,0,0,0,0,0,1,0,0,0,0,0,0,0,0,0	0,0,0,0,0,0,0,0,0,0,0,0,0,1,0,0,0,0,0,0,0,0,0	-7.133768,-6.117001,-6.503776,-6.750658,-6.369660,-5.420781,-7.201054,-6.449389,-6.841104,-8.817318,-6.807721,-6.059152,-6.543425,6.586603,-5.467597,-4.826910,-6.051156,-7.162631,-5.437224,-6.840461,-6.197294,-6.552338,-7.342726
Hann_HQT2_QBM78939.1	Hann_HQT2_QBM78939.1	/content/drive/MyDrive/CS_5782_Final_Project/code_and_data/BAHD_lastLayer_embeddings/Hann_HQT2_QBM78939.1_hidden_layer_steps10.pt	acceptor_superclass::Phenolic acids (C6-C1)	acceptor_superclass::Phenolic acids (C6-C1)	0,0,0,0,0,0,0,0,0,0,0,0,0,1,0,0,0,0,0,0,0,0,0	0,0,0,0,0,0,0,0,0,0,0,0,0,1,0,0,0,0,0,0,0,0,0	-6.750387,-6.117503,-7.048979,-7.248915,-6.680892,-5.790963,-6.869160,-5.737469,-6.797698,-8.127366,-5.957486,-6.545403,-6.326447,4.655447,-5.406172,-4.096361,-6.415272,-6.986776,-7.983484,-7.398011,-3.881932,-7.068710,-6.670663
Hann_HQT3_QBM78940.1	Hann_HQT3_QBM78940.1	/content/drive/MyDrive/CS_5782_Final_Project/code_and_data/BAHD_lastLayer_embeddings/Hann_HQT3_QBM78940.1_hidden_layer_steps10.pt	acceptor_superclass::Phenolic acids (C6-C1)	acceptor_superclass::Phenolic acids (C6-C1)	0,0,0,0,0,0,0,0,0,0,0,0,0,1,0,0,0,0,0,0,0,0,0	0,0,0,0,0,0,0,0,0,0,0,0,0,1,0,0,0,0,0,0,0,0,0	-7.562695,-7.218519,-6.971501,-7.099840,-7.076140,-7.488936,-5.678674,-5.263713,-8.152085,-6.985255,-7.210066,-3.604466,-7.202634,5.130534,-7.749784,-2.614763,-6.576352,-6.000464,-3.431009,-6.611223,-7.764514,-7.317964,-6.141717
Hcan_PMT_KAL4341785.1	Hcan_PMT_KAL4341785.1	/content/drive/MyDrive/CS_5782_Final_Project/code_and_data/BAHD_lastLayer_embeddings/Hcan_PMT_KAL4341785.1_hidden_layer_steps10.pt	acceptor_superclass::Phenylpropanoids (C6-C3)	acceptor_superclass::Monoterpenoids;acceptor_superclass::Phenylethanoids (C6-C2);acceptor_superclass::Phenylpropanoids (C6-C3)	0,0,0,0,0,0,0,0,0,0,0,0,0,0,0,1,0,0,0,0,0,0,0	0,0,0,0,0,0,0,0,0,1,0,0,0,0,1,1,0,0,0,0,0,0,0	-5.383473,-5.687046,-6.512808,-5.607156,-3.098849,-3.178004,-5.697589,-5.539152,-5.329891,2.003423,-5.299122,-8.357373,-3.813304,-5.582291,0.722177,2.897114,-6.689211,-7.131258,-6.613911,-6.432649,-3.288142,-6.129131,-3.177816
Hmur_ACT_BCN87077.1	Hmur_ACT_BCN87077.1	/content/drive/MyDrive/CS_5782_Final_Project/code_and_data/BAHD_lastLayer_embeddings/Hmur_ACT_BCN87077.1_hidden_layer_steps10.pt	acceptor_superclass::Ornithine alkaloids;acceptor_superclass::Pseudoalkaloids	acceptor_superclass::Ornithine alkaloids;acceptor_superclass::Pseudoalkaloids	0,0,0,0,0,0,0,0,0,0,0,1,0,0,0,0,1,0,0,0,0,0,0	0,0,0,0,0,0,0,0,0,0,0,1,0,0,0,0,1,0,0,0,0,0,0	-4.216798,-4.028298,-6.097408,-5.822863,-4.297448,-6.387414,-5.013772,-5.411333,-5.981976,-5.945869,-4.297146,7.719037,-4.615323,-4.639487,-4.562987,-2.985917,3.113302,-6.014791,-6.312804,-5.066140,-4.921205,-3.807160,-4.946138
Hpol_BAHD3_NA	Hpol_BAHD3_NA	/content/drive/MyDrive/CS_5782_Final_Project/code_and_data/BAHD_lastLayer_embeddings/Hpol_BAHD3_NA_hidden_layer_steps10.pt	acceptor_superclass::Tyrosine alkaloids	acceptor_superclass::Flavonoids;acceptor_superclass::Tryptophan alkaloids	0,0,0,0,0,0,0,0,0,0,0,0,0,0,0,0,0,0,0,0,0,0,1	0,0,0,0,0,1,0,0,0,0,0,0,0,0,0,0,0,0,0,0,0,1,0	-5.356698,-5.731416,-6.203055,-2.445220,-3.827181,0.348594,-3.771320,-6.276922,-6.048520,-7.399059,-8.094722,-2.604344,-5.159022,-6.773675,-7.958736,-8.869270,-5.652131,-7.418194,-3.891701,-3.845621,-4.511015,0.062338,-2.542615
Hvul_ACT1-1_AAO73071.1	Hvul_ACT1-1_AAO73071.1	/content/drive/MyDrive/CS_5782_Final_Project/code_and_data/BAHD_lastLayer_embeddings/Hvul_ACT1-1_AAO73071.1_hidden_layer_steps10.pt	acceptor_superclass::Ornithine alkaloids	acceptor_superclass::Ornithine alkaloids;acceptor_superclass::Pseudoalkaloids	0,0,0,0,0,0,0,0,0,0,0,1,0,0,0,0,0,0,0,0,0,0,0	0,0,0,0,0,0,0,0,0,0,0,1,0,0,0,0,1,0,0,0,0,0,0	-5.734939,-5.882133,-6.469416,-6.552863,-6.970782,-4.863759,-5.831363,-4.994184,-5.259086,-6.060905,-5.972275,7.113976,-5.224182,-3.641670,-6.149951,-7.220448,5.124536,-6.200516,-6.246523,-5.263423,-5.870435,-5.340891,-6.117433
Hvul_ACT1-1_BAF97626	Hvul_ACT1-1_BAF97626	/content/drive/MyDrive/CS_5782_Final_Project/code_and_data/BAHD_lastLayer_embeddings/Hvul_ACT1-1_BAF97626_hidden_layer_steps10.pt	acceptor_superclass::Ornithine alkaloids;acceptor_superclass::Pseudoalkaloids	acceptor_superclass::Ornithine alkaloids	0,0,0,0,0,0,0,0,0,0,0,1,0,0,0,0,1,0,0,0,0,0,0	0,0,0,0,0,0,0,0,0,0,0,1,0,0,0,0,0,0,0,0,0,0,0	-7.371228,-7.498495,-8.362992,-8.153136,-6.245594,-5.996756,-7.251576,-5.045426,-6.908175,-6.377809,-6.820332,5.026824,-7.750245,-7.120465,-7.910818,-4.803294,-0.414535,-7.908724,-5.939012,-6.269581,-7.344882,-5.746781,-5.762890
Hvul_ACT1-2_BAF97627.1	Hvul_ACT1-2_BAF97627	/content/drive/MyDrive/CS_5782_Final_Project/code_and_data/BAHD_lastLayer_embeddings/Hvul_ACT1-2_BAF97627.1_hidden_layer_steps10.pt	acceptor_superclass::Ornithine alkaloids;acceptor_superclass::Pseudoalkaloids	acceptor_superclass::Ornithine alkaloids	0,0,0,0,0,0,0,0,0,0,0,1,0,0,0,0,1,0,0,0,0,0,0	0,0,0,0,0,0,0,0,0,0,0,1,0,0,0,0,0,0,0,0,0,0,0	-6.134691,-6.561255,-6.792678,-5.577246,-4.872469,-3.953265,-6.222150,-5.214818,-7.192446,-6.321766,-6.133610,6.059114,-6.262164,-7.779462,-4.355443,-9.133923,-0.484484,-5.367411,-7.484196,-6.236547,-6.600788,-6.144914,-6.740650
Hvul_ACT1-2_BAF97627.1	Hvul_ACT1-2_BAF97627.1	/content/drive/MyDrive/CS_5782_Final_Project/code_and_data/BAHD_lastLayer_embeddings/Hvul_ACT1-2_BAF97627.1_hidden_layer_steps10.pt	acceptor_superclass::Ornithine alkaloids	acceptor_superclass::Ornithine alkaloids;acceptor_superclass::Pseudoalkaloids	0,0,0,0,0,0,0,0,0,0,0,1,0,0,0,0,0,0,0,0,0,0,0	0,0,0,0,0,0,0,0,0,0,0,1,0,0,0,0,1,0,0,0,0,0,0	-6.603605,-6.846242,-7.412515,-7.128761,-6.676897,-5.688347,-6.012111,-4.789127,-6.027971,-6.004189,-5.969394,7.039883,-6.766441,-6.078539,-6.956696,-5.438416,3.990078,-6.675410,-5.951213,-5.726263,-6.207867,-5.072274,-5.607632
Hvul_ACT2_BAK00935.1	Hvul_ACT2_BAK00935.1	/content/drive/MyDrive/CS_5782_Final_Project/code_and_data/BAHD_lastLayer_embeddings/Hvul_ACT2_BAK00935.1_hidden_layer_steps10.pt	acceptor_superclass::Ornithine alkaloids;acceptor_superclass::Pseudoalkaloids	acceptor_superclass::Ornithine alkaloids;acceptor_superclass::Pseudoalkaloids	0,0,0,0,0,0,0,0,0,0,0,1,0,0,0,0,1,0,0,0,0,0,0	0,0,0,0,0,0,0,0,0,0,0,1,0,0,0,0,1,0,0,0,0,0,0	-7.107641,-6.770563,-7.204467,-7.843527,-6.618210,-6.687981,-6.891021,-5.243942,-6.662287,-6.504797,-6.292389,6.259264,-7.253375,-5.000899,-6.629718,-6.236824,2.632030,-7.626738,-6.820104,-5.843793,-7.079225,-4.862842,-5.641803
Hvul_ACT1-1_AAO73071.1	Hvul_ACT_AAO73071.1	/content/drive/MyDrive/CS_5782_Final_Project/code_and_data/BAHD_lastLayer_embeddings/Hvul_ACT1-1_AAO73071.1_hidden_layer_steps10.pt	acceptor_superclass::Ornithine alkaloids	acceptor_superclass::Ornithine alkaloids;acceptor_superclass::Pseudoalkaloids	0,0,0,0,0,0,0,0,0,0,0,1,0,0,0,0,0,0,0,0,0,0,0	0,0,0,0,0,0,0,0,0,0,0,1,0,0,0,0,1,0,0,0,0,0,0	-5.734939,-5.882133,-6.469416,-6.552863,-6.970782,-4.863759,-5.831363,-4.994184,-5.259086,-6.060905,-5.972275,7.113976,-5.224182,-3.641670,-6.149951,-7.220448,5.124536,-6.200516,-6.246523,-5.263423,-5.870435,-5.340891,-6.117433
Ibat_HQT_BAA87043.1	Ibat_HQT_BAA87043.1	/content/drive/MyDrive/CS_5782_Final_Project/code_and_data/BAHD_lastLayer_embeddings/Ibat_HQT_BAA87043.1_hidden_layer_steps10.pt	acceptor_superclass::Phenolic acids (C6-C1)	acceptor_superclass::Phenolic acids (C6-C1)	0,0,0,0,0,0,0,0,0,0,0,0,0,1,0,0,0,0,0,0,0,0,0	0,0,0,0,0,0,0,0,0,0,0,0,0,1,0,0,0,0,0,0,0,0,0	-7.518145,-6.827520,-6.861649,-6.655006,-7.953266,-6.928945,-6.398181,-5.957974,-6.870994,-7.282236,-6.549006,-4.548028,-7.321449,5.092969,-7.911771,-5.426660,-4.329087,-5.819954,-6.458982,-7.209333,-7.619771,-6.341879,-7.786423
Ihol_3AT1_BAE72676.1	Ihol_3AT1_BAE72676.1	/content/drive/MyDrive/CS_5782_Final_Project/code_and_data/BAHD_lastLayer_embeddings/Ihol_3AT1_BAE72676.1_hidden_layer_steps10.pt	acceptor_superclass::Flavonoids	acceptor_superclass::Fatty acyls;acceptor_superclass::Monoterpenoids;acceptor_superclass::Phenylethanoids (C6-C2);acceptor_superclass::Phenylpropanoids (C6-C3)	0,0,0,0,0,1,0,0,0,0,0,0,0,0,0,0,0,0,0,0,0,0,0	0,0,0,0,1,0,0,0,0,1,0,0,0,0,1,1,0,0,0,0,0,0,0	-3.994595,-3.182810,-2.658752,-0.543993,2.363002,-3.727990,-3.385334,-4.068002,-4.861875,0.319112,-2.742928,-4.145784,-4.308857,-4.036788,0.479422,3.653424,-3.744630,-3.495019,-4.522951,-4.373912,-5.937655,-6.413406,-4.127282
Ihol_3AT2_BAE94328.1	Ihol_3AT2_BAE94328.1	/content/drive/MyDrive/CS_5782_Final_Project/code_and_data/BAHD_lastLayer_embeddings/Ihol_3AT2_BAE94328.1_hidden_layer_steps10.pt	acceptor_superclass::Flavonoids	acceptor_superclass::Flavonoids	0,0,0,0,0,1,0,0,0,0,0,0,0,0,0,0,0,0,0,0,0,0,0	0,0,0,0,0,1,0,0,0,0,0,0,0,0,0,0,0,0,0,0,0,0,0	-6.431179,-6.332969,-7.245888,-7.765679,-6.348588,1.469183,-6.135325,-6.989935,-6.564570,-3.846962,-6.597915,-6.230082,-6.270698,-2.843465,-5.748154,-6.154414,-4.718217,-5.985061,-7.153883,-5.908447,-8.858199,-7.312922,-9.715227
Jsam_BEAT1_UJH94663.1	Jsam_BEAT1_UJH94663.1	/content/drive/MyDrive/CS_5782_Final_Project/code_and_data/BAHD_lastLayer_embeddings/Jsam_BEAT1_UJH94663.1_hidden_layer_steps10.pt		acceptor_superclass::Fatty acyls	0,0,0,0,0,0,0,0,0,0,0,0,0,0,0,0,0,0,0,0,0,0,0	0,0,0,0,1,0,0,0,0,0,0,0,0,0,0,0,0,0,0,0,0,0,0	-6.563438,-6.664066,-6.856418,-7.167157,1.966011,-10.216130,-7.489326,-4.340617,-5.914366,-5.343733,-7.638904,-4.372340,-6.272689,-5.220793,-1.316783,-5.051986,-6.592456,-7.110251,-7.853193,-6.650710,-7.539240,-4.198908,-7.028123
Jsam_BEAT2_UJH94664.1	Jsam_BEAT2_UJH94664.1	/content/drive/MyDrive/CS_5782_Final_Project/code_and_data/BAHD_lastLayer_embeddings/Jsam_BEAT2_UJH94664.1_hidden_layer_steps10.pt		acceptor_superclass::Flavonoids	0,0,0,0,0,0,0,0,0,0,0,0,0,0,0,0,0,0,0,0,0,0,0	0,0,0,0,0,1,0,0,0,0,0,0,0,0,0,0,0,0,0,0,0,0,0	-4.896120,-6.710412,-3.376371,-5.304471,-10.042911,1.377408,-6.004220,-5.440601,-7.116185,-6.928875,-5.540138,-7.914759,-4.374801,-0.046858,-3.752869,-2.944246,-7.691830,-6.892154,-4.105168,-6.105020,-5.952068,-6.731400,-3.645730
Lalb_HMT_BAD89275.1	Lalb_HMT_BAD89275.1	/content/drive/MyDrive/CS_5782_Final_Project/code_and_data/BAHD_lastLayer_embeddings/Lalb_HMT_BAD89275.1_hidden_layer_steps10.pt	acceptor_superclass::Lysine alkaloids	acceptor_superclass::Fatty acyls;acceptor_superclass::Phenylpropanoids (C6-C3)	0,0,0,0,0,0,0,0,1,0,0,0,0,0,0,0,0,0,0,0,0,0,0	0,0,0,0,1,0,0,0,0,0,0,0,0,0,0,1,0,0,0,0,0,0,0	-6.482575,-5.949374,-4.764212,-4.986135,0.936734,-5.837579,-5.227630,-5.246190,-5.502432,-4.025227,-6.359457,-6.450614,-5.993407,-2.062514,-5.813123,2.295321,-7.252656,-5.904085,-7.434207,-7.140571,-6.529664,-7.032915,-6.794317
Lang_RAS_ABI48360.1	Lang_AAT1_ABI48360.1	/content/drive/MyDrive/CS_5782_Final_Project/code_and_data/BAHD_lastLayer_embeddings/Lang_RAS_ABI48360.1_hidden_layer_steps10.pt	acceptor_superclass::Tyrosine alkaloids	acceptor_superclass::Phenolic acids (C6-C1);acceptor_superclass::Small peptides;acceptor_superclass::Tryptophan alkaloids;acceptor_superclass::Tyrosine alkaloids	0,0,0,0,0,0,0,0,0,0,0,0,0,0,0,0,0,0,0,0,0,0,1	0,0,0,0,0,0,0,0,0,0,0,0,0,1,0,0,0,0,1,0,0,1,1	-5.082384,-5.465459,-6.242816,-5.457917,-6.756009,-4.253881,-6.072931,-4.718199,-5.142132,-5.141645,-6.085581,-6.438968,-4.878290,2.095397,-6.349951,-5.660308,-6.166002,-5.322248,2.858460,-5.292590,-5.276684,2.894642,2.610119
Lang_RAS_ABI48360.1	Lang_AT1_ABI48360.1	/content/drive/MyDrive/CS_5782_Final_Project/code_and_data/BAHD_lastLayer_embeddings/Lang_RAS_ABI48360.1_hidden_layer_steps10.pt	acceptor_superclass::Phenolic acids (C6-C1);acceptor_superclass::Small peptides;acceptor_superclass::Tryptophan alkaloids;acceptor_superclass::Tyrosine alkaloids	acceptor_superclass::Tyrosine alkaloids	0,0,0,0,0,0,0,0,0,0,0,0,0,1,0,0,0,0,1,0,0,1,1	0,0,0,0,0,0,0,0,0,0,0,0,0,0,0,0,0,0,0,0,0,0,1	-6.117815,-6.253105,-6.195360,-5.262883,-7.352121,-5.682920,-6.422924,-4.518282,-6.722435,-7.560405,-6.201623,-6.009664,-7.560709,-3.916162,-7.624485,-5.854062,-6.737107,-7.033242,-2.862804,-6.965847,-7.595484,-5.258307,2.790873
Lang_RAS_ABI48360.1	Lang_RAS_ABI48360.1	/content/drive/MyDrive/CS_5782_Final_Project/code_and_data/BAHD_lastLayer_embeddings/Lang_RAS_ABI48360.1_hidden_layer_steps10.pt		acceptor_superclass::Phenolic acids (C6-C1);acceptor_superclass::Small peptides;acceptor_superclass::Tryptophan alkaloids;acceptor_superclass::Tyrosine alkaloids	0,0,0,0,0,0,0,0,0,0,0,0,0,0,0,0,0,0,0,0,0,0,0	0,0,0,0,0,0,0,0,0,0,0,0,0,1,0,0,0,0,1,0,0,1,1	-4.660396,-4.530035,-4.384920,-5.077283,-6.210647,-4.343978,-5.148772,-3.592669,-4.350052,-4.832887,-6.029494,-3.669772,-4.813981,2.164112,-4.670577,-4.042480,-5.253650,-4.106858,3.807392,-5.168833,-3.812531,3.844141,5.915365
Lang_RAS_AEA36976.1	Lang_RAS_AEA36976.1	/content/drive/MyDrive/CS_5782_Final_Project/code_and_data/BAHD_lastLayer_embeddings/Lang_RAS_AEA36976.1_hidden_layer_steps10.pt		acceptor_superclass::Tyrosine alkaloids	0,0,0,0,0,0,0,0,0,0,0,0,0,0,0,0,0,0,0,0,0,0,0	0,0,0,0,0,0,0,0,0,0,0,0,0,0,0,0,0,0,0,0,0,0,1	-6.784811,-6.685479,-7.196076,-6.246401,-7.480753,-5.302406,-6.601789,-4.603135,-7.391355,-8.256263,-7.436119,-5.470515,-7.723817,-2.092679,-7.864108,-5.798780,-6.481831,-7.607374,-1.914566,-7.061001,-8.131787,-6.665779,1.610962
Lery_AAT1_BBV14786.1	Lery_AAT1_BBV14786.1	/content/drive/MyDrive/CS_5782_Final_Project/code_and_data/BAHD_lastLayer_embeddings/Lery_AAT1_BBV14786.1_hidden_layer_steps10.pt	acceptor_superclass::Naphthalenes	acceptor_superclass::Naphthalenes	0,0,0,0,0,0,0,0,0,0,1,0,0,0,0,0,0,0,0,0,0,0,0	0,0,0,0,0,0,0,0,0,0,1,0,0,0,0,0,0,0,0,0,0,0,0	-4.694190,-6.605874,-5.806427,-5.854254,-6.425415,-6.015546,-6.374969,-5.012887,-5.327520,-5.911966,5.022947,-6.500331,-5.261847,-6.624317,-7.410678,-6.199703,-6.385429,-5.693675,-6.512707,-4.497376,-5.271889,-5.519317,-5.603832
Lery_AAT2_BDW80085.1	Lery_AAT2_BDW80085.1	/content/drive/MyDrive/CS_5782_Final_Project/code_and_data/BAHD_lastLayer_embeddings/Lery_AAT2_BDW80085.1_hidden_layer_steps10.pt	acceptor_superclass::Naphthalenes	acceptor_superclass::Naphthalenes	0,0,0,0,0,0,0,0,0,0,1,0,0,0,0,0,0,0,0,0,0,0,0	0,0,0,0,0,0,0,0,0,0,1,0,0,0,0,0,0,0,0,0,0,0,0	-4.106252,-5.430645,-4.337858,-5.108873,-4.952334,-3.424349,-5.195285,-5.345541,-5.950193,-5.730475,6.180478,-5.697428,-4.101204,-6.008361,-5.572704,-5.992728,-5.038768,-4.732366,-5.678512,-5.220864,-3.951587,-6.560811,-6.048818
Lery_SAT1_BBV14785.1	Lery_SAT1_BBV14785.1	/content/drive/MyDrive/CS_5782_Final_Project/code_and_data/BAHD_lastLayer_embeddings/Lery_SAT1_BBV14785.1_hidden_layer_steps10.pt	acceptor_superclass::Naphthalenes	acceptor_superclass::Naphthalenes	0,0,0,0,0,0,0,0,0,0,1,0,0,0,0,0,0,0,0,0,0,0,0	0,0,0,0,0,0,0,0,0,0,1,0,0,0,0,0,0,0,0,0,0,0,0	-5.220487,-6.253066,-7.032651,-5.183811,-5.930992,-5.441129,-5.670743,-5.714109,-4.991608,-5.397383,5.649949,-7.234225,-5.417667,-5.860632,-5.045644,-5.159275,-6.221599,-5.156498,-5.423273,-5.582288,-5.160261,-6.122493,-6.128616
Lery_SAT2_BDW80077.1	Lery_SAT2_BDW80077.1	/content/drive/MyDrive/CS_5782_Final_Project/code_and_data/BAHD_lastLayer_embeddings/Lery_SAT2_BDW80077.1_hidden_layer_steps10.pt	acceptor_superclass::Naphthalenes	acceptor_superclass::Naphthalenes	0,0,0,0,0,0,0,0,0,0,1,0,0,0,0,0,0,0,0,0,0,0,0	0,0,0,0,0,0,0,0,0,0,1,0,0,0,0,0,0,0,0,0,0,0,0	-5.154486,-4.757420,-5.979832,-2.153092,-3.610511,-6.480804,-6.519845,-4.377819,-5.847543,-6.309755,3.039963,-3.825053,-5.338722,-7.446736,-3.603182,-4.521362,-5.300735,-5.922998,-4.228469,-4.337951,-5.586845,-4.054413,-6.015560
Lint_AAT-3_AIW81431.1	Lint_AAT-3_AIW81431.1	/content/drive/MyDrive/CS_5782_Final_Project/code_and_data/BAHD_lastLayer_embeddings/Lint_AAT-3_AIW81431.1_hidden_layer_steps10.pt	acceptor_superclass::Monoterpenoids	acceptor_superclass::Phenylpropanoids (C6-C3)	0,0,0,0,0,0,0,0,0,1,0,0,0,0,0,0,0,0,0,0,0,0,0	0,0,0,0,0,0,0,0,0,0,0,0,0,0,0,1,0,0,0,0,0,0,0	-6.210810,-5.419580,-5.582708,-6.597260,-2.997015,-9.610763,-8.374635,-5.052101,-6.222284,-1.017382,-5.387438,-4.668106,-7.143061,-0.422162,-4.991771,2.315028,-5.427901,-4.481794,-5.898935,-6.353712,-5.543828,-2.860719,-5.654415
Lint_AAT-4_AIW81432.1	Lint_AAT-4_AIW81432.1	/content/drive/MyDrive/CS_5782_Final_Project/code_and_data/BAHD_lastLayer_embeddings/Lint_AAT-4_AIW81432.1_hidden_layer_steps10.pt	acceptor_superclass::Monoterpenoids		0,0,0,0,0,0,0,0,0,1,0,0,0,0,0,0,0,0,0,0,0,0,0	0,0,0,0,0,0,0,0,0,0,0,0,0,0,0,0,0,0,0,0,0,0,0	-6.624005,-6.678173,-7.034891,-6.175753,-6.503017,-5.537265,-6.803830,-7.674123,-7.316814,-6.886623,-6.792354,-3.519536,-6.586930,-8.232831,-4.837819,-8.506887,-6.369349,-5.027781,-6.580270,-5.469489,-2.194290,-5.752151,-2.996258
Ljap_HQT_ACZ52698.1	Ljap_HQT_ACZ52698.1	/content/drive/MyDrive/CS_5782_Final_Project/code_and_data/BAHD_lastLayer_embeddings/Ljap_HQT_ACZ52698.1_hidden_layer_steps10.pt	acceptor_superclass::Phenolic acids (C6-C1)	acceptor_superclass::Phenolic acids (C6-C1)	0,0,0,0,0,0,0,0,0,0,0,0,0,1,0,0,0,0,0,0,0,0,0	0,0,0,0,0,0,0,0,0,0,0,0,0,1,0,0,0,0,0,0,0,0,0	-7.204775,-7.229798,-8.416026,-5.984946,-6.947582,-5.615206,-7.353421,-6.523009,-7.121648,-7.239017,-6.668441,-6.808370,-7.083353,6.600352,-8.239063,-6.182211,-4.855209,-6.468773,-2.168946,-6.991236,-5.817490,-7.223014,-6.717350
Lori_AAT1_WKK95849.1	Lori_AAT1_WKK95849.1	/content/drive/MyDrive/CS_5782_Final_Project/code_and_data/BAHD_lastLayer_embeddings/Lori_AAT1_WKK95849.1_hidden_layer_steps10.pt	acceptor_superclass::Fatty acyls		0,0,0,0,1,0,0,0,0,0,0,0,0,0,0,0,0,0,0,0,0,0,0	0,0,0,0,0,0,0,0,0,0,0,0,0,0,0,0,0,0,0,0,0,0,0	-7.153909,-7.372580,-6.453116,-5.110973,-4.355811,-5.774508,-7.138487,-7.288933,-2.347433,-4.902428,-7.038482,-7.223978,-7.571766,-7.864973,-8.511797,-2.560902,-4.645354,-4.270120,-3.975820,-8.080248,-6.460246,-6.412603,-7.041159
Lpur_3MAT1_AAS77404.1	Lpur_3MAT1_AAS77404.1	/content/drive/MyDrive/CS_5782_Final_Project/code_and_data/BAHD_lastLayer_embeddings/Lpur_3MAT1_AAS77404.1_hidden_layer_steps10.pt	acceptor_superclass::Flavonoids;acceptor_superclass::Isoflavonoids;acceptor_superclass::Phenolic acids (C6-C1)	acceptor_superclass::Flavonoids	0,0,0,0,0,1,1,0,0,0,0,0,0,1,0,0,0,0,0,0,0,0,0	0,0,0,0,0,1,0,0,0,0,0,0,0,0,0,0,0,0,0,0,0,0,0	-2.896066,-4.563762,-6.501481,-3.033678,-6.211293,4.519019,-0.734095,-3.017665,-4.514597,-3.564178,-1.345678,-7.402875,-2.308501,-4.829133,-2.487325,-4.735981,-5.412447,-7.636534,-1.779780,-1.722062,-4.641917,-3.944760,-2.749633
Lrob_AT1_WEX29780.1	Lrob_AT1_WEX29780.1	/content/drive/MyDrive/CS_5782_Final_Project/code_and_data/BAHD_lastLayer_embeddings/Lrob_AT1_WEX29780.1_hidden_layer_steps10.pt	acceptor_superclass::Phenylethanoids (C6-C2)	acceptor_superclass::Ornithine alkaloids	0,0,0,0,0,0,0,0,0,0,0,0,0,0,1,0,0,0,0,0,0,0,0	0,0,0,0,0,0,0,0,0,0,0,1,0,0,0,0,0,0,0,0,0,0,0	-5.579434,-6.162683,-6.054854,-4.895385,-6.312381,-8.155442,-7.440059,-5.846117,-7.518160,-7.523458,-4.996170,1.765557,-4.610812,-5.578744,-0.918582,-3.902493,-4.425225,-7.170606,-10.110711,-5.615080,-7.218854,-6.355579,-7.346107
Lsat_BOS_QYL33117.1	Lsat_BOS_QYL33117.1	/content/drive/MyDrive/CS_5782_Final_Project/code_and_data/BAHD_lastLayer_embeddings/Lsat_BOS_QYL33117.1_hidden_layer_steps10.pt	acceptor_superclass::Small peptides	acceptor_superclass::Small peptides	0,0,0,0,0,0,0,0,0,0,0,0,0,0,0,0,0,0,1,0,0,0,0	0,0,0,0,0,0,0,0,0,0,0,0,0,0,0,0,0,0,1,0,0,0,0	-5.390448,-6.283389,-7.038195,-4.551057,-4.800472,-4.685671,-4.836815,-4.470992,-6.452749,-6.689120,-5.746931,-3.410694,-5.496010,-2.630003,-8.893669,-6.479490,-5.087560,-6.336073,4.315578,-5.848606,-2.840499,-6.845884,-3.979839
Lsat_BOS_QYL33117.1	Lsat_DS_QYL33117.1	/content/drive/MyDrive/CS_5782_Final_Project/code_and_data/BAHD_lastLayer_embeddings/Lsat_BOS_QYL33117.1_hidden_layer_steps10.pt	acceptor_superclass::Small peptides	acceptor_superclass::Small peptides	0,0,0,0,0,0,0,0,0,0,0,0,0,0,0,0,0,0,1,0,0,0,0	0,0,0,0,0,0,0,0,0,0,0,0,0,0,0,0,0,0,1,0,0,0,0	-4.955318,-4.440115,-6.280885,-3.003667,-4.659545,-5.233330,-5.343767,-6.080127,-4.935150,-6.728516,-5.755677,-3.244307,-4.671674,-4.133296,-2.627343,-2.045507,-5.497769,-4.397213,3.862783,-6.351162,-5.085344,-3.406131,-4.196887
Ltri_CAAT1_AHA90802.1	Ltri_CAAT1_AHA90802.1	/content/drive/MyDrive/CS_5782_Final_Project/code_and_data/BAHD_lastLayer_embeddings/Ltri_CAAT1_AHA90802.1_hidden_layer_steps10.pt	acceptor_superclass::Phenylpropanoids (C6-C3)	acceptor_superclass::Lignans	0,0,0,0,0,0,0,0,0,0,0,0,0,0,0,1,0,0,0,0,0,0,0	0,0,0,0,0,0,0,1,0,0,0,0,0,0,0,0,0,0,0,0,0,0,0	-5.146207,-4.648121,-3.959020,-4.130463,-1.120210,-3.642627,-5.565112,2.794702,-4.354696,-3.907314,-3.316713,-2.081242,-4.550005,-7.612436,-2.553516,-0.137547,-4.987503,-4.125845,-3.709970,-3.735594,-3.161636,-7.100840,-6.238816
Maze_AT1704_NA	Maze_AT1704_NA	/content/drive/MyDrive/CS_5782_Final_Project/code_and_data/BAHD_lastLayer_embeddings/Maze_AT1704_NA_hidden_layer_steps10.pt	acceptor_superclass::Triterpenoids	acceptor_superclass::Triterpenoids	0,0,0,0,0,0,0,0,0,0,0,0,0,0,0,0,0,0,0,0,1,0,0	0,0,0,0,0,0,0,0,0,0,0,0,0,0,0,0,0,0,0,0,1,0,0	-6.846247,-6.332837,-3.143239,-3.759289,-5.778346,-5.057270,-6.817620,-6.355836,-6.439295,-2.838961,-4.561952,-9.872483,-6.312422,-0.231475,-5.825079,-7.916508,-8.078897,-5.596552,-6.625659,-6.218946,0.180193,-4.218820,-4.364057
Maze_AT8824_KAJ4723782.1	Maze_AT8824_KAJ4723782.1	/content/drive/MyDrive/CS_5782_Final_Project/code_and_data/BAHD_lastLayer_embeddings/Maze_AT8824_KAJ4723782.1_hidden_layer_steps10.pt	acceptor_superclass::Triterpenoids	acceptor_superclass::Triterpenoids	0,0,0,0,0,0,0,0,0,0,0,0,0,0,0,0,0,0,0,0,1,0,0	0,0,0,0,0,0,0,0,0,0,0,0,0,0,0,0,0,0,0,0,1,0,0	-6.798621,-7.659300,-6.316933,-4.382632,-6.496806,-4.897774,-5.631879,-5.271059,-6.638309,-7.896285,-4.964304,-5.925941,-6.118594,-4.098118,-8.890057,-7.303509,-7.238091,-7.152900,-5.902025,-5.499631,0.582879,-6.734777,-6.273267
Mdom_AAT1_AAU14879.2	Mdom_AAT1_AAU14879.2	/content/drive/MyDrive/CS_5782_Final_Project/code_and_data/BAHD_lastLayer_embeddings/Mdom_AAT1_AAU14879.2_hidden_layer_steps10.pt	acceptor_superclass::Fatty acyls;acceptor_superclass::Phenylpropanoids (C6-C3)	acceptor_superclass::Fatty acyls	0,0,0,0,1,0,0,0,0,0,0,0,0,0,0,1,0,0,0,0,0,0,0	0,0,0,0,1,0,0,0,0,0,0,0,0,0,0,0,0,0,0,0,0,0,0	-7.808553,-6.109475,-7.801957,-6.433977,5.027256,-6.835790,-7.482702,-7.065915,-6.661683,-4.585077,-7.346250,-6.886667,-7.267370,-6.084170,-4.624337,-3.165267,-6.787833,-6.528078,-6.087226,-7.636607,-7.325405,-8.027903,-7.145183
Mdom_SHT_ALF00095.1	Mdom_SHT_ALF00095.1	/content/drive/MyDrive/CS_5782_Final_Project/code_and_data/BAHD_lastLayer_embeddings/Mdom_SHT_ALF00095.1_hidden_layer_steps10.pt	acceptor_superclass::Ornithine alkaloids	acceptor_superclass::Ornithine alkaloids	0,0,0,0,0,0,0,0,0,0,0,1,0,0,0,0,0,0,0,0,0,0,0	0,0,0,0,0,0,0,0,0,0,0,1,0,0,0,0,0,0,0,0,0,0,0	-6.393122,-6.394478,-8.138373,-5.920996,-8.363652,-3.234067,-5.062536,-5.598239,-6.237915,-8.300414,-6.263431,1.648928,-7.419298,-3.629058,-6.361752,-7.486539,-6.182277,-6.461471,-0.233257,-7.418125,-6.773126,-3.895072,-0.629685
Mema_HFT_NA	Mema_HFT_NA	/content/drive/MyDrive/CS_5782_Final_Project/code_and_data/BAHD_lastLayer_embeddings/Mema_HFT_NA_hidden_layer_steps10.pt	acceptor_superclass::Fatty acyls		0,0,0,0,1,0,0,0,0,0,0,0,0,0,0,0,0,0,0,0,0,0,0	0,0,0,0,0,0,0,0,0,0,0,0,0,0,0,0,0,0,0,0,0,0,0	-6.374290,-6.774973,-8.818954,-3.323429,-5.476984,-4.197306,-6.847106,-5.145566,-7.539974,-4.006427,-5.561676,-4.565710,-6.631886,-2.353919,-7.786159,-8.582733,-3.210832,-6.923609,-4.025535,-6.775299,-7.317472,-2.398455,-4.415447
Mlon_AT1_NA	Mlon_AT1_NA	/content/drive/MyDrive/CS_5782_Final_Project/code_and_data/BAHD_lastLayer_embeddings/Mlon_AT1_NA_hidden_layer_steps10.pt	acceptor_superclass::Phenolic acids (C6-C1)	acceptor_superclass::Phenolic acids (C6-C1);acceptor_superclass::Small peptides	0,0,0,0,0,0,0,0,0,0,0,0,0,1,0,0,0,0,0,0,0,0,0	0,0,0,0,0,0,0,0,0,0,0,0,0,1,0,0,0,0,1,0,0,0,0	-6.612545,-6.970722,-6.874877,-6.186037,-8.456213,-0.533794,-5.922757,-5.599957,-6.915106,-8.279717,-6.673029,-6.188805,-6.002419,6.083789,-6.220864,-5.935174,-6.536028,-7.470151,0.172021,-6.678076,-6.294227,-6.076924,-0.212147
Mlon_AT2_NA	Mlon_AT2_NA	/content/drive/MyDrive/CS_5782_Final_Project/code_and_data/BAHD_lastLayer_embeddings/Mlon_AT2_NA_hidden_layer_steps10.pt	acceptor_superclass::Phenolic acids (C6-C1)	acceptor_superclass::Phenolic acids (C6-C1)	0,0,0,0,0,0,0,0,0,0,0,0,0,1,0,0,0,0,0,0,0,0,0	0,0,0,0,0,0,0,0,0,0,0,0,0,1,0,0,0,0,0,0,0,0,0	-6.797869,-7.847194,-6.337350,-0.578087,-3.414842,-5.205682,-6.832696,-3.619369,-7.334400,-8.596633,-7.992694,-4.321039,-6.525423,0.565575,-6.589121,-4.782636,-5.850204,-7.442321,-0.862497,-6.192765,-7.227111,-5.056184,-2.806051
Mlon_AT1_NA	Mlon_AT3_NA	/content/drive/MyDrive/CS_5782_Final_Project/code_and_data/BAHD_lastLayer_embeddings/Mlon_AT1_NA_hidden_layer_steps10.pt	acceptor_superclass::Phenolic acids (C6-C1)	acceptor_superclass::Phenolic acids (C6-C1)	0,0,0,0,0,0,0,0,0,0,0,0,0,1,0,0,0,0,0,0,0,0,0	0,0,0,0,0,0,0,0,0,0,0,0,0,1,0,0,0,0,0,0,0,0,0	-6.723911,-7.078159,-7.270390,-6.221763,-7.361283,-3.187407,-6.203560,-5.341649,-6.882696,-6.470043,-6.888126,-7.091243,-6.144427,8.480007,-8.638552,-5.959865,-5.452887,-7.102993,-1.988099,-6.664874,-7.203515,-6.347168,-4.162510
Mlon_AT4_NA	Mlon_AT4_NA	/content/drive/MyDrive/CS_5782_Final_Project/code_and_data/BAHD_lastLayer_embeddings/Mlon_AT4_NA_hidden_layer_steps10.pt	acceptor_superclass::Lignans;acceptor_superclass::Phenolic acids (C6-C1)		0,0,0,0,0,0,0,1,0,0,0,0,0,1,0,0,0,0,0,0,0,0,0	0,0,0,0,0,0,0,0,0,0,0,0,0,0,0,0,0,0,0,0,0,0,0	-6.631423,-7.165410,-8.871082,-7.092261,-4.072732,-6.050045,-8.533407,-6.619219,-6.985969,-3.443824,-6.480152,-5.687264,-6.156176,-0.178531,-2.052025,-5.607279,-7.318528,-8.528590,-4.167811,-7.918873,-8.024070,-8.038521,-6.766118
Mlon_AT6_NA	Mlon_AT6_NA	/content/drive/MyDrive/CS_5782_Final_Project/code_and_data/BAHD_lastLayer_embeddings/Mlon_AT6_NA_hidden_layer_steps10.pt	acceptor_superclass::Phenolic acids (C6-C1)		0,0,0,0,0,0,0,0,0,0,0,0,0,1,0,0,0,0,0,0,0,0,0	0,0,0,0,0,0,0,0,0,0,0,0,0,0,0,0,0,0,0,0,0,0,0	-6.528209,-7.439250,-6.077559,-6.247786,-6.256259,-5.815327,-10.690160,-5.590179,-8.069182,-5.784222,-5.378403,-5.900412,-7.309021,-3.496251,-8.064001,-6.088592,-8.211469,-7.646998,-5.527130,-7.811581,-7.801725,-7.451253,-3.031505
Moff_RAS_CBW35684.1	Moff_RAS_CBW35684.1	/content/drive/MyDrive/CS_5782_Final_Project/code_and_data/BAHD_lastLayer_embeddings/Moff_RAS_CBW35684.1_hidden_layer_steps10.pt		acceptor_superclass::Phenolic acids (C6-C1);acceptor_superclass::Small peptides;acceptor_superclass::Tyrosine alkaloids	0,0,0,0,0,0,0,0,0,0,0,0,0,0,0,0,0,0,0,0,0,0,0	0,0,0,0,0,0,0,0,0,0,0,0,0,1,0,0,0,0,1,0,0,0,1	-6.304925,-6.687069,-6.767456,-6.342097,-8.236185,-5.377826,-6.624007,-4.863493,-7.053684,-7.085667,-7.170542,-3.688337,-6.406113,0.507477,-6.275771,-4.895984,-6.319821,-7.334837,0.428998,-6.588738,-6.523114,-1.537089,3.302488
Mpal_HCT_AXN55971.1	Mpal_HCT_AXN55971.1	/content/drive/MyDrive/CS_5782_Final_Project/code_and_data/BAHD_lastLayer_embeddings/Mpal_HCT_AXN55971.1_hidden_layer_steps10.pt	acceptor_superclass::Phenolic acids (C6-C1)	acceptor_superclass::Phenolic acids (C6-C1)	0,0,0,0,0,0,0,0,0,0,0,0,0,1,0,0,0,0,0,0,0,0,0	0,0,0,0,0,0,0,0,0,0,0,0,0,1,0,0,0,0,0,0,0,0,0	-8.350183,-7.518736,-8.948647,-3.310710,-6.761562,-4.686359,-7.763905,-5.799429,-6.779069,-7.988226,-8.154588,-7.779186,-8.578022,3.609683,-8.597320,-3.544201,-7.108975,-6.130240,-3.097607,-8.549091,-9.172191,-5.957803,-5.117200
Mpol_HCT_PTQ49430.1	Mpol_HCT_PTQ49430.1	/content/drive/MyDrive/CS_5782_Final_Project/code_and_data/BAHD_lastLayer_embeddings/Mpol_HCT_PTQ49430.1_hidden_layer_steps10.pt	acceptor_superclass::Phenolic acids (C6-C1)	acceptor_superclass::Phenolic acids (C6-C1)	0,0,0,0,0,0,0,0,0,0,0,0,0,1,0,0,0,0,0,0,0,0,0	0,0,0,0,0,0,0,0,0,0,0,0,0,1,0,0,0,0,0,0,0,0,0	-6.299443,-7.293499,-6.767938,-2.615058,-7.070570,-5.456029,-3.646816,-4.512108,-5.999355,-7.443251,-7.666018,-7.629115,-5.979306,7.024862,-7.659859,-1.485169,-7.583674,-3.029585,-2.777977,-5.884958,-4.036012,-5.806696,-7.012114
Msap_AAT_CAC09063.1	Msap_AAT_CAC09063.1	/content/drive/MyDrive/CS_5782_Final_Project/code_and_data/BAHD_lastLayer_embeddings/Msap_AAT_CAC09063.1_hidden_layer_steps10.pt	acceptor_superclass::Fatty acyls;acceptor_superclass::Monoterpenoids;acceptor_superclass::Phenylethanoids (C6-C2);acceptor_superclass::Phenylpropanoids (C6-C3)	acceptor_superclass::Flavonoids	0,0,0,0,1,0,0,0,0,1,0,0,0,0,1,1,0,0,0,0,0,0,0	0,0,0,0,0,1,0,0,0,0,0,0,0,0,0,0,0,0,0,0,0,0,0	-6.086961,-7.439152,-6.408234,-8.185914,-8.456040,2.540085,-8.111698,-7.190621,-7.446609,-4.346034,-6.730828,-5.765886,-6.107177,-3.049167,-5.699546,-5.757668,-4.923576,-8.621435,-3.187749,-6.507882,-7.617428,-9.565588,-5.747500
Mtru_MAT1_ABY91220.1	Mtru_MAT1_ABY91220.1	/content/drive/MyDrive/CS_5782_Final_Project/code_and_data/BAHD_lastLayer_embeddings/Mtru_MAT1_ABY91220.1_hidden_layer_steps10.pt	acceptor_superclass::Flavonoids;acceptor_superclass::Isoflavonoids	acceptor_superclass::Flavonoids	0,0,0,0,0,1,1,0,0,0,0,0,0,0,0,0,0,0,0,0,0,0,0	0,0,0,0,0,1,0,0,0,0,0,0,0,0,0,0,0,0,0,0,0,0,0	-3.355017,-3.739620,-3.195895,-5.520371,-3.103747,5.543698,-0.282752,-4.334037,-4.032792,-3.523198,-4.719194,-4.929286,-3.570967,-2.541384,-4.750765,-6.487203,-3.676048,-3.618550,-3.125175,-3.504765,-3.531885,-4.319053,-5.626854
Mtru_MAT2_ABY91222.1	Mtru_MAT2_ABY91222.1	/content/drive/MyDrive/CS_5782_Final_Project/code_and_data/BAHD_lastLayer_embeddings/Mtru_MAT2_ABY91222.1_hidden_layer_steps10.pt	acceptor_superclass::Flavonoids;acceptor_superclass::Isoflavonoids	acceptor_superclass::Isoflavonoids	0,0,0,0,0,1,1,0,0,0,0,0,0,0,0,0,0,0,0,0,0,0,0	0,0,0,0,0,0,1,0,0,0,0,0,0,0,0,0,0,0,0,0,0,0,0	-5.874196,-4.658522,-4.755828,-4.217626,-4.438914,-0.245719,4.888401,-4.857518,-4.386742,-2.870467,-5.824562,-6.297719,-5.538556,-3.711112,-3.084219,-5.128611,-5.202573,-4.233336,-3.434772,-5.650346,-6.038464,-4.766835,-5.364453
Mtru_MAT3_ABY91221.1	Mtru_MAT3_ABY91221.1	/content/drive/MyDrive/CS_5782_Final_Project/code_and_data/BAHD_lastLayer_embeddings/Mtru_MAT3_ABY91221.1_hidden_layer_steps10.pt	acceptor_superclass::Flavonoids;acceptor_superclass::Isoflavonoids	acceptor_superclass::Flavonoids;acceptor_superclass::Isoflavonoids	0,0,0,0,0,1,1,0,0,0,0,0,0,0,0,0,0,0,0,0,0,0,0	0,0,0,0,0,1,1,0,0,0,0,0,0,0,0,0,0,0,0,0,0,0,0	-4.725083,-5.853322,-6.649640,-4.184796,-6.438090,1.135913,3.979651,-6.386383,-5.997728,-6.779743,-1.583692,-6.615971,-5.332797,-6.580978,-5.879157,-6.518450,-5.477605,-5.757253,-5.740231,-2.492830,-4.358322,-5.231258,-4.779957
Natt_AT1_AET80688.1	Natt_AT1_AET80688.1	/content/drive/MyDrive/CS_5782_Final_Project/code_and_data/BAHD_lastLayer_embeddings/Natt_AT1_AET80688.1_hidden_layer_steps10.pt	acceptor_superclass::Ornithine alkaloids;acceptor_superclass::Pseudoalkaloids	acceptor_superclass::Ornithine alkaloids;acceptor_superclass::Pseudoalkaloids	0,0,0,0,0,0,0,0,0,0,0,1,0,0,0,0,1,0,0,0,0,0,0	0,0,0,0,0,0,0,0,0,0,0,1,0,0,0,0,1,0,0,0,0,0,0	-5.851160,-5.495796,-5.873534,-4.558083,-5.203042,-5.019125,-6.458417,-5.336160,-5.605544,-4.644032,-6.760138,6.270270,-5.929097,-6.250093,-6.621204,-7.831752,5.669176,-5.715884,-5.774047,-5.967708,-6.330924,-4.267538,-6.186064
Natt_DH29_AET80686.1	Natt_DH29_AET80686.1	/content/drive/MyDrive/CS_5782_Final_Project/code_and_data/BAHD_lastLayer_embeddings/Natt_DH29_AET80686.1_hidden_layer_steps10.pt	acceptor_superclass::Ornithine alkaloids;acceptor_superclass::Pseudoalkaloids	acceptor_superclass::Flavonoids	0,0,0,0,0,0,0,0,0,0,0,1,0,0,0,0,1,0,0,0,0,0,0	0,0,0,0,0,1,0,0,0,0,0,0,0,0,0,0,0,0,0,0,0,0,0	-6.090702,-5.721750,-6.631524,-4.192266,-4.263939,0.941026,-3.702059,-4.916252,-6.304353,-5.025809,-5.766388,-1.829908,-5.577250,-7.240615,-1.750012,-7.543470,-4.449081,-5.811921,-5.300378,-6.824878,-5.699227,-4.765482,-5.808198
Ntab_ASAT1_XP_016480914.1	Ntab_ASAT1_XP_016480914.1	/content/drive/MyDrive/CS_5782_Final_Project/code_and_data/BAHD_lastLayer_embeddings/Ntab_ASAT1_XP_016480914.1_hidden_layer_steps10.pt	acceptor_superclass::Saccharides	acceptor_superclass::Fatty acyls;acceptor_superclass::Flavonoids;acceptor_superclass::Saccharides	0,0,0,0,0,0,0,0,0,0,0,0,0,0,0,0,0,1,0,0,0,0,0	0,0,0,0,1,1,0,0,0,0,0,0,0,0,0,0,0,1,0,0,0,0,0	-6.610021,-2.301739,-5.254926,-5.379893,1.238092,0.697353,-3.795644,-3.391605,-0.240908,-3.794321,-7.313128,-5.245175,-6.090376,-3.615367,-5.863279,-3.066366,-5.602709,0.174982,-4.954085,-6.849185,-4.188368,-4.269587,-5.594067
Ntab_ASAT2_XP_016451255.1	Ntab_ASAT2_XP_016451255.1	/content/drive/MyDrive/CS_5782_Final_Project/code_and_data/BAHD_lastLayer_embeddings/Ntab_ASAT2_XP_016451255.1_hidden_layer_steps10.pt		acceptor_superclass::Saccharides	0,0,0,0,0,0,0,0,0,0,0,0,0,0,0,0,0,0,0,0,0,0,0	0,0,0,0,0,0,0,0,0,0,0,0,0,0,0,0,0,1,0,0,0,0,0	-6.793717,-5.498267,-5.894930,-7.933955,-2.849166,-7.672462,-6.589541,-6.472863,-6.860621,-4.474560,-6.076334,-4.799770,-5.058739,-6.521441,-4.415924,-4.418146,-5.926116,1.127510,-6.985671,-7.265561,-7.875026,-3.072423,-8.796271
Ntab_BEBT_AAN09798.1	Ntab_BEBT_AAN09798.1	/content/drive/MyDrive/CS_5782_Final_Project/code_and_data/BAHD_lastLayer_embeddings/Ntab_BEBT_AAN09798.1_hidden_layer_steps10.pt			0,0,0,0,0,0,0,0,0,0,0,0,0,0,0,0,0,0,0,0,0,0,0	0,0,0,0,0,0,0,0,0,0,0,0,0,0,0,0,0,0,0,0,0,0,0	-6.462102,-6.901563,-5.907237,-7.395366,-3.709611,-7.538084,-6.931190,-6.548795,-2.857716,-0.703899,-7.611443,-5.651341,-6.534531,-1.817280,-3.894663,-0.684213,-4.248972,-6.627489,-9.094406,-7.808349,-7.213790,-6.220782,-8.090123
Ntab_HCT_CAD47830.1	Ntab_HCT_CAD47830.1	/content/drive/MyDrive/CS_5782_Final_Project/code_and_data/BAHD_lastLayer_embeddings/Ntab_HCT_CAD47830.1_hidden_layer_steps10.pt	acceptor_superclass::Phenolic acids (C6-C1);acceptor_superclass::Phenylpropanoids (C6-C3)	acceptor_superclass::Phenolic acids (C6-C1);acceptor_superclass::Phenylpropanoids (C6-C3)	0,0,0,0,0,0,0,0,0,0,0,0,0,1,0,1,0,0,0,0,0,0,0	0,0,0,0,0,0,0,0,0,0,0,0,0,1,0,1,0,0,0,0,0,0,0	-6.068233,-7.274878,-8.629461,-5.385182,-7.298885,-3.895774,-5.052279,-5.003099,-7.121748,-6.916735,-7.228300,-4.811689,-6.249216,7.542407,-6.905125,0.603456,-6.482909,-6.260881,-2.442062,-6.949285,-6.614645,-7.554540,-7.989936
Ntab_HQT_CAE46932.1	Ntab_HQT_CAE46932.1	/content/drive/MyDrive/CS_5782_Final_Project/code_and_data/BAHD_lastLayer_embeddings/Ntab_HQT_CAE46932.1_hidden_layer_steps10.pt	acceptor_superclass::Phenolic acids (C6-C1);acceptor_superclass::Phenylpropanoids (C6-C3)	acceptor_superclass::Phenolic acids (C6-C1)	0,0,0,0,0,0,0,0,0,0,0,0,0,1,0,1,0,0,0,0,0,0,0	0,0,0,0,0,0,0,0,0,0,0,0,0,1,0,0,0,0,0,0,0,0,0	-6.970649,-6.213486,-5.794650,-6.764718,-6.159411,-6.743104,-8.501015,-6.533659,-6.692996,-6.004229,-7.436496,-7.240691,-6.405480,6.256674,-6.826052,-2.527767,-6.355781,-6.254357,-5.325343,-7.351789,-5.377585,-7.457335,-8.118873
Ntab_MAT1_BAD93691.1	Ntab_MAT1_BAD93691.1	/content/drive/MyDrive/CS_5782_Final_Project/code_and_data/BAHD_lastLayer_embeddings/Ntab_MAT1_BAD93691.1_hidden_layer_steps10.pt	acceptor_superclass::Coumarins;acceptor_superclass::Flavonoids;acceptor_superclass::Naphthalenes;acceptor_superclass::Phenanthrenoids	acceptor_superclass::Flavonoids	1,0,0,0,0,1,0,0,0,0,1,0,1,0,0,0,0,0,0,0,0,0,0	0,0,0,0,0,1,0,0,0,0,0,0,0,0,0,0,0,0,0,0,0,0,0	-4.287929,-5.301197,-5.180636,-5.869189,-5.612514,5.090418,-2.328522,-5.153660,-5.583991,-5.188936,-4.808297,-5.808495,-4.179098,-2.062495,-5.904655,-5.769348,-5.315617,-5.750962,-2.600552,-3.783103,-5.764120,-5.729878,-4.436010
Ntab_SHT_QNO39110.1	Ntab_SHT_QNO39110.1	/content/drive/MyDrive/CS_5782_Final_Project/code_and_data/BAHD_lastLayer_embeddings/Ntab_SHT_QNO39110.1_hidden_layer_steps10.pt	acceptor_superclass::Ornithine alkaloids	acceptor_superclass::Ornithine alkaloids	0,0,0,0,0,0,0,0,0,0,0,1,0,0,0,0,0,0,0,0,0,0,0	0,0,0,0,0,0,0,0,0,0,0,1,0,0,0,0,0,0,0,0,0,0,0	-5.773738,-7.951141,-6.556135,-6.067481,-8.891085,-2.894525,-6.231418,-5.139406,-6.573486,-6.376068,-6.072609,3.166570,-5.394066,-1.483712,-7.662524,-8.797047,-2.783894,-7.544159,-5.692103,-5.930455,-4.529850,-6.164461,-6.214346
Obas_CAAT1_QKK36036.1	Obas_CAAT1_QKK36036.1	/content/drive/MyDrive/CS_5782_Final_Project/code_and_data/BAHD_lastLayer_embeddings/Obas_CAAT1_QKK36036.1_hidden_layer_steps10.pt	acceptor_superclass::Phenylethanoids (C6-C2);acceptor_superclass::Phenylpropanoids (C6-C3)		0,0,0,0,0,0,0,0,0,0,0,0,0,0,1,1,0,0,0,0,0,0,0	0,0,0,0,0,0,0,0,0,0,0,0,0,0,0,0,0,0,0,0,0,0,0	-7.365313,-7.446773,-4.235966,-7.586310,-6.254530,-6.746281,-6.916505,-5.776296,-5.615451,-4.123227,-8.241150,-2.745310,-6.985820,-4.570082,-7.296378,-5.783373,-4.079200,-8.425016,-3.946617,-7.080924,-7.240429,-5.565879,-5.009129
Obas_CAAT2_QKK36037.1	Obas_CAAT2_QKK36037.1	/content/drive/MyDrive/CS_5782_Final_Project/code_and_data/BAHD_lastLayer_embeddings/Obas_CAAT2_QKK36037.1_hidden_layer_steps10.pt	acceptor_superclass::Phenylpropanoids (C6-C3)		0,0,0,0,0,0,0,0,0,0,0,0,0,0,0,1,0,0,0,0,0,0,0	0,0,0,0,0,0,0,0,0,0,0,0,0,0,0,0,0,0,0,0,0,0,0	-5.937625,-6.105684,-3.698268,-6.415029,-3.578834,-7.656002,-6.317635,-4.486098,-5.646684,-1.498721,-7.448615,-4.939748,-5.642920,-6.278711,-3.705429,-1.556303,-6.103875,-7.525189,-6.615590,-6.630119,-6.492180,-1.032219,-3.426697
Oeur_AT1_XP_022859703.1	Oeur_AT1_XP_022859703.1	/content/drive/MyDrive/CS_5782_Final_Project/code_and_data/BAHD_lastLayer_embeddings/Oeur_AT1_XP_022859703.1_hidden_layer_steps10.pt	acceptor_superclass::Phenylethanoids (C6-C2)	acceptor_superclass::Phenylethanoids (C6-C2)	0,0,0,0,0,0,0,0,0,0,0,0,0,0,1,0,0,0,0,0,0,0,0	0,0,0,0,0,0,0,0,0,0,0,0,0,0,1,0,0,0,0,0,0,0,0	-6.686666,-6.372640,-4.658896,-6.446507,-6.909202,-7.912374,-7.250795,-5.567909,-6.467212,-5.520284,-6.784122,-4.075064,-5.856640,-7.569432,3.226002,-2.449238,-7.366827,-6.105632,-6.168381,-4.936586,-6.468053,-6.233261,-6.297827
Osat_AHT1_CAE03579.1	Osat_AHT1_CAE03579.1	/content/drive/MyDrive/CS_5782_Final_Project/code_and_data/BAHD_lastLayer_embeddings/Osat_AHT1_CAE03579.1_hidden_layer_steps10.pt	acceptor_superclass::Ornithine alkaloids;acceptor_superclass::Pseudoalkaloids	acceptor_superclass::Ornithine alkaloids;acceptor_superclass::Pseudoalkaloids	0,0,0,0,0,0,0,0,0,0,0,1,0,0,0,0,1,0,0,0,0,0,0	0,0,0,0,0,0,0,0,0,0,0,1,0,0,0,0,1,0,0,0,0,0,0	-5.077609,-6.343308,-6.566407,-5.461519,-8.949356,-2.875671,-6.325752,-5.881013,-5.300523,-7.403738,-5.545936,5.840188,-4.693363,-4.213352,-8.377847,-8.072032,4.242904,-6.184726,-3.490623,-4.931823,-5.338676,-3.826176,-3.834799
Osat_AT10_BAD33123.1	Osat_AT10_BAD33123.1	/content/drive/MyDrive/CS_5782_Final_Project/code_and_data/BAHD_lastLayer_embeddings/Osat_AT10_BAD33123.1_hidden_layer_steps10.pt	acceptor_superclass::Phenylpropanoids (C6-C3)	acceptor_superclass::Phenylpropanoids (C6-C3)	0,0,0,0,0,0,0,0,0,0,0,0,0,0,0,1,0,0,0,0,0,0,0	0,0,0,0,0,0,0,0,0,0,0,0,0,0,0,1,0,0,0,0,0,0,0	-7.865142,-7.461422,-6.428093,-8.241927,-6.702781,-5.918280,-8.220986,-6.747005,-7.574811,-5.951247,-7.734734,-2.898118,-6.864609,-4.910126,-3.690839,0.223959,-3.300294,-6.860459,-7.672125,-8.320552,-7.053511,-6.801325,-7.127208
Osat_DPW2_BAS75979.1	Osat_DPW2_BAS75979.1	/content/drive/MyDrive/CS_5782_Final_Project/code_and_data/BAHD_lastLayer_embeddings/Osat_DPW2_BAS75979.1_hidden_layer_steps10.pt	acceptor_superclass::Fatty Acids and Conjugates	acceptor_superclass::Monoterpenoids	0,0,0,1,0,0,0,0,0,0,0,0,0,0,0,0,0,0,0,0,0,0,0	0,0,0,0,0,0,0,0,0,1,0,0,0,0,0,0,0,0,0,0,0,0,0	-6.618589,-8.141447,-6.810834,-6.588330,-6.969897,-6.726887,-8.798673,-6.672532,-5.463824,1.128120,-8.325548,-5.155176,-6.633467,-4.939700,-4.329715,-2.032480,-5.234662,-9.094131,-8.634004,-6.983139,-5.963747,-6.533979,-5.736597
Osat_FMT_BAF16996.1	Osat_FMT_BAF16996.1	/content/drive/MyDrive/CS_5782_Final_Project/code_and_data/BAHD_lastLayer_embeddings/Osat_FMT_BAF16996.1_hidden_layer_steps10.pt	acceptor_superclass::Phenylpropanoids (C6-C3)	acceptor_superclass::Phenylpropanoids (C6-C3)	0,0,0,0,0,0,0,0,0,0,0,0,0,0,0,1,0,0,0,0,0,0,0	0,0,0,0,0,0,0,0,0,0,0,0,0,0,0,1,0,0,0,0,0,0,0	-7.695582,-6.878685,-6.044424,-7.261395,-5.894753,-6.692239,-8.658452,-6.442489,-7.125361,-4.109116,-7.344072,-4.253283,-6.271396,-7.094764,-6.005751,3.935295,-5.887865,-7.720737,-6.669816,-7.533767,-7.180706,-6.470009,-7.704815
Osat_HCT4_BAD72437.1	Osat_HCT4_BAD72437.1	/content/drive/MyDrive/CS_5782_Final_Project/code_and_data/BAHD_lastLayer_embeddings/Osat_HCT4_BAD72437.1_hidden_layer_steps10.pt	acceptor_superclass::Phenolic acids (C6-C1)	acceptor_superclass::Phenolic acids (C6-C1)	0,0,0,0,0,0,0,0,0,0,0,0,0,1,0,0,0,0,0,0,0,0,0	0,0,0,0,0,0,0,0,0,0,0,0,0,1,0,0,0,0,0,0,0,0,0	-7.225955,-8.039660,-5.639462,-8.862101,-8.894096,-2.732873,-6.905734,-6.793200,-6.952278,-4.313003,-7.647709,-2.178895,-6.627264,0.904534,-6.974947,-7.349422,-2.402036,-8.085999,-6.747491,-6.185479,-8.059384,-8.388862,-6.983052
Osat_MAT-2_BAG96218.1	Osat_MAT-2_BAG96218.1	/content/drive/MyDrive/CS_5782_Final_Project/code_and_data/BAHD_lastLayer_embeddings/Osat_MAT-2_BAG96218.1_hidden_layer_steps10.pt	acceptor_superclass::Flavonoids;acceptor_superclass::Isoflavonoids	acceptor_superclass::Phenylpropanoids (C6-C3)	0,0,0,0,0,1,1,0,0,0,0,0,0,0,0,0,0,0,0,0,0,0,0	0,0,0,0,0,0,0,0,0,0,0,0,0,0,0,1,0,0,0,0,0,0,0	-5.249098,-4.033840,-8.562616,-6.055148,-3.933300,-1.064408,-3.371728,-2.312551,-3.191037,-1.755252,-6.312960,-1.969209,-5.707546,-6.172616,-3.345878,3.105765,-5.041119,-4.363790,-4.358701,-6.402378,-4.225200,-4.065122,-1.144539
Osat_PHT2_BAD72527.1	Osat_PHT2_BAD72527.1	/content/drive/MyDrive/CS_5782_Final_Project/code_and_data/BAHD_lastLayer_embeddings/Osat_PHT2_BAD72527.1_hidden_layer_steps10.pt	acceptor_superclass::Ornithine alkaloids;acceptor_superclass::Pseudoalkaloids		0,0,0,0,0,0,0,0,0,0,0,1,0,0,0,0,1,0,0,0,0,0,0	0,0,0,0,0,0,0,0,0,0,0,0,0,0,0,0,0,0,0,0,0,0,0	-6.812311,-6.732836,-6.646024,-7.490438,-7.555584,-7.606576,-7.662713,-5.703431,-7.435067,-2.753071,-7.317084,-2.568311,-7.182246,-5.702443,-5.607072,-4.174895,-3.605830,-8.304282,-7.723330,-5.771678,-6.963752,-3.473102,-6.457322
Osat_PHT3_BAC79154.1	Osat_PHT3_BAC79154.1	/content/drive/MyDrive/CS_5782_Final_Project/code_and_data/BAHD_lastLayer_embeddings/Osat_PHT3_BAC79154.1_hidden_layer_steps10.pt	acceptor_superclass::Ornithine alkaloids;acceptor_superclass::Pseudoalkaloids	acceptor_superclass::Ornithine alkaloids;acceptor_superclass::Pseudoalkaloids	0,0,0,0,0,0,0,0,0,0,0,1,0,0,0,0,1,0,0,0,0,0,0	0,0,0,0,0,0,0,0,0,0,0,1,0,0,0,0,1,0,0,0,0,0,0	-5.602428,-4.931952,-6.147295,-5.027777,-5.268490,-3.727462,-5.174897,-4.317593,-5.007647,-6.163195,-6.139031,6.452200,-5.579362,-4.088962,-3.702959,-6.813386,3.964592,-5.997485,-7.627913,-5.942303,-5.154288,-4.640441,-5.845763
Osat_PHT4_BAC79155.1	Osat_PHT4_BAC79155.1	/content/drive/MyDrive/CS_5782_Final_Project/code_and_data/BAHD_lastLayer_embeddings/Osat_PHT4_BAC79155.1_hidden_layer_steps10.pt	acceptor_superclass::Ornithine alkaloids;acceptor_superclass::Pseudoalkaloids	acceptor_superclass::Ornithine alkaloids;acceptor_superclass::Pseudoalkaloids	0,0,0,0,0,0,0,0,0,0,0,1,0,0,0,0,1,0,0,0,0,0,0	0,0,0,0,0,0,0,0,0,0,0,1,0,0,0,0,1,0,0,0,0,0,0	-5.072418,-4.945916,-6.160224,-4.721841,-5.383377,-5.493761,-4.915729,-4.580533,-4.375689,-5.435205,-6.105900,8.030834,-5.158009,-3.762370,-5.272053,-5.228361,7.999535,-4.890057,-5.008769,-5.163822,-4.861981,-4.236244,-5.845840
Osat_PHT4_BAC79155.1	Osat_PHT_BAC79155.1	/content/drive/MyDrive/CS_5782_Final_Project/code_and_data/BAHD_lastLayer_embeddings/Osat_PHT4_BAC79155.1_hidden_layer_steps10.pt	acceptor_superclass::Ornithine alkaloids;acceptor_superclass::Pseudoalkaloids	acceptor_superclass::Ornithine alkaloids;acceptor_superclass::Pseudoalkaloids	0,0,0,0,0,0,0,0,0,0,0,1,0,0,0,0,1,0,0,0,0,0,0	0,0,0,0,0,0,0,0,0,0,0,1,0,0,0,0,1,0,0,0,0,0,0	-4.132508,-5.355275,-6.120959,-3.998448,-7.079872,-3.214807,-4.390697,-3.966776,-4.142951,-4.847202,-4.666098,8.322003,-4.151435,-6.461140,-3.570154,-6.947590,6.363782,-4.243712,-5.820085,-4.838997,-5.941998,-2.806162,-4.131581
Osat_PMT1_BAG87540.1	Osat_PMT1_BAG87540.1	/content/drive/MyDrive/CS_5782_Final_Project/code_and_data/BAHD_lastLayer_embeddings/Osat_PMT1_BAG87540.1_hidden_layer_steps10.pt	acceptor_superclass::Phenylethanoids (C6-C2);acceptor_superclass::Phenylpropanoids (C6-C3)		0,0,0,0,0,0,0,0,0,0,0,0,0,0,1,1,0,0,0,0,0,0,0	0,0,0,0,0,0,0,0,0,0,0,0,0,0,0,0,0,0,0,0,0,0,0	-8.323547,-7.594905,-7.096727,-7.035079,-9.160251,-5.099864,-8.525434,-6.850553,-7.125985,-6.856425,-9.033608,-8.136996,-6.895240,-3.476636,-8.351102,-2.637612,-6.419695,-7.438761,-8.098284,-7.474002,-3.032927,-2.861374,-5.409471
Osat_PMT2_BAG91648.1	Osat_PMT2_BAG91648.1	/content/drive/MyDrive/CS_5782_Final_Project/code_and_data/BAHD_lastLayer_embeddings/Osat_PMT2_BAG91648.1_hidden_layer_steps10.pt	acceptor_superclass::Phenylpropanoids (C6-C3)	acceptor_superclass::Phenylpropanoids (C6-C3)	0,0,0,0,0,0,0,0,0,0,0,0,0,0,0,1,0,0,0,0,0,0,0	0,0,0,0,0,0,0,0,0,0,0,0,0,0,0,1,0,0,0,0,0,0,0	-6.473257,-6.170653,-7.783719,-6.513614,-5.610462,-2.729866,-5.455585,-4.051670,-4.063595,-2.313354,-6.665774,-5.800185,-5.719530,-6.354395,-2.814775,6.001472,-5.679957,-5.873637,-6.013389,-7.600764,-4.513871,-7.268036,-5.306491
Osat_TBT1_ANQ47375.1	Osat_TBT1_ANQ47375.1	/content/drive/MyDrive/CS_5782_Final_Project/code_and_data/BAHD_lastLayer_embeddings/Osat_TBT1_ANQ47375.1_hidden_layer_steps10.pt	acceptor_superclass::Ornithine alkaloids;acceptor_superclass::Pseudoalkaloids;acceptor_superclass::Tryptophan alkaloids	acceptor_superclass::Tryptophan alkaloids	0,0,0,0,0,0,0,0,0,0,0,1,0,0,0,0,1,0,0,0,0,1,0	0,0,0,0,0,0,0,0,0,0,0,0,0,0,0,0,0,0,0,0,0,1,0	-5.904666,-6.693908,-7.563691,-5.111648,-7.941070,-3.644696,-4.298424,-4.325633,-5.785661,-9.797189,-6.208946,-1.311369,-5.952210,-3.596404,-7.811770,-8.190559,-4.589784,-5.567920,-7.273880,-7.031603,-7.573059,0.339043,-4.993518
Osat_TBT2_ANQ47376.1	Osat_TBT2_ANQ47376.1	/content/drive/MyDrive/CS_5782_Final_Project/code_and_data/BAHD_lastLayer_embeddings/Osat_TBT2_ANQ47376.1_hidden_layer_steps10.pt	acceptor_superclass::Tryptophan alkaloids	acceptor_superclass::Ornithine alkaloids;acceptor_superclass::Pseudoalkaloids	0,0,0,0,0,0,0,0,0,0,0,0,0,0,0,0,0,0,0,0,0,1,0	0,0,0,0,0,0,0,0,0,0,0,1,0,0,0,0,1,0,0,0,0,0,0	-6.182308,-6.843577,-7.463607,-5.030613,-6.974468,-6.291595,-7.281792,-6.546257,-6.631992,-3.275842,-5.248648,1.925384,-6.121649,-5.358204,-7.419759,-7.028907,0.768363,-3.768803,-7.254704,-7.120878,-5.657896,-6.153459,-7.692341
Osat_THT1_ANQ47373.1	Osat_THT1_ANQ47373.1	/content/drive/MyDrive/CS_5782_Final_Project/code_and_data/BAHD_lastLayer_embeddings/Osat_THT1_ANQ47373.1_hidden_layer_steps10.pt	acceptor_superclass::Ornithine alkaloids;acceptor_superclass::Tryptophan alkaloids;acceptor_superclass::Tyrosine alkaloids	acceptor_superclass::Ornithine alkaloids;acceptor_superclass::Pseudoalkaloids;acceptor_superclass::Tryptophan alkaloids	0,0,0,0,0,0,0,0,0,0,0,1,0,0,0,0,0,0,0,0,0,1,1	0,0,0,0,0,0,0,0,0,0,0,1,0,0,0,0,1,0,0,0,0,1,0	-5.376595,-4.864588,-6.342599,-6.313782,-8.310183,-8.026530,-6.485638,-4.182952,-4.235313,-4.764935,-6.009764,2.237411,-4.872653,-3.859145,-6.008745,-3.478259,3.502124,-3.799858,-6.662825,-5.280446,-4.758224,0.875306,-2.222776
Osat_THT2_AAM74310.1	Osat_THT2_AAM74310.1	/content/drive/MyDrive/CS_5782_Final_Project/code_and_data/BAHD_lastLayer_embeddings/Osat_THT2_AAM74310.1_hidden_layer_steps10.pt	acceptor_superclass::Tryptophan alkaloids;acceptor_superclass::Tyrosine alkaloids	acceptor_superclass::Ornithine alkaloids;acceptor_superclass::Pseudoalkaloids;acceptor_superclass::Tryptophan alkaloids;acceptor_superclass::Tyrosine alkaloids	0,0,0,0,0,0,0,0,0,0,0,0,0,0,0,0,0,0,0,0,0,1,1	0,0,0,0,0,0,0,0,0,0,0,1,0,0,0,0,1,0,0,0,0,1,1	-4.040284,-4.280453,-5.354228,-4.770651,-6.708294,-3.639935,-4.460793,-4.263013,-5.626473,-5.183333,-5.173165,6.012441,-4.321165,-3.899629,-6.898219,-7.180862,1.166078,-5.982416,-4.209553,-4.208427,-4.311524,3.614182,2.671197
Paff_BAHD21_NA	Paff_BAHD21_NA	/content/drive/MyDrive/CS_5782_Final_Project/code_and_data/BAHD_lastLayer_embeddings/Paff_BAHD21_NA_hidden_layer_steps10.pt	acceptor_superclass::Flavonoids	acceptor_superclass::Flavonoids;acceptor_superclass::Isoflavonoids;acceptor_superclass::Steroids	0,0,0,0,0,1,0,0,0,0,0,0,0,0,0,0,0,0,0,0,0,0,0	0,0,0,0,0,1,1,0,0,0,0,0,0,0,0,0,0,0,0,1,0,0,0	-1.229192,-4.486755,-4.312969,-6.819708,-7.024685,7.664273,0.039694,-4.398806,-5.162085,-3.449171,-3.133562,-3.081264,-1.732256,-2.999068,-4.376890,-3.278052,-3.863694,-5.743943,-5.433104,1.601454,-3.559505,-4.447998,-6.267319
Papp_HCT_AXN55972.1	Papp_HCT_AXN55972.1	/content/drive/MyDrive/CS_5782_Final_Project/code_and_data/BAHD_lastLayer_embeddings/Papp_HCT_AXN55972.1_hidden_layer_steps10.pt	acceptor_superclass::Phenolic acids (C6-C1)	acceptor_superclass::Phenolic acids (C6-C1)	0,0,0,0,0,0,0,0,0,0,0,0,0,1,0,0,0,0,0,0,0,0,0	0,0,0,0,0,0,0,0,0,0,0,0,0,1,0,0,0,0,0,0,0,0,0	-5.678473,-4.766039,-5.519666,-5.260494,-7.468160,-4.386257,-2.891562,-5.589904,-5.462441,-4.066760,-6.283471,-7.273775,-5.924094,7.308579,-5.195426,-3.152176,-5.187677,-2.520736,-3.393514,-6.637696,-3.942904,-6.864056,-6.077338
Paxi_ASAT1_AOR06331.1	Paxi_ASAT1_AOR06331.1	/content/drive/MyDrive/CS_5782_Final_Project/code_and_data/BAHD_lastLayer_embeddings/Paxi_ASAT1_AOR06331.1_hidden_layer_steps10.pt	acceptor_superclass::Saccharides		0,0,0,0,0,0,0,0,0,0,0,0,0,0,0,0,0,1,0,0,0,0,0	0,0,0,0,0,0,0,0,0,0,0,0,0,0,0,0,0,0,0,0,0,0,0	-7.577028,-7.563923,-5.227468,-9.660506,-7.868930,-7.324328,-7.991266,-6.739791,-6.937437,-8.162588,-4.355464,-6.488719,-7.382748,-3.672060,-7.808905,-4.719767,-4.861578,-7.426919,-9.109891,-7.875123,-6.507873,-5.257720,-5.637172
Paxi_ASAT1_AOR06331.1	Paxi_ASAT2_AOR06331.1	/content/drive/MyDrive/CS_5782_Final_Project/code_and_data/BAHD_lastLayer_embeddings/Paxi_ASAT1_AOR06331.1_hidden_layer_steps10.pt		acceptor_superclass::Saccharides	0,0,0,0,0,0,0,0,0,0,0,0,0,0,0,0,0,0,0,0,0,0,0	0,0,0,0,0,0,0,0,0,0,0,0,0,0,0,0,0,1,0,0,0,0,0	-5.126781,-5.368697,-4.875154,-4.214503,-5.897770,-4.613817,-5.436213,-4.892838,-4.741103,-4.650576,-5.002320,-4.590785,-5.630534,-4.079297,-5.816599,-4.604765,-3.791799,6.239760,-6.053892,-5.579990,-4.897152,-4.671649,-7.508768
Paxi_ASAT3_AOR06333.1	Paxi_ASAT3_AOR06333.1	/content/drive/MyDrive/CS_5782_Final_Project/code_and_data/BAHD_lastLayer_embeddings/Paxi_ASAT3_AOR06333.1_hidden_layer_steps10.pt			0,0,0,0,0,0,0,0,0,0,0,0,0,0,0,0,0,0,0,0,0,0,0	0,0,0,0,0,0,0,0,0,0,0,0,0,0,0,0,0,0,0,0,0,0,0	-7.729266,-7.721927,-7.792614,-9.345940,-7.466186,-5.882028,-8.249438,-7.819591,-7.878008,-7.975761,-8.435088,-6.100275,-7.416994,-6.433691,-5.506597,-7.096490,-8.872413,-6.744299,-8.494808,-7.123099,-6.492565,-7.112503,-5.956985
Paxi_ASAT4_AOR06334.1	Paxi_ASAT4_AOR06334.1	/content/drive/MyDrive/CS_5782_Final_Project/code_and_data/BAHD_lastLayer_embeddings/Paxi_ASAT4_AOR06334.1_hidden_layer_steps10.pt			0,0,0,0,0,0,0,0,0,0,0,0,0,0,0,0,0,0,0,0,0,0,0	0,0,0,0,0,0,0,0,0,0,0,0,0,0,0,0,0,0,0,0,0,0,0	-7.689692,-6.574108,-4.730450,-4.522665,-5.715029,-6.160401,-7.721197,-6.410213,-6.765619,-5.936740,-7.915614,-8.857280,-7.266312,-5.156663,-6.518249,-3.899987,-7.315101,-5.544659,-9.120490,-7.026648,-7.931489,-1.912065,-7.491846
Paxi_CFAT_ABG75942.1	Paxi_CFAT_ABG75942.1	/content/drive/MyDrive/CS_5782_Final_Project/code_and_data/BAHD_lastLayer_embeddings/Paxi_CFAT_ABG75942.1_hidden_layer_steps10.pt	acceptor_superclass::Fatty acyls;acceptor_superclass::Monoterpenoids;acceptor_superclass::Phenylethanoids (C6-C2);acceptor_superclass::Phenylpropanoids (C6-C3)	acceptor_superclass::Phenylpropanoids (C6-C3);acceptor_superclass::Small peptides	0,0,0,0,1,0,0,0,0,1,0,0,0,0,1,1,0,0,0,0,0,0,0	0,0,0,0,0,0,0,0,0,0,0,0,0,0,0,1,0,0,1,0,0,0,0	-6.096890,-5.896192,-7.146010,-7.034905,-4.126561,-4.130097,-8.397545,-6.308235,-6.556998,-6.877106,-6.094319,-5.326360,-6.733269,-4.877591,-7.322756,0.013225,-4.730975,-6.631193,2.274919,-7.019897,-5.082723,-6.460308,-4.495462
Pbar_AT1_WEX29777.1	Pbar_AT1_WEX29777.1	/content/drive/MyDrive/CS_5782_Final_Project/code_and_data/BAHD_lastLayer_embeddings/Pbar_AT1_WEX29777.1_hidden_layer_steps10.pt	acceptor_superclass::Phenylethanoids (C6-C2)	acceptor_superclass::Ornithine alkaloids	0,0,0,0,0,0,0,0,0,0,0,0,0,0,1,0,0,0,0,0,0,0,0	0,0,0,0,0,0,0,0,0,0,0,1,0,0,0,0,0,0,0,0,0,0,0	-6.883064,-6.752704,-4.800367,-6.167100,-8.327210,-7.238688,-6.477500,-6.823657,-7.479875,-7.368827,-7.180155,0.579256,-5.922311,-5.852646,-1.368843,-1.405295,-5.234862,-6.756188,-7.642694,-5.933502,-7.584202,-7.569779,-7.641670
Pcam_HCT_QDF44405.1	Pcam_HCT_QDF44405.1	/content/drive/MyDrive/CS_5782_Final_Project/code_and_data/BAHD_lastLayer_embeddings/Pcam_HCT_QDF44405.1_hidden_layer_steps10.pt	acceptor_superclass::Phenolic acids (C6-C1)	acceptor_superclass::Phenolic acids (C6-C1);acceptor_superclass::Small peptides	0,0,0,0,0,0,0,0,0,0,0,0,0,1,0,0,0,0,0,0,0,0,0	0,0,0,0,0,0,0,0,0,0,0,0,0,1,0,0,0,0,1,0,0,0,0	-7.242960,-7.167357,-6.904525,-4.164878,-6.970398,-2.686525,-7.265720,-5.263144,-6.516820,-4.937251,-6.152857,-6.535326,-6.130297,4.383376,-8.101760,-8.416718,-6.711453,-5.787229,1.969265,-6.080644,-6.114146,-5.338208,-0.360081
Pcam_HQT_QDF44406.1	Pcam_HQT_QDF44406.1	/content/drive/MyDrive/CS_5782_Final_Project/code_and_data/BAHD_lastLayer_embeddings/Pcam_HQT_QDF44406.1_hidden_layer_steps10.pt	acceptor_superclass::Phenolic acids (C6-C1)	acceptor_superclass::Phenolic acids (C6-C1);acceptor_superclass::Phenylpropanoids (C6-C3)	0,0,0,0,0,0,0,0,0,0,0,0,0,1,0,0,0,0,0,0,0,0,0	0,0,0,0,0,0,0,0,0,0,0,0,0,1,0,1,0,0,0,0,0,0,0	-6.796251,-7.405335,-6.247570,-6.588109,-7.718735,-5.479326,-7.345886,-5.278798,-7.000108,-6.479654,-7.981506,-5.791299,-6.896549,6.371693,-8.117735,0.995652,-6.472045,-5.983495,-3.096012,-6.935070,-7.290863,-7.447248,-6.122911
Pcam_RAS_QDF44407.1	Pcam_RAS_QDF44407.1	/content/drive/MyDrive/CS_5782_Final_Project/code_and_data/BAHD_lastLayer_embeddings/Pcam_RAS_QDF44407.1_hidden_layer_steps10.pt	acceptor_superclass::Phenolic acids (C6-C1)		0,0,0,0,0,0,0,0,0,0,0,0,0,1,0,0,0,0,0,0,0,0,0	0,0,0,0,0,0,0,0,0,0,0,0,0,0,0,0,0,0,0,0,0,0,0	-7.035607,-6.147168,-8.306825,-6.950368,-7.572718,-2.417963,-3.084436,-5.679028,-5.252680,-8.658265,-7.391077,-2.900824,-6.907307,-2.347621,-2.578274,-5.435251,-5.369804,-7.560441,-3.485463,-6.278165,-5.852475,-6.570999,-4.242040
Pcru_3MAT_AAO38058.1	Pcru_3MAT_AAO38058.1	/content/drive/MyDrive/CS_5782_Final_Project/code_and_data/BAHD_lastLayer_embeddings/Pcru_3MAT_AAO38058.1_hidden_layer_steps10.pt	acceptor_superclass::Flavonoids	acceptor_superclass::Flavonoids	0,0,0,0,0,1,0,0,0,0,0,0,0,0,0,0,0,0,0,0,0,0,0	0,0,0,0,0,1,0,0,0,0,0,0,0,0,0,0,0,0,0,0,0,0,0	-5.919571,-6.975867,-8.311335,-6.630767,-8.799246,3.839284,-3.929847,-6.723120,-5.911886,-8.963264,-6.639551,-5.277636,-4.477601,-5.932631,-7.114216,-4.010539,-6.650441,-7.410951,-7.865760,-6.914613,-5.130665,-6.330392,-7.472673
Pfru_3AT_BAA93475.1	Pfru_3AT_BAA93475.1	/content/drive/MyDrive/CS_5782_Final_Project/code_and_data/BAHD_lastLayer_embeddings/Pfru_3AT_BAA93475.1_hidden_layer_steps10.pt	acceptor_superclass::Flavonoids	acceptor_superclass::Flavonoids;acceptor_superclass::Ornithine alkaloids;acceptor_superclass::Pseudoalkaloids	0,0,0,0,0,1,0,0,0,0,0,0,0,0,0,0,0,0,0,0,0,0,0	0,0,0,0,0,1,0,0,0,0,0,1,0,0,0,0,1,0,0,0,0,0,0	-4.723876,-5.715227,-4.708072,-9.047846,-9.833257,2.302570,-0.854680,-4.862529,-6.882200,-3.689610,-5.513574,2.309474,-4.652801,-2.124474,-5.821129,-8.229908,0.984727,-6.667515,-6.268466,-1.957355,-6.346548,-6.857039,-4.496812
Phyb_AAT_AAW31948.1	Phyb_AAT_AAW31948.1	/content/drive/MyDrive/CS_5782_Final_Project/code_and_data/BAHD_lastLayer_embeddings/Phyb_AAT_AAW31948.1_hidden_layer_steps10.pt	acceptor_superclass::Fatty acyls;acceptor_superclass::Monoterpenoids	acceptor_superclass::Cyclic polyketides;acceptor_superclass::Phenylethanoids (C6-C2);acceptor_superclass::Phenylpropanoids (C6-C3)	0,0,0,0,1,0,0,0,0,1,0,0,0,0,0,0,0,0,0,0,0,0,0	0,1,0,0,0,0,0,0,0,0,0,0,0,0,1,1,0,0,0,0,0,0,0	-3.739346,0.149957,-4.791028,-7.817770,-3.223006,-6.184922,-4.029671,-5.083288,-5.581398,-1.950469,-1.761164,-0.490610,-3.235307,-5.779098,0.458666,1.370131,-3.053599,-3.544405,-6.363098,-5.081461,-0.873318,-2.575290,-3.593123
Phyb_BPBT_AAU06226.1	Phyb_BPBT_AAU06226.1	/content/drive/MyDrive/CS_5782_Final_Project/code_and_data/BAHD_lastLayer_embeddings/Phyb_BPBT_AAU06226.1_hidden_layer_steps10.pt	acceptor_superclass::Fatty acyls;acceptor_superclass::Monoterpenoids;acceptor_superclass::Phenylethanoids (C6-C2);acceptor_superclass::Phenylpropanoids (C6-C3)		0,0,0,0,1,0,0,0,0,1,0,0,0,0,1,1,0,0,0,0,0,0,0	0,0,0,0,0,0,0,0,0,0,0,0,0,0,0,0,0,0,0,0,0,0,0	-7.397247,-7.765787,-5.169164,-7.641973,-6.980879,-3.381447,-6.832592,-5.027083,-6.313476,-6.676748,-7.081737,-4.415287,-6.859618,-5.195081,-8.131414,-3.178787,-3.750983,-6.171757,-6.136179,-7.419435,-7.992224,-5.534385,-7.586692
Phyb_CFAT_ABG75942.1	Phyb_CFAT_ABG75942.1	/content/drive/MyDrive/CS_5782_Final_Project/code_and_data/BAHD_lastLayer_embeddings/Phyb_CFAT_ABG75942.1_hidden_layer_steps10.pt	acceptor_superclass::Phenylpropanoids (C6-C3)	acceptor_superclass::Phenylpropanoids (C6-C3);acceptor_superclass::Small peptides	0,0,0,0,0,0,0,0,0,0,0,0,0,0,0,1,0,0,0,0,0,0,0	0,0,0,0,0,0,0,0,0,0,0,0,0,0,0,1,0,0,1,0,0,0,0	-6.096890,-5.896192,-7.146010,-7.034905,-4.126561,-4.130097,-8.397545,-6.308235,-6.556998,-6.877106,-6.094319,-5.326360,-6.733269,-4.877591,-7.322756,0.013225,-4.730975,-6.631193,2.274919,-7.019897,-5.082723,-6.460308,-4.495462
Pnig_PAS_QUS53101.1	Pnig_BAHD1_QUS53101.1	/content/drive/MyDrive/CS_5782_Final_Project/code_and_data/BAHD_lastLayer_embeddings/Pnig_PAS_QUS53101.1_hidden_layer_steps10.pt	acceptor_superclass::Lysine alkaloids;acceptor_superclass::Pseudoalkaloids	acceptor_superclass::Lysine alkaloids;acceptor_superclass::Pseudoalkaloids	0,0,0,0,0,0,0,0,1,0,0,0,0,0,0,0,1,0,0,0,0,0,0	0,0,0,0,0,0,0,0,1,0,0,0,0,0,0,0,1,0,0,0,0,0,0	-4.272946,-3.762578,-4.180804,-3.523805,-2.870883,-4.524400,-3.344793,-3.248151,5.954808,-4.895986,-4.636816,-1.580873,-4.875385,-3.592312,-3.614311,-4.120708,6.316827,-3.790710,-3.870440,-3.660459,-3.603791,-3.242260,-4.277439
Pnig_PS_QUS53100.1	Pnig_BAHD2_QUS53100.1	/content/drive/MyDrive/CS_5782_Final_Project/code_and_data/BAHD_lastLayer_embeddings/Pnig_PS_QUS53100.1_hidden_layer_steps10.pt	acceptor_superclass::Lysine alkaloids	acceptor_superclass::Lysine alkaloids	0,0,0,0,0,0,0,0,1,0,0,0,0,0,0,0,0,0,0,0,0,0,0	0,0,0,0,0,0,0,0,1,0,0,0,0,0,0,0,0,0,0,0,0,0,0	-3.888100,-4.252150,-3.899941,-5.264783,-5.161996,-4.276222,-3.897929,-3.666389,6.088259,-4.297790,-3.901268,-5.539595,-4.078109,-2.725471,-4.744545,-4.269783,-2.639066,-3.882376,-4.373781,-4.799426,-3.603119,-3.990735,-4.889186
Pnig_HCT1_AEN02914.1	Pnig_HCT1_AEN02914.1	/content/drive/MyDrive/CS_5782_Final_Project/code_and_data/BAHD_lastLayer_embeddings/Pnig_HCT1_AEN02914.1_hidden_layer_steps10.pt	acceptor_superclass::Phenolic acids (C6-C1)	acceptor_superclass::Flavonoids;acceptor_superclass::Phenolic acids (C6-C1)	0,0,0,0,0,0,0,0,0,0,0,0,0,1,0,0,0,0,0,0,0,0,0	0,0,0,0,0,1,0,0,0,0,0,0,0,1,0,0,0,0,0,0,0,0,0	-3.009612,-5.660790,-7.015391,-3.704695,-6.249150,1.275700,-5.699225,-5.214433,-5.072879,-4.306409,-1.426988,-8.406337,-2.677052,2.154182,-3.703606,-3.336327,-5.989905,-5.435063,-7.258932,-5.421883,-5.537961,-6.227691,-4.675033
Pnig_PAS_QUS53101.1	Pnig_PAS_QUS53101.1	/content/drive/MyDrive/CS_5782_Final_Project/code_and_data/BAHD_lastLayer_embeddings/Pnig_PAS_QUS53101.1_hidden_layer_steps10.pt	acceptor_superclass::Lysine alkaloids;acceptor_superclass::Pseudoalkaloids	acceptor_superclass::Lysine alkaloids;acceptor_superclass::Pseudoalkaloids	0,0,0,0,0,0,0,0,1,0,0,0,0,0,0,0,1,0,0,0,0,0,0	0,0,0,0,0,0,0,0,1,0,0,0,0,0,0,0,1,0,0,0,0,0,0	-3.681122,-4.121000,-3.782235,-4.080894,-4.322482,-3.720467,-3.662174,-3.024026,6.286924,-3.323535,-3.307628,-2.141631,-3.655633,-2.928476,-4.695461,-4.412409,4.847158,-3.330247,-3.710487,-3.739629,-3.546540,-3.194959,-5.082598
Pnig_PHT1_BGB46908.1	Pnig_PHT1_BGB46908.1	/content/drive/MyDrive/CS_5782_Final_Project/code_and_data/BAHD_lastLayer_embeddings/Pnig_PHT1_BGB46908.1_hidden_layer_steps10.pt	acceptor_superclass::Ornithine alkaloids;acceptor_superclass::Pseudoalkaloids	acceptor_superclass::Ornithine alkaloids;acceptor_superclass::Pseudoalkaloids	0,0,0,0,0,0,0,0,0,0,0,1,0,0,0,0,1,0,0,0,0,0,0	0,0,0,0,0,0,0,0,0,0,0,1,0,0,0,0,1,0,0,0,0,0,0	-5.723567,-5.137739,-7.420592,-5.607059,-4.369325,-7.099008,-5.997909,-5.515316,-6.568346,-5.716936,-5.807016,2.834662,-5.789223,-5.192897,-5.191575,-3.950896,0.098514,-6.164305,-6.904931,-5.631124,-6.098958,-5.500656,-5.412614
Pnig_PS_QUS53100.1	Pnig_PS_QUS53100.1	/content/drive/MyDrive/CS_5782_Final_Project/code_and_data/BAHD_lastLayer_embeddings/Pnig_PS_QUS53100.1_hidden_layer_steps10.pt	acceptor_superclass::Lysine alkaloids	acceptor_superclass::Lysine alkaloids	0,0,0,0,0,0,0,0,1,0,0,0,0,0,0,0,0,0,0,0,0,0,0	0,0,0,0,0,0,0,0,1,0,0,0,0,0,0,0,0,0,0,0,0,0,0	-4.174541,-5.822147,-3.690695,-5.412460,-3.317111,-4.118119,-4.860881,-3.812231,5.750014,-6.376196,-3.551806,-6.070983,-4.776865,-7.376730,-4.192505,-4.364335,-2.925338,-5.915739,-5.527392,-3.689765,-3.227678,-5.073858,-4.405478
Post_DPBT_Pos.gene30573	Post_DPBT_Pos.gene30573	/content/drive/MyDrive/CS_5782_Final_Project/code_and_data/BAHD_lastLayer_embeddings/Post_DPBT_Pos.gene30573_hidden_layer_steps10.pt	acceptor_superclass::Monoterpenoids	acceptor_superclass::Fatty acyls;acceptor_superclass::Phenylethanoids (C6-C2)	0,0,0,0,0,0,0,0,0,1,0,0,0,0,0,0,0,0,0,0,0,0,0	0,0,0,0,1,0,0,0,0,0,0,0,0,0,1,0,0,0,0,0,0,0,0	-5.342677,-3.605628,-6.696520,-2.167172,6.928939,-5.142210,-5.434391,-4.883842,-4.021829,-1.334244,-4.658041,-5.179401,-4.994785,-4.970037,0.886865,-0.384265,-2.813221,-4.640075,-5.637047,-5.349604,-4.876979,-6.558371,-4.830150
Ppat_HCT1_AMK38063.1	Ppat_HCT1_AMK38063.1	/content/drive/MyDrive/CS_5782_Final_Project/code_and_data/BAHD_lastLayer_embeddings/Ppat_HCT1_AMK38063.1_hidden_layer_steps10.pt	acceptor_superclass::Phenolic acids (C6-C1);acceptor_superclass::Saccharides;acceptor_superclass::Small peptides	acceptor_superclass::Fatty Acids and Conjugates;acceptor_superclass::Phenolic acids (C6-C1);acceptor_superclass::Phenylpropanoids (C6-C3);acceptor_superclass::Saccharides	0,0,0,0,0,0,0,0,0,0,0,0,0,1,0,0,0,1,1,0,0,0,0	0,0,0,1,0,0,0,0,0,0,0,0,0,1,0,1,0,1,0,0,0,0,0	-3.925284,-3.731031,-5.981401,4.695730,-3.106514,-4.179235,-5.583662,-2.687217,-3.659170,-3.840472,-3.972544,-4.952843,-3.740762,4.004620,-3.495659,4.506680,-3.816248,5.906974,-4.456113,-4.318054,-4.046294,-3.256680,-4.491033
Ppat_HCT1_AMK38063.1	Ppat_HCT_AMK38063.1	/content/drive/MyDrive/CS_5782_Final_Project/code_and_data/BAHD_lastLayer_embeddings/Ppat_HCT1_AMK38063.1_hidden_layer_steps10.pt	acceptor_superclass::Fatty Acids and Conjugates;acceptor_superclass::Phenolic acids (C6-C1);acceptor_superclass::Phenylpropanoids (C6-C3);acceptor_superclass::Saccharides	acceptor_superclass::Phenolic acids (C6-C1);acceptor_superclass::Saccharides;acceptor_superclass::Small peptides	0,0,0,1,0,0,0,0,0,0,0,0,0,1,0,1,0,1,0,0,0,0,0	0,0,0,0,0,0,0,0,0,0,0,0,0,1,0,0,0,1,1,0,0,0,0	-3.972858,-4.133752,-4.353774,-4.145518,-4.508076,-3.430674,-4.008547,-3.687984,-3.956246,-4.658983,-4.261812,-5.259408,-3.869072,5.096655,-4.797312,-3.596576,-3.701952,5.845816,5.542804,-4.178592,-3.884167,-3.873241,-3.068277
Pper_AAT1_QEZ90730.1	Pper_AAT1_QEZ90730.1	/content/drive/MyDrive/CS_5782_Final_Project/code_and_data/BAHD_lastLayer_embeddings/Pper_AAT1_QEZ90730.1_hidden_layer_steps10.pt	acceptor_superclass::Fatty acyls	acceptor_superclass::Fatty acyls;acceptor_superclass::Phenylethanoids (C6-C2)	0,0,0,0,1,0,0,0,0,0,0,0,0,0,0,0,0,0,0,0,0,0,0	0,0,0,0,1,0,0,0,0,0,0,0,0,0,1,0,0,0,0,0,0,0,0	-6.093907,-5.436674,-6.493657,-5.608428,5.891978,-5.289896,-6.272740,-6.237895,-5.578719,-2.455060,-7.846609,-7.198477,-5.849206,-6.115517,0.203391,-0.473912,-6.363992,-7.023194,-5.155180,-7.834931,-4.677349,-7.856381,-6.926182
Prad_HCT_ABO52899.1	Prad_HCT_ABO52899.1	/content/drive/MyDrive/CS_5782_Final_Project/code_and_data/BAHD_lastLayer_embeddings/Prad_HCT_ABO52899.1_hidden_layer_steps10.pt	acceptor_superclass::Phenolic acids (C6-C1);acceptor_superclass::Small peptides	acceptor_superclass::Phenolic acids (C6-C1);acceptor_superclass::Small peptides	0,0,0,0,0,0,0,0,0,0,0,0,0,1,0,0,0,0,1,0,0,0,0	0,0,0,0,0,0,0,0,0,0,0,0,0,1,0,0,0,0,1,0,0,0,0	-5.871200,-6.963027,-7.159678,-7.323485,-8.677246,-1.904672,-7.364982,-5.217315,-6.026736,-5.474045,-6.832282,-7.492579,-5.779582,5.923147,-7.566154,-6.357587,-6.603120,-6.813465,3.587361,-5.573710,-5.629888,-5.502508,-3.900358
Pscu_HCT2_CBI83579.1	Pscu_HCT2_CBI83579.1	/content/drive/MyDrive/CS_5782_Final_Project/code_and_data/BAHD_lastLayer_embeddings/Pscu_HCT2_CBI83579.1_hidden_layer_steps10.pt	acceptor_superclass::Flavonoids;acceptor_superclass::Phenolic acids (C6-C1);acceptor_superclass::Tyrosine alkaloids	acceptor_superclass::Phenolic acids (C6-C1);acceptor_superclass::Small peptides	0,0,0,0,0,1,0,0,0,0,0,0,0,1,0,0,0,0,0,0,0,0,1	0,0,0,0,0,0,0,0,0,0,0,0,0,1,0,0,0,0,1,0,0,0,0	-6.359324,-6.525851,-7.391861,-5.374733,-7.652655,-3.375955,-6.689955,-5.033088,-6.995313,-7.406298,-7.499101,-7.965601,-6.251828,5.388612,-7.741517,-1.988283,-6.262302,-5.678828,3.755249,-5.368862,-6.703452,-6.010033,-5.184627
Pscu_RAS_CAK55166.1	Pscu_RAS_CAK55166.1	/content/drive/MyDrive/CS_5782_Final_Project/code_and_data/BAHD_lastLayer_embeddings/Pscu_RAS_CAK55166.1_hidden_layer_steps10.pt		acceptor_superclass::Small peptides;acceptor_superclass::Tyrosine alkaloids	0,0,0,0,0,0,0,0,0,0,0,0,0,0,0,0,0,0,0,0,0,0,0	0,0,0,0,0,0,0,0,0,0,0,0,0,0,0,0,0,0,1,0,0,0,1	-5.309201,-5.738080,-4.267313,-5.011191,-6.400751,-2.072228,-4.636272,-2.974713,-5.660716,-4.677052,-6.178554,-4.325663,-3.773515,-2.591643,-5.083969,-4.948129,-5.451979,-6.078837,4.753543,-5.262953,-3.891856,-2.613498,5.339858
Psom_SALAT_AAK73661.1	Psom_SALAT_AAK73661.1	/content/drive/MyDrive/CS_5782_Final_Project/code_and_data/BAHD_lastLayer_embeddings/Psom_SALAT_AAK73661.1_hidden_layer_steps10.pt	acceptor_superclass::Tyrosine alkaloids		0,0,0,0,0,0,0,0,0,0,0,0,0,0,0,0,0,0,0,0,0,0,1	0,0,0,0,0,0,0,0,0,0,0,0,0,0,0,0,0,0,0,0,0,0,0	-5.586109,-7.212230,-2.568876,-7.140353,-4.033835,-5.077903,-6.693352,-6.063783,-6.855550,-8.055110,-5.937172,-2.326861,-6.189160,-9.052271,-7.073526,-8.371257,-5.926691,-7.349727,-5.690981,-5.803090,-6.158637,-4.724753,-5.693714
Ptri_BEBT_AJD25145.1	Ptri_BEBT_AJD25145.1	/content/drive/MyDrive/CS_5782_Final_Project/code_and_data/BAHD_lastLayer_embeddings/Ptri_BEBT_AJD25145.1_hidden_layer_steps10.pt		acceptor_superclass::Fatty acyls;acceptor_superclass::Monoterpenoids	0,0,0,0,0,0,0,0,0,0,0,0,0,0,0,0,0,0,0,0,0,0,0	0,0,0,0,1,0,0,0,0,1,0,0,0,0,0,0,0,0,0,0,0,0,0	-6.184635,-4.546667,-6.691435,-4.915384,6.535451,-6.776595,-5.981141,-5.567435,-5.488352,0.473872,-5.785658,-7.083770,-6.141472,-5.224690,-0.642510,-0.041313,-5.915241,-5.561615,-6.169121,-6.289284,-6.724135,-7.629083,-6.427869
Ptri_FHT1_AGJ03151.1	Ptri_FHT1_AGJ03151.1	/content/drive/MyDrive/CS_5782_Final_Project/code_and_data/BAHD_lastLayer_embeddings/Ptri_FHT1_AGJ03151.1_hidden_layer_steps10.pt	acceptor_superclass::Fatty Acids and Conjugates;acceptor_superclass::Fatty acyls	acceptor_superclass::Fatty Acids and Conjugates;acceptor_superclass::Fatty acyls	0,0,0,1,1,0,0,0,0,0,0,0,0,0,0,0,0,0,0,0,0,0,0	0,0,0,1,1,0,0,0,0,0,0,0,0,0,0,0,0,0,0,0,0,0,0	-5.922362,-5.681574,-5.916593,3.839255,4.442687,-5.784025,-5.727072,-6.097983,-4.997810,-8.846699,-7.327284,-6.183850,-5.426190,-3.600974,-5.244889,-4.076568,-6.315590,-5.264364,-5.486392,-5.837467,-5.026032,-5.964998,-6.102758
Ptri_HBMT1_PNT60021.1	Ptri_HBMT1_PNT60021.1	/content/drive/MyDrive/CS_5782_Final_Project/code_and_data/BAHD_lastLayer_embeddings/Ptri_HBMT1_PNT60021.1_hidden_layer_steps10.pt	acceptor_superclass::Phenylpropanoids (C6-C3)	acceptor_superclass::Monoterpenoids	0,0,0,0,0,0,0,0,0,0,0,0,0,0,0,1,0,0,0,0,0,0,0	0,0,0,0,0,0,0,0,0,1,0,0,0,0,0,0,0,0,0,0,0,0,0	-6.507600,-6.518669,-7.246936,-6.140668,-5.577541,-3.408223,-5.430089,-6.068131,-5.730648,0.966885,-6.353700,-6.540023,-6.596976,-5.855633,-4.694439,-5.072217,-5.812357,-6.423870,-5.599581,-7.441846,-6.416418,-6.153844,-5.464790
Ptri_HCT6_PNT52620.1	Ptri_HCT6_PNT52620.1	/content/drive/MyDrive/CS_5782_Final_Project/code_and_data/BAHD_lastLayer_embeddings/Ptri_HCT6_PNT52620.1_hidden_layer_steps10.pt	acceptor_superclass::Phenolic acids (C6-C1);acceptor_superclass::Small peptides	acceptor_superclass::Phenolic acids (C6-C1);acceptor_superclass::Phenylpropanoids (C6-C3);acceptor_superclass::Small peptides	0,0,0,0,0,0,0,0,0,0,0,0,0,1,0,0,0,0,1,0,0,0,0	0,0,0,0,0,0,0,0,0,0,0,0,0,1,0,1,0,0,1,0,0,0,0	-7.213122,-5.788249,-7.074520,-6.611061,-6.343338,-2.045546,-6.238398,-4.905105,-6.854728,-4.998406,-6.286261,-7.527024,-6.056843,9.642535,-6.267686,2.521835,-6.833220,-6.787343,0.189747,-6.098234,-5.842826,-7.435640,-4.177893
Ptri_HBMT1_PNT60021.1	Ptri_PHBMT1_AJD79571.1	/content/drive/MyDrive/CS_5782_Final_Project/code_and_data/BAHD_lastLayer_embeddings/Ptri_HBMT1_PNT60021.1_hidden_layer_steps10.pt	acceptor_superclass::Phenylpropanoids (C6-C3)	acceptor_superclass::Monoterpenoids	0,0,0,0,0,0,0,0,0,0,0,0,0,0,0,1,0,0,0,0,0,0,0	0,0,0,0,0,0,0,0,0,1,0,0,0,0,0,0,0,0,0,0,0,0,0	-6.507600,-6.518669,-7.246936,-6.140668,-5.577541,-3.408223,-5.430089,-6.068131,-5.730648,0.966885,-6.353700,-6.540023,-6.596976,-5.855633,-4.694439,-5.072217,-5.812357,-6.423870,-5.599581,-7.441846,-6.416418,-6.153844,-5.464790
Ptri_SABT_AJD25144.1	Ptri_SABT_AJD25144.1	/content/drive/MyDrive/CS_5782_Final_Project/code_and_data/BAHD_lastLayer_embeddings/Ptri_SABT_AJD25144.1_hidden_layer_steps10.pt	acceptor_superclass::Phenylpropanoids (C6-C3)	acceptor_superclass::Fatty acyls;acceptor_superclass::Monoterpenoids;acceptor_superclass::Phenylethanoids (C6-C2);acceptor_superclass::Phenylpropanoids (C6-C3)	0,0,0,0,0,0,0,0,0,0,0,0,0,0,0,1,0,0,0,0,0,0,0	0,0,0,0,1,0,0,0,0,1,0,0,0,0,1,1,0,0,0,0,0,0,0	-4.895591,-3.531106,-5.572200,-3.616492,5.513304,-4.227355,-5.353137,-4.402864,-5.224601,3.235292,-5.053808,-6.385190,-4.408376,-4.954319,4.157898,5.320957,-5.390494,-5.116639,-4.153766,-5.246948,-5.134380,-6.501951,-5.059872
Pvir_FMT_KAG2630178.1	Pvir_FMT_KAG2630178.1	/content/drive/MyDrive/CS_5782_Final_Project/code_and_data/BAHD_lastLayer_embeddings/Pvir_FMT_KAG2630178.1_hidden_layer_steps10.pt	acceptor_superclass::Phenylpropanoids (C6-C3)	acceptor_superclass::Phenylpropanoids (C6-C3)	0,0,0,0,0,0,0,0,0,0,0,0,0,0,0,1,0,0,0,0,0,0,0	0,0,0,0,0,0,0,0,0,0,0,0,0,0,0,1,0,0,0,0,0,0,0	-7.241815,-6.380321,-7.735667,-6.905652,-6.209369,-5.963822,-7.580659,-5.819278,-6.294990,-3.215652,-7.880084,-3.221676,-5.865141,-5.608544,-5.890440,3.731602,-3.585947,-7.224311,-5.873400,-6.600189,-6.284333,-4.456793,-7.483996
Pvir_HCT1a_BAO20883.1	Pvir_HCT1a_BAO20883.1	/content/drive/MyDrive/CS_5782_Final_Project/code_and_data/BAHD_lastLayer_embeddings/Pvir_HCT1a_BAO20883.1_hidden_layer_steps10.pt	acceptor_superclass::Phenolic acids (C6-C1)	acceptor_superclass::Phenolic acids (C6-C1)	0,0,0,0,0,0,0,0,0,0,0,0,0,1,0,0,0,0,0,0,0,0,0	0,0,0,0,0,0,0,0,0,0,0,0,0,1,0,0,0,0,0,0,0,0,0	-6.107036,-7.318119,-7.198152,-6.135567,-8.124157,-2.490114,-5.029166,-4.770133,-6.403877,-7.302356,-6.034839,-6.431876,-5.665829,8.587561,-7.549312,-5.987390,-7.096167,-5.073277,-2.030612,-6.604827,-6.764669,-7.166362,-6.962786
Pvir_HCT2a_AGM90558.1	Pvir_HCT2a_AGM90558.1	/content/drive/MyDrive/CS_5782_Final_Project/code_and_data/BAHD_lastLayer_embeddings/Pvir_HCT2a_AGM90558.1_hidden_layer_steps10.pt	acceptor_superclass::Phenolic acids (C6-C1);acceptor_superclass::Phenylpropanoids (C6-C3);acceptor_superclass::Small peptides	acceptor_superclass::Phenolic acids (C6-C1)	0,0,0,0,0,0,0,0,0,0,0,0,0,1,0,1,0,0,1,0,0,0,0	0,0,0,0,0,0,0,0,0,0,0,0,0,1,0,0,0,0,0,0,0,0,0	-6.739776,-7.585474,-6.952443,-5.879840,-7.076406,-7.410977,-7.450656,-4.959436,-7.366042,-6.761765,-6.967709,-6.267841,-6.986481,7.507509,-8.049270,-3.445978,-6.005506,-5.945493,-1.531307,-7.401577,-7.155722,-7.367425,-5.502895
Pvir_PMT_KAG2616253.1	Pvir_PMT_KAG2616253.1	/content/drive/MyDrive/CS_5782_Final_Project/code_and_data/BAHD_lastLayer_embeddings/Pvir_PMT_KAG2616253.1_hidden_layer_steps10.pt	acceptor_superclass::Phenylpropanoids (C6-C3)		0,0,0,0,0,0,0,0,0,0,0,0,0,0,0,1,0,0,0,0,0,0,0	0,0,0,0,0,0,0,0,0,0,0,0,0,0,0,0,0,0,0,0,0,0,0	-6.748612,-7.305866,-7.169865,-6.043802,-5.192137,-5.545965,-8.021905,-7.533456,-6.895918,-4.747296,-8.446280,-5.179578,-7.064221,-5.665049,-7.572120,-0.250832,-6.319591,-6.095169,-9.249891,-7.444922,-7.237239,-6.009962,-7.626429
Pvul_HHHT_AOX15526.1	Pvul_HHHT_AOX15526.1	/content/drive/MyDrive/CS_5782_Final_Project/code_and_data/BAHD_lastLayer_embeddings/Pvul_HHHT_AOX15526.1_hidden_layer_steps10.pt	acceptor_superclass::Fatty Acids and Conjugates	acceptor_superclass::Monoterpenoids	0,0,0,1,0,0,0,0,0,0,0,0,0,0,0,0,0,0,0,0,0,0,0	0,0,0,0,0,0,0,0,0,1,0,0,0,0,0,0,0,0,0,0,0,0,0	-6.018358,-6.145796,-5.911183,-0.674486,-5.154953,-4.076269,-5.638419,-6.460744,-5.976731,0.385145,-5.638246,-3.138659,-6.255330,-5.891534,-4.654524,-5.188818,-4.514747,-7.109603,-2.828947,-6.866651,-8.092975,-9.480117,-3.512754
Rcan_SHT_QNO39111.1	Rcan_SHT_QNO39111.1	/content/drive/MyDrive/CS_5782_Final_Project/code_and_data/BAHD_lastLayer_embeddings/Rcan_SHT_QNO39111.1_hidden_layer_steps10.pt	acceptor_superclass::Ornithine alkaloids	acceptor_superclass::Monoterpenoids;acceptor_superclass::Ornithine alkaloids;acceptor_superclass::Pseudoalkaloids	0,0,0,0,0,0,0,0,0,0,0,1,0,0,0,0,0,0,0,0,0,0,0	0,0,0,0,0,0,0,0,0,1,0,1,0,0,0,0,1,0,0,0,0,0,0	-4.461663,-5.062969,-4.444280,-5.994271,-5.805846,-3.614013,-5.507097,-4.924875,-5.464738,1.411626,-4.302887,3.844239,-5.144562,-3.529020,-4.233514,-3.919512,1.833876,-4.518178,-7.432512,-6.734569,-4.819139,-5.818968,-3.738556
Rcom_SHT_QNO39108.1	Rcom_SHT_QNO39108.1	/content/drive/MyDrive/CS_5782_Final_Project/code_and_data/BAHD_lastLayer_embeddings/Rcom_SHT_QNO39108.1_hidden_layer_steps10.pt	acceptor_superclass::Ornithine alkaloids	acceptor_superclass::Ornithine alkaloids	0,0,0,0,0,0,0,0,0,0,0,1,0,0,0,0,0,0,0,0,0,0,0	0,0,0,0,0,0,0,0,0,0,0,1,0,0,0,0,0,0,0,0,0,0,0	-6.324820,-7.040184,-8.571725,-5.428883,-9.406433,-4.476372,-8.606051,-5.216654,-7.183796,-8.248339,-5.325080,1.908615,-7.345503,-2.979585,-7.441703,-7.033260,-4.529212,-5.908623,-1.586878,-7.059175,-7.034719,-4.594051,-1.373555
Rglu_AT1_WEX29776.1	Rglu_AT1_WEX29776.1	/content/drive/MyDrive/CS_5782_Final_Project/code_and_data/BAHD_lastLayer_embeddings/Rglu_AT1_WEX29776.1_hidden_layer_steps10.pt	acceptor_superclass::Phenylethanoids (C6-C2)	acceptor_superclass::Phenylethanoids (C6-C2)	0,0,0,0,0,0,0,0,0,0,0,0,0,0,1,0,0,0,0,0,0,0,0	0,0,0,0,0,0,0,0,0,0,0,0,0,0,1,0,0,0,0,0,0,0,0	-5.553296,-5.090274,-5.677335,-5.755843,-4.732648,-3.961731,-4.644397,-4.293747,-6.626187,-4.347686,-5.165803,-2.631912,-4.456592,-6.489140,6.548726,-4.493948,-4.362591,-6.451727,-5.220826,-6.049051,-5.582186,-6.557345,-5.079767
Rhyb_AAT1_AAW31948.1	Rhyb_AAT1_AAW31948.1	/content/drive/MyDrive/CS_5782_Final_Project/code_and_data/BAHD_lastLayer_embeddings/Rhyb_AAT1_AAW31948.1_hidden_layer_steps10.pt	acceptor_superclass::Fatty acyls;acceptor_superclass::Monoterpenoids;acceptor_superclass::Phenylethanoids (C6-C2)	acceptor_superclass::Cyclic polyketides;acceptor_superclass::Phenylethanoids (C6-C2);acceptor_superclass::Phenylpropanoids (C6-C3)	0,0,0,0,1,0,0,0,0,1,0,0,0,0,1,0,0,0,0,0,0,0,0	0,1,0,0,0,0,0,0,0,0,0,0,0,0,1,1,0,0,0,0,0,0,0	-3.739346,0.149957,-4.791028,-7.817770,-3.223006,-6.184922,-4.029671,-5.083288,-5.581398,-1.950469,-1.761164,-0.490610,-3.235307,-5.779098,0.458666,1.370131,-3.053599,-3.544405,-6.363098,-5.081461,-0.873318,-2.575290,-3.593123
Rser_VS_CAD89104.2	Rser_ACT_CAD89104.2	/content/drive/MyDrive/CS_5782_Final_Project/code_and_data/BAHD_lastLayer_embeddings/Rser_VS_CAD89104.2_hidden_layer_steps10.pt	acceptor_superclass::Tryptophan alkaloids	acceptor_superclass::Tryptophan alkaloids	0,0,0,0,0,0,0,0,0,0,0,0,0,0,0,0,0,0,0,0,0,1,0	0,0,0,0,0,0,0,0,0,0,0,0,0,0,0,0,0,0,0,0,0,1,0	-5.845328,-6.318975,-5.258666,-5.757744,-5.957925,-5.810787,-5.130733,-4.145107,-5.742250,-6.236881,-5.669554,-5.201015,-5.694908,-4.078195,-6.163878,-6.632853,-5.017893,-5.297730,-6.252588,-5.241453,-5.524085,5.911703,-5.452068
Rser_VS_CAD89104.2	Rser_VS_CAD89104.2	/content/drive/MyDrive/CS_5782_Final_Project/code_and_data/BAHD_lastLayer_embeddings/Rser_VS_CAD89104.2_hidden_layer_steps10.pt	acceptor_superclass::Tryptophan alkaloids	acceptor_superclass::Tryptophan alkaloids	0,0,0,0,0,0,0,0,0,0,0,0,0,0,0,0,0,0,0,0,0,1,0	0,0,0,0,0,0,0,0,0,0,0,0,0,0,0,0,0,0,0,0,0,1,0	-4.392770,-6.266865,-5.742023,-6.685398,-4.937441,-5.022196,-5.193054,-4.619320,-5.271020,-4.449993,-6.804533,-4.299674,-3.802856,-5.570442,-4.107122,-1.202258,-4.336527,-5.626566,-7.464077,-4.165785,-3.919408,5.698843,-3.858989
Rser_YAT_PQ801655	Rser_YAT_PQ801655	/content/drive/MyDrive/CS_5782_Final_Project/code_and_data/BAHD_lastLayer_embeddings/Rser_YAT_PQ801655_hidden_layer_steps10.pt	acceptor_superclass::Tryptophan alkaloids		0,0,0,0,0,0,0,0,0,0,0,0,0,0,0,0,0,0,0,0,0,1,0	0,0,0,0,0,0,0,0,0,0,0,0,0,0,0,0,0,0,0,0,0,0,0	-7.160711,-7.715672,-2.999615,-7.101689,-7.350818,-5.422115,-8.720309,-6.829333,-7.035615,-6.850043,-7.398370,-6.119043,-6.340210,-7.043706,-5.904793,-5.886837,-9.534209,-5.059807,-6.407966,-7.046606,-5.985750,-5.784865,-1.559649
Sbic_COSY_OQU75851.1	Sbic_COSY_OQU75851.1	/content/drive/MyDrive/CS_5782_Final_Project/code_and_data/BAHD_lastLayer_embeddings/Sbic_COSY_OQU75851.1_hidden_layer_steps10.pt		acceptor_superclass::Ornithine alkaloids	0,0,0,0,0,0,0,0,0,0,0,0,0,0,0,0,0,0,0,0,0,0,0	0,0,0,0,0,0,0,0,0,0,0,1,0,0,0,0,0,0,0,0,0,0,0	-6.987393,-6.236426,-3.270638,-7.135523,-4.378033,-7.535930,-5.998498,-5.902134,-6.157475,-7.276927,-5.405842,0.647207,-6.910752,-6.961645,-3.702615,-5.711548,-2.491406,-6.530534,-8.918056,-7.200167,-6.813549,-4.850258,-6.694412
Sbic_FMT_EES15804.1	Sbic_FMT_EES15804.1	/content/drive/MyDrive/CS_5782_Final_Project/code_and_data/BAHD_lastLayer_embeddings/Sbic_FMT_EES15804.1_hidden_layer_steps10.pt	acceptor_superclass::Phenylpropanoids (C6-C3)	acceptor_superclass::Phenylpropanoids (C6-C3)	0,0,0,0,0,0,0,0,0,0,0,0,0,0,0,1,0,0,0,0,0,0,0	0,0,0,0,0,0,0,0,0,0,0,0,0,0,0,1,0,0,0,0,0,0,0	-6.494296,-6.519082,-5.741325,-6.428295,-5.839920,-5.264492,-7.460472,-6.011438,-6.307623,-6.552135,-6.303781,-7.671659,-6.781991,-6.516733,-4.719846,3.657238,-7.398165,-7.255611,-4.613582,-6.349012,-4.222798,-6.431271,-6.533239
Sbic_HCT_EES05411.1	Sbic_HCT_EES05411.1	/content/drive/MyDrive/CS_5782_Final_Project/code_and_data/BAHD_lastLayer_embeddings/Sbic_HCT_EES05411.1_hidden_layer_steps10.pt	acceptor_superclass::Phenolic acids (C6-C1)	acceptor_superclass::Phenolic acids (C6-C1)	0,0,0,0,0,0,0,0,0,0,0,0,0,1,0,0,0,0,0,0,0,0,0	0,0,0,0,0,0,0,0,0,0,0,0,0,1,0,0,0,0,0,0,0,0,0	-6.464606,-7.455885,-6.133092,-5.965349,-8.650197,-6.409493,-6.492903,-5.043459,-6.630419,-5.817190,-6.664839,-5.266767,-7.121274,8.091360,-8.713450,-5.311194,-4.188142,-6.014710,-3.057344,-6.794398,-6.475017,-6.738391,-4.996444
Sbic_PMT_EES17668.1	Sbic_PMT_EES17668.1	/content/drive/MyDrive/CS_5782_Final_Project/code_and_data/BAHD_lastLayer_embeddings/Sbic_PMT_EES17668.1_hidden_layer_steps10.pt	acceptor_superclass::Phenylpropanoids (C6-C3)	acceptor_superclass::Phenylethanoids (C6-C2);acceptor_superclass::Phenylpropanoids (C6-C3)	0,0,0,0,0,0,0,0,0,0,0,0,0,0,0,1,0,0,0,0,0,0,0	0,0,0,0,0,0,0,0,0,0,0,0,0,0,1,1,0,0,0,0,0,0,0	-6.847649,-6.656000,-8.300989,-7.990887,-4.308053,-4.250516,-7.117048,-5.865154,-7.359596,-3.875740,-6.594086,-7.391671,-6.218089,-5.235751,0.327782,3.105775,-7.247653,-5.824984,-8.096354,-8.280458,-5.232172,-5.260774,-5.766679
Sche_AAT10422_BCJ78482.1	Sche_AAT10422_BCJ78482.1	/content/drive/MyDrive/CS_5782_Final_Project/code_and_data/BAHD_lastLayer_embeddings/Sche_AAT10422_BCJ78482.1_hidden_layer_steps10.pt	acceptor_superclass::Fatty acyls	acceptor_superclass::Fatty acyls	0,0,0,0,1,0,0,0,0,0,0,0,0,0,0,0,0,0,0,0,0,0,0	0,0,0,0,1,0,0,0,0,0,0,0,0,0,0,0,0,0,0,0,0,0,0	-6.354262,-6.982662,-5.570266,-5.933835,3.855543,-7.520534,-7.881922,-5.766431,-6.516527,-7.610923,-5.879653,-5.387182,-6.295855,-6.947859,-3.495513,-3.955537,-6.043582,-7.020391,-6.096562,-6.822140,-6.827575,-7.461751,-8.051855
Schi_CFAT_URQ03862.1	Schi_CFAT_URQ03862.1	/content/drive/MyDrive/CS_5782_Final_Project/code_and_data/BAHD_lastLayer_embeddings/Schi_CFAT_URQ03862.1_hidden_layer_steps10.pt	acceptor_superclass::Lignans;acceptor_superclass::Phenylpropanoids (C6-C3)	acceptor_superclass::Phenylpropanoids (C6-C3)	0,0,0,0,0,0,0,1,0,0,0,0,0,0,0,1,0,0,0,0,0,0,0	0,0,0,0,0,0,0,0,0,0,0,0,0,0,0,1,0,0,0,0,0,0,0	-6.858883,-7.079245,-7.808263,-7.883770,-7.011344,-8.558970,-8.065040,-6.314884,-7.229280,-5.969593,-5.337772,-5.255764,-6.990536,-4.844706,-4.843952,1.875336,-6.929183,-7.246071,-5.372406,-7.844143,-7.082692,-6.265546,-7.985172
Schm_AAT11306_BCJ78485.1	Schm_AAT11306_BCJ78485.1	/content/drive/MyDrive/CS_5782_Final_Project/code_and_data/BAHD_lastLayer_embeddings/Schm_AAT11306_BCJ78485.1_hidden_layer_steps10.pt	acceptor_superclass::Fatty acyls	acceptor_superclass::Fatty acyls	0,0,0,0,1,0,0,0,0,0,0,0,0,0,0,0,0,0,0,0,0,0,0	0,0,0,0,1,0,0,0,0,0,0,0,0,0,0,0,0,0,0,0,0,0,0	-5.193021,-4.157851,-6.330500,-7.020523,6.192702,-6.144335,-4.671052,-6.142394,-6.385989,-6.190303,-6.628987,-3.787871,-4.728357,-8.047612,-1.171990,-4.477886,-5.433172,-6.961800,-6.924716,-6.035594,-5.211799,-6.022769,-6.122525
Scru_3MAT_AAO38058	Scru_3MAT_AAO38058	/content/drive/MyDrive/CS_5782_Final_Project/code_and_data/BAHD_lastLayer_embeddings/Scru_3MAT_AAO38058_hidden_layer_steps10.pt		acceptor_superclass::Flavonoids	0,0,0,0,0,0,0,0,0,0,0,0,0,0,0,0,0,0,0,0,0,0,0	0,0,0,0,0,1,0,0,0,0,0,0,0,0,0,0,0,0,0,0,0,0,0	-5.919571,-6.975867,-8.311335,-6.630767,-8.799246,3.839284,-3.929847,-6.723120,-5.911886,-8.963264,-6.639551,-5.277636,-4.477601,-5.932631,-7.114216,-4.010539,-6.650441,-7.410951,-7.865760,-6.914613,-5.130665,-6.330392,-7.472673
Sfal_HFT-like_KAH8954438.1	Sfal_HFT-like_KAH8954438.1	/content/drive/MyDrive/CS_5782_Final_Project/code_and_data/BAHD_lastLayer_embeddings/Sfal_HFT-like_KAH8954438.1_hidden_layer_steps10.pt	acceptor_superclass::Fatty Acids and Conjugates;acceptor_superclass::Fatty acyls		0,0,0,1,1,0,0,0,0,0,0,0,0,0,0,0,0,0,0,0,0,0,0	0,0,0,0,0,0,0,0,0,0,0,0,0,0,0,0,0,0,0,0,0,0,0	-6.876656,-6.317451,-3.774014,-0.787580,-8.209039,-2.494685,-5.866128,-5.146282,-5.537385,-10.064867,-5.944463,-6.063162,-6.399184,-7.048228,-5.842222,-2.537643,-6.089096,-7.826561,-5.501104,-7.179093,-6.471692,-5.974342,-4.844180
Sgal_AAT10483_BCJ78483.1	Sgal_AAT10483_BCJ78483.1	/content/drive/MyDrive/CS_5782_Final_Project/code_and_data/BAHD_lastLayer_embeddings/Sgal_AAT10483_BCJ78483.1_hidden_layer_steps10.pt	acceptor_superclass::Fatty acyls	acceptor_superclass::Fatty acyls	0,0,0,0,1,0,0,0,0,0,0,0,0,0,0,0,0,0,0,0,0,0,0	0,0,0,0,1,0,0,0,0,0,0,0,0,0,0,0,0,0,0,0,0,0,0	-6.814481,-5.306108,-6.469370,-5.020703,6.729812,-5.679452,-6.213054,-6.124254,-5.660061,-5.812529,-6.446546,-5.559883,-6.702342,-5.893615,-5.814774,-6.490552,-4.953497,-6.042578,-5.407363,-6.704018,-6.621941,-7.050852,-6.437595
Sgla_HQT1_WYJ75404.1	Sgla_HQT1_WYJ75404.1	/content/drive/MyDrive/CS_5782_Final_Project/code_and_data/BAHD_lastLayer_embeddings/Sgla_HQT1_WYJ75404.1_hidden_layer_steps10.pt	acceptor_superclass::Phenolic acids (C6-C1);acceptor_superclass::Small peptides	acceptor_superclass::Phenolic acids (C6-C1)	0,0,0,0,0,0,0,0,0,0,0,0,0,1,0,0,0,0,1,0,0,0,0	0,0,0,0,0,0,0,0,0,0,0,0,0,1,0,0,0,0,0,0,0,0,0	-8.173834,-6.562499,-6.579071,-7.351020,-5.291533,-6.909654,-7.565063,-6.362436,-7.264162,-5.421782,-6.987418,-6.873091,-7.746560,6.883652,-7.245177,-0.961784,-6.034381,-6.147212,-1.569245,-7.715755,-7.139490,-7.604968,-5.647309
Sgla_HQT2_WYJ75406.1	Sgla_HQT2_WYJ75406.1	/content/drive/MyDrive/CS_5782_Final_Project/code_and_data/BAHD_lastLayer_embeddings/Sgla_HQT2_WYJ75406.1_hidden_layer_steps10.pt	acceptor_superclass::Phenolic acids (C6-C1)		0,0,0,0,0,0,0,0,0,0,0,0,0,1,0,0,0,0,0,0,0,0,0	0,0,0,0,0,0,0,0,0,0,0,0,0,0,0,0,0,0,0,0,0,0,0	-7.752391,-6.985048,-7.220373,-5.113708,-5.903569,-6.562067,-8.568368,-5.645766,-8.730492,-6.817569,-7.011206,-8.582150,-7.977407,-1.320123,-4.810138,-1.607380,-8.042973,-7.805254,-4.954168,-7.154708,-6.424386,-8.508877,-6.206016
Sgla_HST_WYJ75403.1	Sgla_HST_WYJ75403.1	/content/drive/MyDrive/CS_5782_Final_Project/code_and_data/BAHD_lastLayer_embeddings/Sgla_HST_WYJ75403.1_hidden_layer_steps10.pt	acceptor_superclass::Phenolic acids (C6-C1);acceptor_superclass::Small peptides	acceptor_superclass::Phenolic acids (C6-C1)	0,0,0,0,0,0,0,0,0,0,0,0,0,1,0,0,0,0,1,0,0,0,0	0,0,0,0,0,0,0,0,0,0,0,0,0,1,0,0,0,0,0,0,0,0,0	-6.701823,-7.469574,-8.380127,-8.602481,-7.973809,-3.328325,-8.080998,-3.902571,-6.421655,-5.992021,-6.894494,-6.492904,-6.574845,7.106048,-7.316667,-5.556906,-6.247915,-7.081293,-0.409270,-6.504190,-6.041398,-7.567549,-6.721228
Sgla_RAS_WYJ75405.1	Sgla_RAS_WYJ75405.1	/content/drive/MyDrive/CS_5782_Final_Project/code_and_data/BAHD_lastLayer_embeddings/Sgla_RAS_WYJ75405.1_hidden_layer_steps10.pt	acceptor_superclass::Phenolic acids (C6-C1);acceptor_superclass::Small peptides;acceptor_superclass::Tyrosine alkaloids	acceptor_superclass::Phenolic acids (C6-C1);acceptor_superclass::Small peptides	0,0,0,0,0,0,0,0,0,0,0,0,0,1,0,0,0,0,1,0,0,0,1	0,0,0,0,0,0,0,0,0,0,0,0,0,1,0,0,0,0,1,0,0,0,0	-6.322930,-7.116437,-5.567083,-7.398835,-7.916445,-4.271222,-6.878596,-5.862828,-6.734442,-6.056546,-6.957860,-0.042054,-4.964236,3.367046,-3.694181,-6.398086,-1.246320,-6.907877,1.756271,-6.798418,-7.094810,-7.878474,-4.162890
Shab_AAT11777_BCJ78486.1	Shab_AAT11777_BCJ78486.1	/content/drive/MyDrive/CS_5782_Final_Project/code_and_data/BAHD_lastLayer_embeddings/Shab_AAT11777_BCJ78486.1_hidden_layer_steps10.pt	acceptor_superclass::Fatty acyls	acceptor_superclass::Fatty acyls;acceptor_superclass::Phenylethanoids (C6-C2)	0,0,0,0,1,0,0,0,0,0,0,0,0,0,0,0,0,0,0,0,0,0,0	0,0,0,0,1,0,0,0,0,0,0,0,0,0,1,0,0,0,0,0,0,0,0	-6.461937,-5.977376,-6.813029,-5.387931,4.385402,-7.010091,-8.390440,-4.210475,-6.821332,-7.206760,-6.679029,-5.660127,-6.719186,-8.199871,0.013236,-1.391553,-5.875938,-7.117743,-6.529279,-6.994929,-7.234575,-4.577615,-5.032560
Shab_ASAT2_ALU64009.1	Shab_ASAT2_ALU64009.1	/content/drive/MyDrive/CS_5782_Final_Project/code_and_data/BAHD_lastLayer_embeddings/Shab_ASAT2_ALU64009.1_hidden_layer_steps10.pt			0,0,0,0,0,0,0,0,0,0,0,0,0,0,0,0,0,0,0,0,0,0,0	0,0,0,0,0,0,0,0,0,0,0,0,0,0,0,0,0,0,0,0,0,0,0	-8.717599,-8.878258,-8.014234,-7.202496,-7.915684,-6.378398,-8.800287,-7.915076,-9.632522,-7.847356,-7.506248,-7.064614,-8.245603,-3.758202,-8.420453,-5.951848,-6.922630,-7.750028,-6.331317,-8.548772,-7.859005,-7.582069,-6.567308
Shab_ASAT3-F_AJF98584.1	Shab_ASAT3-F_AJF98584.1	/content/drive/MyDrive/CS_5782_Final_Project/code_and_data/BAHD_lastLayer_embeddings/Shab_ASAT3-F_AJF98584.1_hidden_layer_steps10.pt			0,0,0,0,0,0,0,0,0,0,0,0,0,0,0,0,0,0,0,0,0,0,0	0,0,0,0,0,0,0,0,0,0,0,0,0,0,0,0,0,0,0,0,0,0,0	-7.981959,-7.037406,-6.035787,-8.766932,-5.901147,-3.292227,-6.364209,-6.613824,-7.864344,-6.069392,-5.814939,-8.151492,-7.638367,-6.684437,-5.568757,-5.744030,-7.924288,-5.326169,-9.205424,-7.091426,-5.260224,-6.343587,-8.765882
Shab_ASAT3-P_AJF98591.1	Shab_ASAT3-P_AJF98591.1	/content/drive/MyDrive/CS_5782_Final_Project/code_and_data/BAHD_lastLayer_embeddings/Shab_ASAT3-P_AJF98591.1_hidden_layer_steps10.pt			0,0,0,0,0,0,0,0,0,0,0,0,0,0,0,0,0,0,0,0,0,0,0	0,0,0,0,0,0,0,0,0,0,0,0,0,0,0,0,0,0,0,0,0,0,0	-6.061607,-7.372679,-5.061193,-6.899077,-6.945829,-5.497134,-8.126518,-5.444234,-7.684381,-7.514997,-4.491270,-3.967460,-6.131641,-4.396900,-6.238993,-0.528357,-6.571783,-5.520409,-7.157899,-6.580730,-6.007816,-4.486900,-7.347650
Sind_AT1_BEE35702.1	Sind_AT1_BEE35702.1	/content/drive/MyDrive/CS_5782_Final_Project/code_and_data/BAHD_lastLayer_embeddings/Sind_AT1_BEE35702.1_hidden_layer_steps10.pt	acceptor_superclass::Phenylethanoids (C6-C2)		0,0,0,0,0,0,0,0,0,0,0,0,0,0,1,0,0,0,0,0,0,0,0	0,0,0,0,0,0,0,0,0,0,0,0,0,0,0,0,0,0,0,0,0,0,0	-6.189303,-8.260136,-6.520929,-3.653233,-4.931426,-8.560791,-7.960556,-7.212558,-6.246407,-6.105319,-6.514145,-8.165495,-6.172832,-2.541602,-1.381117,-4.773957,-7.236769,-5.749328,-5.962508,-6.459366,-4.344464,-8.073626,-5.352541
Sind_AT2_BEE35703.1	Sind_AT2_BEE35703.1	/content/drive/MyDrive/CS_5782_Final_Project/code_and_data/BAHD_lastLayer_embeddings/Sind_AT2_BEE35703.1_hidden_layer_steps10.pt	acceptor_superclass::Phenylethanoids (C6-C2)	acceptor_superclass::Phenylethanoids (C6-C2)	0,0,0,0,0,0,0,0,0,0,0,0,0,0,1,0,0,0,0,0,0,0,0	0,0,0,0,0,0,0,0,0,0,0,0,0,0,1,0,0,0,0,0,0,0,0	-6.366911,-6.216534,-7.246784,-8.098485,-8.498895,-5.112790,-6.919435,-5.470923,-7.041333,-3.805578,-6.091352,-4.750943,-4.430430,-3.340775,2.409201,-3.539821,-3.167056,-5.815170,-6.922458,-4.583893,-5.933743,-6.158992,-5.647862
Sind_AT1_BEE35702.1	Sind_SHCT_XP_011083883.1	/content/drive/MyDrive/CS_5782_Final_Project/code_and_data/BAHD_lastLayer_embeddings/Sind_AT1_BEE35702.1_hidden_layer_steps10.pt	acceptor_superclass::Phenylethanoids (C6-C2)		0,0,0,0,0,0,0,0,0,0,0,0,0,0,1,0,0,0,0,0,0,0,0	0,0,0,0,0,0,0,0,0,0,0,0,0,0,0,0,0,0,0,0,0,0,0	-6.189303,-8.260136,-6.520929,-3.653233,-4.931426,-8.560791,-7.960556,-7.212558,-6.246407,-6.105319,-6.514145,-8.165495,-6.172832,-2.541602,-1.381117,-4.773957,-7.236769,-5.749328,-5.962508,-6.459366,-4.344464,-8.073626,-5.352541
Slyc_AAT1_XP_004244681.1	Slyc_AAT1_XP_004244681.1	/content/drive/MyDrive/CS_5782_Final_Project/code_and_data/BAHD_lastLayer_embeddings/Slyc_AAT1_XP_004244681.1_hidden_layer_steps10.pt	acceptor_superclass::Fatty acyls;acceptor_superclass::Phenylethanoids (C6-C2)		0,0,0,0,1,0,0,0,0,0,0,0,0,0,1,0,0,0,0,0,0,0,0	0,0,0,0,0,0,0,0,0,0,0,0,0,0,0,0,0,0,0,0,0,0,0	-7.477771,-6.832528,-5.509383,-5.286249,-2.411608,-3.500991,-6.795954,-5.532452,-6.057038,-5.527253,-8.244646,-7.135083,-6.851401,-1.373235,-8.067252,-6.931315,-6.801723,-6.449439,-3.064050,-7.913725,-5.881330,-6.887960,-3.210289
Slyc_PHT1_UTQ10234.1	Slyc_ACT2_XP_004251197.1	/content/drive/MyDrive/CS_5782_Final_Project/code_and_data/BAHD_lastLayer_embeddings/Slyc_PHT1_UTQ10234.1_hidden_layer_steps10.pt	acceptor_superclass::Ornithine alkaloids;acceptor_superclass::Pseudoalkaloids	acceptor_superclass::Ornithine alkaloids;acceptor_superclass::Pseudoalkaloids	0,0,0,0,0,0,0,0,0,0,0,1,0,0,0,0,1,0,0,0,0,0,0	0,0,0,0,0,0,0,0,0,0,0,1,0,0,0,0,1,0,0,0,0,0,0	-5.380652,-5.191573,-5.308227,-5.565549,-5.595885,-5.350807,-6.013442,-5.152792,-5.318214,-5.237460,-5.784149,6.615865,-5.010332,-5.631344,-5.423262,-6.835529,7.495813,-5.507011,-4.893072,-5.008678,-4.670659,-4.782435,-5.723675
Slyc_ASAT1_NP_001316332.1	Slyc_ASAT1_NP_001316332.1	/content/drive/MyDrive/CS_5782_Final_Project/code_and_data/BAHD_lastLayer_embeddings/Slyc_ASAT1_NP_001316332.1_hidden_layer_steps10.pt	acceptor_superclass::Saccharides		0,0,0,0,0,0,0,0,0,0,0,0,0,0,0,0,0,1,0,0,0,0,0	0,0,0,0,0,0,0,0,0,0,0,0,0,0,0,0,0,0,0,0,0,0,0	-6.075026,-7.805657,-6.260090,-7.492592,-8.225209,-7.120804,-8.542122,-6.847476,-8.436156,-6.603506,-6.847356,-2.565679,-6.666804,-8.829231,-7.036396,-7.850729,-6.136941,-3.673709,-8.874115,-4.697710,-3.196589,-6.894664,-6.415206
Slyc_ASAT2_ALU64015.1	Slyc_ASAT2_ALU64015.1	/content/drive/MyDrive/CS_5782_Final_Project/code_and_data/BAHD_lastLayer_embeddings/Slyc_ASAT2_ALU64015.1_hidden_layer_steps10.pt			0,0,0,0,0,0,0,0,0,0,0,0,0,0,0,0,0,0,0,0,0,0,0	0,0,0,0,0,0,0,0,0,0,0,0,0,0,0,0,0,0,0,0,0,0,0	-7.151557,-7.089168,-6.311896,-7.651304,-4.908721,-8.265521,-7.996688,-6.681142,-7.019759,-7.157939,-2.700913,-6.241468,-6.784585,-4.813785,-6.116435,-7.905745,-5.986659,-4.055503,-5.662799,-7.647241,-7.104141,-6.218901,-7.406304
Slyc_ASAT3_AJF98582.1	Slyc_ASAT3_AJF98582.1	/content/drive/MyDrive/CS_5782_Final_Project/code_and_data/BAHD_lastLayer_embeddings/Slyc_ASAT3_AJF98582.1_hidden_layer_steps10.pt			0,0,0,0,0,0,0,0,0,0,0,0,0,0,0,0,0,0,0,0,0,0,0	0,0,0,0,0,0,0,0,0,0,0,0,0,0,0,0,0,0,0,0,0,0,0	-8.896736,-7.617948,-7.082188,-6.363687,-6.708016,-7.926798,-7.028342,-7.890771,-8.061177,-6.498661,-8.228483,-7.402382,-9.377603,-6.864357,-5.907753,-6.639228,-8.245484,-6.889243,-8.175356,-7.631182,-8.273031,-6.720674,-7.426141
Slyc_ASAT4_AFM77971.1	Slyc_ASAT4_AFM77971.1	/content/drive/MyDrive/CS_5782_Final_Project/code_and_data/BAHD_lastLayer_embeddings/Slyc_ASAT4_AFM77971.1_hidden_layer_steps10.pt			0,0,0,0,0,0,0,0,0,0,0,0,0,0,0,0,0,0,0,0,0,0,0	0,0,0,0,0,0,0,0,0,0,0,0,0,0,0,0,0,0,0,0,0,0,0	-6.629975,-7.554608,-5.222736,-6.960353,-6.438867,-7.288515,-8.584800,-6.285829,-7.912158,-3.173674,-5.565907,-6.678513,-6.883897,-3.663607,-6.089999,-3.006339,-8.015296,-6.825009,-7.331944,-8.482117,-5.582084,-6.423291,-7.077521
Slyc_GAME36_XP_004246214.1	Slyc_GAME36_XP_004246214.1	/content/drive/MyDrive/CS_5782_Final_Project/code_and_data/BAHD_lastLayer_embeddings/Slyc_GAME36_XP_004246214.1_hidden_layer_steps10.pt	acceptor_superclass::Pseudoalkaloids		0,0,0,0,0,0,0,0,0,0,0,0,0,0,0,0,1,0,0,0,0,0,0	0,0,0,0,0,0,0,0,0,0,0,0,0,0,0,0,0,0,0,0,0,0,0	-5.114141,-5.317065,-7.585393,-6.659027,-6.045048,-5.698590,-5.766958,-6.646964,-6.646147,-8.045648,-0.361585,-0.519645,-4.803878,-6.681986,-5.720080,-6.073518,-4.057993,-6.321982,-8.055555,-6.240140,-3.371305,-5.056216,-4.978679
Slyc_HCT_XP_004235891.1	Slyc_HCT_XP_004235891.1	/content/drive/MyDrive/CS_5782_Final_Project/code_and_data/BAHD_lastLayer_embeddings/Slyc_HCT_XP_004235891.1_hidden_layer_steps10.pt	acceptor_superclass::Flavonoids;acceptor_superclass::Monoterpenoids;acceptor_superclass::Phenolic acids (C6-C1);acceptor_superclass::Triterpenoids;acceptor_superclass::Tyrosine alkaloids	acceptor_superclass::Phenolic acids (C6-C1);acceptor_superclass::Phenylpropanoids (C6-C3)	0,0,0,0,0,1,0,0,0,1,0,0,0,1,0,0,0,0,0,0,1,0,1	0,0,0,0,0,0,0,0,0,0,0,0,0,1,0,1,0,0,0,0,0,0,0	-5.092396,-6.428341,-8.233993,-5.276385,-5.797331,-3.435583,-5.312859,-4.362209,-7.063662,-4.864355,-7.257159,-3.883656,-5.627086,7.778835,-7.133476,1.581981,-5.680965,-6.255692,-0.514959,-5.729490,-5.826902,-7.108653,-8.075485
Slyc_HQT_CAE46933.1	Slyc_HQT_CAE46933.1	/content/drive/MyDrive/CS_5782_Final_Project/code_and_data/BAHD_lastLayer_embeddings/Slyc_HQT_CAE46933.1_hidden_layer_steps10.pt	acceptor_superclass::Phenolic acids (C6-C1);acceptor_superclass::Phenylpropanoids (C6-C3)	acceptor_superclass::Phenolic acids (C6-C1)	0,0,0,0,0,0,0,0,0,0,0,0,0,1,0,1,0,0,0,0,0,0,0	0,0,0,0,0,0,0,0,0,0,0,0,0,1,0,0,0,0,0,0,0,0,0	-7.781294,-6.489359,-7.664243,-5.851533,-3.765670,-6.706359,-7.786953,-6.414028,-7.358859,-6.969816,-6.593974,-8.336697,-7.145398,6.242936,-7.779579,-1.129513,-7.509722,-6.437344,-4.325291,-7.487123,-6.963265,-7.293793,-5.775954
Slyc_PHT1_UTQ10234.1	Slyc_PHT1_UTQ10234.1	/content/drive/MyDrive/CS_5782_Final_Project/code_and_data/BAHD_lastLayer_embeddings/Slyc_PHT1_UTQ10234.1_hidden_layer_steps10.pt	acceptor_superclass::Ornithine alkaloids;acceptor_superclass::Pseudoalkaloids	acceptor_superclass::Ornithine alkaloids;acceptor_superclass::Pseudoalkaloids	0,0,0,0,0,0,0,0,0,0,0,1,0,0,0,0,1,0,0,0,0,0,0	0,0,0,0,0,0,0,0,0,0,0,1,0,0,0,0,1,0,0,0,0,0,0	-5.640558,-5.666829,-4.516729,-4.724899,-6.031167,-3.936928,-5.530105,-4.501398,-4.844181,-6.385476,-6.100662,7.089745,-5.169765,-4.356578,-4.194541,-5.880103,5.850221,-6.389540,-7.082766,-6.621033,-5.100229,-4.302531,-4.868181
Slyc_PHT2_UTQ10235.1	Slyc_PHT2_UTQ10235.1	/content/drive/MyDrive/CS_5782_Final_Project/code_and_data/BAHD_lastLayer_embeddings/Slyc_PHT2_UTQ10235.1_hidden_layer_steps10.pt	acceptor_superclass::Ornithine alkaloids;acceptor_superclass::Pseudoalkaloids	acceptor_superclass::Ornithine alkaloids;acceptor_superclass::Pseudoalkaloids	0,0,0,0,0,0,0,0,0,0,0,1,0,0,0,0,1,0,0,0,0,0,0	0,0,0,0,0,0,0,0,0,0,0,1,0,0,0,0,1,0,0,0,0,0,0	-6.022753,-5.611991,-5.552419,-5.292414,-5.474563,-5.859082,-6.101668,-5.539557,-5.205224,-5.490425,-5.241571,6.120408,-5.107750,-5.031346,-6.214998,-7.122168,5.793853,-5.944300,-6.561624,-5.365120,-5.942918,-5.660097,-6.579598
Slyc_SHT_QNO39109.1	Slyc_SHT_QNO39109.1	/content/drive/MyDrive/CS_5782_Final_Project/code_and_data/BAHD_lastLayer_embeddings/Slyc_SHT_QNO39109.1_hidden_layer_steps10.pt	acceptor_superclass::Ornithine alkaloids	acceptor_superclass::Ornithine alkaloids	0,0,0,0,0,0,0,0,0,0,0,1,0,0,0,0,0,0,0,0,0,0,0	0,0,0,0,0,0,0,0,0,0,0,1,0,0,0,0,0,0,0,0,0,0,0	-6.523134,-7.433266,-3.002089,-7.058807,-6.720930,-4.943266,-6.805414,-6.590914,-7.154659,-7.815160,-7.057680,0.334403,-6.405454,-4.152067,-7.916323,-9.453173,-3.834194,-7.978398,-4.709510,-6.274739,-5.756411,-7.154319,-8.948165
Smel_SHT_AKP24035.1	Smel_SHT_AKP24035.1	/content/drive/MyDrive/CS_5782_Final_Project/code_and_data/BAHD_lastLayer_embeddings/Smel_SHT_AKP24035.1_hidden_layer_steps10.pt	acceptor_superclass::Ornithine alkaloids	acceptor_superclass::Ornithine alkaloids	0,0,0,0,0,0,0,0,0,0,0,1,0,0,0,0,0,0,0,0,0,0,0	0,0,0,0,0,0,0,0,0,0,0,1,0,0,0,0,0,0,0,0,0,0,0	-7.147111,-5.888341,-4.380586,-6.500464,-5.469414,-2.155370,-4.553930,-6.004071,-7.422378,-6.671545,-5.842274,1.113949,-6.551363,-5.806119,-6.903119,-7.930556,-5.192279,-5.816912,-5.163684,-6.453324,-6.080518,-8.214817,-7.576331
Smoe_HCT1a_XP_002979061.1	Smoe_HCT1a_XP_002979061.1	/content/drive/MyDrive/CS_5782_Final_Project/code_and_data/BAHD_lastLayer_embeddings/Smoe_HCT1a_XP_002979061.1_hidden_layer_steps10.pt	acceptor_superclass::Flavonoids;acceptor_superclass::Phenolic acids (C6-C1);acceptor_superclass::Small peptides	acceptor_superclass::Phenolic acids (C6-C1)	0,0,0,0,0,1,0,0,0,0,0,0,0,1,0,0,0,0,1,0,0,0,0	0,0,0,0,0,0,0,0,0,0,0,0,0,1,0,0,0,0,0,0,0,0,0	-7.292943,-6.628448,-7.940021,-6.153638,-8.728943,-5.915524,-6.859723,-6.088805,-6.435724,-7.855573,-6.788501,-6.022496,-6.802310,7.575612,-7.610225,-5.961971,-5.992983,-5.482730,-4.587960,-6.738491,-6.666742,-5.628013,-4.980176
Sneo_AAT10247_BCJ78484.1	Sneo_AAT10247_BCJ78484.1	/content/drive/MyDrive/CS_5782_Final_Project/code_and_data/BAHD_lastLayer_embeddings/Sneo_AAT10247_BCJ78484.1_hidden_layer_steps10.pt	acceptor_superclass::Fatty acyls	acceptor_superclass::Fatty acyls;acceptor_superclass::Phenylethanoids (C6-C2)	0,0,0,0,1,0,0,0,0,0,0,0,0,0,0,0,0,0,0,0,0,0,0	0,0,0,0,1,0,0,0,0,0,0,0,0,0,1,0,0,0,0,0,0,0,0	-6.049417,-5.874411,-5.065264,-6.202942,5.634513,-7.393804,-8.279651,-6.102449,-7.366863,-4.854200,-6.400635,-6.171837,-6.487520,-7.266797,0.181286,-3.856509,-6.454645,-6.907869,-7.400435,-7.609875,-5.933593,-6.094347,-6.363899
Snig_AGAT1_WES72146.1	Snig_AGAT1_WES72146.1	/content/drive/MyDrive/CS_5782_Final_Project/code_and_data/BAHD_lastLayer_embeddings/Snig_AGAT1_WES72146.1_hidden_layer_steps10.pt			0,0,0,0,0,0,0,0,0,0,0,0,0,0,0,0,0,0,0,0,0,0,0	0,0,0,0,0,0,0,0,0,0,0,0,0,0,0,0,0,0,0,0,0,0,0	-6.894990,-6.315099,-5.167051,-4.742144,-6.024727,-5.183543,-5.919889,-6.538096,-6.822901,-4.647763,-4.882814,-2.397732,-5.520971,-5.993176,-6.888083,-10.474594,-2.091274,-5.824948,-9.426454,-6.025356,-7.652608,-3.575725,-9.012270
Snig_ASAT1_ART34015.1	Snig_ASAT1_ART34015.1	/content/drive/MyDrive/CS_5782_Final_Project/code_and_data/BAHD_lastLayer_embeddings/Snig_ASAT1_ART34015.1_hidden_layer_steps10.pt	acceptor_superclass::Saccharides	acceptor_superclass::Saccharides	0,0,0,0,0,0,0,0,0,0,0,0,0,0,0,0,0,1,0,0,0,0,0	0,0,0,0,0,0,0,0,0,0,0,0,0,0,0,0,0,1,0,0,0,0,0	-5.893218,-6.172105,-4.441031,-6.285134,-7.732652,-5.737604,-5.777388,-5.527638,-5.317104,-5.775740,-4.811780,-6.925973,-6.118467,-1.253439,-6.715741,-3.741825,-6.704801,2.903928,-6.120030,-6.199154,-5.796597,-4.954339,-8.315151
Snig_ASAT2_WES72145.1	Snig_ASAT2_WES72145.1	/content/drive/MyDrive/CS_5782_Final_Project/code_and_data/BAHD_lastLayer_embeddings/Snig_ASAT2_WES72145.1_hidden_layer_steps10.pt			0,0,0,0,0,0,0,0,0,0,0,0,0,0,0,0,0,0,0,0,0,0,0	0,0,0,0,0,0,0,0,0,0,0,0,0,0,0,0,0,0,0,0,0,0,0	-6.664111,-7.354716,-4.346674,-7.796690,-5.682878,-8.476995,-7.799612,-6.662980,-6.427373,-8.436195,-3.047801,-4.929806,-6.504065,-6.035780,-7.135814,-7.878443,-5.505178,-6.144807,-5.993823,-6.562515,-6.514085,-5.380689,-6.538858
Snux_AT_UQZ09626.1	Snux_AT_UQZ09626.1	/content/drive/MyDrive/CS_5782_Final_Project/code_and_data/BAHD_lastLayer_embeddings/Snux_AT_UQZ09626.1_hidden_layer_steps10.pt	acceptor_superclass::Tryptophan alkaloids		0,0,0,0,0,0,0,0,0,0,0,0,0,0,0,0,0,0,0,0,0,1,0	0,0,0,0,0,0,0,0,0,0,0,0,0,0,0,0,0,0,0,0,0,0,0	-7.259592,-7.527701,-8.856238,-5.134492,-8.963598,-4.782724,-7.233181,-4.274152,-5.119543,-7.252596,-6.823539,-6.072083,-5.511366,-3.083626,-7.756608,-4.293437,-4.449430,-1.791261,-7.286288,-6.555029,-4.590348,-1.711273,-5.813504
Soff_AAT1_BDW80084.1	Soff_AAT1_BDW80084.1	/content/drive/MyDrive/CS_5782_Final_Project/code_and_data/BAHD_lastLayer_embeddings/Soff_AAT1_BDW80084.1_hidden_layer_steps10.pt	acceptor_superclass::Naphthalenes	acceptor_superclass::Naphthalenes	0,0,0,0,0,0,0,0,0,0,1,0,0,0,0,0,0,0,0,0,0,0,0	0,0,0,0,0,0,0,0,0,0,1,0,0,0,0,0,0,0,0,0,0,0,0	-5.377555,-5.235226,-8.049859,-5.172371,-3.909347,-5.033721,-5.325007,-5.244776,-6.096054,-5.432399,5.290590,-5.093110,-5.471212,-7.226400,-4.884040,-5.328074,-4.773118,-5.036328,-6.111059,-5.720527,-7.320427,-7.753023,-6.240561
Sole_SOAP10_KNA12459.1	Sole_SOAP10_KNA12459.1	/content/drive/MyDrive/CS_5782_Final_Project/code_and_data/BAHD_lastLayer_embeddings/Sole_SOAP10_KNA12459.1_hidden_layer_steps10.pt	acceptor_superclass::Triterpenoids		0,0,0,0,0,0,0,0,0,0,0,0,0,0,0,0,0,0,0,0,1,0,0	0,0,0,0,0,0,0,0,0,0,0,0,0,0,0,0,0,0,0,0,0,0,0	-7.805818,-7.470647,-5.859449,-5.862890,-9.228238,-5.829273,-6.133012,-5.524017,-6.207425,-3.677350,-6.634618,-4.418790,-7.132856,-5.192898,-7.757981,-5.494224,-3.224167,-4.368251,-7.823737,-8.126069,-6.322232,-2.427778,-3.239728
Some_HCT_EFJ20018.1	Some_HCT_EFJ20018.1	/content/drive/MyDrive/CS_5782_Final_Project/code_and_data/BAHD_lastLayer_embeddings/Some_HCT_EFJ20018.1_hidden_layer_steps10.pt	acceptor_superclass::Phenolic acids (C6-C1)	acceptor_superclass::Flavonoids;acceptor_superclass::Phenolic acids (C6-C1);acceptor_superclass::Small peptides	0,0,0,0,0,0,0,0,0,0,0,0,0,1,0,0,0,0,0,0,0,0,0	0,0,0,0,0,1,0,0,0,0,0,0,0,1,0,0,0,0,1,0,0,0,0	-4.362563,-5.264943,-6.657115,-3.850293,-6.254493,4.051904,-3.327903,-4.834281,-3.801225,-4.545526,-6.835058,-5.728149,-4.665460,4.916938,-6.424966,-0.957242,-4.999937,-4.001579,7.196302,-4.618431,-5.008883,-5.690869,-1.828077
Spen_AAT12560_BCJ78487.1	Spen_AAT12560_BCJ78487.1	/content/drive/MyDrive/CS_5782_Final_Project/code_and_data/BAHD_lastLayer_embeddings/Spen_AAT12560_BCJ78487.1_hidden_layer_steps10.pt	acceptor_superclass::Fatty acyls	acceptor_superclass::Fatty acyls;acceptor_superclass::Phenylethanoids (C6-C2)	0,0,0,0,1,0,0,0,0,0,0,0,0,0,0,0,0,0,0,0,0,0,0	0,0,0,0,1,0,0,0,0,0,0,0,0,0,1,0,0,0,0,0,0,0,0	-5.306390,-5.397411,-5.223786,-5.234925,5.796771,-5.224911,-6.706460,-6.369984,-5.980177,-4.377223,-6.999633,-6.582656,-5.239190,-7.795233,3.535826,-4.915757,-5.568337,-6.994271,-6.238507,-6.326311,-4.973182,-5.839986,-5.945831
Spen_AAT1_AIW04708.1	Spen_AAT1_AIW04708.1	/content/drive/MyDrive/CS_5782_Final_Project/code_and_data/BAHD_lastLayer_embeddings/Spen_AAT1_AIW04708.1_hidden_layer_steps10.pt	acceptor_superclass::Fatty acyls;acceptor_superclass::Phenylethanoids (C6-C2)	acceptor_superclass::Fatty acyls	0,0,0,0,1,0,0,0,0,0,0,0,0,0,1,0,0,0,0,0,0,0,0	0,0,0,0,1,0,0,0,0,0,0,0,0,0,0,0,0,0,0,0,0,0,0	-6.682810,-5.192329,-6.856067,-4.563939,6.874362,-5.671686,-5.950212,-6.100215,-5.631705,-5.725326,-6.246140,-5.409925,-6.673781,-6.001035,-5.647249,-5.916975,-5.091505,-6.022862,-5.618623,-6.541314,-6.551532,-7.050280,-6.223833
Spen_ASAT2_ALU64005.1	Spen_ASAT2_ALU64005.1	/content/drive/MyDrive/CS_5782_Final_Project/code_and_data/BAHD_lastLayer_embeddings/Spen_ASAT2_ALU64005.1_hidden_layer_steps10.pt			0,0,0,0,0,0,0,0,0,0,0,0,0,0,0,0,0,0,0,0,0,0,0	0,0,0,0,0,0,0,0,0,0,0,0,0,0,0,0,0,0,0,0,0,0,0	-8.062116,-7.655233,-6.476497,-8.201508,-4.019501,-7.529334,-9.042450,-7.119030,-7.820209,-4.253109,-6.178207,-7.118304,-6.513826,-6.689461,-5.977337,-5.413602,-8.401368,-6.094322,-8.495382,-7.386452,-4.681300,-8.682448,-7.238480
Spen_ASAT3_AJF98583.1	Spen_ASAT3_AJF98583.1	/content/drive/MyDrive/CS_5782_Final_Project/code_and_data/BAHD_lastLayer_embeddings/Spen_ASAT3_AJF98583.1_hidden_layer_steps10.pt			0,0,0,0,0,0,0,0,0,0,0,0,0,0,0,0,0,0,0,0,0,0,0	0,0,0,0,0,0,0,0,0,0,0,0,0,0,0,0,0,0,0,0,0,0,0	-6.371080,-7.474492,-4.738693,-4.721724,-6.457404,-5.419661,-7.720191,-6.563678,-7.975594,-7.520182,-4.497521,-4.618380,-6.851462,-4.834337,-9.437563,-6.943384,-6.969906,-5.861475,-7.437707,-6.702243,-8.154572,-5.250065,-8.790130
Spim_AAT11589_BCJ78481.1	Spim_AAT11589_BCJ78481.1	/content/drive/MyDrive/CS_5782_Final_Project/code_and_data/BAHD_lastLayer_embeddings/Spim_AAT11589_BCJ78481.1_hidden_layer_steps10.pt	acceptor_superclass::Fatty acyls	acceptor_superclass::Fatty acyls	0,0,0,0,1,0,0,0,0,0,0,0,0,0,0,0,0,0,0,0,0,0,0	0,0,0,0,1,0,0,0,0,0,0,0,0,0,0,0,0,0,0,0,0,0,0	-5.729220,-6.015280,-6.793489,-5.933672,6.674805,-4.942292,-6.863669,-5.357857,-6.089022,-5.931900,-6.330176,-5.896227,-5.698728,-6.040152,-5.842714,-6.232276,-6.714245,-7.549478,-5.864606,-6.044294,-6.210998,-5.851377,-6.272829
Spot_AT_UQZ09635.1	Spot_AT_UQZ09635.1	/content/drive/MyDrive/CS_5782_Final_Project/code_and_data/BAHD_lastLayer_embeddings/Spot_AT_UQZ09635.1_hidden_layer_steps10.pt	acceptor_superclass::Tryptophan alkaloids		0,0,0,0,0,0,0,0,0,0,0,0,0,0,0,0,0,0,0,0,0,1,0	0,0,0,0,0,0,0,0,0,0,0,0,0,0,0,0,0,0,0,0,0,0,0	-6.350382,-5.693445,-4.989145,-4.176362,-8.779085,-4.367451,-5.581226,-5.499588,-7.420793,-8.604836,-5.252228,-0.085713,-7.330790,-3.467318,-7.092368,-8.561399,-4.309183,-6.312701,-3.746116,-7.283466,-4.001476,-4.738277,-4.695457
Squi_ASAT1H_UTN00742.1	Squi_ASAT1H_UTN00742.1	/content/drive/MyDrive/CS_5782_Final_Project/code_and_data/BAHD_lastLayer_embeddings/Squi_ASAT1H_UTN00742.1_hidden_layer_steps10.pt			0,0,0,0,0,0,0,0,0,0,0,0,0,0,0,0,0,0,0,0,0,0,0	0,0,0,0,0,0,0,0,0,0,0,0,0,0,0,0,0,0,0,0,0,0,0	-7.356475,-7.532417,-9.228381,-8.201698,-6.246797,-7.226943,-7.488447,-6.860274,-7.983344,-5.162524,-7.928328,-3.383613,-7.479898,-5.252949,-6.322574,-3.292764,-3.321930,-4.112038,-4.556140,-7.145233,-7.712911,-7.105790,-6.463101
Squi_ASAT3H_UTN00743.1	Squi_ASAT3H_UTN00743.1	/content/drive/MyDrive/CS_5782_Final_Project/code_and_data/BAHD_lastLayer_embeddings/Squi_ASAT3H_UTN00743.1_hidden_layer_steps10.pt			0,0,0,0,0,0,0,0,0,0,0,0,0,0,0,0,0,0,0,0,0,0,0	0,0,0,0,0,0,0,0,0,0,0,0,0,0,0,0,0,0,0,0,0,0,0	-6.820717,-7.373205,-7.181672,-7.114581,-7.105786,-5.091306,-7.347238,-7.548071,-7.910283,-7.511763,-3.959855,-6.525815,-6.003313,-8.629167,-7.424190,-6.693948,-7.137452,-8.312277,-8.343135,-6.776505,-5.375144,-5.334630,-7.577351
Squi_ASAT4H_QNR60312.1	Squi_ASAT4H_QNR60312.1	/content/drive/MyDrive/CS_5782_Final_Project/code_and_data/BAHD_lastLayer_embeddings/Squi_ASAT4H_QNR60312.1_hidden_layer_steps10.pt			0,0,0,0,0,0,0,0,0,0,0,0,0,0,0,0,0,0,0,0,0,0,0	0,0,0,0,0,0,0,0,0,0,0,0,0,0,0,0,0,0,0,0,0,0,0	-6.799277,-7.776264,-6.210912,-5.943511,-3.888723,-6.465372,-8.492596,-7.208338,-7.854431,-7.524738,-5.544783,-7.157935,-7.323853,-4.887963,-7.869948,-5.844579,-8.488075,-6.957814,-6.333934,-7.201089,-5.714839,-5.101065,-7.127551
Squi_TAIAT_QNR60311.1	Squi_TAIAT_QNR60311.1	/content/drive/MyDrive/CS_5782_Final_Project/code_and_data/BAHD_lastLayer_embeddings/Squi_TAIAT_QNR60311.1_hidden_layer_steps10.pt			0,0,0,0,0,0,0,0,0,0,0,0,0,0,0,0,0,0,0,0,0,0,0	0,0,0,0,0,0,0,0,0,0,0,0,0,0,0,0,0,0,0,0,0,0,0	-7.979461,-7.774286,-6.813810,-7.381751,-6.492385,-3.860542,-7.875391,-7.367468,-8.211512,-6.998046,-7.133013,-5.435045,-6.901341,-8.021945,-8.829138,-7.653292,-7.448639,-5.084329,-7.455871,-7.694233,-7.334562,-6.077416,-9.261406
Sric_SHT_AMB21755.1	Sric_SHT_AMB21755.1	/content/drive/MyDrive/CS_5782_Final_Project/code_and_data/BAHD_lastLayer_embeddings/Sric_SHT_AMB21755.1_hidden_layer_steps10.pt	acceptor_superclass::Ornithine alkaloids	acceptor_superclass::Ornithine alkaloids	0,0,0,0,0,0,0,0,0,0,0,1,0,0,0,0,0,0,0,0,0,0,0	0,0,0,0,0,0,0,0,0,0,0,1,0,0,0,0,0,0,0,0,0,0,0	-6.012822,-6.561336,-5.446720,-7.459723,-8.405254,-6.223197,-7.656389,-6.394682,-7.403216,-8.560822,-7.286243,3.609793,-5.659296,-4.446236,-6.528801,-7.442468,-3.598861,-5.874572,-7.621403,-6.145020,-6.632449,-7.293736,-5.806174
Ssin_ASAT1_ART34011.1	Ssin_ASAT1_ART34011.1	/content/drive/MyDrive/CS_5782_Final_Project/code_and_data/BAHD_lastLayer_embeddings/Ssin_ASAT1_ART34011.1_hidden_layer_steps10.pt	acceptor_superclass::Saccharides		0,0,0,0,0,0,0,0,0,0,0,0,0,0,0,0,0,1,0,0,0,0,0	0,0,0,0,0,0,0,0,0,0,0,0,0,0,0,0,0,0,0,0,0,0,0	-6.627071,-6.913485,-3.633435,-9.274494,-7.620213,-6.240086,-7.624810,-6.867597,-7.367797,-5.359215,-2.377380,-7.813328,-7.563960,-3.929981,-8.174564,-6.791934,-7.447776,-7.743022,-8.522985,-7.193429,-6.942963,-4.675626,-8.436544
Ssin_ASAT2_ART34012.1	Ssin_ASAT2_ART34012.1	/content/drive/MyDrive/CS_5782_Final_Project/code_and_data/BAHD_lastLayer_embeddings/Ssin_ASAT2_ART34012.1_hidden_layer_steps10.pt			0,0,0,0,0,0,0,0,0,0,0,0,0,0,0,0,0,0,0,0,0,0,0	0,0,0,0,0,0,0,0,0,0,0,0,0,0,0,0,0,0,0,0,0,0,0	-5.483517,-7.216038,-4.862602,-6.590012,-9.665103,-7.269008,-6.268930,-4.826466,-6.392689,-8.360274,-5.911578,-5.117197,-6.487807,-4.461649,-8.842497,-5.969769,-5.348089,-3.908335,-4.361097,-5.347799,-4.978030,-0.016920,-3.836486
Ssin_ASAT3_ART34013.1	Ssin_ASAT3_ART34013.1	/content/drive/MyDrive/CS_5782_Final_Project/code_and_data/BAHD_lastLayer_embeddings/Ssin_ASAT3_ART34013.1_hidden_layer_steps10.pt			0,0,0,0,0,0,0,0,0,0,0,0,0,0,0,0,0,0,0,0,0,0,0	0,0,0,0,0,0,0,0,0,0,0,0,0,0,0,0,0,0,0,0,0,0,0	-8.289455,-8.179154,-4.292363,-7.231678,-6.256362,-5.894581,-7.174573,-6.884233,-6.921826,-8.882768,-7.092665,-6.595657,-6.390042,-5.684633,-8.201224,-7.486525,-6.905692,-4.093132,-5.130853,-8.124231,-7.746306,-7.179080,-7.836334
Ssin_ASAT5_ART34014.1	Ssin_ASAT5_ART34014.1	/content/drive/MyDrive/CS_5782_Final_Project/code_and_data/BAHD_lastLayer_embeddings/Ssin_ASAT5_ART34014.1_hidden_layer_steps10.pt			0,0,0,0,0,0,0,0,0,0,0,0,0,0,0,0,0,0,0,0,0,0,0	0,0,0,0,0,0,0,0,0,0,0,0,0,0,0,0,0,0,0,0,0,0,0	-5.505250,-7.015495,-4.377134,-6.121103,-6.091922,-4.292440,-5.838444,-6.109072,-6.377668,-5.042286,-5.937621,-5.957199,-6.395233,-4.928632,-6.423995,-2.756114,-8.385044,-6.404632,-6.184222,-7.443802,-4.185264,-3.865092,-5.302170
Sspl_5MAT1_AAL50566.1	Sspl_5MAT1_AAL50566.1	/content/drive/MyDrive/CS_5782_Final_Project/code_and_data/BAHD_lastLayer_embeddings/Sspl_5MAT1_AAL50566.1_hidden_layer_steps10.pt	acceptor_superclass::Flavonoids	acceptor_superclass::Flavonoids	0,0,0,0,0,1,0,0,0,0,0,0,0,0,0,0,0,0,0,0,0,0,0	0,0,0,0,0,1,0,0,0,0,0,0,0,0,0,0,0,0,0,0,0,0,0	-3.109813,-3.191712,-4.339644,-6.365254,-3.235533,7.401507,-2.468101,-4.055428,-3.664325,-5.207705,-3.853232,-5.622082,-3.329762,-2.757961,-4.927733,-3.377740,-4.161068,-5.152706,-3.650985,-2.720907,-5.180197,-5.454374,-4.450373
Sspl_5MAT2_AAR26385.1	Sspl_5MAT2_AAR26385.1	/content/drive/MyDrive/CS_5782_Final_Project/code_and_data/BAHD_lastLayer_embeddings/Sspl_5MAT2_AAR26385.1_hidden_layer_steps10.pt	acceptor_superclass::Flavonoids		0,0,0,0,0,1,0,0,0,0,0,0,0,0,0,0,0,0,0,0,0,0,0	0,0,0,0,0,0,0,0,0,0,0,0,0,0,0,0,0,0,0,0,0,0,0	-5.786681,-4.827283,-5.779890,-7.015014,-4.976517,-4.169509,-6.455636,-6.455121,-7.054135,-4.279745,-4.837588,-4.464254,-4.678016,-7.743181,-3.688181,-3.747709,-5.161289,-8.156415,-7.709451,-4.631723,-3.873412,-2.022307,-5.356949
Stub_COSY_M0ZYT4	Stub_COSY_M0ZYT4	/content/drive/MyDrive/CS_5782_Final_Project/code_and_data/BAHD_lastLayer_embeddings/Stub_COSY_M0ZYT4_hidden_layer_steps10.pt		acceptor_superclass::Ornithine alkaloids;acceptor_superclass::Pseudoalkaloids	0,0,0,0,0,0,0,0,0,0,0,0,0,0,0,0,0,0,0,0,0,0,0	0,0,0,0,0,0,0,0,0,0,0,1,0,0,0,0,1,0,0,0,0,0,0	-6.930087,-6.988924,-5.471499,-6.741074,-8.467707,-5.281155,-7.570385,-5.986791,-5.585249,-3.616357,-6.105868,0.592060,-6.342528,-2.673397,-7.599185,-7.339249,0.036828,-5.994126,-5.505769,-8.106742,-4.256788,-6.107443,-4.620538
Stub_FHT_NP_001275190.1	Stub_FHT_NP_001275190.1	/content/drive/MyDrive/CS_5782_Final_Project/code_and_data/BAHD_lastLayer_embeddings/Stub_FHT_NP_001275190.1_hidden_layer_steps10.pt	acceptor_superclass::Fatty Acids and Conjugates;acceptor_superclass::Fatty acyls	acceptor_superclass::Fatty Acids and Conjugates;acceptor_superclass::Fatty acyls	0,0,0,1,1,0,0,0,0,0,0,0,0,0,0,0,0,0,0,0,0,0,0	0,0,0,1,1,0,0,0,0,0,0,0,0,0,0,0,0,0,0,0,0,0,0	-5.714276,-5.987357,-5.329466,1.849085,3.359305,-5.791975,-6.167024,-5.022713,-6.438326,-4.136643,-5.037975,-6.635971,-5.294659,-2.313933,-5.024534,-5.054614,-6.088876,-5.088102,-6.772813,-5.966987,-5.708977,-7.256989,-7.381591
Taes_ACT1-1_BCN87078.1	Taes_ACT1-1_BCN87078.1	/content/drive/MyDrive/CS_5782_Final_Project/code_and_data/BAHD_lastLayer_embeddings/Taes_ACT1-1_BCN87078.1_hidden_layer_steps10.pt	acceptor_superclass::Ornithine alkaloids;acceptor_superclass::Pseudoalkaloids	acceptor_superclass::Ornithine alkaloids;acceptor_superclass::Pseudoalkaloids	0,0,0,0,0,0,0,0,0,0,0,1,0,0,0,0,1,0,0,0,0,0,0	0,0,0,0,0,0,0,0,0,0,0,1,0,0,0,0,1,0,0,0,0,0,0	-5.334842,-6.139610,-6.959223,-5.581275,-5.653914,-4.006822,-5.368766,-4.723648,-5.901120,-4.725790,-5.905913,8.320164,-5.287974,-7.225706,-4.749107,-8.153512,3.820015,-4.945934,-5.304533,-5.977350,-5.955444,-4.571007,-4.840909
Taes_ACT1-2_BCN87079.1	Taes_ACT1-2_BCN87079.1	/content/drive/MyDrive/CS_5782_Final_Project/code_and_data/BAHD_lastLayer_embeddings/Taes_ACT1-2_BCN87079.1_hidden_layer_steps10.pt	acceptor_superclass::Ornithine alkaloids;acceptor_superclass::Pseudoalkaloids	acceptor_superclass::Ornithine alkaloids;acceptor_superclass::Pseudoalkaloids	0,0,0,0,0,0,0,0,0,0,0,1,0,0,0,0,1,0,0,0,0,0,0	0,0,0,0,0,0,0,0,0,0,0,1,0,0,0,0,1,0,0,0,0,0,0	-5.158195,-5.663464,-6.147657,-6.190023,-6.640491,-5.319244,-4.445937,-4.681595,-5.327270,-4.823802,-5.822877,8.472585,-5.268952,-6.579758,-6.291223,-4.937738,4.726612,-5.701979,-6.215066,-5.322210,-5.459352,-4.754747,-5.486882
Taes_ACT2_AMY96376.1	Taes_ACT2_AMY96376.1	/content/drive/MyDrive/CS_5782_Final_Project/code_and_data/BAHD_lastLayer_embeddings/Taes_ACT2_AMY96376.1_hidden_layer_steps10.pt	acceptor_superclass::Ornithine alkaloids	acceptor_superclass::Ornithine alkaloids;acceptor_superclass::Pseudoalkaloids	0,0,0,0,0,0,0,0,0,0,0,1,0,0,0,0,0,0,0,0,0,0,0	0,0,0,0,0,0,0,0,0,0,0,1,0,0,0,0,1,0,0,0,0,0,0	-5.888413,-5.679113,-6.277879,-6.062413,-5.906281,-5.101935,-6.360223,-4.466112,-5.064163,-6.632497,-7.427452,6.095992,-5.578780,-3.709581,-6.374161,-5.178927,5.015116,-4.637511,-6.511773,-6.075950,-6.066294,-6.521685,-7.120703
Tant_HQT1_QCI44191.1	Tant_HQT1_QCI44191.1	/content/drive/MyDrive/CS_5782_Final_Project/code_and_data/BAHD_lastLayer_embeddings/Tant_HQT1_QCI44191.1_hidden_layer_steps10.pt	acceptor_superclass::Phenolic acids (C6-C1)	acceptor_superclass::Phenolic acids (C6-C1)	0,0,0,0,0,0,0,0,0,0,0,0,0,1,0,0,0,0,0,0,0,0,0	0,0,0,0,0,0,0,0,0,0,0,0,0,1,0,0,0,0,0,0,0,0,0	-7.925686,-6.916889,-7.125443,-7.733461,-5.475750,-6.567414,-8.001000,-6.720710,-7.477768,-7.026818,-7.488334,-7.099358,-7.694701,6.191174,-8.094624,-3.713150,-6.392206,-7.259759,-4.867999,-7.907857,-7.708819,-7.775930,-5.938222
Tant_HQT2_QBQ52948.1	Tant_HQT2_QBQ52948.1	/content/drive/MyDrive/CS_5782_Final_Project/code_and_data/BAHD_lastLayer_embeddings/Tant_HQT2_QBQ52948.1_hidden_layer_steps10.pt	acceptor_superclass::Phenolic acids (C6-C1)	acceptor_superclass::Phenolic acids (C6-C1)	0,0,0,0,0,0,0,0,0,0,0,0,0,1,0,0,0,0,0,0,0,0,0	0,0,0,0,0,0,0,0,0,0,0,0,0,1,0,0,0,0,0,0,0,0,0	-6.763323,-7.158247,-7.072055,-5.498734,-7.245581,-5.945308,-5.553144,-4.496455,-6.735970,-6.442041,-7.237367,-7.103164,-5.875068,8.040985,-6.613527,-5.337401,-6.282723,-6.362525,-4.873097,-6.081177,-5.944849,-6.136482,-7.995502
Tcan_TAX10_AAM75818.1	Tcan_TAX10_AAM75818.1	/content/drive/MyDrive/CS_5782_Final_Project/code_and_data/BAHD_lastLayer_embeddings/Tcan_TAX10_AAM75818.1_hidden_layer_steps10.pt	acceptor_superclass::Diterpenoids	acceptor_superclass::Diterpenoids	0,0,1,0,0,0,0,0,0,0,0,0,0,0,0,0,0,0,0,0,0,0,0	0,0,1,0,0,0,0,0,0,0,0,0,0,0,0,0,0,0,0,0,0,0,0	-5.953325,-6.099595,4.159168,-7.350337,-5.541421,-3.880471,-5.624065,-6.050590,-6.241492,-4.981496,-6.274163,-7.232591,-5.973626,-5.288939,-6.790010,-6.951013,-7.957985,-5.981491,-7.013331,-5.514022,-5.731057,-6.421883,-7.013144
Tcus_BAPT_AAL92459.1	Tcus_BAPT_AAL92459.1	/content/drive/MyDrive/CS_5782_Final_Project/code_and_data/BAHD_lastLayer_embeddings/Tcus_BAPT_AAL92459.1_hidden_layer_steps10.pt	acceptor_superclass::Diterpenoids		0,0,1,0,0,0,0,0,0,0,0,0,0,0,0,0,0,0,0,0,0,0,0	0,0,0,0,0,0,0,0,0,0,0,0,0,0,0,0,0,0,0,0,0,0,0	-7.432502,-6.869457,-2.411342,-6.710641,-1.367688,-7.977636,-8.494498,-7.329516,-7.239799,-4.223683,-7.110750,-6.475715,-7.371892,-4.771555,-6.358852,-2.484953,-6.289931,-6.229615,-8.028327,-8.650745,-8.659245,-8.315663,-6.566350
Tcus_DBAT_AAF27621.1	Tcus_DBAT_AAF27621.1	/content/drive/MyDrive/CS_5782_Final_Project/code_and_data/BAHD_lastLayer_embeddings/Tcus_DBAT_AAF27621.1_hidden_layer_steps10.pt	acceptor_superclass::Diterpenoids	acceptor_superclass::Diterpenoids	0,0,1,0,0,0,0,0,0,0,0,0,0,0,0,0,0,0,0,0,0,0,0	0,0,1,0,0,0,0,0,0,0,0,0,0,0,0,0,0,0,0,0,0,0,0	-5.625464,-5.422122,6.151714,-5.205572,-5.633856,-4.176278,-6.440307,-5.385850,-5.664127,-5.859503,-5.677449,-4.914770,-5.372038,-7.054827,-5.887408,-6.251129,-4.985101,-5.381602,-5.931809,-5.323650,-6.191387,-5.539202,-6.100810
Tcus_TBT_AAG38049.1	Tcus_DBBT_AAG38049.1	/content/drive/MyDrive/CS_5782_Final_Project/code_and_data/BAHD_lastLayer_embeddings/Tcus_TBT_AAG38049.1_hidden_layer_steps10.pt	acceptor_superclass::Diterpenoids	acceptor_superclass::Diterpenoids	0,0,1,0,0,0,0,0,0,0,0,0,0,0,0,0,0,0,0,0,0,0,0	0,0,1,0,0,0,0,0,0,0,0,0,0,0,0,0,0,0,0,0,0,0,0	-5.114403,-5.411593,6.786779,-5.282034,-6.316645,-5.439695,-5.157411,-4.110199,-4.181465,-5.908814,-5.305705,-3.954055,-5.438436,-6.170414,-6.122591,-5.891561,-6.225267,-4.661591,-5.900883,-5.411850,-5.075995,-4.494595,-6.804414
Tcus_DBNTBT_AAM75818.1	Tcus_DBNTBT_AAM75818.1	/content/drive/MyDrive/CS_5782_Final_Project/code_and_data/BAHD_lastLayer_embeddings/Tcus_DBNTBT_AAM75818.1_hidden_layer_steps10.pt	acceptor_superclass::Diterpenoids	acceptor_superclass::Diterpenoids	0,0,1,0,0,0,0,0,0,0,0,0,0,0,0,0,0,0,0,0,0,0,0	0,0,1,0,0,0,0,0,0,0,0,0,0,0,0,0,0,0,0,0,0,0,0	-5.953325,-6.099595,4.159168,-7.350337,-5.541421,-3.880471,-5.624065,-6.050590,-6.241492,-4.981496,-6.274163,-7.232591,-5.973626,-5.288939,-6.790010,-6.951013,-7.957985,-5.981491,-7.013331,-5.514022,-5.731057,-6.421883,-7.013144
Tcus_TAT_AAF34254.1	Tcus_TAT_AAF34254.1	/content/drive/MyDrive/CS_5782_Final_Project/code_and_data/BAHD_lastLayer_embeddings/Tcus_TAT_AAF34254.1_hidden_layer_steps10.pt	acceptor_superclass::Diterpenoids		0,0,1,0,0,0,0,0,0,0,0,0,0,0,0,0,0,0,0,0,0,0,0	0,0,0,0,0,0,0,0,0,0,0,0,0,0,0,0,0,0,0,0,0,0,0	-6.630549,-5.837014,-2.192544,-7.421721,-7.219530,-4.266956,-6.230287,-7.039351,-7.715207,-9.066683,-4.131622,-5.150177,-6.419785,-5.836926,-5.574690,-4.735401,-7.363667,-6.012992,-7.288795,-6.615558,-6.139094,-5.486442,-6.777310
Tcus_TAX19_AAU89980.1	Tcus_TAX19_AAU89980.1	/content/drive/MyDrive/CS_5782_Final_Project/code_and_data/BAHD_lastLayer_embeddings/Tcus_TAX19_AAU89980.1_hidden_layer_steps10.pt		acceptor_superclass::Diterpenoids	0,0,0,0,0,0,0,0,0,0,0,0,0,0,0,0,0,0,0,0,0,0,0	0,0,1,0,0,0,0,0,0,0,0,0,0,0,0,0,0,0,0,0,0,0,0	-6.437399,-6.786182,3.195686,-5.428324,-6.163316,-5.897293,-7.901335,-6.302659,-6.856713,-4.957254,-7.641877,-7.010292,-7.396695,-6.253050,-5.602181,-6.832496,-7.114921,-6.212935,-5.898283,-6.289459,-3.872392,-7.108884,-6.646237
Tcus_TAT_AAF34254.1	Tcus_TAX1_AAF34254.1	/content/drive/MyDrive/CS_5782_Final_Project/code_and_data/BAHD_lastLayer_embeddings/Tcus_TAT_AAF34254.1_hidden_layer_steps10.pt		acceptor_superclass::Diterpenoids	0,0,0,0,0,0,0,0,0,0,0,0,0,0,0,0,0,0,0,0,0,0,0	0,0,1,0,0,0,0,0,0,0,0,0,0,0,0,0,0,0,0,0,0,0,0	-6.990265,-5.499369,6.123744,-5.788343,-4.558425,-4.803467,-4.779076,-4.232856,-5.390605,-4.566720,-6.059371,-5.615031,-6.495849,-5.745664,-5.897336,-7.081862,-5.859739,-4.981776,-5.692636,-6.019123,-4.616457,-5.495555,-5.620899
Tcus_TBT_AAG38049.1	Tcus_TBT_AAG38049.1	/content/drive/MyDrive/CS_5782_Final_Project/code_and_data/BAHD_lastLayer_embeddings/Tcus_TBT_AAG38049.1_hidden_layer_steps10.pt	acceptor_superclass::Diterpenoids	acceptor_superclass::Diterpenoids	0,0,1,0,0,0,0,0,0,0,0,0,0,0,0,0,0,0,0,0,0,0,0	0,0,1,0,0,0,0,0,0,0,0,0,0,0,0,0,0,0,0,0,0,0,0	-5.850924,-6.084280,5.381219,-5.893820,-5.772169,-5.722855,-7.665339,-5.856123,-5.976241,-5.225379,-6.595576,-5.178032,-5.951205,-5.415021,-6.707325,-7.516688,-3.537540,-5.732115,-5.696394,-6.087618,-5.602476,-5.308190,-5.609069
Tmed_BAHD22_QDM39185.1	Tmed_BAHD22_QDM39185.1	/content/drive/MyDrive/CS_5782_Final_Project/code_and_data/BAHD_lastLayer_embeddings/Tmed_BAHD22_QDM39185.1_hidden_layer_steps10.pt	acceptor_superclass::Diterpenoids	acceptor_superclass::Diterpenoids	0,0,1,0,0,0,0,0,0,0,0,0,0,0,0,0,0,0,0,0,0,0,0	0,0,1,0,0,0,0,0,0,0,0,0,0,0,0,0,0,0,0,0,0,0,0	-4.939062,-6.584098,3.175794,-5.382696,-6.781191,-2.538264,-6.576346,-5.308078,-4.767224,-6.611487,-5.452056,-5.588353,-6.188165,-7.496399,-5.773612,-7.287014,-5.432562,-6.514973,-7.127092,-2.330439,-5.758400,-6.244243,-6.333703
Tmed_BAHD6-13_BEK82039.1	Tmed_BAHD6-13_BEK82039.1	/content/drive/MyDrive/CS_5782_Final_Project/code_and_data/BAHD_lastLayer_embeddings/Tmed_BAHD6-13_BEK82039.1_hidden_layer_steps10.pt	acceptor_superclass::Diterpenoids	acceptor_superclass::Diterpenoids	0,0,1,0,0,0,0,0,0,0,0,0,0,0,0,0,0,0,0,0,0,0,0	0,0,1,0,0,0,0,0,0,0,0,0,0,0,0,0,0,0,0,0,0,0,0	-4.774182,-6.465078,2.920271,-4.602166,-6.300091,-2.625596,-6.429558,-5.327991,-4.544107,-6.774827,-4.031104,-5.665581,-5.871582,-8.196714,-5.698305,-7.678226,-5.416234,-6.386239,-7.530565,-2.852415,-5.970330,-6.869005,-6.031135
Tmed_DBAT_QDM39186.1	Tmed_DBAT_QDM39186.1	/content/drive/MyDrive/CS_5782_Final_Project/code_and_data/BAHD_lastLayer_embeddings/Tmed_DBAT_QDM39186.1_hidden_layer_steps10.pt	acceptor_superclass::Diterpenoids	acceptor_superclass::Diterpenoids	0,0,1,0,0,0,0,0,0,0,0,0,0,0,0,0,0,0,0,0,0,0,0	0,0,1,0,0,0,0,0,0,0,0,0,0,0,0,0,0,0,0,0,0,0,0	-5.335659,-5.863721,6.622167,-6.237024,-6.331317,-5.178042,-4.802376,-5.122318,-4.961760,-5.222135,-5.782490,-4.400229,-5.412951,-4.573348,-5.508316,-5.717435,-6.464062,-5.531023,-6.257377,-5.105075,-4.590680,-5.120505,-6.167517
Tmed_TAT_QDM39184.1	Tmed_TAT_QDM39184.1	/content/drive/MyDrive/CS_5782_Final_Project/code_and_data/BAHD_lastLayer_embeddings/Tmed_TAT_QDM39184.1_hidden_layer_steps10.pt	acceptor_superclass::Diterpenoids	acceptor_superclass::Diterpenoids	0,0,1,0,0,0,0,0,0,0,0,0,0,0,0,0,0,0,0,0,0,0,0	0,0,1,0,0,0,0,0,0,0,0,0,0,0,0,0,0,0,0,0,0,0,0	-6.987360,-5.468805,4.864060,-6.196360,-3.908160,-5.398385,-5.266129,-4.774843,-5.574054,-4.408146,-5.986259,-5.172575,-6.629471,-5.805289,-6.000070,-7.246850,-6.280622,-5.074955,-5.727599,-6.087835,-5.579903,-5.432928,-6.584032
Tpra_HST_ACI16630.1	Tpra_HCT1A_ACI16630.1	/content/drive/MyDrive/CS_5782_Final_Project/code_and_data/BAHD_lastLayer_embeddings/Tpra_HST_ACI16630.1_hidden_layer_steps10.pt	acceptor_superclass::Phenolic acids (C6-C1)	acceptor_superclass::Phenolic acids (C6-C1)	0,0,0,0,0,0,0,0,0,0,0,0,0,1,0,0,0,0,0,0,0,0,0	0,0,0,0,0,0,0,0,0,0,0,0,0,1,0,0,0,0,0,0,0,0,0	-7.024007,-7.363938,-7.574379,-7.567638,-8.600425,-4.499137,-6.785101,-5.912629,-6.699790,-5.578456,-7.632652,-5.878669,-7.098499,6.865342,-7.263961,-4.276205,-6.718194,-5.692083,-5.331103,-7.128911,-5.766177,-7.097081,-5.781593
Tpra_HMT_ACI16631.1	Tpra_HCT2_ACI16631.1	/content/drive/MyDrive/CS_5782_Final_Project/code_and_data/BAHD_lastLayer_embeddings/Tpra_HMT_ACI16631.1_hidden_layer_steps10.pt	acceptor_superclass::Fatty Acids and Conjugates	acceptor_superclass::Fatty Acids and Conjugates	0,0,0,1,0,0,0,0,0,0,0,0,0,0,0,0,0,0,0,0,0,0,0	0,0,0,1,0,0,0,0,0,0,0,0,0,0,0,0,0,0,0,0,0,0,0	-4.535709,-6.663199,-4.904699,5.511343,-5.500170,-4.694140,-6.713598,-6.071244,-5.387796,-5.584648,-5.352632,-5.552001,-5.727890,-4.554746,-4.406576,-6.465294,-5.506462,-4.004073,-5.851104,-5.485408,-6.829872,-4.128854,-3.473993
Tpra_HDT1_AXB87812.1	Tpra_HDT1_AXB87812.1	/content/drive/MyDrive/CS_5782_Final_Project/code_and_data/BAHD_lastLayer_embeddings/Tpra_HDT1_AXB87812.1_hidden_layer_steps10.pt	acceptor_superclass::Small peptides;acceptor_superclass::Tyrosine alkaloids	acceptor_superclass::Ornithine alkaloids	0,0,0,0,0,0,0,0,0,0,0,0,0,0,0,0,0,0,1,0,0,0,1	0,0,0,0,0,0,0,0,0,0,0,1,0,0,0,0,0,0,0,0,0,0,0	-6.609018,-6.548406,-5.837489,-1.764594,-5.474827,-4.690609,-6.650239,-6.648460,-6.706525,-7.358892,-5.327495,0.717592,-5.941067,-5.165503,-5.189548,-7.609704,-3.551881,-6.780631,-5.450469,-7.297386,-6.609444,-6.677577,-6.946905
Tpra_HDT1_AXB87812.1	Tpra_HDT_AXB87812.1	/content/drive/MyDrive/CS_5782_Final_Project/code_and_data/BAHD_lastLayer_embeddings/Tpra_HDT1_AXB87812.1_hidden_layer_steps10.pt	acceptor_superclass::Small peptides	acceptor_superclass::Ornithine alkaloids	0,0,0,0,0,0,0,0,0,0,0,0,0,0,0,0,0,0,1,0,0,0,0	0,0,0,0,0,0,0,0,0,0,0,1,0,0,0,0,0,0,0,0,0,0,0	-6.609018,-6.548406,-5.837489,-1.764594,-5.474827,-4.690609,-6.650239,-6.648460,-6.706525,-7.358892,-5.327495,0.717592,-5.941067,-5.165503,-5.189548,-7.609704,-3.551881,-6.780631,-5.450469,-7.297386,-6.609444,-6.677577,-6.946905
Tpra_HMT_ACI16631.1	Tpra_HMT_ACI16631.1	/content/drive/MyDrive/CS_5782_Final_Project/code_and_data/BAHD_lastLayer_embeddings/Tpra_HMT_ACI16631.1_hidden_layer_steps10.pt	acceptor_superclass::Fatty Acids and Conjugates	acceptor_superclass::Fatty Acids and Conjugates	0,0,0,1,0,0,0,0,0,0,0,0,0,0,0,0,0,0,0,0,0,0,0	0,0,0,1,0,0,0,0,0,0,0,0,0,0,0,0,0,0,0,0,0,0,0	-6.203906,-6.726274,-6.242385,3.644167,-4.588987,-6.561049,-5.965174,-5.626541,-4.963754,-8.522246,-5.863289,-3.914018,-5.786513,-4.066978,-5.880339,-4.153743,-5.684283,-5.054609,-2.996979,-6.611938,-5.654999,-5.406366,-2.876535
Tpra_HST_ACI16630.1	Tpra_HST_ACI16630.1	/content/drive/MyDrive/CS_5782_Final_Project/code_and_data/BAHD_lastLayer_embeddings/Tpra_HST_ACI16630.1_hidden_layer_steps10.pt	acceptor_superclass::Phenolic acids (C6-C1)	acceptor_superclass::Phenolic acids (C6-C1)	0,0,0,0,0,0,0,0,0,0,0,0,0,1,0,0,0,0,0,0,0,0,0	0,0,0,0,0,0,0,0,0,0,0,0,0,1,0,0,0,0,0,0,0,0,0	-5.642848,-6.021339,-7.295535,-3.191421,-4.587902,-5.919224,-5.622137,-5.352470,-6.549707,-6.884086,-5.683964,-4.057098,-6.361526,4.975766,-7.151496,-5.609185,-4.643067,-6.752037,-6.044302,-5.084367,-5.636079,-5.291888,-6.192138
Twal_DBAT_AFD32413.1	Twal_DBAT_AFD32413.1	/content/drive/MyDrive/CS_5782_Final_Project/code_and_data/BAHD_lastLayer_embeddings/Twal_DBAT_AFD32413.1_hidden_layer_steps10.pt	acceptor_superclass::Diterpenoids	acceptor_superclass::Diterpenoids	0,0,1,0,0,0,0,0,0,0,0,0,0,0,0,0,0,0,0,0,0,0,0	0,0,1,0,0,0,0,0,0,0,0,0,0,0,0,0,0,0,0,0,0,0,0	-6.753017,-5.689422,4.987651,-7.757270,-5.106508,-5.254980,-5.212333,-4.942850,-5.914083,-5.184925,-5.791103,-5.260863,-6.170506,-5.427894,-5.745753,-4.582482,-5.703493,-6.220298,-7.100855,-6.075366,-3.815178,-5.782443,-6.893249
Vhyb_3MAT1_AAS77402.1	Vhyb_3MAT1_AAS77402.1	/content/drive/MyDrive/CS_5782_Final_Project/code_and_data/BAHD_lastLayer_embeddings/Vhyb_3MAT1_AAS77402.1_hidden_layer_steps10.pt	acceptor_superclass::Flavonoids;acceptor_superclass::Isoflavonoids;acceptor_superclass::Phenolic acids (C6-C1)	acceptor_superclass::Flavonoids	0,0,0,0,0,1,1,0,0,0,0,0,0,1,0,0,0,0,0,0,0,0,0	0,0,0,0,0,1,0,0,0,0,0,0,0,0,0,0,0,0,0,0,0,0,0	-2.726281,-6.014496,-7.092681,-6.463974,-6.490218,7.381369,-1.085043,-4.254118,-5.882465,-2.781030,-3.498771,-6.746861,-3.220972,-5.083380,-3.630041,-4.903113,-5.998734,-5.648453,-5.702912,-0.329225,-4.484125,-5.936081,-4.945385
Vlab_AMAT_AAW22989.1	Vlab_AMAT_AAW22989.1	/content/drive/MyDrive/CS_5782_Final_Project/code_and_data/BAHD_lastLayer_embeddings/Vlab_AMAT_AAW22989.1_hidden_layer_steps10.pt	acceptor_superclass::Fatty acyls	acceptor_superclass::Fatty acyls	0,0,0,0,1,0,0,0,0,0,0,0,0,0,0,0,0,0,0,0,0,0,0	0,0,0,0,1,0,0,0,0,0,0,0,0,0,0,0,0,0,0,0,0,0,0	-6.239592,-4.631378,-7.154232,-7.190636,4.184834,-6.879751,-7.228580,-6.467205,-4.640633,-3.771425,-8.077779,-4.374899,-5.888575,-6.971283,-0.704428,-2.278449,-6.403847,-8.289784,-7.419796,-6.417181,-5.318185,-7.973351,-8.027657
Vvin_3AT_AKF15588.1	Vvin_3AT_AKF15588.1	/content/drive/MyDrive/CS_5782_Final_Project/code_and_data/BAHD_lastLayer_embeddings/Vvin_3AT_AKF15588.1_hidden_layer_steps10.pt	acceptor_superclass::Flavonoids	acceptor_superclass::Ornithine alkaloids;acceptor_superclass::Pseudoalkaloids	0,0,0,0,0,1,0,0,0,0,0,0,0,0,0,0,0,0,0,0,0,0,0	0,0,0,0,0,0,0,0,0,0,0,1,0,0,0,0,1,0,0,0,0,0,0	-6.804911,-6.884155,-5.109059,-7.368666,-8.365714,-7.239166,-10.051282,-6.476961,-7.419868,-6.804898,-8.247403,0.452578,-3.415803,-7.288533,-4.137079,-4.634340,0.766166,-4.353667,-5.456291,-7.032957,-7.407818,-6.071730,-5.819651
Vvin_AAT2_CBI26419.3	Vvin_AAT2_CBI26419.3	/content/drive/MyDrive/CS_5782_Final_Project/code_and_data/BAHD_lastLayer_embeddings/Vvin_AAT2_CBI26419.3_hidden_layer_steps10.pt	acceptor_superclass::Fatty acyls;acceptor_superclass::Phenylethanoids (C6-C2)	acceptor_superclass::Fatty acyls;acceptor_superclass::Monoterpenoids	0,0,0,0,1,0,0,0,0,0,0,0,0,0,1,0,0,0,0,0,0,0,0	0,0,0,0,1,0,0,0,0,1,0,0,0,0,0,0,0,0,0,0,0,0,0	-4.949835,-4.905045,-6.192355,-4.425227,1.143012,-6.582200,-5.245681,-6.331619,-3.663071,0.268219,-3.634275,-6.741801,-5.282686,-5.539334,-3.238002,-3.823370,-5.919191,-4.857045,-5.693470,-6.657556,-6.228434,-5.109654,-6.295084
Vvin_SHT_QNO39112.1	Vvin_SHT_QNO39112.1	/content/drive/MyDrive/CS_5782_Final_Project/code_and_data/BAHD_lastLayer_embeddings/Vvin_SHT_QNO39112.1_hidden_layer_steps10.pt	acceptor_superclass::Ornithine alkaloids	acceptor_superclass::Ornithine alkaloids	0,0,0,0,0,0,0,0,0,0,0,1,0,0,0,0,0,0,0,0,0,0,0	0,0,0,0,0,0,0,0,0,0,0,1,0,0,0,0,0,0,0,0,0,0,0	-6.148314,-6.248446,-7.363578,-6.460209,-9.057325,-2.341593,-5.258343,-4.001540,-5.305467,-7.184192,-8.697050,3.918365,-4.974094,-4.651879,-3.554282,-1.843163,-3.001179,-4.689268,-4.633024,-5.902366,-5.984796,-6.117168,-4.242939
Wlon_BAT1_NA	Wlon_BAT1_NA	/content/drive/MyDrive/CS_5782_Final_Project/code_and_data/BAHD_lastLayer_embeddings/Wlon_BAT1_NA_hidden_layer_steps10.pt	acceptor_superclass::Monoterpenoids		0,0,0,0,0,0,0,0,0,1,0,0,0,0,0,0,0,0,0,0,0,0,0	0,0,0,0,0,0,0,0,0,0,0,0,0,0,0,0,0,0,0,0,0,0,0	-6.109992,-6.702168,-4.121439,-8.607162,-10.514400,-2.747733,-7.251906,-6.379556,-7.864457,-1.101513,-6.124053,-6.480007,-6.324562,-2.735784,-7.160379,-3.385417,-7.373838,-6.412439,-7.939557,-5.898085,-4.372538,-4.976188,-5.957874
Wlon_BAT2_NA	Wlon_BAT2_NA	/content/drive/MyDrive/CS_5782_Final_Project/code_and_data/BAHD_lastLayer_embeddings/Wlon_BAT2_NA_hidden_layer_steps10.pt	acceptor_superclass::Monoterpenoids	acceptor_superclass::Monoterpenoids	0,0,0,0,0,0,0,0,0,1,0,0,0,0,0,0,0,0,0,0,0,0,0	0,0,0,0,0,0,0,0,0,1,0,0,0,0,0,0,0,0,0,0,0,0,0	-5.666327,-6.492465,-5.821981,-5.257415,-6.559002,-1.056108,-8.526367,-5.549006,-6.763969,1.626726,-4.488851,-2.924675,-4.839696,-9.206506,-5.679204,-5.803984,-3.277393,-6.217574,-4.636358,-5.227868,-7.537724,-5.438980,-5.566333
Wlon_BAT3_NA	Wlon_BAT3_NA	/content/drive/MyDrive/CS_5782_Final_Project/code_and_data/BAHD_lastLayer_embeddings/Wlon_BAT3_NA_hidden_layer_steps10.pt	acceptor_superclass::Monoterpenoids	acceptor_superclass::Monoterpenoids	0,0,0,0,0,0,0,0,0,1,0,0,0,0,0,0,0,0,0,0,0,0,0	0,0,0,0,0,0,0,0,0,1,0,0,0,0,0,0,0,0,0,0,0,0,0	-5.932134,-5.128334,-4.911015,-6.924161,-5.143658,-1.788686,-5.032653,-5.971097,-8.059406,3.153121,-5.239941,-4.475349,-5.864684,-4.026487,-4.839456,-6.472132,-6.549272,-5.593632,-7.788682,-4.878889,-6.118402,-7.716839,-7.509102
Wvil_BAT1_WvBAHD8	Wvil_BAT1_WvBAHD8	/content/drive/MyDrive/CS_5782_Final_Project/code_and_data/BAHD_lastLayer_embeddings/Wvil_BAT1_WvBAHD8_hidden_layer_steps10.pt	acceptor_superclass::Monoterpenoids	acceptor_superclass::Fatty acyls	0,0,0,0,0,0,0,0,0,1,0,0,0,0,0,0,0,0,0,0,0,0,0	0,0,0,0,1,0,0,0,0,0,0,0,0,0,0,0,0,0,0,0,0,0,0	-6.058291,-4.316087,-7.877086,-4.252127,6.916846,-5.638360,-5.676694,-5.646937,-3.876360,-1.298268,-5.749616,-6.260252,-6.152724,-6.143172,-1.316636,-0.772463,-6.127054,-5.789791,-5.760709,-6.599772,-5.929203,-6.820008,-4.930766
Wvil_BAT2_WvBAHD14	Wvil_BAT2_WvBAHD14	/content/drive/MyDrive/CS_5782_Final_Project/code_and_data/BAHD_lastLayer_embeddings/Wvil_BAT2_WvBAHD14_hidden_layer_steps10.pt	acceptor_superclass::Monoterpenoids		0,0,0,0,0,0,0,0,0,1,0,0,0,0,0,0,0,0,0,0,0,0,0	0,0,0,0,0,0,0,0,0,0,0,0,0,0,0,0,0,0,0,0,0,0,0	-7.741111,-6.432671,-6.459347,-9.025222,-6.761180,-1.927777,-6.646568,-5.855026,-7.935504,-4.064054,-7.419047,-5.468396,-6.960952,-6.979384,-4.568660,-0.549456,-7.220813,-8.732710,-9.501999,-7.236524,-4.130961,-7.310316,-7.422040
Wvil_BAT3_WvBAHD39	Wvil_BAT3_WvBAHD39	/content/drive/MyDrive/CS_5782_Final_Project/code_and_data/BAHD_lastLayer_embeddings/Wvil_BAT3_WvBAHD39_hidden_layer_steps10.pt	acceptor_superclass::Monoterpenoids	acceptor_superclass::Monoterpenoids	0,0,0,0,0,0,0,0,0,1,0,0,0,0,0,0,0,0,0,0,0,0,0	0,0,0,0,0,0,0,0,0,1,0,0,0,0,0,0,0,0,0,0,0,0,0	-6.205336,-5.562130,-4.955080,-9.054929,-4.721743,-6.939028,-8.293323,-5.204747,-5.650650,3.708079,-5.897138,-5.181376,-7.082993,-9.240759,-4.709741,-4.414659,-5.689668,-5.577571,-6.943568,-6.719609,-6.706728,-5.479792,-6.751165
Wvil_BAT4_WvBAHD40	Wvil_BAT4_WvBAHD40	/content/drive/MyDrive/CS_5782_Final_Project/code_and_data/BAHD_lastLayer_embeddings/Wvil_BAT4_WvBAHD40_hidden_layer_steps10.pt	acceptor_superclass::Monoterpenoids	acceptor_superclass::Monoterpenoids	0,0,0,0,0,0,0,0,0,1,0,0,0,0,0,0,0,0,0,0,0,0,0	0,0,0,0,0,0,0,0,0,1,0,0,0,0,0,0,0,0,0,0,0,0,0	-6.862626,-6.924850,-6.756614,-8.681384,-3.026377,-5.211992,-8.021325,-6.562347,-7.574512,1.450591,-8.088969,-7.626835,-6.986825,-1.878818,-7.605239,-4.966347,-7.478456,-6.738949,-6.316893,-7.166490,-6.624061,-7.583718,-6.583100
Wvil_BAT5_WvBAHD50	Wvil_BAT5_WvBAHD50	/content/drive/MyDrive/CS_5782_Final_Project/code_and_data/BAHD_lastLayer_embeddings/Wvil_BAT5_WvBAHD50_hidden_layer_steps10.pt	acceptor_superclass::Monoterpenoids	acceptor_superclass::Phenylpropanoids (C6-C3)	0,0,0,0,0,0,0,0,0,1,0,0,0,0,0,0,0,0,0,0,0,0,0	0,0,0,0,0,0,0,0,0,0,0,0,0,0,0,1,0,0,0,0,0,0,0	-6.998271,-8.159754,-5.414450,-5.854986,-7.024301,-2.599094,-6.477775,-7.174841,-6.330791,-3.864984,-7.410460,-9.089622,-7.344926,-3.130636,-6.125999,0.094939,-6.895752,-7.953995,-7.535938,-6.860907,-8.231891,-8.305750,-8.885080
Wvil_BAT6_WvBAHD28	Wvil_BAT6_WvBAHD28	/content/drive/MyDrive/CS_5782_Final_Project/code_and_data/BAHD_lastLayer_embeddings/Wvil_BAT6_WvBAHD28_hidden_layer_steps10.pt	acceptor_superclass::Monoterpenoids	acceptor_superclass::Phenolic acids (C6-C1)	0,0,0,0,0,0,0,0,0,1,0,0,0,0,0,0,0,0,0,0,0,0,0	0,0,0,0,0,0,0,0,0,0,0,0,0,1,0,0,0,0,0,0,0,0,0	-8.753798,-7.517351,-6.730450,-8.055062,-6.685284,-5.328527,-7.759923,-7.328301,-8.011482,-9.746992,-8.869430,-3.203675,-8.544803,0.401845,-8.418483,-3.145369,-4.915005,-7.781090,-2.040231,-8.247532,-8.571017,-8.409001,-5.044364
Zmay_AAT1_ONM11762.1	Zmay_AAT1_ONM11762.1	/content/drive/MyDrive/CS_5782_Final_Project/code_and_data/BAHD_lastLayer_embeddings/Zmay_AAT1_ONM11762.1_hidden_layer_steps10.pt	acceptor_superclass::Flavonoids	acceptor_superclass::Flavonoids	0,0,0,0,0,1,0,0,0,0,0,0,0,0,0,0,0,0,0,0,0,0,0	0,0,0,0,0,1,0,0,0,0,0,0,0,0,0,0,0,0,0,0,0,0,0	-3.585920,-4.649843,-8.074720,-3.473268,-4.622735,3.821036,-1.107920,-6.000220,-5.307941,-6.364174,-4.881381,-1.513396,-4.603952,-1.749978,-5.354371,-5.832181,-0.194972,-2.119501,-4.020531,-3.741754,-4.273294,-4.853292,-3.898139
Zmay_CAT_ACF87722.1	Zmay_CAT_ACF87722.1	/content/drive/MyDrive/CS_5782_Final_Project/code_and_data/BAHD_lastLayer_embeddings/Zmay_CAT_ACF87722.1_hidden_layer_steps10.pt		acceptor_superclass::Phenylpropanoids (C6-C3)	0,0,0,0,0,0,0,0,0,0,0,0,0,0,0,0,0,0,0,0,0,0,0	0,0,0,0,0,0,0,0,0,0,0,0,0,0,0,1,0,0,0,0,0,0,0	-5.483698,-5.503767,-3.822461,-5.321360,-7.002892,-7.147026,-6.817735,-5.507764,-6.718765,-3.319499,-2.939199,-3.948031,-5.564530,-4.215762,-4.808140,3.898728,-4.449937,-3.941785,-5.270151,-5.631727,-7.332452,-3.200876,-5.657491
Zmay_FMT_AQK78565.1	Zmay_FMT_AQK78565.1	/content/drive/MyDrive/CS_5782_Final_Project/code_and_data/BAHD_lastLayer_embeddings/Zmay_FMT_AQK78565.1_hidden_layer_steps10.pt	acceptor_superclass::Phenylpropanoids (C6-C3)	acceptor_superclass::Phenylpropanoids (C6-C3)	0,0,0,0,0,0,0,0,0,0,0,0,0,0,0,1,0,0,0,0,0,0,0	0,0,0,0,0,0,0,0,0,0,0,0,0,0,0,1,0,0,0,0,0,0,0	-6.598485,-5.566744,-6.362251,-5.001697,-2.681265,-5.696198,-8.402686,-6.193833,-7.169377,-4.195940,-7.095765,-6.795498,-5.187224,-4.657021,-0.835862,4.906083,-6.618301,-7.094190,-6.972244,-6.065871,-7.019898,-5.927148,-7.332681
