fasta_id	enzyme_id	true_labels	predicted_labels	true_vector	pred_vector	score_vector
Aagr_HCT6_QPI70575.1	Aagr_HCT6_QPI70575.1	acceptor_superclass::Phenolic acids (C6-C1);acceptor_superclass::Small peptides	acceptor_superclass::Coumarins;acceptor_superclass::Fatty Acids and Conjugates;acceptor_superclass::Phenanthrenoids;acceptor_superclass::Phenolic acids (C6-C1);acceptor_superclass::Phenylethanoids (C6-C2);acceptor_superclass::Small peptides;acceptor_superclass::Tyrosine alkaloids	0,0,0,0,0,0,0,0,0,0,0,0,0,1,0,0,0,0,1,0,0,0,0	1,0,0,1,0,0,0,0,0,0,0,0,1,1,1,0,0,0,1,0,0,0,1	1.247539,-3.689784,-4.072515,0.604566,-0.339477,-0.904913,-1.092708,-3.525517,-4.438435,-2.301205,-1.497325,-0.524778,4.284329,1.775273,0.386779,-0.935303,-0.560678,-5.170884,1.147112,-1.419178,-0.089608,-0.996713,3.635503
Aagr_HFT-like_Aagr000038l.49.1	Aagr_HFT-like_Aagr000038l.49.1	acceptor_superclass::Fatty Acids and Conjugates	acceptor_superclass::Coumarins;acceptor_superclass::Diterpenoids;acceptor_superclass::Fatty Acids and Conjugates;acceptor_superclass::Fatty acyls;acceptor_superclass::Lignans;acceptor_superclass::Monoterpenoids;acceptor_superclass::Phenanthrenoids;acceptor_superclass::Phenylethanoids (C6-C2);acceptor_superclass::Phenylpropanoids (C6-C3);acceptor_superclass::Triterpenoids;acceptor_superclass::Tryptophan alkaloids;acceptor_superclass::Tyrosine alkaloids	0,0,0,1,0,0,0,0,0,0,0,0,0,0,0,0,0,0,0,0,0,0,0	1,0,1,1,1,0,0,1,0,1,0,0,1,0,1,1,0,0,0,0,1,1,1	2.364496,-5.215363,1.896246,1.276472,0.839183,-0.213750,-2.232720,0.133560,-0.872068,0.677354,-1.788445,-1.027621,0.560470,-2.177520,1.838533,0.944984,-1.490584,-2.626494,-2.786598,-1.708079,0.542630,0.437516,0.719965
Abel_TS_WPF47615.1	Abel_TS_WPF47615.1		acceptor_superclass::Cyclic polyketides;acceptor_superclass::Diterpenoids;acceptor_superclass::Flavonoids;acceptor_superclass::Lysine alkaloids;acceptor_superclass::Naphthalenes;acceptor_superclass::Pseudoalkaloids;acceptor_superclass::Saccharides;acceptor_superclass::Steroids;acceptor_superclass::Triterpenoids;acceptor_superclass::Tryptophan alkaloids;acceptor_superclass::Tyrosine alkaloids	0,0,0,0,0,0,0,0,0,0,0,0,0,0,0,0,0,0,0,0,0,0,0	0,1,1,0,0,1,0,0,1,0,1,0,0,0,0,0,1,1,0,1,1,1,1	-5.290113,2.558704,1.851989,-2.425340,-2.353221,0.072835,-1.440847,-15.669587,1.657749,-1.374960,1.513977,-0.143785,-4.567375,-3.889065,-0.866616,-1.124114,0.447588,1.541383,-3.256968,5.990592,0.306319,2.216193,1.399745
Achi_AT16_PSS01274.1	Achi_AT16_PSS01274.1	acceptor_superclass::Fatty acyls	acceptor_superclass::Coumarins;acceptor_superclass::Diterpenoids;acceptor_superclass::Fatty Acids and Conjugates;acceptor_superclass::Fatty acyls;acceptor_superclass::Flavonoids;acceptor_superclass::Lignans;acceptor_superclass::Monoterpenoids;acceptor_superclass::Phenanthrenoids;acceptor_superclass::Phenylethanoids (C6-C2);acceptor_superclass::Phenylpropanoids (C6-C3);acceptor_superclass::Triterpenoids;acceptor_superclass::Tyrosine alkaloids	0,0,0,0,1,0,0,0,0,0,0,0,0,0,0,0,0,0,0,0,0,0,0	1,0,1,1,1,1,0,1,0,1,0,0,1,0,1,1,0,0,0,0,1,0,1	2.430545,-4.517506,1.114373,0.883722,0.698809,0.227671,-1.631523,0.191403,-0.759162,0.446298,-1.954192,-0.950447,0.845973,-1.440503,1.569992,0.819513,-1.368991,-3.045974,-1.937522,-0.995697,0.128608,-0.699478,0.394336
Achi_FHT_PSR89440.1	Achi_FHT_PSR89440.1	acceptor_superclass::Fatty Acids and Conjugates;acceptor_superclass::Fatty acyls	acceptor_superclass::Fatty Acids and Conjugates;acceptor_superclass::Monoterpenoids;acceptor_superclass::Ornithine alkaloids;acceptor_superclass::Phenolic acids (C6-C1);acceptor_superclass::Phenylpropanoids (C6-C3);acceptor_superclass::Small peptides;acceptor_superclass::Steroids;acceptor_superclass::Tryptophan alkaloids;acceptor_superclass::Tyrosine alkaloids	0,0,0,1,1,0,0,0,0,0,0,0,0,0,0,0,0,0,0,0,0,0,0	0,0,0,1,0,0,0,0,0,1,0,1,0,1,0,1,0,0,1,1,0,1,1	-3.838494,-7.283294,-7.077445,3.041693,-0.672680,-1.320092,-0.747933,-0.581120,-2.391651,0.228027,-0.999437,0.625848,-4.582487,2.699617,-0.120987,1.701934,-0.076331,-6.331090,2.241233,1.242043,-2.635828,0.361477,0.373434
Aeri_AT9_AIC83789.1	Aeri_AT9_AIC83789.1	acceptor_superclass::Fatty acyls	acceptor_superclass::Fatty Acids and Conjugates;acceptor_superclass::Lignans;acceptor_superclass::Monoterpenoids;acceptor_superclass::Naphthalenes;acceptor_superclass::Ornithine alkaloids;acceptor_superclass::Phenylpropanoids (C6-C3);acceptor_superclass::Pseudoalkaloids;acceptor_superclass::Steroids;acceptor_superclass::Tryptophan alkaloids	0,0,0,0,1,0,0,0,0,0,0,0,0,0,0,0,0,0,0,0,0,0,0	0,0,0,1,0,0,0,1,0,1,1,1,0,0,0,1,1,0,0,1,0,1,0	-3.617757,-0.378402,-1.982549,0.119840,-1.175290,-0.138332,-1.439106,0.400637,-1.084651,1.037992,0.099551,0.486701,-3.087823,-1.074399,-0.703558,1.278946,0.015604,-2.289171,-0.535115,0.377014,-0.964074,1.242924,-0.128630
Aeuc_AAT1_BDW80083.1	Aeuc_AAT1_BDW80083.1	acceptor_superclass::Naphthalenes	acceptor_superclass::Cyclic polyketides;acceptor_superclass::Diterpenoids;acceptor_superclass::Flavonoids;acceptor_superclass::Lignans;acceptor_superclass::Monoterpenoids;acceptor_superclass::Naphthalenes;acceptor_superclass::Ornithine alkaloids;acceptor_superclass::Phenylpropanoids (C6-C3);acceptor_superclass::Tryptophan alkaloids	0,0,0,0,0,0,0,0,0,0,1,0,0,0,0,0,0,0,0,0,0,0,0	0,1,1,0,0,1,0,1,0,1,1,1,0,0,0,1,0,0,0,0,0,1,0	-5.329628,4.448555,1.173035,-2.098887,-1.661638,0.045600,-3.314631,1.367321,-0.078088,2.126282,1.079604,0.207627,-3.582773,-4.199429,-1.549116,1.621025,-0.236302,-0.168522,-2.781382,-0.577305,-0.027005,2.424601,-0.544668
Aeuc_AAT2_BDW80089.1	Aeuc_AAT2_BDW80089.1	acceptor_superclass::Naphthalenes	acceptor_superclass::Diterpenoids;acceptor_superclass::Fatty acyls;acceptor_superclass::Lignans;acceptor_superclass::Lysine alkaloids;acceptor_superclass::Monoterpenoids;acceptor_superclass::Naphthalenes;acceptor_superclass::Phenanthrenoids;acceptor_superclass::Phenylethanoids (C6-C2);acceptor_superclass::Phenylpropanoids (C6-C3);acceptor_superclass::Triterpenoids;acceptor_superclass::Tryptophan alkaloids	0,0,0,0,0,0,0,0,0,0,1,0,0,0,0,0,0,0,0,0,0,0,0	0,0,1,0,1,0,0,1,1,1,1,0,1,0,1,1,0,0,0,0,1,1,0	-0.191493,-1.686550,2.064651,-0.194069,0.376192,-0.428050,-1.426797,1.299160,1.111591,1.032865,0.876265,-0.348442,0.409007,-3.880282,0.310586,0.296062,-0.632553,-1.916303,-2.935065,-1.034903,0.217227,0.104316,-0.910366
Aeuc_SAT2_BDW80080.1	Aeuc_SAT2_BDW80080.1	acceptor_superclass::Naphthalenes	acceptor_superclass::Cyclic polyketides;acceptor_superclass::Diterpenoids;acceptor_superclass::Fatty acyls;acceptor_superclass::Naphthalenes;acceptor_superclass::Phenylethanoids (C6-C2);acceptor_superclass::Saccharides;acceptor_superclass::Triterpenoids;acceptor_superclass::Tyrosine alkaloids	0,0,0,0,0,0,0,0,0,0,1,0,0,0,0,0,0,0,0,0,0,0,0	0,1,1,0,1,0,0,0,0,0,1,0,0,0,1,0,0,1,0,0,1,0,1	-2.831433,0.675733,1.125683,-1.425459,0.623226,-0.076369,-0.424664,-0.560356,-1.215801,-1.076722,0.717921,-1.340141,-0.178679,-3.372459,1.384778,-1.164666,-0.349407,1.488288,-0.550324,-1.587019,1.330729,-1.245509,1.137519
Amem_AT7-3_WMQ79387.1	Amem_AT7-3_WMQ79387.1	acceptor_superclass::Triterpenoids	acceptor_superclass::Coumarins;acceptor_superclass::Fatty Acids and Conjugates;acceptor_superclass::Phenanthrenoids;acceptor_superclass::Phenylethanoids (C6-C2);acceptor_superclass::Triterpenoids;acceptor_superclass::Tyrosine alkaloids	0,0,0,0,0,0,0,0,0,0,0,0,0,0,0,0,0,0,0,0,1,0,0	1,0,0,1,0,0,0,0,0,0,0,0,1,0,1,0,0,0,0,0,1,0,1	0.282508,-2.496076,-2.445713,0.079604,-0.145786,-1.011485,-1.943450,-1.506442,-3.189036,-1.573845,-0.669299,-0.900301,3.041311,-0.385993,0.391809,-0.646693,-0.353221,-3.080421,-0.516220,-1.130047,0.275200,-0.069527,2.435889
Arac_HPT1_QAA12830.1	Arac_HPT1_QAA12830.1	acceptor_superclass::Phenylpropanoids (C6-C3)	acceptor_superclass::Flavonoids;acceptor_superclass::Isoflavonoids;acceptor_superclass::Phenanthrenoids;acceptor_superclass::Phenolic acids (C6-C1);acceptor_superclass::Phenylpropanoids (C6-C3);acceptor_superclass::Small peptides;acceptor_superclass::Steroids;acceptor_superclass::Triterpenoids;acceptor_superclass::Tyrosine alkaloids	0,0,0,0,0,0,0,0,0,0,0,0,0,0,0,1,0,0,0,0,0,0,0	0,0,0,0,0,1,1,0,0,0,0,0,1,1,0,1,0,0,1,1,1,0,1	-0.628276,-2.067931,-2.198710,-1.202054,-1.636896,0.945012,0.269944,-5.753122,-6.709842,-0.990012,-4.386121,-0.657209,1.524764,1.234979,-0.263611,0.656864,-1.536330,-10.067965,3.087704,8.735437,0.556618,-0.742614,3.200757
Asat_HCBT_BAC78635.1	Asat_HCBT_BAC78635.1	acceptor_superclass::Small peptides	acceptor_superclass::Fatty Acids and Conjugates;acceptor_superclass::Isoflavonoids;acceptor_superclass::Ornithine alkaloids;acceptor_superclass::Phenolic acids (C6-C1);acceptor_superclass::Phenylethanoids (C6-C2);acceptor_superclass::Phenylpropanoids (C6-C3);acceptor_superclass::Pseudoalkaloids;acceptor_superclass::Small peptides;acceptor_superclass::Steroids;acceptor_superclass::Tyrosine alkaloids	0,0,0,0,0,0,0,0,0,0,0,0,0,0,0,0,0,0,1,0,0,0,0	0,0,0,1,0,0,1,0,0,0,0,1,0,1,1,1,1,0,1,1,0,0,1	-3.648508,-10.606395,-9.842509,4.370504,-0.620883,-1.596082,0.107309,-1.058240,-3.259212,-0.406276,-1.603840,0.791819,-5.174838,4.589382,0.207288,1.720572,0.065192,-8.424520,3.701173,1.991913,-3.458266,-0.268612,0.681193
Asat_HHT1_BAC78633.1	Asat_HHT1_BAC78633.1	acceptor_superclass::Phenolic acids (C6-C1)	acceptor_superclass::Coumarins;acceptor_superclass::Fatty Acids and Conjugates;acceptor_superclass::Phenanthrenoids;acceptor_superclass::Phenolic acids (C6-C1);acceptor_superclass::Phenylethanoids (C6-C2);acceptor_superclass::Small peptides;acceptor_superclass::Triterpenoids;acceptor_superclass::Tyrosine alkaloids	0,0,0,0,0,0,0,0,0,0,0,0,0,1,0,0,0,0,0,0,0,0,0	1,0,0,1,0,0,0,0,0,0,0,0,1,1,1,0,0,0,1,0,1,0,1	1.519579,-4.696243,-4.996351,1.012997,-0.366779,-1.208723,-1.298762,-4.565776,-5.339285,-2.664087,-1.945449,-0.689873,5.125166,2.716003,0.516249,-1.113495,-0.808034,-6.061049,1.623150,-1.785711,0.012371,-1.190134,4.417811
Asat_HHT4_QDC27803.1	Asat_HHT4_QDC27803.1	acceptor_superclass::Phenolic acids (C6-C1)	acceptor_superclass::Fatty Acids and Conjugates;acceptor_superclass::Ornithine alkaloids;acceptor_superclass::Phenolic acids (C6-C1);acceptor_superclass::Phenylethanoids (C6-C2);acceptor_superclass::Phenylpropanoids (C6-C3);acceptor_superclass::Pseudoalkaloids;acceptor_superclass::Small peptides;acceptor_superclass::Steroids;acceptor_superclass::Tyrosine alkaloids	0,0,0,0,0,0,0,0,0,0,0,0,0,1,0,0,0,0,0,0,0,0,0	0,0,0,1,0,0,0,0,0,0,0,1,0,1,1,1,1,0,1,1,0,0,1	-3.548470,-9.468054,-8.837026,3.867094,-0.555347,-1.571675,-0.141076,-0.912436,-2.866259,-0.225743,-1.464253,0.716424,-4.861045,4.101004,0.137056,1.642816,0.014663,-7.656151,3.284246,1.686671,-3.126312,-0.144295,0.601493
Asch_AKS1_URS65387.1	Asch_AKS1_URS65387.1	acceptor_superclass::Tryptophan alkaloids	acceptor_superclass::Fatty Acids and Conjugates;acceptor_superclass::Fatty acyls;acceptor_superclass::Phenanthrenoids;acceptor_superclass::Phenylethanoids (C6-C2);acceptor_superclass::Triterpenoids;acceptor_superclass::Tryptophan alkaloids;acceptor_superclass::Tyrosine alkaloids	0,0,0,0,0,0,0,0,0,0,0,0,0,0,0,0,0,0,0,0,0,1,0	0,0,0,1,1,0,0,0,0,0,0,0,1,0,1,0,0,0,0,0,1,1,1	-0.634677,-2.187453,-1.432926,0.083357,0.194666,-1.751271,-3.098861,-0.556533,-2.404168,-0.936719,-0.273371,-1.306231,1.969372,-1.153648,0.470390,-0.278802,-0.469449,-1.664382,-1.514194,-1.292068,0.454104,0.422426,1.927516
Asch_AKS2_URS65388.1	Asch_AKS2_URS65388.1	acceptor_superclass::Tryptophan alkaloids	acceptor_superclass::Coumarins;acceptor_superclass::Diterpenoids;acceptor_superclass::Fatty Acids and Conjugates;acceptor_superclass::Fatty acyls;acceptor_superclass::Lignans;acceptor_superclass::Lysine alkaloids;acceptor_superclass::Monoterpenoids;acceptor_superclass::Phenanthrenoids;acceptor_superclass::Phenylethanoids (C6-C2);acceptor_superclass::Phenylpropanoids (C6-C3);acceptor_superclass::Triterpenoids;acceptor_superclass::Tryptophan alkaloids	0,0,0,0,0,0,0,0,0,0,0,0,0,0,0,0,0,0,0,0,0,1,0	1,0,1,1,1,0,0,1,1,1,0,0,1,0,1,1,0,0,0,0,1,1,0	1.020862,-3.107346,1.813605,0.390651,0.584876,-0.379972,-1.860745,0.683655,0.111772,0.701695,-0.408718,-0.722854,0.376723,-2.636029,0.898084,0.521231,-1.256310,-2.085779,-2.482078,-1.174610,0.439060,0.343787,-0.101699
Asin_FMT_AHL24755.1	Asin_FMT_AHL24755.1	acceptor_superclass::Phenylpropanoids (C6-C3)	acceptor_superclass::Cyclic polyketides;acceptor_superclass::Diterpenoids;acceptor_superclass::Fatty acyls;acceptor_superclass::Lignans;acceptor_superclass::Naphthalenes;acceptor_superclass::Phenanthrenoids;acceptor_superclass::Phenylethanoids (C6-C2);acceptor_superclass::Phenylpropanoids (C6-C3);acceptor_superclass::Pseudoalkaloids;acceptor_superclass::Saccharides;acceptor_superclass::Triterpenoids;acceptor_superclass::Tryptophan alkaloids	0,0,0,0,0,0,0,0,0,0,0,0,0,0,0,1,0,0,0,0,0,0,0	0,1,1,0,1,0,0,1,0,0,1,0,1,0,1,1,1,1,0,0,1,1,0	-1.601081,0.566374,1.213539,-1.495863,0.274223,-1.051406,-3.090880,3.077579,-0.559273,-0.185819,1.026187,-1.275686,0.162975,-5.177991,0.198147,0.064769,0.109998,0.724998,-3.759443,-0.323462,0.318783,0.807196,-0.218451
Atha_3AT1_AEE27636.1	Atha_3AT1_AEE27636.1	acceptor_superclass::Flavonoids	acceptor_superclass::Fatty Acids and Conjugates;acceptor_superclass::Flavonoids;acceptor_superclass::Isoflavonoids;acceptor_superclass::Monoterpenoids;acceptor_superclass::Ornithine alkaloids;acceptor_superclass::Phenolic acids (C6-C1);acceptor_superclass::Phenylpropanoids (C6-C3);acceptor_superclass::Pseudoalkaloids;acceptor_superclass::Small peptides;acceptor_superclass::Steroids;acceptor_superclass::Tryptophan alkaloids;acceptor_superclass::Tyrosine alkaloids	0,0,0,0,0,1,0,0,0,0,0,0,0,0,0,0,0,0,0,0,0,0,0	0,0,0,1,0,1,1,0,0,1,0,1,0,1,0,1,1,0,1,1,0,1,1	-2.738623,-4.036169,-5.129771,1.624715,-1.159340,0.301132,0.417600,-0.215263,-2.371537,0.005866,-0.420411,0.706903,-3.364502,0.958479,-0.382437,1.067919,0.337487,-4.527766,0.915948,1.605019,-1.727927,0.394220,0.197043
Atha_3AT2_AAF86513.1	Atha_3AT2_AAF86513.1	acceptor_superclass::Flavonoids	acceptor_superclass::Fatty Acids and Conjugates;acceptor_superclass::Flavonoids;acceptor_superclass::Isoflavonoids;acceptor_superclass::Ornithine alkaloids;acceptor_superclass::Phenolic acids (C6-C1);acceptor_superclass::Phenylpropanoids (C6-C3);acceptor_superclass::Pseudoalkaloids;acceptor_superclass::Small peptides;acceptor_superclass::Steroids;acceptor_superclass::Tryptophan alkaloids;acceptor_superclass::Tyrosine alkaloids	0,0,0,0,0,1,0,0,0,0,0,0,0,0,0,0,0,0,0,0,0,0,0	0,0,0,1,0,1,1,0,0,0,0,1,0,1,0,1,1,0,1,1,0,1,1	-2.694591,-6.483496,-7.034711,2.660809,-1.040901,0.033551,0.928371,-0.624895,-2.974930,-0.385877,-0.657656,0.791442,-3.793630,2.222051,-0.151620,1.140565,0.420869,-5.808384,1.871670,2.017723,-2.240996,0.172254,0.352759
Atha_5MAT_BAB01191.1	Atha_5MAT_BAB01191.1	acceptor_superclass::Flavonoids	acceptor_superclass::Fatty acyls;acceptor_superclass::Flavonoids;acceptor_superclass::Isoflavonoids;acceptor_superclass::Phenylethanoids (C6-C2);acceptor_superclass::Triterpenoids;acceptor_superclass::Tyrosine alkaloids	0,0,0,0,0,1,0,0,0,0,0,0,0,0,0,0,0,0,0,0,0,0,0	0,0,0,0,1,1,1,0,0,0,0,0,0,0,1,0,0,0,0,0,1,0,1	-0.737822,-2.286254,-2.720701,-0.116469,0.516533,0.884421,0.895291,-11.580100,-4.286141,-1.286036,-1.486704,-0.788791,-0.502536,-0.196876,0.424080,-1.556387,-1.320208,-0.388067,-0.792817,-0.336391,1.705735,-3.104348,3.052671
Atha_ACT1_NP_200924.1	Atha_ACT1_NP_200924.1	acceptor_superclass::Ornithine alkaloids;acceptor_superclass::Pseudoalkaloids	acceptor_superclass::Flavonoids;acceptor_superclass::Isoflavonoids;acceptor_superclass::Phenanthrenoids;acceptor_superclass::Phenylpropanoids (C6-C3);acceptor_superclass::Small peptides;acceptor_superclass::Steroids;acceptor_superclass::Triterpenoids;acceptor_superclass::Tyrosine alkaloids	0,0,0,0,0,0,0,0,0,0,0,1,0,0,0,0,1,0,0,0,0,0,0	0,0,0,0,0,1,1,0,0,0,0,0,1,0,0,1,0,0,1,1,1,0,1	-1.437171,-0.853669,-1.209912,-1.481727,-1.735212,0.841668,0.207361,-7.639226,-4.584602,-1.082227,-2.685703,-0.434559,0.301020,-0.032084,-0.340680,0.279183,-0.984050,-6.996526,1.439484,7.937072,0.560174,-0.100351,2.667740
Atha_HHT1_AAL34170.1	Atha_ASFT_NP_851111.1	acceptor_superclass::Fatty Acids and Conjugates;acceptor_superclass::Fatty acyls	acceptor_superclass::Fatty acyls;acceptor_superclass::Flavonoids;acceptor_superclass::Phenylethanoids (C6-C2);acceptor_superclass::Saccharides;acceptor_superclass::Triterpenoids;acceptor_superclass::Tyrosine alkaloids	0,0,0,1,1,0,0,0,0,0,0,0,0,0,0,0,0,0,0,0,0,0,0	0,0,0,0,1,1,0,0,0,0,0,0,0,0,1,0,0,1,0,0,1,0,1	-2.185632,-1.635828,-1.435821,-0.551595,0.758882,0.166674,-0.611563,-8.908175,-3.537151,-1.089637,-1.138839,-1.290591,-0.732552,-1.084597,0.798158,-1.542118,-1.184168,0.635946,-0.723908,-1.514464,1.579277,-2.696089,2.713843
Atha_AT3G47170_NP_190301.2	Atha_AT3G47170_NP_190301.2	acceptor_superclass::Ornithine alkaloids;acceptor_superclass::Pseudoalkaloids	acceptor_superclass::Diterpenoids;acceptor_superclass::Fatty acyls;acceptor_superclass::Lignans;acceptor_superclass::Lysine alkaloids;acceptor_superclass::Monoterpenoids;acceptor_superclass::Naphthalenes;acceptor_superclass::Phenanthrenoids;acceptor_superclass::Phenylethanoids (C6-C2);acceptor_superclass::Phenylpropanoids (C6-C3)	0,0,0,0,0,0,0,0,0,0,0,1,0,0,0,0,1,0,0,0,0,0,0	0,0,1,0,1,0,0,1,1,1,1,0,1,0,1,1,0,0,0,0,0,0,0	-0.036329,-1.903093,1.962864,-0.067210,0.348875,-0.142198,-1.325926,1.362294,0.996242,1.151510,0.349259,-0.259123,0.588593,-3.759992,0.343495,0.406360,-0.533607,-2.318835,-2.816612,-1.014471,-0.002993,-0.442500,-0.976351
Atha_PHT_OAO95042.1	Atha_AT5G07080_OAO95042.1	acceptor_superclass::Ornithine alkaloids;acceptor_superclass::Pseudoalkaloids	acceptor_superclass::Cyclic polyketides;acceptor_superclass::Diterpenoids;acceptor_superclass::Fatty acyls;acceptor_superclass::Lignans;acceptor_superclass::Naphthalenes;acceptor_superclass::Phenanthrenoids;acceptor_superclass::Pseudoalkaloids;acceptor_superclass::Steroids;acceptor_superclass::Tryptophan alkaloids	0,0,0,0,0,0,0,0,0,0,0,1,0,0,0,0,1,0,0,0,0,0,0	0,1,1,0,1,0,0,1,0,0,1,0,1,0,0,0,1,0,0,1,0,1,0	-1.073749,1.004656,1.043760,-1.801604,0.158970,-0.062520,-2.270972,3.240049,-0.786443,-0.317253,0.584223,-0.759225,0.563188,-5.822129,-0.027867,-0.049266,0.413231,-0.001623,-3.608991,0.194606,-0.108433,0.270365,-0.544140
Atha_BIA1_CAB10319.1	Atha_BIA1_CAB10319.1	acceptor_superclass::Steroids	acceptor_superclass::Cyclic polyketides;acceptor_superclass::Diterpenoids;acceptor_superclass::Fatty acyls;acceptor_superclass::Flavonoids;acceptor_superclass::Naphthalenes;acceptor_superclass::Phenylethanoids (C6-C2);acceptor_superclass::Saccharides;acceptor_superclass::Triterpenoids;acceptor_superclass::Tyrosine alkaloids	0,0,0,0,0,0,0,0,0,0,0,0,0,0,0,0,0,0,0,1,0,0,0	0,1,1,0,1,1,0,0,0,0,1,0,0,0,1,0,0,1,0,0,1,0,1	-3.407307,0.641214,0.986830,-1.727318,0.855079,0.002014,-0.454038,-1.917905,-1.846807,-1.404154,0.409324,-1.631881,-0.307868,-4.000810,1.754492,-1.548332,-0.637484,1.650087,-0.663567,-1.854106,1.694042,-1.996756,1.558630
Atha_CHAT_AAN09797.1	Atha_CHAT_AAN09797.1	acceptor_superclass::Fatty acyls;acceptor_superclass::Monoterpenoids;acceptor_superclass::Phenylethanoids (C6-C2);acceptor_superclass::Phenylpropanoids (C6-C3)	acceptor_superclass::Coumarins;acceptor_superclass::Diterpenoids;acceptor_superclass::Fatty Acids and Conjugates;acceptor_superclass::Fatty acyls;acceptor_superclass::Flavonoids;acceptor_superclass::Lignans;acceptor_superclass::Monoterpenoids;acceptor_superclass::Phenanthrenoids;acceptor_superclass::Phenylethanoids (C6-C2);acceptor_superclass::Phenylpropanoids (C6-C3);acceptor_superclass::Triterpenoids;acceptor_superclass::Tyrosine alkaloids	0,0,0,0,1,0,0,0,0,1,0,0,0,0,1,1,0,0,0,0,0,0,0	1,0,1,1,1,1,0,1,0,1,0,0,1,0,1,1,0,0,0,0,1,0,1	2.409218,-4.570043,1.277205,0.920501,0.734460,0.111432,-1.807209,0.183490,-0.763887,0.481247,-1.707047,-0.840970,0.718323,-1.627734,1.500321,0.817333,-1.397408,-2.952488,-2.147121,-1.170268,0.277706,-0.376200,0.451921
Atha_COSY_AEE31013.1	Atha_COSY_AEE31013.1		acceptor_superclass::Coumarins;acceptor_superclass::Diterpenoids;acceptor_superclass::Fatty Acids and Conjugates;acceptor_superclass::Fatty acyls;acceptor_superclass::Flavonoids;acceptor_superclass::Monoterpenoids;acceptor_superclass::Phenanthrenoids;acceptor_superclass::Phenylethanoids (C6-C2);acceptor_superclass::Phenylpropanoids (C6-C3);acceptor_superclass::Triterpenoids;acceptor_superclass::Tyrosine alkaloids	0,0,0,0,0,0,0,0,0,0,0,0,0,0,0,0,0,0,0,0,0,0,0	1,0,1,1,1,1,0,0,0,1,0,0,1,0,1,1,0,0,0,0,1,0,1	2.533895,-4.039088,0.625697,1.011030,0.400729,0.623790,-0.717514,-0.000822,-1.087638,0.202056,-1.832656,-0.658561,0.984140,-0.987041,1.294480,0.560418,-1.089445,-2.830544,-1.455803,-0.596278,0.098687,-0.750493,0.562812
Atha_DCF_AAQ62868.1	Atha_DCF_AAQ62868.1	acceptor_superclass::Fatty Acids and Conjugates;acceptor_superclass::Fatty acyls	acceptor_superclass::Fatty Acids and Conjugates;acceptor_superclass::Monoterpenoids;acceptor_superclass::Ornithine alkaloids;acceptor_superclass::Phenolic acids (C6-C1);acceptor_superclass::Phenylpropanoids (C6-C3);acceptor_superclass::Pseudoalkaloids;acceptor_superclass::Small peptides;acceptor_superclass::Steroids;acceptor_superclass::Tryptophan alkaloids;acceptor_superclass::Tyrosine alkaloids	0,0,0,1,1,0,0,0,0,0,0,0,0,0,0,0,0,0,0,0,0,0,0	0,0,0,1,0,0,0,0,0,1,0,1,0,1,0,1,1,0,1,1,0,1,1	-3.550211,-6.766619,-6.702589,2.818584,-0.722764,-1.145885,-0.509940,-0.568648,-2.377559,0.136853,-0.712333,0.654355,-4.237476,2.464043,-0.103204,1.519450,0.004952,-5.804853,2.000284,1.241778,-2.348135,0.512183,0.349600
Atha_EPS1_NP_201517.1	Atha_EPS1_NP_201517.1		acceptor_superclass::Cyclic polyketides;acceptor_superclass::Diterpenoids;acceptor_superclass::Fatty acyls;acceptor_superclass::Flavonoids;acceptor_superclass::Naphthalenes;acceptor_superclass::Phenylethanoids (C6-C2);acceptor_superclass::Saccharides;acceptor_superclass::Triterpenoids;acceptor_superclass::Tyrosine alkaloids	0,0,0,0,0,0,0,0,0,0,0,0,0,0,0,0,0,0,0,0,0,0,0	0,1,1,0,1,1,0,0,0,0,1,0,0,0,1,0,0,1,0,0,1,0,1	-2.857655,0.618912,0.813566,-1.553154,0.762271,0.147428,-0.182957,-1.464968,-1.512996,-1.307887,0.298206,-1.358911,-0.189519,-3.613137,1.524152,-1.368094,-0.552717,1.346408,-0.538367,-1.351725,1.418894,-1.892290,1.259163
Atha_FACT_AAN13119.1	Atha_FACT_AAN13119.1	acceptor_superclass::Fatty acyls	acceptor_superclass::Coumarins;acceptor_superclass::Fatty Acids and Conjugates;acceptor_superclass::Phenanthrenoids;acceptor_superclass::Phenolic acids (C6-C1);acceptor_superclass::Phenylethanoids (C6-C2);acceptor_superclass::Small peptides;acceptor_superclass::Triterpenoids;acceptor_superclass::Tyrosine alkaloids	0,0,0,0,1,0,0,0,0,0,0,0,0,0,0,0,0,0,0,0,0,0,0	1,0,0,1,0,0,0,0,0,0,0,0,1,1,1,0,0,0,1,0,1,0,1	0.566678,-2.807824,-2.829564,0.384860,-0.024092,-0.987028,-1.628420,-2.249208,-3.596399,-1.676337,-1.000126,-0.697486,3.286692,0.466393,0.335963,-0.690157,-0.436506,-3.739740,0.067628,-1.248371,0.102490,-0.468358,2.722452
Atha_GGES_AED96958.1	Atha_GGES_AED96958.1		acceptor_superclass::Coumarins;acceptor_superclass::Diterpenoids;acceptor_superclass::Fatty Acids and Conjugates;acceptor_superclass::Fatty acyls;acceptor_superclass::Flavonoids;acceptor_superclass::Lignans;acceptor_superclass::Monoterpenoids;acceptor_superclass::Phenanthrenoids;acceptor_superclass::Phenylethanoids (C6-C2);acceptor_superclass::Phenylpropanoids (C6-C3);acceptor_superclass::Triterpenoids;acceptor_superclass::Tyrosine alkaloids	0,0,0,0,0,0,0,0,0,0,0,0,0,0,0,0,0,0,0,0,0,0,0	1,0,1,1,1,1,0,1,0,1,0,0,1,0,1,1,0,0,0,0,1,0,1	1.592488,-3.264303,1.131174,0.459171,0.472609,0.057244,-1.431619,0.483671,-0.271462,0.506280,-1.232960,-0.618417,0.656445,-1.707239,1.042886,0.588227,-1.000767,-2.430590,-1.775848,-0.858476,0.149296,-0.504473,0.112816
Atha_HCT_BAB10316.1	Atha_HCT_BAB10316.1	acceptor_superclass::Flavonoids;acceptor_superclass::Phenolic acids (C6-C1);acceptor_superclass::Phenylpropanoids (C6-C3);acceptor_superclass::Small peptides	acceptor_superclass::Fatty Acids and Conjugates;acceptor_superclass::Fatty acyls;acceptor_superclass::Flavonoids;acceptor_superclass::Phenolic acids (C6-C1);acceptor_superclass::Triterpenoids;acceptor_superclass::Tyrosine alkaloids	0,0,0,0,0,1,0,0,0,0,0,0,0,1,0,1,0,0,1,0,0,0,0	0,0,0,1,1,1,0,0,0,0,0,0,0,1,0,0,0,0,0,0,1,0,1	-0.593915,-3.105783,-3.474279,0.296237,0.543921,0.473211,-0.261629,-13.686317,-4.613150,-0.904217,-2.378712,-0.715344,-0.996769,1.538785,-0.072754,-1.420095,-1.609346,-0.575226,-0.548306,-0.701529,1.427730,-3.121402,3.370972
Atha_HHT1_AAL34170.1	Atha_HHT1_AAL34170.1	acceptor_superclass::Fatty Acids and Conjugates;acceptor_superclass::Fatty acyls	acceptor_superclass::Fatty acyls;acceptor_superclass::Flavonoids;acceptor_superclass::Phenylethanoids (C6-C2);acceptor_superclass::Saccharides;acceptor_superclass::Triterpenoids;acceptor_superclass::Tyrosine alkaloids	0,0,0,1,1,0,0,0,0,0,0,0,0,0,0,0,0,0,0,0,0,0,0	0,0,0,0,1,1,0,0,0,0,0,0,0,0,1,0,0,1,0,0,1,0,1	-2.185632,-1.635828,-1.435821,-0.551595,0.758882,0.166674,-0.611563,-8.908175,-3.537151,-1.089637,-1.138839,-1.290591,-0.732552,-1.084597,0.798158,-1.542118,-1.184168,0.635946,-0.723908,-1.514464,1.579277,-2.696089,2.713843
Atha_FACT_AAN13119.1	Atha_HHT3_NP_201161.1	acceptor_superclass::Fatty acyls	acceptor_superclass::Fatty acyls;acceptor_superclass::Flavonoids;acceptor_superclass::Phenolic acids (C6-C1);acceptor_superclass::Phenylethanoids (C6-C2);acceptor_superclass::Triterpenoids;acceptor_superclass::Tyrosine alkaloids	0,0,0,0,1,0,0,0,0,0,0,0,0,0,0,0,0,0,0,0,0,0,0	0,0,0,0,1,1,0,0,0,0,0,0,0,1,1,0,0,0,0,0,1,0,1	-1.225549,-1.999091,-2.176774,-0.153830,0.581407,0.316841,-0.212785,-10.099325,-3.705613,-0.959047,-1.473823,-0.890845,-0.711594,0.031368,0.390556,-1.326598,-1.237242,-0.010319,-0.605800,-0.954978,1.428154,-2.615375,2.750808
Atha_HHT1_AAL34170.1	Atha_HHT_AAL34170.1	acceptor_superclass::Fatty Acids and Conjugates	acceptor_superclass::Fatty acyls;acceptor_superclass::Flavonoids;acceptor_superclass::Phenylethanoids (C6-C2);acceptor_superclass::Saccharides;acceptor_superclass::Triterpenoids;acceptor_superclass::Tyrosine alkaloids	0,0,0,1,0,0,0,0,0,0,0,0,0,0,0,0,0,0,0,0,0,0,0	0,0,0,0,1,1,0,0,0,0,0,0,0,0,1,0,0,1,0,0,1,0,1	-2.185632,-1.635828,-1.435821,-0.551595,0.758882,0.166674,-0.611563,-8.908175,-3.537151,-1.089637,-1.138839,-1.290591,-0.732552,-1.084597,0.798158,-1.542118,-1.184168,0.635946,-0.723908,-1.514464,1.579277,-2.696089,2.713843
Atha_PHT_OAO95042.1	Atha_PHT_OAO95042.1	acceptor_superclass::Ornithine alkaloids;acceptor_superclass::Pseudoalkaloids	acceptor_superclass::Cyclic polyketides;acceptor_superclass::Diterpenoids;acceptor_superclass::Fatty acyls;acceptor_superclass::Flavonoids;acceptor_superclass::Lignans;acceptor_superclass::Naphthalenes;acceptor_superclass::Phenylethanoids (C6-C2);acceptor_superclass::Saccharides;acceptor_superclass::Triterpenoids;acceptor_superclass::Tyrosine alkaloids	0,0,0,0,0,0,0,0,0,0,0,1,0,0,0,0,1,0,0,0,0,0,0	0,1,1,0,1,1,0,1,0,0,1,0,0,0,1,0,0,1,0,0,1,0,1	-4.194926,1.896168,2.354604,-2.365257,1.023065,0.046073,-0.406863,2.425963,-0.667846,-1.593931,1.193389,-1.658696,-0.192016,-5.826446,2.286842,-1.517372,-0.156501,2.064996,-0.681875,-2.012242,1.418154,-1.936617,0.662053
Atha_PMAT1_AED94391.1	Atha_PMAT1_AED94391.1	acceptor_superclass::Flavonoids;acceptor_superclass::Isoflavonoids;acceptor_superclass::Steroids	acceptor_superclass::Flavonoids;acceptor_superclass::Isoflavonoids;acceptor_superclass::Phenanthrenoids;acceptor_superclass::Phenolic acids (C6-C1);acceptor_superclass::Phenylpropanoids (C6-C3);acceptor_superclass::Small peptides;acceptor_superclass::Steroids;acceptor_superclass::Triterpenoids;acceptor_superclass::Tyrosine alkaloids	0,0,0,0,0,1,1,0,0,0,0,0,0,0,0,0,0,0,0,1,0,0,0	0,0,0,0,0,1,1,0,0,0,0,0,1,1,0,1,0,0,1,1,1,0,1	-1.303985,-1.283116,-1.649054,-1.598952,-1.871053,1.015340,0.326295,-7.817241,-5.681784,-1.197928,-3.461411,-0.515203,0.746578,0.340340,-0.339640,0.420107,-1.203187,-8.599670,2.036606,8.995153,0.617795,-0.349945,3.067535
Atha_PMAT2_BAB02518.1	Atha_PMAT2_BAB02518.1	acceptor_superclass::Coumarins;acceptor_superclass::Flavonoids;acceptor_superclass::Naphthalenes;acceptor_superclass::Phenanthrenoids;acceptor_superclass::Steroids	acceptor_superclass::Coumarins;acceptor_superclass::Fatty Acids and Conjugates;acceptor_superclass::Fatty acyls;acceptor_superclass::Flavonoids;acceptor_superclass::Isoflavonoids;acceptor_superclass::Phenanthrenoids;acceptor_superclass::Phenolic acids (C6-C1);acceptor_superclass::Phenylethanoids (C6-C2);acceptor_superclass::Phenylpropanoids (C6-C3);acceptor_superclass::Steroids;acceptor_superclass::Tyrosine alkaloids	1,0,0,0,0,1,0,0,0,0,1,0,1,0,0,0,0,0,0,1,0,0,0	1,0,0,1,1,1,1,0,0,0,0,0,1,1,1,1,0,0,0,1,0,0,1	3.863887,-4.334894,-0.786381,1.274592,0.082555,1.517284,0.901149,-0.509888,-2.170717,-0.568959,-2.767358,-0.700657,1.561616,0.419313,1.415558,0.245214,-1.133507,-3.280900,-0.330527,0.222756,-0.014604,-1.479055,1.267672
Atha_SCT_AAP81804.1	Atha_SCT_AAP81804.1	acceptor_superclass::Ornithine alkaloids	acceptor_superclass::Cyclic polyketides;acceptor_superclass::Diterpenoids;acceptor_superclass::Fatty acyls;acceptor_superclass::Flavonoids;acceptor_superclass::Lignans;acceptor_superclass::Naphthalenes;acceptor_superclass::Phenanthrenoids;acceptor_superclass::Pseudoalkaloids;acceptor_superclass::Saccharides;acceptor_superclass::Steroids;acceptor_superclass::Tryptophan alkaloids	0,0,0,0,0,0,0,0,0,0,0,1,0,0,0,0,0,0,0,0,0,0,0	0,1,1,0,1,1,0,1,0,0,1,0,1,0,0,0,1,1,0,1,0,1,0	-1.068326,1.073331,1.326404,-1.802190,0.139593,0.039546,-2.158013,3.400794,-0.594142,-0.207179,0.701499,-0.818892,0.454054,-5.904175,-0.063281,-0.069478,0.379532,0.194989,-3.663799,0.251614,-0.036816,0.292742,-0.719840
Atha_SDT_AAC23766.1	Atha_SDT_AAC23766.1	acceptor_superclass::Ornithine alkaloids;acceptor_superclass::Pseudoalkaloids	acceptor_superclass::Cyclic polyketides;acceptor_superclass::Diterpenoids;acceptor_superclass::Fatty acyls;acceptor_superclass::Flavonoids;acceptor_superclass::Lignans;acceptor_superclass::Monoterpenoids;acceptor_superclass::Naphthalenes;acceptor_superclass::Phenylpropanoids (C6-C3);acceptor_superclass::Pseudoalkaloids;acceptor_superclass::Saccharides;acceptor_superclass::Steroids;acceptor_superclass::Tryptophan alkaloids	0,0,0,0,0,0,0,0,0,0,0,1,0,0,0,0,1,0,0,0,0,0,0	0,1,1,0,1,1,0,1,0,1,1,0,0,0,0,1,1,1,0,1,0,1,0	-1.552748,2.016079,2.221547,-2.467048,0.188865,0.187422,-2.613573,4.953561,-0.075982,0.047278,1.033987,-0.894188,-0.109149,-7.840296,-0.118036,0.131680,0.574153,1.039068,-4.804418,0.586424,-0.187486,0.408078,-1.462998
Atha_SHT_AAD12025.1	Atha_SHT_AAD12025.1	acceptor_superclass::Ornithine alkaloids	acceptor_superclass::Fatty Acids and Conjugates;acceptor_superclass::Fatty acyls;acceptor_superclass::Flavonoids;acceptor_superclass::Phenolic acids (C6-C1);acceptor_superclass::Phenylethanoids (C6-C2);acceptor_superclass::Triterpenoids;acceptor_superclass::Tyrosine alkaloids	0,0,0,0,0,0,0,0,0,0,0,1,0,0,0,0,0,0,0,0,0,0,0	0,0,0,1,1,1,0,0,0,0,0,0,0,1,1,0,0,0,0,0,1,0,1	-0.839386,-2.298030,-2.595885,0.002872,0.529854,0.468877,-0.010790,-10.912119,-3.905219,-0.955945,-1.763630,-0.684024,-0.704513,0.437468,0.281648,-1.325366,-1.295752,-0.279254,-0.572372,-0.653491,1.292431,-2.827534,2.724042
Atha_PHT_OAO95042.1	Atha_SHT_OAO95042.1	acceptor_superclass::Ornithine alkaloids	acceptor_superclass::Cyclic polyketides;acceptor_superclass::Diterpenoids;acceptor_superclass::Flavonoids;acceptor_superclass::Lignans;acceptor_superclass::Monoterpenoids;acceptor_superclass::Naphthalenes;acceptor_superclass::Ornithine alkaloids;acceptor_superclass::Phenylpropanoids (C6-C3);acceptor_superclass::Tryptophan alkaloids	0,0,0,0,0,0,0,0,0,0,0,1,0,0,0,0,0,0,0,0,0,0,0	0,1,1,0,0,1,0,1,0,1,1,1,0,0,0,1,0,0,0,0,0,1,0	-5.044927,3.261066,0.319855,-1.523274,-1.650711,0.247374,-2.762629,1.159036,-0.442034,1.997758,0.548438,0.381130,-3.680954,-3.475977,-1.363158,1.604931,-0.156072,-0.997298,-2.217767,-0.222569,-0.406266,2.080445,-0.520691
Atha_THAA1_BAB11062.1	Atha_THAA1_BAB11062.1	acceptor_superclass::Triterpenoids	acceptor_superclass::Fatty acyls;acceptor_superclass::Lignans;acceptor_superclass::Naphthalenes;acceptor_superclass::Phenanthrenoids;acceptor_superclass::Phenylethanoids (C6-C2);acceptor_superclass::Pseudoalkaloids;acceptor_superclass::Triterpenoids;acceptor_superclass::Tryptophan alkaloids;acceptor_superclass::Tyrosine alkaloids	0,0,0,0,0,0,0,0,0,0,0,0,0,0,0,0,0,0,0,0,1,0,0	0,0,0,0,1,0,0,1,0,0,1,0,1,0,1,0,1,0,0,0,1,1,1	-0.857530,-0.154427,-0.057024,-1.057302,0.100383,-0.819538,-2.477429,1.602107,-1.364720,-0.607915,0.503874,-1.045568,1.082390,-3.775830,0.199844,-0.167784,0.010854,-0.556007,-2.636501,-0.325492,0.323459,0.492445,0.600077
Atha_THAA2_AAO63428.1	Atha_THAA2_AAO63428.1	acceptor_superclass::Triterpenoids	acceptor_superclass::Coumarins;acceptor_superclass::Diterpenoids;acceptor_superclass::Fatty Acids and Conjugates;acceptor_superclass::Fatty acyls;acceptor_superclass::Lignans;acceptor_superclass::Monoterpenoids;acceptor_superclass::Phenanthrenoids;acceptor_superclass::Phenylethanoids (C6-C2);acceptor_superclass::Phenylpropanoids (C6-C3);acceptor_superclass::Triterpenoids;acceptor_superclass::Tryptophan alkaloids;acceptor_superclass::Tyrosine alkaloids	0,0,0,0,0,0,0,0,0,0,0,0,0,0,0,0,0,0,0,0,1,0,0	1,0,1,1,1,0,0,1,0,1,0,0,1,0,1,1,0,0,0,0,1,1,1	1.852953,-3.890394,1.493225,0.747883,0.656841,-0.172149,-1.767724,0.316080,-0.487501,0.543364,-1.025586,-0.795995,0.521771,-2.101307,1.205016,0.659223,-1.421293,-2.474913,-2.312558,-1.128960,0.451033,0.171288,0.269286
Bdis_PMT_CDG41682.1	Bdis_PMT_CDG41682.1	acceptor_superclass::Phenylpropanoids (C6-C3)	acceptor_superclass::Cyclic polyketides;acceptor_superclass::Diterpenoids;acceptor_superclass::Fatty acyls;acceptor_superclass::Lignans;acceptor_superclass::Naphthalenes;acceptor_superclass::Phenylethanoids (C6-C2);acceptor_superclass::Saccharides;acceptor_superclass::Triterpenoids;acceptor_superclass::Tyrosine alkaloids	0,0,0,0,0,0,0,0,0,0,0,0,0,0,0,1,0,0,0,0,0,0,0	0,1,1,0,1,0,0,1,0,0,1,0,0,0,1,0,0,1,0,0,1,0,1	-3.992221,1.649564,2.184406,-2.099135,0.913696,-0.103694,-0.625818,1.891451,-0.710388,-1.349854,1.060647,-1.650503,-0.114838,-5.314796,2.154427,-1.371334,-0.209527,2.142465,-0.656260,-2.033599,1.318698,-1.673477,0.667751
Bmul_HQT1_BCY27076.1	Bmul_HQT1_BCY27076.1	acceptor_superclass::Phenolic acids (C6-C1);acceptor_superclass::Phenylpropanoids (C6-C3)	acceptor_superclass::Fatty acyls;acceptor_superclass::Flavonoids;acceptor_superclass::Phenylethanoids (C6-C2);acceptor_superclass::Saccharides;acceptor_superclass::Triterpenoids;acceptor_superclass::Tyrosine alkaloids	0,0,0,0,0,0,0,0,0,0,0,0,0,1,0,1,0,0,0,0,0,0,0	0,0,0,0,1,1,0,0,0,0,0,0,0,0,1,0,0,1,0,0,1,0,1	-1.262596,-1.408033,-1.497956,-0.364875,0.570382,0.186866,-0.340154,-7.551467,-2.931375,-0.833993,-1.207361,-0.904012,-0.568033,-0.296030,0.421750,-1.192306,-1.080746,0.167722,-0.418242,-0.823345,1.178919,-2.144134,2.185379
Bmul_HQT1_BDR61289.1	Bmul_HQT1_BDR61289.1	acceptor_superclass::Phenolic acids (C6-C1)	acceptor_superclass::Fatty Acids and Conjugates;acceptor_superclass::Fatty acyls;acceptor_superclass::Flavonoids;acceptor_superclass::Phenolic acids (C6-C1);acceptor_superclass::Triterpenoids;acceptor_superclass::Tyrosine alkaloids	0,0,0,0,0,0,0,0,0,0,0,0,0,1,0,0,0,0,0,0,0,0,0	0,0,0,1,1,1,0,0,0,0,0,0,0,1,0,0,0,0,0,0,1,0,1	-0.408432,-3.468077,-4.008306,0.471445,0.511559,0.575555,-0.122837,-15.338309,-5.075089,-0.947049,-2.660109,-0.661184,-1.058115,1.909432,-0.154104,-1.475335,-1.736940,-0.739949,-0.601207,-0.601199,1.515895,-3.377995,3.667156
Bser_AT1_QXN66176.1	Bser_AT1_QXN66176.1	acceptor_superclass::Triterpenoids	acceptor_superclass::Diterpenoids;acceptor_superclass::Fatty acyls;acceptor_superclass::Phenylethanoids (C6-C2);acceptor_superclass::Saccharides;acceptor_superclass::Triterpenoids;acceptor_superclass::Tyrosine alkaloids	0,0,0,0,0,0,0,0,0,0,0,0,0,0,0,0,0,0,0,0,1,0,0	0,0,1,0,1,0,0,0,0,0,0,0,0,0,1,0,0,1,0,0,1,0,1	-2.694321,-0.272502,0.160820,-1.136852,0.712556,-0.125445,-0.724366,-4.027063,-2.231108,-1.014704,-0.155711,-1.418925,-0.391590,-2.358585,1.203086,-1.346658,-0.800327,1.345938,-0.534383,-1.739783,1.534240,-1.752692,1.835230
Cang_AT20_QLI57449.1	Cang_AT20_QLI57449.1	acceptor_superclass::Monoterpenoids	acceptor_superclass::Fatty acyls;acceptor_superclass::Flavonoids;acceptor_superclass::Phenylethanoids (C6-C2);acceptor_superclass::Saccharides;acceptor_superclass::Triterpenoids;acceptor_superclass::Tyrosine alkaloids	0,0,0,0,0,0,0,0,0,1,0,0,0,0,0,0,0,0,0,0,0,0,0	0,0,0,0,1,1,0,0,0,0,0,0,0,0,1,0,0,1,0,0,1,0,1	-2.789834,-0.810255,-0.391268,-1.086857,0.873561,0.057239,-0.753924,-5.828834,-2.736435,-1.165996,-0.575081,-1.544338,-0.611728,-2.241409,1.192693,-1.590951,-1.005824,1.114434,-0.668052,-1.758790,1.541609,-2.471015,2.187743
Cann_AT3_NP_001311698.1	Cann_AT3_NP_001311698.1	acceptor_superclass::Tyrosine alkaloids	acceptor_superclass::Coumarins;acceptor_superclass::Diterpenoids;acceptor_superclass::Fatty Acids and Conjugates;acceptor_superclass::Fatty acyls;acceptor_superclass::Lignans;acceptor_superclass::Lysine alkaloids;acceptor_superclass::Monoterpenoids;acceptor_superclass::Phenanthrenoids;acceptor_superclass::Phenylethanoids (C6-C2);acceptor_superclass::Phenylpropanoids (C6-C3);acceptor_superclass::Triterpenoids;acceptor_superclass::Tryptophan alkaloids	0,0,0,0,0,0,0,0,0,0,0,0,0,0,0,0,0,0,0,0,0,0,1	1,0,1,1,1,0,0,1,1,1,0,0,1,0,1,1,0,0,0,0,1,1,0	0.905080,-2.998827,1.871714,0.317999,0.570096,-0.450804,-1.820903,0.763126,0.273071,0.787279,-0.223513,-0.746312,0.419581,-2.972955,0.936309,0.522883,-1.149946,-2.092238,-2.687555,-1.173987,0.413601,0.337570,-0.208297
Cblu_HCT_CBI83579.1	Cblu_HCT_CBI83579.1	acceptor_superclass::Phenolic acids (C6-C1);acceptor_superclass::Tyrosine alkaloids	acceptor_superclass::Coumarins;acceptor_superclass::Fatty Acids and Conjugates;acceptor_superclass::Fatty acyls;acceptor_superclass::Flavonoids;acceptor_superclass::Phenanthrenoids;acceptor_superclass::Phenolic acids (C6-C1);acceptor_superclass::Phenylethanoids (C6-C2);acceptor_superclass::Phenylpropanoids (C6-C3);acceptor_superclass::Small peptides;acceptor_superclass::Triterpenoids;acceptor_superclass::Tyrosine alkaloids	0,0,0,0,0,0,0,0,0,0,0,0,0,1,0,0,0,0,0,0,0,0,1	1,0,0,1,1,1,0,0,0,0,0,0,1,1,1,1,0,0,1,0,1,0,1	5.512221,-6.870406,-0.770896,2.142750,0.709498,1.210137,-0.857624,-1.544801,-3.386600,-0.764557,-4.757285,-1.165805,1.279910,2.412859,2.579336,0.988866,-1.898661,-3.537107,0.095335,-0.481908,0.212606,-1.275006,2.355134
Cblu_HCT_CBI83579.1	Cblu_HST_CBI83579.1	acceptor_superclass::Phenolic acids (C6-C1);acceptor_superclass::Small peptides	acceptor_superclass::Coumarins;acceptor_superclass::Fatty Acids and Conjugates;acceptor_superclass::Phenanthrenoids;acceptor_superclass::Phenolic acids (C6-C1);acceptor_superclass::Phenylethanoids (C6-C2);acceptor_superclass::Small peptides;acceptor_superclass::Tyrosine alkaloids	0,0,0,0,0,0,0,0,0,0,0,0,0,1,0,0,0,0,1,0,0,0,0	1,0,0,1,0,0,0,0,0,0,0,0,1,1,1,0,0,0,1,0,0,0,1	1.180059,-4.286603,-4.305643,0.894364,-0.273208,-1.315019,-1.552180,-3.864378,-4.636891,-2.302901,-1.820582,-0.587815,4.402935,2.286186,0.437318,-0.854069,-0.695010,-5.349529,1.326144,-1.680294,-0.166257,-1.061761,3.878982
Cblu_RAS_CAK55166.1	Cblu_RAS_CAK55166.1	acceptor_superclass::Small peptides;acceptor_superclass::Tyrosine alkaloids	acceptor_superclass::Flavonoids;acceptor_superclass::Isoflavonoids;acceptor_superclass::Phenanthrenoids;acceptor_superclass::Phenolic acids (C6-C1);acceptor_superclass::Phenylpropanoids (C6-C3);acceptor_superclass::Small peptides;acceptor_superclass::Steroids;acceptor_superclass::Triterpenoids;acceptor_superclass::Tyrosine alkaloids	0,0,0,0,0,0,0,0,0,0,0,0,0,0,0,0,0,0,1,0,0,0,1	0,0,0,0,0,1,1,0,0,0,0,0,1,1,0,1,0,0,1,1,1,0,1	-0.561661,-1.846334,-1.986840,-1.097708,-1.475127,0.828188,0.207008,-5.128234,-6.014917,-0.896743,-3.956307,-0.610852,1.367499,1.134353,-0.262356,0.595373,-1.361977,-9.093475,2.779714,7.822681,0.487334,-0.662624,2.889393
Cbra_HQT-like_GBG71902.1	Cbra_HQT-like_GBG71902.1	acceptor_superclass::Phenolic acids (C6-C1)	acceptor_superclass::Diterpenoids;acceptor_superclass::Fatty acyls;acceptor_superclass::Phenylethanoids (C6-C2);acceptor_superclass::Saccharides;acceptor_superclass::Triterpenoids;acceptor_superclass::Tyrosine alkaloids	0,0,0,0,0,0,0,0,0,0,0,0,0,1,0,0,0,0,0,0,0,0,0	0,0,1,0,1,0,0,0,0,0,0,0,0,0,1,0,0,1,0,0,1,0,1	-2.199846,-0.730696,0.006996,-0.664264,0.357653,-0.021964,-0.372952,-4.693824,-2.291995,-0.697436,-0.161351,-1.084011,-0.167281,-1.778628,1.069789,-1.054477,-0.561034,1.760970,-0.515907,-1.634682,1.421891,-1.228046,1.764349
Cbre_BEAT_AAC18062.1	Cbre_BEAT_AAC18062.1	acceptor_superclass::Phenanthrenoids;acceptor_superclass::Phenylethanoids (C6-C2);acceptor_superclass::Phenylpropanoids (C6-C3)	acceptor_superclass::Cyclic polyketides;acceptor_superclass::Diterpenoids;acceptor_superclass::Flavonoids;acceptor_superclass::Steroids;acceptor_superclass::Triterpenoids;acceptor_superclass::Tryptophan alkaloids;acceptor_superclass::Tyrosine alkaloids	0,0,0,0,0,0,0,0,0,0,0,0,1,0,1,1,0,0,0,0,0,0,0	0,1,1,0,0,1,0,0,0,0,0,0,0,0,0,0,0,0,0,1,1,1,1	-3.850902,1.277115,0.792038,-1.914199,-2.034576,0.243198,-0.964424,-12.382306,-0.557640,-1.177674,-0.033714,-0.267346,-2.823106,-2.402496,-0.693272,-0.623939,-0.080527,-1.355899,-1.467611,6.299401,0.388758,1.421496,1.774448
Cbre_BEBT_AAN09796.1	Cbre_BEBT_AAN09796.1	acceptor_superclass::Phenylpropanoids (C6-C3)	acceptor_superclass::Fatty acyls;acceptor_superclass::Phenylethanoids (C6-C2);acceptor_superclass::Saccharides;acceptor_superclass::Triterpenoids;acceptor_superclass::Tyrosine alkaloids	0,0,0,0,0,0,0,0,0,0,0,0,0,0,0,1,0,0,0,0,0,0,0	0,0,0,0,1,0,0,0,0,0,0,0,0,0,1,0,0,1,0,0,1,0,1	-2.730752,-0.731861,-0.204608,-1.034156,0.818149,-0.015133,-0.810748,-5.189476,-2.516466,-1.054956,-0.425912,-1.485964,-0.559707,-2.152120,1.111996,-1.473897,-0.899374,1.185782,-0.632542,-1.760976,1.476905,-2.162730,2.054302
Ccan_HCT_ABO47805.1	Ccan_HCT_ABO47805.1	acceptor_superclass::Phenolic acids (C6-C1);acceptor_superclass::Phenylpropanoids (C6-C3)	acceptor_superclass::Flavonoids;acceptor_superclass::Isoflavonoids;acceptor_superclass::Phenanthrenoids;acceptor_superclass::Phenolic acids (C6-C1);acceptor_superclass::Phenylpropanoids (C6-C3);acceptor_superclass::Small peptides;acceptor_superclass::Steroids;acceptor_superclass::Triterpenoids;acceptor_superclass::Tyrosine alkaloids	0,0,0,0,0,0,0,0,0,0,0,0,0,1,0,1,0,0,0,0,0,0,0	0,0,0,0,0,1,1,0,0,0,0,0,1,1,0,1,0,0,1,1,1,0,1	-0.360854,-2.752357,-2.825523,-1.214644,-1.785074,1.071852,0.342507,-5.572435,-8.274811,-1.081518,-5.505939,-0.826723,2.173867,1.898810,-0.310789,0.886658,-1.915379,-12.339748,4.074842,9.936281,0.634726,-1.040418,3.787416
Ccan_HQT_ABO77957.1	Ccan_HQT_ABO77957.1	acceptor_superclass::Phenolic acids (C6-C1);acceptor_superclass::Phenylpropanoids (C6-C3)	acceptor_superclass::Flavonoids;acceptor_superclass::Isoflavonoids;acceptor_superclass::Phenanthrenoids;acceptor_superclass::Phenolic acids (C6-C1);acceptor_superclass::Phenylpropanoids (C6-C3);acceptor_superclass::Small peptides;acceptor_superclass::Steroids;acceptor_superclass::Triterpenoids;acceptor_superclass::Tyrosine alkaloids	0,0,0,0,0,0,0,0,0,0,0,0,0,1,0,1,0,0,0,0,0,0,0	0,0,0,0,0,1,1,0,0,0,0,0,1,1,0,1,0,0,1,1,1,0,1	-0.412647,-2.596626,-2.718283,-1.275667,-1.796451,1.083506,0.404632,-5.751121,-7.993541,-1.098259,-5.249232,-0.778628,2.051620,1.726677,-0.295581,0.849779,-1.827908,-11.920797,3.844103,9.822407,0.629497,-0.985117,3.696437
Ccar_HCT_AAZ80046.1	Ccar_HCT_AAZ80046.1	acceptor_superclass::Phenolic acids (C6-C1)	acceptor_superclass::Coumarins;acceptor_superclass::Fatty Acids and Conjugates;acceptor_superclass::Phenanthrenoids;acceptor_superclass::Phenolic acids (C6-C1);acceptor_superclass::Phenylethanoids (C6-C2);acceptor_superclass::Small peptides;acceptor_superclass::Tyrosine alkaloids	0,0,0,0,0,0,0,0,0,0,0,0,0,1,0,0,0,0,0,0,0,0,0	1,0,0,1,0,0,0,0,0,0,0,0,1,1,1,0,0,0,1,0,0,0,1	1.246106,-4.402184,-4.551000,0.909969,-0.295031,-1.321107,-1.503142,-4.111170,-4.882730,-2.470077,-1.791768,-0.601968,4.649470,2.423222,0.499550,-0.961604,-0.675139,-5.579414,1.381747,-1.788253,-0.088246,-1.007762,4.103106
Ccar_HQT1_CAM84302.2	Ccar_HQT1_CAM84302.2	acceptor_superclass::Phenolic acids (C6-C1)	acceptor_superclass::Coumarins;acceptor_superclass::Fatty Acids and Conjugates;acceptor_superclass::Phenanthrenoids;acceptor_superclass::Phenolic acids (C6-C1);acceptor_superclass::Phenylethanoids (C6-C2);acceptor_superclass::Small peptides;acceptor_superclass::Tyrosine alkaloids	0,0,0,0,0,0,0,0,0,0,0,0,0,1,0,0,0,0,0,0,0,0,0	1,0,0,1,0,0,0,0,0,0,0,0,1,1,1,0,0,0,1,0,0,0,1	0.535468,-3.159158,-3.013904,0.291294,-0.152294,-1.217494,-1.891654,-2.281809,-3.697675,-1.865597,-1.122878,-0.662563,3.454831,0.540657,0.422573,-0.665479,-0.425286,-3.986771,0.112919,-1.439955,-0.048455,-0.571369,2.932273
Ccar_HQT2_ACJ23164.1	Ccar_HQT2_ACJ23164.1	acceptor_superclass::Phenolic acids (C6-C1)	acceptor_superclass::Flavonoids;acceptor_superclass::Isoflavonoids;acceptor_superclass::Phenanthrenoids;acceptor_superclass::Phenolic acids (C6-C1);acceptor_superclass::Phenylpropanoids (C6-C3);acceptor_superclass::Small peptides;acceptor_superclass::Steroids;acceptor_superclass::Triterpenoids;acceptor_superclass::Tyrosine alkaloids	0,0,0,0,0,0,0,0,0,0,0,0,0,1,0,0,0,0,0,0,0,0,0	0,0,0,0,0,1,1,0,0,0,0,0,1,1,0,1,0,0,1,1,1,0,1	-0.537437,-2.683290,-2.764492,-1.313813,-1.875789,1.101616,0.376855,-6.191919,-8.248384,-1.141082,-5.407021,-0.827665,2.036113,1.738399,-0.330338,0.850183,-1.891793,-12.269116,3.948095,10.196130,0.659906,-0.970483,3.837267
Ccar_HQT_ABK79689.1	Ccar_HQT_ABK79689.1	acceptor_superclass::Phenolic acids (C6-C1)	acceptor_superclass::Flavonoids;acceptor_superclass::Isoflavonoids;acceptor_superclass::Phenanthrenoids;acceptor_superclass::Phenolic acids (C6-C1);acceptor_superclass::Phenylpropanoids (C6-C3);acceptor_superclass::Small peptides;acceptor_superclass::Steroids;acceptor_superclass::Triterpenoids;acceptor_superclass::Tyrosine alkaloids	0,0,0,0,0,0,0,0,0,0,0,0,0,1,0,0,0,0,0,0,0,0,0	0,0,0,0,0,1,1,0,0,0,0,0,1,1,0,1,0,0,1,1,1,0,1	-0.263663,-3.030289,-3.079117,-1.243209,-1.854068,1.137170,0.434090,-5.592871,-8.903855,-1.123284,-5.894314,-0.887203,2.430151,2.114647,-0.307691,0.979887,-2.060655,-13.220421,4.437479,10.460466,0.670020,-1.160278,4.018186
Ccar_HQT_ABK79690.1	Ccar_HQT_ABK79690.1	acceptor_superclass::Phenolic acids (C6-C1)	acceptor_superclass::Fatty Acids and Conjugates;acceptor_superclass::Ornithine alkaloids;acceptor_superclass::Phenolic acids (C6-C1);acceptor_superclass::Phenylethanoids (C6-C2);acceptor_superclass::Phenylpropanoids (C6-C3);acceptor_superclass::Small peptides;acceptor_superclass::Steroids;acceptor_superclass::Tyrosine alkaloids	0,0,0,0,0,0,0,0,0,0,0,0,0,1,0,0,0,0,0,0,0,0,0	0,0,0,1,0,0,0,0,0,0,0,1,0,1,1,1,0,0,1,1,0,0,1	-3.589765,-9.552809,-8.898741,3.861298,-0.543498,-1.594975,-0.139939,-0.896787,-2.824171,-0.232521,-1.469180,0.690420,-4.938149,4.115588,0.107282,1.651628,-0.014118,-7.784316,3.290297,1.682576,-3.164977,-0.223304,0.610300
Cchi_AT3_AAV66309.1	Cchi_AT3_AAV66309.1	acceptor_superclass::Tyrosine alkaloids	acceptor_superclass::Cyclic polyketides;acceptor_superclass::Diterpenoids;acceptor_superclass::Fatty acyls;acceptor_superclass::Naphthalenes;acceptor_superclass::Phenylethanoids (C6-C2);acceptor_superclass::Saccharides;acceptor_superclass::Triterpenoids;acceptor_superclass::Tyrosine alkaloids	0,0,0,0,0,0,0,0,0,0,0,0,0,0,0,0,0,0,0,0,0,0,1	0,1,1,0,1,0,0,0,0,0,1,0,0,0,1,0,0,1,0,0,1,0,1	-3.627809,0.621466,1.250833,-1.679548,0.806122,-0.206578,-0.856353,-1.330963,-1.598526,-1.235878,0.604734,-1.825413,-0.284644,-3.977696,1.689084,-1.491150,-0.583004,1.962423,-0.653202,-2.090081,1.635648,-1.621806,1.533348
Ccro_AT1_AXB26761.1	Ccro_AT1_AXB26761.1	acceptor_superclass::Flavonoids	acceptor_superclass::Diterpenoids;acceptor_superclass::Fatty acyls;acceptor_superclass::Lignans;acceptor_superclass::Lysine alkaloids;acceptor_superclass::Monoterpenoids;acceptor_superclass::Naphthalenes;acceptor_superclass::Phenanthrenoids;acceptor_superclass::Phenylethanoids (C6-C2);acceptor_superclass::Phenylpropanoids (C6-C3)	0,0,0,0,0,1,0,0,0,0,0,0,0,0,0,0,0,0,0,0,0,0,0	0,0,1,0,1,0,0,1,1,1,1,0,1,0,1,1,0,0,0,0,0,0,0	-1.328935,-1.548640,3.162667,-0.647919,0.564426,-0.876938,-2.619357,2.183082,2.201890,1.937632,1.096031,-0.290720,0.143676,-5.515896,0.215537,0.663718,-0.417203,-2.275001,-3.958720,-1.801463,-0.057518,-0.213567,-1.741651
Ccro_AT1_AXB26761.1	Ccro_AT2_AXB26761.1	acceptor_superclass::Flavonoids	acceptor_superclass::Cyclic polyketides;acceptor_superclass::Diterpenoids;acceptor_superclass::Lignans;acceptor_superclass::Lysine alkaloids;acceptor_superclass::Monoterpenoids;acceptor_superclass::Naphthalenes;acceptor_superclass::Ornithine alkaloids;acceptor_superclass::Phenylpropanoids (C6-C3);acceptor_superclass::Tryptophan alkaloids	0,0,0,0,0,1,0,0,0,0,0,0,0,0,0,0,0,0,0,0,0,0,0	0,1,1,0,0,0,0,1,1,1,1,1,0,0,0,1,0,0,0,0,0,1,0	-6.000641,5.111627,1.777156,-2.380994,-1.729768,-0.012696,-4.002342,1.568969,0.235206,2.707020,0.551715,0.240286,-4.085772,-4.662710,-1.586752,1.872075,-0.393823,-0.168045,-2.918630,-0.857840,-0.168774,2.519858,-0.729883
Ccro_AT2_AXB26762.1	Ccro_AT2_AXB26762.1	acceptor_superclass::Flavonoids	acceptor_superclass::Cyclic polyketides;acceptor_superclass::Diterpenoids;acceptor_superclass::Fatty acyls;acceptor_superclass::Lignans;acceptor_superclass::Lysine alkaloids;acceptor_superclass::Naphthalenes;acceptor_superclass::Phenylethanoids (C6-C2);acceptor_superclass::Pseudoalkaloids;acceptor_superclass::Saccharides;acceptor_superclass::Triterpenoids;acceptor_superclass::Tyrosine alkaloids	0,0,0,0,0,1,0,0,0,0,0,0,0,0,0,0,0,0,0,0,0,0,0	0,1,1,0,1,0,0,1,1,0,1,0,0,0,1,0,1,1,0,0,1,0,1	-5.187030,2.625334,3.448326,-2.834159,1.165330,-0.251977,-1.014009,5.080395,0.026319,-1.571125,1.632846,-2.021201,-0.208251,-7.037021,2.768545,-1.577714,0.022430,2.791083,-0.680663,-2.650544,1.326949,-1.735236,0.255537
Ccro_HCT_WKA69991.1	Ccro_HCT_WKA69991.1	acceptor_superclass::Phenolic acids (C6-C1)	acceptor_superclass::Fatty Acids and Conjugates;acceptor_superclass::Isoflavonoids;acceptor_superclass::Ornithine alkaloids;acceptor_superclass::Phenolic acids (C6-C1);acceptor_superclass::Phenylethanoids (C6-C2);acceptor_superclass::Phenylpropanoids (C6-C3);acceptor_superclass::Pseudoalkaloids;acceptor_superclass::Small peptides;acceptor_superclass::Steroids;acceptor_superclass::Tyrosine alkaloids	0,0,0,0,0,0,0,0,0,0,0,0,0,1,0,0,0,0,0,0,0,0,0	0,0,0,1,0,0,1,0,0,0,0,1,0,1,1,1,1,0,1,1,0,0,1	-3.501037,-9.294248,-8.884508,3.788164,-0.673125,-1.320585,0.121851,-0.911674,-3.008823,-0.308569,-1.342770,0.780197,-4.846152,3.936642,0.108081,1.595420,0.144185,-7.618384,3.176731,1.845654,-3.043197,-0.062821,0.578185
Cint_HCT1_ANN12608.1	Cint_HCT1_ANN12608.1	acceptor_superclass::Phenolic acids (C6-C1)	acceptor_superclass::Coumarins;acceptor_superclass::Fatty Acids and Conjugates;acceptor_superclass::Fatty acyls;acceptor_superclass::Flavonoids;acceptor_superclass::Phenanthrenoids;acceptor_superclass::Phenolic acids (C6-C1);acceptor_superclass::Phenylethanoids (C6-C2);acceptor_superclass::Phenylpropanoids (C6-C3);acceptor_superclass::Triterpenoids;acceptor_superclass::Tyrosine alkaloids	0,0,0,0,0,0,0,0,0,0,0,0,0,1,0,0,0,0,0,0,0,0,0	1,0,0,1,1,1,0,0,0,0,0,0,1,1,1,1,0,0,0,0,1,0,1	5.077273,-6.458306,-0.587713,1.951217,0.703947,1.083827,-0.913363,-1.358108,-3.039163,-0.644740,-4.311357,-1.062385,1.177161,1.991332,2.374494,0.945588,-1.756099,-3.399702,-0.121728,-0.564782,0.226815,-1.190754,2.124745
Cint_HCT2_ANN12609.1	Cint_HCT2_ANN12609.1	acceptor_superclass::Phenolic acids (C6-C1)	acceptor_superclass::Fatty Acids and Conjugates;acceptor_superclass::Fatty acyls;acceptor_superclass::Flavonoids;acceptor_superclass::Phenolic acids (C6-C1);acceptor_superclass::Phenylethanoids (C6-C2);acceptor_superclass::Triterpenoids;acceptor_superclass::Tyrosine alkaloids	0,0,0,0,0,0,0,0,0,0,0,0,0,1,0,0,0,0,0,0,0,0,0	0,0,0,1,1,1,0,0,0,0,0,0,0,1,1,0,0,0,0,0,1,0,1	-0.721232,-2.865407,-3.235573,0.189559,0.550822,0.491301,-0.220181,-12.904818,-4.376886,-0.942392,-2.185883,-0.728676,-0.975401,1.210940,0.007190,-1.407446,-1.513841,-0.514201,-0.567933,-0.712376,1.394583,-3.081947,3.220195
Cint_HQT1_ANN12610.1	Cint_HQT1_ANN12610.1	acceptor_superclass::Phenolic acids (C6-C1)	acceptor_superclass::Coumarins;acceptor_superclass::Fatty Acids and Conjugates;acceptor_superclass::Phenanthrenoids;acceptor_superclass::Phenolic acids (C6-C1);acceptor_superclass::Phenylethanoids (C6-C2);acceptor_superclass::Small peptides;acceptor_superclass::Tyrosine alkaloids	0,0,0,0,0,0,0,0,0,0,0,0,0,1,0,0,0,0,0,0,0,0,0	1,0,0,1,0,0,0,0,0,0,0,0,1,1,1,0,0,0,1,0,0,0,1	1.312901,-4.008088,-4.269324,0.662072,-0.329023,-0.968349,-1.212954,-3.710995,-4.692083,-2.401858,-1.639598,-0.663428,4.542019,1.878844,0.394377,-0.976849,-0.699455,-5.460318,1.182281,-1.497838,-0.069031,-1.116404,3.809706
Cint_HQT2_ANN12611.1	Cint_HQT2_ANN12611.1	acceptor_superclass::Phenolic acids (C6-C1)	acceptor_superclass::Coumarins;acceptor_superclass::Fatty Acids and Conjugates;acceptor_superclass::Fatty acyls;acceptor_superclass::Flavonoids;acceptor_superclass::Phenanthrenoids;acceptor_superclass::Phenolic acids (C6-C1);acceptor_superclass::Phenylethanoids (C6-C2);acceptor_superclass::Phenylpropanoids (C6-C3);acceptor_superclass::Triterpenoids;acceptor_superclass::Tyrosine alkaloids	0,0,0,0,0,0,0,0,0,0,0,0,0,1,0,0,0,0,0,0,0,0,0	1,0,0,1,1,1,0,0,0,0,0,0,1,1,1,1,0,0,0,0,1,0,1	4.902938,-6.106199,-0.632477,1.849411,0.571097,1.134815,-0.545886,-1.242366,-2.918098,-0.649033,-3.986001,-0.999265,1.236360,1.707488,2.270074,0.818538,-1.621232,-3.304609,-0.202028,-0.487534,0.203454,-1.155077,2.021158
Cint_HQT3_ANN12612.1	Cint_HQT3_ANN12612.1	acceptor_superclass::Phenolic acids (C6-C1)	acceptor_superclass::Coumarins;acceptor_superclass::Fatty Acids and Conjugates;acceptor_superclass::Fatty acyls;acceptor_superclass::Flavonoids;acceptor_superclass::Phenanthrenoids;acceptor_superclass::Phenolic acids (C6-C1);acceptor_superclass::Phenylethanoids (C6-C2);acceptor_superclass::Phenylpropanoids (C6-C3);acceptor_superclass::Triterpenoids;acceptor_superclass::Tyrosine alkaloids	0,0,0,0,0,0,0,0,0,0,0,0,0,1,0,0,0,0,0,0,0,0,0	1,0,0,1,1,1,0,0,0,0,0,0,1,1,1,1,0,0,0,0,1,0,1	4.344480,-5.493608,-0.467333,1.574501,0.540133,0.947910,-0.645245,-1.012327,-2.489670,-0.533274,-3.435593,-0.884856,1.080048,1.358924,2.010228,0.743327,-1.460312,-3.059241,-0.325202,-0.539190,0.191596,-1.036246,1.738502
Cint_SHT1_AXY93625.1	Cint_SHT1_AXY93625.1	acceptor_superclass::Ornithine alkaloids;acceptor_superclass::Phenolic acids (C6-C1);acceptor_superclass::Pseudoalkaloids	acceptor_superclass::Coumarins;acceptor_superclass::Fatty Acids and Conjugates;acceptor_superclass::Phenanthrenoids;acceptor_superclass::Phenolic acids (C6-C1);acceptor_superclass::Phenylethanoids (C6-C2);acceptor_superclass::Small peptides;acceptor_superclass::Tyrosine alkaloids	0,0,0,0,0,0,0,0,0,0,0,1,0,1,0,0,1,0,0,0,0,0,0	1,0,0,1,0,0,0,0,0,0,0,0,1,1,1,0,0,0,1,0,0,0,1	1.346455,-3.522235,-4.025308,0.597344,-0.328329,-0.624940,-0.856595,-3.479719,-4.634783,-2.242717,-1.628834,-0.476532,4.414123,1.521249,0.327375,-1.056494,-0.539351,-5.138250,1.016214,-1.302119,-0.023971,-1.074563,3.472440
Cint_SHT2_AXY93626.1	Cint_SHT2_AXY93626.1	acceptor_superclass::Ornithine alkaloids;acceptor_superclass::Phenolic acids (C6-C1);acceptor_superclass::Pseudoalkaloids	acceptor_superclass::Flavonoids;acceptor_superclass::Isoflavonoids;acceptor_superclass::Phenanthrenoids;acceptor_superclass::Phenolic acids (C6-C1);acceptor_superclass::Phenylpropanoids (C6-C3);acceptor_superclass::Small peptides;acceptor_superclass::Steroids;acceptor_superclass::Triterpenoids;acceptor_superclass::Tyrosine alkaloids	0,0,0,0,0,0,0,0,0,0,0,1,0,1,0,0,1,0,0,0,0,0,0	0,0,0,0,0,1,1,0,0,0,0,0,1,1,0,1,0,0,1,1,1,0,1	-0.631206,-2.251201,-2.406860,-1.302797,-1.782537,1.033865,0.350073,-6.180894,-7.340018,-1.093111,-4.753633,-0.713113,1.704509,1.371414,-0.294931,0.730222,-1.663287,-10.948507,3.369598,9.474553,0.614473,-0.805322,3.497388
Cmel_AAT1_CAA94432.1	Cmel_AAT1_CAA94432.1	acceptor_superclass::Fatty acyls;acceptor_superclass::Phenylethanoids (C6-C2);acceptor_superclass::Phenylpropanoids (C6-C3)	acceptor_superclass::Cyclic polyketides;acceptor_superclass::Flavonoids;acceptor_superclass::Steroids;acceptor_superclass::Triterpenoids;acceptor_superclass::Tryptophan alkaloids;acceptor_superclass::Tyrosine alkaloids	0,0,0,0,1,0,0,0,0,0,0,0,0,0,1,1,0,0,0,0,0,0,0	0,1,0,0,0,1,0,0,0,0,0,0,0,0,0,0,0,0,0,1,1,1,1	-3.818209,0.351070,-0.027724,-2.078285,-2.370141,0.491562,-0.912588,-13.173797,-2.725026,-1.372713,-1.624708,-0.515969,-2.173981,-1.698084,-0.754830,-0.385481,-0.598805,-4.552999,-0.196707,8.458223,0.490784,1.049264,2.685562
Cmel_AAT3_AAW51125.1	Cmel_AAT3_AAW51125.1	acceptor_superclass::Fatty acyls	acceptor_superclass::Coumarins;acceptor_superclass::Diterpenoids;acceptor_superclass::Fatty Acids and Conjugates;acceptor_superclass::Fatty acyls;acceptor_superclass::Flavonoids;acceptor_superclass::Lignans;acceptor_superclass::Monoterpenoids;acceptor_superclass::Phenanthrenoids;acceptor_superclass::Phenylethanoids (C6-C2);acceptor_superclass::Phenylpropanoids (C6-C3);acceptor_superclass::Triterpenoids;acceptor_superclass::Tyrosine alkaloids	0,0,0,0,1,0,0,0,0,0,0,0,0,0,0,0,0,0,0,0,0,0,0	1,0,1,1,1,1,0,1,0,1,0,0,1,0,1,1,0,0,0,0,1,0,1	2.584395,-4.832844,1.230126,0.959816,0.788633,0.152146,-1.872261,0.125144,-0.835491,0.454358,-2.016698,-1.009048,0.797101,-1.406841,1.675678,0.884241,-1.472002,-3.086321,-2.049725,-1.152645,0.203917,-0.582908,0.481159
Cmel_AAT4_AAW51126.1	Cmel_AAT4_AAW51126.1	acceptor_superclass::Fatty acyls;acceptor_superclass::Monoterpenoids;acceptor_superclass::Phenylpropanoids (C6-C3)	acceptor_superclass::Cyclic polyketides;acceptor_superclass::Diterpenoids;acceptor_superclass::Flavonoids;acceptor_superclass::Lysine alkaloids;acceptor_superclass::Naphthalenes;acceptor_superclass::Pseudoalkaloids;acceptor_superclass::Saccharides;acceptor_superclass::Steroids;acceptor_superclass::Triterpenoids;acceptor_superclass::Tryptophan alkaloids;acceptor_superclass::Tyrosine alkaloids	0,0,0,0,1,0,0,0,0,1,0,0,0,0,0,1,0,0,0,0,0,0,0	0,1,1,0,0,1,0,0,1,0,1,0,0,0,0,0,1,1,0,1,1,1,1	-5.079944,2.266268,1.613522,-2.331431,-2.387477,0.139743,-1.381843,-15.442445,0.924728,-1.354827,1.001508,-0.196401,-4.209939,-3.568477,-0.867729,-1.018633,0.256532,0.648051,-2.754149,6.432520,0.379066,2.087337,1.627193
Cros_DAT_AAC99311.1	Cros_DAT_AAC99311.1	acceptor_superclass::Tryptophan alkaloids	acceptor_superclass::Cyclic polyketides;acceptor_superclass::Diterpenoids;acceptor_superclass::Lignans;acceptor_superclass::Monoterpenoids;acceptor_superclass::Naphthalenes;acceptor_superclass::Ornithine alkaloids;acceptor_superclass::Phenylpropanoids (C6-C3);acceptor_superclass::Saccharides;acceptor_superclass::Tryptophan alkaloids	0,0,0,0,0,0,0,0,0,0,0,0,0,0,0,0,0,0,0,0,0,1,0	0,1,1,0,0,0,0,1,0,1,1,1,0,0,0,1,0,1,0,0,0,1,0	-7.102135,5.828119,1.590973,-2.679169,-2.172797,-0.034503,-4.369524,1.771160,-0.100166,2.895402,1.444315,0.294800,-4.678768,-5.493904,-2.019412,2.140927,-0.299945,0.064111,-3.588685,-0.839653,-0.008908,3.417292,-0.829803
Cros_MAT_AAO13736.1	Cros_MAT_AAO13736.1	acceptor_superclass::Tryptophan alkaloids	acceptor_superclass::Cyclic polyketides;acceptor_superclass::Diterpenoids;acceptor_superclass::Fatty acyls;acceptor_superclass::Lignans;acceptor_superclass::Naphthalenes;acceptor_superclass::Phenylethanoids (C6-C2);acceptor_superclass::Saccharides;acceptor_superclass::Triterpenoids;acceptor_superclass::Tyrosine alkaloids	0,0,0,0,0,0,0,0,0,0,0,0,0,0,0,0,0,0,0,0,0,1,0	0,1,1,0,1,0,0,1,0,0,1,0,0,0,1,0,0,1,0,0,1,0,1	-5.044395,2.184419,3.014986,-2.681263,1.073587,-0.362394,-1.055370,3.240653,-0.590097,-1.577217,1.578414,-2.203268,-0.190459,-6.407637,2.522703,-1.673281,-0.229418,2.851529,-0.728482,-2.687400,1.766750,-1.547750,0.859443
Cros_TAT_AQP25667.1	Cros_TAT_AQP25667.1	acceptor_superclass::Tryptophan alkaloids	acceptor_superclass::Cyclic polyketides;acceptor_superclass::Diterpenoids;acceptor_superclass::Fatty acyls;acceptor_superclass::Lignans;acceptor_superclass::Monoterpenoids;acceptor_superclass::Naphthalenes;acceptor_superclass::Phenylethanoids (C6-C2);acceptor_superclass::Phenylpropanoids (C6-C3);acceptor_superclass::Pseudoalkaloids;acceptor_superclass::Saccharides;acceptor_superclass::Triterpenoids;acceptor_superclass::Tryptophan alkaloids	0,0,0,0,0,0,0,0,0,0,0,0,0,0,0,0,0,0,0,0,0,1,0	0,1,1,0,1,0,0,1,0,1,1,0,0,0,1,1,1,1,0,0,1,1,0	-2.553381,0.317389,1.642210,-1.365854,0.633436,-1.994395,-4.609290,3.694168,-0.404956,0.113587,1.166271,-1.934586,-0.305487,-5.886817,0.447630,0.279836,0.003343,1.749621,-4.957280,-0.775216,0.615032,1.442686,-0.267328
Csat_HCT_AEJ88365.1	Csat_HCT_AEJ88365.1	acceptor_superclass::Phenolic acids (C6-C1)	acceptor_superclass::Fatty Acids and Conjugates;acceptor_superclass::Ornithine alkaloids;acceptor_superclass::Phenolic acids (C6-C1);acceptor_superclass::Phenylethanoids (C6-C2);acceptor_superclass::Phenylpropanoids (C6-C3);acceptor_superclass::Small peptides;acceptor_superclass::Steroids;acceptor_superclass::Tyrosine alkaloids	0,0,0,0,0,0,0,0,0,0,0,0,0,1,0,0,0,0,0,0,0,0,0	0,0,0,1,0,0,0,0,0,0,0,1,0,1,1,1,0,0,1,1,0,0,1	-3.545405,-10.156128,-9.377117,4.196152,-0.546611,-1.593199,-0.035313,-0.998149,-3.037823,-0.343280,-1.597772,0.719423,-4.993918,4.414675,0.173392,1.690775,-0.003856,-8.157774,3.556013,1.874514,-3.363104,-0.288428,0.683125
Csco_HQT1_CAM84302.2	Csco_HQT1_CAM84302.2	acceptor_superclass::Phenolic acids (C6-C1)	acceptor_superclass::Flavonoids;acceptor_superclass::Phenanthrenoids;acceptor_superclass::Phenolic acids (C6-C1);acceptor_superclass::Phenylpropanoids (C6-C3);acceptor_superclass::Small peptides;acceptor_superclass::Steroids;acceptor_superclass::Triterpenoids;acceptor_superclass::Tyrosine alkaloids	0,0,0,0,0,0,0,0,0,0,0,0,0,1,0,0,0,0,0,0,0,0,0	0,0,0,0,0,1,0,0,0,0,0,0,1,1,0,1,0,0,1,1,1,0,1	-1.489716,-1.612910,-1.845506,-1.522553,-1.937261,0.882166,-0.014653,-7.966452,-6.188677,-1.186809,-4.023715,-0.685924,0.676545,0.634877,-0.448040,0.448255,-1.384175,-9.433269,2.496106,9.214603,0.578026,-0.344301,3.315427
Csco_HQT2_ACJ23164.1	Csco_HQT2_ACJ23164.1	acceptor_superclass::Phenolic acids (C6-C1)	acceptor_superclass::Coumarins;acceptor_superclass::Fatty Acids and Conjugates;acceptor_superclass::Fatty acyls;acceptor_superclass::Flavonoids;acceptor_superclass::Phenanthrenoids;acceptor_superclass::Phenolic acids (C6-C1);acceptor_superclass::Phenylethanoids (C6-C2);acceptor_superclass::Phenylpropanoids (C6-C3);acceptor_superclass::Triterpenoids;acceptor_superclass::Tyrosine alkaloids	0,0,0,0,0,0,0,0,0,0,0,0,0,1,0,0,0,0,0,0,0,0,0	1,0,0,1,1,1,0,0,0,0,0,0,1,1,1,1,0,0,0,0,1,0,1	5.630712,-6.953210,-0.773710,2.189151,0.645484,1.292128,-0.612504,-1.530963,-3.442610,-0.818441,-4.591264,-1.160875,1.350508,2.240345,2.587771,0.910095,-1.878355,-3.585501,-0.079656,-0.512731,0.270725,-1.183487,2.402977
Csin_AT1_THG04858.1	Csin_AT1_THG04858.1	acceptor_superclass::Flavonoids	acceptor_superclass::Cyclic polyketides;acceptor_superclass::Diterpenoids;acceptor_superclass::Flavonoids;acceptor_superclass::Steroids;acceptor_superclass::Triterpenoids;acceptor_superclass::Tryptophan alkaloids;acceptor_superclass::Tyrosine alkaloids	0,0,0,0,0,1,0,0,0,0,0,0,0,0,0,0,0,0,0,0,0,0,0	0,1,1,0,0,1,0,0,0,0,0,0,0,0,0,0,0,0,0,1,1,1,1	-5.248540,1.162758,0.726043,-2.589150,-2.883306,0.395569,-1.386791,-16.996216,-1.595498,-1.615306,-0.796868,-0.479631,-3.639625,-2.896448,-0.959434,-0.793206,-0.381107,-3.029779,-1.352741,9.196793,0.477353,1.750123,2.736757
Csin_AT2_THG19836.1	Csin_AT2_THG19836.1	acceptor_superclass::Flavonoids	acceptor_superclass::Fatty acyls;acceptor_superclass::Lignans;acceptor_superclass::Phenanthrenoids;acceptor_superclass::Phenylethanoids (C6-C2);acceptor_superclass::Triterpenoids;acceptor_superclass::Tyrosine alkaloids	0,0,0,0,0,1,0,0,0,0,0,0,0,0,0,0,0,0,0,0,0,0,0	0,0,0,0,1,0,0,1,0,0,0,0,1,0,1,0,0,0,0,0,1,0,1	-0.412957,-1.630329,-1.168771,-0.544496,0.075117,-0.989796,-2.648844,0.245411,-2.480683,-1.118852,-0.365876,-1.051257,2.223387,-2.513828,0.335345,-0.331133,-0.198972,-2.130000,-1.873678,-0.911698,0.005708,-0.115446,1.488631
Csin_CHAT1_GMQ03793.1	Csin_CHAT1_GMQ03793.1	acceptor_superclass::Fatty acyls	acceptor_superclass::Coumarins;acceptor_superclass::Diterpenoids;acceptor_superclass::Fatty Acids and Conjugates;acceptor_superclass::Fatty acyls;acceptor_superclass::Lignans;acceptor_superclass::Monoterpenoids;acceptor_superclass::Phenanthrenoids;acceptor_superclass::Phenylethanoids (C6-C2);acceptor_superclass::Phenylpropanoids (C6-C3);acceptor_superclass::Triterpenoids;acceptor_superclass::Tyrosine alkaloids	0,0,0,0,1,0,0,0,0,0,0,0,0,0,0,0,0,0,0,0,0,0,0	1,0,1,1,1,0,0,1,0,1,0,0,1,0,1,1,0,0,0,0,1,0,1	2.030227,-4.353975,1.492931,0.673177,0.729389,-0.001576,-1.986468,0.476363,-0.370885,0.652297,-1.550249,-0.922283,0.710480,-2.066733,1.456198,0.843562,-1.366515,-3.021986,-2.363789,-1.225314,0.178256,-0.542798,0.158347
Csin_HCT1_XP_028081726.1	Csin_HCT1_XP_028081726.1	acceptor_superclass::Phenolic acids (C6-C1)	acceptor_superclass::Coumarins;acceptor_superclass::Fatty Acids and Conjugates;acceptor_superclass::Fatty acyls;acceptor_superclass::Flavonoids;acceptor_superclass::Phenanthrenoids;acceptor_superclass::Phenolic acids (C6-C1);acceptor_superclass::Phenylethanoids (C6-C2);acceptor_superclass::Phenylpropanoids (C6-C3);acceptor_superclass::Small peptides;acceptor_superclass::Triterpenoids;acceptor_superclass::Tyrosine alkaloids	0,0,0,0,0,0,0,0,0,0,0,0,0,1,0,0,0,0,0,0,0,0,0	1,0,0,1,1,1,0,0,0,0,0,0,1,1,1,1,0,0,1,0,1,0,1	5.329831,-6.672844,-0.743587,2.036077,0.697397,1.164533,-0.831527,-1.472008,-3.233289,-0.722581,-4.575179,-1.135592,1.245829,2.219507,2.497627,0.959985,-1.836686,-3.497844,0.008038,-0.499057,0.214280,-1.274898,2.253058
Csin_HCT2_THG02040.1	Csin_HCT2_THG02040.1	acceptor_superclass::Flavonoids;acceptor_superclass::Phenolic acids (C6-C1)	acceptor_superclass::Coumarins;acceptor_superclass::Fatty Acids and Conjugates;acceptor_superclass::Phenanthrenoids;acceptor_superclass::Phenolic acids (C6-C1);acceptor_superclass::Phenylethanoids (C6-C2);acceptor_superclass::Small peptides;acceptor_superclass::Tyrosine alkaloids	0,0,0,0,0,1,0,0,0,0,0,0,0,1,0,0,0,0,0,0,0,0,0	1,0,0,1,0,0,0,0,0,0,0,0,1,1,1,0,0,0,1,0,0,0,1	1.280436,-4.499542,-4.583318,0.943877,-0.286411,-1.333495,-1.532797,-4.214782,-4.936801,-2.493337,-1.823549,-0.649767,4.716743,2.515997,0.491521,-0.971466,-0.743986,-5.670211,1.429078,-1.817733,-0.066180,-1.022204,4.153471
Dcar_HCBT3_CAB06429.1	Dcar_HCBT1_CAB06427.1	acceptor_superclass::Phenolic acids (C6-C1);acceptor_superclass::Small peptides	acceptor_superclass::Fatty Acids and Conjugates;acceptor_superclass::Monoterpenoids;acceptor_superclass::Ornithine alkaloids;acceptor_superclass::Phenolic acids (C6-C1);acceptor_superclass::Phenylpropanoids (C6-C3);acceptor_superclass::Pseudoalkaloids;acceptor_superclass::Small peptides;acceptor_superclass::Steroids;acceptor_superclass::Tryptophan alkaloids;acceptor_superclass::Tyrosine alkaloids	0,0,0,0,0,0,0,0,0,0,0,0,0,1,0,0,0,0,1,0,0,0,0	0,0,0,1,0,0,0,0,0,1,0,1,0,1,0,1,1,0,1,1,0,1,1	-2.704733,-5.837682,-5.754044,2.399882,-0.566296,-0.903576,-0.274521,-0.482456,-1.991126,0.000862,-1.000964,0.564484,-3.448795,2.286598,-0.014273,1.215898,0.042979,-5.139390,1.957271,1.199037,-2.142969,0.033122,0.373082
Dcar_HCBT2_CAB06430.1	Dcar_HCBT2_CAB06430.1	acceptor_superclass::Small peptides	acceptor_superclass::Coumarins;acceptor_superclass::Phenanthrenoids;acceptor_superclass::Phenylethanoids (C6-C2);acceptor_superclass::Tyrosine alkaloids	0,0,0,0,0,0,0,0,0,0,0,0,0,0,0,0,0,0,1,0,0,0,0	1,0,0,0,0,0,0,0,0,0,0,0,1,0,1,0,0,0,0,0,0,0,1	0.365125,-1.479832,-1.693403,-0.232040,-0.207875,-0.443061,-1.136863,-0.785221,-2.294763,-1.140818,-0.744590,-0.289581,2.164402,-0.692096,0.111911,-0.400868,-0.147246,-2.502789,-0.344578,-0.545058,-0.199000,-0.503485,1.525193
Dcar_HCBT3_CAB06429.1	Dcar_HCBT3_CAB06429.1	acceptor_superclass::Small peptides	acceptor_superclass::Coumarins;acceptor_superclass::Fatty Acids and Conjugates;acceptor_superclass::Phenanthrenoids;acceptor_superclass::Phenolic acids (C6-C1);acceptor_superclass::Phenylethanoids (C6-C2);acceptor_superclass::Small peptides;acceptor_superclass::Tyrosine alkaloids	0,0,0,0,0,0,0,0,0,0,0,0,0,0,0,0,0,0,1,0,0,0,0	1,0,0,1,0,0,0,0,0,0,0,0,1,1,1,0,0,0,1,0,0,0,1	0.927119,-2.698411,-2.958729,0.357482,-0.272332,-0.606511,-0.916632,-2.420442,-3.399055,-1.661416,-1.280261,-0.356016,3.265415,0.917230,0.225925,-0.703658,-0.396965,-3.833610,0.623568,-0.958511,-0.091651,-0.788315,2.563168
Dlan_MAT1_QUW17232.1	Dlan_MAT1_QUW17232.1	acceptor_superclass::Flavonoids;acceptor_superclass::Steroids	acceptor_superclass::Coumarins;acceptor_superclass::Flavonoids;acceptor_superclass::Isoflavonoids;acceptor_superclass::Phenanthrenoids;acceptor_superclass::Small peptides;acceptor_superclass::Triterpenoids;acceptor_superclass::Tyrosine alkaloids	0,0,0,0,0,1,0,0,0,0,0,0,0,0,0,0,0,0,0,1,0,0,0	1,0,0,0,0,1,1,0,0,0,0,0,1,0,0,0,0,0,1,0,1,0,1	1.592553,-1.724984,-3.184487,-0.376251,-0.491369,0.834731,0.421399,-1.829111,-3.894919,-2.134339,-0.897094,-0.530070,4.100536,-0.733860,-0.108729,-1.207290,-0.274693,-4.414622,0.121726,-0.065298,0.207895,-0.983844,2.371060
Dlan_MAT2_QWS71079.1	Dlan_MAT2_QWS71079.1	acceptor_superclass::Flavonoids;acceptor_superclass::Steroids	acceptor_superclass::Fatty Acids and Conjugates;acceptor_superclass::Flavonoids;acceptor_superclass::Isoflavonoids;acceptor_superclass::Monoterpenoids;acceptor_superclass::Ornithine alkaloids;acceptor_superclass::Phenolic acids (C6-C1);acceptor_superclass::Phenylpropanoids (C6-C3);acceptor_superclass::Pseudoalkaloids;acceptor_superclass::Small peptides;acceptor_superclass::Steroids;acceptor_superclass::Tryptophan alkaloids;acceptor_superclass::Tyrosine alkaloids	0,0,0,0,0,1,0,0,0,0,0,0,0,0,0,0,0,0,0,1,0,0,0	0,0,0,1,0,1,1,0,0,1,0,1,0,1,0,1,1,0,1,1,0,1,1	-3.045352,-4.183981,-5.228157,1.692742,-1.128425,0.083858,0.031137,-0.185962,-2.287421,0.098308,-0.504511,0.620108,-3.590228,0.966672,-0.406204,1.198361,0.198109,-4.741271,0.999023,1.570963,-1.908346,0.388558,0.222945
Dmor_3MAT1_AAQ63615.1	Dmor_3MAT1_AAQ63615.1	acceptor_superclass::Flavonoids	acceptor_superclass::Flavonoids;acceptor_superclass::Small peptides;acceptor_superclass::Steroids;acceptor_superclass::Triterpenoids;acceptor_superclass::Tryptophan alkaloids;acceptor_superclass::Tyrosine alkaloids	0,0,0,0,0,1,0,0,0,0,0,0,0,0,0,0,0,0,0,0,0,0,0	0,0,0,0,0,1,0,0,0,0,0,0,0,0,0,0,0,0,1,1,1,1,1	-2.710552,-0.055381,-0.682694,-2.075818,-2.190516,0.903183,-0.086695,-11.169041,-3.781680,-1.424262,-2.119986,-0.422553,-0.884440,-1.063015,-0.545110,-0.003237,-0.753609,-6.186071,0.405234,9.056057,0.602532,0.427627,2.832015
Dmor_3MAT2_AAQ63616.1	Dmor_3MAT2_AAQ63616.1	acceptor_superclass::Flavonoids	acceptor_superclass::Fatty Acids and Conjugates;acceptor_superclass::Flavonoids;acceptor_superclass::Lignans;acceptor_superclass::Monoterpenoids;acceptor_superclass::Ornithine alkaloids;acceptor_superclass::Phenolic acids (C6-C1);acceptor_superclass::Phenylpropanoids (C6-C3);acceptor_superclass::Pseudoalkaloids;acceptor_superclass::Small peptides;acceptor_superclass::Steroids;acceptor_superclass::Tryptophan alkaloids;acceptor_superclass::Tyrosine alkaloids	0,0,0,0,0,1,0,0,0,0,0,0,0,0,0,0,0,0,0,0,0,0,0	0,0,0,1,0,1,0,1,0,1,0,1,0,1,0,1,1,0,1,1,0,1,1	-3.484910,-3.136494,-4.674623,1.228299,-1.375303,0.279303,-0.190472,0.007130,-2.275873,0.374269,-0.155136,0.629093,-3.817691,0.255178,-0.630275,1.297519,0.193335,-4.353959,0.396847,1.403412,-1.671963,0.852637,0.092314
Dmor_3MAT3_BAF50706.1	Dmor_3MAT3_BAF50706.1	acceptor_superclass::Flavonoids;acceptor_superclass::Isoflavonoids	acceptor_superclass::Flavonoids;acceptor_superclass::Small peptides;acceptor_superclass::Steroids;acceptor_superclass::Triterpenoids;acceptor_superclass::Tryptophan alkaloids;acceptor_superclass::Tyrosine alkaloids	0,0,0,0,0,1,1,0,0,0,0,0,0,0,0,0,0,0,0,0,0,0,0	0,0,0,0,0,1,0,0,0,0,0,0,0,0,0,0,0,0,1,1,1,1,1	-2.775518,-0.023837,-0.604206,-2.028867,-2.206147,0.846693,-0.146174,-11.264695,-3.681110,-1.390239,-2.031397,-0.422223,-0.997702,-1.117693,-0.559066,-0.029430,-0.759338,-5.950956,0.363748,8.943992,0.613861,0.508122,2.798401
Dpin_3MAT_AAO12206.1	Dpin_3MAT_AAO12206.1	acceptor_superclass::Flavonoids	acceptor_superclass::Cyclic polyketides;acceptor_superclass::Flavonoids;acceptor_superclass::Small peptides;acceptor_superclass::Steroids;acceptor_superclass::Triterpenoids;acceptor_superclass::Tryptophan alkaloids;acceptor_superclass::Tyrosine alkaloids	0,0,0,0,0,1,0,0,0,0,0,0,0,0,0,0,0,0,0,0,0,0,0	0,1,0,0,0,1,0,0,0,0,0,0,0,0,0,0,0,0,1,1,1,1,1	-2.745546,0.051613,-0.613868,-2.093967,-2.187128,0.905931,-0.105867,-11.236481,-3.604608,-1.424047,-2.018637,-0.403083,-0.961063,-1.142280,-0.542663,-0.032881,-0.708703,-5.944882,0.280141,8.955471,0.604623,0.449832,2.772610
Dvar_3MAT_AAO12206.1	Dvar_3MAT_AAO12206.1		acceptor_superclass::Cyclic polyketides;acceptor_superclass::Flavonoids;acceptor_superclass::Small peptides;acceptor_superclass::Steroids;acceptor_superclass::Triterpenoids;acceptor_superclass::Tryptophan alkaloids;acceptor_superclass::Tyrosine alkaloids	0,0,0,0,0,0,0,0,0,0,0,0,0,0,0,0,0,0,0,0,0,0,0	0,1,0,0,0,1,0,0,0,0,0,0,0,0,0,0,0,0,1,1,1,1,1	-2.745546,0.051613,-0.613868,-2.093967,-2.187128,0.905931,-0.105867,-11.236481,-3.604608,-1.424047,-2.018637,-0.403083,-0.961063,-1.142280,-0.542663,-0.032881,-0.708703,-5.944882,0.280141,8.955471,0.604623,0.449832,2.772610
Ecoc_CS_AGT56097.1	Ecoc_BAHD7_AGT56097.1	acceptor_superclass::Ornithine alkaloids	acceptor_superclass::Cyclic polyketides;acceptor_superclass::Diterpenoids;acceptor_superclass::Fatty acyls;acceptor_superclass::Lignans;acceptor_superclass::Naphthalenes;acceptor_superclass::Phenylethanoids (C6-C2);acceptor_superclass::Saccharides;acceptor_superclass::Triterpenoids;acceptor_superclass::Tyrosine alkaloids	0,0,0,0,0,0,0,0,0,0,0,1,0,0,0,0,0,0,0,0,0,0,0	0,1,1,0,1,0,0,1,0,0,1,0,0,0,1,0,0,1,0,0,1,0,1	-4.989620,2.192810,2.914688,-2.659642,1.076662,-0.296604,-0.984790,3.112361,-0.582835,-1.581445,1.499782,-2.097431,-0.205065,-6.407123,2.553015,-1.644302,-0.194047,2.776700,-0.732236,-2.640285,1.692782,-1.677437,0.810138
Ecoc_CS_AGT56097.1	Ecoc_CS_AGT56097.1	acceptor_superclass::Ornithine alkaloids	acceptor_superclass::Cyclic polyketides;acceptor_superclass::Diterpenoids;acceptor_superclass::Fatty acyls;acceptor_superclass::Lignans;acceptor_superclass::Naphthalenes;acceptor_superclass::Phenanthrenoids;acceptor_superclass::Phenylethanoids (C6-C2);acceptor_superclass::Phenylpropanoids (C6-C3);acceptor_superclass::Pseudoalkaloids;acceptor_superclass::Saccharides;acceptor_superclass::Triterpenoids;acceptor_superclass::Tryptophan alkaloids	0,0,0,0,0,0,0,0,0,0,0,1,0,0,0,0,0,0,0,0,0,0,0	0,1,1,0,1,0,0,1,0,0,1,0,1,0,1,1,1,1,0,0,1,1,0	-1.928194,0.872163,1.401346,-1.794225,0.363786,-1.140335,-3.612255,3.657314,-0.494635,-0.120573,1.005665,-1.348299,0.021377,-6.154329,0.262270,0.202842,0.247015,0.969206,-4.414835,-0.244015,0.235779,0.909052,-0.412791
Ecoc_HQT_AFF19203.1	Ecoc_HQT_AFF19203.1	acceptor_superclass::Phenolic acids (C6-C1)	acceptor_superclass::Fatty Acids and Conjugates;acceptor_superclass::Fatty acyls;acceptor_superclass::Flavonoids;acceptor_superclass::Phenolic acids (C6-C1);acceptor_superclass::Phenylethanoids (C6-C2);acceptor_superclass::Triterpenoids;acceptor_superclass::Tyrosine alkaloids	0,0,0,0,0,0,0,0,0,0,0,0,0,1,0,0,0,0,0,0,0,0,0	0,0,0,1,1,1,0,0,0,0,0,0,0,1,1,0,0,0,0,0,1,0,1	-0.867272,-2.653206,-3.037274,0.058387,0.578586,0.490587,-0.131095,-12.395174,-4.300722,-1.016965,-2.022065,-0.794655,-0.876700,0.798825,0.174844,-1.460442,-1.476860,-0.400282,-0.599797,-0.731350,1.445461,-3.128789,3.127269
Egra_5AT_BAF49288.1	Egra_5AT_BAF49288.1	acceptor_superclass::Flavonoids	acceptor_superclass::Fatty Acids and Conjugates;acceptor_superclass::Isoflavonoids;acceptor_superclass::Ornithine alkaloids;acceptor_superclass::Phenolic acids (C6-C1);acceptor_superclass::Phenylpropanoids (C6-C3);acceptor_superclass::Pseudoalkaloids;acceptor_superclass::Small peptides;acceptor_superclass::Steroids;acceptor_superclass::Tryptophan alkaloids;acceptor_superclass::Tyrosine alkaloids	0,0,0,0,0,1,0,0,0,0,0,0,0,0,0,0,0,0,0,0,0,0,0	0,0,0,1,0,0,1,0,0,0,0,1,0,1,0,1,1,0,1,1,0,1,1	-2.776496,-5.157616,-5.861161,2.081227,-0.999862,-0.051963,0.381525,-0.376665,-2.442214,-0.136111,-0.596693,0.649740,-3.597147,1.641607,-0.255559,1.111026,0.233750,-5.149884,1.434913,1.705690,-1.947940,0.254390,0.291534
Epep_BAHD11_NA	Epep_BAHD11_NA	acceptor_superclass::Diterpenoids	acceptor_superclass::Cyclic polyketides;acceptor_superclass::Diterpenoids;acceptor_superclass::Flavonoids;acceptor_superclass::Naphthalenes;acceptor_superclass::Pseudoalkaloids;acceptor_superclass::Steroids;acceptor_superclass::Triterpenoids;acceptor_superclass::Tryptophan alkaloids;acceptor_superclass::Tyrosine alkaloids	0,0,1,0,0,0,0,0,0,0,0,0,0,0,0,0,0,0,0,0,0,0,0	0,1,1,0,0,1,0,0,0,0,1,0,0,0,0,0,1,0,0,1,1,1,1	-5.164574,1.921538,1.308320,-2.482320,-2.620203,0.247908,-1.295291,-16.237749,-0.050271,-1.511783,0.471448,-0.308562,-4.000072,-3.409843,-0.948766,-0.901449,0.024451,-0.800961,-2.335888,7.647949,0.470583,2.030473,2.120505
Epep_BAHD12_NA	Epep_BAHD12_NA	acceptor_superclass::Diterpenoids	acceptor_superclass::Coumarins;acceptor_superclass::Diterpenoids;acceptor_superclass::Fatty Acids and Conjugates;acceptor_superclass::Fatty acyls;acceptor_superclass::Lignans;acceptor_superclass::Lysine alkaloids;acceptor_superclass::Monoterpenoids;acceptor_superclass::Naphthalenes;acceptor_superclass::Phenanthrenoids;acceptor_superclass::Phenylethanoids (C6-C2);acceptor_superclass::Phenylpropanoids (C6-C3);acceptor_superclass::Triterpenoids;acceptor_superclass::Tryptophan alkaloids	0,0,1,0,0,0,0,0,0,0,0,0,0,0,0,0,0,0,0,0,0,0,0	1,0,1,1,1,0,0,1,1,1,1,0,1,0,1,1,0,0,0,0,1,1,0	0.588184,-2.320974,1.650727,0.211962,0.439687,-0.253189,-1.355087,0.809686,0.354285,0.754657,0.024993,-0.491580,0.449258,-2.845366,0.571767,0.346280,-0.951965,-1.977806,-2.347955,-0.885912,0.319659,0.125330,-0.422552
Epep_BAHD6_NA	Epep_BAHD6_NA	acceptor_superclass::Diterpenoids	acceptor_superclass::Cyclic polyketides;acceptor_superclass::Diterpenoids;acceptor_superclass::Fatty acyls;acceptor_superclass::Lignans;acceptor_superclass::Lysine alkaloids;acceptor_superclass::Monoterpenoids;acceptor_superclass::Naphthalenes;acceptor_superclass::Phenylethanoids (C6-C2);acceptor_superclass::Phenylpropanoids (C6-C3);acceptor_superclass::Pseudoalkaloids;acceptor_superclass::Saccharides;acceptor_superclass::Triterpenoids;acceptor_superclass::Tryptophan alkaloids	0,0,1,0,0,0,0,0,0,0,0,0,0,0,0,0,0,0,0,0,0,0,0	0,1,1,0,1,0,0,1,1,1,1,0,0,0,1,1,1,1,0,0,1,1,0	-2.679274,0.695050,2.023483,-1.512065,0.576405,-1.866971,-4.521720,4.202004,0.065219,0.312448,1.200647,-1.923561,-0.721922,-6.176999,0.446012,0.398445,0.071684,2.284182,-5.113750,-0.554044,0.527212,1.430977,-0.643994
Epep_BAHD7_NA	Epep_BAHD7_NA	acceptor_superclass::Diterpenoids	acceptor_superclass::Cyclic polyketides;acceptor_superclass::Lignans;acceptor_superclass::Monoterpenoids;acceptor_superclass::Naphthalenes;acceptor_superclass::Ornithine alkaloids;acceptor_superclass::Phenylpropanoids (C6-C3);acceptor_superclass::Steroids;acceptor_superclass::Tryptophan alkaloids	0,0,1,0,0,0,0,0,0,0,0,0,0,0,0,0,0,0,0,0,0,0,0	0,1,0,0,0,0,0,1,0,1,1,1,0,0,0,1,0,0,0,1,0,1,0	-4.076924,0.528686,-1.418723,-0.299246,-1.346224,-0.166604,-1.866672,0.601542,-1.008548,1.208594,0.656896,0.333766,-3.260269,-1.730833,-0.949249,1.386436,-0.148696,-1.823275,-1.151815,0.212354,-0.688035,1.746064,-0.237420
Epep_BAHD8_NA	Epep_BAHD8_NA	acceptor_superclass::Diterpenoids	acceptor_superclass::Diterpenoids;acceptor_superclass::Fatty acyls;acceptor_superclass::Lignans;acceptor_superclass::Naphthalenes;acceptor_superclass::Phenanthrenoids;acceptor_superclass::Phenylethanoids (C6-C2);acceptor_superclass::Phenylpropanoids (C6-C3);acceptor_superclass::Saccharides;acceptor_superclass::Triterpenoids;acceptor_superclass::Tryptophan alkaloids;acceptor_superclass::Tyrosine alkaloids	0,0,1,0,0,0,0,0,0,0,0,0,0,0,0,0,0,0,0,0,0,0,0	0,0,1,0,1,0,0,1,0,0,1,0,1,0,1,1,0,1,0,0,1,1,1	-1.860973,-0.090443,0.801379,-1.095175,0.312853,-1.690938,-3.806818,2.751279,-0.659105,-0.164809,0.774265,-1.700691,0.165197,-4.612530,0.375254,0.194491,-0.142629,0.851925,-3.781669,-0.559599,0.436972,0.936567,0.208962
Epla_AAT1-1_BDW80081.1	Epla_AAT1-1_BDW80081.1	acceptor_superclass::Naphthalenes	acceptor_superclass::Cyclic polyketides;acceptor_superclass::Diterpenoids;acceptor_superclass::Fatty acyls;acceptor_superclass::Lignans;acceptor_superclass::Naphthalenes;acceptor_superclass::Phenylethanoids (C6-C2);acceptor_superclass::Saccharides;acceptor_superclass::Triterpenoids;acceptor_superclass::Tyrosine alkaloids	0,0,0,0,0,0,0,0,0,0,1,0,0,0,0,0,0,0,0,0,0,0,0	0,1,1,0,1,0,0,1,0,0,1,0,0,0,1,0,0,1,0,0,1,0,1	-4.277099,1.873442,2.555240,-2.325137,0.912483,-0.244659,-0.781707,2.823352,-0.519502,-1.418900,1.434262,-1.861518,-0.145420,-5.578918,2.174154,-1.462514,-0.182870,2.347996,-0.650161,-2.219803,1.490935,-1.393561,0.740568
Epla_AAT1-2_BDW80082.1	Epla_AAT1-2_BDW80082.1	acceptor_superclass::Naphthalenes	acceptor_superclass::Diterpenoids;acceptor_superclass::Fatty acyls;acceptor_superclass::Lignans;acceptor_superclass::Lysine alkaloids;acceptor_superclass::Monoterpenoids;acceptor_superclass::Naphthalenes;acceptor_superclass::Phenanthrenoids;acceptor_superclass::Phenylethanoids (C6-C2);acceptor_superclass::Phenylpropanoids (C6-C3);acceptor_superclass::Triterpenoids;acceptor_superclass::Tryptophan alkaloids	0,0,0,0,0,0,0,0,0,0,1,0,0,0,0,0,0,0,0,0,0,0,0	0,0,1,0,1,0,0,1,1,1,1,0,1,0,1,1,0,0,0,0,1,1,0	-0.833409,-1.537908,2.693605,-0.487964,0.443699,-0.833201,-2.068338,1.737444,1.689600,1.393788,1.237544,-0.451083,0.220875,-4.808009,0.280870,0.382649,-0.687903,-1.845604,-3.526427,-1.382063,0.274496,0.357306,-1.258530
Epla_AAT2-1_BDW80086.1	Epla_AAT2-1_BDW80086.1	acceptor_superclass::Naphthalenes	acceptor_superclass::Cyclic polyketides;acceptor_superclass::Diterpenoids;acceptor_superclass::Fatty acyls;acceptor_superclass::Flavonoids;acceptor_superclass::Naphthalenes;acceptor_superclass::Phenylethanoids (C6-C2);acceptor_superclass::Saccharides;acceptor_superclass::Triterpenoids;acceptor_superclass::Tyrosine alkaloids	0,0,0,0,0,0,0,0,0,0,1,0,0,0,0,0,0,0,0,0,0,0,0	0,1,1,0,1,1,0,0,0,0,1,0,0,0,1,0,0,1,0,0,1,0,1	-2.595313,0.456249,0.841037,-1.327036,0.620498,0.001685,-0.287339,-1.281484,-1.389588,-1.078134,0.549017,-1.289352,-0.184466,-3.055153,1.270392,-1.174523,-0.429300,1.278453,-0.544912,-1.430393,1.335537,-1.355765,1.252387
Epla_AAT2-2_BDW80087.1	Epla_AAT2-2_BDW80087.1	acceptor_superclass::Naphthalenes	acceptor_superclass::Cyclic polyketides;acceptor_superclass::Diterpenoids;acceptor_superclass::Fatty acyls;acceptor_superclass::Lignans;acceptor_superclass::Naphthalenes;acceptor_superclass::Phenanthrenoids;acceptor_superclass::Phenylethanoids (C6-C2);acceptor_superclass::Pseudoalkaloids;acceptor_superclass::Triterpenoids;acceptor_superclass::Tryptophan alkaloids;acceptor_superclass::Tyrosine alkaloids	0,0,0,0,0,0,0,0,0,0,1,0,0,0,0,0,0,0,0,0,0,0,0	0,1,1,0,1,0,0,1,0,0,1,0,1,0,1,0,1,0,0,0,1,1,1	-0.948466,0.298266,0.561969,-1.151255,0.181131,-0.612563,-2.083679,2.006833,-0.857304,-0.418434,0.991694,-1.141061,0.637328,-3.925884,0.090489,-0.183645,0.071822,-0.029696,-2.795534,-0.202806,0.477456,0.706839,0.194003
Epla_AAT2-3_BDW80088.1	Epla_AAT2-3_BDW80088.1	acceptor_superclass::Naphthalenes	acceptor_superclass::Cyclic polyketides;acceptor_superclass::Diterpenoids;acceptor_superclass::Fatty acyls;acceptor_superclass::Lignans;acceptor_superclass::Naphthalenes;acceptor_superclass::Phenylethanoids (C6-C2);acceptor_superclass::Phenylpropanoids (C6-C3);acceptor_superclass::Pseudoalkaloids;acceptor_superclass::Saccharides;acceptor_superclass::Triterpenoids;acceptor_superclass::Tryptophan alkaloids	0,0,0,0,0,0,0,0,0,0,1,0,0,0,0,0,0,0,0,0,0,0,0	0,1,1,0,1,0,0,1,0,0,1,0,0,0,1,1,1,1,0,0,1,1,0	-1.426456,0.654219,1.155906,-1.233125,0.301513,-0.869588,-2.493140,2.617880,-0.323622,-0.083219,1.119255,-1.118441,-0.013639,-4.375518,0.123883,0.011281,0.203616,0.834710,-3.291791,-0.248965,0.456847,0.981080,-0.237356
Epla_SAT1-1_BDW80075.1	Epla_SAT1-1_BDW80075.1	acceptor_superclass::Naphthalenes	acceptor_superclass::Cyclic polyketides;acceptor_superclass::Diterpenoids;acceptor_superclass::Fatty acyls;acceptor_superclass::Lignans;acceptor_superclass::Naphthalenes;acceptor_superclass::Phenylethanoids (C6-C2);acceptor_superclass::Saccharides;acceptor_superclass::Triterpenoids;acceptor_superclass::Tyrosine alkaloids	0,0,0,0,0,0,0,0,0,0,1,0,0,0,0,0,0,0,0,0,0,0,0	0,1,1,0,1,0,0,1,0,0,1,0,0,0,1,0,0,1,0,0,1,0,1	-3.844475,1.370646,2.234329,-1.949262,0.745484,-0.317586,-0.858030,1.858416,-0.683747,-1.155850,1.290048,-1.766212,-0.137852,-4.674103,1.831553,-1.298412,-0.195110,2.295884,-0.572056,-2.171822,1.461117,-1.002307,0.894909
Epla_SAT1-2_BDW80076.1	Epla_SAT1-2_BDW80076.1	acceptor_superclass::Naphthalenes	acceptor_superclass::Cyclic polyketides;acceptor_superclass::Diterpenoids;acceptor_superclass::Lysine alkaloids;acceptor_superclass::Naphthalenes;acceptor_superclass::Pseudoalkaloids;acceptor_superclass::Saccharides;acceptor_superclass::Steroids;acceptor_superclass::Triterpenoids;acceptor_superclass::Tryptophan alkaloids;acceptor_superclass::Tyrosine alkaloids	0,0,0,0,0,0,0,0,0,0,1,0,0,0,0,0,0,0,0,0,0,0,0	0,1,1,0,0,0,0,0,1,0,1,0,0,0,0,0,1,1,0,1,1,1,1	-4.874356,2.031713,1.578572,-2.137426,-2.273413,-0.001737,-1.358235,-14.577471,0.950790,-1.250458,1.119196,-0.192315,-4.121192,-3.387523,-0.846568,-1.016506,0.268844,0.841719,-2.581082,5.846525,0.319549,2.055604,1.533947
Epla_SAT2-1_BDW80078.1	Epla_SAT2-1_BDW80078.1	acceptor_superclass::Naphthalenes	acceptor_superclass::Coumarins;acceptor_superclass::Diterpenoids;acceptor_superclass::Fatty Acids and Conjugates;acceptor_superclass::Fatty acyls;acceptor_superclass::Lignans;acceptor_superclass::Lysine alkaloids;acceptor_superclass::Monoterpenoids;acceptor_superclass::Naphthalenes;acceptor_superclass::Phenanthrenoids;acceptor_superclass::Phenylethanoids (C6-C2);acceptor_superclass::Phenylpropanoids (C6-C3);acceptor_superclass::Triterpenoids;acceptor_superclass::Tryptophan alkaloids	0,0,0,0,0,0,0,0,0,0,1,0,0,0,0,0,0,0,0,0,0,0,0	1,0,1,1,1,0,0,1,1,1,1,0,1,0,1,1,0,0,0,0,1,1,0	0.671659,-2.298808,1.528796,0.278556,0.405101,-0.369968,-1.371737,0.593877,0.209481,0.623311,0.168287,-0.497408,0.280616,-2.481985,0.635000,0.364892,-0.872528,-1.644767,-2.218544,-0.944197,0.368333,0.404632,-0.172469
Epla_SAT2-2_BDW80079.1	Epla_SAT2-2_BDW80079.1	acceptor_superclass::Naphthalenes	acceptor_superclass::Cyclic polyketides;acceptor_superclass::Diterpenoids;acceptor_superclass::Fatty acyls;acceptor_superclass::Naphthalenes;acceptor_superclass::Phenylethanoids (C6-C2);acceptor_superclass::Saccharides;acceptor_superclass::Triterpenoids;acceptor_superclass::Tyrosine alkaloids	0,0,0,0,0,0,0,0,0,0,1,0,0,0,0,0,0,0,0,0,0,0,0	0,1,1,0,1,0,0,0,0,0,1,0,0,0,1,0,0,1,0,0,1,0,1	-2.835485,0.601000,1.133396,-1.389168,0.623881,-0.113291,-0.506428,-0.609822,-1.211833,-1.032514,0.671183,-1.389569,-0.185486,-3.303714,1.363604,-1.167600,-0.379987,1.513429,-0.534592,-1.617355,1.309219,-1.191478,1.151479
Epur_HCT_QRI59128.1	Epur_HCT_QRI59128.1	acceptor_superclass::Phenolic acids (C6-C1)	acceptor_superclass::Fatty Acids and Conjugates;acceptor_superclass::Ornithine alkaloids;acceptor_superclass::Phenolic acids (C6-C1);acceptor_superclass::Phenylethanoids (C6-C2);acceptor_superclass::Phenylpropanoids (C6-C3);acceptor_superclass::Pseudoalkaloids;acceptor_superclass::Small peptides;acceptor_superclass::Steroids;acceptor_superclass::Tyrosine alkaloids	0,0,0,0,0,0,0,0,0,0,0,0,0,1,0,0,0,0,0,0,0,0,0	0,0,0,1,0,0,0,0,0,0,0,1,0,1,1,1,1,0,1,1,0,0,1	-3.660174,-9.542402,-8.940202,3.873474,-0.562153,-1.583939,-0.165765,-0.900950,-2.862930,-0.209350,-1.466248,0.738470,-4.994679,4.115244,0.099402,1.693047,0.033412,-7.819239,3.280588,1.687722,-3.171717,-0.154940,0.616807
Epur_HMT_UHJ19789.2	Epur_HMT_UHJ19789.2	acceptor_superclass::Fatty Acids and Conjugates	acceptor_superclass::Flavonoids;acceptor_superclass::Isoflavonoids;acceptor_superclass::Phenanthrenoids;acceptor_superclass::Phenolic acids (C6-C1);acceptor_superclass::Phenylpropanoids (C6-C3);acceptor_superclass::Small peptides;acceptor_superclass::Steroids;acceptor_superclass::Triterpenoids;acceptor_superclass::Tyrosine alkaloids	0,0,0,1,0,0,0,0,0,0,0,0,0,0,0,0,0,0,0,0,0,0,0	0,0,0,0,0,1,1,0,0,0,0,0,1,1,0,1,0,0,1,1,1,0,1	-0.899087,-1.801042,-1.971574,-1.291436,-1.681073,0.857176,0.091681,-6.293482,-6.213547,-1.015257,-4.089922,-0.658550,1.178108,0.966664,-0.343102,0.569445,-1.427855,-9.494216,2.729231,8.537092,0.520989,-0.544933,3.135246
Epur_HQT_QRI59127.1	Epur_HQT_QRI59127.1	acceptor_superclass::Phenolic acids (C6-C1)	acceptor_superclass::Coumarins;acceptor_superclass::Fatty Acids and Conjugates;acceptor_superclass::Phenanthrenoids;acceptor_superclass::Phenolic acids (C6-C1);acceptor_superclass::Phenylethanoids (C6-C2);acceptor_superclass::Small peptides;acceptor_superclass::Tyrosine alkaloids	0,0,0,0,0,0,0,0,0,0,0,0,0,1,0,0,0,0,0,0,0,0,0	1,0,0,1,0,0,0,0,0,0,0,0,1,1,1,0,0,0,1,0,0,0,1	1.266055,-3.892425,-4.087542,0.695390,-0.292642,-0.959138,-1.109566,-3.684559,-4.483120,-2.322236,-1.575081,-0.526780,4.334677,2.045785,0.380962,-0.950555,-0.602059,-5.207667,1.215010,-1.533620,-0.055045,-0.992380,3.654863
Epur_HTT_QRI59126.1	Epur_HTT_QRI59126.1	acceptor_superclass::Fatty Acids and Conjugates	acceptor_superclass::Coumarins;acceptor_superclass::Phenanthrenoids;acceptor_superclass::Phenylethanoids (C6-C2);acceptor_superclass::Small peptides;acceptor_superclass::Tyrosine alkaloids	0,0,0,1,0,0,0,0,0,0,0,0,0,0,0,0,0,0,0,0,0,0,0	1,0,0,0,0,0,0,0,0,0,0,0,1,0,1,0,0,0,1,0,0,0,1	0.675951,-2.103978,-2.284550,-0.079393,-0.295735,-0.429572,-1.021397,-1.395391,-2.918589,-1.543002,-0.811694,-0.457741,2.851752,-0.221024,0.143415,-0.603964,-0.315676,-3.392545,0.011480,-0.764826,-0.166793,-0.786832,2.129318
Fana_SAAT_AAG13130.1	Fana_SAAT_AAG13130.1	acceptor_superclass::Cyclic polyketides;acceptor_superclass::Fatty acyls;acceptor_superclass::Phenylethanoids (C6-C2)	acceptor_superclass::Coumarins;acceptor_superclass::Diterpenoids;acceptor_superclass::Fatty acyls;acceptor_superclass::Lignans;acceptor_superclass::Lysine alkaloids;acceptor_superclass::Monoterpenoids;acceptor_superclass::Naphthalenes;acceptor_superclass::Phenanthrenoids;acceptor_superclass::Phenylethanoids (C6-C2);acceptor_superclass::Phenylpropanoids (C6-C3);acceptor_superclass::Triterpenoids	0,1,0,0,1,0,0,0,0,0,0,0,0,0,1,0,0,0,0,0,0,0,0	1,0,1,0,1,0,0,1,1,1,1,0,1,0,1,1,0,0,0,0,1,0,0	0.111736,-1.600080,1.626428,-0.175986,0.298018,-0.048836,-1.028369,1.293780,0.905402,0.950367,0.225395,-0.234439,0.653937,-3.508547,0.224022,0.265132,-0.582873,-2.242225,-2.500901,-0.710825,0.078084,-0.444288,-0.884517
Fves_VAAT_CAC09062.1	Fves_VAAT_CAC09062.1	acceptor_superclass::Cyclic polyketides;acceptor_superclass::Fatty acyls;acceptor_superclass::Monoterpenoids;acceptor_superclass::Phenylethanoids (C6-C2);acceptor_superclass::Phenylpropanoids (C6-C3)	acceptor_superclass::Cyclic polyketides;acceptor_superclass::Lignans;acceptor_superclass::Monoterpenoids;acceptor_superclass::Naphthalenes;acceptor_superclass::Ornithine alkaloids;acceptor_superclass::Phenylpropanoids (C6-C3);acceptor_superclass::Steroids;acceptor_superclass::Tryptophan alkaloids	0,1,0,0,1,0,0,0,0,1,0,0,0,0,1,1,0,0,0,0,0,0,0	0,1,0,0,0,0,0,1,0,1,1,1,0,0,0,1,0,0,0,1,0,1,0	-3.542017,0.625731,-1.327639,-0.350812,-1.196917,-0.008223,-1.489732,0.522812,-0.898867,1.046246,0.337082,0.424008,-2.822957,-1.516786,-0.823074,1.167591,-0.000614,-1.688465,-0.919389,0.281733,-0.650205,1.408669,-0.175530
Gmax_COSY_KRH21316.1	Gmax_COSY_KRH21316.1		acceptor_superclass::Cyclic polyketides;acceptor_superclass::Flavonoids;acceptor_superclass::Lignans;acceptor_superclass::Monoterpenoids;acceptor_superclass::Naphthalenes;acceptor_superclass::Ornithine alkaloids;acceptor_superclass::Phenylpropanoids (C6-C3);acceptor_superclass::Steroids;acceptor_superclass::Tryptophan alkaloids	0,0,0,0,0,0,0,0,0,0,0,0,0,0,0,0,0,0,0,0,0,0,0	0,1,0,0,0,1,0,1,0,1,1,1,0,0,0,1,0,0,0,1,0,1,0	-4.306762,1.096161,-1.178042,-0.529206,-1.475781,0.178540,-1.960271,0.752243,-0.915337,1.440564,0.202664,0.421891,-3.496216,-2.144881,-1.040281,1.456738,-0.078557,-2.000409,-1.237856,0.292641,-0.858205,1.505283,-0.287411
Gmax_MT7_ABY59019.1	Gmax_IF7MAT_NP_001237760.1	acceptor_superclass::Isoflavonoids	acceptor_superclass::Fatty Acids and Conjugates;acceptor_superclass::Isoflavonoids;acceptor_superclass::Ornithine alkaloids;acceptor_superclass::Phenolic acids (C6-C1);acceptor_superclass::Phenylpropanoids (C6-C3);acceptor_superclass::Pseudoalkaloids;acceptor_superclass::Small peptides;acceptor_superclass::Steroids;acceptor_superclass::Tyrosine alkaloids	0,0,0,0,0,0,1,0,0,0,0,0,0,0,0,0,0,0,0,0,0,0,0	0,0,0,1,0,0,1,0,0,0,0,1,0,1,0,1,1,0,1,1,0,0,1	-2.779768,-8.450788,-8.724670,3.468996,-1.034069,-0.069237,1.348571,-0.871879,-3.557666,-0.727414,-1.034562,0.867216,-4.351059,3.248000,-0.038583,1.250267,0.452751,-7.265899,2.681118,2.560494,-2.782610,-0.218907,0.515688
Gmax_IMAT1_AQY54373.1	Gmax_IMAT1_AQY54373.1	acceptor_superclass::Isoflavonoids	acceptor_superclass::Fatty Acids and Conjugates;acceptor_superclass::Isoflavonoids;acceptor_superclass::Monoterpenoids;acceptor_superclass::Ornithine alkaloids;acceptor_superclass::Phenolic acids (C6-C1);acceptor_superclass::Phenylpropanoids (C6-C3);acceptor_superclass::Pseudoalkaloids;acceptor_superclass::Small peptides;acceptor_superclass::Steroids;acceptor_superclass::Tryptophan alkaloids;acceptor_superclass::Tyrosine alkaloids	0,0,0,0,0,0,1,0,0,0,0,0,0,0,0,0,0,0,0,0,0,0,0	0,0,0,1,0,0,1,0,0,1,0,1,0,1,0,1,1,0,1,1,0,1,1	-3.242003,-5.002727,-5.986273,2.046689,-1.287709,-0.081544,0.255550,-0.323507,-2.674835,0.065529,-0.399979,0.798882,-3.930091,1.364221,-0.328690,1.287006,0.350638,-5.111793,1.256327,1.648300,-1.992964,0.677719,0.215514
Gmax_IMAT3_AQY54374.1	Gmax_IMAT3_AQY54374.1	acceptor_superclass::Isoflavonoids	acceptor_superclass::Coumarins;acceptor_superclass::Fatty Acids and Conjugates;acceptor_superclass::Fatty acyls;acceptor_superclass::Flavonoids;acceptor_superclass::Isoflavonoids;acceptor_superclass::Phenanthrenoids;acceptor_superclass::Phenolic acids (C6-C1);acceptor_superclass::Phenylethanoids (C6-C2);acceptor_superclass::Phenylpropanoids (C6-C3);acceptor_superclass::Steroids;acceptor_superclass::Triterpenoids;acceptor_superclass::Tyrosine alkaloids	0,0,0,0,0,0,1,0,0,0,0,0,0,0,0,0,0,0,0,0,0,0,0	1,0,0,1,1,1,1,0,0,0,0,0,1,1,1,1,0,0,0,1,1,0,1	4.956403,-5.421744,-1.201855,1.637623,0.077066,1.935290,1.251670,-0.856408,-2.865876,-0.879683,-3.610022,-0.827734,1.928293,1.079267,1.820663,0.313062,-1.299482,-3.854337,-0.124751,0.335952,0.015940,-1.913198,1.747251
Gmax_MT7_ABY59019.1	Gmax_MT7_ABY59019.1	acceptor_superclass::Flavonoids;acceptor_superclass::Isoflavonoids	acceptor_superclass::Fatty Acids and Conjugates;acceptor_superclass::Isoflavonoids;acceptor_superclass::Ornithine alkaloids;acceptor_superclass::Phenolic acids (C6-C1);acceptor_superclass::Phenylpropanoids (C6-C3);acceptor_superclass::Pseudoalkaloids;acceptor_superclass::Small peptides;acceptor_superclass::Steroids;acceptor_superclass::Tyrosine alkaloids	0,0,0,0,0,1,1,0,0,0,0,0,0,0,0,0,0,0,0,0,0,0,0	0,0,0,1,0,0,1,0,0,0,0,1,0,1,0,1,1,0,1,1,0,0,1	-2.779768,-8.450788,-8.724670,3.468996,-1.034069,-0.069237,1.348571,-0.871879,-3.557666,-0.727414,-1.034562,0.867216,-4.351059,3.248000,-0.038583,1.250267,0.452751,-7.265899,2.681118,2.560494,-2.782610,-0.218907,0.515688
Gmax_SSACT1_KRH01153.1	Gmax_SSACT1_KRH01153.1	acceptor_superclass::Triterpenoids	acceptor_superclass::Fatty acyls;acceptor_superclass::Flavonoids;acceptor_superclass::Isoflavonoids;acceptor_superclass::Phenylethanoids (C6-C2);acceptor_superclass::Saccharides;acceptor_superclass::Triterpenoids;acceptor_superclass::Tyrosine alkaloids	0,0,0,0,0,0,0,0,0,0,0,0,0,0,0,0,0,0,0,0,1,0,0	0,0,0,0,1,1,1,0,0,0,0,0,0,0,1,0,0,1,0,0,1,0,1	-1.928064,-0.346087,-0.285327,-1.033444,0.583823,0.552919,0.581352,-4.537647,-2.446043,-1.328726,-0.190191,-0.960792,-0.226091,-2.526830,1.167996,-1.356814,-0.676411,0.753725,-0.624403,-0.852856,1.464241,-2.240907,1.695666
Gtri_53AAT_BAA74428.1	Gtri_53AAT_BAA74428.1	acceptor_superclass::Flavonoids	acceptor_superclass::Coumarins;acceptor_superclass::Fatty Acids and Conjugates;acceptor_superclass::Fatty acyls;acceptor_superclass::Flavonoids;acceptor_superclass::Isoflavonoids;acceptor_superclass::Phenanthrenoids;acceptor_superclass::Phenolic acids (C6-C1);acceptor_superclass::Phenylethanoids (C6-C2);acceptor_superclass::Phenylpropanoids (C6-C3);acceptor_superclass::Steroids;acceptor_superclass::Triterpenoids;acceptor_superclass::Tyrosine alkaloids	0,0,0,0,0,1,0,0,0,0,0,0,0,0,0,0,0,0,0,0,0,0,0	1,0,0,1,1,1,1,0,0,0,0,0,1,1,1,1,0,0,0,1,1,0,1	3.919149,-4.471762,-0.638448,1.434751,0.257753,1.341509,0.568799,-0.708486,-2.202853,-0.584321,-2.621431,-0.641506,1.406056,0.546485,1.468099,0.318489,-1.133125,-3.013767,-0.484225,0.019570,0.178259,-1.104678,1.362301
Gtri_53AAT_BAA74428.1	Gtri_5AT_BAA74428.1	acceptor_superclass::Flavonoids	acceptor_superclass::Flavonoids;acceptor_superclass::Isoflavonoids;acceptor_superclass::Phenanthrenoids;acceptor_superclass::Phenolic acids (C6-C1);acceptor_superclass::Phenylpropanoids (C6-C3);acceptor_superclass::Small peptides;acceptor_superclass::Steroids;acceptor_superclass::Triterpenoids;acceptor_superclass::Tyrosine alkaloids	0,0,0,0,0,1,0,0,0,0,0,0,0,0,0,0,0,0,0,0,0,0,0	0,0,0,0,0,1,1,0,0,0,0,0,1,1,0,1,0,0,1,1,1,0,1	-1.340764,-1.125703,-1.422899,-1.423233,-1.716425,0.860091,0.227234,-7.395306,-5.084047,-1.092578,-3.042512,-0.505852,0.496612,0.235996,-0.356996,0.348048,-1.073132,-7.656129,1.785294,8.152089,0.584588,-0.216388,2.797909
Gtri_53AAT_BAA74428.1	Gtri_GAT_BAA74428.1	acceptor_superclass::Flavonoids	acceptor_superclass::Coumarins;acceptor_superclass::Flavonoids;acceptor_superclass::Isoflavonoids;acceptor_superclass::Phenanthrenoids;acceptor_superclass::Small peptides;acceptor_superclass::Triterpenoids;acceptor_superclass::Tyrosine alkaloids	0,0,0,0,0,1,0,0,0,0,0,0,0,0,0,0,0,0,0,0,0,0,0	1,0,0,0,0,1,1,0,0,0,0,0,1,0,0,0,0,0,1,0,1,0,1	1.292686,-1.633367,-2.737781,-0.153612,-0.263245,0.576130,0.252785,-1.818705,-3.570569,-1.904645,-0.649072,-0.549064,3.657145,-0.408890,-0.060197,-1.161579,-0.225995,-3.843642,0.009547,-0.326594,0.387916,-0.585599,2.180371
Hann_HCT1_QBM78941.1	Hann_HCT1_QBM78941.1	acceptor_superclass::Phenolic acids (C6-C1)	acceptor_superclass::Fatty Acids and Conjugates;acceptor_superclass::Isoflavonoids;acceptor_superclass::Ornithine alkaloids;acceptor_superclass::Phenolic acids (C6-C1);acceptor_superclass::Phenylethanoids (C6-C2);acceptor_superclass::Phenylpropanoids (C6-C3);acceptor_superclass::Pseudoalkaloids;acceptor_superclass::Small peptides;acceptor_superclass::Steroids;acceptor_superclass::Tyrosine alkaloids	0,0,0,0,0,0,0,0,0,0,0,0,0,1,0,0,0,0,0,0,0,0,0	0,0,0,1,0,0,1,0,0,0,0,1,0,1,1,1,1,0,1,1,0,0,1	-3.634515,-10.917481,-10.147724,4.468367,-0.585477,-1.561314,0.275371,-1.138018,-3.351965,-0.459829,-1.581615,0.852809,-5.281397,4.780163,0.211159,1.719165,0.158840,-8.631382,3.808116,2.073098,-3.487699,-0.271637,0.709647
Hann_HCT2_QBM78942.1	Hann_HCT2_QBM78942.1	acceptor_superclass::Phenolic acids (C6-C1)	acceptor_superclass::Coumarins;acceptor_superclass::Fatty Acids and Conjugates;acceptor_superclass::Fatty acyls;acceptor_superclass::Flavonoids;acceptor_superclass::Phenanthrenoids;acceptor_superclass::Phenolic acids (C6-C1);acceptor_superclass::Phenylethanoids (C6-C2);acceptor_superclass::Phenylpropanoids (C6-C3);acceptor_superclass::Triterpenoids;acceptor_superclass::Tyrosine alkaloids	0,0,0,0,0,0,0,0,0,0,0,0,0,1,0,0,0,0,0,0,0,0,0	1,0,0,1,1,1,0,0,0,0,0,0,1,1,1,1,0,0,0,0,1,0,1	5.114733,-6.430061,-0.697031,1.954229,0.657894,1.122205,-0.802945,-1.401150,-3.085081,-0.676220,-4.365091,-1.046605,1.208635,2.096913,2.418950,0.930111,-1.709448,-3.377786,-0.029361,-0.513261,0.199591,-1.244912,2.154908
Hann_HQT1_QBM78938.1	Hann_HQT1_QBM78938.1	acceptor_superclass::Phenolic acids (C6-C1)	acceptor_superclass::Fatty Acids and Conjugates;acceptor_superclass::Fatty acyls;acceptor_superclass::Flavonoids;acceptor_superclass::Phenolic acids (C6-C1);acceptor_superclass::Triterpenoids;acceptor_superclass::Tyrosine alkaloids	0,0,0,0,0,0,0,0,0,0,0,0,0,1,0,0,0,0,0,0,0,0,0	0,0,0,1,1,1,0,0,0,0,0,0,0,1,0,0,0,0,0,0,1,0,1	-0.372557,-3.819368,-4.215149,0.530221,0.545649,0.588709,-0.149958,-16.235468,-5.373412,-0.946074,-2.788560,-0.772372,-1.093145,2.123023,-0.208525,-1.593203,-1.870058,-0.794266,-0.639034,-0.651970,1.626876,-3.529906,3.900283
Hann_HQT2_QBM78939.1	Hann_HQT2_QBM78939.1	acceptor_superclass::Phenolic acids (C6-C1)	acceptor_superclass::Fatty Acids and Conjugates;acceptor_superclass::Fatty acyls;acceptor_superclass::Flavonoids;acceptor_superclass::Phenolic acids (C6-C1);acceptor_superclass::Phenylethanoids (C6-C2);acceptor_superclass::Triterpenoids;acceptor_superclass::Tyrosine alkaloids	0,0,0,0,0,0,0,0,0,0,0,0,0,1,0,0,0,0,0,0,0,0,0	0,0,0,1,1,1,0,0,0,0,0,0,0,1,1,0,0,0,0,0,1,0,1	-0.621033,-2.815596,-3.145973,0.183325,0.494912,0.554834,-0.005782,-12.627931,-4.315636,-0.939706,-2.056236,-0.689761,-0.897881,1.112156,0.015158,-1.391714,-1.440744,-0.508292,-0.570378,-0.626106,1.421894,-2.987881,3.164513
Hann_HQT3_QBM78940.1	Hann_HQT3_QBM78940.1	acceptor_superclass::Phenolic acids (C6-C1)	acceptor_superclass::Coumarins;acceptor_superclass::Fatty Acids and Conjugates;acceptor_superclass::Fatty acyls;acceptor_superclass::Flavonoids;acceptor_superclass::Phenanthrenoids;acceptor_superclass::Phenolic acids (C6-C1);acceptor_superclass::Phenylethanoids (C6-C2);acceptor_superclass::Phenylpropanoids (C6-C3);acceptor_superclass::Triterpenoids;acceptor_superclass::Tyrosine alkaloids	0,0,0,0,0,0,0,0,0,0,0,0,0,1,0,0,0,0,0,0,0,0,0	1,0,0,1,1,1,0,0,0,0,0,0,1,1,1,1,0,0,0,0,1,0,1	4.308959,-5.590554,-0.301730,1.609679,0.617826,0.821028,-0.911339,-1.026127,-2.470280,-0.479217,-3.441355,-0.919879,0.981320,1.308284,2.024864,0.802078,-1.541113,-2.995889,-0.413113,-0.654192,0.258537,-0.865000,1.741771
Hcan_PMT_KAL4341785.1	Hcan_PMT_KAL4341785.1	acceptor_superclass::Phenylpropanoids (C6-C3)	acceptor_superclass::Fatty acyls;acceptor_superclass::Flavonoids;acceptor_superclass::Phenylethanoids (C6-C2);acceptor_superclass::Saccharides;acceptor_superclass::Triterpenoids;acceptor_superclass::Tyrosine alkaloids	0,0,0,0,0,0,0,0,0,0,0,0,0,0,0,1,0,0,0,0,0,0,0	0,0,0,0,1,1,0,0,0,0,0,0,0,0,1,0,0,1,0,0,1,0,1	-2.520069,-1.036472,-0.845352,-0.979597,0.917764,0.162726,-0.649029,-6.805526,-2.966109,-1.218155,-0.839169,-1.439912,-0.705105,-1.844924,1.036143,-1.613730,-1.107227,0.742061,-0.676251,-1.549036,1.490674,-2.753376,2.331990
Hmur_ACT_BCN87077.1	Hmur_ACT_BCN87077.1	acceptor_superclass::Ornithine alkaloids;acceptor_superclass::Pseudoalkaloids	acceptor_superclass::Coumarins;acceptor_superclass::Phenanthrenoids;acceptor_superclass::Phenolic acids (C6-C1);acceptor_superclass::Phenylethanoids (C6-C2);acceptor_superclass::Small peptides;acceptor_superclass::Triterpenoids;acceptor_superclass::Tyrosine alkaloids	0,0,0,0,0,0,0,0,0,0,0,1,0,0,0,0,1,0,0,0,0,0,0	1,0,0,0,0,0,0,0,0,0,0,0,1,1,1,0,0,0,1,0,1,0,1	0.727012,-1.834852,-2.336851,-0.020655,-0.234188,-0.284975,-0.654479,-1.563763,-2.901928,-1.514464,-0.771789,-0.241728,2.794339,0.001061,0.142987,-0.720951,-0.051957,-3.075185,0.013787,-0.704180,0.043050,-0.409967,2.010226
Hpol_BAHD3_NA	Hpol_BAHD3_NA	acceptor_superclass::Tyrosine alkaloids	acceptor_superclass::Coumarins;acceptor_superclass::Phenanthrenoids;acceptor_superclass::Phenylethanoids (C6-C2);acceptor_superclass::Triterpenoids;acceptor_superclass::Tyrosine alkaloids	0,0,0,0,0,0,0,0,0,0,0,0,0,0,0,0,0,0,0,0,0,0,1	1,0,0,0,0,0,0,0,0,0,0,0,1,0,1,0,0,0,0,0,1,0,1	0.822279,-1.755218,-2.339658,-0.168979,-0.236778,-0.011016,-0.613160,-1.417429,-3.159867,-1.692683,-0.309669,-0.793385,3.207639,-0.627275,0.107569,-0.932579,-0.265557,-3.247169,-0.372287,-0.579438,0.472183,-0.182920,2.135826
Hvul_ACT1-1_AAO73071.1	Hvul_ACT1-1_AAO73071.1	acceptor_superclass::Ornithine alkaloids	acceptor_superclass::Flavonoids;acceptor_superclass::Phenylpropanoids (C6-C3);acceptor_superclass::Small peptides;acceptor_superclass::Steroids;acceptor_superclass::Triterpenoids;acceptor_superclass::Tryptophan alkaloids;acceptor_superclass::Tyrosine alkaloids	0,0,0,0,0,0,0,0,0,0,0,1,0,0,0,0,0,0,0,0,0,0,0	0,0,0,0,0,1,0,0,0,0,0,0,0,0,0,1,0,0,1,1,1,1,1	-1.839102,-0.380417,-0.657601,-1.340140,-1.538619,0.555802,-0.209769,-7.542560,-3.099008,-0.955776,-1.916533,-0.322285,-0.508947,-0.423899,-0.406697,0.018822,-0.571475,-4.888608,0.731604,6.384061,0.402723,0.201475,2.100204
Hvul_ACT1-1_BAF97626	Hvul_ACT1-1_BAF97626	acceptor_superclass::Ornithine alkaloids;acceptor_superclass::Pseudoalkaloids	acceptor_superclass::Coumarins;acceptor_superclass::Diterpenoids;acceptor_superclass::Fatty Acids and Conjugates;acceptor_superclass::Fatty acyls;acceptor_superclass::Flavonoids;acceptor_superclass::Monoterpenoids;acceptor_superclass::Phenanthrenoids;acceptor_superclass::Phenylethanoids (C6-C2);acceptor_superclass::Phenylpropanoids (C6-C3);acceptor_superclass::Triterpenoids;acceptor_superclass::Tyrosine alkaloids	0,0,0,0,0,0,0,0,0,0,0,1,0,0,0,0,1,0,0,0,0,0,0	1,0,1,1,1,1,0,0,0,1,0,0,1,0,1,1,0,0,0,0,1,0,1	2.274593,-3.362247,0.292474,0.821205,0.332754,0.493672,-0.607691,-0.143638,-1.034954,0.058259,-1.746552,-0.374059,0.760831,-0.414091,1.170498,0.518730,-0.662845,-2.205229,-0.955231,-0.549489,0.091110,-0.703117,0.699352
Hvul_ACT1-2_BAF97627.1	Hvul_ACT1-2_BAF97627	acceptor_superclass::Ornithine alkaloids;acceptor_superclass::Pseudoalkaloids	acceptor_superclass::Fatty acyls;acceptor_superclass::Flavonoids;acceptor_superclass::Isoflavonoids;acceptor_superclass::Phenylethanoids (C6-C2);acceptor_superclass::Saccharides;acceptor_superclass::Triterpenoids;acceptor_superclass::Tyrosine alkaloids	0,0,0,0,0,0,0,0,0,0,0,1,0,0,0,0,1,0,0,0,0,0,0	0,0,0,0,1,1,1,0,0,0,0,0,0,0,1,0,0,1,0,0,1,0,1	-1.272370,-1.089347,-1.209318,-0.431459,0.456322,0.352021,0.001875,-6.361712,-2.534546,-0.900397,-0.762179,-0.626444,-0.490509,-0.743595,0.540029,-1.075581,-0.708776,0.249528,-0.480304,-0.756822,1.112969,-2.073869,1.872396
Hvul_ACT1-2_BAF97627.1	Hvul_ACT1-2_BAF97627.1	acceptor_superclass::Ornithine alkaloids	acceptor_superclass::Coumarins;acceptor_superclass::Diterpenoids;acceptor_superclass::Fatty Acids and Conjugates;acceptor_superclass::Fatty acyls;acceptor_superclass::Flavonoids;acceptor_superclass::Phenanthrenoids;acceptor_superclass::Phenolic acids (C6-C1);acceptor_superclass::Phenylethanoids (C6-C2);acceptor_superclass::Phenylpropanoids (C6-C3);acceptor_superclass::Triterpenoids;acceptor_superclass::Tyrosine alkaloids	0,0,0,0,0,0,0,0,0,0,0,1,0,0,0,0,0,0,0,0,0,0,0	1,0,1,1,1,1,0,0,0,0,0,0,1,1,1,1,0,0,0,0,1,0,1	2.716721,-3.714242,0.062094,1.014333,0.309468,0.637625,-0.445604,-0.373764,-1.400634,-0.115510,-2.036226,-0.418452,0.839009,0.037698,1.311966,0.520291,-0.740158,-2.283510,-0.746767,-0.483956,0.113671,-0.725339,0.973381
Hvul_ACT2_BAK00935.1	Hvul_ACT2_BAK00935.1	acceptor_superclass::Ornithine alkaloids;acceptor_superclass::Pseudoalkaloids	acceptor_superclass::Coumarins;acceptor_superclass::Fatty Acids and Conjugates;acceptor_superclass::Fatty acyls;acceptor_superclass::Flavonoids;acceptor_superclass::Phenanthrenoids;acceptor_superclass::Phenolic acids (C6-C1);acceptor_superclass::Phenylethanoids (C6-C2);acceptor_superclass::Phenylpropanoids (C6-C3);acceptor_superclass::Triterpenoids;acceptor_superclass::Tyrosine alkaloids	0,0,0,0,0,0,0,0,0,0,0,1,0,0,0,0,1,0,0,0,0,0,0	1,0,0,1,1,1,0,0,0,0,0,0,1,1,1,1,0,0,0,0,1,0,1	2.663015,-3.563188,-0.030197,0.939511,0.303083,0.654106,-0.402920,-0.330156,-1.346899,-0.121667,-2.020966,-0.414885,0.839157,0.062306,1.239800,0.498206,-0.722177,-2.329097,-0.659269,-0.396053,0.072679,-0.848560,0.913495
Hvul_ACT1-1_AAO73071.1	Hvul_ACT_AAO73071.1	acceptor_superclass::Ornithine alkaloids	acceptor_superclass::Flavonoids;acceptor_superclass::Phenylpropanoids (C6-C3);acceptor_superclass::Small peptides;acceptor_superclass::Steroids;acceptor_superclass::Triterpenoids;acceptor_superclass::Tryptophan alkaloids;acceptor_superclass::Tyrosine alkaloids	0,0,0,0,0,0,0,0,0,0,0,1,0,0,0,0,0,0,0,0,0,0,0	0,0,0,0,0,1,0,0,0,0,0,0,0,0,0,1,0,0,1,1,1,1,1	-1.839102,-0.380417,-0.657601,-1.340140,-1.538619,0.555802,-0.209769,-7.542560,-3.099008,-0.955776,-1.916533,-0.322285,-0.508947,-0.423899,-0.406697,0.018822,-0.571475,-4.888608,0.731604,6.384061,0.402723,0.201475,2.100204
Ibat_HQT_BAA87043.1	Ibat_HQT_BAA87043.1	acceptor_superclass::Phenolic acids (C6-C1)	acceptor_superclass::Fatty Acids and Conjugates;acceptor_superclass::Ornithine alkaloids;acceptor_superclass::Phenolic acids (C6-C1);acceptor_superclass::Phenylethanoids (C6-C2);acceptor_superclass::Phenylpropanoids (C6-C3);acceptor_superclass::Pseudoalkaloids;acceptor_superclass::Small peptides;acceptor_superclass::Steroids;acceptor_superclass::Tyrosine alkaloids	0,0,0,0,0,0,0,0,0,0,0,0,0,1,0,0,0,0,0,0,0,0,0	0,0,0,1,0,0,0,0,0,0,0,1,0,1,1,1,1,0,1,1,0,0,1	-3.426721,-8.336458,-7.960208,3.390363,-0.593148,-1.348853,-0.226526,-0.749419,-2.625412,-0.137080,-1.313503,0.666138,-4.571363,3.512734,0.026355,1.548630,0.008413,-7.008893,2.856854,1.534037,-2.860840,-0.042434,0.528160
Ihol_3AT1_BAE72676.1	Ihol_3AT1_BAE72676.1	acceptor_superclass::Flavonoids	acceptor_superclass::Cyclic polyketides;acceptor_superclass::Diterpenoids;acceptor_superclass::Flavonoids;acceptor_superclass::Lignans;acceptor_superclass::Monoterpenoids;acceptor_superclass::Naphthalenes;acceptor_superclass::Ornithine alkaloids;acceptor_superclass::Phenylpropanoids (C6-C3);acceptor_superclass::Tryptophan alkaloids	0,0,0,0,0,1,0,0,0,0,0,0,0,0,0,0,0,0,0,0,0,0,0	0,1,1,0,0,1,0,1,0,1,1,1,0,0,0,1,0,0,0,0,0,1,0	-5.736686,4.667565,1.409046,-2.123091,-1.761138,0.143501,-3.665959,1.475057,-0.018812,2.515014,0.611672,0.250893,-3.951465,-4.412578,-1.567854,1.832075,-0.392425,-0.435969,-2.833398,-0.625518,-0.261673,2.381673,-0.668136
Ihol_3AT2_BAE94328.1	Ihol_3AT2_BAE94328.1	acceptor_superclass::Flavonoids	acceptor_superclass::Cyclic polyketides;acceptor_superclass::Diterpenoids;acceptor_superclass::Flavonoids;acceptor_superclass::Lysine alkaloids;acceptor_superclass::Naphthalenes;acceptor_superclass::Pseudoalkaloids;acceptor_superclass::Saccharides;acceptor_superclass::Steroids;acceptor_superclass::Triterpenoids;acceptor_superclass::Tryptophan alkaloids;acceptor_superclass::Tyrosine alkaloids	0,0,0,0,0,1,0,0,0,0,0,0,0,0,0,0,0,0,0,0,0,0,0	0,1,1,0,0,1,0,0,1,0,1,0,0,0,0,0,1,1,0,1,1,1,1	-6.274898,3.103527,2.195168,-2.916558,-2.702645,0.203102,-1.691481,-18.610731,2.094001,-1.675312,1.671685,-0.149024,-5.397674,-4.617835,-1.018435,-1.338207,0.655328,1.862230,-3.948515,7.052193,0.326231,2.511478,1.583324
Jsam_BEAT1_UJH94663.1	Jsam_BEAT1_UJH94663.1		acceptor_superclass::Flavonoids;acceptor_superclass::Small peptides;acceptor_superclass::Steroids;acceptor_superclass::Triterpenoids;acceptor_superclass::Tryptophan alkaloids;acceptor_superclass::Tyrosine alkaloids	0,0,0,0,0,0,0,0,0,0,0,0,0,0,0,0,0,0,0,0,0,0,0	0,0,0,0,0,1,0,0,0,0,0,0,0,0,0,0,0,0,1,1,1,1,1	-3.072039,-0.107424,-0.547444,-2.038552,-2.208178,0.710926,-0.493236,-11.650462,-3.605217,-1.387604,-2.194875,-0.500099,-1.262271,-1.119159,-0.629081,-0.101723,-0.744473,-6.003078,0.382928,8.816441,0.511418,0.559698,2.810169
Jsam_BEAT2_UJH94664.1	Jsam_BEAT2_UJH94664.1		acceptor_superclass::Fatty Acids and Conjugates;acceptor_superclass::Monoterpenoids;acceptor_superclass::Ornithine alkaloids;acceptor_superclass::Phenolic acids (C6-C1);acceptor_superclass::Phenylpropanoids (C6-C3);acceptor_superclass::Small peptides;acceptor_superclass::Steroids;acceptor_superclass::Tryptophan alkaloids;acceptor_superclass::Tyrosine alkaloids	0,0,0,0,0,0,0,0,0,0,0,0,0,0,0,0,0,0,0,0,0,0,0	0,0,0,1,0,0,0,0,0,1,0,1,0,1,0,1,0,0,1,1,0,1,1	-3.508245,-5.582393,-5.774618,2.364029,-0.863035,-0.970380,-0.715140,-0.340048,-2.112647,0.305035,-0.683580,0.579020,-4.010713,1.760375,-0.168160,1.454292,-0.022527,-5.143062,1.608406,1.152198,-2.148431,0.565757,0.279676
Lalb_HMT_BAD89275.1	Lalb_HMT_BAD89275.1	acceptor_superclass::Lysine alkaloids	acceptor_superclass::Cyclic polyketides;acceptor_superclass::Diterpenoids;acceptor_superclass::Flavonoids;acceptor_superclass::Steroids;acceptor_superclass::Triterpenoids;acceptor_superclass::Tryptophan alkaloids;acceptor_superclass::Tyrosine alkaloids	0,0,0,0,0,0,0,0,1,0,0,0,0,0,0,0,0,0,0,0,0,0,0	0,1,1,0,0,1,0,0,0,0,0,0,0,0,0,0,0,0,0,1,1,1,1	-4.828375,1.369149,0.705795,-2.538662,-2.585151,0.443754,-1.201203,-15.627199,-1.138280,-1.566730,-0.547227,-0.405906,-3.359497,-2.809821,-0.874604,-0.713330,-0.184203,-2.629438,-1.569493,8.423503,0.445968,1.574468,2.422450
Lang_RAS_ABI48360.1	Lang_AAT1_ABI48360.1	acceptor_superclass::Tyrosine alkaloids	acceptor_superclass::Flavonoids;acceptor_superclass::Phenanthrenoids;acceptor_superclass::Phenolic acids (C6-C1);acceptor_superclass::Phenylpropanoids (C6-C3);acceptor_superclass::Small peptides;acceptor_superclass::Steroids;acceptor_superclass::Triterpenoids;acceptor_superclass::Tyrosine alkaloids	0,0,0,0,0,0,0,0,0,0,0,0,0,0,0,0,0,0,0,0,0,0,1	0,0,0,0,0,1,0,0,0,0,0,0,1,1,0,1,0,0,1,1,1,0,1	-1.315505,-1.213265,-1.397086,-1.287920,-1.651481,0.727950,-0.037065,-6.873264,-4.901675,-0.963054,-3.183746,-0.516929,0.427662,0.368668,-0.353121,0.310792,-1.093138,-7.450947,1.924797,7.625711,0.466485,-0.226810,2.689354
Lang_RAS_ABI48360.1	Lang_AT1_ABI48360.1	acceptor_superclass::Phenolic acids (C6-C1);acceptor_superclass::Small peptides;acceptor_superclass::Tryptophan alkaloids;acceptor_superclass::Tyrosine alkaloids	acceptor_superclass::Coumarins;acceptor_superclass::Fatty Acids and Conjugates;acceptor_superclass::Fatty acyls;acceptor_superclass::Flavonoids;acceptor_superclass::Phenanthrenoids;acceptor_superclass::Phenolic acids (C6-C1);acceptor_superclass::Phenylethanoids (C6-C2);acceptor_superclass::Phenylpropanoids (C6-C3);acceptor_superclass::Triterpenoids;acceptor_superclass::Tyrosine alkaloids	0,0,0,0,0,0,0,0,0,0,0,0,0,1,0,0,0,0,1,0,0,1,1	1,0,0,1,1,1,0,0,0,0,0,0,1,1,1,1,0,0,0,0,1,0,1	3.358924,-4.614297,-0.069706,1.291052,0.428549,0.723155,-0.679978,-0.597769,-1.880843,-0.240675,-2.934385,-0.810406,0.954879,0.571460,1.691782,0.670335,-1.203107,-2.625611,-0.548845,-0.493580,0.154867,-0.876548,1.314815
Lang_RAS_ABI48360.1	Lang_RAS_ABI48360.1		acceptor_superclass::Coumarins;acceptor_superclass::Fatty Acids and Conjugates;acceptor_superclass::Phenanthrenoids;acceptor_superclass::Phenolic acids (C6-C1);acceptor_superclass::Phenylethanoids (C6-C2);acceptor_superclass::Small peptides;acceptor_superclass::Tyrosine alkaloids	0,0,0,0,0,0,0,0,0,0,0,0,0,0,0,0,0,0,0,0,0,0,0	1,0,0,1,0,0,0,0,0,0,0,0,1,1,1,0,0,0,1,0,0,0,1	0.532018,-2.400583,-2.549511,0.201807,-0.238926,-0.740445,-1.309984,-1.713975,-3.088830,-1.510880,-1.036202,-0.526859,2.893190,0.190907,0.243947,-0.604609,-0.364718,-3.235960,0.020632,-0.979754,-0.042827,-0.618626,2.363691
Lang_RAS_AEA36976.1	Lang_RAS_AEA36976.1		acceptor_superclass::Coumarins;acceptor_superclass::Diterpenoids;acceptor_superclass::Fatty Acids and Conjugates;acceptor_superclass::Fatty acyls;acceptor_superclass::Flavonoids;acceptor_superclass::Phenanthrenoids;acceptor_superclass::Phenolic acids (C6-C1);acceptor_superclass::Phenylethanoids (C6-C2);acceptor_superclass::Phenylpropanoids (C6-C3);acceptor_superclass::Triterpenoids;acceptor_superclass::Tyrosine alkaloids	0,0,0,0,0,0,0,0,0,0,0,0,0,0,0,0,0,0,0,0,0,0,0	1,0,1,1,1,1,0,0,0,0,0,0,1,1,1,1,0,0,0,0,1,0,1	2.968328,-4.227406,0.089752,1.089115,0.387148,0.700296,-0.615154,-0.335796,-1.526800,-0.101943,-2.581110,-0.729927,0.981330,0.082183,1.506525,0.603168,-1.067944,-2.650344,-0.754263,-0.478090,0.091924,-0.968925,1.015646
Lery_AAT1_BBV14786.1	Lery_AAT1_BBV14786.1	acceptor_superclass::Naphthalenes	acceptor_superclass::Diterpenoids;acceptor_superclass::Fatty acyls;acceptor_superclass::Lignans;acceptor_superclass::Lysine alkaloids;acceptor_superclass::Monoterpenoids;acceptor_superclass::Naphthalenes;acceptor_superclass::Phenanthrenoids;acceptor_superclass::Phenylethanoids (C6-C2);acceptor_superclass::Phenylpropanoids (C6-C3);acceptor_superclass::Triterpenoids;acceptor_superclass::Tryptophan alkaloids	0,0,0,0,0,0,0,0,0,0,1,0,0,0,0,0,0,0,0,0,0,0,0	0,0,1,0,1,0,0,1,1,1,1,0,1,0,1,1,0,0,0,0,1,1,0	-0.966252,-1.428394,2.771835,-0.543564,0.466672,-0.865258,-2.074363,1.818561,1.833692,1.451189,1.411311,-0.440711,0.231668,-5.037504,0.229264,0.368599,-0.659575,-1.870296,-3.661786,-1.386804,0.257005,0.337899,-1.384516
Lery_AAT2_BDW80085.1	Lery_AAT2_BDW80085.1	acceptor_superclass::Naphthalenes	acceptor_superclass::Cyclic polyketides;acceptor_superclass::Diterpenoids;acceptor_superclass::Fatty acyls;acceptor_superclass::Lignans;acceptor_superclass::Naphthalenes;acceptor_superclass::Phenylethanoids (C6-C2);acceptor_superclass::Saccharides;acceptor_superclass::Triterpenoids;acceptor_superclass::Tyrosine alkaloids	0,0,0,0,0,0,0,0,0,0,1,0,0,0,0,0,0,0,0,0,0,0,0	0,1,1,0,1,0,0,1,0,0,1,0,0,0,1,0,0,1,0,0,1,0,1	-4.615633,2.367253,3.115213,-2.625748,0.966727,-0.169348,-0.606363,4.312842,-0.205394,-1.591963,1.826557,-1.906037,-0.035702,-6.429756,2.437980,-1.504487,-0.015074,2.571180,-0.693136,-2.286520,1.534788,-1.397082,0.478887
Lery_SAT1_BBV14785.1	Lery_SAT1_BBV14785.1	acceptor_superclass::Naphthalenes	acceptor_superclass::Cyclic polyketides;acceptor_superclass::Diterpenoids;acceptor_superclass::Fatty acyls;acceptor_superclass::Lignans;acceptor_superclass::Naphthalenes;acceptor_superclass::Phenanthrenoids;acceptor_superclass::Phenylethanoids (C6-C2);acceptor_superclass::Pseudoalkaloids;acceptor_superclass::Triterpenoids;acceptor_superclass::Tryptophan alkaloids;acceptor_superclass::Tyrosine alkaloids	0,0,0,0,0,0,0,0,0,0,1,0,0,0,0,0,0,0,0,0,0,0,0	0,1,1,0,1,0,0,1,0,0,1,0,1,0,1,0,1,0,0,0,1,1,1	-1.091196,0.041760,0.475143,-1.091462,0.185283,-0.893750,-2.467012,1.959646,-0.925524,-0.429705,0.822962,-1.149520,0.629546,-3.823766,0.188637,-0.096403,0.054705,-0.052621,-2.834023,-0.390556,0.345489,0.634361,0.296646
Lery_SAT2_BDW80077.1	Lery_SAT2_BDW80077.1	acceptor_superclass::Naphthalenes	acceptor_superclass::Cyclic polyketides;acceptor_superclass::Lignans;acceptor_superclass::Monoterpenoids;acceptor_superclass::Naphthalenes;acceptor_superclass::Ornithine alkaloids;acceptor_superclass::Phenylpropanoids (C6-C3);acceptor_superclass::Tryptophan alkaloids	0,0,0,0,0,0,0,0,0,0,1,0,0,0,0,0,0,0,0,0,0,0,0	0,1,0,0,0,0,0,1,0,1,1,1,0,0,0,1,0,0,0,0,0,1,0	-4.562620,2.192389,-0.240798,-1.059391,-1.426404,-0.186412,-2.470779,0.872068,-0.554917,1.593230,1.033791,0.295594,-3.281795,-2.788319,-1.182329,1.447558,-0.125163,-0.811400,-1.864380,-0.289172,-0.292185,2.184973,-0.418353
Lint_AAT-3_AIW81431.1	Lint_AAT-3_AIW81431.1	acceptor_superclass::Monoterpenoids	acceptor_superclass::Fatty acyls;acceptor_superclass::Lignans;acceptor_superclass::Phenanthrenoids;acceptor_superclass::Phenylethanoids (C6-C2);acceptor_superclass::Tyrosine alkaloids	0,0,0,0,0,0,0,0,0,1,0,0,0,0,0,0,0,0,0,0,0,0,0	0,0,0,0,1,0,0,1,0,0,0,0,1,0,1,0,0,0,0,0,0,0,1	-0.244489,-1.720509,-1.205281,-0.508895,0.024574,-0.945122,-2.446663,0.088966,-2.305361,-1.107062,-0.369657,-0.983782,2.144796,-2.102070,0.266242,-0.265850,-0.278643,-2.328099,-1.474815,-0.811026,-0.126548,-0.305211,1.498168
Lint_AAT-4_AIW81432.1	Lint_AAT-4_AIW81432.1	acceptor_superclass::Monoterpenoids	acceptor_superclass::Fatty acyls;acceptor_superclass::Phenanthrenoids;acceptor_superclass::Phenylethanoids (C6-C2);acceptor_superclass::Triterpenoids;acceptor_superclass::Tryptophan alkaloids;acceptor_superclass::Tyrosine alkaloids	0,0,0,0,0,0,0,0,0,1,0,0,0,0,0,0,0,0,0,0,0,0,0	0,0,0,0,1,0,0,0,0,0,0,0,1,0,1,0,0,0,0,0,1,1,1	-0.918742,-1.964211,-1.087666,-0.017459,0.267316,-1.843195,-3.292646,-0.171653,-2.236979,-0.855879,-0.029720,-1.360437,1.730217,-1.518377,0.523102,-0.268339,-0.350994,-1.175577,-1.922693,-1.416689,0.576153,0.720352,1.749330
Ljap_HQT_ACZ52698.1	Ljap_HQT_ACZ52698.1	acceptor_superclass::Phenolic acids (C6-C1)	acceptor_superclass::Fatty Acids and Conjugates;acceptor_superclass::Ornithine alkaloids;acceptor_superclass::Phenolic acids (C6-C1);acceptor_superclass::Phenylpropanoids (C6-C3);acceptor_superclass::Pseudoalkaloids;acceptor_superclass::Small peptides;acceptor_superclass::Steroids;acceptor_superclass::Tryptophan alkaloids;acceptor_superclass::Tyrosine alkaloids	0,0,0,0,0,0,0,0,0,0,0,0,0,1,0,0,0,0,0,0,0,0,0	0,0,0,1,0,0,0,0,0,0,0,1,0,1,0,1,1,0,1,1,0,1,1	-3.495415,-7.460479,-7.370765,3.027429,-0.707901,-1.120275,-0.308429,-0.603549,-2.493970,-0.003057,-1.178723,0.646941,-4.480452,2.933142,-0.079050,1.528294,0.013083,-6.592707,2.443545,1.475906,-2.684296,0.026567,0.455960
Lori_AAT1_WKK95849.1	Lori_AAT1_WKK95849.1	acceptor_superclass::Fatty acyls	acceptor_superclass::Fatty acyls;acceptor_superclass::Lignans;acceptor_superclass::Phenanthrenoids;acceptor_superclass::Phenylethanoids (C6-C2);acceptor_superclass::Tyrosine alkaloids	0,0,0,0,1,0,0,0,0,0,0,0,0,0,0,0,0,0,0,0,0,0,0	0,0,0,0,1,0,0,1,0,0,0,0,1,0,1,0,0,0,0,0,0,0,1	-0.683630,-1.691866,-1.015667,-0.583303,0.138153,-1.394186,-3.060715,0.380712,-2.215247,-1.028954,-0.273669,-1.136128,1.897258,-2.457767,0.408765,-0.141985,-0.268942,-1.917859,-1.947507,-1.026016,-0.068539,-0.085654,1.485477
Lpur_3MAT1_AAS77404.1	Lpur_3MAT1_AAS77404.1	acceptor_superclass::Flavonoids;acceptor_superclass::Isoflavonoids;acceptor_superclass::Phenolic acids (C6-C1)	acceptor_superclass::Fatty acyls;acceptor_superclass::Flavonoids;acceptor_superclass::Isoflavonoids;acceptor_superclass::Phenylethanoids (C6-C2);acceptor_superclass::Saccharides;acceptor_superclass::Triterpenoids;acceptor_superclass::Tyrosine alkaloids	0,0,0,0,0,1,1,0,0,0,0,0,0,1,0,0,0,0,0,0,0,0,0	0,0,0,0,1,1,1,0,0,0,0,0,0,0,1,0,0,1,0,0,1,0,1	-1.169649,-1.491586,-1.717536,-0.416493,0.552306,0.656822,0.538817,-8.440415,-3.322692,-1.194063,-0.990888,-0.886418,-0.360406,-0.926654,0.610378,-1.392045,-1.056772,0.041035,-0.662779,-0.497091,1.515763,-2.608000,2.430247
Lrob_AT1_WEX29780.1	Lrob_AT1_WEX29780.1	acceptor_superclass::Phenylethanoids (C6-C2)	acceptor_superclass::Coumarins;acceptor_superclass::Fatty Acids and Conjugates;acceptor_superclass::Phenanthrenoids;acceptor_superclass::Phenolic acids (C6-C1);acceptor_superclass::Phenylethanoids (C6-C2);acceptor_superclass::Small peptides;acceptor_superclass::Triterpenoids;acceptor_superclass::Tyrosine alkaloids	0,0,0,0,0,0,0,0,0,0,0,0,0,0,1,0,0,0,0,0,0,0,0	1,0,0,1,0,0,0,0,0,0,0,0,1,1,1,0,0,0,1,0,1,0,1	1.445916,-4.356307,-4.636017,1.043905,-0.362919,-1.036533,-1.158565,-4.384681,-5.119359,-2.456645,-1.742832,-0.662539,4.903983,2.551641,0.534323,-1.180678,-0.679938,-5.555599,1.427677,-1.737353,0.186592,-0.879640,4.098791
Lsat_BOS_QYL33117.1	Lsat_BOS_QYL33117.1	acceptor_superclass::Small peptides	acceptor_superclass::Coumarins;acceptor_superclass::Diterpenoids;acceptor_superclass::Fatty Acids and Conjugates;acceptor_superclass::Fatty acyls;acceptor_superclass::Flavonoids;acceptor_superclass::Lignans;acceptor_superclass::Monoterpenoids;acceptor_superclass::Phenanthrenoids;acceptor_superclass::Phenylethanoids (C6-C2);acceptor_superclass::Phenylpropanoids (C6-C3);acceptor_superclass::Triterpenoids;acceptor_superclass::Tyrosine alkaloids	0,0,0,0,0,0,0,0,0,0,0,0,0,0,0,0,0,0,1,0,0,0,0	1,0,1,1,1,1,0,1,0,1,0,0,1,0,1,1,0,0,0,0,1,0,1	2.427735,-3.741556,0.576526,0.692011,0.343440,0.655965,-0.596123,0.260166,-0.805210,0.170715,-1.626954,-0.584578,1.090478,-1.294493,1.147410,0.475326,-1.055175,-2.974298,-1.546770,-0.515665,0.092913,-0.948434,0.400502
Lsat_BOS_QYL33117.1	Lsat_DS_QYL33117.1	acceptor_superclass::Small peptides	acceptor_superclass::Coumarins;acceptor_superclass::Lignans;acceptor_superclass::Phenanthrenoids;acceptor_superclass::Phenylethanoids (C6-C2);acceptor_superclass::Triterpenoids;acceptor_superclass::Tyrosine alkaloids	0,0,0,0,0,0,0,0,0,0,0,0,0,0,0,0,0,0,1,0,0,0,0	1,0,0,0,0,0,0,1,0,0,0,0,1,0,1,0,0,0,0,0,1,0,1	0.269318,-0.824557,-1.327196,-0.920024,-0.256793,-0.010270,-1.219778,0.240203,-2.369021,-1.310241,-0.175969,-0.612547,2.384696,-2.581655,0.048143,-0.549279,-0.018438,-2.424720,-1.318799,-0.210435,0.030129,-0.293043,1.288053
Ltri_CAAT1_AHA90802.1	Ltri_CAAT1_AHA90802.1	acceptor_superclass::Phenylpropanoids (C6-C3)	acceptor_superclass::Cyclic polyketides;acceptor_superclass::Diterpenoids;acceptor_superclass::Fatty acyls;acceptor_superclass::Lignans;acceptor_superclass::Naphthalenes;acceptor_superclass::Phenylethanoids (C6-C2);acceptor_superclass::Saccharides;acceptor_superclass::Triterpenoids;acceptor_superclass::Tyrosine alkaloids	0,0,0,0,0,0,0,0,0,0,0,0,0,0,0,1,0,0,0,0,0,0,0	0,1,1,0,1,0,0,1,0,0,1,0,0,0,1,0,0,1,0,0,1,0,1	-6.891165,3.261060,4.313046,-3.870655,1.583496,-0.372506,-1.279619,5.711288,-0.390794,-2.238853,2.187422,-2.848551,-0.297517,-9.104841,3.592412,-2.297875,-0.164808,3.741708,-0.988059,-3.557373,2.143319,-2.378499,0.752227
Maze_AT1704_NA	Maze_AT1704_NA	acceptor_superclass::Triterpenoids	acceptor_superclass::Fatty Acids and Conjugates;acceptor_superclass::Lignans;acceptor_superclass::Monoterpenoids;acceptor_superclass::Naphthalenes;acceptor_superclass::Ornithine alkaloids;acceptor_superclass::Phenylpropanoids (C6-C3);acceptor_superclass::Steroids;acceptor_superclass::Tryptophan alkaloids	0,0,0,0,0,0,0,0,0,0,0,0,0,0,0,0,0,0,0,0,1,0,0	0,0,0,1,0,0,0,1,0,1,1,1,0,0,0,1,0,0,0,1,0,1,0	-4.264046,-0.800822,-2.270100,0.221616,-1.120688,-0.683560,-2.078158,0.436945,-1.004914,1.181685,0.176026,0.319659,-3.620474,-0.924295,-0.769914,1.487276,-0.280799,-2.566555,-0.444339,0.169942,-1.069599,1.525232,-0.127075
Maze_AT8824_KAJ4723782.1	Maze_AT8824_KAJ4723782.1	acceptor_superclass::Triterpenoids	acceptor_superclass::Cyclic polyketides;acceptor_superclass::Diterpenoids;acceptor_superclass::Flavonoids;acceptor_superclass::Steroids;acceptor_superclass::Triterpenoids;acceptor_superclass::Tryptophan alkaloids;acceptor_superclass::Tyrosine alkaloids	0,0,0,0,0,0,0,0,0,0,0,0,0,0,0,0,0,0,0,0,1,0,0	0,1,1,0,0,1,0,0,0,0,0,0,0,0,0,0,0,0,0,1,1,1,1	-3.362464,0.907735,0.528475,-1.693470,-1.875793,0.202781,-0.867425,-10.953233,-0.956277,-1.035394,-0.302088,-0.309415,-2.349082,-1.949646,-0.632556,-0.508331,-0.204462,-1.850633,-0.986628,5.898038,0.367958,1.210766,1.762964
Mdom_AAT1_AAU14879.2	Mdom_AAT1_AAU14879.2	acceptor_superclass::Fatty acyls;acceptor_superclass::Phenylpropanoids (C6-C3)	acceptor_superclass::Fatty Acids and Conjugates;acceptor_superclass::Lignans;acceptor_superclass::Monoterpenoids;acceptor_superclass::Ornithine alkaloids;acceptor_superclass::Phenolic acids (C6-C1);acceptor_superclass::Phenylpropanoids (C6-C3);acceptor_superclass::Small peptides;acceptor_superclass::Steroids;acceptor_superclass::Tryptophan alkaloids	0,0,0,0,1,0,0,0,0,0,0,0,0,0,0,1,0,0,0,0,0,0,0	0,0,0,1,0,0,0,1,0,1,0,1,0,1,0,1,0,0,1,1,0,1,0	-4.919197,-2.913689,-3.928830,1.070642,-0.986556,-1.107216,-2.205317,0.220955,-1.323212,1.218943,-0.354268,0.432319,-4.575458,0.041987,-0.710929,1.851553,-0.269760,-4.109140,0.352848,0.317541,-1.774880,1.229326,-0.056069
Mdom_SHT_ALF00095.1	Mdom_SHT_ALF00095.1	acceptor_superclass::Ornithine alkaloids	acceptor_superclass::Fatty Acids and Conjugates;acceptor_superclass::Ornithine alkaloids;acceptor_superclass::Phenolic acids (C6-C1);acceptor_superclass::Phenylethanoids (C6-C2);acceptor_superclass::Phenylpropanoids (C6-C3);acceptor_superclass::Pseudoalkaloids;acceptor_superclass::Small peptides;acceptor_superclass::Steroids;acceptor_superclass::Tyrosine alkaloids	0,0,0,0,0,0,0,0,0,0,0,1,0,0,0,0,0,0,0,0,0,0,0	0,0,0,1,0,0,0,0,0,0,0,1,0,1,1,1,1,0,1,1,0,0,1	-3.128086,-7.904247,-7.632668,3.289816,-0.663120,-1.100153,-0.018363,-0.732135,-2.677464,-0.184147,-1.267169,0.741431,-4.201389,3.254217,0.075736,1.430648,0.125078,-6.588378,2.708441,1.614740,-2.744040,-0.080901,0.499880
Mema_HFT_NA	Mema_HFT_NA	acceptor_superclass::Fatty acyls	acceptor_superclass::Fatty Acids and Conjugates;acceptor_superclass::Lignans;acceptor_superclass::Monoterpenoids;acceptor_superclass::Ornithine alkaloids;acceptor_superclass::Phenolic acids (C6-C1);acceptor_superclass::Phenylpropanoids (C6-C3);acceptor_superclass::Pseudoalkaloids;acceptor_superclass::Small peptides;acceptor_superclass::Steroids;acceptor_superclass::Tryptophan alkaloids	0,0,0,0,1,0,0,0,0,0,0,0,0,0,0,0,0,0,0,0,0,0,0	0,0,0,1,0,0,0,1,0,1,0,1,0,1,0,1,1,0,1,1,0,1,0	-5.308530,-3.715494,-5.053289,1.490498,-1.288157,-0.836630,-1.754183,0.120747,-2.017478,1.082163,-0.243849,0.647468,-5.097749,0.206197,-0.769567,1.949824,0.033194,-4.755942,0.573098,0.802932,-1.982732,1.454156,-0.085158
Mlon_AT1_NA	Mlon_AT1_NA	acceptor_superclass::Phenolic acids (C6-C1)	acceptor_superclass::Fatty Acids and Conjugates;acceptor_superclass::Fatty acyls;acceptor_superclass::Flavonoids;acceptor_superclass::Phenolic acids (C6-C1);acceptor_superclass::Phenylethanoids (C6-C2);acceptor_superclass::Triterpenoids;acceptor_superclass::Tyrosine alkaloids	0,0,0,0,0,0,0,0,0,0,0,0,0,1,0,0,0,0,0,0,0,0,0	0,0,0,1,1,1,0,0,0,0,0,0,0,1,1,0,0,0,0,0,1,0,1	-0.730266,-2.845445,-3.131775,0.186097,0.563294,0.405128,-0.321515,-12.658931,-4.327111,-0.877516,-2.207361,-0.764263,-0.937049,1.244389,0.005834,-1.392802,-1.527664,-0.453069,-0.524817,-0.750663,1.367021,-2.962941,3.178432
Mlon_AT2_NA	Mlon_AT2_NA	acceptor_superclass::Phenolic acids (C6-C1)	acceptor_superclass::Coumarins;acceptor_superclass::Fatty Acids and Conjugates;acceptor_superclass::Phenanthrenoids;acceptor_superclass::Phenolic acids (C6-C1);acceptor_superclass::Phenylethanoids (C6-C2);acceptor_superclass::Small peptides;acceptor_superclass::Tyrosine alkaloids	0,0,0,0,0,0,0,0,0,0,0,0,0,1,0,0,0,0,0,0,0,0,0	1,0,0,1,0,0,0,0,0,0,0,0,1,1,1,0,0,0,1,0,0,0,1	1.020296,-3.928327,-3.966381,0.787488,-0.275543,-1.257600,-1.551004,-3.480308,-4.325654,-2.113666,-1.728062,-0.520669,4.059450,1.935976,0.444419,-0.763791,-0.653147,-4.965744,1.141566,-1.594631,-0.234669,-1.075862,3.607630
Mlon_AT1_NA	Mlon_AT3_NA	acceptor_superclass::Phenolic acids (C6-C1)	acceptor_superclass::Flavonoids;acceptor_superclass::Isoflavonoids;acceptor_superclass::Phenanthrenoids;acceptor_superclass::Phenolic acids (C6-C1);acceptor_superclass::Phenylpropanoids (C6-C3);acceptor_superclass::Small peptides;acceptor_superclass::Steroids;acceptor_superclass::Triterpenoids;acceptor_superclass::Tyrosine alkaloids	0,0,0,0,0,0,0,0,0,0,0,0,0,1,0,0,0,0,0,0,0,0,0	0,0,0,0,0,1,1,0,0,0,0,0,1,1,0,1,0,0,1,1,1,0,1	-0.651695,-2.265164,-2.383950,-1.229555,-1.716804,0.947035,0.184338,-5.899035,-7.194946,-1.034852,-4.807211,-0.743553,1.641065,1.439453,-0.331637,0.714598,-1.667252,-10.843533,3.398251,9.154931,0.573113,-0.783248,3.433140
Mlon_AT4_NA	Mlon_AT4_NA	acceptor_superclass::Lignans;acceptor_superclass::Phenolic acids (C6-C1)	acceptor_superclass::Fatty acyls;acceptor_superclass::Flavonoids;acceptor_superclass::Phenolic acids (C6-C1);acceptor_superclass::Phenylethanoids (C6-C2);acceptor_superclass::Triterpenoids;acceptor_superclass::Tyrosine alkaloids	0,0,0,0,0,0,0,1,0,0,0,0,0,1,0,0,0,0,0,0,0,0,0	0,0,0,0,1,1,0,0,0,0,0,0,0,1,1,0,0,0,0,0,1,0,1	-0.888002,-2.085153,-2.258276,-0.004538,0.487717,0.356043,-0.207974,-9.761559,-3.463151,-0.834257,-1.582694,-0.725851,-0.707093,0.411893,0.204436,-1.200447,-1.183987,-0.188388,-0.491163,-0.678893,1.177879,-2.493436,2.518245
Mlon_AT6_NA	Mlon_AT6_NA	acceptor_superclass::Phenolic acids (C6-C1)	acceptor_superclass::Coumarins;acceptor_superclass::Fatty Acids and Conjugates;acceptor_superclass::Fatty acyls;acceptor_superclass::Flavonoids;acceptor_superclass::Phenanthrenoids;acceptor_superclass::Phenolic acids (C6-C1);acceptor_superclass::Phenylethanoids (C6-C2);acceptor_superclass::Phenylpropanoids (C6-C3);acceptor_superclass::Triterpenoids;acceptor_superclass::Tyrosine alkaloids	0,0,0,0,0,0,0,0,0,0,0,0,0,1,0,0,0,0,0,0,0,0,0	1,0,0,1,1,1,0,0,0,0,0,0,1,1,1,1,0,0,0,0,1,0,1	3.981320,-5.276947,-0.310647,1.458692,0.540361,0.859509,-0.778633,-0.805036,-2.251336,-0.341569,-3.505607,-0.981421,1.079528,1.033535,2.002719,0.776647,-1.467361,-3.073882,-0.366173,-0.462047,0.097756,-1.176965,1.506524
Moff_RAS_CBW35684.1	Moff_RAS_CBW35684.1		acceptor_superclass::Coumarins;acceptor_superclass::Fatty Acids and Conjugates;acceptor_superclass::Phenanthrenoids;acceptor_superclass::Phenolic acids (C6-C1);acceptor_superclass::Phenylethanoids (C6-C2);acceptor_superclass::Small peptides;acceptor_superclass::Tyrosine alkaloids	0,0,0,0,0,0,0,0,0,0,0,0,0,0,0,0,0,0,0,0,0,0,0	1,0,0,1,0,0,0,0,0,0,0,0,1,1,1,0,0,0,1,0,0,0,1	1.103409,-3.256391,-3.576990,0.557389,-0.303801,-0.760564,-0.999482,-3.030769,-3.932533,-1.981638,-1.383671,-0.510230,3.790170,1.458135,0.294728,-0.818864,-0.549173,-4.540339,0.942424,-1.198684,-0.075585,-0.919170,3.168168
Mpal_HCT_AXN55971.1	Mpal_HCT_AXN55971.1	acceptor_superclass::Phenolic acids (C6-C1)	acceptor_superclass::Fatty Acids and Conjugates;acceptor_superclass::Monoterpenoids;acceptor_superclass::Ornithine alkaloids;acceptor_superclass::Phenolic acids (C6-C1);acceptor_superclass::Phenylpropanoids (C6-C3);acceptor_superclass::Pseudoalkaloids;acceptor_superclass::Small peptides;acceptor_superclass::Steroids;acceptor_superclass::Tryptophan alkaloids;acceptor_superclass::Tyrosine alkaloids	0,0,0,0,0,0,0,0,0,0,0,0,0,1,0,0,0,0,0,0,0,0,0	0,0,0,1,0,0,0,0,0,1,0,1,0,1,0,1,1,0,1,1,0,1,1	-3.965679,-7.775538,-7.610609,3.303253,-0.784317,-1.537113,-0.557903,-0.722921,-2.704265,0.241506,-0.807583,0.869924,-4.666792,2.935481,-0.055664,1.679584,0.182442,-6.036501,2.541974,1.182337,-2.648999,0.773061,0.233501
Mpol_HCT_PTQ49430.1	Mpol_HCT_PTQ49430.1	acceptor_superclass::Phenolic acids (C6-C1)	acceptor_superclass::Flavonoids;acceptor_superclass::Isoflavonoids;acceptor_superclass::Phenanthrenoids;acceptor_superclass::Phenolic acids (C6-C1);acceptor_superclass::Phenylpropanoids (C6-C3);acceptor_superclass::Small peptides;acceptor_superclass::Steroids;acceptor_superclass::Triterpenoids;acceptor_superclass::Tyrosine alkaloids	0,0,0,0,0,0,0,0,0,0,0,0,0,1,0,0,0,0,0,0,0,0,0	0,0,0,0,0,1,1,0,0,0,0,0,1,1,0,1,0,0,1,1,1,0,1	-1.442952,-1.986193,-2.067993,-1.435910,-2.080092,0.951074,0.078370,-8.224477,-6.974932,-1.196924,-4.487142,-0.726781,0.906841,0.860451,-0.427393,0.499270,-1.593436,-10.217644,3.009343,9.921559,0.646152,-0.421868,3.621995
Msap_AAT_CAC09063.1	Msap_AAT_CAC09063.1	acceptor_superclass::Fatty acyls;acceptor_superclass::Monoterpenoids;acceptor_superclass::Phenylethanoids (C6-C2);acceptor_superclass::Phenylpropanoids (C6-C3)	acceptor_superclass::Cyclic polyketides;acceptor_superclass::Diterpenoids;acceptor_superclass::Flavonoids;acceptor_superclass::Steroids;acceptor_superclass::Triterpenoids;acceptor_superclass::Tryptophan alkaloids;acceptor_superclass::Tyrosine alkaloids	0,0,0,0,1,0,0,0,0,1,0,0,0,0,1,1,0,0,0,0,0,0,0	0,1,1,0,0,1,0,0,0,0,0,0,0,0,0,0,0,0,0,1,1,1,1	-3.335736,0.869525,0.379592,-1.835755,-1.900863,0.422309,-0.726884,-11.202991,-1.193980,-1.160310,-0.604603,-0.281247,-2.192153,-1.899682,-0.596818,-0.440372,-0.159260,-2.411286,-0.925967,6.471954,0.376069,1.015905,1.862746
Mtru_MAT1_ABY91220.1	Mtru_MAT1_ABY91220.1	acceptor_superclass::Flavonoids;acceptor_superclass::Isoflavonoids	acceptor_superclass::Flavonoids;acceptor_superclass::Small peptides;acceptor_superclass::Steroids;acceptor_superclass::Triterpenoids;acceptor_superclass::Tryptophan alkaloids;acceptor_superclass::Tyrosine alkaloids	0,0,0,0,0,1,1,0,0,0,0,0,0,0,0,0,0,0,0,0,0,0,0	0,0,0,0,0,1,0,0,0,0,0,0,0,0,0,0,0,0,1,1,1,1,1	-2.729328,-0.090671,-0.652346,-2.056278,-2.227298,0.832969,-0.168272,-11.216190,-3.785009,-1.407932,-2.111576,-0.421100,-0.931497,-1.051949,-0.563604,-0.024237,-0.759812,-6.098818,0.441214,8.936987,0.598709,0.459079,2.851570
Mtru_MAT2_ABY91222.1	Mtru_MAT2_ABY91222.1	acceptor_superclass::Flavonoids;acceptor_superclass::Isoflavonoids	acceptor_superclass::Fatty acyls;acceptor_superclass::Flavonoids;acceptor_superclass::Isoflavonoids;acceptor_superclass::Phenylethanoids (C6-C2);acceptor_superclass::Saccharides;acceptor_superclass::Triterpenoids;acceptor_superclass::Tyrosine alkaloids	0,0,0,0,0,1,1,0,0,0,0,0,0,0,0,0,0,0,0,0,0,0,0	0,0,0,0,1,1,1,0,0,0,0,0,0,0,1,0,0,1,0,0,1,0,1	-1.539411,-0.803024,-1.020155,-0.809012,0.573907,0.712609,0.773176,-6.421441,-2.921879,-1.382477,-0.535424,-0.892652,-0.310334,-1.956024,0.924921,-1.433139,-0.857666,0.259430,-0.675501,-0.551668,1.498693,-2.606630,2.047144
Mtru_MAT3_ABY91221.1	Mtru_MAT3_ABY91221.1	acceptor_superclass::Flavonoids;acceptor_superclass::Isoflavonoids	acceptor_superclass::Coumarins;acceptor_superclass::Flavonoids;acceptor_superclass::Isoflavonoids;acceptor_superclass::Phenanthrenoids;acceptor_superclass::Small peptides;acceptor_superclass::Triterpenoids;acceptor_superclass::Tyrosine alkaloids	0,0,0,0,0,1,1,0,0,0,0,0,0,0,0,0,0,0,0,0,0,0,0	1,0,0,0,0,1,1,0,0,0,0,0,1,0,0,0,0,0,1,0,1,0,1	1.814304,-1.902733,-3.456341,-0.154237,-0.534619,0.949319,0.851918,-2.301491,-4.360720,-2.337020,-0.822018,-0.535231,4.513110,-0.222926,-0.104508,-1.525570,-0.262722,-4.637622,0.292491,-0.237865,0.516921,-0.827849,2.645736
Natt_AT1_AET80688.1	Natt_AT1_AET80688.1	acceptor_superclass::Ornithine alkaloids;acceptor_superclass::Pseudoalkaloids	acceptor_superclass::Fatty Acids and Conjugates;acceptor_superclass::Monoterpenoids;acceptor_superclass::Ornithine alkaloids;acceptor_superclass::Phenolic acids (C6-C1);acceptor_superclass::Phenylpropanoids (C6-C3);acceptor_superclass::Pseudoalkaloids;acceptor_superclass::Small peptides;acceptor_superclass::Steroids;acceptor_superclass::Tryptophan alkaloids;acceptor_superclass::Tyrosine alkaloids	0,0,0,0,0,0,0,0,0,0,0,1,0,0,0,0,1,0,0,0,0,0,0	0,0,0,1,0,0,0,0,0,1,0,1,0,1,0,1,1,0,1,1,0,1,1	-3.241506,-4.251709,-4.716460,1.738682,-0.771546,-0.761012,-0.708657,-0.184444,-1.748949,0.382735,-0.502557,0.597150,-3.555784,1.213829,-0.297938,1.284665,0.080739,-4.290305,1.141536,0.909443,-1.743179,0.574511,0.195493
Natt_DH29_AET80686.1	Natt_DH29_AET80686.1	acceptor_superclass::Ornithine alkaloids;acceptor_superclass::Pseudoalkaloids	acceptor_superclass::Cyclic polyketides;acceptor_superclass::Diterpenoids;acceptor_superclass::Fatty acyls;acceptor_superclass::Lignans;acceptor_superclass::Naphthalenes;acceptor_superclass::Phenylethanoids (C6-C2);acceptor_superclass::Saccharides;acceptor_superclass::Triterpenoids;acceptor_superclass::Tyrosine alkaloids	0,0,0,0,0,0,0,0,0,0,0,1,0,0,0,0,1,0,0,0,0,0,0	0,1,1,0,1,0,0,1,0,0,1,0,0,0,1,0,0,1,0,0,1,0,1	-4.461499,2.366604,3.031937,-2.592178,0.940329,-0.170652,-0.585406,4.204367,-0.246439,-1.546394,1.606641,-1.794764,-0.059856,-6.237534,2.410661,-1.467926,-0.057866,2.517362,-0.582440,-2.191694,1.482034,-1.412805,0.415187
Ntab_ASAT1_XP_016480914.1	Ntab_ASAT1_XP_016480914.1	acceptor_superclass::Saccharides	acceptor_superclass::Cyclic polyketides;acceptor_superclass::Diterpenoids;acceptor_superclass::Lignans;acceptor_superclass::Lysine alkaloids;acceptor_superclass::Monoterpenoids;acceptor_superclass::Naphthalenes;acceptor_superclass::Ornithine alkaloids;acceptor_superclass::Phenylpropanoids (C6-C3);acceptor_superclass::Saccharides;acceptor_superclass::Triterpenoids;acceptor_superclass::Tryptophan alkaloids	0,0,0,0,0,0,0,0,0,0,0,0,0,0,0,0,0,1,0,0,0,0,0	0,1,1,0,0,0,0,1,1,1,1,1,0,0,0,1,0,1,0,0,1,1,0	-10.094287,9.169863,3.296925,-4.042937,-2.727464,-0.390916,-6.430710,2.481003,0.372304,4.327429,2.499052,0.358565,-5.855155,-8.117450,-2.905149,2.803360,-0.154832,2.069159,-5.197603,-1.968239,0.575606,5.311289,-1.729652
Ntab_ASAT2_XP_016451255.1	Ntab_ASAT2_XP_016451255.1		acceptor_superclass::Cyclic polyketides;acceptor_superclass::Diterpenoids;acceptor_superclass::Fatty acyls;acceptor_superclass::Lignans;acceptor_superclass::Naphthalenes;acceptor_superclass::Phenylethanoids (C6-C2);acceptor_superclass::Saccharides;acceptor_superclass::Triterpenoids;acceptor_superclass::Tyrosine alkaloids	0,0,0,0,0,0,0,0,0,0,0,0,0,0,0,0,0,0,0,0,0,0,0	0,1,1,0,1,0,0,1,0,0,1,0,0,0,1,0,0,1,0,0,1,0,1	-5.416385,2.356004,3.176091,-2.898608,1.174937,-0.373011,-1.143586,3.398749,-0.668630,-1.721038,1.607851,-2.349211,-0.210771,-6.933719,2.766478,-1.818346,-0.293057,3.016484,-0.778216,-2.882058,1.854752,-1.779232,0.894204
Ntab_BEBT_AAN09798.1	Ntab_BEBT_AAN09798.1		acceptor_superclass::Flavonoids;acceptor_superclass::Small peptides;acceptor_superclass::Steroids;acceptor_superclass::Triterpenoids;acceptor_superclass::Tryptophan alkaloids;acceptor_superclass::Tyrosine alkaloids	0,0,0,0,0,0,0,0,0,0,0,0,0,0,0,0,0,0,0,0,0,0,0	0,0,0,0,0,1,0,0,0,0,0,0,0,0,0,0,0,0,1,1,1,1,1	-3.045999,-0.424852,-0.767199,-1.981414,-2.289667,0.673408,-0.630839,-11.653568,-4.205344,-1.347054,-2.691679,-0.622327,-1.086342,-0.855802,-0.650419,-0.051421,-0.981552,-6.818348,0.850032,9.180888,0.511883,0.525039,3.049943
Ntab_HCT_CAD47830.1	Ntab_HCT_CAD47830.1	acceptor_superclass::Phenolic acids (C6-C1);acceptor_superclass::Phenylpropanoids (C6-C3)	acceptor_superclass::Coumarins;acceptor_superclass::Fatty Acids and Conjugates;acceptor_superclass::Phenanthrenoids;acceptor_superclass::Phenolic acids (C6-C1);acceptor_superclass::Phenylethanoids (C6-C2);acceptor_superclass::Small peptides;acceptor_superclass::Tyrosine alkaloids	0,0,0,0,0,0,0,0,0,0,0,0,0,1,0,1,0,0,0,0,0,0,0	1,0,0,1,0,0,0,0,0,0,0,0,1,1,1,0,0,0,1,0,0,0,1	1.365316,-4.509008,-4.686041,0.938306,-0.285747,-1.227949,-1.394342,-4.271548,-5.061193,-2.552639,-1.846259,-0.636582,4.840527,2.500862,0.470209,-1.026678,-0.714615,-5.825350,1.463684,-1.780625,-0.081243,-1.092017,4.188159
Ntab_HQT_CAE46932.1	Ntab_HQT_CAE46932.1	acceptor_superclass::Phenolic acids (C6-C1);acceptor_superclass::Phenylpropanoids (C6-C3)	acceptor_superclass::Fatty Acids and Conjugates;acceptor_superclass::Fatty acyls;acceptor_superclass::Flavonoids;acceptor_superclass::Phenolic acids (C6-C1);acceptor_superclass::Phenylethanoids (C6-C2);acceptor_superclass::Triterpenoids;acceptor_superclass::Tyrosine alkaloids	0,0,0,0,0,0,0,0,0,0,0,0,0,1,0,1,0,0,0,0,0,0,0	0,0,0,1,1,1,0,0,0,0,0,0,0,1,1,0,0,0,0,0,1,0,1	-0.619246,-2.850782,-3.244062,0.189154,0.509002,0.520231,-0.095279,-12.901836,-4.402110,-0.935582,-2.164475,-0.728928,-0.919943,1.215908,0.018240,-1.408764,-1.519013,-0.494238,-0.535577,-0.639197,1.441260,-3.030947,3.220919
Ntab_MAT1_BAD93691.1	Ntab_MAT1_BAD93691.1	acceptor_superclass::Coumarins;acceptor_superclass::Flavonoids;acceptor_superclass::Naphthalenes;acceptor_superclass::Phenanthrenoids	acceptor_superclass::Flavonoids;acceptor_superclass::Isoflavonoids;acceptor_superclass::Phenanthrenoids;acceptor_superclass::Phenylpropanoids (C6-C3);acceptor_superclass::Small peptides;acceptor_superclass::Steroids;acceptor_superclass::Triterpenoids;acceptor_superclass::Tyrosine alkaloids	1,0,0,0,0,1,0,0,0,0,1,0,1,0,0,0,0,0,0,0,0,0,0	0,0,0,0,0,1,1,0,0,0,0,0,1,0,0,1,0,0,1,1,1,0,1	-1.772211,-0.993935,-1.380738,-1.708291,-1.973407,0.952312,0.164260,-8.827157,-5.162774,-1.257330,-3.108925,-0.521833,0.203729,-0.037683,-0.414114,0.301671,-1.099542,-7.972938,1.619542,9.036291,0.605480,-0.114228,3.027252
Ntab_SHT_QNO39110.1	Ntab_SHT_QNO39110.1	acceptor_superclass::Ornithine alkaloids	acceptor_superclass::Flavonoids;acceptor_superclass::Isoflavonoids;acceptor_superclass::Phenanthrenoids;acceptor_superclass::Phenolic acids (C6-C1);acceptor_superclass::Phenylpropanoids (C6-C3);acceptor_superclass::Small peptides;acceptor_superclass::Steroids;acceptor_superclass::Triterpenoids;acceptor_superclass::Tyrosine alkaloids	0,0,0,0,0,0,0,0,0,0,0,1,0,0,0,0,0,0,0,0,0,0,0	0,0,0,0,0,1,1,0,0,0,0,0,1,1,0,1,0,0,1,1,1,0,1	-0.106457,-2.985286,-3.068880,-1.231855,-1.834558,1.207719,0.578274,-5.387982,-8.894065,-1.107066,-5.807983,-0.824380,2.570629,2.101565,-0.240833,0.993310,-2.049257,-13.100307,4.399729,10.465943,0.694082,-1.209762,3.965297
Obas_CAAT1_QKK36036.1	Obas_CAAT1_QKK36036.1	acceptor_superclass::Phenylethanoids (C6-C2);acceptor_superclass::Phenylpropanoids (C6-C3)	acceptor_superclass::Coumarins;acceptor_superclass::Fatty Acids and Conjugates;acceptor_superclass::Fatty acyls;acceptor_superclass::Flavonoids;acceptor_superclass::Phenanthrenoids;acceptor_superclass::Phenolic acids (C6-C1);acceptor_superclass::Phenylethanoids (C6-C2);acceptor_superclass::Phenylpropanoids (C6-C3);acceptor_superclass::Triterpenoids;acceptor_superclass::Tyrosine alkaloids	0,0,0,0,0,0,0,0,0,0,0,0,0,0,1,1,0,0,0,0,0,0,0	1,0,0,1,1,1,0,0,0,0,0,0,1,1,1,1,0,0,0,0,1,0,1	3.811851,-4.993807,-0.117709,1.402701,0.431043,0.866948,-0.450563,-0.627982,-2.049540,-0.344518,-2.770256,-0.931693,1.140364,0.317925,1.774019,0.566111,-1.419439,-2.987119,-0.834956,-0.401524,0.259664,-0.749321,1.412294
Obas_CAAT2_QKK36037.1	Obas_CAAT2_QKK36037.1	acceptor_superclass::Phenylpropanoids (C6-C3)	acceptor_superclass::Diterpenoids;acceptor_superclass::Fatty acyls;acceptor_superclass::Lignans;acceptor_superclass::Lysine alkaloids;acceptor_superclass::Monoterpenoids;acceptor_superclass::Naphthalenes;acceptor_superclass::Phenanthrenoids;acceptor_superclass::Phenylethanoids (C6-C2);acceptor_superclass::Phenylpropanoids (C6-C3);acceptor_superclass::Triterpenoids;acceptor_superclass::Tryptophan alkaloids	0,0,0,0,0,0,0,0,0,0,0,0,0,0,0,1,0,0,0,0,0,0,0	0,0,1,0,1,0,0,1,1,1,1,0,1,0,1,1,0,0,0,0,1,1,0	-1.411844,-2.546032,4.349782,-0.756041,0.851548,-1.298477,-3.490827,2.826467,2.786242,2.300421,1.396903,-0.775727,0.339222,-7.449432,0.564615,0.754707,-1.045714,-2.927257,-5.511835,-2.299897,0.287462,0.251296,-2.088798
Oeur_AT1_XP_022859703.1	Oeur_AT1_XP_022859703.1	acceptor_superclass::Phenylethanoids (C6-C2)	acceptor_superclass::Coumarins;acceptor_superclass::Fatty Acids and Conjugates;acceptor_superclass::Phenanthrenoids;acceptor_superclass::Phenolic acids (C6-C1);acceptor_superclass::Phenylethanoids (C6-C2);acceptor_superclass::Small peptides;acceptor_superclass::Triterpenoids;acceptor_superclass::Tyrosine alkaloids	0,0,0,0,0,0,0,0,0,0,0,0,0,0,1,0,0,0,0,0,0,0,0	1,0,0,1,0,0,0,0,0,0,0,0,1,1,1,0,0,0,1,0,1,0,1	1.225993,-4.050190,-4.264678,0.894090,-0.360532,-1.130440,-1.325161,-3.889395,-4.667711,-2.248393,-1.658181,-0.588050,4.432339,2.207117,0.515818,-0.993338,-0.632696,-5.085504,1.232320,-1.632276,0.062154,-0.862797,3.811743
Osat_AHT1_CAE03579.1	Osat_AHT1_CAE03579.1	acceptor_superclass::Ornithine alkaloids;acceptor_superclass::Pseudoalkaloids	acceptor_superclass::Flavonoids;acceptor_superclass::Isoflavonoids;acceptor_superclass::Phenanthrenoids;acceptor_superclass::Phenolic acids (C6-C1);acceptor_superclass::Phenylpropanoids (C6-C3);acceptor_superclass::Small peptides;acceptor_superclass::Steroids;acceptor_superclass::Triterpenoids;acceptor_superclass::Tyrosine alkaloids	0,0,0,0,0,0,0,0,0,0,0,1,0,0,0,0,1,0,0,0,0,0,0	0,0,0,0,0,1,1,0,0,0,0,0,1,1,0,1,0,0,1,1,1,0,1	-1.318804,-1.275876,-1.449739,-1.283737,-1.643469,0.755004,0.031909,-6.913908,-5.031931,-1.012327,-3.208444,-0.496011,0.456585,0.416762,-0.368521,0.321115,-1.055761,-7.594782,1.966401,7.739243,0.501527,-0.246507,2.729734
Osat_AT10_BAD33123.1	Osat_AT10_BAD33123.1	acceptor_superclass::Phenylpropanoids (C6-C3)	acceptor_superclass::Cyclic polyketides;acceptor_superclass::Diterpenoids;acceptor_superclass::Fatty acyls;acceptor_superclass::Lignans;acceptor_superclass::Naphthalenes;acceptor_superclass::Phenylethanoids (C6-C2);acceptor_superclass::Saccharides;acceptor_superclass::Triterpenoids;acceptor_superclass::Tyrosine alkaloids	0,0,0,0,0,0,0,0,0,0,0,0,0,0,0,1,0,0,0,0,0,0,0	0,1,1,0,1,0,0,1,0,0,1,0,0,0,1,0,0,1,0,0,1,0,1	-4.832387,1.836567,2.817412,-2.363408,0.989803,-0.328319,-1.151809,2.773812,-0.567639,-1.329575,1.384761,-2.049839,-0.191622,-5.993681,2.411311,-1.510797,-0.151912,2.856747,-0.699111,-2.689347,1.521036,-1.475357,0.769765
Osat_DPW2_BAS75979.1	Osat_DPW2_BAS75979.1	acceptor_superclass::Fatty Acids and Conjugates	acceptor_superclass::Flavonoids;acceptor_superclass::Phenanthrenoids;acceptor_superclass::Phenolic acids (C6-C1);acceptor_superclass::Phenylpropanoids (C6-C3);acceptor_superclass::Small peptides;acceptor_superclass::Steroids;acceptor_superclass::Triterpenoids;acceptor_superclass::Tyrosine alkaloids	0,0,0,1,0,0,0,0,0,0,0,0,0,0,0,0,0,0,0,0,0,0,0	0,0,0,0,0,1,0,0,0,0,0,0,1,1,0,1,0,0,1,1,1,0,1	-1.923324,-1.079498,-1.410275,-1.685456,-2.016802,0.844482,-0.099552,-9.123789,-5.342074,-1.248515,-3.346858,-0.604360,0.126447,0.025558,-0.474665,0.280895,-1.173322,-8.250985,1.755660,9.101338,0.580940,-0.042532,3.143549
Osat_FMT_BAF16996.1	Osat_FMT_BAF16996.1	acceptor_superclass::Phenylpropanoids (C6-C3)	acceptor_superclass::Cyclic polyketides;acceptor_superclass::Diterpenoids;acceptor_superclass::Flavonoids;acceptor_superclass::Lignans;acceptor_superclass::Monoterpenoids;acceptor_superclass::Naphthalenes;acceptor_superclass::Ornithine alkaloids;acceptor_superclass::Phenylpropanoids (C6-C3);acceptor_superclass::Tryptophan alkaloids	0,0,0,0,0,0,0,0,0,0,0,0,0,0,0,1,0,0,0,0,0,0,0	0,1,1,0,0,1,0,1,0,1,1,1,0,0,0,1,0,0,0,0,0,1,0	-4.228960,2.433202,0.030126,-1.097932,-1.388784,0.138706,-2.299151,0.897419,-0.468915,1.644177,0.471783,0.352515,-3.064875,-2.785057,-1.084883,1.374736,-0.116788,-0.924021,-1.747980,-0.123231,-0.408595,1.732625,-0.408372
Osat_HCT4_BAD72437.1	Osat_HCT4_BAD72437.1	acceptor_superclass::Phenolic acids (C6-C1)	acceptor_superclass::Flavonoids;acceptor_superclass::Phenanthrenoids;acceptor_superclass::Phenylpropanoids (C6-C3);acceptor_superclass::Small peptides;acceptor_superclass::Steroids;acceptor_superclass::Triterpenoids;acceptor_superclass::Tryptophan alkaloids;acceptor_superclass::Tyrosine alkaloids	0,0,0,0,0,0,0,0,0,0,0,0,0,1,0,0,0,0,0,0,0,0,0	0,0,0,0,0,1,0,0,0,0,0,0,1,0,0,1,0,0,1,1,1,1,1	-1.482988,-0.795037,-1.024249,-1.243182,-1.554960,0.559308,-0.110376,-6.864318,-3.938645,-0.905274,-2.454707,-0.455490,0.019208,-0.008835,-0.394564,0.206126,-0.872129,-6.069731,1.359053,6.747627,0.443209,0.074851,2.392586
Osat_MAT-2_BAG96218.1	Osat_MAT-2_BAG96218.1	acceptor_superclass::Flavonoids;acceptor_superclass::Isoflavonoids	acceptor_superclass::Coumarins;acceptor_superclass::Diterpenoids;acceptor_superclass::Fatty Acids and Conjugates;acceptor_superclass::Fatty acyls;acceptor_superclass::Flavonoids;acceptor_superclass::Lignans;acceptor_superclass::Lysine alkaloids;acceptor_superclass::Monoterpenoids;acceptor_superclass::Phenanthrenoids;acceptor_superclass::Phenylethanoids (C6-C2);acceptor_superclass::Phenylpropanoids (C6-C3);acceptor_superclass::Triterpenoids	0,0,0,0,0,1,1,0,0,0,0,0,0,0,0,0,0,0,0,0,0,0,0	1,0,1,1,1,1,0,1,1,1,0,0,1,0,1,1,0,0,0,0,1,0,0	0.887257,-2.663013,1.650082,0.252625,0.220280,0.258911,-0.713361,1.044127,0.391883,0.706507,-0.118949,-0.337596,0.927218,-3.288236,0.668968,0.250477,-0.597170,-2.438434,-2.714499,-0.818076,0.189669,-0.254450,-0.347419
Osat_PHT2_BAD72527.1	Osat_PHT2_BAD72527.1	acceptor_superclass::Ornithine alkaloids;acceptor_superclass::Pseudoalkaloids	acceptor_superclass::Fatty Acids and Conjugates;acceptor_superclass::Fatty acyls;acceptor_superclass::Naphthalenes;acceptor_superclass::Phenanthrenoids;acceptor_superclass::Phenylethanoids (C6-C2);acceptor_superclass::Triterpenoids;acceptor_superclass::Tryptophan alkaloids;acceptor_superclass::Tyrosine alkaloids	0,0,0,0,0,0,0,0,0,0,0,1,0,0,0,0,1,0,0,0,0,0,0	0,0,0,1,1,0,0,0,0,0,1,0,1,0,1,0,0,0,0,0,1,1,1	-1.418914,-2.052500,-0.886396,0.163774,0.434263,-2.165044,-3.911692,-0.122332,-1.926951,-0.571520,0.033238,-1.668872,1.348186,-1.508250,0.673007,-0.221820,-0.390066,-0.051748,-2.553993,-1.742262,1.067018,1.511390,1.634409
Osat_PHT3_BAC79154.1	Osat_PHT3_BAC79154.1	acceptor_superclass::Ornithine alkaloids;acceptor_superclass::Pseudoalkaloids	acceptor_superclass::Fatty acyls;acceptor_superclass::Flavonoids;acceptor_superclass::Phenylethanoids (C6-C2);acceptor_superclass::Saccharides;acceptor_superclass::Triterpenoids;acceptor_superclass::Tyrosine alkaloids	0,0,0,0,0,0,0,0,0,0,0,1,0,0,0,0,1,0,0,0,0,0,0	0,0,0,0,1,1,0,0,0,0,0,0,0,0,1,0,0,1,0,0,1,0,1	-1.723153,-0.792878,-0.714747,-0.576302,0.478226,0.139655,-0.308783,-5.458876,-2.360831,-0.846781,-0.562935,-0.805949,-0.419796,-1.232638,0.794322,-1.064635,-0.651906,0.723691,-0.474639,-1.132565,1.181972,-1.821579,1.771407
Osat_PHT4_BAC79155.1	Osat_PHT4_BAC79155.1	acceptor_superclass::Ornithine alkaloids;acceptor_superclass::Pseudoalkaloids	acceptor_superclass::Fatty Acids and Conjugates;acceptor_superclass::Lignans;acceptor_superclass::Monoterpenoids;acceptor_superclass::Ornithine alkaloids;acceptor_superclass::Phenylpropanoids (C6-C3);acceptor_superclass::Pseudoalkaloids;acceptor_superclass::Small peptides;acceptor_superclass::Steroids;acceptor_superclass::Tryptophan alkaloids	0,0,0,0,0,0,0,0,0,0,0,1,0,0,0,0,1,0,0,0,0,0,0	0,0,0,1,0,0,0,1,0,1,0,1,0,0,0,1,1,0,1,1,0,1,0	-3.366994,-1.532786,-2.815183,0.639964,-1.040988,-0.410270,-1.099308,0.166945,-1.277840,0.802807,-0.003381,0.645401,-3.014875,-0.321372,-0.506252,1.190731,0.233094,-2.518344,0.076318,0.447632,-1.109632,1.169017,-0.070021
Osat_PHT4_BAC79155.1	Osat_PHT_BAC79155.1	acceptor_superclass::Ornithine alkaloids;acceptor_superclass::Pseudoalkaloids	acceptor_superclass::Fatty acyls;acceptor_superclass::Flavonoids;acceptor_superclass::Phenylethanoids (C6-C2);acceptor_superclass::Saccharides;acceptor_superclass::Triterpenoids;acceptor_superclass::Tyrosine alkaloids	0,0,0,0,0,0,0,0,0,0,0,1,0,0,0,0,1,0,0,0,0,0,0	0,0,0,0,1,1,0,0,0,0,0,0,0,0,1,0,0,1,0,0,1,0,1	-2.028404,-0.266385,-0.179649,-0.799109,0.488800,0.148850,-0.223475,-3.907728,-1.964083,-0.939809,-0.183835,-0.875362,-0.291386,-2.025066,1.020825,-1.056459,-0.501307,0.967816,-0.504862,-1.144767,1.194567,-1.732151,1.493716
Osat_PMT1_BAG87540.1	Osat_PMT1_BAG87540.1	acceptor_superclass::Phenylethanoids (C6-C2);acceptor_superclass::Phenylpropanoids (C6-C3)	acceptor_superclass::Cyclic polyketides;acceptor_superclass::Flavonoids;acceptor_superclass::Lignans;acceptor_superclass::Monoterpenoids;acceptor_superclass::Naphthalenes;acceptor_superclass::Ornithine alkaloids;acceptor_superclass::Phenylpropanoids (C6-C3);acceptor_superclass::Tryptophan alkaloids	0,0,0,0,0,0,0,0,0,0,0,0,0,0,1,1,0,0,0,0,0,0,0	0,1,0,0,0,1,0,1,0,1,1,1,0,0,0,1,0,0,0,0,0,1,0	-4.582523,2.200112,-0.226145,-1.028553,-1.413625,0.018447,-2.478951,0.864551,-0.523616,1.766081,0.431466,0.414381,-3.335646,-2.756217,-1.112305,1.533762,-0.096944,-1.128788,-1.707121,-0.207357,-0.531600,1.827339,-0.450703
Osat_PMT2_BAG91648.1	Osat_PMT2_BAG91648.1	acceptor_superclass::Phenylpropanoids (C6-C3)	acceptor_superclass::Coumarins;acceptor_superclass::Diterpenoids;acceptor_superclass::Fatty Acids and Conjugates;acceptor_superclass::Fatty acyls;acceptor_superclass::Lignans;acceptor_superclass::Lysine alkaloids;acceptor_superclass::Monoterpenoids;acceptor_superclass::Phenanthrenoids;acceptor_superclass::Phenylethanoids (C6-C2);acceptor_superclass::Phenylpropanoids (C6-C3);acceptor_superclass::Triterpenoids	0,0,0,0,0,0,0,0,0,0,0,0,0,0,0,1,0,0,0,0,0,0,0	1,0,1,1,1,0,0,1,1,1,0,0,1,0,1,1,0,0,0,0,1,0,0	0.845076,-2.525876,1.391566,0.419753,0.433180,-0.088215,-1.375257,0.546874,0.099375,0.753346,-0.538181,-0.357800,0.441150,-2.169756,0.798493,0.557908,-0.641246,-1.915318,-1.992825,-0.935448,0.085317,-0.171697,-0.184250
Osat_TBT1_ANQ47375.1	Osat_TBT1_ANQ47375.1	acceptor_superclass::Ornithine alkaloids;acceptor_superclass::Pseudoalkaloids;acceptor_superclass::Tryptophan alkaloids	acceptor_superclass::Cyclic polyketides;acceptor_superclass::Diterpenoids;acceptor_superclass::Flavonoids;acceptor_superclass::Steroids;acceptor_superclass::Triterpenoids;acceptor_superclass::Tryptophan alkaloids;acceptor_superclass::Tyrosine alkaloids	0,0,0,0,0,0,0,0,0,0,0,1,0,0,0,0,1,0,0,0,0,1,0	0,1,1,0,0,1,0,0,0,0,0,0,0,0,0,0,0,0,0,1,1,1,1	-2.919456,0.349214,0.034675,-1.625657,-1.901716,0.400607,-0.570605,-10.350334,-2.059551,-1.106794,-1.063832,-0.315654,-1.692879,-1.397598,-0.601138,-0.306017,-0.371068,-3.335671,-0.230448,6.649761,0.443527,0.876761,2.117333
Osat_TBT2_ANQ47376.1	Osat_TBT2_ANQ47376.1	acceptor_superclass::Tryptophan alkaloids	acceptor_superclass::Cyclic polyketides;acceptor_superclass::Diterpenoids;acceptor_superclass::Fatty acyls;acceptor_superclass::Flavonoids;acceptor_superclass::Naphthalenes;acceptor_superclass::Phenylethanoids (C6-C2);acceptor_superclass::Saccharides;acceptor_superclass::Triterpenoids;acceptor_superclass::Tyrosine alkaloids	0,0,0,0,0,0,0,0,0,0,0,0,0,0,0,0,0,0,0,0,0,1,0	0,1,1,0,1,1,0,0,0,0,1,0,0,0,1,0,0,1,0,0,1,0,1	-2.645824,0.135562,0.479083,-1.202739,0.572361,0.046922,-0.325599,-2.747506,-1.839525,-1.076545,0.221097,-1.177290,-0.324584,-2.822092,1.302265,-1.216908,-0.441353,1.431960,-0.546488,-1.583243,1.475274,-1.575963,1.563038
Osat_THT1_ANQ47373.1	Osat_THT1_ANQ47373.1	acceptor_superclass::Ornithine alkaloids;acceptor_superclass::Tryptophan alkaloids;acceptor_superclass::Tyrosine alkaloids	acceptor_superclass::Cyclic polyketides;acceptor_superclass::Diterpenoids;acceptor_superclass::Fatty acyls;acceptor_superclass::Naphthalenes;acceptor_superclass::Phenylethanoids (C6-C2);acceptor_superclass::Saccharides;acceptor_superclass::Triterpenoids;acceptor_superclass::Tyrosine alkaloids	0,0,0,0,0,0,0,0,0,0,0,1,0,0,0,0,0,0,0,0,0,1,1	0,1,1,0,1,0,0,0,0,0,1,0,0,0,1,0,0,1,0,0,1,0,1	-2.782540,0.561731,0.929330,-1.369114,0.623530,-0.050885,-0.475141,-1.042857,-1.322619,-1.030071,0.442503,-1.214279,-0.275042,-3.178387,1.389655,-1.146898,-0.350478,1.487862,-0.487280,-1.581869,1.277075,-1.403835,1.162443
Osat_THT2_AAM74310.1	Osat_THT2_AAM74310.1	acceptor_superclass::Tryptophan alkaloids;acceptor_superclass::Tyrosine alkaloids	acceptor_superclass::Cyclic polyketides;acceptor_superclass::Diterpenoids;acceptor_superclass::Fatty acyls;acceptor_superclass::Lignans;acceptor_superclass::Naphthalenes;acceptor_superclass::Phenanthrenoids;acceptor_superclass::Phenylethanoids (C6-C2);acceptor_superclass::Phenylpropanoids (C6-C3);acceptor_superclass::Pseudoalkaloids;acceptor_superclass::Saccharides;acceptor_superclass::Triterpenoids;acceptor_superclass::Tryptophan alkaloids	0,0,0,0,0,0,0,0,0,0,0,0,0,0,0,0,0,0,0,0,0,1,1	0,1,1,0,1,0,0,1,0,0,1,0,1,0,1,1,1,1,0,0,1,1,0	-1.116700,0.639828,0.785535,-1.326006,0.114382,-0.552839,-2.340134,2.568222,-0.597180,-0.221860,0.613054,-0.708135,0.286909,-4.455262,0.083357,0.023702,0.339595,0.333591,-3.038531,-0.059507,0.072392,0.616089,-0.235034
Paff_BAHD21_NA	Paff_BAHD21_NA	acceptor_superclass::Flavonoids	acceptor_superclass::Flavonoids;acceptor_superclass::Isoflavonoids;acceptor_superclass::Phenylpropanoids (C6-C3);acceptor_superclass::Small peptides;acceptor_superclass::Steroids;acceptor_superclass::Triterpenoids;acceptor_superclass::Tryptophan alkaloids;acceptor_superclass::Tyrosine alkaloids	0,0,0,0,0,1,0,0,0,0,0,0,0,0,0,0,0,0,0,0,0,0,0	0,0,0,0,0,1,1,0,0,0,0,0,0,0,0,1,0,0,1,1,1,1,1	-2.413844,-0.214707,-0.758993,-1.935865,-2.105112,0.875426,0.016427,-10.446736,-3.927525,-1.340765,-2.181563,-0.413900,-0.628591,-0.878168,-0.484551,0.060025,-0.818373,-6.218853,0.608287,8.758842,0.592399,0.342564,2.777164
Papp_HCT_AXN55972.1	Papp_HCT_AXN55972.1	acceptor_superclass::Phenolic acids (C6-C1)	acceptor_superclass::Coumarins;acceptor_superclass::Diterpenoids;acceptor_superclass::Fatty Acids and Conjugates;acceptor_superclass::Fatty acyls;acceptor_superclass::Monoterpenoids;acceptor_superclass::Phenanthrenoids;acceptor_superclass::Phenylethanoids (C6-C2);acceptor_superclass::Phenylpropanoids (C6-C3);acceptor_superclass::Triterpenoids;acceptor_superclass::Tryptophan alkaloids;acceptor_superclass::Tyrosine alkaloids	0,0,0,0,0,0,0,0,0,0,0,0,0,1,0,0,0,0,0,0,0,0,0	1,0,1,1,1,0,0,0,0,1,0,0,1,0,1,1,0,0,0,0,1,1,1	2.707672,-5.017833,1.251959,1.550865,0.668941,-0.064850,-1.820071,-0.476096,-1.519403,0.254820,-2.450502,-0.845964,0.524500,-0.667577,1.899644,0.948141,-1.334893,-1.884383,-1.716890,-1.338088,0.632896,0.527354,1.263505
Paxi_ASAT1_AOR06331.1	Paxi_ASAT1_AOR06331.1	acceptor_superclass::Saccharides	acceptor_superclass::Diterpenoids;acceptor_superclass::Fatty acyls;acceptor_superclass::Lignans;acceptor_superclass::Lysine alkaloids;acceptor_superclass::Monoterpenoids;acceptor_superclass::Naphthalenes;acceptor_superclass::Phenanthrenoids;acceptor_superclass::Phenylethanoids (C6-C2);acceptor_superclass::Phenylpropanoids (C6-C3);acceptor_superclass::Triterpenoids;acceptor_superclass::Tryptophan alkaloids	0,0,0,0,0,0,0,0,0,0,0,0,0,0,0,0,0,1,0,0,0,0,0	0,0,1,0,1,0,0,1,1,1,1,0,1,0,1,1,0,0,0,0,1,1,0	-1.092995,-2.072668,3.583813,-0.471468,0.650073,-1.081751,-2.688574,2.192324,2.139987,1.855469,1.362420,-0.594062,0.288339,-6.227832,0.436059,0.519952,-0.891412,-2.242662,-4.616375,-1.848021,0.373159,0.609453,-1.588782
Paxi_ASAT1_AOR06331.1	Paxi_ASAT2_AOR06331.1		acceptor_superclass::Cyclic polyketides;acceptor_superclass::Diterpenoids;acceptor_superclass::Flavonoids;acceptor_superclass::Lysine alkaloids;acceptor_superclass::Naphthalenes;acceptor_superclass::Pseudoalkaloids;acceptor_superclass::Saccharides;acceptor_superclass::Steroids;acceptor_superclass::Triterpenoids;acceptor_superclass::Tryptophan alkaloids;acceptor_superclass::Tyrosine alkaloids	0,0,0,0,0,0,0,0,0,0,0,0,0,0,0,0,0,0,0,0,0,0,0	0,1,1,0,0,1,0,0,1,0,1,0,0,0,0,0,1,1,0,1,1,1,1	-7.064075,3.245932,2.309011,-3.256960,-3.237237,0.162467,-1.877089,-21.217346,1.659184,-1.885523,1.653489,-0.239814,-5.966991,-5.055884,-1.173458,-1.448049,0.456598,1.421776,-4.046808,8.506736,0.450979,2.903144,2.105097
Paxi_ASAT3_AOR06333.1	Paxi_ASAT3_AOR06333.1		acceptor_superclass::Cyclic polyketides;acceptor_superclass::Diterpenoids;acceptor_superclass::Fatty acyls;acceptor_superclass::Lignans;acceptor_superclass::Naphthalenes;acceptor_superclass::Phenanthrenoids;acceptor_superclass::Phenylethanoids (C6-C2);acceptor_superclass::Phenylpropanoids (C6-C3);acceptor_superclass::Pseudoalkaloids;acceptor_superclass::Saccharides;acceptor_superclass::Triterpenoids;acceptor_superclass::Tryptophan alkaloids	0,0,0,0,0,0,0,0,0,0,0,0,0,0,0,0,0,0,0,0,0,0,0	0,1,1,0,1,0,0,1,0,0,1,0,1,0,1,1,1,1,0,0,1,1,0	-1.834309,0.858668,1.402724,-1.994214,0.218654,-1.039274,-3.602557,3.901025,-0.542925,-0.249849,1.183396,-1.542107,0.188636,-6.567558,0.226367,0.162688,0.163190,0.734600,-4.492204,-0.133442,0.175131,0.735820,-0.335216
Paxi_ASAT4_AOR06334.1	Paxi_ASAT4_AOR06334.1		acceptor_superclass::Cyclic polyketides;acceptor_superclass::Diterpenoids;acceptor_superclass::Lignans;acceptor_superclass::Monoterpenoids;acceptor_superclass::Naphthalenes;acceptor_superclass::Ornithine alkaloids;acceptor_superclass::Phenylpropanoids (C6-C3);acceptor_superclass::Saccharides;acceptor_superclass::Tryptophan alkaloids	0,0,0,0,0,0,0,0,0,0,0,0,0,0,0,0,0,0,0,0,0,0,0	0,1,1,0,0,0,0,1,0,1,1,1,0,0,0,1,0,1,0,0,0,1,0	-7.633944,6.369843,1.963329,-2.839778,-2.309827,-0.057106,-4.868136,1.875546,-0.010225,3.206846,1.463133,0.234993,-4.838208,-5.994496,-2.109709,2.297018,-0.375970,0.405288,-3.847961,-1.001080,-0.022765,3.673311,-1.012339
Paxi_CFAT_ABG75942.1	Paxi_CFAT_ABG75942.1	acceptor_superclass::Fatty acyls;acceptor_superclass::Monoterpenoids;acceptor_superclass::Phenylethanoids (C6-C2);acceptor_superclass::Phenylpropanoids (C6-C3)	acceptor_superclass::Cyclic polyketides;acceptor_superclass::Diterpenoids;acceptor_superclass::Flavonoids;acceptor_superclass::Lysine alkaloids;acceptor_superclass::Naphthalenes;acceptor_superclass::Pseudoalkaloids;acceptor_superclass::Saccharides;acceptor_superclass::Steroids;acceptor_superclass::Triterpenoids;acceptor_superclass::Tryptophan alkaloids;acceptor_superclass::Tyrosine alkaloids	0,0,0,0,1,0,0,0,0,1,0,0,0,0,1,1,0,0,0,0,0,0,0	0,1,1,0,0,1,0,0,1,0,1,0,0,0,0,0,1,1,0,1,1,1,1	-8.167452,4.051015,2.841332,-3.796750,-3.560516,0.189242,-2.217412,-24.135447,2.655516,-2.173831,2.244270,-0.218888,-7.035802,-5.990427,-1.334936,-1.730974,0.743528,2.403356,-5.110030,9.147150,0.455672,3.351251,2.127640
Pbar_AT1_WEX29777.1	Pbar_AT1_WEX29777.1	acceptor_superclass::Phenylethanoids (C6-C2)	acceptor_superclass::Coumarins;acceptor_superclass::Fatty Acids and Conjugates;acceptor_superclass::Phenanthrenoids;acceptor_superclass::Phenolic acids (C6-C1);acceptor_superclass::Phenylethanoids (C6-C2);acceptor_superclass::Small peptides;acceptor_superclass::Triterpenoids;acceptor_superclass::Tyrosine alkaloids	0,0,0,0,0,0,0,0,0,0,0,0,0,0,1,0,0,0,0,0,0,0,0	1,0,0,1,0,0,0,0,0,0,0,0,1,1,1,0,0,0,1,0,1,0,1	1.327849,-3.985673,-4.333189,0.828154,-0.406819,-0.976014,-1.165425,-3.869183,-4.760821,-2.326217,-1.596359,-0.671037,4.575274,2.067543,0.482349,-1.066265,-0.679129,-5.221714,1.222101,-1.523621,0.131800,-0.909391,3.858569
Pcam_HCT_QDF44405.1	Pcam_HCT_QDF44405.1	acceptor_superclass::Phenolic acids (C6-C1)	acceptor_superclass::Fatty Acids and Conjugates;acceptor_superclass::Fatty acyls;acceptor_superclass::Flavonoids;acceptor_superclass::Phenolic acids (C6-C1);acceptor_superclass::Triterpenoids;acceptor_superclass::Tyrosine alkaloids	0,0,0,0,0,0,0,0,0,0,0,0,0,1,0,0,0,0,0,0,0,0,0	0,0,0,1,1,1,0,0,0,0,0,0,0,1,0,0,0,0,0,0,1,0,1	-0.498798,-3.340967,-3.702042,0.386461,0.536194,0.517100,-0.234832,-14.418339,-4.813658,-0.899530,-2.507386,-0.702768,-1.056070,1.774795,-0.146067,-1.452485,-1.671375,-0.666909,-0.571786,-0.682810,1.453855,-3.215628,3.515373
Pcam_HQT_QDF44406.1	Pcam_HQT_QDF44406.1	acceptor_superclass::Phenolic acids (C6-C1)	acceptor_superclass::Coumarins;acceptor_superclass::Fatty Acids and Conjugates;acceptor_superclass::Phenanthrenoids;acceptor_superclass::Phenolic acids (C6-C1);acceptor_superclass::Phenylethanoids (C6-C2);acceptor_superclass::Small peptides;acceptor_superclass::Triterpenoids;acceptor_superclass::Tyrosine alkaloids	0,0,0,0,0,0,0,0,0,0,0,0,0,1,0,0,0,0,0,0,0,0,0	1,0,0,1,0,0,0,0,0,0,0,0,1,1,1,0,0,0,1,0,1,0,1	1.430504,-4.915966,-5.073215,1.069525,-0.326641,-1.377265,-1.581112,-4.657504,-5.532617,-2.741321,-1.958733,-0.807065,5.299039,2.708103,0.570249,-1.159183,-0.829189,-6.133551,1.486642,-1.966895,0.092784,-1.049474,4.557403
Pcam_RAS_QDF44407.1	Pcam_RAS_QDF44407.1	acceptor_superclass::Phenolic acids (C6-C1)	acceptor_superclass::Fatty Acids and Conjugates;acceptor_superclass::Monoterpenoids;acceptor_superclass::Ornithine alkaloids;acceptor_superclass::Phenolic acids (C6-C1);acceptor_superclass::Phenylpropanoids (C6-C3);acceptor_superclass::Pseudoalkaloids;acceptor_superclass::Small peptides;acceptor_superclass::Steroids;acceptor_superclass::Tryptophan alkaloids;acceptor_superclass::Tyrosine alkaloids	0,0,0,0,0,0,0,0,0,0,0,0,0,1,0,0,0,0,0,0,0,0,0	0,0,0,1,0,0,0,0,0,1,0,1,0,1,0,1,1,0,1,1,0,1,1	-3.567537,-6.075840,-6.277044,2.555272,-0.790832,-0.970273,-0.729719,-0.423556,-2.206236,0.271126,-1.067076,0.633521,-4.103720,2.041647,-0.127964,1.549357,0.046335,-5.623949,1.912718,1.221039,-2.500374,0.165716,0.313692
Pcru_3MAT_AAO38058.1	Pcru_3MAT_AAO38058.1	acceptor_superclass::Flavonoids	acceptor_superclass::Coumarins;acceptor_superclass::Cyclic polyketides;acceptor_superclass::Flavonoids;acceptor_superclass::Lignans;acceptor_superclass::Phenanthrenoids;acceptor_superclass::Pseudoalkaloids;acceptor_superclass::Steroids;acceptor_superclass::Triterpenoids;acceptor_superclass::Tyrosine alkaloids	0,0,0,0,0,1,0,0,0,0,0,0,0,0,0,0,0,0,0,0,0,0,0	1,1,0,0,0,1,0,1,0,0,0,0,1,0,0,0,1,0,0,1,1,0,1	0.875709,0.137062,-1.389617,-1.439978,-0.318793,1.341180,-0.004429,0.759298,-2.806299,-1.535379,-0.134501,-0.532850,2.959870,-3.991668,-0.341473,-0.954154,0.149052,-2.817317,-1.754780,0.588954,0.078956,-0.605309,0.899457
Pfru_3AT_BAA93475.1	Pfru_3AT_BAA93475.1	acceptor_superclass::Flavonoids	acceptor_superclass::Coumarins;acceptor_superclass::Fatty Acids and Conjugates;acceptor_superclass::Fatty acyls;acceptor_superclass::Flavonoids;acceptor_superclass::Isoflavonoids;acceptor_superclass::Phenanthrenoids;acceptor_superclass::Phenolic acids (C6-C1);acceptor_superclass::Phenylethanoids (C6-C2);acceptor_superclass::Phenylpropanoids (C6-C3);acceptor_superclass::Steroids;acceptor_superclass::Triterpenoids;acceptor_superclass::Tyrosine alkaloids	0,0,0,0,0,1,0,0,0,0,0,0,0,0,0,0,0,0,0,0,0,0,0	1,0,0,1,1,1,1,0,0,0,0,0,1,1,1,1,0,0,0,1,1,0,1	3.963011,-4.503887,-0.657167,1.362595,0.160374,1.474762,0.732746,-0.610844,-2.192460,-0.612640,-2.738254,-0.692938,1.557999,0.559494,1.485543,0.248171,-1.140013,-3.156694,-0.397788,0.179311,0.106558,-1.265314,1.350473
Phyb_AAT_AAW31948.1	Phyb_AAT_AAW31948.1	acceptor_superclass::Fatty acyls;acceptor_superclass::Monoterpenoids	acceptor_superclass::Cyclic polyketides;acceptor_superclass::Diterpenoids;acceptor_superclass::Fatty acyls;acceptor_superclass::Lignans;acceptor_superclass::Naphthalenes;acceptor_superclass::Phenanthrenoids;acceptor_superclass::Phenylethanoids (C6-C2);acceptor_superclass::Pseudoalkaloids;acceptor_superclass::Steroids;acceptor_superclass::Triterpenoids;acceptor_superclass::Tryptophan alkaloids	0,0,0,0,1,0,0,0,0,1,0,0,0,0,0,0,0,0,0,0,0,0,0	0,1,1,0,1,0,0,1,0,0,1,0,1,0,1,0,1,0,0,1,1,1,0	-0.824512,0.723715,0.445553,-1.546827,0.064686,-0.245857,-1.981229,2.389426,-1.007360,-0.519564,0.644690,-0.788705,0.798226,-4.721112,0.034000,-0.135311,0.258170,-0.278155,-2.955587,0.093140,0.121035,0.357507,-0.013982
Phyb_BPBT_AAU06226.1	Phyb_BPBT_AAU06226.1	acceptor_superclass::Fatty acyls;acceptor_superclass::Monoterpenoids;acceptor_superclass::Phenylethanoids (C6-C2);acceptor_superclass::Phenylpropanoids (C6-C3)	acceptor_superclass::Fatty acyls;acceptor_superclass::Flavonoids;acceptor_superclass::Phenylethanoids (C6-C2);acceptor_superclass::Saccharides;acceptor_superclass::Triterpenoids;acceptor_superclass::Tyrosine alkaloids	0,0,0,0,1,0,0,0,0,1,0,0,0,0,1,1,0,0,0,0,0,0,0	0,0,0,0,1,1,0,0,0,0,0,0,0,0,1,0,0,1,0,0,1,0,1	-3.074368,-0.626522,-0.168090,-1.232313,0.944814,0.019652,-0.850554,-5.387571,-2.665703,-1.238460,-0.464320,-1.640128,-0.635914,-2.610446,1.313445,-1.647814,-0.987794,1.243883,-0.699791,-1.900726,1.582952,-2.529091,2.162479
Phyb_CFAT_ABG75942.1	Phyb_CFAT_ABG75942.1	acceptor_superclass::Phenylpropanoids (C6-C3)	acceptor_superclass::Cyclic polyketides;acceptor_superclass::Diterpenoids;acceptor_superclass::Flavonoids;acceptor_superclass::Lysine alkaloids;acceptor_superclass::Naphthalenes;acceptor_superclass::Pseudoalkaloids;acceptor_superclass::Saccharides;acceptor_superclass::Steroids;acceptor_superclass::Triterpenoids;acceptor_superclass::Tryptophan alkaloids;acceptor_superclass::Tyrosine alkaloids	0,0,0,0,0,0,0,0,0,0,0,0,0,0,0,1,0,0,0,0,0,0,0	0,1,1,0,0,1,0,0,1,0,1,0,0,0,0,0,1,1,0,1,1,1,1	-8.167452,4.051015,2.841332,-3.796750,-3.560516,0.189242,-2.217412,-24.135447,2.655516,-2.173831,2.244270,-0.218888,-7.035802,-5.990427,-1.334936,-1.730974,0.743528,2.403356,-5.110030,9.147150,0.455672,3.351251,2.127640
Pnig_PAS_QUS53101.1	Pnig_BAHD1_QUS53101.1	acceptor_superclass::Lysine alkaloids;acceptor_superclass::Pseudoalkaloids	acceptor_superclass::Cyclic polyketides;acceptor_superclass::Diterpenoids;acceptor_superclass::Lignans;acceptor_superclass::Lysine alkaloids;acceptor_superclass::Monoterpenoids;acceptor_superclass::Naphthalenes;acceptor_superclass::Ornithine alkaloids;acceptor_superclass::Phenylpropanoids (C6-C3);acceptor_superclass::Tryptophan alkaloids	0,0,0,0,0,0,0,0,1,0,0,0,0,0,0,0,1,0,0,0,0,0,0	0,1,1,0,0,0,0,1,1,1,1,1,0,0,0,1,0,0,0,0,0,1,0	-6.538019,4.442626,1.055574,-2.159611,-1.782251,-0.246619,-4.184229,1.552551,0.039390,2.664952,0.758250,0.177434,-4.611510,-4.513140,-1.695808,2.059771,-0.442949,-0.665939,-2.838305,-0.753120,-0.347919,2.679508,-0.684932
Pnig_PS_QUS53100.1	Pnig_BAHD2_QUS53100.1	acceptor_superclass::Lysine alkaloids	acceptor_superclass::Cyclic polyketides;acceptor_superclass::Diterpenoids;acceptor_superclass::Flavonoids;acceptor_superclass::Lysine alkaloids;acceptor_superclass::Naphthalenes;acceptor_superclass::Pseudoalkaloids;acceptor_superclass::Steroids;acceptor_superclass::Triterpenoids;acceptor_superclass::Tryptophan alkaloids;acceptor_superclass::Tyrosine alkaloids	0,0,0,0,0,0,0,0,1,0,0,0,0,0,0,0,0,0,0,0,0,0,0	0,1,1,0,0,1,0,0,1,0,1,0,0,0,0,0,1,0,0,1,1,1,1	-5.550267,2.173640,1.463321,-2.659774,-2.676067,0.266812,-1.461276,-17.037064,0.472468,-1.578614,0.595450,-0.273388,-4.427715,-3.683099,-0.944254,-1.048393,0.191700,-0.255375,-2.670804,7.631323,0.389607,2.092127,2.007701
Pnig_HCT1_AEN02914.1	Pnig_HCT1_AEN02914.1	acceptor_superclass::Phenolic acids (C6-C1)	acceptor_superclass::Fatty Acids and Conjugates;acceptor_superclass::Fatty acyls;acceptor_superclass::Flavonoids;acceptor_superclass::Isoflavonoids;acceptor_superclass::Phenolic acids (C6-C1);acceptor_superclass::Phenylethanoids (C6-C2);acceptor_superclass::Triterpenoids;acceptor_superclass::Tyrosine alkaloids	0,0,0,0,0,0,0,0,0,0,0,0,0,1,0,0,0,0,0,0,0,0,0	0,0,0,1,1,1,1,0,0,0,0,0,0,1,1,0,0,0,0,0,1,0,1	-0.530438,-2.707462,-2.938375,0.167314,0.384234,0.683581,0.387887,-12.083063,-4.164913,-0.979342,-1.799572,-0.521179,-0.648042,0.725006,0.169858,-1.328856,-1.224911,-0.336776,-0.638659,-0.518702,1.385934,-2.949506,2.937755
Pnig_PAS_QUS53101.1	Pnig_PAS_QUS53101.1	acceptor_superclass::Lysine alkaloids;acceptor_superclass::Pseudoalkaloids	acceptor_superclass::Cyclic polyketides;acceptor_superclass::Diterpenoids;acceptor_superclass::Flavonoids;acceptor_superclass::Lysine alkaloids;acceptor_superclass::Naphthalenes;acceptor_superclass::Pseudoalkaloids;acceptor_superclass::Saccharides;acceptor_superclass::Steroids;acceptor_superclass::Triterpenoids;acceptor_superclass::Tryptophan alkaloids;acceptor_superclass::Tyrosine alkaloids	0,0,0,0,0,0,0,0,1,0,0,0,0,0,0,0,1,0,0,0,0,0,0	0,1,1,0,0,1,0,0,1,0,1,0,0,0,0,0,1,1,0,1,1,1,1	-6.540882,2.948711,2.067675,-3.055842,-2.923196,0.189719,-1.800735,-19.490189,1.643193,-1.761460,1.390853,-0.246950,-5.485858,-4.619007,-1.083588,-1.344501,0.490114,1.163990,-3.747633,7.798982,0.348574,2.604020,1.902578
Pnig_PHT1_BGB46908.1	Pnig_PHT1_BGB46908.1	acceptor_superclass::Ornithine alkaloids;acceptor_superclass::Pseudoalkaloids	acceptor_superclass::Lignans;acceptor_superclass::Phenanthrenoids;acceptor_superclass::Phenylethanoids (C6-C2);acceptor_superclass::Pseudoalkaloids;acceptor_superclass::Triterpenoids;acceptor_superclass::Tryptophan alkaloids;acceptor_superclass::Tyrosine alkaloids	0,0,0,0,0,0,0,0,0,0,0,1,0,0,0,0,1,0,0,0,0,0,0	0,0,0,0,0,0,0,1,0,0,0,0,1,0,1,0,1,0,0,0,1,1,1	-0.164614,-0.879137,-1.000001,-0.301297,-0.044946,-0.593295,-1.486189,0.010262,-1.744510,-0.791298,-0.210126,-0.393393,1.510550,-1.438269,0.151517,-0.349392,0.136380,-1.251219,-1.172714,-0.534106,0.182934,0.287295,1.056911
Pnig_PS_QUS53100.1	Pnig_PS_QUS53100.1	acceptor_superclass::Lysine alkaloids	acceptor_superclass::Diterpenoids;acceptor_superclass::Fatty acyls;acceptor_superclass::Lignans;acceptor_superclass::Lysine alkaloids;acceptor_superclass::Monoterpenoids;acceptor_superclass::Naphthalenes;acceptor_superclass::Phenanthrenoids;acceptor_superclass::Phenylethanoids (C6-C2);acceptor_superclass::Phenylpropanoids (C6-C3);acceptor_superclass::Triterpenoids;acceptor_superclass::Tryptophan alkaloids	0,0,0,0,0,0,0,0,1,0,0,0,0,0,0,0,0,0,0,0,0,0,0	0,0,1,0,1,0,0,1,1,1,1,0,1,0,1,1,0,0,0,0,1,1,0	-0.220412,-2.459863,2.714496,-0.184098,0.594809,-0.689668,-2.367563,1.580496,1.373970,1.417797,0.368988,-0.588210,0.340562,-4.471578,0.672138,0.612591,-0.779928,-2.260155,-3.513683,-1.565341,0.198511,0.055009,-1.014285
Post_DPBT_Pos.gene30573	Post_DPBT_Pos.gene30573	acceptor_superclass::Monoterpenoids	acceptor_superclass::Fatty Acids and Conjugates;acceptor_superclass::Lignans;acceptor_superclass::Monoterpenoids;acceptor_superclass::Ornithine alkaloids;acceptor_superclass::Phenylpropanoids (C6-C3);acceptor_superclass::Steroids;acceptor_superclass::Tryptophan alkaloids	0,0,0,0,0,0,0,0,0,1,0,0,0,0,0,0,0,0,0,0,0,0,0	0,0,0,1,0,0,0,1,0,1,0,1,0,0,0,1,0,0,0,1,0,1,0	-4.717089,-1.285046,-2.697837,0.418687,-1.135499,-0.814156,-2.285719,0.400888,-1.052925,1.372945,-0.057182,0.386357,-4.095613,-0.782062,-0.799779,1.720926,-0.251253,-3.035652,-0.250294,0.141236,-1.352342,1.567372,-0.168631
Ppat_HCT1_AMK38063.1	Ppat_HCT1_AMK38063.1	acceptor_superclass::Phenolic acids (C6-C1);acceptor_superclass::Saccharides;acceptor_superclass::Small peptides	acceptor_superclass::Coumarins;acceptor_superclass::Diterpenoids;acceptor_superclass::Fatty Acids and Conjugates;acceptor_superclass::Fatty acyls;acceptor_superclass::Lignans;acceptor_superclass::Monoterpenoids;acceptor_superclass::Phenanthrenoids;acceptor_superclass::Phenylethanoids (C6-C2);acceptor_superclass::Phenylpropanoids (C6-C3);acceptor_superclass::Triterpenoids;acceptor_superclass::Tryptophan alkaloids;acceptor_superclass::Tyrosine alkaloids	0,0,0,0,0,0,0,0,0,0,0,0,0,1,0,0,0,1,1,0,0,0,0	1,0,1,1,1,0,0,1,0,1,0,0,1,0,1,1,0,0,0,0,1,1,1	1.641298,-4.447058,2.041796,1.171899,0.695719,-0.481147,-2.279924,0.093441,-0.664127,0.726424,-1.753595,-0.832824,0.317744,-1.977455,1.700845,0.962822,-1.114313,-1.605586,-2.431420,-1.660264,0.631917,0.862364,0.744577
Ppat_HCT1_AMK38063.1	Ppat_HCT_AMK38063.1	acceptor_superclass::Fatty Acids and Conjugates;acceptor_superclass::Phenolic acids (C6-C1);acceptor_superclass::Phenylpropanoids (C6-C3);acceptor_superclass::Saccharides	acceptor_superclass::Fatty Acids and Conjugates;acceptor_superclass::Lignans;acceptor_superclass::Monoterpenoids;acceptor_superclass::Ornithine alkaloids;acceptor_superclass::Phenylpropanoids (C6-C3);acceptor_superclass::Pseudoalkaloids;acceptor_superclass::Small peptides;acceptor_superclass::Steroids;acceptor_superclass::Tryptophan alkaloids	0,0,0,1,0,0,0,0,0,0,0,0,0,1,0,1,0,1,0,0,0,0,0	0,0,0,1,0,0,0,1,0,1,0,1,0,0,0,1,1,0,1,1,0,1,0	-5.350401,-2.396139,-3.882563,0.972129,-1.170238,-1.203377,-2.219228,0.219225,-1.469385,1.419468,-0.001806,0.726276,-4.556266,-0.313887,-0.804553,1.850910,0.159173,-3.178298,0.343284,0.103848,-1.546869,1.878943,-0.394238
Pper_AAT1_QEZ90730.1	Pper_AAT1_QEZ90730.1	acceptor_superclass::Fatty acyls	acceptor_superclass::Coumarins;acceptor_superclass::Diterpenoids;acceptor_superclass::Fatty Acids and Conjugates;acceptor_superclass::Fatty acyls;acceptor_superclass::Flavonoids;acceptor_superclass::Lignans;acceptor_superclass::Monoterpenoids;acceptor_superclass::Phenanthrenoids;acceptor_superclass::Phenylethanoids (C6-C2);acceptor_superclass::Phenylpropanoids (C6-C3);acceptor_superclass::Triterpenoids;acceptor_superclass::Tyrosine alkaloids	0,0,0,0,1,0,0,0,0,0,0,0,0,0,0,0,0,0,0,0,0,0,0	1,0,1,1,1,1,0,1,0,1,0,0,1,0,1,1,0,0,0,0,1,0,1	2.831300,-4.880426,0.989599,1.045656,0.713010,0.399821,-1.525387,0.044139,-1.034851,0.329014,-2.209171,-0.935705,0.955589,-1.158138,1.661166,0.842533,-1.446549,-3.193940,-1.877272,-1.010995,0.158297,-0.772820,0.584974
Prad_HCT_ABO52899.1	Prad_HCT_ABO52899.1	acceptor_superclass::Phenolic acids (C6-C1);acceptor_superclass::Small peptides	acceptor_superclass::Flavonoids;acceptor_superclass::Isoflavonoids;acceptor_superclass::Phenanthrenoids;acceptor_superclass::Phenolic acids (C6-C1);acceptor_superclass::Phenylpropanoids (C6-C3);acceptor_superclass::Small peptides;acceptor_superclass::Steroids;acceptor_superclass::Triterpenoids;acceptor_superclass::Tyrosine alkaloids	0,0,0,0,0,0,0,0,0,0,0,0,0,1,0,0,0,0,1,0,0,0,0	0,0,0,0,0,1,1,0,0,0,0,0,1,1,0,1,0,0,1,1,1,0,1	-0.614673,-2.426550,-2.512850,-1.245143,-1.764266,0.990684,0.245115,-5.969955,-7.545649,-1.069523,-4.996605,-0.777117,1.758215,1.552565,-0.325850,0.756033,-1.739039,-11.313748,3.590712,9.469420,0.591082,-0.855973,3.560320
Pscu_HCT2_CBI83579.1	Pscu_HCT2_CBI83579.1	acceptor_superclass::Flavonoids;acceptor_superclass::Phenolic acids (C6-C1);acceptor_superclass::Tyrosine alkaloids	acceptor_superclass::Coumarins;acceptor_superclass::Fatty Acids and Conjugates;acceptor_superclass::Fatty acyls;acceptor_superclass::Flavonoids;acceptor_superclass::Phenanthrenoids;acceptor_superclass::Phenolic acids (C6-C1);acceptor_superclass::Phenylethanoids (C6-C2);acceptor_superclass::Phenylpropanoids (C6-C3);acceptor_superclass::Small peptides;acceptor_superclass::Triterpenoids;acceptor_superclass::Tyrosine alkaloids	0,0,0,0,0,1,0,0,0,0,0,0,0,1,0,0,0,0,0,0,0,0,1	1,0,0,1,1,1,0,0,0,0,0,0,1,1,1,1,0,0,1,0,1,0,1	5.512221,-6.870406,-0.770896,2.142750,0.709498,1.210137,-0.857624,-1.544801,-3.386600,-0.764557,-4.757285,-1.165805,1.279910,2.412859,2.579336,0.988866,-1.898661,-3.537107,0.095335,-0.481908,0.212606,-1.275006,2.355134
Pscu_RAS_CAK55166.1	Pscu_RAS_CAK55166.1		acceptor_superclass::Fatty Acids and Conjugates;acceptor_superclass::Fatty acyls;acceptor_superclass::Flavonoids;acceptor_superclass::Phenolic acids (C6-C1);acceptor_superclass::Phenylethanoids (C6-C2);acceptor_superclass::Triterpenoids;acceptor_superclass::Tyrosine alkaloids	0,0,0,0,0,0,0,0,0,0,0,0,0,0,0,0,0,0,0,0,0,0,0	0,0,0,1,1,1,0,0,0,0,0,0,0,1,1,0,0,0,0,0,1,0,1	-0.561530,-2.302777,-2.660755,0.156099,0.452549,0.446815,-0.058082,-10.632432,-3.641329,-0.821242,-1.762078,-0.619833,-0.739402,0.849149,0.030901,-1.161016,-1.258943,-0.463090,-0.476449,-0.493306,1.183172,-2.561176,2.669051
Psom_SALAT_AAK73661.1	Psom_SALAT_AAK73661.1	acceptor_superclass::Tyrosine alkaloids	acceptor_superclass::Coumarins;acceptor_superclass::Diterpenoids;acceptor_superclass::Fatty Acids and Conjugates;acceptor_superclass::Fatty acyls;acceptor_superclass::Flavonoids;acceptor_superclass::Lignans;acceptor_superclass::Monoterpenoids;acceptor_superclass::Phenanthrenoids;acceptor_superclass::Phenylethanoids (C6-C2);acceptor_superclass::Phenylpropanoids (C6-C3);acceptor_superclass::Triterpenoids	0,0,0,0,0,0,0,0,0,0,0,0,0,0,0,0,0,0,0,0,0,0,1	1,0,1,1,1,1,0,1,0,1,0,0,1,0,1,1,0,0,0,0,1,0,0	1.221134,-2.753106,1.290515,0.403821,0.473796,0.016592,-1.130573,0.628002,-0.031917,0.582658,-0.503486,-0.485513,0.648261,-2.445152,0.695266,0.388352,-1.046147,-2.349126,-2.148824,-0.763832,0.306965,-0.169918,-0.204299
Ptri_BEBT_AJD25145.1	Ptri_BEBT_AJD25145.1		acceptor_superclass::Fatty Acids and Conjugates;acceptor_superclass::Lignans;acceptor_superclass::Monoterpenoids;acceptor_superclass::Ornithine alkaloids;acceptor_superclass::Phenylpropanoids (C6-C3);acceptor_superclass::Steroids;acceptor_superclass::Tryptophan alkaloids	0,0,0,0,0,0,0,0,0,0,0,0,0,0,0,0,0,0,0,0,0,0,0	0,0,0,1,0,0,0,1,0,1,0,1,0,0,0,1,0,0,0,1,0,1,0	-5.184430,-1.763699,-3.204037,0.546567,-1.109837,-0.957026,-2.546621,0.459861,-1.087355,1.412629,-0.297843,0.332705,-4.635302,-0.637233,-0.866769,1.892195,-0.361186,-3.753908,-0.101149,0.250832,-1.614108,1.311439,-0.101695
Ptri_FHT1_AGJ03151.1	Ptri_FHT1_AGJ03151.1	acceptor_superclass::Fatty Acids and Conjugates;acceptor_superclass::Fatty acyls	acceptor_superclass::Coumarins;acceptor_superclass::Fatty Acids and Conjugates;acceptor_superclass::Fatty acyls;acceptor_superclass::Phenanthrenoids;acceptor_superclass::Phenolic acids (C6-C1);acceptor_superclass::Phenylethanoids (C6-C2);acceptor_superclass::Triterpenoids;acceptor_superclass::Tyrosine alkaloids	0,0,0,1,1,0,0,0,0,0,0,0,0,0,0,0,0,0,0,0,0,0,0	1,0,0,1,1,0,0,0,0,0,0,0,1,1,1,0,0,0,0,0,1,0,1	0.233532,-3.259339,-2.756605,0.587959,0.152904,-1.427774,-2.246271,-2.211625,-3.717199,-1.634065,-1.150352,-0.951814,3.267593,0.510616,0.444926,-0.655305,-0.501384,-3.547569,-0.271714,-1.596411,0.147103,-0.357237,2.768822
Ptri_HBMT1_PNT60021.1	Ptri_HBMT1_PNT60021.1	acceptor_superclass::Phenylpropanoids (C6-C3)	acceptor_superclass::Diterpenoids;acceptor_superclass::Fatty acyls;acceptor_superclass::Flavonoids;acceptor_superclass::Phenylethanoids (C6-C2);acceptor_superclass::Saccharides;acceptor_superclass::Triterpenoids;acceptor_superclass::Tyrosine alkaloids	0,0,0,0,0,0,0,0,0,0,0,0,0,0,0,1,0,0,0,0,0,0,0	0,0,1,0,1,1,0,0,0,0,0,0,0,0,1,0,0,1,0,0,1,0,1	-2.807786,-0.380935,0.011991,-1.180010,0.817453,0.054295,-0.631244,-4.374820,-2.297113,-1.164481,-0.249294,-1.442799,-0.519125,-2.595384,1.239090,-1.472182,-0.797364,1.167697,-0.645174,-1.651981,1.443329,-2.247654,1.870560
Ptri_HCT6_PNT52620.1	Ptri_HCT6_PNT52620.1	acceptor_superclass::Phenolic acids (C6-C1);acceptor_superclass::Small peptides	acceptor_superclass::Fatty Acids and Conjugates;acceptor_superclass::Ornithine alkaloids;acceptor_superclass::Phenolic acids (C6-C1);acceptor_superclass::Phenylethanoids (C6-C2);acceptor_superclass::Phenylpropanoids (C6-C3);acceptor_superclass::Small peptides;acceptor_superclass::Steroids;acceptor_superclass::Tyrosine alkaloids	0,0,0,0,0,0,0,0,0,0,0,0,0,1,0,0,0,0,1,0,0,0,0	0,0,0,1,0,0,0,0,0,0,0,1,0,1,1,1,0,0,1,1,0,0,1	-3.563226,-9.352697,-8.693339,3.838156,-0.542476,-1.595290,-0.263659,-0.867887,-2.779292,-0.184014,-1.549914,0.702102,-4.854954,4.053652,0.114541,1.678354,-0.020659,-7.677809,3.271266,1.644547,-3.167372,-0.193868,0.621830
Ptri_HBMT1_PNT60021.1	Ptri_PHBMT1_AJD79571.1	acceptor_superclass::Phenylpropanoids (C6-C3)	acceptor_superclass::Diterpenoids;acceptor_superclass::Fatty acyls;acceptor_superclass::Flavonoids;acceptor_superclass::Phenylethanoids (C6-C2);acceptor_superclass::Saccharides;acceptor_superclass::Triterpenoids;acceptor_superclass::Tyrosine alkaloids	0,0,0,0,0,0,0,0,0,0,0,0,0,0,0,1,0,0,0,0,0,0,0	0,0,1,0,1,1,0,0,0,0,0,0,0,0,1,0,0,1,0,0,1,0,1	-2.807786,-0.380935,0.011991,-1.180010,0.817453,0.054295,-0.631244,-4.374820,-2.297113,-1.164481,-0.249294,-1.442799,-0.519125,-2.595384,1.239090,-1.472182,-0.797364,1.167697,-0.645174,-1.651981,1.443329,-2.247654,1.870560
Ptri_SABT_AJD25144.1	Ptri_SABT_AJD25144.1	acceptor_superclass::Phenylpropanoids (C6-C3)	acceptor_superclass::Fatty Acids and Conjugates;acceptor_superclass::Lignans;acceptor_superclass::Monoterpenoids;acceptor_superclass::Ornithine alkaloids;acceptor_superclass::Phenolic acids (C6-C1);acceptor_superclass::Phenylpropanoids (C6-C3);acceptor_superclass::Small peptides;acceptor_superclass::Steroids;acceptor_superclass::Tryptophan alkaloids;acceptor_superclass::Tyrosine alkaloids	0,0,0,0,0,0,0,0,0,0,0,0,0,0,0,1,0,0,0,0,0,0,0	0,0,0,1,0,0,0,1,0,1,0,1,0,1,0,1,0,0,1,1,0,1,1	-4.917914,-3.343804,-4.351936,1.238470,-1.025885,-1.084433,-2.080554,0.165074,-1.486101,1.096937,-0.427374,0.411260,-4.724376,0.257258,-0.667509,1.873362,-0.292149,-4.516508,0.529318,0.536317,-1.903996,1.158950,0.030516
Pvir_FMT_KAG2630178.1	Pvir_FMT_KAG2630178.1	acceptor_superclass::Phenylpropanoids (C6-C3)	acceptor_superclass::Cyclic polyketides;acceptor_superclass::Lignans;acceptor_superclass::Monoterpenoids;acceptor_superclass::Naphthalenes;acceptor_superclass::Ornithine alkaloids;acceptor_superclass::Phenylpropanoids (C6-C3);acceptor_superclass::Steroids;acceptor_superclass::Tryptophan alkaloids	0,0,0,0,0,0,0,0,0,0,0,0,0,0,0,1,0,0,0,0,0,0,0	0,1,0,0,0,0,0,1,0,1,1,1,0,0,0,1,0,0,0,1,0,1,0	-4.139675,1.096495,-0.887590,-0.509193,-1.295415,-0.087398,-2.073300,0.669140,-0.729385,1.475736,0.320086,0.387325,-3.219864,-2.042651,-0.919618,1.403142,-0.091838,-1.498751,-1.195727,0.005948,-0.681896,1.633149,-0.336798
Pvir_HCT1a_BAO20883.1	Pvir_HCT1a_BAO20883.1	acceptor_superclass::Phenolic acids (C6-C1)	acceptor_superclass::Flavonoids;acceptor_superclass::Isoflavonoids;acceptor_superclass::Phenanthrenoids;acceptor_superclass::Phenolic acids (C6-C1);acceptor_superclass::Phenylpropanoids (C6-C3);acceptor_superclass::Small peptides;acceptor_superclass::Steroids;acceptor_superclass::Triterpenoids;acceptor_superclass::Tyrosine alkaloids	0,0,0,0,0,0,0,0,0,0,0,0,0,1,0,0,0,0,0,0,0,0,0	0,0,0,0,0,1,1,0,0,0,0,0,1,1,0,1,0,0,1,1,1,0,1	-0.258681,-2.949695,-3.035285,-1.257673,-1.852205,1.142698,0.426194,-5.596455,-8.795395,-1.119033,-5.842300,-0.870201,2.403878,2.070818,-0.293605,0.969710,-2.042188,-13.069414,4.354918,10.401208,0.665981,-1.156088,3.970928
Pvir_HCT2a_AGM90558.1	Pvir_HCT2a_AGM90558.1	acceptor_superclass::Phenolic acids (C6-C1);acceptor_superclass::Phenylpropanoids (C6-C3);acceptor_superclass::Small peptides	acceptor_superclass::Coumarins;acceptor_superclass::Fatty Acids and Conjugates;acceptor_superclass::Fatty acyls;acceptor_superclass::Flavonoids;acceptor_superclass::Phenanthrenoids;acceptor_superclass::Phenolic acids (C6-C1);acceptor_superclass::Phenylethanoids (C6-C2);acceptor_superclass::Phenylpropanoids (C6-C3);acceptor_superclass::Triterpenoids;acceptor_superclass::Tyrosine alkaloids	0,0,0,0,0,0,0,0,0,0,0,0,0,1,0,1,0,0,1,0,0,0,0	1,0,0,1,1,1,0,0,0,0,0,0,1,1,1,1,0,0,0,0,1,0,1	5.674919,-6.972154,-0.823297,2.272217,0.597412,1.233491,-0.623127,-1.629042,-3.567413,-0.846723,-4.583967,-1.149354,1.306566,2.334379,2.677276,0.922117,-1.900758,-3.400006,-0.037581,-0.536334,0.323817,-0.963986,2.515839
Pvir_PMT_KAG2616253.1	Pvir_PMT_KAG2616253.1	acceptor_superclass::Phenylpropanoids (C6-C3)	acceptor_superclass::Cyclic polyketides;acceptor_superclass::Diterpenoids;acceptor_superclass::Flavonoids;acceptor_superclass::Naphthalenes;acceptor_superclass::Pseudoalkaloids;acceptor_superclass::Steroids;acceptor_superclass::Triterpenoids;acceptor_superclass::Tryptophan alkaloids;acceptor_superclass::Tyrosine alkaloids	0,0,0,0,0,0,0,0,0,0,0,0,0,0,0,1,0,0,0,0,0,0,0	0,1,1,0,0,1,0,0,0,0,1,0,0,0,0,0,1,0,0,1,1,1,1	-4.209227,1.542096,0.939285,-2.140489,-2.131521,0.320385,-1.005025,-13.353496,-0.158763,-1.299786,0.143284,-0.234405,-3.172596,-2.725871,-0.716090,-0.712568,0.089660,-1.013165,-1.839434,6.537082,0.353606,1.489824,1.761331
Pvul_HHHT_AOX15526.1	Pvul_HHHT_AOX15526.1	acceptor_superclass::Fatty Acids and Conjugates	acceptor_superclass::Coumarins;acceptor_superclass::Fatty Acids and Conjugates;acceptor_superclass::Fatty acyls;acceptor_superclass::Flavonoids;acceptor_superclass::Phenanthrenoids;acceptor_superclass::Phenolic acids (C6-C1);acceptor_superclass::Phenylethanoids (C6-C2);acceptor_superclass::Phenylpropanoids (C6-C3);acceptor_superclass::Triterpenoids;acceptor_superclass::Tyrosine alkaloids	0,0,0,1,0,0,0,0,0,0,0,0,0,0,0,0,0,0,0,0,0,0,0	1,0,0,1,1,1,0,0,0,0,0,0,1,1,1,1,0,0,0,0,1,0,1	3.768230,-4.727640,-0.433795,1.396099,0.347435,0.915204,-0.403034,-0.794970,-2.185039,-0.383127,-3.124732,-0.751918,1.083751,1.004719,1.819195,0.648110,-1.212777,-2.735580,-0.254484,-0.295582,0.081108,-1.021087,1.466921
Rcan_SHT_QNO39111.1	Rcan_SHT_QNO39111.1	acceptor_superclass::Ornithine alkaloids	acceptor_superclass::Coumarins;acceptor_superclass::Fatty Acids and Conjugates;acceptor_superclass::Fatty acyls;acceptor_superclass::Flavonoids;acceptor_superclass::Phenanthrenoids;acceptor_superclass::Phenolic acids (C6-C1);acceptor_superclass::Phenylethanoids (C6-C2);acceptor_superclass::Phenylpropanoids (C6-C3);acceptor_superclass::Triterpenoids;acceptor_superclass::Tyrosine alkaloids	0,0,0,0,0,0,0,0,0,0,0,1,0,0,0,0,0,0,0,0,0,0,0	1,0,0,1,1,1,0,0,0,0,0,0,1,1,1,1,0,0,0,0,1,0,1	3.800330,-5.207159,-0.028530,1.567416,0.533728,0.749720,-0.889309,-0.806266,-2.202950,-0.266969,-3.193683,-0.814322,0.978692,0.784576,1.932707,0.773444,-1.381431,-2.810443,-0.601402,-0.620146,0.215153,-0.774480,1.481391
Rcom_SHT_QNO39108.1	Rcom_SHT_QNO39108.1	acceptor_superclass::Ornithine alkaloids	acceptor_superclass::Fatty Acids and Conjugates;acceptor_superclass::Isoflavonoids;acceptor_superclass::Ornithine alkaloids;acceptor_superclass::Phenolic acids (C6-C1);acceptor_superclass::Phenylethanoids (C6-C2);acceptor_superclass::Phenylpropanoids (C6-C3);acceptor_superclass::Pseudoalkaloids;acceptor_superclass::Small peptides;acceptor_superclass::Steroids;acceptor_superclass::Tyrosine alkaloids	0,0,0,0,0,0,0,0,0,0,0,1,0,0,0,0,0,0,0,0,0,0,0	0,0,0,1,0,0,1,0,0,0,0,1,0,1,1,1,1,0,1,1,0,0,1	-3.083818,-8.780894,-8.462270,3.616563,-0.654192,-1.015488,0.341170,-0.888946,-2.943157,-0.383729,-1.359294,0.782418,-4.397964,3.703571,0.124744,1.440338,0.192140,-7.278785,2.999976,1.910639,-2.939782,-0.341432,0.584193
Rglu_AT1_WEX29776.1	Rglu_AT1_WEX29776.1	acceptor_superclass::Phenylethanoids (C6-C2)	acceptor_superclass::Fatty Acids and Conjugates;acceptor_superclass::Fatty acyls;acceptor_superclass::Flavonoids;acceptor_superclass::Phenolic acids (C6-C1);acceptor_superclass::Phenylethanoids (C6-C2);acceptor_superclass::Triterpenoids;acceptor_superclass::Tyrosine alkaloids	0,0,0,0,0,0,0,0,0,0,0,0,0,0,1,0,0,0,0,0,0,0,0	0,0,0,1,1,1,0,0,0,0,0,0,0,1,1,0,0,0,0,0,1,0,1	-0.549224,-3.026475,-3.348798,0.313612,0.451446,0.436815,-0.106375,-13.447426,-4.599723,-0.870313,-2.198381,-0.708070,-0.825295,1.347572,0.090176,-1.380363,-1.533434,-0.417511,-0.596540,-0.729465,1.459802,-2.965913,3.262860
Rhyb_AAT1_AAW31948.1	Rhyb_AAT1_AAW31948.1	acceptor_superclass::Fatty acyls;acceptor_superclass::Monoterpenoids;acceptor_superclass::Phenylethanoids (C6-C2)	acceptor_superclass::Cyclic polyketides;acceptor_superclass::Diterpenoids;acceptor_superclass::Fatty acyls;acceptor_superclass::Lignans;acceptor_superclass::Naphthalenes;acceptor_superclass::Phenanthrenoids;acceptor_superclass::Phenylethanoids (C6-C2);acceptor_superclass::Pseudoalkaloids;acceptor_superclass::Steroids;acceptor_superclass::Triterpenoids;acceptor_superclass::Tryptophan alkaloids	0,0,0,0,1,0,0,0,0,1,0,0,0,0,1,0,0,0,0,0,0,0,0	0,1,1,0,1,0,0,1,0,0,1,0,1,0,1,0,1,0,0,1,1,1,0	-0.824512,0.723715,0.445553,-1.546827,0.064686,-0.245857,-1.981229,2.389426,-1.007360,-0.519564,0.644690,-0.788705,0.798226,-4.721112,0.034000,-0.135311,0.258170,-0.278155,-2.955587,0.093140,0.121035,0.357507,-0.013982
Rser_VS_CAD89104.2	Rser_ACT_CAD89104.2	acceptor_superclass::Tryptophan alkaloids	acceptor_superclass::Cyclic polyketides;acceptor_superclass::Diterpenoids;acceptor_superclass::Flavonoids;acceptor_superclass::Steroids;acceptor_superclass::Triterpenoids;acceptor_superclass::Tryptophan alkaloids;acceptor_superclass::Tyrosine alkaloids	0,0,0,0,0,0,0,0,0,0,0,0,0,0,0,0,0,0,0,0,0,1,0	0,1,1,0,0,1,0,0,0,0,0,0,0,0,0,0,0,0,0,1,1,1,1	-3.772488,0.543437,0.212938,-1.989724,-2.316939,0.368518,-0.886511,-12.930758,-2.230850,-1.284752,-1.108274,-0.464247,-2.302203,-1.898304,-0.749256,-0.429856,-0.519144,-3.686224,-0.483137,7.854388,0.474222,1.231844,2.486153
Rser_VS_CAD89104.2	Rser_VS_CAD89104.2	acceptor_superclass::Tryptophan alkaloids	acceptor_superclass::Fatty acyls;acceptor_superclass::Lignans;acceptor_superclass::Naphthalenes;acceptor_superclass::Phenanthrenoids;acceptor_superclass::Phenylethanoids (C6-C2);acceptor_superclass::Triterpenoids;acceptor_superclass::Tryptophan alkaloids;acceptor_superclass::Tyrosine alkaloids	0,0,0,0,0,0,0,0,0,0,0,0,0,0,0,0,0,0,0,0,0,1,0	0,0,0,0,1,0,0,1,0,0,1,0,1,0,1,0,0,0,0,0,1,1,1	-1.188774,-1.231329,-0.245717,-0.435549,0.397368,-1.579864,-3.332307,0.850736,-1.773669,-0.573360,0.338424,-1.531469,1.259352,-2.772236,0.439410,-0.215778,-0.303247,-0.496470,-2.693711,-1.109241,0.656171,0.850132,1.082165
Rser_YAT_PQ801655	Rser_YAT_PQ801655	acceptor_superclass::Tryptophan alkaloids	acceptor_superclass::Cyclic polyketides;acceptor_superclass::Diterpenoids;acceptor_superclass::Fatty acyls;acceptor_superclass::Lignans;acceptor_superclass::Naphthalenes;acceptor_superclass::Phenanthrenoids;acceptor_superclass::Phenylethanoids (C6-C2);acceptor_superclass::Phenylpropanoids (C6-C3);acceptor_superclass::Pseudoalkaloids;acceptor_superclass::Saccharides;acceptor_superclass::Triterpenoids;acceptor_superclass::Tryptophan alkaloids	0,0,0,0,0,0,0,0,0,0,0,0,0,0,0,0,0,0,0,0,0,1,0	0,1,1,0,1,0,0,1,0,0,1,0,1,0,1,1,1,1,0,0,1,1,0	-1.766404,0.400748,1.185350,-1.385281,0.440750,-1.267134,-3.513406,3.073351,-0.661726,-0.092368,0.902885,-1.445315,0.162269,-5.308312,0.237993,0.113723,0.052450,0.699922,-3.965173,-0.388670,0.354623,0.898723,-0.159017
Sbic_COSY_OQU75851.1	Sbic_COSY_OQU75851.1		acceptor_superclass::Cyclic polyketides;acceptor_superclass::Diterpenoids;acceptor_superclass::Flavonoids;acceptor_superclass::Lysine alkaloids;acceptor_superclass::Naphthalenes;acceptor_superclass::Pseudoalkaloids;acceptor_superclass::Saccharides;acceptor_superclass::Steroids;acceptor_superclass::Triterpenoids;acceptor_superclass::Tryptophan alkaloids;acceptor_superclass::Tyrosine alkaloids	0,0,0,0,0,0,0,0,0,0,0,0,0,0,0,0,0,0,0,0,0,0,0	0,1,1,0,0,1,0,0,1,0,1,0,0,0,0,0,1,1,0,1,1,1,1	-5.681791,2.964804,2.174274,-2.553361,-2.457756,0.125284,-1.478801,-16.761065,2.279471,-1.447516,1.887080,-0.041997,-5.035986,-4.350408,-0.909831,-1.272199,0.657023,2.449994,-3.738369,6.026464,0.322470,2.413783,1.300247
Sbic_FMT_EES15804.1	Sbic_FMT_EES15804.1	acceptor_superclass::Phenylpropanoids (C6-C3)	acceptor_superclass::Cyclic polyketides;acceptor_superclass::Diterpenoids;acceptor_superclass::Flavonoids;acceptor_superclass::Pseudoalkaloids;acceptor_superclass::Steroids;acceptor_superclass::Triterpenoids;acceptor_superclass::Tryptophan alkaloids;acceptor_superclass::Tyrosine alkaloids	0,0,0,0,0,0,0,0,0,0,0,0,0,0,0,1,0,0,0,0,0,0,0	0,1,1,0,0,1,0,0,0,0,0,0,0,0,0,0,1,0,0,1,1,1,1	-4.010136,1.390527,0.807700,-2.089108,-2.090508,0.369707,-0.903458,-12.925550,-0.419467,-1.285198,-0.016033,-0.243467,-2.933780,-2.550547,-0.682776,-0.644173,0.027698,-1.362516,-1.643236,6.592731,0.364465,1.371390,1.791228
Sbic_HCT_EES05411.1	Sbic_HCT_EES05411.1	acceptor_superclass::Phenolic acids (C6-C1)	acceptor_superclass::Coumarins;acceptor_superclass::Fatty Acids and Conjugates;acceptor_superclass::Fatty acyls;acceptor_superclass::Flavonoids;acceptor_superclass::Phenanthrenoids;acceptor_superclass::Phenolic acids (C6-C1);acceptor_superclass::Phenylethanoids (C6-C2);acceptor_superclass::Phenylpropanoids (C6-C3);acceptor_superclass::Triterpenoids;acceptor_superclass::Tyrosine alkaloids	0,0,0,0,0,0,0,0,0,0,0,0,0,1,0,0,0,0,0,0,0,0,0	1,0,0,1,1,1,0,0,0,0,0,0,1,1,1,1,0,0,0,0,1,0,1	5.653574,-6.937005,-0.861074,2.217507,0.592367,1.279355,-0.580643,-1.585949,-3.510285,-0.830077,-4.609317,-1.140176,1.354182,2.303654,2.664139,0.916710,-1.860276,-3.508400,-0.017293,-0.486724,0.266887,-1.138077,2.448584
Sbic_PMT_EES17668.1	Sbic_PMT_EES17668.1	acceptor_superclass::Phenylpropanoids (C6-C3)	acceptor_superclass::Diterpenoids;acceptor_superclass::Fatty acyls;acceptor_superclass::Lignans;acceptor_superclass::Lysine alkaloids;acceptor_superclass::Monoterpenoids;acceptor_superclass::Naphthalenes;acceptor_superclass::Phenanthrenoids;acceptor_superclass::Phenylethanoids (C6-C2);acceptor_superclass::Phenylpropanoids (C6-C3);acceptor_superclass::Triterpenoids;acceptor_superclass::Tryptophan alkaloids	0,0,0,0,0,0,0,0,0,0,0,0,0,0,0,1,0,0,0,0,0,0,0	0,0,1,0,1,0,0,1,1,1,1,0,1,0,1,1,0,0,0,0,1,1,0	-0.689011,-1.785602,2.694517,-0.230314,0.543634,-0.745504,-2.226752,1.592091,1.501719,1.522601,0.663047,-0.359917,0.183427,-4.479700,0.391209,0.565124,-0.550602,-1.893117,-3.355921,-1.502750,0.131471,0.164775,-1.172296
Sche_AAT10422_BCJ78482.1	Sche_AAT10422_BCJ78482.1	acceptor_superclass::Fatty acyls	acceptor_superclass::Coumarins;acceptor_superclass::Diterpenoids;acceptor_superclass::Fatty Acids and Conjugates;acceptor_superclass::Fatty acyls;acceptor_superclass::Lignans;acceptor_superclass::Lysine alkaloids;acceptor_superclass::Monoterpenoids;acceptor_superclass::Phenanthrenoids;acceptor_superclass::Phenylethanoids (C6-C2);acceptor_superclass::Phenylpropanoids (C6-C3);acceptor_superclass::Triterpenoids	0,0,0,0,1,0,0,0,0,0,0,0,0,0,0,0,0,0,0,0,0,0,0	1,0,1,1,1,0,0,1,1,1,0,0,1,0,1,1,0,0,0,0,1,0,0	1.174110,-3.488062,1.886336,0.368526,0.718999,-0.184250,-2.067359,0.866899,0.258425,0.954734,-0.884481,-0.673338,0.589678,-2.893690,1.063558,0.794159,-1.152466,-2.748903,-2.693447,-1.319786,0.135254,-0.417396,-0.368134
Schi_CFAT_URQ03862.1	Schi_CFAT_URQ03862.1	acceptor_superclass::Lignans;acceptor_superclass::Phenylpropanoids (C6-C3)	acceptor_superclass::Cyclic polyketides;acceptor_superclass::Diterpenoids;acceptor_superclass::Flavonoids;acceptor_superclass::Lysine alkaloids;acceptor_superclass::Naphthalenes;acceptor_superclass::Pseudoalkaloids;acceptor_superclass::Steroids;acceptor_superclass::Triterpenoids;acceptor_superclass::Tryptophan alkaloids;acceptor_superclass::Tyrosine alkaloids	0,0,0,0,0,0,0,1,0,0,0,0,0,0,0,1,0,0,0,0,0,0,0	0,1,1,0,0,1,0,0,1,0,1,0,0,0,0,0,1,0,0,1,1,1,1	-6.688601,2.744055,1.859433,-3.220306,-3.199852,0.262731,-1.777780,-20.457579,0.778873,-1.902693,0.943777,-0.328045,-5.386493,-4.535580,-1.156304,-1.264254,0.252465,-0.028189,-3.408567,8.959102,0.468414,2.613822,2.373499
Schm_AAT11306_BCJ78485.1	Schm_AAT11306_BCJ78485.1	acceptor_superclass::Fatty acyls	acceptor_superclass::Diterpenoids;acceptor_superclass::Fatty acyls;acceptor_superclass::Lignans;acceptor_superclass::Naphthalenes;acceptor_superclass::Phenanthrenoids;acceptor_superclass::Phenylethanoids (C6-C2);acceptor_superclass::Pseudoalkaloids;acceptor_superclass::Tryptophan alkaloids;acceptor_superclass::Tyrosine alkaloids	0,0,0,0,1,0,0,0,0,0,0,0,0,0,0,0,0,0,0,0,0,0,0	0,0,1,0,1,0,0,1,0,0,1,0,1,0,1,0,1,0,0,0,0,1,1	-1.229839,-0.584844,0.188394,-1.262873,0.283283,-1.114068,-3.509412,2.128684,-1.621644,-0.650099,0.159593,-1.201082,1.249140,-4.727722,0.299052,-0.024690,0.023022,-0.760604,-3.375471,-0.688575,-0.052863,0.283681,0.493419
Scru_3MAT_AAO38058	Scru_3MAT_AAO38058		acceptor_superclass::Coumarins;acceptor_superclass::Cyclic polyketides;acceptor_superclass::Flavonoids;acceptor_superclass::Lignans;acceptor_superclass::Phenanthrenoids;acceptor_superclass::Pseudoalkaloids;acceptor_superclass::Steroids;acceptor_superclass::Triterpenoids;acceptor_superclass::Tyrosine alkaloids	0,0,0,0,0,0,0,0,0,0,0,0,0,0,0,0,0,0,0,0,0,0,0	1,1,0,0,0,1,0,1,0,0,0,0,1,0,0,0,1,0,0,1,1,0,1	0.875709,0.137062,-1.389617,-1.439978,-0.318793,1.341180,-0.004429,0.759298,-2.806299,-1.535379,-0.134501,-0.532850,2.959870,-3.991668,-0.341473,-0.954154,0.149052,-2.817317,-1.754780,0.588954,0.078956,-0.605309,0.899457
Sfal_HFT-like_KAH8954438.1	Sfal_HFT-like_KAH8954438.1	acceptor_superclass::Fatty Acids and Conjugates;acceptor_superclass::Fatty acyls	acceptor_superclass::Fatty Acids and Conjugates;acceptor_superclass::Lignans;acceptor_superclass::Monoterpenoids;acceptor_superclass::Ornithine alkaloids;acceptor_superclass::Phenolic acids (C6-C1);acceptor_superclass::Phenylpropanoids (C6-C3);acceptor_superclass::Small peptides;acceptor_superclass::Steroids;acceptor_superclass::Tryptophan alkaloids;acceptor_superclass::Tyrosine alkaloids	0,0,0,1,1,0,0,0,0,0,0,0,0,0,0,0,0,0,0,0,0,0,0	0,0,0,1,0,0,0,1,0,1,0,1,0,1,0,1,0,0,1,1,0,1,1	-3.815977,-2.770897,-3.569070,1.129750,-0.839791,-0.806158,-1.540513,0.132400,-1.285041,0.838908,-0.390573,0.430498,-3.680054,0.269332,-0.514400,1.446143,-0.090725,-3.579141,0.545355,0.500053,-1.561557,0.849893,0.029692
Sgal_AAT10483_BCJ78483.1	Sgal_AAT10483_BCJ78483.1	acceptor_superclass::Fatty acyls	acceptor_superclass::Cyclic polyketides;acceptor_superclass::Lignans;acceptor_superclass::Monoterpenoids;acceptor_superclass::Naphthalenes;acceptor_superclass::Ornithine alkaloids;acceptor_superclass::Phenylpropanoids (C6-C3);acceptor_superclass::Tryptophan alkaloids	0,0,0,0,1,0,0,0,0,0,0,0,0,0,0,0,0,0,0,0,0,0,0	0,1,0,0,0,0,0,1,0,1,1,1,0,0,0,1,0,0,0,0,0,1,0	-5.581002,0.018576,-2.030277,-0.204755,-1.384891,-0.650103,-2.929423,0.710374,-0.914346,1.827932,0.039898,0.370512,-4.594151,-1.804128,-1.091896,1.964376,-0.374523,-2.815168,-0.954067,-0.045520,-1.284608,1.878967,-0.307380
Sgla_HQT1_WYJ75404.1	Sgla_HQT1_WYJ75404.1	acceptor_superclass::Phenolic acids (C6-C1);acceptor_superclass::Small peptides	acceptor_superclass::Fatty Acids and Conjugates;acceptor_superclass::Ornithine alkaloids;acceptor_superclass::Phenolic acids (C6-C1);acceptor_superclass::Phenylethanoids (C6-C2);acceptor_superclass::Phenylpropanoids (C6-C3);acceptor_superclass::Small peptides;acceptor_superclass::Steroids;acceptor_superclass::Tyrosine alkaloids	0,0,0,0,0,0,0,0,0,0,0,0,0,1,0,0,0,0,1,0,0,0,0	0,0,0,1,0,0,0,0,0,0,0,1,0,1,1,1,0,0,1,1,0,0,1	-3.445869,-8.970474,-8.375151,3.687121,-0.569245,-1.526034,-0.246458,-0.839617,-2.688999,-0.175769,-1.376217,0.668396,-4.656081,3.835314,0.127694,1.595235,-0.010676,-7.309618,3.091381,1.578480,-3.021785,-0.109557,0.583811
Sgla_HQT2_WYJ75406.1	Sgla_HQT2_WYJ75406.1	acceptor_superclass::Phenolic acids (C6-C1)	acceptor_superclass::Fatty Acids and Conjugates;acceptor_superclass::Ornithine alkaloids;acceptor_superclass::Phenolic acids (C6-C1);acceptor_superclass::Phenylethanoids (C6-C2);acceptor_superclass::Phenylpropanoids (C6-C3);acceptor_superclass::Pseudoalkaloids;acceptor_superclass::Small peptides;acceptor_superclass::Steroids;acceptor_superclass::Tyrosine alkaloids	0,0,0,0,0,0,0,0,0,0,0,0,0,1,0,0,0,0,0,0,0,0,0	0,0,0,1,0,0,0,0,0,0,0,1,0,1,1,1,1,0,1,1,0,0,1	-3.599746,-8.940248,-8.542955,3.620292,-0.660845,-1.411742,-0.128373,-0.836764,-2.832808,-0.190940,-1.312511,0.730243,-4.846800,3.755060,0.071406,1.625550,0.046720,-7.441193,3.018073,1.689348,-2.985715,-0.003348,0.570480
Sgla_HST_WYJ75403.1	Sgla_HST_WYJ75403.1	acceptor_superclass::Phenolic acids (C6-C1);acceptor_superclass::Small peptides	acceptor_superclass::Flavonoids;acceptor_superclass::Isoflavonoids;acceptor_superclass::Phenanthrenoids;acceptor_superclass::Phenolic acids (C6-C1);acceptor_superclass::Phenylpropanoids (C6-C3);acceptor_superclass::Small peptides;acceptor_superclass::Steroids;acceptor_superclass::Triterpenoids;acceptor_superclass::Tyrosine alkaloids	0,0,0,0,0,0,0,0,0,0,0,0,0,1,0,0,0,0,1,0,0,0,0	0,0,0,0,0,1,1,0,0,0,0,0,1,1,0,1,0,0,1,1,1,0,1	-0.500725,-2.580360,-2.702949,-1.256592,-1.792964,1.044286,0.274032,-5.821157,-7.958727,-1.088165,-5.330538,-0.810152,1.971589,1.741737,-0.320992,0.828231,-1.838240,-11.921839,3.851717,9.772621,0.612363,-0.965107,3.697523
Sgla_RAS_WYJ75405.1	Sgla_RAS_WYJ75405.1	acceptor_superclass::Phenolic acids (C6-C1);acceptor_superclass::Small peptides;acceptor_superclass::Tyrosine alkaloids	acceptor_superclass::Coumarins;acceptor_superclass::Fatty Acids and Conjugates;acceptor_superclass::Fatty acyls;acceptor_superclass::Flavonoids;acceptor_superclass::Isoflavonoids;acceptor_superclass::Phenolic acids (C6-C1);acceptor_superclass::Triterpenoids;acceptor_superclass::Tyrosine alkaloids	0,0,0,0,0,0,0,0,0,0,0,0,0,1,0,0,0,0,1,0,0,0,1	1,0,0,1,1,1,1,0,0,0,0,0,0,1,0,0,0,0,0,0,1,0,1	0.040728,-4.671566,-5.137364,0.900311,0.480134,0.677692,0.031216,-19.393120,-6.341568,-0.942127,-3.331885,-0.683149,-1.117303,2.950076,-0.343069,-1.692906,-2.121622,-1.029273,-0.754278,-0.574330,1.785845,-3.879164,4.477968
Shab_AAT11777_BCJ78486.1	Shab_AAT11777_BCJ78486.1	acceptor_superclass::Fatty acyls	acceptor_superclass::Coumarins;acceptor_superclass::Diterpenoids;acceptor_superclass::Fatty Acids and Conjugates;acceptor_superclass::Fatty acyls;acceptor_superclass::Lignans;acceptor_superclass::Lysine alkaloids;acceptor_superclass::Monoterpenoids;acceptor_superclass::Phenanthrenoids;acceptor_superclass::Phenylethanoids (C6-C2);acceptor_superclass::Phenylpropanoids (C6-C3);acceptor_superclass::Triterpenoids	0,0,0,0,1,0,0,0,0,0,0,0,0,0,0,0,0,0,0,0,0,0,0	1,0,1,1,1,0,0,1,1,1,0,0,1,0,1,1,0,0,0,0,1,0,0	1.468140,-3.629247,1.638866,0.477530,0.672048,-0.003005,-1.802281,0.716851,0.029427,0.811337,-1.107378,-0.681568,0.715624,-2.543420,1.145784,0.761537,-1.143927,-2.819690,-2.486346,-1.176793,0.104567,-0.542311,-0.210685
Shab_ASAT2_ALU64009.1	Shab_ASAT2_ALU64009.1		acceptor_superclass::Cyclic polyketides;acceptor_superclass::Diterpenoids;acceptor_superclass::Flavonoids;acceptor_superclass::Lignans;acceptor_superclass::Monoterpenoids;acceptor_superclass::Naphthalenes;acceptor_superclass::Ornithine alkaloids;acceptor_superclass::Phenylpropanoids (C6-C3);acceptor_superclass::Tryptophan alkaloids	0,0,0,0,0,0,0,0,0,0,0,0,0,0,0,0,0,0,0,0,0,0,0	0,1,1,0,0,1,0,1,0,1,1,1,0,0,0,1,0,0,0,0,0,1,0	-6.626242,4.725760,0.820286,-2.218349,-2.107698,0.130816,-3.895410,1.566425,-0.381621,2.568475,1.081788,0.256571,-4.576605,-4.786278,-1.848398,2.076303,-0.362168,-0.743807,-3.152713,-0.502627,-0.342149,2.867845,-0.685118
Shab_ASAT3-F_AJF98584.1	Shab_ASAT3-F_AJF98584.1		acceptor_superclass::Cyclic polyketides;acceptor_superclass::Diterpenoids;acceptor_superclass::Fatty acyls;acceptor_superclass::Lignans;acceptor_superclass::Naphthalenes;acceptor_superclass::Phenanthrenoids;acceptor_superclass::Phenylethanoids (C6-C2);acceptor_superclass::Saccharides;acceptor_superclass::Triterpenoids;acceptor_superclass::Tyrosine alkaloids	0,0,0,0,0,0,0,0,0,0,0,0,0,0,0,0,0,0,0,0,0,0,0	0,1,1,0,1,0,0,1,0,0,1,0,1,0,1,0,0,1,0,0,1,0,1	-4.722994,2.470849,3.203516,-2.713941,1.051735,-0.158807,-0.601059,4.421890,-0.240995,-1.665027,1.739995,-1.969233,0.014616,-6.699467,2.546499,-1.570611,-0.102850,2.557165,-0.693111,-2.255132,1.543726,-1.555692,0.423653
Shab_ASAT3-P_AJF98591.1	Shab_ASAT3-P_AJF98591.1		acceptor_superclass::Diterpenoids;acceptor_superclass::Fatty acyls;acceptor_superclass::Lignans;acceptor_superclass::Lysine alkaloids;acceptor_superclass::Monoterpenoids;acceptor_superclass::Naphthalenes;acceptor_superclass::Phenanthrenoids;acceptor_superclass::Phenylethanoids (C6-C2);acceptor_superclass::Phenylpropanoids (C6-C3);acceptor_superclass::Triterpenoids;acceptor_superclass::Tryptophan alkaloids	0,0,0,0,0,0,0,0,0,0,0,0,0,0,0,0,0,0,0,0,0,0,0	0,0,1,0,1,0,0,1,1,1,1,0,1,0,1,1,0,0,0,0,1,1,0	-1.269123,-1.291553,3.084898,-0.639764,0.459272,-0.802733,-2.093675,2.170413,2.167217,1.703613,1.539743,-0.337620,0.377128,-5.728530,0.043403,0.343888,-0.616861,-2.169406,-3.994156,-1.404471,0.194153,0.109603,-1.757684
Sind_AT1_BEE35702.1	Sind_AT1_BEE35702.1	acceptor_superclass::Phenylethanoids (C6-C2)	acceptor_superclass::Coumarins;acceptor_superclass::Fatty Acids and Conjugates;acceptor_superclass::Fatty acyls;acceptor_superclass::Flavonoids;acceptor_superclass::Phenanthrenoids;acceptor_superclass::Phenolic acids (C6-C1);acceptor_superclass::Phenylethanoids (C6-C2);acceptor_superclass::Phenylpropanoids (C6-C3);acceptor_superclass::Small peptides;acceptor_superclass::Triterpenoids;acceptor_superclass::Tyrosine alkaloids	0,0,0,0,0,0,0,0,0,0,0,0,0,0,1,0,0,0,0,0,0,0,0	1,0,0,1,1,1,0,0,0,0,0,0,1,1,1,1,0,0,1,0,1,0,1	5.815453,-6.956985,-1.041568,2.241206,0.517050,1.368896,-0.385554,-1.650087,-3.633527,-0.887683,-4.772444,-1.177967,1.454710,2.441043,2.756625,0.903812,-1.874332,-3.547609,0.112466,-0.326069,0.242446,-1.236658,2.518377
Sind_AT2_BEE35703.1	Sind_AT2_BEE35703.1	acceptor_superclass::Phenylethanoids (C6-C2)	acceptor_superclass::Coumarins;acceptor_superclass::Fatty Acids and Conjugates;acceptor_superclass::Fatty acyls;acceptor_superclass::Flavonoids;acceptor_superclass::Phenanthrenoids;acceptor_superclass::Phenolic acids (C6-C1);acceptor_superclass::Phenylethanoids (C6-C2);acceptor_superclass::Phenylpropanoids (C6-C3);acceptor_superclass::Triterpenoids;acceptor_superclass::Tyrosine alkaloids	0,0,0,0,0,0,0,0,0,0,0,0,0,0,1,0,0,0,0,0,0,0,0	1,0,0,1,1,1,0,0,0,0,0,0,1,1,1,1,0,0,0,0,1,0,1	5.258118,-6.392203,-0.833967,2.029519,0.519403,1.215455,-0.459775,-1.434377,-3.224960,-0.733630,-4.316325,-1.076025,1.340397,2.027152,2.516892,0.851989,-1.724361,-3.337684,-0.042233,-0.361077,0.216151,-1.152534,2.211725
Sind_AT1_BEE35702.1	Sind_SHCT_XP_011083883.1	acceptor_superclass::Phenylethanoids (C6-C2)	acceptor_superclass::Coumarins;acceptor_superclass::Fatty Acids and Conjugates;acceptor_superclass::Fatty acyls;acceptor_superclass::Flavonoids;acceptor_superclass::Phenanthrenoids;acceptor_superclass::Phenolic acids (C6-C1);acceptor_superclass::Phenylethanoids (C6-C2);acceptor_superclass::Phenylpropanoids (C6-C3);acceptor_superclass::Small peptides;acceptor_superclass::Triterpenoids;acceptor_superclass::Tyrosine alkaloids	0,0,0,0,0,0,0,0,0,0,0,0,0,0,1,0,0,0,0,0,0,0,0	1,0,0,1,1,1,0,0,0,0,0,0,1,1,1,1,0,0,1,0,1,0,1	5.815453,-6.956985,-1.041568,2.241206,0.517050,1.368896,-0.385554,-1.650087,-3.633527,-0.887683,-4.772444,-1.177967,1.454710,2.441043,2.756625,0.903812,-1.874332,-3.547609,0.112466,-0.326069,0.242446,-1.236658,2.518377
Slyc_AAT1_XP_004244681.1	Slyc_AAT1_XP_004244681.1	acceptor_superclass::Fatty acyls;acceptor_superclass::Phenylethanoids (C6-C2)	acceptor_superclass::Cyclic polyketides;acceptor_superclass::Diterpenoids;acceptor_superclass::Flavonoids;acceptor_superclass::Lignans;acceptor_superclass::Lysine alkaloids;acceptor_superclass::Monoterpenoids;acceptor_superclass::Naphthalenes;acceptor_superclass::Ornithine alkaloids;acceptor_superclass::Phenylpropanoids (C6-C3);acceptor_superclass::Saccharides;acceptor_superclass::Triterpenoids;acceptor_superclass::Tryptophan alkaloids	0,0,0,0,1,0,0,0,0,0,0,0,0,0,1,0,0,0,0,0,0,0,0	0,1,1,0,0,1,0,1,1,1,1,1,0,0,0,1,0,1,0,0,1,1,0	-12.772496,16.102488,7.474941,-7.288649,-3.879533,0.876673,-8.850937,4.003437,1.298241,6.146153,2.781567,0.205886,-7.411720,-12.829746,-4.089937,3.599724,-0.661206,3.405099,-8.499078,-2.600915,1.246102,6.342321,-2.199765
Slyc_PHT1_UTQ10234.1	Slyc_ACT2_XP_004251197.1	acceptor_superclass::Ornithine alkaloids;acceptor_superclass::Pseudoalkaloids	acceptor_superclass::Fatty Acids and Conjugates;acceptor_superclass::Monoterpenoids;acceptor_superclass::Ornithine alkaloids;acceptor_superclass::Phenolic acids (C6-C1);acceptor_superclass::Phenylpropanoids (C6-C3);acceptor_superclass::Pseudoalkaloids;acceptor_superclass::Small peptides;acceptor_superclass::Steroids;acceptor_superclass::Tryptophan alkaloids;acceptor_superclass::Tyrosine alkaloids	0,0,0,0,0,0,0,0,0,0,0,1,0,0,0,0,1,0,0,0,0,0,0	0,0,0,1,0,0,0,0,0,1,0,1,0,1,0,1,1,0,1,1,0,1,1	-3.261192,-3.649282,-4.235695,1.491551,-0.794298,-0.738648,-0.846529,-0.103936,-1.591168,0.506380,-0.422896,0.618319,-3.425442,0.887490,-0.322953,1.275014,0.117450,-3.857563,0.924843,0.743095,-1.606581,0.693260,0.133892
Slyc_ASAT1_NP_001316332.1	Slyc_ASAT1_NP_001316332.1	acceptor_superclass::Saccharides	acceptor_superclass::Cyclic polyketides;acceptor_superclass::Diterpenoids;acceptor_superclass::Fatty acyls;acceptor_superclass::Lignans;acceptor_superclass::Lysine alkaloids;acceptor_superclass::Monoterpenoids;acceptor_superclass::Naphthalenes;acceptor_superclass::Phenylethanoids (C6-C2);acceptor_superclass::Phenylpropanoids (C6-C3);acceptor_superclass::Pseudoalkaloids;acceptor_superclass::Saccharides;acceptor_superclass::Steroids;acceptor_superclass::Triterpenoids;acceptor_superclass::Tryptophan alkaloids	0,0,0,0,0,0,0,0,0,0,0,0,0,0,0,0,0,1,0,0,0,0,0	0,1,1,0,1,0,0,1,1,1,1,0,0,0,1,1,1,1,0,1,1,1,0	-2.774370,1.958752,2.721140,-2.718331,0.387516,-1.236341,-4.557541,5.922944,0.209406,0.195642,1.634194,-1.760237,-0.719424,-8.965074,0.273433,0.452948,0.402879,2.181979,-6.191892,0.077195,0.141869,1.148608,-1.325927
Slyc_ASAT2_ALU64015.1	Slyc_ASAT2_ALU64015.1		acceptor_superclass::Cyclic polyketides;acceptor_superclass::Diterpenoids;acceptor_superclass::Flavonoids;acceptor_superclass::Lysine alkaloids;acceptor_superclass::Naphthalenes;acceptor_superclass::Pseudoalkaloids;acceptor_superclass::Saccharides;acceptor_superclass::Steroids;acceptor_superclass::Triterpenoids;acceptor_superclass::Tryptophan alkaloids;acceptor_superclass::Tyrosine alkaloids	0,0,0,0,0,0,0,0,0,0,0,0,0,0,0,0,0,0,0,0,0,0,0	0,1,1,0,0,1,0,0,1,0,1,0,0,0,0,0,1,1,0,1,1,1,1	-7.085877,3.399970,2.369814,-3.324196,-3.187268,0.172374,-1.897046,-21.176514,1.927286,-1.907419,1.794302,-0.230094,-6.024160,-5.136967,-1.163885,-1.464272,0.520761,1.630324,-4.252505,8.340048,0.423589,2.896667,1.998443
Slyc_ASAT3_AJF98582.1	Slyc_ASAT3_AJF98582.1		acceptor_superclass::Cyclic polyketides;acceptor_superclass::Diterpenoids;acceptor_superclass::Flavonoids;acceptor_superclass::Lignans;acceptor_superclass::Monoterpenoids;acceptor_superclass::Naphthalenes;acceptor_superclass::Ornithine alkaloids;acceptor_superclass::Phenylpropanoids (C6-C3);acceptor_superclass::Tryptophan alkaloids	0,0,0,0,0,0,0,0,0,0,0,0,0,0,0,0,0,0,0,0,0,0,0	0,1,1,0,0,1,0,1,0,1,1,1,0,0,0,1,0,0,0,0,0,1,0	-5.436859,5.125493,1.620491,-2.337001,-1.822451,0.318278,-3.419366,1.481440,-0.067936,2.275858,1.028953,0.200058,-3.568635,-4.646275,-1.638295,1.678035,-0.297630,-0.009407,-3.099770,-0.534359,-0.010220,2.460098,-0.620361
Slyc_ASAT4_AFM77971.1	Slyc_ASAT4_AFM77971.1		acceptor_superclass::Coumarins;acceptor_superclass::Diterpenoids;acceptor_superclass::Fatty Acids and Conjugates;acceptor_superclass::Fatty acyls;acceptor_superclass::Flavonoids;acceptor_superclass::Monoterpenoids;acceptor_superclass::Phenanthrenoids;acceptor_superclass::Phenylethanoids (C6-C2);acceptor_superclass::Phenylpropanoids (C6-C3);acceptor_superclass::Triterpenoids;acceptor_superclass::Tyrosine alkaloids	0,0,0,0,0,0,0,0,0,0,0,0,0,0,0,0,0,0,0,0,0,0,0	1,0,1,1,1,1,0,0,0,1,0,0,1,0,1,1,0,0,0,0,1,0,1	2.247168,-3.442818,0.552109,0.899534,0.505208,0.146121,-1.096336,-0.141896,-1.052872,0.136957,-1.719345,-0.716550,0.579758,-0.691298,1.208344,0.542900,-1.256903,-2.095666,-1.155571,-0.561217,0.361745,-0.107354,0.639498
Slyc_GAME36_XP_004246214.1	Slyc_GAME36_XP_004246214.1	acceptor_superclass::Pseudoalkaloids	acceptor_superclass::Cyclic polyketides;acceptor_superclass::Diterpenoids;acceptor_superclass::Fatty acyls;acceptor_superclass::Lignans;acceptor_superclass::Naphthalenes;acceptor_superclass::Phenanthrenoids;acceptor_superclass::Phenylethanoids (C6-C2);acceptor_superclass::Pseudoalkaloids;acceptor_superclass::Saccharides;acceptor_superclass::Steroids;acceptor_superclass::Triterpenoids;acceptor_superclass::Tryptophan alkaloids	0,0,0,0,0,0,0,0,0,0,0,0,0,0,0,0,1,0,0,0,0,0,0	0,1,1,0,1,0,0,1,0,0,1,0,1,0,1,0,1,1,0,1,1,1,0	-1.223471,0.784872,1.027607,-1.795464,0.106088,-0.479109,-2.570114,3.208691,-0.794632,-0.409763,0.978625,-1.177525,0.568872,-5.740250,0.053260,-0.047868,0.183806,0.018586,-3.652342,0.051333,0.108583,0.381746,-0.205630
Slyc_HCT_XP_004235891.1	Slyc_HCT_XP_004235891.1	acceptor_superclass::Flavonoids;acceptor_superclass::Monoterpenoids;acceptor_superclass::Phenolic acids (C6-C1);acceptor_superclass::Triterpenoids;acceptor_superclass::Tyrosine alkaloids	acceptor_superclass::Coumarins;acceptor_superclass::Fatty Acids and Conjugates;acceptor_superclass::Phenanthrenoids;acceptor_superclass::Phenolic acids (C6-C1);acceptor_superclass::Phenylethanoids (C6-C2);acceptor_superclass::Small peptides;acceptor_superclass::Tyrosine alkaloids	0,0,0,0,0,1,0,0,0,1,0,0,0,1,0,0,0,0,0,0,1,0,1	1,0,0,1,0,0,0,0,0,0,0,0,1,1,1,0,0,0,1,0,0,0,1	1.295497,-4.244078,-4.454642,0.818964,-0.300782,-1.156759,-1.342906,-3.962294,-4.826607,-2.442955,-1.794092,-0.566067,4.609430,2.232872,0.440451,-0.961476,-0.650601,-5.573157,1.347272,-1.660404,-0.147567,-1.112171,3.963063
Slyc_HQT_CAE46933.1	Slyc_HQT_CAE46933.1	acceptor_superclass::Phenolic acids (C6-C1);acceptor_superclass::Phenylpropanoids (C6-C3)	acceptor_superclass::Fatty Acids and Conjugates;acceptor_superclass::Monoterpenoids;acceptor_superclass::Ornithine alkaloids;acceptor_superclass::Phenolic acids (C6-C1);acceptor_superclass::Phenylpropanoids (C6-C3);acceptor_superclass::Small peptides;acceptor_superclass::Steroids;acceptor_superclass::Tryptophan alkaloids;acceptor_superclass::Tyrosine alkaloids	0,0,0,0,0,0,0,0,0,0,0,0,0,1,0,1,0,0,0,0,0,0,0	0,0,0,1,0,0,0,0,0,1,0,1,0,1,0,1,0,0,1,1,0,1,1	-3.331088,-6.495900,-6.410814,2.566276,-0.569391,-1.250057,-0.577323,-0.508372,-2.059631,0.124201,-0.959769,0.573241,-4.091137,2.580842,-0.089600,1.432670,-0.041667,-5.770245,2.107349,1.086432,-2.341264,0.204555,0.392702
Slyc_PHT1_UTQ10234.1	Slyc_PHT1_UTQ10234.1	acceptor_superclass::Ornithine alkaloids;acceptor_superclass::Pseudoalkaloids	acceptor_superclass::Fatty acyls;acceptor_superclass::Flavonoids;acceptor_superclass::Phenylethanoids (C6-C2);acceptor_superclass::Saccharides;acceptor_superclass::Triterpenoids;acceptor_superclass::Tyrosine alkaloids	0,0,0,0,0,0,0,0,0,0,0,1,0,0,0,0,1,0,0,0,0,0,0	0,0,0,0,1,1,0,0,0,0,0,0,0,0,1,0,0,1,0,0,1,0,1	-1.497849,-1.129964,-1.162262,-0.456943,0.518208,0.255950,-0.194602,-6.665504,-2.680465,-0.906973,-0.809538,-0.783159,-0.516160,-0.867483,0.640849,-1.140790,-0.796230,0.398605,-0.521588,-0.955064,1.202330,-2.124133,1.995949
Slyc_PHT2_UTQ10235.1	Slyc_PHT2_UTQ10235.1	acceptor_superclass::Ornithine alkaloids;acceptor_superclass::Pseudoalkaloids	acceptor_superclass::Flavonoids;acceptor_superclass::Phenylpropanoids (C6-C3);acceptor_superclass::Small peptides;acceptor_superclass::Steroids;acceptor_superclass::Triterpenoids;acceptor_superclass::Tryptophan alkaloids;acceptor_superclass::Tyrosine alkaloids	0,0,0,0,0,0,0,0,0,0,0,1,0,0,0,0,1,0,0,0,0,0,0	0,0,0,0,0,1,0,0,0,0,0,0,0,0,0,1,0,0,1,1,1,1,1	-2.071743,-0.407104,-0.702009,-1.454685,-1.696345,0.592373,-0.270051,-8.409451,-3.406667,-1.046735,-2.093098,-0.392523,-0.588046,-0.495635,-0.457002,0.010223,-0.665889,-5.376854,0.787685,7.040577,0.444514,0.259652,2.334451
Slyc_SHT_QNO39109.1	Slyc_SHT_QNO39109.1	acceptor_superclass::Ornithine alkaloids	acceptor_superclass::Flavonoids;acceptor_superclass::Isoflavonoids;acceptor_superclass::Phenanthrenoids;acceptor_superclass::Phenolic acids (C6-C1);acceptor_superclass::Phenylpropanoids (C6-C3);acceptor_superclass::Small peptides;acceptor_superclass::Steroids;acceptor_superclass::Triterpenoids;acceptor_superclass::Tyrosine alkaloids	0,0,0,0,0,0,0,0,0,0,0,1,0,0,0,0,0,0,0,0,0,0,0	0,0,0,0,0,1,1,0,0,0,0,0,1,1,0,1,0,0,1,1,1,0,1	-0.830785,-1.720465,-1.920789,-1.240153,-1.632478,0.882066,0.193696,-6.073567,-6.057534,-0.990712,-3.936908,-0.594501,1.174054,0.935824,-0.296722,0.546222,-1.356808,-9.123876,2.651037,8.321721,0.536666,-0.562305,3.014774
Smel_SHT_AKP24035.1	Smel_SHT_AKP24035.1	acceptor_superclass::Ornithine alkaloids	acceptor_superclass::Cyclic polyketides;acceptor_superclass::Diterpenoids;acceptor_superclass::Fatty acyls;acceptor_superclass::Lignans;acceptor_superclass::Naphthalenes;acceptor_superclass::Phenylethanoids (C6-C2);acceptor_superclass::Saccharides;acceptor_superclass::Triterpenoids;acceptor_superclass::Tyrosine alkaloids	0,0,0,0,0,0,0,0,0,0,0,1,0,0,0,0,0,0,0,0,0,0,0	0,1,1,0,1,0,0,1,0,0,1,0,0,0,1,0,0,1,0,0,1,0,1	-4.162226,2.056647,2.639700,-2.401971,0.909855,-0.213032,-0.658045,3.236057,-0.441395,-1.451175,1.312858,-1.742466,-0.128536,-5.633330,2.192356,-1.433820,-0.190002,2.260334,-0.541741,-2.064310,1.422885,-1.430852,0.563240
Smoe_HCT1a_XP_002979061.1	Smoe_HCT1a_XP_002979061.1	acceptor_superclass::Flavonoids;acceptor_superclass::Phenolic acids (C6-C1);acceptor_superclass::Small peptides	acceptor_superclass::Fatty Acids and Conjugates;acceptor_superclass::Ornithine alkaloids;acceptor_superclass::Phenolic acids (C6-C1);acceptor_superclass::Phenylethanoids (C6-C2);acceptor_superclass::Phenylpropanoids (C6-C3);acceptor_superclass::Pseudoalkaloids;acceptor_superclass::Small peptides;acceptor_superclass::Steroids;acceptor_superclass::Tryptophan alkaloids;acceptor_superclass::Tyrosine alkaloids	0,0,0,0,0,1,0,0,0,0,0,0,0,1,0,0,0,0,1,0,0,0,0	0,0,0,1,0,0,0,0,0,0,0,1,0,1,1,1,1,0,1,1,0,1,1	-3.806324,-9.445299,-8.936112,3.889629,-0.675428,-1.627888,-0.243669,-0.860816,-2.949069,-0.145061,-1.375424,0.759520,-5.078676,4.004939,0.086874,1.702183,0.045165,-7.669702,3.277263,1.685188,-3.160614,0.059797,0.581595
Sneo_AAT10247_BCJ78484.1	Sneo_AAT10247_BCJ78484.1	acceptor_superclass::Fatty acyls	acceptor_superclass::Coumarins;acceptor_superclass::Diterpenoids;acceptor_superclass::Fatty Acids and Conjugates;acceptor_superclass::Fatty acyls;acceptor_superclass::Lignans;acceptor_superclass::Lysine alkaloids;acceptor_superclass::Monoterpenoids;acceptor_superclass::Phenanthrenoids;acceptor_superclass::Phenylethanoids (C6-C2);acceptor_superclass::Phenylpropanoids (C6-C3);acceptor_superclass::Triterpenoids	0,0,0,0,1,0,0,0,0,0,0,0,0,0,0,0,0,0,0,0,0,0,0	1,0,1,1,1,0,0,1,1,1,0,0,1,0,1,1,0,0,0,0,1,0,0	1.458454,-3.777025,1.793127,0.493206,0.701794,-0.066933,-1.977783,0.739438,0.055745,0.871737,-1.094710,-0.700700,0.671582,-2.680446,1.189224,0.806546,-1.197326,-2.841771,-2.637413,-1.295439,0.133161,-0.446411,-0.204669
Snig_AGAT1_WES72146.1	Snig_AGAT1_WES72146.1		acceptor_superclass::Cyclic polyketides;acceptor_superclass::Diterpenoids;acceptor_superclass::Flavonoids;acceptor_superclass::Steroids;acceptor_superclass::Triterpenoids;acceptor_superclass::Tryptophan alkaloids;acceptor_superclass::Tyrosine alkaloids	0,0,0,0,0,0,0,0,0,0,0,0,0,0,0,0,0,0,0,0,0,0,0	0,1,1,0,0,1,0,0,0,0,0,0,0,0,0,0,0,0,0,1,1,1,1	-3.119440,0.828048,0.384473,-1.684847,-1.818717,0.312230,-0.710284,-10.513296,-1.166355,-1.049574,-0.471258,-0.281250,-2.064694,-1.802214,-0.601676,-0.403547,-0.229590,-2.229162,-0.849755,6.029300,0.396737,1.066697,1.791683
Snig_ASAT1_ART34015.1	Snig_ASAT1_ART34015.1	acceptor_superclass::Saccharides	acceptor_superclass::Cyclic polyketides;acceptor_superclass::Diterpenoids;acceptor_superclass::Flavonoids;acceptor_superclass::Lysine alkaloids;acceptor_superclass::Naphthalenes;acceptor_superclass::Pseudoalkaloids;acceptor_superclass::Saccharides;acceptor_superclass::Steroids;acceptor_superclass::Triterpenoids;acceptor_superclass::Tryptophan alkaloids;acceptor_superclass::Tyrosine alkaloids	0,0,0,0,0,0,0,0,0,0,0,0,0,0,0,0,0,1,0,0,0,0,0	0,1,1,0,0,1,0,0,1,0,1,0,0,0,0,0,1,1,0,1,1,1,1	-6.044917,2.656676,1.760716,-2.952352,-2.884419,0.238423,-1.576864,-18.528912,0.904911,-1.724065,1.049573,-0.285266,-4.889907,-4.223540,-1.028487,-1.145783,0.276577,0.208654,-3.279324,8.025465,0.421056,2.397517,2.076720
Snig_ASAT2_WES72145.1	Snig_ASAT2_WES72145.1		acceptor_superclass::Cyclic polyketides;acceptor_superclass::Diterpenoids;acceptor_superclass::Flavonoids;acceptor_superclass::Lysine alkaloids;acceptor_superclass::Naphthalenes;acceptor_superclass::Pseudoalkaloids;acceptor_superclass::Saccharides;acceptor_superclass::Steroids;acceptor_superclass::Triterpenoids;acceptor_superclass::Tryptophan alkaloids;acceptor_superclass::Tyrosine alkaloids	0,0,0,0,0,0,0,0,0,0,0,0,0,0,0,0,0,0,0,0,0,0,0	0,1,1,0,0,1,0,0,1,0,1,0,0,0,0,0,1,1,0,1,1,1,1	-7.673794,3.861295,2.728232,-3.569021,-3.342684,0.164988,-2.044330,-22.709450,2.593363,-2.037841,2.271979,-0.197302,-6.642570,-5.704640,-1.250803,-1.631471,0.707876,2.430761,-4.905454,8.547496,0.420283,3.178038,1.954015
Snux_AT_UQZ09626.1	Snux_AT_UQZ09626.1	acceptor_superclass::Tryptophan alkaloids	acceptor_superclass::Cyclic polyketides;acceptor_superclass::Diterpenoids;acceptor_superclass::Fatty acyls;acceptor_superclass::Lignans;acceptor_superclass::Naphthalenes;acceptor_superclass::Phenylethanoids (C6-C2);acceptor_superclass::Saccharides;acceptor_superclass::Triterpenoids;acceptor_superclass::Tyrosine alkaloids	0,0,0,0,0,0,0,0,0,0,0,0,0,0,0,0,0,0,0,0,0,1,0	0,1,1,0,1,0,0,1,0,0,1,0,0,0,1,0,0,1,0,0,1,0,1	-5.597980,2.202524,3.398132,-2.727726,1.071189,-0.558840,-1.441917,3.414048,-0.632453,-1.512080,1.710939,-2.496935,-0.151795,-6.852457,2.714963,-1.734957,-0.253147,3.406832,-0.759336,-3.115798,1.901331,-1.345838,0.967346
Soff_AAT1_BDW80084.1	Soff_AAT1_BDW80084.1	acceptor_superclass::Naphthalenes	acceptor_superclass::Cyclic polyketides;acceptor_superclass::Diterpenoids;acceptor_superclass::Flavonoids;acceptor_superclass::Lignans;acceptor_superclass::Monoterpenoids;acceptor_superclass::Naphthalenes;acceptor_superclass::Ornithine alkaloids;acceptor_superclass::Phenylpropanoids (C6-C3);acceptor_superclass::Tryptophan alkaloids	0,0,0,0,0,0,0,0,0,0,1,0,0,0,0,0,0,0,0,0,0,0,0	0,1,1,0,0,1,0,1,0,1,1,1,0,0,0,1,0,0,0,0,0,1,0	-5.131916,3.928567,0.807165,-1.850188,-1.604037,0.082848,-3.090329,1.256393,-0.240816,1.974551,1.013142,0.216230,-3.527698,-3.890770,-1.482195,1.593620,-0.259983,-0.437073,-2.595660,-0.411145,-0.123193,2.299775,-0.488077
Sole_SOAP10_KNA12459.1	Sole_SOAP10_KNA12459.1	acceptor_superclass::Triterpenoids	acceptor_superclass::Cyclic polyketides;acceptor_superclass::Diterpenoids;acceptor_superclass::Fatty acyls;acceptor_superclass::Lignans;acceptor_superclass::Lysine alkaloids;acceptor_superclass::Naphthalenes;acceptor_superclass::Phenanthrenoids;acceptor_superclass::Phenylethanoids (C6-C2);acceptor_superclass::Pseudoalkaloids;acceptor_superclass::Saccharides;acceptor_superclass::Triterpenoids	0,0,0,0,0,0,0,0,0,0,0,0,0,0,0,0,0,0,0,0,1,0,0	0,1,1,0,1,0,0,1,1,0,1,0,1,0,1,0,1,1,0,0,1,0,0	-7.150199,4.340847,5.688876,-3.821773,1.259530,-0.614727,-1.501028,9.750595,0.944150,-1.878900,3.093996,-2.820655,0.130782,-9.995728,3.715922,-1.813561,0.355285,4.482466,-0.839846,-3.571249,1.890746,-1.105139,-0.125456
Some_HCT_EFJ20018.1	Some_HCT_EFJ20018.1	acceptor_superclass::Phenolic acids (C6-C1)	acceptor_superclass::Coumarins;acceptor_superclass::Fatty Acids and Conjugates;acceptor_superclass::Phenanthrenoids;acceptor_superclass::Phenolic acids (C6-C1);acceptor_superclass::Phenylethanoids (C6-C2);acceptor_superclass::Small peptides;acceptor_superclass::Triterpenoids;acceptor_superclass::Tyrosine alkaloids	0,0,0,0,0,0,0,0,0,0,0,0,0,1,0,0,0,0,0,0,0,0,0	1,0,0,1,0,0,0,0,0,0,0,0,1,1,1,0,0,0,1,0,1,0,1	1.084304,-4.442602,-4.530546,0.987413,-0.323431,-1.519643,-1.777720,-3.992428,-4.908896,-2.415427,-1.778856,-0.742604,4.596216,2.349948,0.555219,-0.943474,-0.741131,-5.302686,1.194381,-1.860471,0.025393,-0.870659,4.176454
Spen_AAT12560_BCJ78487.1	Spen_AAT12560_BCJ78487.1	acceptor_superclass::Fatty acyls	acceptor_superclass::Coumarins;acceptor_superclass::Diterpenoids;acceptor_superclass::Fatty Acids and Conjugates;acceptor_superclass::Fatty acyls;acceptor_superclass::Lignans;acceptor_superclass::Lysine alkaloids;acceptor_superclass::Monoterpenoids;acceptor_superclass::Phenanthrenoids;acceptor_superclass::Phenylethanoids (C6-C2);acceptor_superclass::Phenylpropanoids (C6-C3);acceptor_superclass::Triterpenoids	0,0,0,0,1,0,0,0,0,0,0,0,0,0,0,0,0,0,0,0,0,0,0	1,0,1,1,1,0,0,1,1,1,0,0,1,0,1,1,0,0,0,0,1,0,0	0.770061,-3.097829,2.049177,0.224778,0.627706,-0.206531,-1.943589,1.043377,0.546293,1.052801,-0.490225,-0.565403,0.578743,-3.280558,0.885569,0.693639,-0.986521,-2.623336,-2.861893,-1.289881,0.118683,-0.366756,-0.569458
Spen_AAT1_AIW04708.1	Spen_AAT1_AIW04708.1	acceptor_superclass::Fatty acyls;acceptor_superclass::Phenylethanoids (C6-C2)	acceptor_superclass::Cyclic polyketides;acceptor_superclass::Lignans;acceptor_superclass::Monoterpenoids;acceptor_superclass::Naphthalenes;acceptor_superclass::Ornithine alkaloids;acceptor_superclass::Phenylpropanoids (C6-C3);acceptor_superclass::Tryptophan alkaloids	0,0,0,0,1,0,0,0,0,0,0,0,0,0,1,0,0,0,0,0,0,0,0	0,1,0,0,0,0,0,1,0,1,1,1,0,0,0,1,0,0,0,0,0,1,0	-5.357851,1.294663,-1.036506,-0.736124,-1.430299,-0.355497,-2.968885,0.879554,-0.652688,1.921048,0.154824,0.340528,-4.205172,-2.413367,-1.194388,1.867582,-0.367766,-2.154205,-1.460089,-0.169158,-0.978560,1.862843,-0.374653
Spen_ASAT2_ALU64005.1	Spen_ASAT2_ALU64005.1		acceptor_superclass::Cyclic polyketides;acceptor_superclass::Diterpenoids;acceptor_superclass::Fatty acyls;acceptor_superclass::Lignans;acceptor_superclass::Naphthalenes;acceptor_superclass::Phenylethanoids (C6-C2);acceptor_superclass::Saccharides;acceptor_superclass::Triterpenoids;acceptor_superclass::Tyrosine alkaloids	0,0,0,0,0,0,0,0,0,0,0,0,0,0,0,0,0,0,0,0,0,0,0	0,1,1,0,1,0,0,1,0,0,1,0,0,0,1,0,0,1,0,0,1,0,1	-5.932152,2.990503,3.874127,-3.328111,1.299877,-0.323688,-1.019497,5.206629,-0.293494,-1.951606,2.025508,-2.521051,-0.103269,-8.065002,3.122905,-1.949574,-0.160514,3.268109,-0.840338,-2.986088,1.906729,-1.869273,0.626267
Spen_ASAT3_AJF98583.1	Spen_ASAT3_AJF98583.1		acceptor_superclass::Diterpenoids;acceptor_superclass::Fatty acyls;acceptor_superclass::Lignans;acceptor_superclass::Lysine alkaloids;acceptor_superclass::Monoterpenoids;acceptor_superclass::Naphthalenes;acceptor_superclass::Phenanthrenoids;acceptor_superclass::Phenylethanoids (C6-C2);acceptor_superclass::Phenylpropanoids (C6-C3);acceptor_superclass::Triterpenoids	0,0,0,0,0,0,0,0,0,0,0,0,0,0,0,0,0,0,0,0,0,0,0	0,0,1,0,1,0,0,1,1,1,1,0,1,0,1,1,0,0,0,0,1,0,0	-0.112874,-1.785042,2.053673,-0.160461,0.396337,-0.382941,-1.477706,1.325778,1.072312,1.078297,0.649903,-0.393833,0.473919,-3.856425,0.321043,0.322548,-0.729554,-2.074322,-2.875223,-0.998866,0.190648,-0.045685,-0.953910
Spim_AAT11589_BCJ78481.1	Spim_AAT11589_BCJ78481.1	acceptor_superclass::Fatty acyls	acceptor_superclass::Cyclic polyketides;acceptor_superclass::Diterpenoids;acceptor_superclass::Flavonoids;acceptor_superclass::Naphthalenes;acceptor_superclass::Pseudoalkaloids;acceptor_superclass::Steroids;acceptor_superclass::Triterpenoids;acceptor_superclass::Tryptophan alkaloids;acceptor_superclass::Tyrosine alkaloids	0,0,0,0,1,0,0,0,0,0,0,0,0,0,0,0,0,0,0,0,0,0,0	0,1,1,0,0,1,0,0,0,0,1,0,0,0,0,0,1,0,0,1,1,1,1	-5.499514,2.053587,1.250822,-2.769578,-2.713917,0.383647,-1.402426,-17.245844,-0.071367,-1.671220,0.164877,-0.322902,-4.168543,-3.535991,-0.945549,-0.942934,0.084867,-1.185347,-2.453895,8.281556,0.425325,1.963436,2.218699
Spot_AT_UQZ09635.1	Spot_AT_UQZ09635.1	acceptor_superclass::Tryptophan alkaloids	acceptor_superclass::Cyclic polyketides;acceptor_superclass::Diterpenoids;acceptor_superclass::Lignans;acceptor_superclass::Monoterpenoids;acceptor_superclass::Naphthalenes;acceptor_superclass::Ornithine alkaloids;acceptor_superclass::Phenylpropanoids (C6-C3);acceptor_superclass::Tryptophan alkaloids	0,0,0,0,0,0,0,0,0,0,0,0,0,0,0,0,0,0,0,0,0,1,0	0,1,1,0,0,0,0,1,0,1,1,1,0,0,0,1,0,0,0,0,0,1,0	-6.661885,4.201418,0.721800,-1.931573,-1.874780,-0.426499,-4.152906,1.478315,-0.226060,2.565529,1.142531,0.214444,-4.528507,-4.412120,-1.703809,2.030507,-0.406644,-0.414490,-2.770358,-0.692464,-0.246841,3.132103,-0.693461
Squi_ASAT1H_UTN00742.1	Squi_ASAT1H_UTN00742.1		acceptor_superclass::Cyclic polyketides;acceptor_superclass::Diterpenoids;acceptor_superclass::Flavonoids;acceptor_superclass::Lignans;acceptor_superclass::Lysine alkaloids;acceptor_superclass::Monoterpenoids;acceptor_superclass::Naphthalenes;acceptor_superclass::Ornithine alkaloids;acceptor_superclass::Phenylpropanoids (C6-C3);acceptor_superclass::Saccharides;acceptor_superclass::Triterpenoids;acceptor_superclass::Tryptophan alkaloids	0,0,0,0,0,0,0,0,0,0,0,0,0,0,0,0,0,0,0,0,0,0,0	0,1,1,0,0,1,0,1,1,1,1,1,0,0,0,1,0,1,0,0,1,1,0	-6.890246,6.353547,2.129975,-2.908767,-2.081668,0.147071,-4.483028,1.827997,0.075852,2.896655,1.276362,0.137760,-4.446526,-5.711689,-2.025133,2.103177,-0.461307,0.229764,-3.761947,-0.838033,0.076706,3.179015,-0.843002
Squi_ASAT3H_UTN00743.1	Squi_ASAT3H_UTN00743.1		acceptor_superclass::Cyclic polyketides;acceptor_superclass::Diterpenoids;acceptor_superclass::Fatty acyls;acceptor_superclass::Lignans;acceptor_superclass::Naphthalenes;acceptor_superclass::Phenylethanoids (C6-C2);acceptor_superclass::Phenylpropanoids (C6-C3);acceptor_superclass::Pseudoalkaloids;acceptor_superclass::Saccharides;acceptor_superclass::Steroids;acceptor_superclass::Triterpenoids;acceptor_superclass::Tryptophan alkaloids	0,0,0,0,0,0,0,0,0,0,0,0,0,0,0,0,0,0,0,0,0,0,0	0,1,1,0,1,0,0,1,0,0,1,0,0,0,1,1,1,1,0,1,1,1,0	-2.030875,2.152777,2.303879,-2.890467,0.194890,-0.387663,-3.486794,5.564616,-0.158953,-0.096822,1.569300,-1.621230,-0.091105,-8.968684,0.047357,0.187001,0.373009,1.224586,-5.619479,0.559996,0.062705,0.661608,-1.205541
Squi_ASAT4H_QNR60312.1	Squi_ASAT4H_QNR60312.1		acceptor_superclass::Coumarins;acceptor_superclass::Diterpenoids;acceptor_superclass::Fatty Acids and Conjugates;acceptor_superclass::Fatty acyls;acceptor_superclass::Lignans;acceptor_superclass::Monoterpenoids;acceptor_superclass::Phenanthrenoids;acceptor_superclass::Phenylethanoids (C6-C2);acceptor_superclass::Phenylpropanoids (C6-C3);acceptor_superclass::Triterpenoids;acceptor_superclass::Tryptophan alkaloids;acceptor_superclass::Tyrosine alkaloids	0,0,0,0,0,0,0,0,0,0,0,0,0,0,0,0,0,0,0,0,0,0,0	1,0,1,1,1,0,0,1,0,1,0,0,1,0,1,1,0,0,0,0,1,1,1	1.947094,-3.903476,1.367571,0.924576,0.721483,-0.277515,-1.901494,0.022424,-0.752931,0.483117,-1.353772,-0.830214,0.336790,-1.580078,1.284518,0.716915,-1.443177,-2.106895,-1.978218,-1.126311,0.521568,0.454232,0.515986
Squi_TAIAT_QNR60311.1	Squi_TAIAT_QNR60311.1		acceptor_superclass::Cyclic polyketides;acceptor_superclass::Diterpenoids;acceptor_superclass::Fatty acyls;acceptor_superclass::Naphthalenes;acceptor_superclass::Phenylethanoids (C6-C2);acceptor_superclass::Saccharides;acceptor_superclass::Triterpenoids;acceptor_superclass::Tyrosine alkaloids	0,0,0,0,0,0,0,0,0,0,0,0,0,0,0,0,0,0,0,0,0,0,0	0,1,1,0,1,0,0,0,0,0,1,0,0,0,1,0,0,1,0,0,1,0,1	-3.682688,0.720900,1.354520,-1.694869,0.814638,-0.261659,-0.961906,-1.100177,-1.536598,-1.175083,0.538936,-1.766637,-0.313708,-4.004881,1.742114,-1.438023,-0.560162,2.019991,-0.607324,-2.179574,1.611393,-1.571169,1.438823
Sric_SHT_AMB21755.1	Sric_SHT_AMB21755.1	acceptor_superclass::Ornithine alkaloids	acceptor_superclass::Cyclic polyketides;acceptor_superclass::Diterpenoids;acceptor_superclass::Fatty acyls;acceptor_superclass::Lignans;acceptor_superclass::Naphthalenes;acceptor_superclass::Phenanthrenoids;acceptor_superclass::Phenylethanoids (C6-C2);acceptor_superclass::Pseudoalkaloids;acceptor_superclass::Saccharides;acceptor_superclass::Steroids;acceptor_superclass::Triterpenoids;acceptor_superclass::Tryptophan alkaloids	0,0,0,0,0,0,0,0,0,0,0,1,0,0,0,0,0,0,0,0,0,0,0	0,1,1,0,1,0,0,1,0,0,1,0,1,0,1,0,1,1,0,1,1,1,0	-1.126472,0.983637,1.019111,-1.636489,0.093054,-0.405261,-2.295506,3.023237,-0.582464,-0.227666,0.759878,-0.922978,0.357756,-5.246194,0.007437,-0.007196,0.174420,0.311357,-3.338774,0.201216,0.121642,0.433796,-0.415866
Ssin_ASAT1_ART34011.1	Ssin_ASAT1_ART34011.1	acceptor_superclass::Saccharides	acceptor_superclass::Diterpenoids;acceptor_superclass::Fatty acyls;acceptor_superclass::Lignans;acceptor_superclass::Lysine alkaloids;acceptor_superclass::Monoterpenoids;acceptor_superclass::Naphthalenes;acceptor_superclass::Phenanthrenoids;acceptor_superclass::Phenylethanoids (C6-C2);acceptor_superclass::Phenylpropanoids (C6-C3);acceptor_superclass::Triterpenoids;acceptor_superclass::Tryptophan alkaloids	0,0,0,0,0,0,0,0,0,0,0,0,0,0,0,0,0,1,0,0,0,0,0	0,0,1,0,1,0,0,1,1,1,1,0,1,0,1,1,0,0,0,0,1,1,0	-0.642589,-2.553158,3.439218,-0.311690,0.728486,-0.993994,-2.780285,2.031211,1.833977,1.736839,0.919987,-0.802007,0.354239,-5.843840,0.623806,0.590234,-1.168062,-2.491044,-4.438550,-1.784235,0.379946,0.485762,-1.423066
Ssin_ASAT2_ART34012.1	Ssin_ASAT2_ART34012.1		acceptor_superclass::Diterpenoids;acceptor_superclass::Fatty acyls;acceptor_superclass::Lignans;acceptor_superclass::Lysine alkaloids;acceptor_superclass::Monoterpenoids;acceptor_superclass::Naphthalenes;acceptor_superclass::Phenanthrenoids;acceptor_superclass::Phenylethanoids (C6-C2);acceptor_superclass::Phenylpropanoids (C6-C3);acceptor_superclass::Triterpenoids;acceptor_superclass::Tryptophan alkaloids	0,0,0,0,0,0,0,0,0,0,0,0,0,0,0,0,0,0,0,0,0,0,0	0,0,1,0,1,0,0,1,1,1,1,0,1,0,1,1,0,0,0,0,1,1,0	-0.653122,-2.428094,3.234644,-0.465537,0.684894,-0.886958,-2.772596,2.093231,1.865429,1.748360,0.767403,-0.681360,0.391175,-5.623745,0.533187,0.646365,-1.094584,-2.682717,-4.207272,-1.750431,0.229974,0.004282,-1.528413
Ssin_ASAT3_ART34013.1	Ssin_ASAT3_ART34013.1		acceptor_superclass::Cyclic polyketides;acceptor_superclass::Diterpenoids;acceptor_superclass::Fatty acyls;acceptor_superclass::Lignans;acceptor_superclass::Naphthalenes;acceptor_superclass::Phenylethanoids (C6-C2);acceptor_superclass::Saccharides;acceptor_superclass::Triterpenoids;acceptor_superclass::Tyrosine alkaloids	0,0,0,0,0,0,0,0,0,0,0,0,0,0,0,0,0,0,0,0,0,0,0	0,1,1,0,1,0,0,1,0,0,1,0,0,0,1,0,0,1,0,0,1,0,1	-5.236087,2.341288,3.085858,-2.902084,1.208856,-0.259025,-0.917582,3.382369,-0.646631,-1.783284,1.550291,-2.280062,-0.170457,-6.920501,2.733737,-1.844299,-0.296372,2.785288,-0.785037,-2.653275,1.771373,-1.927548,0.826230
Ssin_ASAT5_ART34014.1	Ssin_ASAT5_ART34014.1		acceptor_superclass::Coumarins;acceptor_superclass::Diterpenoids;acceptor_superclass::Fatty Acids and Conjugates;acceptor_superclass::Fatty acyls;acceptor_superclass::Lignans;acceptor_superclass::Lysine alkaloids;acceptor_superclass::Monoterpenoids;acceptor_superclass::Naphthalenes;acceptor_superclass::Phenanthrenoids;acceptor_superclass::Phenylethanoids (C6-C2);acceptor_superclass::Phenylpropanoids (C6-C3);acceptor_superclass::Triterpenoids;acceptor_superclass::Tryptophan alkaloids	0,0,0,0,0,0,0,0,0,0,0,0,0,0,0,0,0,0,0,0,0,0,0	1,0,1,1,1,0,0,1,1,1,1,0,1,0,1,1,0,0,0,0,1,1,0	0.181832,-2.456783,2.251381,0.136603,0.601144,-0.727937,-2.153071,0.991057,0.678121,1.080233,0.073832,-0.628984,0.155884,-3.421920,0.713250,0.550300,-1.006071,-1.739013,-2.835062,-1.366566,0.413914,0.557227,-0.509246
Sspl_5MAT1_AAL50566.1	Sspl_5MAT1_AAL50566.1	acceptor_superclass::Flavonoids	acceptor_superclass::Flavonoids;acceptor_superclass::Isoflavonoids;acceptor_superclass::Phenanthrenoids;acceptor_superclass::Phenolic acids (C6-C1);acceptor_superclass::Phenylpropanoids (C6-C3);acceptor_superclass::Small peptides;acceptor_superclass::Steroids;acceptor_superclass::Triterpenoids;acceptor_superclass::Tyrosine alkaloids	0,0,0,0,0,1,0,0,0,0,0,0,0,0,0,0,0,0,0,0,0,0,0	0,0,0,0,0,1,1,0,0,0,0,0,1,1,0,1,0,0,1,1,1,0,1	-1.442219,-1.699866,-2.005720,-1.743374,-2.171323,1.137282,0.337570,-8.870018,-6.892344,-1.339948,-4.202519,-0.669869,0.966302,0.550649,-0.397782,0.537390,-1.546883,-10.322397,2.617274,10.516409,0.727057,-0.404645,3.660327
Sspl_5MAT2_AAR26385.1	Sspl_5MAT2_AAR26385.1	acceptor_superclass::Flavonoids	acceptor_superclass::Fatty acyls;acceptor_superclass::Lignans;acceptor_superclass::Naphthalenes;acceptor_superclass::Phenanthrenoids;acceptor_superclass::Phenylethanoids (C6-C2);acceptor_superclass::Pseudoalkaloids;acceptor_superclass::Triterpenoids;acceptor_superclass::Tryptophan alkaloids;acceptor_superclass::Tyrosine alkaloids	0,0,0,0,0,1,0,0,0,0,0,0,0,0,0,0,0,0,0,0,0,0,0	0,0,0,0,1,0,0,1,0,0,1,0,1,0,1,0,1,0,0,0,1,1,1	-1.069721,-0.378022,-0.045903,-0.816344,0.261634,-1.099658,-2.904900,1.424684,-1.374470,-0.422797,0.320030,-1.007820,0.930728,-3.500662,0.261873,-0.098889,0.042522,-0.310049,-2.732094,-0.579753,0.355172,0.739360,0.600159
Stub_COSY_M0ZYT4	Stub_COSY_M0ZYT4		acceptor_superclass::Cyclic polyketides;acceptor_superclass::Diterpenoids;acceptor_superclass::Flavonoids;acceptor_superclass::Steroids;acceptor_superclass::Triterpenoids;acceptor_superclass::Tryptophan alkaloids;acceptor_superclass::Tyrosine alkaloids	0,0,0,0,0,0,0,0,0,0,0,0,0,0,0,0,0,0,0,0,0,0,0	0,1,1,0,0,1,0,0,0,0,0,0,0,0,0,0,0,0,0,1,1,1,1	-3.066996,0.681279,0.125729,-1.890128,-1.893286,0.554558,-0.526684,-10.877057,-1.688364,-1.214473,-0.882543,-0.300240,-1.776843,-1.686412,-0.578825,-0.317878,-0.265865,-3.262431,-0.688235,6.917375,0.409436,0.829969,2.019973
Stub_FHT_NP_001275190.1	Stub_FHT_NP_001275190.1	acceptor_superclass::Fatty Acids and Conjugates;acceptor_superclass::Fatty acyls	acceptor_superclass::Flavonoids;acceptor_superclass::Isoflavonoids;acceptor_superclass::Phenanthrenoids;acceptor_superclass::Phenolic acids (C6-C1);acceptor_superclass::Phenylpropanoids (C6-C3);acceptor_superclass::Small peptides;acceptor_superclass::Steroids;acceptor_superclass::Triterpenoids;acceptor_superclass::Tyrosine alkaloids	0,0,0,1,1,0,0,0,0,0,0,0,0,0,0,0,0,0,0,0,0,0,0	0,0,0,0,0,1,1,0,0,0,0,0,1,1,0,1,0,0,1,1,1,0,1	-0.914848,-2.458288,-2.515724,-1.369319,-1.941267,1.030573,0.200004,-7.101504,-7.877661,-1.178989,-5.139812,-0.824293,1.635480,1.416061,-0.379412,0.738100,-1.820934,-11.755491,3.613035,10.243877,0.654859,-0.752195,3.820465
Taes_ACT1-1_BCN87078.1	Taes_ACT1-1_BCN87078.1	acceptor_superclass::Ornithine alkaloids;acceptor_superclass::Pseudoalkaloids	acceptor_superclass::Fatty acyls;acceptor_superclass::Flavonoids;acceptor_superclass::Isoflavonoids;acceptor_superclass::Phenylethanoids (C6-C2);acceptor_superclass::Saccharides;acceptor_superclass::Triterpenoids;acceptor_superclass::Tyrosine alkaloids	0,0,0,0,0,0,0,0,0,0,0,1,0,0,0,0,1,0,0,0,0,0,0	0,0,0,0,1,1,1,0,0,0,0,0,0,0,1,0,0,1,0,0,1,0,1	-1.223552,-1.155893,-1.363230,-0.399787,0.452750,0.392530,0.042317,-6.763323,-2.628923,-0.924832,-0.842277,-0.583156,-0.519133,-0.655957,0.516156,-1.085702,-0.725378,0.177573,-0.496610,-0.715138,1.111238,-2.176948,1.923651
Taes_ACT1-2_BCN87079.1	Taes_ACT1-2_BCN87079.1	acceptor_superclass::Ornithine alkaloids;acceptor_superclass::Pseudoalkaloids	acceptor_superclass::Coumarins;acceptor_superclass::Phenanthrenoids;acceptor_superclass::Phenylethanoids (C6-C2);acceptor_superclass::Pseudoalkaloids;acceptor_superclass::Tyrosine alkaloids	0,0,0,0,0,0,0,0,0,0,0,1,0,0,0,0,1,0,0,0,0,0,0	1,0,0,0,0,0,0,0,0,0,0,0,1,0,1,0,1,0,0,0,0,0,1	0.384938,-1.502969,-1.792285,-0.250055,-0.179129,-0.405371,-1.035823,-0.856643,-2.512118,-1.287191,-0.669598,-0.192238,2.338910,-0.733834,0.155377,-0.546758,0.074547,-2.527959,-0.473476,-0.662345,-0.078801,-0.336360,1.599538
Taes_ACT2_AMY96376.1	Taes_ACT2_AMY96376.1	acceptor_superclass::Ornithine alkaloids	acceptor_superclass::Flavonoids;acceptor_superclass::Isoflavonoids;acceptor_superclass::Phenanthrenoids;acceptor_superclass::Phenolic acids (C6-C1);acceptor_superclass::Phenylpropanoids (C6-C3);acceptor_superclass::Small peptides;acceptor_superclass::Steroids;acceptor_superclass::Triterpenoids;acceptor_superclass::Tyrosine alkaloids	0,0,0,0,0,0,0,0,0,0,0,1,0,0,0,0,0,0,0,0,0,0,0	0,0,0,0,0,1,1,0,0,0,0,0,1,1,0,1,0,0,1,1,1,0,1	-1.274000,-0.941264,-1.138255,-1.177817,-1.453705,0.643349,0.012419,-6.332305,-4.110071,-0.909101,-2.573111,-0.401151,0.223912,0.188117,-0.342555,0.233603,-0.819389,-6.250129,1.497159,6.682116,0.442369,-0.125074,2.327835
Tant_HQT1_QCI44191.1	Tant_HQT1_QCI44191.1	acceptor_superclass::Phenolic acids (C6-C1)	acceptor_superclass::Fatty Acids and Conjugates;acceptor_superclass::Monoterpenoids;acceptor_superclass::Ornithine alkaloids;acceptor_superclass::Phenolic acids (C6-C1);acceptor_superclass::Phenylpropanoids (C6-C3);acceptor_superclass::Small peptides;acceptor_superclass::Steroids;acceptor_superclass::Tryptophan alkaloids;acceptor_superclass::Tyrosine alkaloids	0,0,0,0,0,0,0,0,0,0,0,0,0,1,0,0,0,0,0,0,0,0,0	0,0,0,1,0,0,0,0,0,1,0,1,0,1,0,1,0,0,1,1,0,1,1	-3.584189,-7.294841,-7.077613,2.907102,-0.616917,-1.390977,-0.538415,-0.588328,-2.291306,0.099155,-0.991243,0.626362,-4.461574,2.928994,-0.071840,1.543697,-0.031477,-6.272792,2.353352,1.174499,-2.532459,0.268700,0.404349
Tant_HQT2_QBQ52948.1	Tant_HQT2_QBQ52948.1	acceptor_superclass::Phenolic acids (C6-C1)	acceptor_superclass::Flavonoids;acceptor_superclass::Isoflavonoids;acceptor_superclass::Phenanthrenoids;acceptor_superclass::Phenolic acids (C6-C1);acceptor_superclass::Phenylpropanoids (C6-C3);acceptor_superclass::Small peptides;acceptor_superclass::Steroids;acceptor_superclass::Triterpenoids;acceptor_superclass::Tyrosine alkaloids	0,0,0,0,0,0,0,0,0,0,0,0,0,1,0,0,0,0,0,0,0,0,0	0,0,0,0,0,1,1,0,0,0,0,0,1,1,0,1,0,0,1,1,1,0,1	-0.738241,-2.161051,-2.278337,-1.255413,-1.737162,0.939306,0.225521,-6.122651,-6.976227,-1.050057,-4.575754,-0.717312,1.496350,1.300998,-0.334070,0.667853,-1.593210,-10.443698,3.225111,9.041909,0.579169,-0.714314,3.367360
Tcan_TAX10_AAM75818.1	Tcan_TAX10_AAM75818.1	acceptor_superclass::Diterpenoids	acceptor_superclass::Cyclic polyketides;acceptor_superclass::Diterpenoids;acceptor_superclass::Flavonoids;acceptor_superclass::Lysine alkaloids;acceptor_superclass::Naphthalenes;acceptor_superclass::Pseudoalkaloids;acceptor_superclass::Saccharides;acceptor_superclass::Steroids;acceptor_superclass::Triterpenoids;acceptor_superclass::Tryptophan alkaloids;acceptor_superclass::Tyrosine alkaloids	0,0,1,0,0,0,0,0,0,0,0,0,0,0,0,0,0,0,0,0,0,0,0	0,1,1,0,0,1,0,0,1,0,1,0,0,0,0,0,1,1,0,1,1,1,1	-5.494811,2.140253,1.551237,-2.505631,-2.562155,0.181509,-1.508130,-16.626268,0.631941,-1.495166,0.696959,-0.264444,-4.459500,-3.639605,-0.945988,-1.069025,0.257109,0.133856,-2.656755,7.127291,0.370020,2.121508,1.879432
Tcus_BAPT_AAL92459.1	Tcus_BAPT_AAL92459.1	acceptor_superclass::Diterpenoids	acceptor_superclass::Cyclic polyketides;acceptor_superclass::Diterpenoids;acceptor_superclass::Lignans;acceptor_superclass::Lysine alkaloids;acceptor_superclass::Monoterpenoids;acceptor_superclass::Naphthalenes;acceptor_superclass::Ornithine alkaloids;acceptor_superclass::Phenylpropanoids (C6-C3);acceptor_superclass::Tryptophan alkaloids	0,0,1,0,0,0,0,0,0,0,0,0,0,0,0,0,0,0,0,0,0,0,0	0,1,1,0,0,0,0,1,1,1,1,1,0,0,0,1,0,0,0,0,0,1,0	-5.970450,4.439085,1.370058,-2.068234,-1.546941,-0.307640,-3.939663,1.436585,0.155478,2.539677,0.705032,0.208151,-3.986464,-4.240448,-1.550165,1.835029,-0.408024,-0.132343,-2.660561,-0.862247,-0.161695,2.597975,-0.726548
Tcus_DBAT_AAF27621.1	Tcus_DBAT_AAF27621.1	acceptor_superclass::Diterpenoids	acceptor_superclass::Cyclic polyketides;acceptor_superclass::Diterpenoids;acceptor_superclass::Lignans;acceptor_superclass::Monoterpenoids;acceptor_superclass::Naphthalenes;acceptor_superclass::Ornithine alkaloids;acceptor_superclass::Phenylpropanoids (C6-C3);acceptor_superclass::Tryptophan alkaloids	0,0,1,0,0,0,0,0,0,0,0,0,0,0,0,0,0,0,0,0,0,0,0	0,1,1,0,0,0,0,1,0,1,1,1,0,0,0,1,0,0,0,0,0,1,0	-6.346222,3.306491,0.302845,-1.588307,-1.811470,-0.407464,-3.866462,1.342853,-0.305856,2.544131,0.649939,0.330305,-4.621449,-3.822586,-1.529647,2.067458,-0.396359,-1.134678,-2.379446,-0.654325,-0.594438,2.670764,-0.626624
Tcus_TBT_AAG38049.1	Tcus_DBBT_AAG38049.1	acceptor_superclass::Diterpenoids	acceptor_superclass::Cyclic polyketides;acceptor_superclass::Diterpenoids;acceptor_superclass::Flavonoids;acceptor_superclass::Lysine alkaloids;acceptor_superclass::Naphthalenes;acceptor_superclass::Pseudoalkaloids;acceptor_superclass::Saccharides;acceptor_superclass::Steroids;acceptor_superclass::Triterpenoids;acceptor_superclass::Tryptophan alkaloids;acceptor_superclass::Tyrosine alkaloids	0,0,1,0,0,0,0,0,0,0,0,0,0,0,0,0,0,0,0,0,0,0,0	0,1,1,0,0,1,0,0,1,0,1,0,0,0,0,0,1,1,0,1,1,1,1	-6.209016,2.562947,1.807133,-2.897252,-2.855999,0.242324,-1.684733,-18.790705,0.930051,-1.711044,0.918056,-0.292460,-5.045722,-4.212502,-1.058289,-1.216643,0.327098,0.298432,-3.218350,7.999024,0.398309,2.385431,2.038847
Tcus_DBNTBT_AAM75818.1	Tcus_DBNTBT_AAM75818.1	acceptor_superclass::Diterpenoids	acceptor_superclass::Cyclic polyketides;acceptor_superclass::Diterpenoids;acceptor_superclass::Flavonoids;acceptor_superclass::Lysine alkaloids;acceptor_superclass::Naphthalenes;acceptor_superclass::Pseudoalkaloids;acceptor_superclass::Saccharides;acceptor_superclass::Steroids;acceptor_superclass::Triterpenoids;acceptor_superclass::Tryptophan alkaloids;acceptor_superclass::Tyrosine alkaloids	0,0,1,0,0,0,0,0,0,0,0,0,0,0,0,0,0,0,0,0,0,0,0	0,1,1,0,0,1,0,0,1,0,1,0,0,0,0,0,1,1,0,1,1,1,1	-5.494811,2.140253,1.551237,-2.505631,-2.562155,0.181509,-1.508130,-16.626268,0.631941,-1.495166,0.696959,-0.264444,-4.459500,-3.639605,-0.945988,-1.069025,0.257109,0.133856,-2.656755,7.127291,0.370020,2.121508,1.879432
Tcus_TAT_AAF34254.1	Tcus_TAT_AAF34254.1	acceptor_superclass::Diterpenoids	acceptor_superclass::Cyclic polyketides;acceptor_superclass::Diterpenoids;acceptor_superclass::Fatty acyls;acceptor_superclass::Lignans;acceptor_superclass::Naphthalenes;acceptor_superclass::Phenanthrenoids;acceptor_superclass::Phenylethanoids (C6-C2);acceptor_superclass::Phenylpropanoids (C6-C3);acceptor_superclass::Pseudoalkaloids;acceptor_superclass::Saccharides;acceptor_superclass::Triterpenoids;acceptor_superclass::Tryptophan alkaloids	0,0,1,0,0,0,0,0,0,0,0,0,0,0,0,0,0,0,0,0,0,0,0	0,1,1,0,1,0,0,1,0,0,1,0,1,0,1,1,1,1,0,0,1,1,0	-1.742896,0.448798,1.416496,-1.569606,0.376587,-0.992890,-3.519804,3.440760,-0.578004,-0.079703,0.654829,-1.205789,0.188947,-5.753517,0.208071,0.183191,0.225041,0.620535,-4.120816,-0.365999,0.002174,0.606580,-0.464857
Tcus_TAX19_AAU89980.1	Tcus_TAX19_AAU89980.1		acceptor_superclass::Coumarins;acceptor_superclass::Diterpenoids;acceptor_superclass::Fatty Acids and Conjugates;acceptor_superclass::Fatty acyls;acceptor_superclass::Lignans;acceptor_superclass::Lysine alkaloids;acceptor_superclass::Monoterpenoids;acceptor_superclass::Phenanthrenoids;acceptor_superclass::Phenylethanoids (C6-C2);acceptor_superclass::Phenylpropanoids (C6-C3);acceptor_superclass::Triterpenoids;acceptor_superclass::Tryptophan alkaloids	0,0,0,0,0,0,0,0,0,0,0,0,0,0,0,0,0,0,0,0,0,0,0	1,0,1,1,1,0,0,1,1,1,0,0,1,0,1,1,0,0,0,0,1,1,0	0.495522,-2.928489,2.230644,0.215473,0.630584,-0.486923,-2.203136,1.050552,0.595205,1.142992,-0.273167,-0.558953,0.323855,-3.352859,0.821422,0.700289,-0.959222,-2.281286,-2.896125,-1.464012,0.206307,0.001077,-0.530301
Tcus_TAT_AAF34254.1	Tcus_TAX1_AAF34254.1		acceptor_superclass::Cyclic polyketides;acceptor_superclass::Diterpenoids;acceptor_superclass::Fatty acyls;acceptor_superclass::Lignans;acceptor_superclass::Naphthalenes;acceptor_superclass::Phenylethanoids (C6-C2);acceptor_superclass::Saccharides;acceptor_superclass::Triterpenoids;acceptor_superclass::Tyrosine alkaloids	0,0,0,0,0,0,0,0,0,0,0,0,0,0,0,0,0,0,0,0,0,0,0	0,1,1,0,1,0,0,1,0,0,1,0,0,0,1,0,0,1,0,0,1,0,1	-4.721631,1.824637,2.705277,-2.489460,1.095155,-0.223849,-0.936966,2.653270,-0.672124,-1.509650,1.275856,-1.993183,-0.243978,-6.022416,2.410810,-1.623982,-0.216822,2.531928,-0.708274,-2.511317,1.500151,-1.796367,0.771190
Tcus_TBT_AAG38049.1	Tcus_TBT_AAG38049.1	acceptor_superclass::Diterpenoids	acceptor_superclass::Cyclic polyketides;acceptor_superclass::Diterpenoids;acceptor_superclass::Lignans;acceptor_superclass::Monoterpenoids;acceptor_superclass::Naphthalenes;acceptor_superclass::Ornithine alkaloids;acceptor_superclass::Phenylpropanoids (C6-C3);acceptor_superclass::Tryptophan alkaloids	0,0,1,0,0,0,0,0,0,0,0,0,0,0,0,0,0,0,0,0,0,0,0	0,1,1,0,0,0,0,1,0,1,1,1,0,0,0,1,0,0,0,0,0,1,0	-6.434374,3.413044,0.449242,-1.621046,-1.711157,-0.390039,-3.984685,1.340237,-0.232044,2.586862,0.637253,0.266419,-4.621210,-3.944840,-1.569376,2.091400,-0.445405,-1.030275,-2.420462,-0.674770,-0.567843,2.653910,-0.691181
Tmed_BAHD22_QDM39185.1	Tmed_BAHD22_QDM39185.1	acceptor_superclass::Diterpenoids	acceptor_superclass::Diterpenoids;acceptor_superclass::Fatty acyls;acceptor_superclass::Lignans;acceptor_superclass::Lysine alkaloids;acceptor_superclass::Monoterpenoids;acceptor_superclass::Naphthalenes;acceptor_superclass::Phenanthrenoids;acceptor_superclass::Phenylethanoids (C6-C2);acceptor_superclass::Phenylpropanoids (C6-C3);acceptor_superclass::Triterpenoids;acceptor_superclass::Tryptophan alkaloids	0,0,1,0,0,0,0,0,0,0,0,0,0,0,0,0,0,0,0,0,0,0,0	0,0,1,0,1,0,0,1,1,1,1,0,1,0,1,1,0,0,0,0,1,1,0	-0.711505,-2.454411,3.339848,-0.326341,0.685561,-0.914101,-2.792441,1.943080,1.789780,1.776593,0.777209,-0.582181,0.241709,-5.400450,0.559910,0.717632,-0.937993,-2.426430,-4.163633,-1.898911,0.205678,0.168714,-1.411071
Tmed_BAHD6-13_BEK82039.1	Tmed_BAHD6-13_BEK82039.1	acceptor_superclass::Diterpenoids	acceptor_superclass::Diterpenoids;acceptor_superclass::Fatty acyls;acceptor_superclass::Lignans;acceptor_superclass::Lysine alkaloids;acceptor_superclass::Monoterpenoids;acceptor_superclass::Naphthalenes;acceptor_superclass::Phenanthrenoids;acceptor_superclass::Phenylethanoids (C6-C2);acceptor_superclass::Phenylpropanoids (C6-C3);acceptor_superclass::Triterpenoids;acceptor_superclass::Tryptophan alkaloids	0,0,1,0,0,0,0,0,0,0,0,0,0,0,0,0,0,0,0,0,0,0,0	0,0,1,0,1,0,0,1,1,1,1,0,1,0,1,1,0,0,0,0,1,1,0	-0.740306,-2.450456,3.354304,-0.231100,0.724874,-1.101921,-2.969744,1.758932,1.631148,1.718164,0.685796,-0.625629,0.032713,-5.057941,0.626501,0.735893,-0.952271,-2.008439,-3.965070,-2.000164,0.318682,0.547191,-1.188879
Tmed_DBAT_QDM39186.1	Tmed_DBAT_QDM39186.1	acceptor_superclass::Diterpenoids	acceptor_superclass::Cyclic polyketides;acceptor_superclass::Diterpenoids;acceptor_superclass::Flavonoids;acceptor_superclass::Lysine alkaloids;acceptor_superclass::Naphthalenes;acceptor_superclass::Pseudoalkaloids;acceptor_superclass::Saccharides;acceptor_superclass::Steroids;acceptor_superclass::Triterpenoids;acceptor_superclass::Tryptophan alkaloids;acceptor_superclass::Tyrosine alkaloids	0,0,1,0,0,0,0,0,0,0,0,0,0,0,0,0,0,0,0,0,0,0,0	0,1,1,0,0,1,0,0,1,0,1,0,0,0,0,0,1,1,0,1,1,1,1	-6.768657,3.047963,2.141638,-3.153093,-3.027949,0.229512,-1.825459,-20.212049,1.602262,-1.842168,1.396269,-0.227345,-5.682675,-4.751129,-1.143420,-1.377845,0.526683,1.151618,-3.843448,8.143740,0.410946,2.658222,1.997179
Tmed_TAT_QDM39184.1	Tmed_TAT_QDM39184.1	acceptor_superclass::Diterpenoids	acceptor_superclass::Cyclic polyketides;acceptor_superclass::Diterpenoids;acceptor_superclass::Fatty acyls;acceptor_superclass::Lignans;acceptor_superclass::Naphthalenes;acceptor_superclass::Phenylethanoids (C6-C2);acceptor_superclass::Saccharides;acceptor_superclass::Triterpenoids;acceptor_superclass::Tyrosine alkaloids	0,0,1,0,0,0,0,0,0,0,0,0,0,0,0,0,0,0,0,0,0,0,0	0,1,1,0,1,0,0,1,0,0,1,0,0,0,1,0,0,1,0,0,1,0,1	-4.355042,1.443461,2.212016,-2.267931,1.063120,-0.175510,-0.872814,1.393848,-0.979640,-1.446353,0.964164,-1.870986,-0.311043,-5.380672,2.202591,-1.591620,-0.332540,2.244534,-0.681267,-2.365046,1.486511,-1.887552,0.958363
Tpra_HST_ACI16630.1	Tpra_HCT1A_ACI16630.1	acceptor_superclass::Phenolic acids (C6-C1)	acceptor_superclass::Fatty Acids and Conjugates;acceptor_superclass::Ornithine alkaloids;acceptor_superclass::Phenolic acids (C6-C1);acceptor_superclass::Phenylethanoids (C6-C2);acceptor_superclass::Phenylpropanoids (C6-C3);acceptor_superclass::Pseudoalkaloids;acceptor_superclass::Small peptides;acceptor_superclass::Steroids;acceptor_superclass::Tyrosine alkaloids	0,0,0,0,0,0,0,0,0,0,0,0,0,1,0,0,0,0,0,0,0,0,0	0,0,0,1,0,0,0,0,0,0,0,1,0,1,1,1,1,0,1,1,0,0,1	-3.648468,-9.489489,-8.856866,3.860229,-0.543959,-1.610834,-0.231363,-0.894794,-2.820318,-0.181426,-1.499858,0.734125,-4.955353,4.099459,0.111852,1.698508,0.015643,-7.767966,3.269252,1.640357,-3.172474,-0.182928,0.614547
Tpra_HMT_ACI16631.1	Tpra_HCT2_ACI16631.1	acceptor_superclass::Fatty Acids and Conjugates	acceptor_superclass::Coumarins;acceptor_superclass::Fatty Acids and Conjugates;acceptor_superclass::Fatty acyls;acceptor_superclass::Flavonoids;acceptor_superclass::Isoflavonoids;acceptor_superclass::Phenanthrenoids;acceptor_superclass::Phenolic acids (C6-C1);acceptor_superclass::Phenylethanoids (C6-C2);acceptor_superclass::Phenylpropanoids (C6-C3);acceptor_superclass::Triterpenoids;acceptor_superclass::Tyrosine alkaloids	0,0,0,1,0,0,0,0,0,0,0,0,0,0,0,0,0,0,0,0,0,0,0	1,0,0,1,1,1,1,0,0,0,0,0,1,1,1,1,0,0,0,0,1,0,1	4.020704,-4.844375,-0.659873,1.402351,0.255430,1.182608,0.032944,-0.746875,-2.300566,-0.501074,-3.235453,-0.806820,1.334689,1.032902,1.812795,0.550317,-1.197336,-3.074833,-0.194295,-0.110865,0.000474,-1.366275,1.497239
Tpra_HDT1_AXB87812.1	Tpra_HDT1_AXB87812.1	acceptor_superclass::Small peptides;acceptor_superclass::Tyrosine alkaloids	acceptor_superclass::Fatty Acids and Conjugates;acceptor_superclass::Fatty acyls;acceptor_superclass::Flavonoids;acceptor_superclass::Isoflavonoids;acceptor_superclass::Phenolic acids (C6-C1);acceptor_superclass::Phenylethanoids (C6-C2);acceptor_superclass::Triterpenoids;acceptor_superclass::Tyrosine alkaloids	0,0,0,0,0,0,0,0,0,0,0,0,0,0,0,0,0,0,1,0,0,0,1	0,0,0,1,1,1,1,0,0,0,0,0,0,1,1,0,0,0,0,0,1,0,1	-0.387582,-2.437800,-2.854173,0.213624,0.389183,0.574494,0.297746,-11.338237,-3.903441,-0.880559,-1.825135,-0.554131,-0.609667,0.852881,0.089134,-1.216949,-1.259450,-0.460030,-0.531056,-0.297395,1.268689,-2.689763,2.751231
Tpra_HDT1_AXB87812.1	Tpra_HDT_AXB87812.1	acceptor_superclass::Small peptides	acceptor_superclass::Fatty Acids and Conjugates;acceptor_superclass::Fatty acyls;acceptor_superclass::Flavonoids;acceptor_superclass::Isoflavonoids;acceptor_superclass::Phenolic acids (C6-C1);acceptor_superclass::Phenylethanoids (C6-C2);acceptor_superclass::Triterpenoids;acceptor_superclass::Tyrosine alkaloids	0,0,0,0,0,0,0,0,0,0,0,0,0,0,0,0,0,0,1,0,0,0,0	0,0,0,1,1,1,1,0,0,0,0,0,0,1,1,0,0,0,0,0,1,0,1	-0.387582,-2.437800,-2.854173,0.213624,0.389183,0.574494,0.297746,-11.338237,-3.903441,-0.880559,-1.825135,-0.554131,-0.609667,0.852881,0.089134,-1.216949,-1.259450,-0.460030,-0.531056,-0.297395,1.268689,-2.689763,2.751231
Tpra_HMT_ACI16631.1	Tpra_HMT_ACI16631.1	acceptor_superclass::Fatty Acids and Conjugates	acceptor_superclass::Coumarins;acceptor_superclass::Fatty Acids and Conjugates;acceptor_superclass::Phenanthrenoids;acceptor_superclass::Phenolic acids (C6-C1);acceptor_superclass::Phenylethanoids (C6-C2);acceptor_superclass::Small peptides;acceptor_superclass::Tyrosine alkaloids	0,0,0,1,0,0,0,0,0,0,0,0,0,0,0,0,0,0,0,0,0,0,0	1,0,0,1,0,0,0,0,0,0,0,0,1,1,1,0,0,0,1,0,0,0,1	1.204054,-2.297880,-3.066139,0.056388,-0.468222,-0.055211,-0.401445,-2.119346,-3.558745,-1.837393,-1.081549,-0.350214,3.541729,0.280163,0.125015,-0.875830,-0.323271,-4.094937,0.512786,-0.616390,-0.068432,-0.948298,2.554710
Tpra_HST_ACI16630.1	Tpra_HST_ACI16630.1	acceptor_superclass::Phenolic acids (C6-C1)	acceptor_superclass::Coumarins;acceptor_superclass::Fatty Acids and Conjugates;acceptor_superclass::Phenanthrenoids;acceptor_superclass::Phenolic acids (C6-C1);acceptor_superclass::Phenylethanoids (C6-C2);acceptor_superclass::Small peptides;acceptor_superclass::Tyrosine alkaloids	0,0,0,0,0,0,0,0,0,0,0,0,0,1,0,0,0,0,0,0,0,0,0	1,0,0,1,0,0,0,0,0,0,0,0,1,1,1,0,0,0,1,0,0,0,1	1.220568,-4.450662,-4.488811,0.910798,-0.274836,-1.350299,-1.591017,-4.076518,-4.850325,-2.418955,-1.883627,-0.561134,4.600049,2.397802,0.489420,-0.912590,-0.680236,-5.592406,1.391096,-1.808161,-0.190336,-1.100771,4.038730
Twal_DBAT_AFD32413.1	Twal_DBAT_AFD32413.1	acceptor_superclass::Diterpenoids	acceptor_superclass::Cyclic polyketides;acceptor_superclass::Diterpenoids;acceptor_superclass::Fatty acyls;acceptor_superclass::Lignans;acceptor_superclass::Naphthalenes;acceptor_superclass::Phenylethanoids (C6-C2);acceptor_superclass::Saccharides;acceptor_superclass::Triterpenoids;acceptor_superclass::Tyrosine alkaloids	0,0,1,0,0,0,0,0,0,0,0,0,0,0,0,0,0,0,0,0,0,0,0	0,1,1,0,1,0,0,1,0,0,1,0,0,0,1,0,0,1,0,0,1,0,1	-5.794237,2.733982,3.744795,-3.177826,1.289319,-0.303757,-1.100641,5.015739,-0.265840,-1.824810,1.835051,-2.333734,-0.240277,-7.680866,3.024038,-1.843865,-0.073911,3.191152,-0.777563,-3.024741,1.713351,-1.911097,0.521415
Vhyb_3MAT1_AAS77402.1	Vhyb_3MAT1_AAS77402.1	acceptor_superclass::Flavonoids;acceptor_superclass::Isoflavonoids;acceptor_superclass::Phenolic acids (C6-C1)	acceptor_superclass::Fatty acyls;acceptor_superclass::Flavonoids;acceptor_superclass::Isoflavonoids;acceptor_superclass::Phenolic acids (C6-C1);acceptor_superclass::Phenylethanoids (C6-C2);acceptor_superclass::Triterpenoids;acceptor_superclass::Tyrosine alkaloids	0,0,0,0,0,1,1,0,0,0,0,0,0,1,0,0,0,0,0,0,0,0,0	0,0,0,0,1,1,1,0,0,0,0,0,0,1,1,0,0,0,0,0,1,0,1	-0.493436,-2.333662,-2.805957,-0.006436,0.513734,0.905211,0.859673,-11.320702,-4.052725,-1.199982,-1.568674,-0.703167,-0.438040,0.092818,0.230205,-1.444542,-1.302568,-0.580609,-0.716819,-0.084332,1.524958,-3.058773,2.891394
Vlab_AMAT_AAW22989.1	Vlab_AMAT_AAW22989.1	acceptor_superclass::Fatty acyls	acceptor_superclass::Fatty acyls;acceptor_superclass::Lignans;acceptor_superclass::Phenanthrenoids;acceptor_superclass::Phenylethanoids (C6-C2);acceptor_superclass::Phenylpropanoids (C6-C3);acceptor_superclass::Tyrosine alkaloids	0,0,0,0,1,0,0,0,0,0,0,0,0,0,0,0,0,0,0,0,0,0,0	0,0,0,0,1,0,0,1,0,0,0,0,1,0,1,1,0,0,0,0,0,0,1	-1.027064,-0.892427,-0.102113,-1.142811,0.163439,-1.168560,-3.279767,1.696691,-1.553152,-0.729844,-0.010127,-1.084131,1.274269,-3.938966,0.298068,0.070819,-0.085266,-1.188786,-2.749315,-0.700076,-0.285647,-0.079955,0.697198
Vvin_3AT_AKF15588.1	Vvin_3AT_AKF15588.1	acceptor_superclass::Flavonoids	acceptor_superclass::Cyclic polyketides;acceptor_superclass::Diterpenoids;acceptor_superclass::Lignans;acceptor_superclass::Monoterpenoids;acceptor_superclass::Naphthalenes;acceptor_superclass::Ornithine alkaloids;acceptor_superclass::Phenylpropanoids (C6-C3);acceptor_superclass::Tryptophan alkaloids	0,0,0,0,0,1,0,0,0,0,0,0,0,0,0,0,0,0,0,0,0,0,0	0,1,1,0,0,0,0,1,0,1,1,1,0,0,0,1,0,0,0,0,0,1,0	-5.725862,3.808216,0.812287,-1.774791,-1.590536,-0.425709,-3.618213,1.259991,-0.076587,2.298752,0.983183,0.267849,-3.811050,-3.856359,-1.443631,1.764050,-0.290970,-0.186509,-2.451154,-0.798422,-0.159570,2.710057,-0.649406
Vvin_AAT2_CBI26419.3	Vvin_AAT2_CBI26419.3	acceptor_superclass::Fatty acyls;acceptor_superclass::Phenylethanoids (C6-C2)	acceptor_superclass::Diterpenoids;acceptor_superclass::Fatty acyls;acceptor_superclass::Phenylethanoids (C6-C2);acceptor_superclass::Saccharides;acceptor_superclass::Triterpenoids;acceptor_superclass::Tyrosine alkaloids	0,0,0,0,1,0,0,0,0,0,0,0,0,0,1,0,0,0,0,0,0,0,0	0,0,1,0,1,0,0,0,0,0,0,0,0,0,1,0,0,1,0,0,1,0,1	-3.366172,-0.367207,0.113673,-1.366891,0.962598,-0.012956,-0.891733,-4.831802,-2.550306,-1.290799,-0.297453,-1.732582,-0.602659,-3.061076,1.475006,-1.675461,-0.918680,1.462371,-0.733341,-2.044113,1.632979,-2.492599,2.109687
Vvin_SHT_QNO39112.1	Vvin_SHT_QNO39112.1	acceptor_superclass::Ornithine alkaloids	acceptor_superclass::Coumarins;acceptor_superclass::Fatty Acids and Conjugates;acceptor_superclass::Phenanthrenoids;acceptor_superclass::Phenolic acids (C6-C1);acceptor_superclass::Phenylethanoids (C6-C2);acceptor_superclass::Small peptides;acceptor_superclass::Tyrosine alkaloids	0,0,0,0,0,0,0,0,0,0,0,1,0,0,0,0,0,0,0,0,0,0,0	1,0,0,1,0,0,0,0,0,0,0,0,1,1,1,0,0,0,1,0,0,0,1	1.324014,-3.238219,-3.843610,0.400699,-0.348808,-0.494113,-0.765805,-3.080766,-4.478199,-2.220112,-1.494605,-0.479634,4.279784,1.075648,0.252086,-1.013732,-0.526975,-5.056549,0.851372,-1.103706,-0.079771,-1.182621,3.309412
Wlon_BAT1_NA	Wlon_BAT1_NA	acceptor_superclass::Monoterpenoids	acceptor_superclass::Coumarins;acceptor_superclass::Diterpenoids;acceptor_superclass::Fatty Acids and Conjugates;acceptor_superclass::Fatty acyls;acceptor_superclass::Lignans;acceptor_superclass::Lysine alkaloids;acceptor_superclass::Monoterpenoids;acceptor_superclass::Phenanthrenoids;acceptor_superclass::Phenylethanoids (C6-C2);acceptor_superclass::Phenylpropanoids (C6-C3);acceptor_superclass::Triterpenoids;acceptor_superclass::Tryptophan alkaloids	0,0,0,0,0,0,0,0,0,1,0,0,0,0,0,0,0,0,0,0,0,0,0	1,0,1,1,1,0,0,1,1,1,0,0,1,0,1,1,0,0,0,0,1,1,0	0.388399,-2.642367,2.137705,0.243683,0.533968,-0.454147,-1.920911,0.992385,0.576734,1.098156,-0.118638,-0.486743,0.320543,-3.314487,0.770093,0.604274,-0.845994,-2.011879,-2.821652,-1.332192,0.265470,0.194298,-0.503938
Wlon_BAT2_NA	Wlon_BAT2_NA	acceptor_superclass::Monoterpenoids	acceptor_superclass::Cyclic polyketides;acceptor_superclass::Diterpenoids;acceptor_superclass::Fatty acyls;acceptor_superclass::Lignans;acceptor_superclass::Naphthalenes;acceptor_superclass::Phenylethanoids (C6-C2);acceptor_superclass::Saccharides;acceptor_superclass::Triterpenoids;acceptor_superclass::Tyrosine alkaloids	0,0,0,0,0,0,0,0,0,1,0,0,0,0,0,0,0,0,0,0,0,0,0	0,1,1,0,1,0,0,1,0,0,1,0,0,0,1,0,0,1,0,0,1,0,1	-4.066762,1.312448,2.136521,-1.920247,0.826902,-0.333880,-1.061551,1.273635,-0.851317,-1.120663,0.952859,-1.800375,-0.252547,-4.794614,1.977080,-1.348755,-0.270942,2.407211,-0.575694,-2.320473,1.423715,-1.299708,0.928314
Wlon_BAT3_NA	Wlon_BAT3_NA	acceptor_superclass::Monoterpenoids	acceptor_superclass::Coumarins;acceptor_superclass::Diterpenoids;acceptor_superclass::Fatty Acids and Conjugates;acceptor_superclass::Fatty acyls;acceptor_superclass::Lignans;acceptor_superclass::Lysine alkaloids;acceptor_superclass::Monoterpenoids;acceptor_superclass::Phenanthrenoids;acceptor_superclass::Phenylethanoids (C6-C2);acceptor_superclass::Phenylpropanoids (C6-C3);acceptor_superclass::Triterpenoids;acceptor_superclass::Tryptophan alkaloids	0,0,0,0,0,0,0,0,0,1,0,0,0,0,0,0,0,0,0,0,0,0,0	1,0,1,1,1,0,0,1,1,1,0,0,1,0,1,1,0,0,0,0,1,1,0	0.210817,-2.499558,2.196046,0.168705,0.593652,-0.568835,-2.159564,1.019453,0.697474,1.207888,-0.162300,-0.435253,0.212666,-3.310454,0.750513,0.683610,-0.806185,-1.928560,-2.771073,-1.421964,0.193426,0.157727,-0.596072
Wvil_BAT1_WvBAHD8	Wvil_BAT1_WvBAHD8	acceptor_superclass::Monoterpenoids	acceptor_superclass::Fatty Acids and Conjugates;acceptor_superclass::Lignans;acceptor_superclass::Monoterpenoids;acceptor_superclass::Ornithine alkaloids;acceptor_superclass::Phenylpropanoids (C6-C3);acceptor_superclass::Steroids;acceptor_superclass::Tryptophan alkaloids	0,0,0,0,0,0,0,0,0,1,0,0,0,0,0,0,0,0,0,0,0,0,0	0,0,0,1,0,0,0,1,0,1,0,1,0,0,0,1,0,0,0,1,0,1,0	-5.155467,-2.066299,-3.279452,0.721994,-1.069937,-1.117594,-2.587518,0.413273,-1.098025,1.389248,-0.202250,0.310675,-4.586886,-0.494712,-0.817343,1.899549,-0.385236,-3.692724,-0.004556,0.187900,-1.623334,1.421937,-0.105269
Wvil_BAT2_WvBAHD14	Wvil_BAT2_WvBAHD14	acceptor_superclass::Monoterpenoids	acceptor_superclass::Cyclic polyketides;acceptor_superclass::Diterpenoids;acceptor_superclass::Fatty acyls;acceptor_superclass::Lignans;acceptor_superclass::Lysine alkaloids;acceptor_superclass::Naphthalenes;acceptor_superclass::Phenylethanoids (C6-C2);acceptor_superclass::Pseudoalkaloids;acceptor_superclass::Saccharides;acceptor_superclass::Triterpenoids;acceptor_superclass::Tyrosine alkaloids	0,0,0,0,0,0,0,0,0,1,0,0,0,0,0,0,0,0,0,0,0,0,0	0,1,1,0,1,0,0,1,1,0,1,0,0,0,1,0,1,1,0,0,1,0,1	-5.507231,2.998964,3.811763,-3.144904,1.254944,-0.187336,-0.803846,5.871570,0.080226,-1.821681,1.958858,-2.172627,-0.082989,-7.840344,3.015391,-1.723748,0.020071,2.908951,-0.776155,-2.669899,1.499264,-1.880187,0.215037
Wvil_BAT3_WvBAHD39	Wvil_BAT3_WvBAHD39	acceptor_superclass::Monoterpenoids	acceptor_superclass::Diterpenoids;acceptor_superclass::Fatty acyls;acceptor_superclass::Lignans;acceptor_superclass::Naphthalenes;acceptor_superclass::Phenanthrenoids;acceptor_superclass::Phenylethanoids (C6-C2);acceptor_superclass::Phenylpropanoids (C6-C3);acceptor_superclass::Pseudoalkaloids;acceptor_superclass::Saccharides;acceptor_superclass::Triterpenoids;acceptor_superclass::Tryptophan alkaloids;acceptor_superclass::Tyrosine alkaloids	0,0,0,0,0,0,0,0,0,1,0,0,0,0,0,0,0,0,0,0,0,0,0	0,0,1,0,1,0,0,1,0,0,1,0,1,0,1,1,1,1,0,0,1,1,1	-1.671574,-0.142465,0.786813,-0.965072,0.389797,-1.335676,-3.494618,2.373721,-0.913316,-0.108645,0.399649,-1.247386,0.388394,-4.359319,0.365760,0.080546,0.047738,0.601241,-3.581132,-0.699100,0.319847,0.845367,0.042764
Wvil_BAT4_WvBAHD40	Wvil_BAT4_WvBAHD40	acceptor_superclass::Monoterpenoids	acceptor_superclass::Cyclic polyketides;acceptor_superclass::Diterpenoids;acceptor_superclass::Flavonoids;acceptor_superclass::Lysine alkaloids;acceptor_superclass::Naphthalenes;acceptor_superclass::Pseudoalkaloids;acceptor_superclass::Steroids;acceptor_superclass::Triterpenoids;acceptor_superclass::Tryptophan alkaloids;acceptor_superclass::Tyrosine alkaloids	0,0,0,0,0,0,0,0,0,1,0,0,0,0,0,0,0,0,0,0,0,0,0	0,1,1,0,0,1,0,0,1,0,1,0,0,0,0,0,1,0,0,1,1,1,1	-5.016340,1.916005,1.328125,-2.332754,-2.384810,0.211734,-1.372202,-15.346349,0.356023,-1.395904,0.441816,-0.254715,-3.993133,-3.276935,-0.843015,-0.944673,0.186093,-0.230723,-2.328019,6.815514,0.359682,1.884010,1.803944
Wvil_BAT5_WvBAHD50	Wvil_BAT5_WvBAHD50	acceptor_superclass::Monoterpenoids	acceptor_superclass::Cyclic polyketides;acceptor_superclass::Diterpenoids;acceptor_superclass::Flavonoids;acceptor_superclass::Lysine alkaloids;acceptor_superclass::Naphthalenes;acceptor_superclass::Pseudoalkaloids;acceptor_superclass::Steroids;acceptor_superclass::Triterpenoids;acceptor_superclass::Tryptophan alkaloids;acceptor_superclass::Tyrosine alkaloids	0,0,0,0,0,0,0,0,0,1,0,0,0,0,0,0,0,0,0,0,0,0,0	0,1,1,0,0,1,0,0,1,0,1,0,0,0,0,0,1,0,0,1,1,1,1	-4.609768,1.754255,1.125926,-2.309168,-2.274315,0.341257,-1.136377,-14.506872,0.086320,-1.403140,0.271813,-0.231638,-3.542946,-3.033970,-0.781556,-0.816217,0.157498,-0.757971,-2.151853,6.870531,0.349827,1.644089,1.805007
Wvil_BAT6_WvBAHD28	Wvil_BAT6_WvBAHD28	acceptor_superclass::Monoterpenoids	acceptor_superclass::Fatty Acids and Conjugates;acceptor_superclass::Ornithine alkaloids;acceptor_superclass::Phenolic acids (C6-C1);acceptor_superclass::Phenylethanoids (C6-C2);acceptor_superclass::Phenylpropanoids (C6-C3);acceptor_superclass::Small peptides;acceptor_superclass::Steroids;acceptor_superclass::Tyrosine alkaloids	0,0,0,0,0,0,0,0,0,1,0,0,0,0,0,0,0,0,0,0,0,0,0	0,0,0,1,0,0,0,0,0,0,0,1,0,1,1,1,0,0,1,1,0,0,1	-3.345486,-9.643503,-8.804165,3.965737,-0.552994,-1.567144,-0.005693,-0.956756,-2.872166,-0.317179,-1.349898,0.665699,-4.723234,4.141579,0.199042,1.588275,-0.019944,-7.544034,3.312705,1.700471,-3.085350,-0.090188,0.596187
Zmay_AAT1_ONM11762.1	Zmay_AAT1_ONM11762.1	acceptor_superclass::Flavonoids	acceptor_superclass::Cyclic polyketides;acceptor_superclass::Flavonoids;acceptor_superclass::Lignans;acceptor_superclass::Monoterpenoids;acceptor_superclass::Naphthalenes;acceptor_superclass::Ornithine alkaloids;acceptor_superclass::Phenylpropanoids (C6-C3);acceptor_superclass::Pseudoalkaloids;acceptor_superclass::Steroids;acceptor_superclass::Tryptophan alkaloids	0,0,0,0,0,1,0,0,0,0,0,0,0,0,0,0,0,0,0,0,0,0,0	0,1,0,0,0,1,0,1,0,1,1,1,0,0,0,1,1,0,0,1,0,1,0	-5.116470,1.796356,-1.327740,-0.896508,-2.038717,0.490075,-1.954875,0.959260,-1.307901,1.698863,0.629917,0.615167,-4.091625,-2.828935,-1.338445,1.654441,0.103787,-2.006171,-1.802832,0.335679,-0.840619,2.095307,-0.445680
Zmay_CAT_ACF87722.1	Zmay_CAT_ACF87722.1		acceptor_superclass::Cyclic polyketides;acceptor_superclass::Diterpenoids;acceptor_superclass::Fatty acyls;acceptor_superclass::Lignans;acceptor_superclass::Naphthalenes;acceptor_superclass::Phenanthrenoids;acceptor_superclass::Phenylethanoids (C6-C2);acceptor_superclass::Phenylpropanoids (C6-C3);acceptor_superclass::Pseudoalkaloids;acceptor_superclass::Saccharides;acceptor_superclass::Triterpenoids;acceptor_superclass::Tryptophan alkaloids	0,0,0,0,0,0,0,0,0,0,0,0,0,0,0,0,0,0,0,0,0,0,0	0,1,1,0,1,0,0,1,0,0,1,0,1,0,1,1,1,1,0,0,1,1,0	-1.445277,0.546538,1.067711,-1.282365,0.346695,-0.702387,-2.863877,2.878249,-0.676163,-0.064770,0.493393,-0.965422,0.261019,-5.022323,0.154415,0.070859,0.280329,0.608513,-3.636993,-0.238377,0.108449,0.656055,-0.380837
Zmay_FMT_AQK78565.1	Zmay_FMT_AQK78565.1	acceptor_superclass::Phenylpropanoids (C6-C3)	acceptor_superclass::Cyclic polyketides;acceptor_superclass::Diterpenoids;acceptor_superclass::Fatty acyls;acceptor_superclass::Lignans;acceptor_superclass::Naphthalenes;acceptor_superclass::Phenanthrenoids;acceptor_superclass::Phenylethanoids (C6-C2);acceptor_superclass::Pseudoalkaloids;acceptor_superclass::Tryptophan alkaloids	0,0,0,0,0,0,0,0,0,0,0,0,0,0,0,1,0,0,0,0,0,0,0	0,1,1,0,1,0,0,1,0,0,1,0,1,0,1,0,1,0,0,0,0,1,0	-0.914712,0.469325,0.649652,-1.321443,0.157623,-0.282967,-2.172925,2.384992,-0.895630,-0.303896,0.397587,-0.788034,0.675831,-4.569401,0.051068,-0.052891,0.228634,-0.184288,-2.974793,-0.030622,-0.021543,0.263620,-0.171375
