fasta_id	enzyme_id	embedding_path	true_labels	predicted_labels	true_vector	pred_vector	score_vector
Aagr_HCT6_QPI70575.1	Aagr_HCT6_QPI70575.1	/content/drive/MyDrive/CS_5782_Final_Project/code_and_data/BAHD_lastLayer_embeddings/Aagr_HCT6_QPI70575.1_hidden_layer_steps10.pt	acceptor_superclass::Phenolic acids (C6-C1);acceptor_superclass::Small peptides	acceptor_superclass::Fatty Acids and Conjugates;acceptor_superclass::Ornithine alkaloids;acceptor_superclass::Phenolic acids (C6-C1);acceptor_superclass::Phenylethanoids (C6-C2);acceptor_superclass::Pseudoalkaloids;acceptor_superclass::Small peptides;acceptor_superclass::Tyrosine alkaloids	0,0,0,0,0,0,0,0,0,0,0,0,0,1,0,0,0,0,1,0,0,0,0	0,0,0,1,0,0,0,0,0,0,0,1,0,1,1,0,1,0,1,0,0,0,1	-0.448995,-2.613306,-4.090785,0.007014,-1.034252,-1.728037,-2.577609,-0.228988,-1.664086,-1.611196,-5.206728,1.818749,-0.262107,4.118031,1.006320,-0.554839,0.748740,-4.382557,3.489206,-1.400613,-3.707363,-0.128371,1.419460
Aagr_HFT-like_Aagr000038l.49.1	Aagr_HFT-like_Aagr000038l.49.1	/content/drive/MyDrive/CS_5782_Final_Project/code_and_data/BAHD_lastLayer_embeddings/Aagr_HFT-like_Aagr000038l.49.1_hidden_layer_steps10.pt	acceptor_superclass::Fatty Acids and Conjugates	acceptor_superclass::Lysine alkaloids;acceptor_superclass::Phenylethanoids (C6-C2);acceptor_superclass::Pseudoalkaloids;acceptor_superclass::Small peptides;acceptor_superclass::Triterpenoids	0,0,0,1,0,0,0,0,0,0,0,0,0,0,0,0,0,0,0,0,0,0,0	0,0,0,0,0,0,0,0,1,0,0,0,0,0,1,0,1,0,1,0,1,0,0	-0.955306,-2.382850,-1.646397,-0.030509,-0.135212,-1.705836,-2.981150,-0.649770,0.416372,-1.252937,-4.687444,-0.024877,-2.024548,-0.357433,0.623788,-0.835915,0.628323,-0.368722,0.868270,-1.092821,0.088961,-1.053759,-1.279990
Abel_TS_WPF47615.1	Abel_TS_WPF47615.1	/content/drive/MyDrive/CS_5782_Final_Project/code_and_data/BAHD_lastLayer_embeddings/Abel_TS_WPF47615.1_hidden_layer_steps10.pt		acceptor_superclass::Diterpenoids;acceptor_superclass::Naphthalenes;acceptor_superclass::Triterpenoids;acceptor_superclass::Tryptophan alkaloids	0,0,0,0,0,0,0,0,0,0,0,0,0,0,0,0,0,0,0,0,0,0,0	0,0,1,0,0,0,0,0,0,0,1,0,0,0,0,0,0,0,0,0,1,1,0	-3.001506,-1.650412,0.439846,-2.610770,-2.555936,-1.623744,-4.063709,-4.563769,-2.445196,-1.441359,2.035352,-0.849590,-3.310126,-7.674135,-1.815077,-1.308157,-0.744039,-0.500652,-4.382848,-2.255517,0.610535,1.302296,-0.183154
Achi_AT16_PSS01274.1	Achi_AT16_PSS01274.1	/content/drive/MyDrive/CS_5782_Final_Project/code_and_data/BAHD_lastLayer_embeddings/Achi_AT16_PSS01274.1_hidden_layer_steps10.pt	acceptor_superclass::Fatty acyls	acceptor_superclass::Diterpenoids;acceptor_superclass::Fatty acyls;acceptor_superclass::Lignans;acceptor_superclass::Lysine alkaloids;acceptor_superclass::Monoterpenoids;acceptor_superclass::Phenylethanoids (C6-C2);acceptor_superclass::Phenylpropanoids (C6-C3);acceptor_superclass::Pseudoalkaloids;acceptor_superclass::Saccharides	0,0,0,0,1,0,0,0,0,0,0,0,0,0,0,0,0,0,0,0,0,0,0	0,0,1,0,1,0,0,1,1,1,0,0,0,0,1,1,1,1,0,0,0,0,0	-0.877082,-0.684754,0.064380,-0.429874,2.091457,-1.914490,-4.272990,0.120807,2.045933,0.309557,-3.119062,-1.009591,-2.053934,-1.980179,1.037848,0.429902,0.083107,0.185074,-0.626631,-2.214861,-0.706097,-0.738749,-1.363742
Achi_FHT_PSR89440.1	Achi_FHT_PSR89440.1	/content/drive/MyDrive/CS_5782_Final_Project/code_and_data/BAHD_lastLayer_embeddings/Achi_FHT_PSR89440.1_hidden_layer_steps10.pt	acceptor_superclass::Fatty Acids and Conjugates;acceptor_superclass::Fatty acyls	acceptor_superclass::Fatty Acids and Conjugates;acceptor_superclass::Fatty acyls;acceptor_superclass::Tyrosine alkaloids	0,0,0,1,1,0,0,0,0,0,0,0,0,0,0,0,0,0,0,0,0,0,0	0,0,0,1,1,0,0,0,0,0,0,0,0,0,0,0,0,0,0,0,0,0,1	-8.686206,-5.827382,-3.274850,2.882573,1.291891,-4.907139,-8.478848,-3.207378,-2.971717,-1.143263,-10.332114,-2.994886,-6.028633,-3.909742,-0.808004,-0.414583,-3.633173,-4.790141,-0.090060,-7.027229,-1.550609,-5.436155,0.127202
Aeri_AT9_AIC83789.1	Aeri_AT9_AIC83789.1	/content/drive/MyDrive/CS_5782_Final_Project/code_and_data/BAHD_lastLayer_embeddings/Aeri_AT9_AIC83789.1_hidden_layer_steps10.pt	acceptor_superclass::Fatty acyls	acceptor_superclass::Phenylpropanoids (C6-C3)	0,0,0,0,1,0,0,0,0,0,0,0,0,0,0,0,0,0,0,0,0,0,0	0,0,0,0,0,0,0,0,0,0,0,0,0,0,0,1,0,0,0,0,0,0,0	-5.991944,-3.859630,-5.585993,-4.133093,-2.216417,-3.644189,-4.303580,-2.503571,-3.761055,-0.118248,-4.769570,-0.432109,-5.285492,-5.062598,-0.161262,1.004920,-0.126593,-4.221182,-4.300848,-4.467672,-3.947582,-3.217224,-1.243648
Aeuc_AAT1_BDW80083.1	Aeuc_AAT1_BDW80083.1	/content/drive/MyDrive/CS_5782_Final_Project/code_and_data/BAHD_lastLayer_embeddings/Aeuc_AAT1_BDW80083.1_hidden_layer_steps10.pt	acceptor_superclass::Naphthalenes	acceptor_superclass::Naphthalenes;acceptor_superclass::Phenylpropanoids (C6-C3);acceptor_superclass::Tryptophan alkaloids;acceptor_superclass::Tyrosine alkaloids	0,0,0,0,0,0,0,0,0,0,1,0,0,0,0,0,0,0,0,0,0,0,0	0,0,0,0,0,0,0,0,0,0,1,0,0,0,0,1,0,0,0,0,0,1,1	-5.979526,-1.863486,-1.787435,-6.845838,-4.446673,-4.528939,-3.278771,-2.354351,-4.441080,-0.736326,2.066126,-3.137889,-3.037942,-8.757167,-1.244603,0.311777,-2.073647,-0.990370,-3.528553,-4.236140,-1.050248,0.538931,1.038664
Aeuc_AAT2_BDW80089.1	Aeuc_AAT2_BDW80089.1	/content/drive/MyDrive/CS_5782_Final_Project/code_and_data/BAHD_lastLayer_embeddings/Aeuc_AAT2_BDW80089.1_hidden_layer_steps10.pt	acceptor_superclass::Naphthalenes	acceptor_superclass::Cyclic polyketides;acceptor_superclass::Naphthalenes;acceptor_superclass::Phenylethanoids (C6-C2);acceptor_superclass::Saccharides;acceptor_superclass::Triterpenoids	0,0,0,0,0,0,0,0,0,0,1,0,0,0,0,0,0,0,0,0,0,0,0	0,1,0,0,0,0,0,0,0,0,1,0,0,0,1,0,0,1,0,0,1,0,0	-0.200042,0.242244,-0.038134,-2.136020,-0.177720,-0.503181,-0.902276,-0.759794,-0.209174,-0.279264,0.854823,-0.518567,-0.821844,-3.145238,0.565029,-1.175890,-0.166046,0.399226,-1.454853,-0.093704,0.802666,-0.430964,-1.146325
Aeuc_SAT2_BDW80080.1	Aeuc_SAT2_BDW80080.1	/content/drive/MyDrive/CS_5782_Final_Project/code_and_data/BAHD_lastLayer_embeddings/Aeuc_SAT2_BDW80080.1_hidden_layer_steps10.pt	acceptor_superclass::Naphthalenes	acceptor_superclass::Isoflavonoids;acceptor_superclass::Naphthalenes	0,0,0,0,0,0,0,0,0,0,1,0,0,0,0,0,0,0,0,0,0,0,0	0,0,0,0,0,0,1,0,0,0,1,0,0,0,0,0,0,0,0,0,0,0,0	-7.409325,-4.497652,-2.962929,-13.842730,-9.964694,-4.857909,0.488409,-2.760000,-9.090881,-6.805381,8.171011,-5.137509,-2.126426,-12.086485,-5.980652,-4.095090,-0.711517,-1.617122,-7.975310,-5.138550,-1.563807,-0.113404,-2.022184
Amem_AT7-3_WMQ79387.1	Amem_AT7-3_WMQ79387.1	/content/drive/MyDrive/CS_5782_Final_Project/code_and_data/BAHD_lastLayer_embeddings/Amem_AT7-3_WMQ79387.1_hidden_layer_steps10.pt	acceptor_superclass::Triterpenoids	acceptor_superclass::Coumarins;acceptor_superclass::Diterpenoids;acceptor_superclass::Ornithine alkaloids;acceptor_superclass::Phenanthrenoids;acceptor_superclass::Phenylethanoids (C6-C2);acceptor_superclass::Tryptophan alkaloids;acceptor_superclass::Tyrosine alkaloids	0,0,0,0,0,0,0,0,0,0,0,0,0,0,0,0,0,0,0,0,1,0,0	1,0,1,0,0,0,0,0,0,0,0,1,1,0,1,0,0,0,0,0,0,1,1	0.472476,-1.000870,0.210384,-2.424726,-1.364162,-1.339309,-0.551106,-2.316625,-3.222848,-1.864499,-1.365008,0.701125,0.744590,-0.851366,0.618763,-2.066567,-0.930422,-2.360718,-0.123775,-0.059915,-0.141026,1.247885,0.757422
Arac_HPT1_QAA12830.1	Arac_HPT1_QAA12830.1	/content/drive/MyDrive/CS_5782_Final_Project/code_and_data/BAHD_lastLayer_embeddings/Arac_HPT1_QAA12830.1_hidden_layer_steps10.pt	acceptor_superclass::Phenylpropanoids (C6-C3)	acceptor_superclass::Tyrosine alkaloids	0,0,0,0,0,0,0,0,0,0,0,0,0,0,0,1,0,0,0,0,0,0,0	0,0,0,0,0,0,0,0,0,0,0,0,0,0,0,0,0,0,0,0,0,0,1	-3.781205,-4.921811,-3.536662,-0.139549,-2.115011,-1.905323,-5.749188,-3.303803,-3.309927,-1.496099,-5.143601,-0.102000,-4.051167,-1.102331,-0.547232,-1.561944,-0.668149,-4.640752,-0.964306,-3.201668,-0.215552,-3.304214,0.493453
Asat_HCBT_BAC78635.1	Asat_HCBT_BAC78635.1	/content/drive/MyDrive/CS_5782_Final_Project/code_and_data/BAHD_lastLayer_embeddings/Asat_HCBT_BAC78635.1_hidden_layer_steps10.pt	acceptor_superclass::Small peptides	acceptor_superclass::Phenolic acids (C6-C1);acceptor_superclass::Phenylpropanoids (C6-C3);acceptor_superclass::Small peptides;acceptor_superclass::Tyrosine alkaloids	0,0,0,0,0,0,0,0,0,0,0,0,0,0,0,0,0,0,1,0,0,0,0	0,0,0,0,0,0,0,0,0,0,0,0,0,1,0,1,0,0,1,0,0,0,1	-9.009880,-6.118620,-12.081495,-4.306448,-4.346326,-2.369316,-4.624415,-3.486857,-4.812152,-2.256878,-13.495808,-2.364182,-7.511858,6.461533,-3.313447,0.921024,-2.480727,-7.053526,0.209484,-5.001551,-1.264666,-6.658381,0.263155
Asat_HHT1_BAC78633.1	Asat_HHT1_BAC78633.1	/content/drive/MyDrive/CS_5782_Final_Project/code_and_data/BAHD_lastLayer_embeddings/Asat_HHT1_BAC78633.1_hidden_layer_steps10.pt	acceptor_superclass::Phenolic acids (C6-C1)	acceptor_superclass::Fatty Acids and Conjugates;acceptor_superclass::Lignans;acceptor_superclass::Ornithine alkaloids;acceptor_superclass::Phenolic acids (C6-C1);acceptor_superclass::Phenylethanoids (C6-C2);acceptor_superclass::Phenylpropanoids (C6-C3);acceptor_superclass::Pseudoalkaloids;acceptor_superclass::Small peptides;acceptor_superclass::Tryptophan alkaloids;acceptor_superclass::Tyrosine alkaloids	0,0,0,0,0,0,0,0,0,0,0,0,0,1,0,0,0,0,0,0,0,0,0	0,0,0,1,0,0,0,1,0,0,0,1,0,1,1,1,1,0,1,0,0,1,1	-1.320865,-2.566944,-4.552766,0.089712,-0.861813,-2.230644,-3.479364,0.424831,-0.772139,-1.182211,-6.115358,1.690914,-1.123371,4.120210,1.150439,0.071511,0.850582,-3.994564,3.678705,-1.688386,-3.960021,0.158173,1.466163
Asat_HHT4_QDC27803.1	Asat_HHT4_QDC27803.1	/content/drive/MyDrive/CS_5782_Final_Project/code_and_data/BAHD_lastLayer_embeddings/Asat_HHT4_QDC27803.1_hidden_layer_steps10.pt	acceptor_superclass::Phenolic acids (C6-C1)	acceptor_superclass::Phenolic acids (C6-C1);acceptor_superclass::Phenylpropanoids (C6-C3);acceptor_superclass::Small peptides;acceptor_superclass::Tyrosine alkaloids	0,0,0,0,0,0,0,0,0,0,0,0,0,1,0,0,0,0,0,0,0,0,0	0,0,0,0,0,0,0,0,0,0,0,0,0,1,0,1,0,0,1,0,0,0,1	-8.706946,-7.220976,-12.488785,-2.403458,-4.529748,-2.779451,-4.623815,-2.000815,-4.792824,-2.022762,-12.014812,-4.780016,-8.221896,5.926454,-2.739750,1.653255,-4.397029,-6.977076,0.757528,-5.499281,-1.573052,-6.291207,1.736763
Asch_AKS1_URS65387.1	Asch_AKS1_URS65387.1	/content/drive/MyDrive/CS_5782_Final_Project/code_and_data/BAHD_lastLayer_embeddings/Asch_AKS1_URS65387.1_hidden_layer_steps10.pt	acceptor_superclass::Tryptophan alkaloids	acceptor_superclass::Cyclic polyketides;acceptor_superclass::Diterpenoids;acceptor_superclass::Fatty acyls;acceptor_superclass::Phenylethanoids (C6-C2);acceptor_superclass::Saccharides;acceptor_superclass::Triterpenoids;acceptor_superclass::Tryptophan alkaloids;acceptor_superclass::Tyrosine alkaloids	0,0,0,0,0,0,0,0,0,0,0,0,0,0,0,0,0,0,0,0,0,1,0	0,1,1,0,1,0,0,0,0,0,0,0,0,0,1,0,0,1,0,0,1,1,1	-1.295033,0.710039,0.651477,-2.503270,0.459201,-2.258681,-2.231148,-0.714889,-1.514830,-0.402607,-0.884662,-1.067335,-1.140109,-3.082939,1.271626,-0.782296,-2.096668,0.992040,-0.991301,-0.895365,0.357562,1.482978,0.242107
Asch_AKS2_URS65388.1	Asch_AKS2_URS65388.1	/content/drive/MyDrive/CS_5782_Final_Project/code_and_data/BAHD_lastLayer_embeddings/Asch_AKS2_URS65388.1_hidden_layer_steps10.pt	acceptor_superclass::Tryptophan alkaloids	acceptor_superclass::Cyclic polyketides;acceptor_superclass::Diterpenoids;acceptor_superclass::Fatty acyls;acceptor_superclass::Lysine alkaloids;acceptor_superclass::Phenylethanoids (C6-C2);acceptor_superclass::Saccharides;acceptor_superclass::Triterpenoids	0,0,0,0,0,0,0,0,0,0,0,0,0,0,0,0,0,0,0,0,0,1,0	0,1,1,0,1,0,0,0,1,0,0,0,0,0,1,0,0,1,0,0,1,0,0	-0.757503,0.186959,0.238226,-1.558776,0.475202,-1.095480,-1.828176,-0.348456,0.378518,-0.103349,-0.399593,-0.677692,-1.409932,-2.760250,0.727018,-0.911608,-0.371918,0.323829,-1.179906,-0.633166,0.727206,-0.302695,-1.232362
Asin_FMT_AHL24755.1	Asin_FMT_AHL24755.1	/content/drive/MyDrive/CS_5782_Final_Project/code_and_data/BAHD_lastLayer_embeddings/Asin_FMT_AHL24755.1_hidden_layer_steps10.pt	acceptor_superclass::Phenylpropanoids (C6-C3)	acceptor_superclass::Cyclic polyketides;acceptor_superclass::Diterpenoids;acceptor_superclass::Fatty acyls;acceptor_superclass::Naphthalenes;acceptor_superclass::Phenylethanoids (C6-C2);acceptor_superclass::Saccharides;acceptor_superclass::Triterpenoids;acceptor_superclass::Tryptophan alkaloids	0,0,0,0,0,0,0,0,0,0,0,0,0,0,0,1,0,0,0,0,0,0,0	0,1,1,0,1,0,0,0,0,0,1,0,0,0,1,0,0,1,0,0,1,1,0	-0.634195,1.089222,0.605585,-2.180969,0.269214,-1.327421,-1.031776,-0.705602,-1.877824,-0.532709,0.240546,-1.100331,-0.484320,-3.283841,0.965190,-0.867025,-2.112386,1.063005,-1.126343,-0.656183,0.693942,1.084781,-0.045242
Atha_3AT1_AEE27636.1	Atha_3AT1_AEE27636.1	/content/drive/MyDrive/CS_5782_Final_Project/code_and_data/BAHD_lastLayer_embeddings/Atha_3AT1_AEE27636.1_hidden_layer_steps10.pt	acceptor_superclass::Flavonoids	acceptor_superclass::Flavonoids;acceptor_superclass::Isoflavonoids;acceptor_superclass::Steroids;acceptor_superclass::Triterpenoids	0,0,0,0,0,1,0,0,0,0,0,0,0,0,0,0,0,0,0,0,0,0,0	0,0,0,0,0,1,1,0,0,0,0,0,0,0,0,0,0,0,0,1,1,0,0	-0.573080,-5.020067,-9.007923,-7.685421,-7.495405,2.454984,3.671668,-9.479222,-9.853191,-2.394492,-3.010650,-1.444537,-1.497001,-1.228449,-3.379156,-2.063188,-1.996504,-7.945192,-3.702791,1.046380,0.398637,-7.778354,-1.660557
Atha_3AT2_AAF86513.1	Atha_3AT2_AAF86513.1	/content/drive/MyDrive/CS_5782_Final_Project/code_and_data/BAHD_lastLayer_embeddings/Atha_3AT2_AAF86513.1_hidden_layer_steps10.pt	acceptor_superclass::Flavonoids	acceptor_superclass::Coumarins;acceptor_superclass::Flavonoids;acceptor_superclass::Isoflavonoids;acceptor_superclass::Steroids;acceptor_superclass::Triterpenoids	0,0,0,0,0,1,0,0,0,0,0,0,0,0,0,0,0,0,0,0,0,0,0	1,0,0,0,0,1,1,0,0,0,0,0,0,0,0,0,0,0,0,1,1,0,0	0.084870,-4.810518,-9.696359,-7.875789,-7.301507,2.647357,3.871012,-9.559208,-9.846860,-2.491842,-2.571839,-1.407591,-1.097037,-0.808168,-2.876909,-2.030127,-1.935178,-8.051544,-3.679775,1.144911,0.079229,-8.357760,-1.700555
Atha_5MAT_BAB01191.1	Atha_5MAT_BAB01191.1	/content/drive/MyDrive/CS_5782_Final_Project/code_and_data/BAHD_lastLayer_embeddings/Atha_5MAT_BAB01191.1_hidden_layer_steps10.pt	acceptor_superclass::Flavonoids	acceptor_superclass::Coumarins;acceptor_superclass::Flavonoids;acceptor_superclass::Isoflavonoids;acceptor_superclass::Phenanthrenoids;acceptor_superclass::Steroids	0,0,0,0,0,1,0,0,0,0,0,0,0,0,0,0,0,0,0,0,0,0,0	1,0,0,0,0,1,1,0,0,0,0,0,1,0,0,0,0,0,0,1,0,0,0	1.449308,-6.200227,-6.523018,-7.679985,-9.310615,4.464190,3.877710,-6.979103,-13.589059,-6.232594,-0.657318,-0.843309,1.332905,-6.824385,-4.367470,-4.486444,-0.571073,-7.498564,-6.181269,3.972822,-2.048652,-7.690175,-2.769322
Atha_ACT1_NP_200924.1	Atha_ACT1_NP_200924.1	/content/drive/MyDrive/CS_5782_Final_Project/code_and_data/BAHD_lastLayer_embeddings/Atha_ACT1_NP_200924.1_hidden_layer_steps10.pt	acceptor_superclass::Ornithine alkaloids;acceptor_superclass::Pseudoalkaloids	acceptor_superclass::Coumarins;acceptor_superclass::Flavonoids;acceptor_superclass::Isoflavonoids;acceptor_superclass::Naphthalenes;acceptor_superclass::Phenanthrenoids;acceptor_superclass::Steroids;acceptor_superclass::Triterpenoids;acceptor_superclass::Tyrosine alkaloids	0,0,0,0,0,0,0,0,0,0,0,1,0,0,0,0,1,0,0,0,0,0,0	1,0,0,0,0,1,1,0,0,0,1,0,1,0,0,0,0,0,0,1,1,0,1	0.580422,-0.948856,-3.091010,-0.863089,-2.677724,2.132828,1.895312,-2.270233,-3.332778,-1.903829,0.050688,-0.762174,0.669800,-2.061402,-0.781822,-1.644190,-0.869574,-3.637793,-1.871656,1.681687,0.171768,-2.322889,0.618976
Atha_HHT1_AAL34170.1	Atha_ASFT_NP_851111.1	/content/drive/MyDrive/CS_5782_Final_Project/code_and_data/BAHD_lastLayer_embeddings/Atha_HHT1_AAL34170.1_hidden_layer_steps10.pt	acceptor_superclass::Fatty Acids and Conjugates;acceptor_superclass::Fatty acyls	acceptor_superclass::Fatty Acids and Conjugates;acceptor_superclass::Fatty acyls	0,0,0,1,1,0,0,0,0,0,0,0,0,0,0,0,0,0,0,0,0,0,0	0,0,0,1,1,0,0,0,0,0,0,0,0,0,0,0,0,0,0,0,0,0,0	-9.971147,-7.940740,-5.478778,1.475694,0.858482,-5.382730,-10.573527,-5.196024,-5.633661,-4.220256,-9.000196,-4.990179,-5.392584,-3.203797,-2.644110,-0.749303,-3.754258,-4.876308,-1.651669,-9.805804,-1.891654,-4.167896,-1.330568
Atha_AT3G47170_NP_190301.2	Atha_AT3G47170_NP_190301.2	/content/drive/MyDrive/CS_5782_Final_Project/code_and_data/BAHD_lastLayer_embeddings/Atha_AT3G47170_NP_190301.2_hidden_layer_steps10.pt	acceptor_superclass::Ornithine alkaloids;acceptor_superclass::Pseudoalkaloids	acceptor_superclass::Ornithine alkaloids;acceptor_superclass::Phenylethanoids (C6-C2);acceptor_superclass::Pseudoalkaloids;acceptor_superclass::Triterpenoids	0,0,0,0,0,0,0,0,0,0,0,1,0,0,0,0,1,0,0,0,0,0,0	0,0,0,0,0,0,0,0,0,0,0,1,0,0,1,0,1,0,0,0,1,0,0	-0.410559,-1.162128,-0.089778,-1.875308,-0.891022,-1.276311,-1.747985,-1.394675,-0.248450,-0.684186,-2.296534,0.441344,-1.216685,-2.242948,0.852557,-1.217153,0.583808,-0.551349,-0.029518,-0.419703,0.811512,-0.429258,-1.695907
Atha_PHT_OAO95042.1	Atha_AT5G07080_OAO95042.1	/content/drive/MyDrive/CS_5782_Final_Project/code_and_data/BAHD_lastLayer_embeddings/Atha_PHT_OAO95042.1_hidden_layer_steps10.pt	acceptor_superclass::Ornithine alkaloids;acceptor_superclass::Pseudoalkaloids	acceptor_superclass::Cyclic polyketides;acceptor_superclass::Fatty acyls;acceptor_superclass::Lignans;acceptor_superclass::Ornithine alkaloids;acceptor_superclass::Phenylethanoids (C6-C2);acceptor_superclass::Small peptides;acceptor_superclass::Tryptophan alkaloids;acceptor_superclass::Tyrosine alkaloids	0,0,0,0,0,0,0,0,0,0,0,1,0,0,0,0,1,0,0,0,0,0,0	0,1,0,0,1,0,0,1,0,0,0,1,0,0,1,0,0,0,1,0,0,1,1	-0.813041,0.288507,-0.793765,-1.373370,0.188813,-1.132815,-1.584866,0.049626,-1.144796,-0.402074,-1.631346,0.112114,-0.838925,-1.506589,0.991921,-0.284685,-0.896942,-0.349533,0.099299,-0.876922,-0.883600,0.856062,0.140850
Atha_BIA1_CAB10319.1	Atha_BIA1_CAB10319.1	/content/drive/MyDrive/CS_5782_Final_Project/code_and_data/BAHD_lastLayer_embeddings/Atha_BIA1_CAB10319.1_hidden_layer_steps10.pt	acceptor_superclass::Steroids	acceptor_superclass::Triterpenoids	0,0,0,0,0,0,0,0,0,0,0,0,0,0,0,0,0,0,0,1,0,0,0	0,0,0,0,0,0,0,0,0,0,0,0,0,0,0,0,0,0,0,0,1,0,0	-5.157223,-4.498323,-0.336153,-9.491086,-6.816915,-3.221006,-3.910009,-4.098352,-9.594928,-3.231932,-2.876648,-1.991452,-0.619780,-8.796556,-3.232951,-2.129545,-2.122677,-4.012564,-6.005507,-3.961383,2.006090,-0.973996,-2.315674
Atha_CHAT_AAN09797.1	Atha_CHAT_AAN09797.1	/content/drive/MyDrive/CS_5782_Final_Project/code_and_data/BAHD_lastLayer_embeddings/Atha_CHAT_AAN09797.1_hidden_layer_steps10.pt	acceptor_superclass::Fatty acyls;acceptor_superclass::Monoterpenoids;acceptor_superclass::Phenylethanoids (C6-C2);acceptor_superclass::Phenylpropanoids (C6-C3)	acceptor_superclass::Fatty acyls;acceptor_superclass::Lysine alkaloids;acceptor_superclass::Phenylethanoids (C6-C2);acceptor_superclass::Phenylpropanoids (C6-C3);acceptor_superclass::Pseudoalkaloids	0,0,0,0,1,0,0,0,0,1,0,0,0,0,1,1,0,0,0,0,0,0,0	0,0,0,0,1,0,0,0,1,0,0,0,0,0,1,1,1,0,0,0,0,0,0	-0.729395,-0.965803,-0.448465,-0.627873,1.106843,-1.694795,-3.196020,-0.223852,1.098130,-0.029675,-2.944513,-0.649454,-1.598252,-1.481206,0.913688,0.031964,0.028863,-0.365735,-0.000281,-1.659319,-0.324025,-0.887481,-1.193751
Atha_COSY_AEE31013.1	Atha_COSY_AEE31013.1	/content/drive/MyDrive/CS_5782_Final_Project/code_and_data/BAHD_lastLayer_embeddings/Atha_COSY_AEE31013.1_hidden_layer_steps10.pt		acceptor_superclass::Ornithine alkaloids;acceptor_superclass::Phenylethanoids (C6-C2);acceptor_superclass::Pseudoalkaloids	0,0,0,0,0,0,0,0,0,0,0,0,0,0,0,0,0,0,0,0,0,0,0	0,0,0,0,0,0,0,0,0,0,0,1,0,0,1,0,1,0,0,0,0,0,0	-0.234637,-1.492804,-1.002240,-1.164060,-0.486426,-0.776901,-1.669570,-0.040286,-0.104768,-0.595076,-1.797619,0.467728,-1.121837,-2.031114,0.674157,-0.899625,0.754605,-0.717862,-0.069008,-0.176129,-0.175997,-0.682500,-0.555809
Atha_DCF_AAQ62868.1	Atha_DCF_AAQ62868.1	/content/drive/MyDrive/CS_5782_Final_Project/code_and_data/BAHD_lastLayer_embeddings/Atha_DCF_AAQ62868.1_hidden_layer_steps10.pt	acceptor_superclass::Fatty Acids and Conjugates;acceptor_superclass::Fatty acyls	acceptor_superclass::Fatty Acids and Conjugates;acceptor_superclass::Fatty acyls	0,0,0,1,1,0,0,0,0,0,0,0,0,0,0,0,0,0,0,0,0,0,0	0,0,0,1,1,0,0,0,0,0,0,0,0,0,0,0,0,0,0,0,0,0,0	-8.938897,-5.662882,-1.282795,1.408167,1.960112,-5.343816,-9.424848,-5.413143,-2.925660,-0.492594,-10.161393,-3.263690,-6.640069,-4.735914,-0.937809,-1.063795,-3.713911,-4.723385,-0.645647,-7.594779,-1.099680,-7.156803,-1.989008
Atha_EPS1_NP_201517.1	Atha_EPS1_NP_201517.1	/content/drive/MyDrive/CS_5782_Final_Project/code_and_data/BAHD_lastLayer_embeddings/Atha_EPS1_NP_201517.1_hidden_layer_steps10.pt			0,0,0,0,0,0,0,0,0,0,0,0,0,0,0,0,0,0,0,0,0,0,0	0,0,0,0,0,0,0,0,0,0,0,0,0,0,0,0,0,0,0,0,0,0,0	-7.697527,-8.427884,-3.032289,-3.787255,-6.203879,-4.810895,-10.791562,-5.758075,-7.980311,-3.054390,-8.084960,-2.113568,-4.490760,-7.413600,-4.216310,-3.199967,-1.782935,-6.062638,-4.447340,-6.877106,-1.539894,-4.257896,-3.085607
Atha_FACT_AAN13119.1	Atha_FACT_AAN13119.1	/content/drive/MyDrive/CS_5782_Final_Project/code_and_data/BAHD_lastLayer_embeddings/Atha_FACT_AAN13119.1_hidden_layer_steps10.pt	acceptor_superclass::Fatty acyls	acceptor_superclass::Fatty acyls;acceptor_superclass::Lignans;acceptor_superclass::Ornithine alkaloids;acceptor_superclass::Phenolic acids (C6-C1);acceptor_superclass::Phenylethanoids (C6-C2);acceptor_superclass::Small peptides;acceptor_superclass::Tyrosine alkaloids	0,0,0,0,1,0,0,0,0,0,0,0,0,0,0,0,0,0,0,0,0,0,0	0,0,0,0,1,0,0,1,0,0,0,1,0,1,1,0,0,0,1,0,0,0,1	-0.791721,-1.062302,-1.834014,-0.021388,0.686202,-1.443785,-2.045329,0.177476,-1.045749,-1.067417,-3.026664,0.277559,-0.655724,0.933314,1.255146,-0.320226,-0.673133,-1.871068,1.695674,-1.144740,-2.049399,-0.113773,0.343814
Atha_GGES_AED96958.1	Atha_GGES_AED96958.1	/content/drive/MyDrive/CS_5782_Final_Project/code_and_data/BAHD_lastLayer_embeddings/Atha_GGES_AED96958.1_hidden_layer_steps10.pt		acceptor_superclass::Diterpenoids;acceptor_superclass::Fatty acyls;acceptor_superclass::Lysine alkaloids;acceptor_superclass::Monoterpenoids;acceptor_superclass::Phenylethanoids (C6-C2);acceptor_superclass::Saccharides;acceptor_superclass::Triterpenoids	0,0,0,0,0,0,0,0,0,0,0,0,0,0,0,0,0,0,0,0,0,0,0	0,0,1,0,1,0,0,0,1,1,0,0,0,0,1,0,0,1,0,0,1,0,0	-1.118027,-0.126920,0.659280,-1.211434,1.364215,-2.037579,-3.465503,-0.456586,1.012558,0.351522,-2.146144,-0.741997,-1.790367,-2.270325,0.915793,-0.317210,-0.372623,0.430127,-0.646900,-1.806334,0.049621,-0.237236,-1.719380
Atha_HCT_BAB10316.1	Atha_HCT_BAB10316.1	/content/drive/MyDrive/CS_5782_Final_Project/code_and_data/BAHD_lastLayer_embeddings/Atha_HCT_BAB10316.1_hidden_layer_steps10.pt	acceptor_superclass::Flavonoids;acceptor_superclass::Phenolic acids (C6-C1);acceptor_superclass::Phenylpropanoids (C6-C3);acceptor_superclass::Small peptides	acceptor_superclass::Phenolic acids (C6-C1);acceptor_superclass::Phenylpropanoids (C6-C3);acceptor_superclass::Small peptides;acceptor_superclass::Triterpenoids;acceptor_superclass::Tyrosine alkaloids	0,0,0,0,0,1,0,0,0,0,0,0,0,1,0,1,0,0,1,0,0,0,0	0,0,0,0,0,0,0,0,0,0,0,0,0,1,0,1,0,0,1,0,1,0,1	-7.514131,-6.508826,-9.007044,-3.266688,-4.970837,-0.779536,-9.788157,-7.074652,-8.250502,-0.686026,-9.971272,-6.760419,-6.460301,5.375335,-4.328427,0.488406,-6.322450,-9.631523,1.002527,-6.563513,0.601676,-6.515325,0.819095
Atha_HHT1_AAL34170.1	Atha_HHT1_AAL34170.1	/content/drive/MyDrive/CS_5782_Final_Project/code_and_data/BAHD_lastLayer_embeddings/Atha_HHT1_AAL34170.1_hidden_layer_steps10.pt	acceptor_superclass::Fatty Acids and Conjugates;acceptor_superclass::Fatty acyls	acceptor_superclass::Fatty Acids and Conjugates;acceptor_superclass::Fatty acyls	0,0,0,1,1,0,0,0,0,0,0,0,0,0,0,0,0,0,0,0,0,0,0	0,0,0,1,1,0,0,0,0,0,0,0,0,0,0,0,0,0,0,0,0,0,0	-9.971147,-7.940740,-5.478778,1.475694,0.858482,-5.382730,-10.573527,-5.196024,-5.633661,-4.220256,-9.000196,-4.990179,-5.392584,-3.203797,-2.644110,-0.749303,-3.754258,-4.876308,-1.651669,-9.805804,-1.891654,-4.167896,-1.330568
Atha_FACT_AAN13119.1	Atha_HHT3_NP_201161.1	/content/drive/MyDrive/CS_5782_Final_Project/code_and_data/BAHD_lastLayer_embeddings/Atha_FACT_AAN13119.1_hidden_layer_steps10.pt	acceptor_superclass::Fatty acyls	acceptor_superclass::Fatty Acids and Conjugates;acceptor_superclass::Fatty acyls	0,0,0,0,1,0,0,0,0,0,0,0,0,0,0,0,0,0,0,0,0,0,0	0,0,0,1,1,0,0,0,0,0,0,0,0,0,0,0,0,0,0,0,0,0,0	-7.751208,-7.499194,-4.788517,1.610527,3.386918,-4.947619,-11.322940,-5.155418,-5.495417,-2.352532,-8.672597,-4.235340,-4.722494,-4.149124,-0.905503,-0.385746,-3.676054,-7.663940,-3.422494,-8.625104,-1.515495,-8.243594,-3.346769
Atha_HHT1_AAL34170.1	Atha_HHT_AAL34170.1	/content/drive/MyDrive/CS_5782_Final_Project/code_and_data/BAHD_lastLayer_embeddings/Atha_HHT1_AAL34170.1_hidden_layer_steps10.pt	acceptor_superclass::Fatty Acids and Conjugates	acceptor_superclass::Fatty Acids and Conjugates;acceptor_superclass::Fatty acyls	0,0,0,1,0,0,0,0,0,0,0,0,0,0,0,0,0,0,0,0,0,0,0	0,0,0,1,1,0,0,0,0,0,0,0,0,0,0,0,0,0,0,0,0,0,0	-9.971147,-7.940740,-5.478778,1.475694,0.858482,-5.382730,-10.573527,-5.196024,-5.633661,-4.220256,-9.000196,-4.990179,-5.392584,-3.203797,-2.644110,-0.749303,-3.754258,-4.876308,-1.651669,-9.805804,-1.891654,-4.167896,-1.330568
Atha_PHT_OAO95042.1	Atha_PHT_OAO95042.1	/content/drive/MyDrive/CS_5782_Final_Project/code_and_data/BAHD_lastLayer_embeddings/Atha_PHT_OAO95042.1_hidden_layer_steps10.pt	acceptor_superclass::Ornithine alkaloids;acceptor_superclass::Pseudoalkaloids	acceptor_superclass::Ornithine alkaloids;acceptor_superclass::Pseudoalkaloids	0,0,0,0,0,0,0,0,0,0,0,1,0,0,0,0,1,0,0,0,0,0,0	0,0,0,0,0,0,0,0,0,0,0,1,0,0,0,0,1,0,0,0,0,0,0	-8.796472,-5.271744,-6.770173,-6.291845,-3.278315,-3.824005,-7.328258,-4.447978,-5.876400,-4.097552,-7.805480,3.726169,-5.886038,-5.715293,-3.860488,-1.845262,4.007925,-6.565362,-5.240072,-7.093240,-4.775045,-4.383899,-3.892990
Atha_PMAT1_AED94391.1	Atha_PMAT1_AED94391.1	/content/drive/MyDrive/CS_5782_Final_Project/code_and_data/BAHD_lastLayer_embeddings/Atha_PMAT1_AED94391.1_hidden_layer_steps10.pt	acceptor_superclass::Flavonoids;acceptor_superclass::Isoflavonoids;acceptor_superclass::Steroids	acceptor_superclass::Coumarins;acceptor_superclass::Flavonoids;acceptor_superclass::Isoflavonoids;acceptor_superclass::Phenanthrenoids;acceptor_superclass::Steroids;acceptor_superclass::Triterpenoids;acceptor_superclass::Tyrosine alkaloids	0,0,0,0,0,1,1,0,0,0,0,0,0,0,0,0,0,0,0,1,0,0,0	1,0,0,0,0,1,1,0,0,0,0,0,1,0,0,0,0,0,0,1,1,0,1	0.483103,-2.104907,-2.818784,-2.374239,-4.192141,1.601392,1.883253,-3.168030,-3.590504,-2.021017,-0.145152,-0.707826,0.520809,-2.239584,-1.450500,-2.327708,-1.087986,-4.628716,-2.344349,1.459777,1.449710,-1.798147,0.695040
Atha_PMAT2_BAB02518.1	Atha_PMAT2_BAB02518.1	/content/drive/MyDrive/CS_5782_Final_Project/code_and_data/BAHD_lastLayer_embeddings/Atha_PMAT2_BAB02518.1_hidden_layer_steps10.pt	acceptor_superclass::Coumarins;acceptor_superclass::Flavonoids;acceptor_superclass::Naphthalenes;acceptor_superclass::Phenanthrenoids;acceptor_superclass::Steroids	acceptor_superclass::Coumarins;acceptor_superclass::Flavonoids;acceptor_superclass::Isoflavonoids;acceptor_superclass::Ornithine alkaloids;acceptor_superclass::Phenanthrenoids;acceptor_superclass::Phenylethanoids (C6-C2);acceptor_superclass::Pseudoalkaloids;acceptor_superclass::Steroids;acceptor_superclass::Triterpenoids	1,0,0,0,0,1,0,0,0,0,1,0,1,0,0,0,0,0,0,1,0,0,0	1,0,0,0,0,1,1,0,0,0,0,1,1,0,1,0,1,0,0,1,1,0,0	0.895746,-0.596479,-0.889179,-1.749808,-1.368693,0.996225,0.886854,-1.219179,-0.999346,-1.026727,-0.858734,0.422857,0.511571,-1.648415,0.602297,-1.372327,0.217697,-0.452437,-0.101590,1.091543,0.604535,-1.503106,-0.617266
Atha_SCT_AAP81804.1	Atha_SCT_AAP81804.1	/content/drive/MyDrive/CS_5782_Final_Project/code_and_data/BAHD_lastLayer_embeddings/Atha_SCT_AAP81804.1_hidden_layer_steps10.pt	acceptor_superclass::Ornithine alkaloids	acceptor_superclass::Coumarins;acceptor_superclass::Diterpenoids;acceptor_superclass::Ornithine alkaloids;acceptor_superclass::Phenanthrenoids;acceptor_superclass::Phenylethanoids (C6-C2);acceptor_superclass::Tryptophan alkaloids;acceptor_superclass::Tyrosine alkaloids	0,0,0,0,0,0,0,0,0,0,0,1,0,0,0,0,0,0,0,0,0,0,0	1,0,1,0,0,0,0,0,0,0,0,1,1,0,1,0,0,0,0,0,0,1,1	0.264135,-0.558443,0.074963,-1.492982,-0.463926,-0.891301,-0.790957,-0.761245,-2.136612,-0.967489,-1.340734,1.082151,0.305687,-1.652996,0.668260,-1.039259,-0.169761,-1.773304,-0.172362,-0.105939,-0.771358,1.320966,0.348812
Atha_SDT_AAC23766.1	Atha_SDT_AAC23766.1	/content/drive/MyDrive/CS_5782_Final_Project/code_and_data/BAHD_lastLayer_embeddings/Atha_SDT_AAC23766.1_hidden_layer_steps10.pt	acceptor_superclass::Ornithine alkaloids;acceptor_superclass::Pseudoalkaloids	acceptor_superclass::Cyclic polyketides;acceptor_superclass::Fatty acyls;acceptor_superclass::Lignans;acceptor_superclass::Monoterpenoids;acceptor_superclass::Phenylethanoids (C6-C2);acceptor_superclass::Phenylpropanoids (C6-C3);acceptor_superclass::Saccharides;acceptor_superclass::Small peptides;acceptor_superclass::Tryptophan alkaloids	0,0,0,0,0,0,0,0,0,0,0,1,0,0,0,0,1,0,0,0,0,0,0	0,1,0,0,1,0,0,1,0,1,0,0,0,0,1,1,0,1,1,0,0,1,0	-1.078598,0.382246,-0.576808,-0.663713,0.947630,-1.194555,-2.138361,0.813387,-0.484439,0.155521,-1.673523,-0.196763,-1.161012,-1.981663,1.040474,0.158782,-0.707352,0.240918,0.230798,-1.234975,-1.480637,0.799969,-0.300974
Atha_SHT_AAD12025.1	Atha_SHT_AAD12025.1	/content/drive/MyDrive/CS_5782_Final_Project/code_and_data/BAHD_lastLayer_embeddings/Atha_SHT_AAD12025.1_hidden_layer_steps10.pt	acceptor_superclass::Ornithine alkaloids	acceptor_superclass::Ornithine alkaloids;acceptor_superclass::Pseudoalkaloids	0,0,0,0,0,0,0,0,0,0,0,1,0,0,0,0,0,0,0,0,0,0,0	0,0,0,0,0,0,0,0,0,0,0,1,0,0,0,0,1,0,0,0,0,0,0	-6.657369,-10.827100,-9.776058,-1.300581,-5.664317,-5.660815,-10.368300,-5.717952,-7.949122,-4.274443,-7.917452,2.875171,-4.462719,-2.906803,-1.078568,-3.266390,1.341334,-10.027029,-3.580845,-7.519257,-2.389619,-6.375188,-1.844395
Atha_PHT_OAO95042.1	Atha_SHT_OAO95042.1	/content/drive/MyDrive/CS_5782_Final_Project/code_and_data/BAHD_lastLayer_embeddings/Atha_PHT_OAO95042.1_hidden_layer_steps10.pt	acceptor_superclass::Ornithine alkaloids	acceptor_superclass::Ornithine alkaloids;acceptor_superclass::Phenylpropanoids (C6-C3);acceptor_superclass::Pseudoalkaloids	0,0,0,0,0,0,0,0,0,0,0,1,0,0,0,0,0,0,0,0,0,0,0	0,0,0,0,0,0,0,0,0,0,0,1,0,0,0,1,1,0,0,0,0,0,0	-7.888110,-2.563713,-4.302479,-4.690940,-2.053829,-3.879040,-5.095740,-3.472373,-4.031812,-0.089324,-8.214163,2.472228,-5.751346,-4.912540,-0.945296,0.656546,2.142134,-4.484552,-3.360176,-5.235094,-2.750001,-1.966292,-1.109863
Atha_THAA1_BAB11062.1	Atha_THAA1_BAB11062.1	/content/drive/MyDrive/CS_5782_Final_Project/code_and_data/BAHD_lastLayer_embeddings/Atha_THAA1_BAB11062.1_hidden_layer_steps10.pt	acceptor_superclass::Triterpenoids	acceptor_superclass::Coumarins;acceptor_superclass::Ornithine alkaloids;acceptor_superclass::Phenanthrenoids;acceptor_superclass::Phenylethanoids (C6-C2);acceptor_superclass::Steroids;acceptor_superclass::Triterpenoids;acceptor_superclass::Tryptophan alkaloids;acceptor_superclass::Tyrosine alkaloids	0,0,0,0,0,0,0,0,0,0,0,0,0,0,0,0,0,0,0,0,1,0,0	1,0,0,0,0,0,0,0,0,0,0,1,1,0,1,0,0,0,0,1,1,1,1	0.326279,-0.119942,-0.188752,-2.103920,-0.840497,-1.090070,-0.286315,-0.660621,-1.980832,-1.170221,-0.234029,0.540066,0.283653,-2.071492,0.614433,-1.165655,-1.003206,-1.123139,-0.543347,0.552389,0.272484,1.476843,0.721409
Atha_THAA2_AAO63428.1	Atha_THAA2_AAO63428.1	/content/drive/MyDrive/CS_5782_Final_Project/code_and_data/BAHD_lastLayer_embeddings/Atha_THAA2_AAO63428.1_hidden_layer_steps10.pt	acceptor_superclass::Triterpenoids	acceptor_superclass::Phenylethanoids (C6-C2);acceptor_superclass::Triterpenoids	0,0,0,0,0,0,0,0,0,0,0,0,0,0,0,0,0,0,0,0,1,0,0	0,0,0,0,0,0,0,0,0,0,0,0,0,0,1,0,0,0,0,0,1,0,0	-0.574640,-0.479298,-0.030411,-1.633429,-0.180192,-1.229299,-1.758340,-0.764405,-0.265676,-0.413362,-1.273151,-0.271877,-1.135879,-2.256487,0.676355,-1.008489,-0.127228,-0.043208,-0.507229,-0.434898,0.771702,-0.294856,-1.463782
Bdis_PMT_CDG41682.1	Bdis_PMT_CDG41682.1	/content/drive/MyDrive/CS_5782_Final_Project/code_and_data/BAHD_lastLayer_embeddings/Bdis_PMT_CDG41682.1_hidden_layer_steps10.pt	acceptor_superclass::Phenylpropanoids (C6-C3)	acceptor_superclass::Phenylpropanoids (C6-C3);acceptor_superclass::Pseudoalkaloids	0,0,0,0,0,0,0,0,0,0,0,0,0,0,0,1,0,0,0,0,0,0,0	0,0,0,0,0,0,0,0,0,0,0,0,0,0,0,1,1,0,0,0,0,0,0	-8.149379,-8.057971,-8.218484,-3.958919,-4.114602,-4.430195,-9.248469,-3.926319,-4.593893,-0.544995,-9.151689,-1.570824,-5.098152,-9.560824,-1.724355,1.942186,0.440992,-7.330831,-9.543962,-5.347479,-7.329566,-4.049195,-4.726741
Bmul_HQT1_BCY27076.1	Bmul_HQT1_BCY27076.1	/content/drive/MyDrive/CS_5782_Final_Project/code_and_data/BAHD_lastLayer_embeddings/Bmul_HQT1_BCY27076.1_hidden_layer_steps10.pt	acceptor_superclass::Phenolic acids (C6-C1);acceptor_superclass::Phenylpropanoids (C6-C3)	acceptor_superclass::Phenylpropanoids (C6-C3)	0,0,0,0,0,0,0,0,0,0,0,0,0,1,0,1,0,0,0,0,0,0,0	0,0,0,0,0,0,0,0,0,0,0,0,0,0,0,1,0,0,0,0,0,0,0	-10.092636,-7.454664,-11.495368,-1.264818,-3.085116,-4.061046,-9.462720,-5.066439,-5.037168,-2.636426,-12.663151,-4.588744,-7.743851,-1.006960,-3.740487,0.773449,-3.250798,-5.125495,-1.603584,-6.373219,-5.717510,-1.965283,-0.200330
Bmul_HQT1_BDR61289.1	Bmul_HQT1_BDR61289.1	/content/drive/MyDrive/CS_5782_Final_Project/code_and_data/BAHD_lastLayer_embeddings/Bmul_HQT1_BDR61289.1_hidden_layer_steps10.pt	acceptor_superclass::Phenolic acids (C6-C1)	acceptor_superclass::Phenolic acids (C6-C1);acceptor_superclass::Phenylpropanoids (C6-C3);acceptor_superclass::Small peptides;acceptor_superclass::Tyrosine alkaloids	0,0,0,0,0,0,0,0,0,0,0,0,0,1,0,0,0,0,0,0,0,0,0	0,0,0,0,0,0,0,0,0,0,0,0,0,1,0,1,0,0,1,0,0,0,1	-8.256839,-7.005285,-12.334538,-3.110786,-5.831173,-1.796366,-8.407901,-7.656811,-7.686411,-1.559466,-12.851435,-6.030165,-7.944846,6.191216,-5.899151,0.117873,-4.954767,-8.356461,0.725068,-5.113608,-1.532080,-4.142874,0.646802
Bser_AT1_QXN66176.1	Bser_AT1_QXN66176.1	/content/drive/MyDrive/CS_5782_Final_Project/code_and_data/BAHD_lastLayer_embeddings/Bser_AT1_QXN66176.1_hidden_layer_steps10.pt	acceptor_superclass::Triterpenoids	acceptor_superclass::Triterpenoids	0,0,0,0,0,0,0,0,0,0,0,0,0,0,0,0,0,0,0,0,1,0,0	0,0,0,0,0,0,0,0,0,0,0,0,0,0,0,0,0,0,0,0,1,0,0	-8.603890,-5.045713,-2.164818,-10.563753,-6.677003,-4.497684,-10.082006,-7.358815,-10.036946,-2.069267,-5.662195,-1.773630,-3.642226,-6.635208,-4.917176,-2.937491,-2.452423,-4.379816,-5.545131,-9.157535,0.242443,-1.207649,-3.037864
Cang_AT20_QLI57449.1	Cang_AT20_QLI57449.1	/content/drive/MyDrive/CS_5782_Final_Project/code_and_data/BAHD_lastLayer_embeddings/Cang_AT20_QLI57449.1_hidden_layer_steps10.pt	acceptor_superclass::Monoterpenoids	acceptor_superclass::Fatty acyls;acceptor_superclass::Lysine alkaloids;acceptor_superclass::Phenylpropanoids (C6-C3)	0,0,0,0,0,0,0,0,0,1,0,0,0,0,0,0,0,0,0,0,0,0,0	0,0,0,0,1,0,0,0,1,0,0,0,0,0,0,1,0,0,0,0,0,0,0	-11.303821,-6.637979,-5.372561,-2.865828,1.267318,-3.476588,-11.637950,-3.666793,0.329668,-1.795420,-9.626040,-7.084296,-8.598400,-4.250667,-2.605685,1.630440,-2.426559,-5.101177,-4.718461,-9.421186,-6.202780,-7.272016,-6.182536
Cann_AT3_NP_001311698.1	Cann_AT3_NP_001311698.1	/content/drive/MyDrive/CS_5782_Final_Project/code_and_data/BAHD_lastLayer_embeddings/Cann_AT3_NP_001311698.1_hidden_layer_steps10.pt	acceptor_superclass::Tyrosine alkaloids	acceptor_superclass::Cyclic polyketides;acceptor_superclass::Diterpenoids;acceptor_superclass::Fatty acyls;acceptor_superclass::Lysine alkaloids;acceptor_superclass::Phenylethanoids (C6-C2);acceptor_superclass::Saccharides;acceptor_superclass::Triterpenoids	0,0,0,0,0,0,0,0,0,0,0,0,0,0,0,0,0,0,0,0,0,0,1	0,1,1,0,1,0,0,0,1,0,0,0,0,0,1,0,0,1,0,0,1,0,0	-0.644904,0.080616,0.464101,-1.697696,0.473784,-1.437302,-2.193403,-0.838647,0.187521,-0.126727,-0.613745,-0.550825,-1.258497,-2.670970,0.725226,-0.919234,-0.235523,0.580988,-1.123650,-0.755016,0.600879,-0.085796,-1.458495
Cblu_HCT_CBI83579.1	Cblu_HCT_CBI83579.1	/content/drive/MyDrive/CS_5782_Final_Project/code_and_data/BAHD_lastLayer_embeddings/Cblu_HCT_CBI83579.1_hidden_layer_steps10.pt	acceptor_superclass::Phenolic acids (C6-C1);acceptor_superclass::Tyrosine alkaloids	acceptor_superclass::Fatty Acids and Conjugates;acceptor_superclass::Ornithine alkaloids;acceptor_superclass::Phenolic acids (C6-C1);acceptor_superclass::Phenylethanoids (C6-C2);acceptor_superclass::Pseudoalkaloids;acceptor_superclass::Small peptides	0,0,0,0,0,0,0,0,0,0,0,0,0,1,0,0,0,0,0,0,0,0,1	0,0,0,1,0,0,0,0,0,0,0,1,0,1,1,0,1,0,1,0,0,0,0	-0.379434,-3.390225,-2.813086,0.348624,-0.479538,-1.610223,-2.844382,-0.259510,-0.195715,-1.621136,-5.330500,0.194667,-0.695053,1.431121,0.612682,-0.507403,0.273217,-1.562133,2.374161,-1.502995,-0.664855,-2.343333,-0.236598
Cblu_HCT_CBI83579.1	Cblu_HST_CBI83579.1	/content/drive/MyDrive/CS_5782_Final_Project/code_and_data/BAHD_lastLayer_embeddings/Cblu_HCT_CBI83579.1_hidden_layer_steps10.pt	acceptor_superclass::Phenolic acids (C6-C1);acceptor_superclass::Small peptides	acceptor_superclass::Ornithine alkaloids;acceptor_superclass::Phenolic acids (C6-C1);acceptor_superclass::Phenylethanoids (C6-C2);acceptor_superclass::Pseudoalkaloids;acceptor_superclass::Small peptides;acceptor_superclass::Tyrosine alkaloids	0,0,0,0,0,0,0,0,0,0,0,0,0,1,0,0,0,0,1,0,0,0,0	0,0,0,0,0,0,0,0,0,0,0,1,0,1,1,0,1,0,1,0,0,0,1	-0.333521,-2.338739,-4.269645,-0.049971,-0.997502,-1.461828,-2.016467,-0.086406,-1.514373,-1.558159,-4.664681,1.344945,-0.183631,4.254192,1.033656,-0.584978,0.231183,-3.952068,3.481257,-1.334201,-3.488739,-0.607368,1.437243
Cblu_RAS_CAK55166.1	Cblu_RAS_CAK55166.1	/content/drive/MyDrive/CS_5782_Final_Project/code_and_data/BAHD_lastLayer_embeddings/Cblu_RAS_CAK55166.1_hidden_layer_steps10.pt	acceptor_superclass::Small peptides;acceptor_superclass::Tyrosine alkaloids	acceptor_superclass::Flavonoids;acceptor_superclass::Phenolic acids (C6-C1);acceptor_superclass::Small peptides;acceptor_superclass::Tyrosine alkaloids	0,0,0,0,0,0,0,0,0,0,0,0,0,0,0,0,0,0,1,0,0,0,1	0,0,0,0,0,1,0,0,0,0,0,0,0,1,0,0,0,0,1,0,0,0,1	-3.898916,-4.163748,-6.320932,-0.813871,-2.139272,0.180961,-3.466083,-0.900660,-3.712510,-2.041030,-7.288487,-1.197941,-3.834538,2.634586,-1.811302,-0.950783,-1.398074,-5.248274,0.307912,-2.995895,-1.076813,-4.014555,0.653479
Cbra_HQT-like_GBG71902.1	Cbra_HQT-like_GBG71902.1	/content/drive/MyDrive/CS_5782_Final_Project/code_and_data/BAHD_lastLayer_embeddings/Cbra_HQT-like_GBG71902.1_hidden_layer_steps10.pt	acceptor_superclass::Phenolic acids (C6-C1)	acceptor_superclass::Ornithine alkaloids;acceptor_superclass::Pseudoalkaloids;acceptor_superclass::Tryptophan alkaloids	0,0,0,0,0,0,0,0,0,0,0,0,0,1,0,0,0,0,0,0,0,0,0	0,0,0,0,0,0,0,0,0,0,0,1,0,0,0,0,1,0,0,0,0,1,0	-15.667022,-8.077523,-16.926579,-8.217988,-9.291862,-2.353896,-5.327083,-6.457369,-4.537122,-9.182532,-14.322338,4.519045,-10.009969,-0.126145,-8.803980,-2.483735,8.224582,-2.793036,-5.711486,-9.084785,-12.503119,0.187787,-4.241524
Cbre_BEAT_AAC18062.1	Cbre_BEAT_AAC18062.1	/content/drive/MyDrive/CS_5782_Final_Project/code_and_data/BAHD_lastLayer_embeddings/Cbre_BEAT_AAC18062.1_hidden_layer_steps10.pt	acceptor_superclass::Phenanthrenoids;acceptor_superclass::Phenylethanoids (C6-C2);acceptor_superclass::Phenylpropanoids (C6-C3)	acceptor_superclass::Diterpenoids;acceptor_superclass::Triterpenoids;acceptor_superclass::Tryptophan alkaloids	0,0,0,0,0,0,0,0,0,0,0,0,1,0,1,1,0,0,0,0,0,0,0	0,0,1,0,0,0,0,0,0,0,0,0,0,0,0,0,0,0,0,0,1,1,0	-3.774638,-1.075113,0.133856,-2.335707,-1.432015,-1.293292,-4.168772,-4.596501,-3.875001,-1.035688,-0.800657,-0.140120,-3.858409,-5.906224,-2.306166,-1.934569,-0.455121,-0.061708,-2.981073,-2.536993,1.205392,1.577893,-0.292610
Cbre_BEBT_AAN09796.1	Cbre_BEBT_AAN09796.1	/content/drive/MyDrive/CS_5782_Final_Project/code_and_data/BAHD_lastLayer_embeddings/Cbre_BEBT_AAN09796.1_hidden_layer_steps10.pt	acceptor_superclass::Phenylpropanoids (C6-C3)	acceptor_superclass::Fatty acyls;acceptor_superclass::Phenylpropanoids (C6-C3)	0,0,0,0,0,0,0,0,0,0,0,0,0,0,0,1,0,0,0,0,0,0,0	0,0,0,0,1,0,0,0,0,0,0,0,0,0,0,1,0,0,0,0,0,0,0	-11.072001,-6.410981,-3.642241,-3.349519,0.324545,-4.173606,-13.358609,-4.625787,-0.601952,-0.375809,-9.387978,-7.271417,-8.403406,-5.187629,-3.556911,0.694726,-2.915846,-5.515442,-5.556252,-10.166583,-5.229582,-6.670464,-6.213669
Ccan_HCT_ABO47805.1	Ccan_HCT_ABO47805.1	/content/drive/MyDrive/CS_5782_Final_Project/code_and_data/BAHD_lastLayer_embeddings/Ccan_HCT_ABO47805.1_hidden_layer_steps10.pt	acceptor_superclass::Phenolic acids (C6-C1);acceptor_superclass::Phenylpropanoids (C6-C3)	acceptor_superclass::Flavonoids;acceptor_superclass::Phenolic acids (C6-C1);acceptor_superclass::Small peptides;acceptor_superclass::Tyrosine alkaloids	0,0,0,0,0,0,0,0,0,0,0,0,0,1,0,1,0,0,0,0,0,0,0	0,0,0,0,0,1,0,0,0,0,0,0,0,1,0,0,0,0,1,0,0,0,1	-4.692677,-5.057449,-6.282728,-1.097759,-1.428115,0.395187,-4.949523,-1.852467,-3.925111,-1.178682,-10.267566,-2.166305,-4.665920,4.755217,-2.815305,-1.184798,-2.496014,-6.003282,1.038221,-3.789396,-0.233644,-5.706248,0.250043
Ccan_HQT_ABO77957.1	Ccan_HQT_ABO77957.1	/content/drive/MyDrive/CS_5782_Final_Project/code_and_data/BAHD_lastLayer_embeddings/Ccan_HQT_ABO77957.1_hidden_layer_steps10.pt	acceptor_superclass::Phenolic acids (C6-C1);acceptor_superclass::Phenylpropanoids (C6-C3)	acceptor_superclass::Flavonoids;acceptor_superclass::Phenolic acids (C6-C1);acceptor_superclass::Small peptides;acceptor_superclass::Triterpenoids;acceptor_superclass::Tyrosine alkaloids	0,0,0,0,0,0,0,0,0,0,0,0,0,1,0,1,0,0,0,0,0,0,0	0,0,0,0,0,1,0,0,0,0,0,0,0,1,0,0,0,0,1,0,1,0,1	-3.739718,-3.809306,-5.842193,-1.610621,-1.879447,1.115378,-2.798756,-1.926755,-3.769645,-1.565997,-7.804387,-2.401846,-3.396794,4.068219,-2.696735,-1.526499,-2.483614,-5.356662,0.653687,-2.550160,0.131955,-5.143172,0.024559
Ccar_HCT_AAZ80046.1	Ccar_HCT_AAZ80046.1	/content/drive/MyDrive/CS_5782_Final_Project/code_and_data/BAHD_lastLayer_embeddings/Ccar_HCT_AAZ80046.1_hidden_layer_steps10.pt	acceptor_superclass::Phenolic acids (C6-C1)	acceptor_superclass::Fatty Acids and Conjugates;acceptor_superclass::Ornithine alkaloids;acceptor_superclass::Phenolic acids (C6-C1);acceptor_superclass::Phenylethanoids (C6-C2);acceptor_superclass::Pseudoalkaloids;acceptor_superclass::Small peptides;acceptor_superclass::Tyrosine alkaloids	0,0,0,0,0,0,0,0,0,0,0,0,0,1,0,0,0,0,0,0,0,0,0	0,0,0,1,0,0,0,0,0,0,0,1,0,1,1,0,1,0,1,0,0,0,1	-1.013852,-2.253107,-4.504020,0.214104,-0.655184,-1.856642,-2.666416,-0.046667,-1.218101,-1.596604,-5.031521,1.022285,-0.737383,4.564304,1.144318,-0.415652,0.081846,-3.624703,3.855105,-1.927322,-3.688792,-0.821347,1.160981
Ccar_HQT1_CAM84302.2	Ccar_HQT1_CAM84302.2	/content/drive/MyDrive/CS_5782_Final_Project/code_and_data/BAHD_lastLayer_embeddings/Ccar_HQT1_CAM84302.2_hidden_layer_steps10.pt	acceptor_superclass::Phenolic acids (C6-C1)	acceptor_superclass::Ornithine alkaloids;acceptor_superclass::Phenanthrenoids;acceptor_superclass::Phenolic acids (C6-C1);acceptor_superclass::Phenylethanoids (C6-C2);acceptor_superclass::Pseudoalkaloids;acceptor_superclass::Small peptides;acceptor_superclass::Tryptophan alkaloids;acceptor_superclass::Tyrosine alkaloids	0,0,0,0,0,0,0,0,0,0,0,0,0,1,0,0,0,0,0,0,0,0,0	0,0,0,0,0,0,0,0,0,0,0,1,1,1,1,0,1,0,1,0,0,1,1	-0.081051,-2.291773,-2.948101,-1.184708,-1.647550,-1.752794,-1.447404,-1.657489,-2.839683,-2.072793,-3.772596,1.320764,0.295776,3.215504,0.703676,-1.617437,0.000811,-4.029644,2.625073,-1.194983,-2.458906,0.018950,1.300967
Ccar_HQT2_ACJ23164.1	Ccar_HQT2_ACJ23164.1	/content/drive/MyDrive/CS_5782_Final_Project/code_and_data/BAHD_lastLayer_embeddings/Ccar_HQT2_ACJ23164.1_hidden_layer_steps10.pt	acceptor_superclass::Phenolic acids (C6-C1)	acceptor_superclass::Phenolic acids (C6-C1);acceptor_superclass::Small peptides;acceptor_superclass::Triterpenoids	0,0,0,0,0,0,0,0,0,0,0,0,0,1,0,0,0,0,0,0,0,0,0	0,0,0,0,0,0,0,0,0,0,0,0,0,1,0,0,0,0,1,0,1,0,0	-4.743498,-4.826931,-4.658092,-1.773758,-2.109095,-0.487554,-5.303170,-3.207884,-4.516136,-1.525628,-7.874030,-1.578967,-4.655013,2.620782,-3.364842,-2.083837,-2.076113,-5.229998,0.221242,-3.883450,0.611019,-4.509019,-0.150898
Ccar_HQT_ABK79689.1	Ccar_HQT_ABK79689.1	/content/drive/MyDrive/CS_5782_Final_Project/code_and_data/BAHD_lastLayer_embeddings/Ccar_HQT_ABK79689.1_hidden_layer_steps10.pt	acceptor_superclass::Phenolic acids (C6-C1)	acceptor_superclass::Phenolic acids (C6-C1);acceptor_superclass::Small peptides;acceptor_superclass::Triterpenoids	0,0,0,0,0,0,0,0,0,0,0,0,0,1,0,0,0,0,0,0,0,0,0	0,0,0,0,0,0,0,0,0,0,0,0,0,1,0,0,0,0,1,0,1,0,0	-4.553507,-4.734178,-5.691902,-1.718964,-1.801005,-0.164097,-4.879715,-2.358608,-4.193965,-1.359516,-9.013049,-2.115388,-4.461844,4.109024,-3.162130,-1.643010,-2.519144,-5.503926,0.623254,-4.039963,0.379808,-5.098343,-0.025831
Ccar_HQT_ABK79690.1	Ccar_HQT_ABK79690.1	/content/drive/MyDrive/CS_5782_Final_Project/code_and_data/BAHD_lastLayer_embeddings/Ccar_HQT_ABK79690.1_hidden_layer_steps10.pt	acceptor_superclass::Phenolic acids (C6-C1)	acceptor_superclass::Phenolic acids (C6-C1);acceptor_superclass::Small peptides;acceptor_superclass::Triterpenoids	0,0,0,0,0,0,0,0,0,0,0,0,0,1,0,0,0,0,0,0,0,0,0	0,0,0,0,0,0,0,0,0,0,0,0,0,1,0,0,0,0,1,0,1,0,0	-8.113655,-6.588321,-8.942954,-4.215050,-3.746863,-3.008421,-6.866471,-5.766071,-5.542003,-1.685637,-11.106203,-4.151535,-7.333161,5.295439,-3.730951,-0.313820,-4.225317,-5.998494,0.733459,-5.758728,0.263339,-9.557302,-0.446589
Cchi_AT3_AAV66309.1	Cchi_AT3_AAV66309.1	/content/drive/MyDrive/CS_5782_Final_Project/code_and_data/BAHD_lastLayer_embeddings/Cchi_AT3_AAV66309.1_hidden_layer_steps10.pt	acceptor_superclass::Tyrosine alkaloids	acceptor_superclass::Tryptophan alkaloids;acceptor_superclass::Tyrosine alkaloids	0,0,0,0,0,0,0,0,0,0,0,0,0,0,0,0,0,0,0,0,0,0,1	0,0,0,0,0,0,0,0,0,0,0,0,0,0,0,0,0,0,0,0,0,1,1	-9.082540,-5.833004,-5.682503,-9.318241,-6.157456,-4.425253,-5.884098,-4.613205,-8.620102,-5.347091,-2.523748,-3.112038,-3.600476,-7.289136,-4.396257,-2.724695,-1.368758,-3.000633,-4.043278,-7.582110,-1.044713,0.407937,2.182420
Ccro_AT1_AXB26761.1	Ccro_AT1_AXB26761.1	/content/drive/MyDrive/CS_5782_Final_Project/code_and_data/BAHD_lastLayer_embeddings/Ccro_AT1_AXB26761.1_hidden_layer_steps10.pt	acceptor_superclass::Flavonoids	acceptor_superclass::Diterpenoids;acceptor_superclass::Fatty acyls;acceptor_superclass::Lysine alkaloids;acceptor_superclass::Monoterpenoids;acceptor_superclass::Phenylethanoids (C6-C2);acceptor_superclass::Phenylpropanoids (C6-C3);acceptor_superclass::Saccharides	0,0,0,0,0,1,0,0,0,0,0,0,0,0,0,0,0,0,0,0,0,0,0	0,0,1,0,1,0,0,0,1,1,0,0,0,0,1,1,0,1,0,0,0,0,0	-0.893311,-0.041100,0.443578,-1.304600,1.364583,-1.609660,-3.536098,-0.097645,1.456817,0.698185,-2.137566,-0.620951,-2.041849,-2.861178,1.130248,0.119069,-0.041585,0.260902,-1.105887,-1.662372,-0.225746,-0.171173,-1.539176
Ccro_AT1_AXB26761.1	Ccro_AT2_AXB26761.1	/content/drive/MyDrive/CS_5782_Final_Project/code_and_data/BAHD_lastLayer_embeddings/Ccro_AT1_AXB26761.1_hidden_layer_steps10.pt	acceptor_superclass::Flavonoids	acceptor_superclass::Fatty acyls;acceptor_superclass::Flavonoids;acceptor_superclass::Monoterpenoids;acceptor_superclass::Phenylpropanoids (C6-C3)	0,0,0,0,0,1,0,0,0,0,0,0,0,0,0,0,0,0,0,0,0,0,0	0,0,0,0,1,1,0,0,0,1,0,0,0,0,0,1,0,0,0,0,0,0,0	-7.843266,-2.362330,-2.148060,-6.533540,0.058886,0.293379,-4.830302,-2.899499,-1.837137,2.579672,-8.385893,-1.892057,-5.607601,-4.612302,-0.782364,1.717690,-0.864375,-3.782092,-4.258550,-5.594274,-3.213716,-3.269471,-3.349044
Ccro_AT2_AXB26762.1	Ccro_AT2_AXB26762.1	/content/drive/MyDrive/CS_5782_Final_Project/code_and_data/BAHD_lastLayer_embeddings/Ccro_AT2_AXB26762.1_hidden_layer_steps10.pt	acceptor_superclass::Flavonoids	acceptor_superclass::Flavonoids;acceptor_superclass::Pseudoalkaloids	0,0,0,0,0,1,0,0,0,0,0,0,0,0,0,0,0,0,0,0,0,0,0	0,0,0,0,0,1,0,0,0,0,0,0,0,0,0,0,1,0,0,0,0,0,0	-8.710206,-3.994977,-4.978718,-8.605431,-4.773328,1.602610,-8.218381,-4.996397,-5.100004,-1.526613,-7.338720,-2.432180,-5.289717,-6.324327,-4.634297,-0.041447,0.118568,-5.880146,-6.907476,-7.164992,-6.620342,-5.074325,-6.526875
Ccro_HCT_WKA69991.1	Ccro_HCT_WKA69991.1	/content/drive/MyDrive/CS_5782_Final_Project/code_and_data/BAHD_lastLayer_embeddings/Ccro_HCT_WKA69991.1_hidden_layer_steps10.pt	acceptor_superclass::Phenolic acids (C6-C1)	acceptor_superclass::Phenolic acids (C6-C1);acceptor_superclass::Phenylpropanoids (C6-C3);acceptor_superclass::Small peptides	0,0,0,0,0,0,0,0,0,0,0,0,0,1,0,0,0,0,0,0,0,0,0	0,0,0,0,0,0,0,0,0,0,0,0,0,1,0,1,0,0,1,0,0,0,0	-7.764197,-5.909259,-10.167974,-3.767779,-3.216515,-1.630479,-4.898905,-4.543759,-4.251686,-1.036940,-11.662300,-3.275994,-7.398269,4.637961,-2.758495,0.799124,-2.787747,-7.676681,0.376735,-5.434668,-0.788271,-7.650115,-0.143562
Cint_HCT1_ANN12608.1	Cint_HCT1_ANN12608.1	/content/drive/MyDrive/CS_5782_Final_Project/code_and_data/BAHD_lastLayer_embeddings/Cint_HCT1_ANN12608.1_hidden_layer_steps10.pt	acceptor_superclass::Phenolic acids (C6-C1)	acceptor_superclass::Fatty Acids and Conjugates;acceptor_superclass::Fatty acyls;acceptor_superclass::Lysine alkaloids;acceptor_superclass::Phenolic acids (C6-C1);acceptor_superclass::Phenylethanoids (C6-C2);acceptor_superclass::Small peptides	0,0,0,0,0,0,0,0,0,0,0,0,0,1,0,0,0,0,0,0,0,0,0	0,0,0,1,1,0,0,0,1,0,0,0,0,1,1,0,0,0,1,0,0,0,0	-0.504157,-3.191938,-2.607387,0.560417,0.006465,-1.604124,-2.921714,-0.440290,0.020464,-1.616270,-5.063442,-0.335847,-0.754845,1.476199,0.539301,-0.559281,-0.055880,-1.235158,2.350545,-1.778791,-0.391977,-2.599621,-0.518659
Cint_HCT2_ANN12609.1	Cint_HCT2_ANN12609.1	/content/drive/MyDrive/CS_5782_Final_Project/code_and_data/BAHD_lastLayer_embeddings/Cint_HCT2_ANN12609.1_hidden_layer_steps10.pt	acceptor_superclass::Phenolic acids (C6-C1)	acceptor_superclass::Phenolic acids (C6-C1);acceptor_superclass::Phenylpropanoids (C6-C3);acceptor_superclass::Small peptides;acceptor_superclass::Triterpenoids;acceptor_superclass::Tyrosine alkaloids	0,0,0,0,0,0,0,0,0,0,0,0,0,1,0,0,0,0,0,0,0,0,0	0,0,0,0,0,0,0,0,0,0,0,0,0,1,0,1,0,0,1,0,1,0,1	-7.071376,-7.114754,-8.226413,-1.695067,-4.411580,-1.239683,-9.469012,-6.503789,-8.650383,-1.106338,-9.688237,-6.709424,-5.392642,4.356856,-3.660921,0.492455,-6.672492,-9.405403,0.579957,-6.000550,1.510991,-5.789084,1.747178
Cint_HQT1_ANN12610.1	Cint_HQT1_ANN12610.1	/content/drive/MyDrive/CS_5782_Final_Project/code_and_data/BAHD_lastLayer_embeddings/Cint_HQT1_ANN12610.1_hidden_layer_steps10.pt	acceptor_superclass::Phenolic acids (C6-C1)	acceptor_superclass::Ornithine alkaloids;acceptor_superclass::Phenolic acids (C6-C1);acceptor_superclass::Phenylethanoids (C6-C2);acceptor_superclass::Pseudoalkaloids;acceptor_superclass::Small peptides;acceptor_superclass::Tyrosine alkaloids	0,0,0,0,0,0,0,0,0,0,0,0,0,1,0,0,0,0,0,0,0,0,0	0,0,0,0,0,0,0,0,0,0,0,1,0,1,1,0,1,0,1,0,0,0,1	-0.499840,-2.514898,-3.053859,-0.774244,-1.280452,-2.015767,-2.315251,-1.333096,-2.456253,-2.011981,-4.662113,1.482300,-0.102159,3.754519,0.892140,-1.226355,0.223151,-4.385226,3.118918,-1.562112,-3.010927,-0.176116,1.187092
Cint_HQT2_ANN12611.1	Cint_HQT2_ANN12611.1	/content/drive/MyDrive/CS_5782_Final_Project/code_and_data/BAHD_lastLayer_embeddings/Cint_HQT2_ANN12611.1_hidden_layer_steps10.pt	acceptor_superclass::Phenolic acids (C6-C1)	acceptor_superclass::Ornithine alkaloids;acceptor_superclass::Phenolic acids (C6-C1);acceptor_superclass::Phenylethanoids (C6-C2);acceptor_superclass::Pseudoalkaloids;acceptor_superclass::Small peptides;acceptor_superclass::Triterpenoids	0,0,0,0,0,0,0,0,0,0,0,0,0,1,0,0,0,0,0,0,0,0,0	0,0,0,0,0,0,0,0,0,0,0,1,0,1,1,0,1,0,1,0,1,0,0	-0.318206,-2.853094,-2.127486,-0.202742,-0.760650,-1.396291,-1.988842,-1.027611,-0.643618,-1.879971,-4.382024,0.003270,-0.571293,0.779166,0.568401,-1.150305,0.037920,-1.234962,2.047844,-1.014258,0.207280,-2.372845,-0.922220
Cint_HQT3_ANN12612.1	Cint_HQT3_ANN12612.1	/content/drive/MyDrive/CS_5782_Final_Project/code_and_data/BAHD_lastLayer_embeddings/Cint_HQT3_ANN12612.1_hidden_layer_steps10.pt	acceptor_superclass::Phenolic acids (C6-C1)	acceptor_superclass::Ornithine alkaloids;acceptor_superclass::Phenolic acids (C6-C1);acceptor_superclass::Phenylethanoids (C6-C2);acceptor_superclass::Pseudoalkaloids;acceptor_superclass::Small peptides;acceptor_superclass::Triterpenoids	0,0,0,0,0,0,0,0,0,0,0,0,0,1,0,0,0,0,0,0,0,0,0	0,0,0,0,0,0,0,0,0,0,0,1,0,1,1,0,1,0,1,0,1,0,0	-0.168770,-3.311197,-2.362734,-0.592998,-1.968713,-1.432150,-1.432235,-1.883545,-1.369298,-2.438906,-4.724390,0.464462,-0.370697,1.076229,0.450247,-1.715708,0.238489,-1.671600,2.642285,-0.533984,0.678434,-2.349374,-1.203257
Cint_SHT1_AXY93625.1	Cint_SHT1_AXY93625.1	/content/drive/MyDrive/CS_5782_Final_Project/code_and_data/BAHD_lastLayer_embeddings/Cint_SHT1_AXY93625.1_hidden_layer_steps10.pt	acceptor_superclass::Ornithine alkaloids;acceptor_superclass::Phenolic acids (C6-C1);acceptor_superclass::Pseudoalkaloids	acceptor_superclass::Ornithine alkaloids;acceptor_superclass::Phenolic acids (C6-C1);acceptor_superclass::Phenylethanoids (C6-C2);acceptor_superclass::Small peptides;acceptor_superclass::Tryptophan alkaloids;acceptor_superclass::Tyrosine alkaloids	0,0,0,0,0,0,0,0,0,0,0,1,0,1,0,0,1,0,0,0,0,0,0	0,0,0,0,0,0,0,0,0,0,0,1,0,1,1,0,0,0,1,0,0,1,1	-0.611484,-0.636807,-1.460691,-1.290841,-0.462431,-1.241474,-1.498229,-0.690622,-2.112413,-1.300673,-2.480942,0.951326,-0.538580,0.509295,1.031833,-0.985975,-0.711022,-2.184075,1.199941,-0.804635,-1.446470,0.232946,0.693881
Cint_SHT2_AXY93626.1	Cint_SHT2_AXY93626.1	/content/drive/MyDrive/CS_5782_Final_Project/code_and_data/BAHD_lastLayer_embeddings/Cint_SHT2_AXY93626.1_hidden_layer_steps10.pt	acceptor_superclass::Ornithine alkaloids;acceptor_superclass::Phenolic acids (C6-C1);acceptor_superclass::Pseudoalkaloids	acceptor_superclass::Ornithine alkaloids;acceptor_superclass::Pseudoalkaloids;acceptor_superclass::Triterpenoids;acceptor_superclass::Tyrosine alkaloids	0,0,0,0,0,0,0,0,0,0,0,1,0,1,0,0,1,0,0,0,0,0,0	0,0,0,0,0,0,0,0,0,0,0,1,0,0,0,0,1,0,0,0,1,0,1	-3.518413,-4.077251,-4.372192,-1.411839,-3.271250,-0.946942,-3.978971,-3.456408,-4.307778,-1.874853,-5.072079,1.263763,-3.680318,-0.920453,-1.371522,-2.449098,0.425714,-5.142800,-0.919423,-2.249120,0.234462,-2.330858,0.738916
Cmel_AAT1_CAA94432.1	Cmel_AAT1_CAA94432.1	/content/drive/MyDrive/CS_5782_Final_Project/code_and_data/BAHD_lastLayer_embeddings/Cmel_AAT1_CAA94432.1_hidden_layer_steps10.pt	acceptor_superclass::Fatty acyls;acceptor_superclass::Phenylethanoids (C6-C2);acceptor_superclass::Phenylpropanoids (C6-C3)	acceptor_superclass::Fatty acyls;acceptor_superclass::Monoterpenoids;acceptor_superclass::Phenylpropanoids (C6-C3)	0,0,0,0,1,0,0,0,0,0,0,0,0,0,1,1,0,0,0,0,0,0,0	0,0,0,0,1,0,0,0,0,1,0,0,0,0,0,1,0,0,0,0,0,0,0	-5.723889,-1.521027,-0.818398,-0.809459,3.952908,-0.296747,-8.406185,-2.556038,-1.298305,2.479138,-7.902498,-3.916687,-6.558547,-2.356900,-1.258899,1.934482,-2.106909,-0.084413,-2.309916,-5.231325,-2.486176,-1.994102,-2.216528
Cmel_AAT3_AAW51125.1	Cmel_AAT3_AAW51125.1	/content/drive/MyDrive/CS_5782_Final_Project/code_and_data/BAHD_lastLayer_embeddings/Cmel_AAT3_AAW51125.1_hidden_layer_steps10.pt	acceptor_superclass::Fatty acyls	acceptor_superclass::Fatty acyls;acceptor_superclass::Lignans;acceptor_superclass::Lysine alkaloids;acceptor_superclass::Monoterpenoids;acceptor_superclass::Phenylethanoids (C6-C2);acceptor_superclass::Phenylpropanoids (C6-C3);acceptor_superclass::Saccharides	0,0,0,0,1,0,0,0,0,0,0,0,0,0,0,0,0,0,0,0,0,0,0	0,0,0,0,1,0,0,1,1,1,0,0,0,0,1,1,0,1,0,0,0,0,0	-0.937199,-1.183030,-0.450937,-0.074317,2.064793,-2.020991,-4.682560,0.194381,2.110695,0.219106,-3.959825,-1.153126,-2.055865,-1.168395,1.045799,0.621158,-0.074003,0.044491,-0.126137,-2.535759,-0.899832,-0.991594,-1.204874
Cmel_AAT4_AAW51126.1	Cmel_AAT4_AAW51126.1	/content/drive/MyDrive/CS_5782_Final_Project/code_and_data/BAHD_lastLayer_embeddings/Cmel_AAT4_AAW51126.1_hidden_layer_steps10.pt	acceptor_superclass::Fatty acyls;acceptor_superclass::Monoterpenoids;acceptor_superclass::Phenylpropanoids (C6-C3)	acceptor_superclass::Cyclic polyketides;acceptor_superclass::Diterpenoids;acceptor_superclass::Fatty acyls;acceptor_superclass::Monoterpenoids;acceptor_superclass::Saccharides;acceptor_superclass::Triterpenoids;acceptor_superclass::Tryptophan alkaloids	0,0,0,0,1,0,0,0,0,1,0,0,0,0,0,1,0,0,0,0,0,0,0	0,1,1,0,1,0,0,0,0,1,0,0,0,0,0,0,0,1,0,0,1,1,0	-4.042436,0.553725,2.587902,-2.165826,0.504447,-1.759439,-5.349784,-5.649544,-4.250384,0.080314,-0.535276,-1.624096,-4.037769,-6.998578,-2.191206,-2.102258,-1.858092,2.070432,-3.061291,-3.578367,1.649116,1.434407,-1.421144
Cros_DAT_AAC99311.1	Cros_DAT_AAC99311.1	/content/drive/MyDrive/CS_5782_Final_Project/code_and_data/BAHD_lastLayer_embeddings/Cros_DAT_AAC99311.1_hidden_layer_steps10.pt	acceptor_superclass::Tryptophan alkaloids	acceptor_superclass::Diterpenoids;acceptor_superclass::Saccharides;acceptor_superclass::Tryptophan alkaloids	0,0,0,0,0,0,0,0,0,0,0,0,0,0,0,0,0,0,0,0,0,1,0	0,0,1,0,0,0,0,0,0,0,0,0,0,0,0,0,0,1,0,0,0,1,0	-8.160847,-1.625395,0.970324,-6.944087,-2.525719,-4.835877,-6.244595,-3.425881,-4.009447,-0.580505,-3.817064,-2.285650,-2.828622,-9.391673,-1.762462,-0.152636,-1.729404,2.317755,-4.528677,-5.036331,-0.596238,1.629028,-0.424910
Cros_MAT_AAO13736.1	Cros_MAT_AAO13736.1	/content/drive/MyDrive/CS_5782_Final_Project/code_and_data/BAHD_lastLayer_embeddings/Cros_MAT_AAO13736.1_hidden_layer_steps10.pt	acceptor_superclass::Tryptophan alkaloids	acceptor_superclass::Diterpenoids;acceptor_superclass::Triterpenoids;acceptor_superclass::Tryptophan alkaloids	0,0,0,0,0,0,0,0,0,0,0,0,0,0,0,0,0,0,0,0,0,1,0	0,0,1,0,0,0,0,0,0,0,0,0,0,0,0,0,0,0,0,0,1,1,0	-10.035177,-4.018397,0.824978,-12.473457,-9.004820,-5.868775,-7.081128,-4.911998,-9.278988,-2.613851,-2.418224,-5.005377,-3.232508,-11.014025,-5.765582,-2.263843,-3.677633,-1.515006,-6.806759,-8.360389,0.453206,3.205877,-2.292375
Cros_TAT_AQP25667.1	Cros_TAT_AQP25667.1	/content/drive/MyDrive/CS_5782_Final_Project/code_and_data/BAHD_lastLayer_embeddings/Cros_TAT_AQP25667.1_hidden_layer_steps10.pt	acceptor_superclass::Tryptophan alkaloids	acceptor_superclass::Cyclic polyketides;acceptor_superclass::Diterpenoids;acceptor_superclass::Fatty acyls;acceptor_superclass::Phenylethanoids (C6-C2);acceptor_superclass::Saccharides;acceptor_superclass::Triterpenoids;acceptor_superclass::Tryptophan alkaloids;acceptor_superclass::Tyrosine alkaloids	0,0,0,0,0,0,0,0,0,0,0,0,0,0,0,0,0,0,0,0,0,1,0	0,1,1,0,1,0,0,0,0,0,0,0,0,0,1,0,0,1,0,0,1,1,1	-1.266750,0.900025,2.011052,-2.835302,0.531624,-2.544225,-2.027551,-1.618672,-1.989236,-0.593349,-0.051566,-1.549350,-0.945661,-4.515448,1.136128,-1.329880,-2.281855,1.663645,-1.965490,-0.848011,1.400281,1.989230,0.084278
Csat_HCT_AEJ88365.1	Csat_HCT_AEJ88365.1	/content/drive/MyDrive/CS_5782_Final_Project/code_and_data/BAHD_lastLayer_embeddings/Csat_HCT_AEJ88365.1_hidden_layer_steps10.pt	acceptor_superclass::Phenolic acids (C6-C1)	acceptor_superclass::Phenolic acids (C6-C1);acceptor_superclass::Phenylpropanoids (C6-C3);acceptor_superclass::Small peptides;acceptor_superclass::Tyrosine alkaloids	0,0,0,0,0,0,0,0,0,0,0,0,0,1,0,0,0,0,0,0,0,0,0	0,0,0,0,0,0,0,0,0,0,0,0,0,1,0,1,0,0,1,0,0,0,1	-7.515643,-5.569171,-8.526935,-3.213696,-2.447666,-0.788366,-6.073698,-4.105560,-4.120342,-0.307328,-10.975657,-4.620642,-6.446030,5.096942,-2.647404,1.104881,-4.279463,-6.830379,1.677754,-6.206859,-0.032761,-8.534528,0.824606
Csco_HQT1_CAM84302.2	Csco_HQT1_CAM84302.2	/content/drive/MyDrive/CS_5782_Final_Project/code_and_data/BAHD_lastLayer_embeddings/Csco_HQT1_CAM84302.2_hidden_layer_steps10.pt	acceptor_superclass::Phenolic acids (C6-C1)	acceptor_superclass::Phenolic acids (C6-C1);acceptor_superclass::Triterpenoids;acceptor_superclass::Tyrosine alkaloids	0,0,0,0,0,0,0,0,0,0,0,0,0,1,0,0,0,0,0,0,0,0,0	0,0,0,0,0,0,0,0,0,0,0,0,0,1,0,0,0,0,0,0,1,0,1	-4.221456,-5.714082,-4.459626,-2.595430,-3.304890,-0.883287,-5.384136,-4.111887,-3.977464,-1.285302,-7.453160,-1.478447,-4.273370,1.989854,-3.166265,-2.242891,-2.200207,-6.322829,-0.553282,-3.794035,1.292147,-4.303142,0.082024
Csco_HQT2_ACJ23164.1	Csco_HQT2_ACJ23164.1	/content/drive/MyDrive/CS_5782_Final_Project/code_and_data/BAHD_lastLayer_embeddings/Csco_HQT2_ACJ23164.1_hidden_layer_steps10.pt	acceptor_superclass::Phenolic acids (C6-C1)	acceptor_superclass::Phenolic acids (C6-C1);acceptor_superclass::Phenylethanoids (C6-C2);acceptor_superclass::Small peptides;acceptor_superclass::Triterpenoids	0,0,0,0,0,0,0,0,0,0,0,0,0,1,0,0,0,0,0,0,0,0,0	0,0,0,0,0,0,0,0,0,0,0,0,0,1,1,0,0,0,1,0,1,0,0	-0.791628,-2.474208,-1.843623,-0.301528,-0.518152,-1.667756,-2.293410,-1.068237,-0.486832,-1.855250,-4.242532,-0.154789,-1.061105,0.598397,0.374051,-1.269199,-0.003609,-0.940760,1.847981,-1.064270,0.327583,-1.992555,-1.204231
Csin_AT1_THG04858.1	Csin_AT1_THG04858.1	/content/drive/MyDrive/CS_5782_Final_Project/code_and_data/BAHD_lastLayer_embeddings/Csin_AT1_THG04858.1_hidden_layer_steps10.pt	acceptor_superclass::Flavonoids	acceptor_superclass::Fatty acyls;acceptor_superclass::Monoterpenoids;acceptor_superclass::Phenylpropanoids (C6-C3);acceptor_superclass::Saccharides	0,0,0,0,0,1,0,0,0,0,0,0,0,0,0,0,0,0,0,0,0,0,0	0,0,0,0,1,0,0,0,0,1,0,0,0,0,0,1,0,1,0,0,0,0,0	-6.413616,-1.415079,-1.453357,-0.921774,4.039602,-0.059967,-7.897161,-2.051088,-0.089357,2.280736,-8.404248,-4.785284,-7.219609,-2.376747,-1.208989,3.154655,-2.463004,1.629197,-2.716358,-5.462031,-3.217907,-1.073467,-2.510839
Csin_AT2_THG19836.1	Csin_AT2_THG19836.1	/content/drive/MyDrive/CS_5782_Final_Project/code_and_data/BAHD_lastLayer_embeddings/Csin_AT2_THG19836.1_hidden_layer_steps10.pt	acceptor_superclass::Flavonoids	acceptor_superclass::Fatty acyls;acceptor_superclass::Ornithine alkaloids;acceptor_superclass::Phenylethanoids (C6-C2);acceptor_superclass::Small peptides;acceptor_superclass::Tryptophan alkaloids;acceptor_superclass::Tyrosine alkaloids	0,0,0,0,0,1,0,0,0,0,0,0,0,0,0,0,0,0,0,0,0,0,0	0,0,0,0,1,0,0,0,0,0,0,1,0,0,1,0,0,0,1,0,0,1,1	-1.187004,-0.680209,-0.508995,-0.961497,0.859849,-1.744267,-2.847352,-0.034317,-0.388913,-0.232268,-3.133657,0.165166,-0.975897,-0.572993,1.432892,-0.007638,-0.826014,-1.002088,0.752927,-1.367553,-1.854565,0.715394,0.132575
Csin_CHAT1_GMQ03793.1	Csin_CHAT1_GMQ03793.1	/content/drive/MyDrive/CS_5782_Final_Project/code_and_data/BAHD_lastLayer_embeddings/Csin_CHAT1_GMQ03793.1_hidden_layer_steps10.pt	acceptor_superclass::Fatty acyls	acceptor_superclass::Fatty acyls;acceptor_superclass::Lysine alkaloids;acceptor_superclass::Phenylethanoids (C6-C2);acceptor_superclass::Small peptides;acceptor_superclass::Triterpenoids	0,0,0,0,1,0,0,0,0,0,0,0,0,0,0,0,0,0,0,0,0,0,0	0,0,0,0,1,0,0,0,1,0,0,0,0,0,1,0,0,0,1,0,1,0,0	-0.867816,-1.487936,-0.701743,-0.734932,0.738754,-1.834232,-3.437949,-0.705849,1.227162,-0.372394,-3.701977,-0.765235,-1.814652,-1.063284,0.888668,-0.184726,-0.009154,-0.222844,0.359178,-1.848169,0.047180,-1.044479,-1.524180
Csin_HCT1_XP_028081726.1	Csin_HCT1_XP_028081726.1	/content/drive/MyDrive/CS_5782_Final_Project/code_and_data/BAHD_lastLayer_embeddings/Csin_HCT1_XP_028081726.1_hidden_layer_steps10.pt	acceptor_superclass::Phenolic acids (C6-C1)	acceptor_superclass::Fatty Acids and Conjugates;acceptor_superclass::Fatty acyls;acceptor_superclass::Lysine alkaloids;acceptor_superclass::Phenolic acids (C6-C1);acceptor_superclass::Phenylethanoids (C6-C2);acceptor_superclass::Pseudoalkaloids;acceptor_superclass::Small peptides	0,0,0,0,0,0,0,0,0,0,0,0,0,1,0,0,0,0,0,0,0,0,0	0,0,0,1,1,0,0,0,1,0,0,0,0,1,1,0,1,0,1,0,0,0,0	-0.842808,-2.708969,-2.401680,0.423643,0.322467,-1.997745,-3.635737,-0.205586,0.290178,-1.348168,-5.195745,-0.294619,-1.235506,1.247621,0.503154,-0.336353,0.101283,-1.053016,2.031402,-1.971964,-0.730256,-2.045232,-0.562642
Csin_HCT2_THG02040.1	Csin_HCT2_THG02040.1	/content/drive/MyDrive/CS_5782_Final_Project/code_and_data/BAHD_lastLayer_embeddings/Csin_HCT2_THG02040.1_hidden_layer_steps10.pt	acceptor_superclass::Flavonoids;acceptor_superclass::Phenolic acids (C6-C1)	acceptor_superclass::Ornithine alkaloids;acceptor_superclass::Phenolic acids (C6-C1);acceptor_superclass::Phenylethanoids (C6-C2);acceptor_superclass::Pseudoalkaloids;acceptor_superclass::Small peptides;acceptor_superclass::Tyrosine alkaloids	0,0,0,0,0,1,0,0,0,0,0,0,0,1,0,0,0,0,0,0,0,0,0	0,0,0,0,0,0,0,0,0,0,0,1,0,1,1,0,1,0,1,0,0,0,1	-0.629609,-2.234068,-4.246717,-0.138376,-0.935185,-1.621506,-2.218693,-0.454018,-1.782317,-1.821202,-4.756267,1.215600,-0.356183,4.589424,1.015471,-0.771889,0.041738,-3.960581,3.749916,-1.709052,-3.478106,-0.844250,1.267495
Dcar_HCBT3_CAB06429.1	Dcar_HCBT1_CAB06427.1	/content/drive/MyDrive/CS_5782_Final_Project/code_and_data/BAHD_lastLayer_embeddings/Dcar_HCBT3_CAB06429.1_hidden_layer_steps10.pt	acceptor_superclass::Phenolic acids (C6-C1);acceptor_superclass::Small peptides	acceptor_superclass::Ornithine alkaloids;acceptor_superclass::Small peptides;acceptor_superclass::Tyrosine alkaloids	0,0,0,0,0,0,0,0,0,0,0,0,0,1,0,0,0,0,1,0,0,0,0	0,0,0,0,0,0,0,0,0,0,0,1,0,0,0,0,0,0,1,0,0,0,1	-9.463619,-4.739696,-4.966618,-1.661283,-2.756902,-6.667096,-9.267090,-6.602558,-6.286440,-1.025827,-10.354019,0.441742,-7.734577,-1.727113,-1.835962,-1.177871,-1.349215,-5.237823,2.011526,-7.105093,-0.187327,-6.361521,0.499497
Dcar_HCBT2_CAB06430.1	Dcar_HCBT2_CAB06430.1	/content/drive/MyDrive/CS_5782_Final_Project/code_and_data/BAHD_lastLayer_embeddings/Dcar_HCBT2_CAB06430.1_hidden_layer_steps10.pt	acceptor_superclass::Small peptides	acceptor_superclass::Ornithine alkaloids;acceptor_superclass::Phenolic acids (C6-C1);acceptor_superclass::Phenylethanoids (C6-C2);acceptor_superclass::Small peptides;acceptor_superclass::Tryptophan alkaloids;acceptor_superclass::Tyrosine alkaloids	0,0,0,0,0,0,0,0,0,0,0,0,0,0,0,0,0,0,1,0,0,0,0	0,0,0,0,0,0,0,0,0,0,0,1,0,1,1,0,0,0,1,0,0,1,1	-0.807134,-0.317437,-1.172701,-1.266784,-0.325366,-1.663104,-1.780142,-0.773892,-2.038379,-0.982438,-2.113006,0.446519,-0.583491,0.099203,0.938656,-0.915386,-0.788216,-1.453843,1.248226,-1.215989,-1.471406,0.428655,0.424517
Dcar_HCBT3_CAB06429.1	Dcar_HCBT3_CAB06429.1	/content/drive/MyDrive/CS_5782_Final_Project/code_and_data/BAHD_lastLayer_embeddings/Dcar_HCBT3_CAB06429.1_hidden_layer_steps10.pt	acceptor_superclass::Small peptides	acceptor_superclass::Ornithine alkaloids;acceptor_superclass::Phenolic acids (C6-C1);acceptor_superclass::Phenylethanoids (C6-C2);acceptor_superclass::Small peptides;acceptor_superclass::Tryptophan alkaloids;acceptor_superclass::Tyrosine alkaloids	0,0,0,0,0,0,0,0,0,0,0,0,0,0,0,0,0,0,1,0,0,0,0	0,0,0,0,0,0,0,0,0,0,0,1,0,1,1,0,0,0,1,0,0,1,1	-0.841226,-0.811388,-1.132787,-1.291904,-0.622576,-1.918958,-2.158771,-1.175969,-2.376550,-1.211501,-2.812379,0.820416,-0.536395,0.664742,0.893737,-1.140286,-0.449439,-2.282883,1.561473,-1.312848,-1.715411,0.545560,0.613345
Dlan_MAT1_QUW17232.1	Dlan_MAT1_QUW17232.1	/content/drive/MyDrive/CS_5782_Final_Project/code_and_data/BAHD_lastLayer_embeddings/Dlan_MAT1_QUW17232.1_hidden_layer_steps10.pt	acceptor_superclass::Flavonoids;acceptor_superclass::Steroids	acceptor_superclass::Coumarins;acceptor_superclass::Cyclic polyketides;acceptor_superclass::Flavonoids;acceptor_superclass::Isoflavonoids;acceptor_superclass::Naphthalenes;acceptor_superclass::Ornithine alkaloids;acceptor_superclass::Phenanthrenoids;acceptor_superclass::Phenylethanoids (C6-C2);acceptor_superclass::Steroids;acceptor_superclass::Tryptophan alkaloids;acceptor_superclass::Tyrosine alkaloids	0,0,0,0,0,1,0,0,0,0,0,0,0,0,0,0,0,0,0,1,0,0,0	1,1,0,0,0,1,1,0,0,0,1,1,1,0,1,0,0,0,0,1,0,1,1	1.640976,0.291372,-1.812523,-1.992503,-1.242964,0.964012,1.930353,-0.462725,-2.453380,-1.366453,0.042690,0.660578,1.343737,-0.810887,0.378363,-1.258056,-1.057787,-1.278634,-0.049839,0.865325,-0.323544,0.469059,0.430657
Dlan_MAT2_QWS71079.1	Dlan_MAT2_QWS71079.1	/content/drive/MyDrive/CS_5782_Final_Project/code_and_data/BAHD_lastLayer_embeddings/Dlan_MAT2_QWS71079.1_hidden_layer_steps10.pt	acceptor_superclass::Flavonoids;acceptor_superclass::Steroids	acceptor_superclass::Flavonoids;acceptor_superclass::Isoflavonoids;acceptor_superclass::Steroids	0,0,0,0,0,1,0,0,0,0,0,0,0,0,0,0,0,0,0,1,0,0,0	0,0,0,0,0,1,1,0,0,0,0,0,0,0,0,0,0,0,0,1,0,0,0	-1.472488,-2.844244,-8.356530,-7.026346,-4.111469,2.899104,2.991318,-5.304816,-6.114218,-1.502647,-4.248127,-1.793236,-1.185110,-0.474157,-1.808707,-0.669672,-1.739716,-5.397577,-3.321599,0.979369,-1.169592,-5.331534,-1.568464
Dmor_3MAT1_AAQ63615.1	Dmor_3MAT1_AAQ63615.1	/content/drive/MyDrive/CS_5782_Final_Project/code_and_data/BAHD_lastLayer_embeddings/Dmor_3MAT1_AAQ63615.1_hidden_layer_steps10.pt	acceptor_superclass::Flavonoids	acceptor_superclass::Flavonoids;acceptor_superclass::Isoflavonoids;acceptor_superclass::Naphthalenes;acceptor_superclass::Phenanthrenoids;acceptor_superclass::Steroids;acceptor_superclass::Triterpenoids	0,0,0,0,0,1,0,0,0,0,0,0,0,0,0,0,0,0,0,0,0,0,0	0,0,0,0,0,1,1,0,0,0,1,0,1,0,0,0,0,0,0,1,1,0,0	-0.432428,-0.070407,-2.447474,-1.261957,-1.646507,2.706005,1.790472,-2.450256,-3.511448,-1.615870,0.088081,-1.576899,0.175377,-1.927428,-1.524138,-1.658565,-1.399787,-2.295110,-1.662778,1.632996,0.183250,-2.333325,-0.114434
Dmor_3MAT2_AAQ63616.1	Dmor_3MAT2_AAQ63616.1	/content/drive/MyDrive/CS_5782_Final_Project/code_and_data/BAHD_lastLayer_embeddings/Dmor_3MAT2_AAQ63616.1_hidden_layer_steps10.pt	acceptor_superclass::Flavonoids	acceptor_superclass::Flavonoids;acceptor_superclass::Isoflavonoids	0,0,0,0,0,1,0,0,0,0,0,0,0,0,0,0,0,0,0,0,0,0,0	0,0,0,0,0,1,1,0,0,0,0,0,0,0,0,0,0,0,0,0,0,0,0	-1.424587,-3.668130,-7.056095,-6.347171,-3.358266,1.892591,1.186037,-8.011159,-7.104029,-0.872029,-4.454176,-1.913643,-2.413626,-1.711853,-2.246280,-1.476386,-1.936599,-6.818087,-3.136050,-1.106259,-0.730841,-8.702123,-2.756321
Dmor_3MAT3_BAF50706.1	Dmor_3MAT3_BAF50706.1	/content/drive/MyDrive/CS_5782_Final_Project/code_and_data/BAHD_lastLayer_embeddings/Dmor_3MAT3_BAF50706.1_hidden_layer_steps10.pt	acceptor_superclass::Flavonoids;acceptor_superclass::Isoflavonoids	acceptor_superclass::Cyclic polyketides;acceptor_superclass::Flavonoids;acceptor_superclass::Isoflavonoids;acceptor_superclass::Naphthalenes;acceptor_superclass::Phenanthrenoids;acceptor_superclass::Steroids;acceptor_superclass::Triterpenoids;acceptor_superclass::Tyrosine alkaloids	0,0,0,0,0,1,1,0,0,0,0,0,0,0,0,0,0,0,0,0,0,0,0	0,1,0,0,0,1,1,0,0,0,1,0,1,0,0,0,0,0,0,1,1,0,1	-0.331936,0.219479,-2.359491,-1.481369,-1.971115,2.704518,2.000479,-2.294392,-3.152627,-1.655509,0.873545,-1.490612,0.274558,-2.507357,-1.337578,-1.405318,-1.229626,-2.070060,-2.020041,1.776120,0.227277,-1.671967,0.117311
Dpin_3MAT_AAO12206.1	Dpin_3MAT_AAO12206.1	/content/drive/MyDrive/CS_5782_Final_Project/code_and_data/BAHD_lastLayer_embeddings/Dpin_3MAT_AAO12206.1_hidden_layer_steps10.pt	acceptor_superclass::Flavonoids	acceptor_superclass::Cyclic polyketides;acceptor_superclass::Flavonoids;acceptor_superclass::Isoflavonoids;acceptor_superclass::Naphthalenes;acceptor_superclass::Phenanthrenoids;acceptor_superclass::Steroids;acceptor_superclass::Triterpenoids	0,0,0,0,0,1,0,0,0,0,0,0,0,0,0,0,0,0,0,0,0,0,0	0,1,0,0,0,1,1,0,0,0,1,0,1,0,0,0,0,0,0,1,1,0,0	-0.296326,0.316511,-2.866752,-1.685240,-1.946250,3.017849,2.301139,-1.939769,-3.311352,-1.644824,0.457174,-1.444153,0.340675,-1.812640,-1.500987,-1.471060,-1.200351,-2.360343,-1.813273,1.801288,0.006333,-1.961735,-0.038780
Dvar_3MAT_AAO12206.1	Dvar_3MAT_AAO12206.1	/content/drive/MyDrive/CS_5782_Final_Project/code_and_data/BAHD_lastLayer_embeddings/Dvar_3MAT_AAO12206.1_hidden_layer_steps10.pt		acceptor_superclass::Cyclic polyketides;acceptor_superclass::Flavonoids;acceptor_superclass::Isoflavonoids;acceptor_superclass::Naphthalenes;acceptor_superclass::Phenanthrenoids;acceptor_superclass::Steroids;acceptor_superclass::Triterpenoids	0,0,0,0,0,0,0,0,0,0,0,0,0,0,0,0,0,0,0,0,0,0,0	0,1,0,0,0,1,1,0,0,0,1,0,1,0,0,0,0,0,0,1,1,0,0	-0.296326,0.316511,-2.866752,-1.685240,-1.946250,3.017849,2.301139,-1.939769,-3.311352,-1.644824,0.457174,-1.444153,0.340675,-1.812640,-1.500987,-1.471060,-1.200351,-2.360343,-1.813273,1.801288,0.006333,-1.961735,-0.038780
Ecoc_CS_AGT56097.1	Ecoc_BAHD7_AGT56097.1	/content/drive/MyDrive/CS_5782_Final_Project/code_and_data/BAHD_lastLayer_embeddings/Ecoc_CS_AGT56097.1_hidden_layer_steps10.pt	acceptor_superclass::Ornithine alkaloids	acceptor_superclass::Ornithine alkaloids	0,0,0,0,0,0,0,0,0,0,0,1,0,0,0,0,0,0,0,0,0,0,0	0,0,0,0,0,0,0,0,0,0,0,1,0,0,0,0,0,0,0,0,0,0,0	-7.869907,-5.654817,-1.659993,-10.955478,-8.014177,-5.308401,-7.672975,-5.884563,-9.949043,-3.300987,-5.188523,0.962940,-2.869233,-8.544172,-4.399311,-3.442589,-0.590020,-4.022438,-6.249853,-7.735114,-0.096284,-0.269692,-2.743094
Ecoc_CS_AGT56097.1	Ecoc_CS_AGT56097.1	/content/drive/MyDrive/CS_5782_Final_Project/code_and_data/BAHD_lastLayer_embeddings/Ecoc_CS_AGT56097.1_hidden_layer_steps10.pt	acceptor_superclass::Ornithine alkaloids	acceptor_superclass::Diterpenoids;acceptor_superclass::Ornithine alkaloids;acceptor_superclass::Phenanthrenoids;acceptor_superclass::Phenylethanoids (C6-C2);acceptor_superclass::Steroids;acceptor_superclass::Triterpenoids;acceptor_superclass::Tryptophan alkaloids;acceptor_superclass::Tyrosine alkaloids	0,0,0,0,0,0,0,0,0,0,0,1,0,0,0,0,0,0,0,0,0,0,0	0,0,1,0,0,0,0,0,0,0,0,1,1,0,1,0,0,0,0,1,1,1,1	-0.083097,-0.042358,0.816183,-2.891773,-0.849073,-1.732843,-0.915394,-1.623138,-2.457846,-1.334358,-0.447846,0.118890,0.105825,-2.630234,0.727103,-1.657763,-1.369084,-0.737759,-1.187243,0.106902,0.886684,1.779723,0.757314
Ecoc_HQT_AFF19203.1	Ecoc_HQT_AFF19203.1	/content/drive/MyDrive/CS_5782_Final_Project/code_and_data/BAHD_lastLayer_embeddings/Ecoc_HQT_AFF19203.1_hidden_layer_steps10.pt	acceptor_superclass::Phenolic acids (C6-C1)	acceptor_superclass::Phenolic acids (C6-C1);acceptor_superclass::Small peptides;acceptor_superclass::Tyrosine alkaloids	0,0,0,0,0,0,0,0,0,0,0,0,0,1,0,0,0,0,0,0,0,0,0	0,0,0,0,0,0,0,0,0,0,0,0,0,1,0,0,0,0,1,0,0,0,1	-7.248560,-7.717114,-9.507602,-2.705853,-5.815567,-3.879587,-9.296938,-7.449738,-8.772479,-1.953603,-9.672296,-3.596174,-5.981780,3.012484,-3.540902,-1.401145,-3.896009,-8.478242,0.302545,-7.085527,-0.010257,-5.169041,0.783208
Egra_5AT_BAF49288.1	Egra_5AT_BAF49288.1	/content/drive/MyDrive/CS_5782_Final_Project/code_and_data/BAHD_lastLayer_embeddings/Egra_5AT_BAF49288.1_hidden_layer_steps10.pt	acceptor_superclass::Flavonoids	acceptor_superclass::Flavonoids;acceptor_superclass::Isoflavonoids;acceptor_superclass::Steroids;acceptor_superclass::Triterpenoids	0,0,0,0,0,1,0,0,0,0,0,0,0,0,0,0,0,0,0,0,0,0,0	0,0,0,0,0,1,1,0,0,0,0,0,0,0,0,0,0,0,0,1,1,0,0	-0.910998,-5.228928,-8.177246,-5.687943,-5.342162,2.098711,2.190179,-9.026516,-8.201486,-2.269003,-4.798987,-2.307395,-1.790898,-0.532148,-2.711713,-1.985948,-3.038070,-7.190117,-2.982041,0.768424,0.655443,-8.086097,-2.261349
Epep_BAHD11_NA	Epep_BAHD11_NA	/content/drive/MyDrive/CS_5782_Final_Project/code_and_data/BAHD_lastLayer_embeddings/Epep_BAHD11_NA_hidden_layer_steps10.pt	acceptor_superclass::Diterpenoids	acceptor_superclass::Diterpenoids;acceptor_superclass::Naphthalenes;acceptor_superclass::Triterpenoids;acceptor_superclass::Tryptophan alkaloids	0,0,1,0,0,0,0,0,0,0,0,0,0,0,0,0,0,0,0,0,0,0,0	0,0,1,0,0,0,0,0,0,0,1,0,0,0,0,0,0,0,0,0,1,1,0	-2.496592,-1.331742,1.592636,-2.092238,-1.151683,-1.500511,-3.984613,-4.746744,-2.733833,-0.615892,0.718218,-1.588417,-2.811806,-6.142671,-1.863012,-1.509835,-1.748889,-0.296460,-3.593714,-2.503256,1.471895,0.407272,-0.722164
Epep_BAHD12_NA	Epep_BAHD12_NA	/content/drive/MyDrive/CS_5782_Final_Project/code_and_data/BAHD_lastLayer_embeddings/Epep_BAHD12_NA_hidden_layer_steps10.pt	acceptor_superclass::Diterpenoids	acceptor_superclass::Cyclic polyketides;acceptor_superclass::Diterpenoids;acceptor_superclass::Fatty acyls;acceptor_superclass::Phenylethanoids (C6-C2);acceptor_superclass::Saccharides;acceptor_superclass::Triterpenoids	0,0,1,0,0,0,0,0,0,0,0,0,0,0,0,0,0,0,0,0,0,0,0	0,1,1,0,1,0,0,0,0,0,0,0,0,0,1,0,0,1,0,0,1,0,0	-0.391888,0.091637,0.697423,-1.764131,0.160729,-0.876669,-1.097087,-0.875470,-0.306857,-0.298458,-0.040302,-0.528183,-0.705045,-2.890582,0.743991,-1.169091,-0.425917,0.275884,-1.047768,-0.354896,0.969661,-0.532358,-1.563512
Epep_BAHD6_NA	Epep_BAHD6_NA	/content/drive/MyDrive/CS_5782_Final_Project/code_and_data/BAHD_lastLayer_embeddings/Epep_BAHD6_NA_hidden_layer_steps10.pt	acceptor_superclass::Diterpenoids	acceptor_superclass::Cyclic polyketides;acceptor_superclass::Diterpenoids;acceptor_superclass::Fatty acyls;acceptor_superclass::Phenylethanoids (C6-C2);acceptor_superclass::Saccharides;acceptor_superclass::Triterpenoids;acceptor_superclass::Tryptophan alkaloids;acceptor_superclass::Tyrosine alkaloids	0,0,1,0,0,0,0,0,0,0,0,0,0,0,0,0,0,0,0,0,0,0,0	0,1,1,0,1,0,0,0,0,0,0,0,0,0,1,0,0,1,0,0,1,1,1	-0.801699,0.634156,0.847207,-2.099276,0.607141,-1.810247,-1.566871,-0.474597,-1.190281,-0.239220,-0.180213,-1.202582,-0.629241,-3.402189,1.262312,-0.642014,-2.045648,1.317996,-1.076258,-0.751321,0.474573,1.284234,0.105105
Epep_BAHD7_NA	Epep_BAHD7_NA	/content/drive/MyDrive/CS_5782_Final_Project/code_and_data/BAHD_lastLayer_embeddings/Epep_BAHD7_NA_hidden_layer_steps10.pt	acceptor_superclass::Diterpenoids	acceptor_superclass::Naphthalenes;acceptor_superclass::Triterpenoids	0,0,1,0,0,0,0,0,0,0,0,0,0,0,0,0,0,0,0,0,0,0,0	0,0,0,0,0,0,0,0,0,0,1,0,0,0,0,0,0,0,0,0,1,0,0	-4.352351,-1.828578,-0.009629,-7.704158,-4.855518,-3.548670,-2.438432,-6.033349,-7.040691,-1.332463,0.078650,-3.254155,-1.650998,-7.218472,-1.940443,-0.558372,-3.682015,-0.443305,-3.655494,-1.675975,2.457903,-0.478438,-0.215369
Epep_BAHD8_NA	Epep_BAHD8_NA	/content/drive/MyDrive/CS_5782_Final_Project/code_and_data/BAHD_lastLayer_embeddings/Epep_BAHD8_NA_hidden_layer_steps10.pt	acceptor_superclass::Diterpenoids	acceptor_superclass::Cyclic polyketides;acceptor_superclass::Diterpenoids;acceptor_superclass::Fatty acyls;acceptor_superclass::Phenylethanoids (C6-C2);acceptor_superclass::Saccharides;acceptor_superclass::Triterpenoids;acceptor_superclass::Tryptophan alkaloids;acceptor_superclass::Tyrosine alkaloids	0,0,1,0,0,0,0,0,0,0,0,0,0,0,0,0,0,0,0,0,0,0,0	0,1,1,0,1,0,0,0,0,0,0,0,0,0,1,0,0,1,0,0,1,1,1	-1.523955,0.678529,1.600441,-2.352224,0.894770,-2.651862,-2.311559,-0.774643,-1.064971,-0.246883,-0.600399,-1.863885,-1.196661,-3.940689,1.381307,-0.789635,-2.391953,1.820455,-1.327556,-1.068727,0.914960,1.566913,0.022587
Epla_AAT1-1_BDW80081.1	Epla_AAT1-1_BDW80081.1	/content/drive/MyDrive/CS_5782_Final_Project/code_and_data/BAHD_lastLayer_embeddings/Epla_AAT1-1_BDW80081.1_hidden_layer_steps10.pt	acceptor_superclass::Naphthalenes	acceptor_superclass::Naphthalenes	0,0,0,0,0,0,0,0,0,0,1,0,0,0,0,0,0,0,0,0,0,0,0	0,0,0,0,0,0,0,0,0,0,1,0,0,0,0,0,0,0,0,0,0,0,0	-7.393755,-5.550697,-2.138930,-9.840336,-6.849210,-5.715711,-4.499568,-3.364472,-7.577952,-4.150981,7.198998,-7.113555,-2.511843,-12.731049,-3.437314,-3.243483,-3.016707,-2.864609,-7.453328,-7.877410,-1.729024,-2.185788,-2.350830
Epla_AAT1-2_BDW80082.1	Epla_AAT1-2_BDW80082.1	/content/drive/MyDrive/CS_5782_Final_Project/code_and_data/BAHD_lastLayer_embeddings/Epla_AAT1-2_BDW80082.1_hidden_layer_steps10.pt	acceptor_superclass::Naphthalenes	acceptor_superclass::Cyclic polyketides;acceptor_superclass::Diterpenoids;acceptor_superclass::Fatty acyls;acceptor_superclass::Lysine alkaloids;acceptor_superclass::Monoterpenoids;acceptor_superclass::Naphthalenes;acceptor_superclass::Phenylethanoids (C6-C2);acceptor_superclass::Saccharides;acceptor_superclass::Triterpenoids;acceptor_superclass::Tryptophan alkaloids	0,0,0,0,0,0,0,0,0,0,1,0,0,0,0,0,0,0,0,0,0,0,0	0,1,1,0,1,0,0,0,1,1,1,0,0,0,1,0,0,1,0,0,1,1,0	-0.463583,0.482852,0.506263,-1.971276,0.592260,-1.082277,-1.761921,-0.426193,0.035982,0.156520,1.230457,-0.553118,-1.055108,-3.631904,0.688741,-0.986089,-0.246296,0.463431,-1.780469,-0.578543,0.525399,0.010007,-1.153018
Epla_AAT2-1_BDW80086.1	Epla_AAT2-1_BDW80086.1	/content/drive/MyDrive/CS_5782_Final_Project/code_and_data/BAHD_lastLayer_embeddings/Epla_AAT2-1_BDW80086.1_hidden_layer_steps10.pt	acceptor_superclass::Naphthalenes	acceptor_superclass::Naphthalenes	0,0,0,0,0,0,0,0,0,0,1,0,0,0,0,0,0,0,0,0,0,0,0	0,0,0,0,0,0,0,0,0,0,1,0,0,0,0,0,0,0,0,0,0,0,0	-6.416234,-5.540196,-4.721948,-10.916359,-8.592935,-4.420622,-2.165964,-5.023646,-8.262766,-5.667291,6.585935,-5.233417,-4.053787,-9.984058,-5.437375,-5.211182,-0.965694,-2.854797,-6.624441,-6.109499,-3.251749,-3.203514,-2.645478
Epla_AAT2-2_BDW80087.1	Epla_AAT2-2_BDW80087.1	/content/drive/MyDrive/CS_5782_Final_Project/code_and_data/BAHD_lastLayer_embeddings/Epla_AAT2-2_BDW80087.1_hidden_layer_steps10.pt	acceptor_superclass::Naphthalenes	acceptor_superclass::Coumarins;acceptor_superclass::Cyclic polyketides;acceptor_superclass::Isoflavonoids;acceptor_superclass::Naphthalenes;acceptor_superclass::Phenanthrenoids;acceptor_superclass::Phenylethanoids (C6-C2);acceptor_superclass::Saccharides;acceptor_superclass::Triterpenoids;acceptor_superclass::Tryptophan alkaloids;acceptor_superclass::Tyrosine alkaloids	0,0,0,0,0,0,0,0,0,0,1,0,0,0,0,0,0,0,0,0,0,0,0	1,1,0,0,0,0,1,0,0,0,1,0,1,0,1,0,0,1,0,0,1,1,1	0.379756,1.014895,-0.680399,-2.350739,-0.428597,-0.676005,0.571772,-0.419813,-2.097119,-0.901713,1.686230,-0.690558,0.269656,-2.986575,0.738111,-1.195667,-1.863332,0.721200,-0.950017,-0.010394,0.744872,0.918873,0.149216
Epla_AAT2-3_BDW80088.1	Epla_AAT2-3_BDW80088.1	/content/drive/MyDrive/CS_5782_Final_Project/code_and_data/BAHD_lastLayer_embeddings/Epla_AAT2-3_BDW80088.1_hidden_layer_steps10.pt	acceptor_superclass::Naphthalenes	acceptor_superclass::Coumarins;acceptor_superclass::Cyclic polyketides;acceptor_superclass::Isoflavonoids;acceptor_superclass::Naphthalenes;acceptor_superclass::Phenanthrenoids;acceptor_superclass::Phenylethanoids (C6-C2);acceptor_superclass::Saccharides;acceptor_superclass::Steroids;acceptor_superclass::Triterpenoids;acceptor_superclass::Tryptophan alkaloids;acceptor_superclass::Tyrosine alkaloids	0,0,0,0,0,0,0,0,0,0,1,0,0,0,0,0,0,0,0,0,0,0,0	1,1,0,0,0,0,1,0,0,0,1,0,1,0,1,0,0,1,0,1,1,1,1	0.481092,0.499883,-0.466427,-2.531765,-0.808461,-0.809690,0.466980,-0.839207,-2.272111,-1.161421,1.347668,-0.221825,0.470213,-2.769567,0.724801,-1.431652,-1.601042,0.069116,-0.944261,0.196418,0.700984,1.180495,0.352184
Epla_SAT1-1_BDW80075.1	Epla_SAT1-1_BDW80075.1	/content/drive/MyDrive/CS_5782_Final_Project/code_and_data/BAHD_lastLayer_embeddings/Epla_SAT1-1_BDW80075.1_hidden_layer_steps10.pt	acceptor_superclass::Naphthalenes	acceptor_superclass::Naphthalenes	0,0,0,0,0,0,0,0,0,0,1,0,0,0,0,0,0,0,0,0,0,0,0	0,0,0,0,0,0,0,0,0,0,1,0,0,0,0,0,0,0,0,0,0,0,0	-8.954049,-5.084443,-2.050982,-9.953213,-7.236280,-6.035342,-5.316094,-4.752446,-6.559646,-4.848575,4.608471,-6.717708,-5.615604,-10.811520,-5.578406,-4.314991,-1.716649,-0.999108,-6.675292,-8.957747,-3.576886,-3.008399,-3.741079
Epla_SAT1-2_BDW80076.1	Epla_SAT1-2_BDW80076.1	/content/drive/MyDrive/CS_5782_Final_Project/code_and_data/BAHD_lastLayer_embeddings/Epla_SAT1-2_BDW80076.1_hidden_layer_steps10.pt	acceptor_superclass::Naphthalenes	acceptor_superclass::Cyclic polyketides;acceptor_superclass::Diterpenoids;acceptor_superclass::Naphthalenes;acceptor_superclass::Saccharides;acceptor_superclass::Triterpenoids;acceptor_superclass::Tryptophan alkaloids	0,0,0,0,0,0,0,0,0,0,1,0,0,0,0,0,0,0,0,0,0,0,0	0,1,1,0,0,0,0,0,0,0,1,0,0,0,0,0,0,1,0,0,1,1,0	-3.270213,0.943871,0.523344,-2.886484,-1.429588,-0.645134,-2.543356,-4.029107,-3.312035,-1.312506,3.917893,-2.372520,-2.979114,-7.356222,-2.413157,-1.427969,-1.726950,1.810362,-4.289607,-2.369812,0.517729,1.521516,-0.981458
Epla_SAT2-1_BDW80078.1	Epla_SAT2-1_BDW80078.1	/content/drive/MyDrive/CS_5782_Final_Project/code_and_data/BAHD_lastLayer_embeddings/Epla_SAT2-1_BDW80078.1_hidden_layer_steps10.pt	acceptor_superclass::Naphthalenes	acceptor_superclass::Naphthalenes;acceptor_superclass::Phenylethanoids (C6-C2);acceptor_superclass::Pseudoalkaloids;acceptor_superclass::Steroids;acceptor_superclass::Triterpenoids	0,0,0,0,0,0,0,0,0,0,1,0,0,0,0,0,0,0,0,0,0,0,0	0,0,0,0,0,0,0,0,0,0,1,0,0,0,1,0,1,0,0,1,1,0,0	-0.628582,-0.736720,-0.128941,-2.048590,-0.826178,-1.021853,-1.030016,-0.989139,-0.653780,-1.113814,0.204089,-0.059652,-1.238233,-3.045888,0.416113,-1.985498,0.191151,-0.010517,-0.826368,0.250767,1.235265,-0.210023,-1.448973
Epla_SAT2-2_BDW80079.1	Epla_SAT2-2_BDW80079.1	/content/drive/MyDrive/CS_5782_Final_Project/code_and_data/BAHD_lastLayer_embeddings/Epla_SAT2-2_BDW80079.1_hidden_layer_steps10.pt	acceptor_superclass::Naphthalenes	acceptor_superclass::Naphthalenes	0,0,0,0,0,0,0,0,0,0,1,0,0,0,0,0,0,0,0,0,0,0,0	0,0,0,0,0,0,0,0,0,0,1,0,0,0,0,0,0,0,0,0,0,0,0	-7.042777,-8.312076,-1.882914,-10.105696,-12.906080,-5.783448,-3.089617,-4.183409,-11.081659,-5.999925,4.704427,-6.132113,-2.634774,-11.987160,-5.550287,-4.141305,-3.437818,-3.872094,-8.670872,-4.597962,-0.130998,-0.966174,-0.396839
Epur_HCT_QRI59128.1	Epur_HCT_QRI59128.1	/content/drive/MyDrive/CS_5782_Final_Project/code_and_data/BAHD_lastLayer_embeddings/Epur_HCT_QRI59128.1_hidden_layer_steps10.pt	acceptor_superclass::Phenolic acids (C6-C1)	acceptor_superclass::Phenolic acids (C6-C1);acceptor_superclass::Phenylpropanoids (C6-C3);acceptor_superclass::Small peptides;acceptor_superclass::Triterpenoids;acceptor_superclass::Tyrosine alkaloids	0,0,0,0,0,0,0,0,0,0,0,0,0,1,0,0,0,0,0,0,0,0,0	0,0,0,0,0,0,0,0,0,0,0,0,0,1,0,1,0,0,1,0,1,0,1	-6.816161,-6.787899,-10.089036,-2.806578,-4.123236,-1.023067,-5.256954,-5.111002,-5.547054,-0.952452,-10.571145,-4.869054,-6.490674,5.663882,-3.152071,0.797601,-5.021096,-7.748449,1.852970,-5.274860,0.657192,-8.645860,1.814550
Epur_HMT_UHJ19789.2	Epur_HMT_UHJ19789.2	/content/drive/MyDrive/CS_5782_Final_Project/code_and_data/BAHD_lastLayer_embeddings/Epur_HMT_UHJ19789.2_hidden_layer_steps10.pt	acceptor_superclass::Fatty Acids and Conjugates	acceptor_superclass::Fatty Acids and Conjugates;acceptor_superclass::Phenolic acids (C6-C1);acceptor_superclass::Tyrosine alkaloids	0,0,0,1,0,0,0,0,0,0,0,0,0,0,0,0,0,0,0,0,0,0,0	0,0,0,1,0,0,0,0,0,0,0,0,0,1,0,0,0,0,0,0,0,0,1	-4.112387,-4.965970,-5.455022,0.145056,-0.870726,-0.328302,-5.917861,-1.477208,-3.121958,-0.901974,-8.721365,-1.497037,-4.424365,2.057240,-1.802424,-0.289898,-1.596124,-5.532167,-0.048917,-3.654093,-1.558020,-4.668290,0.416507
Epur_HQT_QRI59127.1	Epur_HQT_QRI59127.1	/content/drive/MyDrive/CS_5782_Final_Project/code_and_data/BAHD_lastLayer_embeddings/Epur_HQT_QRI59127.1_hidden_layer_steps10.pt	acceptor_superclass::Phenolic acids (C6-C1)	acceptor_superclass::Coumarins;acceptor_superclass::Ornithine alkaloids;acceptor_superclass::Phenanthrenoids;acceptor_superclass::Phenolic acids (C6-C1);acceptor_superclass::Phenylethanoids (C6-C2);acceptor_superclass::Pseudoalkaloids;acceptor_superclass::Small peptides;acceptor_superclass::Tyrosine alkaloids	0,0,0,0,0,0,0,0,0,0,0,0,0,1,0,0,0,0,0,0,0,0,0	1,0,0,0,0,0,0,0,0,0,0,1,1,1,1,0,1,0,1,0,0,0,1	0.368361,-2.095300,-3.895576,-0.976744,-1.762746,-1.058957,-0.853111,-1.232423,-2.896190,-2.276680,-3.690998,1.550366,0.493563,3.989584,0.571392,-1.513963,0.074595,-4.359753,2.964369,-0.932787,-2.683813,-0.584505,1.417084
Epur_HTT_QRI59126.1	Epur_HTT_QRI59126.1	/content/drive/MyDrive/CS_5782_Final_Project/code_and_data/BAHD_lastLayer_embeddings/Epur_HTT_QRI59126.1_hidden_layer_steps10.pt	acceptor_superclass::Fatty Acids and Conjugates	acceptor_superclass::Lignans;acceptor_superclass::Ornithine alkaloids;acceptor_superclass::Phenolic acids (C6-C1);acceptor_superclass::Phenylethanoids (C6-C2);acceptor_superclass::Small peptides;acceptor_superclass::Tyrosine alkaloids	0,0,0,1,0,0,0,0,0,0,0,0,0,0,0,0,0,0,0,0,0,0,0	0,0,0,0,0,0,0,1,0,0,0,1,0,1,1,0,0,0,1,0,0,0,1	-0.446061,-1.183578,-2.840564,-0.175059,-0.220817,-1.172573,-1.830680,0.103309,-1.270338,-1.156031,-3.417028,0.687315,-0.283504,2.265082,1.041420,-0.344508,-0.327795,-2.518955,2.412262,-1.353949,-2.726266,-0.447960,0.507188
Fana_SAAT_AAG13130.1	Fana_SAAT_AAG13130.1	/content/drive/MyDrive/CS_5782_Final_Project/code_and_data/BAHD_lastLayer_embeddings/Fana_SAAT_AAG13130.1_hidden_layer_steps10.pt	acceptor_superclass::Cyclic polyketides;acceptor_superclass::Fatty acyls;acceptor_superclass::Phenylethanoids (C6-C2)	acceptor_superclass::Cyclic polyketides;acceptor_superclass::Diterpenoids;acceptor_superclass::Fatty acyls;acceptor_superclass::Lysine alkaloids;acceptor_superclass::Monoterpenoids;acceptor_superclass::Phenylethanoids (C6-C2);acceptor_superclass::Saccharides;acceptor_superclass::Triterpenoids	0,1,0,0,1,0,0,0,0,0,0,0,0,0,1,0,0,0,0,0,0,0,0	0,1,1,0,1,0,0,0,1,1,0,0,0,0,1,0,0,1,0,0,1,0,0	-0.313535,0.947123,0.364889,-1.669718,0.503672,-0.983092,-1.685974,-0.707001,0.218306,0.206293,-0.419186,-0.304011,-1.090062,-2.794148,0.930624,-0.622573,-0.059027,0.259595,-1.313609,-0.427332,0.302275,-0.140613,-1.151498
Fves_VAAT_CAC09062.1	Fves_VAAT_CAC09062.1	/content/drive/MyDrive/CS_5782_Final_Project/code_and_data/BAHD_lastLayer_embeddings/Fves_VAAT_CAC09062.1_hidden_layer_steps10.pt	acceptor_superclass::Cyclic polyketides;acceptor_superclass::Fatty acyls;acceptor_superclass::Monoterpenoids;acceptor_superclass::Phenylethanoids (C6-C2);acceptor_superclass::Phenylpropanoids (C6-C3)	acceptor_superclass::Cyclic polyketides;acceptor_superclass::Fatty acyls;acceptor_superclass::Monoterpenoids;acceptor_superclass::Phenylethanoids (C6-C2);acceptor_superclass::Phenylpropanoids (C6-C3)	0,1,0,0,1,0,0,0,0,1,0,0,0,0,1,1,0,0,0,0,0,0,0	0,1,0,0,1,0,0,0,0,1,0,0,0,0,1,1,0,0,0,0,0,0,0	-6.169870,3.228893,-2.850328,-6.573688,3.081981,-2.323622,-4.655705,-3.835399,-4.122739,2.918150,-6.858926,-1.808281,-3.978189,-5.232499,1.651962,1.297541,-2.353434,-1.710158,-3.175247,-3.663956,-0.679338,-2.266645,-2.081653
Gmax_COSY_KRH21316.1	Gmax_COSY_KRH21316.1	/content/drive/MyDrive/CS_5782_Final_Project/code_and_data/BAHD_lastLayer_embeddings/Gmax_COSY_KRH21316.1_hidden_layer_steps10.pt		acceptor_superclass::Monoterpenoids;acceptor_superclass::Ornithine alkaloids;acceptor_superclass::Phenylethanoids (C6-C2);acceptor_superclass::Phenylpropanoids (C6-C3);acceptor_superclass::Pseudoalkaloids	0,0,0,0,0,0,0,0,0,0,0,0,0,0,0,0,0,0,0,0,0,0,0	0,0,0,0,0,0,0,0,0,1,0,1,0,0,1,1,1,0,0,0,0,0,0	-7.325581,-0.905811,-5.672452,-4.832338,-0.515841,-2.939587,-3.915286,-1.306952,-3.126191,0.314119,-6.860322,0.443786,-5.346939,-4.034379,0.159583,1.141908,0.550557,-3.758657,-2.442804,-4.752200,-3.305480,-2.298199,-0.225328
Gmax_MT7_ABY59019.1	Gmax_IF7MAT_NP_001237760.1	/content/drive/MyDrive/CS_5782_Final_Project/code_and_data/BAHD_lastLayer_embeddings/Gmax_MT7_ABY59019.1_hidden_layer_steps10.pt	acceptor_superclass::Isoflavonoids	acceptor_superclass::Coumarins;acceptor_superclass::Flavonoids;acceptor_superclass::Isoflavonoids;acceptor_superclass::Phenolic acids (C6-C1);acceptor_superclass::Steroids;acceptor_superclass::Triterpenoids	0,0,0,0,0,0,1,0,0,0,0,0,0,0,0,0,0,0,0,0,0,0,0	1,0,0,0,0,1,1,0,0,0,0,0,0,1,0,0,0,0,0,1,1,0,0	0.431053,-3.779243,-11.514798,-9.278145,-7.419391,3.038224,6.105933,-10.757322,-10.550858,-4.552186,-3.739639,-1.788741,-0.514172,1.794541,-3.009674,-2.650367,-2.522315,-7.436425,-2.624837,3.274840,2.670408,-8.617983,-1.565711
Gmax_IMAT1_AQY54373.1	Gmax_IMAT1_AQY54373.1	/content/drive/MyDrive/CS_5782_Final_Project/code_and_data/BAHD_lastLayer_embeddings/Gmax_IMAT1_AQY54373.1_hidden_layer_steps10.pt	acceptor_superclass::Isoflavonoids	acceptor_superclass::Coumarins;acceptor_superclass::Flavonoids;acceptor_superclass::Isoflavonoids;acceptor_superclass::Phenanthrenoids;acceptor_superclass::Steroids;acceptor_superclass::Triterpenoids	0,0,0,0,0,0,1,0,0,0,0,0,0,0,0,0,0,0,0,0,0,0,0	1,0,0,0,0,1,1,0,0,0,0,0,1,0,0,0,0,0,0,1,1,0,0	0.533393,-3.698370,-9.560128,-9.689687,-7.463149,3.775929,6.635583,-9.133940,-8.886436,-3.553011,-2.477627,-1.714768,0.077424,-0.345659,-2.973032,-2.301829,-1.867996,-6.829303,-4.194070,3.027675,1.465615,-6.049068,-1.933834
Gmax_IMAT3_AQY54374.1	Gmax_IMAT3_AQY54374.1	/content/drive/MyDrive/CS_5782_Final_Project/code_and_data/BAHD_lastLayer_embeddings/Gmax_IMAT3_AQY54374.1_hidden_layer_steps10.pt	acceptor_superclass::Isoflavonoids	acceptor_superclass::Coumarins;acceptor_superclass::Flavonoids;acceptor_superclass::Isoflavonoids;acceptor_superclass::Ornithine alkaloids;acceptor_superclass::Phenanthrenoids;acceptor_superclass::Phenylethanoids (C6-C2);acceptor_superclass::Small peptides;acceptor_superclass::Steroids;acceptor_superclass::Triterpenoids	0,0,0,0,0,0,1,0,0,0,0,0,0,0,0,0,0,0,0,0,0,0,0	1,0,0,0,0,1,1,0,0,0,0,1,1,0,1,0,0,0,1,1,1,0,0	0.586170,-0.858315,-1.661303,-1.960821,-2.660702,1.646439,2.239168,-1.831908,-1.355429,-1.994505,-1.357513,0.234586,0.341850,-0.959440,0.305910,-2.107356,-0.141605,-0.245295,0.539556,1.599949,1.528944,-2.074257,-0.915530
Gmax_MT7_ABY59019.1	Gmax_MT7_ABY59019.1	/content/drive/MyDrive/CS_5782_Final_Project/code_and_data/BAHD_lastLayer_embeddings/Gmax_MT7_ABY59019.1_hidden_layer_steps10.pt	acceptor_superclass::Flavonoids;acceptor_superclass::Isoflavonoids	acceptor_superclass::Coumarins;acceptor_superclass::Flavonoids;acceptor_superclass::Isoflavonoids;acceptor_superclass::Phenolic acids (C6-C1);acceptor_superclass::Steroids;acceptor_superclass::Triterpenoids	0,0,0,0,0,1,1,0,0,0,0,0,0,0,0,0,0,0,0,0,0,0,0	1,0,0,0,0,1,1,0,0,0,0,0,0,1,0,0,0,0,0,1,1,0,0	0.431053,-3.779243,-11.514798,-9.278145,-7.419391,3.038224,6.105933,-10.757322,-10.550858,-4.552186,-3.739639,-1.788741,-0.514172,1.794541,-3.009674,-2.650367,-2.522315,-7.436425,-2.624837,3.274840,2.670408,-8.617983,-1.565711
Gmax_SSACT1_KRH01153.1	Gmax_SSACT1_KRH01153.1	/content/drive/MyDrive/CS_5782_Final_Project/code_and_data/BAHD_lastLayer_embeddings/Gmax_SSACT1_KRH01153.1_hidden_layer_steps10.pt	acceptor_superclass::Triterpenoids	acceptor_superclass::Flavonoids;acceptor_superclass::Isoflavonoids;acceptor_superclass::Pseudoalkaloids;acceptor_superclass::Steroids	0,0,0,0,0,0,0,0,0,0,0,0,0,0,0,0,0,0,0,0,1,0,0	0,0,0,0,0,1,1,0,0,0,0,0,0,0,0,0,1,0,0,1,0,0,0	-2.489571,-5.941034,-5.004009,-8.339813,-9.573977,3.359564,5.254610,-4.199909,-8.874897,-7.644725,-1.220848,-1.110311,-1.884726,-8.092808,-6.477309,-3.926320,1.949997,-5.090226,-7.512941,2.628954,-5.067972,-5.132102,-3.892022
Gtri_53AAT_BAA74428.1	Gtri_53AAT_BAA74428.1	/content/drive/MyDrive/CS_5782_Final_Project/code_and_data/BAHD_lastLayer_embeddings/Gtri_53AAT_BAA74428.1_hidden_layer_steps10.pt	acceptor_superclass::Flavonoids	acceptor_superclass::Coumarins;acceptor_superclass::Flavonoids;acceptor_superclass::Ornithine alkaloids;acceptor_superclass::Phenanthrenoids;acceptor_superclass::Phenylethanoids (C6-C2);acceptor_superclass::Pseudoalkaloids;acceptor_superclass::Small peptides;acceptor_superclass::Steroids;acceptor_superclass::Triterpenoids	0,0,0,0,0,1,0,0,0,0,0,0,0,0,0,0,0,0,0,0,0,0,0	1,0,0,0,0,1,0,0,0,0,0,1,1,0,1,0,1,0,1,1,1,0,0	1.032654,-0.862369,-0.785305,-0.974404,-0.616312,0.408138,-0.030549,-1.191901,-0.870457,-1.069628,-1.818928,0.567088,0.615139,-1.072844,0.802111,-0.991826,0.431041,-0.604724,0.221590,0.644143,0.103925,-1.799231,-0.643747
Gtri_53AAT_BAA74428.1	Gtri_5AT_BAA74428.1	/content/drive/MyDrive/CS_5782_Final_Project/code_and_data/BAHD_lastLayer_embeddings/Gtri_53AAT_BAA74428.1_hidden_layer_steps10.pt	acceptor_superclass::Flavonoids	acceptor_superclass::Flavonoids;acceptor_superclass::Isoflavonoids;acceptor_superclass::Steroids;acceptor_superclass::Triterpenoids;acceptor_superclass::Tyrosine alkaloids	0,0,0,0,0,1,0,0,0,0,0,0,0,0,0,0,0,0,0,0,0,0,0	0,0,0,0,0,1,1,0,0,0,0,0,0,0,0,0,0,0,0,1,1,0,1	-0.409705,-1.235904,-2.851328,-0.831761,-1.914595,2.204300,1.140461,-2.407701,-3.586946,-1.645155,-1.469184,-0.878507,-0.096528,-1.386672,-1.536594,-1.787570,-1.069551,-3.092252,-1.466837,1.302717,0.312379,-2.238171,0.340515
Gtri_53AAT_BAA74428.1	Gtri_GAT_BAA74428.1	/content/drive/MyDrive/CS_5782_Final_Project/code_and_data/BAHD_lastLayer_embeddings/Gtri_53AAT_BAA74428.1_hidden_layer_steps10.pt	acceptor_superclass::Flavonoids	acceptor_superclass::Coumarins;acceptor_superclass::Flavonoids;acceptor_superclass::Isoflavonoids;acceptor_superclass::Ornithine alkaloids;acceptor_superclass::Phenanthrenoids;acceptor_superclass::Phenylethanoids (C6-C2);acceptor_superclass::Small peptides;acceptor_superclass::Steroids;acceptor_superclass::Tryptophan alkaloids;acceptor_superclass::Tyrosine alkaloids	0,0,0,0,0,1,0,0,0,0,0,0,0,0,0,0,0,0,0,0,0,0,0	1,0,0,0,0,1,1,0,0,0,0,1,1,0,1,0,0,0,1,1,0,1,1	2.360842,-0.377959,-1.750613,-1.984989,-1.610615,1.206386,2.206456,-1.184159,-3.429401,-2.008973,-0.201671,1.069253,2.113574,-0.162649,0.248815,-1.882524,-0.665387,-2.424546,0.025980,1.027451,-0.297619,0.293641,0.589748
Hann_HCT1_QBM78941.1	Hann_HCT1_QBM78941.1	/content/drive/MyDrive/CS_5782_Final_Project/code_and_data/BAHD_lastLayer_embeddings/Hann_HCT1_QBM78941.1_hidden_layer_steps10.pt	acceptor_superclass::Phenolic acids (C6-C1)	acceptor_superclass::Phenolic acids (C6-C1);acceptor_superclass::Phenylpropanoids (C6-C3);acceptor_superclass::Small peptides;acceptor_superclass::Tyrosine alkaloids	0,0,0,0,0,0,0,0,0,0,0,0,0,1,0,0,0,0,0,0,0,0,0	0,0,0,0,0,0,0,0,0,0,0,0,0,1,0,1,0,0,1,0,0,0,1	-7.541699,-5.467232,-11.113622,-3.195034,-3.263148,-0.666980,-5.169641,-4.012134,-4.964657,-0.453796,-11.270829,-4.576797,-7.247261,6.506868,-2.558693,1.318870,-4.191385,-7.720911,2.543663,-6.083008,-0.088411,-8.966597,1.777087
Hann_HCT2_QBM78942.1	Hann_HCT2_QBM78942.1	/content/drive/MyDrive/CS_5782_Final_Project/code_and_data/BAHD_lastLayer_embeddings/Hann_HCT2_QBM78942.1_hidden_layer_steps10.pt	acceptor_superclass::Phenolic acids (C6-C1)	acceptor_superclass::Fatty Acids and Conjugates;acceptor_superclass::Fatty acyls;acceptor_superclass::Phenolic acids (C6-C1);acceptor_superclass::Phenylethanoids (C6-C2);acceptor_superclass::Small peptides	0,0,0,0,0,0,0,0,0,0,0,0,0,1,0,0,0,0,0,0,0,0,0	0,0,0,1,1,0,0,0,0,0,0,0,0,1,1,0,0,0,1,0,0,0,0	-0.564124,-2.617532,-1.980449,0.407113,0.383808,-1.697918,-2.894754,-0.398663,-0.059524,-1.392135,-4.442622,-0.415547,-0.713873,0.948629,0.576325,-0.580243,-0.153288,-1.067117,1.944487,-1.744826,-0.338835,-2.371443,-0.673116
Hann_HQT1_QBM78938.1	Hann_HQT1_QBM78938.1	/content/drive/MyDrive/CS_5782_Final_Project/code_and_data/BAHD_lastLayer_embeddings/Hann_HQT1_QBM78938.1_hidden_layer_steps10.pt	acceptor_superclass::Phenolic acids (C6-C1)	acceptor_superclass::Phenolic acids (C6-C1);acceptor_superclass::Triterpenoids	0,0,0,0,0,0,0,0,0,0,0,0,0,1,0,0,0,0,0,0,0,0,0	0,0,0,0,0,0,0,0,0,0,0,0,0,1,0,0,0,0,0,0,1,0,0	-8.243074,-8.731448,-8.588502,-3.266706,-6.612279,-3.724926,-11.038902,-8.671288,-9.332040,-1.655497,-11.684165,-4.967316,-7.361215,4.680004,-5.451135,-1.807735,-5.037042,-9.525558,-0.426169,-7.316917,0.625404,-6.471955,-0.712353
Hann_HQT2_QBM78939.1	Hann_HQT2_QBM78939.1	/content/drive/MyDrive/CS_5782_Final_Project/code_and_data/BAHD_lastLayer_embeddings/Hann_HQT2_QBM78939.1_hidden_layer_steps10.pt	acceptor_superclass::Phenolic acids (C6-C1)	acceptor_superclass::Phenolic acids (C6-C1)	0,0,0,0,0,0,0,0,0,0,0,0,0,1,0,0,0,0,0,0,0,0,0	0,0,0,0,0,0,0,0,0,0,0,0,0,1,0,0,0,0,0,0,0,0,0	-7.814882,-7.321370,-8.983932,-5.352795,-7.391389,-2.455351,-7.331089,-7.703441,-8.801268,-3.136427,-9.498868,-3.952410,-7.271005,4.323719,-6.330987,-2.044794,-3.443185,-8.699594,-0.914957,-5.883550,-0.430274,-5.279719,-0.629627
Hann_HQT3_QBM78940.1	Hann_HQT3_QBM78940.1	/content/drive/MyDrive/CS_5782_Final_Project/code_and_data/BAHD_lastLayer_embeddings/Hann_HQT3_QBM78940.1_hidden_layer_steps10.pt	acceptor_superclass::Phenolic acids (C6-C1)	acceptor_superclass::Phenolic acids (C6-C1);acceptor_superclass::Phenylethanoids (C6-C2);acceptor_superclass::Small peptides;acceptor_superclass::Triterpenoids	0,0,0,0,0,0,0,0,0,0,0,0,0,1,0,0,0,0,0,0,0,0,0	0,0,0,0,0,0,0,0,0,0,0,0,0,1,1,0,0,0,1,0,1,0,0	-0.461802,-2.798749,-2.293742,-0.430372,-0.943079,-1.430866,-2.036359,-1.184576,-0.694195,-1.829280,-4.218367,-0.010798,-0.606350,0.919822,0.451985,-1.191278,-0.039770,-1.169776,2.138664,-1.148602,0.298645,-2.224918,-0.912434
Hcan_PMT_KAL4341785.1	Hcan_PMT_KAL4341785.1	/content/drive/MyDrive/CS_5782_Final_Project/code_and_data/BAHD_lastLayer_embeddings/Hcan_PMT_KAL4341785.1_hidden_layer_steps10.pt	acceptor_superclass::Phenylpropanoids (C6-C3)	acceptor_superclass::Monoterpenoids	0,0,0,0,0,0,0,0,0,0,0,0,0,0,0,1,0,0,0,0,0,0,0	0,0,0,0,0,0,0,0,0,1,0,0,0,0,0,0,0,0,0,0,0,0,0	-8.243677,-7.822781,-5.777746,-2.440025,-2.006306,-4.146483,-12.365399,-5.678956,-3.726111,0.217726,-9.146001,-6.384218,-7.064965,-2.546319,-3.126818,-0.152340,-3.667121,-7.387395,-3.800430,-8.213132,-2.978315,-6.895689,-3.076924
Hmur_ACT_BCN87077.1	Hmur_ACT_BCN87077.1	/content/drive/MyDrive/CS_5782_Final_Project/code_and_data/BAHD_lastLayer_embeddings/Hmur_ACT_BCN87077.1_hidden_layer_steps10.pt	acceptor_superclass::Ornithine alkaloids;acceptor_superclass::Pseudoalkaloids	acceptor_superclass::Lignans;acceptor_superclass::Ornithine alkaloids;acceptor_superclass::Phenolic acids (C6-C1);acceptor_superclass::Phenylethanoids (C6-C2);acceptor_superclass::Pseudoalkaloids;acceptor_superclass::Small peptides;acceptor_superclass::Tryptophan alkaloids;acceptor_superclass::Tyrosine alkaloids	0,0,0,0,0,0,0,0,0,0,0,1,0,0,0,0,1,0,0,0,0,0,0	0,0,0,0,0,0,0,1,0,0,0,1,0,1,1,0,1,0,1,0,0,1,1	-0.143566,-1.805891,-2.899404,-0.616831,-0.903956,-1.361423,-1.723599,0.102431,-1.979288,-1.355245,-3.374162,2.360933,-0.165953,1.309409,0.797552,-0.633368,1.296800,-3.405931,1.817955,-0.681330,-2.604117,0.992312,1.006318
Hpol_BAHD3_NA	Hpol_BAHD3_NA	/content/drive/MyDrive/CS_5782_Final_Project/code_and_data/BAHD_lastLayer_embeddings/Hpol_BAHD3_NA_hidden_layer_steps10.pt	acceptor_superclass::Tyrosine alkaloids	acceptor_superclass::Cyclic polyketides;acceptor_superclass::Lignans;acceptor_superclass::Ornithine alkaloids;acceptor_superclass::Phenylethanoids (C6-C2);acceptor_superclass::Small peptides;acceptor_superclass::Tryptophan alkaloids;acceptor_superclass::Tyrosine alkaloids	0,0,0,0,0,0,0,0,0,0,0,0,0,0,0,0,0,0,0,0,0,0,1	0,1,0,0,0,0,0,1,0,0,0,1,0,0,1,0,0,0,1,0,0,1,1	-0.001216,0.457371,-1.705712,-0.977478,-0.072298,-0.491689,-0.400246,0.083506,-1.584196,-0.710321,-0.944366,0.190883,-0.090180,-0.807539,0.682508,-0.570820,-0.848159,-0.569084,0.539038,-0.647074,-1.106350,0.524538,0.109197
Hvul_ACT1-1_AAO73071.1	Hvul_ACT1-1_AAO73071.1	/content/drive/MyDrive/CS_5782_Final_Project/code_and_data/BAHD_lastLayer_embeddings/Hvul_ACT1-1_AAO73071.1_hidden_layer_steps10.pt	acceptor_superclass::Ornithine alkaloids	acceptor_superclass::Ornithine alkaloids;acceptor_superclass::Pseudoalkaloids;acceptor_superclass::Tyrosine alkaloids	0,0,0,0,0,0,0,0,0,0,0,1,0,0,0,0,0,0,0,0,0,0,0	0,0,0,0,0,0,0,0,0,0,0,1,0,0,0,0,1,0,0,0,0,0,1	-3.377861,-5.383773,-7.465638,-2.561923,-4.441741,-0.809664,-4.162894,-1.597753,-3.494481,-1.906244,-8.077514,3.185649,-4.111983,-0.642099,-1.332892,-0.295643,2.753174,-7.121907,-1.718814,-2.208677,-2.213948,-1.643908,1.383804
Hvul_ACT1-1_BAF97626	Hvul_ACT1-1_BAF97626	/content/drive/MyDrive/CS_5782_Final_Project/code_and_data/BAHD_lastLayer_embeddings/Hvul_ACT1-1_BAF97626_hidden_layer_steps10.pt	acceptor_superclass::Ornithine alkaloids;acceptor_superclass::Pseudoalkaloids	acceptor_superclass::Coumarins;acceptor_superclass::Lignans;acceptor_superclass::Ornithine alkaloids;acceptor_superclass::Phenylethanoids (C6-C2);acceptor_superclass::Pseudoalkaloids;acceptor_superclass::Small peptides;acceptor_superclass::Tyrosine alkaloids	0,0,0,0,0,0,0,0,0,0,0,1,0,0,0,0,1,0,0,0,0,0,0	1,0,0,0,0,0,0,1,0,0,0,1,0,0,1,0,1,0,1,0,0,0,1	0.051895,-3.060431,-2.905143,-0.395477,-1.248641,-1.887988,-3.331127,0.105343,-0.761071,-1.354227,-5.219844,2.071053,-0.940072,-0.088718,0.891243,-0.508689,2.360294,-1.850291,1.406778,-0.774242,-1.808986,-1.094173,0.079867
Hvul_ACT1-2_BAF97627.1	Hvul_ACT1-2_BAF97627	/content/drive/MyDrive/CS_5782_Final_Project/code_and_data/BAHD_lastLayer_embeddings/Hvul_ACT1-2_BAF97627.1_hidden_layer_steps10.pt	acceptor_superclass::Ornithine alkaloids;acceptor_superclass::Pseudoalkaloids	acceptor_superclass::Ornithine alkaloids;acceptor_superclass::Pseudoalkaloids	0,0,0,0,0,0,0,0,0,0,0,1,0,0,0,0,1,0,0,0,0,0,0	0,0,0,0,0,0,0,0,0,0,0,1,0,0,0,0,1,0,0,0,0,0,0	-6.666020,-10.031682,-13.498751,-4.873337,-8.607275,-4.669628,-8.198956,-5.531536,-8.929240,-4.333872,-9.954395,6.385755,-5.074502,-3.187703,-4.605107,-3.018034,5.407894,-11.177354,-6.188940,-4.232516,-4.523106,-3.218969,-1.713549
Hvul_ACT1-2_BAF97627.1	Hvul_ACT1-2_BAF97627.1	/content/drive/MyDrive/CS_5782_Final_Project/code_and_data/BAHD_lastLayer_embeddings/Hvul_ACT1-2_BAF97627.1_hidden_layer_steps10.pt	acceptor_superclass::Ornithine alkaloids	acceptor_superclass::Coumarins;acceptor_superclass::Lignans;acceptor_superclass::Ornithine alkaloids;acceptor_superclass::Phenylethanoids (C6-C2);acceptor_superclass::Pseudoalkaloids;acceptor_superclass::Small peptides;acceptor_superclass::Tyrosine alkaloids	0,0,0,0,0,0,0,0,0,0,0,1,0,0,0,0,0,0,0,0,0,0,0	1,0,0,0,0,0,0,1,0,0,0,1,0,0,1,0,1,0,1,0,0,0,1	0.121289,-3.164384,-2.951434,-0.343760,-1.346299,-1.818939,-3.156852,0.003680,-0.843372,-1.501090,-5.296185,2.134839,-0.863658,-0.009269,0.883110,-0.604997,2.391938,-1.927566,1.513328,-0.667120,-1.772640,-1.220111,0.080334
Hvul_ACT2_BAK00935.1	Hvul_ACT2_BAK00935.1	/content/drive/MyDrive/CS_5782_Final_Project/code_and_data/BAHD_lastLayer_embeddings/Hvul_ACT2_BAK00935.1_hidden_layer_steps10.pt	acceptor_superclass::Ornithine alkaloids;acceptor_superclass::Pseudoalkaloids	acceptor_superclass::Ornithine alkaloids;acceptor_superclass::Phenylethanoids (C6-C2);acceptor_superclass::Pseudoalkaloids;acceptor_superclass::Small peptides	0,0,0,0,0,0,0,0,0,0,0,1,0,0,0,0,1,0,0,0,0,0,0	0,0,0,0,0,0,0,0,0,0,0,1,0,0,1,0,1,0,1,0,0,0,0	-0.018435,-2.540768,-2.392389,-0.496840,-0.980049,-1.915777,-3.236776,-0.049876,-0.643456,-1.309600,-4.771348,1.819543,-1.010960,-0.352695,0.799072,-0.523509,2.155677,-1.604342,1.100421,-0.623583,-1.609427,-0.891970,-0.145367
Hvul_ACT1-1_AAO73071.1	Hvul_ACT_AAO73071.1	/content/drive/MyDrive/CS_5782_Final_Project/code_and_data/BAHD_lastLayer_embeddings/Hvul_ACT1-1_AAO73071.1_hidden_layer_steps10.pt	acceptor_superclass::Ornithine alkaloids	acceptor_superclass::Ornithine alkaloids;acceptor_superclass::Pseudoalkaloids;acceptor_superclass::Tyrosine alkaloids	0,0,0,0,0,0,0,0,0,0,0,1,0,0,0,0,0,0,0,0,0,0,0	0,0,0,0,0,0,0,0,0,0,0,1,0,0,0,0,1,0,0,0,0,0,1	-3.377861,-5.383773,-7.465638,-2.561923,-4.441741,-0.809664,-4.162894,-1.597753,-3.494481,-1.906244,-8.077514,3.185649,-4.111983,-0.642099,-1.332892,-0.295643,2.753174,-7.121907,-1.718814,-2.208677,-2.213948,-1.643908,1.383804
Ibat_HQT_BAA87043.1	Ibat_HQT_BAA87043.1	/content/drive/MyDrive/CS_5782_Final_Project/code_and_data/BAHD_lastLayer_embeddings/Ibat_HQT_BAA87043.1_hidden_layer_steps10.pt	acceptor_superclass::Phenolic acids (C6-C1)	acceptor_superclass::Phenolic acids (C6-C1);acceptor_superclass::Small peptides;acceptor_superclass::Triterpenoids	0,0,0,0,0,0,0,0,0,0,0,0,0,1,0,0,0,0,0,0,0,0,0	0,0,0,0,0,0,0,0,0,0,0,0,0,1,0,0,0,0,1,0,1,0,0	-8.476601,-6.189770,-7.653014,-2.900675,-2.559690,-2.980282,-7.260893,-4.545372,-4.715319,-1.587698,-11.300767,-4.766282,-7.170270,4.458983,-3.141975,-0.058929,-4.765852,-5.394426,0.976998,-6.253561,0.132426,-9.089027,-0.367378
Ihol_3AT1_BAE72676.1	Ihol_3AT1_BAE72676.1	/content/drive/MyDrive/CS_5782_Final_Project/code_and_data/BAHD_lastLayer_embeddings/Ihol_3AT1_BAE72676.1_hidden_layer_steps10.pt	acceptor_superclass::Flavonoids	acceptor_superclass::Monoterpenoids;acceptor_superclass::Phenylethanoids (C6-C2);acceptor_superclass::Phenylpropanoids (C6-C3)	0,0,0,0,0,1,0,0,0,0,0,0,0,0,0,0,0,0,0,0,0,0,0	0,0,0,0,0,0,0,0,0,1,0,0,0,0,1,1,0,0,0,0,0,0,0	-7.173743,-3.260475,-2.588857,-4.790114,-0.065071,-0.492316,-4.977784,-1.064943,-1.413158,3.414302,-6.132085,-2.795978,-6.310847,-6.090962,0.276155,2.958101,-1.377016,-4.591110,-4.722764,-6.296929,-4.710567,-3.303787,-2.866981
Ihol_3AT2_BAE94328.1	Ihol_3AT2_BAE94328.1	/content/drive/MyDrive/CS_5782_Final_Project/code_and_data/BAHD_lastLayer_embeddings/Ihol_3AT2_BAE94328.1_hidden_layer_steps10.pt	acceptor_superclass::Flavonoids	acceptor_superclass::Flavonoids;acceptor_superclass::Monoterpenoids;acceptor_superclass::Phenylpropanoids (C6-C3);acceptor_superclass::Pseudoalkaloids	0,0,0,0,0,1,0,0,0,0,0,0,0,0,0,0,0,0,0,0,0,0,0	0,0,0,0,0,1,0,0,0,1,0,0,0,0,0,1,1,0,0,0,0,0,0	-3.678294,-2.460203,-1.250301,-1.998065,-0.641776,0.032710,-5.245728,-2.758446,-1.050290,0.696201,-3.730483,-0.526370,-4.452260,-4.640357,-1.100674,1.120557,0.280488,-1.937266,-3.286234,-2.807354,-1.882280,-0.207918,-1.014727
Jsam_BEAT1_UJH94663.1	Jsam_BEAT1_UJH94663.1	/content/drive/MyDrive/CS_5782_Final_Project/code_and_data/BAHD_lastLayer_embeddings/Jsam_BEAT1_UJH94663.1_hidden_layer_steps10.pt		acceptor_superclass::Fatty acyls;acceptor_superclass::Monoterpenoids;acceptor_superclass::Phenylpropanoids (C6-C3)	0,0,0,0,0,0,0,0,0,0,0,0,0,0,0,0,0,0,0,0,0,0,0	0,0,0,0,1,0,0,0,0,1,0,0,0,0,0,1,0,0,0,0,0,0,0	-4.457086,-5.367857,-2.706957,-1.050873,0.276154,-1.817043,-8.379922,-3.853647,-1.205468,0.898871,-7.398530,-0.952966,-5.299857,-2.264705,-0.748950,0.241694,-0.417381,-4.699057,-2.694022,-4.371836,-1.536311,-3.161637,-0.689946
Jsam_BEAT2_UJH94664.1	Jsam_BEAT2_UJH94664.1	/content/drive/MyDrive/CS_5782_Final_Project/code_and_data/BAHD_lastLayer_embeddings/Jsam_BEAT2_UJH94664.1_hidden_layer_steps10.pt		acceptor_superclass::Ornithine alkaloids	0,0,0,0,0,0,0,0,0,0,0,0,0,0,0,0,0,0,0,0,0,0,0	0,0,0,0,0,0,0,0,0,0,0,1,0,0,0,0,0,0,0,0,0,0,0	-9.160883,-6.893374,-2.008061,-1.629179,-3.319348,-6.844018,-9.265380,-7.649394,-5.386845,-1.096171,-9.323294,0.768653,-7.313898,-6.096122,-2.571746,-2.292552,-0.872977,-4.474227,-3.115664,-6.517706,-1.702170,-5.118197,-2.516428
Lalb_HMT_BAD89275.1	Lalb_HMT_BAD89275.1	/content/drive/MyDrive/CS_5782_Final_Project/code_and_data/BAHD_lastLayer_embeddings/Lalb_HMT_BAD89275.1_hidden_layer_steps10.pt	acceptor_superclass::Lysine alkaloids	acceptor_superclass::Fatty Acids and Conjugates;acceptor_superclass::Fatty acyls;acceptor_superclass::Monoterpenoids;acceptor_superclass::Phenylpropanoids (C6-C3);acceptor_superclass::Saccharides	0,0,0,0,0,0,0,0,1,0,0,0,0,0,0,0,0,0,0,0,0,0,0	0,0,0,1,1,0,0,0,0,1,0,0,0,0,0,1,0,1,0,0,0,0,0	-5.662654,-1.660585,-1.162330,0.616356,3.772440,-0.499568,-7.488603,-2.563112,-1.937417,1.116840,-6.554190,-3.671814,-6.249604,-2.222239,-0.905272,1.081951,-2.290682,0.205997,-1.767468,-4.826602,-2.201514,-2.639431,-1.958157
Lang_RAS_ABI48360.1	Lang_AAT1_ABI48360.1	/content/drive/MyDrive/CS_5782_Final_Project/code_and_data/BAHD_lastLayer_embeddings/Lang_RAS_ABI48360.1_hidden_layer_steps10.pt	acceptor_superclass::Tyrosine alkaloids	acceptor_superclass::Flavonoids;acceptor_superclass::Phenolic acids (C6-C1);acceptor_superclass::Small peptides;acceptor_superclass::Tyrosine alkaloids	0,0,0,0,0,0,0,0,0,0,0,0,0,0,0,0,0,0,0,0,0,0,1	0,0,0,0,0,1,0,0,0,0,0,0,0,1,0,0,0,0,1,0,0,0,1	-4.568295,-3.544589,-5.580086,-1.008065,-2.017202,0.438180,-2.781866,-1.302050,-3.717288,-2.044945,-7.165445,-1.836971,-4.148750,2.959123,-2.369692,-1.010709,-2.009892,-2.988096,0.644043,-3.290627,-0.136662,-3.366751,0.113124
Lang_RAS_ABI48360.1	Lang_AT1_ABI48360.1	/content/drive/MyDrive/CS_5782_Final_Project/code_and_data/BAHD_lastLayer_embeddings/Lang_RAS_ABI48360.1_hidden_layer_steps10.pt	acceptor_superclass::Phenolic acids (C6-C1);acceptor_superclass::Small peptides;acceptor_superclass::Tryptophan alkaloids;acceptor_superclass::Tyrosine alkaloids	acceptor_superclass::Lysine alkaloids;acceptor_superclass::Phenolic acids (C6-C1);acceptor_superclass::Phenylethanoids (C6-C2);acceptor_superclass::Small peptides;acceptor_superclass::Triterpenoids	0,0,0,0,0,0,0,0,0,0,0,0,0,1,0,0,0,0,1,0,0,1,1	0,0,0,0,0,0,0,0,1,0,0,0,0,1,1,0,0,0,1,0,1,0,0	-1.248071,-2.269999,-2.575485,-0.366648,-0.479023,-1.527282,-2.630533,-0.601100,0.227497,-1.525386,-4.295393,-0.337838,-1.745617,0.576993,0.344366,-1.039258,-0.007998,-0.099269,1.371004,-1.336519,0.281806,-1.533383,-0.842012
Lang_RAS_ABI48360.1	Lang_RAS_ABI48360.1	/content/drive/MyDrive/CS_5782_Final_Project/code_and_data/BAHD_lastLayer_embeddings/Lang_RAS_ABI48360.1_hidden_layer_steps10.pt		acceptor_superclass::Ornithine alkaloids;acceptor_superclass::Phenolic acids (C6-C1);acceptor_superclass::Phenylethanoids (C6-C2);acceptor_superclass::Small peptides;acceptor_superclass::Tryptophan alkaloids;acceptor_superclass::Tyrosine alkaloids	0,0,0,0,0,0,0,0,0,0,0,0,0,0,0,0,0,0,0,0,0,0,0	0,0,0,0,0,0,0,0,0,0,0,1,0,1,1,0,0,0,1,0,0,1,1	-1.451321,-1.147407,-3.433548,-0.552101,-0.354546,-2.067227,-2.241597,-0.245158,-1.063166,-1.192296,-3.524634,0.081424,-1.052831,1.897465,1.429880,-0.616943,-0.764046,-0.954641,2.093323,-1.840007,-2.047673,0.137012,1.183535
Lang_RAS_AEA36976.1	Lang_RAS_AEA36976.1	/content/drive/MyDrive/CS_5782_Final_Project/code_and_data/BAHD_lastLayer_embeddings/Lang_RAS_AEA36976.1_hidden_layer_steps10.pt		acceptor_superclass::Lysine alkaloids;acceptor_superclass::Phenolic acids (C6-C1);acceptor_superclass::Phenylethanoids (C6-C2);acceptor_superclass::Pseudoalkaloids;acceptor_superclass::Small peptides;acceptor_superclass::Triterpenoids	0,0,0,0,0,0,0,0,0,0,0,0,0,0,0,0,0,0,0,0,0,0,0	0,0,0,0,0,0,0,0,1,0,0,0,0,1,1,0,1,0,1,0,1,0,0	-1.124007,-2.313204,-2.460814,-0.344213,-0.495901,-1.695647,-2.829092,-0.803873,0.107189,-1.528424,-4.540149,-0.211572,-1.637341,0.671399,0.459564,-1.014742,0.080681,-0.234737,1.502979,-1.394020,0.195720,-1.510885,-0.863992
Lery_AAT1_BBV14786.1	Lery_AAT1_BBV14786.1	/content/drive/MyDrive/CS_5782_Final_Project/code_and_data/BAHD_lastLayer_embeddings/Lery_AAT1_BBV14786.1_hidden_layer_steps10.pt	acceptor_superclass::Naphthalenes	acceptor_superclass::Cyclic polyketides;acceptor_superclass::Diterpenoids;acceptor_superclass::Fatty acyls;acceptor_superclass::Lysine alkaloids;acceptor_superclass::Monoterpenoids;acceptor_superclass::Naphthalenes;acceptor_superclass::Phenylethanoids (C6-C2);acceptor_superclass::Saccharides;acceptor_superclass::Triterpenoids	0,0,0,0,0,0,0,0,0,0,1,0,0,0,0,0,0,0,0,0,0,0,0	0,1,1,0,1,0,0,0,1,1,1,0,0,0,1,0,0,1,0,0,1,0,0	-0.497273,0.538208,0.530430,-2.023472,0.642471,-1.069093,-1.881542,-0.481307,0.273294,0.217888,0.943101,-0.655258,-1.209826,-3.536823,0.746655,-0.895242,-0.279628,0.564249,-1.767684,-0.635544,0.594822,-0.014045,-1.277302
Lery_AAT2_BDW80085.1	Lery_AAT2_BDW80085.1	/content/drive/MyDrive/CS_5782_Final_Project/code_and_data/BAHD_lastLayer_embeddings/Lery_AAT2_BDW80085.1_hidden_layer_steps10.pt	acceptor_superclass::Naphthalenes	acceptor_superclass::Naphthalenes	0,0,0,0,0,0,0,0,0,0,1,0,0,0,0,0,0,0,0,0,0,0,0	0,0,0,0,0,0,0,0,0,0,1,0,0,0,0,0,0,0,0,0,0,0,0	-7.238159,-6.095145,-5.085012,-9.126689,-7.075436,-3.835443,-3.034800,-4.323769,-5.929644,-5.953251,6.306922,-6.398230,-5.008893,-10.238497,-5.162713,-4.342037,-0.901604,-2.284189,-7.104951,-6.598736,-5.540097,-5.213799,-3.649697
Lery_SAT1_BBV14785.1	Lery_SAT1_BBV14785.1	/content/drive/MyDrive/CS_5782_Final_Project/code_and_data/BAHD_lastLayer_embeddings/Lery_SAT1_BBV14785.1_hidden_layer_steps10.pt	acceptor_superclass::Naphthalenes	acceptor_superclass::Coumarins;acceptor_superclass::Cyclic polyketides;acceptor_superclass::Naphthalenes;acceptor_superclass::Phenanthrenoids;acceptor_superclass::Phenylethanoids (C6-C2);acceptor_superclass::Saccharides;acceptor_superclass::Triterpenoids;acceptor_superclass::Tryptophan alkaloids	0,0,0,0,0,0,0,0,0,0,1,0,0,0,0,0,0,0,0,0,0,0,0	1,1,0,0,0,0,0,0,0,0,1,0,1,0,1,0,0,1,0,0,1,1,0	0.001989,1.145392,-0.105134,-2.550431,-0.324540,-1.032012,-0.143968,-0.793231,-2.131212,-0.756855,1.270940,-1.062910,0.021880,-3.221986,0.932938,-1.187865,-2.126916,1.224372,-1.178189,-0.404408,0.901737,0.982843,-0.003976
Lery_SAT2_BDW80077.1	Lery_SAT2_BDW80077.1	/content/drive/MyDrive/CS_5782_Final_Project/code_and_data/BAHD_lastLayer_embeddings/Lery_SAT2_BDW80077.1_hidden_layer_steps10.pt	acceptor_superclass::Naphthalenes	acceptor_superclass::Naphthalenes	0,0,0,0,0,0,0,0,0,0,1,0,0,0,0,0,0,0,0,0,0,0,0	0,0,0,0,0,0,0,0,0,0,1,0,0,0,0,0,0,0,0,0,0,0,0	-5.910878,-2.525042,-1.768485,-8.011245,-5.798073,-5.130801,-2.980161,-4.886698,-5.739758,-1.741309,1.992781,-2.582345,-2.741297,-9.059947,-2.443137,-0.874186,-2.025584,-0.406916,-4.732174,-3.102729,-0.089348,-0.007260,-0.198435
Lint_AAT-3_AIW81431.1	Lint_AAT-3_AIW81431.1	/content/drive/MyDrive/CS_5782_Final_Project/code_and_data/BAHD_lastLayer_embeddings/Lint_AAT-3_AIW81431.1_hidden_layer_steps10.pt	acceptor_superclass::Monoterpenoids	acceptor_superclass::Ornithine alkaloids;acceptor_superclass::Phenolic acids (C6-C1);acceptor_superclass::Phenylethanoids (C6-C2);acceptor_superclass::Pseudoalkaloids;acceptor_superclass::Small peptides;acceptor_superclass::Tryptophan alkaloids;acceptor_superclass::Tyrosine alkaloids	0,0,0,0,0,0,0,0,0,1,0,0,0,0,0,0,0,0,0,0,0,0,0	0,0,0,0,0,0,0,0,0,0,0,1,0,1,1,0,1,0,1,0,0,1,1	-0.712403,-2.940859,-0.568380,-0.898367,-0.337443,-2.665360,-3.443609,-1.064337,-1.205807,-1.131345,-4.760056,1.555256,-0.070563,1.150731,1.344322,-0.664607,0.495814,-3.875315,1.632700,-1.299961,-2.573737,1.100820,0.871543
Lint_AAT-4_AIW81432.1	Lint_AAT-4_AIW81432.1	/content/drive/MyDrive/CS_5782_Final_Project/code_and_data/BAHD_lastLayer_embeddings/Lint_AAT-4_AIW81432.1_hidden_layer_steps10.pt	acceptor_superclass::Monoterpenoids	acceptor_superclass::Cyclic polyketides;acceptor_superclass::Fatty acyls;acceptor_superclass::Phenylethanoids (C6-C2);acceptor_superclass::Saccharides;acceptor_superclass::Triterpenoids;acceptor_superclass::Tryptophan alkaloids;acceptor_superclass::Tyrosine alkaloids	0,0,0,0,0,0,0,0,0,1,0,0,0,0,0,0,0,0,0,0,0,0,0	0,1,0,0,1,0,0,0,0,0,0,0,0,0,1,0,0,1,0,0,1,1,1	-0.778352,0.652289,-0.204683,-1.996826,0.101384,-1.560693,-1.475699,-0.807324,-1.621008,-0.569747,-0.821037,-0.755615,-0.598202,-2.024060,1.093440,-0.810029,-1.814879,0.687409,-0.305562,-0.951007,0.006787,0.960894,0.203079
Ljap_HQT_ACZ52698.1	Ljap_HQT_ACZ52698.1	/content/drive/MyDrive/CS_5782_Final_Project/code_and_data/BAHD_lastLayer_embeddings/Ljap_HQT_ACZ52698.1_hidden_layer_steps10.pt	acceptor_superclass::Phenolic acids (C6-C1)	acceptor_superclass::Phenolic acids (C6-C1);acceptor_superclass::Triterpenoids	0,0,0,0,0,0,0,0,0,0,0,0,0,1,0,0,0,0,0,0,0,0,0	0,0,0,0,0,0,0,0,0,0,0,0,0,1,0,0,0,0,0,0,1,0,0	-8.624508,-8.914948,-7.808429,-4.208639,-5.313620,-3.957938,-7.654442,-8.721545,-6.837820,-1.759953,-12.190899,-2.883163,-8.247643,3.602612,-4.289014,-1.301823,-3.873340,-8.212561,-0.763968,-5.835235,0.277839,-10.629457,-2.366900
Lori_AAT1_WKK95849.1	Lori_AAT1_WKK95849.1	/content/drive/MyDrive/CS_5782_Final_Project/code_and_data/BAHD_lastLayer_embeddings/Lori_AAT1_WKK95849.1_hidden_layer_steps10.pt	acceptor_superclass::Fatty acyls	acceptor_superclass::Fatty acyls;acceptor_superclass::Lignans;acceptor_superclass::Lysine alkaloids;acceptor_superclass::Monoterpenoids;acceptor_superclass::Phenolic acids (C6-C1);acceptor_superclass::Phenylethanoids (C6-C2);acceptor_superclass::Phenylpropanoids (C6-C3);acceptor_superclass::Small peptides;acceptor_superclass::Tryptophan alkaloids;acceptor_superclass::Tyrosine alkaloids	0,0,0,0,1,0,0,0,0,0,0,0,0,0,0,0,0,0,0,0,0,0,0	0,0,0,0,1,0,0,1,1,1,0,0,0,1,1,1,0,0,1,0,0,1,1	-1.907457,-1.223782,-1.860088,-0.441745,1.009915,-2.344712,-4.239059,0.697209,1.115615,0.003250,-4.883676,-0.292175,-1.732225,1.107161,1.926561,0.893292,-1.005059,-0.967783,1.958235,-1.997905,-2.793478,0.212009,0.215575
Lpur_3MAT1_AAS77404.1	Lpur_3MAT1_AAS77404.1	/content/drive/MyDrive/CS_5782_Final_Project/code_and_data/BAHD_lastLayer_embeddings/Lpur_3MAT1_AAS77404.1_hidden_layer_steps10.pt	acceptor_superclass::Flavonoids;acceptor_superclass::Isoflavonoids;acceptor_superclass::Phenolic acids (C6-C1)	acceptor_superclass::Flavonoids;acceptor_superclass::Isoflavonoids;acceptor_superclass::Steroids	0,0,0,0,0,1,1,0,0,0,0,0,0,1,0,0,0,0,0,0,0,0,0	0,0,0,0,0,1,1,0,0,0,0,0,0,0,0,0,0,0,0,1,0,0,0	-0.650812,-5.886878,-6.239147,-7.223768,-9.465796,3.708956,3.330587,-5.431628,-10.873047,-5.925718,-0.686479,-3.833929,-0.166233,-6.784848,-4.852768,-3.305453,-2.193597,-4.330243,-5.197453,2.972223,-2.983422,-4.131191,-1.475762
Lrob_AT1_WEX29780.1	Lrob_AT1_WEX29780.1	/content/drive/MyDrive/CS_5782_Final_Project/code_and_data/BAHD_lastLayer_embeddings/Lrob_AT1_WEX29780.1_hidden_layer_steps10.pt	acceptor_superclass::Phenylethanoids (C6-C2)	acceptor_superclass::Coumarins;acceptor_superclass::Ornithine alkaloids;acceptor_superclass::Phenanthrenoids;acceptor_superclass::Phenolic acids (C6-C1);acceptor_superclass::Phenylethanoids (C6-C2);acceptor_superclass::Pseudoalkaloids;acceptor_superclass::Small peptides;acceptor_superclass::Tryptophan alkaloids;acceptor_superclass::Tyrosine alkaloids	0,0,0,0,0,0,0,0,0,0,0,0,0,0,1,0,0,0,0,0,0,0,0	1,0,0,0,0,0,0,0,0,0,0,1,1,1,1,0,1,0,1,0,0,1,1	0.750693,-1.837024,-2.829856,-0.706972,-1.272559,-0.862218,-0.356316,-0.736939,-2.487628,-1.908320,-2.268712,1.785506,0.698195,1.815030,0.857364,-1.321533,0.345729,-3.448829,1.979817,-0.370053,-2.132076,0.044290,1.147819
Lsat_BOS_QYL33117.1	Lsat_BOS_QYL33117.1	/content/drive/MyDrive/CS_5782_Final_Project/code_and_data/BAHD_lastLayer_embeddings/Lsat_BOS_QYL33117.1_hidden_layer_steps10.pt	acceptor_superclass::Small peptides	acceptor_superclass::Phenylethanoids (C6-C2);acceptor_superclass::Small peptides;acceptor_superclass::Triterpenoids	0,0,0,0,0,0,0,0,0,0,0,0,0,0,0,0,0,0,1,0,0,0,0	0,0,0,0,0,0,0,0,0,0,0,0,0,0,1,0,0,0,1,0,1,0,0	-0.123490,-0.863484,-0.391104,-1.171193,-0.487175,-0.684930,-0.813026,-1.260989,-0.502904,-1.101494,-1.835082,-0.033651,-0.423432,-1.269469,0.641809,-1.342039,-0.045670,-0.385500,0.522732,-0.135676,0.715613,-1.386048,-1.289041
Lsat_BOS_QYL33117.1	Lsat_DS_QYL33117.1	/content/drive/MyDrive/CS_5782_Final_Project/code_and_data/BAHD_lastLayer_embeddings/Lsat_BOS_QYL33117.1_hidden_layer_steps10.pt	acceptor_superclass::Small peptides	acceptor_superclass::Coumarins;acceptor_superclass::Isoflavonoids;acceptor_superclass::Ornithine alkaloids;acceptor_superclass::Phenanthrenoids;acceptor_superclass::Phenylethanoids (C6-C2);acceptor_superclass::Small peptides;acceptor_superclass::Steroids;acceptor_superclass::Tryptophan alkaloids;acceptor_superclass::Tyrosine alkaloids	0,0,0,0,0,0,0,0,0,0,0,0,0,0,0,0,0,0,1,0,0,0,0	1,0,0,0,0,0,1,0,0,0,0,1,1,0,1,0,0,0,1,1,0,1,1	0.735318,-0.241468,-1.014881,-1.792912,-1.034580,-0.456796,0.407067,-1.301844,-2.724557,-1.735458,-0.621251,0.553712,0.724562,-0.341893,0.536378,-1.565949,-1.032475,-1.696914,0.396951,0.038328,-0.288900,0.443868,0.559088
Ltri_CAAT1_AHA90802.1	Ltri_CAAT1_AHA90802.1	/content/drive/MyDrive/CS_5782_Final_Project/code_and_data/BAHD_lastLayer_embeddings/Ltri_CAAT1_AHA90802.1_hidden_layer_steps10.pt	acceptor_superclass::Phenylpropanoids (C6-C3)	acceptor_superclass::Lignans;acceptor_superclass::Phenylpropanoids (C6-C3)	0,0,0,0,0,0,0,0,0,0,0,0,0,0,0,1,0,0,0,0,0,0,0	0,0,0,0,0,0,0,1,0,0,0,0,0,0,0,1,0,0,0,0,0,0,0	-9.324294,-8.172546,-3.360852,-2.728171,-1.753534,-6.162581,-10.896616,0.575012,-1.628077,-1.233675,-4.001434,-3.303458,-4.512161,-11.441027,-0.398049,1.812396,-0.488196,-5.438812,-8.878613,-8.284157,-4.868719,-5.160659,-4.604867
Maze_AT1704_NA	Maze_AT1704_NA	/content/drive/MyDrive/CS_5782_Final_Project/code_and_data/BAHD_lastLayer_embeddings/Maze_AT1704_NA_hidden_layer_steps10.pt	acceptor_superclass::Triterpenoids	acceptor_superclass::Diterpenoids;acceptor_superclass::Monoterpenoids;acceptor_superclass::Phenylpropanoids (C6-C3);acceptor_superclass::Triterpenoids	0,0,0,0,0,0,0,0,0,0,0,0,0,0,0,0,0,0,0,0,1,0,0	0,0,1,0,0,0,0,0,0,1,0,0,0,0,0,1,0,0,0,0,1,0,0	-6.402921,-2.647819,1.024986,-5.441844,-1.833800,-4.310780,-6.115246,-5.223650,-4.709954,0.431665,-3.698295,-4.507684,-3.525051,-7.016552,-1.243742,0.271831,-4.695739,-0.493017,-3.318139,-4.465937,1.706743,-1.670036,-0.789416
Maze_AT8824_KAJ4723782.1	Maze_AT8824_KAJ4723782.1	/content/drive/MyDrive/CS_5782_Final_Project/code_and_data/BAHD_lastLayer_embeddings/Maze_AT8824_KAJ4723782.1_hidden_layer_steps10.pt	acceptor_superclass::Triterpenoids	acceptor_superclass::Diterpenoids;acceptor_superclass::Fatty acyls;acceptor_superclass::Saccharides;acceptor_superclass::Triterpenoids;acceptor_superclass::Tryptophan alkaloids	0,0,0,0,0,0,0,0,0,0,0,0,0,0,0,0,0,0,0,0,1,0,0	0,0,1,0,1,0,0,0,0,0,0,0,0,0,0,0,0,1,0,0,1,1,0	-3.633779,-0.507240,1.225937,-1.888515,0.219150,-1.333917,-4.646521,-4.356831,-3.092655,-0.202022,-0.990439,-1.739441,-3.880902,-5.694445,-1.978332,-1.287135,-1.639127,0.671385,-3.036227,-3.071277,1.022439,1.044927,-0.856316
Mdom_AAT1_AAU14879.2	Mdom_AAT1_AAU14879.2	/content/drive/MyDrive/CS_5782_Final_Project/code_and_data/BAHD_lastLayer_embeddings/Mdom_AAT1_AAU14879.2_hidden_layer_steps10.pt	acceptor_superclass::Fatty acyls;acceptor_superclass::Phenylpropanoids (C6-C3)	acceptor_superclass::Fatty acyls;acceptor_superclass::Monoterpenoids	0,0,0,0,1,0,0,0,0,0,0,0,0,0,0,1,0,0,0,0,0,0,0	0,0,0,0,1,0,0,0,0,1,0,0,0,0,0,0,0,0,0,0,0,0,0	-11.802696,-4.329705,-2.677643,-3.612574,2.733187,-4.482872,-11.412858,-4.464939,-0.890102,0.199317,-13.250051,-3.876251,-7.454612,-2.905483,-1.924923,-0.366690,-2.608754,-1.238062,-2.564293,-9.542141,-2.377221,-6.417564,-3.515918
Mdom_SHT_ALF00095.1	Mdom_SHT_ALF00095.1	/content/drive/MyDrive/CS_5782_Final_Project/code_and_data/BAHD_lastLayer_embeddings/Mdom_SHT_ALF00095.1_hidden_layer_steps10.pt	acceptor_superclass::Ornithine alkaloids	acceptor_superclass::Ornithine alkaloids;acceptor_superclass::Tyrosine alkaloids	0,0,0,0,0,0,0,0,0,0,0,1,0,0,0,0,0,0,0,0,0,0,0	0,0,0,0,0,0,0,0,0,0,0,1,0,0,0,0,0,0,0,0,0,0,1	-7.114163,-4.671503,-6.763161,-4.193850,-4.546082,-3.963311,-5.372504,-6.500473,-6.806105,-1.376824,-9.433592,2.235735,-5.565706,-0.221148,-1.018956,-0.600447,-0.092354,-6.605308,-0.350127,-4.844857,-0.762500,-5.493389,0.165720
Mema_HFT_NA	Mema_HFT_NA	/content/drive/MyDrive/CS_5782_Final_Project/code_and_data/BAHD_lastLayer_embeddings/Mema_HFT_NA_hidden_layer_steps10.pt	acceptor_superclass::Fatty acyls	acceptor_superclass::Fatty Acids and Conjugates;acceptor_superclass::Phenylpropanoids (C6-C3);acceptor_superclass::Tyrosine alkaloids	0,0,0,0,1,0,0,0,0,0,0,0,0,0,0,0,0,0,0,0,0,0,0	0,0,0,1,0,0,0,0,0,0,0,0,0,0,0,1,0,0,0,0,0,0,1	-9.731994,-7.451023,-4.244597,1.692507,-2.555340,-5.884436,-7.699472,-3.734543,-3.427567,-1.111864,-9.629214,-1.797204,-7.078530,-5.653428,-1.775806,0.006094,-1.841366,-5.508674,-1.520882,-7.238527,-2.139996,-2.632179,0.794916
Mlon_AT1_NA	Mlon_AT1_NA	/content/drive/MyDrive/CS_5782_Final_Project/code_and_data/BAHD_lastLayer_embeddings/Mlon_AT1_NA_hidden_layer_steps10.pt	acceptor_superclass::Phenolic acids (C6-C1)	acceptor_superclass::Phenolic acids (C6-C1);acceptor_superclass::Phenylpropanoids (C6-C3);acceptor_superclass::Small peptides;acceptor_superclass::Triterpenoids;acceptor_superclass::Tyrosine alkaloids	0,0,0,0,0,0,0,0,0,0,0,0,0,1,0,0,0,0,0,0,0,0,0	0,0,0,0,0,0,0,0,0,0,0,0,0,1,0,1,0,0,1,0,1,0,1	-7.207938,-7.123796,-9.581142,-2.337949,-5.864442,-1.248878,-8.849381,-6.317519,-8.456940,-0.922355,-10.746403,-6.915972,-5.726708,4.806116,-4.405320,0.551514,-6.505998,-9.022200,0.759802,-5.149817,0.917315,-3.481335,2.812890
Mlon_AT2_NA	Mlon_AT2_NA	/content/drive/MyDrive/CS_5782_Final_Project/code_and_data/BAHD_lastLayer_embeddings/Mlon_AT2_NA_hidden_layer_steps10.pt	acceptor_superclass::Phenolic acids (C6-C1)	acceptor_superclass::Fatty acyls;acceptor_superclass::Lignans;acceptor_superclass::Ornithine alkaloids;acceptor_superclass::Phenolic acids (C6-C1);acceptor_superclass::Phenylethanoids (C6-C2);acceptor_superclass::Phenylpropanoids (C6-C3);acceptor_superclass::Small peptides;acceptor_superclass::Tyrosine alkaloids	0,0,0,0,0,0,0,0,0,0,0,0,0,1,0,0,0,0,0,0,0,0,0	0,0,0,0,1,0,0,1,0,0,0,1,0,1,1,1,0,0,1,0,0,0,1	-1.544173,-0.863925,-3.314088,-0.287771,0.096291,-1.587211,-2.809065,0.505293,-0.823000,-0.841535,-4.350016,0.313381,-1.430388,2.518945,1.310190,0.009999,-0.823818,-2.112626,2.667196,-1.777046,-2.786342,-0.478973,0.694489
Mlon_AT1_NA	Mlon_AT3_NA	/content/drive/MyDrive/CS_5782_Final_Project/code_and_data/BAHD_lastLayer_embeddings/Mlon_AT1_NA_hidden_layer_steps10.pt	acceptor_superclass::Phenolic acids (C6-C1)	acceptor_superclass::Flavonoids;acceptor_superclass::Phenolic acids (C6-C1);acceptor_superclass::Small peptides;acceptor_superclass::Tyrosine alkaloids	0,0,0,0,0,0,0,0,0,0,0,0,0,1,0,0,0,0,0,0,0,0,0	0,0,0,0,0,1,0,0,0,0,0,0,0,1,0,0,0,0,1,0,0,0,1	-4.389004,-4.885582,-6.728574,-1.007910,-1.462350,0.717343,-4.502583,-0.855051,-2.949714,-1.055806,-10.210132,-2.117173,-4.474924,4.292978,-2.428670,-0.239063,-2.113661,-6.140130,0.744941,-3.458797,-1.312680,-4.887420,0.675105
Mlon_AT4_NA	Mlon_AT4_NA	/content/drive/MyDrive/CS_5782_Final_Project/code_and_data/BAHD_lastLayer_embeddings/Mlon_AT4_NA_hidden_layer_steps10.pt	acceptor_superclass::Lignans;acceptor_superclass::Phenolic acids (C6-C1)	acceptor_superclass::Phenolic acids (C6-C1);acceptor_superclass::Tyrosine alkaloids	0,0,0,0,0,0,0,1,0,0,0,0,0,1,0,0,0,0,0,0,0,0,0	0,0,0,0,0,0,0,0,0,0,0,0,0,1,0,0,0,0,0,0,0,0,1	-8.598422,-7.933560,-10.314283,-0.279944,-3.397178,-3.328732,-8.385972,-5.201261,-5.073036,-3.548584,-9.766325,-4.772135,-7.368015,0.138767,-4.179471,-0.521762,-2.911771,-5.671767,-0.662573,-6.482699,-4.397707,-4.118074,0.311237
Mlon_AT6_NA	Mlon_AT6_NA	/content/drive/MyDrive/CS_5782_Final_Project/code_and_data/BAHD_lastLayer_embeddings/Mlon_AT6_NA_hidden_layer_steps10.pt	acceptor_superclass::Phenolic acids (C6-C1)	acceptor_superclass::Fatty acyls;acceptor_superclass::Lysine alkaloids;acceptor_superclass::Phenylethanoids (C6-C2);acceptor_superclass::Pseudoalkaloids;acceptor_superclass::Small peptides	0,0,0,0,0,0,0,0,0,0,0,0,0,1,0,0,0,0,0,0,0,0,0	0,0,0,0,1,0,0,0,1,0,0,0,0,0,1,0,1,0,1,0,0,0,0	-0.835666,-1.541157,-0.864149,-0.190641,0.981053,-2.057847,-3.681681,-0.141635,0.509191,-0.577150,-3.662926,-0.389793,-1.518322,-0.709511,0.867297,-0.265127,0.095400,-0.649123,0.748008,-1.751621,-0.435951,-1.339638,-1.062763
Moff_RAS_CBW35684.1	Moff_RAS_CBW35684.1	/content/drive/MyDrive/CS_5782_Final_Project/code_and_data/BAHD_lastLayer_embeddings/Moff_RAS_CBW35684.1_hidden_layer_steps10.pt		acceptor_superclass::Lignans;acceptor_superclass::Ornithine alkaloids;acceptor_superclass::Phenolic acids (C6-C1);acceptor_superclass::Phenylethanoids (C6-C2);acceptor_superclass::Pseudoalkaloids;acceptor_superclass::Small peptides;acceptor_superclass::Tryptophan alkaloids;acceptor_superclass::Tyrosine alkaloids	0,0,0,0,0,0,0,0,0,0,0,0,0,0,0,0,0,0,0,0,0,0,0	0,0,0,0,0,0,0,1,0,0,0,1,0,1,1,0,1,0,1,0,0,1,1	-0.715296,-1.848620,-3.859896,-0.130939,-0.793754,-1.630104,-2.122693,0.327727,-1.336666,-1.167396,-4.118265,1.348285,-0.629612,2.850906,1.140943,-0.382892,0.184616,-3.230898,2.848777,-1.263032,-3.106493,0.038284,1.387777
Mpal_HCT_AXN55971.1	Mpal_HCT_AXN55971.1	/content/drive/MyDrive/CS_5782_Final_Project/code_and_data/BAHD_lastLayer_embeddings/Mpal_HCT_AXN55971.1_hidden_layer_steps10.pt	acceptor_superclass::Phenolic acids (C6-C1)	acceptor_superclass::Phenolic acids (C6-C1);acceptor_superclass::Saccharides;acceptor_superclass::Small peptides	0,0,0,0,0,0,0,0,0,0,0,0,0,1,0,0,0,0,0,0,0,0,0	0,0,0,0,0,0,0,0,0,0,0,0,0,1,0,0,0,1,1,0,0,0,0	-11.485807,-3.689578,-9.168499,-4.938028,-1.899337,-1.142632,-6.371702,-3.743734,-0.665286,-1.379367,-13.909798,-7.601733,-5.981143,3.614581,-2.977476,-0.360211,-4.670863,3.239901,1.057015,-8.842588,-0.364981,-6.169084,-1.313068
Mpol_HCT_PTQ49430.1	Mpol_HCT_PTQ49430.1	/content/drive/MyDrive/CS_5782_Final_Project/code_and_data/BAHD_lastLayer_embeddings/Mpol_HCT_PTQ49430.1_hidden_layer_steps10.pt	acceptor_superclass::Phenolic acids (C6-C1)	acceptor_superclass::Fatty Acids and Conjugates;acceptor_superclass::Phenolic acids (C6-C1);acceptor_superclass::Phenylpropanoids (C6-C3);acceptor_superclass::Saccharides;acceptor_superclass::Small peptides	0,0,0,0,0,0,0,0,0,0,0,0,0,1,0,0,0,0,0,0,0,0,0	0,0,0,1,0,0,0,0,0,0,0,0,0,1,0,1,0,1,1,0,0,0,0	-5.845777,-4.060315,-4.491296,1.513429,-0.200435,-0.492145,-5.043418,-2.353798,-3.057747,-1.290610,-9.408336,-2.942005,-5.966025,2.956819,-2.691077,0.550342,-2.684097,0.993817,0.855009,-4.976289,-0.719784,-3.267060,-0.498744
Msap_AAT_CAC09063.1	Msap_AAT_CAC09063.1	/content/drive/MyDrive/CS_5782_Final_Project/code_and_data/BAHD_lastLayer_embeddings/Msap_AAT_CAC09063.1_hidden_layer_steps10.pt	acceptor_superclass::Fatty acyls;acceptor_superclass::Monoterpenoids;acceptor_superclass::Phenylethanoids (C6-C2);acceptor_superclass::Phenylpropanoids (C6-C3)	acceptor_superclass::Flavonoids;acceptor_superclass::Monoterpenoids;acceptor_superclass::Phenylpropanoids (C6-C3);acceptor_superclass::Pseudoalkaloids	0,0,0,0,1,0,0,0,0,1,0,0,0,0,1,1,0,0,0,0,0,0,0	0,0,0,0,0,1,0,0,0,1,0,0,0,0,0,1,1,0,0,0,0,0,0	-2.337645,-2.888549,-2.532036,-2.106873,-1.451744,0.254099,-3.572828,-2.124197,-0.853557,0.030473,-3.929944,-0.055521,-3.032360,-3.586337,-0.677297,1.053271,0.394254,-3.798563,-3.187433,-1.449355,-1.750662,-0.825694,-0.178665
Mtru_MAT1_ABY91220.1	Mtru_MAT1_ABY91220.1	/content/drive/MyDrive/CS_5782_Final_Project/code_and_data/BAHD_lastLayer_embeddings/Mtru_MAT1_ABY91220.1_hidden_layer_steps10.pt	acceptor_superclass::Flavonoids;acceptor_superclass::Isoflavonoids	acceptor_superclass::Coumarins;acceptor_superclass::Cyclic polyketides;acceptor_superclass::Flavonoids;acceptor_superclass::Isoflavonoids;acceptor_superclass::Naphthalenes;acceptor_superclass::Phenanthrenoids;acceptor_superclass::Steroids;acceptor_superclass::Triterpenoids	0,0,0,0,0,1,1,0,0,0,0,0,0,0,0,0,0,0,0,0,0,0,0	1,1,0,0,0,1,1,0,0,0,1,0,1,0,0,0,0,0,0,1,1,0,0	0.165679,0.989605,-1.634150,-1.440430,-2.025445,2.693168,3.232446,-2.880571,-3.963116,-2.338232,2.523142,-1.851288,0.930892,-3.340628,-1.806944,-2.526047,-1.798141,-1.465399,-2.302467,1.672934,1.198759,-1.105080,-0.088134
Mtru_MAT2_ABY91222.1	Mtru_MAT2_ABY91222.1	/content/drive/MyDrive/CS_5782_Final_Project/code_and_data/BAHD_lastLayer_embeddings/Mtru_MAT2_ABY91222.1_hidden_layer_steps10.pt	acceptor_superclass::Flavonoids;acceptor_superclass::Isoflavonoids	acceptor_superclass::Coumarins;acceptor_superclass::Flavonoids;acceptor_superclass::Isoflavonoids;acceptor_superclass::Naphthalenes;acceptor_superclass::Phenanthrenoids;acceptor_superclass::Steroids	0,0,0,0,0,1,1,0,0,0,0,0,0,0,0,0,0,0,0,0,0,0,0	1,0,0,0,0,1,1,0,0,0,1,0,1,0,0,0,0,0,0,1,0,0,0	0.351808,-5.637811,-3.982801,-6.463224,-7.685249,4.139612,5.381217,-6.178823,-12.641248,-7.008456,0.757913,-3.208237,0.560727,-8.699871,-4.688262,-4.788363,-1.531641,-5.834285,-6.410874,2.774219,-2.941491,-8.159343,-3.637074
Mtru_MAT3_ABY91221.1	Mtru_MAT3_ABY91221.1	/content/drive/MyDrive/CS_5782_Final_Project/code_and_data/BAHD_lastLayer_embeddings/Mtru_MAT3_ABY91221.1_hidden_layer_steps10.pt	acceptor_superclass::Flavonoids;acceptor_superclass::Isoflavonoids	acceptor_superclass::Coumarins;acceptor_superclass::Cyclic polyketides;acceptor_superclass::Flavonoids;acceptor_superclass::Isoflavonoids;acceptor_superclass::Naphthalenes;acceptor_superclass::Ornithine alkaloids;acceptor_superclass::Phenanthrenoids;acceptor_superclass::Phenylethanoids (C6-C2);acceptor_superclass::Steroids;acceptor_superclass::Triterpenoids;acceptor_superclass::Tryptophan alkaloids;acceptor_superclass::Tyrosine alkaloids	0,0,0,0,0,1,1,0,0,0,0,0,0,0,0,0,0,0,0,0,0,0,0	1,1,0,0,0,1,1,0,0,0,1,1,1,0,1,0,0,0,0,1,1,1,1	2.598612,0.444313,-1.580899,-2.491176,-1.799494,1.527238,3.356743,-1.458511,-3.819097,-2.173427,1.275911,0.473785,2.289377,-1.059000,0.066795,-2.187711,-1.420820,-1.550522,-0.658115,1.371028,0.664108,0.258398,0.476295
Natt_AT1_AET80688.1	Natt_AT1_AET80688.1	/content/drive/MyDrive/CS_5782_Final_Project/code_and_data/BAHD_lastLayer_embeddings/Natt_AT1_AET80688.1_hidden_layer_steps10.pt	acceptor_superclass::Ornithine alkaloids;acceptor_superclass::Pseudoalkaloids	acceptor_superclass::Ornithine alkaloids;acceptor_superclass::Pseudoalkaloids	0,0,0,0,0,0,0,0,0,0,0,1,0,0,0,0,1,0,0,0,0,0,0	0,0,0,0,0,0,0,0,0,0,0,1,0,0,0,0,1,0,0,0,0,0,0	-7.795298,-4.908979,-4.432249,-2.944011,-1.736179,-4.428068,-7.748763,-6.327311,-4.834511,-0.369433,-10.224245,2.812584,-6.548262,-3.882211,-2.209254,-1.193067,2.249222,-6.573183,-1.693370,-7.513874,-3.004361,-6.111135,-2.000392
Natt_DH29_AET80686.1	Natt_DH29_AET80686.1	/content/drive/MyDrive/CS_5782_Final_Project/code_and_data/BAHD_lastLayer_embeddings/Natt_DH29_AET80686.1_hidden_layer_steps10.pt	acceptor_superclass::Ornithine alkaloids;acceptor_superclass::Pseudoalkaloids		0,0,0,0,0,0,0,0,0,0,0,1,0,0,0,0,1,0,0,0,0,0,0	0,0,0,0,0,0,0,0,0,0,0,0,0,0,0,0,0,0,0,0,0,0,0	-7.642501,-7.344343,-1.406169,-7.144096,-8.020059,-5.285935,-8.781726,-5.872780,-9.268057,-2.368284,-5.068229,-2.112432,-3.904217,-10.720255,-4.468285,-2.712277,-1.910832,-6.049003,-8.356444,-6.394179,-1.949040,-3.081750,-3.785592
Ntab_ASAT1_XP_016480914.1	Ntab_ASAT1_XP_016480914.1	/content/drive/MyDrive/CS_5782_Final_Project/code_and_data/BAHD_lastLayer_embeddings/Ntab_ASAT1_XP_016480914.1_hidden_layer_steps10.pt	acceptor_superclass::Saccharides	acceptor_superclass::Diterpenoids;acceptor_superclass::Monoterpenoids;acceptor_superclass::Phenylpropanoids (C6-C3);acceptor_superclass::Saccharides;acceptor_superclass::Tryptophan alkaloids	0,0,0,0,0,0,0,0,0,0,0,0,0,0,0,0,0,1,0,0,0,0,0	0,0,1,0,0,0,0,0,0,1,0,0,0,0,0,1,0,1,0,0,0,1,0	-12.170184,-2.467865,1.399250,-9.435637,-1.240423,-5.118771,-10.185254,-3.723452,-1.178326,1.114722,-7.040695,-6.466101,-4.504479,-11.055189,-1.574662,0.583952,-4.057345,8.266829,-7.500681,-8.201866,-1.719541,1.076138,-3.247512
Ntab_ASAT2_XP_016451255.1	Ntab_ASAT2_XP_016451255.1	/content/drive/MyDrive/CS_5782_Final_Project/code_and_data/BAHD_lastLayer_embeddings/Ntab_ASAT2_XP_016451255.1_hidden_layer_steps10.pt		acceptor_superclass::Naphthalenes;acceptor_superclass::Saccharides;acceptor_superclass::Tryptophan alkaloids	0,0,0,0,0,0,0,0,0,0,0,0,0,0,0,0,0,0,0,0,0,0,0	0,0,0,0,0,0,0,0,0,0,1,0,0,0,0,0,0,1,0,0,0,1,0	-9.136010,-3.162338,-0.553576,-11.783591,-7.621357,-4.223940,-4.206576,-4.197710,-6.601083,-3.643385,0.388863,-8.523521,-3.927112,-10.684639,-5.489464,-2.118790,-3.937948,2.987143,-6.210940,-7.601044,-2.988788,1.279122,-3.980741
Ntab_BEBT_AAN09798.1	Ntab_BEBT_AAN09798.1	/content/drive/MyDrive/CS_5782_Final_Project/code_and_data/BAHD_lastLayer_embeddings/Ntab_BEBT_AAN09798.1_hidden_layer_steps10.pt		acceptor_superclass::Fatty acyls;acceptor_superclass::Lysine alkaloids;acceptor_superclass::Monoterpenoids;acceptor_superclass::Phenylpropanoids (C6-C3)	0,0,0,0,0,0,0,0,0,0,0,0,0,0,0,0,0,0,0,0,0,0,0	0,0,0,0,1,0,0,0,1,1,0,0,0,0,0,1,0,0,0,0,0,0,0	-5.696335,-4.706345,-2.290658,-0.312992,3.377622,-1.216794,-9.427212,-2.257404,0.636417,2.109768,-9.964068,-3.114796,-6.811619,-1.547369,-0.332916,2.454298,-1.558949,-2.908979,-2.809685,-5.640412,-2.960011,-2.967314,-1.682972
Ntab_HCT_CAD47830.1	Ntab_HCT_CAD47830.1	/content/drive/MyDrive/CS_5782_Final_Project/code_and_data/BAHD_lastLayer_embeddings/Ntab_HCT_CAD47830.1_hidden_layer_steps10.pt	acceptor_superclass::Phenolic acids (C6-C1);acceptor_superclass::Phenylpropanoids (C6-C3)	acceptor_superclass::Fatty Acids and Conjugates;acceptor_superclass::Ornithine alkaloids;acceptor_superclass::Phenolic acids (C6-C1);acceptor_superclass::Phenylethanoids (C6-C2);acceptor_superclass::Small peptides;acceptor_superclass::Tyrosine alkaloids	0,0,0,0,0,0,0,0,0,0,0,0,0,1,0,1,0,0,0,0,0,0,0	0,0,0,1,0,0,0,0,0,0,0,1,0,1,1,0,0,0,1,0,0,0,1	-0.445926,-1.968244,-4.647099,0.123134,-0.810087,-1.284690,-1.755103,-0.194206,-1.703490,-1.661831,-4.335274,0.888346,-0.301150,4.548735,1.067631,-0.706409,-0.166838,-3.449600,3.739370,-1.720551,-3.509104,-1.094303,1.143576
Ntab_HQT_CAE46932.1	Ntab_HQT_CAE46932.1	/content/drive/MyDrive/CS_5782_Final_Project/code_and_data/BAHD_lastLayer_embeddings/Ntab_HQT_CAE46932.1_hidden_layer_steps10.pt	acceptor_superclass::Phenolic acids (C6-C1);acceptor_superclass::Phenylpropanoids (C6-C3)	acceptor_superclass::Phenolic acids (C6-C1);acceptor_superclass::Small peptides;acceptor_superclass::Triterpenoids	0,0,0,0,0,0,0,0,0,0,0,0,0,1,0,1,0,0,0,0,0,0,0	0,0,0,0,0,0,0,0,0,0,0,0,0,1,0,0,0,0,1,0,1,0,0	-8.158687,-7.953070,-7.045324,-3.793920,-5.430188,-3.764031,-10.338166,-8.455898,-9.164308,-2.352879,-11.006146,-4.664570,-6.960048,3.708543,-4.874349,-1.867112,-5.001845,-8.514770,0.236194,-8.045290,0.637987,-6.820920,-1.250400
Ntab_MAT1_BAD93691.1	Ntab_MAT1_BAD93691.1	/content/drive/MyDrive/CS_5782_Final_Project/code_and_data/BAHD_lastLayer_embeddings/Ntab_MAT1_BAD93691.1_hidden_layer_steps10.pt	acceptor_superclass::Coumarins;acceptor_superclass::Flavonoids;acceptor_superclass::Naphthalenes;acceptor_superclass::Phenanthrenoids	acceptor_superclass::Flavonoids;acceptor_superclass::Isoflavonoids;acceptor_superclass::Phenanthrenoids;acceptor_superclass::Steroids;acceptor_superclass::Triterpenoids;acceptor_superclass::Tyrosine alkaloids	1,0,0,0,0,1,0,0,0,0,1,0,1,0,0,0,0,0,0,0,0,0,0	0,0,0,0,0,1,1,0,0,0,0,0,1,0,0,0,0,0,0,1,1,0,1	-0.326054,-1.209514,-3.188008,-1.418760,-2.412778,2.358979,1.298566,-2.230205,-3.020045,-1.540509,-1.030285,-1.176170,0.056033,-1.430500,-1.270849,-1.460441,-1.162907,-3.514189,-1.647184,1.555411,0.045696,-2.459030,0.419724
Ntab_SHT_QNO39110.1	Ntab_SHT_QNO39110.1	/content/drive/MyDrive/CS_5782_Final_Project/code_and_data/BAHD_lastLayer_embeddings/Ntab_SHT_QNO39110.1_hidden_layer_steps10.pt	acceptor_superclass::Ornithine alkaloids	acceptor_superclass::Ornithine alkaloids;acceptor_superclass::Phenolic acids (C6-C1);acceptor_superclass::Tyrosine alkaloids	0,0,0,0,0,0,0,0,0,0,0,1,0,0,0,0,0,0,0,0,0,0,0	0,0,0,0,0,0,0,0,0,0,0,1,0,1,0,0,0,0,0,0,0,0,1	-3.326920,-3.748986,-4.521486,-0.216307,-1.862321,-0.851449,-4.821981,-2.512469,-4.752527,-1.558248,-6.301170,0.619567,-3.565231,0.344354,-1.404725,-1.829879,-0.339381,-4.697418,-0.019581,-2.541650,-0.595492,-3.654052,0.529607
Obas_CAAT1_QKK36036.1	Obas_CAAT1_QKK36036.1	/content/drive/MyDrive/CS_5782_Final_Project/code_and_data/BAHD_lastLayer_embeddings/Obas_CAAT1_QKK36036.1_hidden_layer_steps10.pt	acceptor_superclass::Phenylethanoids (C6-C2);acceptor_superclass::Phenylpropanoids (C6-C3)	acceptor_superclass::Coumarins;acceptor_superclass::Ornithine alkaloids;acceptor_superclass::Phenylethanoids (C6-C2);acceptor_superclass::Pseudoalkaloids;acceptor_superclass::Small peptides;acceptor_superclass::Steroids	0,0,0,0,0,0,0,0,0,0,0,0,0,0,1,1,0,0,0,0,0,0,0	1,0,0,0,0,0,0,0,0,0,0,1,0,0,1,0,1,0,1,1,0,0,0	0.230303,-2.466650,-1.784303,-0.361401,-0.978330,-0.858040,-1.375937,-0.667600,-0.716655,-1.758250,-3.232654,0.736296,-0.560441,-0.643726,0.641646,-1.206866,0.858743,-1.146042,1.045009,0.124978,-0.074888,-1.699982,-0.611940
Obas_CAAT2_QKK36037.1	Obas_CAAT2_QKK36037.1	/content/drive/MyDrive/CS_5782_Final_Project/code_and_data/BAHD_lastLayer_embeddings/Obas_CAAT2_QKK36037.1_hidden_layer_steps10.pt	acceptor_superclass::Phenylpropanoids (C6-C3)	acceptor_superclass::Diterpenoids;acceptor_superclass::Fatty acyls;acceptor_superclass::Lysine alkaloids;acceptor_superclass::Monoterpenoids;acceptor_superclass::Phenylethanoids (C6-C2);acceptor_superclass::Phenylpropanoids (C6-C3);acceptor_superclass::Pseudoalkaloids;acceptor_superclass::Saccharides	0,0,0,0,0,0,0,0,0,0,0,0,0,0,0,1,0,0,0,0,0,0,0	0,0,1,0,1,0,0,0,1,1,0,0,0,0,1,1,1,1,0,0,0,0,0	-0.343720,-0.381262,0.367188,-1.339817,0.765697,-1.545203,-3.046769,-0.150308,0.806659,0.486472,-2.001220,-0.126074,-1.299187,-2.534189,1.003202,0.042843,0.376664,0.193219,-1.034997,-1.100170,-0.330358,-0.005453,-1.291566
Oeur_AT1_XP_022859703.1	Oeur_AT1_XP_022859703.1	/content/drive/MyDrive/CS_5782_Final_Project/code_and_data/BAHD_lastLayer_embeddings/Oeur_AT1_XP_022859703.1_hidden_layer_steps10.pt	acceptor_superclass::Phenylethanoids (C6-C2)	acceptor_superclass::Coumarins;acceptor_superclass::Ornithine alkaloids;acceptor_superclass::Phenanthrenoids;acceptor_superclass::Phenolic acids (C6-C1);acceptor_superclass::Phenylethanoids (C6-C2);acceptor_superclass::Pseudoalkaloids;acceptor_superclass::Small peptides;acceptor_superclass::Tryptophan alkaloids;acceptor_superclass::Tyrosine alkaloids	0,0,0,0,0,0,0,0,0,0,0,0,0,0,1,0,0,0,0,0,0,0,0	1,0,0,0,0,0,0,0,0,0,0,1,1,1,1,0,1,0,1,0,0,1,1	0.175554,-1.463117,-2.732292,-0.602025,-0.827599,-1.123855,-0.854346,-0.261679,-1.914588,-1.418943,-2.310241,1.455453,0.148357,1.373341,1.010137,-0.920004,0.134159,-2.718902,1.862934,-0.649868,-2.132340,0.169358,0.988365
Osat_AHT1_CAE03579.1	Osat_AHT1_CAE03579.1	/content/drive/MyDrive/CS_5782_Final_Project/code_and_data/BAHD_lastLayer_embeddings/Osat_AHT1_CAE03579.1_hidden_layer_steps10.pt	acceptor_superclass::Ornithine alkaloids;acceptor_superclass::Pseudoalkaloids	acceptor_superclass::Ornithine alkaloids;acceptor_superclass::Pseudoalkaloids;acceptor_superclass::Tyrosine alkaloids	0,0,0,0,0,0,0,0,0,0,0,1,0,0,0,0,1,0,0,0,0,0,0	0,0,0,0,0,0,0,0,0,0,0,1,0,0,0,0,1,0,0,0,0,0,1	-3.678919,-5.489878,-6.361693,-3.339514,-4.821727,-0.952994,-3.783157,-2.805302,-3.292185,-1.949431,-7.162496,2.654247,-4.278684,-0.880713,-1.834538,-1.023253,2.239263,-6.415557,-1.855838,-2.391271,-0.922195,-0.890661,1.080018
Osat_AT10_BAD33123.1	Osat_AT10_BAD33123.1	/content/drive/MyDrive/CS_5782_Final_Project/code_and_data/BAHD_lastLayer_embeddings/Osat_AT10_BAD33123.1_hidden_layer_steps10.pt	acceptor_superclass::Phenylpropanoids (C6-C3)	acceptor_superclass::Phenylpropanoids (C6-C3)	0,0,0,0,0,0,0,0,0,0,0,0,0,0,0,1,0,0,0,0,0,0,0	0,0,0,0,0,0,0,0,0,0,0,0,0,0,0,1,0,0,0,0,0,0,0	-8.431600,-8.351305,-8.487353,-3.444437,-4.516865,-5.005679,-8.875934,-4.380372,-3.978246,-1.009343,-7.977396,-4.190438,-5.935356,-7.989101,-2.313001,0.856268,-1.071334,-5.183985,-7.937641,-5.760152,-6.660602,-1.795784,-3.130467
Osat_DPW2_BAS75979.1	Osat_DPW2_BAS75979.1	/content/drive/MyDrive/CS_5782_Final_Project/code_and_data/BAHD_lastLayer_embeddings/Osat_DPW2_BAS75979.1_hidden_layer_steps10.pt	acceptor_superclass::Fatty Acids and Conjugates	acceptor_superclass::Ornithine alkaloids;acceptor_superclass::Phenylpropanoids (C6-C3);acceptor_superclass::Pseudoalkaloids;acceptor_superclass::Tryptophan alkaloids;acceptor_superclass::Tyrosine alkaloids	0,0,0,1,0,0,0,0,0,0,0,0,0,0,0,0,0,0,0,0,0,0,0	0,0,0,0,0,0,0,0,0,0,0,1,0,0,0,1,1,0,0,0,0,1,1	-4.476402,-6.821839,-6.224662,-2.843484,-2.494917,-1.674240,-6.037022,-1.472217,-0.195326,-0.342373,-9.858622,0.477795,-5.873335,-1.300393,-0.995326,1.911346,0.836034,-6.513649,-3.016917,-4.570457,-2.557401,0.064102,0.699996
Osat_FMT_BAF16996.1	Osat_FMT_BAF16996.1	/content/drive/MyDrive/CS_5782_Final_Project/code_and_data/BAHD_lastLayer_embeddings/Osat_FMT_BAF16996.1_hidden_layer_steps10.pt	acceptor_superclass::Phenylpropanoids (C6-C3)	acceptor_superclass::Monoterpenoids;acceptor_superclass::Phenylpropanoids (C6-C3)	0,0,0,0,0,0,0,0,0,0,0,0,0,0,0,1,0,0,0,0,0,0,0	0,0,0,0,0,0,0,0,0,1,0,0,0,0,0,1,0,0,0,0,0,0,0	-6.332932,-3.306653,-3.762517,-6.141729,-1.910337,-1.002322,-3.527375,-2.689590,-2.982941,2.586911,-5.947905,-0.922908,-5.298788,-5.698017,-0.205578,3.083592,-0.164317,-6.061220,-5.270108,-4.424510,-3.845688,-2.191954,-2.116751
Osat_HCT4_BAD72437.1	Osat_HCT4_BAD72437.1	/content/drive/MyDrive/CS_5782_Final_Project/code_and_data/BAHD_lastLayer_embeddings/Osat_HCT4_BAD72437.1_hidden_layer_steps10.pt	acceptor_superclass::Phenolic acids (C6-C1)	acceptor_superclass::Flavonoids;acceptor_superclass::Lignans;acceptor_superclass::Phenylpropanoids (C6-C3);acceptor_superclass::Pseudoalkaloids;acceptor_superclass::Tryptophan alkaloids;acceptor_superclass::Tyrosine alkaloids	0,0,0,0,0,0,0,0,0,0,0,0,0,1,0,0,0,0,0,0,0,0,0	0,0,0,0,0,1,0,1,0,0,0,0,0,0,0,1,1,0,0,0,0,1,1	-3.846538,-2.530288,-5.986626,-5.456227,-2.842570,1.199279,-1.943383,0.274602,-0.403366,-0.656194,-6.974244,-0.165833,-4.485632,-1.911035,-2.203996,2.390404,0.806015,-3.632166,-2.934288,-1.791731,-2.827129,2.094606,0.541796
Osat_MAT-2_BAG96218.1	Osat_MAT-2_BAG96218.1	/content/drive/MyDrive/CS_5782_Final_Project/code_and_data/BAHD_lastLayer_embeddings/Osat_MAT-2_BAG96218.1_hidden_layer_steps10.pt	acceptor_superclass::Flavonoids;acceptor_superclass::Isoflavonoids	acceptor_superclass::Lignans;acceptor_superclass::Lysine alkaloids;acceptor_superclass::Ornithine alkaloids;acceptor_superclass::Phenylethanoids (C6-C2);acceptor_superclass::Pseudoalkaloids;acceptor_superclass::Saccharides	0,0,0,0,0,1,1,0,0,0,0,0,0,0,0,0,0,0,0,0,0,0,0	0,0,0,0,0,0,0,1,1,0,0,1,0,0,1,0,1,1,0,0,0,0,0	-0.126073,-0.816307,-1.878443,-1.311469,-0.677843,-0.386159,-2.102638,0.451499,0.721069,-0.378508,-2.470526,0.441361,-1.557794,-1.538852,0.518509,-0.079840,1.183915,0.013115,-0.888794,-0.105491,-0.916593,-0.220249,-0.022908
Osat_PHT2_BAD72527.1	Osat_PHT2_BAD72527.1	/content/drive/MyDrive/CS_5782_Final_Project/code_and_data/BAHD_lastLayer_embeddings/Osat_PHT2_BAD72527.1_hidden_layer_steps10.pt	acceptor_superclass::Ornithine alkaloids;acceptor_superclass::Pseudoalkaloids	acceptor_superclass::Ornithine alkaloids;acceptor_superclass::Phenolic acids (C6-C1);acceptor_superclass::Phenylethanoids (C6-C2);acceptor_superclass::Pseudoalkaloids;acceptor_superclass::Small peptides;acceptor_superclass::Tryptophan alkaloids;acceptor_superclass::Tyrosine alkaloids	0,0,0,0,0,0,0,0,0,0,0,1,0,0,0,0,1,0,0,0,0,0,0	0,0,0,0,0,0,0,0,0,0,0,1,0,1,1,0,1,0,1,0,0,1,1	-1.354082,-3.203238,-2.433165,-1.869284,-1.884455,-3.090115,-4.138305,-1.650860,-1.849173,-1.156915,-6.757535,2.939627,-0.933847,1.718576,0.847240,-0.944713,1.923639,-4.353475,1.546188,-1.016102,-2.823359,2.765533,2.198528
Osat_PHT3_BAC79154.1	Osat_PHT3_BAC79154.1	/content/drive/MyDrive/CS_5782_Final_Project/code_and_data/BAHD_lastLayer_embeddings/Osat_PHT3_BAC79154.1_hidden_layer_steps10.pt	acceptor_superclass::Ornithine alkaloids;acceptor_superclass::Pseudoalkaloids	acceptor_superclass::Ornithine alkaloids;acceptor_superclass::Pseudoalkaloids;acceptor_superclass::Tyrosine alkaloids	0,0,0,0,0,0,0,0,0,0,0,1,0,0,0,0,1,0,0,0,0,0,0	0,0,0,0,0,0,0,0,0,0,0,1,0,0,0,0,1,0,0,0,0,0,1	-9.148515,-7.746840,-14.677013,-4.038119,-6.168813,-5.527640,-6.469888,-4.850452,-6.671363,-4.920119,-9.954658,3.356938,-7.089728,-2.932483,-3.668404,-1.346795,3.628927,-7.074131,-3.316843,-5.670421,-6.751688,-0.122061,0.364384
Osat_PHT4_BAC79155.1	Osat_PHT4_BAC79155.1	/content/drive/MyDrive/CS_5782_Final_Project/code_and_data/BAHD_lastLayer_embeddings/Osat_PHT4_BAC79155.1_hidden_layer_steps10.pt	acceptor_superclass::Ornithine alkaloids;acceptor_superclass::Pseudoalkaloids	acceptor_superclass::Ornithine alkaloids;acceptor_superclass::Pseudoalkaloids;acceptor_superclass::Tyrosine alkaloids	0,0,0,0,0,0,0,0,0,0,0,1,0,0,0,0,1,0,0,0,0,0,0	0,0,0,0,0,0,0,0,0,0,0,1,0,0,0,0,1,0,0,0,0,0,1	-8.605149,-6.736282,-9.456971,-3.323940,-6.142034,-6.186331,-4.035599,-4.968622,-5.691615,-3.012106,-10.313696,3.943215,-6.981960,-4.945472,-1.892607,-0.432421,3.317500,-6.926592,-4.191270,-4.098800,-4.113956,-0.526379,0.055716
Osat_PHT4_BAC79155.1	Osat_PHT_BAC79155.1	/content/drive/MyDrive/CS_5782_Final_Project/code_and_data/BAHD_lastLayer_embeddings/Osat_PHT4_BAC79155.1_hidden_layer_steps10.pt	acceptor_superclass::Ornithine alkaloids;acceptor_superclass::Pseudoalkaloids	acceptor_superclass::Ornithine alkaloids;acceptor_superclass::Pseudoalkaloids	0,0,0,0,0,0,0,0,0,0,0,1,0,0,0,0,1,0,0,0,0,0,0	0,0,0,0,0,0,0,0,0,0,0,1,0,0,0,0,1,0,0,0,0,0,0	-9.304513,-10.074875,-14.007950,-1.994729,-5.848630,-8.145082,-9.864435,-6.337654,-6.598853,-4.014483,-12.595353,4.344630,-7.671854,-4.626568,-3.315303,-2.177110,4.531198,-8.116016,-5.296916,-6.442271,-6.713998,-1.589496,-1.788221
Osat_PMT1_BAG87540.1	Osat_PMT1_BAG87540.1	/content/drive/MyDrive/CS_5782_Final_Project/code_and_data/BAHD_lastLayer_embeddings/Osat_PMT1_BAG87540.1_hidden_layer_steps10.pt	acceptor_superclass::Phenylethanoids (C6-C2);acceptor_superclass::Phenylpropanoids (C6-C3)	acceptor_superclass::Monoterpenoids;acceptor_superclass::Phenylpropanoids (C6-C3)	0,0,0,0,0,0,0,0,0,0,0,0,0,0,1,1,0,0,0,0,0,0,0	0,0,0,0,0,0,0,0,0,1,0,0,0,0,0,1,0,0,0,0,0,0,0	-6.489972,-5.791440,-4.947346,-4.335475,-3.699892,-2.439538,-3.059976,-1.516741,-2.894227,0.891742,-4.420450,-3.115390,-5.544072,-6.573168,-0.379141,3.069867,-2.094856,-5.376510,-5.832058,-3.803486,-4.187920,-1.636372,-1.395828
Osat_PMT2_BAG91648.1	Osat_PMT2_BAG91648.1	/content/drive/MyDrive/CS_5782_Final_Project/code_and_data/BAHD_lastLayer_embeddings/Osat_PMT2_BAG91648.1_hidden_layer_steps10.pt	acceptor_superclass::Phenylpropanoids (C6-C3)	acceptor_superclass::Lignans;acceptor_superclass::Lysine alkaloids;acceptor_superclass::Ornithine alkaloids;acceptor_superclass::Phenylethanoids (C6-C2);acceptor_superclass::Phenylpropanoids (C6-C3);acceptor_superclass::Pseudoalkaloids;acceptor_superclass::Tryptophan alkaloids;acceptor_superclass::Tyrosine alkaloids	0,0,0,0,0,0,0,0,0,0,0,0,0,0,0,1,0,0,0,0,0,0,0	0,0,0,0,0,0,0,1,1,0,0,1,0,0,1,1,1,0,0,0,0,1,1	-0.196188,-1.865416,-1.623778,-0.871760,-0.290964,-1.744761,-3.883818,1.131753,0.729013,-0.043911,-3.823134,0.949304,-1.903445,-1.934993,1.062366,0.545139,1.758227,-1.210920,-0.409606,-0.850994,-1.668136,0.059771,0.023677
Osat_TBT1_ANQ47375.1	Osat_TBT1_ANQ47375.1	/content/drive/MyDrive/CS_5782_Final_Project/code_and_data/BAHD_lastLayer_embeddings/Osat_TBT1_ANQ47375.1_hidden_layer_steps10.pt	acceptor_superclass::Ornithine alkaloids;acceptor_superclass::Pseudoalkaloids;acceptor_superclass::Tryptophan alkaloids	acceptor_superclass::Ornithine alkaloids;acceptor_superclass::Pseudoalkaloids;acceptor_superclass::Tryptophan alkaloids;acceptor_superclass::Tyrosine alkaloids	0,0,0,0,0,0,0,0,0,0,0,1,0,0,0,0,1,0,0,0,0,1,0	0,0,0,0,0,0,0,0,0,0,0,1,0,0,0,0,1,0,0,0,0,1,1	-2.750323,-4.780946,-4.773723,-4.722914,-5.652794,-1.270707,-3.165060,-3.445673,-2.353367,-1.815804,-4.078871,3.211163,-3.746568,-4.897809,-1.510440,-0.864211,2.949583,-5.884941,-3.981693,-1.596594,-0.567501,2.067994,1.242401
Osat_TBT2_ANQ47376.1	Osat_TBT2_ANQ47376.1	/content/drive/MyDrive/CS_5782_Final_Project/code_and_data/BAHD_lastLayer_embeddings/Osat_TBT2_ANQ47376.1_hidden_layer_steps10.pt	acceptor_superclass::Tryptophan alkaloids	acceptor_superclass::Ornithine alkaloids;acceptor_superclass::Pseudoalkaloids;acceptor_superclass::Tryptophan alkaloids;acceptor_superclass::Tyrosine alkaloids	0,0,0,0,0,0,0,0,0,0,0,0,0,0,0,0,0,0,0,0,0,1,0	0,0,0,0,0,0,0,0,0,0,0,1,0,0,0,0,1,0,0,0,0,1,1	-9.194055,-9.637918,-14.544363,-5.001594,-9.804879,-9.174668,-7.661005,-5.800291,-8.044094,-4.717046,-10.944891,5.259124,-7.819450,-7.229049,-4.853258,-3.227396,6.012085,-8.627609,-7.034595,-4.104896,-5.619152,3.967551,0.024197
Osat_THT1_ANQ47373.1	Osat_THT1_ANQ47373.1	/content/drive/MyDrive/CS_5782_Final_Project/code_and_data/BAHD_lastLayer_embeddings/Osat_THT1_ANQ47373.1_hidden_layer_steps10.pt	acceptor_superclass::Ornithine alkaloids;acceptor_superclass::Tryptophan alkaloids;acceptor_superclass::Tyrosine alkaloids	acceptor_superclass::Pseudoalkaloids;acceptor_superclass::Tryptophan alkaloids;acceptor_superclass::Tyrosine alkaloids	0,0,0,0,0,0,0,0,0,0,0,1,0,0,0,0,0,0,0,0,0,1,1	0,0,0,0,0,0,0,0,0,0,0,0,0,0,0,0,1,0,0,0,0,1,1	-9.029729,-8.205902,-13.604724,-5.303531,-9.279655,-6.711899,-5.592055,-4.352652,-7.083063,-4.240359,-7.681416,-0.830838,-6.866142,-6.361912,-4.881869,-2.003291,1.349554,-4.628911,-5.751195,-3.882574,-6.213047,5.154799,1.930535
Osat_THT2_AAM74310.1	Osat_THT2_AAM74310.1	/content/drive/MyDrive/CS_5782_Final_Project/code_and_data/BAHD_lastLayer_embeddings/Osat_THT2_AAM74310.1_hidden_layer_steps10.pt	acceptor_superclass::Tryptophan alkaloids;acceptor_superclass::Tyrosine alkaloids	acceptor_superclass::Lignans;acceptor_superclass::Ornithine alkaloids;acceptor_superclass::Phenylethanoids (C6-C2);acceptor_superclass::Phenylpropanoids (C6-C3);acceptor_superclass::Pseudoalkaloids;acceptor_superclass::Small peptides;acceptor_superclass::Tryptophan alkaloids;acceptor_superclass::Tyrosine alkaloids	0,0,0,0,0,0,0,0,0,0,0,0,0,0,0,0,0,0,0,0,0,1,1	0,0,0,0,0,0,0,1,0,0,0,1,0,0,1,1,1,0,1,0,0,1,1	-0.445938,-1.039891,-2.330959,-0.790873,-0.372130,-1.493380,-1.953703,1.052794,-0.728165,-0.171758,-2.975397,1.674718,-0.512398,-0.757693,0.820008,0.182470,0.893643,-1.789954,0.713810,-0.490232,-2.282993,2.139065,0.943485
Paff_BAHD21_NA	Paff_BAHD21_NA	/content/drive/MyDrive/CS_5782_Final_Project/code_and_data/BAHD_lastLayer_embeddings/Paff_BAHD21_NA_hidden_layer_steps10.pt	acceptor_superclass::Flavonoids	acceptor_superclass::Cyclic polyketides;acceptor_superclass::Flavonoids;acceptor_superclass::Isoflavonoids;acceptor_superclass::Naphthalenes;acceptor_superclass::Phenanthrenoids;acceptor_superclass::Steroids;acceptor_superclass::Triterpenoids;acceptor_superclass::Tyrosine alkaloids	0,0,0,0,0,1,0,0,0,0,0,0,0,0,0,0,0,0,0,0,0,0,0	0,1,0,0,0,1,1,0,0,0,1,0,1,0,0,0,0,0,0,1,1,0,1	-0.025013,0.023248,-2.769278,-1.831797,-2.138979,2.799623,2.336946,-2.288610,-3.784169,-1.739093,0.244917,-1.150131,0.565517,-1.963587,-1.517921,-1.865072,-1.097059,-2.847570,-1.839845,1.950774,0.469807,-1.914804,0.199919
Papp_HCT_AXN55972.1	Papp_HCT_AXN55972.1	/content/drive/MyDrive/CS_5782_Final_Project/code_and_data/BAHD_lastLayer_embeddings/Papp_HCT_AXN55972.1_hidden_layer_steps10.pt	acceptor_superclass::Phenolic acids (C6-C1)	acceptor_superclass::Fatty acyls;acceptor_superclass::Lysine alkaloids;acceptor_superclass::Phenolic acids (C6-C1);acceptor_superclass::Phenylethanoids (C6-C2);acceptor_superclass::Saccharides;acceptor_superclass::Small peptides;acceptor_superclass::Triterpenoids	0,0,0,0,0,0,0,0,0,0,0,0,0,1,0,0,0,0,0,0,0,0,0	0,0,0,0,1,0,0,0,1,0,0,0,0,1,1,0,0,1,1,0,1,0,0	-1.506531,-1.296855,-1.927177,-0.045455,0.935231,-1.557672,-3.904055,-0.846058,1.473378,-0.742980,-4.559040,-1.081764,-2.020648,0.550200,0.434453,-0.656286,-0.085613,1.886834,0.232528,-2.327401,0.070764,-1.174893,-1.543503
Paxi_ASAT1_AOR06331.1	Paxi_ASAT1_AOR06331.1	/content/drive/MyDrive/CS_5782_Final_Project/code_and_data/BAHD_lastLayer_embeddings/Paxi_ASAT1_AOR06331.1_hidden_layer_steps10.pt	acceptor_superclass::Saccharides	acceptor_superclass::Cyclic polyketides;acceptor_superclass::Diterpenoids;acceptor_superclass::Fatty acyls;acceptor_superclass::Lysine alkaloids;acceptor_superclass::Monoterpenoids;acceptor_superclass::Phenylethanoids (C6-C2);acceptor_superclass::Saccharides;acceptor_superclass::Triterpenoids	0,0,0,0,0,0,0,0,0,0,0,0,0,0,0,0,0,1,0,0,0,0,0	0,1,1,0,1,0,0,0,1,1,0,0,0,0,1,0,0,1,0,0,1,0,0	-0.600669,0.507296,0.792201,-1.342885,1.210359,-1.468222,-2.616031,-0.617516,0.615643,0.379785,-0.477793,-0.671659,-1.357987,-2.874587,0.829497,-0.444463,-0.316651,0.908301,-1.525669,-1.024499,0.136163,-0.097371,-1.554332
Paxi_ASAT1_AOR06331.1	Paxi_ASAT2_AOR06331.1	/content/drive/MyDrive/CS_5782_Final_Project/code_and_data/BAHD_lastLayer_embeddings/Paxi_ASAT1_AOR06331.1_hidden_layer_steps10.pt		acceptor_superclass::Diterpenoids;acceptor_superclass::Fatty acyls;acceptor_superclass::Saccharides;acceptor_superclass::Tryptophan alkaloids	0,0,0,0,0,0,0,0,0,0,0,0,0,0,0,0,0,0,0,0,0,0,0	0,0,1,0,1,0,0,0,0,0,0,0,0,0,0,0,0,1,0,0,0,1,0	-4.139424,-0.380958,1.272066,-1.541246,0.205484,-1.737606,-5.467529,-4.124293,-3.089675,-0.354705,-0.191496,-1.899172,-4.579534,-7.210515,-2.546092,-0.424115,-1.532335,3.248076,-3.766172,-3.564663,-0.354820,2.097953,-0.952581
Paxi_ASAT3_AOR06333.1	Paxi_ASAT3_AOR06333.1	/content/drive/MyDrive/CS_5782_Final_Project/code_and_data/BAHD_lastLayer_embeddings/Paxi_ASAT3_AOR06333.1_hidden_layer_steps10.pt		acceptor_superclass::Cyclic polyketides;acceptor_superclass::Diterpenoids;acceptor_superclass::Phenylethanoids (C6-C2);acceptor_superclass::Saccharides;acceptor_superclass::Triterpenoids;acceptor_superclass::Tryptophan alkaloids;acceptor_superclass::Tyrosine alkaloids	0,0,0,0,0,0,0,0,0,0,0,0,0,0,0,0,0,0,0,0,0,0,0	0,1,1,0,0,0,0,0,0,0,0,0,0,0,1,0,0,1,0,0,1,1,1	-0.551688,0.277391,0.229135,-2.562436,-0.228261,-1.816675,-1.077698,-0.938011,-1.980626,-0.936271,-0.112623,-0.513757,-0.305403,-3.072155,0.923743,-1.243780,-1.579892,0.306422,-0.987990,-0.452120,0.532526,1.461099,0.339115
Paxi_ASAT4_AOR06334.1	Paxi_ASAT4_AOR06334.1	/content/drive/MyDrive/CS_5782_Final_Project/code_and_data/BAHD_lastLayer_embeddings/Paxi_ASAT4_AOR06334.1_hidden_layer_steps10.pt		acceptor_superclass::Diterpenoids;acceptor_superclass::Monoterpenoids;acceptor_superclass::Phenylpropanoids (C6-C3);acceptor_superclass::Saccharides;acceptor_superclass::Tryptophan alkaloids	0,0,0,0,0,0,0,0,0,0,0,0,0,0,0,0,0,0,0,0,0,0,0	0,0,1,0,0,0,0,0,0,1,0,0,0,0,0,1,0,1,0,0,0,1,0	-8.056899,-2.894622,0.500220,-6.643514,-3.513307,-5.148063,-6.462090,-2.342614,-3.038828,0.475356,-2.415488,-3.690480,-3.099836,-10.475551,-0.517996,1.227228,-3.178072,3.327584,-6.251111,-5.016115,-1.636453,1.287684,-1.117409
Paxi_CFAT_ABG75942.1	Paxi_CFAT_ABG75942.1	/content/drive/MyDrive/CS_5782_Final_Project/code_and_data/BAHD_lastLayer_embeddings/Paxi_CFAT_ABG75942.1_hidden_layer_steps10.pt	acceptor_superclass::Fatty acyls;acceptor_superclass::Monoterpenoids;acceptor_superclass::Phenylethanoids (C6-C2);acceptor_superclass::Phenylpropanoids (C6-C3)	acceptor_superclass::Diterpenoids;acceptor_superclass::Monoterpenoids;acceptor_superclass::Tryptophan alkaloids	0,0,0,0,1,0,0,0,0,1,0,0,0,0,1,1,0,0,0,0,0,0,0	0,0,1,0,0,0,0,0,0,1,0,0,0,0,0,0,0,0,0,0,0,1,0	-3.739222,-0.451976,0.151222,-2.522189,-0.271462,-0.760950,-5.328112,-3.726181,-2.707950,0.309604,-1.663269,-0.624628,-4.327251,-6.031759,-1.982693,-0.147118,-0.235739,-0.088209,-3.427538,-2.877353,-0.660484,1.108428,-1.002593
Pbar_AT1_WEX29777.1	Pbar_AT1_WEX29777.1	/content/drive/MyDrive/CS_5782_Final_Project/code_and_data/BAHD_lastLayer_embeddings/Pbar_AT1_WEX29777.1_hidden_layer_steps10.pt	acceptor_superclass::Phenylethanoids (C6-C2)	acceptor_superclass::Coumarins;acceptor_superclass::Ornithine alkaloids;acceptor_superclass::Phenanthrenoids;acceptor_superclass::Phenolic acids (C6-C1);acceptor_superclass::Phenylethanoids (C6-C2);acceptor_superclass::Pseudoalkaloids;acceptor_superclass::Small peptides;acceptor_superclass::Tryptophan alkaloids;acceptor_superclass::Tyrosine alkaloids	0,0,0,0,0,0,0,0,0,0,0,0,0,0,1,0,0,0,0,0,0,0,0	1,0,0,0,0,0,0,0,0,0,0,1,1,1,1,0,1,0,1,0,0,1,1	0.615899,-1.581217,-2.593754,-0.819679,-1.200041,-0.942381,-0.549104,-0.677772,-2.432498,-1.672338,-2.316341,1.742176,0.562027,1.644339,0.903202,-1.240015,0.210038,-3.239136,1.861966,-0.379668,-2.039479,0.119090,1.156811
Pcam_HCT_QDF44405.1	Pcam_HCT_QDF44405.1	/content/drive/MyDrive/CS_5782_Final_Project/code_and_data/BAHD_lastLayer_embeddings/Pcam_HCT_QDF44405.1_hidden_layer_steps10.pt	acceptor_superclass::Phenolic acids (C6-C1)	acceptor_superclass::Phenolic acids (C6-C1);acceptor_superclass::Phenylpropanoids (C6-C3);acceptor_superclass::Small peptides;acceptor_superclass::Triterpenoids;acceptor_superclass::Tyrosine alkaloids	0,0,0,0,0,0,0,0,0,0,0,0,0,1,0,0,0,0,0,0,0,0,0	0,0,0,0,0,0,0,0,0,0,0,0,0,1,0,1,0,0,1,0,1,0,1	-7.780725,-6.665131,-8.894356,-2.492155,-5.159766,-0.590440,-9.211584,-6.950194,-8.235863,-0.932968,-10.821216,-7.711803,-6.812061,6.191831,-4.858992,0.669168,-7.026469,-9.042931,1.289735,-5.939733,1.081085,-5.414167,1.828757
Pcam_HQT_QDF44406.1	Pcam_HQT_QDF44406.1	/content/drive/MyDrive/CS_5782_Final_Project/code_and_data/BAHD_lastLayer_embeddings/Pcam_HQT_QDF44406.1_hidden_layer_steps10.pt	acceptor_superclass::Phenolic acids (C6-C1)	acceptor_superclass::Ornithine alkaloids;acceptor_superclass::Phenolic acids (C6-C1);acceptor_superclass::Phenylethanoids (C6-C2);acceptor_superclass::Small peptides;acceptor_superclass::Tyrosine alkaloids	0,0,0,0,0,0,0,0,0,0,0,0,0,1,0,0,0,0,0,0,0,0,0	0,0,0,0,0,0,0,0,0,0,0,1,0,1,1,0,0,0,1,0,0,0,1	-0.421772,-1.734219,-2.886407,-0.864170,-1.005482,-1.501056,-1.900553,-1.353135,-2.501904,-1.826256,-4.050080,0.926540,-0.096069,3.379112,0.915844,-1.246436,-0.420402,-3.469847,2.730211,-1.505264,-2.509237,-0.553654,1.077961
Pcam_RAS_QDF44407.1	Pcam_RAS_QDF44407.1	/content/drive/MyDrive/CS_5782_Final_Project/code_and_data/BAHD_lastLayer_embeddings/Pcam_RAS_QDF44407.1_hidden_layer_steps10.pt	acceptor_superclass::Phenolic acids (C6-C1)	acceptor_superclass::Monoterpenoids;acceptor_superclass::Phenylethanoids (C6-C2);acceptor_superclass::Phenylpropanoids (C6-C3);acceptor_superclass::Tyrosine alkaloids	0,0,0,0,0,0,0,0,0,0,0,0,0,1,0,0,0,0,0,0,0,0,0	0,0,0,0,0,0,0,0,0,1,0,0,0,0,1,1,0,0,0,0,0,0,1	-5.980317,-7.008511,-6.722933,-0.765312,-3.012977,-2.836001,-5.375846,-4.066943,-3.676997,0.643973,-6.341038,-3.361695,-6.564841,-2.106744,1.799908,1.166612,-3.573724,-7.512764,-0.348299,-6.375539,-2.645445,-7.506429,0.179911
Pcru_3MAT_AAO38058.1	Pcru_3MAT_AAO38058.1	/content/drive/MyDrive/CS_5782_Final_Project/code_and_data/BAHD_lastLayer_embeddings/Pcru_3MAT_AAO38058.1_hidden_layer_steps10.pt	acceptor_superclass::Flavonoids	acceptor_superclass::Coumarins;acceptor_superclass::Cyclic polyketides;acceptor_superclass::Flavonoids;acceptor_superclass::Isoflavonoids;acceptor_superclass::Naphthalenes;acceptor_superclass::Ornithine alkaloids;acceptor_superclass::Phenanthrenoids;acceptor_superclass::Phenylethanoids (C6-C2);acceptor_superclass::Steroids;acceptor_superclass::Triterpenoids;acceptor_superclass::Tryptophan alkaloids;acceptor_superclass::Tyrosine alkaloids	0,0,0,0,0,1,0,0,0,0,0,0,0,0,0,0,0,0,0,0,0,0,0	1,1,0,0,0,1,1,0,0,0,1,1,1,0,1,0,0,0,0,1,1,1,1	2.403801,0.218069,-1.162615,-2.871837,-1.926092,1.347447,2.326650,-1.811502,-3.620757,-1.976183,0.568162,0.794446,2.264149,-0.792872,0.212129,-2.072392,-1.232208,-1.869055,-0.562813,1.099540,0.275954,0.335946,0.377532
Pfru_3AT_BAA93475.1	Pfru_3AT_BAA93475.1	/content/drive/MyDrive/CS_5782_Final_Project/code_and_data/BAHD_lastLayer_embeddings/Pfru_3AT_BAA93475.1_hidden_layer_steps10.pt	acceptor_superclass::Flavonoids	acceptor_superclass::Coumarins;acceptor_superclass::Flavonoids;acceptor_superclass::Ornithine alkaloids;acceptor_superclass::Phenylethanoids (C6-C2);acceptor_superclass::Pseudoalkaloids;acceptor_superclass::Steroids;acceptor_superclass::Triterpenoids	0,0,0,0,0,1,0,0,0,0,0,0,0,0,0,0,0,0,0,0,0,0,0	1,0,0,0,0,1,0,0,0,0,0,1,0,0,1,0,1,0,0,1,1,0,0	0.580190,-0.211691,-0.411095,-1.282830,-0.230035,0.178036,-0.354968,-0.817835,-0.336869,-0.554877,-1.118085,0.118587,-0.028836,-1.678686,0.660064,-0.759182,0.188810,-0.237810,-0.398807,0.402794,0.135017,-1.215519,-0.704238
Phyb_AAT_AAW31948.1	Phyb_AAT_AAW31948.1	/content/drive/MyDrive/CS_5782_Final_Project/code_and_data/BAHD_lastLayer_embeddings/Phyb_AAT_AAW31948.1_hidden_layer_steps10.pt	acceptor_superclass::Fatty acyls;acceptor_superclass::Monoterpenoids	acceptor_superclass::Cyclic polyketides;acceptor_superclass::Naphthalenes;acceptor_superclass::Phenylethanoids (C6-C2);acceptor_superclass::Saccharides;acceptor_superclass::Tryptophan alkaloids	0,0,0,0,1,0,0,0,0,1,0,0,0,0,0,0,0,0,0,0,0,0,0	0,1,0,0,0,0,0,0,0,0,1,0,0,0,1,0,0,1,0,0,0,1,0	-0.039800,1.598254,-0.458527,-1.826640,-0.184130,-0.518619,-0.492665,-0.459772,-1.550298,-0.451506,0.122844,-0.483746,-0.122065,-2.084988,0.675804,-0.592706,-1.581463,0.715568,-0.441194,-0.445392,-0.003630,0.699318,-0.090632
Phyb_BPBT_AAU06226.1	Phyb_BPBT_AAU06226.1	/content/drive/MyDrive/CS_5782_Final_Project/code_and_data/BAHD_lastLayer_embeddings/Phyb_BPBT_AAU06226.1_hidden_layer_steps10.pt	acceptor_superclass::Fatty acyls;acceptor_superclass::Monoterpenoids;acceptor_superclass::Phenylethanoids (C6-C2);acceptor_superclass::Phenylpropanoids (C6-C3)	acceptor_superclass::Fatty acyls;acceptor_superclass::Phenylpropanoids (C6-C3)	0,0,0,0,1,0,0,0,0,1,0,0,0,0,1,1,0,0,0,0,0,0,0	0,0,0,0,1,0,0,0,0,0,0,0,0,0,0,1,0,0,0,0,0,0,0	-11.295426,-9.383809,-4.430817,-0.659823,0.019282,-5.355570,-15.534575,-4.670315,-1.178622,-0.582226,-11.507360,-6.512309,-8.234913,-4.873650,-3.268554,0.785581,-2.953897,-7.921988,-5.583879,-10.350503,-4.563396,-7.612514,-5.195389
Phyb_CFAT_ABG75942.1	Phyb_CFAT_ABG75942.1	/content/drive/MyDrive/CS_5782_Final_Project/code_and_data/BAHD_lastLayer_embeddings/Phyb_CFAT_ABG75942.1_hidden_layer_steps10.pt	acceptor_superclass::Phenylpropanoids (C6-C3)	acceptor_superclass::Diterpenoids;acceptor_superclass::Monoterpenoids;acceptor_superclass::Tryptophan alkaloids	0,0,0,0,0,0,0,0,0,0,0,0,0,0,0,1,0,0,0,0,0,0,0	0,0,1,0,0,0,0,0,0,1,0,0,0,0,0,0,0,0,0,0,0,1,0	-3.739222,-0.451976,0.151222,-2.522189,-0.271462,-0.760950,-5.328112,-3.726181,-2.707950,0.309604,-1.663269,-0.624628,-4.327251,-6.031759,-1.982693,-0.147118,-0.235739,-0.088209,-3.427538,-2.877353,-0.660484,1.108428,-1.002593
Pnig_PAS_QUS53101.1	Pnig_BAHD1_QUS53101.1	/content/drive/MyDrive/CS_5782_Final_Project/code_and_data/BAHD_lastLayer_embeddings/Pnig_PAS_QUS53101.1_hidden_layer_steps10.pt	acceptor_superclass::Lysine alkaloids;acceptor_superclass::Pseudoalkaloids	acceptor_superclass::Lysine alkaloids;acceptor_superclass::Monoterpenoids;acceptor_superclass::Phenylpropanoids (C6-C3)	0,0,0,0,0,0,0,0,1,0,0,0,0,0,0,0,1,0,0,0,0,0,0	0,0,0,0,0,0,0,0,1,1,0,0,0,0,0,1,0,0,0,0,0,0,0	-9.959164,-6.192657,-1.764474,-4.060455,-0.591466,-3.241102,-7.153986,-1.861368,3.434842,1.770392,-6.908773,-4.199678,-8.030672,-6.542762,-1.206937,2.448676,-0.460658,-4.518112,-5.746732,-7.801970,-4.694870,-2.221977,-3.933766
Pnig_PS_QUS53100.1	Pnig_BAHD2_QUS53100.1	/content/drive/MyDrive/CS_5782_Final_Project/code_and_data/BAHD_lastLayer_embeddings/Pnig_PS_QUS53100.1_hidden_layer_steps10.pt	acceptor_superclass::Lysine alkaloids	acceptor_superclass::Fatty acyls;acceptor_superclass::Lysine alkaloids;acceptor_superclass::Monoterpenoids;acceptor_superclass::Phenylpropanoids (C6-C3)	0,0,0,0,0,0,0,0,1,0,0,0,0,0,0,0,0,0,0,0,0,0,0	0,0,0,0,1,0,0,0,1,1,0,0,0,0,0,1,0,0,0,0,0,0,0	-4.131104,-3.707063,-1.061583,-1.765378,0.638749,-0.969668,-6.266025,-3.212495,1.938407,1.177841,-5.408599,-1.857933,-5.102012,-4.048297,-0.415969,1.921588,-0.664539,-2.530998,-4.077792,-3.661307,-1.715155,-0.423437,-1.411605
Pnig_HCT1_AEN02914.1	Pnig_HCT1_AEN02914.1	/content/drive/MyDrive/CS_5782_Final_Project/code_and_data/BAHD_lastLayer_embeddings/Pnig_HCT1_AEN02914.1_hidden_layer_steps10.pt	acceptor_superclass::Phenolic acids (C6-C1)	acceptor_superclass::Phenolic acids (C6-C1)	0,0,0,0,0,0,0,0,0,0,0,0,0,1,0,0,0,0,0,0,0,0,0	0,0,0,0,0,0,0,0,0,0,0,0,0,1,0,0,0,0,0,0,0,0,0	-6.053813,-9.437927,-11.276471,-2.533933,-6.503511,-0.752412,-9.919664,-10.431843,-11.419542,-2.666433,-11.316965,-2.901526,-6.095983,4.760106,-5.187738,-3.053054,-3.824922,-11.355701,-1.389444,-5.431719,-0.547501,-10.047668,-0.945555
Pnig_PAS_QUS53101.1	Pnig_PAS_QUS53101.1	/content/drive/MyDrive/CS_5782_Final_Project/code_and_data/BAHD_lastLayer_embeddings/Pnig_PAS_QUS53101.1_hidden_layer_steps10.pt	acceptor_superclass::Lysine alkaloids;acceptor_superclass::Pseudoalkaloids	acceptor_superclass::Fatty acyls;acceptor_superclass::Lysine alkaloids;acceptor_superclass::Monoterpenoids;acceptor_superclass::Phenylpropanoids (C6-C3)	0,0,0,0,0,0,0,0,1,0,0,0,0,0,0,0,1,0,0,0,0,0,0	0,0,0,0,1,0,0,0,1,1,0,0,0,0,0,1,0,0,0,0,0,0,0	-4.705523,-4.836303,-1.752118,-1.956775,0.457044,-1.636135,-7.283242,-2.666174,2.797824,1.256631,-6.173988,-1.929348,-5.917516,-4.310670,-0.078116,2.850566,-0.428836,-3.068491,-4.572599,-4.624591,-2.565973,-0.166775,-1.190817
Pnig_PHT1_BGB46908.1	Pnig_PHT1_BGB46908.1	/content/drive/MyDrive/CS_5782_Final_Project/code_and_data/BAHD_lastLayer_embeddings/Pnig_PHT1_BGB46908.1_hidden_layer_steps10.pt	acceptor_superclass::Ornithine alkaloids;acceptor_superclass::Pseudoalkaloids	acceptor_superclass::Fatty acyls;acceptor_superclass::Lignans;acceptor_superclass::Ornithine alkaloids;acceptor_superclass::Phenolic acids (C6-C1);acceptor_superclass::Phenylethanoids (C6-C2);acceptor_superclass::Phenylpropanoids (C6-C3);acceptor_superclass::Pseudoalkaloids;acceptor_superclass::Small peptides;acceptor_superclass::Tryptophan alkaloids;acceptor_superclass::Tyrosine alkaloids	0,0,0,0,0,0,0,0,0,0,0,1,0,0,0,0,1,0,0,0,0,0,0	0,0,0,0,1,0,0,1,0,0,0,1,0,1,1,1,1,0,1,0,0,1,1	-1.512565,-0.375922,-2.932904,-0.663220,0.164261,-1.634515,-2.571524,0.948437,-0.529338,-0.180883,-3.356585,0.659471,-1.606211,0.018746,1.181644,0.353476,0.031616,-0.510704,1.270168,-1.535409,-2.464877,1.115405,0.425698
Pnig_PS_QUS53100.1	Pnig_PS_QUS53100.1	/content/drive/MyDrive/CS_5782_Final_Project/code_and_data/BAHD_lastLayer_embeddings/Pnig_PS_QUS53100.1_hidden_layer_steps10.pt	acceptor_superclass::Lysine alkaloids	acceptor_superclass::Fatty acyls;acceptor_superclass::Lignans;acceptor_superclass::Lysine alkaloids;acceptor_superclass::Monoterpenoids;acceptor_superclass::Phenylethanoids (C6-C2);acceptor_superclass::Phenylpropanoids (C6-C3);acceptor_superclass::Pseudoalkaloids	0,0,0,0,0,0,0,0,1,0,0,0,0,0,0,0,0,0,0,0,0,0,0	0,0,0,0,1,0,0,1,1,1,0,0,0,0,1,1,1,0,0,0,0,0,0	-0.505132,-1.021895,-0.045636,-0.674235,1.340211,-1.685864,-3.699752,0.093054,1.737959,0.239102,-3.140751,-0.531950,-1.744040,-1.934009,1.105711,0.328196,0.323788,-0.334096,-0.349971,-1.706118,-0.657346,-0.679258,-1.116710
Post_DPBT_Pos.gene30573	Post_DPBT_Pos.gene30573	/content/drive/MyDrive/CS_5782_Final_Project/code_and_data/BAHD_lastLayer_embeddings/Post_DPBT_Pos.gene30573_hidden_layer_steps10.pt	acceptor_superclass::Monoterpenoids	acceptor_superclass::Fatty acyls;acceptor_superclass::Lysine alkaloids;acceptor_superclass::Monoterpenoids;acceptor_superclass::Phenylpropanoids (C6-C3)	0,0,0,0,0,0,0,0,0,1,0,0,0,0,0,0,0,0,0,0,0,0,0	0,0,0,0,1,0,0,0,1,1,0,0,0,0,0,1,0,0,0,0,0,0,0	-7.729296,-4.830399,-3.088094,-3.956675,1.006696,-1.698652,-7.012751,-3.157213,0.440565,2.483403,-7.633294,-4.595783,-6.776414,-4.109022,-0.317279,2.420048,-2.414710,-5.246511,-3.780306,-7.266304,-3.377610,-5.154854,-2.938905
Ppat_HCT1_AMK38063.1	Ppat_HCT1_AMK38063.1	/content/drive/MyDrive/CS_5782_Final_Project/code_and_data/BAHD_lastLayer_embeddings/Ppat_HCT1_AMK38063.1_hidden_layer_steps10.pt	acceptor_superclass::Phenolic acids (C6-C1);acceptor_superclass::Saccharides;acceptor_superclass::Small peptides	acceptor_superclass::Fatty Acids and Conjugates;acceptor_superclass::Fatty acyls;acceptor_superclass::Lysine alkaloids;acceptor_superclass::Phenylethanoids (C6-C2);acceptor_superclass::Saccharides;acceptor_superclass::Triterpenoids	0,0,0,0,0,0,0,0,0,0,0,0,0,1,0,0,0,1,1,0,0,0,0	0,0,0,1,1,0,0,0,1,0,0,0,0,0,1,0,0,1,0,0,1,0,0	-1.899396,-0.541380,-1.521861,0.074832,1.668569,-1.556142,-4.209641,-0.480265,2.070722,-0.364256,-3.678636,-1.816614,-2.426248,-0.092863,0.414214,-0.482642,-0.532739,2.788244,-0.503552,-2.633392,0.166261,-1.000370,-1.769153
Ppat_HCT1_AMK38063.1	Ppat_HCT_AMK38063.1	/content/drive/MyDrive/CS_5782_Final_Project/code_and_data/BAHD_lastLayer_embeddings/Ppat_HCT1_AMK38063.1_hidden_layer_steps10.pt	acceptor_superclass::Fatty Acids and Conjugates;acceptor_superclass::Phenolic acids (C6-C1);acceptor_superclass::Phenylpropanoids (C6-C3);acceptor_superclass::Saccharides	acceptor_superclass::Phenolic acids (C6-C1);acceptor_superclass::Saccharides;acceptor_superclass::Small peptides;acceptor_superclass::Triterpenoids	0,0,0,1,0,0,0,0,0,0,0,0,0,1,0,1,0,1,0,0,0,0,0	0,0,0,0,0,0,0,0,0,0,0,0,0,1,0,0,0,1,1,0,1,0,0	-13.837053,-4.901006,-8.097349,-4.072039,-2.297249,-3.289114,-9.193079,-4.052124,-0.140308,-2.340988,-14.699811,-9.078759,-6.876621,1.649420,-3.368651,-0.882687,-5.589330,6.340758,1.756770,-11.112132,0.302998,-5.696855,-0.386464
Pper_AAT1_QEZ90730.1	Pper_AAT1_QEZ90730.1	/content/drive/MyDrive/CS_5782_Final_Project/code_and_data/BAHD_lastLayer_embeddings/Pper_AAT1_QEZ90730.1_hidden_layer_steps10.pt	acceptor_superclass::Fatty acyls	acceptor_superclass::Cyclic polyketides;acceptor_superclass::Diterpenoids;acceptor_superclass::Fatty acyls;acceptor_superclass::Lysine alkaloids;acceptor_superclass::Monoterpenoids;acceptor_superclass::Phenylethanoids (C6-C2);acceptor_superclass::Phenylpropanoids (C6-C3);acceptor_superclass::Saccharides	0,0,0,0,1,0,0,0,0,0,0,0,0,0,0,0,0,0,0,0,0,0,0	0,1,1,0,1,0,0,0,1,1,0,0,0,0,1,1,0,1,0,0,0,0,0	-1.074747,0.033805,0.365655,-0.272168,2.642289,-2.045496,-4.357637,-0.001106,2.009656,0.578612,-2.771826,-1.305055,-2.058398,-1.976072,1.092178,0.399753,-0.397293,0.424571,-0.740003,-2.368570,-0.722448,-0.791321,-1.466611
Prad_HCT_ABO52899.1	Prad_HCT_ABO52899.1	/content/drive/MyDrive/CS_5782_Final_Project/code_and_data/BAHD_lastLayer_embeddings/Prad_HCT_ABO52899.1_hidden_layer_steps10.pt	acceptor_superclass::Phenolic acids (C6-C1);acceptor_superclass::Small peptides	acceptor_superclass::Phenolic acids (C6-C1);acceptor_superclass::Small peptides	0,0,0,0,0,0,0,0,0,0,0,0,0,1,0,0,0,0,1,0,0,0,0	0,0,0,0,0,0,0,0,0,0,0,0,0,1,0,0,0,0,1,0,0,0,0	-5.118361,-5.569033,-5.831748,-0.712774,-0.840047,-0.079074,-6.390026,-2.659028,-3.722889,-0.847913,-10.491275,-2.505056,-5.132154,4.249528,-2.501359,-1.348265,-2.731071,-6.374933,0.595696,-4.346415,-0.220908,-6.523414,-0.019298
Pscu_HCT2_CBI83579.1	Pscu_HCT2_CBI83579.1	/content/drive/MyDrive/CS_5782_Final_Project/code_and_data/BAHD_lastLayer_embeddings/Pscu_HCT2_CBI83579.1_hidden_layer_steps10.pt	acceptor_superclass::Flavonoids;acceptor_superclass::Phenolic acids (C6-C1);acceptor_superclass::Tyrosine alkaloids	acceptor_superclass::Fatty Acids and Conjugates;acceptor_superclass::Ornithine alkaloids;acceptor_superclass::Phenolic acids (C6-C1);acceptor_superclass::Phenylethanoids (C6-C2);acceptor_superclass::Pseudoalkaloids;acceptor_superclass::Small peptides	0,0,0,0,0,1,0,0,0,0,0,0,0,1,0,0,0,0,0,0,0,0,1	0,0,0,1,0,0,0,0,0,0,0,1,0,1,1,0,1,0,1,0,0,0,0	-0.379434,-3.390225,-2.813086,0.348624,-0.479538,-1.610223,-2.844382,-0.259510,-0.195715,-1.621136,-5.330500,0.194667,-0.695053,1.431121,0.612682,-0.507403,0.273217,-1.562133,2.374161,-1.502995,-0.664855,-2.343333,-0.236598
Pscu_RAS_CAK55166.1	Pscu_RAS_CAK55166.1	/content/drive/MyDrive/CS_5782_Final_Project/code_and_data/BAHD_lastLayer_embeddings/Pscu_RAS_CAK55166.1_hidden_layer_steps10.pt		acceptor_superclass::Phenolic acids (C6-C1);acceptor_superclass::Small peptides;acceptor_superclass::Tyrosine alkaloids	0,0,0,0,0,0,0,0,0,0,0,0,0,0,0,0,0,0,0,0,0,0,0	0,0,0,0,0,0,0,0,0,0,0,0,0,1,0,0,0,0,1,0,0,0,1	-8.458822,-7.722891,-11.178472,-2.647436,-6.058031,-4.663190,-7.720744,-5.944090,-7.526676,-3.561088,-9.197437,-4.275006,-6.800034,1.782140,-3.982382,-1.096230,-3.525146,-7.103944,1.736446,-6.785622,-0.837156,-0.790612,3.693908
Psom_SALAT_AAK73661.1	Psom_SALAT_AAK73661.1	/content/drive/MyDrive/CS_5782_Final_Project/code_and_data/BAHD_lastLayer_embeddings/Psom_SALAT_AAK73661.1_hidden_layer_steps10.pt	acceptor_superclass::Tyrosine alkaloids	acceptor_superclass::Ornithine alkaloids;acceptor_superclass::Phenylethanoids (C6-C2);acceptor_superclass::Pseudoalkaloids;acceptor_superclass::Saccharides;acceptor_superclass::Triterpenoids	0,0,0,0,0,0,0,0,0,0,0,0,0,0,0,0,0,0,0,0,0,0,1	0,0,0,0,0,0,0,0,0,0,0,1,0,0,1,0,1,1,0,0,1,0,0	-0.407678,-0.873245,-0.264726,-2.054680,-1.283929,-0.985675,-1.049180,-1.874058,-0.794549,-1.226442,-1.628386,0.104100,-0.937874,-1.839339,0.620345,-1.887670,0.072725,0.012190,-0.025490,-0.099772,1.548321,-0.571971,-1.827666
Ptri_BEBT_AJD25145.1	Ptri_BEBT_AJD25145.1	/content/drive/MyDrive/CS_5782_Final_Project/code_and_data/BAHD_lastLayer_embeddings/Ptri_BEBT_AJD25145.1_hidden_layer_steps10.pt		acceptor_superclass::Fatty acyls;acceptor_superclass::Lysine alkaloids;acceptor_superclass::Monoterpenoids;acceptor_superclass::Phenylethanoids (C6-C2);acceptor_superclass::Phenylpropanoids (C6-C3)	0,0,0,0,0,0,0,0,0,0,0,0,0,0,0,0,0,0,0,0,0,0,0	0,0,0,0,1,0,0,0,1,1,0,0,0,0,1,1,0,0,0,0,0,0,0	-10.410980,-4.606435,-3.243252,-2.756171,2.852262,-2.873960,-8.733042,-1.411611,1.207123,1.746942,-9.800406,-5.471304,-8.076353,-3.646322,0.844186,2.352162,-3.186085,-3.824902,-2.724587,-8.847890,-4.035241,-5.891807,-2.937799
Ptri_FHT1_AGJ03151.1	Ptri_FHT1_AGJ03151.1	/content/drive/MyDrive/CS_5782_Final_Project/code_and_data/BAHD_lastLayer_embeddings/Ptri_FHT1_AGJ03151.1_hidden_layer_steps10.pt	acceptor_superclass::Fatty Acids and Conjugates;acceptor_superclass::Fatty acyls	acceptor_superclass::Fatty Acids and Conjugates;acceptor_superclass::Fatty acyls;acceptor_superclass::Lignans;acceptor_superclass::Phenolic acids (C6-C1);acceptor_superclass::Phenylethanoids (C6-C2);acceptor_superclass::Phenylpropanoids (C6-C3);acceptor_superclass::Small peptides;acceptor_superclass::Tyrosine alkaloids	0,0,0,1,1,0,0,0,0,0,0,0,0,0,0,0,0,0,0,0,0,0,0	0,0,0,1,1,0,0,1,0,0,0,0,0,1,1,1,0,0,1,0,0,0,1	-1.975792,-0.826814,-2.037695,0.708028,1.446158,-2.028267,-3.636451,0.676219,-0.355197,-0.528577,-4.118764,-0.378749,-1.707023,0.970766,1.550013,0.186049,-0.892707,-0.982522,2.058262,-2.198982,-2.823260,-0.213287,0.013473
Ptri_HBMT1_PNT60021.1	Ptri_HBMT1_PNT60021.1	/content/drive/MyDrive/CS_5782_Final_Project/code_and_data/BAHD_lastLayer_embeddings/Ptri_HBMT1_PNT60021.1_hidden_layer_steps10.pt	acceptor_superclass::Phenylpropanoids (C6-C3)		0,0,0,0,0,0,0,0,0,0,0,0,0,0,0,1,0,0,0,0,0,0,0	0,0,0,0,0,0,0,0,0,0,0,0,0,0,0,0,0,0,0,0,0,0,0	-11.383365,-5.397057,-6.953893,-5.769931,-0.948123,-2.956054,-11.861541,-5.159316,-0.876514,-1.287720,-7.815228,-4.833437,-9.337517,-3.866404,-3.835869,-0.028577,-0.474436,-6.007675,-4.779233,-11.005839,-7.060407,-6.717628,-6.475269
Ptri_HCT6_PNT52620.1	Ptri_HCT6_PNT52620.1	/content/drive/MyDrive/CS_5782_Final_Project/code_and_data/BAHD_lastLayer_embeddings/Ptri_HCT6_PNT52620.1_hidden_layer_steps10.pt	acceptor_superclass::Phenolic acids (C6-C1);acceptor_superclass::Small peptides	acceptor_superclass::Phenolic acids (C6-C1);acceptor_superclass::Phenylpropanoids (C6-C3);acceptor_superclass::Small peptides;acceptor_superclass::Triterpenoids;acceptor_superclass::Tyrosine alkaloids	0,0,0,0,0,0,0,0,0,0,0,0,0,1,0,0,0,0,1,0,0,0,0	0,0,0,0,0,0,0,0,0,0,0,0,0,1,0,1,0,0,1,0,1,0,1	-7.483253,-5.631283,-8.833912,-3.410499,-2.516573,-0.681608,-6.203227,-4.541269,-4.682228,-0.101081,-11.449647,-4.739729,-6.721028,5.739433,-2.685019,1.295524,-4.632633,-7.065613,1.881708,-6.059085,0.357918,-9.046569,0.790882
Ptri_HBMT1_PNT60021.1	Ptri_PHBMT1_AJD79571.1	/content/drive/MyDrive/CS_5782_Final_Project/code_and_data/BAHD_lastLayer_embeddings/Ptri_HBMT1_PNT60021.1_hidden_layer_steps10.pt	acceptor_superclass::Phenylpropanoids (C6-C3)		0,0,0,0,0,0,0,0,0,0,0,0,0,0,0,1,0,0,0,0,0,0,0	0,0,0,0,0,0,0,0,0,0,0,0,0,0,0,0,0,0,0,0,0,0,0	-11.383365,-5.397057,-6.953893,-5.769931,-0.948123,-2.956054,-11.861541,-5.159316,-0.876514,-1.287720,-7.815228,-4.833437,-9.337517,-3.866404,-3.835869,-0.028577,-0.474436,-6.007675,-4.779233,-11.005839,-7.060407,-6.717628,-6.475269
Ptri_SABT_AJD25144.1	Ptri_SABT_AJD25144.1	/content/drive/MyDrive/CS_5782_Final_Project/code_and_data/BAHD_lastLayer_embeddings/Ptri_SABT_AJD25144.1_hidden_layer_steps10.pt	acceptor_superclass::Phenylpropanoids (C6-C3)	acceptor_superclass::Fatty acyls;acceptor_superclass::Monoterpenoids;acceptor_superclass::Phenylethanoids (C6-C2);acceptor_superclass::Phenylpropanoids (C6-C3)	0,0,0,0,0,0,0,0,0,0,0,0,0,0,0,1,0,0,0,0,0,0,0	0,0,0,0,1,0,0,0,0,1,0,0,0,0,1,1,0,0,0,0,0,0,0	-9.682753,-6.724571,-2.049178,-2.123010,1.643089,-4.004679,-9.441466,-4.436332,-0.148185,1.799770,-9.689047,-4.918791,-8.483751,-4.604962,0.064303,1.596611,-3.434103,-6.099528,-3.512951,-8.232966,-3.170177,-6.595226,-3.561392
Pvir_FMT_KAG2630178.1	Pvir_FMT_KAG2630178.1	/content/drive/MyDrive/CS_5782_Final_Project/code_and_data/BAHD_lastLayer_embeddings/Pvir_FMT_KAG2630178.1_hidden_layer_steps10.pt	acceptor_superclass::Phenylpropanoids (C6-C3)	acceptor_superclass::Monoterpenoids;acceptor_superclass::Phenylpropanoids (C6-C3)	0,0,0,0,0,0,0,0,0,0,0,0,0,0,0,1,0,0,0,0,0,0,0	0,0,0,0,0,0,0,0,0,1,0,0,0,0,0,1,0,0,0,0,0,0,0	-7.865683,-6.740997,-2.795261,-3.739597,-4.914518,-4.570273,-5.770855,-5.322567,-5.052258,1.123032,-7.424543,-0.362561,-6.570124,-8.153388,-1.890990,1.816851,-0.800960,-6.225948,-6.019831,-4.692149,-2.880518,-1.299226,-1.756647
Pvir_HCT1a_BAO20883.1	Pvir_HCT1a_BAO20883.1	/content/drive/MyDrive/CS_5782_Final_Project/code_and_data/BAHD_lastLayer_embeddings/Pvir_HCT1a_BAO20883.1_hidden_layer_steps10.pt	acceptor_superclass::Phenolic acids (C6-C1)	acceptor_superclass::Flavonoids;acceptor_superclass::Phenolic acids (C6-C1);acceptor_superclass::Small peptides;acceptor_superclass::Tyrosine alkaloids	0,0,0,0,0,0,0,0,0,0,0,0,0,1,0,0,0,0,0,0,0,0,0	0,0,0,0,0,1,0,0,0,0,0,0,0,1,0,0,0,0,1,0,0,0,1	-3.948515,-5.442142,-7.786574,-2.058132,-2.645782,0.754605,-3.676290,-0.978847,-2.992010,-1.348627,-10.863747,-1.713177,-4.083469,5.037494,-2.711586,-0.464533,-1.978537,-7.144099,0.746644,-3.293009,-1.109967,-4.878987,0.737404
Pvir_HCT2a_AGM90558.1	Pvir_HCT2a_AGM90558.1	/content/drive/MyDrive/CS_5782_Final_Project/code_and_data/BAHD_lastLayer_embeddings/Pvir_HCT2a_AGM90558.1_hidden_layer_steps10.pt	acceptor_superclass::Phenolic acids (C6-C1);acceptor_superclass::Phenylpropanoids (C6-C3);acceptor_superclass::Small peptides	acceptor_superclass::Fatty Acids and Conjugates;acceptor_superclass::Fatty acyls;acceptor_superclass::Lignans;acceptor_superclass::Lysine alkaloids;acceptor_superclass::Ornithine alkaloids;acceptor_superclass::Phenolic acids (C6-C1);acceptor_superclass::Phenylethanoids (C6-C2);acceptor_superclass::Phenylpropanoids (C6-C3);acceptor_superclass::Pseudoalkaloids;acceptor_superclass::Small peptides;acceptor_superclass::Tyrosine alkaloids	0,0,0,0,0,0,0,0,0,0,0,0,0,1,0,1,0,0,1,0,0,0,0	0,0,0,1,1,0,0,1,1,0,0,1,0,1,1,1,1,0,1,0,0,0,1	-1.050490,-2.610456,-3.048760,0.352410,0.232273,-2.006072,-4.415134,0.879025,1.107636,-0.821395,-5.505649,0.063545,-2.103461,0.735957,0.530629,0.397902,0.866565,-0.901290,1.329692,-2.027399,-1.756120,-1.121136,0.127519
Pvir_PMT_KAG2616253.1	Pvir_PMT_KAG2616253.1	/content/drive/MyDrive/CS_5782_Final_Project/code_and_data/BAHD_lastLayer_embeddings/Pvir_PMT_KAG2616253.1_hidden_layer_steps10.pt	acceptor_superclass::Phenylpropanoids (C6-C3)	acceptor_superclass::Flavonoids;acceptor_superclass::Monoterpenoids;acceptor_superclass::Ornithine alkaloids;acceptor_superclass::Phenylpropanoids (C6-C3);acceptor_superclass::Pseudoalkaloids;acceptor_superclass::Tryptophan alkaloids	0,0,0,0,0,0,0,0,0,0,0,0,0,0,0,1,0,0,0,0,0,0,0	0,0,0,0,0,1,0,0,0,1,0,1,0,0,0,1,1,0,0,0,0,1,0	-3.218296,-3.178002,-3.534670,-3.734944,-1.826164,0.169036,-4.119305,-1.361811,-0.110448,0.533685,-5.672160,0.128310,-4.332805,-3.823784,-1.081906,2.428805,1.000157,-3.903567,-3.770127,-2.384705,-2.758261,0.980119,-0.114339
Pvul_HHHT_AOX15526.1	Pvul_HHHT_AOX15526.1	/content/drive/MyDrive/CS_5782_Final_Project/code_and_data/BAHD_lastLayer_embeddings/Pvul_HHHT_AOX15526.1_hidden_layer_steps10.pt	acceptor_superclass::Fatty Acids and Conjugates	acceptor_superclass::Fatty acyls;acceptor_superclass::Lysine alkaloids;acceptor_superclass::Ornithine alkaloids;acceptor_superclass::Phenylethanoids (C6-C2);acceptor_superclass::Pseudoalkaloids;acceptor_superclass::Small peptides	0,0,0,1,0,0,0,0,0,0,0,0,0,0,0,0,0,0,0,0,0,0,0	0,0,0,0,1,0,0,0,1,0,0,1,0,0,1,0,1,0,1,0,0,0,0	-0.179776,-1.417040,-0.716994,-0.429052,0.489868,-1.321049,-2.386379,-0.350031,0.005547,-0.461693,-2.888808,0.170284,-0.776374,-1.158167,0.960833,-0.412854,0.432247,-0.715979,0.523121,-1.039789,-0.440246,-1.381512,-0.865849
Rcan_SHT_QNO39111.1	Rcan_SHT_QNO39111.1	/content/drive/MyDrive/CS_5782_Final_Project/code_and_data/BAHD_lastLayer_embeddings/Rcan_SHT_QNO39111.1_hidden_layer_steps10.pt	acceptor_superclass::Ornithine alkaloids	acceptor_superclass::Fatty acyls;acceptor_superclass::Lysine alkaloids;acceptor_superclass::Phenylethanoids (C6-C2);acceptor_superclass::Pseudoalkaloids;acceptor_superclass::Small peptides	0,0,0,0,0,0,0,0,0,0,0,1,0,0,0,0,0,0,0,0,0,0,0	0,0,0,0,1,0,0,0,1,0,0,0,0,0,1,0,1,0,1,0,0,0,0	-1.092077,-1.315751,-1.074924,-0.482344,0.541071,-1.867737,-3.111077,-0.328903,0.373049,-0.725567,-3.225297,-0.003374,-1.665977,-0.787293,0.739307,-0.721023,0.175775,-0.227716,0.609306,-1.534429,-0.166661,-1.133876,-1.065515
Rcom_SHT_QNO39108.1	Rcom_SHT_QNO39108.1	/content/drive/MyDrive/CS_5782_Final_Project/code_and_data/BAHD_lastLayer_embeddings/Rcom_SHT_QNO39108.1_hidden_layer_steps10.pt	acceptor_superclass::Ornithine alkaloids	acceptor_superclass::Ornithine alkaloids;acceptor_superclass::Phenylethanoids (C6-C2);acceptor_superclass::Small peptides	0,0,0,0,0,0,0,0,0,0,0,1,0,0,0,0,0,0,0,0,0,0,0	0,0,0,0,0,0,0,0,0,0,0,1,0,0,1,0,0,0,1,0,0,0,0	-6.285720,-5.955574,-7.767423,-1.873721,-3.053637,-3.694803,-5.638709,-6.058875,-6.324618,-0.933008,-8.696486,0.183522,-6.562041,-0.392438,0.193167,-0.567806,-1.554286,-7.980510,0.255750,-5.837639,-2.042373,-8.908839,-0.295181
Rglu_AT1_WEX29776.1	Rglu_AT1_WEX29776.1	/content/drive/MyDrive/CS_5782_Final_Project/code_and_data/BAHD_lastLayer_embeddings/Rglu_AT1_WEX29776.1_hidden_layer_steps10.pt	acceptor_superclass::Phenylethanoids (C6-C2)	acceptor_superclass::Fatty Acids and Conjugates;acceptor_superclass::Phenylethanoids (C6-C2)	0,0,0,0,0,0,0,0,0,0,0,0,0,0,1,0,0,0,0,0,0,0,0	0,0,0,1,0,0,0,0,0,0,0,0,0,0,1,0,0,0,0,0,0,0,0	-5.634537,-10.420056,-9.798664,0.355037,-5.267547,-4.615342,-8.841811,-6.736253,-8.941717,-2.737033,-6.417392,-2.927044,-4.589265,-2.721325,1.572507,-1.779577,-3.112247,-8.445206,-3.777579,-6.924548,-2.587136,-8.285483,-1.670842
Rhyb_AAT1_AAW31948.1	Rhyb_AAT1_AAW31948.1	/content/drive/MyDrive/CS_5782_Final_Project/code_and_data/BAHD_lastLayer_embeddings/Rhyb_AAT1_AAW31948.1_hidden_layer_steps10.pt	acceptor_superclass::Fatty acyls;acceptor_superclass::Monoterpenoids;acceptor_superclass::Phenylethanoids (C6-C2)	acceptor_superclass::Cyclic polyketides;acceptor_superclass::Naphthalenes;acceptor_superclass::Phenylethanoids (C6-C2);acceptor_superclass::Saccharides;acceptor_superclass::Tryptophan alkaloids	0,0,0,0,1,0,0,0,0,1,0,0,0,0,1,0,0,0,0,0,0,0,0	0,1,0,0,0,0,0,0,0,0,1,0,0,0,1,0,0,1,0,0,0,1,0	-0.039800,1.598254,-0.458527,-1.826640,-0.184130,-0.518619,-0.492665,-0.459772,-1.550298,-0.451506,0.122844,-0.483746,-0.122065,-2.084988,0.675804,-0.592706,-1.581463,0.715568,-0.441194,-0.445392,-0.003630,0.699318,-0.090632
Rser_VS_CAD89104.2	Rser_ACT_CAD89104.2	/content/drive/MyDrive/CS_5782_Final_Project/code_and_data/BAHD_lastLayer_embeddings/Rser_VS_CAD89104.2_hidden_layer_steps10.pt	acceptor_superclass::Tryptophan alkaloids	acceptor_superclass::Triterpenoids;acceptor_superclass::Tryptophan alkaloids	0,0,0,0,0,0,0,0,0,0,0,0,0,0,0,0,0,0,0,0,0,1,0	0,0,0,0,0,0,0,0,0,0,0,0,0,0,0,0,0,0,0,0,1,1,0	-3.007089,-0.206528,-0.907348,-2.480840,-1.246117,-0.169270,-2.487314,-2.811441,-2.673334,-0.802185,-0.130819,-1.160851,-3.141849,-5.082786,-1.751672,-0.704942,-0.766157,-0.172495,-3.150153,-1.858048,0.296779,1.721651,-0.115953
Rser_VS_CAD89104.2	Rser_VS_CAD89104.2	/content/drive/MyDrive/CS_5782_Final_Project/code_and_data/BAHD_lastLayer_embeddings/Rser_VS_CAD89104.2_hidden_layer_steps10.pt	acceptor_superclass::Tryptophan alkaloids	acceptor_superclass::Cyclic polyketides;acceptor_superclass::Fatty acyls;acceptor_superclass::Phenylethanoids (C6-C2);acceptor_superclass::Saccharides;acceptor_superclass::Triterpenoids;acceptor_superclass::Tryptophan alkaloids;acceptor_superclass::Tyrosine alkaloids	0,0,0,0,0,0,0,0,0,0,0,0,0,0,0,0,0,0,0,0,0,1,0	0,1,0,0,1,0,0,0,0,0,0,0,0,0,1,0,0,1,0,0,1,1,1	-0.593338,0.695746,-0.432860,-1.737294,0.120539,-1.331206,-0.903634,-0.101650,-1.445964,-0.499143,-0.304997,-0.517071,-0.636025,-2.603388,0.871427,-0.673253,-1.593737,0.524940,-0.579822,-0.484181,0.081380,1.295634,0.359230
Rser_YAT_PQ801655	Rser_YAT_PQ801655	/content/drive/MyDrive/CS_5782_Final_Project/code_and_data/BAHD_lastLayer_embeddings/Rser_YAT_PQ801655_hidden_layer_steps10.pt	acceptor_superclass::Tryptophan alkaloids	acceptor_superclass::Cyclic polyketides;acceptor_superclass::Diterpenoids;acceptor_superclass::Fatty acyls;acceptor_superclass::Phenylethanoids (C6-C2);acceptor_superclass::Saccharides;acceptor_superclass::Triterpenoids;acceptor_superclass::Tryptophan alkaloids	0,0,0,0,0,0,0,0,0,0,0,0,0,0,0,0,0,0,0,0,0,1,0	0,1,1,0,1,0,0,0,0,0,0,0,0,0,1,0,0,1,0,0,1,1,0	-1.132067,1.364205,0.949904,-2.149160,0.747756,-1.849192,-2.045687,-0.143561,-1.323253,-0.048245,-0.065998,-1.366710,-1.109821,-3.997428,1.060072,-0.524861,-2.133016,1.550263,-1.323183,-0.829431,0.513212,1.523700,-0.063412
Sbic_COSY_OQU75851.1	Sbic_COSY_OQU75851.1	/content/drive/MyDrive/CS_5782_Final_Project/code_and_data/BAHD_lastLayer_embeddings/Sbic_COSY_OQU75851.1_hidden_layer_steps10.pt		acceptor_superclass::Ornithine alkaloids;acceptor_superclass::Phenylpropanoids (C6-C3);acceptor_superclass::Pseudoalkaloids;acceptor_superclass::Tryptophan alkaloids	0,0,0,0,0,0,0,0,0,0,0,0,0,0,0,0,0,0,0,0,0,0,0	0,0,0,0,0,0,0,0,0,0,0,1,0,0,0,1,1,0,0,0,0,1,0	-3.580332,-2.594699,-4.135915,-5.848619,-3.214242,-0.154197,-3.500875,-1.282382,-0.555467,-0.477228,-5.162602,1.797617,-5.042393,-5.615848,-2.006909,2.028190,2.374475,-3.101017,-4.804856,-2.375927,-2.543353,4.019795,-0.001407
Sbic_FMT_EES15804.1	Sbic_FMT_EES15804.1	/content/drive/MyDrive/CS_5782_Final_Project/code_and_data/BAHD_lastLayer_embeddings/Sbic_FMT_EES15804.1_hidden_layer_steps10.pt	acceptor_superclass::Phenylpropanoids (C6-C3)	acceptor_superclass::Ornithine alkaloids;acceptor_superclass::Phenylpropanoids (C6-C3);acceptor_superclass::Pseudoalkaloids;acceptor_superclass::Tyrosine alkaloids	0,0,0,0,0,0,0,0,0,0,0,0,0,0,0,1,0,0,0,0,0,0,0	0,0,0,0,0,0,0,0,0,0,0,1,0,0,0,1,1,0,0,0,0,0,1	-2.059579,-3.606027,-2.214474,-2.359151,-2.868912,-0.487351,-3.543740,-3.203118,-1.086813,-0.547943,-2.671034,0.544925,-2.831356,-4.618165,-0.500016,0.321513,0.757396,-4.508121,-3.726439,-1.326638,-0.799151,-0.525312,0.259355
Sbic_HCT_EES05411.1	Sbic_HCT_EES05411.1	/content/drive/MyDrive/CS_5782_Final_Project/code_and_data/BAHD_lastLayer_embeddings/Sbic_HCT_EES05411.1_hidden_layer_steps10.pt	acceptor_superclass::Phenolic acids (C6-C1)	acceptor_superclass::Fatty Acids and Conjugates;acceptor_superclass::Lignans;acceptor_superclass::Lysine alkaloids;acceptor_superclass::Ornithine alkaloids;acceptor_superclass::Phenolic acids (C6-C1);acceptor_superclass::Phenylethanoids (C6-C2);acceptor_superclass::Phenylpropanoids (C6-C3);acceptor_superclass::Pseudoalkaloids;acceptor_superclass::Small peptides;acceptor_superclass::Tyrosine alkaloids	0,0,0,0,0,0,0,0,0,0,0,0,0,1,0,0,0,0,0,0,0,0,0	0,0,0,1,0,0,0,1,1,0,0,1,0,1,1,1,1,0,1,0,0,0,1	-0.898705,-3.035202,-3.313890,0.183777,-0.508830,-2.026516,-4.007252,0.401891,0.577958,-1.192896,-5.865269,0.369247,-1.876337,1.052322,0.525446,0.084147,1.017541,-1.199638,1.768093,-1.756079,-1.480847,-1.196367,0.038619
Sbic_PMT_EES17668.1	Sbic_PMT_EES17668.1	/content/drive/MyDrive/CS_5782_Final_Project/code_and_data/BAHD_lastLayer_embeddings/Sbic_PMT_EES17668.1_hidden_layer_steps10.pt	acceptor_superclass::Phenylpropanoids (C6-C3)	acceptor_superclass::Fatty acyls;acceptor_superclass::Lignans;acceptor_superclass::Lysine alkaloids;acceptor_superclass::Monoterpenoids;acceptor_superclass::Ornithine alkaloids;acceptor_superclass::Phenylethanoids (C6-C2);acceptor_superclass::Phenylpropanoids (C6-C3);acceptor_superclass::Pseudoalkaloids;acceptor_superclass::Tryptophan alkaloids	0,0,0,0,0,0,0,0,0,0,0,0,0,0,0,1,0,0,0,0,0,0,0	0,0,0,0,1,0,0,1,1,1,0,1,0,0,1,1,1,0,0,0,0,1,0	-0.649671,-0.814577,-0.941369,-1.226293,0.431063,-1.759352,-4.138685,0.855104,1.442654,0.570719,-3.011493,0.110878,-2.290838,-2.371392,0.970941,0.666224,1.055993,-0.214406,-1.040016,-1.361105,-1.284473,0.404833,-0.490381
Sche_AAT10422_BCJ78482.1	Sche_AAT10422_BCJ78482.1	/content/drive/MyDrive/CS_5782_Final_Project/code_and_data/BAHD_lastLayer_embeddings/Sche_AAT10422_BCJ78482.1_hidden_layer_steps10.pt	acceptor_superclass::Fatty acyls	acceptor_superclass::Diterpenoids;acceptor_superclass::Fatty acyls;acceptor_superclass::Lysine alkaloids;acceptor_superclass::Monoterpenoids;acceptor_superclass::Phenylethanoids (C6-C2);acceptor_superclass::Triterpenoids	0,0,0,0,1,0,0,0,0,0,0,0,0,0,0,0,0,0,0,0,0,0,0	0,0,1,0,1,0,0,0,1,1,0,0,0,0,1,0,0,0,0,0,1,0,0	-0.545260,-0.293721,1.173158,-0.473253,2.495196,-1.991975,-3.391474,-0.670352,0.991319,0.224360,-2.135913,-1.097486,-1.127095,-2.380126,1.282737,-0.107269,-0.541847,-0.043423,-0.527277,-2.027849,0.019427,-1.203879,-1.958408
Schi_CFAT_URQ03862.1	Schi_CFAT_URQ03862.1	/content/drive/MyDrive/CS_5782_Final_Project/code_and_data/BAHD_lastLayer_embeddings/Schi_CFAT_URQ03862.1_hidden_layer_steps10.pt	acceptor_superclass::Lignans;acceptor_superclass::Phenylpropanoids (C6-C3)	acceptor_superclass::Phenylpropanoids (C6-C3);acceptor_superclass::Tryptophan alkaloids	0,0,0,0,0,0,0,1,0,0,0,0,0,0,0,1,0,0,0,0,0,0,0	0,0,0,0,0,0,0,0,0,0,0,0,0,0,0,1,0,0,0,0,0,1,0	-3.165319,-2.352649,-0.375110,-1.886755,-1.223631,-1.096979,-4.608379,-3.000113,-0.751173,-0.499429,-1.137237,-0.648241,-3.970667,-5.871177,-1.027758,0.565662,-0.120808,-1.654665,-4.020685,-2.667562,-0.915747,0.561283,-0.615697
Schm_AAT11306_BCJ78485.1	Schm_AAT11306_BCJ78485.1	/content/drive/MyDrive/CS_5782_Final_Project/code_and_data/BAHD_lastLayer_embeddings/Schm_AAT11306_BCJ78485.1_hidden_layer_steps10.pt	acceptor_superclass::Fatty acyls	acceptor_superclass::Cyclic polyketides;acceptor_superclass::Diterpenoids;acceptor_superclass::Fatty acyls;acceptor_superclass::Phenylethanoids (C6-C2);acceptor_superclass::Small peptides;acceptor_superclass::Tryptophan alkaloids	0,0,0,0,1,0,0,0,0,0,0,0,0,0,0,0,0,0,0,0,0,0,0	0,1,1,0,1,0,0,0,0,0,0,0,0,0,1,0,0,0,1,0,0,1,0	-1.005884,0.034163,0.542468,-1.509969,1.286634,-1.637344,-2.269727,-0.787863,-1.043028,-0.419430,-1.668115,-0.892915,-0.738836,-1.517087,1.415425,-0.564749,-1.883177,-0.058068,0.146451,-1.418981,-0.769822,0.200120,-0.335319
Scru_3MAT_AAO38058	Scru_3MAT_AAO38058	/content/drive/MyDrive/CS_5782_Final_Project/code_and_data/BAHD_lastLayer_embeddings/Scru_3MAT_AAO38058_hidden_layer_steps10.pt		acceptor_superclass::Coumarins;acceptor_superclass::Cyclic polyketides;acceptor_superclass::Flavonoids;acceptor_superclass::Isoflavonoids;acceptor_superclass::Naphthalenes;acceptor_superclass::Ornithine alkaloids;acceptor_superclass::Phenanthrenoids;acceptor_superclass::Phenylethanoids (C6-C2);acceptor_superclass::Steroids;acceptor_superclass::Triterpenoids;acceptor_superclass::Tryptophan alkaloids;acceptor_superclass::Tyrosine alkaloids	0,0,0,0,0,0,0,0,0,0,0,0,0,0,0,0,0,0,0,0,0,0,0	1,1,0,0,0,1,1,0,0,0,1,1,1,0,1,0,0,0,0,1,1,1,1	2.403801,0.218069,-1.162615,-2.871837,-1.926092,1.347447,2.326650,-1.811502,-3.620757,-1.976183,0.568162,0.794446,2.264149,-0.792872,0.212129,-2.072392,-1.232208,-1.869055,-0.562813,1.099540,0.275954,0.335946,0.377532
Sfal_HFT-like_KAH8954438.1	Sfal_HFT-like_KAH8954438.1	/content/drive/MyDrive/CS_5782_Final_Project/code_and_data/BAHD_lastLayer_embeddings/Sfal_HFT-like_KAH8954438.1_hidden_layer_steps10.pt	acceptor_superclass::Fatty Acids and Conjugates;acceptor_superclass::Fatty acyls	acceptor_superclass::Phenylpropanoids (C6-C3);acceptor_superclass::Tyrosine alkaloids	0,0,0,1,1,0,0,0,0,0,0,0,0,0,0,0,0,0,0,0,0,0,0	0,0,0,0,0,0,0,0,0,0,0,0,0,0,0,1,0,0,0,0,0,0,1	-8.127588,-4.194978,-4.101842,-0.776668,-0.957816,-3.447454,-5.627132,-0.889945,-1.929616,-0.429685,-7.125972,-2.551292,-5.283951,-4.066169,-0.631325,0.927006,-2.057976,-3.372427,-1.688975,-6.020566,-2.819961,-2.703832,0.095808
Sgal_AAT10483_BCJ78483.1	Sgal_AAT10483_BCJ78483.1	/content/drive/MyDrive/CS_5782_Final_Project/code_and_data/BAHD_lastLayer_embeddings/Sgal_AAT10483_BCJ78483.1_hidden_layer_steps10.pt	acceptor_superclass::Fatty acyls	acceptor_superclass::Diterpenoids;acceptor_superclass::Fatty acyls;acceptor_superclass::Monoterpenoids	0,0,0,0,1,0,0,0,0,0,0,0,0,0,0,0,0,0,0,0,0,0,0	0,0,1,0,1,0,0,0,0,1,0,0,0,0,0,0,0,0,0,0,0,0,0	-8.462802,-4.724545,1.699077,-2.512224,4.075013,-4.576519,-10.740789,-5.925174,-1.882763,1.678420,-7.974900,-4.334077,-5.863083,-8.815927,-0.793378,-0.424675,-3.645457,-3.114379,-3.484362,-9.338583,-2.967674,-7.518936,-4.279891
Sgla_HQT1_WYJ75404.1	Sgla_HQT1_WYJ75404.1	/content/drive/MyDrive/CS_5782_Final_Project/code_and_data/BAHD_lastLayer_embeddings/Sgla_HQT1_WYJ75404.1_hidden_layer_steps10.pt	acceptor_superclass::Phenolic acids (C6-C1);acceptor_superclass::Small peptides	acceptor_superclass::Phenolic acids (C6-C1);acceptor_superclass::Phenylpropanoids (C6-C3);acceptor_superclass::Small peptides;acceptor_superclass::Triterpenoids	0,0,0,0,0,0,0,0,0,0,0,0,0,1,0,0,0,0,1,0,0,0,0	0,0,0,0,0,0,0,0,0,0,0,0,0,1,0,1,0,0,1,0,1,0,0	-8.669018,-4.746673,-8.192042,-5.120439,-2.449381,-2.094170,-6.847426,-4.971487,-4.293114,-1.182557,-11.811987,-3.093232,-6.963391,5.244245,-3.460214,0.140968,-2.964152,-5.125133,0.958032,-6.160022,0.264269,-8.464221,-0.719241
Sgla_HQT2_WYJ75406.1	Sgla_HQT2_WYJ75406.1	/content/drive/MyDrive/CS_5782_Final_Project/code_and_data/BAHD_lastLayer_embeddings/Sgla_HQT2_WYJ75406.1_hidden_layer_steps10.pt	acceptor_superclass::Phenolic acids (C6-C1)	acceptor_superclass::Phenolic acids (C6-C1);acceptor_superclass::Triterpenoids	0,0,0,0,0,0,0,0,0,0,0,0,0,1,0,0,0,0,0,0,0,0,0	0,0,0,0,0,0,0,0,0,0,0,0,0,1,0,0,0,0,0,0,1,0,0	-9.187793,-8.847087,-7.058131,-4.260573,-5.637812,-5.392855,-8.056125,-10.645091,-7.290948,-2.513048,-13.005496,-1.502302,-8.366795,1.964873,-4.360780,-2.258828,-3.085448,-7.845394,-0.921872,-5.239679,1.300305,-8.882907,-2.119470
Sgla_HST_WYJ75403.1	Sgla_HST_WYJ75403.1	/content/drive/MyDrive/CS_5782_Final_Project/code_and_data/BAHD_lastLayer_embeddings/Sgla_HST_WYJ75403.1_hidden_layer_steps10.pt	acceptor_superclass::Phenolic acids (C6-C1);acceptor_superclass::Small peptides	acceptor_superclass::Flavonoids;acceptor_superclass::Phenolic acids (C6-C1);acceptor_superclass::Small peptides;acceptor_superclass::Tyrosine alkaloids	0,0,0,0,0,0,0,0,0,0,0,0,0,1,0,0,0,0,1,0,0,0,0	0,0,0,0,0,1,0,0,0,0,0,0,0,1,0,0,0,0,1,0,0,0,1	-4.828852,-5.096411,-6.539723,-1.532421,-1.392588,0.286082,-5.535785,-1.789490,-4.158363,-1.059864,-10.911136,-2.229705,-4.857156,4.977586,-3.265392,-1.182546,-2.573648,-6.121421,1.048791,-4.152652,-0.470538,-5.817585,0.020419
Sgla_RAS_WYJ75405.1	Sgla_RAS_WYJ75405.1	/content/drive/MyDrive/CS_5782_Final_Project/code_and_data/BAHD_lastLayer_embeddings/Sgla_RAS_WYJ75405.1_hidden_layer_steps10.pt	acceptor_superclass::Phenolic acids (C6-C1);acceptor_superclass::Small peptides;acceptor_superclass::Tyrosine alkaloids	acceptor_superclass::Phenolic acids (C6-C1);acceptor_superclass::Tyrosine alkaloids	0,0,0,0,0,0,0,0,0,0,0,0,0,1,0,0,0,0,1,0,0,0,1	0,0,0,0,0,0,0,0,0,0,0,0,0,1,0,0,0,0,0,0,0,0,1	-5.621463,-8.858304,-12.015935,-1.394526,-6.719022,-2.445073,-8.004583,-7.535665,-10.300241,-2.228792,-9.361446,-2.555357,-4.644449,1.359161,-2.222024,-1.531230,-3.472740,-9.264954,-1.590475,-4.835415,-1.414645,-4.974198,1.341563
Shab_AAT11777_BCJ78486.1	Shab_AAT11777_BCJ78486.1	/content/drive/MyDrive/CS_5782_Final_Project/code_and_data/BAHD_lastLayer_embeddings/Shab_AAT11777_BCJ78486.1_hidden_layer_steps10.pt	acceptor_superclass::Fatty acyls	acceptor_superclass::Diterpenoids;acceptor_superclass::Fatty acyls;acceptor_superclass::Lysine alkaloids;acceptor_superclass::Monoterpenoids;acceptor_superclass::Phenylethanoids (C6-C2)	0,0,0,0,1,0,0,0,0,0,0,0,0,0,0,0,0,0,0,0,0,0,0	0,0,1,0,1,0,0,0,1,1,0,0,0,0,1,0,0,0,0,0,0,0,0	-0.394854,-0.222657,0.893358,-0.472772,2.360429,-1.772795,-3.264042,-0.496970,1.021195,0.269211,-1.852579,-0.993454,-1.050629,-2.333619,1.201873,-0.002313,-0.370811,-0.051230,-0.611827,-1.845828,-0.206661,-1.167755,-1.644257
Shab_ASAT2_ALU64009.1	Shab_ASAT2_ALU64009.1	/content/drive/MyDrive/CS_5782_Final_Project/code_and_data/BAHD_lastLayer_embeddings/Shab_ASAT2_ALU64009.1_hidden_layer_steps10.pt		acceptor_superclass::Diterpenoids;acceptor_superclass::Saccharides	0,0,0,0,0,0,0,0,0,0,0,0,0,0,0,0,0,0,0,0,0,0,0	0,0,1,0,0,0,0,0,0,0,0,0,0,0,0,0,0,1,0,0,0,0,0	-8.534444,-3.169834,0.516844,-7.877768,-3.016710,-5.015376,-7.576687,-5.250631,-4.581291,-1.084346,-3.634564,-4.379965,-4.183881,-7.628882,-2.573394,-1.089624,-3.363869,2.871948,-3.934856,-6.293288,-0.021120,-2.537847,-1.488465
Shab_ASAT3-F_AJF98584.1	Shab_ASAT3-F_AJF98584.1	/content/drive/MyDrive/CS_5782_Final_Project/code_and_data/BAHD_lastLayer_embeddings/Shab_ASAT3-F_AJF98584.1_hidden_layer_steps10.pt			0,0,0,0,0,0,0,0,0,0,0,0,0,0,0,0,0,0,0,0,0,0,0	0,0,0,0,0,0,0,0,0,0,0,0,0,0,0,0,0,0,0,0,0,0,0	-7.754025,-5.087778,-3.671153,-8.571711,-5.078306,-3.467892,-7.602691,-6.566414,-8.565382,-3.626652,-0.935884,-4.942961,-4.780241,-9.359238,-5.093210,-3.499177,-2.284080,-2.518123,-5.527181,-9.592569,-4.925766,-7.038597,-5.404343
Shab_ASAT3-P_AJF98591.1	Shab_ASAT3-P_AJF98591.1	/content/drive/MyDrive/CS_5782_Final_Project/code_and_data/BAHD_lastLayer_embeddings/Shab_ASAT3-P_AJF98591.1_hidden_layer_steps10.pt		acceptor_superclass::Cyclic polyketides;acceptor_superclass::Diterpenoids;acceptor_superclass::Fatty acyls;acceptor_superclass::Lysine alkaloids;acceptor_superclass::Monoterpenoids;acceptor_superclass::Naphthalenes;acceptor_superclass::Phenylethanoids (C6-C2);acceptor_superclass::Saccharides;acceptor_superclass::Triterpenoids	0,0,0,0,0,0,0,0,0,0,0,0,0,0,0,0,0,0,0,0,0,0,0	0,1,1,0,1,0,0,0,1,1,1,0,0,0,1,0,0,1,0,0,1,0,0	-0.663053,0.614672,0.695268,-1.930384,0.720021,-1.294479,-2.205568,-0.711313,0.263127,0.367756,0.110861,-0.589046,-1.279282,-3.299530,0.736906,-0.737328,-0.295001,0.825828,-1.671315,-0.986791,0.520827,-0.029647,-1.638923
Sind_AT1_BEE35702.1	Sind_AT1_BEE35702.1	/content/drive/MyDrive/CS_5782_Final_Project/code_and_data/BAHD_lastLayer_embeddings/Sind_AT1_BEE35702.1_hidden_layer_steps10.pt	acceptor_superclass::Phenylethanoids (C6-C2)	acceptor_superclass::Coumarins;acceptor_superclass::Ornithine alkaloids;acceptor_superclass::Phenylethanoids (C6-C2);acceptor_superclass::Pseudoalkaloids;acceptor_superclass::Small peptides	0,0,0,0,0,0,0,0,0,0,0,0,0,0,1,0,0,0,0,0,0,0,0	1,0,0,0,0,0,0,0,0,0,0,1,0,0,1,0,1,0,1,0,0,0,0	0.033585,-2.694208,-1.868824,-0.427714,-0.936565,-1.119058,-1.602366,-0.710523,-0.894035,-1.512733,-3.323725,0.791870,-0.384654,-0.339419,0.889155,-1.222783,0.558320,-1.325164,1.547382,-0.550305,-0.027656,-1.894744,-0.522409
Sind_AT2_BEE35703.1	Sind_AT2_BEE35703.1	/content/drive/MyDrive/CS_5782_Final_Project/code_and_data/BAHD_lastLayer_embeddings/Sind_AT2_BEE35703.1_hidden_layer_steps10.pt	acceptor_superclass::Phenylethanoids (C6-C2)	acceptor_superclass::Fatty acyls;acceptor_superclass::Ornithine alkaloids;acceptor_superclass::Phenylethanoids (C6-C2);acceptor_superclass::Pseudoalkaloids;acceptor_superclass::Small peptides	0,0,0,0,0,0,0,0,0,0,0,0,0,0,1,0,0,0,0,0,0,0,0	0,0,0,0,1,0,0,0,0,0,0,1,0,0,1,0,1,0,1,0,0,0,0	-0.184434,-1.773444,-1.234511,-0.340115,0.111726,-1.425015,-2.352739,-0.595524,-0.315250,-0.912406,-3.305238,0.393046,-0.719144,-0.594520,0.942095,-0.705428,0.489680,-0.878786,1.010197,-0.991365,-0.327308,-1.601044,-0.817356
Sind_AT1_BEE35702.1	Sind_SHCT_XP_011083883.1	/content/drive/MyDrive/CS_5782_Final_Project/code_and_data/BAHD_lastLayer_embeddings/Sind_AT1_BEE35702.1_hidden_layer_steps10.pt	acceptor_superclass::Phenylethanoids (C6-C2)	acceptor_superclass::Coumarins;acceptor_superclass::Ornithine alkaloids;acceptor_superclass::Phenylethanoids (C6-C2);acceptor_superclass::Pseudoalkaloids;acceptor_superclass::Small peptides	0,0,0,0,0,0,0,0,0,0,0,0,0,0,1,0,0,0,0,0,0,0,0	1,0,0,0,0,0,0,0,0,0,0,1,0,0,1,0,1,0,1,0,0,0,0	0.033585,-2.694208,-1.868824,-0.427714,-0.936565,-1.119058,-1.602366,-0.710523,-0.894035,-1.512733,-3.323725,0.791870,-0.384654,-0.339419,0.889155,-1.222783,0.558320,-1.325164,1.547382,-0.550305,-0.027656,-1.894744,-0.522409
Slyc_AAT1_XP_004244681.1	Slyc_AAT1_XP_004244681.1	/content/drive/MyDrive/CS_5782_Final_Project/code_and_data/BAHD_lastLayer_embeddings/Slyc_AAT1_XP_004244681.1_hidden_layer_steps10.pt	acceptor_superclass::Fatty acyls;acceptor_superclass::Phenylethanoids (C6-C2)	acceptor_superclass::Diterpenoids;acceptor_superclass::Saccharides;acceptor_superclass::Triterpenoids	0,0,0,0,1,0,0,0,0,0,0,0,0,0,1,0,0,0,0,0,0,0,0	0,0,1,0,0,0,0,0,0,0,0,0,0,0,0,0,0,1,0,0,1,0,0	-15.180836,-9.862261,7.604300,-8.621415,-1.646090,-7.814389,-17.482077,-12.742696,-2.285329,-1.446302,-13.896211,-7.556764,-6.243599,-9.571824,-7.126297,-2.994553,-4.738036,2.530119,-5.978755,-13.387022,3.481899,-4.366814,-3.610998
Slyc_PHT1_UTQ10234.1	Slyc_ACT2_XP_004251197.1	/content/drive/MyDrive/CS_5782_Final_Project/code_and_data/BAHD_lastLayer_embeddings/Slyc_PHT1_UTQ10234.1_hidden_layer_steps10.pt	acceptor_superclass::Ornithine alkaloids;acceptor_superclass::Pseudoalkaloids	acceptor_superclass::Monoterpenoids;acceptor_superclass::Ornithine alkaloids;acceptor_superclass::Pseudoalkaloids	0,0,0,0,0,0,0,0,0,0,0,1,0,0,0,0,1,0,0,0,0,0,0	0,0,0,0,0,0,0,0,0,1,0,1,0,0,0,0,1,0,0,0,0,0,0	-7.182774,-4.189497,-3.752485,-3.067396,-1.732629,-4.224422,-6.792738,-5.352681,-4.178899,0.309227,-8.127222,2.387396,-6.032032,-5.287467,-1.414935,-0.536487,2.162035,-5.971664,-1.924547,-7.420952,-3.383116,-5.063768,-1.632540
Slyc_ASAT1_NP_001316332.1	Slyc_ASAT1_NP_001316332.1	/content/drive/MyDrive/CS_5782_Final_Project/code_and_data/BAHD_lastLayer_embeddings/Slyc_ASAT1_NP_001316332.1_hidden_layer_steps10.pt	acceptor_superclass::Saccharides	acceptor_superclass::Coumarins;acceptor_superclass::Cyclic polyketides;acceptor_superclass::Diterpenoids;acceptor_superclass::Isoflavonoids;acceptor_superclass::Naphthalenes;acceptor_superclass::Phenanthrenoids;acceptor_superclass::Phenylethanoids (C6-C2);acceptor_superclass::Saccharides;acceptor_superclass::Steroids;acceptor_superclass::Triterpenoids;acceptor_superclass::Tryptophan alkaloids;acceptor_superclass::Tyrosine alkaloids	0,0,0,0,0,0,0,0,0,0,0,0,0,0,0,0,0,1,0,0,0,0,0	1,1,1,0,0,0,1,0,0,0,1,0,1,0,1,0,0,1,0,1,1,1,1	0.332686,0.591365,0.461490,-2.925551,-0.838273,-1.157967,0.017783,-1.095957,-2.542744,-0.990959,0.560903,-0.293117,0.426371,-3.616514,0.544765,-1.552273,-1.556956,0.303481,-1.571134,0.338874,1.022950,1.823845,0.475311
Slyc_ASAT2_ALU64015.1	Slyc_ASAT2_ALU64015.1	/content/drive/MyDrive/CS_5782_Final_Project/code_and_data/BAHD_lastLayer_embeddings/Slyc_ASAT2_ALU64015.1_hidden_layer_steps10.pt		acceptor_superclass::Cyclic polyketides;acceptor_superclass::Diterpenoids;acceptor_superclass::Naphthalenes;acceptor_superclass::Saccharides;acceptor_superclass::Triterpenoids;acceptor_superclass::Tryptophan alkaloids	0,0,0,0,0,0,0,0,0,0,0,0,0,0,0,0,0,0,0,0,0,0,0	0,1,1,0,0,0,0,0,0,0,1,0,0,0,0,0,0,1,0,0,1,1,0	-4.029582,0.569042,1.943568,-2.531344,-0.462462,-1.487140,-4.524638,-5.124136,-3.956964,-0.916818,2.130203,-2.548493,-3.975686,-7.950513,-2.849741,-1.750757,-2.161009,2.887422,-3.912990,-3.288872,0.670164,1.612266,-1.311575
Slyc_ASAT3_AJF98582.1	Slyc_ASAT3_AJF98582.1	/content/drive/MyDrive/CS_5782_Final_Project/code_and_data/BAHD_lastLayer_embeddings/Slyc_ASAT3_AJF98582.1_hidden_layer_steps10.pt			0,0,0,0,0,0,0,0,0,0,0,0,0,0,0,0,0,0,0,0,0,0,0	0,0,0,0,0,0,0,0,0,0,0,0,0,0,0,0,0,0,0,0,0,0,0	-6.224867,-3.268573,-1.136484,-6.971366,-4.374519,-4.562514,-5.529016,-5.340340,-6.311415,-0.578242,-2.379153,-1.258978,-3.584955,-7.837696,-2.060182,-0.208563,-1.836224,-0.516136,-4.486540,-4.168689,-0.636784,-2.210861,-1.207859
Slyc_ASAT4_AFM77971.1	Slyc_ASAT4_AFM77971.1	/content/drive/MyDrive/CS_5782_Final_Project/code_and_data/BAHD_lastLayer_embeddings/Slyc_ASAT4_AFM77971.1_hidden_layer_steps10.pt		acceptor_superclass::Diterpenoids;acceptor_superclass::Ornithine alkaloids;acceptor_superclass::Phenylethanoids (C6-C2);acceptor_superclass::Pseudoalkaloids;acceptor_superclass::Triterpenoids	0,0,0,0,0,0,0,0,0,0,0,0,0,0,0,0,0,0,0,0,0,0,0	0,0,1,0,0,0,0,0,0,0,0,1,0,0,1,0,1,0,0,0,1,0,0	-0.691395,-0.889471,0.222697,-1.915377,-0.697002,-1.800007,-2.258539,-1.587897,-0.451379,-0.734548,-2.180752,0.221770,-1.324375,-2.183975,0.825899,-1.335815,0.257879,-0.176025,-0.091375,-0.503798,1.095801,-0.081591,-2.040271
Slyc_GAME36_XP_004246214.1	Slyc_GAME36_XP_004246214.1	/content/drive/MyDrive/CS_5782_Final_Project/code_and_data/BAHD_lastLayer_embeddings/Slyc_GAME36_XP_004246214.1_hidden_layer_steps10.pt	acceptor_superclass::Pseudoalkaloids	acceptor_superclass::Cyclic polyketides;acceptor_superclass::Diterpenoids;acceptor_superclass::Fatty acyls;acceptor_superclass::Naphthalenes;acceptor_superclass::Phenylethanoids (C6-C2);acceptor_superclass::Saccharides;acceptor_superclass::Triterpenoids;acceptor_superclass::Tryptophan alkaloids	0,0,0,0,0,0,0,0,0,0,0,0,0,0,0,0,1,0,0,0,0,0,0	0,1,1,0,1,0,0,0,0,0,1,0,0,0,1,0,0,1,0,0,1,1,0	-0.318507,1.111966,0.381751,-2.482460,0.033044,-1.103263,-0.445210,-0.566248,-1.989785,-0.589107,0.745022,-1.030087,-0.317312,-3.591429,0.904520,-1.002129,-2.110490,1.194391,-1.278546,-0.355751,0.776363,1.304522,-0.010855
Slyc_HCT_XP_004235891.1	Slyc_HCT_XP_004235891.1	/content/drive/MyDrive/CS_5782_Final_Project/code_and_data/BAHD_lastLayer_embeddings/Slyc_HCT_XP_004235891.1_hidden_layer_steps10.pt	acceptor_superclass::Flavonoids;acceptor_superclass::Monoterpenoids;acceptor_superclass::Phenolic acids (C6-C1);acceptor_superclass::Triterpenoids;acceptor_superclass::Tyrosine alkaloids	acceptor_superclass::Ornithine alkaloids;acceptor_superclass::Phenolic acids (C6-C1);acceptor_superclass::Phenylethanoids (C6-C2);acceptor_superclass::Small peptides;acceptor_superclass::Tyrosine alkaloids	0,0,0,0,0,1,0,0,0,1,0,0,0,1,0,0,0,0,0,0,1,0,1	0,0,0,0,0,0,0,0,0,0,0,1,0,1,1,0,0,0,1,0,0,0,1	-0.547242,-1.934248,-3.995191,-0.129383,-0.851266,-1.476577,-1.927447,-0.493508,-1.856226,-1.710407,-4.217516,1.022866,-0.323948,4.082591,1.010583,-0.837567,-0.130846,-3.526404,3.430893,-1.627480,-3.207989,-0.819869,1.146441
Slyc_HQT_CAE46933.1	Slyc_HQT_CAE46933.1	/content/drive/MyDrive/CS_5782_Final_Project/code_and_data/BAHD_lastLayer_embeddings/Slyc_HQT_CAE46933.1_hidden_layer_steps10.pt	acceptor_superclass::Phenolic acids (C6-C1);acceptor_superclass::Phenylpropanoids (C6-C3)	acceptor_superclass::Phenolic acids (C6-C1);acceptor_superclass::Small peptides;acceptor_superclass::Triterpenoids	0,0,0,0,0,0,0,0,0,0,0,0,0,1,0,1,0,0,0,0,0,0,0	0,0,0,0,0,0,0,0,0,0,0,0,0,1,0,0,0,0,1,0,1,0,0	-9.108936,-5.156386,-5.182056,-3.868392,-0.878201,-3.294966,-8.302435,-5.122140,-3.989902,-1.205421,-11.083592,-5.038509,-6.886831,2.843971,-3.061226,-0.423576,-4.476052,-4.008791,0.722394,-7.274362,0.341288,-9.564163,-1.628595
Slyc_PHT1_UTQ10234.1	Slyc_PHT1_UTQ10234.1	/content/drive/MyDrive/CS_5782_Final_Project/code_and_data/BAHD_lastLayer_embeddings/Slyc_PHT1_UTQ10234.1_hidden_layer_steps10.pt	acceptor_superclass::Ornithine alkaloids;acceptor_superclass::Pseudoalkaloids	acceptor_superclass::Ornithine alkaloids;acceptor_superclass::Pseudoalkaloids	0,0,0,0,0,0,0,0,0,0,0,1,0,0,0,0,1,0,0,0,0,0,0	0,0,0,0,0,0,0,0,0,0,0,1,0,0,0,0,1,0,0,0,0,0,0	-7.040237,-8.298238,-6.353251,-3.491103,-4.107613,-4.455266,-9.484589,-4.840948,-5.844360,-3.681798,-6.265588,3.693074,-5.018458,-5.470755,-3.144007,-3.574023,4.515506,-8.705257,-5.951128,-8.037633,-4.158286,-7.771897,-5.648418
Slyc_PHT2_UTQ10235.1	Slyc_PHT2_UTQ10235.1	/content/drive/MyDrive/CS_5782_Final_Project/code_and_data/BAHD_lastLayer_embeddings/Slyc_PHT2_UTQ10235.1_hidden_layer_steps10.pt	acceptor_superclass::Ornithine alkaloids;acceptor_superclass::Pseudoalkaloids	acceptor_superclass::Fatty Acids and Conjugates;acceptor_superclass::Ornithine alkaloids;acceptor_superclass::Pseudoalkaloids	0,0,0,0,0,0,0,0,0,0,0,1,0,0,0,0,1,0,0,0,0,0,0	0,0,0,1,0,0,0,0,0,0,0,1,0,0,0,0,1,0,0,0,0,0,0	-3.519366,-2.404956,-2.616425,0.049546,-0.544496,-0.371141,-4.402750,-3.197099,-3.738098,-1.002063,-3.876484,0.419916,-3.799535,-2.279502,-1.136659,-1.265708,0.653055,-2.609691,-1.238488,-2.305957,-0.841598,-2.223677,-0.344160
Slyc_SHT_QNO39109.1	Slyc_SHT_QNO39109.1	/content/drive/MyDrive/CS_5782_Final_Project/code_and_data/BAHD_lastLayer_embeddings/Slyc_SHT_QNO39109.1_hidden_layer_steps10.pt	acceptor_superclass::Ornithine alkaloids	acceptor_superclass::Fatty Acids and Conjugates;acceptor_superclass::Ornithine alkaloids	0,0,0,0,0,0,0,0,0,0,0,1,0,0,0,0,0,0,0,0,0,0,0	0,0,0,1,0,0,0,0,0,0,0,1,0,0,0,0,0,0,0,0,0,0,0	-3.932286,-2.049337,-2.452098,0.132135,-0.496350,-0.841600,-4.910460,-2.957730,-4.646241,-1.190876,-4.548539,0.072237,-4.077097,-1.663899,-1.657350,-1.769307,-0.480769,-2.065479,-0.363064,-2.778896,-0.420302,-1.958681,-0.082618
Smel_SHT_AKP24035.1	Smel_SHT_AKP24035.1	/content/drive/MyDrive/CS_5782_Final_Project/code_and_data/BAHD_lastLayer_embeddings/Smel_SHT_AKP24035.1_hidden_layer_steps10.pt	acceptor_superclass::Ornithine alkaloids		0,0,0,0,0,0,0,0,0,0,0,1,0,0,0,0,0,0,0,0,0,0,0	0,0,0,0,0,0,0,0,0,0,0,0,0,0,0,0,0,0,0,0,0,0,0	-9.081616,-3.949676,-1.193914,-8.419183,-4.627639,-4.194439,-9.976541,-4.849295,-8.841217,-1.671023,-6.718957,-0.142118,-2.581892,-10.062712,-3.136163,-0.933745,-1.934584,-4.105436,-5.515940,-9.247947,-1.929007,-1.829236,-3.825871
Smoe_HCT1a_XP_002979061.1	Smoe_HCT1a_XP_002979061.1	/content/drive/MyDrive/CS_5782_Final_Project/code_and_data/BAHD_lastLayer_embeddings/Smoe_HCT1a_XP_002979061.1_hidden_layer_steps10.pt	acceptor_superclass::Flavonoids;acceptor_superclass::Phenolic acids (C6-C1);acceptor_superclass::Small peptides	acceptor_superclass::Phenolic acids (C6-C1);acceptor_superclass::Phenylpropanoids (C6-C3);acceptor_superclass::Small peptides;acceptor_superclass::Tyrosine alkaloids	0,0,0,0,0,1,0,0,0,0,0,0,0,1,0,0,0,0,1,0,0,0,0	0,0,0,0,0,0,0,0,0,0,0,0,0,1,0,1,0,0,1,0,0,0,1	-8.830104,-5.673763,-9.647773,-2.861933,-2.673736,-1.508195,-5.826517,-2.734296,-3.322001,-0.921458,-12.259266,-5.007667,-7.234888,5.135503,-2.725175,1.278409,-4.066282,-5.469615,1.172363,-6.763303,-0.759658,-7.292655,0.752424
Sneo_AAT10247_BCJ78484.1	Sneo_AAT10247_BCJ78484.1	/content/drive/MyDrive/CS_5782_Final_Project/code_and_data/BAHD_lastLayer_embeddings/Sneo_AAT10247_BCJ78484.1_hidden_layer_steps10.pt	acceptor_superclass::Fatty acyls	acceptor_superclass::Diterpenoids;acceptor_superclass::Fatty acyls;acceptor_superclass::Lysine alkaloids;acceptor_superclass::Monoterpenoids;acceptor_superclass::Phenylethanoids (C6-C2);acceptor_superclass::Triterpenoids	0,0,0,0,1,0,0,0,0,0,0,0,0,0,0,0,0,0,0,0,0,0,0	0,0,1,0,1,0,0,0,1,1,0,0,0,0,1,0,0,0,0,0,1,0,0	-0.455609,-0.335305,1.157950,-0.488547,2.452598,-2.061690,-3.437051,-0.808778,0.869977,0.144806,-2.225684,-1.036114,-1.029347,-2.281360,1.320699,-0.125211,-0.470939,-0.163553,-0.412498,-2.034649,0.013174,-1.304828,-1.958818
Snig_AGAT1_WES72146.1	Snig_AGAT1_WES72146.1	/content/drive/MyDrive/CS_5782_Final_Project/code_and_data/BAHD_lastLayer_embeddings/Snig_AGAT1_WES72146.1_hidden_layer_steps10.pt		acceptor_superclass::Diterpenoids;acceptor_superclass::Fatty acyls;acceptor_superclass::Saccharides;acceptor_superclass::Triterpenoids;acceptor_superclass::Tryptophan alkaloids	0,0,0,0,0,0,0,0,0,0,0,0,0,0,0,0,0,0,0,0,0,0,0	0,0,1,0,1,0,0,0,0,0,0,0,0,0,0,0,0,1,0,0,1,1,0	-3.782592,-0.612255,1.290054,-1.129221,0.332981,-1.083632,-5.097211,-5.012111,-3.534396,-0.240379,-0.930926,-1.366785,-4.032949,-6.177413,-1.755953,-1.614175,-1.163384,0.341898,-2.842888,-3.006425,0.811636,0.547575,-0.950898
Snig_ASAT1_ART34015.1	Snig_ASAT1_ART34015.1	/content/drive/MyDrive/CS_5782_Final_Project/code_and_data/BAHD_lastLayer_embeddings/Snig_ASAT1_ART34015.1_hidden_layer_steps10.pt	acceptor_superclass::Saccharides	acceptor_superclass::Diterpenoids;acceptor_superclass::Naphthalenes;acceptor_superclass::Triterpenoids;acceptor_superclass::Tryptophan alkaloids	0,0,0,0,0,0,0,0,0,0,0,0,0,0,0,0,0,1,0,0,0,0,0	0,0,1,0,0,0,0,0,0,0,1,0,0,0,0,0,0,0,0,0,1,1,0	-2.219828,-0.645593,0.089770,-3.239839,-2.517939,-0.774729,-2.312498,-3.937520,-3.229701,-1.212681,1.791856,-1.314156,-2.185539,-5.873949,-2.271207,-1.603977,-1.334461,-0.295912,-3.611851,-1.626628,1.175000,0.944116,-0.242556
Snig_ASAT2_WES72145.1	Snig_ASAT2_WES72145.1	/content/drive/MyDrive/CS_5782_Final_Project/code_and_data/BAHD_lastLayer_embeddings/Snig_ASAT2_WES72145.1_hidden_layer_steps10.pt		acceptor_superclass::Diterpenoids;acceptor_superclass::Naphthalenes;acceptor_superclass::Saccharides;acceptor_superclass::Triterpenoids;acceptor_superclass::Tryptophan alkaloids	0,0,0,0,0,0,0,0,0,0,0,0,0,0,0,0,0,0,0,0,0,0,0	0,0,1,0,0,0,0,0,0,0,1,0,0,0,0,0,0,1,0,0,1,1,0	-3.634648,-1.101166,1.505136,-2.926413,-1.829390,-1.973765,-4.595697,-5.688048,-3.734540,-1.365171,1.788333,-1.427584,-3.658132,-7.764443,-2.715120,-2.360735,-1.549127,1.101936,-4.018015,-2.917488,1.418830,1.402649,-0.775319
Snux_AT_UQZ09626.1	Snux_AT_UQZ09626.1	/content/drive/MyDrive/CS_5782_Final_Project/code_and_data/BAHD_lastLayer_embeddings/Snux_AT_UQZ09626.1_hidden_layer_steps10.pt	acceptor_superclass::Tryptophan alkaloids		0,0,0,0,0,0,0,0,0,0,0,0,0,0,0,0,0,0,0,0,0,1,0	0,0,0,0,0,0,0,0,0,0,0,0,0,0,0,0,0,0,0,0,0,0,0	-9.357455,-8.212046,-2.802687,-9.503647,-10.072438,-5.066615,-11.132597,-6.741115,-8.338446,-2.118929,-5.550290,-3.645054,-4.551407,-9.343862,-6.018127,-3.170155,-2.072750,-3.581334,-8.393476,-8.874915,-2.675526,-0.053774,-3.083391
Soff_AAT1_BDW80084.1	Soff_AAT1_BDW80084.1	/content/drive/MyDrive/CS_5782_Final_Project/code_and_data/BAHD_lastLayer_embeddings/Soff_AAT1_BDW80084.1_hidden_layer_steps10.pt	acceptor_superclass::Naphthalenes	acceptor_superclass::Saccharides	0,0,0,0,0,0,0,0,0,0,1,0,0,0,0,0,0,0,0,0,0,0,0	0,0,0,0,0,0,0,0,0,0,0,0,0,0,0,0,0,1,0,0,0,0,0	-7.568317,-1.746961,-0.745940,-7.392749,-1.855464,-5.226802,-6.680480,-3.870900,-4.238457,-0.133274,-1.727099,-3.213171,-3.795341,-8.427186,-1.337175,-0.005443,-2.529984,0.824743,-4.719517,-5.685308,-1.291971,-1.263642,-1.303778
Sole_SOAP10_KNA12459.1	Sole_SOAP10_KNA12459.1	/content/drive/MyDrive/CS_5782_Final_Project/code_and_data/BAHD_lastLayer_embeddings/Sole_SOAP10_KNA12459.1_hidden_layer_steps10.pt	acceptor_superclass::Triterpenoids		0,0,0,0,0,0,0,0,0,0,0,0,0,0,0,0,0,0,0,0,1,0,0	0,0,0,0,0,0,0,0,0,0,0,0,0,0,0,0,0,0,0,0,0,0,0	-12.168649,-5.526330,-6.873188,-6.631603,-3.491357,-5.685609,-7.789809,-7.109730,-6.842509,-3.984065,-7.556893,-3.388697,-7.565008,-6.770330,-2.942425,-0.645882,-0.540231,-2.360204,-5.218957,-10.722631,-5.840830,-1.818592,-4.299989
Some_HCT_EFJ20018.1	Some_HCT_EFJ20018.1	/content/drive/MyDrive/CS_5782_Final_Project/code_and_data/BAHD_lastLayer_embeddings/Some_HCT_EFJ20018.1_hidden_layer_steps10.pt	acceptor_superclass::Phenolic acids (C6-C1)	acceptor_superclass::Fatty Acids and Conjugates;acceptor_superclass::Lignans;acceptor_superclass::Ornithine alkaloids;acceptor_superclass::Phenolic acids (C6-C1);acceptor_superclass::Phenylethanoids (C6-C2);acceptor_superclass::Phenylpropanoids (C6-C3);acceptor_superclass::Small peptides;acceptor_superclass::Tyrosine alkaloids	0,0,0,0,0,0,0,0,0,0,0,0,0,1,0,0,0,0,0,0,0,0,0	0,0,0,1,0,0,0,1,0,0,0,1,0,1,1,1,0,0,1,0,0,0,1	-1.560496,-1.664982,-4.507753,0.494564,-0.015602,-1.893599,-3.372208,0.708624,-0.206733,-0.959213,-5.367509,0.384013,-1.372253,3.934232,1.494404,0.295933,-0.179818,-2.205560,3.536236,-2.234331,-3.675482,-0.620400,0.862740
Spen_AAT12560_BCJ78487.1	Spen_AAT12560_BCJ78487.1	/content/drive/MyDrive/CS_5782_Final_Project/code_and_data/BAHD_lastLayer_embeddings/Spen_AAT12560_BCJ78487.1_hidden_layer_steps10.pt	acceptor_superclass::Fatty acyls	acceptor_superclass::Cyclic polyketides;acceptor_superclass::Diterpenoids;acceptor_superclass::Fatty acyls;acceptor_superclass::Lysine alkaloids;acceptor_superclass::Monoterpenoids;acceptor_superclass::Phenylethanoids (C6-C2);acceptor_superclass::Phenylpropanoids (C6-C3);acceptor_superclass::Saccharides	0,0,0,0,1,0,0,0,0,0,0,0,0,0,0,0,0,0,0,0,0,0,0	0,1,1,0,1,0,0,0,1,1,0,0,0,0,1,1,0,1,0,0,0,0,0	-0.750190,0.014262,1.182899,-0.486546,2.643335,-2.052349,-3.698929,-0.463099,1.335892,0.424838,-2.075313,-1.195534,-1.483071,-2.511604,1.263206,0.068379,-0.578265,0.135053,-0.781954,-2.180773,-0.114506,-1.006108,-1.883512
Spen_AAT1_AIW04708.1	Spen_AAT1_AIW04708.1	/content/drive/MyDrive/CS_5782_Final_Project/code_and_data/BAHD_lastLayer_embeddings/Spen_AAT1_AIW04708.1_hidden_layer_steps10.pt	acceptor_superclass::Fatty acyls;acceptor_superclass::Phenylethanoids (C6-C2)	acceptor_superclass::Diterpenoids;acceptor_superclass::Fatty acyls;acceptor_superclass::Monoterpenoids	0,0,0,0,1,0,0,0,0,0,0,0,0,0,1,0,0,0,0,0,0,0,0	0,0,1,0,1,0,0,0,0,1,0,0,0,0,0,0,0,0,0,0,0,0,0	-8.005163,-5.332088,1.174493,-2.289282,3.108945,-4.808393,-10.454470,-6.463502,-2.253594,1.430148,-7.832242,-2.955288,-5.885941,-8.822058,-1.154832,-0.642434,-2.721782,-4.044529,-3.876970,-8.813165,-3.095513,-7.393327,-4.327821
Spen_ASAT2_ALU64005.1	Spen_ASAT2_ALU64005.1	/content/drive/MyDrive/CS_5782_Final_Project/code_and_data/BAHD_lastLayer_embeddings/Spen_ASAT2_ALU64005.1_hidden_layer_steps10.pt			0,0,0,0,0,0,0,0,0,0,0,0,0,0,0,0,0,0,0,0,0,0,0	0,0,0,0,0,0,0,0,0,0,0,0,0,0,0,0,0,0,0,0,0,0,0	-10.692826,-4.554132,-0.821214,-10.074852,-5.611516,-4.428069,-6.688326,-4.773400,-5.983956,-5.853325,-0.679717,-6.672341,-5.607622,-9.477715,-5.907773,-3.575272,-2.050026,-0.512510,-5.152546,-10.494354,-3.595744,-3.872660,-5.637659
Spen_ASAT3_AJF98583.1	Spen_ASAT3_AJF98583.1	/content/drive/MyDrive/CS_5782_Final_Project/code_and_data/BAHD_lastLayer_embeddings/Spen_ASAT3_AJF98583.1_hidden_layer_steps10.pt		acceptor_superclass::Diterpenoids;acceptor_superclass::Fatty acyls;acceptor_superclass::Phenylethanoids (C6-C2);acceptor_superclass::Pseudoalkaloids;acceptor_superclass::Saccharides;acceptor_superclass::Triterpenoids	0,0,0,0,0,0,0,0,0,0,0,0,0,0,0,0,0,0,0,0,0,0,0	0,0,1,0,1,0,0,0,0,0,0,0,0,0,1,0,1,1,0,0,1,0,0	-0.074280,-0.161843,0.386311,-1.946803,0.109425,-1.109233,-1.686383,-1.209618,-0.492800,-0.257350,-0.396591,-0.121787,-0.406626,-2.599506,0.737973,-1.006705,0.000872,0.162998,-0.875572,-0.614455,0.629241,-0.556606,-1.537092
Spim_AAT11589_BCJ78481.1	Spim_AAT11589_BCJ78481.1	/content/drive/MyDrive/CS_5782_Final_Project/code_and_data/BAHD_lastLayer_embeddings/Spim_AAT11589_BCJ78481.1_hidden_layer_steps10.pt	acceptor_superclass::Fatty acyls	acceptor_superclass::Diterpenoids;acceptor_superclass::Fatty Acids and Conjugates;acceptor_superclass::Fatty acyls;acceptor_superclass::Monoterpenoids	0,0,0,0,1,0,0,0,0,0,0,0,0,0,0,0,0,0,0,0,0,0,0	0,0,1,1,1,0,0,0,0,1,0,0,0,0,0,0,0,0,0,0,0,0,0	-4.710115,-1.994907,1.204936,0.720335,4.142550,-1.521249,-8.549938,-4.391529,-2.526272,1.036666,-5.018114,-2.935997,-5.495361,-4.664739,-0.915132,-0.195824,-2.033960,-0.051330,-2.750503,-4.751102,-1.142185,-2.543061,-2.083236
Spot_AT_UQZ09635.1	Spot_AT_UQZ09635.1	/content/drive/MyDrive/CS_5782_Final_Project/code_and_data/BAHD_lastLayer_embeddings/Spot_AT_UQZ09635.1_hidden_layer_steps10.pt	acceptor_superclass::Tryptophan alkaloids	acceptor_superclass::Diterpenoids;acceptor_superclass::Saccharides;acceptor_superclass::Triterpenoids;acceptor_superclass::Tryptophan alkaloids	0,0,0,0,0,0,0,0,0,0,0,0,0,0,0,0,0,0,0,0,0,1,0	0,0,1,0,0,0,0,0,0,0,0,0,0,0,0,0,0,1,0,0,1,1,0	-9.927388,-5.804461,1.117632,-6.547404,-7.171783,-7.619792,-8.151052,-8.294313,-6.004105,-1.097858,-6.051561,-0.623403,-4.847106,-10.243543,-3.715886,-0.892577,-1.602951,0.525891,-6.112900,-4.322279,1.352812,3.551948,-0.524551
Squi_ASAT1H_UTN00742.1	Squi_ASAT1H_UTN00742.1	/content/drive/MyDrive/CS_5782_Final_Project/code_and_data/BAHD_lastLayer_embeddings/Squi_ASAT1H_UTN00742.1_hidden_layer_steps10.pt		acceptor_superclass::Phenylpropanoids (C6-C3);acceptor_superclass::Saccharides;acceptor_superclass::Triterpenoids	0,0,0,0,0,0,0,0,0,0,0,0,0,0,0,0,0,0,0,0,0,0,0	0,0,0,0,0,0,0,0,0,0,0,0,0,0,0,1,0,1,0,0,1,0,0	-5.709195,-2.377169,-0.494456,-8.091642,-4.537605,-4.168918,-4.697334,-4.418087,-5.946827,-0.627130,-0.715202,-3.173110,-2.253971,-8.269786,-1.255215,0.411350,-3.357035,1.976301,-5.002006,-3.636389,0.164683,-0.271401,-0.392646
Squi_ASAT3H_UTN00743.1	Squi_ASAT3H_UTN00743.1	/content/drive/MyDrive/CS_5782_Final_Project/code_and_data/BAHD_lastLayer_embeddings/Squi_ASAT3H_UTN00743.1_hidden_layer_steps10.pt		acceptor_superclass::Cyclic polyketides;acceptor_superclass::Diterpenoids;acceptor_superclass::Fatty acyls;acceptor_superclass::Naphthalenes;acceptor_superclass::Phenylethanoids (C6-C2);acceptor_superclass::Saccharides;acceptor_superclass::Triterpenoids;acceptor_superclass::Tryptophan alkaloids	0,0,0,0,0,0,0,0,0,0,0,0,0,0,0,0,0,0,0,0,0,0,0	0,1,1,0,1,0,0,0,0,0,1,0,0,0,1,0,0,1,0,0,1,1,0	-0.351354,1.473406,0.246131,-2.464389,0.187221,-1.054677,-0.700005,-0.439117,-1.736749,-0.250467,0.761020,-1.242207,-0.330771,-3.700904,0.798877,-0.766596,-2.019601,1.487146,-1.279645,-0.658838,0.624296,1.142626,-0.237677
Squi_ASAT4H_QNR60312.1	Squi_ASAT4H_QNR60312.1	/content/drive/MyDrive/CS_5782_Final_Project/code_and_data/BAHD_lastLayer_embeddings/Squi_ASAT4H_QNR60312.1_hidden_layer_steps10.pt		acceptor_superclass::Cyclic polyketides;acceptor_superclass::Diterpenoids;acceptor_superclass::Fatty acyls;acceptor_superclass::Lysine alkaloids;acceptor_superclass::Monoterpenoids;acceptor_superclass::Phenylethanoids (C6-C2);acceptor_superclass::Saccharides;acceptor_superclass::Triterpenoids;acceptor_superclass::Tryptophan alkaloids	0,0,0,0,0,0,0,0,0,0,0,0,0,0,0,0,0,0,0,0,0,0,0	0,1,1,0,1,0,0,0,1,1,0,0,0,0,1,0,0,1,0,0,1,1,0	-1.143803,0.631349,1.008174,-2.090190,0.781572,-1.679625,-2.403428,-1.194276,0.441676,0.102128,-0.679774,-1.050049,-1.792760,-3.092434,0.923255,-1.061888,-0.876122,0.933124,-1.391074,-1.213063,1.261870,0.082512,-2.235744
Squi_TAIAT_QNR60311.1	Squi_TAIAT_QNR60311.1	/content/drive/MyDrive/CS_5782_Final_Project/code_and_data/BAHD_lastLayer_embeddings/Squi_TAIAT_QNR60311.1_hidden_layer_steps10.pt		acceptor_superclass::Triterpenoids	0,0,0,0,0,0,0,0,0,0,0,0,0,0,0,0,0,0,0,0,0,0,0	0,0,0,0,0,0,0,0,0,0,0,0,0,0,0,0,0,0,0,0,1,0,0	-8.552865,-4.642737,-2.235357,-11.443310,-5.841003,-3.544006,-9.211301,-6.642321,-9.985778,-1.823058,-7.354329,-0.868098,-2.539860,-7.458261,-3.515912,-1.699226,-1.919459,-5.371996,-6.231410,-8.379300,0.085275,-1.685435,-3.682342
Sric_SHT_AMB21755.1	Sric_SHT_AMB21755.1	/content/drive/MyDrive/CS_5782_Final_Project/code_and_data/BAHD_lastLayer_embeddings/Sric_SHT_AMB21755.1_hidden_layer_steps10.pt	acceptor_superclass::Ornithine alkaloids	acceptor_superclass::Cyclic polyketides;acceptor_superclass::Diterpenoids;acceptor_superclass::Fatty acyls;acceptor_superclass::Phenylethanoids (C6-C2);acceptor_superclass::Saccharides;acceptor_superclass::Triterpenoids;acceptor_superclass::Tryptophan alkaloids;acceptor_superclass::Tyrosine alkaloids	0,0,0,0,0,0,0,0,0,0,0,1,0,0,0,0,0,0,0,0,0,0,0	0,1,1,0,1,0,0,0,0,0,0,0,0,0,1,0,0,1,0,0,1,1,1	-0.901403,0.851120,0.723173,-1.974218,0.233278,-1.609954,-1.775721,-0.538533,-1.846049,-0.268887,-0.818406,-0.441356,-0.741452,-3.099735,0.870956,-0.797174,-1.449096,0.380013,-0.884545,-0.753052,0.050403,1.442916,0.082999
Ssin_ASAT1_ART34011.1	Ssin_ASAT1_ART34011.1	/content/drive/MyDrive/CS_5782_Final_Project/code_and_data/BAHD_lastLayer_embeddings/Ssin_ASAT1_ART34011.1_hidden_layer_steps10.pt	acceptor_superclass::Saccharides	acceptor_superclass::Cyclic polyketides;acceptor_superclass::Diterpenoids;acceptor_superclass::Fatty acyls;acceptor_superclass::Lysine alkaloids;acceptor_superclass::Monoterpenoids;acceptor_superclass::Phenylethanoids (C6-C2);acceptor_superclass::Saccharides;acceptor_superclass::Triterpenoids;acceptor_superclass::Tryptophan alkaloids	0,0,0,0,0,0,0,0,0,0,0,0,0,0,0,0,0,1,0,0,0,0,0	0,1,1,0,1,0,0,0,1,1,0,0,0,0,1,0,0,1,0,0,1,1,0	-0.804666,0.465132,1.047138,-1.721498,0.965091,-1.646843,-2.495181,-0.856320,0.458652,0.100080,-0.212627,-0.841708,-1.451733,-3.147751,0.781026,-0.893360,-0.494759,1.015111,-1.535433,-1.014778,0.695434,0.087702,-1.792029
Ssin_ASAT2_ART34012.1	Ssin_ASAT2_ART34012.1	/content/drive/MyDrive/CS_5782_Final_Project/code_and_data/BAHD_lastLayer_embeddings/Ssin_ASAT2_ART34012.1_hidden_layer_steps10.pt		acceptor_superclass::Diterpenoids;acceptor_superclass::Fatty acyls;acceptor_superclass::Phenylethanoids (C6-C2);acceptor_superclass::Saccharides;acceptor_superclass::Triterpenoids	0,0,0,0,0,0,0,0,0,0,0,0,0,0,0,0,0,0,0,0,0,0,0	0,0,1,0,1,0,0,0,0,0,0,0,0,0,1,0,0,1,0,0,1,0,0	-0.328844,-0.183951,0.277807,-1.717310,0.181654,-1.290657,-2.039711,-0.727958,-0.112422,-0.185131,-0.631033,-0.364654,-0.827162,-2.448024,0.657889,-0.781715,-0.094499,0.408935,-1.032224,-0.618349,0.500944,-0.192148,-1.299708
Ssin_ASAT3_ART34013.1	Ssin_ASAT3_ART34013.1	/content/drive/MyDrive/CS_5782_Final_Project/code_and_data/BAHD_lastLayer_embeddings/Ssin_ASAT3_ART34013.1_hidden_layer_steps10.pt			0,0,0,0,0,0,0,0,0,0,0,0,0,0,0,0,0,0,0,0,0,0,0	0,0,0,0,0,0,0,0,0,0,0,0,0,0,0,0,0,0,0,0,0,0,0	-10.326398,-5.785660,-2.136380,-11.362500,-7.905427,-4.298333,-7.065975,-3.627721,-5.702382,-6.007459,-0.308542,-4.505829,-4.817508,-8.666836,-6.214800,-3.547235,-0.530078,-1.443769,-6.310097,-9.496014,-3.128839,-2.261014,-5.325275
Ssin_ASAT5_ART34014.1	Ssin_ASAT5_ART34014.1	/content/drive/MyDrive/CS_5782_Final_Project/code_and_data/BAHD_lastLayer_embeddings/Ssin_ASAT5_ART34014.1_hidden_layer_steps10.pt		acceptor_superclass::Diterpenoids;acceptor_superclass::Fatty acyls;acceptor_superclass::Lysine alkaloids;acceptor_superclass::Phenylethanoids (C6-C2);acceptor_superclass::Saccharides;acceptor_superclass::Triterpenoids	0,0,0,0,0,0,0,0,0,0,0,0,0,0,0,0,0,0,0,0,0,0,0	0,0,1,0,1,0,0,0,1,0,0,0,0,0,1,0,0,1,0,0,1,0,0	-0.872627,-0.249944,0.489684,-1.763263,0.217026,-1.782630,-2.372483,-1.253318,0.088604,-0.357840,-1.579201,-0.566886,-1.423581,-2.324325,0.869732,-1.033564,-0.411145,0.338172,-0.546169,-1.055369,1.093186,-0.247586,-1.958009
Sspl_5MAT1_AAL50566.1	Sspl_5MAT1_AAL50566.1	/content/drive/MyDrive/CS_5782_Final_Project/code_and_data/BAHD_lastLayer_embeddings/Sspl_5MAT1_AAL50566.1_hidden_layer_steps10.pt	acceptor_superclass::Flavonoids	acceptor_superclass::Flavonoids;acceptor_superclass::Isoflavonoids;acceptor_superclass::Naphthalenes;acceptor_superclass::Phenanthrenoids;acceptor_superclass::Steroids;acceptor_superclass::Triterpenoids;acceptor_superclass::Tyrosine alkaloids	0,0,0,0,0,1,0,0,0,0,0,0,0,0,0,0,0,0,0,0,0,0,0	0,0,0,0,0,1,1,0,0,0,1,0,1,0,0,0,0,0,0,1,1,0,1	-0.205297,-0.571406,-3.265624,-3.036923,-3.661482,2.908884,3.346327,-2.813349,-3.357580,-2.290679,0.476548,-1.317067,0.609338,-1.915643,-1.658163,-2.274746,-1.256165,-3.518753,-2.260942,2.456122,1.109771,-1.673575,0.358291
Sspl_5MAT2_AAR26385.1	Sspl_5MAT2_AAR26385.1	/content/drive/MyDrive/CS_5782_Final_Project/code_and_data/BAHD_lastLayer_embeddings/Sspl_5MAT2_AAR26385.1_hidden_layer_steps10.pt	acceptor_superclass::Flavonoids	acceptor_superclass::Diterpenoids;acceptor_superclass::Ornithine alkaloids;acceptor_superclass::Phenylethanoids (C6-C2);acceptor_superclass::Steroids;acceptor_superclass::Tryptophan alkaloids;acceptor_superclass::Tyrosine alkaloids	0,0,0,0,0,1,0,0,0,0,0,0,0,0,0,0,0,0,0,0,0,0,0	0,0,1,0,0,0,0,0,0,0,0,1,0,0,1,0,0,0,0,1,0,1,1	-0.196284,-0.525434,0.237977,-2.205674,-0.746775,-1.705311,-1.259563,-0.806968,-1.812455,-1.105540,-1.226768,0.700052,-0.071301,-2.268616,0.721581,-1.179456,-0.671342,-1.284162,-0.619379,0.154219,-0.031225,1.855480,0.781742
Stub_COSY_M0ZYT4	Stub_COSY_M0ZYT4	/content/drive/MyDrive/CS_5782_Final_Project/code_and_data/BAHD_lastLayer_embeddings/Stub_COSY_M0ZYT4_hidden_layer_steps10.pt		acceptor_superclass::Flavonoids;acceptor_superclass::Pseudoalkaloids;acceptor_superclass::Tyrosine alkaloids	0,0,0,0,0,0,0,0,0,0,0,0,0,0,0,0,0,0,0,0,0,0,0	0,0,0,0,0,1,0,0,0,0,0,0,0,0,0,0,1,0,0,0,0,0,1	-2.087221,-2.027396,-2.870441,-0.213581,-1.249379,0.175355,-2.596271,-1.979705,-2.164962,-0.956033,-2.540573,-0.011988,-2.535281,-2.580198,-0.471653,-0.157026,0.263639,-3.147404,-1.820966,-1.335181,-1.393041,-1.473805,0.252289
Stub_FHT_NP_001275190.1	Stub_FHT_NP_001275190.1	/content/drive/MyDrive/CS_5782_Final_Project/code_and_data/BAHD_lastLayer_embeddings/Stub_FHT_NP_001275190.1_hidden_layer_steps10.pt	acceptor_superclass::Fatty Acids and Conjugates;acceptor_superclass::Fatty acyls	acceptor_superclass::Fatty Acids and Conjugates;acceptor_superclass::Fatty acyls;acceptor_superclass::Phenolic acids (C6-C1);acceptor_superclass::Tyrosine alkaloids	0,0,0,1,1,0,0,0,0,0,0,0,0,0,0,0,0,0,0,0,0,0,0	0,0,0,1,1,0,0,0,0,0,0,0,0,1,0,0,0,0,0,0,0,0,1	-4.933406,-5.303213,-3.499447,3.263393,1.822395,-1.808851,-7.978837,-2.212703,-3.147160,-0.863864,-8.758166,-1.580398,-5.761569,0.443620,-0.803271,-0.486185,-1.586017,-3.688062,-0.417179,-5.001976,-1.272022,-4.632946,0.059429
Taes_ACT1-1_BCN87078.1	Taes_ACT1-1_BCN87078.1	/content/drive/MyDrive/CS_5782_Final_Project/code_and_data/BAHD_lastLayer_embeddings/Taes_ACT1-1_BCN87078.1_hidden_layer_steps10.pt	acceptor_superclass::Ornithine alkaloids;acceptor_superclass::Pseudoalkaloids	acceptor_superclass::Ornithine alkaloids;acceptor_superclass::Pseudoalkaloids	0,0,0,0,0,0,0,0,0,0,0,1,0,0,0,0,1,0,0,0,0,0,0	0,0,0,0,0,0,0,0,0,0,0,1,0,0,0,0,1,0,0,0,0,0,0	-6.964682,-9.431625,-12.761176,-5.142803,-8.246189,-4.951275,-8.372756,-5.692202,-8.779007,-4.313191,-10.290825,7.114440,-5.292064,-2.581380,-5.015962,-3.278136,6.033725,-11.330569,-5.613073,-4.662528,-3.977340,-3.404891,-2.212555
Taes_ACT1-2_BCN87079.1	Taes_ACT1-2_BCN87079.1	/content/drive/MyDrive/CS_5782_Final_Project/code_and_data/BAHD_lastLayer_embeddings/Taes_ACT1-2_BCN87079.1_hidden_layer_steps10.pt	acceptor_superclass::Ornithine alkaloids;acceptor_superclass::Pseudoalkaloids	acceptor_superclass::Coumarins;acceptor_superclass::Ornithine alkaloids;acceptor_superclass::Phenanthrenoids;acceptor_superclass::Phenolic acids (C6-C1);acceptor_superclass::Phenylethanoids (C6-C2);acceptor_superclass::Pseudoalkaloids;acceptor_superclass::Small peptides;acceptor_superclass::Tryptophan alkaloids;acceptor_superclass::Tyrosine alkaloids	0,0,0,0,0,0,0,0,0,0,0,1,0,0,0,0,1,0,0,0,0,0,0	1,0,0,0,0,0,0,0,0,0,0,1,1,1,1,0,1,0,1,0,0,1,1	0.090721,-2.560409,-3.187629,-0.586612,-1.352054,-1.579925,-1.848553,-0.334457,-2.325742,-1.541304,-3.955591,2.925985,0.183495,1.958522,0.680532,-0.937235,1.944924,-4.202218,2.173115,-0.746316,-2.981801,1.122701,1.297841
Taes_ACT2_AMY96376.1	Taes_ACT2_AMY96376.1	/content/drive/MyDrive/CS_5782_Final_Project/code_and_data/BAHD_lastLayer_embeddings/Taes_ACT2_AMY96376.1_hidden_layer_steps10.pt	acceptor_superclass::Ornithine alkaloids	acceptor_superclass::Ornithine alkaloids;acceptor_superclass::Pseudoalkaloids;acceptor_superclass::Tyrosine alkaloids	0,0,0,0,0,0,0,0,0,0,0,1,0,0,0,0,0,0,0,0,0,0,0	0,0,0,0,0,0,0,0,0,0,0,1,0,0,0,0,1,0,0,0,0,0,1	-3.540849,-5.034779,-6.810606,-2.890558,-4.130572,-0.616070,-3.752228,-1.839183,-3.264569,-1.811492,-7.555388,2.577402,-4.173265,-0.623838,-1.614794,-0.428738,2.301848,-6.333587,-1.734053,-2.282484,-1.720074,-1.257384,1.076637
Tant_HQT1_QCI44191.1	Tant_HQT1_QCI44191.1	/content/drive/MyDrive/CS_5782_Final_Project/code_and_data/BAHD_lastLayer_embeddings/Tant_HQT1_QCI44191.1_hidden_layer_steps10.pt	acceptor_superclass::Phenolic acids (C6-C1)	acceptor_superclass::Phenolic acids (C6-C1);acceptor_superclass::Phenylpropanoids (C6-C3);acceptor_superclass::Small peptides	0,0,0,0,0,0,0,0,0,0,0,0,0,1,0,0,0,0,0,0,0,0,0	0,0,0,0,0,0,0,0,0,0,0,0,0,1,0,1,0,0,1,0,0,0,0	-8.498216,-6.578326,-8.464120,-4.084956,-3.980213,-3.513473,-7.580264,-5.955534,-5.742065,-1.031038,-10.341117,-4.400449,-7.887975,4.486605,-3.432234,0.172837,-4.491179,-6.074437,0.702194,-6.670550,-0.075458,-9.606397,-0.417672
Tant_HQT2_QBQ52948.1	Tant_HQT2_QBQ52948.1	/content/drive/MyDrive/CS_5782_Final_Project/code_and_data/BAHD_lastLayer_embeddings/Tant_HQT2_QBQ52948.1_hidden_layer_steps10.pt	acceptor_superclass::Phenolic acids (C6-C1)	acceptor_superclass::Phenolic acids (C6-C1);acceptor_superclass::Small peptides;acceptor_superclass::Triterpenoids;acceptor_superclass::Tyrosine alkaloids	0,0,0,0,0,0,0,0,0,0,0,0,0,1,0,0,0,0,0,0,0,0,0	0,0,0,0,0,0,0,0,0,0,0,0,0,1,0,0,0,0,1,0,1,0,1	-4.159681,-4.748416,-5.063232,-1.115545,-1.829045,-0.212182,-4.839674,-2.440778,-4.070735,-1.588864,-8.009769,-1.734369,-4.118987,2.970138,-2.855130,-1.580626,-2.195974,-5.508276,0.299849,-3.482353,0.104376,-4.901689,0.059848
Tcan_TAX10_AAM75818.1	Tcan_TAX10_AAM75818.1	/content/drive/MyDrive/CS_5782_Final_Project/code_and_data/BAHD_lastLayer_embeddings/Tcan_TAX10_AAM75818.1_hidden_layer_steps10.pt	acceptor_superclass::Diterpenoids	acceptor_superclass::Diterpenoids;acceptor_superclass::Fatty acyls;acceptor_superclass::Monoterpenoids;acceptor_superclass::Saccharides;acceptor_superclass::Triterpenoids;acceptor_superclass::Tryptophan alkaloids	0,0,1,0,0,0,0,0,0,0,0,0,0,0,0,0,0,0,0,0,0,0,0	0,0,1,0,1,0,0,0,0,1,0,0,0,0,0,0,0,1,0,0,1,1,0	-4.173893,-1.635941,2.610477,-1.913763,1.155603,-1.455501,-7.188879,-4.778636,-2.264573,1.148693,-3.271298,-1.275591,-5.032907,-6.384462,-2.071702,-0.200450,-1.140614,0.278710,-3.503558,-4.021589,0.060458,0.520570,-1.832634
Tcus_BAPT_AAL92459.1	Tcus_BAPT_AAL92459.1	/content/drive/MyDrive/CS_5782_Final_Project/code_and_data/BAHD_lastLayer_embeddings/Tcus_BAPT_AAL92459.1_hidden_layer_steps10.pt	acceptor_superclass::Diterpenoids	acceptor_superclass::Diterpenoids;acceptor_superclass::Fatty acyls;acceptor_superclass::Monoterpenoids	0,0,1,0,0,0,0,0,0,0,0,0,0,0,0,0,0,0,0,0,0,0,0	0,0,1,0,1,0,0,0,0,1,0,0,0,0,0,0,0,0,0,0,0,0,0	-13.065209,-5.247965,7.029547,-4.562561,1.119650,-7.143435,-15.370749,-7.838318,-3.147153,2.105046,-13.018299,-1.273447,-7.431141,-11.158527,-2.737800,-0.970169,-2.017692,-0.556926,-6.841380,-10.135389,-1.436883,-2.674633,-5.350516
Tcus_DBAT_AAF27621.1	Tcus_DBAT_AAF27621.1	/content/drive/MyDrive/CS_5782_Final_Project/code_and_data/BAHD_lastLayer_embeddings/Tcus_DBAT_AAF27621.1_hidden_layer_steps10.pt	acceptor_superclass::Diterpenoids	acceptor_superclass::Diterpenoids;acceptor_superclass::Monoterpenoids	0,0,1,0,0,0,0,0,0,0,0,0,0,0,0,0,0,0,0,0,0,0,0	0,0,1,0,0,0,0,0,0,1,0,0,0,0,0,0,0,0,0,0,0,0,0	-9.819393,-5.565118,4.837326,-5.015662,-1.589425,-5.656620,-10.540968,-6.165399,-2.768594,1.074224,-8.126344,-0.881419,-6.623184,-9.691433,-2.678275,-0.426027,-1.065666,-2.966988,-6.413069,-7.416873,-1.624193,-2.500554,-4.303872
Tcus_TBT_AAG38049.1	Tcus_DBBT_AAG38049.1	/content/drive/MyDrive/CS_5782_Final_Project/code_and_data/BAHD_lastLayer_embeddings/Tcus_TBT_AAG38049.1_hidden_layer_steps10.pt	acceptor_superclass::Diterpenoids	acceptor_superclass::Diterpenoids;acceptor_superclass::Fatty acyls;acceptor_superclass::Monoterpenoids;acceptor_superclass::Phenylpropanoids (C6-C3);acceptor_superclass::Saccharides	0,0,1,0,0,0,0,0,0,0,0,0,0,0,0,0,0,0,0,0,0,0,0	0,0,1,0,1,0,0,0,0,1,0,0,0,0,0,1,0,1,0,0,0,0,0	-5.027624,-2.925718,2.931319,-1.012879,1.662940,-2.559495,-9.747915,-5.486331,-2.026299,1.351050,-4.429987,-1.113217,-6.326925,-7.068266,-1.964477,0.003774,-0.898663,0.288574,-3.749738,-5.394893,-0.673382,-0.055380,-2.058449
Tcus_DBNTBT_AAM75818.1	Tcus_DBNTBT_AAM75818.1	/content/drive/MyDrive/CS_5782_Final_Project/code_and_data/BAHD_lastLayer_embeddings/Tcus_DBNTBT_AAM75818.1_hidden_layer_steps10.pt	acceptor_superclass::Diterpenoids	acceptor_superclass::Diterpenoids;acceptor_superclass::Fatty acyls;acceptor_superclass::Monoterpenoids;acceptor_superclass::Saccharides;acceptor_superclass::Triterpenoids;acceptor_superclass::Tryptophan alkaloids	0,0,1,0,0,0,0,0,0,0,0,0,0,0,0,0,0,0,0,0,0,0,0	0,0,1,0,1,0,0,0,0,1,0,0,0,0,0,0,0,1,0,0,1,1,0	-4.173893,-1.635941,2.610477,-1.913763,1.155603,-1.455501,-7.188879,-4.778636,-2.264573,1.148693,-3.271298,-1.275591,-5.032907,-6.384462,-2.071702,-0.200450,-1.140614,0.278710,-3.503558,-4.021589,0.060458,0.520570,-1.832634
Tcus_TAT_AAF34254.1	Tcus_TAT_AAF34254.1	/content/drive/MyDrive/CS_5782_Final_Project/code_and_data/BAHD_lastLayer_embeddings/Tcus_TAT_AAF34254.1_hidden_layer_steps10.pt	acceptor_superclass::Diterpenoids	acceptor_superclass::Cyclic polyketides;acceptor_superclass::Diterpenoids;acceptor_superclass::Fatty acyls;acceptor_superclass::Lignans;acceptor_superclass::Monoterpenoids;acceptor_superclass::Phenylethanoids (C6-C2);acceptor_superclass::Saccharides;acceptor_superclass::Tryptophan alkaloids	0,0,1,0,0,0,0,0,0,0,0,0,0,0,0,0,0,0,0,0,0,0,0	0,1,1,0,1,0,0,1,0,1,0,0,0,0,1,0,0,1,0,0,0,1,0	-1.314733,0.556463,1.007662,-1.383570,1.129072,-1.516065,-2.286030,0.263455,-0.848819,0.086248,-1.211082,-1.157941,-1.116683,-3.022701,1.295201,-0.127784,-1.888934,0.816594,-0.623147,-1.233550,-0.490534,0.894412,-0.374134
Tcus_TAX19_AAU89980.1	Tcus_TAX19_AAU89980.1	/content/drive/MyDrive/CS_5782_Final_Project/code_and_data/BAHD_lastLayer_embeddings/Tcus_TAX19_AAU89980.1_hidden_layer_steps10.pt		acceptor_superclass::Diterpenoids;acceptor_superclass::Fatty acyls;acceptor_superclass::Lysine alkaloids;acceptor_superclass::Ornithine alkaloids;acceptor_superclass::Phenylethanoids (C6-C2);acceptor_superclass::Pseudoalkaloids;acceptor_superclass::Triterpenoids	0,0,0,0,0,0,0,0,0,0,0,0,0,0,0,0,0,0,0,0,0,0,0	0,0,1,0,1,0,0,0,1,0,0,1,0,0,1,0,1,0,0,0,1,0,0	-0.669680,-0.962282,0.980280,-1.104814,0.717889,-2.481135,-3.520485,-0.761302,0.231771,-0.112615,-2.857069,0.114130,-1.627681,-2.547900,1.211561,-0.433424,0.341993,-0.759758,-0.335072,-1.158137,0.122436,-0.209431,-1.856540
Tcus_TAT_AAF34254.1	Tcus_TAX1_AAF34254.1	/content/drive/MyDrive/CS_5782_Final_Project/code_and_data/BAHD_lastLayer_embeddings/Tcus_TAT_AAF34254.1_hidden_layer_steps10.pt		acceptor_superclass::Diterpenoids	0,0,0,0,0,0,0,0,0,0,0,0,0,0,0,0,0,0,0,0,0,0,0	0,0,1,0,0,0,0,0,0,0,0,0,0,0,0,0,0,0,0,0,0,0,0	-8.694698,-6.190624,5.158798,-5.248713,-3.979784,-3.194653,-10.062173,-2.360383,-4.793396,-3.216604,-3.630056,-4.679879,-3.123813,-11.799311,-4.515930,-1.291627,-2.689134,-4.616374,-9.419672,-8.546192,-2.646661,-5.731299,-7.417043
Tcus_TBT_AAG38049.1	Tcus_TBT_AAG38049.1	/content/drive/MyDrive/CS_5782_Final_Project/code_and_data/BAHD_lastLayer_embeddings/Tcus_TBT_AAG38049.1_hidden_layer_steps10.pt	acceptor_superclass::Diterpenoids	acceptor_superclass::Diterpenoids;acceptor_superclass::Fatty acyls;acceptor_superclass::Monoterpenoids	0,0,1,0,0,0,0,0,0,0,0,0,0,0,0,0,0,0,0,0,0,0,0	0,0,1,0,1,0,0,0,0,1,0,0,0,0,0,0,0,0,0,0,0,0,0	-9.478928,-5.405086,6.109304,-4.305326,0.269128,-4.951436,-11.530832,-6.107751,-2.141271,2.291666,-7.996667,-2.461284,-6.280336,-11.006271,-2.547919,-0.384461,-2.182064,-1.419360,-6.624448,-8.933591,-2.291102,-3.785577,-5.188965
Tmed_BAHD22_QDM39185.1	Tmed_BAHD22_QDM39185.1	/content/drive/MyDrive/CS_5782_Final_Project/code_and_data/BAHD_lastLayer_embeddings/Tmed_BAHD22_QDM39185.1_hidden_layer_steps10.pt	acceptor_superclass::Diterpenoids	acceptor_superclass::Diterpenoids;acceptor_superclass::Fatty acyls;acceptor_superclass::Lysine alkaloids;acceptor_superclass::Phenylethanoids (C6-C2);acceptor_superclass::Pseudoalkaloids;acceptor_superclass::Triterpenoids	0,0,1,0,0,0,0,0,0,0,0,0,0,0,0,0,0,0,0,0,0,0,0	0,0,1,0,1,0,0,0,1,0,0,0,0,0,1,0,1,0,0,0,1,0,0	-0.628519,-0.976433,0.705934,-1.163943,0.631133,-1.817232,-2.903546,-0.686700,0.734998,-0.130433,-2.684838,-0.311288,-1.583727,-2.481515,1.057528,-0.323649,0.176399,-0.274477,-0.436165,-1.156615,0.282138,-0.532853,-1.871248
Tmed_BAHD6-13_BEK82039.1	Tmed_BAHD6-13_BEK82039.1	/content/drive/MyDrive/CS_5782_Final_Project/code_and_data/BAHD_lastLayer_embeddings/Tmed_BAHD6-13_BEK82039.1_hidden_layer_steps10.pt	acceptor_superclass::Diterpenoids	acceptor_superclass::Diterpenoids;acceptor_superclass::Fatty acyls;acceptor_superclass::Lysine alkaloids;acceptor_superclass::Monoterpenoids;acceptor_superclass::Phenylethanoids (C6-C2);acceptor_superclass::Saccharides;acceptor_superclass::Triterpenoids	0,0,1,0,0,0,0,0,0,0,0,0,0,0,0,0,0,0,0,0,0,0,0	0,0,1,0,1,0,0,0,1,1,0,0,0,0,1,0,0,1,0,0,1,0,0	-0.919983,-0.133679,1.041939,-1.097331,1.511330,-1.770988,-3.260597,-0.156161,1.319087,0.452958,-1.799022,-0.837680,-1.880939,-2.964381,1.020608,-0.012365,-0.285680,0.461744,-1.245571,-1.526225,0.030476,-0.304640,-1.803021
Tmed_DBAT_QDM39186.1	Tmed_DBAT_QDM39186.1	/content/drive/MyDrive/CS_5782_Final_Project/code_and_data/BAHD_lastLayer_embeddings/Tmed_DBAT_QDM39186.1_hidden_layer_steps10.pt	acceptor_superclass::Diterpenoids	acceptor_superclass::Diterpenoids;acceptor_superclass::Monoterpenoids;acceptor_superclass::Ornithine alkaloids;acceptor_superclass::Triterpenoids;acceptor_superclass::Tryptophan alkaloids	0,0,1,0,0,0,0,0,0,0,0,0,0,0,0,0,0,0,0,0,0,0,0	0,0,1,0,0,0,0,0,0,1,0,1,0,0,0,0,0,0,0,0,1,1,0	-5.143651,-5.315848,2.462355,-3.499448,-1.402304,-4.093713,-10.876072,-7.047357,-2.123427,0.903757,-4.694633,0.627814,-6.554750,-7.884795,-2.434755,-1.317513,-0.176467,-2.528823,-4.634005,-5.711935,1.073160,0.866371,-1.539090
Tmed_TAT_QDM39184.1	Tmed_TAT_QDM39184.1	/content/drive/MyDrive/CS_5782_Final_Project/code_and_data/BAHD_lastLayer_embeddings/Tmed_TAT_QDM39184.1_hidden_layer_steps10.pt	acceptor_superclass::Diterpenoids	acceptor_superclass::Diterpenoids	0,0,1,0,0,0,0,0,0,0,0,0,0,0,0,0,0,0,0,0,0,0,0	0,0,1,0,0,0,0,0,0,0,0,0,0,0,0,0,0,0,0,0,0,0,0	-10.597889,-7.068388,4.534713,-5.354991,-2.855313,-5.783666,-13.960238,-2.854685,-4.005888,-2.261911,-7.054203,-1.921420,-5.256119,-10.776712,-4.434467,-1.620398,-0.942261,-7.163739,-8.725370,-10.652486,-1.822311,-5.913648,-7.245664
Tpra_HST_ACI16630.1	Tpra_HCT1A_ACI16630.1	/content/drive/MyDrive/CS_5782_Final_Project/code_and_data/BAHD_lastLayer_embeddings/Tpra_HST_ACI16630.1_hidden_layer_steps10.pt	acceptor_superclass::Phenolic acids (C6-C1)	acceptor_superclass::Phenolic acids (C6-C1);acceptor_superclass::Phenylpropanoids (C6-C3);acceptor_superclass::Small peptides;acceptor_superclass::Triterpenoids	0,0,0,0,0,0,0,0,0,0,0,0,0,1,0,0,0,0,0,0,0,0,0	0,0,0,0,0,0,0,0,0,0,0,0,0,1,0,1,0,0,1,0,1,0,0	-7.818400,-6.897381,-8.864230,-4.184571,-3.207785,-1.436628,-6.674633,-6.371834,-5.152349,-0.696247,-12.061052,-4.783523,-7.567447,5.963891,-3.489460,0.387790,-4.769084,-7.790852,1.031135,-6.006270,0.677545,-10.379917,-0.531826
Tpra_HMT_ACI16631.1	Tpra_HCT2_ACI16631.1	/content/drive/MyDrive/CS_5782_Final_Project/code_and_data/BAHD_lastLayer_embeddings/Tpra_HMT_ACI16631.1_hidden_layer_steps10.pt	acceptor_superclass::Fatty Acids and Conjugates	acceptor_superclass::Coumarins;acceptor_superclass::Fatty acyls;acceptor_superclass::Ornithine alkaloids;acceptor_superclass::Phenylethanoids (C6-C2);acceptor_superclass::Pseudoalkaloids;acceptor_superclass::Small peptides	0,0,0,1,0,0,0,0,0,0,0,0,0,0,0,0,0,0,0,0,0,0,0	1,0,0,0,1,0,0,0,0,0,0,1,0,0,1,0,1,0,1,0,0,0,0	0.092114,-1.629713,-0.862025,-0.363287,0.168776,-0.981349,-1.586040,-0.725612,-0.402765,-0.921255,-2.397087,0.217848,-0.278194,-1.028937,0.920851,-0.887631,0.338549,-0.810489,0.827106,-0.699720,-0.078519,-1.835695,-0.826169
Tpra_HDT1_AXB87812.1	Tpra_HDT1_AXB87812.1	/content/drive/MyDrive/CS_5782_Final_Project/code_and_data/BAHD_lastLayer_embeddings/Tpra_HDT1_AXB87812.1_hidden_layer_steps10.pt	acceptor_superclass::Small peptides;acceptor_superclass::Tyrosine alkaloids	acceptor_superclass::Fatty Acids and Conjugates	0,0,0,0,0,0,0,0,0,0,0,0,0,0,0,0,0,0,1,0,0,0,1	0,0,0,1,0,0,0,0,0,0,0,0,0,0,0,0,0,0,0,0,0,0,0	-7.549715,-8.704534,-5.611112,1.735794,-2.102609,-5.174992,-8.341867,-4.258106,-6.049427,-4.752767,-6.179775,-1.602656,-4.699785,-5.101158,-0.905520,-2.293933,-0.949640,-6.626080,-2.730976,-8.114350,-2.835211,-6.711139,-3.110726
Tpra_HDT1_AXB87812.1	Tpra_HDT_AXB87812.1	/content/drive/MyDrive/CS_5782_Final_Project/code_and_data/BAHD_lastLayer_embeddings/Tpra_HDT1_AXB87812.1_hidden_layer_steps10.pt	acceptor_superclass::Small peptides	acceptor_superclass::Fatty Acids and Conjugates	0,0,0,0,0,0,0,0,0,0,0,0,0,0,0,0,0,0,1,0,0,0,0	0,0,0,1,0,0,0,0,0,0,0,0,0,0,0,0,0,0,0,0,0,0,0	-7.549715,-8.704534,-5.611112,1.735794,-2.102609,-5.174992,-8.341867,-4.258106,-6.049427,-4.752767,-6.179775,-1.602656,-4.699785,-5.101158,-0.905520,-2.293933,-0.949640,-6.626080,-2.730976,-8.114350,-2.835211,-6.711139,-3.110726
Tpra_HMT_ACI16631.1	Tpra_HMT_ACI16631.1	/content/drive/MyDrive/CS_5782_Final_Project/code_and_data/BAHD_lastLayer_embeddings/Tpra_HMT_ACI16631.1_hidden_layer_steps10.pt	acceptor_superclass::Fatty Acids and Conjugates	acceptor_superclass::Coumarins;acceptor_superclass::Isoflavonoids;acceptor_superclass::Ornithine alkaloids;acceptor_superclass::Phenanthrenoids;acceptor_superclass::Phenolic acids (C6-C1);acceptor_superclass::Phenylethanoids (C6-C2);acceptor_superclass::Small peptides;acceptor_superclass::Tyrosine alkaloids	0,0,0,1,0,0,0,0,0,0,0,0,0,0,0,0,0,0,0,0,0,0,0	1,0,0,0,0,0,1,0,0,0,0,1,1,1,1,0,0,0,1,0,0,0,1	0.852799,-0.989020,-1.941781,-0.859277,-0.796237,-0.498611,0.180332,-0.704065,-2.429397,-1.563893,-1.222769,0.999712,0.775260,0.649871,0.845143,-1.263985,-0.417760,-2.268582,1.335268,-0.286893,-1.423944,-0.071342,0.728513
Tpra_HST_ACI16630.1	Tpra_HST_ACI16630.1	/content/drive/MyDrive/CS_5782_Final_Project/code_and_data/BAHD_lastLayer_embeddings/Tpra_HST_ACI16630.1_hidden_layer_steps10.pt	acceptor_superclass::Phenolic acids (C6-C1)	acceptor_superclass::Ornithine alkaloids;acceptor_superclass::Phenolic acids (C6-C1);acceptor_superclass::Phenylethanoids (C6-C2);acceptor_superclass::Small peptides;acceptor_superclass::Tyrosine alkaloids	0,0,0,0,0,0,0,0,0,0,0,0,0,1,0,0,0,0,0,0,0,0,0	0,0,0,0,0,0,0,0,0,0,0,1,0,1,1,0,0,0,1,0,0,0,1	-0.564457,-2.237291,-3.822242,-0.380760,-0.940597,-1.653852,-2.245267,-0.699223,-1.768850,-1.860104,-4.742099,1.208515,-0.262361,4.419730,1.069890,-0.802721,-0.048663,-3.966836,3.570053,-1.595599,-3.317235,-0.817701,1.175480
Twal_DBAT_AFD32413.1	Twal_DBAT_AFD32413.1	/content/drive/MyDrive/CS_5782_Final_Project/code_and_data/BAHD_lastLayer_embeddings/Twal_DBAT_AFD32413.1_hidden_layer_steps10.pt	acceptor_superclass::Diterpenoids	acceptor_superclass::Diterpenoids	0,0,1,0,0,0,0,0,0,0,0,0,0,0,0,0,0,0,0,0,0,0,0	0,0,1,0,0,0,0,0,0,0,0,0,0,0,0,0,0,0,0,0,0,0,0	-10.056052,-8.129073,3.763436,-6.332821,-6.173690,-5.197496,-14.003972,-4.797630,-5.577840,-2.930070,-9.102564,-0.538734,-6.179641,-9.220186,-6.216168,-3.573583,-0.027707,-6.855834,-8.295588,-9.628106,-2.238589,-6.051597,-7.534224
Vhyb_3MAT1_AAS77402.1	Vhyb_3MAT1_AAS77402.1	/content/drive/MyDrive/CS_5782_Final_Project/code_and_data/BAHD_lastLayer_embeddings/Vhyb_3MAT1_AAS77402.1_hidden_layer_steps10.pt	acceptor_superclass::Flavonoids;acceptor_superclass::Isoflavonoids;acceptor_superclass::Phenolic acids (C6-C1)	acceptor_superclass::Flavonoids;acceptor_superclass::Isoflavonoids;acceptor_superclass::Steroids	0,0,0,0,0,1,1,0,0,0,0,0,0,1,0,0,0,0,0,0,0,0,0	0,0,0,0,0,1,1,0,0,0,0,0,0,0,0,0,0,0,0,1,0,0,0	-0.415681,-7.008130,-8.826688,-5.993037,-9.637428,4.255397,2.550590,-6.648896,-11.801868,-6.498614,-1.850911,-2.851967,-0.832470,-4.904398,-5.502762,-3.887319,-1.435668,-6.670732,-4.929885,3.274293,-3.540173,-6.689706,-1.204947
Vlab_AMAT_AAW22989.1	Vlab_AMAT_AAW22989.1	/content/drive/MyDrive/CS_5782_Final_Project/code_and_data/BAHD_lastLayer_embeddings/Vlab_AMAT_AAW22989.1_hidden_layer_steps10.pt	acceptor_superclass::Fatty acyls	acceptor_superclass::Fatty acyls;acceptor_superclass::Lignans;acceptor_superclass::Lysine alkaloids;acceptor_superclass::Monoterpenoids;acceptor_superclass::Phenylethanoids (C6-C2);acceptor_superclass::Phenylpropanoids (C6-C3);acceptor_superclass::Saccharides;acceptor_superclass::Small peptides;acceptor_superclass::Tryptophan alkaloids	0,0,0,0,1,0,0,0,0,0,0,0,0,0,0,0,0,0,0,0,0,0,0	0,0,0,0,1,0,0,1,1,1,0,0,0,0,1,1,0,1,1,0,0,1,0	-2.600011,-0.130011,-1.188007,-0.431349,2.138903,-2.429149,-5.210135,1.129541,1.489468,0.758210,-4.733957,-1.391092,-2.475225,-0.220677,2.173527,1.217530,-1.796960,0.779890,1.533242,-2.777886,-2.948287,0.108506,-0.584956
Vvin_3AT_AKF15588.1	Vvin_3AT_AKF15588.1	/content/drive/MyDrive/CS_5782_Final_Project/code_and_data/BAHD_lastLayer_embeddings/Vvin_3AT_AKF15588.1_hidden_layer_steps10.pt	acceptor_superclass::Flavonoids	acceptor_superclass::Phenylpropanoids (C6-C3)	0,0,0,0,0,1,0,0,0,0,0,0,0,0,0,0,0,0,0,0,0,0,0	0,0,0,0,0,0,0,0,0,0,0,0,0,0,0,1,0,0,0,0,0,0,0	-8.421949,-2.902495,-2.107273,-7.576488,-3.095675,-3.868044,-5.744815,-3.794978,-4.023564,-1.033526,-6.828004,-0.981284,-3.608032,-5.042921,-1.199930,0.579051,-1.095056,-0.452600,-4.792896,-4.413492,-0.732471,-0.573969,-1.283005
Vvin_AAT2_CBI26419.3	Vvin_AAT2_CBI26419.3	/content/drive/MyDrive/CS_5782_Final_Project/code_and_data/BAHD_lastLayer_embeddings/Vvin_AAT2_CBI26419.3_hidden_layer_steps10.pt	acceptor_superclass::Fatty acyls;acceptor_superclass::Phenylethanoids (C6-C2)	acceptor_superclass::Fatty acyls;acceptor_superclass::Phenylpropanoids (C6-C3)	0,0,0,0,1,0,0,0,0,0,0,0,0,0,1,0,0,0,0,0,0,0,0	0,0,0,0,1,0,0,0,0,0,0,0,0,0,0,1,0,0,0,0,0,0,0	-11.474527,-6.987285,-7.104026,-2.235241,2.118220,-4.673945,-12.976422,-5.822977,-1.252530,-1.289251,-11.185284,-7.168590,-9.261525,-3.219067,-2.944938,1.086977,-3.466555,-5.275963,-3.934635,-10.151477,-5.937671,-6.555267,-4.831406
Vvin_SHT_QNO39112.1	Vvin_SHT_QNO39112.1	/content/drive/MyDrive/CS_5782_Final_Project/code_and_data/BAHD_lastLayer_embeddings/Vvin_SHT_QNO39112.1_hidden_layer_steps10.pt	acceptor_superclass::Ornithine alkaloids	acceptor_superclass::Ornithine alkaloids;acceptor_superclass::Phenolic acids (C6-C1);acceptor_superclass::Phenylethanoids (C6-C2);acceptor_superclass::Small peptides;acceptor_superclass::Tryptophan alkaloids;acceptor_superclass::Tyrosine alkaloids	0,0,0,0,0,0,0,0,0,0,0,1,0,0,0,0,0,0,0,0,0,0,0	0,0,0,0,0,0,0,0,0,0,0,1,0,1,1,0,0,0,1,0,0,1,1	-0.260400,-1.070317,-2.258597,-0.937285,-0.736430,-1.079528,-1.410765,-0.393099,-1.990970,-1.261417,-2.895430,1.313437,-0.230673,1.402298,0.874199,-0.812336,-0.168457,-2.793100,1.737932,-0.740614,-2.120426,0.140744,0.814486
Wlon_BAT1_NA	Wlon_BAT1_NA	/content/drive/MyDrive/CS_5782_Final_Project/code_and_data/BAHD_lastLayer_embeddings/Wlon_BAT1_NA_hidden_layer_steps10.pt	acceptor_superclass::Monoterpenoids	acceptor_superclass::Diterpenoids;acceptor_superclass::Fatty acyls;acceptor_superclass::Lysine alkaloids;acceptor_superclass::Monoterpenoids;acceptor_superclass::Phenylethanoids (C6-C2);acceptor_superclass::Pseudoalkaloids;acceptor_superclass::Triterpenoids	0,0,0,0,0,0,0,0,0,1,0,0,0,0,0,0,0,0,0,0,0,0,0	0,0,1,0,1,0,0,0,1,1,0,0,0,0,1,0,1,0,0,0,1,0,0	-0.313336,-0.580175,0.595247,-1.384961,0.586018,-1.516676,-2.516747,-0.764426,0.313830,0.248239,-1.778558,-0.043715,-1.104565,-2.732378,1.076186,-0.360854,0.271819,-0.193580,-0.750241,-0.907710,0.133804,-0.293134,-1.584050
Wlon_BAT2_NA	Wlon_BAT2_NA	/content/drive/MyDrive/CS_5782_Final_Project/code_and_data/BAHD_lastLayer_embeddings/Wlon_BAT2_NA_hidden_layer_steps10.pt	acceptor_superclass::Monoterpenoids	acceptor_superclass::Monoterpenoids;acceptor_superclass::Phenylpropanoids (C6-C3)	0,0,0,0,0,0,0,0,0,1,0,0,0,0,0,0,0,0,0,0,0,0,0	0,0,0,0,0,0,0,0,0,1,0,0,0,0,0,1,0,0,0,0,0,0,0	-9.178645,-5.754079,-0.707440,-6.539646,-4.200399,-4.618482,-11.994750,-4.379739,-4.705621,1.568293,-6.608565,-4.127817,-4.656820,-11.296679,-3.125147,0.198751,-2.212810,-4.143059,-9.248663,-9.471480,-4.342673,-3.066702,-6.795767
Wlon_BAT3_NA	Wlon_BAT3_NA	/content/drive/MyDrive/CS_5782_Final_Project/code_and_data/BAHD_lastLayer_embeddings/Wlon_BAT3_NA_hidden_layer_steps10.pt	acceptor_superclass::Monoterpenoids	acceptor_superclass::Diterpenoids;acceptor_superclass::Fatty acyls;acceptor_superclass::Lysine alkaloids;acceptor_superclass::Monoterpenoids;acceptor_superclass::Phenylethanoids (C6-C2);acceptor_superclass::Pseudoalkaloids	0,0,0,0,0,0,0,0,0,1,0,0,0,0,0,0,0,0,0,0,0,0,0	0,0,1,0,1,0,0,0,1,1,0,0,0,0,1,0,1,0,0,0,0,0,0	-0.282030,-0.511893,0.789872,-1.368084,0.893562,-1.726007,-2.943181,-0.654477,0.316289,0.429355,-1.979554,-0.014084,-1.039087,-2.753885,1.222566,-0.125687,0.254702,-0.208242,-0.793859,-1.178689,-0.113012,-0.301385,-1.617182
Wvil_BAT1_WvBAHD8	Wvil_BAT1_WvBAHD8	/content/drive/MyDrive/CS_5782_Final_Project/code_and_data/BAHD_lastLayer_embeddings/Wvil_BAT1_WvBAHD8_hidden_layer_steps10.pt	acceptor_superclass::Monoterpenoids	acceptor_superclass::Fatty acyls;acceptor_superclass::Lysine alkaloids;acceptor_superclass::Monoterpenoids;acceptor_superclass::Phenylethanoids (C6-C2);acceptor_superclass::Phenylpropanoids (C6-C3)	0,0,0,0,0,0,0,0,0,1,0,0,0,0,0,0,0,0,0,0,0,0,0	0,0,0,0,1,0,0,0,1,1,0,0,0,0,1,1,0,0,0,0,0,0,0	-9.218214,-6.201869,-3.393737,-2.906761,1.202136,-2.773635,-7.790979,-0.777357,0.909331,2.112791,-8.056117,-6.545188,-7.698672,-4.304855,0.435777,3.514548,-4.144901,-4.685666,-4.465617,-7.719999,-4.283561,-4.705939,-2.442807
Wvil_BAT2_WvBAHD14	Wvil_BAT2_WvBAHD14	/content/drive/MyDrive/CS_5782_Final_Project/code_and_data/BAHD_lastLayer_embeddings/Wvil_BAT2_WvBAHD14_hidden_layer_steps10.pt	acceptor_superclass::Monoterpenoids	acceptor_superclass::Monoterpenoids;acceptor_superclass::Phenylpropanoids (C6-C3)	0,0,0,0,0,0,0,0,0,1,0,0,0,0,0,0,0,0,0,0,0,0,0	0,0,0,0,0,0,0,0,0,1,0,0,0,0,0,1,0,0,0,0,0,0,0	-6.140851,-7.145861,-4.951494,-2.508052,-2.495484,-2.657815,-10.046567,-4.733793,-4.750477,0.449411,-4.094356,-5.083985,-4.104640,-9.890202,-1.124250,0.005928,-2.360471,-6.122066,-7.840302,-7.370570,-6.267326,-7.166822,-4.616313
Wvil_BAT3_WvBAHD39	Wvil_BAT3_WvBAHD39	/content/drive/MyDrive/CS_5782_Final_Project/code_and_data/BAHD_lastLayer_embeddings/Wvil_BAT3_WvBAHD39_hidden_layer_steps10.pt	acceptor_superclass::Monoterpenoids	acceptor_superclass::Cyclic polyketides;acceptor_superclass::Diterpenoids;acceptor_superclass::Fatty acyls;acceptor_superclass::Monoterpenoids;acceptor_superclass::Phenylethanoids (C6-C2);acceptor_superclass::Saccharides;acceptor_superclass::Tryptophan alkaloids	0,0,0,0,0,0,0,0,0,1,0,0,0,0,0,0,0,0,0,0,0,0,0	0,1,1,0,1,0,0,0,0,1,0,0,0,0,1,0,0,1,0,0,0,1,0	-0.940186,0.345527,0.697729,-1.840138,0.367109,-1.722404,-2.094087,-0.575668,-1.234783,0.147500,-1.334401,-0.432539,-0.739799,-2.955442,1.012366,-0.503224,-1.240110,0.347093,-0.813008,-0.919796,-0.444862,1.489506,-0.039294
Wvil_BAT4_WvBAHD40	Wvil_BAT4_WvBAHD40	/content/drive/MyDrive/CS_5782_Final_Project/code_and_data/BAHD_lastLayer_embeddings/Wvil_BAT4_WvBAHD40_hidden_layer_steps10.pt	acceptor_superclass::Monoterpenoids	acceptor_superclass::Diterpenoids;acceptor_superclass::Fatty acyls;acceptor_superclass::Monoterpenoids;acceptor_superclass::Phenylpropanoids (C6-C3);acceptor_superclass::Tryptophan alkaloids	0,0,0,0,0,0,0,0,0,1,0,0,0,0,0,0,0,0,0,0,0,0,0	0,0,1,0,1,0,0,0,0,1,0,0,0,0,0,1,0,0,0,0,0,1,0	-3.389435,-1.728024,1.226364,-1.687455,0.487492,-1.115146,-6.534654,-4.125424,-1.874476,1.190839,-2.684698,-1.019063,-4.338556,-6.128026,-1.459162,0.452776,-0.619899,-0.310718,-3.712405,-3.398225,-0.833654,0.105948,-1.348645
Wvil_BAT5_WvBAHD50	Wvil_BAT5_WvBAHD50	/content/drive/MyDrive/CS_5782_Final_Project/code_and_data/BAHD_lastLayer_embeddings/Wvil_BAT5_WvBAHD50_hidden_layer_steps10.pt	acceptor_superclass::Monoterpenoids	acceptor_superclass::Ornithine alkaloids;acceptor_superclass::Phenylpropanoids (C6-C3);acceptor_superclass::Pseudoalkaloids	0,0,0,0,0,0,0,0,0,1,0,0,0,0,0,0,0,0,0,0,0,0,0	0,0,0,0,0,0,0,0,0,0,0,1,0,0,0,1,1,0,0,0,0,0,0	-2.559655,-3.948518,-2.355191,-2.122316,-2.058536,-0.423424,-4.496253,-2.918617,-0.845666,-0.050093,-4.136514,0.204467,-3.376602,-3.976226,-0.861529,0.776111,0.576743,-4.239247,-3.474049,-1.959230,-1.421794,-0.838454,-0.015153
Wvil_BAT6_WvBAHD28	Wvil_BAT6_WvBAHD28	/content/drive/MyDrive/CS_5782_Final_Project/code_and_data/BAHD_lastLayer_embeddings/Wvil_BAT6_WvBAHD28_hidden_layer_steps10.pt	acceptor_superclass::Monoterpenoids	acceptor_superclass::Phenolic acids (C6-C1);acceptor_superclass::Phenylpropanoids (C6-C3)	0,0,0,0,0,0,0,0,0,1,0,0,0,0,0,0,0,0,0,0,0,0,0	0,0,0,0,0,0,0,0,0,0,0,0,0,1,0,1,0,0,0,0,0,0,0	-9.198241,-7.875873,-7.638980,-3.956473,-4.942447,-4.019619,-7.198487,-6.794634,-4.937164,-1.207756,-12.535557,-1.259948,-8.142208,1.907332,-3.989648,0.288671,-1.626197,-8.784184,-1.641248,-5.704219,-0.912762,-5.546759,-0.974594
Zmay_AAT1_ONM11762.1	Zmay_AAT1_ONM11762.1	/content/drive/MyDrive/CS_5782_Final_Project/code_and_data/BAHD_lastLayer_embeddings/Zmay_AAT1_ONM11762.1_hidden_layer_steps10.pt	acceptor_superclass::Flavonoids	acceptor_superclass::Flavonoids;acceptor_superclass::Isoflavonoids;acceptor_superclass::Phenolic acids (C6-C1);acceptor_superclass::Steroids	0,0,0,0,0,1,0,0,0,0,0,0,0,0,0,0,0,0,0,0,0,0,0	0,0,0,0,0,1,1,0,0,0,0,0,0,1,0,0,0,0,0,1,0,0,0	-2.271439,-3.765595,-11.814690,-8.605574,-6.273654,1.781846,4.406431,-5.454199,-6.340876,-2.554753,-5.015949,-1.738219,-2.356468,0.403945,-2.502411,-0.165530,-1.052317,-5.730911,-4.371769,0.873518,-1.162890,-3.302924,-0.543317
Zmay_CAT_ACF87722.1	Zmay_CAT_ACF87722.1	/content/drive/MyDrive/CS_5782_Final_Project/code_and_data/BAHD_lastLayer_embeddings/Zmay_CAT_ACF87722.1_hidden_layer_steps10.pt		acceptor_superclass::Lignans;acceptor_superclass::Lysine alkaloids;acceptor_superclass::Monoterpenoids;acceptor_superclass::Ornithine alkaloids;acceptor_superclass::Phenylethanoids (C6-C2);acceptor_superclass::Phenylpropanoids (C6-C3);acceptor_superclass::Pseudoalkaloids;acceptor_superclass::Small peptides;acceptor_superclass::Tryptophan alkaloids;acceptor_superclass::Tyrosine alkaloids	0,0,0,0,0,0,0,0,0,0,0,0,0,0,0,0,0,0,0,0,0,0,0	0,0,0,0,0,0,0,1,1,1,0,1,0,0,1,1,1,0,1,0,0,1,1	-0.867438,-1.037793,-2.020639,-0.928567,-0.343481,-1.561296,-2.422408,0.900662,0.023378,0.221062,-3.608868,0.940641,-0.780689,-0.727012,0.985565,0.607098,0.348333,-1.244616,0.667263,-0.922583,-2.235663,1.833627,0.621114
Zmay_FMT_AQK78565.1	Zmay_FMT_AQK78565.1	/content/drive/MyDrive/CS_5782_Final_Project/code_and_data/BAHD_lastLayer_embeddings/Zmay_FMT_AQK78565.1_hidden_layer_steps10.pt	acceptor_superclass::Phenylpropanoids (C6-C3)	acceptor_superclass::Coumarins;acceptor_superclass::Ornithine alkaloids;acceptor_superclass::Phenanthrenoids;acceptor_superclass::Phenylethanoids (C6-C2);acceptor_superclass::Pseudoalkaloids;acceptor_superclass::Small peptides;acceptor_superclass::Tryptophan alkaloids;acceptor_superclass::Tyrosine alkaloids	0,0,0,0,0,0,0,0,0,0,0,0,0,0,0,1,0,0,0,0,0,0,0	1,0,0,0,0,0,0,0,0,0,0,1,1,0,1,0,1,0,1,0,0,1,1	0.112734,-0.993185,-0.850116,-1.582860,-0.927073,-0.922852,-1.138729,-0.261172,-1.633139,-0.678026,-2.218282,1.547539,0.219539,-0.987691,0.666110,-0.582585,0.266671,-2.336892,0.196707,-0.113303,-1.352951,1.411017,0.624656
